onset	duration	sample	trial_type	value	experiment_id	Clip_name	ExperimentID	boundary1_time	boundary2_time	boundary3_time	fixcross_time	stimCategory	RT	accuracy	boundary_type	confidence	frameName	old_new	resp_value	source_response_time	stimuli_type	trial_num	leftright	resp_key	source_table	source_row_id	source_start_time	source_stop_time
0.000000	0.000000	0	ttl	61	70	n/a	n/a	n/a	n/a	n/a	n/a	n/a	n/a	n/a	n/a	n/a	n/a	n/a	n/a	n/a	n/a	n/a	n/a	n/a	n/a	n/a	0.000000	n/a
0.053171	0.000000	11	ttl	11	70	n/a	n/a	n/a	n/a	n/a	n/a	n/a	n/a	n/a	n/a	n/a	n/a	n/a	n/a	n/a	n/a	n/a	n/a	n/a	n/a	n/a	0.053171	n/a
1.059598	8.104574	212	encoding	n/a	n/a	SB_30.mp4	70.0	1.6112672499999998	2.89157625	4.646262999999999	0.053170999999999996	1	n/a	n/a	n/a	n/a	n/a	n/a	n/a	n/a	n/a	n/a	n/a	n/a	intervals/encoding_table	0	1.059598	9.164173
1.059598	0.000000	212	ttl	1	70	n/a	n/a	n/a	n/a	n/a	n/a	n/a	n/a	n/a	n/a	n/a	n/a	n/a	n/a	n/a	n/a	n/a	n/a	n/a	n/a	n/a	1.059598	n/a
9.164173	0.000000	1833	ttl	2	70	n/a	n/a	n/a	n/a	n/a	n/a	n/a	n/a	n/a	n/a	n/a	n/a	n/a	n/a	n/a	n/a	n/a	n/a	n/a	n/a	n/a	9.164173	n/a
9.180542	0.000000	1836	ttl	11	70	n/a	n/a	n/a	n/a	n/a	n/a	n/a	n/a	n/a	n/a	n/a	n/a	n/a	n/a	n/a	n/a	n/a	n/a	n/a	n/a	n/a	9.180542	n/a
10.229333	8.066316	2046	encoding	n/a	n/a	HB_20.mp4	70.0	14.2293335	n/a	n/a	9.1805425	2	n/a	n/a	n/a	n/a	n/a	n/a	n/a	n/a	n/a	n/a	n/a	n/a	intervals/encoding_table	1	10.229333	18.295649
10.229333	0.000000	2046	ttl	1	70	n/a	n/a	n/a	n/a	n/a	n/a	n/a	n/a	n/a	n/a	n/a	n/a	n/a	n/a	n/a	n/a	n/a	n/a	n/a	n/a	n/a	10.229333	n/a
18.295649	0.000000	3659	ttl	2	70	n/a	n/a	n/a	n/a	n/a	n/a	n/a	n/a	n/a	n/a	n/a	n/a	n/a	n/a	n/a	n/a	n/a	n/a	n/a	n/a	n/a	18.295649	n/a
18.314013	0.000000	3663	ttl	11	70	n/a	n/a	n/a	n/a	n/a	n/a	n/a	n/a	n/a	n/a	n/a	n/a	n/a	n/a	n/a	n/a	n/a	n/a	n/a	n/a	n/a	18.314013	n/a
19.381160	8.064234	3876	encoding	n/a	n/a	HB_16.mp4	70.0	23.38115975	n/a	n/a	18.314013	2	n/a	n/a	n/a	n/a	n/a	n/a	n/a	n/a	n/a	n/a	n/a	n/a	intervals/encoding_table	2	19.381160	27.445394
19.381160	0.000000	3876	ttl	1	70	n/a	n/a	n/a	n/a	n/a	n/a	n/a	n/a	n/a	n/a	n/a	n/a	n/a	n/a	n/a	n/a	n/a	n/a	n/a	n/a	n/a	19.381160	n/a
27.445394	0.000000	5489	ttl	2	70	n/a	n/a	n/a	n/a	n/a	n/a	n/a	n/a	n/a	n/a	n/a	n/a	n/a	n/a	n/a	n/a	n/a	n/a	n/a	n/a	n/a	27.445394	n/a
27.463887	0.000000	5493	ttl	11	70	n/a	n/a	n/a	n/a	n/a	n/a	n/a	n/a	n/a	n/a	n/a	n/a	n/a	n/a	n/a	n/a	n/a	n/a	n/a	n/a	n/a	27.463887	n/a
28.508020	8.366701	5702	encoding	n/a	n/a	NB_29.mp4	70.0	32.50802	n/a	n/a	27.46388725	0	n/a	n/a	n/a	n/a	n/a	n/a	n/a	n/a	n/a	n/a	n/a	n/a	intervals/encoding_table	3	28.508020	36.874721
28.508020	0.000000	5702	ttl	1	70	n/a	n/a	n/a	n/a	n/a	n/a	n/a	n/a	n/a	n/a	n/a	n/a	n/a	n/a	n/a	n/a	n/a	n/a	n/a	n/a	n/a	28.508020	n/a
36.874721	0.000000	7375	ttl	2	70	n/a	n/a	n/a	n/a	n/a	n/a	n/a	n/a	n/a	n/a	n/a	n/a	n/a	n/a	n/a	n/a	n/a	n/a	n/a	n/a	n/a	36.874721	n/a
36.893122	0.000000	7379	ttl	11	70	n/a	n/a	n/a	n/a	n/a	n/a	n/a	n/a	n/a	n/a	n/a	n/a	n/a	n/a	n/a	n/a	n/a	n/a	n/a	n/a	n/a	36.893122	n/a
37.970647	8.232906	7594	encoding	n/a	n/a	SB_19.mp4	70.0	40.55506175	42.8660175	n/a	36.8931225	1	n/a	n/a	n/a	n/a	n/a	n/a	n/a	n/a	n/a	n/a	n/a	n/a	intervals/encoding_table	4	37.970647	46.203553
37.970647	0.000000	7594	ttl	1	70	n/a	n/a	n/a	n/a	n/a	n/a	n/a	n/a	n/a	n/a	n/a	n/a	n/a	n/a	n/a	n/a	n/a	n/a	n/a	n/a	n/a	37.970647	n/a
46.203553	0.000000	9241	ttl	2	70	n/a	n/a	n/a	n/a	n/a	n/a	n/a	n/a	n/a	n/a	n/a	n/a	n/a	n/a	n/a	n/a	n/a	n/a	n/a	n/a	n/a	46.203553	n/a
80.570875	0.000000	16114	ttl	11	70	n/a	n/a	n/a	n/a	n/a	n/a	n/a	n/a	n/a	n/a	n/a	n/a	n/a	n/a	n/a	n/a	n/a	n/a	n/a	n/a	n/a	80.570875	n/a
81.503446	8.099931	16301	encoding	n/a	n/a	NB_17.mp4	70.0	85.50344625	n/a	n/a	80.5708755	0	n/a	n/a	n/a	n/a	n/a	n/a	n/a	n/a	n/a	n/a	n/a	n/a	intervals/encoding_table	5	81.503446	89.603377
81.503446	0.000000	16301	ttl	1	70	n/a	n/a	n/a	n/a	n/a	n/a	n/a	n/a	n/a	n/a	n/a	n/a	n/a	n/a	n/a	n/a	n/a	n/a	n/a	n/a	n/a	81.503446	n/a
89.603377	0.000000	17921	ttl	2	70	n/a	n/a	n/a	n/a	n/a	n/a	n/a	n/a	n/a	n/a	n/a	n/a	n/a	n/a	n/a	n/a	n/a	n/a	n/a	n/a	n/a	89.603377	n/a
89.621893	0.000000	17924	ttl	11	70	n/a	n/a	n/a	n/a	n/a	n/a	n/a	n/a	n/a	n/a	n/a	n/a	n/a	n/a	n/a	n/a	n/a	n/a	n/a	n/a	n/a	89.621893	n/a
90.562141	8.165859	18112	encoding	n/a	n/a	SB_2.mp4	70.0	96.0911005	n/a	n/a	89.62189275	1	n/a	n/a	n/a	n/a	n/a	n/a	n/a	n/a	n/a	n/a	n/a	n/a	intervals/encoding_table	6	90.562141	98.728000
90.562141	0.000000	18112	ttl	1	70	n/a	n/a	n/a	n/a	n/a	n/a	n/a	n/a	n/a	n/a	n/a	n/a	n/a	n/a	n/a	n/a	n/a	n/a	n/a	n/a	n/a	90.562141	n/a
98.728000	0.000000	19746	ttl	2	70	n/a	n/a	n/a	n/a	n/a	n/a	n/a	n/a	n/a	n/a	n/a	n/a	n/a	n/a	n/a	n/a	n/a	n/a	n/a	n/a	n/a	98.728000	n/a
98.746829	0.000000	19749	ttl	11	70	n/a	n/a	n/a	n/a	n/a	n/a	n/a	n/a	n/a	n/a	n/a	n/a	n/a	n/a	n/a	n/a	n/a	n/a	n/a	n/a	n/a	98.746829	n/a
99.823222	8.433394	19965	encoding	n/a	n/a	SB_25.mp4	70.0	102.180692	103.3749555	n/a	98.74682949999999	1	n/a	n/a	n/a	n/a	n/a	n/a	n/a	n/a	n/a	n/a	n/a	n/a	intervals/encoding_table	7	99.823222	108.256615
99.823222	0.000000	19965	ttl	1	70	n/a	n/a	n/a	n/a	n/a	n/a	n/a	n/a	n/a	n/a	n/a	n/a	n/a	n/a	n/a	n/a	n/a	n/a	n/a	n/a	n/a	99.823222	n/a
108.256615	0.000000	21651	ttl	2	70	n/a	n/a	n/a	n/a	n/a	n/a	n/a	n/a	n/a	n/a	n/a	n/a	n/a	n/a	n/a	n/a	n/a	n/a	n/a	n/a	n/a	108.256615	n/a
108.275658	0.000000	21655	ttl	11	70	n/a	n/a	n/a	n/a	n/a	n/a	n/a	n/a	n/a	n/a	n/a	n/a	n/a	n/a	n/a	n/a	n/a	n/a	n/a	n/a	n/a	108.275658	n/a
109.268050	7.895964	21854	encoding	n/a	n/a	HB_30.mp4	70.0	113.26804974999999	n/a	n/a	108.27565799999999	2	n/a	n/a	n/a	n/a	n/a	n/a	n/a	n/a	n/a	n/a	n/a	n/a	intervals/encoding_table	8	109.268050	117.164014
109.268050	0.000000	21854	ttl	1	70	n/a	n/a	n/a	n/a	n/a	n/a	n/a	n/a	n/a	n/a	n/a	n/a	n/a	n/a	n/a	n/a	n/a	n/a	n/a	n/a	n/a	109.268050	n/a
117.164014	0.000000	23433	ttl	2	70	n/a	n/a	n/a	n/a	n/a	n/a	n/a	n/a	n/a	n/a	n/a	n/a	n/a	n/a	n/a	n/a	n/a	n/a	n/a	n/a	n/a	117.164014	n/a
117.182948	0.000000	23437	ttl	11	70	n/a	n/a	n/a	n/a	n/a	n/a	n/a	n/a	n/a	n/a	n/a	n/a	n/a	n/a	n/a	n/a	n/a	n/a	n/a	n/a	n/a	117.182948	n/a
118.120358	7.530918	23624	encoding	n/a	n/a	NB_15.mp4	70.0	122.12035825	n/a	n/a	117.18294825	0	n/a	n/a	n/a	n/a	n/a	n/a	n/a	n/a	n/a	n/a	n/a	n/a	intervals/encoding_table	9	118.120358	125.651277
118.120358	0.000000	23624	ttl	1	70	n/a	n/a	n/a	n/a	n/a	n/a	n/a	n/a	n/a	n/a	n/a	n/a	n/a	n/a	n/a	n/a	n/a	n/a	n/a	n/a	n/a	118.120358	n/a
125.651277	0.000000	25130	ttl	2	70	n/a	n/a	n/a	n/a	n/a	n/a	n/a	n/a	n/a	n/a	n/a	n/a	n/a	n/a	n/a	n/a	n/a	n/a	n/a	n/a	n/a	125.651277	n/a
125.670298	0.000000	25134	ttl	11	70	n/a	n/a	n/a	n/a	n/a	n/a	n/a	n/a	n/a	n/a	n/a	n/a	n/a	n/a	n/a	n/a	n/a	n/a	n/a	n/a	n/a	125.670298	n/a
126.715274	8.198643	25343	encoding	n/a	n/a	NB_13.mp4	70.0	130.7152745	n/a	n/a	125.67029799999999	0	n/a	n/a	n/a	n/a	n/a	n/a	n/a	n/a	n/a	n/a	n/a	n/a	intervals/encoding_table	10	126.715274	134.913917
126.715274	0.000000	25343	ttl	1	70	n/a	n/a	n/a	n/a	n/a	n/a	n/a	n/a	n/a	n/a	n/a	n/a	n/a	n/a	n/a	n/a	n/a	n/a	n/a	n/a	n/a	126.715274	n/a
134.913917	0.000000	26983	ttl	2	70	n/a	n/a	n/a	n/a	n/a	n/a	n/a	n/a	n/a	n/a	n/a	n/a	n/a	n/a	n/a	n/a	n/a	n/a	n/a	n/a	n/a	134.913917	n/a
134.933169	0.000000	26987	ttl	11	70	n/a	n/a	n/a	n/a	n/a	n/a	n/a	n/a	n/a	n/a	n/a	n/a	n/a	n/a	n/a	n/a	n/a	n/a	n/a	n/a	n/a	134.933169	n/a
136.009879	8.099816	27202	encoding	n/a	n/a	NB_5.mp4	70.0	140.00987924999998	n/a	n/a	134.93316875	0	n/a	n/a	n/a	n/a	n/a	n/a	n/a	n/a	n/a	n/a	n/a	n/a	intervals/encoding_table	11	136.009879	144.109695
136.009879	0.000000	27202	ttl	1	70	n/a	n/a	n/a	n/a	n/a	n/a	n/a	n/a	n/a	n/a	n/a	n/a	n/a	n/a	n/a	n/a	n/a	n/a	n/a	n/a	n/a	136.009879	n/a
144.109695	0.000000	28822	ttl	2	70	n/a	n/a	n/a	n/a	n/a	n/a	n/a	n/a	n/a	n/a	n/a	n/a	n/a	n/a	n/a	n/a	n/a	n/a	n/a	n/a	n/a	144.109695	n/a
159.580773	0.000000	31916	ttl	11	70	n/a	n/a	n/a	n/a	n/a	n/a	n/a	n/a	n/a	n/a	n/a	n/a	n/a	n/a	n/a	n/a	n/a	n/a	n/a	n/a	n/a	159.580773	n/a
160.640375	8.464248	32128	encoding	n/a	n/a	SB_26.mp4	70.0	162.375562	164.03367849999998	165.523443	159.580773	1	n/a	n/a	n/a	n/a	n/a	n/a	n/a	n/a	n/a	n/a	n/a	n/a	intervals/encoding_table	12	160.640375	169.104624
160.640375	0.000000	32128	ttl	1	70	n/a	n/a	n/a	n/a	n/a	n/a	n/a	n/a	n/a	n/a	n/a	n/a	n/a	n/a	n/a	n/a	n/a	n/a	n/a	n/a	n/a	160.640375	n/a
169.104624	0.000000	33821	ttl	2	70	n/a	n/a	n/a	n/a	n/a	n/a	n/a	n/a	n/a	n/a	n/a	n/a	n/a	n/a	n/a	n/a	n/a	n/a	n/a	n/a	n/a	169.104624	n/a
169.123548	0.000000	33825	ttl	11	70	n/a	n/a	n/a	n/a	n/a	n/a	n/a	n/a	n/a	n/a	n/a	n/a	n/a	n/a	n/a	n/a	n/a	n/a	n/a	n/a	n/a	169.123548	n/a
170.192142	7.997698	34038	encoding	n/a	n/a	NB_30.mp4	70.0	174.19214225	n/a	n/a	169.12354775	0	n/a	n/a	n/a	n/a	n/a	n/a	n/a	n/a	n/a	n/a	n/a	n/a	intervals/encoding_table	13	170.192142	178.189840
170.192142	0.000000	34038	ttl	1	70	n/a	n/a	n/a	n/a	n/a	n/a	n/a	n/a	n/a	n/a	n/a	n/a	n/a	n/a	n/a	n/a	n/a	n/a	n/a	n/a	n/a	170.192142	n/a
178.189840	0.000000	35638	ttl	2	70	n/a	n/a	n/a	n/a	n/a	n/a	n/a	n/a	n/a	n/a	n/a	n/a	n/a	n/a	n/a	n/a	n/a	n/a	n/a	n/a	n/a	178.189840	n/a
178.208772	0.000000	35642	ttl	11	70	n/a	n/a	n/a	n/a	n/a	n/a	n/a	n/a	n/a	n/a	n/a	n/a	n/a	n/a	n/a	n/a	n/a	n/a	n/a	n/a	n/a	178.208772	n/a
179.216381	8.064875	35843	encoding	n/a	n/a	SB_21.mp4	70.0	181.52786275	183.93995475	n/a	178.20877199999998	1	n/a	n/a	n/a	n/a	n/a	n/a	n/a	n/a	n/a	n/a	n/a	n/a	intervals/encoding_table	14	179.216381	187.281256
179.216381	0.000000	35843	ttl	1	70	n/a	n/a	n/a	n/a	n/a	n/a	n/a	n/a	n/a	n/a	n/a	n/a	n/a	n/a	n/a	n/a	n/a	n/a	n/a	n/a	n/a	179.216381	n/a
187.281256	0.000000	37456	ttl	2	70	n/a	n/a	n/a	n/a	n/a	n/a	n/a	n/a	n/a	n/a	n/a	n/a	n/a	n/a	n/a	n/a	n/a	n/a	n/a	n/a	n/a	187.281256	n/a
187.300174	0.000000	37460	ttl	11	70	n/a	n/a	n/a	n/a	n/a	n/a	n/a	n/a	n/a	n/a	n/a	n/a	n/a	n/a	n/a	n/a	n/a	n/a	n/a	n/a	n/a	187.300174	n/a
188.242091	7.983272	37648	encoding	n/a	n/a	NB_11.mp4	70.0	192.2420915	n/a	n/a	187.30017375	0	n/a	n/a	n/a	n/a	n/a	n/a	n/a	n/a	n/a	n/a	n/a	n/a	intervals/encoding_table	15	188.242091	196.225364
188.242091	0.000000	37648	ttl	1	70	n/a	n/a	n/a	n/a	n/a	n/a	n/a	n/a	n/a	n/a	n/a	n/a	n/a	n/a	n/a	n/a	n/a	n/a	n/a	n/a	n/a	188.242091	n/a
196.225364	0.000000	39245	ttl	2	70	n/a	n/a	n/a	n/a	n/a	n/a	n/a	n/a	n/a	n/a	n/a	n/a	n/a	n/a	n/a	n/a	n/a	n/a	n/a	n/a	n/a	196.225364	n/a
196.243806	0.000000	39249	ttl	11	70	n/a	n/a	n/a	n/a	n/a	n/a	n/a	n/a	n/a	n/a	n/a	n/a	n/a	n/a	n/a	n/a	n/a	n/a	n/a	n/a	n/a	196.243806	n/a
197.249895	7.929911	39450	encoding	n/a	n/a	NB_3.mp4	70.0	201.24989499999998	n/a	n/a	196.24380599999998	0	n/a	n/a	n/a	n/a	n/a	n/a	n/a	n/a	n/a	n/a	n/a	n/a	intervals/encoding_table	16	197.249895	205.179805
197.249895	0.000000	39450	ttl	1	70	n/a	n/a	n/a	n/a	n/a	n/a	n/a	n/a	n/a	n/a	n/a	n/a	n/a	n/a	n/a	n/a	n/a	n/a	n/a	n/a	n/a	197.249895	n/a
205.179805	0.000000	41036	ttl	2	70	n/a	n/a	n/a	n/a	n/a	n/a	n/a	n/a	n/a	n/a	n/a	n/a	n/a	n/a	n/a	n/a	n/a	n/a	n/a	n/a	n/a	205.179805	n/a
219.767814	0.000000	43954	ttl	11	70	n/a	n/a	n/a	n/a	n/a	n/a	n/a	n/a	n/a	n/a	n/a	n/a	n/a	n/a	n/a	n/a	n/a	n/a	n/a	n/a	n/a	219.767814	n/a
220.836474	8.664400	44167	encoding	n/a	n/a	SB_20.mp4	70.0	223.75545925	225.09783274999998	n/a	219.767814	1	n/a	n/a	n/a	n/a	n/a	n/a	n/a	n/a	n/a	n/a	n/a	n/a	intervals/encoding_table	17	220.836474	229.500874
220.836474	0.000000	44167	ttl	1	70	n/a	n/a	n/a	n/a	n/a	n/a	n/a	n/a	n/a	n/a	n/a	n/a	n/a	n/a	n/a	n/a	n/a	n/a	n/a	n/a	n/a	220.836474	n/a
229.500874	0.000000	45900	ttl	2	70	n/a	n/a	n/a	n/a	n/a	n/a	n/a	n/a	n/a	n/a	n/a	n/a	n/a	n/a	n/a	n/a	n/a	n/a	n/a	n/a	n/a	229.500874	n/a
229.520094	0.000000	45904	ttl	11	70	n/a	n/a	n/a	n/a	n/a	n/a	n/a	n/a	n/a	n/a	n/a	n/a	n/a	n/a	n/a	n/a	n/a	n/a	n/a	n/a	n/a	229.520094	n/a
230.463162	7.998744	46093	encoding	n/a	n/a	NB_9.mp4	70.0	234.46316249999998	n/a	n/a	229.5200945	0	n/a	n/a	n/a	n/a	n/a	n/a	n/a	n/a	n/a	n/a	n/a	n/a	intervals/encoding_table	18	230.463162	238.461906
230.463162	0.000000	46093	ttl	1	70	n/a	n/a	n/a	n/a	n/a	n/a	n/a	n/a	n/a	n/a	n/a	n/a	n/a	n/a	n/a	n/a	n/a	n/a	n/a	n/a	n/a	230.463162	n/a
238.461906	0.000000	47692	ttl	2	70	n/a	n/a	n/a	n/a	n/a	n/a	n/a	n/a	n/a	n/a	n/a	n/a	n/a	n/a	n/a	n/a	n/a	n/a	n/a	n/a	n/a	238.461906	n/a
238.480501	0.000000	47696	ttl	11	70	n/a	n/a	n/a	n/a	n/a	n/a	n/a	n/a	n/a	n/a	n/a	n/a	n/a	n/a	n/a	n/a	n/a	n/a	n/a	n/a	n/a	238.480501	n/a
239.523846	8.333005	47905	encoding	n/a	n/a	SB_11.mp4	70.0	241.31191174999998	n/a	n/a	238.48050125	1	n/a	n/a	n/a	n/a	n/a	n/a	n/a	n/a	n/a	n/a	n/a	n/a	intervals/encoding_table	19	239.523846	247.856851
239.523846	0.000000	47905	ttl	1	70	n/a	n/a	n/a	n/a	n/a	n/a	n/a	n/a	n/a	n/a	n/a	n/a	n/a	n/a	n/a	n/a	n/a	n/a	n/a	n/a	n/a	239.523846	n/a
247.856851	0.000000	49571	ttl	2	70	n/a	n/a	n/a	n/a	n/a	n/a	n/a	n/a	n/a	n/a	n/a	n/a	n/a	n/a	n/a	n/a	n/a	n/a	n/a	n/a	n/a	247.856851	n/a
247.875736	0.000000	49575	ttl	11	70	n/a	n/a	n/a	n/a	n/a	n/a	n/a	n/a	n/a	n/a	n/a	n/a	n/a	n/a	n/a	n/a	n/a	n/a	n/a	n/a	n/a	247.875736	n/a
248.948270	7.832155	49790	encoding	n/a	n/a	HB_29.mp4	70.0	252.94826999999998	n/a	n/a	247.87573625	2	n/a	n/a	n/a	n/a	n/a	n/a	n/a	n/a	n/a	n/a	n/a	n/a	intervals/encoding_table	20	248.948270	256.780425
248.948270	0.000000	49790	ttl	1	70	n/a	n/a	n/a	n/a	n/a	n/a	n/a	n/a	n/a	n/a	n/a	n/a	n/a	n/a	n/a	n/a	n/a	n/a	n/a	n/a	n/a	248.948270	n/a
256.780425	0.000000	51356	ttl	2	70	n/a	n/a	n/a	n/a	n/a	n/a	n/a	n/a	n/a	n/a	n/a	n/a	n/a	n/a	n/a	n/a	n/a	n/a	n/a	n/a	n/a	256.780425	n/a
256.799354	0.000000	51360	ttl	11	70	n/a	n/a	n/a	n/a	n/a	n/a	n/a	n/a	n/a	n/a	n/a	n/a	n/a	n/a	n/a	n/a	n/a	n/a	n/a	n/a	n/a	256.799354	n/a
257.793607	8.026347	51559	encoding	n/a	n/a	HB_4.mp4	70.0	261.79360675	263.8749125	n/a	256.799354	2	n/a	n/a	n/a	n/a	n/a	n/a	n/a	n/a	n/a	n/a	n/a	n/a	intervals/encoding_table	21	257.793607	265.819954
257.793607	0.000000	51559	ttl	1	70	n/a	n/a	n/a	n/a	n/a	n/a	n/a	n/a	n/a	n/a	n/a	n/a	n/a	n/a	n/a	n/a	n/a	n/a	n/a	n/a	n/a	257.793607	n/a
265.819954	0.000000	53164	ttl	2	70	n/a	n/a	n/a	n/a	n/a	n/a	n/a	n/a	n/a	n/a	n/a	n/a	n/a	n/a	n/a	n/a	n/a	n/a	n/a	n/a	n/a	265.819954	n/a
265.838889	0.000000	53168	ttl	11	70	n/a	n/a	n/a	n/a	n/a	n/a	n/a	n/a	n/a	n/a	n/a	n/a	n/a	n/a	n/a	n/a	n/a	n/a	n/a	n/a	n/a	265.838889	n/a
266.830990	7.998689	53366	encoding	n/a	n/a	SB_24.mp4	70.0	269.69897625	270.791319	n/a	265.838889	1	n/a	n/a	n/a	n/a	n/a	n/a	n/a	n/a	n/a	n/a	n/a	n/a	intervals/encoding_table	22	266.830990	274.829679
266.830990	0.000000	53366	ttl	1	70	n/a	n/a	n/a	n/a	n/a	n/a	n/a	n/a	n/a	n/a	n/a	n/a	n/a	n/a	n/a	n/a	n/a	n/a	n/a	n/a	n/a	266.830990	n/a
274.829679	0.000000	54966	ttl	2	70	n/a	n/a	n/a	n/a	n/a	n/a	n/a	n/a	n/a	n/a	n/a	n/a	n/a	n/a	n/a	n/a	n/a	n/a	n/a	n/a	n/a	274.829679	n/a
283.297683	0.000000	56660	ttl	11	70	n/a	n/a	n/a	n/a	n/a	n/a	n/a	n/a	n/a	n/a	n/a	n/a	n/a	n/a	n/a	n/a	n/a	n/a	n/a	n/a	n/a	283.297683	n/a
284.386188	7.932586	56877	encoding	n/a	n/a	SB_9.mp4	70.0	290.1737225	n/a	n/a	283.2976825	1	n/a	n/a	n/a	n/a	n/a	n/a	n/a	n/a	n/a	n/a	n/a	n/a	intervals/encoding_table	23	284.386188	292.318774
284.386188	0.000000	56877	ttl	1	70	n/a	n/a	n/a	n/a	n/a	n/a	n/a	n/a	n/a	n/a	n/a	n/a	n/a	n/a	n/a	n/a	n/a	n/a	n/a	n/a	n/a	284.386188	n/a
292.318774	0.000000	58464	ttl	2	70	n/a	n/a	n/a	n/a	n/a	n/a	n/a	n/a	n/a	n/a	n/a	n/a	n/a	n/a	n/a	n/a	n/a	n/a	n/a	n/a	n/a	292.318774	n/a
292.337557	0.000000	58468	ttl	11	70	n/a	n/a	n/a	n/a	n/a	n/a	n/a	n/a	n/a	n/a	n/a	n/a	n/a	n/a	n/a	n/a	n/a	n/a	n/a	n/a	n/a	292.337557	n/a
293.363225	8.397275	58673	encoding	n/a	n/a	HB_3.mp4	70.0	297.3632255	295.67342149999996	n/a	292.337557	2	n/a	n/a	n/a	n/a	n/a	n/a	n/a	n/a	n/a	n/a	n/a	n/a	intervals/encoding_table	24	293.363225	301.760500
293.363225	0.000000	58673	ttl	1	70	n/a	n/a	n/a	n/a	n/a	n/a	n/a	n/a	n/a	n/a	n/a	n/a	n/a	n/a	n/a	n/a	n/a	n/a	n/a	n/a	n/a	293.363225	n/a
301.760500	0.000000	60352	ttl	2	70	n/a	n/a	n/a	n/a	n/a	n/a	n/a	n/a	n/a	n/a	n/a	n/a	n/a	n/a	n/a	n/a	n/a	n/a	n/a	n/a	n/a	301.760500	n/a
301.779725	0.000000	60356	ttl	11	70	n/a	n/a	n/a	n/a	n/a	n/a	n/a	n/a	n/a	n/a	n/a	n/a	n/a	n/a	n/a	n/a	n/a	n/a	n/a	n/a	n/a	301.779725	n/a
302.841003	8.030431	60568	encoding	n/a	n/a	HB_17.mp4	70.0	306.8410025	n/a	n/a	301.77972525	2	n/a	n/a	n/a	n/a	n/a	n/a	n/a	n/a	n/a	n/a	n/a	n/a	intervals/encoding_table	25	302.841003	310.871434
302.841003	0.000000	60568	ttl	1	70	n/a	n/a	n/a	n/a	n/a	n/a	n/a	n/a	n/a	n/a	n/a	n/a	n/a	n/a	n/a	n/a	n/a	n/a	n/a	n/a	n/a	302.841003	n/a
310.871434	0.000000	62174	ttl	2	70	n/a	n/a	n/a	n/a	n/a	n/a	n/a	n/a	n/a	n/a	n/a	n/a	n/a	n/a	n/a	n/a	n/a	n/a	n/a	n/a	n/a	310.871434	n/a
310.890369	0.000000	62178	ttl	11	70	n/a	n/a	n/a	n/a	n/a	n/a	n/a	n/a	n/a	n/a	n/a	n/a	n/a	n/a	n/a	n/a	n/a	n/a	n/a	n/a	n/a	310.890369	n/a
311.870677	8.062028	62374	encoding	n/a	n/a	SB_12.mp4	70.0	317.723641	n/a	n/a	310.89036899999996	1	n/a	n/a	n/a	n/a	n/a	n/a	n/a	n/a	n/a	n/a	n/a	n/a	intervals/encoding_table	26	311.870677	319.932705
311.870677	0.000000	62374	ttl	1	70	n/a	n/a	n/a	n/a	n/a	n/a	n/a	n/a	n/a	n/a	n/a	n/a	n/a	n/a	n/a	n/a	n/a	n/a	n/a	n/a	n/a	311.870677	n/a
319.932705	0.000000	63987	ttl	2	70	n/a	n/a	n/a	n/a	n/a	n/a	n/a	n/a	n/a	n/a	n/a	n/a	n/a	n/a	n/a	n/a	n/a	n/a	n/a	n/a	n/a	319.932705	n/a
319.951668	0.000000	63990	ttl	11	70	n/a	n/a	n/a	n/a	n/a	n/a	n/a	n/a	n/a	n/a	n/a	n/a	n/a	n/a	n/a	n/a	n/a	n/a	n/a	n/a	n/a	319.951668	n/a
320.915947	8.064111	64183	encoding	n/a	n/a	SB_15.mp4	70.0	325.91734974999997	n/a	n/a	319.9516685	1	n/a	n/a	n/a	n/a	n/a	n/a	n/a	n/a	n/a	n/a	n/a	n/a	intervals/encoding_table	27	320.915947	328.980058
320.915947	0.000000	64183	ttl	1	70	n/a	n/a	n/a	n/a	n/a	n/a	n/a	n/a	n/a	n/a	n/a	n/a	n/a	n/a	n/a	n/a	n/a	n/a	n/a	n/a	n/a	320.915947	n/a
328.980058	0.000000	65796	ttl	2	70	n/a	n/a	n/a	n/a	n/a	n/a	n/a	n/a	n/a	n/a	n/a	n/a	n/a	n/a	n/a	n/a	n/a	n/a	n/a	n/a	n/a	328.980058	n/a
328.999325	0.000000	65800	ttl	11	70	n/a	n/a	n/a	n/a	n/a	n/a	n/a	n/a	n/a	n/a	n/a	n/a	n/a	n/a	n/a	n/a	n/a	n/a	n/a	n/a	n/a	328.999325	n/a
329.975087	8.197424	65995	encoding	n/a	n/a	SB_6.mp4	70.0	331.46278874999996	n/a	n/a	328.9993255	1	n/a	n/a	n/a	n/a	n/a	n/a	n/a	n/a	n/a	n/a	n/a	n/a	intervals/encoding_table	28	329.975087	338.172510
329.975087	0.000000	65995	ttl	1	70	n/a	n/a	n/a	n/a	n/a	n/a	n/a	n/a	n/a	n/a	n/a	n/a	n/a	n/a	n/a	n/a	n/a	n/a	n/a	n/a	n/a	329.975087	n/a
338.172510	0.000000	67635	ttl	2	70	n/a	n/a	n/a	n/a	n/a	n/a	n/a	n/a	n/a	n/a	n/a	n/a	n/a	n/a	n/a	n/a	n/a	n/a	n/a	n/a	n/a	338.172510	n/a
338.191448	0.000000	67638	ttl	11	70	n/a	n/a	n/a	n/a	n/a	n/a	n/a	n/a	n/a	n/a	n/a	n/a	n/a	n/a	n/a	n/a	n/a	n/a	n/a	n/a	n/a	338.191448	n/a
339.235242	6.871070	67847	encoding	n/a	n/a	NB_4.mp4	70.0	343.23524175	n/a	n/a	338.191448	0	n/a	n/a	n/a	n/a	n/a	n/a	n/a	n/a	n/a	n/a	n/a	n/a	intervals/encoding_table	29	339.235242	346.106312
339.235242	0.000000	67847	ttl	1	70	n/a	n/a	n/a	n/a	n/a	n/a	n/a	n/a	n/a	n/a	n/a	n/a	n/a	n/a	n/a	n/a	n/a	n/a	n/a	n/a	n/a	339.235242	n/a
346.106312	0.000000	69221	ttl	2	70	n/a	n/a	n/a	n/a	n/a	n/a	n/a	n/a	n/a	n/a	n/a	n/a	n/a	n/a	n/a	n/a	n/a	n/a	n/a	n/a	n/a	346.106312	n/a
350.222588	0.000000	70045	ttl	11	70	n/a	n/a	n/a	n/a	n/a	n/a	n/a	n/a	n/a	n/a	n/a	n/a	n/a	n/a	n/a	n/a	n/a	n/a	n/a	n/a	n/a	350.222588	n/a
351.161201	8.332489	70232	encoding	n/a	n/a	HB_26.mp4	70.0	355.1612005	n/a	n/a	350.22258775	2	n/a	n/a	n/a	n/a	n/a	n/a	n/a	n/a	n/a	n/a	n/a	n/a	intervals/encoding_table	30	351.161201	359.493690
351.161201	0.000000	70232	ttl	1	70	n/a	n/a	n/a	n/a	n/a	n/a	n/a	n/a	n/a	n/a	n/a	n/a	n/a	n/a	n/a	n/a	n/a	n/a	n/a	n/a	n/a	351.161201	n/a
359.493690	0.000000	71899	ttl	2	70	n/a	n/a	n/a	n/a	n/a	n/a	n/a	n/a	n/a	n/a	n/a	n/a	n/a	n/a	n/a	n/a	n/a	n/a	n/a	n/a	n/a	359.493690	n/a
359.512552	0.000000	71903	ttl	11	70	n/a	n/a	n/a	n/a	n/a	n/a	n/a	n/a	n/a	n/a	n/a	n/a	n/a	n/a	n/a	n/a	n/a	n/a	n/a	n/a	n/a	359.512552	n/a
360.510549	8.966253	72102	encoding	n/a	n/a	HB_7.mp4	70.0	364.51054899999997	363.90990899999997	366.58415675	359.51255175	2	n/a	n/a	n/a	n/a	n/a	n/a	n/a	n/a	n/a	n/a	n/a	n/a	intervals/encoding_table	31	360.510549	369.476802
360.510549	0.000000	72102	ttl	1	70	n/a	n/a	n/a	n/a	n/a	n/a	n/a	n/a	n/a	n/a	n/a	n/a	n/a	n/a	n/a	n/a	n/a	n/a	n/a	n/a	n/a	360.510549	n/a
369.476802	0.000000	73895	ttl	2	70	n/a	n/a	n/a	n/a	n/a	n/a	n/a	n/a	n/a	n/a	n/a	n/a	n/a	n/a	n/a	n/a	n/a	n/a	n/a	n/a	n/a	369.476802	n/a
369.495833	0.000000	73899	ttl	11	70	n/a	n/a	n/a	n/a	n/a	n/a	n/a	n/a	n/a	n/a	n/a	n/a	n/a	n/a	n/a	n/a	n/a	n/a	n/a	n/a	n/a	369.495833	n/a
370.419987	8.062697	74084	encoding	n/a	n/a	SB_5.mp4	70.0	374.581783	n/a	n/a	369.4958325	1	n/a	n/a	n/a	n/a	n/a	n/a	n/a	n/a	n/a	n/a	n/a	n/a	intervals/encoding_table	32	370.419987	378.482683
370.419987	0.000000	74084	ttl	1	70	n/a	n/a	n/a	n/a	n/a	n/a	n/a	n/a	n/a	n/a	n/a	n/a	n/a	n/a	n/a	n/a	n/a	n/a	n/a	n/a	n/a	370.419987	n/a
378.482683	0.000000	75697	ttl	2	70	n/a	n/a	n/a	n/a	n/a	n/a	n/a	n/a	n/a	n/a	n/a	n/a	n/a	n/a	n/a	n/a	n/a	n/a	n/a	n/a	n/a	378.482683	n/a
378.501600	0.000000	75700	ttl	11	70	n/a	n/a	n/a	n/a	n/a	n/a	n/a	n/a	n/a	n/a	n/a	n/a	n/a	n/a	n/a	n/a	n/a	n/a	n/a	n/a	n/a	378.501600	n/a
379.429584	7.998757	75886	encoding	n/a	n/a	NB_14.mp4	70.0	383.42958375	n/a	n/a	378.50159974999997	0	n/a	n/a	n/a	n/a	n/a	n/a	n/a	n/a	n/a	n/a	n/a	n/a	intervals/encoding_table	33	379.429584	387.428341
379.429584	0.000000	75886	ttl	1	70	n/a	n/a	n/a	n/a	n/a	n/a	n/a	n/a	n/a	n/a	n/a	n/a	n/a	n/a	n/a	n/a	n/a	n/a	n/a	n/a	n/a	379.429584	n/a
387.428341	0.000000	77486	ttl	2	70	n/a	n/a	n/a	n/a	n/a	n/a	n/a	n/a	n/a	n/a	n/a	n/a	n/a	n/a	n/a	n/a	n/a	n/a	n/a	n/a	n/a	387.428341	n/a
387.447200	0.000000	77489	ttl	11	70	n/a	n/a	n/a	n/a	n/a	n/a	n/a	n/a	n/a	n/a	n/a	n/a	n/a	n/a	n/a	n/a	n/a	n/a	n/a	n/a	n/a	387.447200	n/a
388.536639	8.034264	77707	encoding	n/a	n/a	SB_13.mp4	70.0	394.3224735	n/a	n/a	387.4471995	1	n/a	n/a	n/a	n/a	n/a	n/a	n/a	n/a	n/a	n/a	n/a	n/a	intervals/encoding_table	34	388.536639	396.570903
388.536639	0.000000	77707	ttl	1	70	n/a	n/a	n/a	n/a	n/a	n/a	n/a	n/a	n/a	n/a	n/a	n/a	n/a	n/a	n/a	n/a	n/a	n/a	n/a	n/a	n/a	388.536639	n/a
396.570903	0.000000	79314	ttl	2	70	n/a	n/a	n/a	n/a	n/a	n/a	n/a	n/a	n/a	n/a	n/a	n/a	n/a	n/a	n/a	n/a	n/a	n/a	n/a	n/a	n/a	396.570903	n/a
399.459334	0.000000	79892	ttl	11	70	n/a	n/a	n/a	n/a	n/a	n/a	n/a	n/a	n/a	n/a	n/a	n/a	n/a	n/a	n/a	n/a	n/a	n/a	n/a	n/a	n/a	399.459334	n/a
400.485523	7.931876	80097	encoding	n/a	n/a	HB_13.mp4	70.0	404.48552275	402.7504155	406.69266525	399.45933399999996	2	n/a	n/a	n/a	n/a	n/a	n/a	n/a	n/a	n/a	n/a	n/a	n/a	intervals/encoding_table	35	400.485523	408.417399
400.485523	0.000000	80097	ttl	1	70	n/a	n/a	n/a	n/a	n/a	n/a	n/a	n/a	n/a	n/a	n/a	n/a	n/a	n/a	n/a	n/a	n/a	n/a	n/a	n/a	n/a	400.485523	n/a
408.417399	0.000000	81683	ttl	2	70	n/a	n/a	n/a	n/a	n/a	n/a	n/a	n/a	n/a	n/a	n/a	n/a	n/a	n/a	n/a	n/a	n/a	n/a	n/a	n/a	n/a	408.417399	n/a
408.436308	0.000000	81687	ttl	11	70	n/a	n/a	n/a	n/a	n/a	n/a	n/a	n/a	n/a	n/a	n/a	n/a	n/a	n/a	n/a	n/a	n/a	n/a	n/a	n/a	n/a	408.436308	n/a
409.424039	7.964256	81885	encoding	n/a	n/a	HB_24.mp4	70.0	413.42403924999996	n/a	n/a	408.436308	2	n/a	n/a	n/a	n/a	n/a	n/a	n/a	n/a	n/a	n/a	n/a	n/a	intervals/encoding_table	36	409.424039	417.388295
409.424039	0.000000	81885	ttl	1	70	n/a	n/a	n/a	n/a	n/a	n/a	n/a	n/a	n/a	n/a	n/a	n/a	n/a	n/a	n/a	n/a	n/a	n/a	n/a	n/a	n/a	409.424039	n/a
417.388295	0.000000	83478	ttl	2	70	n/a	n/a	n/a	n/a	n/a	n/a	n/a	n/a	n/a	n/a	n/a	n/a	n/a	n/a	n/a	n/a	n/a	n/a	n/a	n/a	n/a	417.388295	n/a
417.407226	0.000000	83481	ttl	11	70	n/a	n/a	n/a	n/a	n/a	n/a	n/a	n/a	n/a	n/a	n/a	n/a	n/a	n/a	n/a	n/a	n/a	n/a	n/a	n/a	n/a	417.407226	n/a
418.448778	8.232361	83690	encoding	n/a	n/a	SB_29.mp4	70.0	420.37411125	422.56691125	424.276276	417.40722575	1	n/a	n/a	n/a	n/a	n/a	n/a	n/a	n/a	n/a	n/a	n/a	n/a	intervals/encoding_table	37	418.448778	426.681139
418.448778	0.000000	83690	ttl	1	70	n/a	n/a	n/a	n/a	n/a	n/a	n/a	n/a	n/a	n/a	n/a	n/a	n/a	n/a	n/a	n/a	n/a	n/a	n/a	n/a	n/a	418.448778	n/a
426.681139	0.000000	85336	ttl	2	70	n/a	n/a	n/a	n/a	n/a	n/a	n/a	n/a	n/a	n/a	n/a	n/a	n/a	n/a	n/a	n/a	n/a	n/a	n/a	n/a	n/a	426.681139	n/a
426.700456	0.000000	85340	ttl	11	70	n/a	n/a	n/a	n/a	n/a	n/a	n/a	n/a	n/a	n/a	n/a	n/a	n/a	n/a	n/a	n/a	n/a	n/a	n/a	n/a	n/a	426.700456	n/a
427.706385	8.032343	85541	encoding	n/a	n/a	SB_17.mp4	70.0	429.54990749999996	432.03617249999996	n/a	426.70045575	1	n/a	n/a	n/a	n/a	n/a	n/a	n/a	n/a	n/a	n/a	n/a	n/a	intervals/encoding_table	38	427.706385	435.738728
427.706385	0.000000	85541	ttl	1	70	n/a	n/a	n/a	n/a	n/a	n/a	n/a	n/a	n/a	n/a	n/a	n/a	n/a	n/a	n/a	n/a	n/a	n/a	n/a	n/a	n/a	427.706385	n/a
435.738728	0.000000	87148	ttl	2	70	n/a	n/a	n/a	n/a	n/a	n/a	n/a	n/a	n/a	n/a	n/a	n/a	n/a	n/a	n/a	n/a	n/a	n/a	n/a	n/a	n/a	435.738728	n/a
435.757679	0.000000	87152	ttl	11	70	n/a	n/a	n/a	n/a	n/a	n/a	n/a	n/a	n/a	n/a	n/a	n/a	n/a	n/a	n/a	n/a	n/a	n/a	n/a	n/a	n/a	435.757679	n/a
436.788164	7.932216	87358	encoding	n/a	n/a	SB_23.mp4	70.0	439.486423	441.04026899999997	n/a	435.75767924999997	1	n/a	n/a	n/a	n/a	n/a	n/a	n/a	n/a	n/a	n/a	n/a	n/a	intervals/encoding_table	39	436.788164	444.720381
436.788164	0.000000	87358	ttl	1	70	n/a	n/a	n/a	n/a	n/a	n/a	n/a	n/a	n/a	n/a	n/a	n/a	n/a	n/a	n/a	n/a	n/a	n/a	n/a	n/a	n/a	436.788164	n/a
444.720381	0.000000	88944	ttl	2	70	n/a	n/a	n/a	n/a	n/a	n/a	n/a	n/a	n/a	n/a	n/a	n/a	n/a	n/a	n/a	n/a	n/a	n/a	n/a	n/a	n/a	444.720381	n/a
460.673405	0.000000	92135	ttl	11	70	n/a	n/a	n/a	n/a	n/a	n/a	n/a	n/a	n/a	n/a	n/a	n/a	n/a	n/a	n/a	n/a	n/a	n/a	n/a	n/a	n/a	460.673405	n/a
461.729041	8.097790	92346	encoding	n/a	n/a	SB_10.mp4	70.0	467.55348425	n/a	n/a	460.6734045	1	n/a	n/a	n/a	n/a	n/a	n/a	n/a	n/a	n/a	n/a	n/a	n/a	intervals/encoding_table	40	461.729041	469.826832
461.729041	0.000000	92346	ttl	1	70	n/a	n/a	n/a	n/a	n/a	n/a	n/a	n/a	n/a	n/a	n/a	n/a	n/a	n/a	n/a	n/a	n/a	n/a	n/a	n/a	n/a	461.729041	n/a
469.826832	0.000000	93965	ttl	2	70	n/a	n/a	n/a	n/a	n/a	n/a	n/a	n/a	n/a	n/a	n/a	n/a	n/a	n/a	n/a	n/a	n/a	n/a	n/a	n/a	n/a	469.826832	n/a
469.845302	0.000000	93969	ttl	11	70	n/a	n/a	n/a	n/a	n/a	n/a	n/a	n/a	n/a	n/a	n/a	n/a	n/a	n/a	n/a	n/a	n/a	n/a	n/a	n/a	n/a	469.845302	n/a
470.868905	8.263464	94174	encoding	n/a	n/a	NB_10.mp4	70.0	474.868905	n/a	n/a	469.8453015	0	n/a	n/a	n/a	n/a	n/a	n/a	n/a	n/a	n/a	n/a	n/a	n/a	intervals/encoding_table	41	470.868905	479.132369
470.868905	0.000000	94174	ttl	1	70	n/a	n/a	n/a	n/a	n/a	n/a	n/a	n/a	n/a	n/a	n/a	n/a	n/a	n/a	n/a	n/a	n/a	n/a	n/a	n/a	n/a	470.868905	n/a
479.132369	0.000000	95826	ttl	2	70	n/a	n/a	n/a	n/a	n/a	n/a	n/a	n/a	n/a	n/a	n/a	n/a	n/a	n/a	n/a	n/a	n/a	n/a	n/a	n/a	n/a	479.132369	n/a
479.151290	0.000000	95830	ttl	11	70	n/a	n/a	n/a	n/a	n/a	n/a	n/a	n/a	n/a	n/a	n/a	n/a	n/a	n/a	n/a	n/a	n/a	n/a	n/a	n/a	n/a	479.151290	n/a
480.151707	7.931666	96030	encoding	n/a	n/a	HB_23.mp4	70.0	484.1517075	n/a	n/a	479.15128999999996	2	n/a	n/a	n/a	n/a	n/a	n/a	n/a	n/a	n/a	n/a	n/a	n/a	intervals/encoding_table	42	480.151707	488.083374
480.151707	0.000000	96030	ttl	1	70	n/a	n/a	n/a	n/a	n/a	n/a	n/a	n/a	n/a	n/a	n/a	n/a	n/a	n/a	n/a	n/a	n/a	n/a	n/a	n/a	n/a	480.151707	n/a
488.083374	0.000000	97617	ttl	2	70	n/a	n/a	n/a	n/a	n/a	n/a	n/a	n/a	n/a	n/a	n/a	n/a	n/a	n/a	n/a	n/a	n/a	n/a	n/a	n/a	n/a	488.083374	n/a
488.102256	0.000000	97620	ttl	11	70	n/a	n/a	n/a	n/a	n/a	n/a	n/a	n/a	n/a	n/a	n/a	n/a	n/a	n/a	n/a	n/a	n/a	n/a	n/a	n/a	n/a	488.102256	n/a
489.099331	7.966349	97820	encoding	n/a	n/a	NB_27.mp4	70.0	493.09933075	n/a	n/a	488.10225625	0	n/a	n/a	n/a	n/a	n/a	n/a	n/a	n/a	n/a	n/a	n/a	n/a	intervals/encoding_table	43	489.099331	497.065680
489.099331	0.000000	97820	ttl	1	70	n/a	n/a	n/a	n/a	n/a	n/a	n/a	n/a	n/a	n/a	n/a	n/a	n/a	n/a	n/a	n/a	n/a	n/a	n/a	n/a	n/a	489.099331	n/a
497.065680	0.000000	99413	ttl	2	70	n/a	n/a	n/a	n/a	n/a	n/a	n/a	n/a	n/a	n/a	n/a	n/a	n/a	n/a	n/a	n/a	n/a	n/a	n/a	n/a	n/a	497.065680	n/a
497.084610	0.000000	99417	ttl	11	70	n/a	n/a	n/a	n/a	n/a	n/a	n/a	n/a	n/a	n/a	n/a	n/a	n/a	n/a	n/a	n/a	n/a	n/a	n/a	n/a	n/a	497.084610	n/a
498.006640	8.145237	99601	encoding	n/a	n/a	SB_14.mp4	70.0	501.43351824999996	n/a	n/a	497.08461	1	n/a	n/a	n/a	n/a	n/a	n/a	n/a	n/a	n/a	n/a	n/a	n/a	intervals/encoding_table	44	498.006640	506.151877
498.006640	0.000000	99601	ttl	1	70	n/a	n/a	n/a	n/a	n/a	n/a	n/a	n/a	n/a	n/a	n/a	n/a	n/a	n/a	n/a	n/a	n/a	n/a	n/a	n/a	n/a	498.006640	n/a
506.151877	0.000000	101230	ttl	2	70	n/a	n/a	n/a	n/a	n/a	n/a	n/a	n/a	n/a	n/a	n/a	n/a	n/a	n/a	n/a	n/a	n/a	n/a	n/a	n/a	n/a	506.151877	n/a
506.170694	0.000000	101234	ttl	11	70	n/a	n/a	n/a	n/a	n/a	n/a	n/a	n/a	n/a	n/a	n/a	n/a	n/a	n/a	n/a	n/a	n/a	n/a	n/a	n/a	n/a	506.170694	n/a
507.254004	7.530962	101451	encoding	n/a	n/a	SB_3.mp4	70.0	508.88893824999997	n/a	n/a	506.17069425	1	n/a	n/a	n/a	n/a	n/a	n/a	n/a	n/a	n/a	n/a	n/a	n/a	intervals/encoding_table	45	507.254004	514.784966
507.254004	0.000000	101451	ttl	1	70	n/a	n/a	n/a	n/a	n/a	n/a	n/a	n/a	n/a	n/a	n/a	n/a	n/a	n/a	n/a	n/a	n/a	n/a	n/a	n/a	n/a	507.254004	n/a
514.784966	0.000000	102957	ttl	2	70	n/a	n/a	n/a	n/a	n/a	n/a	n/a	n/a	n/a	n/a	n/a	n/a	n/a	n/a	n/a	n/a	n/a	n/a	n/a	n/a	n/a	514.784966	n/a
517.773574	0.000000	103555	ttl	11	70	n/a	n/a	n/a	n/a	n/a	n/a	n/a	n/a	n/a	n/a	n/a	n/a	n/a	n/a	n/a	n/a	n/a	n/a	n/a	n/a	n/a	517.773574	n/a
518.760098	7.629768	103752	encoding	n/a	n/a	SB_16.mp4	70.0	520.0438702499999	522.5593504999999	n/a	517.77357375	1	n/a	n/a	n/a	n/a	n/a	n/a	n/a	n/a	n/a	n/a	n/a	n/a	intervals/encoding_table	46	518.760098	526.389865
518.760098	0.000000	103752	ttl	1	70	n/a	n/a	n/a	n/a	n/a	n/a	n/a	n/a	n/a	n/a	n/a	n/a	n/a	n/a	n/a	n/a	n/a	n/a	n/a	n/a	n/a	518.760098	n/a
526.389865	0.000000	105278	ttl	2	70	n/a	n/a	n/a	n/a	n/a	n/a	n/a	n/a	n/a	n/a	n/a	n/a	n/a	n/a	n/a	n/a	n/a	n/a	n/a	n/a	n/a	526.389865	n/a
526.408785	0.000000	105282	ttl	11	70	n/a	n/a	n/a	n/a	n/a	n/a	n/a	n/a	n/a	n/a	n/a	n/a	n/a	n/a	n/a	n/a	n/a	n/a	n/a	n/a	n/a	526.408785	n/a
527.394184	7.930957	105479	encoding	n/a	n/a	NB_16.mp4	70.0	531.39418425	n/a	n/a	526.4087845	0	n/a	n/a	n/a	n/a	n/a	n/a	n/a	n/a	n/a	n/a	n/a	n/a	intervals/encoding_table	47	527.394184	535.325141
527.394184	0.000000	105479	ttl	1	70	n/a	n/a	n/a	n/a	n/a	n/a	n/a	n/a	n/a	n/a	n/a	n/a	n/a	n/a	n/a	n/a	n/a	n/a	n/a	n/a	n/a	527.394184	n/a
535.325141	0.000000	107065	ttl	2	70	n/a	n/a	n/a	n/a	n/a	n/a	n/a	n/a	n/a	n/a	n/a	n/a	n/a	n/a	n/a	n/a	n/a	n/a	n/a	n/a	n/a	535.325141	n/a
535.344380	0.000000	107069	ttl	11	70	n/a	n/a	n/a	n/a	n/a	n/a	n/a	n/a	n/a	n/a	n/a	n/a	n/a	n/a	n/a	n/a	n/a	n/a	n/a	n/a	n/a	535.344380	n/a
536.250237	8.033507	107250	encoding	n/a	n/a	HB_12.mp4	70.0	540.2502372499999	537.887975	542.17737825	535.34438	2	n/a	n/a	n/a	n/a	n/a	n/a	n/a	n/a	n/a	n/a	n/a	n/a	intervals/encoding_table	48	536.250237	544.283744
536.250237	0.000000	107250	ttl	1	70	n/a	n/a	n/a	n/a	n/a	n/a	n/a	n/a	n/a	n/a	n/a	n/a	n/a	n/a	n/a	n/a	n/a	n/a	n/a	n/a	n/a	536.250237	n/a
544.283744	0.000000	108857	ttl	2	70	n/a	n/a	n/a	n/a	n/a	n/a	n/a	n/a	n/a	n/a	n/a	n/a	n/a	n/a	n/a	n/a	n/a	n/a	n/a	n/a	n/a	544.283744	n/a
544.302666	0.000000	108861	ttl	11	70	n/a	n/a	n/a	n/a	n/a	n/a	n/a	n/a	n/a	n/a	n/a	n/a	n/a	n/a	n/a	n/a	n/a	n/a	n/a	n/a	n/a	544.302666	n/a
545.304752	8.034107	109061	encoding	n/a	n/a	NB_12.mp4	70.0	549.3047517499999	n/a	n/a	544.3026665	0	n/a	n/a	n/a	n/a	n/a	n/a	n/a	n/a	n/a	n/a	n/a	n/a	intervals/encoding_table	49	545.304752	553.338858
545.304752	0.000000	109061	ttl	1	70	n/a	n/a	n/a	n/a	n/a	n/a	n/a	n/a	n/a	n/a	n/a	n/a	n/a	n/a	n/a	n/a	n/a	n/a	n/a	n/a	n/a	545.304752	n/a
553.338858	0.000000	110668	ttl	2	70	n/a	n/a	n/a	n/a	n/a	n/a	n/a	n/a	n/a	n/a	n/a	n/a	n/a	n/a	n/a	n/a	n/a	n/a	n/a	n/a	n/a	553.338858	n/a
553.358120	0.000000	110672	ttl	11	70	n/a	n/a	n/a	n/a	n/a	n/a	n/a	n/a	n/a	n/a	n/a	n/a	n/a	n/a	n/a	n/a	n/a	n/a	n/a	n/a	n/a	553.358120	n/a
554.450861	8.930501	110890	encoding	n/a	n/a	SB_18.mp4	70.0	557.282332	559.066786	n/a	553.3581204999999	1	n/a	n/a	n/a	n/a	n/a	n/a	n/a	n/a	n/a	n/a	n/a	n/a	intervals/encoding_table	50	554.450861	563.381363
554.450861	0.000000	110890	ttl	1	70	n/a	n/a	n/a	n/a	n/a	n/a	n/a	n/a	n/a	n/a	n/a	n/a	n/a	n/a	n/a	n/a	n/a	n/a	n/a	n/a	n/a	554.450861	n/a
563.381363	0.000000	112676	ttl	2	70	n/a	n/a	n/a	n/a	n/a	n/a	n/a	n/a	n/a	n/a	n/a	n/a	n/a	n/a	n/a	n/a	n/a	n/a	n/a	n/a	n/a	563.381363	n/a
563.400287	0.000000	112680	ttl	11	70	n/a	n/a	n/a	n/a	n/a	n/a	n/a	n/a	n/a	n/a	n/a	n/a	n/a	n/a	n/a	n/a	n/a	n/a	n/a	n/a	n/a	563.400287	n/a
564.355357	7.113589	112871	encoding	n/a	n/a	NB_25.mp4	70.0	568.3553575	n/a	n/a	563.4002875	0	n/a	n/a	n/a	n/a	n/a	n/a	n/a	n/a	n/a	n/a	n/a	n/a	intervals/encoding_table	51	564.355357	571.468946
564.355357	0.000000	112871	ttl	1	70	n/a	n/a	n/a	n/a	n/a	n/a	n/a	n/a	n/a	n/a	n/a	n/a	n/a	n/a	n/a	n/a	n/a	n/a	n/a	n/a	n/a	564.355357	n/a
571.468946	0.000000	114294	ttl	2	70	n/a	n/a	n/a	n/a	n/a	n/a	n/a	n/a	n/a	n/a	n/a	n/a	n/a	n/a	n/a	n/a	n/a	n/a	n/a	n/a	n/a	571.468946	n/a
574.478300	0.000000	114896	ttl	11	70	n/a	n/a	n/a	n/a	n/a	n/a	n/a	n/a	n/a	n/a	n/a	n/a	n/a	n/a	n/a	n/a	n/a	n/a	n/a	n/a	n/a	574.478300	n/a
575.526983	8.031820	115105	encoding	n/a	n/a	HB_11.mp4	70.0	579.52698275	578.4051505	581.7473415	574.4783004999999	2	n/a	n/a	n/a	n/a	n/a	n/a	n/a	n/a	n/a	n/a	n/a	n/a	intervals/encoding_table	52	575.526983	583.558802
575.526983	0.000000	115105	ttl	1	70	n/a	n/a	n/a	n/a	n/a	n/a	n/a	n/a	n/a	n/a	n/a	n/a	n/a	n/a	n/a	n/a	n/a	n/a	n/a	n/a	n/a	575.526983	n/a
583.558802	0.000000	116712	ttl	2	70	n/a	n/a	n/a	n/a	n/a	n/a	n/a	n/a	n/a	n/a	n/a	n/a	n/a	n/a	n/a	n/a	n/a	n/a	n/a	n/a	n/a	583.558802	n/a
583.577289	0.000000	116715	ttl	11	70	n/a	n/a	n/a	n/a	n/a	n/a	n/a	n/a	n/a	n/a	n/a	n/a	n/a	n/a	n/a	n/a	n/a	n/a	n/a	n/a	n/a	583.577289	n/a
584.500650	8.097942	116900	encoding	n/a	n/a	HB_25.mp4	70.0	588.5006495	n/a	n/a	583.577289	2	n/a	n/a	n/a	n/a	n/a	n/a	n/a	n/a	n/a	n/a	n/a	n/a	intervals/encoding_table	53	584.500650	592.598591
584.500650	0.000000	116900	ttl	1	70	n/a	n/a	n/a	n/a	n/a	n/a	n/a	n/a	n/a	n/a	n/a	n/a	n/a	n/a	n/a	n/a	n/a	n/a	n/a	n/a	n/a	584.500650	n/a
592.598591	0.000000	118520	ttl	2	70	n/a	n/a	n/a	n/a	n/a	n/a	n/a	n/a	n/a	n/a	n/a	n/a	n/a	n/a	n/a	n/a	n/a	n/a	n/a	n/a	n/a	592.598591	n/a
592.617492	0.000000	118523	ttl	11	70	n/a	n/a	n/a	n/a	n/a	n/a	n/a	n/a	n/a	n/a	n/a	n/a	n/a	n/a	n/a	n/a	n/a	n/a	n/a	n/a	n/a	592.617492	n/a
593.671358	8.163069	118734	encoding	n/a	n/a	NB_7.mp4	70.0	597.67135825	n/a	n/a	592.617492	0	n/a	n/a	n/a	n/a	n/a	n/a	n/a	n/a	n/a	n/a	n/a	n/a	intervals/encoding_table	54	593.671358	601.834428
593.671358	0.000000	118734	ttl	1	70	n/a	n/a	n/a	n/a	n/a	n/a	n/a	n/a	n/a	n/a	n/a	n/a	n/a	n/a	n/a	n/a	n/a	n/a	n/a	n/a	n/a	593.671358	n/a
601.834428	0.000000	120367	ttl	2	70	n/a	n/a	n/a	n/a	n/a	n/a	n/a	n/a	n/a	n/a	n/a	n/a	n/a	n/a	n/a	n/a	n/a	n/a	n/a	n/a	n/a	601.834428	n/a
601.853358	0.000000	120371	ttl	11	70	n/a	n/a	n/a	n/a	n/a	n/a	n/a	n/a	n/a	n/a	n/a	n/a	n/a	n/a	n/a	n/a	n/a	n/a	n/a	n/a	n/a	601.853358	n/a
602.906502	7.764466	120581	encoding	n/a	n/a	NB_23.mp4	70.0	606.9065019999999	n/a	n/a	601.853358	0	n/a	n/a	n/a	n/a	n/a	n/a	n/a	n/a	n/a	n/a	n/a	n/a	intervals/encoding_table	55	602.906502	610.670968
602.906502	0.000000	120581	ttl	1	70	n/a	n/a	n/a	n/a	n/a	n/a	n/a	n/a	n/a	n/a	n/a	n/a	n/a	n/a	n/a	n/a	n/a	n/a	n/a	n/a	n/a	602.906502	n/a
610.670968	0.000000	122134	ttl	2	70	n/a	n/a	n/a	n/a	n/a	n/a	n/a	n/a	n/a	n/a	n/a	n/a	n/a	n/a	n/a	n/a	n/a	n/a	n/a	n/a	n/a	610.670968	n/a
610.689851	0.000000	122138	ttl	11	70	n/a	n/a	n/a	n/a	n/a	n/a	n/a	n/a	n/a	n/a	n/a	n/a	n/a	n/a	n/a	n/a	n/a	n/a	n/a	n/a	n/a	610.689851	n/a
611.698005	8.030660	122340	encoding	n/a	n/a	HB_8.mp4	70.0	615.6980045	613.54896875	617.5673167499999	610.68985125	2	n/a	n/a	n/a	n/a	n/a	n/a	n/a	n/a	n/a	n/a	n/a	n/a	intervals/encoding_table	56	611.698005	619.728664
611.698005	0.000000	122340	ttl	1	70	n/a	n/a	n/a	n/a	n/a	n/a	n/a	n/a	n/a	n/a	n/a	n/a	n/a	n/a	n/a	n/a	n/a	n/a	n/a	n/a	n/a	611.698005	n/a
619.728664	0.000000	123946	ttl	2	70	n/a	n/a	n/a	n/a	n/a	n/a	n/a	n/a	n/a	n/a	n/a	n/a	n/a	n/a	n/a	n/a	n/a	n/a	n/a	n/a	n/a	619.728664	n/a
619.747907	0.000000	123950	ttl	11	70	n/a	n/a	n/a	n/a	n/a	n/a	n/a	n/a	n/a	n/a	n/a	n/a	n/a	n/a	n/a	n/a	n/a	n/a	n/a	n/a	n/a	619.747907	n/a
620.681771	7.933830	124136	encoding	n/a	n/a	SB_1.mp4	70.0	625.75538925	n/a	n/a	619.74790725	1	n/a	n/a	n/a	n/a	n/a	n/a	n/a	n/a	n/a	n/a	n/a	n/a	intervals/encoding_table	57	620.681771	628.615601
620.681771	0.000000	124136	ttl	1	70	n/a	n/a	n/a	n/a	n/a	n/a	n/a	n/a	n/a	n/a	n/a	n/a	n/a	n/a	n/a	n/a	n/a	n/a	n/a	n/a	n/a	620.681771	n/a
628.615601	0.000000	125723	ttl	2	70	n/a	n/a	n/a	n/a	n/a	n/a	n/a	n/a	n/a	n/a	n/a	n/a	n/a	n/a	n/a	n/a	n/a	n/a	n/a	n/a	n/a	628.615601	n/a
628.634501	0.000000	125727	ttl	11	70	n/a	n/a	n/a	n/a	n/a	n/a	n/a	n/a	n/a	n/a	n/a	n/a	n/a	n/a	n/a	n/a	n/a	n/a	n/a	n/a	n/a	628.634501	n/a
629.720526	8.028683	125944	encoding	n/a	n/a	HB_28.mp4	70.0	633.7205255	n/a	n/a	628.6345014999999	2	n/a	n/a	n/a	n/a	n/a	n/a	n/a	n/a	n/a	n/a	n/a	n/a	intervals/encoding_table	58	629.720526	637.749209
629.720526	0.000000	125944	ttl	1	70	n/a	n/a	n/a	n/a	n/a	n/a	n/a	n/a	n/a	n/a	n/a	n/a	n/a	n/a	n/a	n/a	n/a	n/a	n/a	n/a	n/a	629.720526	n/a
637.749209	0.000000	127550	ttl	2	70	n/a	n/a	n/a	n/a	n/a	n/a	n/a	n/a	n/a	n/a	n/a	n/a	n/a	n/a	n/a	n/a	n/a	n/a	n/a	n/a	n/a	637.749209	n/a
641.902173	0.000000	128380	ttl	11	70	n/a	n/a	n/a	n/a	n/a	n/a	n/a	n/a	n/a	n/a	n/a	n/a	n/a	n/a	n/a	n/a	n/a	n/a	n/a	n/a	n/a	641.902173	n/a
642.843815	8.229759	128569	encoding	n/a	n/a	NB_26.mp4	70.0	646.843815	n/a	n/a	641.9021732499999	0	n/a	n/a	n/a	n/a	n/a	n/a	n/a	n/a	n/a	n/a	n/a	n/a	intervals/encoding_table	59	642.843815	651.073573
642.843815	0.000000	128569	ttl	1	70	n/a	n/a	n/a	n/a	n/a	n/a	n/a	n/a	n/a	n/a	n/a	n/a	n/a	n/a	n/a	n/a	n/a	n/a	n/a	n/a	n/a	642.843815	n/a
651.073573	0.000000	130215	ttl	2	70	n/a	n/a	n/a	n/a	n/a	n/a	n/a	n/a	n/a	n/a	n/a	n/a	n/a	n/a	n/a	n/a	n/a	n/a	n/a	n/a	n/a	651.073573	n/a
651.092518	0.000000	130219	ttl	11	70	n/a	n/a	n/a	n/a	n/a	n/a	n/a	n/a	n/a	n/a	n/a	n/a	n/a	n/a	n/a	n/a	n/a	n/a	n/a	n/a	n/a	651.092518	n/a
651.996470	7.965894	130399	encoding	n/a	n/a	SB_27.mp4	70.0	653.53871325	655.11105075	656.556637	651.0925179999999	1	n/a	n/a	n/a	n/a	n/a	n/a	n/a	n/a	n/a	n/a	n/a	n/a	intervals/encoding_table	60	651.996470	659.962365
651.996470	0.000000	130399	ttl	1	70	n/a	n/a	n/a	n/a	n/a	n/a	n/a	n/a	n/a	n/a	n/a	n/a	n/a	n/a	n/a	n/a	n/a	n/a	n/a	n/a	n/a	651.996470	n/a
659.962365	0.000000	131992	ttl	2	70	n/a	n/a	n/a	n/a	n/a	n/a	n/a	n/a	n/a	n/a	n/a	n/a	n/a	n/a	n/a	n/a	n/a	n/a	n/a	n/a	n/a	659.962365	n/a
659.981166	0.000000	131996	ttl	11	70	n/a	n/a	n/a	n/a	n/a	n/a	n/a	n/a	n/a	n/a	n/a	n/a	n/a	n/a	n/a	n/a	n/a	n/a	n/a	n/a	n/a	659.981166	n/a
661.001488	8.031266	132200	encoding	n/a	n/a	NB_1.mp4	70.0	665.0014884999999	n/a	n/a	659.98116625	0	n/a	n/a	n/a	n/a	n/a	n/a	n/a	n/a	n/a	n/a	n/a	n/a	intervals/encoding_table	61	661.001488	669.032755
661.001488	0.000000	132200	ttl	1	70	n/a	n/a	n/a	n/a	n/a	n/a	n/a	n/a	n/a	n/a	n/a	n/a	n/a	n/a	n/a	n/a	n/a	n/a	n/a	n/a	n/a	661.001488	n/a
669.032755	0.000000	133807	ttl	2	70	n/a	n/a	n/a	n/a	n/a	n/a	n/a	n/a	n/a	n/a	n/a	n/a	n/a	n/a	n/a	n/a	n/a	n/a	n/a	n/a	n/a	669.032755	n/a
669.051699	0.000000	133810	ttl	11	70	n/a	n/a	n/a	n/a	n/a	n/a	n/a	n/a	n/a	n/a	n/a	n/a	n/a	n/a	n/a	n/a	n/a	n/a	n/a	n/a	n/a	669.051699	n/a
670.073173	9.165865	134015	encoding	n/a	n/a	SB_22.mp4	70.0	671.14459625	672.208262	n/a	669.05169875	1	n/a	n/a	n/a	n/a	n/a	n/a	n/a	n/a	n/a	n/a	n/a	n/a	intervals/encoding_table	62	670.073173	679.239038
670.073173	0.000000	134015	ttl	1	70	n/a	n/a	n/a	n/a	n/a	n/a	n/a	n/a	n/a	n/a	n/a	n/a	n/a	n/a	n/a	n/a	n/a	n/a	n/a	n/a	n/a	670.073173	n/a
679.239038	0.000000	135848	ttl	2	70	n/a	n/a	n/a	n/a	n/a	n/a	n/a	n/a	n/a	n/a	n/a	n/a	n/a	n/a	n/a	n/a	n/a	n/a	n/a	n/a	n/a	679.239038	n/a
679.258086	0.000000	135852	ttl	11	70	n/a	n/a	n/a	n/a	n/a	n/a	n/a	n/a	n/a	n/a	n/a	n/a	n/a	n/a	n/a	n/a	n/a	n/a	n/a	n/a	n/a	679.258086	n/a
680.251857	7.996710	136050	encoding	n/a	n/a	NB_2.mp4	70.0	684.25185725	n/a	n/a	679.25808625	0	n/a	n/a	n/a	n/a	n/a	n/a	n/a	n/a	n/a	n/a	n/a	n/a	intervals/encoding_table	63	680.251857	688.248567
680.251857	0.000000	136050	ttl	1	70	n/a	n/a	n/a	n/a	n/a	n/a	n/a	n/a	n/a	n/a	n/a	n/a	n/a	n/a	n/a	n/a	n/a	n/a	n/a	n/a	n/a	680.251857	n/a
688.248567	0.000000	137650	ttl	2	70	n/a	n/a	n/a	n/a	n/a	n/a	n/a	n/a	n/a	n/a	n/a	n/a	n/a	n/a	n/a	n/a	n/a	n/a	n/a	n/a	n/a	688.248567	n/a
688.267505	0.000000	137654	ttl	11	70	n/a	n/a	n/a	n/a	n/a	n/a	n/a	n/a	n/a	n/a	n/a	n/a	n/a	n/a	n/a	n/a	n/a	n/a	n/a	n/a	n/a	688.267505	n/a
689.286768	7.596189	137857	encoding	n/a	n/a	SB_28.mp4	70.0	690.26241725	692.4106925	694.0570055	688.26750525	1	n/a	n/a	n/a	n/a	n/a	n/a	n/a	n/a	n/a	n/a	n/a	n/a	intervals/encoding_table	64	689.286768	696.882957
689.286768	0.000000	137857	ttl	1	70	n/a	n/a	n/a	n/a	n/a	n/a	n/a	n/a	n/a	n/a	n/a	n/a	n/a	n/a	n/a	n/a	n/a	n/a	n/a	n/a	n/a	689.286768	n/a
696.882957	0.000000	139377	ttl	2	70	n/a	n/a	n/a	n/a	n/a	n/a	n/a	n/a	n/a	n/a	n/a	n/a	n/a	n/a	n/a	n/a	n/a	n/a	n/a	n/a	n/a	696.882957	n/a
696.902287	0.000000	139380	ttl	11	70	n/a	n/a	n/a	n/a	n/a	n/a	n/a	n/a	n/a	n/a	n/a	n/a	n/a	n/a	n/a	n/a	n/a	n/a	n/a	n/a	n/a	696.902287	n/a
697.946979	8.197553	139589	encoding	n/a	n/a	HB_10.mp4	70.0	701.9469792499999	699.5065089999999	703.8757335	696.9022874999999	2	n/a	n/a	n/a	n/a	n/a	n/a	n/a	n/a	n/a	n/a	n/a	n/a	intervals/encoding_table	65	697.946979	706.144532
697.946979	0.000000	139589	ttl	1	70	n/a	n/a	n/a	n/a	n/a	n/a	n/a	n/a	n/a	n/a	n/a	n/a	n/a	n/a	n/a	n/a	n/a	n/a	n/a	n/a	n/a	697.946979	n/a
706.144532	0.000000	141229	ttl	2	70	n/a	n/a	n/a	n/a	n/a	n/a	n/a	n/a	n/a	n/a	n/a	n/a	n/a	n/a	n/a	n/a	n/a	n/a	n/a	n/a	n/a	706.144532	n/a
709.153482	0.000000	141831	ttl	11	70	n/a	n/a	n/a	n/a	n/a	n/a	n/a	n/a	n/a	n/a	n/a	n/a	n/a	n/a	n/a	n/a	n/a	n/a	n/a	n/a	n/a	709.153482	n/a
710.135105	8.064696	142027	encoding	n/a	n/a	HB_18.mp4	70.0	714.1351045	n/a	n/a	709.15348225	2	n/a	n/a	n/a	n/a	n/a	n/a	n/a	n/a	n/a	n/a	n/a	n/a	intervals/encoding_table	66	710.135105	718.199801
710.135105	0.000000	142027	ttl	1	70	n/a	n/a	n/a	n/a	n/a	n/a	n/a	n/a	n/a	n/a	n/a	n/a	n/a	n/a	n/a	n/a	n/a	n/a	n/a	n/a	n/a	710.135105	n/a
718.199801	0.000000	143640	ttl	2	70	n/a	n/a	n/a	n/a	n/a	n/a	n/a	n/a	n/a	n/a	n/a	n/a	n/a	n/a	n/a	n/a	n/a	n/a	n/a	n/a	n/a	718.199801	n/a
718.218720	0.000000	143644	ttl	11	70	n/a	n/a	n/a	n/a	n/a	n/a	n/a	n/a	n/a	n/a	n/a	n/a	n/a	n/a	n/a	n/a	n/a	n/a	n/a	n/a	n/a	718.218720	n/a
719.238243	8.197238	143848	encoding	n/a	n/a	HB_19.mp4	70.0	723.238243	n/a	n/a	718.2187202499999	2	n/a	n/a	n/a	n/a	n/a	n/a	n/a	n/a	n/a	n/a	n/a	n/a	intervals/encoding_table	67	719.238243	727.435481
719.238243	0.000000	143848	ttl	1	70	n/a	n/a	n/a	n/a	n/a	n/a	n/a	n/a	n/a	n/a	n/a	n/a	n/a	n/a	n/a	n/a	n/a	n/a	n/a	n/a	n/a	719.238243	n/a
727.435481	0.000000	145487	ttl	2	70	n/a	n/a	n/a	n/a	n/a	n/a	n/a	n/a	n/a	n/a	n/a	n/a	n/a	n/a	n/a	n/a	n/a	n/a	n/a	n/a	n/a	727.435481	n/a
727.454408	0.000000	145491	ttl	11	70	n/a	n/a	n/a	n/a	n/a	n/a	n/a	n/a	n/a	n/a	n/a	n/a	n/a	n/a	n/a	n/a	n/a	n/a	n/a	n/a	n/a	727.454408	n/a
728.439550	7.299609	145688	encoding	n/a	n/a	NB_28.mp4	70.0	732.4395502499999	n/a	n/a	727.4544082499999	0	n/a	n/a	n/a	n/a	n/a	n/a	n/a	n/a	n/a	n/a	n/a	n/a	intervals/encoding_table	68	728.439550	735.739159
728.439550	0.000000	145688	ttl	1	70	n/a	n/a	n/a	n/a	n/a	n/a	n/a	n/a	n/a	n/a	n/a	n/a	n/a	n/a	n/a	n/a	n/a	n/a	n/a	n/a	n/a	728.439550	n/a
735.739159	0.000000	147148	ttl	2	70	n/a	n/a	n/a	n/a	n/a	n/a	n/a	n/a	n/a	n/a	n/a	n/a	n/a	n/a	n/a	n/a	n/a	n/a	n/a	n/a	n/a	735.739159	n/a
735.758104	0.000000	147152	ttl	11	70	n/a	n/a	n/a	n/a	n/a	n/a	n/a	n/a	n/a	n/a	n/a	n/a	n/a	n/a	n/a	n/a	n/a	n/a	n/a	n/a	n/a	735.758104	n/a
736.682473	7.980225	147336	encoding	n/a	n/a	HB_5.mp4	70.0	740.68247275	742.7419715	n/a	735.7581045	2	n/a	n/a	n/a	n/a	n/a	n/a	n/a	n/a	n/a	n/a	n/a	n/a	intervals/encoding_table	69	736.682473	744.662697
736.682473	0.000000	147336	ttl	1	70	n/a	n/a	n/a	n/a	n/a	n/a	n/a	n/a	n/a	n/a	n/a	n/a	n/a	n/a	n/a	n/a	n/a	n/a	n/a	n/a	n/a	736.682473	n/a
744.662697	0.000000	148933	ttl	2	70	n/a	n/a	n/a	n/a	n/a	n/a	n/a	n/a	n/a	n/a	n/a	n/a	n/a	n/a	n/a	n/a	n/a	n/a	n/a	n/a	n/a	744.662697	n/a
744.681618	0.000000	148936	ttl	11	70	n/a	n/a	n/a	n/a	n/a	n/a	n/a	n/a	n/a	n/a	n/a	n/a	n/a	n/a	n/a	n/a	n/a	n/a	n/a	n/a	n/a	744.681618	n/a
745.651608	8.031005	149130	encoding	n/a	n/a	HB_21.mp4	70.0	749.65160825	n/a	n/a	744.68161775	2	n/a	n/a	n/a	n/a	n/a	n/a	n/a	n/a	n/a	n/a	n/a	n/a	intervals/encoding_table	70	745.651608	753.682614
745.651608	0.000000	149130	ttl	1	70	n/a	n/a	n/a	n/a	n/a	n/a	n/a	n/a	n/a	n/a	n/a	n/a	n/a	n/a	n/a	n/a	n/a	n/a	n/a	n/a	n/a	745.651608	n/a
753.682614	0.000000	150737	ttl	2	70	n/a	n/a	n/a	n/a	n/a	n/a	n/a	n/a	n/a	n/a	n/a	n/a	n/a	n/a	n/a	n/a	n/a	n/a	n/a	n/a	n/a	753.682614	n/a
753.701537	0.000000	150740	ttl	11	70	n/a	n/a	n/a	n/a	n/a	n/a	n/a	n/a	n/a	n/a	n/a	n/a	n/a	n/a	n/a	n/a	n/a	n/a	n/a	n/a	n/a	753.701537	n/a
754.710886	7.863858	150942	encoding	n/a	n/a	SB_4.mp4	70.0	760.27776525	n/a	n/a	753.70153675	1	n/a	n/a	n/a	n/a	n/a	n/a	n/a	n/a	n/a	n/a	n/a	n/a	intervals/encoding_table	71	754.710886	762.574744
754.710886	0.000000	150942	ttl	1	70	n/a	n/a	n/a	n/a	n/a	n/a	n/a	n/a	n/a	n/a	n/a	n/a	n/a	n/a	n/a	n/a	n/a	n/a	n/a	n/a	n/a	754.710886	n/a
762.574744	0.000000	152515	ttl	2	70	n/a	n/a	n/a	n/a	n/a	n/a	n/a	n/a	n/a	n/a	n/a	n/a	n/a	n/a	n/a	n/a	n/a	n/a	n/a	n/a	n/a	762.574744	n/a
766.326027	0.000000	153265	ttl	11	70	n/a	n/a	n/a	n/a	n/a	n/a	n/a	n/a	n/a	n/a	n/a	n/a	n/a	n/a	n/a	n/a	n/a	n/a	n/a	n/a	n/a	766.326027	n/a
767.251447	8.197017	153450	encoding	n/a	n/a	NB_18.mp4	70.0	771.251447	n/a	n/a	766.326027	0	n/a	n/a	n/a	n/a	n/a	n/a	n/a	n/a	n/a	n/a	n/a	n/a	intervals/encoding_table	72	767.251447	775.448464
767.251447	0.000000	153450	ttl	1	70	n/a	n/a	n/a	n/a	n/a	n/a	n/a	n/a	n/a	n/a	n/a	n/a	n/a	n/a	n/a	n/a	n/a	n/a	n/a	n/a	n/a	767.251447	n/a
775.448464	0.000000	155090	ttl	2	70	n/a	n/a	n/a	n/a	n/a	n/a	n/a	n/a	n/a	n/a	n/a	n/a	n/a	n/a	n/a	n/a	n/a	n/a	n/a	n/a	n/a	775.448464	n/a
775.467351	0.000000	155093	ttl	11	70	n/a	n/a	n/a	n/a	n/a	n/a	n/a	n/a	n/a	n/a	n/a	n/a	n/a	n/a	n/a	n/a	n/a	n/a	n/a	n/a	n/a	775.467351	n/a
776.383650	8.065747	155277	encoding	n/a	n/a	HB_15.mp4	70.0	780.38365025	779.6109084999999	782.648282	775.467351	2	n/a	n/a	n/a	n/a	n/a	n/a	n/a	n/a	n/a	n/a	n/a	n/a	intervals/encoding_table	73	776.383650	784.449397
776.383650	0.000000	155277	ttl	1	70	n/a	n/a	n/a	n/a	n/a	n/a	n/a	n/a	n/a	n/a	n/a	n/a	n/a	n/a	n/a	n/a	n/a	n/a	n/a	n/a	n/a	776.383650	n/a
784.449397	0.000000	156890	ttl	2	70	n/a	n/a	n/a	n/a	n/a	n/a	n/a	n/a	n/a	n/a	n/a	n/a	n/a	n/a	n/a	n/a	n/a	n/a	n/a	n/a	n/a	784.449397	n/a
784.468275	0.000000	156894	ttl	11	70	n/a	n/a	n/a	n/a	n/a	n/a	n/a	n/a	n/a	n/a	n/a	n/a	n/a	n/a	n/a	n/a	n/a	n/a	n/a	n/a	n/a	784.468275	n/a
785.426166	7.965875	157085	encoding	n/a	n/a	NB_8.mp4	70.0	789.426166	n/a	n/a	784.4682745	0	n/a	n/a	n/a	n/a	n/a	n/a	n/a	n/a	n/a	n/a	n/a	n/a	intervals/encoding_table	74	785.426166	793.392041
785.426166	0.000000	157085	ttl	1	70	n/a	n/a	n/a	n/a	n/a	n/a	n/a	n/a	n/a	n/a	n/a	n/a	n/a	n/a	n/a	n/a	n/a	n/a	n/a	n/a	n/a	785.426166	n/a
793.392041	0.000000	158678	ttl	2	70	n/a	n/a	n/a	n/a	n/a	n/a	n/a	n/a	n/a	n/a	n/a	n/a	n/a	n/a	n/a	n/a	n/a	n/a	n/a	n/a	n/a	793.392041	n/a
793.411274	0.000000	158682	ttl	11	70	n/a	n/a	n/a	n/a	n/a	n/a	n/a	n/a	n/a	n/a	n/a	n/a	n/a	n/a	n/a	n/a	n/a	n/a	n/a	n/a	n/a	793.411274	n/a
794.446637	8.667447	158889	encoding	n/a	n/a	NB_6.mp4	70.0	798.44663725	n/a	n/a	793.4112739999999	0	n/a	n/a	n/a	n/a	n/a	n/a	n/a	n/a	n/a	n/a	n/a	n/a	intervals/encoding_table	75	794.446637	803.114084
794.446637	0.000000	158889	ttl	1	70	n/a	n/a	n/a	n/a	n/a	n/a	n/a	n/a	n/a	n/a	n/a	n/a	n/a	n/a	n/a	n/a	n/a	n/a	n/a	n/a	n/a	794.446637	n/a
803.114084	0.000000	160623	ttl	2	70	n/a	n/a	n/a	n/a	n/a	n/a	n/a	n/a	n/a	n/a	n/a	n/a	n/a	n/a	n/a	n/a	n/a	n/a	n/a	n/a	n/a	803.114084	n/a
803.132989	0.000000	160627	ttl	11	70	n/a	n/a	n/a	n/a	n/a	n/a	n/a	n/a	n/a	n/a	n/a	n/a	n/a	n/a	n/a	n/a	n/a	n/a	n/a	n/a	n/a	803.132989	n/a
804.124397	8.265986	160825	encoding	n/a	n/a	NB_21.mp4	70.0	808.1243975	n/a	n/a	803.1329892499999	0	n/a	n/a	n/a	n/a	n/a	n/a	n/a	n/a	n/a	n/a	n/a	n/a	intervals/encoding_table	76	804.124397	812.390383
804.124397	0.000000	160825	ttl	1	70	n/a	n/a	n/a	n/a	n/a	n/a	n/a	n/a	n/a	n/a	n/a	n/a	n/a	n/a	n/a	n/a	n/a	n/a	n/a	n/a	n/a	804.124397	n/a
812.390383	0.000000	162478	ttl	2	70	n/a	n/a	n/a	n/a	n/a	n/a	n/a	n/a	n/a	n/a	n/a	n/a	n/a	n/a	n/a	n/a	n/a	n/a	n/a	n/a	n/a	812.390383	n/a
816.904218	0.000000	163381	ttl	11	70	n/a	n/a	n/a	n/a	n/a	n/a	n/a	n/a	n/a	n/a	n/a	n/a	n/a	n/a	n/a	n/a	n/a	n/a	n/a	n/a	n/a	816.904218	n/a
817.904061	7.996109	163581	encoding	n/a	n/a	NB_19.mp4	70.0	821.90406075	n/a	n/a	816.9042177499999	0	n/a	n/a	n/a	n/a	n/a	n/a	n/a	n/a	n/a	n/a	n/a	n/a	intervals/encoding_table	77	817.904061	825.900170
817.904061	0.000000	163581	ttl	1	70	n/a	n/a	n/a	n/a	n/a	n/a	n/a	n/a	n/a	n/a	n/a	n/a	n/a	n/a	n/a	n/a	n/a	n/a	n/a	n/a	n/a	817.904061	n/a
825.900170	0.000000	165180	ttl	2	70	n/a	n/a	n/a	n/a	n/a	n/a	n/a	n/a	n/a	n/a	n/a	n/a	n/a	n/a	n/a	n/a	n/a	n/a	n/a	n/a	n/a	825.900170	n/a
825.919089	0.000000	165184	ttl	11	70	n/a	n/a	n/a	n/a	n/a	n/a	n/a	n/a	n/a	n/a	n/a	n/a	n/a	n/a	n/a	n/a	n/a	n/a	n/a	n/a	n/a	825.919089	n/a
826.830785	7.796445	165366	encoding	n/a	n/a	HB_6.mp4	70.0	830.8307847499999	829.076695	833.1104305	825.919089	2	n/a	n/a	n/a	n/a	n/a	n/a	n/a	n/a	n/a	n/a	n/a	n/a	intervals/encoding_table	78	826.830785	834.627230
826.830785	0.000000	165366	ttl	1	70	n/a	n/a	n/a	n/a	n/a	n/a	n/a	n/a	n/a	n/a	n/a	n/a	n/a	n/a	n/a	n/a	n/a	n/a	n/a	n/a	n/a	826.830785	n/a
834.627230	0.000000	166925	ttl	2	70	n/a	n/a	n/a	n/a	n/a	n/a	n/a	n/a	n/a	n/a	n/a	n/a	n/a	n/a	n/a	n/a	n/a	n/a	n/a	n/a	n/a	834.627230	n/a
834.646151	0.000000	166929	ttl	11	70	n/a	n/a	n/a	n/a	n/a	n/a	n/a	n/a	n/a	n/a	n/a	n/a	n/a	n/a	n/a	n/a	n/a	n/a	n/a	n/a	n/a	834.646151	n/a
835.560872	8.033364	167112	encoding	n/a	n/a	HB_14.mp4	70.0	839.56087225	838.3085639999999	841.48263475	834.6461509999999	2	n/a	n/a	n/a	n/a	n/a	n/a	n/a	n/a	n/a	n/a	n/a	n/a	intervals/encoding_table	79	835.560872	843.594236
835.560872	0.000000	167112	ttl	1	70	n/a	n/a	n/a	n/a	n/a	n/a	n/a	n/a	n/a	n/a	n/a	n/a	n/a	n/a	n/a	n/a	n/a	n/a	n/a	n/a	n/a	835.560872	n/a
843.594236	0.000000	168719	ttl	2	70	n/a	n/a	n/a	n/a	n/a	n/a	n/a	n/a	n/a	n/a	n/a	n/a	n/a	n/a	n/a	n/a	n/a	n/a	n/a	n/a	n/a	843.594236	n/a
843.613155	0.000000	168723	ttl	11	70	n/a	n/a	n/a	n/a	n/a	n/a	n/a	n/a	n/a	n/a	n/a	n/a	n/a	n/a	n/a	n/a	n/a	n/a	n/a	n/a	n/a	843.613155	n/a
844.580730	8.050064	168916	encoding	n/a	n/a	HB_1.mp4	70.0	848.58073025	846.1327805	n/a	843.6131547499999	2	n/a	n/a	n/a	n/a	n/a	n/a	n/a	n/a	n/a	n/a	n/a	n/a	intervals/encoding_table	80	844.580730	852.630794
844.580730	0.000000	168916	ttl	1	70	n/a	n/a	n/a	n/a	n/a	n/a	n/a	n/a	n/a	n/a	n/a	n/a	n/a	n/a	n/a	n/a	n/a	n/a	n/a	n/a	n/a	844.580730	n/a
852.630794	0.000000	170526	ttl	2	70	n/a	n/a	n/a	n/a	n/a	n/a	n/a	n/a	n/a	n/a	n/a	n/a	n/a	n/a	n/a	n/a	n/a	n/a	n/a	n/a	n/a	852.630794	n/a
852.650051	0.000000	170530	ttl	11	70	n/a	n/a	n/a	n/a	n/a	n/a	n/a	n/a	n/a	n/a	n/a	n/a	n/a	n/a	n/a	n/a	n/a	n/a	n/a	n/a	n/a	852.650051	n/a
853.617265	7.966480	170723	encoding	n/a	n/a	SB_7.mp4	70.0	856.0097559999999	n/a	n/a	852.65005075	1	n/a	n/a	n/a	n/a	n/a	n/a	n/a	n/a	n/a	n/a	n/a	n/a	intervals/encoding_table	81	853.617265	861.583745
853.617265	0.000000	170723	ttl	1	70	n/a	n/a	n/a	n/a	n/a	n/a	n/a	n/a	n/a	n/a	n/a	n/a	n/a	n/a	n/a	n/a	n/a	n/a	n/a	n/a	n/a	853.617265	n/a
861.583745	0.000000	172317	ttl	2	70	n/a	n/a	n/a	n/a	n/a	n/a	n/a	n/a	n/a	n/a	n/a	n/a	n/a	n/a	n/a	n/a	n/a	n/a	n/a	n/a	n/a	861.583745	n/a
861.602685	0.000000	172321	ttl	11	70	n/a	n/a	n/a	n/a	n/a	n/a	n/a	n/a	n/a	n/a	n/a	n/a	n/a	n/a	n/a	n/a	n/a	n/a	n/a	n/a	n/a	861.602685	n/a
862.699677	7.947296	172540	encoding	n/a	n/a	HB_2.mp4	70.0	866.6996772499999	865.0590824999999	n/a	861.6026852499999	2	n/a	n/a	n/a	n/a	n/a	n/a	n/a	n/a	n/a	n/a	n/a	n/a	intervals/encoding_table	82	862.699677	870.646973
862.699677	0.000000	172540	ttl	1	70	n/a	n/a	n/a	n/a	n/a	n/a	n/a	n/a	n/a	n/a	n/a	n/a	n/a	n/a	n/a	n/a	n/a	n/a	n/a	n/a	n/a	862.699677	n/a
870.646973	0.000000	174129	ttl	2	70	n/a	n/a	n/a	n/a	n/a	n/a	n/a	n/a	n/a	n/a	n/a	n/a	n/a	n/a	n/a	n/a	n/a	n/a	n/a	n/a	n/a	870.646973	n/a
870.665938	0.000000	174133	ttl	11	70	n/a	n/a	n/a	n/a	n/a	n/a	n/a	n/a	n/a	n/a	n/a	n/a	n/a	n/a	n/a	n/a	n/a	n/a	n/a	n/a	n/a	870.665938	n/a
871.716271	8.032867	174343	encoding	n/a	n/a	NB_24.mp4	70.0	875.7162707499999	n/a	n/a	870.66593775	0	n/a	n/a	n/a	n/a	n/a	n/a	n/a	n/a	n/a	n/a	n/a	n/a	intervals/encoding_table	83	871.716271	879.749138
871.716271	0.000000	174343	ttl	1	70	n/a	n/a	n/a	n/a	n/a	n/a	n/a	n/a	n/a	n/a	n/a	n/a	n/a	n/a	n/a	n/a	n/a	n/a	n/a	n/a	n/a	871.716271	n/a
879.749138	0.000000	175950	ttl	2	70	n/a	n/a	n/a	n/a	n/a	n/a	n/a	n/a	n/a	n/a	n/a	n/a	n/a	n/a	n/a	n/a	n/a	n/a	n/a	n/a	n/a	879.749138	n/a
887.012159	0.000000	177402	ttl	11	70	n/a	n/a	n/a	n/a	n/a	n/a	n/a	n/a	n/a	n/a	n/a	n/a	n/a	n/a	n/a	n/a	n/a	n/a	n/a	n/a	n/a	887.012159	n/a
888.041465	8.265128	177608	encoding	n/a	n/a	HB_27.mp4	70.0	892.0414649999999	n/a	n/a	887.012159	2	n/a	n/a	n/a	n/a	n/a	n/a	n/a	n/a	n/a	n/a	n/a	n/a	intervals/encoding_table	84	888.041465	896.306593
888.041465	0.000000	177608	ttl	1	70	n/a	n/a	n/a	n/a	n/a	n/a	n/a	n/a	n/a	n/a	n/a	n/a	n/a	n/a	n/a	n/a	n/a	n/a	n/a	n/a	n/a	888.041465	n/a
896.306593	0.000000	179261	ttl	2	70	n/a	n/a	n/a	n/a	n/a	n/a	n/a	n/a	n/a	n/a	n/a	n/a	n/a	n/a	n/a	n/a	n/a	n/a	n/a	n/a	n/a	896.306593	n/a
896.325912	0.000000	179265	ttl	11	70	n/a	n/a	n/a	n/a	n/a	n/a	n/a	n/a	n/a	n/a	n/a	n/a	n/a	n/a	n/a	n/a	n/a	n/a	n/a	n/a	n/a	896.325912	n/a
897.402486	8.064830	179480	encoding	n/a	n/a	NB_22.mp4	70.0	901.40248575	n/a	n/a	896.3259125	0	n/a	n/a	n/a	n/a	n/a	n/a	n/a	n/a	n/a	n/a	n/a	n/a	intervals/encoding_table	85	897.402486	905.467315
897.402486	0.000000	179480	ttl	1	70	n/a	n/a	n/a	n/a	n/a	n/a	n/a	n/a	n/a	n/a	n/a	n/a	n/a	n/a	n/a	n/a	n/a	n/a	n/a	n/a	n/a	897.402486	n/a
905.467315	0.000000	181093	ttl	2	70	n/a	n/a	n/a	n/a	n/a	n/a	n/a	n/a	n/a	n/a	n/a	n/a	n/a	n/a	n/a	n/a	n/a	n/a	n/a	n/a	n/a	905.467315	n/a
905.486231	0.000000	181097	ttl	11	70	n/a	n/a	n/a	n/a	n/a	n/a	n/a	n/a	n/a	n/a	n/a	n/a	n/a	n/a	n/a	n/a	n/a	n/a	n/a	n/a	n/a	905.486231	n/a
906.488609	8.432882	181298	encoding	n/a	n/a	HB_22.mp4	70.0	910.48860925	n/a	n/a	905.48623125	2	n/a	n/a	n/a	n/a	n/a	n/a	n/a	n/a	n/a	n/a	n/a	n/a	intervals/encoding_table	86	906.488609	914.921491
906.488609	0.000000	181298	ttl	1	70	n/a	n/a	n/a	n/a	n/a	n/a	n/a	n/a	n/a	n/a	n/a	n/a	n/a	n/a	n/a	n/a	n/a	n/a	n/a	n/a	n/a	906.488609	n/a
914.921491	0.000000	182984	ttl	2	70	n/a	n/a	n/a	n/a	n/a	n/a	n/a	n/a	n/a	n/a	n/a	n/a	n/a	n/a	n/a	n/a	n/a	n/a	n/a	n/a	n/a	914.921491	n/a
914.940199	0.000000	182988	ttl	11	70	n/a	n/a	n/a	n/a	n/a	n/a	n/a	n/a	n/a	n/a	n/a	n/a	n/a	n/a	n/a	n/a	n/a	n/a	n/a	n/a	n/a	914.940199	n/a
915.915439	7.166065	183183	encoding	n/a	n/a	NB_20.mp4	70.0	919.91543925	n/a	n/a	914.9401987499999	0	n/a	n/a	n/a	n/a	n/a	n/a	n/a	n/a	n/a	n/a	n/a	n/a	intervals/encoding_table	87	915.915439	923.081504
915.915439	0.000000	183183	ttl	1	70	n/a	n/a	n/a	n/a	n/a	n/a	n/a	n/a	n/a	n/a	n/a	n/a	n/a	n/a	n/a	n/a	n/a	n/a	n/a	n/a	n/a	915.915439	n/a
923.081504	0.000000	184616	ttl	2	70	n/a	n/a	n/a	n/a	n/a	n/a	n/a	n/a	n/a	n/a	n/a	n/a	n/a	n/a	n/a	n/a	n/a	n/a	n/a	n/a	n/a	923.081504	n/a
923.100415	0.000000	184620	ttl	11	70	n/a	n/a	n/a	n/a	n/a	n/a	n/a	n/a	n/a	n/a	n/a	n/a	n/a	n/a	n/a	n/a	n/a	n/a	n/a	n/a	n/a	923.100415	n/a
924.177167	8.033322	184835	encoding	n/a	n/a	HB_9.mp4	70.0	928.1771669999999	926.6403365	930.0518139999999	923.1004147499999	2	n/a	n/a	n/a	n/a	n/a	n/a	n/a	n/a	n/a	n/a	n/a	n/a	intervals/encoding_table	88	924.177167	932.210488
924.177167	0.000000	184835	ttl	1	70	n/a	n/a	n/a	n/a	n/a	n/a	n/a	n/a	n/a	n/a	n/a	n/a	n/a	n/a	n/a	n/a	n/a	n/a	n/a	n/a	n/a	924.177167	n/a
932.210488	0.000000	186442	ttl	2	70	n/a	n/a	n/a	n/a	n/a	n/a	n/a	n/a	n/a	n/a	n/a	n/a	n/a	n/a	n/a	n/a	n/a	n/a	n/a	n/a	n/a	932.210488	n/a
933.621739	0.000000	186724	ttl	11	70	n/a	n/a	n/a	n/a	n/a	n/a	n/a	n/a	n/a	n/a	n/a	n/a	n/a	n/a	n/a	n/a	n/a	n/a	n/a	n/a	n/a	933.621739	n/a
934.570891	7.298875	186914	encoding	n/a	n/a	SB_8.mp4	70.0	938.3052984999999	n/a	n/a	933.62173875	1	n/a	n/a	n/a	n/a	n/a	n/a	n/a	n/a	n/a	n/a	n/a	n/a	intervals/encoding_table	89	934.570891	941.869766
934.570891	0.000000	186914	ttl	1	70	n/a	n/a	n/a	n/a	n/a	n/a	n/a	n/a	n/a	n/a	n/a	n/a	n/a	n/a	n/a	n/a	n/a	n/a	n/a	n/a	n/a	934.570891	n/a
941.869766	0.000000	188374	ttl	2	70	n/a	n/a	n/a	n/a	n/a	n/a	n/a	n/a	n/a	n/a	n/a	n/a	n/a	n/a	n/a	n/a	n/a	n/a	n/a	n/a	n/a	941.869766	n/a
941.929268	0.000000	188386	ttl	60	70	n/a	n/a	n/a	n/a	n/a	n/a	n/a	n/a	n/a	n/a	n/a	n/a	n/a	n/a	n/a	n/a	n/a	n/a	n/a	n/a	n/a	941.929268	n/a
1128.129563	0.000000	225626	ttl	61	71	n/a	n/a	n/a	n/a	n/a	n/a	n/a	n/a	n/a	n/a	n/a	n/a	n/a	n/a	n/a	n/a	n/a	n/a	n/a	n/a	n/a	1128.129563	n/a
1128.183951	0.000000	225637	ttl	11	71	n/a	n/a	n/a	n/a	n/a	n/a	n/a	n/a	n/a	n/a	n/a	n/a	n/a	n/a	n/a	n/a	n/a	n/a	n/a	n/a	n/a	1128.183951	n/a
1128.705840	1.554799	225741	scene_recognition	n/a	n/a	n/a	71.0	n/a	n/a	n/a	1128.1839505	n/a	1.266096959136803	2	1	3	NB_11_frameB.png	2	2	1131.526736	1	1	n/a	n/a	intervals/recognition_table	0	1128.705840	1130.260639
1128.705840	0.000000	225741	ttl	1	71	n/a	n/a	n/a	n/a	n/a	n/a	n/a	n/a	n/a	n/a	n/a	n/a	n/a	n/a	n/a	n/a	n/a	n/a	n/a	n/a	n/a	1128.705840	n/a
1130.260639	0.000000	226052	ttl	2	71	n/a	n/a	n/a	n/a	n/a	n/a	n/a	n/a	n/a	n/a	n/a	n/a	n/a	n/a	n/a	n/a	n/a	n/a	n/a	n/a	n/a	1130.260639	n/a
1131.526736	0.000000	226305	ttl	4	71	n/a	n/a	n/a	n/a	n/a	n/a	n/a	n/a	n/a	n/a	n/a	n/a	n/a	n/a	n/a	n/a	n/a	n/a	n/a	n/a	n/a	1131.526736	n/a
1131.556576	0.000000	226311	ttl	11	71	n/a	n/a	n/a	n/a	n/a	n/a	n/a	n/a	n/a	n/a	n/a	n/a	n/a	n/a	n/a	n/a	n/a	n/a	n/a	n/a	n/a	1131.556576	n/a
1132.138770	1.527767	226428	scene_recognition	n/a	n/a	n/a	71.0	n/a	n/a	n/a	1131.556576	n/a	1.0151791690138907	2	2	2	SB_6_frameA_foil.png	1	6	1134.681716	0	2	n/a	n/a	intervals/recognition_table	1	1132.138770	1133.666537
1132.138770	0.000000	226428	ttl	1	71	n/a	n/a	n/a	n/a	n/a	n/a	n/a	n/a	n/a	n/a	n/a	n/a	n/a	n/a	n/a	n/a	n/a	n/a	n/a	n/a	n/a	1132.138770	n/a
1133.666537	0.000000	226733	ttl	2	71	n/a	n/a	n/a	n/a	n/a	n/a	n/a	n/a	n/a	n/a	n/a	n/a	n/a	n/a	n/a	n/a	n/a	n/a	n/a	n/a	n/a	1133.666537	n/a
1134.681716	0.000000	226936	ttl	4	71	n/a	n/a	n/a	n/a	n/a	n/a	n/a	n/a	n/a	n/a	n/a	n/a	n/a	n/a	n/a	n/a	n/a	n/a	n/a	n/a	n/a	1134.681716	n/a
1134.707894	0.000000	226942	ttl	11	71	n/a	n/a	n/a	n/a	n/a	n/a	n/a	n/a	n/a	n/a	n/a	n/a	n/a	n/a	n/a	n/a	n/a	n/a	n/a	n/a	n/a	1134.707894	n/a
1135.229662	1.527803	227046	scene_recognition	n/a	n/a	n/a	71.0	n/a	n/a	n/a	1134.7078944999998	n/a	1.557136476516007	2	3	3	HB_2_frameB.png	2	2	1138.31460125	1	3	n/a	n/a	intervals/recognition_table	2	1135.229662	1136.757465
1135.229662	0.000000	227046	ttl	1	71	n/a	n/a	n/a	n/a	n/a	n/a	n/a	n/a	n/a	n/a	n/a	n/a	n/a	n/a	n/a	n/a	n/a	n/a	n/a	n/a	n/a	1135.229662	n/a
1136.757465	0.000000	227351	ttl	2	71	n/a	n/a	n/a	n/a	n/a	n/a	n/a	n/a	n/a	n/a	n/a	n/a	n/a	n/a	n/a	n/a	n/a	n/a	n/a	n/a	n/a	1136.757465	n/a
1138.314601	0.000000	227663	ttl	4	71	n/a	n/a	n/a	n/a	n/a	n/a	n/a	n/a	n/a	n/a	n/a	n/a	n/a	n/a	n/a	n/a	n/a	n/a	n/a	n/a	n/a	1138.314601	n/a
1138.331915	0.000000	227666	ttl	11	71	n/a	n/a	n/a	n/a	n/a	n/a	n/a	n/a	n/a	n/a	n/a	n/a	n/a	n/a	n/a	n/a	n/a	n/a	n/a	n/a	n/a	1138.331915	n/a
1138.853858	1.528612	227771	scene_recognition	n/a	n/a	n/a	71.0	n/a	n/a	n/a	1138.3319152499998	n/a	2.8812874624284177	2	3	3	HB_3_frameA.png	2	2	1143.26375725	1	4	n/a	n/a	intervals/recognition_table	3	1138.853858	1140.382470
1138.853858	0.000000	227771	ttl	1	71	n/a	n/a	n/a	n/a	n/a	n/a	n/a	n/a	n/a	n/a	n/a	n/a	n/a	n/a	n/a	n/a	n/a	n/a	n/a	n/a	n/a	1138.853858	n/a
1140.382470	0.000000	228076	ttl	2	71	n/a	n/a	n/a	n/a	n/a	n/a	n/a	n/a	n/a	n/a	n/a	n/a	n/a	n/a	n/a	n/a	n/a	n/a	n/a	n/a	n/a	1140.382470	n/a
1143.263757	0.000000	228653	ttl	4	71	n/a	n/a	n/a	n/a	n/a	n/a	n/a	n/a	n/a	n/a	n/a	n/a	n/a	n/a	n/a	n/a	n/a	n/a	n/a	n/a	n/a	1143.263757	n/a
1143.277253	0.000000	228655	ttl	11	71	n/a	n/a	n/a	n/a	n/a	n/a	n/a	n/a	n/a	n/a	n/a	n/a	n/a	n/a	n/a	n/a	n/a	n/a	n/a	n/a	n/a	1143.277253	n/a
1143.799331	1.550551	228760	scene_recognition	n/a	n/a	n/a	71.0	n/a	n/a	n/a	1143.277253	n/a	0.384088294972571	2	2	2	SB_4_frameB.png	2	3	1145.7339695	1	5	n/a	n/a	intervals/recognition_table	4	1143.799331	1145.349881
1143.799331	0.000000	228760	ttl	1	71	n/a	n/a	n/a	n/a	n/a	n/a	n/a	n/a	n/a	n/a	n/a	n/a	n/a	n/a	n/a	n/a	n/a	n/a	n/a	n/a	n/a	1143.799331	n/a
1145.349881	0.000000	229070	ttl	2	71	n/a	n/a	n/a	n/a	n/a	n/a	n/a	n/a	n/a	n/a	n/a	n/a	n/a	n/a	n/a	n/a	n/a	n/a	n/a	n/a	n/a	1145.349881	n/a
1145.733970	0.000000	229147	ttl	4	71	n/a	n/a	n/a	n/a	n/a	n/a	n/a	n/a	n/a	n/a	n/a	n/a	n/a	n/a	n/a	n/a	n/a	n/a	n/a	n/a	n/a	1145.733970	n/a
1145.750639	0.000000	229150	ttl	11	71	n/a	n/a	n/a	n/a	n/a	n/a	n/a	n/a	n/a	n/a	n/a	n/a	n/a	n/a	n/a	n/a	n/a	n/a	n/a	n/a	n/a	1145.750639	n/a
1146.332589	1.547366	229267	scene_recognition	n/a	n/a	n/a	71.0	n/a	n/a	n/a	1145.75063925	n/a	1.3140444379864675	2	2	2	SB_5_frameA.png	2	3	1149.1939995	1	6	n/a	n/a	intervals/recognition_table	5	1146.332589	1147.879955
1146.332589	0.000000	229267	ttl	1	71	n/a	n/a	n/a	n/a	n/a	n/a	n/a	n/a	n/a	n/a	n/a	n/a	n/a	n/a	n/a	n/a	n/a	n/a	n/a	n/a	n/a	1146.332589	n/a
1147.879955	0.000000	229576	ttl	2	71	n/a	n/a	n/a	n/a	n/a	n/a	n/a	n/a	n/a	n/a	n/a	n/a	n/a	n/a	n/a	n/a	n/a	n/a	n/a	n/a	n/a	1147.879955	n/a
1149.194000	0.000000	229839	ttl	4	71	n/a	n/a	n/a	n/a	n/a	n/a	n/a	n/a	n/a	n/a	n/a	n/a	n/a	n/a	n/a	n/a	n/a	n/a	n/a	n/a	n/a	1149.194000	n/a
1149.211249	0.000000	229842	ttl	11	71	n/a	n/a	n/a	n/a	n/a	n/a	n/a	n/a	n/a	n/a	n/a	n/a	n/a	n/a	n/a	n/a	n/a	n/a	n/a	n/a	n/a	1149.211249	n/a
1149.733004	1.527824	229947	scene_recognition	n/a	n/a	n/a	71.0	n/a	n/a	n/a	1149.21124925	n/a	1.753599020850288	2	3	3	HB_8_frameA_foil.png	1	7	1153.01442725	0	7	n/a	n/a	intervals/recognition_table	6	1149.733004	1151.260828
1149.733004	0.000000	229947	ttl	1	71	n/a	n/a	n/a	n/a	n/a	n/a	n/a	n/a	n/a	n/a	n/a	n/a	n/a	n/a	n/a	n/a	n/a	n/a	n/a	n/a	n/a	1149.733004	n/a
1151.260828	0.000000	230252	ttl	2	71	n/a	n/a	n/a	n/a	n/a	n/a	n/a	n/a	n/a	n/a	n/a	n/a	n/a	n/a	n/a	n/a	n/a	n/a	n/a	n/a	n/a	1151.260828	n/a
1153.014427	0.000000	230603	ttl	4	71	n/a	n/a	n/a	n/a	n/a	n/a	n/a	n/a	n/a	n/a	n/a	n/a	n/a	n/a	n/a	n/a	n/a	n/a	n/a	n/a	n/a	1153.014427	n/a
1153.036403	0.000000	230607	ttl	11	71	n/a	n/a	n/a	n/a	n/a	n/a	n/a	n/a	n/a	n/a	n/a	n/a	n/a	n/a	n/a	n/a	n/a	n/a	n/a	n/a	n/a	1153.036403	n/a
1153.618496	1.527136	230724	scene_recognition	n/a	n/a	n/a	71.0	n/a	n/a	n/a	1153.0364029999998	n/a	2.6229694620715236	2	1	3	NB_10_frameB_foil.png	1	7	1157.7686019999999	0	8	n/a	n/a	intervals/recognition_table	7	1153.618496	1155.145632
1153.618496	0.000000	230724	ttl	1	71	n/a	n/a	n/a	n/a	n/a	n/a	n/a	n/a	n/a	n/a	n/a	n/a	n/a	n/a	n/a	n/a	n/a	n/a	n/a	n/a	n/a	1153.618496	n/a
1155.145632	0.000000	231029	ttl	2	71	n/a	n/a	n/a	n/a	n/a	n/a	n/a	n/a	n/a	n/a	n/a	n/a	n/a	n/a	n/a	n/a	n/a	n/a	n/a	n/a	n/a	1155.145632	n/a
1157.768602	0.000000	231554	ttl	4	71	n/a	n/a	n/a	n/a	n/a	n/a	n/a	n/a	n/a	n/a	n/a	n/a	n/a	n/a	n/a	n/a	n/a	n/a	n/a	n/a	n/a	1157.768602	n/a
1157.791230	0.000000	231558	ttl	11	71	n/a	n/a	n/a	n/a	n/a	n/a	n/a	n/a	n/a	n/a	n/a	n/a	n/a	n/a	n/a	n/a	n/a	n/a	n/a	n/a	n/a	1157.791230	n/a
1158.373337	1.547012	231675	scene_recognition	n/a	n/a	n/a	71.0	n/a	n/a	n/a	1157.79123025	n/a	0.25464780007223453	2	2	2	SB_7_frameB_foil.png	1	6	1160.17499675	0	9	n/a	n/a	intervals/recognition_table	8	1158.373337	1159.920349
1158.373337	0.000000	231675	ttl	1	71	n/a	n/a	n/a	n/a	n/a	n/a	n/a	n/a	n/a	n/a	n/a	n/a	n/a	n/a	n/a	n/a	n/a	n/a	n/a	n/a	n/a	1158.373337	n/a
1159.920349	0.000000	231984	ttl	2	71	n/a	n/a	n/a	n/a	n/a	n/a	n/a	n/a	n/a	n/a	n/a	n/a	n/a	n/a	n/a	n/a	n/a	n/a	n/a	n/a	n/a	1159.920349	n/a
1160.174997	0.000000	232035	ttl	4	71	n/a	n/a	n/a	n/a	n/a	n/a	n/a	n/a	n/a	n/a	n/a	n/a	n/a	n/a	n/a	n/a	n/a	n/a	n/a	n/a	n/a	1160.174997	n/a
1160.185528	0.000000	232037	ttl	11	71	n/a	n/a	n/a	n/a	n/a	n/a	n/a	n/a	n/a	n/a	n/a	n/a	n/a	n/a	n/a	n/a	n/a	n/a	n/a	n/a	n/a	1160.185528	n/a
1160.727604	1.527181	232146	scene_recognition	n/a	n/a	n/a	71.0	n/a	n/a	n/a	1160.18552775	n/a	1.6830702867996479	2	1	3	NB_7_frameA_foil.png	1	7	1163.93785525	0	10	n/a	n/a	intervals/recognition_table	9	1160.727604	1162.254785
1160.727604	0.000000	232146	ttl	1	71	n/a	n/a	n/a	n/a	n/a	n/a	n/a	n/a	n/a	n/a	n/a	n/a	n/a	n/a	n/a	n/a	n/a	n/a	n/a	n/a	n/a	1160.727604	n/a
1162.254785	0.000000	232451	ttl	2	71	n/a	n/a	n/a	n/a	n/a	n/a	n/a	n/a	n/a	n/a	n/a	n/a	n/a	n/a	n/a	n/a	n/a	n/a	n/a	n/a	n/a	1162.254785	n/a
1163.937855	0.000000	232788	ttl	4	71	n/a	n/a	n/a	n/a	n/a	n/a	n/a	n/a	n/a	n/a	n/a	n/a	n/a	n/a	n/a	n/a	n/a	n/a	n/a	n/a	n/a	1163.937855	n/a
1163.961698	0.000000	232792	ttl	11	71	n/a	n/a	n/a	n/a	n/a	n/a	n/a	n/a	n/a	n/a	n/a	n/a	n/a	n/a	n/a	n/a	n/a	n/a	n/a	n/a	n/a	1163.961698	n/a
1164.563936	1.547168	232913	scene_recognition	n/a	n/a	n/a	71.0	n/a	n/a	n/a	1163.96169775	n/a	1.4615969668354865	2	3	3	HB_4_frameA.png	2	2	1167.572702	1	11	n/a	n/a	intervals/recognition_table	10	1164.563936	1166.111105
1164.563936	0.000000	232913	ttl	1	71	n/a	n/a	n/a	n/a	n/a	n/a	n/a	n/a	n/a	n/a	n/a	n/a	n/a	n/a	n/a	n/a	n/a	n/a	n/a	n/a	n/a	1164.563936	n/a
1166.111105	0.000000	233222	ttl	2	71	n/a	n/a	n/a	n/a	n/a	n/a	n/a	n/a	n/a	n/a	n/a	n/a	n/a	n/a	n/a	n/a	n/a	n/a	n/a	n/a	n/a	1166.111105	n/a
1167.572702	0.000000	233515	ttl	4	71	n/a	n/a	n/a	n/a	n/a	n/a	n/a	n/a	n/a	n/a	n/a	n/a	n/a	n/a	n/a	n/a	n/a	n/a	n/a	n/a	n/a	1167.572702	n/a
1167.582620	0.000000	233517	ttl	11	71	n/a	n/a	n/a	n/a	n/a	n/a	n/a	n/a	n/a	n/a	n/a	n/a	n/a	n/a	n/a	n/a	n/a	n/a	n/a	n/a	n/a	1167.582620	n/a
1168.124590	1.527381	233625	scene_recognition	n/a	n/a	n/a	71.0	n/a	n/a	n/a	1167.5826204999998	n/a	4.133275918566824	2	1	3	NB_25_frameA_foil.png	1	7	1173.7852464999999	0	12	n/a	n/a	intervals/recognition_table	11	1168.124590	1169.651970
1168.124590	0.000000	233625	ttl	1	71	n/a	n/a	n/a	n/a	n/a	n/a	n/a	n/a	n/a	n/a	n/a	n/a	n/a	n/a	n/a	n/a	n/a	n/a	n/a	n/a	n/a	1168.124590	n/a
1169.651970	0.000000	233930	ttl	2	71	n/a	n/a	n/a	n/a	n/a	n/a	n/a	n/a	n/a	n/a	n/a	n/a	n/a	n/a	n/a	n/a	n/a	n/a	n/a	n/a	n/a	1169.651970	n/a
1173.785246	0.000000	234757	ttl	4	71	n/a	n/a	n/a	n/a	n/a	n/a	n/a	n/a	n/a	n/a	n/a	n/a	n/a	n/a	n/a	n/a	n/a	n/a	n/a	n/a	n/a	1173.785246	n/a
1173.805274	0.000000	234761	ttl	11	71	n/a	n/a	n/a	n/a	n/a	n/a	n/a	n/a	n/a	n/a	n/a	n/a	n/a	n/a	n/a	n/a	n/a	n/a	n/a	n/a	n/a	1173.805274	n/a
1174.387030	1.547759	234877	scene_recognition	n/a	n/a	n/a	71.0	n/a	n/a	n/a	1173.80527425	n/a	1.9084825758291117	2	3	3	HB_3_frameA.png	2	2	1177.84327225	1	13	n/a	n/a	intervals/recognition_table	12	1174.387030	1175.934789
1174.387030	0.000000	234877	ttl	1	71	n/a	n/a	n/a	n/a	n/a	n/a	n/a	n/a	n/a	n/a	n/a	n/a	n/a	n/a	n/a	n/a	n/a	n/a	n/a	n/a	n/a	1174.387030	n/a
1175.934789	0.000000	235187	ttl	2	71	n/a	n/a	n/a	n/a	n/a	n/a	n/a	n/a	n/a	n/a	n/a	n/a	n/a	n/a	n/a	n/a	n/a	n/a	n/a	n/a	n/a	1175.934789	n/a
1177.843272	0.000000	235569	ttl	4	71	n/a	n/a	n/a	n/a	n/a	n/a	n/a	n/a	n/a	n/a	n/a	n/a	n/a	n/a	n/a	n/a	n/a	n/a	n/a	n/a	n/a	1177.843272	n/a
1177.852724	0.000000	235571	ttl	11	71	n/a	n/a	n/a	n/a	n/a	n/a	n/a	n/a	n/a	n/a	n/a	n/a	n/a	n/a	n/a	n/a	n/a	n/a	n/a	n/a	n/a	1177.852724	n/a
1178.354402	1.547181	235671	scene_recognition	n/a	n/a	n/a	71.0	n/a	n/a	n/a	1177.8527239999999	n/a	0.36002612486936414	2	3	3	HB_6_frameB_foil.png	1	7	1180.26160925	0	14	n/a	n/a	intervals/recognition_table	13	1178.354402	1179.901583
1178.354402	0.000000	235671	ttl	1	71	n/a	n/a	n/a	n/a	n/a	n/a	n/a	n/a	n/a	n/a	n/a	n/a	n/a	n/a	n/a	n/a	n/a	n/a	n/a	n/a	n/a	1178.354402	n/a
1179.901583	0.000000	235980	ttl	2	71	n/a	n/a	n/a	n/a	n/a	n/a	n/a	n/a	n/a	n/a	n/a	n/a	n/a	n/a	n/a	n/a	n/a	n/a	n/a	n/a	n/a	1179.901583	n/a
1180.261609	0.000000	236052	ttl	4	71	n/a	n/a	n/a	n/a	n/a	n/a	n/a	n/a	n/a	n/a	n/a	n/a	n/a	n/a	n/a	n/a	n/a	n/a	n/a	n/a	n/a	1180.261609	n/a
1180.283021	0.000000	236057	ttl	11	71	n/a	n/a	n/a	n/a	n/a	n/a	n/a	n/a	n/a	n/a	n/a	n/a	n/a	n/a	n/a	n/a	n/a	n/a	n/a	n/a	n/a	1180.283021	n/a
1180.864992	1.547315	236173	scene_recognition	n/a	n/a	n/a	71.0	n/a	n/a	n/a	1180.2830207499999	n/a	2.104880367731994	2	2	2	SB_3_frameB_foil.png	1	6	1184.5171874999999	0	15	n/a	n/a	intervals/recognition_table	14	1180.864992	1182.412307
1180.864992	0.000000	236173	ttl	1	71	n/a	n/a	n/a	n/a	n/a	n/a	n/a	n/a	n/a	n/a	n/a	n/a	n/a	n/a	n/a	n/a	n/a	n/a	n/a	n/a	n/a	1180.864992	n/a
1182.412307	0.000000	236482	ttl	2	71	n/a	n/a	n/a	n/a	n/a	n/a	n/a	n/a	n/a	n/a	n/a	n/a	n/a	n/a	n/a	n/a	n/a	n/a	n/a	n/a	n/a	1182.412307	n/a
1184.517187	0.000000	236903	ttl	4	71	n/a	n/a	n/a	n/a	n/a	n/a	n/a	n/a	n/a	n/a	n/a	n/a	n/a	n/a	n/a	n/a	n/a	n/a	n/a	n/a	n/a	1184.517187	n/a
1184.536694	0.000000	236907	ttl	11	71	n/a	n/a	n/a	n/a	n/a	n/a	n/a	n/a	n/a	n/a	n/a	n/a	n/a	n/a	n/a	n/a	n/a	n/a	n/a	n/a	n/a	1184.536694	n/a
1185.058265	1.547404	237012	scene_recognition	n/a	n/a	n/a	71.0	n/a	n/a	n/a	1184.53669375	n/a	0.0023013070258457446	2	1	3	NB_4_frameB_foil.png	1	7	1186.6079705	0	16	n/a	n/a	intervals/recognition_table	15	1185.058265	1186.605669
1185.058265	0.000000	237012	ttl	1	71	n/a	n/a	n/a	n/a	n/a	n/a	n/a	n/a	n/a	n/a	n/a	n/a	n/a	n/a	n/a	n/a	n/a	n/a	n/a	n/a	n/a	1185.058265	n/a
1186.605669	0.000000	237321	ttl	2	71	n/a	n/a	n/a	n/a	n/a	n/a	n/a	n/a	n/a	n/a	n/a	n/a	n/a	n/a	n/a	n/a	n/a	n/a	n/a	n/a	n/a	1186.605669	n/a
1186.607970	0.000000	237322	ttl	4	71	n/a	n/a	n/a	n/a	n/a	n/a	n/a	n/a	n/a	n/a	n/a	n/a	n/a	n/a	n/a	n/a	n/a	n/a	n/a	n/a	n/a	1186.607970	n/a
1186.631350	0.000000	237326	ttl	11	71	n/a	n/a	n/a	n/a	n/a	n/a	n/a	n/a	n/a	n/a	n/a	n/a	n/a	n/a	n/a	n/a	n/a	n/a	n/a	n/a	n/a	1186.631350	n/a
1187.193219	1.527214	237439	scene_recognition	n/a	n/a	n/a	71.0	n/a	n/a	n/a	1186.6313499999999	n/a	1.063808147701593	2	3	3	HB_7_frameB_foil.png	1	7	1189.78424125	0	17	n/a	n/a	intervals/recognition_table	16	1187.193219	1188.720433
1187.193219	0.000000	237439	ttl	1	71	n/a	n/a	n/a	n/a	n/a	n/a	n/a	n/a	n/a	n/a	n/a	n/a	n/a	n/a	n/a	n/a	n/a	n/a	n/a	n/a	n/a	1187.193219	n/a
1188.720433	0.000000	237744	ttl	2	71	n/a	n/a	n/a	n/a	n/a	n/a	n/a	n/a	n/a	n/a	n/a	n/a	n/a	n/a	n/a	n/a	n/a	n/a	n/a	n/a	n/a	1188.720433	n/a
1189.784241	0.000000	237957	ttl	4	71	n/a	n/a	n/a	n/a	n/a	n/a	n/a	n/a	n/a	n/a	n/a	n/a	n/a	n/a	n/a	n/a	n/a	n/a	n/a	n/a	n/a	1189.784241	n/a
1189.792714	0.000000	237959	ttl	11	71	n/a	n/a	n/a	n/a	n/a	n/a	n/a	n/a	n/a	n/a	n/a	n/a	n/a	n/a	n/a	n/a	n/a	n/a	n/a	n/a	n/a	1189.792714	n/a
1190.394806	1.527428	238079	scene_recognition	n/a	n/a	n/a	71.0	n/a	n/a	n/a	1189.792714	n/a	0.2554977414249606	2	1	2	NB_6_frameA.png	2	3	1192.17773175	1	18	n/a	n/a	intervals/recognition_table	17	1190.394806	1191.922234
1190.394806	0.000000	238079	ttl	1	71	n/a	n/a	n/a	n/a	n/a	n/a	n/a	n/a	n/a	n/a	n/a	n/a	n/a	n/a	n/a	n/a	n/a	n/a	n/a	n/a	n/a	1190.394806	n/a
1191.922234	0.000000	238384	ttl	2	71	n/a	n/a	n/a	n/a	n/a	n/a	n/a	n/a	n/a	n/a	n/a	n/a	n/a	n/a	n/a	n/a	n/a	n/a	n/a	n/a	n/a	1191.922234	n/a
1192.177732	0.000000	238436	ttl	4	71	n/a	n/a	n/a	n/a	n/a	n/a	n/a	n/a	n/a	n/a	n/a	n/a	n/a	n/a	n/a	n/a	n/a	n/a	n/a	n/a	n/a	1192.177732	n/a
1192.190092	0.000000	238438	ttl	11	71	n/a	n/a	n/a	n/a	n/a	n/a	n/a	n/a	n/a	n/a	n/a	n/a	n/a	n/a	n/a	n/a	n/a	n/a	n/a	n/a	n/a	1192.190092	n/a
1192.732083	1.547973	238546	scene_recognition	n/a	n/a	n/a	71.0	n/a	n/a	n/a	1192.1900925	n/a	0.30667912490935123	2	1	3	NB_14_frameB_foil.png	1	7	1194.5867349999999	0	19	n/a	n/a	intervals/recognition_table	18	1192.732083	1194.280056
1192.732083	0.000000	238546	ttl	1	71	n/a	n/a	n/a	n/a	n/a	n/a	n/a	n/a	n/a	n/a	n/a	n/a	n/a	n/a	n/a	n/a	n/a	n/a	n/a	n/a	n/a	1192.732083	n/a
1194.280056	0.000000	238856	ttl	2	71	n/a	n/a	n/a	n/a	n/a	n/a	n/a	n/a	n/a	n/a	n/a	n/a	n/a	n/a	n/a	n/a	n/a	n/a	n/a	n/a	n/a	1194.280056	n/a
1194.586735	0.000000	238917	ttl	4	71	n/a	n/a	n/a	n/a	n/a	n/a	n/a	n/a	n/a	n/a	n/a	n/a	n/a	n/a	n/a	n/a	n/a	n/a	n/a	n/a	n/a	1194.586735	n/a
1194.602378	0.000000	238920	ttl	11	71	n/a	n/a	n/a	n/a	n/a	n/a	n/a	n/a	n/a	n/a	n/a	n/a	n/a	n/a	n/a	n/a	n/a	n/a	n/a	n/a	n/a	1194.602378	n/a
1195.184314	1.527107	239037	scene_recognition	n/a	n/a	n/a	71.0	n/a	n/a	n/a	1194.60237825	n/a	0.8525329178721677	2	2	1	SB_2_frameA.png	2	4	1197.563954	1	20	n/a	n/a	intervals/recognition_table	19	1195.184314	1196.711421
1195.184314	0.000000	239037	ttl	1	71	n/a	n/a	n/a	n/a	n/a	n/a	n/a	n/a	n/a	n/a	n/a	n/a	n/a	n/a	n/a	n/a	n/a	n/a	n/a	n/a	n/a	1195.184314	n/a
1196.711421	0.000000	239342	ttl	2	71	n/a	n/a	n/a	n/a	n/a	n/a	n/a	n/a	n/a	n/a	n/a	n/a	n/a	n/a	n/a	n/a	n/a	n/a	n/a	n/a	n/a	1196.711421	n/a
1197.563954	0.000000	239513	ttl	4	71	n/a	n/a	n/a	n/a	n/a	n/a	n/a	n/a	n/a	n/a	n/a	n/a	n/a	n/a	n/a	n/a	n/a	n/a	n/a	n/a	n/a	1197.563954	n/a
1197.574320	0.000000	239515	ttl	11	71	n/a	n/a	n/a	n/a	n/a	n/a	n/a	n/a	n/a	n/a	n/a	n/a	n/a	n/a	n/a	n/a	n/a	n/a	n/a	n/a	n/a	1197.574320	n/a
1198.136238	1.527200	239627	scene_recognition	n/a	n/a	n/a	71.0	n/a	n/a	n/a	1197.5743204999999	n/a	1.8867102259464446	2	3	3	HB_2_frameB_foil.png	1	7	1201.55014775	0	21	n/a	n/a	intervals/recognition_table	20	1198.136238	1199.663437
1198.136238	0.000000	239627	ttl	1	71	n/a	n/a	n/a	n/a	n/a	n/a	n/a	n/a	n/a	n/a	n/a	n/a	n/a	n/a	n/a	n/a	n/a	n/a	n/a	n/a	n/a	1198.136238	n/a
1199.663437	0.000000	239933	ttl	2	71	n/a	n/a	n/a	n/a	n/a	n/a	n/a	n/a	n/a	n/a	n/a	n/a	n/a	n/a	n/a	n/a	n/a	n/a	n/a	n/a	n/a	1199.663437	n/a
1201.550148	0.000000	240310	ttl	4	71	n/a	n/a	n/a	n/a	n/a	n/a	n/a	n/a	n/a	n/a	n/a	n/a	n/a	n/a	n/a	n/a	n/a	n/a	n/a	n/a	n/a	1201.550148	n/a
1201.558634	0.000000	240312	ttl	11	71	n/a	n/a	n/a	n/a	n/a	n/a	n/a	n/a	n/a	n/a	n/a	n/a	n/a	n/a	n/a	n/a	n/a	n/a	n/a	n/a	n/a	1201.558634	n/a
1202.160668	1.547157	240432	scene_recognition	n/a	n/a	n/a	71.0	n/a	n/a	n/a	1201.5586342499998	n/a	1.6677341761194384	2	2	2	SB_4_frameA_foil.png	1	6	1205.3755589999998	0	22	n/a	n/a	intervals/recognition_table	21	1202.160668	1203.707825
1202.160668	0.000000	240432	ttl	1	71	n/a	n/a	n/a	n/a	n/a	n/a	n/a	n/a	n/a	n/a	n/a	n/a	n/a	n/a	n/a	n/a	n/a	n/a	n/a	n/a	n/a	1202.160668	n/a
1203.707825	0.000000	240742	ttl	2	71	n/a	n/a	n/a	n/a	n/a	n/a	n/a	n/a	n/a	n/a	n/a	n/a	n/a	n/a	n/a	n/a	n/a	n/a	n/a	n/a	n/a	1203.707825	n/a
1205.375559	0.000000	241075	ttl	4	71	n/a	n/a	n/a	n/a	n/a	n/a	n/a	n/a	n/a	n/a	n/a	n/a	n/a	n/a	n/a	n/a	n/a	n/a	n/a	n/a	n/a	1205.375559	n/a
1205.381668	0.000000	241076	ttl	11	71	n/a	n/a	n/a	n/a	n/a	n/a	n/a	n/a	n/a	n/a	n/a	n/a	n/a	n/a	n/a	n/a	n/a	n/a	n/a	n/a	n/a	1205.381668	n/a
1205.983926	1.527171	241197	scene_recognition	n/a	n/a	n/a	71.0	n/a	n/a	n/a	1205.38166775	n/a	0.4759284881010899	2	2	2	SB_4_frameB_foil.png	1	6	1207.98702575	0	23	n/a	n/a	intervals/recognition_table	22	1205.983926	1207.511097
1205.983926	0.000000	241197	ttl	1	71	n/a	n/a	n/a	n/a	n/a	n/a	n/a	n/a	n/a	n/a	n/a	n/a	n/a	n/a	n/a	n/a	n/a	n/a	n/a	n/a	n/a	1205.983926	n/a
1207.511097	0.000000	241502	ttl	2	71	n/a	n/a	n/a	n/a	n/a	n/a	n/a	n/a	n/a	n/a	n/a	n/a	n/a	n/a	n/a	n/a	n/a	n/a	n/a	n/a	n/a	1207.511097	n/a
1207.987026	0.000000	241597	ttl	4	71	n/a	n/a	n/a	n/a	n/a	n/a	n/a	n/a	n/a	n/a	n/a	n/a	n/a	n/a	n/a	n/a	n/a	n/a	n/a	n/a	n/a	1207.987026	n/a
1208.004452	0.000000	241601	ttl	11	71	n/a	n/a	n/a	n/a	n/a	n/a	n/a	n/a	n/a	n/a	n/a	n/a	n/a	n/a	n/a	n/a	n/a	n/a	n/a	n/a	n/a	1208.004452	n/a
1208.566519	1.547195	241713	scene_recognition	n/a	n/a	n/a	71.0	n/a	n/a	n/a	1208.004452	n/a	1.8751646709538363	2	1	3	NB_23_frameA_foil.png	1	7	1211.9888795	0	24	n/a	n/a	intervals/recognition_table	23	1208.566519	1210.113715
1208.566519	0.000000	241713	ttl	1	71	n/a	n/a	n/a	n/a	n/a	n/a	n/a	n/a	n/a	n/a	n/a	n/a	n/a	n/a	n/a	n/a	n/a	n/a	n/a	n/a	n/a	1208.566519	n/a
1210.113715	0.000000	242023	ttl	2	71	n/a	n/a	n/a	n/a	n/a	n/a	n/a	n/a	n/a	n/a	n/a	n/a	n/a	n/a	n/a	n/a	n/a	n/a	n/a	n/a	n/a	1210.113715	n/a
1211.988879	0.000000	242398	ttl	4	71	n/a	n/a	n/a	n/a	n/a	n/a	n/a	n/a	n/a	n/a	n/a	n/a	n/a	n/a	n/a	n/a	n/a	n/a	n/a	n/a	n/a	1211.988879	n/a
1212.012434	0.000000	242402	ttl	11	71	n/a	n/a	n/a	n/a	n/a	n/a	n/a	n/a	n/a	n/a	n/a	n/a	n/a	n/a	n/a	n/a	n/a	n/a	n/a	n/a	n/a	1212.012434	n/a
1212.554260	1.547083	242511	scene_recognition	n/a	n/a	n/a	71.0	n/a	n/a	n/a	1212.0124345	n/a	1.26425088557653	2	3	2	HB_1_frameA.png	2	3	1215.3655935	1	25	n/a	n/a	intervals/recognition_table	24	1212.554260	1214.101343
1212.554260	0.000000	242511	ttl	1	71	n/a	n/a	n/a	n/a	n/a	n/a	n/a	n/a	n/a	n/a	n/a	n/a	n/a	n/a	n/a	n/a	n/a	n/a	n/a	n/a	n/a	1212.554260	n/a
1214.101343	0.000000	242820	ttl	2	71	n/a	n/a	n/a	n/a	n/a	n/a	n/a	n/a	n/a	n/a	n/a	n/a	n/a	n/a	n/a	n/a	n/a	n/a	n/a	n/a	n/a	1214.101343	n/a
1215.365593	0.000000	243073	ttl	4	71	n/a	n/a	n/a	n/a	n/a	n/a	n/a	n/a	n/a	n/a	n/a	n/a	n/a	n/a	n/a	n/a	n/a	n/a	n/a	n/a	n/a	1215.365593	n/a
1215.381747	0.000000	243076	ttl	11	71	n/a	n/a	n/a	n/a	n/a	n/a	n/a	n/a	n/a	n/a	n/a	n/a	n/a	n/a	n/a	n/a	n/a	n/a	n/a	n/a	n/a	1215.381747	n/a
1215.943503	1.527371	243189	scene_recognition	n/a	n/a	n/a	71.0	n/a	n/a	n/a	1215.38174725	n/a	0.5795083194832387	2	3	3	HB_9_frameB_foil.png	1	7	1218.05038175	0	26	n/a	n/a	intervals/recognition_table	25	1215.943503	1217.470873
1215.943503	0.000000	243189	ttl	1	71	n/a	n/a	n/a	n/a	n/a	n/a	n/a	n/a	n/a	n/a	n/a	n/a	n/a	n/a	n/a	n/a	n/a	n/a	n/a	n/a	n/a	1215.943503	n/a
1217.470873	0.000000	243494	ttl	2	71	n/a	n/a	n/a	n/a	n/a	n/a	n/a	n/a	n/a	n/a	n/a	n/a	n/a	n/a	n/a	n/a	n/a	n/a	n/a	n/a	n/a	1217.470873	n/a
1218.050382	0.000000	243610	ttl	4	71	n/a	n/a	n/a	n/a	n/a	n/a	n/a	n/a	n/a	n/a	n/a	n/a	n/a	n/a	n/a	n/a	n/a	n/a	n/a	n/a	n/a	1218.050382	n/a
1218.058796	0.000000	243612	ttl	11	71	n/a	n/a	n/a	n/a	n/a	n/a	n/a	n/a	n/a	n/a	n/a	n/a	n/a	n/a	n/a	n/a	n/a	n/a	n/a	n/a	n/a	1218.058796	n/a
1218.560510	1.547249	243712	scene_recognition	n/a	n/a	n/a	71.0	n/a	n/a	n/a	1218.0587965	n/a	3.5958732728070117	2	2	2	SB_1_frameB_foil.png	1	6	1223.7036325	0	27	n/a	n/a	intervals/recognition_table	26	1218.560510	1220.107759
1218.560510	0.000000	243712	ttl	1	71	n/a	n/a	n/a	n/a	n/a	n/a	n/a	n/a	n/a	n/a	n/a	n/a	n/a	n/a	n/a	n/a	n/a	n/a	n/a	n/a	n/a	1218.560510	n/a
1220.107759	0.000000	244022	ttl	2	71	n/a	n/a	n/a	n/a	n/a	n/a	n/a	n/a	n/a	n/a	n/a	n/a	n/a	n/a	n/a	n/a	n/a	n/a	n/a	n/a	n/a	1220.107759	n/a
1223.703632	0.000000	244741	ttl	4	71	n/a	n/a	n/a	n/a	n/a	n/a	n/a	n/a	n/a	n/a	n/a	n/a	n/a	n/a	n/a	n/a	n/a	n/a	n/a	n/a	n/a	1223.703632	n/a
1223.712753	0.000000	244743	ttl	11	71	n/a	n/a	n/a	n/a	n/a	n/a	n/a	n/a	n/a	n/a	n/a	n/a	n/a	n/a	n/a	n/a	n/a	n/a	n/a	n/a	n/a	1223.712753	n/a
1224.234335	1.527262	244847	scene_recognition	n/a	n/a	n/a	71.0	n/a	n/a	n/a	1223.712753	n/a	1.6181646707450454	2	1	3	NB_14_frameA.png	2	2	1227.3797614999999	1	28	n/a	n/a	intervals/recognition_table	27	1224.234335	1225.761597
1224.234335	0.000000	244847	ttl	1	71	n/a	n/a	n/a	n/a	n/a	n/a	n/a	n/a	n/a	n/a	n/a	n/a	n/a	n/a	n/a	n/a	n/a	n/a	n/a	n/a	n/a	1224.234335	n/a
1225.761597	0.000000	245152	ttl	2	71	n/a	n/a	n/a	n/a	n/a	n/a	n/a	n/a	n/a	n/a	n/a	n/a	n/a	n/a	n/a	n/a	n/a	n/a	n/a	n/a	n/a	1225.761597	n/a
1227.379761	0.000000	245476	ttl	4	71	n/a	n/a	n/a	n/a	n/a	n/a	n/a	n/a	n/a	n/a	n/a	n/a	n/a	n/a	n/a	n/a	n/a	n/a	n/a	n/a	n/a	1227.379761	n/a
1227.390919	0.000000	245478	ttl	11	71	n/a	n/a	n/a	n/a	n/a	n/a	n/a	n/a	n/a	n/a	n/a	n/a	n/a	n/a	n/a	n/a	n/a	n/a	n/a	n/a	n/a	1227.390919	n/a
1227.953015	1.547158	245591	scene_recognition	n/a	n/a	n/a	71.0	n/a	n/a	n/a	1227.390919	n/a	1.690252221094397	2	2	2	SB_4_frameB.png	2	3	1231.19042575	1	29	n/a	n/a	intervals/recognition_table	28	1227.953015	1229.500173
1227.953015	0.000000	245591	ttl	1	71	n/a	n/a	n/a	n/a	n/a	n/a	n/a	n/a	n/a	n/a	n/a	n/a	n/a	n/a	n/a	n/a	n/a	n/a	n/a	n/a	n/a	1227.953015	n/a
1229.500173	0.000000	245900	ttl	2	71	n/a	n/a	n/a	n/a	n/a	n/a	n/a	n/a	n/a	n/a	n/a	n/a	n/a	n/a	n/a	n/a	n/a	n/a	n/a	n/a	n/a	1229.500173	n/a
1231.190426	0.000000	246238	ttl	4	71	n/a	n/a	n/a	n/a	n/a	n/a	n/a	n/a	n/a	n/a	n/a	n/a	n/a	n/a	n/a	n/a	n/a	n/a	n/a	n/a	n/a	1231.190426	n/a
1231.205395	0.000000	246241	ttl	11	71	n/a	n/a	n/a	n/a	n/a	n/a	n/a	n/a	n/a	n/a	n/a	n/a	n/a	n/a	n/a	n/a	n/a	n/a	n/a	n/a	n/a	1231.205395	n/a
1231.767437	1.527143	246353	scene_recognition	n/a	n/a	n/a	71.0	n/a	n/a	n/a	1231.2053955	n/a	1.2710188022585953	2	2	2	SB_3_frameB_foil.png	1	6	1234.5655984999999	0	30	n/a	n/a	intervals/recognition_table	29	1231.767437	1233.294580
1231.767437	0.000000	246353	ttl	1	71	n/a	n/a	n/a	n/a	n/a	n/a	n/a	n/a	n/a	n/a	n/a	n/a	n/a	n/a	n/a	n/a	n/a	n/a	n/a	n/a	n/a	1231.767437	n/a
1233.294580	0.000000	246659	ttl	2	71	n/a	n/a	n/a	n/a	n/a	n/a	n/a	n/a	n/a	n/a	n/a	n/a	n/a	n/a	n/a	n/a	n/a	n/a	n/a	n/a	n/a	1233.294580	n/a
1234.565598	0.000000	246913	ttl	4	71	n/a	n/a	n/a	n/a	n/a	n/a	n/a	n/a	n/a	n/a	n/a	n/a	n/a	n/a	n/a	n/a	n/a	n/a	n/a	n/a	n/a	1234.565598	n/a
1234.574233	0.000000	246915	ttl	11	71	n/a	n/a	n/a	n/a	n/a	n/a	n/a	n/a	n/a	n/a	n/a	n/a	n/a	n/a	n/a	n/a	n/a	n/a	n/a	n/a	n/a	1234.574233	n/a
1235.136278	1.547196	247027	scene_recognition	n/a	n/a	n/a	71.0	n/a	n/a	n/a	1234.574233	n/a	0.058088609001288205	2	2	2	SB_1_frameB.png	2	3	1236.7415617499998	1	31	n/a	n/a	intervals/recognition_table	30	1235.136278	1236.683473
1235.136278	0.000000	247027	ttl	1	71	n/a	n/a	n/a	n/a	n/a	n/a	n/a	n/a	n/a	n/a	n/a	n/a	n/a	n/a	n/a	n/a	n/a	n/a	n/a	n/a	n/a	1235.136278	n/a
1236.683473	0.000000	247337	ttl	2	71	n/a	n/a	n/a	n/a	n/a	n/a	n/a	n/a	n/a	n/a	n/a	n/a	n/a	n/a	n/a	n/a	n/a	n/a	n/a	n/a	n/a	1236.683473	n/a
1236.741562	0.000000	247348	ttl	4	71	n/a	n/a	n/a	n/a	n/a	n/a	n/a	n/a	n/a	n/a	n/a	n/a	n/a	n/a	n/a	n/a	n/a	n/a	n/a	n/a	n/a	1236.741562	n/a
1236.753262	0.000000	247351	ttl	11	71	n/a	n/a	n/a	n/a	n/a	n/a	n/a	n/a	n/a	n/a	n/a	n/a	n/a	n/a	n/a	n/a	n/a	n/a	n/a	n/a	n/a	1236.753262	n/a
1237.254815	1.527346	247451	scene_recognition	n/a	n/a	n/a	71.0	n/a	n/a	n/a	1236.7532617499999	n/a	2.079972609054721	2	3	2	HB_1_frameB.png	2	3	1240.862134	1	32	n/a	n/a	intervals/recognition_table	31	1237.254815	1238.782161
1237.254815	0.000000	247451	ttl	1	71	n/a	n/a	n/a	n/a	n/a	n/a	n/a	n/a	n/a	n/a	n/a	n/a	n/a	n/a	n/a	n/a	n/a	n/a	n/a	n/a	n/a	1237.254815	n/a
1238.782161	0.000000	247756	ttl	2	71	n/a	n/a	n/a	n/a	n/a	n/a	n/a	n/a	n/a	n/a	n/a	n/a	n/a	n/a	n/a	n/a	n/a	n/a	n/a	n/a	n/a	1238.782161	n/a
1240.862134	0.000000	248172	ttl	4	71	n/a	n/a	n/a	n/a	n/a	n/a	n/a	n/a	n/a	n/a	n/a	n/a	n/a	n/a	n/a	n/a	n/a	n/a	n/a	n/a	n/a	1240.862134	n/a
1240.883685	0.000000	248177	ttl	11	71	n/a	n/a	n/a	n/a	n/a	n/a	n/a	n/a	n/a	n/a	n/a	n/a	n/a	n/a	n/a	n/a	n/a	n/a	n/a	n/a	n/a	1240.883685	n/a
1241.385543	1.547170	248277	scene_recognition	n/a	n/a	n/a	71.0	n/a	n/a	n/a	1240.883685	n/a	1.9840748195092601	2	2	2	SB_6_frameA_foil.png	1	6	1244.9167882499999	0	33	n/a	n/a	intervals/recognition_table	32	1241.385543	1242.932713
1241.385543	0.000000	248277	ttl	1	71	n/a	n/a	n/a	n/a	n/a	n/a	n/a	n/a	n/a	n/a	n/a	n/a	n/a	n/a	n/a	n/a	n/a	n/a	n/a	n/a	n/a	1241.385543	n/a
1242.932713	0.000000	248587	ttl	2	71	n/a	n/a	n/a	n/a	n/a	n/a	n/a	n/a	n/a	n/a	n/a	n/a	n/a	n/a	n/a	n/a	n/a	n/a	n/a	n/a	n/a	1242.932713	n/a
1244.916788	0.000000	248983	ttl	4	71	n/a	n/a	n/a	n/a	n/a	n/a	n/a	n/a	n/a	n/a	n/a	n/a	n/a	n/a	n/a	n/a	n/a	n/a	n/a	n/a	n/a	1244.916788	n/a
1244.925879	0.000000	248985	ttl	11	71	n/a	n/a	n/a	n/a	n/a	n/a	n/a	n/a	n/a	n/a	n/a	n/a	n/a	n/a	n/a	n/a	n/a	n/a	n/a	n/a	n/a	1244.925879	n/a
1245.487535	1.527448	249098	scene_recognition	n/a	n/a	n/a	71.0	n/a	n/a	n/a	1244.92587925	n/a	1.3832159164612676	2	1	3	NB_9_frameA_foil.png	1	7	1248.398199	0	34	n/a	n/a	intervals/recognition_table	33	1245.487535	1247.014983
1245.487535	0.000000	249098	ttl	1	71	n/a	n/a	n/a	n/a	n/a	n/a	n/a	n/a	n/a	n/a	n/a	n/a	n/a	n/a	n/a	n/a	n/a	n/a	n/a	n/a	n/a	1245.487535	n/a
1247.014983	0.000000	249403	ttl	2	71	n/a	n/a	n/a	n/a	n/a	n/a	n/a	n/a	n/a	n/a	n/a	n/a	n/a	n/a	n/a	n/a	n/a	n/a	n/a	n/a	n/a	1247.014983	n/a
1248.398199	0.000000	249680	ttl	4	71	n/a	n/a	n/a	n/a	n/a	n/a	n/a	n/a	n/a	n/a	n/a	n/a	n/a	n/a	n/a	n/a	n/a	n/a	n/a	n/a	n/a	1248.398199	n/a
1248.404763	0.000000	249681	ttl	11	71	n/a	n/a	n/a	n/a	n/a	n/a	n/a	n/a	n/a	n/a	n/a	n/a	n/a	n/a	n/a	n/a	n/a	n/a	n/a	n/a	n/a	1248.404763	n/a
1248.966952	1.527314	249793	scene_recognition	n/a	n/a	n/a	71.0	n/a	n/a	n/a	1248.40476275	n/a	2.9158782530555527	2	1	3	NB_10_frameA.png	2	2	1253.4101437499999	1	35	n/a	n/a	intervals/recognition_table	34	1248.966952	1250.494265
1248.966952	0.000000	249793	ttl	1	71	n/a	n/a	n/a	n/a	n/a	n/a	n/a	n/a	n/a	n/a	n/a	n/a	n/a	n/a	n/a	n/a	n/a	n/a	n/a	n/a	n/a	1248.966952	n/a
1250.494265	0.000000	250099	ttl	2	71	n/a	n/a	n/a	n/a	n/a	n/a	n/a	n/a	n/a	n/a	n/a	n/a	n/a	n/a	n/a	n/a	n/a	n/a	n/a	n/a	n/a	1250.494265	n/a
1253.410144	0.000000	250682	ttl	4	71	n/a	n/a	n/a	n/a	n/a	n/a	n/a	n/a	n/a	n/a	n/a	n/a	n/a	n/a	n/a	n/a	n/a	n/a	n/a	n/a	n/a	1253.410144	n/a
1253.420020	0.000000	250684	ttl	11	71	n/a	n/a	n/a	n/a	n/a	n/a	n/a	n/a	n/a	n/a	n/a	n/a	n/a	n/a	n/a	n/a	n/a	n/a	n/a	n/a	n/a	1253.420020	n/a
1253.981704	1.527370	250796	scene_recognition	n/a	n/a	n/a	71.0	n/a	n/a	n/a	1253.42002	n/a	0.2953929990553661	2	3	2	HB_7_frameA_foil.png	1	6	1255.804468	0	36	n/a	n/a	intervals/recognition_table	35	1253.981704	1255.509075
1253.981704	0.000000	250796	ttl	1	71	n/a	n/a	n/a	n/a	n/a	n/a	n/a	n/a	n/a	n/a	n/a	n/a	n/a	n/a	n/a	n/a	n/a	n/a	n/a	n/a	n/a	1253.981704	n/a
1255.509075	0.000000	251102	ttl	2	71	n/a	n/a	n/a	n/a	n/a	n/a	n/a	n/a	n/a	n/a	n/a	n/a	n/a	n/a	n/a	n/a	n/a	n/a	n/a	n/a	n/a	1255.509075	n/a
1255.804468	0.000000	251161	ttl	4	71	n/a	n/a	n/a	n/a	n/a	n/a	n/a	n/a	n/a	n/a	n/a	n/a	n/a	n/a	n/a	n/a	n/a	n/a	n/a	n/a	n/a	1255.804468	n/a
1255.819091	0.000000	251164	ttl	11	71	n/a	n/a	n/a	n/a	n/a	n/a	n/a	n/a	n/a	n/a	n/a	n/a	n/a	n/a	n/a	n/a	n/a	n/a	n/a	n/a	n/a	1255.819091	n/a
1256.360817	1.527547	251272	scene_recognition	n/a	n/a	n/a	71.0	n/a	n/a	n/a	1255.8190909999998	n/a	1.4949620201246034	2	1	3	NB_21_frameB.png	2	2	1259.3833264999998	1	37	n/a	n/a	intervals/recognition_table	36	1256.360817	1257.888364
1256.360817	0.000000	251272	ttl	1	71	n/a	n/a	n/a	n/a	n/a	n/a	n/a	n/a	n/a	n/a	n/a	n/a	n/a	n/a	n/a	n/a	n/a	n/a	n/a	n/a	n/a	1256.360817	n/a
1257.888364	0.000000	251578	ttl	2	71	n/a	n/a	n/a	n/a	n/a	n/a	n/a	n/a	n/a	n/a	n/a	n/a	n/a	n/a	n/a	n/a	n/a	n/a	n/a	n/a	n/a	1257.888364	n/a
1259.383326	0.000000	251877	ttl	4	71	n/a	n/a	n/a	n/a	n/a	n/a	n/a	n/a	n/a	n/a	n/a	n/a	n/a	n/a	n/a	n/a	n/a	n/a	n/a	n/a	n/a	1259.383326	n/a
1259.406826	0.000000	251881	ttl	11	71	n/a	n/a	n/a	n/a	n/a	n/a	n/a	n/a	n/a	n/a	n/a	n/a	n/a	n/a	n/a	n/a	n/a	n/a	n/a	n/a	n/a	1259.406826	n/a
1259.928505	1.567393	251986	scene_recognition	n/a	n/a	n/a	71.0	n/a	n/a	n/a	1259.406826	n/a	0.3855872198475936	2	3	1	HB_8_frameA_foil.png	1	5	1261.88148525	0	38	n/a	n/a	intervals/recognition_table	37	1259.928505	1261.495898
1259.928505	0.000000	251986	ttl	1	71	n/a	n/a	n/a	n/a	n/a	n/a	n/a	n/a	n/a	n/a	n/a	n/a	n/a	n/a	n/a	n/a	n/a	n/a	n/a	n/a	n/a	1259.928505	n/a
1261.495898	0.000000	252299	ttl	2	71	n/a	n/a	n/a	n/a	n/a	n/a	n/a	n/a	n/a	n/a	n/a	n/a	n/a	n/a	n/a	n/a	n/a	n/a	n/a	n/a	n/a	1261.495898	n/a
1261.881485	0.000000	252376	ttl	4	71	n/a	n/a	n/a	n/a	n/a	n/a	n/a	n/a	n/a	n/a	n/a	n/a	n/a	n/a	n/a	n/a	n/a	n/a	n/a	n/a	n/a	1261.881485	n/a
1261.894965	0.000000	252379	ttl	11	71	n/a	n/a	n/a	n/a	n/a	n/a	n/a	n/a	n/a	n/a	n/a	n/a	n/a	n/a	n/a	n/a	n/a	n/a	n/a	n/a	n/a	1261.894965	n/a
1262.436852	1.547435	252487	scene_recognition	n/a	n/a	n/a	71.0	n/a	n/a	n/a	1261.8949645	n/a	1.826174143727485	2	3	2	HB_1_frameB_foil.png	1	6	1265.8104615	0	39	n/a	n/a	intervals/recognition_table	38	1262.436852	1263.984287
1262.436852	0.000000	252487	ttl	1	71	n/a	n/a	n/a	n/a	n/a	n/a	n/a	n/a	n/a	n/a	n/a	n/a	n/a	n/a	n/a	n/a	n/a	n/a	n/a	n/a	n/a	1262.436852	n/a
1263.984287	0.000000	252797	ttl	2	71	n/a	n/a	n/a	n/a	n/a	n/a	n/a	n/a	n/a	n/a	n/a	n/a	n/a	n/a	n/a	n/a	n/a	n/a	n/a	n/a	n/a	1263.984287	n/a
1265.810461	0.000000	253162	ttl	4	71	n/a	n/a	n/a	n/a	n/a	n/a	n/a	n/a	n/a	n/a	n/a	n/a	n/a	n/a	n/a	n/a	n/a	n/a	n/a	n/a	n/a	1265.810461	n/a
1265.827494	0.000000	253165	ttl	11	71	n/a	n/a	n/a	n/a	n/a	n/a	n/a	n/a	n/a	n/a	n/a	n/a	n/a	n/a	n/a	n/a	n/a	n/a	n/a	n/a	n/a	1265.827494	n/a
1266.369371	1.527464	253274	scene_recognition	n/a	n/a	n/a	71.0	n/a	n/a	n/a	1265.827494	n/a	1.2556777956713177	2	3	2	HB_1_frameA_foil.png	1	6	1269.1525132499999	0	40	n/a	n/a	intervals/recognition_table	39	1266.369371	1267.896835
1266.369371	0.000000	253274	ttl	1	71	n/a	n/a	n/a	n/a	n/a	n/a	n/a	n/a	n/a	n/a	n/a	n/a	n/a	n/a	n/a	n/a	n/a	n/a	n/a	n/a	n/a	1266.369371	n/a
1267.896835	0.000000	253579	ttl	2	71	n/a	n/a	n/a	n/a	n/a	n/a	n/a	n/a	n/a	n/a	n/a	n/a	n/a	n/a	n/a	n/a	n/a	n/a	n/a	n/a	n/a	1267.896835	n/a
1269.152513	0.000000	253831	ttl	4	71	n/a	n/a	n/a	n/a	n/a	n/a	n/a	n/a	n/a	n/a	n/a	n/a	n/a	n/a	n/a	n/a	n/a	n/a	n/a	n/a	n/a	1269.152513	n/a
1269.163138	0.000000	253833	ttl	11	71	n/a	n/a	n/a	n/a	n/a	n/a	n/a	n/a	n/a	n/a	n/a	n/a	n/a	n/a	n/a	n/a	n/a	n/a	n/a	n/a	n/a	1269.163138	n/a
1269.664946	1.527213	253933	scene_recognition	n/a	n/a	n/a	71.0	n/a	n/a	n/a	1269.16313775	n/a	0.32627307302982445	2	2	1	SB_9_frameA_foil.png	1	5	1271.5184319999998	0	41	n/a	n/a	intervals/recognition_table	40	1269.664946	1271.192159
1269.664946	0.000000	253933	ttl	1	71	n/a	n/a	n/a	n/a	n/a	n/a	n/a	n/a	n/a	n/a	n/a	n/a	n/a	n/a	n/a	n/a	n/a	n/a	n/a	n/a	n/a	1269.664946	n/a
1271.192159	0.000000	254238	ttl	2	71	n/a	n/a	n/a	n/a	n/a	n/a	n/a	n/a	n/a	n/a	n/a	n/a	n/a	n/a	n/a	n/a	n/a	n/a	n/a	n/a	n/a	1271.192159	n/a
1271.518432	0.000000	254304	ttl	4	71	n/a	n/a	n/a	n/a	n/a	n/a	n/a	n/a	n/a	n/a	n/a	n/a	n/a	n/a	n/a	n/a	n/a	n/a	n/a	n/a	n/a	1271.518432	n/a
1271.527823	0.000000	254306	ttl	11	71	n/a	n/a	n/a	n/a	n/a	n/a	n/a	n/a	n/a	n/a	n/a	n/a	n/a	n/a	n/a	n/a	n/a	n/a	n/a	n/a	n/a	1271.527823	n/a
1272.089828	1.547228	254418	scene_recognition	n/a	n/a	n/a	71.0	n/a	n/a	n/a	1271.527823	n/a	0.7979913535680225	2	3	3	HB_2_frameA.png	2	2	1274.435047	1	42	n/a	n/a	intervals/recognition_table	41	1272.089828	1273.637056
1272.089828	0.000000	254418	ttl	1	71	n/a	n/a	n/a	n/a	n/a	n/a	n/a	n/a	n/a	n/a	n/a	n/a	n/a	n/a	n/a	n/a	n/a	n/a	n/a	n/a	n/a	1272.089828	n/a
1273.637056	0.000000	254727	ttl	2	71	n/a	n/a	n/a	n/a	n/a	n/a	n/a	n/a	n/a	n/a	n/a	n/a	n/a	n/a	n/a	n/a	n/a	n/a	n/a	n/a	n/a	1273.637056	n/a
1274.435047	0.000000	254887	ttl	4	71	n/a	n/a	n/a	n/a	n/a	n/a	n/a	n/a	n/a	n/a	n/a	n/a	n/a	n/a	n/a	n/a	n/a	n/a	n/a	n/a	n/a	1274.435047	n/a
1274.459568	0.000000	254892	ttl	11	71	n/a	n/a	n/a	n/a	n/a	n/a	n/a	n/a	n/a	n/a	n/a	n/a	n/a	n/a	n/a	n/a	n/a	n/a	n/a	n/a	n/a	1274.459568	n/a
1275.001597	1.547161	255000	scene_recognition	n/a	n/a	n/a	71.0	n/a	n/a	n/a	1274.459568	n/a	0.11517389805771927	2	3	3	HB_7_frameA.png	2	2	1276.6639317499998	1	43	n/a	n/a	intervals/recognition_table	42	1275.001597	1276.548758
1275.001597	0.000000	255000	ttl	1	71	n/a	n/a	n/a	n/a	n/a	n/a	n/a	n/a	n/a	n/a	n/a	n/a	n/a	n/a	n/a	n/a	n/a	n/a	n/a	n/a	n/a	1275.001597	n/a
1276.548758	0.000000	255310	ttl	2	71	n/a	n/a	n/a	n/a	n/a	n/a	n/a	n/a	n/a	n/a	n/a	n/a	n/a	n/a	n/a	n/a	n/a	n/a	n/a	n/a	n/a	1276.548758	n/a
1276.663932	0.000000	255333	ttl	4	71	n/a	n/a	n/a	n/a	n/a	n/a	n/a	n/a	n/a	n/a	n/a	n/a	n/a	n/a	n/a	n/a	n/a	n/a	n/a	n/a	n/a	1276.663932	n/a
1276.674592	0.000000	255335	ttl	11	71	n/a	n/a	n/a	n/a	n/a	n/a	n/a	n/a	n/a	n/a	n/a	n/a	n/a	n/a	n/a	n/a	n/a	n/a	n/a	n/a	n/a	1276.674592	n/a
1277.256727	1.527448	255451	scene_recognition	n/a	n/a	n/a	71.0	n/a	n/a	n/a	1276.67459225	n/a	0.9320123334371146	2	3	3	HB_5_frameA.png	2	2	1279.7161875	1	44	n/a	n/a	intervals/recognition_table	43	1277.256727	1278.784175
1277.256727	0.000000	255451	ttl	1	71	n/a	n/a	n/a	n/a	n/a	n/a	n/a	n/a	n/a	n/a	n/a	n/a	n/a	n/a	n/a	n/a	n/a	n/a	n/a	n/a	n/a	1277.256727	n/a
1278.784175	0.000000	255757	ttl	2	71	n/a	n/a	n/a	n/a	n/a	n/a	n/a	n/a	n/a	n/a	n/a	n/a	n/a	n/a	n/a	n/a	n/a	n/a	n/a	n/a	n/a	1278.784175	n/a
1279.716187	0.000000	255943	ttl	4	71	n/a	n/a	n/a	n/a	n/a	n/a	n/a	n/a	n/a	n/a	n/a	n/a	n/a	n/a	n/a	n/a	n/a	n/a	n/a	n/a	n/a	1279.716187	n/a
1279.734480	0.000000	255947	ttl	11	71	n/a	n/a	n/a	n/a	n/a	n/a	n/a	n/a	n/a	n/a	n/a	n/a	n/a	n/a	n/a	n/a	n/a	n/a	n/a	n/a	n/a	1279.734480	n/a
1280.236271	1.547295	256047	scene_recognition	n/a	n/a	n/a	71.0	n/a	n/a	n/a	1279.7344799999998	n/a	2.367787312431801	2	1	3	NB_18_frameB_foil.png	1	7	1284.1513535	0	45	n/a	n/a	intervals/recognition_table	44	1280.236271	1281.783566
1280.236271	0.000000	256047	ttl	1	71	n/a	n/a	n/a	n/a	n/a	n/a	n/a	n/a	n/a	n/a	n/a	n/a	n/a	n/a	n/a	n/a	n/a	n/a	n/a	n/a	n/a	1280.236271	n/a
1281.783566	0.000000	256357	ttl	2	71	n/a	n/a	n/a	n/a	n/a	n/a	n/a	n/a	n/a	n/a	n/a	n/a	n/a	n/a	n/a	n/a	n/a	n/a	n/a	n/a	n/a	1281.783566	n/a
1284.151353	0.000000	256830	ttl	4	71	n/a	n/a	n/a	n/a	n/a	n/a	n/a	n/a	n/a	n/a	n/a	n/a	n/a	n/a	n/a	n/a	n/a	n/a	n/a	n/a	n/a	1284.151353	n/a
1284.156999	0.000000	256831	ttl	11	71	n/a	n/a	n/a	n/a	n/a	n/a	n/a	n/a	n/a	n/a	n/a	n/a	n/a	n/a	n/a	n/a	n/a	n/a	n/a	n/a	n/a	1284.156999	n/a
1284.759019	1.547177	256952	scene_recognition	n/a	n/a	n/a	71.0	n/a	n/a	n/a	1284.156999	n/a	0.4032939452154096	2	3	2	HB_3_frameB.png	2	3	1286.70949	1	46	n/a	n/a	intervals/recognition_table	45	1284.759019	1286.306196
1284.759019	0.000000	256952	ttl	1	71	n/a	n/a	n/a	n/a	n/a	n/a	n/a	n/a	n/a	n/a	n/a	n/a	n/a	n/a	n/a	n/a	n/a	n/a	n/a	n/a	n/a	1284.759019	n/a
1286.306196	0.000000	257261	ttl	2	71	n/a	n/a	n/a	n/a	n/a	n/a	n/a	n/a	n/a	n/a	n/a	n/a	n/a	n/a	n/a	n/a	n/a	n/a	n/a	n/a	n/a	1286.306196	n/a
1286.709490	0.000000	257342	ttl	4	71	n/a	n/a	n/a	n/a	n/a	n/a	n/a	n/a	n/a	n/a	n/a	n/a	n/a	n/a	n/a	n/a	n/a	n/a	n/a	n/a	n/a	1286.709490	n/a
1286.723212	0.000000	257345	ttl	11	71	n/a	n/a	n/a	n/a	n/a	n/a	n/a	n/a	n/a	n/a	n/a	n/a	n/a	n/a	n/a	n/a	n/a	n/a	n/a	n/a	n/a	1286.723212	n/a
1287.265033	1.527150	257453	scene_recognition	n/a	n/a	n/a	71.0	n/a	n/a	n/a	1286.72321225	n/a	3.818426977129775	2	1	3	NB_29_frameB.png	2	2	1292.6106097499999	1	47	n/a	n/a	intervals/recognition_table	46	1287.265033	1288.792183
1287.265033	0.000000	257453	ttl	1	71	n/a	n/a	n/a	n/a	n/a	n/a	n/a	n/a	n/a	n/a	n/a	n/a	n/a	n/a	n/a	n/a	n/a	n/a	n/a	n/a	n/a	1287.265033	n/a
1288.792183	0.000000	257758	ttl	2	71	n/a	n/a	n/a	n/a	n/a	n/a	n/a	n/a	n/a	n/a	n/a	n/a	n/a	n/a	n/a	n/a	n/a	n/a	n/a	n/a	n/a	1288.792183	n/a
1292.610610	0.000000	258522	ttl	4	71	n/a	n/a	n/a	n/a	n/a	n/a	n/a	n/a	n/a	n/a	n/a	n/a	n/a	n/a	n/a	n/a	n/a	n/a	n/a	n/a	n/a	1292.610610	n/a
1292.626168	0.000000	258525	ttl	11	71	n/a	n/a	n/a	n/a	n/a	n/a	n/a	n/a	n/a	n/a	n/a	n/a	n/a	n/a	n/a	n/a	n/a	n/a	n/a	n/a	n/a	1292.626168	n/a
1293.208345	1.527102	258642	scene_recognition	n/a	n/a	n/a	71.0	n/a	n/a	n/a	1292.62616775	n/a	1.765684486941609	2	3	3	HB_5_frameA_foil.png	1	7	1296.5011312499998	0	48	n/a	n/a	intervals/recognition_table	47	1293.208345	1294.735447
1293.208345	0.000000	258642	ttl	1	71	n/a	n/a	n/a	n/a	n/a	n/a	n/a	n/a	n/a	n/a	n/a	n/a	n/a	n/a	n/a	n/a	n/a	n/a	n/a	n/a	n/a	1293.208345	n/a
1294.735447	0.000000	258947	ttl	2	71	n/a	n/a	n/a	n/a	n/a	n/a	n/a	n/a	n/a	n/a	n/a	n/a	n/a	n/a	n/a	n/a	n/a	n/a	n/a	n/a	n/a	1294.735447	n/a
1296.501131	0.000000	259300	ttl	4	71	n/a	n/a	n/a	n/a	n/a	n/a	n/a	n/a	n/a	n/a	n/a	n/a	n/a	n/a	n/a	n/a	n/a	n/a	n/a	n/a	n/a	1296.501131	n/a
1296.517872	0.000000	259304	ttl	11	71	n/a	n/a	n/a	n/a	n/a	n/a	n/a	n/a	n/a	n/a	n/a	n/a	n/a	n/a	n/a	n/a	n/a	n/a	n/a	n/a	n/a	1296.517872	n/a
1297.079816	1.527365	259416	scene_recognition	n/a	n/a	n/a	71.0	n/a	n/a	n/a	1296.517872	n/a	0.24163143328269143	2	2	1	SB_6_frameB.png	2	4	1298.84881325	1	49	n/a	n/a	intervals/recognition_table	48	1297.079816	1298.607182
1297.079816	0.000000	259416	ttl	1	71	n/a	n/a	n/a	n/a	n/a	n/a	n/a	n/a	n/a	n/a	n/a	n/a	n/a	n/a	n/a	n/a	n/a	n/a	n/a	n/a	n/a	1297.079816	n/a
1298.607182	0.000000	259721	ttl	2	71	n/a	n/a	n/a	n/a	n/a	n/a	n/a	n/a	n/a	n/a	n/a	n/a	n/a	n/a	n/a	n/a	n/a	n/a	n/a	n/a	n/a	1298.607182	n/a
1298.848813	0.000000	259770	ttl	4	71	n/a	n/a	n/a	n/a	n/a	n/a	n/a	n/a	n/a	n/a	n/a	n/a	n/a	n/a	n/a	n/a	n/a	n/a	n/a	n/a	n/a	1298.848813	n/a
1298.861537	0.000000	259772	ttl	11	71	n/a	n/a	n/a	n/a	n/a	n/a	n/a	n/a	n/a	n/a	n/a	n/a	n/a	n/a	n/a	n/a	n/a	n/a	n/a	n/a	n/a	1298.861537	n/a
1299.423423	1.527013	259885	scene_recognition	n/a	n/a	n/a	71.0	n/a	n/a	n/a	1298.8615372499999	n/a	1.3987268629821301	2	3	2	HB_1_frameB_foil.png	1	6	1302.34916325	0	50	n/a	n/a	intervals/recognition_table	49	1299.423423	1300.950437
1299.423423	0.000000	259885	ttl	1	71	n/a	n/a	n/a	n/a	n/a	n/a	n/a	n/a	n/a	n/a	n/a	n/a	n/a	n/a	n/a	n/a	n/a	n/a	n/a	n/a	n/a	1299.423423	n/a
1300.950437	0.000000	260190	ttl	2	71	n/a	n/a	n/a	n/a	n/a	n/a	n/a	n/a	n/a	n/a	n/a	n/a	n/a	n/a	n/a	n/a	n/a	n/a	n/a	n/a	n/a	1300.950437	n/a
1302.349163	0.000000	260470	ttl	4	71	n/a	n/a	n/a	n/a	n/a	n/a	n/a	n/a	n/a	n/a	n/a	n/a	n/a	n/a	n/a	n/a	n/a	n/a	n/a	n/a	n/a	1302.349163	n/a
1302.372078	0.000000	260474	ttl	11	71	n/a	n/a	n/a	n/a	n/a	n/a	n/a	n/a	n/a	n/a	n/a	n/a	n/a	n/a	n/a	n/a	n/a	n/a	n/a	n/a	n/a	1302.372078	n/a
1302.953998	1.527198	260591	scene_recognition	n/a	n/a	n/a	71.0	n/a	n/a	n/a	1302.37207825	n/a	0.34892032764423675	2	3	3	HB_5_frameB_foil.png	1	7	1304.8301172499998	0	51	n/a	n/a	intervals/recognition_table	50	1302.953998	1304.481197
1302.953998	0.000000	260591	ttl	1	71	n/a	n/a	n/a	n/a	n/a	n/a	n/a	n/a	n/a	n/a	n/a	n/a	n/a	n/a	n/a	n/a	n/a	n/a	n/a	n/a	n/a	1302.953998	n/a
1304.481197	0.000000	260896	ttl	2	71	n/a	n/a	n/a	n/a	n/a	n/a	n/a	n/a	n/a	n/a	n/a	n/a	n/a	n/a	n/a	n/a	n/a	n/a	n/a	n/a	n/a	1304.481197	n/a
1304.830117	0.000000	260966	ttl	4	71	n/a	n/a	n/a	n/a	n/a	n/a	n/a	n/a	n/a	n/a	n/a	n/a	n/a	n/a	n/a	n/a	n/a	n/a	n/a	n/a	n/a	1304.830117	n/a
1304.843141	0.000000	260969	ttl	11	71	n/a	n/a	n/a	n/a	n/a	n/a	n/a	n/a	n/a	n/a	n/a	n/a	n/a	n/a	n/a	n/a	n/a	n/a	n/a	n/a	n/a	1304.843141	n/a
1305.365021	1.527048	261073	scene_recognition	n/a	n/a	n/a	71.0	n/a	n/a	n/a	1304.8431409999998	n/a	0.7736210988221046	2	2	1	SB_1_frameB_foil.png	1	5	1307.66568975	0	52	n/a	n/a	intervals/recognition_table	51	1305.365021	1306.892069
1305.365021	0.000000	261073	ttl	1	71	n/a	n/a	n/a	n/a	n/a	n/a	n/a	n/a	n/a	n/a	n/a	n/a	n/a	n/a	n/a	n/a	n/a	n/a	n/a	n/a	n/a	1305.365021	n/a
1306.892069	0.000000	261378	ttl	2	71	n/a	n/a	n/a	n/a	n/a	n/a	n/a	n/a	n/a	n/a	n/a	n/a	n/a	n/a	n/a	n/a	n/a	n/a	n/a	n/a	n/a	1306.892069	n/a
1307.665690	0.000000	261533	ttl	4	71	n/a	n/a	n/a	n/a	n/a	n/a	n/a	n/a	n/a	n/a	n/a	n/a	n/a	n/a	n/a	n/a	n/a	n/a	n/a	n/a	n/a	1307.665690	n/a
1307.683101	0.000000	261537	ttl	11	71	n/a	n/a	n/a	n/a	n/a	n/a	n/a	n/a	n/a	n/a	n/a	n/a	n/a	n/a	n/a	n/a	n/a	n/a	n/a	n/a	n/a	1307.683101	n/a
1308.285412	1.547444	261657	scene_recognition	n/a	n/a	n/a	71.0	n/a	n/a	n/a	1307.6831009999999	n/a	0.8222717399476096	2	2	2	SB_3_frameB.png	2	3	1310.65512825	1	53	n/a	n/a	intervals/recognition_table	52	1308.285412	1309.832856
1308.285412	0.000000	261657	ttl	1	71	n/a	n/a	n/a	n/a	n/a	n/a	n/a	n/a	n/a	n/a	n/a	n/a	n/a	n/a	n/a	n/a	n/a	n/a	n/a	n/a	n/a	1308.285412	n/a
1309.832856	0.000000	261967	ttl	2	71	n/a	n/a	n/a	n/a	n/a	n/a	n/a	n/a	n/a	n/a	n/a	n/a	n/a	n/a	n/a	n/a	n/a	n/a	n/a	n/a	n/a	1309.832856	n/a
1310.655128	0.000000	262131	ttl	4	71	n/a	n/a	n/a	n/a	n/a	n/a	n/a	n/a	n/a	n/a	n/a	n/a	n/a	n/a	n/a	n/a	n/a	n/a	n/a	n/a	n/a	1310.655128	n/a
1310.668894	0.000000	262134	ttl	11	71	n/a	n/a	n/a	n/a	n/a	n/a	n/a	n/a	n/a	n/a	n/a	n/a	n/a	n/a	n/a	n/a	n/a	n/a	n/a	n/a	n/a	1310.668894	n/a
1311.251063	1.527232	262250	scene_recognition	n/a	n/a	n/a	71.0	n/a	n/a	n/a	1310.668894	n/a	1.294572963139899	2	3	3	HB_3_frameA_foil.png	1	7	1314.0728682499998	0	54	n/a	n/a	intervals/recognition_table	53	1311.251063	1312.778295
1311.251063	0.000000	262250	ttl	1	71	n/a	n/a	n/a	n/a	n/a	n/a	n/a	n/a	n/a	n/a	n/a	n/a	n/a	n/a	n/a	n/a	n/a	n/a	n/a	n/a	n/a	1311.251063	n/a
1312.778295	0.000000	262556	ttl	2	71	n/a	n/a	n/a	n/a	n/a	n/a	n/a	n/a	n/a	n/a	n/a	n/a	n/a	n/a	n/a	n/a	n/a	n/a	n/a	n/a	n/a	1312.778295	n/a
1314.072868	0.000000	262815	ttl	4	71	n/a	n/a	n/a	n/a	n/a	n/a	n/a	n/a	n/a	n/a	n/a	n/a	n/a	n/a	n/a	n/a	n/a	n/a	n/a	n/a	n/a	1314.072868	n/a
1314.079254	0.000000	262816	ttl	11	71	n/a	n/a	n/a	n/a	n/a	n/a	n/a	n/a	n/a	n/a	n/a	n/a	n/a	n/a	n/a	n/a	n/a	n/a	n/a	n/a	n/a	1314.079254	n/a
1314.641355	1.527190	262928	scene_recognition	n/a	n/a	n/a	71.0	n/a	n/a	n/a	1314.0792545	n/a	3.969047237213317	2	3	2	HB_2_frameB_foil.png	1	6	1320.137593	0	55	n/a	n/a	intervals/recognition_table	54	1314.641355	1316.168546
1314.641355	0.000000	262928	ttl	1	71	n/a	n/a	n/a	n/a	n/a	n/a	n/a	n/a	n/a	n/a	n/a	n/a	n/a	n/a	n/a	n/a	n/a	n/a	n/a	n/a	n/a	1314.641355	n/a
1316.168546	0.000000	263234	ttl	2	71	n/a	n/a	n/a	n/a	n/a	n/a	n/a	n/a	n/a	n/a	n/a	n/a	n/a	n/a	n/a	n/a	n/a	n/a	n/a	n/a	n/a	1316.168546	n/a
1320.137593	0.000000	264028	ttl	4	71	n/a	n/a	n/a	n/a	n/a	n/a	n/a	n/a	n/a	n/a	n/a	n/a	n/a	n/a	n/a	n/a	n/a	n/a	n/a	n/a	n/a	1320.137593	n/a
1320.159834	0.000000	264032	ttl	11	71	n/a	n/a	n/a	n/a	n/a	n/a	n/a	n/a	n/a	n/a	n/a	n/a	n/a	n/a	n/a	n/a	n/a	n/a	n/a	n/a	n/a	1320.159834	n/a
1320.701689	1.527546	264140	scene_recognition	n/a	n/a	n/a	71.0	n/a	n/a	n/a	1320.15983425	n/a	1.6534751994049657	2	3	2	HB_3_frameB_foil.png	1	6	1323.8827099999999	0	56	n/a	n/a	intervals/recognition_table	55	1320.701689	1322.229235
1320.701689	0.000000	264140	ttl	1	71	n/a	n/a	n/a	n/a	n/a	n/a	n/a	n/a	n/a	n/a	n/a	n/a	n/a	n/a	n/a	n/a	n/a	n/a	n/a	n/a	n/a	1320.701689	n/a
1322.229235	0.000000	264446	ttl	2	71	n/a	n/a	n/a	n/a	n/a	n/a	n/a	n/a	n/a	n/a	n/a	n/a	n/a	n/a	n/a	n/a	n/a	n/a	n/a	n/a	n/a	1322.229235	n/a
1323.882710	0.000000	264777	ttl	4	71	n/a	n/a	n/a	n/a	n/a	n/a	n/a	n/a	n/a	n/a	n/a	n/a	n/a	n/a	n/a	n/a	n/a	n/a	n/a	n/a	n/a	1323.882710	n/a
1323.904395	0.000000	264781	ttl	11	71	n/a	n/a	n/a	n/a	n/a	n/a	n/a	n/a	n/a	n/a	n/a	n/a	n/a	n/a	n/a	n/a	n/a	n/a	n/a	n/a	n/a	1323.904395	n/a
1324.466297	1.527151	264893	scene_recognition	n/a	n/a	n/a	71.0	n/a	n/a	n/a	1323.904395	n/a	3.205806493895352	2	1	3	NB_15_frameA_foil.png	1	7	1329.199255	0	57	n/a	n/a	intervals/recognition_table	56	1324.466297	1325.993448
1324.466297	0.000000	264893	ttl	1	71	n/a	n/a	n/a	n/a	n/a	n/a	n/a	n/a	n/a	n/a	n/a	n/a	n/a	n/a	n/a	n/a	n/a	n/a	n/a	n/a	n/a	1324.466297	n/a
1325.993448	0.000000	265199	ttl	2	71	n/a	n/a	n/a	n/a	n/a	n/a	n/a	n/a	n/a	n/a	n/a	n/a	n/a	n/a	n/a	n/a	n/a	n/a	n/a	n/a	n/a	1325.993448	n/a
1329.199255	0.000000	265840	ttl	4	71	n/a	n/a	n/a	n/a	n/a	n/a	n/a	n/a	n/a	n/a	n/a	n/a	n/a	n/a	n/a	n/a	n/a	n/a	n/a	n/a	n/a	1329.199255	n/a
1329.222678	0.000000	265845	ttl	11	71	n/a	n/a	n/a	n/a	n/a	n/a	n/a	n/a	n/a	n/a	n/a	n/a	n/a	n/a	n/a	n/a	n/a	n/a	n/a	n/a	n/a	1329.222678	n/a
1329.764463	1.547349	265953	scene_recognition	n/a	n/a	n/a	71.0	n/a	n/a	n/a	1329.22267825	n/a	1.0574005345069963	2	1	3	NB_2_frameB_foil.png	1	7	1332.3692125	0	58	n/a	n/a	intervals/recognition_table	57	1329.764463	1331.311812
1329.764463	0.000000	265953	ttl	1	71	n/a	n/a	n/a	n/a	n/a	n/a	n/a	n/a	n/a	n/a	n/a	n/a	n/a	n/a	n/a	n/a	n/a	n/a	n/a	n/a	n/a	1329.764463	n/a
1331.311812	0.000000	266262	ttl	2	71	n/a	n/a	n/a	n/a	n/a	n/a	n/a	n/a	n/a	n/a	n/a	n/a	n/a	n/a	n/a	n/a	n/a	n/a	n/a	n/a	n/a	1331.311812	n/a
1332.369213	0.000000	266474	ttl	4	71	n/a	n/a	n/a	n/a	n/a	n/a	n/a	n/a	n/a	n/a	n/a	n/a	n/a	n/a	n/a	n/a	n/a	n/a	n/a	n/a	n/a	1332.369213	n/a
1332.387260	0.000000	266477	ttl	11	71	n/a	n/a	n/a	n/a	n/a	n/a	n/a	n/a	n/a	n/a	n/a	n/a	n/a	n/a	n/a	n/a	n/a	n/a	n/a	n/a	n/a	1332.387260	n/a
1332.969472	1.527020	266594	scene_recognition	n/a	n/a	n/a	71.0	n/a	n/a	n/a	1332.38726	n/a	4.591686237057047	2	1	3	NB_18_frameA.png	2	2	1339.0881789999999	1	59	n/a	n/a	intervals/recognition_table	58	1332.969472	1334.496493
1332.969472	0.000000	266594	ttl	1	71	n/a	n/a	n/a	n/a	n/a	n/a	n/a	n/a	n/a	n/a	n/a	n/a	n/a	n/a	n/a	n/a	n/a	n/a	n/a	n/a	n/a	1332.969472	n/a
1334.496493	0.000000	266899	ttl	2	71	n/a	n/a	n/a	n/a	n/a	n/a	n/a	n/a	n/a	n/a	n/a	n/a	n/a	n/a	n/a	n/a	n/a	n/a	n/a	n/a	n/a	1334.496493	n/a
1339.088179	0.000000	267818	ttl	4	71	n/a	n/a	n/a	n/a	n/a	n/a	n/a	n/a	n/a	n/a	n/a	n/a	n/a	n/a	n/a	n/a	n/a	n/a	n/a	n/a	n/a	1339.088179	n/a
1339.110793	0.000000	267822	ttl	11	71	n/a	n/a	n/a	n/a	n/a	n/a	n/a	n/a	n/a	n/a	n/a	n/a	n/a	n/a	n/a	n/a	n/a	n/a	n/a	n/a	n/a	1339.110793	n/a
1339.692889	1.547225	267939	scene_recognition	n/a	n/a	n/a	71.0	n/a	n/a	n/a	1339.11079275	n/a	2.9627968429197153	2	1	3	NB_22_frameA.png	2	2	1344.2029109999999	1	60	n/a	n/a	intervals/recognition_table	59	1339.692889	1341.240114
1339.692889	0.000000	267939	ttl	1	71	n/a	n/a	n/a	n/a	n/a	n/a	n/a	n/a	n/a	n/a	n/a	n/a	n/a	n/a	n/a	n/a	n/a	n/a	n/a	n/a	n/a	1339.692889	n/a
1341.240114	0.000000	268248	ttl	2	71	n/a	n/a	n/a	n/a	n/a	n/a	n/a	n/a	n/a	n/a	n/a	n/a	n/a	n/a	n/a	n/a	n/a	n/a	n/a	n/a	n/a	1341.240114	n/a
1344.202911	0.000000	268841	ttl	4	71	n/a	n/a	n/a	n/a	n/a	n/a	n/a	n/a	n/a	n/a	n/a	n/a	n/a	n/a	n/a	n/a	n/a	n/a	n/a	n/a	n/a	1344.202911	n/a
1344.221083	0.000000	268844	ttl	11	71	n/a	n/a	n/a	n/a	n/a	n/a	n/a	n/a	n/a	n/a	n/a	n/a	n/a	n/a	n/a	n/a	n/a	n/a	n/a	n/a	n/a	1344.221083	n/a
1344.762886	1.547375	268953	scene_recognition	n/a	n/a	n/a	71.0	n/a	n/a	n/a	1344.2210834999998	n/a	1.996360610253305	2	1	2	NB_27_frameB.png	2	3	1348.3066215	1	61	n/a	n/a	intervals/recognition_table	60	1344.762886	1346.310261
1344.762886	0.000000	268953	ttl	1	71	n/a	n/a	n/a	n/a	n/a	n/a	n/a	n/a	n/a	n/a	n/a	n/a	n/a	n/a	n/a	n/a	n/a	n/a	n/a	n/a	n/a	1344.762886	n/a
1346.310261	0.000000	269262	ttl	2	71	n/a	n/a	n/a	n/a	n/a	n/a	n/a	n/a	n/a	n/a	n/a	n/a	n/a	n/a	n/a	n/a	n/a	n/a	n/a	n/a	n/a	1346.310261	n/a
1348.306621	0.000000	269661	ttl	4	71	n/a	n/a	n/a	n/a	n/a	n/a	n/a	n/a	n/a	n/a	n/a	n/a	n/a	n/a	n/a	n/a	n/a	n/a	n/a	n/a	n/a	1348.306621	n/a
1348.324814	0.000000	269665	ttl	11	71	n/a	n/a	n/a	n/a	n/a	n/a	n/a	n/a	n/a	n/a	n/a	n/a	n/a	n/a	n/a	n/a	n/a	n/a	n/a	n/a	n/a	1348.324814	n/a
1348.927046	1.547324	269785	scene_recognition	n/a	n/a	n/a	71.0	n/a	n/a	n/a	1348.32481425	n/a	1.8029853177279165	2	3	3	HB_8_frameB.png	2	2	1352.2773554999999	1	62	n/a	n/a	intervals/recognition_table	61	1348.927046	1350.474370
1348.927046	0.000000	269785	ttl	1	71	n/a	n/a	n/a	n/a	n/a	n/a	n/a	n/a	n/a	n/a	n/a	n/a	n/a	n/a	n/a	n/a	n/a	n/a	n/a	n/a	n/a	1348.927046	n/a
1350.474370	0.000000	270095	ttl	2	71	n/a	n/a	n/a	n/a	n/a	n/a	n/a	n/a	n/a	n/a	n/a	n/a	n/a	n/a	n/a	n/a	n/a	n/a	n/a	n/a	n/a	1350.474370	n/a
1352.277355	0.000000	270455	ttl	4	71	n/a	n/a	n/a	n/a	n/a	n/a	n/a	n/a	n/a	n/a	n/a	n/a	n/a	n/a	n/a	n/a	n/a	n/a	n/a	n/a	n/a	1352.277355	n/a
1352.284059	0.000000	270457	ttl	11	71	n/a	n/a	n/a	n/a	n/a	n/a	n/a	n/a	n/a	n/a	n/a	n/a	n/a	n/a	n/a	n/a	n/a	n/a	n/a	n/a	n/a	1352.284059	n/a
1352.825879	1.547169	270565	scene_recognition	n/a	n/a	n/a	71.0	n/a	n/a	n/a	1352.28405875	n/a	0.872086638501969	2	2	1	SB_2_frameA.png	2	4	1355.2451345	1	63	n/a	n/a	intervals/recognition_table	62	1352.825879	1354.373048
1352.825879	0.000000	270565	ttl	1	71	n/a	n/a	n/a	n/a	n/a	n/a	n/a	n/a	n/a	n/a	n/a	n/a	n/a	n/a	n/a	n/a	n/a	n/a	n/a	n/a	n/a	1352.825879	n/a
1354.373048	0.000000	270875	ttl	2	71	n/a	n/a	n/a	n/a	n/a	n/a	n/a	n/a	n/a	n/a	n/a	n/a	n/a	n/a	n/a	n/a	n/a	n/a	n/a	n/a	n/a	1354.373048	n/a
1355.245134	0.000000	271049	ttl	4	71	n/a	n/a	n/a	n/a	n/a	n/a	n/a	n/a	n/a	n/a	n/a	n/a	n/a	n/a	n/a	n/a	n/a	n/a	n/a	n/a	n/a	1355.245134	n/a
1355.258220	0.000000	271052	ttl	11	71	n/a	n/a	n/a	n/a	n/a	n/a	n/a	n/a	n/a	n/a	n/a	n/a	n/a	n/a	n/a	n/a	n/a	n/a	n/a	n/a	n/a	1355.258220	n/a
1355.860396	1.547930	271172	scene_recognition	n/a	n/a	n/a	71.0	n/a	n/a	n/a	1355.2582204999999	n/a	0.304069515805395	2	1	3	NB_28_frameB_foil.png	1	7	1357.712395	0	64	n/a	n/a	intervals/recognition_table	63	1355.860396	1357.408325
1355.860396	0.000000	271172	ttl	1	71	n/a	n/a	n/a	n/a	n/a	n/a	n/a	n/a	n/a	n/a	n/a	n/a	n/a	n/a	n/a	n/a	n/a	n/a	n/a	n/a	n/a	1355.860396	n/a
1357.408325	0.000000	271482	ttl	2	71	n/a	n/a	n/a	n/a	n/a	n/a	n/a	n/a	n/a	n/a	n/a	n/a	n/a	n/a	n/a	n/a	n/a	n/a	n/a	n/a	n/a	1357.408325	n/a
1357.712395	0.000000	271542	ttl	4	71	n/a	n/a	n/a	n/a	n/a	n/a	n/a	n/a	n/a	n/a	n/a	n/a	n/a	n/a	n/a	n/a	n/a	n/a	n/a	n/a	n/a	1357.712395	n/a
1357.735866	0.000000	271547	ttl	11	71	n/a	n/a	n/a	n/a	n/a	n/a	n/a	n/a	n/a	n/a	n/a	n/a	n/a	n/a	n/a	n/a	n/a	n/a	n/a	n/a	n/a	1357.735866	n/a
1358.297629	1.527133	271660	scene_recognition	n/a	n/a	n/a	71.0	n/a	n/a	n/a	1357.7358662499998	n/a	3.509941437602947	2	2	1	SB_9_frameB_foil.png	1	5	1363.3347039999999	0	65	n/a	n/a	intervals/recognition_table	64	1358.297629	1359.824762
1358.297629	0.000000	271660	ttl	1	71	n/a	n/a	n/a	n/a	n/a	n/a	n/a	n/a	n/a	n/a	n/a	n/a	n/a	n/a	n/a	n/a	n/a	n/a	n/a	n/a	n/a	1358.297629	n/a
1359.824762	0.000000	271965	ttl	2	71	n/a	n/a	n/a	n/a	n/a	n/a	n/a	n/a	n/a	n/a	n/a	n/a	n/a	n/a	n/a	n/a	n/a	n/a	n/a	n/a	n/a	1359.824762	n/a
1363.334704	0.000000	272667	ttl	4	71	n/a	n/a	n/a	n/a	n/a	n/a	n/a	n/a	n/a	n/a	n/a	n/a	n/a	n/a	n/a	n/a	n/a	n/a	n/a	n/a	n/a	1363.334704	n/a
1363.348351	0.000000	272670	ttl	11	71	n/a	n/a	n/a	n/a	n/a	n/a	n/a	n/a	n/a	n/a	n/a	n/a	n/a	n/a	n/a	n/a	n/a	n/a	n/a	n/a	n/a	1363.348351	n/a
1363.890166	1.527145	272778	scene_recognition	n/a	n/a	n/a	71.0	n/a	n/a	n/a	1363.34835075	n/a	2.339975181445425	2	2	2	SB_7_frameA.png	2	3	1367.7572862499999	1	66	n/a	n/a	intervals/recognition_table	65	1363.890166	1365.417311
1363.890166	0.000000	272778	ttl	1	71	n/a	n/a	n/a	n/a	n/a	n/a	n/a	n/a	n/a	n/a	n/a	n/a	n/a	n/a	n/a	n/a	n/a	n/a	n/a	n/a	n/a	1363.890166	n/a
1365.417311	0.000000	273083	ttl	2	71	n/a	n/a	n/a	n/a	n/a	n/a	n/a	n/a	n/a	n/a	n/a	n/a	n/a	n/a	n/a	n/a	n/a	n/a	n/a	n/a	n/a	1365.417311	n/a
1367.757286	0.000000	273551	ttl	4	71	n/a	n/a	n/a	n/a	n/a	n/a	n/a	n/a	n/a	n/a	n/a	n/a	n/a	n/a	n/a	n/a	n/a	n/a	n/a	n/a	n/a	1367.757286	n/a
1367.767658	0.000000	273554	ttl	11	71	n/a	n/a	n/a	n/a	n/a	n/a	n/a	n/a	n/a	n/a	n/a	n/a	n/a	n/a	n/a	n/a	n/a	n/a	n/a	n/a	n/a	1367.767658	n/a
1368.329622	1.527182	273666	scene_recognition	n/a	n/a	n/a	71.0	n/a	n/a	n/a	1367.76765775	n/a	2.8369076281726393	2	3	2	HB_4_frameA_foil.png	1	6	1372.693712	0	67	n/a	n/a	intervals/recognition_table	66	1368.329622	1369.856804
1368.329622	0.000000	273666	ttl	1	71	n/a	n/a	n/a	n/a	n/a	n/a	n/a	n/a	n/a	n/a	n/a	n/a	n/a	n/a	n/a	n/a	n/a	n/a	n/a	n/a	n/a	1368.329622	n/a
1369.856804	0.000000	273971	ttl	2	71	n/a	n/a	n/a	n/a	n/a	n/a	n/a	n/a	n/a	n/a	n/a	n/a	n/a	n/a	n/a	n/a	n/a	n/a	n/a	n/a	n/a	1369.856804	n/a
1372.693712	0.000000	274539	ttl	4	71	n/a	n/a	n/a	n/a	n/a	n/a	n/a	n/a	n/a	n/a	n/a	n/a	n/a	n/a	n/a	n/a	n/a	n/a	n/a	n/a	n/a	1372.693712	n/a
1372.703433	0.000000	274541	ttl	11	71	n/a	n/a	n/a	n/a	n/a	n/a	n/a	n/a	n/a	n/a	n/a	n/a	n/a	n/a	n/a	n/a	n/a	n/a	n/a	n/a	n/a	1372.703433	n/a
1373.285422	1.527404	274657	scene_recognition	n/a	n/a	n/a	71.0	n/a	n/a	n/a	1372.70343325	n/a	3.158236941065752	2	2	2	SB_3_frameA.png	2	3	1377.9710625	1	68	n/a	n/a	intervals/recognition_table	67	1373.285422	1374.812825
1373.285422	0.000000	274657	ttl	1	71	n/a	n/a	n/a	n/a	n/a	n/a	n/a	n/a	n/a	n/a	n/a	n/a	n/a	n/a	n/a	n/a	n/a	n/a	n/a	n/a	n/a	1373.285422	n/a
1374.812825	0.000000	274963	ttl	2	71	n/a	n/a	n/a	n/a	n/a	n/a	n/a	n/a	n/a	n/a	n/a	n/a	n/a	n/a	n/a	n/a	n/a	n/a	n/a	n/a	n/a	1374.812825	n/a
1377.971063	0.000000	275594	ttl	4	71	n/a	n/a	n/a	n/a	n/a	n/a	n/a	n/a	n/a	n/a	n/a	n/a	n/a	n/a	n/a	n/a	n/a	n/a	n/a	n/a	n/a	1377.971063	n/a
1377.995747	0.000000	275599	ttl	11	71	n/a	n/a	n/a	n/a	n/a	n/a	n/a	n/a	n/a	n/a	n/a	n/a	n/a	n/a	n/a	n/a	n/a	n/a	n/a	n/a	n/a	1377.995747	n/a
1378.537731	1.547203	275708	scene_recognition	n/a	n/a	n/a	71.0	n/a	n/a	n/a	1377.99574725	n/a	3.9168977823828754	2	1	3	NB_7_frameB.png	2	2	1384.001832	1	69	n/a	n/a	intervals/recognition_table	68	1378.537731	1380.084934
1378.537731	0.000000	275708	ttl	1	71	n/a	n/a	n/a	n/a	n/a	n/a	n/a	n/a	n/a	n/a	n/a	n/a	n/a	n/a	n/a	n/a	n/a	n/a	n/a	n/a	n/a	1378.537731	n/a
1380.084934	0.000000	276017	ttl	2	71	n/a	n/a	n/a	n/a	n/a	n/a	n/a	n/a	n/a	n/a	n/a	n/a	n/a	n/a	n/a	n/a	n/a	n/a	n/a	n/a	n/a	1380.084934	n/a
1384.001832	0.000000	276800	ttl	4	71	n/a	n/a	n/a	n/a	n/a	n/a	n/a	n/a	n/a	n/a	n/a	n/a	n/a	n/a	n/a	n/a	n/a	n/a	n/a	n/a	n/a	1384.001832	n/a
1384.014388	0.000000	276803	ttl	11	71	n/a	n/a	n/a	n/a	n/a	n/a	n/a	n/a	n/a	n/a	n/a	n/a	n/a	n/a	n/a	n/a	n/a	n/a	n/a	n/a	n/a	1384.014388	n/a
1384.556456	1.527038	276911	scene_recognition	n/a	n/a	n/a	71.0	n/a	n/a	n/a	1384.0143885	n/a	1.5483248421612643	2	1	2	NB_3_frameA_foil.png	1	6	1387.6318179999998	0	70	n/a	n/a	intervals/recognition_table	69	1384.556456	1386.083493
1384.556456	0.000000	276911	ttl	1	71	n/a	n/a	n/a	n/a	n/a	n/a	n/a	n/a	n/a	n/a	n/a	n/a	n/a	n/a	n/a	n/a	n/a	n/a	n/a	n/a	n/a	1384.556456	n/a
1386.083493	0.000000	277217	ttl	2	71	n/a	n/a	n/a	n/a	n/a	n/a	n/a	n/a	n/a	n/a	n/a	n/a	n/a	n/a	n/a	n/a	n/a	n/a	n/a	n/a	n/a	1386.083493	n/a
1387.631818	0.000000	277526	ttl	4	71	n/a	n/a	n/a	n/a	n/a	n/a	n/a	n/a	n/a	n/a	n/a	n/a	n/a	n/a	n/a	n/a	n/a	n/a	n/a	n/a	n/a	1387.631818	n/a
1387.640522	0.000000	277528	ttl	11	71	n/a	n/a	n/a	n/a	n/a	n/a	n/a	n/a	n/a	n/a	n/a	n/a	n/a	n/a	n/a	n/a	n/a	n/a	n/a	n/a	n/a	1387.640522	n/a
1388.182464	1.547166	277636	scene_recognition	n/a	n/a	n/a	71.0	n/a	n/a	n/a	1387.64052225	n/a	1.5453777435977827	2	1	2	NB_5_frameB.png	2	3	1391.27500775	1	71	n/a	n/a	intervals/recognition_table	70	1388.182464	1389.729630
1388.182464	0.000000	277636	ttl	1	71	n/a	n/a	n/a	n/a	n/a	n/a	n/a	n/a	n/a	n/a	n/a	n/a	n/a	n/a	n/a	n/a	n/a	n/a	n/a	n/a	n/a	1388.182464	n/a
1389.729630	0.000000	277946	ttl	2	71	n/a	n/a	n/a	n/a	n/a	n/a	n/a	n/a	n/a	n/a	n/a	n/a	n/a	n/a	n/a	n/a	n/a	n/a	n/a	n/a	n/a	1389.729630	n/a
1391.275008	0.000000	278255	ttl	4	71	n/a	n/a	n/a	n/a	n/a	n/a	n/a	n/a	n/a	n/a	n/a	n/a	n/a	n/a	n/a	n/a	n/a	n/a	n/a	n/a	n/a	1391.275008	n/a
1391.284172	0.000000	278257	ttl	11	71	n/a	n/a	n/a	n/a	n/a	n/a	n/a	n/a	n/a	n/a	n/a	n/a	n/a	n/a	n/a	n/a	n/a	n/a	n/a	n/a	n/a	1391.284172	n/a
1391.785873	1.527528	278357	scene_recognition	n/a	n/a	n/a	71.0	n/a	n/a	n/a	1391.2841724999998	n/a	1.7323507236683326	2	1	2	NB_19_frameB.png	2	3	1395.04575175	1	72	n/a	n/a	intervals/recognition_table	71	1391.785873	1393.313401
1391.785873	0.000000	278357	ttl	1	71	n/a	n/a	n/a	n/a	n/a	n/a	n/a	n/a	n/a	n/a	n/a	n/a	n/a	n/a	n/a	n/a	n/a	n/a	n/a	n/a	n/a	1391.785873	n/a
1393.313401	0.000000	278663	ttl	2	71	n/a	n/a	n/a	n/a	n/a	n/a	n/a	n/a	n/a	n/a	n/a	n/a	n/a	n/a	n/a	n/a	n/a	n/a	n/a	n/a	n/a	1393.313401	n/a
1395.045752	0.000000	279009	ttl	4	71	n/a	n/a	n/a	n/a	n/a	n/a	n/a	n/a	n/a	n/a	n/a	n/a	n/a	n/a	n/a	n/a	n/a	n/a	n/a	n/a	n/a	1395.045752	n/a
1395.063847	0.000000	279013	ttl	11	71	n/a	n/a	n/a	n/a	n/a	n/a	n/a	n/a	n/a	n/a	n/a	n/a	n/a	n/a	n/a	n/a	n/a	n/a	n/a	n/a	n/a	1395.063847	n/a
1395.645695	1.527246	279129	scene_recognition	n/a	n/a	n/a	71.0	n/a	n/a	n/a	1395.06384725	n/a	1.7924932212486056	2	3	1	HB_5_frameA.png	2	4	1398.96543475	1	73	n/a	n/a	intervals/recognition_table	72	1395.645695	1397.172941
1395.645695	0.000000	279129	ttl	1	71	n/a	n/a	n/a	n/a	n/a	n/a	n/a	n/a	n/a	n/a	n/a	n/a	n/a	n/a	n/a	n/a	n/a	n/a	n/a	n/a	n/a	1395.645695	n/a
1397.172941	0.000000	279435	ttl	2	71	n/a	n/a	n/a	n/a	n/a	n/a	n/a	n/a	n/a	n/a	n/a	n/a	n/a	n/a	n/a	n/a	n/a	n/a	n/a	n/a	n/a	1397.172941	n/a
1398.965435	0.000000	279793	ttl	4	71	n/a	n/a	n/a	n/a	n/a	n/a	n/a	n/a	n/a	n/a	n/a	n/a	n/a	n/a	n/a	n/a	n/a	n/a	n/a	n/a	n/a	1398.965435	n/a
1398.989451	0.000000	279798	ttl	11	71	n/a	n/a	n/a	n/a	n/a	n/a	n/a	n/a	n/a	n/a	n/a	n/a	n/a	n/a	n/a	n/a	n/a	n/a	n/a	n/a	n/a	1398.989451	n/a
1399.531418	1.547305	279906	scene_recognition	n/a	n/a	n/a	71.0	n/a	n/a	n/a	1398.9894507499998	n/a	1.5048189981876021	2	2	1	SB_4_frameA_foil.png	1	5	1402.58354225	0	74	n/a	n/a	intervals/recognition_table	73	1399.531418	1401.078723
1399.531418	0.000000	279906	ttl	1	71	n/a	n/a	n/a	n/a	n/a	n/a	n/a	n/a	n/a	n/a	n/a	n/a	n/a	n/a	n/a	n/a	n/a	n/a	n/a	n/a	n/a	1399.531418	n/a
1401.078723	0.000000	280216	ttl	2	71	n/a	n/a	n/a	n/a	n/a	n/a	n/a	n/a	n/a	n/a	n/a	n/a	n/a	n/a	n/a	n/a	n/a	n/a	n/a	n/a	n/a	1401.078723	n/a
1402.583542	0.000000	280517	ttl	4	71	n/a	n/a	n/a	n/a	n/a	n/a	n/a	n/a	n/a	n/a	n/a	n/a	n/a	n/a	n/a	n/a	n/a	n/a	n/a	n/a	n/a	1402.583542	n/a
1402.603790	0.000000	280521	ttl	11	71	n/a	n/a	n/a	n/a	n/a	n/a	n/a	n/a	n/a	n/a	n/a	n/a	n/a	n/a	n/a	n/a	n/a	n/a	n/a	n/a	n/a	1402.603790	n/a
1403.185975	1.527135	280637	scene_recognition	n/a	n/a	n/a	71.0	n/a	n/a	n/a	1402.60379	n/a	1.4712832056977732	2	3	1	HB_4_frameB_foil.png	1	5	1406.1843932499999	0	75	n/a	n/a	intervals/recognition_table	74	1403.185975	1404.713110
1403.185975	0.000000	280637	ttl	1	71	n/a	n/a	n/a	n/a	n/a	n/a	n/a	n/a	n/a	n/a	n/a	n/a	n/a	n/a	n/a	n/a	n/a	n/a	n/a	n/a	n/a	1403.185975	n/a
1404.713110	0.000000	280943	ttl	2	71	n/a	n/a	n/a	n/a	n/a	n/a	n/a	n/a	n/a	n/a	n/a	n/a	n/a	n/a	n/a	n/a	n/a	n/a	n/a	n/a	n/a	1404.713110	n/a
1406.184393	0.000000	281237	ttl	4	71	n/a	n/a	n/a	n/a	n/a	n/a	n/a	n/a	n/a	n/a	n/a	n/a	n/a	n/a	n/a	n/a	n/a	n/a	n/a	n/a	n/a	1406.184393	n/a
1406.194539	0.000000	281239	ttl	11	71	n/a	n/a	n/a	n/a	n/a	n/a	n/a	n/a	n/a	n/a	n/a	n/a	n/a	n/a	n/a	n/a	n/a	n/a	n/a	n/a	n/a	1406.194539	n/a
1406.776592	1.527322	281355	scene_recognition	n/a	n/a	n/a	71.0	n/a	n/a	n/a	1406.1945389999998	n/a	1.5248612549223708	2	3	3	HB_4_frameB.png	2	2	1409.82877525	1	76	n/a	n/a	intervals/recognition_table	75	1406.776592	1408.303914
1406.776592	0.000000	281355	ttl	1	71	n/a	n/a	n/a	n/a	n/a	n/a	n/a	n/a	n/a	n/a	n/a	n/a	n/a	n/a	n/a	n/a	n/a	n/a	n/a	n/a	n/a	1406.776592	n/a
1408.303914	0.000000	281661	ttl	2	71	n/a	n/a	n/a	n/a	n/a	n/a	n/a	n/a	n/a	n/a	n/a	n/a	n/a	n/a	n/a	n/a	n/a	n/a	n/a	n/a	n/a	1408.303914	n/a
1409.828775	0.000000	281966	ttl	4	71	n/a	n/a	n/a	n/a	n/a	n/a	n/a	n/a	n/a	n/a	n/a	n/a	n/a	n/a	n/a	n/a	n/a	n/a	n/a	n/a	n/a	1409.828775	n/a
1409.840589	0.000000	281968	ttl	11	71	n/a	n/a	n/a	n/a	n/a	n/a	n/a	n/a	n/a	n/a	n/a	n/a	n/a	n/a	n/a	n/a	n/a	n/a	n/a	n/a	n/a	1409.840589	n/a
1410.342259	1.527198	282068	scene_recognition	n/a	n/a	n/a	71.0	n/a	n/a	n/a	1409.8405887499998	n/a	1.7353532333270323	2	3	1	HB_6_frameB.png	2	4	1413.60481025	1	77	n/a	n/a	intervals/recognition_table	76	1410.342259	1411.869457
1410.342259	0.000000	282068	ttl	1	71	n/a	n/a	n/a	n/a	n/a	n/a	n/a	n/a	n/a	n/a	n/a	n/a	n/a	n/a	n/a	n/a	n/a	n/a	n/a	n/a	n/a	1410.342259	n/a
1411.869457	0.000000	282374	ttl	2	71	n/a	n/a	n/a	n/a	n/a	n/a	n/a	n/a	n/a	n/a	n/a	n/a	n/a	n/a	n/a	n/a	n/a	n/a	n/a	n/a	n/a	1411.869457	n/a
1413.604810	0.000000	282721	ttl	4	71	n/a	n/a	n/a	n/a	n/a	n/a	n/a	n/a	n/a	n/a	n/a	n/a	n/a	n/a	n/a	n/a	n/a	n/a	n/a	n/a	n/a	1413.604810	n/a
1413.624892	0.000000	282725	ttl	11	71	n/a	n/a	n/a	n/a	n/a	n/a	n/a	n/a	n/a	n/a	n/a	n/a	n/a	n/a	n/a	n/a	n/a	n/a	n/a	n/a	n/a	1413.624892	n/a
1414.207062	1.527083	282841	scene_recognition	n/a	n/a	n/a	71.0	n/a	n/a	n/a	1413.6248925	n/a	1.9890489109741338	2	1	2	NB_6_frameB_foil.png	1	6	1417.72319475	0	78	n/a	n/a	intervals/recognition_table	77	1414.207062	1415.734146
1414.207062	0.000000	282841	ttl	1	71	n/a	n/a	n/a	n/a	n/a	n/a	n/a	n/a	n/a	n/a	n/a	n/a	n/a	n/a	n/a	n/a	n/a	n/a	n/a	n/a	n/a	1414.207062	n/a
1415.734146	0.000000	283147	ttl	2	71	n/a	n/a	n/a	n/a	n/a	n/a	n/a	n/a	n/a	n/a	n/a	n/a	n/a	n/a	n/a	n/a	n/a	n/a	n/a	n/a	n/a	1415.734146	n/a
1417.723195	0.000000	283545	ttl	4	71	n/a	n/a	n/a	n/a	n/a	n/a	n/a	n/a	n/a	n/a	n/a	n/a	n/a	n/a	n/a	n/a	n/a	n/a	n/a	n/a	n/a	1417.723195	n/a
1417.732175	0.000000	283546	ttl	11	71	n/a	n/a	n/a	n/a	n/a	n/a	n/a	n/a	n/a	n/a	n/a	n/a	n/a	n/a	n/a	n/a	n/a	n/a	n/a	n/a	n/a	1417.732175	n/a
1418.254007	1.527292	283651	scene_recognition	n/a	n/a	n/a	71.0	n/a	n/a	n/a	1417.7321749999999	n/a	4.582517399629523	2	1	2	NB_8_frameB_foil.png	1	6	1424.363816	0	79	n/a	n/a	intervals/recognition_table	78	1418.254007	1419.781299
1418.254007	0.000000	283651	ttl	1	71	n/a	n/a	n/a	n/a	n/a	n/a	n/a	n/a	n/a	n/a	n/a	n/a	n/a	n/a	n/a	n/a	n/a	n/a	n/a	n/a	n/a	1418.254007	n/a
1419.781299	0.000000	283956	ttl	2	71	n/a	n/a	n/a	n/a	n/a	n/a	n/a	n/a	n/a	n/a	n/a	n/a	n/a	n/a	n/a	n/a	n/a	n/a	n/a	n/a	n/a	1419.781299	n/a
1424.363816	0.000000	284873	ttl	4	71	n/a	n/a	n/a	n/a	n/a	n/a	n/a	n/a	n/a	n/a	n/a	n/a	n/a	n/a	n/a	n/a	n/a	n/a	n/a	n/a	n/a	1424.363816	n/a
1424.381273	0.000000	284876	ttl	11	71	n/a	n/a	n/a	n/a	n/a	n/a	n/a	n/a	n/a	n/a	n/a	n/a	n/a	n/a	n/a	n/a	n/a	n/a	n/a	n/a	n/a	1424.381273	n/a
1424.963514	1.547302	284993	scene_recognition	n/a	n/a	n/a	71.0	n/a	n/a	n/a	1424.3812727499999	n/a	3.459559183178044	2	1	2	NB_30_frameB_foil.png	1	6	1429.970376	0	80	n/a	n/a	intervals/recognition_table	79	1424.963514	1426.510817
1424.963514	0.000000	284993	ttl	1	71	n/a	n/a	n/a	n/a	n/a	n/a	n/a	n/a	n/a	n/a	n/a	n/a	n/a	n/a	n/a	n/a	n/a	n/a	n/a	n/a	n/a	1424.963514	n/a
1426.510817	0.000000	285302	ttl	2	71	n/a	n/a	n/a	n/a	n/a	n/a	n/a	n/a	n/a	n/a	n/a	n/a	n/a	n/a	n/a	n/a	n/a	n/a	n/a	n/a	n/a	1426.510817	n/a
1429.970376	0.000000	285994	ttl	4	71	n/a	n/a	n/a	n/a	n/a	n/a	n/a	n/a	n/a	n/a	n/a	n/a	n/a	n/a	n/a	n/a	n/a	n/a	n/a	n/a	n/a	1429.970376	n/a
1429.987809	0.000000	285998	ttl	11	71	n/a	n/a	n/a	n/a	n/a	n/a	n/a	n/a	n/a	n/a	n/a	n/a	n/a	n/a	n/a	n/a	n/a	n/a	n/a	n/a	n/a	1429.987809	n/a
1430.590040	1.527166	286118	scene_recognition	n/a	n/a	n/a	71.0	n/a	n/a	n/a	1429.9878092499998	n/a	1.5891252596486538	2	1	3	NB_17_frameA_foil.png	1	7	1433.7063309999999	0	81	n/a	n/a	intervals/recognition_table	80	1430.590040	1432.117206
1430.590040	0.000000	286118	ttl	1	71	n/a	n/a	n/a	n/a	n/a	n/a	n/a	n/a	n/a	n/a	n/a	n/a	n/a	n/a	n/a	n/a	n/a	n/a	n/a	n/a	n/a	1430.590040	n/a
1432.117206	0.000000	286423	ttl	2	71	n/a	n/a	n/a	n/a	n/a	n/a	n/a	n/a	n/a	n/a	n/a	n/a	n/a	n/a	n/a	n/a	n/a	n/a	n/a	n/a	n/a	1432.117206	n/a
1433.706331	0.000000	286741	ttl	4	71	n/a	n/a	n/a	n/a	n/a	n/a	n/a	n/a	n/a	n/a	n/a	n/a	n/a	n/a	n/a	n/a	n/a	n/a	n/a	n/a	n/a	1433.706331	n/a
1433.714151	0.000000	286743	ttl	11	71	n/a	n/a	n/a	n/a	n/a	n/a	n/a	n/a	n/a	n/a	n/a	n/a	n/a	n/a	n/a	n/a	n/a	n/a	n/a	n/a	n/a	1433.714151	n/a
1434.296186	1.527200	286859	scene_recognition	n/a	n/a	n/a	71.0	n/a	n/a	n/a	1433.71415125	n/a	1.2713543566251246	2	2	1	SB_1_frameB.png	2	4	1437.09474075	1	82	n/a	n/a	intervals/recognition_table	81	1434.296186	1435.823386
1434.296186	0.000000	286859	ttl	1	71	n/a	n/a	n/a	n/a	n/a	n/a	n/a	n/a	n/a	n/a	n/a	n/a	n/a	n/a	n/a	n/a	n/a	n/a	n/a	n/a	n/a	1434.296186	n/a
1435.823386	0.000000	287165	ttl	2	71	n/a	n/a	n/a	n/a	n/a	n/a	n/a	n/a	n/a	n/a	n/a	n/a	n/a	n/a	n/a	n/a	n/a	n/a	n/a	n/a	n/a	1435.823386	n/a
1437.094741	0.000000	287419	ttl	4	71	n/a	n/a	n/a	n/a	n/a	n/a	n/a	n/a	n/a	n/a	n/a	n/a	n/a	n/a	n/a	n/a	n/a	n/a	n/a	n/a	n/a	1437.094741	n/a
1437.101017	0.000000	287420	ttl	11	71	n/a	n/a	n/a	n/a	n/a	n/a	n/a	n/a	n/a	n/a	n/a	n/a	n/a	n/a	n/a	n/a	n/a	n/a	n/a	n/a	n/a	1437.101017	n/a
1437.662899	1.527073	287533	scene_recognition	n/a	n/a	n/a	71.0	n/a	n/a	n/a	1437.1010165	n/a	3.768815985061565	2	1	3	NB_9_frameB.png	2	2	1442.958788	1	83	n/a	n/a	intervals/recognition_table	82	1437.662899	1439.189972
1437.662899	0.000000	287533	ttl	1	71	n/a	n/a	n/a	n/a	n/a	n/a	n/a	n/a	n/a	n/a	n/a	n/a	n/a	n/a	n/a	n/a	n/a	n/a	n/a	n/a	n/a	1437.662899	n/a
1439.189972	0.000000	287838	ttl	2	71	n/a	n/a	n/a	n/a	n/a	n/a	n/a	n/a	n/a	n/a	n/a	n/a	n/a	n/a	n/a	n/a	n/a	n/a	n/a	n/a	n/a	1439.189972	n/a
1442.958788	0.000000	288592	ttl	4	71	n/a	n/a	n/a	n/a	n/a	n/a	n/a	n/a	n/a	n/a	n/a	n/a	n/a	n/a	n/a	n/a	n/a	n/a	n/a	n/a	n/a	1442.958788	n/a
1442.973829	0.000000	288595	ttl	11	71	n/a	n/a	n/a	n/a	n/a	n/a	n/a	n/a	n/a	n/a	n/a	n/a	n/a	n/a	n/a	n/a	n/a	n/a	n/a	n/a	n/a	1442.973829	n/a
1443.555778	1.547170	288711	scene_recognition	n/a	n/a	n/a	71.0	n/a	n/a	n/a	1442.9738292499999	n/a	1.2348993685905043	2	1	3	NB_16_frameA.png	2	2	1446.33784775	1	84	n/a	n/a	intervals/recognition_table	83	1443.555778	1445.102948
1443.555778	0.000000	288711	ttl	1	71	n/a	n/a	n/a	n/a	n/a	n/a	n/a	n/a	n/a	n/a	n/a	n/a	n/a	n/a	n/a	n/a	n/a	n/a	n/a	n/a	n/a	1443.555778	n/a
1445.102948	0.000000	289021	ttl	2	71	n/a	n/a	n/a	n/a	n/a	n/a	n/a	n/a	n/a	n/a	n/a	n/a	n/a	n/a	n/a	n/a	n/a	n/a	n/a	n/a	n/a	1445.102948	n/a
1446.337848	0.000000	289268	ttl	4	71	n/a	n/a	n/a	n/a	n/a	n/a	n/a	n/a	n/a	n/a	n/a	n/a	n/a	n/a	n/a	n/a	n/a	n/a	n/a	n/a	n/a	1446.337848	n/a
1446.348089	0.000000	289270	ttl	11	71	n/a	n/a	n/a	n/a	n/a	n/a	n/a	n/a	n/a	n/a	n/a	n/a	n/a	n/a	n/a	n/a	n/a	n/a	n/a	n/a	n/a	1446.348089	n/a
1446.869872	1.527063	289374	scene_recognition	n/a	n/a	n/a	71.0	n/a	n/a	n/a	1446.3480889999998	n/a	1.4178472795920243	2	2	1	SB_2_frameA_foil.png	1	5	1449.8147817499998	0	85	n/a	n/a	intervals/recognition_table	84	1446.869872	1448.396935
1446.869872	0.000000	289374	ttl	1	71	n/a	n/a	n/a	n/a	n/a	n/a	n/a	n/a	n/a	n/a	n/a	n/a	n/a	n/a	n/a	n/a	n/a	n/a	n/a	n/a	n/a	1446.869872	n/a
1448.396935	0.000000	289679	ttl	2	71	n/a	n/a	n/a	n/a	n/a	n/a	n/a	n/a	n/a	n/a	n/a	n/a	n/a	n/a	n/a	n/a	n/a	n/a	n/a	n/a	n/a	1448.396935	n/a
1449.814782	0.000000	289963	ttl	4	71	n/a	n/a	n/a	n/a	n/a	n/a	n/a	n/a	n/a	n/a	n/a	n/a	n/a	n/a	n/a	n/a	n/a	n/a	n/a	n/a	n/a	1449.814782	n/a
1449.820983	0.000000	289964	ttl	11	71	n/a	n/a	n/a	n/a	n/a	n/a	n/a	n/a	n/a	n/a	n/a	n/a	n/a	n/a	n/a	n/a	n/a	n/a	n/a	n/a	n/a	1449.820983	n/a
1450.322603	1.527491	290065	scene_recognition	n/a	n/a	n/a	71.0	n/a	n/a	n/a	1449.82098275	n/a	0.30150788064838707	2	1	3	NB_30_frameA.png	2	2	1452.1516017499998	1	86	n/a	n/a	intervals/recognition_table	85	1450.322603	1451.850094
1450.322603	0.000000	290065	ttl	1	71	n/a	n/a	n/a	n/a	n/a	n/a	n/a	n/a	n/a	n/a	n/a	n/a	n/a	n/a	n/a	n/a	n/a	n/a	n/a	n/a	n/a	1450.322603	n/a
1451.850094	0.000000	290370	ttl	2	71	n/a	n/a	n/a	n/a	n/a	n/a	n/a	n/a	n/a	n/a	n/a	n/a	n/a	n/a	n/a	n/a	n/a	n/a	n/a	n/a	n/a	1451.850094	n/a
1452.151602	0.000000	290430	ttl	4	71	n/a	n/a	n/a	n/a	n/a	n/a	n/a	n/a	n/a	n/a	n/a	n/a	n/a	n/a	n/a	n/a	n/a	n/a	n/a	n/a	n/a	1452.151602	n/a
1452.172910	0.000000	290435	ttl	11	71	n/a	n/a	n/a	n/a	n/a	n/a	n/a	n/a	n/a	n/a	n/a	n/a	n/a	n/a	n/a	n/a	n/a	n/a	n/a	n/a	n/a	1452.172910	n/a
1452.774975	1.547172	290555	scene_recognition	n/a	n/a	n/a	71.0	n/a	n/a	n/a	1452.17291	n/a	2.3767157542715722	2	3	2	HB_2_frameA.png	2	3	1456.69886275	1	87	n/a	n/a	intervals/recognition_table	86	1452.774975	1454.322147
1452.774975	0.000000	290555	ttl	1	71	n/a	n/a	n/a	n/a	n/a	n/a	n/a	n/a	n/a	n/a	n/a	n/a	n/a	n/a	n/a	n/a	n/a	n/a	n/a	n/a	n/a	1452.774975	n/a
1454.322147	0.000000	290864	ttl	2	71	n/a	n/a	n/a	n/a	n/a	n/a	n/a	n/a	n/a	n/a	n/a	n/a	n/a	n/a	n/a	n/a	n/a	n/a	n/a	n/a	n/a	1454.322147	n/a
1456.698863	0.000000	291340	ttl	4	71	n/a	n/a	n/a	n/a	n/a	n/a	n/a	n/a	n/a	n/a	n/a	n/a	n/a	n/a	n/a	n/a	n/a	n/a	n/a	n/a	n/a	1456.698863	n/a
1456.722226	0.000000	291344	ttl	11	71	n/a	n/a	n/a	n/a	n/a	n/a	n/a	n/a	n/a	n/a	n/a	n/a	n/a	n/a	n/a	n/a	n/a	n/a	n/a	n/a	n/a	1456.722226	n/a
1457.224010	1.527144	291445	scene_recognition	n/a	n/a	n/a	71.0	n/a	n/a	n/a	1456.72222575	n/a	1.2179179101931368	2	2	2	SB_7_frameB.png	2	3	1459.9690719999999	1	88	n/a	n/a	intervals/recognition_table	87	1457.224010	1458.751154
1457.224010	0.000000	291445	ttl	1	71	n/a	n/a	n/a	n/a	n/a	n/a	n/a	n/a	n/a	n/a	n/a	n/a	n/a	n/a	n/a	n/a	n/a	n/a	n/a	n/a	n/a	1457.224010	n/a
1458.751154	0.000000	291750	ttl	2	71	n/a	n/a	n/a	n/a	n/a	n/a	n/a	n/a	n/a	n/a	n/a	n/a	n/a	n/a	n/a	n/a	n/a	n/a	n/a	n/a	n/a	1458.751154	n/a
1459.969072	0.000000	291994	ttl	4	71	n/a	n/a	n/a	n/a	n/a	n/a	n/a	n/a	n/a	n/a	n/a	n/a	n/a	n/a	n/a	n/a	n/a	n/a	n/a	n/a	n/a	1459.969072	n/a
1459.976950	0.000000	291995	ttl	11	71	n/a	n/a	n/a	n/a	n/a	n/a	n/a	n/a	n/a	n/a	n/a	n/a	n/a	n/a	n/a	n/a	n/a	n/a	n/a	n/a	n/a	1459.976950	n/a
1460.518754	1.527253	292104	scene_recognition	n/a	n/a	n/a	71.0	n/a	n/a	n/a	1459.97695	n/a	3.496025067697701	2	2	2	SB_9_frameB.png	2	3	1465.5420315	1	89	n/a	n/a	intervals/recognition_table	88	1460.518754	1462.046006
1460.518754	0.000000	292104	ttl	1	71	n/a	n/a	n/a	n/a	n/a	n/a	n/a	n/a	n/a	n/a	n/a	n/a	n/a	n/a	n/a	n/a	n/a	n/a	n/a	n/a	n/a	1460.518754	n/a
1462.046006	0.000000	292409	ttl	2	71	n/a	n/a	n/a	n/a	n/a	n/a	n/a	n/a	n/a	n/a	n/a	n/a	n/a	n/a	n/a	n/a	n/a	n/a	n/a	n/a	n/a	1462.046006	n/a
1465.542031	0.000000	293108	ttl	4	71	n/a	n/a	n/a	n/a	n/a	n/a	n/a	n/a	n/a	n/a	n/a	n/a	n/a	n/a	n/a	n/a	n/a	n/a	n/a	n/a	n/a	1465.542031	n/a
1465.550894	0.000000	293110	ttl	11	71	n/a	n/a	n/a	n/a	n/a	n/a	n/a	n/a	n/a	n/a	n/a	n/a	n/a	n/a	n/a	n/a	n/a	n/a	n/a	n/a	n/a	1465.550894	n/a
1466.092731	1.527142	293219	scene_recognition	n/a	n/a	n/a	71.0	n/a	n/a	n/a	1465.5508942499998	n/a	0.9931195262256551	2	2	1	SB_2_frameA.png	2	4	1468.61299325	1	90	n/a	n/a	intervals/recognition_table	89	1466.092731	1467.619874
1466.092731	0.000000	293219	ttl	1	71	n/a	n/a	n/a	n/a	n/a	n/a	n/a	n/a	n/a	n/a	n/a	n/a	n/a	n/a	n/a	n/a	n/a	n/a	n/a	n/a	n/a	1466.092731	n/a
1467.619874	0.000000	293524	ttl	2	71	n/a	n/a	n/a	n/a	n/a	n/a	n/a	n/a	n/a	n/a	n/a	n/a	n/a	n/a	n/a	n/a	n/a	n/a	n/a	n/a	n/a	1467.619874	n/a
1468.612993	0.000000	293723	ttl	4	71	n/a	n/a	n/a	n/a	n/a	n/a	n/a	n/a	n/a	n/a	n/a	n/a	n/a	n/a	n/a	n/a	n/a	n/a	n/a	n/a	n/a	1468.612993	n/a
1468.629529	0.000000	293726	ttl	11	71	n/a	n/a	n/a	n/a	n/a	n/a	n/a	n/a	n/a	n/a	n/a	n/a	n/a	n/a	n/a	n/a	n/a	n/a	n/a	n/a	n/a	1468.629529	n/a
1469.171488	1.527449	293834	scene_recognition	n/a	n/a	n/a	71.0	n/a	n/a	n/a	1468.6295289999998	n/a	0.6546664267248161	2	2	1	SB_6_frameA.png	2	4	1471.3536035	1	91	n/a	n/a	intervals/recognition_table	90	1469.171488	1470.698937
1469.171488	0.000000	293834	ttl	1	71	n/a	n/a	n/a	n/a	n/a	n/a	n/a	n/a	n/a	n/a	n/a	n/a	n/a	n/a	n/a	n/a	n/a	n/a	n/a	n/a	n/a	1469.171488	n/a
1470.698937	0.000000	294140	ttl	2	71	n/a	n/a	n/a	n/a	n/a	n/a	n/a	n/a	n/a	n/a	n/a	n/a	n/a	n/a	n/a	n/a	n/a	n/a	n/a	n/a	n/a	1470.698937	n/a
1471.353603	0.000000	294271	ttl	4	71	n/a	n/a	n/a	n/a	n/a	n/a	n/a	n/a	n/a	n/a	n/a	n/a	n/a	n/a	n/a	n/a	n/a	n/a	n/a	n/a	n/a	1471.353603	n/a
1471.366497	0.000000	294273	ttl	11	71	n/a	n/a	n/a	n/a	n/a	n/a	n/a	n/a	n/a	n/a	n/a	n/a	n/a	n/a	n/a	n/a	n/a	n/a	n/a	n/a	n/a	1471.366497	n/a
1471.948459	1.527145	294390	scene_recognition	n/a	n/a	n/a	71.0	n/a	n/a	n/a	1471.3664965	n/a	1.7196859246641907	2	3	2	HB_1_frameA_foil.png	1	6	1475.19528975	0	92	n/a	n/a	intervals/recognition_table	91	1471.948459	1473.475604
1471.948459	0.000000	294390	ttl	1	71	n/a	n/a	n/a	n/a	n/a	n/a	n/a	n/a	n/a	n/a	n/a	n/a	n/a	n/a	n/a	n/a	n/a	n/a	n/a	n/a	n/a	1471.948459	n/a
1473.475604	0.000000	294695	ttl	2	71	n/a	n/a	n/a	n/a	n/a	n/a	n/a	n/a	n/a	n/a	n/a	n/a	n/a	n/a	n/a	n/a	n/a	n/a	n/a	n/a	n/a	1473.475604	n/a
1475.195290	0.000000	295039	ttl	4	71	n/a	n/a	n/a	n/a	n/a	n/a	n/a	n/a	n/a	n/a	n/a	n/a	n/a	n/a	n/a	n/a	n/a	n/a	n/a	n/a	n/a	1475.195290	n/a
1475.217701	0.000000	295044	ttl	11	71	n/a	n/a	n/a	n/a	n/a	n/a	n/a	n/a	n/a	n/a	n/a	n/a	n/a	n/a	n/a	n/a	n/a	n/a	n/a	n/a	n/a	1475.217701	n/a
1475.739667	1.527238	295148	scene_recognition	n/a	n/a	n/a	71.0	n/a	n/a	n/a	1475.217701	n/a	1.9584443194730738	2	2	2	SB_8_frameB.png	2	3	1479.22534925	1	93	n/a	n/a	intervals/recognition_table	92	1475.739667	1477.266905
1475.739667	0.000000	295148	ttl	1	71	n/a	n/a	n/a	n/a	n/a	n/a	n/a	n/a	n/a	n/a	n/a	n/a	n/a	n/a	n/a	n/a	n/a	n/a	n/a	n/a	n/a	1475.739667	n/a
1477.266905	0.000000	295453	ttl	2	71	n/a	n/a	n/a	n/a	n/a	n/a	n/a	n/a	n/a	n/a	n/a	n/a	n/a	n/a	n/a	n/a	n/a	n/a	n/a	n/a	n/a	1477.266905	n/a
1479.225349	0.000000	295845	ttl	4	71	n/a	n/a	n/a	n/a	n/a	n/a	n/a	n/a	n/a	n/a	n/a	n/a	n/a	n/a	n/a	n/a	n/a	n/a	n/a	n/a	n/a	1479.225349	n/a
1479.231157	0.000000	295846	ttl	11	71	n/a	n/a	n/a	n/a	n/a	n/a	n/a	n/a	n/a	n/a	n/a	n/a	n/a	n/a	n/a	n/a	n/a	n/a	n/a	n/a	n/a	1479.231157	n/a
1479.793157	1.547162	295959	scene_recognition	n/a	n/a	n/a	71.0	n/a	n/a	n/a	1479.2311574999999	n/a	1.0992279750958005	2	1	3	NB_3_frameB.png	2	2	1482.4395465	1	94	n/a	n/a	intervals/recognition_table	93	1479.793157	1481.340318
1479.793157	0.000000	295959	ttl	1	71	n/a	n/a	n/a	n/a	n/a	n/a	n/a	n/a	n/a	n/a	n/a	n/a	n/a	n/a	n/a	n/a	n/a	n/a	n/a	n/a	n/a	1479.793157	n/a
1481.340318	0.000000	296268	ttl	2	71	n/a	n/a	n/a	n/a	n/a	n/a	n/a	n/a	n/a	n/a	n/a	n/a	n/a	n/a	n/a	n/a	n/a	n/a	n/a	n/a	n/a	1481.340318	n/a
1482.439547	0.000000	296488	ttl	4	71	n/a	n/a	n/a	n/a	n/a	n/a	n/a	n/a	n/a	n/a	n/a	n/a	n/a	n/a	n/a	n/a	n/a	n/a	n/a	n/a	n/a	1482.439547	n/a
1482.454743	0.000000	296491	ttl	11	71	n/a	n/a	n/a	n/a	n/a	n/a	n/a	n/a	n/a	n/a	n/a	n/a	n/a	n/a	n/a	n/a	n/a	n/a	n/a	n/a	n/a	1482.454743	n/a
1483.016617	1.547199	296603	scene_recognition	n/a	n/a	n/a	71.0	n/a	n/a	n/a	1482.45474275	n/a	0.9015644645869543	2	1	3	NB_23_frameB.png	2	2	1485.4653799999999	1	95	n/a	n/a	intervals/recognition_table	94	1483.016617	1484.563815
1483.016617	0.000000	296603	ttl	1	71	n/a	n/a	n/a	n/a	n/a	n/a	n/a	n/a	n/a	n/a	n/a	n/a	n/a	n/a	n/a	n/a	n/a	n/a	n/a	n/a	n/a	1483.016617	n/a
1484.563815	0.000000	296913	ttl	2	71	n/a	n/a	n/a	n/a	n/a	n/a	n/a	n/a	n/a	n/a	n/a	n/a	n/a	n/a	n/a	n/a	n/a	n/a	n/a	n/a	n/a	1484.563815	n/a
1485.465380	0.000000	297093	ttl	4	71	n/a	n/a	n/a	n/a	n/a	n/a	n/a	n/a	n/a	n/a	n/a	n/a	n/a	n/a	n/a	n/a	n/a	n/a	n/a	n/a	n/a	1485.465380	n/a
1485.481851	0.000000	297096	ttl	11	71	n/a	n/a	n/a	n/a	n/a	n/a	n/a	n/a	n/a	n/a	n/a	n/a	n/a	n/a	n/a	n/a	n/a	n/a	n/a	n/a	n/a	1485.481851	n/a
1486.003500	1.547020	297201	scene_recognition	n/a	n/a	n/a	71.0	n/a	n/a	n/a	1485.4818515	n/a	0.1522311158132652	2	2	2	SB_1_frameA.png	2	3	1487.7027515	1	96	n/a	n/a	intervals/recognition_table	95	1486.003500	1487.550520
1486.003500	0.000000	297201	ttl	1	71	n/a	n/a	n/a	n/a	n/a	n/a	n/a	n/a	n/a	n/a	n/a	n/a	n/a	n/a	n/a	n/a	n/a	n/a	n/a	n/a	n/a	1486.003500	n/a
1487.550520	0.000000	297510	ttl	2	71	n/a	n/a	n/a	n/a	n/a	n/a	n/a	n/a	n/a	n/a	n/a	n/a	n/a	n/a	n/a	n/a	n/a	n/a	n/a	n/a	n/a	1487.550520	n/a
1487.702751	0.000000	297541	ttl	4	71	n/a	n/a	n/a	n/a	n/a	n/a	n/a	n/a	n/a	n/a	n/a	n/a	n/a	n/a	n/a	n/a	n/a	n/a	n/a	n/a	n/a	1487.702751	n/a
1487.726641	0.000000	297545	ttl	11	71	n/a	n/a	n/a	n/a	n/a	n/a	n/a	n/a	n/a	n/a	n/a	n/a	n/a	n/a	n/a	n/a	n/a	n/a	n/a	n/a	n/a	1487.726641	n/a
1488.328701	1.527818	297666	scene_recognition	n/a	n/a	n/a	71.0	n/a	n/a	n/a	1487.7266405	n/a	2.463173435011413	1	3	2	HB_8_frameB.png	1	6	1492.3196914999999	1	97	n/a	n/a	intervals/recognition_table	96	1488.328701	1489.856518
1488.328701	0.000000	297666	ttl	1	71	n/a	n/a	n/a	n/a	n/a	n/a	n/a	n/a	n/a	n/a	n/a	n/a	n/a	n/a	n/a	n/a	n/a	n/a	n/a	n/a	n/a	1488.328701	n/a
1489.856518	0.000000	297971	ttl	2	71	n/a	n/a	n/a	n/a	n/a	n/a	n/a	n/a	n/a	n/a	n/a	n/a	n/a	n/a	n/a	n/a	n/a	n/a	n/a	n/a	n/a	1489.856518	n/a
1492.319691	0.000000	298464	ttl	4	71	n/a	n/a	n/a	n/a	n/a	n/a	n/a	n/a	n/a	n/a	n/a	n/a	n/a	n/a	n/a	n/a	n/a	n/a	n/a	n/a	n/a	1492.319691	n/a
1492.337313	0.000000	298467	ttl	11	71	n/a	n/a	n/a	n/a	n/a	n/a	n/a	n/a	n/a	n/a	n/a	n/a	n/a	n/a	n/a	n/a	n/a	n/a	n/a	n/a	n/a	1492.337313	n/a
1492.839062	1.547298	298568	scene_recognition	n/a	n/a	n/a	71.0	n/a	n/a	n/a	1492.3373135	n/a	1.5312425051647551	2	1	3	NB_4_frameA.png	2	2	1495.9176022499998	1	98	n/a	n/a	intervals/recognition_table	97	1492.839062	1494.386360
1492.839062	0.000000	298568	ttl	1	71	n/a	n/a	n/a	n/a	n/a	n/a	n/a	n/a	n/a	n/a	n/a	n/a	n/a	n/a	n/a	n/a	n/a	n/a	n/a	n/a	n/a	1492.839062	n/a
1494.386360	0.000000	298877	ttl	2	71	n/a	n/a	n/a	n/a	n/a	n/a	n/a	n/a	n/a	n/a	n/a	n/a	n/a	n/a	n/a	n/a	n/a	n/a	n/a	n/a	n/a	1494.386360	n/a
1495.917602	0.000000	299184	ttl	4	71	n/a	n/a	n/a	n/a	n/a	n/a	n/a	n/a	n/a	n/a	n/a	n/a	n/a	n/a	n/a	n/a	n/a	n/a	n/a	n/a	n/a	1495.917602	n/a
1495.922398	0.000000	299184	ttl	11	71	n/a	n/a	n/a	n/a	n/a	n/a	n/a	n/a	n/a	n/a	n/a	n/a	n/a	n/a	n/a	n/a	n/a	n/a	n/a	n/a	n/a	1495.922398	n/a
1496.524588	1.527294	299305	scene_recognition	n/a	n/a	n/a	71.0	n/a	n/a	n/a	1495.922398	n/a	3.471416659390343	2	2	2	SB_8_frameA.png	2	3	1501.5232979999998	1	99	n/a	n/a	intervals/recognition_table	98	1496.524588	1498.051882
1496.524588	0.000000	299305	ttl	1	71	n/a	n/a	n/a	n/a	n/a	n/a	n/a	n/a	n/a	n/a	n/a	n/a	n/a	n/a	n/a	n/a	n/a	n/a	n/a	n/a	n/a	1496.524588	n/a
1498.051882	0.000000	299610	ttl	2	71	n/a	n/a	n/a	n/a	n/a	n/a	n/a	n/a	n/a	n/a	n/a	n/a	n/a	n/a	n/a	n/a	n/a	n/a	n/a	n/a	n/a	1498.051882	n/a
1501.523298	0.000000	300305	ttl	4	71	n/a	n/a	n/a	n/a	n/a	n/a	n/a	n/a	n/a	n/a	n/a	n/a	n/a	n/a	n/a	n/a	n/a	n/a	n/a	n/a	n/a	1501.523298	n/a
1501.541330	0.000000	300308	ttl	11	71	n/a	n/a	n/a	n/a	n/a	n/a	n/a	n/a	n/a	n/a	n/a	n/a	n/a	n/a	n/a	n/a	n/a	n/a	n/a	n/a	n/a	1501.541330	n/a
1502.062860	1.527703	300413	scene_recognition	n/a	n/a	n/a	71.0	n/a	n/a	n/a	1501.54132975	n/a	2.7579764175711716	2	2	2	SB_5_frameB.png	2	3	1506.34854	1	100	n/a	n/a	intervals/recognition_table	99	1502.062860	1503.590563
1502.062860	0.000000	300413	ttl	1	71	n/a	n/a	n/a	n/a	n/a	n/a	n/a	n/a	n/a	n/a	n/a	n/a	n/a	n/a	n/a	n/a	n/a	n/a	n/a	n/a	n/a	1502.062860	n/a
1503.590563	0.000000	300718	ttl	2	71	n/a	n/a	n/a	n/a	n/a	n/a	n/a	n/a	n/a	n/a	n/a	n/a	n/a	n/a	n/a	n/a	n/a	n/a	n/a	n/a	n/a	1503.590563	n/a
1506.348540	0.000000	301270	ttl	4	71	n/a	n/a	n/a	n/a	n/a	n/a	n/a	n/a	n/a	n/a	n/a	n/a	n/a	n/a	n/a	n/a	n/a	n/a	n/a	n/a	n/a	1506.348540	n/a
1506.373671	0.000000	301275	ttl	11	71	n/a	n/a	n/a	n/a	n/a	n/a	n/a	n/a	n/a	n/a	n/a	n/a	n/a	n/a	n/a	n/a	n/a	n/a	n/a	n/a	n/a	1506.373671	n/a
1506.915555	1.527295	301383	scene_recognition	n/a	n/a	n/a	71.0	n/a	n/a	n/a	1506.37367075	n/a	1.36964149010646	1	3	2	HB_7_frameB.png	1	6	1509.8124922499999	1	101	n/a	n/a	intervals/recognition_table	100	1506.915555	1508.442851
1506.915555	0.000000	301383	ttl	1	71	n/a	n/a	n/a	n/a	n/a	n/a	n/a	n/a	n/a	n/a	n/a	n/a	n/a	n/a	n/a	n/a	n/a	n/a	n/a	n/a	n/a	1506.915555	n/a
1508.442851	0.000000	301689	ttl	2	71	n/a	n/a	n/a	n/a	n/a	n/a	n/a	n/a	n/a	n/a	n/a	n/a	n/a	n/a	n/a	n/a	n/a	n/a	n/a	n/a	n/a	1508.442851	n/a
1509.812492	0.000000	301962	ttl	4	71	n/a	n/a	n/a	n/a	n/a	n/a	n/a	n/a	n/a	n/a	n/a	n/a	n/a	n/a	n/a	n/a	n/a	n/a	n/a	n/a	n/a	1509.812492	n/a
1509.834271	0.000000	301967	ttl	11	71	n/a	n/a	n/a	n/a	n/a	n/a	n/a	n/a	n/a	n/a	n/a	n/a	n/a	n/a	n/a	n/a	n/a	n/a	n/a	n/a	n/a	1509.834271	n/a
1510.356002	1.547964	302071	scene_recognition	n/a	n/a	n/a	71.0	n/a	n/a	n/a	1509.83427125	n/a	4.284269167596449	2	2	1	SB_2_frameB_foil.png	1	5	1516.18823525	0	102	n/a	n/a	intervals/recognition_table	101	1510.356002	1511.903966
1510.356002	0.000000	302071	ttl	1	71	n/a	n/a	n/a	n/a	n/a	n/a	n/a	n/a	n/a	n/a	n/a	n/a	n/a	n/a	n/a	n/a	n/a	n/a	n/a	n/a	n/a	1510.356002	n/a
1511.903966	0.000000	302381	ttl	2	71	n/a	n/a	n/a	n/a	n/a	n/a	n/a	n/a	n/a	n/a	n/a	n/a	n/a	n/a	n/a	n/a	n/a	n/a	n/a	n/a	n/a	1511.903966	n/a
1516.188235	0.000000	303238	ttl	4	71	n/a	n/a	n/a	n/a	n/a	n/a	n/a	n/a	n/a	n/a	n/a	n/a	n/a	n/a	n/a	n/a	n/a	n/a	n/a	n/a	n/a	1516.188235	n/a
1516.193640	0.000000	303239	ttl	11	71	n/a	n/a	n/a	n/a	n/a	n/a	n/a	n/a	n/a	n/a	n/a	n/a	n/a	n/a	n/a	n/a	n/a	n/a	n/a	n/a	n/a	1516.193640	n/a
1516.795776	1.527196	303359	scene_recognition	n/a	n/a	n/a	71.0	n/a	n/a	n/a	1516.1936397499999	n/a	2.1688467304888945	1	3	2	HB_1_frameA_foil.png	2	3	1520.4918182499998	0	103	n/a	n/a	intervals/recognition_table	102	1516.795776	1518.322971
1516.795776	0.000000	303359	ttl	1	71	n/a	n/a	n/a	n/a	n/a	n/a	n/a	n/a	n/a	n/a	n/a	n/a	n/a	n/a	n/a	n/a	n/a	n/a	n/a	n/a	n/a	1516.795776	n/a
1518.322971	0.000000	303665	ttl	2	71	n/a	n/a	n/a	n/a	n/a	n/a	n/a	n/a	n/a	n/a	n/a	n/a	n/a	n/a	n/a	n/a	n/a	n/a	n/a	n/a	n/a	1518.322971	n/a
1520.491818	0.000000	304098	ttl	4	71	n/a	n/a	n/a	n/a	n/a	n/a	n/a	n/a	n/a	n/a	n/a	n/a	n/a	n/a	n/a	n/a	n/a	n/a	n/a	n/a	n/a	1520.491818	n/a
1520.508710	0.000000	304102	ttl	11	71	n/a	n/a	n/a	n/a	n/a	n/a	n/a	n/a	n/a	n/a	n/a	n/a	n/a	n/a	n/a	n/a	n/a	n/a	n/a	n/a	n/a	1520.508710	n/a
1521.030521	1.547387	304206	scene_recognition	n/a	n/a	n/a	71.0	n/a	n/a	n/a	1520.50870975	n/a	2.2314966323851877	2	2	1	SB_5_frameB_foil.png	1	5	1524.8094045	0	104	n/a	n/a	intervals/recognition_table	103	1521.030521	1522.577908
1521.030521	0.000000	304206	ttl	1	71	n/a	n/a	n/a	n/a	n/a	n/a	n/a	n/a	n/a	n/a	n/a	n/a	n/a	n/a	n/a	n/a	n/a	n/a	n/a	n/a	n/a	1521.030521	n/a
1522.577908	0.000000	304516	ttl	2	71	n/a	n/a	n/a	n/a	n/a	n/a	n/a	n/a	n/a	n/a	n/a	n/a	n/a	n/a	n/a	n/a	n/a	n/a	n/a	n/a	n/a	1522.577908	n/a
1524.809405	0.000000	304962	ttl	4	71	n/a	n/a	n/a	n/a	n/a	n/a	n/a	n/a	n/a	n/a	n/a	n/a	n/a	n/a	n/a	n/a	n/a	n/a	n/a	n/a	n/a	1524.809405	n/a
1524.834097	0.000000	304967	ttl	11	71	n/a	n/a	n/a	n/a	n/a	n/a	n/a	n/a	n/a	n/a	n/a	n/a	n/a	n/a	n/a	n/a	n/a	n/a	n/a	n/a	n/a	1524.834097	n/a
1525.436246	1.527076	305087	scene_recognition	n/a	n/a	n/a	71.0	n/a	n/a	n/a	1524.834097	n/a	1.827396490749834	2	2	1	SB_2_frameB_foil.png	1	5	1528.79071875	0	105	n/a	n/a	intervals/recognition_table	104	1525.436246	1526.963322
1525.436246	0.000000	305087	ttl	1	71	n/a	n/a	n/a	n/a	n/a	n/a	n/a	n/a	n/a	n/a	n/a	n/a	n/a	n/a	n/a	n/a	n/a	n/a	n/a	n/a	n/a	1525.436246	n/a
1526.963322	0.000000	305393	ttl	2	71	n/a	n/a	n/a	n/a	n/a	n/a	n/a	n/a	n/a	n/a	n/a	n/a	n/a	n/a	n/a	n/a	n/a	n/a	n/a	n/a	n/a	1526.963322	n/a
1528.790719	0.000000	305758	ttl	4	71	n/a	n/a	n/a	n/a	n/a	n/a	n/a	n/a	n/a	n/a	n/a	n/a	n/a	n/a	n/a	n/a	n/a	n/a	n/a	n/a	n/a	1528.790719	n/a
1528.803191	0.000000	305761	ttl	11	71	n/a	n/a	n/a	n/a	n/a	n/a	n/a	n/a	n/a	n/a	n/a	n/a	n/a	n/a	n/a	n/a	n/a	n/a	n/a	n/a	n/a	1528.803191	n/a
1529.324922	1.527530	305865	scene_recognition	n/a	n/a	n/a	71.0	n/a	n/a	n/a	1528.803191	n/a	3.022293359413652	2	2	2	SB_4_frameA.png	2	3	1533.8747449999998	1	106	n/a	n/a	intervals/recognition_table	105	1529.324922	1530.852451
1529.324922	0.000000	305865	ttl	1	71	n/a	n/a	n/a	n/a	n/a	n/a	n/a	n/a	n/a	n/a	n/a	n/a	n/a	n/a	n/a	n/a	n/a	n/a	n/a	n/a	n/a	1529.324922	n/a
1530.852451	0.000000	306170	ttl	2	71	n/a	n/a	n/a	n/a	n/a	n/a	n/a	n/a	n/a	n/a	n/a	n/a	n/a	n/a	n/a	n/a	n/a	n/a	n/a	n/a	n/a	1530.852451	n/a
1533.874745	0.000000	306775	ttl	4	71	n/a	n/a	n/a	n/a	n/a	n/a	n/a	n/a	n/a	n/a	n/a	n/a	n/a	n/a	n/a	n/a	n/a	n/a	n/a	n/a	n/a	1533.874745	n/a
1533.893627	0.000000	306779	ttl	11	71	n/a	n/a	n/a	n/a	n/a	n/a	n/a	n/a	n/a	n/a	n/a	n/a	n/a	n/a	n/a	n/a	n/a	n/a	n/a	n/a	n/a	1533.893627	n/a
1534.435613	1.527430	306887	scene_recognition	n/a	n/a	n/a	71.0	n/a	n/a	n/a	1533.8936267499998	n/a	1.0194553473129417	1	3	2	HB_1_frameB.png	1	6	1536.98249775	1	107	n/a	n/a	intervals/recognition_table	106	1534.435613	1535.963043
1534.435613	0.000000	306887	ttl	1	71	n/a	n/a	n/a	n/a	n/a	n/a	n/a	n/a	n/a	n/a	n/a	n/a	n/a	n/a	n/a	n/a	n/a	n/a	n/a	n/a	n/a	1534.435613	n/a
1535.963043	0.000000	307193	ttl	2	71	n/a	n/a	n/a	n/a	n/a	n/a	n/a	n/a	n/a	n/a	n/a	n/a	n/a	n/a	n/a	n/a	n/a	n/a	n/a	n/a	n/a	1535.963043	n/a
1536.982498	0.000000	307396	ttl	4	71	n/a	n/a	n/a	n/a	n/a	n/a	n/a	n/a	n/a	n/a	n/a	n/a	n/a	n/a	n/a	n/a	n/a	n/a	n/a	n/a	n/a	1536.982498	n/a
1537.007189	0.000000	307401	ttl	11	71	n/a	n/a	n/a	n/a	n/a	n/a	n/a	n/a	n/a	n/a	n/a	n/a	n/a	n/a	n/a	n/a	n/a	n/a	n/a	n/a	n/a	1537.007189	n/a
1537.589161	1.527134	307518	scene_recognition	n/a	n/a	n/a	71.0	n/a	n/a	n/a	1537.00718925	n/a	1.6043399487916759	2	1	3	NB_2_frameA.png	2	2	1540.720635	1	108	n/a	n/a	intervals/recognition_table	107	1537.589161	1539.116295
1537.589161	0.000000	307518	ttl	1	71	n/a	n/a	n/a	n/a	n/a	n/a	n/a	n/a	n/a	n/a	n/a	n/a	n/a	n/a	n/a	n/a	n/a	n/a	n/a	n/a	n/a	1537.589161	n/a
1539.116295	0.000000	307823	ttl	2	71	n/a	n/a	n/a	n/a	n/a	n/a	n/a	n/a	n/a	n/a	n/a	n/a	n/a	n/a	n/a	n/a	n/a	n/a	n/a	n/a	n/a	1539.116295	n/a
1540.720635	0.000000	308144	ttl	4	71	n/a	n/a	n/a	n/a	n/a	n/a	n/a	n/a	n/a	n/a	n/a	n/a	n/a	n/a	n/a	n/a	n/a	n/a	n/a	n/a	n/a	1540.720635	n/a
1540.729116	0.000000	308146	ttl	11	71	n/a	n/a	n/a	n/a	n/a	n/a	n/a	n/a	n/a	n/a	n/a	n/a	n/a	n/a	n/a	n/a	n/a	n/a	n/a	n/a	n/a	1540.729116	n/a
1541.331370	1.547153	308266	scene_recognition	n/a	n/a	n/a	71.0	n/a	n/a	n/a	1540.729116	n/a	2.190847348805164	1	3	2	HB_6_frameA.png	1	6	1545.0693709999998	1	109	n/a	n/a	intervals/recognition_table	108	1541.331370	1542.878524
1541.331370	0.000000	308266	ttl	1	71	n/a	n/a	n/a	n/a	n/a	n/a	n/a	n/a	n/a	n/a	n/a	n/a	n/a	n/a	n/a	n/a	n/a	n/a	n/a	n/a	n/a	1541.331370	n/a
1542.878524	0.000000	308576	ttl	2	71	n/a	n/a	n/a	n/a	n/a	n/a	n/a	n/a	n/a	n/a	n/a	n/a	n/a	n/a	n/a	n/a	n/a	n/a	n/a	n/a	n/a	1542.878524	n/a
1545.069371	0.000000	309014	ttl	4	71	n/a	n/a	n/a	n/a	n/a	n/a	n/a	n/a	n/a	n/a	n/a	n/a	n/a	n/a	n/a	n/a	n/a	n/a	n/a	n/a	n/a	1545.069371	n/a
1545.088507	0.000000	309018	ttl	11	71	n/a	n/a	n/a	n/a	n/a	n/a	n/a	n/a	n/a	n/a	n/a	n/a	n/a	n/a	n/a	n/a	n/a	n/a	n/a	n/a	n/a	1545.088507	n/a
1545.670508	1.527423	309134	scene_recognition	n/a	n/a	n/a	71.0	n/a	n/a	n/a	1545.088507	n/a	1.7473031020481358	2	2	1	SB_2_frameA_foil.png	1	5	1548.945235	0	110	n/a	n/a	intervals/recognition_table	109	1545.670508	1547.197932
1545.670508	0.000000	309134	ttl	1	71	n/a	n/a	n/a	n/a	n/a	n/a	n/a	n/a	n/a	n/a	n/a	n/a	n/a	n/a	n/a	n/a	n/a	n/a	n/a	n/a	n/a	1545.670508	n/a
1547.197932	0.000000	309440	ttl	2	71	n/a	n/a	n/a	n/a	n/a	n/a	n/a	n/a	n/a	n/a	n/a	n/a	n/a	n/a	n/a	n/a	n/a	n/a	n/a	n/a	n/a	1547.197932	n/a
1548.945235	0.000000	309789	ttl	4	71	n/a	n/a	n/a	n/a	n/a	n/a	n/a	n/a	n/a	n/a	n/a	n/a	n/a	n/a	n/a	n/a	n/a	n/a	n/a	n/a	n/a	1548.945235	n/a
1548.953088	0.000000	309791	ttl	11	71	n/a	n/a	n/a	n/a	n/a	n/a	n/a	n/a	n/a	n/a	n/a	n/a	n/a	n/a	n/a	n/a	n/a	n/a	n/a	n/a	n/a	1548.953088	n/a
1549.535229	1.527038	309907	scene_recognition	n/a	n/a	n/a	71.0	n/a	n/a	n/a	1548.95308775	n/a	1.5685129484281788	2	2	1	SB_1_frameA_foil.png	1	5	1552.63078	0	111	n/a	n/a	intervals/recognition_table	110	1549.535229	1551.062267
1549.535229	0.000000	309907	ttl	1	71	n/a	n/a	n/a	n/a	n/a	n/a	n/a	n/a	n/a	n/a	n/a	n/a	n/a	n/a	n/a	n/a	n/a	n/a	n/a	n/a	n/a	1549.535229	n/a
1551.062267	0.000000	310212	ttl	2	71	n/a	n/a	n/a	n/a	n/a	n/a	n/a	n/a	n/a	n/a	n/a	n/a	n/a	n/a	n/a	n/a	n/a	n/a	n/a	n/a	n/a	1551.062267	n/a
1552.630780	0.000000	310526	ttl	4	71	n/a	n/a	n/a	n/a	n/a	n/a	n/a	n/a	n/a	n/a	n/a	n/a	n/a	n/a	n/a	n/a	n/a	n/a	n/a	n/a	n/a	1552.630780	n/a
1552.654209	0.000000	310531	ttl	11	71	n/a	n/a	n/a	n/a	n/a	n/a	n/a	n/a	n/a	n/a	n/a	n/a	n/a	n/a	n/a	n/a	n/a	n/a	n/a	n/a	n/a	1552.654209	n/a
1553.176126	1.527131	310635	scene_recognition	n/a	n/a	n/a	71.0	n/a	n/a	n/a	1552.65420925	n/a	2.772485395597414	2	1	3	NB_22_frameB_foil.png	1	7	1557.4757425	0	112	n/a	n/a	intervals/recognition_table	111	1553.176126	1554.703257
1553.176126	0.000000	310635	ttl	1	71	n/a	n/a	n/a	n/a	n/a	n/a	n/a	n/a	n/a	n/a	n/a	n/a	n/a	n/a	n/a	n/a	n/a	n/a	n/a	n/a	n/a	1553.176126	n/a
1554.703257	0.000000	310941	ttl	2	71	n/a	n/a	n/a	n/a	n/a	n/a	n/a	n/a	n/a	n/a	n/a	n/a	n/a	n/a	n/a	n/a	n/a	n/a	n/a	n/a	n/a	1554.703257	n/a
1557.475743	0.000000	311495	ttl	4	71	n/a	n/a	n/a	n/a	n/a	n/a	n/a	n/a	n/a	n/a	n/a	n/a	n/a	n/a	n/a	n/a	n/a	n/a	n/a	n/a	n/a	1557.475743	n/a
1557.483621	0.000000	311497	ttl	11	71	n/a	n/a	n/a	n/a	n/a	n/a	n/a	n/a	n/a	n/a	n/a	n/a	n/a	n/a	n/a	n/a	n/a	n/a	n/a	n/a	n/a	1557.483621	n/a
1558.045509	1.527299	311609	scene_recognition	n/a	n/a	n/a	71.0	n/a	n/a	n/a	1557.48362075	n/a	0.5001910228061206	2	2	2	SB_2_frameB.png	2	3	1560.0729995	1	113	n/a	n/a	intervals/recognition_table	112	1558.045509	1559.572808
1558.045509	0.000000	311609	ttl	1	71	n/a	n/a	n/a	n/a	n/a	n/a	n/a	n/a	n/a	n/a	n/a	n/a	n/a	n/a	n/a	n/a	n/a	n/a	n/a	n/a	n/a	1558.045509	n/a
1559.572808	0.000000	311915	ttl	2	71	n/a	n/a	n/a	n/a	n/a	n/a	n/a	n/a	n/a	n/a	n/a	n/a	n/a	n/a	n/a	n/a	n/a	n/a	n/a	n/a	n/a	1559.572808	n/a
1560.072999	0.000000	312015	ttl	4	71	n/a	n/a	n/a	n/a	n/a	n/a	n/a	n/a	n/a	n/a	n/a	n/a	n/a	n/a	n/a	n/a	n/a	n/a	n/a	n/a	n/a	1560.072999	n/a
1560.088660	0.000000	312018	ttl	11	71	n/a	n/a	n/a	n/a	n/a	n/a	n/a	n/a	n/a	n/a	n/a	n/a	n/a	n/a	n/a	n/a	n/a	n/a	n/a	n/a	n/a	1560.088660	n/a
1560.610537	1.527067	312122	scene_recognition	n/a	n/a	n/a	71.0	n/a	n/a	n/a	1560.08865975	n/a	0.4603253582504294	2	3	2	HB_6_frameA_foil.png	1	6	1562.5979295	0	114	n/a	n/a	intervals/recognition_table	113	1560.610537	1562.137604
1560.610537	0.000000	312122	ttl	1	71	n/a	n/a	n/a	n/a	n/a	n/a	n/a	n/a	n/a	n/a	n/a	n/a	n/a	n/a	n/a	n/a	n/a	n/a	n/a	n/a	n/a	1560.610537	n/a
1562.137604	0.000000	312428	ttl	2	71	n/a	n/a	n/a	n/a	n/a	n/a	n/a	n/a	n/a	n/a	n/a	n/a	n/a	n/a	n/a	n/a	n/a	n/a	n/a	n/a	n/a	1562.137604	n/a
1562.597929	0.000000	312520	ttl	4	71	n/a	n/a	n/a	n/a	n/a	n/a	n/a	n/a	n/a	n/a	n/a	n/a	n/a	n/a	n/a	n/a	n/a	n/a	n/a	n/a	n/a	1562.597929	n/a
1562.605193	0.000000	312521	ttl	11	71	n/a	n/a	n/a	n/a	n/a	n/a	n/a	n/a	n/a	n/a	n/a	n/a	n/a	n/a	n/a	n/a	n/a	n/a	n/a	n/a	n/a	1562.605193	n/a
1563.127155	1.527058	312625	scene_recognition	n/a	n/a	n/a	71.0	n/a	n/a	n/a	1562.60519275	n/a	0.7737250910195144	2	1	3	NB_16_frameB_foil.png	1	7	1565.4279387499998	0	115	n/a	n/a	intervals/recognition_table	114	1563.127155	1564.654214
1563.127155	0.000000	312625	ttl	1	71	n/a	n/a	n/a	n/a	n/a	n/a	n/a	n/a	n/a	n/a	n/a	n/a	n/a	n/a	n/a	n/a	n/a	n/a	n/a	n/a	n/a	1563.127155	n/a
1564.654214	0.000000	312931	ttl	2	71	n/a	n/a	n/a	n/a	n/a	n/a	n/a	n/a	n/a	n/a	n/a	n/a	n/a	n/a	n/a	n/a	n/a	n/a	n/a	n/a	n/a	1564.654214	n/a
1565.427939	0.000000	313086	ttl	4	71	n/a	n/a	n/a	n/a	n/a	n/a	n/a	n/a	n/a	n/a	n/a	n/a	n/a	n/a	n/a	n/a	n/a	n/a	n/a	n/a	n/a	1565.427939	n/a
1565.438207	0.000000	313088	ttl	11	71	n/a	n/a	n/a	n/a	n/a	n/a	n/a	n/a	n/a	n/a	n/a	n/a	n/a	n/a	n/a	n/a	n/a	n/a	n/a	n/a	n/a	1565.438207	n/a
1565.960139	1.527294	313192	scene_recognition	n/a	n/a	n/a	71.0	n/a	n/a	n/a	1565.438207	n/a	0.6963630373061278	2	2	2	SB_5_frameA_foil.png	1	6	1568.18379625	0	116	n/a	n/a	intervals/recognition_table	115	1565.960139	1567.487433
1565.960139	0.000000	313192	ttl	1	71	n/a	n/a	n/a	n/a	n/a	n/a	n/a	n/a	n/a	n/a	n/a	n/a	n/a	n/a	n/a	n/a	n/a	n/a	n/a	n/a	n/a	1565.960139	n/a
1567.487433	0.000000	313497	ttl	2	71	n/a	n/a	n/a	n/a	n/a	n/a	n/a	n/a	n/a	n/a	n/a	n/a	n/a	n/a	n/a	n/a	n/a	n/a	n/a	n/a	n/a	1567.487433	n/a
1568.183796	0.000000	313637	ttl	4	71	n/a	n/a	n/a	n/a	n/a	n/a	n/a	n/a	n/a	n/a	n/a	n/a	n/a	n/a	n/a	n/a	n/a	n/a	n/a	n/a	n/a	1568.183796	n/a
1568.202592	0.000000	313641	ttl	11	71	n/a	n/a	n/a	n/a	n/a	n/a	n/a	n/a	n/a	n/a	n/a	n/a	n/a	n/a	n/a	n/a	n/a	n/a	n/a	n/a	n/a	1568.202592	n/a
1568.724335	1.547613	313745	scene_recognition	n/a	n/a	n/a	71.0	n/a	n/a	n/a	1568.2025919999999	n/a	1.5481946680743022	1	2	1	SB_1_frameB_foil.png	2	4	1571.8201427499998	0	117	n/a	n/a	intervals/recognition_table	116	1568.724335	1570.271948
1568.724335	0.000000	313745	ttl	1	71	n/a	n/a	n/a	n/a	n/a	n/a	n/a	n/a	n/a	n/a	n/a	n/a	n/a	n/a	n/a	n/a	n/a	n/a	n/a	n/a	n/a	1568.724335	n/a
1570.271948	0.000000	314054	ttl	2	71	n/a	n/a	n/a	n/a	n/a	n/a	n/a	n/a	n/a	n/a	n/a	n/a	n/a	n/a	n/a	n/a	n/a	n/a	n/a	n/a	n/a	1570.271948	n/a
1571.820143	0.000000	314364	ttl	4	71	n/a	n/a	n/a	n/a	n/a	n/a	n/a	n/a	n/a	n/a	n/a	n/a	n/a	n/a	n/a	n/a	n/a	n/a	n/a	n/a	n/a	1571.820143	n/a
1571.842769	0.000000	314369	ttl	11	71	n/a	n/a	n/a	n/a	n/a	n/a	n/a	n/a	n/a	n/a	n/a	n/a	n/a	n/a	n/a	n/a	n/a	n/a	n/a	n/a	n/a	1571.842769	n/a
1572.364613	1.547408	314473	scene_recognition	n/a	n/a	n/a	71.0	n/a	n/a	n/a	1571.84276925	n/a	1.0752815690234456	2	3	2	HB_1_frameA.png	2	3	1574.98730275	1	118	n/a	n/a	intervals/recognition_table	117	1572.364613	1573.912021
1572.364613	0.000000	314473	ttl	1	71	n/a	n/a	n/a	n/a	n/a	n/a	n/a	n/a	n/a	n/a	n/a	n/a	n/a	n/a	n/a	n/a	n/a	n/a	n/a	n/a	n/a	1572.364613	n/a
1573.912021	0.000000	314782	ttl	2	71	n/a	n/a	n/a	n/a	n/a	n/a	n/a	n/a	n/a	n/a	n/a	n/a	n/a	n/a	n/a	n/a	n/a	n/a	n/a	n/a	n/a	1573.912021	n/a
1574.987303	0.000000	314997	ttl	4	71	n/a	n/a	n/a	n/a	n/a	n/a	n/a	n/a	n/a	n/a	n/a	n/a	n/a	n/a	n/a	n/a	n/a	n/a	n/a	n/a	n/a	1574.987303	n/a
1574.994287	0.000000	314999	ttl	11	71	n/a	n/a	n/a	n/a	n/a	n/a	n/a	n/a	n/a	n/a	n/a	n/a	n/a	n/a	n/a	n/a	n/a	n/a	n/a	n/a	n/a	1574.994287	n/a
1575.536123	1.527147	315107	scene_recognition	n/a	n/a	n/a	71.0	n/a	n/a	n/a	1574.9942872499998	n/a	1.0311612219497874	1	3	2	HB_2_frameB_foil.png	2	3	1578.09443075	0	119	n/a	n/a	intervals/recognition_table	118	1575.536123	1577.063269
1575.536123	0.000000	315107	ttl	1	71	n/a	n/a	n/a	n/a	n/a	n/a	n/a	n/a	n/a	n/a	n/a	n/a	n/a	n/a	n/a	n/a	n/a	n/a	n/a	n/a	n/a	1575.536123	n/a
1577.063269	0.000000	315413	ttl	2	71	n/a	n/a	n/a	n/a	n/a	n/a	n/a	n/a	n/a	n/a	n/a	n/a	n/a	n/a	n/a	n/a	n/a	n/a	n/a	n/a	n/a	1577.063269	n/a
1578.094431	0.000000	315619	ttl	4	71	n/a	n/a	n/a	n/a	n/a	n/a	n/a	n/a	n/a	n/a	n/a	n/a	n/a	n/a	n/a	n/a	n/a	n/a	n/a	n/a	n/a	1578.094431	n/a
1578.110294	0.000000	315622	ttl	11	71	n/a	n/a	n/a	n/a	n/a	n/a	n/a	n/a	n/a	n/a	n/a	n/a	n/a	n/a	n/a	n/a	n/a	n/a	n/a	n/a	n/a	1578.110294	n/a
1578.652244	1.547172	315730	scene_recognition	n/a	n/a	n/a	71.0	n/a	n/a	n/a	1578.11029375	n/a	3.0020060024958184	2	3	2	HB_9_frameB.png	2	3	1583.2014225	1	120	n/a	n/a	intervals/recognition_table	119	1578.652244	1580.199416
1578.652244	0.000000	315730	ttl	1	71	n/a	n/a	n/a	n/a	n/a	n/a	n/a	n/a	n/a	n/a	n/a	n/a	n/a	n/a	n/a	n/a	n/a	n/a	n/a	n/a	n/a	1578.652244	n/a
1580.199416	0.000000	316040	ttl	2	71	n/a	n/a	n/a	n/a	n/a	n/a	n/a	n/a	n/a	n/a	n/a	n/a	n/a	n/a	n/a	n/a	n/a	n/a	n/a	n/a	n/a	1580.199416	n/a
1583.201423	0.000000	316640	ttl	4	71	n/a	n/a	n/a	n/a	n/a	n/a	n/a	n/a	n/a	n/a	n/a	n/a	n/a	n/a	n/a	n/a	n/a	n/a	n/a	n/a	n/a	1583.201423	n/a
1583.223544	0.000000	316645	ttl	11	71	n/a	n/a	n/a	n/a	n/a	n/a	n/a	n/a	n/a	n/a	n/a	n/a	n/a	n/a	n/a	n/a	n/a	n/a	n/a	n/a	n/a	1583.223544	n/a
1583.825729	1.527304	316765	scene_recognition	n/a	n/a	n/a	71.0	n/a	n/a	n/a	1583.2235437499999	n/a	0.5988696831577727	2	3	3	HB_5_frameB_foil.png	1	7	1585.9519025	0	121	n/a	n/a	intervals/recognition_table	120	1583.825729	1585.353033
1583.825729	0.000000	316765	ttl	1	71	n/a	n/a	n/a	n/a	n/a	n/a	n/a	n/a	n/a	n/a	n/a	n/a	n/a	n/a	n/a	n/a	n/a	n/a	n/a	n/a	n/a	1583.825729	n/a
1585.353033	0.000000	317071	ttl	2	71	n/a	n/a	n/a	n/a	n/a	n/a	n/a	n/a	n/a	n/a	n/a	n/a	n/a	n/a	n/a	n/a	n/a	n/a	n/a	n/a	n/a	1585.353033	n/a
1585.951902	0.000000	317190	ttl	4	71	n/a	n/a	n/a	n/a	n/a	n/a	n/a	n/a	n/a	n/a	n/a	n/a	n/a	n/a	n/a	n/a	n/a	n/a	n/a	n/a	n/a	1585.951902	n/a
1585.975903	0.000000	317195	ttl	11	71	n/a	n/a	n/a	n/a	n/a	n/a	n/a	n/a	n/a	n/a	n/a	n/a	n/a	n/a	n/a	n/a	n/a	n/a	n/a	n/a	n/a	1585.975903	n/a
1586.497560	1.527255	317300	scene_recognition	n/a	n/a	n/a	71.0	n/a	n/a	n/a	1585.975903	n/a	2.355894233261097	2	2	2	SB_5_frameA.png	2	3	1590.3807097499998	1	122	n/a	n/a	intervals/recognition_table	121	1586.497560	1588.024815
1586.497560	0.000000	317300	ttl	1	71	n/a	n/a	n/a	n/a	n/a	n/a	n/a	n/a	n/a	n/a	n/a	n/a	n/a	n/a	n/a	n/a	n/a	n/a	n/a	n/a	n/a	1586.497560	n/a
1588.024815	0.000000	317605	ttl	2	71	n/a	n/a	n/a	n/a	n/a	n/a	n/a	n/a	n/a	n/a	n/a	n/a	n/a	n/a	n/a	n/a	n/a	n/a	n/a	n/a	n/a	1588.024815	n/a
1590.380710	0.000000	318076	ttl	4	71	n/a	n/a	n/a	n/a	n/a	n/a	n/a	n/a	n/a	n/a	n/a	n/a	n/a	n/a	n/a	n/a	n/a	n/a	n/a	n/a	n/a	1590.380710	n/a
1590.391874	0.000000	318078	ttl	11	71	n/a	n/a	n/a	n/a	n/a	n/a	n/a	n/a	n/a	n/a	n/a	n/a	n/a	n/a	n/a	n/a	n/a	n/a	n/a	n/a	n/a	1590.391874	n/a
1590.973864	1.527435	318195	scene_recognition	n/a	n/a	n/a	71.0	n/a	n/a	n/a	1590.391874	n/a	2.9996561516350084	2	1	3	NB_27_frameA_foil.png	1	7	1595.50095575	0	123	n/a	n/a	intervals/recognition_table	122	1590.973864	1592.501299
1590.973864	0.000000	318195	ttl	1	71	n/a	n/a	n/a	n/a	n/a	n/a	n/a	n/a	n/a	n/a	n/a	n/a	n/a	n/a	n/a	n/a	n/a	n/a	n/a	n/a	n/a	1590.973864	n/a
1592.501299	0.000000	318500	ttl	2	71	n/a	n/a	n/a	n/a	n/a	n/a	n/a	n/a	n/a	n/a	n/a	n/a	n/a	n/a	n/a	n/a	n/a	n/a	n/a	n/a	n/a	1592.501299	n/a
1595.500956	0.000000	319100	ttl	4	71	n/a	n/a	n/a	n/a	n/a	n/a	n/a	n/a	n/a	n/a	n/a	n/a	n/a	n/a	n/a	n/a	n/a	n/a	n/a	n/a	n/a	1595.500956	n/a
1595.513084	0.000000	319103	ttl	11	71	n/a	n/a	n/a	n/a	n/a	n/a	n/a	n/a	n/a	n/a	n/a	n/a	n/a	n/a	n/a	n/a	n/a	n/a	n/a	n/a	n/a	1595.513084	n/a
1596.095099	1.527213	319219	scene_recognition	n/a	n/a	n/a	71.0	n/a	n/a	n/a	1595.5130837499999	n/a	2.7216252015937243	2	2	2	SB_1_frameA_foil.png	1	6	1600.34393675	0	124	n/a	n/a	intervals/recognition_table	123	1596.095099	1597.622312
1596.095099	0.000000	319219	ttl	1	71	n/a	n/a	n/a	n/a	n/a	n/a	n/a	n/a	n/a	n/a	n/a	n/a	n/a	n/a	n/a	n/a	n/a	n/a	n/a	n/a	n/a	1596.095099	n/a
1597.622312	0.000000	319524	ttl	2	71	n/a	n/a	n/a	n/a	n/a	n/a	n/a	n/a	n/a	n/a	n/a	n/a	n/a	n/a	n/a	n/a	n/a	n/a	n/a	n/a	n/a	1597.622312	n/a
1600.343937	0.000000	320069	ttl	4	71	n/a	n/a	n/a	n/a	n/a	n/a	n/a	n/a	n/a	n/a	n/a	n/a	n/a	n/a	n/a	n/a	n/a	n/a	n/a	n/a	n/a	1600.343937	n/a
1600.360051	0.000000	320072	ttl	11	71	n/a	n/a	n/a	n/a	n/a	n/a	n/a	n/a	n/a	n/a	n/a	n/a	n/a	n/a	n/a	n/a	n/a	n/a	n/a	n/a	n/a	1600.360051	n/a
1600.961991	1.527299	320192	scene_recognition	n/a	n/a	n/a	71.0	n/a	n/a	n/a	1600.3600509999999	n/a	0.8341493356269893	1	2	1	SB_2_frameB_foil.png	2	4	1603.32344	0	125	n/a	n/a	intervals/recognition_table	124	1600.961991	1602.489291
1600.961991	0.000000	320192	ttl	1	71	n/a	n/a	n/a	n/a	n/a	n/a	n/a	n/a	n/a	n/a	n/a	n/a	n/a	n/a	n/a	n/a	n/a	n/a	n/a	n/a	n/a	1600.961991	n/a
1602.489291	0.000000	320498	ttl	2	71	n/a	n/a	n/a	n/a	n/a	n/a	n/a	n/a	n/a	n/a	n/a	n/a	n/a	n/a	n/a	n/a	n/a	n/a	n/a	n/a	n/a	1602.489291	n/a
1603.323440	0.000000	320665	ttl	4	71	n/a	n/a	n/a	n/a	n/a	n/a	n/a	n/a	n/a	n/a	n/a	n/a	n/a	n/a	n/a	n/a	n/a	n/a	n/a	n/a	n/a	1603.323440	n/a
1603.332968	0.000000	320667	ttl	11	71	n/a	n/a	n/a	n/a	n/a	n/a	n/a	n/a	n/a	n/a	n/a	n/a	n/a	n/a	n/a	n/a	n/a	n/a	n/a	n/a	n/a	1603.332968	n/a
1603.895088	1.527032	320779	scene_recognition	n/a	n/a	n/a	71.0	n/a	n/a	n/a	1603.3329677499999	n/a	1.044865911227589	2	2	2	SB_1_frameB.png	2	3	1606.466986	1	126	n/a	n/a	intervals/recognition_table	125	1603.895088	1605.422120
1603.895088	0.000000	320779	ttl	1	71	n/a	n/a	n/a	n/a	n/a	n/a	n/a	n/a	n/a	n/a	n/a	n/a	n/a	n/a	n/a	n/a	n/a	n/a	n/a	n/a	n/a	1603.895088	n/a
1605.422120	0.000000	321084	ttl	2	71	n/a	n/a	n/a	n/a	n/a	n/a	n/a	n/a	n/a	n/a	n/a	n/a	n/a	n/a	n/a	n/a	n/a	n/a	n/a	n/a	n/a	1605.422120	n/a
1606.466986	0.000000	321293	ttl	4	71	n/a	n/a	n/a	n/a	n/a	n/a	n/a	n/a	n/a	n/a	n/a	n/a	n/a	n/a	n/a	n/a	n/a	n/a	n/a	n/a	n/a	1606.466986	n/a
1606.489922	0.000000	321298	ttl	11	71	n/a	n/a	n/a	n/a	n/a	n/a	n/a	n/a	n/a	n/a	n/a	n/a	n/a	n/a	n/a	n/a	n/a	n/a	n/a	n/a	n/a	1606.489922	n/a
1607.051690	1.547398	321410	scene_recognition	n/a	n/a	n/a	71.0	n/a	n/a	n/a	1606.4899215	n/a	0.569348007951703	1	2	3	SB_9_frameA.png	1	7	1609.168436	1	127	n/a	n/a	intervals/recognition_table	126	1607.051690	1608.599088
1607.051690	0.000000	321410	ttl	1	71	n/a	n/a	n/a	n/a	n/a	n/a	n/a	n/a	n/a	n/a	n/a	n/a	n/a	n/a	n/a	n/a	n/a	n/a	n/a	n/a	n/a	1607.051690	n/a
1608.599088	0.000000	321720	ttl	2	71	n/a	n/a	n/a	n/a	n/a	n/a	n/a	n/a	n/a	n/a	n/a	n/a	n/a	n/a	n/a	n/a	n/a	n/a	n/a	n/a	n/a	1608.599088	n/a
1609.168436	0.000000	321834	ttl	4	71	n/a	n/a	n/a	n/a	n/a	n/a	n/a	n/a	n/a	n/a	n/a	n/a	n/a	n/a	n/a	n/a	n/a	n/a	n/a	n/a	n/a	1609.168436	n/a
1609.190687	0.000000	321838	ttl	11	71	n/a	n/a	n/a	n/a	n/a	n/a	n/a	n/a	n/a	n/a	n/a	n/a	n/a	n/a	n/a	n/a	n/a	n/a	n/a	n/a	n/a	1609.190687	n/a
1609.692368	1.547888	321938	scene_recognition	n/a	n/a	n/a	71.0	n/a	n/a	n/a	1609.190687	n/a	1.2940697340263796	1	1	3	NB_1_frameB.png	1	7	1612.5343257499999	1	128	n/a	n/a	intervals/recognition_table	127	1609.692368	1611.240256
1609.692368	0.000000	321938	ttl	1	71	n/a	n/a	n/a	n/a	n/a	n/a	n/a	n/a	n/a	n/a	n/a	n/a	n/a	n/a	n/a	n/a	n/a	n/a	n/a	n/a	n/a	1609.692368	n/a
1611.240256	0.000000	322248	ttl	2	71	n/a	n/a	n/a	n/a	n/a	n/a	n/a	n/a	n/a	n/a	n/a	n/a	n/a	n/a	n/a	n/a	n/a	n/a	n/a	n/a	n/a	1611.240256	n/a
1612.534326	0.000000	322507	ttl	4	71	n/a	n/a	n/a	n/a	n/a	n/a	n/a	n/a	n/a	n/a	n/a	n/a	n/a	n/a	n/a	n/a	n/a	n/a	n/a	n/a	n/a	1612.534326	n/a
1612.550118	0.000000	322510	ttl	11	71	n/a	n/a	n/a	n/a	n/a	n/a	n/a	n/a	n/a	n/a	n/a	n/a	n/a	n/a	n/a	n/a	n/a	n/a	n/a	n/a	n/a	1612.550118	n/a
1613.071929	1.527525	322614	scene_recognition	n/a	n/a	n/a	71.0	n/a	n/a	n/a	1612.5501179999999	n/a	0.1482535303612167	2	2	1	SB_3_frameA_foil.png	1	5	1614.7477079999999	0	129	n/a	n/a	intervals/recognition_table	128	1613.071929	1614.599454
1613.071929	0.000000	322614	ttl	1	71	n/a	n/a	n/a	n/a	n/a	n/a	n/a	n/a	n/a	n/a	n/a	n/a	n/a	n/a	n/a	n/a	n/a	n/a	n/a	n/a	n/a	1613.071929	n/a
1614.599454	0.000000	322920	ttl	2	71	n/a	n/a	n/a	n/a	n/a	n/a	n/a	n/a	n/a	n/a	n/a	n/a	n/a	n/a	n/a	n/a	n/a	n/a	n/a	n/a	n/a	1614.599454	n/a
1614.747708	0.000000	322950	ttl	4	71	n/a	n/a	n/a	n/a	n/a	n/a	n/a	n/a	n/a	n/a	n/a	n/a	n/a	n/a	n/a	n/a	n/a	n/a	n/a	n/a	n/a	1614.747708	n/a
1614.753335	0.000000	322951	ttl	11	71	n/a	n/a	n/a	n/a	n/a	n/a	n/a	n/a	n/a	n/a	n/a	n/a	n/a	n/a	n/a	n/a	n/a	n/a	n/a	n/a	n/a	1614.753335	n/a
1615.315352	1.547175	323063	scene_recognition	n/a	n/a	n/a	71.0	n/a	n/a	n/a	1614.7533354999998	n/a	2.3621112231990082	2	1	2	NB_20_frameB_foil.png	1	6	1619.22463825	0	130	n/a	n/a	intervals/recognition_table	129	1615.315352	1616.862527
1615.315352	0.000000	323063	ttl	1	71	n/a	n/a	n/a	n/a	n/a	n/a	n/a	n/a	n/a	n/a	n/a	n/a	n/a	n/a	n/a	n/a	n/a	n/a	n/a	n/a	n/a	1615.315352	n/a
1616.862527	0.000000	323373	ttl	2	71	n/a	n/a	n/a	n/a	n/a	n/a	n/a	n/a	n/a	n/a	n/a	n/a	n/a	n/a	n/a	n/a	n/a	n/a	n/a	n/a	n/a	1616.862527	n/a
1619.224638	0.000000	323845	ttl	4	71	n/a	n/a	n/a	n/a	n/a	n/a	n/a	n/a	n/a	n/a	n/a	n/a	n/a	n/a	n/a	n/a	n/a	n/a	n/a	n/a	n/a	1619.224638	n/a
1619.230921	0.000000	323846	ttl	11	71	n/a	n/a	n/a	n/a	n/a	n/a	n/a	n/a	n/a	n/a	n/a	n/a	n/a	n/a	n/a	n/a	n/a	n/a	n/a	n/a	n/a	1619.230921	n/a
1619.792806	1.527081	323959	scene_recognition	n/a	n/a	n/a	71.0	n/a	n/a	n/a	1619.2309209999999	n/a	0.4047196652209095	2	3	3	HB_9_frameA.png	2	2	1621.724606	1	131	n/a	n/a	intervals/recognition_table	130	1619.792806	1621.319886
1619.792806	0.000000	323959	ttl	1	71	n/a	n/a	n/a	n/a	n/a	n/a	n/a	n/a	n/a	n/a	n/a	n/a	n/a	n/a	n/a	n/a	n/a	n/a	n/a	n/a	n/a	1619.792806	n/a
1621.319886	0.000000	324264	ttl	2	71	n/a	n/a	n/a	n/a	n/a	n/a	n/a	n/a	n/a	n/a	n/a	n/a	n/a	n/a	n/a	n/a	n/a	n/a	n/a	n/a	n/a	1621.319886	n/a
1621.724606	0.000000	324345	ttl	4	71	n/a	n/a	n/a	n/a	n/a	n/a	n/a	n/a	n/a	n/a	n/a	n/a	n/a	n/a	n/a	n/a	n/a	n/a	n/a	n/a	n/a	1621.724606	n/a
1621.734082	0.000000	324347	ttl	11	71	n/a	n/a	n/a	n/a	n/a	n/a	n/a	n/a	n/a	n/a	n/a	n/a	n/a	n/a	n/a	n/a	n/a	n/a	n/a	n/a	n/a	1621.734082	n/a
1622.316028	1.547202	324463	scene_recognition	n/a	n/a	n/a	71.0	n/a	n/a	n/a	1621.7340815	n/a	1.9288901404888747	1	2	3	SB_8_frameB_foil.png	2	2	1625.7921199999998	0	132	n/a	n/a	intervals/recognition_table	131	1622.316028	1623.863230
1622.316028	0.000000	324463	ttl	1	71	n/a	n/a	n/a	n/a	n/a	n/a	n/a	n/a	n/a	n/a	n/a	n/a	n/a	n/a	n/a	n/a	n/a	n/a	n/a	n/a	n/a	1622.316028	n/a
1623.863230	0.000000	324773	ttl	2	71	n/a	n/a	n/a	n/a	n/a	n/a	n/a	n/a	n/a	n/a	n/a	n/a	n/a	n/a	n/a	n/a	n/a	n/a	n/a	n/a	n/a	1623.863230	n/a
1625.792120	0.000000	325158	ttl	4	71	n/a	n/a	n/a	n/a	n/a	n/a	n/a	n/a	n/a	n/a	n/a	n/a	n/a	n/a	n/a	n/a	n/a	n/a	n/a	n/a	n/a	1625.792120	n/a
1625.797999	0.000000	325160	ttl	11	71	n/a	n/a	n/a	n/a	n/a	n/a	n/a	n/a	n/a	n/a	n/a	n/a	n/a	n/a	n/a	n/a	n/a	n/a	n/a	n/a	n/a	1625.797999	n/a
1626.400003	1.547071	325280	scene_recognition	n/a	n/a	n/a	71.0	n/a	n/a	n/a	1625.79799875	n/a	1.2461147644498851	1	2	3	SB_1_frameA_foil.png	2	2	1629.1931885	0	133	n/a	n/a	intervals/recognition_table	132	1626.400003	1627.947074
1626.400003	0.000000	325280	ttl	1	71	n/a	n/a	n/a	n/a	n/a	n/a	n/a	n/a	n/a	n/a	n/a	n/a	n/a	n/a	n/a	n/a	n/a	n/a	n/a	n/a	n/a	1626.400003	n/a
1627.947074	0.000000	325589	ttl	2	71	n/a	n/a	n/a	n/a	n/a	n/a	n/a	n/a	n/a	n/a	n/a	n/a	n/a	n/a	n/a	n/a	n/a	n/a	n/a	n/a	n/a	1627.947074	n/a
1629.193188	0.000000	325839	ttl	4	71	n/a	n/a	n/a	n/a	n/a	n/a	n/a	n/a	n/a	n/a	n/a	n/a	n/a	n/a	n/a	n/a	n/a	n/a	n/a	n/a	n/a	1629.193188	n/a
1629.199281	0.000000	325840	ttl	11	71	n/a	n/a	n/a	n/a	n/a	n/a	n/a	n/a	n/a	n/a	n/a	n/a	n/a	n/a	n/a	n/a	n/a	n/a	n/a	n/a	n/a	1629.199281	n/a
1629.781212	1.527313	325956	scene_recognition	n/a	n/a	n/a	71.0	n/a	n/a	n/a	1629.1992807499998	n/a	4.094155095533097	2	1	2	NB_29_frameA_foil.png	1	6	1635.4026797499998	0	134	n/a	n/a	intervals/recognition_table	133	1629.781212	1631.308524
1629.781212	0.000000	325956	ttl	1	71	n/a	n/a	n/a	n/a	n/a	n/a	n/a	n/a	n/a	n/a	n/a	n/a	n/a	n/a	n/a	n/a	n/a	n/a	n/a	n/a	n/a	1629.781212	n/a
1631.308524	0.000000	326262	ttl	2	71	n/a	n/a	n/a	n/a	n/a	n/a	n/a	n/a	n/a	n/a	n/a	n/a	n/a	n/a	n/a	n/a	n/a	n/a	n/a	n/a	n/a	1631.308524	n/a
1635.402680	0.000000	327081	ttl	4	71	n/a	n/a	n/a	n/a	n/a	n/a	n/a	n/a	n/a	n/a	n/a	n/a	n/a	n/a	n/a	n/a	n/a	n/a	n/a	n/a	n/a	1635.402680	n/a
1635.418508	0.000000	327084	ttl	11	71	n/a	n/a	n/a	n/a	n/a	n/a	n/a	n/a	n/a	n/a	n/a	n/a	n/a	n/a	n/a	n/a	n/a	n/a	n/a	n/a	n/a	1635.418508	n/a
1636.020542	1.527282	327204	scene_recognition	n/a	n/a	n/a	71.0	n/a	n/a	n/a	1635.41850775	n/a	1.8714626819732985	1	1	2	NB_15_frameB.png	1	6	1639.41928725	1	135	n/a	n/a	intervals/recognition_table	134	1636.020542	1637.547824
1636.020542	0.000000	327204	ttl	1	71	n/a	n/a	n/a	n/a	n/a	n/a	n/a	n/a	n/a	n/a	n/a	n/a	n/a	n/a	n/a	n/a	n/a	n/a	n/a	n/a	n/a	1636.020542	n/a
1637.547824	0.000000	327510	ttl	2	71	n/a	n/a	n/a	n/a	n/a	n/a	n/a	n/a	n/a	n/a	n/a	n/a	n/a	n/a	n/a	n/a	n/a	n/a	n/a	n/a	n/a	1637.547824	n/a
1639.419287	0.000000	327884	ttl	4	71	n/a	n/a	n/a	n/a	n/a	n/a	n/a	n/a	n/a	n/a	n/a	n/a	n/a	n/a	n/a	n/a	n/a	n/a	n/a	n/a	n/a	1639.419287	n/a
1639.425537	0.000000	327885	ttl	11	71	n/a	n/a	n/a	n/a	n/a	n/a	n/a	n/a	n/a	n/a	n/a	n/a	n/a	n/a	n/a	n/a	n/a	n/a	n/a	n/a	n/a	1639.425537	n/a
1639.987583	1.527166	327998	scene_recognition	n/a	n/a	n/a	71.0	n/a	n/a	n/a	1639.42553675	n/a	2.3486954598429293	1	1	3	NB_12_frameB_foil.png	2	2	1643.863445	0	136	n/a	n/a	intervals/recognition_table	135	1639.987583	1641.514749
1639.987583	0.000000	327998	ttl	1	71	n/a	n/a	n/a	n/a	n/a	n/a	n/a	n/a	n/a	n/a	n/a	n/a	n/a	n/a	n/a	n/a	n/a	n/a	n/a	n/a	n/a	1639.987583	n/a
1641.514749	0.000000	328303	ttl	2	71	n/a	n/a	n/a	n/a	n/a	n/a	n/a	n/a	n/a	n/a	n/a	n/a	n/a	n/a	n/a	n/a	n/a	n/a	n/a	n/a	n/a	1641.514749	n/a
1643.863445	0.000000	328773	ttl	4	71	n/a	n/a	n/a	n/a	n/a	n/a	n/a	n/a	n/a	n/a	n/a	n/a	n/a	n/a	n/a	n/a	n/a	n/a	n/a	n/a	n/a	1643.863445	n/a
1643.874205	0.000000	328775	ttl	11	71	n/a	n/a	n/a	n/a	n/a	n/a	n/a	n/a	n/a	n/a	n/a	n/a	n/a	n/a	n/a	n/a	n/a	n/a	n/a	n/a	n/a	1643.874205	n/a
1644.416035	1.527411	328883	scene_recognition	n/a	n/a	n/a	71.0	n/a	n/a	n/a	1643.87420525	n/a	0.7882150544182878	2	1	2	NB_20_frameA.png	2	3	1646.7316615	1	137	n/a	n/a	intervals/recognition_table	136	1644.416035	1645.943446
1644.416035	0.000000	328883	ttl	1	71	n/a	n/a	n/a	n/a	n/a	n/a	n/a	n/a	n/a	n/a	n/a	n/a	n/a	n/a	n/a	n/a	n/a	n/a	n/a	n/a	n/a	1644.416035	n/a
1645.943446	0.000000	329189	ttl	2	71	n/a	n/a	n/a	n/a	n/a	n/a	n/a	n/a	n/a	n/a	n/a	n/a	n/a	n/a	n/a	n/a	n/a	n/a	n/a	n/a	n/a	1645.943446	n/a
1646.731661	0.000000	329346	ttl	4	71	n/a	n/a	n/a	n/a	n/a	n/a	n/a	n/a	n/a	n/a	n/a	n/a	n/a	n/a	n/a	n/a	n/a	n/a	n/a	n/a	n/a	1646.731661	n/a
1646.755836	0.000000	329351	ttl	11	71	n/a	n/a	n/a	n/a	n/a	n/a	n/a	n/a	n/a	n/a	n/a	n/a	n/a	n/a	n/a	n/a	n/a	n/a	n/a	n/a	n/a	1646.755836	n/a
1647.257523	1.527025	329452	scene_recognition	n/a	n/a	n/a	71.0	n/a	n/a	n/a	1646.7558359999998	n/a	3.1348241405758017	2	2	2	SB_2_frameB.png	2	3	1651.91937225	1	138	n/a	n/a	intervals/recognition_table	137	1647.257523	1648.784548
1647.257523	0.000000	329452	ttl	1	71	n/a	n/a	n/a	n/a	n/a	n/a	n/a	n/a	n/a	n/a	n/a	n/a	n/a	n/a	n/a	n/a	n/a	n/a	n/a	n/a	n/a	1647.257523	n/a
1648.784548	0.000000	329757	ttl	2	71	n/a	n/a	n/a	n/a	n/a	n/a	n/a	n/a	n/a	n/a	n/a	n/a	n/a	n/a	n/a	n/a	n/a	n/a	n/a	n/a	n/a	1648.784548	n/a
1651.919372	0.000000	330384	ttl	4	71	n/a	n/a	n/a	n/a	n/a	n/a	n/a	n/a	n/a	n/a	n/a	n/a	n/a	n/a	n/a	n/a	n/a	n/a	n/a	n/a	n/a	1651.919372	n/a
1651.943434	0.000000	330389	ttl	11	71	n/a	n/a	n/a	n/a	n/a	n/a	n/a	n/a	n/a	n/a	n/a	n/a	n/a	n/a	n/a	n/a	n/a	n/a	n/a	n/a	n/a	1651.943434	n/a
1652.565509	1.527217	330513	scene_recognition	n/a	n/a	n/a	71.0	n/a	n/a	n/a	1651.943434	n/a	1.9968463785644417	2	1	3	NB_26_frameB_foil.png	1	7	1656.08957225	0	139	n/a	n/a	intervals/recognition_table	138	1652.565509	1654.092726
1652.565509	0.000000	330513	ttl	1	71	n/a	n/a	n/a	n/a	n/a	n/a	n/a	n/a	n/a	n/a	n/a	n/a	n/a	n/a	n/a	n/a	n/a	n/a	n/a	n/a	n/a	1652.565509	n/a
1654.092726	0.000000	330819	ttl	2	71	n/a	n/a	n/a	n/a	n/a	n/a	n/a	n/a	n/a	n/a	n/a	n/a	n/a	n/a	n/a	n/a	n/a	n/a	n/a	n/a	n/a	1654.092726	n/a
1656.089572	0.000000	331218	ttl	4	71	n/a	n/a	n/a	n/a	n/a	n/a	n/a	n/a	n/a	n/a	n/a	n/a	n/a	n/a	n/a	n/a	n/a	n/a	n/a	n/a	n/a	1656.089572	n/a
1656.112460	0.000000	331222	ttl	11	71	n/a	n/a	n/a	n/a	n/a	n/a	n/a	n/a	n/a	n/a	n/a	n/a	n/a	n/a	n/a	n/a	n/a	n/a	n/a	n/a	n/a	1656.112460	n/a
1656.634313	1.527180	331327	scene_recognition	n/a	n/a	n/a	71.0	n/a	n/a	n/a	1656.11245975	n/a	0.6644960574135439	2	1	3	NB_28_frameA.png	2	2	1658.8259899999998	1	140	n/a	n/a	intervals/recognition_table	139	1656.634313	1658.161494
1656.634313	0.000000	331327	ttl	1	71	n/a	n/a	n/a	n/a	n/a	n/a	n/a	n/a	n/a	n/a	n/a	n/a	n/a	n/a	n/a	n/a	n/a	n/a	n/a	n/a	n/a	1656.634313	n/a
1658.161494	0.000000	331632	ttl	2	71	n/a	n/a	n/a	n/a	n/a	n/a	n/a	n/a	n/a	n/a	n/a	n/a	n/a	n/a	n/a	n/a	n/a	n/a	n/a	n/a	n/a	1658.161494	n/a
1658.825990	0.000000	331765	ttl	4	71	n/a	n/a	n/a	n/a	n/a	n/a	n/a	n/a	n/a	n/a	n/a	n/a	n/a	n/a	n/a	n/a	n/a	n/a	n/a	n/a	n/a	1658.825990	n/a
1658.844791	0.000000	331769	ttl	11	71	n/a	n/a	n/a	n/a	n/a	n/a	n/a	n/a	n/a	n/a	n/a	n/a	n/a	n/a	n/a	n/a	n/a	n/a	n/a	n/a	n/a	1658.844791	n/a
1659.446773	1.547435	331889	scene_recognition	n/a	n/a	n/a	71.0	n/a	n/a	n/a	1658.844791	n/a	1.6904473504087036	2	3	3	HB_6_frameA.png	2	2	1662.6846555	1	141	n/a	n/a	intervals/recognition_table	140	1659.446773	1660.994208
1659.446773	0.000000	331889	ttl	1	71	n/a	n/a	n/a	n/a	n/a	n/a	n/a	n/a	n/a	n/a	n/a	n/a	n/a	n/a	n/a	n/a	n/a	n/a	n/a	n/a	n/a	1659.446773	n/a
1660.994208	0.000000	332199	ttl	2	71	n/a	n/a	n/a	n/a	n/a	n/a	n/a	n/a	n/a	n/a	n/a	n/a	n/a	n/a	n/a	n/a	n/a	n/a	n/a	n/a	n/a	1660.994208	n/a
1662.684655	0.000000	332537	ttl	4	71	n/a	n/a	n/a	n/a	n/a	n/a	n/a	n/a	n/a	n/a	n/a	n/a	n/a	n/a	n/a	n/a	n/a	n/a	n/a	n/a	n/a	1662.684655	n/a
1662.702356	0.000000	332540	ttl	11	71	n/a	n/a	n/a	n/a	n/a	n/a	n/a	n/a	n/a	n/a	n/a	n/a	n/a	n/a	n/a	n/a	n/a	n/a	n/a	n/a	n/a	1662.702356	n/a
1663.284291	1.527150	332657	scene_recognition	n/a	n/a	n/a	71.0	n/a	n/a	n/a	1662.702356	n/a	0.43248186374921715	2	3	2	HB_3_frameB_foil.png	1	6	1665.24392275	0	142	n/a	n/a	intervals/recognition_table	141	1663.284291	1664.811441
1663.284291	0.000000	332657	ttl	1	71	n/a	n/a	n/a	n/a	n/a	n/a	n/a	n/a	n/a	n/a	n/a	n/a	n/a	n/a	n/a	n/a	n/a	n/a	n/a	n/a	n/a	1663.284291	n/a
1664.811441	0.000000	332962	ttl	2	71	n/a	n/a	n/a	n/a	n/a	n/a	n/a	n/a	n/a	n/a	n/a	n/a	n/a	n/a	n/a	n/a	n/a	n/a	n/a	n/a	n/a	1664.811441	n/a
1665.243923	0.000000	333049	ttl	4	71	n/a	n/a	n/a	n/a	n/a	n/a	n/a	n/a	n/a	n/a	n/a	n/a	n/a	n/a	n/a	n/a	n/a	n/a	n/a	n/a	n/a	1665.243923	n/a
1665.249160	0.000000	333050	ttl	11	71	n/a	n/a	n/a	n/a	n/a	n/a	n/a	n/a	n/a	n/a	n/a	n/a	n/a	n/a	n/a	n/a	n/a	n/a	n/a	n/a	n/a	1665.249160	n/a
1665.811150	1.527301	333162	scene_recognition	n/a	n/a	n/a	71.0	n/a	n/a	n/a	1665.2491599999998	n/a	1.0927287633276137	1	2	2	SB_6_frameB.png	1	6	1668.4311805	1	143	n/a	n/a	intervals/recognition_table	142	1665.811150	1667.338452
1665.811150	0.000000	333162	ttl	1	71	n/a	n/a	n/a	n/a	n/a	n/a	n/a	n/a	n/a	n/a	n/a	n/a	n/a	n/a	n/a	n/a	n/a	n/a	n/a	n/a	n/a	1665.811150	n/a
1667.338452	0.000000	333468	ttl	2	71	n/a	n/a	n/a	n/a	n/a	n/a	n/a	n/a	n/a	n/a	n/a	n/a	n/a	n/a	n/a	n/a	n/a	n/a	n/a	n/a	n/a	1667.338452	n/a
1668.431180	0.000000	333686	ttl	4	71	n/a	n/a	n/a	n/a	n/a	n/a	n/a	n/a	n/a	n/a	n/a	n/a	n/a	n/a	n/a	n/a	n/a	n/a	n/a	n/a	n/a	1668.431180	n/a
1668.455457	0.000000	333691	ttl	11	71	n/a	n/a	n/a	n/a	n/a	n/a	n/a	n/a	n/a	n/a	n/a	n/a	n/a	n/a	n/a	n/a	n/a	n/a	n/a	n/a	n/a	1668.455457	n/a
1668.977432	1.527080	333795	scene_recognition	n/a	n/a	n/a	71.0	n/a	n/a	n/a	1668.45545675	n/a	1.4699434242515963	1	1	3	NB_26_frameA.png	1	7	1671.9744555	1	144	n/a	n/a	intervals/recognition_table	143	1668.977432	1670.504512
1668.977432	0.000000	333795	ttl	1	71	n/a	n/a	n/a	n/a	n/a	n/a	n/a	n/a	n/a	n/a	n/a	n/a	n/a	n/a	n/a	n/a	n/a	n/a	n/a	n/a	n/a	1668.977432	n/a
1670.504512	0.000000	334101	ttl	2	71	n/a	n/a	n/a	n/a	n/a	n/a	n/a	n/a	n/a	n/a	n/a	n/a	n/a	n/a	n/a	n/a	n/a	n/a	n/a	n/a	n/a	1670.504512	n/a
1671.974455	0.000000	334395	ttl	4	71	n/a	n/a	n/a	n/a	n/a	n/a	n/a	n/a	n/a	n/a	n/a	n/a	n/a	n/a	n/a	n/a	n/a	n/a	n/a	n/a	n/a	1671.974455	n/a
1671.988916	0.000000	334398	ttl	11	71	n/a	n/a	n/a	n/a	n/a	n/a	n/a	n/a	n/a	n/a	n/a	n/a	n/a	n/a	n/a	n/a	n/a	n/a	n/a	n/a	n/a	1671.988916	n/a
1672.550791	1.548250	334510	scene_recognition	n/a	n/a	n/a	71.0	n/a	n/a	n/a	1671.98891575	n/a	0.5670226763486426	1	3	3	HB_9_frameA_foil.png	2	2	1674.66606325	0	145	n/a	n/a	intervals/recognition_table	144	1672.550791	1674.099041
1672.550791	0.000000	334510	ttl	1	71	n/a	n/a	n/a	n/a	n/a	n/a	n/a	n/a	n/a	n/a	n/a	n/a	n/a	n/a	n/a	n/a	n/a	n/a	n/a	n/a	n/a	1672.550791	n/a
1674.099041	0.000000	334820	ttl	2	71	n/a	n/a	n/a	n/a	n/a	n/a	n/a	n/a	n/a	n/a	n/a	n/a	n/a	n/a	n/a	n/a	n/a	n/a	n/a	n/a	n/a	1674.099041	n/a
1674.666063	0.000000	334933	ttl	4	71	n/a	n/a	n/a	n/a	n/a	n/a	n/a	n/a	n/a	n/a	n/a	n/a	n/a	n/a	n/a	n/a	n/a	n/a	n/a	n/a	n/a	1674.666063	n/a
1674.682813	0.000000	334937	ttl	11	71	n/a	n/a	n/a	n/a	n/a	n/a	n/a	n/a	n/a	n/a	n/a	n/a	n/a	n/a	n/a	n/a	n/a	n/a	n/a	n/a	n/a	1674.682813	n/a
1675.244887	1.547183	335049	scene_recognition	n/a	n/a	n/a	71.0	n/a	n/a	n/a	1674.6828134999998	n/a	1.862890461965435	2	3	3	HB_4_frameA_foil.png	1	7	1678.65496025	0	146	n/a	n/a	intervals/recognition_table	145	1675.244887	1676.792070
1675.244887	0.000000	335049	ttl	1	71	n/a	n/a	n/a	n/a	n/a	n/a	n/a	n/a	n/a	n/a	n/a	n/a	n/a	n/a	n/a	n/a	n/a	n/a	n/a	n/a	n/a	1675.244887	n/a
1676.792070	0.000000	335358	ttl	2	71	n/a	n/a	n/a	n/a	n/a	n/a	n/a	n/a	n/a	n/a	n/a	n/a	n/a	n/a	n/a	n/a	n/a	n/a	n/a	n/a	n/a	1676.792070	n/a
1678.654960	0.000000	335731	ttl	4	71	n/a	n/a	n/a	n/a	n/a	n/a	n/a	n/a	n/a	n/a	n/a	n/a	n/a	n/a	n/a	n/a	n/a	n/a	n/a	n/a	n/a	1678.654960	n/a
1678.660099	0.000000	335732	ttl	11	71	n/a	n/a	n/a	n/a	n/a	n/a	n/a	n/a	n/a	n/a	n/a	n/a	n/a	n/a	n/a	n/a	n/a	n/a	n/a	n/a	n/a	1678.660099	n/a
1679.202069	1.547044	335840	scene_recognition	n/a	n/a	n/a	71.0	n/a	n/a	n/a	1678.6600995	n/a	2.6009715831505673	1	2	2	SB_7_frameA_foil.png	2	3	1683.3500844999999	0	147	n/a	n/a	intervals/recognition_table	146	1679.202069	1680.749113
1679.202069	0.000000	335840	ttl	1	71	n/a	n/a	n/a	n/a	n/a	n/a	n/a	n/a	n/a	n/a	n/a	n/a	n/a	n/a	n/a	n/a	n/a	n/a	n/a	n/a	n/a	1679.202069	n/a
1680.749113	0.000000	336150	ttl	2	71	n/a	n/a	n/a	n/a	n/a	n/a	n/a	n/a	n/a	n/a	n/a	n/a	n/a	n/a	n/a	n/a	n/a	n/a	n/a	n/a	n/a	1680.749113	n/a
1683.350084	0.000000	336670	ttl	4	71	n/a	n/a	n/a	n/a	n/a	n/a	n/a	n/a	n/a	n/a	n/a	n/a	n/a	n/a	n/a	n/a	n/a	n/a	n/a	n/a	n/a	1683.350084	n/a
1683.364655	0.000000	336673	ttl	11	71	n/a	n/a	n/a	n/a	n/a	n/a	n/a	n/a	n/a	n/a	n/a	n/a	n/a	n/a	n/a	n/a	n/a	n/a	n/a	n/a	n/a	1683.364655	n/a
1683.886524	1.527036	336777	scene_recognition	n/a	n/a	n/a	71.0	n/a	n/a	n/a	1683.3646549999999	n/a	1.7043852501133188	2	3	3	HB_2_frameA.png	2	2	1687.11794575	1	148	n/a	n/a	intervals/recognition_table	147	1683.886524	1685.413560
1683.886524	0.000000	336777	ttl	1	71	n/a	n/a	n/a	n/a	n/a	n/a	n/a	n/a	n/a	n/a	n/a	n/a	n/a	n/a	n/a	n/a	n/a	n/a	n/a	n/a	n/a	1683.886524	n/a
1685.413560	0.000000	337083	ttl	2	71	n/a	n/a	n/a	n/a	n/a	n/a	n/a	n/a	n/a	n/a	n/a	n/a	n/a	n/a	n/a	n/a	n/a	n/a	n/a	n/a	n/a	1685.413560	n/a
1687.117946	0.000000	337424	ttl	4	71	n/a	n/a	n/a	n/a	n/a	n/a	n/a	n/a	n/a	n/a	n/a	n/a	n/a	n/a	n/a	n/a	n/a	n/a	n/a	n/a	n/a	1687.117946	n/a
1687.122887	0.000000	337425	ttl	11	71	n/a	n/a	n/a	n/a	n/a	n/a	n/a	n/a	n/a	n/a	n/a	n/a	n/a	n/a	n/a	n/a	n/a	n/a	n/a	n/a	n/a	1687.122887	n/a
1687.644811	1.527014	337529	scene_recognition	n/a	n/a	n/a	71.0	n/a	n/a	n/a	1687.1228875	n/a	2.6073803535437037	2	3	3	HB_2_frameA.png	2	2	1691.77920475	1	149	n/a	n/a	intervals/recognition_table	148	1687.644811	1689.171824
1687.644811	0.000000	337529	ttl	1	71	n/a	n/a	n/a	n/a	n/a	n/a	n/a	n/a	n/a	n/a	n/a	n/a	n/a	n/a	n/a	n/a	n/a	n/a	n/a	n/a	n/a	1687.644811	n/a
1689.171824	0.000000	337834	ttl	2	71	n/a	n/a	n/a	n/a	n/a	n/a	n/a	n/a	n/a	n/a	n/a	n/a	n/a	n/a	n/a	n/a	n/a	n/a	n/a	n/a	n/a	1689.171824	n/a
1691.779205	0.000000	338356	ttl	4	71	n/a	n/a	n/a	n/a	n/a	n/a	n/a	n/a	n/a	n/a	n/a	n/a	n/a	n/a	n/a	n/a	n/a	n/a	n/a	n/a	n/a	1691.779205	n/a
1691.804069	0.000000	338361	ttl	11	71	n/a	n/a	n/a	n/a	n/a	n/a	n/a	n/a	n/a	n/a	n/a	n/a	n/a	n/a	n/a	n/a	n/a	n/a	n/a	n/a	n/a	1691.804069	n/a
1692.365952	1.547946	338473	scene_recognition	n/a	n/a	n/a	71.0	n/a	n/a	n/a	1691.804069	n/a	1.7877458685543388	1	3	2	HB_2_frameA_foil.png	2	3	1695.70164375	0	150	n/a	n/a	intervals/recognition_table	149	1692.365952	1693.913898
1692.365952	0.000000	338473	ttl	1	71	n/a	n/a	n/a	n/a	n/a	n/a	n/a	n/a	n/a	n/a	n/a	n/a	n/a	n/a	n/a	n/a	n/a	n/a	n/a	n/a	n/a	1692.365952	n/a
1693.913898	0.000000	338783	ttl	2	71	n/a	n/a	n/a	n/a	n/a	n/a	n/a	n/a	n/a	n/a	n/a	n/a	n/a	n/a	n/a	n/a	n/a	n/a	n/a	n/a	n/a	1693.913898	n/a
1695.701644	0.000000	339140	ttl	4	71	n/a	n/a	n/a	n/a	n/a	n/a	n/a	n/a	n/a	n/a	n/a	n/a	n/a	n/a	n/a	n/a	n/a	n/a	n/a	n/a	n/a	1695.701644	n/a
1695.723169	0.000000	339145	ttl	11	71	n/a	n/a	n/a	n/a	n/a	n/a	n/a	n/a	n/a	n/a	n/a	n/a	n/a	n/a	n/a	n/a	n/a	n/a	n/a	n/a	n/a	1695.723169	n/a
1696.285080	1.527335	339257	scene_recognition	n/a	n/a	n/a	71.0	n/a	n/a	n/a	1695.72316875	n/a	2.687785319944396	2	3	2	HB_4_frameB.png	2	3	1700.5002005	1	151	n/a	n/a	intervals/recognition_table	150	1696.285080	1697.812415
1696.285080	0.000000	339257	ttl	1	71	n/a	n/a	n/a	n/a	n/a	n/a	n/a	n/a	n/a	n/a	n/a	n/a	n/a	n/a	n/a	n/a	n/a	n/a	n/a	n/a	n/a	1696.285080	n/a
1697.812415	0.000000	339562	ttl	2	71	n/a	n/a	n/a	n/a	n/a	n/a	n/a	n/a	n/a	n/a	n/a	n/a	n/a	n/a	n/a	n/a	n/a	n/a	n/a	n/a	n/a	1697.812415	n/a
1700.500200	0.000000	340100	ttl	4	71	n/a	n/a	n/a	n/a	n/a	n/a	n/a	n/a	n/a	n/a	n/a	n/a	n/a	n/a	n/a	n/a	n/a	n/a	n/a	n/a	n/a	1700.500200	n/a
1700.524510	0.000000	340105	ttl	11	71	n/a	n/a	n/a	n/a	n/a	n/a	n/a	n/a	n/a	n/a	n/a	n/a	n/a	n/a	n/a	n/a	n/a	n/a	n/a	n/a	n/a	1700.524510	n/a
1701.086393	1.527030	340217	scene_recognition	n/a	n/a	n/a	71.0	n/a	n/a	n/a	1700.52451	n/a	0.7702816973660447	2	1	2	NB_1_frameA_foil.png	1	6	1703.3837052499998	0	152	n/a	n/a	intervals/recognition_table	151	1701.086393	1702.613424
1701.086393	0.000000	340217	ttl	1	71	n/a	n/a	n/a	n/a	n/a	n/a	n/a	n/a	n/a	n/a	n/a	n/a	n/a	n/a	n/a	n/a	n/a	n/a	n/a	n/a	n/a	1701.086393	n/a
1702.613424	0.000000	340523	ttl	2	71	n/a	n/a	n/a	n/a	n/a	n/a	n/a	n/a	n/a	n/a	n/a	n/a	n/a	n/a	n/a	n/a	n/a	n/a	n/a	n/a	n/a	1702.613424	n/a
1703.383705	0.000000	340677	ttl	4	71	n/a	n/a	n/a	n/a	n/a	n/a	n/a	n/a	n/a	n/a	n/a	n/a	n/a	n/a	n/a	n/a	n/a	n/a	n/a	n/a	n/a	1703.383705	n/a
1703.396745	0.000000	340679	ttl	11	71	n/a	n/a	n/a	n/a	n/a	n/a	n/a	n/a	n/a	n/a	n/a	n/a	n/a	n/a	n/a	n/a	n/a	n/a	n/a	n/a	n/a	1703.396745	n/a
1703.938572	1.547598	340788	scene_recognition	n/a	n/a	n/a	71.0	n/a	n/a	n/a	1703.3967452499999	n/a	0.9997291825038701	2	2	3	SB_1_frameA.png	2	2	1706.4858995	1	153	n/a	n/a	intervals/recognition_table	152	1703.938572	1705.486170
1703.938572	0.000000	340788	ttl	1	71	n/a	n/a	n/a	n/a	n/a	n/a	n/a	n/a	n/a	n/a	n/a	n/a	n/a	n/a	n/a	n/a	n/a	n/a	n/a	n/a	n/a	1703.938572	n/a
1705.486170	0.000000	341097	ttl	2	71	n/a	n/a	n/a	n/a	n/a	n/a	n/a	n/a	n/a	n/a	n/a	n/a	n/a	n/a	n/a	n/a	n/a	n/a	n/a	n/a	n/a	1705.486170	n/a
1706.485899	0.000000	341297	ttl	4	71	n/a	n/a	n/a	n/a	n/a	n/a	n/a	n/a	n/a	n/a	n/a	n/a	n/a	n/a	n/a	n/a	n/a	n/a	n/a	n/a	n/a	1706.485899	n/a
1706.501935	0.000000	341300	ttl	11	71	n/a	n/a	n/a	n/a	n/a	n/a	n/a	n/a	n/a	n/a	n/a	n/a	n/a	n/a	n/a	n/a	n/a	n/a	n/a	n/a	n/a	1706.501935	n/a
1707.043756	1.527138	341409	scene_recognition	n/a	n/a	n/a	71.0	n/a	n/a	n/a	1706.501935	n/a	2.1452506651489784	2	3	1	HB_2_frameB_foil.png	1	5	1710.7161445	0	154	n/a	n/a	intervals/recognition_table	153	1707.043756	1708.570894
1707.043756	0.000000	341409	ttl	1	71	n/a	n/a	n/a	n/a	n/a	n/a	n/a	n/a	n/a	n/a	n/a	n/a	n/a	n/a	n/a	n/a	n/a	n/a	n/a	n/a	n/a	1707.043756	n/a
1708.570894	0.000000	341714	ttl	2	71	n/a	n/a	n/a	n/a	n/a	n/a	n/a	n/a	n/a	n/a	n/a	n/a	n/a	n/a	n/a	n/a	n/a	n/a	n/a	n/a	n/a	1708.570894	n/a
1710.716144	0.000000	342143	ttl	4	71	n/a	n/a	n/a	n/a	n/a	n/a	n/a	n/a	n/a	n/a	n/a	n/a	n/a	n/a	n/a	n/a	n/a	n/a	n/a	n/a	n/a	1710.716144	n/a
1710.725499	0.000000	342145	ttl	11	71	n/a	n/a	n/a	n/a	n/a	n/a	n/a	n/a	n/a	n/a	n/a	n/a	n/a	n/a	n/a	n/a	n/a	n/a	n/a	n/a	n/a	1710.725499	n/a
1711.247240	1.527557	342249	scene_recognition	n/a	n/a	n/a	71.0	n/a	n/a	n/a	1710.72549925	n/a	1.8120092744152316	2	1	3	NB_8_frameA.png	2	2	1714.586806	1	155	n/a	n/a	intervals/recognition_table	154	1711.247240	1712.774797
1711.247240	0.000000	342249	ttl	1	71	n/a	n/a	n/a	n/a	n/a	n/a	n/a	n/a	n/a	n/a	n/a	n/a	n/a	n/a	n/a	n/a	n/a	n/a	n/a	n/a	n/a	1711.247240	n/a
1712.774797	0.000000	342555	ttl	2	71	n/a	n/a	n/a	n/a	n/a	n/a	n/a	n/a	n/a	n/a	n/a	n/a	n/a	n/a	n/a	n/a	n/a	n/a	n/a	n/a	n/a	1712.774797	n/a
1714.586806	0.000000	342917	ttl	4	71	n/a	n/a	n/a	n/a	n/a	n/a	n/a	n/a	n/a	n/a	n/a	n/a	n/a	n/a	n/a	n/a	n/a	n/a	n/a	n/a	n/a	1714.586806	n/a
1714.603168	0.000000	342921	ttl	11	71	n/a	n/a	n/a	n/a	n/a	n/a	n/a	n/a	n/a	n/a	n/a	n/a	n/a	n/a	n/a	n/a	n/a	n/a	n/a	n/a	n/a	1714.603168	n/a
1715.185042	1.527024	343037	scene_recognition	n/a	n/a	n/a	71.0	n/a	n/a	n/a	1714.60316775	n/a	2.11287168596391	2	2	1	SB_3_frameA.png	2	4	1718.82493775	1	156	n/a	n/a	intervals/recognition_table	155	1715.185042	1716.712066
1715.185042	0.000000	343037	ttl	1	71	n/a	n/a	n/a	n/a	n/a	n/a	n/a	n/a	n/a	n/a	n/a	n/a	n/a	n/a	n/a	n/a	n/a	n/a	n/a	n/a	n/a	1715.185042	n/a
1716.712066	0.000000	343342	ttl	2	71	n/a	n/a	n/a	n/a	n/a	n/a	n/a	n/a	n/a	n/a	n/a	n/a	n/a	n/a	n/a	n/a	n/a	n/a	n/a	n/a	n/a	1716.712066	n/a
1718.824938	0.000000	343765	ttl	4	71	n/a	n/a	n/a	n/a	n/a	n/a	n/a	n/a	n/a	n/a	n/a	n/a	n/a	n/a	n/a	n/a	n/a	n/a	n/a	n/a	n/a	1718.824938	n/a
1718.844592	0.000000	343769	ttl	11	71	n/a	n/a	n/a	n/a	n/a	n/a	n/a	n/a	n/a	n/a	n/a	n/a	n/a	n/a	n/a	n/a	n/a	n/a	n/a	n/a	n/a	1718.844592	n/a
1719.366612	1.547212	343873	scene_recognition	n/a	n/a	n/a	71.0	n/a	n/a	n/a	1718.844592	n/a	0.5440656314508487	2	1	2	NB_13_frameA_foil.png	1	6	1721.4578895	0	157	n/a	n/a	intervals/recognition_table	156	1719.366612	1720.913824
1719.366612	0.000000	343873	ttl	1	71	n/a	n/a	n/a	n/a	n/a	n/a	n/a	n/a	n/a	n/a	n/a	n/a	n/a	n/a	n/a	n/a	n/a	n/a	n/a	n/a	n/a	1719.366612	n/a
1720.913824	0.000000	344183	ttl	2	71	n/a	n/a	n/a	n/a	n/a	n/a	n/a	n/a	n/a	n/a	n/a	n/a	n/a	n/a	n/a	n/a	n/a	n/a	n/a	n/a	n/a	1720.913824	n/a
1721.457889	0.000000	344292	ttl	4	71	n/a	n/a	n/a	n/a	n/a	n/a	n/a	n/a	n/a	n/a	n/a	n/a	n/a	n/a	n/a	n/a	n/a	n/a	n/a	n/a	n/a	1721.457889	n/a
1721.473074	0.000000	344295	ttl	11	71	n/a	n/a	n/a	n/a	n/a	n/a	n/a	n/a	n/a	n/a	n/a	n/a	n/a	n/a	n/a	n/a	n/a	n/a	n/a	n/a	n/a	1721.473074	n/a
1722.034770	1.527225	344407	scene_recognition	n/a	n/a	n/a	71.0	n/a	n/a	n/a	1721.4730745	n/a	2.812849747366272	1	1	3	NB_24_frameB_foil.png	2	2	1726.374844	0	158	n/a	n/a	intervals/recognition_table	157	1722.034770	1723.561994
1722.034770	0.000000	344407	ttl	1	71	n/a	n/a	n/a	n/a	n/a	n/a	n/a	n/a	n/a	n/a	n/a	n/a	n/a	n/a	n/a	n/a	n/a	n/a	n/a	n/a	n/a	1722.034770	n/a
1723.561994	0.000000	344712	ttl	2	71	n/a	n/a	n/a	n/a	n/a	n/a	n/a	n/a	n/a	n/a	n/a	n/a	n/a	n/a	n/a	n/a	n/a	n/a	n/a	n/a	n/a	1723.561994	n/a
1726.374844	0.000000	345275	ttl	4	71	n/a	n/a	n/a	n/a	n/a	n/a	n/a	n/a	n/a	n/a	n/a	n/a	n/a	n/a	n/a	n/a	n/a	n/a	n/a	n/a	n/a	1726.374844	n/a
1726.398520	0.000000	345280	ttl	11	71	n/a	n/a	n/a	n/a	n/a	n/a	n/a	n/a	n/a	n/a	n/a	n/a	n/a	n/a	n/a	n/a	n/a	n/a	n/a	n/a	n/a	1726.398520	n/a
1726.960622	1.527009	345392	scene_recognition	n/a	n/a	n/a	71.0	n/a	n/a	n/a	1726.3985197499999	n/a	2.0383581109877014	2	1	3	NB_17_frameB.png	2	2	1730.5259895	1	159	n/a	n/a	intervals/recognition_table	158	1726.960622	1728.487631
1726.960622	0.000000	345392	ttl	1	71	n/a	n/a	n/a	n/a	n/a	n/a	n/a	n/a	n/a	n/a	n/a	n/a	n/a	n/a	n/a	n/a	n/a	n/a	n/a	n/a	n/a	1726.960622	n/a
1728.487631	0.000000	345698	ttl	2	71	n/a	n/a	n/a	n/a	n/a	n/a	n/a	n/a	n/a	n/a	n/a	n/a	n/a	n/a	n/a	n/a	n/a	n/a	n/a	n/a	n/a	1728.487631	n/a
1730.525989	0.000000	346105	ttl	4	71	n/a	n/a	n/a	n/a	n/a	n/a	n/a	n/a	n/a	n/a	n/a	n/a	n/a	n/a	n/a	n/a	n/a	n/a	n/a	n/a	n/a	1730.525989	n/a
1730.550517	0.000000	346110	ttl	11	71	n/a	n/a	n/a	n/a	n/a	n/a	n/a	n/a	n/a	n/a	n/a	n/a	n/a	n/a	n/a	n/a	n/a	n/a	n/a	n/a	n/a	1730.550517	n/a
1731.092573	1.547153	346219	scene_recognition	n/a	n/a	n/a	71.0	n/a	n/a	n/a	1730.5505167499998	n/a	0.0	1	1	0	NB_5_frameA_foil.png	0	1	1732.64072625	0	160	n/a	n/a	intervals/recognition_table	159	1731.092573	1732.639726
1731.092573	0.000000	346219	ttl	1	71	n/a	n/a	n/a	n/a	n/a	n/a	n/a	n/a	n/a	n/a	n/a	n/a	n/a	n/a	n/a	n/a	n/a	n/a	n/a	n/a	n/a	1731.092573	n/a
1732.639726	0.000000	346528	ttl	2	71	n/a	n/a	n/a	n/a	n/a	n/a	n/a	n/a	n/a	n/a	n/a	n/a	n/a	n/a	n/a	n/a	n/a	n/a	n/a	n/a	n/a	1732.639726	n/a
1732.675730	0.000000	346535	ttl	11	71	n/a	n/a	n/a	n/a	n/a	n/a	n/a	n/a	n/a	n/a	n/a	n/a	n/a	n/a	n/a	n/a	n/a	n/a	n/a	n/a	n/a	1732.675730	n/a
1733.217813	1.527091	346644	scene_recognition	n/a	n/a	n/a	71.0	n/a	n/a	n/a	1732.67573025	n/a	3.0128747155426936	1	2	2	SB_5_frameB_foil.png	2	3	1737.757779	0	161	n/a	n/a	intervals/recognition_table	160	1733.217813	1734.744904
1733.217813	0.000000	346644	ttl	1	71	n/a	n/a	n/a	n/a	n/a	n/a	n/a	n/a	n/a	n/a	n/a	n/a	n/a	n/a	n/a	n/a	n/a	n/a	n/a	n/a	n/a	1733.217813	n/a
1734.744904	0.000000	346949	ttl	2	71	n/a	n/a	n/a	n/a	n/a	n/a	n/a	n/a	n/a	n/a	n/a	n/a	n/a	n/a	n/a	n/a	n/a	n/a	n/a	n/a	n/a	1734.744904	n/a
1737.757779	0.000000	347552	ttl	4	71	n/a	n/a	n/a	n/a	n/a	n/a	n/a	n/a	n/a	n/a	n/a	n/a	n/a	n/a	n/a	n/a	n/a	n/a	n/a	n/a	n/a	1737.757779	n/a
1737.763042	0.000000	347553	ttl	11	71	n/a	n/a	n/a	n/a	n/a	n/a	n/a	n/a	n/a	n/a	n/a	n/a	n/a	n/a	n/a	n/a	n/a	n/a	n/a	n/a	n/a	1737.763042	n/a
1738.284909	1.527137	347657	scene_recognition	n/a	n/a	n/a	71.0	n/a	n/a	n/a	1737.7630419999998	n/a	1.3764800525677856	2	2	3	SB_8_frameA_foil.png	1	7	1741.1885252499999	0	162	n/a	n/a	intervals/recognition_table	161	1738.284909	1739.812045
1738.284909	0.000000	347657	ttl	1	71	n/a	n/a	n/a	n/a	n/a	n/a	n/a	n/a	n/a	n/a	n/a	n/a	n/a	n/a	n/a	n/a	n/a	n/a	n/a	n/a	n/a	1738.284909	n/a
1739.812045	0.000000	347962	ttl	2	71	n/a	n/a	n/a	n/a	n/a	n/a	n/a	n/a	n/a	n/a	n/a	n/a	n/a	n/a	n/a	n/a	n/a	n/a	n/a	n/a	n/a	1739.812045	n/a
1741.188525	0.000000	348238	ttl	4	71	n/a	n/a	n/a	n/a	n/a	n/a	n/a	n/a	n/a	n/a	n/a	n/a	n/a	n/a	n/a	n/a	n/a	n/a	n/a	n/a	n/a	1741.188525	n/a
1741.204855	0.000000	348241	ttl	11	71	n/a	n/a	n/a	n/a	n/a	n/a	n/a	n/a	n/a	n/a	n/a	n/a	n/a	n/a	n/a	n/a	n/a	n/a	n/a	n/a	n/a	1741.204855	n/a
1741.786888	1.547345	348357	scene_recognition	n/a	n/a	n/a	71.0	n/a	n/a	n/a	1741.2048545	n/a	2.8525739898800566	2	3	3	HB_1_frameB.png	2	2	1746.18680675	1	163	n/a	n/a	intervals/recognition_table	162	1741.786888	1743.334233
1741.786888	0.000000	348357	ttl	1	71	n/a	n/a	n/a	n/a	n/a	n/a	n/a	n/a	n/a	n/a	n/a	n/a	n/a	n/a	n/a	n/a	n/a	n/a	n/a	n/a	n/a	1741.786888	n/a
1743.334233	0.000000	348667	ttl	2	71	n/a	n/a	n/a	n/a	n/a	n/a	n/a	n/a	n/a	n/a	n/a	n/a	n/a	n/a	n/a	n/a	n/a	n/a	n/a	n/a	n/a	1743.334233	n/a
1746.186807	0.000000	349237	ttl	4	71	n/a	n/a	n/a	n/a	n/a	n/a	n/a	n/a	n/a	n/a	n/a	n/a	n/a	n/a	n/a	n/a	n/a	n/a	n/a	n/a	n/a	1746.186807	n/a
1746.205180	0.000000	349241	ttl	11	71	n/a	n/a	n/a	n/a	n/a	n/a	n/a	n/a	n/a	n/a	n/a	n/a	n/a	n/a	n/a	n/a	n/a	n/a	n/a	n/a	n/a	1746.205180	n/a
1746.767069	1.547140	349353	scene_recognition	n/a	n/a	n/a	71.0	n/a	n/a	n/a	1746.20518	n/a	1.5731607878969953	1	3	1	HB_6_frameB_foil.png	2	4	1749.88737025	0	164	n/a	n/a	intervals/recognition_table	163	1746.767069	1748.314209
1746.767069	0.000000	349353	ttl	1	71	n/a	n/a	n/a	n/a	n/a	n/a	n/a	n/a	n/a	n/a	n/a	n/a	n/a	n/a	n/a	n/a	n/a	n/a	n/a	n/a	n/a	1746.767069	n/a
1748.314209	0.000000	349663	ttl	2	71	n/a	n/a	n/a	n/a	n/a	n/a	n/a	n/a	n/a	n/a	n/a	n/a	n/a	n/a	n/a	n/a	n/a	n/a	n/a	n/a	n/a	1748.314209	n/a
1749.887370	0.000000	349977	ttl	4	71	n/a	n/a	n/a	n/a	n/a	n/a	n/a	n/a	n/a	n/a	n/a	n/a	n/a	n/a	n/a	n/a	n/a	n/a	n/a	n/a	n/a	1749.887370	n/a
1749.894934	0.000000	349979	ttl	11	71	n/a	n/a	n/a	n/a	n/a	n/a	n/a	n/a	n/a	n/a	n/a	n/a	n/a	n/a	n/a	n/a	n/a	n/a	n/a	n/a	n/a	1749.894934	n/a
1750.476909	1.548050	350095	scene_recognition	n/a	n/a	n/a	71.0	n/a	n/a	n/a	1749.8949337499998	n/a	0.8637962777756911	1	1	3	NB_19_frameA_foil.png	2	2	1752.888755	0	165	n/a	n/a	intervals/recognition_table	164	1750.476909	1752.024959
1750.476909	0.000000	350095	ttl	1	71	n/a	n/a	n/a	n/a	n/a	n/a	n/a	n/a	n/a	n/a	n/a	n/a	n/a	n/a	n/a	n/a	n/a	n/a	n/a	n/a	n/a	1750.476909	n/a
1752.024959	0.000000	350405	ttl	2	71	n/a	n/a	n/a	n/a	n/a	n/a	n/a	n/a	n/a	n/a	n/a	n/a	n/a	n/a	n/a	n/a	n/a	n/a	n/a	n/a	n/a	1752.024959	n/a
1752.888755	0.000000	350578	ttl	4	71	n/a	n/a	n/a	n/a	n/a	n/a	n/a	n/a	n/a	n/a	n/a	n/a	n/a	n/a	n/a	n/a	n/a	n/a	n/a	n/a	n/a	1752.888755	n/a
1752.900706	0.000000	350580	ttl	11	71	n/a	n/a	n/a	n/a	n/a	n/a	n/a	n/a	n/a	n/a	n/a	n/a	n/a	n/a	n/a	n/a	n/a	n/a	n/a	n/a	n/a	1752.900706	n/a
1753.422479	1.547185	350684	scene_recognition	n/a	n/a	n/a	71.0	n/a	n/a	n/a	1752.900706	n/a	1.8425880627542028	1	2	3	SB_6_frameB_foil.png	2	2	1756.8122524999999	0	166	n/a	n/a	intervals/recognition_table	165	1753.422479	1754.969664
1753.422479	0.000000	350684	ttl	1	71	n/a	n/a	n/a	n/a	n/a	n/a	n/a	n/a	n/a	n/a	n/a	n/a	n/a	n/a	n/a	n/a	n/a	n/a	n/a	n/a	n/a	1753.422479	n/a
1754.969664	0.000000	350994	ttl	2	71	n/a	n/a	n/a	n/a	n/a	n/a	n/a	n/a	n/a	n/a	n/a	n/a	n/a	n/a	n/a	n/a	n/a	n/a	n/a	n/a	n/a	1754.969664	n/a
1756.812252	0.000000	351362	ttl	4	71	n/a	n/a	n/a	n/a	n/a	n/a	n/a	n/a	n/a	n/a	n/a	n/a	n/a	n/a	n/a	n/a	n/a	n/a	n/a	n/a	n/a	1756.812252	n/a
1756.835466	0.000000	351367	ttl	11	71	n/a	n/a	n/a	n/a	n/a	n/a	n/a	n/a	n/a	n/a	n/a	n/a	n/a	n/a	n/a	n/a	n/a	n/a	n/a	n/a	n/a	1756.835466	n/a
1757.417419	1.527296	351483	scene_recognition	n/a	n/a	n/a	71.0	n/a	n/a	n/a	1756.8354662499999	n/a	0.3158308480465166	2	3	3	HB_5_frameB.png	2	2	1759.260546	1	167	n/a	n/a	intervals/recognition_table	166	1757.417419	1758.944715
1757.417419	0.000000	351483	ttl	1	71	n/a	n/a	n/a	n/a	n/a	n/a	n/a	n/a	n/a	n/a	n/a	n/a	n/a	n/a	n/a	n/a	n/a	n/a	n/a	n/a	n/a	1757.417419	n/a
1758.944715	0.000000	351789	ttl	2	71	n/a	n/a	n/a	n/a	n/a	n/a	n/a	n/a	n/a	n/a	n/a	n/a	n/a	n/a	n/a	n/a	n/a	n/a	n/a	n/a	n/a	1758.944715	n/a
1759.260546	0.000000	351852	ttl	4	71	n/a	n/a	n/a	n/a	n/a	n/a	n/a	n/a	n/a	n/a	n/a	n/a	n/a	n/a	n/a	n/a	n/a	n/a	n/a	n/a	n/a	1759.260546	n/a
1759.279064	0.000000	351856	ttl	11	71	n/a	n/a	n/a	n/a	n/a	n/a	n/a	n/a	n/a	n/a	n/a	n/a	n/a	n/a	n/a	n/a	n/a	n/a	n/a	n/a	n/a	1759.279064	n/a
1759.840952	1.547234	351968	scene_recognition	n/a	n/a	n/a	71.0	n/a	n/a	n/a	1759.27906375	n/a	0.270366885146359	2	1	3	NB_13_frameB.png	2	2	1761.65855275	1	168	n/a	n/a	intervals/recognition_table	167	1759.840952	1761.388186
1759.840952	0.000000	351968	ttl	1	71	n/a	n/a	n/a	n/a	n/a	n/a	n/a	n/a	n/a	n/a	n/a	n/a	n/a	n/a	n/a	n/a	n/a	n/a	n/a	n/a	n/a	1759.840952	n/a
1761.388186	0.000000	352278	ttl	2	71	n/a	n/a	n/a	n/a	n/a	n/a	n/a	n/a	n/a	n/a	n/a	n/a	n/a	n/a	n/a	n/a	n/a	n/a	n/a	n/a	n/a	1761.388186	n/a
1761.658553	0.000000	352332	ttl	4	71	n/a	n/a	n/a	n/a	n/a	n/a	n/a	n/a	n/a	n/a	n/a	n/a	n/a	n/a	n/a	n/a	n/a	n/a	n/a	n/a	n/a	1761.658553	n/a
1761.672874	0.000000	352335	ttl	11	71	n/a	n/a	n/a	n/a	n/a	n/a	n/a	n/a	n/a	n/a	n/a	n/a	n/a	n/a	n/a	n/a	n/a	n/a	n/a	n/a	n/a	1761.672874	n/a
1762.234820	1.527393	352447	scene_recognition	n/a	n/a	n/a	71.0	n/a	n/a	n/a	1761.67287425	n/a	0.47510860697229873	2	1	3	NB_24_frameA.png	2	2	1764.2373215	1	169	n/a	n/a	intervals/recognition_table	168	1762.234820	1763.762213
1762.234820	0.000000	352447	ttl	1	71	n/a	n/a	n/a	n/a	n/a	n/a	n/a	n/a	n/a	n/a	n/a	n/a	n/a	n/a	n/a	n/a	n/a	n/a	n/a	n/a	n/a	1762.234820	n/a
1763.762213	0.000000	352752	ttl	2	71	n/a	n/a	n/a	n/a	n/a	n/a	n/a	n/a	n/a	n/a	n/a	n/a	n/a	n/a	n/a	n/a	n/a	n/a	n/a	n/a	n/a	1763.762213	n/a
1764.237322	0.000000	352847	ttl	4	71	n/a	n/a	n/a	n/a	n/a	n/a	n/a	n/a	n/a	n/a	n/a	n/a	n/a	n/a	n/a	n/a	n/a	n/a	n/a	n/a	n/a	1764.237322	n/a
1764.254776	0.000000	352851	ttl	11	71	n/a	n/a	n/a	n/a	n/a	n/a	n/a	n/a	n/a	n/a	n/a	n/a	n/a	n/a	n/a	n/a	n/a	n/a	n/a	n/a	n/a	1764.254776	n/a
1764.836738	1.527181	352967	scene_recognition	n/a	n/a	n/a	71.0	n/a	n/a	n/a	1764.2547765	n/a	1.6794845790864201	2	1	3	NB_12_frameA.png	2	2	1768.0434034999998	1	170	n/a	n/a	intervals/recognition_table	169	1764.836738	1766.363919
1764.836738	0.000000	352967	ttl	1	71	n/a	n/a	n/a	n/a	n/a	n/a	n/a	n/a	n/a	n/a	n/a	n/a	n/a	n/a	n/a	n/a	n/a	n/a	n/a	n/a	n/a	1764.836738	n/a
1766.363919	0.000000	353273	ttl	2	71	n/a	n/a	n/a	n/a	n/a	n/a	n/a	n/a	n/a	n/a	n/a	n/a	n/a	n/a	n/a	n/a	n/a	n/a	n/a	n/a	n/a	1766.363919	n/a
1768.043403	0.000000	353609	ttl	4	71	n/a	n/a	n/a	n/a	n/a	n/a	n/a	n/a	n/a	n/a	n/a	n/a	n/a	n/a	n/a	n/a	n/a	n/a	n/a	n/a	n/a	1768.043403	n/a
1768.065004	0.000000	353613	ttl	11	71	n/a	n/a	n/a	n/a	n/a	n/a	n/a	n/a	n/a	n/a	n/a	n/a	n/a	n/a	n/a	n/a	n/a	n/a	n/a	n/a	n/a	1768.065004	n/a
1768.606879	1.527423	353721	scene_recognition	n/a	n/a	n/a	71.0	n/a	n/a	n/a	1768.06500375	n/a	0.9108476964056536	2	3	2	HB_1_frameB.png	2	3	1771.04514925	1	171	n/a	n/a	intervals/recognition_table	170	1768.606879	1770.134302
1768.606879	0.000000	353721	ttl	1	71	n/a	n/a	n/a	n/a	n/a	n/a	n/a	n/a	n/a	n/a	n/a	n/a	n/a	n/a	n/a	n/a	n/a	n/a	n/a	n/a	n/a	1768.606879	n/a
1770.134302	0.000000	354027	ttl	2	71	n/a	n/a	n/a	n/a	n/a	n/a	n/a	n/a	n/a	n/a	n/a	n/a	n/a	n/a	n/a	n/a	n/a	n/a	n/a	n/a	n/a	1770.134302	n/a
1771.045149	0.000000	354209	ttl	4	71	n/a	n/a	n/a	n/a	n/a	n/a	n/a	n/a	n/a	n/a	n/a	n/a	n/a	n/a	n/a	n/a	n/a	n/a	n/a	n/a	n/a	1771.045149	n/a
1771.065861	0.000000	354213	ttl	11	71	n/a	n/a	n/a	n/a	n/a	n/a	n/a	n/a	n/a	n/a	n/a	n/a	n/a	n/a	n/a	n/a	n/a	n/a	n/a	n/a	n/a	1771.065861	n/a
1771.607447	1.547339	354321	scene_recognition	n/a	n/a	n/a	71.0	n/a	n/a	n/a	1771.0658615	n/a	1.2482087650096219	2	3	2	HB_1_frameA_foil.png	1	6	1774.4029947499998	0	172	n/a	n/a	intervals/recognition_table	171	1771.607447	1773.154786
1771.607447	0.000000	354321	ttl	1	71	n/a	n/a	n/a	n/a	n/a	n/a	n/a	n/a	n/a	n/a	n/a	n/a	n/a	n/a	n/a	n/a	n/a	n/a	n/a	n/a	n/a	1771.607447	n/a
1773.154786	0.000000	354631	ttl	2	71	n/a	n/a	n/a	n/a	n/a	n/a	n/a	n/a	n/a	n/a	n/a	n/a	n/a	n/a	n/a	n/a	n/a	n/a	n/a	n/a	n/a	1773.154786	n/a
1774.402995	0.000000	354881	ttl	4	71	n/a	n/a	n/a	n/a	n/a	n/a	n/a	n/a	n/a	n/a	n/a	n/a	n/a	n/a	n/a	n/a	n/a	n/a	n/a	n/a	n/a	1774.402995	n/a
1774.418913	0.000000	354884	ttl	11	71	n/a	n/a	n/a	n/a	n/a	n/a	n/a	n/a	n/a	n/a	n/a	n/a	n/a	n/a	n/a	n/a	n/a	n/a	n/a	n/a	n/a	1774.418913	n/a
1775.001071	1.527168	355000	scene_recognition	n/a	n/a	n/a	71.0	n/a	n/a	n/a	1774.4189132499998	n/a	2.194385200793022	1	1	3	NB_21_frameA_foil.png	2	2	1778.722624	0	173	n/a	n/a	intervals/recognition_table	172	1775.001071	1776.528239
1775.001071	0.000000	355000	ttl	1	71	n/a	n/a	n/a	n/a	n/a	n/a	n/a	n/a	n/a	n/a	n/a	n/a	n/a	n/a	n/a	n/a	n/a	n/a	n/a	n/a	n/a	1775.001071	n/a
1776.528239	0.000000	355306	ttl	2	71	n/a	n/a	n/a	n/a	n/a	n/a	n/a	n/a	n/a	n/a	n/a	n/a	n/a	n/a	n/a	n/a	n/a	n/a	n/a	n/a	n/a	1776.528239	n/a
1778.722624	0.000000	355745	ttl	4	71	n/a	n/a	n/a	n/a	n/a	n/a	n/a	n/a	n/a	n/a	n/a	n/a	n/a	n/a	n/a	n/a	n/a	n/a	n/a	n/a	n/a	1778.722624	n/a
1778.729542	0.000000	355746	ttl	11	71	n/a	n/a	n/a	n/a	n/a	n/a	n/a	n/a	n/a	n/a	n/a	n/a	n/a	n/a	n/a	n/a	n/a	n/a	n/a	n/a	n/a	1778.729542	n/a
1779.251325	1.527291	355850	scene_recognition	n/a	n/a	n/a	71.0	n/a	n/a	n/a	1778.72954175	n/a	0.11454295112935142	1	1	2	NB_11_frameA_foil.png	2	3	1780.8931592499998	0	174	n/a	n/a	intervals/recognition_table	173	1779.251325	1780.778616
1779.251325	0.000000	355850	ttl	1	71	n/a	n/a	n/a	n/a	n/a	n/a	n/a	n/a	n/a	n/a	n/a	n/a	n/a	n/a	n/a	n/a	n/a	n/a	n/a	n/a	n/a	1779.251325	n/a
1780.778616	0.000000	356156	ttl	2	71	n/a	n/a	n/a	n/a	n/a	n/a	n/a	n/a	n/a	n/a	n/a	n/a	n/a	n/a	n/a	n/a	n/a	n/a	n/a	n/a	n/a	1780.778616	n/a
1780.893159	0.000000	356179	ttl	4	71	n/a	n/a	n/a	n/a	n/a	n/a	n/a	n/a	n/a	n/a	n/a	n/a	n/a	n/a	n/a	n/a	n/a	n/a	n/a	n/a	n/a	1780.893159	n/a
1780.910554	0.000000	356182	ttl	11	71	n/a	n/a	n/a	n/a	n/a	n/a	n/a	n/a	n/a	n/a	n/a	n/a	n/a	n/a	n/a	n/a	n/a	n/a	n/a	n/a	n/a	1780.910554	n/a
1781.452456	1.527349	356290	scene_recognition	n/a	n/a	n/a	71.0	n/a	n/a	n/a	1780.9105539999998	n/a	1.4518369366251136	2	2	3	SB_1_frameA.png	2	2	1784.4316414999998	1	175	n/a	n/a	intervals/recognition_table	174	1781.452456	1782.979805
1781.452456	0.000000	356290	ttl	1	71	n/a	n/a	n/a	n/a	n/a	n/a	n/a	n/a	n/a	n/a	n/a	n/a	n/a	n/a	n/a	n/a	n/a	n/a	n/a	n/a	n/a	1781.452456	n/a
1782.979805	0.000000	356596	ttl	2	71	n/a	n/a	n/a	n/a	n/a	n/a	n/a	n/a	n/a	n/a	n/a	n/a	n/a	n/a	n/a	n/a	n/a	n/a	n/a	n/a	n/a	1782.979805	n/a
1784.431641	0.000000	356886	ttl	4	71	n/a	n/a	n/a	n/a	n/a	n/a	n/a	n/a	n/a	n/a	n/a	n/a	n/a	n/a	n/a	n/a	n/a	n/a	n/a	n/a	n/a	1784.431641	n/a
1784.448331	0.000000	356890	ttl	11	71	n/a	n/a	n/a	n/a	n/a	n/a	n/a	n/a	n/a	n/a	n/a	n/a	n/a	n/a	n/a	n/a	n/a	n/a	n/a	n/a	n/a	1784.448331	n/a
1785.010207	1.527149	357002	scene_recognition	n/a	n/a	n/a	71.0	n/a	n/a	n/a	1784.4483315	n/a	0.6462701105715496	2	1	3	NB_25_frameB.png	2	2	1787.18362675	1	176	n/a	n/a	intervals/recognition_table	175	1785.010207	1786.537356
1785.010207	0.000000	357002	ttl	1	71	n/a	n/a	n/a	n/a	n/a	n/a	n/a	n/a	n/a	n/a	n/a	n/a	n/a	n/a	n/a	n/a	n/a	n/a	n/a	n/a	n/a	1785.010207	n/a
1786.537356	0.000000	357307	ttl	2	71	n/a	n/a	n/a	n/a	n/a	n/a	n/a	n/a	n/a	n/a	n/a	n/a	n/a	n/a	n/a	n/a	n/a	n/a	n/a	n/a	n/a	1786.537356	n/a
1787.183627	0.000000	357437	ttl	4	71	n/a	n/a	n/a	n/a	n/a	n/a	n/a	n/a	n/a	n/a	n/a	n/a	n/a	n/a	n/a	n/a	n/a	n/a	n/a	n/a	n/a	1787.183627	n/a
1787.212989	0.000000	357443	ttl	11	71	n/a	n/a	n/a	n/a	n/a	n/a	n/a	n/a	n/a	n/a	n/a	n/a	n/a	n/a	n/a	n/a	n/a	n/a	n/a	n/a	n/a	1787.212989	n/a
1787.731060	1.491728	357546	scene_recognition	n/a	n/a	n/a	71.0	n/a	n/a	n/a	1787.21298925	n/a	1.0462324073141644	1	2	2	SB_30_frameA.png	1	6	1790.2690205	1	177	n/a	n/a	intervals/recognition_table	176	1787.731060	1789.222788
1787.731060	0.000000	357546	ttl	1	71	n/a	n/a	n/a	n/a	n/a	n/a	n/a	n/a	n/a	n/a	n/a	n/a	n/a	n/a	n/a	n/a	n/a	n/a	n/a	n/a	n/a	1787.731060	n/a
1789.222788	0.000000	357845	ttl	2	71	n/a	n/a	n/a	n/a	n/a	n/a	n/a	n/a	n/a	n/a	n/a	n/a	n/a	n/a	n/a	n/a	n/a	n/a	n/a	n/a	n/a	1789.222788	n/a
1790.269020	0.000000	358054	ttl	4	71	n/a	n/a	n/a	n/a	n/a	n/a	n/a	n/a	n/a	n/a	n/a	n/a	n/a	n/a	n/a	n/a	n/a	n/a	n/a	n/a	n/a	1790.269020	n/a
1790.296951	0.000000	358059	ttl	11	71	n/a	n/a	n/a	n/a	n/a	n/a	n/a	n/a	n/a	n/a	n/a	n/a	n/a	n/a	n/a	n/a	n/a	n/a	n/a	n/a	n/a	1790.296951	n/a
1790.871798	1.553200	358174	scene_recognition	n/a	n/a	n/a	71.0	n/a	n/a	n/a	1790.2969509999998	n/a	1.822011177911918	1	2	2	SB_30_frameB_foil.png	2	3	1794.2470094999999	0	178	n/a	n/a	intervals/recognition_table	177	1790.871798	1792.424998
1790.871798	0.000000	358174	ttl	1	71	n/a	n/a	n/a	n/a	n/a	n/a	n/a	n/a	n/a	n/a	n/a	n/a	n/a	n/a	n/a	n/a	n/a	n/a	n/a	n/a	n/a	1790.871798	n/a
1792.424998	0.000000	358485	ttl	2	71	n/a	n/a	n/a	n/a	n/a	n/a	n/a	n/a	n/a	n/a	n/a	n/a	n/a	n/a	n/a	n/a	n/a	n/a	n/a	n/a	n/a	1792.424998	n/a
1794.247009	0.000000	358849	ttl	4	71	n/a	n/a	n/a	n/a	n/a	n/a	n/a	n/a	n/a	n/a	n/a	n/a	n/a	n/a	n/a	n/a	n/a	n/a	n/a	n/a	n/a	1794.247009	n/a
1794.295046	0.000000	358859	ttl	11	71	n/a	n/a	n/a	n/a	n/a	n/a	n/a	n/a	n/a	n/a	n/a	n/a	n/a	n/a	n/a	n/a	n/a	n/a	n/a	n/a	n/a	1794.295046	n/a
1794.800804	1.515064	358960	scene_recognition	n/a	n/a	n/a	71.0	n/a	n/a	n/a	1794.2950462499998	n/a	1.6253027161906175	2	3	2	HB_30_frameB.png	2	3	1797.94117125	1	179	n/a	n/a	intervals/recognition_table	178	1794.800804	1796.315868
1794.800804	0.000000	358960	ttl	1	71	n/a	n/a	n/a	n/a	n/a	n/a	n/a	n/a	n/a	n/a	n/a	n/a	n/a	n/a	n/a	n/a	n/a	n/a	n/a	n/a	n/a	1794.800804	n/a
1796.315868	0.000000	359263	ttl	2	71	n/a	n/a	n/a	n/a	n/a	n/a	n/a	n/a	n/a	n/a	n/a	n/a	n/a	n/a	n/a	n/a	n/a	n/a	n/a	n/a	n/a	1796.315868	n/a
1797.941171	0.000000	359588	ttl	4	71	n/a	n/a	n/a	n/a	n/a	n/a	n/a	n/a	n/a	n/a	n/a	n/a	n/a	n/a	n/a	n/a	n/a	n/a	n/a	n/a	n/a	1797.941171	n/a
1798.008107	0.000000	359602	ttl	11	71	n/a	n/a	n/a	n/a	n/a	n/a	n/a	n/a	n/a	n/a	n/a	n/a	n/a	n/a	n/a	n/a	n/a	n/a	n/a	n/a	n/a	1798.008107	n/a
1798.567841	1.549740	359714	scene_recognition	n/a	n/a	n/a	71.0	n/a	n/a	n/a	1798.0081074999998	n/a	1.0640681430390941	2	3	3	HB_30_frameA_foil.png	1	7	1801.1816494999998	0	180	n/a	n/a	intervals/recognition_table	179	1798.567841	1800.117581
1798.567841	0.000000	359714	ttl	1	71	n/a	n/a	n/a	n/a	n/a	n/a	n/a	n/a	n/a	n/a	n/a	n/a	n/a	n/a	n/a	n/a	n/a	n/a	n/a	n/a	n/a	1798.567841	n/a
1800.117581	0.000000	360024	ttl	2	71	n/a	n/a	n/a	n/a	n/a	n/a	n/a	n/a	n/a	n/a	n/a	n/a	n/a	n/a	n/a	n/a	n/a	n/a	n/a	n/a	n/a	1800.117581	n/a
1801.181649	0.000000	360236	ttl	4	71	n/a	n/a	n/a	n/a	n/a	n/a	n/a	n/a	n/a	n/a	n/a	n/a	n/a	n/a	n/a	n/a	n/a	n/a	n/a	n/a	n/a	1801.181649	n/a
1801.235465	0.000000	360247	ttl	60	71	n/a	n/a	n/a	n/a	n/a	n/a	n/a	n/a	n/a	n/a	n/a	n/a	n/a	n/a	n/a	n/a	n/a	n/a	n/a	n/a	n/a	1801.235465	n/a
2105.677870	0.000000	421136	ttl	61	72	n/a	n/a	n/a	n/a	n/a	n/a	n/a	n/a	n/a	n/a	n/a	n/a	n/a	n/a	n/a	n/a	n/a	n/a	n/a	n/a	n/a	2105.677870	n/a
2105.735822	0.000000	421147	ttl	11	72	n/a	n/a	n/a	n/a	n/a	n/a	n/a	n/a	n/a	n/a	n/a	n/a	n/a	n/a	n/a	n/a	n/a	n/a	n/a	n/a	n/a	2105.735822	n/a
2106.317753	2.054068	421264	time_discrimination	n/a	n/a	n/a	72.0	n/a	n/a	n/a	2105.7358222499997	n/a	2.640449716161129	2.0	1	2.0	NB_8_ShortA.png	n/a	6	2111.01227025	n/a	1	2	2	intervals/timediscrimination_table	0	2106.317753	2108.371821
2106.317753	0.000000	421264	ttl	1	72	n/a	n/a	n/a	n/a	n/a	n/a	n/a	n/a	n/a	n/a	n/a	n/a	n/a	n/a	n/a	n/a	n/a	n/a	n/a	n/a	n/a	2106.317753	n/a
2108.371821	0.000000	421674	ttl	2	72	n/a	n/a	n/a	n/a	n/a	n/a	n/a	n/a	n/a	n/a	n/a	n/a	n/a	n/a	n/a	n/a	n/a	n/a	n/a	n/a	n/a	2108.371821	n/a
2111.012270	0.000000	422202	ttl	4	72	n/a	n/a	n/a	n/a	n/a	n/a	n/a	n/a	n/a	n/a	n/a	n/a	n/a	n/a	n/a	n/a	n/a	n/a	n/a	n/a	n/a	2111.012270	n/a
2111.056512	0.000000	422211	ttl	11	72	n/a	n/a	n/a	n/a	n/a	n/a	n/a	n/a	n/a	n/a	n/a	n/a	n/a	n/a	n/a	n/a	n/a	n/a	n/a	n/a	n/a	2111.056512	n/a
2111.678614	2.030997	422336	time_discrimination	n/a	n/a	n/a	72.0	n/a	n/a	n/a	2111.056512	n/a	1.5620567118417057	2.0	2	2.0	SB_3_ShortA.png	n/a	3	2115.271667	n/a	2	1	1	intervals/timediscrimination_table	1	2111.678614	2113.709610
2111.678614	0.000000	422336	ttl	1	72	n/a	n/a	n/a	n/a	n/a	n/a	n/a	n/a	n/a	n/a	n/a	n/a	n/a	n/a	n/a	n/a	n/a	n/a	n/a	n/a	n/a	2111.678614	n/a
2113.709610	0.000000	422742	ttl	2	72	n/a	n/a	n/a	n/a	n/a	n/a	n/a	n/a	n/a	n/a	n/a	n/a	n/a	n/a	n/a	n/a	n/a	n/a	n/a	n/a	n/a	2113.709610	n/a
2115.271667	0.000000	423054	ttl	4	72	n/a	n/a	n/a	n/a	n/a	n/a	n/a	n/a	n/a	n/a	n/a	n/a	n/a	n/a	n/a	n/a	n/a	n/a	n/a	n/a	n/a	2115.271667	n/a
2115.298370	0.000000	423060	ttl	11	72	n/a	n/a	n/a	n/a	n/a	n/a	n/a	n/a	n/a	n/a	n/a	n/a	n/a	n/a	n/a	n/a	n/a	n/a	n/a	n/a	n/a	2115.298370	n/a
2115.860290	2.031051	423172	time_discrimination	n/a	n/a	n/a	72.0	n/a	n/a	n/a	2115.29836975	n/a	0.48295597753440234	2.0	1	2.0	NB_18_ShortA.png	n/a	3	2118.3742965	n/a	3	1	1	intervals/timediscrimination_table	2	2115.860290	2117.891340
2115.860290	0.000000	423172	ttl	1	72	n/a	n/a	n/a	n/a	n/a	n/a	n/a	n/a	n/a	n/a	n/a	n/a	n/a	n/a	n/a	n/a	n/a	n/a	n/a	n/a	n/a	2115.860290	n/a
2117.891340	0.000000	423578	ttl	2	72	n/a	n/a	n/a	n/a	n/a	n/a	n/a	n/a	n/a	n/a	n/a	n/a	n/a	n/a	n/a	n/a	n/a	n/a	n/a	n/a	n/a	2117.891340	n/a
2118.374297	0.000000	423675	ttl	4	72	n/a	n/a	n/a	n/a	n/a	n/a	n/a	n/a	n/a	n/a	n/a	n/a	n/a	n/a	n/a	n/a	n/a	n/a	n/a	n/a	n/a	2118.374297	n/a
2118.403180	0.000000	423681	ttl	11	72	n/a	n/a	n/a	n/a	n/a	n/a	n/a	n/a	n/a	n/a	n/a	n/a	n/a	n/a	n/a	n/a	n/a	n/a	n/a	n/a	n/a	2118.403180	n/a
2119.065744	2.030987	423813	time_discrimination	n/a	n/a	n/a	72.0	n/a	n/a	n/a	2118.4031805	n/a	3.3747238838186604	2.0	3	2.0	HB_45_ShortA.png	n/a	6	2124.471455	n/a	4	2	2	intervals/timediscrimination_table	3	2119.065744	2121.096731
2119.065744	0.000000	423813	ttl	1	72	n/a	n/a	n/a	n/a	n/a	n/a	n/a	n/a	n/a	n/a	n/a	n/a	n/a	n/a	n/a	n/a	n/a	n/a	n/a	n/a	n/a	2119.065744	n/a
2121.096731	0.000000	424219	ttl	2	72	n/a	n/a	n/a	n/a	n/a	n/a	n/a	n/a	n/a	n/a	n/a	n/a	n/a	n/a	n/a	n/a	n/a	n/a	n/a	n/a	n/a	2121.096731	n/a
2124.471455	0.000000	424894	ttl	4	72	n/a	n/a	n/a	n/a	n/a	n/a	n/a	n/a	n/a	n/a	n/a	n/a	n/a	n/a	n/a	n/a	n/a	n/a	n/a	n/a	n/a	2124.471455	n/a
2124.482614	0.000000	424897	ttl	11	72	n/a	n/a	n/a	n/a	n/a	n/a	n/a	n/a	n/a	n/a	n/a	n/a	n/a	n/a	n/a	n/a	n/a	n/a	n/a	n/a	n/a	2124.482614	n/a
2125.145141	2.054300	425029	time_discrimination	n/a	n/a	n/a	72.0	n/a	n/a	n/a	2124.482614	n/a	1.6965931011668545	2.0	3	2.0	HB_52_ShortA.png	n/a	6	2128.89603375	n/a	5	2	2	intervals/timediscrimination_table	4	2125.145141	2127.199441
2125.145141	0.000000	425029	ttl	1	72	n/a	n/a	n/a	n/a	n/a	n/a	n/a	n/a	n/a	n/a	n/a	n/a	n/a	n/a	n/a	n/a	n/a	n/a	n/a	n/a	n/a	2125.145141	n/a
2127.199441	0.000000	425440	ttl	2	72	n/a	n/a	n/a	n/a	n/a	n/a	n/a	n/a	n/a	n/a	n/a	n/a	n/a	n/a	n/a	n/a	n/a	n/a	n/a	n/a	n/a	2127.199441	n/a
2128.896034	0.000000	425779	ttl	4	72	n/a	n/a	n/a	n/a	n/a	n/a	n/a	n/a	n/a	n/a	n/a	n/a	n/a	n/a	n/a	n/a	n/a	n/a	n/a	n/a	n/a	2128.896034	n/a
2128.927536	0.000000	425786	ttl	11	72	n/a	n/a	n/a	n/a	n/a	n/a	n/a	n/a	n/a	n/a	n/a	n/a	n/a	n/a	n/a	n/a	n/a	n/a	n/a	n/a	n/a	2128.927536	n/a
2129.509485	2.031411	425902	time_discrimination	n/a	n/a	n/a	72.0	n/a	n/a	n/a	2128.92753575	n/a	1.6031142255324085	1.0	3	2.0	HB_55_LongA.png	n/a	6	2133.14401075	n/a	6	2	1	intervals/timediscrimination_table	5	2129.509485	2131.540896
2129.509485	0.000000	425902	ttl	1	72	n/a	n/a	n/a	n/a	n/a	n/a	n/a	n/a	n/a	n/a	n/a	n/a	n/a	n/a	n/a	n/a	n/a	n/a	n/a	n/a	n/a	2129.509485	n/a
2131.540896	0.000000	426308	ttl	2	72	n/a	n/a	n/a	n/a	n/a	n/a	n/a	n/a	n/a	n/a	n/a	n/a	n/a	n/a	n/a	n/a	n/a	n/a	n/a	n/a	n/a	2131.540896	n/a
2133.144011	0.000000	426629	ttl	4	72	n/a	n/a	n/a	n/a	n/a	n/a	n/a	n/a	n/a	n/a	n/a	n/a	n/a	n/a	n/a	n/a	n/a	n/a	n/a	n/a	n/a	2133.144011	n/a
2133.160479	0.000000	426632	ttl	11	72	n/a	n/a	n/a	n/a	n/a	n/a	n/a	n/a	n/a	n/a	n/a	n/a	n/a	n/a	n/a	n/a	n/a	n/a	n/a	n/a	n/a	2133.160479	n/a
2133.742595	2.031309	426749	time_discrimination	n/a	n/a	n/a	72.0	n/a	n/a	n/a	2133.160479	n/a	1.0915478868782884	2.0	1	2.0	NB_27_ShortA.png	n/a	3	2136.865452	n/a	7	1	1	intervals/timediscrimination_table	6	2133.742595	2135.773904
2133.742595	0.000000	426749	ttl	1	72	n/a	n/a	n/a	n/a	n/a	n/a	n/a	n/a	n/a	n/a	n/a	n/a	n/a	n/a	n/a	n/a	n/a	n/a	n/a	n/a	n/a	2133.742595	n/a
2135.773904	0.000000	427155	ttl	2	72	n/a	n/a	n/a	n/a	n/a	n/a	n/a	n/a	n/a	n/a	n/a	n/a	n/a	n/a	n/a	n/a	n/a	n/a	n/a	n/a	n/a	2135.773904	n/a
2136.865452	0.000000	427373	ttl	4	72	n/a	n/a	n/a	n/a	n/a	n/a	n/a	n/a	n/a	n/a	n/a	n/a	n/a	n/a	n/a	n/a	n/a	n/a	n/a	n/a	n/a	2136.865452	n/a
2136.888703	0.000000	427378	ttl	11	72	n/a	n/a	n/a	n/a	n/a	n/a	n/a	n/a	n/a	n/a	n/a	n/a	n/a	n/a	n/a	n/a	n/a	n/a	n/a	n/a	n/a	2136.888703	n/a
2137.551029	2.030952	427510	time_discrimination	n/a	n/a	n/a	72.0	n/a	n/a	n/a	2136.8887035	n/a	1.7220551265263566	2.0	1	2.0	NB_6_LongA.png	n/a	3	2141.30403675	n/a	8	1	1	intervals/timediscrimination_table	7	2137.551029	2139.581982
2137.551029	0.000000	427510	ttl	1	72	n/a	n/a	n/a	n/a	n/a	n/a	n/a	n/a	n/a	n/a	n/a	n/a	n/a	n/a	n/a	n/a	n/a	n/a	n/a	n/a	n/a	2137.551029	n/a
2139.581982	0.000000	427916	ttl	2	72	n/a	n/a	n/a	n/a	n/a	n/a	n/a	n/a	n/a	n/a	n/a	n/a	n/a	n/a	n/a	n/a	n/a	n/a	n/a	n/a	n/a	2139.581982	n/a
2141.304037	0.000000	428261	ttl	4	72	n/a	n/a	n/a	n/a	n/a	n/a	n/a	n/a	n/a	n/a	n/a	n/a	n/a	n/a	n/a	n/a	n/a	n/a	n/a	n/a	n/a	2141.304037	n/a
2141.325569	0.000000	428265	ttl	11	72	n/a	n/a	n/a	n/a	n/a	n/a	n/a	n/a	n/a	n/a	n/a	n/a	n/a	n/a	n/a	n/a	n/a	n/a	n/a	n/a	n/a	2141.325569	n/a
2141.907738	2.030536	428382	time_discrimination	n/a	n/a	n/a	72.0	n/a	n/a	n/a	2141.32556875	n/a	1.519176828253876	2.0	2	2.0	SB_44_ShortA.png	n/a	3	2145.4574509999998	n/a	9	1	1	intervals/timediscrimination_table	8	2141.907738	2143.938274
2141.907738	0.000000	428382	ttl	1	72	n/a	n/a	n/a	n/a	n/a	n/a	n/a	n/a	n/a	n/a	n/a	n/a	n/a	n/a	n/a	n/a	n/a	n/a	n/a	n/a	n/a	2141.907738	n/a
2143.938274	0.000000	428788	ttl	2	72	n/a	n/a	n/a	n/a	n/a	n/a	n/a	n/a	n/a	n/a	n/a	n/a	n/a	n/a	n/a	n/a	n/a	n/a	n/a	n/a	n/a	2143.938274	n/a
2145.457451	0.000000	429091	ttl	4	72	n/a	n/a	n/a	n/a	n/a	n/a	n/a	n/a	n/a	n/a	n/a	n/a	n/a	n/a	n/a	n/a	n/a	n/a	n/a	n/a	n/a	2145.457451	n/a
2145.478313	0.000000	429096	ttl	11	72	n/a	n/a	n/a	n/a	n/a	n/a	n/a	n/a	n/a	n/a	n/a	n/a	n/a	n/a	n/a	n/a	n/a	n/a	n/a	n/a	n/a	2145.478313	n/a
2146.100630	2.030708	429220	time_discrimination	n/a	n/a	n/a	72.0	n/a	n/a	n/a	2145.478313	n/a	2.1219211566858576	2.0	1	2.0	NB_7_LongA.png	n/a	3	2150.2532595	n/a	10	1	1	intervals/timediscrimination_table	9	2146.100630	2148.131338
2146.100630	0.000000	429220	ttl	1	72	n/a	n/a	n/a	n/a	n/a	n/a	n/a	n/a	n/a	n/a	n/a	n/a	n/a	n/a	n/a	n/a	n/a	n/a	n/a	n/a	n/a	2146.100630	n/a
2148.131338	0.000000	429626	ttl	2	72	n/a	n/a	n/a	n/a	n/a	n/a	n/a	n/a	n/a	n/a	n/a	n/a	n/a	n/a	n/a	n/a	n/a	n/a	n/a	n/a	n/a	2148.131338	n/a
2150.253259	0.000000	430051	ttl	4	72	n/a	n/a	n/a	n/a	n/a	n/a	n/a	n/a	n/a	n/a	n/a	n/a	n/a	n/a	n/a	n/a	n/a	n/a	n/a	n/a	n/a	2150.253259	n/a
2150.268212	0.000000	430054	ttl	11	72	n/a	n/a	n/a	n/a	n/a	n/a	n/a	n/a	n/a	n/a	n/a	n/a	n/a	n/a	n/a	n/a	n/a	n/a	n/a	n/a	n/a	2150.268212	n/a
2150.890346	2.030945	430178	time_discrimination	n/a	n/a	n/a	72.0	n/a	n/a	n/a	2150.26821225	n/a	2.0313398460525605	1.0	3	2.0	HB_42_LongA.png	n/a	3	2154.95263075	n/a	11	1	2	intervals/timediscrimination_table	10	2150.890346	2152.921291
2150.890346	0.000000	430178	ttl	1	72	n/a	n/a	n/a	n/a	n/a	n/a	n/a	n/a	n/a	n/a	n/a	n/a	n/a	n/a	n/a	n/a	n/a	n/a	n/a	n/a	n/a	2150.890346	n/a
2152.921291	0.000000	430584	ttl	2	72	n/a	n/a	n/a	n/a	n/a	n/a	n/a	n/a	n/a	n/a	n/a	n/a	n/a	n/a	n/a	n/a	n/a	n/a	n/a	n/a	n/a	2152.921291	n/a
2154.952631	0.000000	430991	ttl	4	72	n/a	n/a	n/a	n/a	n/a	n/a	n/a	n/a	n/a	n/a	n/a	n/a	n/a	n/a	n/a	n/a	n/a	n/a	n/a	n/a	n/a	2154.952631	n/a
2154.968430	0.000000	430994	ttl	11	72	n/a	n/a	n/a	n/a	n/a	n/a	n/a	n/a	n/a	n/a	n/a	n/a	n/a	n/a	n/a	n/a	n/a	n/a	n/a	n/a	n/a	2154.968430	n/a
2155.550316	2.030716	431110	time_discrimination	n/a	n/a	n/a	72.0	n/a	n/a	n/a	2154.96842975	n/a	3.0873654683177847	1.0	3	2.0	HB_12_LongA.png	n/a	3	2160.668397	n/a	12	1	2	intervals/timediscrimination_table	11	2155.550316	2157.581031
2155.550316	0.000000	431110	ttl	1	72	n/a	n/a	n/a	n/a	n/a	n/a	n/a	n/a	n/a	n/a	n/a	n/a	n/a	n/a	n/a	n/a	n/a	n/a	n/a	n/a	n/a	2155.550316	n/a
2157.581031	0.000000	431516	ttl	2	72	n/a	n/a	n/a	n/a	n/a	n/a	n/a	n/a	n/a	n/a	n/a	n/a	n/a	n/a	n/a	n/a	n/a	n/a	n/a	n/a	n/a	2157.581031	n/a
2160.668397	0.000000	432134	ttl	4	72	n/a	n/a	n/a	n/a	n/a	n/a	n/a	n/a	n/a	n/a	n/a	n/a	n/a	n/a	n/a	n/a	n/a	n/a	n/a	n/a	n/a	2160.668397	n/a
2160.684587	0.000000	432137	ttl	11	72	n/a	n/a	n/a	n/a	n/a	n/a	n/a	n/a	n/a	n/a	n/a	n/a	n/a	n/a	n/a	n/a	n/a	n/a	n/a	n/a	n/a	2160.684587	n/a
2161.286817	2.031338	432257	time_discrimination	n/a	n/a	n/a	72.0	n/a	n/a	n/a	2160.6845869999997	n/a	2.5633544154666197	1.0	3	2.0	HB_54_ShortA.png	n/a	6	2165.88151025	n/a	13	2	1	intervals/timediscrimination_table	12	2161.286817	2163.318156
2161.286817	0.000000	432257	ttl	1	72	n/a	n/a	n/a	n/a	n/a	n/a	n/a	n/a	n/a	n/a	n/a	n/a	n/a	n/a	n/a	n/a	n/a	n/a	n/a	n/a	n/a	2161.286817	n/a
2163.318156	0.000000	432664	ttl	2	72	n/a	n/a	n/a	n/a	n/a	n/a	n/a	n/a	n/a	n/a	n/a	n/a	n/a	n/a	n/a	n/a	n/a	n/a	n/a	n/a	n/a	2163.318156	n/a
2165.881510	0.000000	433176	ttl	4	72	n/a	n/a	n/a	n/a	n/a	n/a	n/a	n/a	n/a	n/a	n/a	n/a	n/a	n/a	n/a	n/a	n/a	n/a	n/a	n/a	n/a	2165.881510	n/a
2165.891224	0.000000	433178	ttl	11	72	n/a	n/a	n/a	n/a	n/a	n/a	n/a	n/a	n/a	n/a	n/a	n/a	n/a	n/a	n/a	n/a	n/a	n/a	n/a	n/a	n/a	2165.891224	n/a
2166.533605	2.030628	433307	time_discrimination	n/a	n/a	n/a	72.0	n/a	n/a	n/a	2165.89122375	n/a	2.2244608262617476	2.0	3	2.0	HB_6_ShortA.png	n/a	6	2170.788694	n/a	14	2	2	intervals/timediscrimination_table	13	2166.533605	2168.564233
2166.533605	0.000000	433307	ttl	1	72	n/a	n/a	n/a	n/a	n/a	n/a	n/a	n/a	n/a	n/a	n/a	n/a	n/a	n/a	n/a	n/a	n/a	n/a	n/a	n/a	n/a	2166.533605	n/a
2168.564233	0.000000	433713	ttl	2	72	n/a	n/a	n/a	n/a	n/a	n/a	n/a	n/a	n/a	n/a	n/a	n/a	n/a	n/a	n/a	n/a	n/a	n/a	n/a	n/a	n/a	2168.564233	n/a
2170.788694	0.000000	434158	ttl	4	72	n/a	n/a	n/a	n/a	n/a	n/a	n/a	n/a	n/a	n/a	n/a	n/a	n/a	n/a	n/a	n/a	n/a	n/a	n/a	n/a	n/a	2170.788694	n/a
2170.811413	0.000000	434162	ttl	11	72	n/a	n/a	n/a	n/a	n/a	n/a	n/a	n/a	n/a	n/a	n/a	n/a	n/a	n/a	n/a	n/a	n/a	n/a	n/a	n/a	n/a	2170.811413	n/a
2171.433719	2.031322	434287	time_discrimination	n/a	n/a	n/a	72.0	n/a	n/a	n/a	2170.811413	n/a	2.3323316133651133	2.0	1	2.0	NB_19_ShortA.png	n/a	6	2175.79737275	n/a	15	2	2	intervals/timediscrimination_table	14	2171.433719	2173.465041
2171.433719	0.000000	434287	ttl	1	72	n/a	n/a	n/a	n/a	n/a	n/a	n/a	n/a	n/a	n/a	n/a	n/a	n/a	n/a	n/a	n/a	n/a	n/a	n/a	n/a	n/a	2171.433719	n/a
2173.465041	0.000000	434693	ttl	2	72	n/a	n/a	n/a	n/a	n/a	n/a	n/a	n/a	n/a	n/a	n/a	n/a	n/a	n/a	n/a	n/a	n/a	n/a	n/a	n/a	n/a	2173.465041	n/a
2175.797373	0.000000	435159	ttl	4	72	n/a	n/a	n/a	n/a	n/a	n/a	n/a	n/a	n/a	n/a	n/a	n/a	n/a	n/a	n/a	n/a	n/a	n/a	n/a	n/a	n/a	2175.797373	n/a
2175.802492	0.000000	435160	ttl	11	72	n/a	n/a	n/a	n/a	n/a	n/a	n/a	n/a	n/a	n/a	n/a	n/a	n/a	n/a	n/a	n/a	n/a	n/a	n/a	n/a	n/a	2175.802492	n/a
2176.464848	2.030823	435293	time_discrimination	n/a	n/a	n/a	72.0	n/a	n/a	n/a	2175.8024917499997	n/a	1.5463633037825275	2.0	1	2.0	NB_21_LongA.png	n/a	6	2180.04203525	n/a	16	2	2	intervals/timediscrimination_table	15	2176.464848	2178.495672
2176.464848	0.000000	435293	ttl	1	72	n/a	n/a	n/a	n/a	n/a	n/a	n/a	n/a	n/a	n/a	n/a	n/a	n/a	n/a	n/a	n/a	n/a	n/a	n/a	n/a	n/a	2176.464848	n/a
2178.495672	0.000000	435699	ttl	2	72	n/a	n/a	n/a	n/a	n/a	n/a	n/a	n/a	n/a	n/a	n/a	n/a	n/a	n/a	n/a	n/a	n/a	n/a	n/a	n/a	n/a	2178.495672	n/a
2180.042035	0.000000	436008	ttl	4	72	n/a	n/a	n/a	n/a	n/a	n/a	n/a	n/a	n/a	n/a	n/a	n/a	n/a	n/a	n/a	n/a	n/a	n/a	n/a	n/a	n/a	2180.042035	n/a
2180.051210	0.000000	436010	ttl	11	72	n/a	n/a	n/a	n/a	n/a	n/a	n/a	n/a	n/a	n/a	n/a	n/a	n/a	n/a	n/a	n/a	n/a	n/a	n/a	n/a	n/a	2180.051210	n/a
2180.673451	2.031308	436135	time_discrimination	n/a	n/a	n/a	72.0	n/a	n/a	n/a	2180.0512105	n/a	3.182408531735746	2.0	3	2.0	HB_28_LongA.png	n/a	3	2185.8871679999997	n/a	17	1	1	intervals/timediscrimination_table	16	2180.673451	2182.704759
2180.673451	0.000000	436135	ttl	1	72	n/a	n/a	n/a	n/a	n/a	n/a	n/a	n/a	n/a	n/a	n/a	n/a	n/a	n/a	n/a	n/a	n/a	n/a	n/a	n/a	n/a	2180.673451	n/a
2182.704759	0.000000	436541	ttl	2	72	n/a	n/a	n/a	n/a	n/a	n/a	n/a	n/a	n/a	n/a	n/a	n/a	n/a	n/a	n/a	n/a	n/a	n/a	n/a	n/a	n/a	2182.704759	n/a
2185.887168	0.000000	437177	ttl	4	72	n/a	n/a	n/a	n/a	n/a	n/a	n/a	n/a	n/a	n/a	n/a	n/a	n/a	n/a	n/a	n/a	n/a	n/a	n/a	n/a	n/a	2185.887168	n/a
2185.896342	0.000000	437179	ttl	11	72	n/a	n/a	n/a	n/a	n/a	n/a	n/a	n/a	n/a	n/a	n/a	n/a	n/a	n/a	n/a	n/a	n/a	n/a	n/a	n/a	n/a	2185.896342	n/a
2186.538829	2.030563	437308	time_discrimination	n/a	n/a	n/a	72.0	n/a	n/a	n/a	2185.8963424999997	n/a	1.6146540757954426	2.0	1	2.0	NB_22_LongA.png	n/a	3	2190.18404675	n/a	18	1	1	intervals/timediscrimination_table	17	2186.538829	2188.569393
2186.538829	0.000000	437308	ttl	1	72	n/a	n/a	n/a	n/a	n/a	n/a	n/a	n/a	n/a	n/a	n/a	n/a	n/a	n/a	n/a	n/a	n/a	n/a	n/a	n/a	n/a	2186.538829	n/a
2188.569393	0.000000	437714	ttl	2	72	n/a	n/a	n/a	n/a	n/a	n/a	n/a	n/a	n/a	n/a	n/a	n/a	n/a	n/a	n/a	n/a	n/a	n/a	n/a	n/a	n/a	2188.569393	n/a
2190.184047	0.000000	438037	ttl	4	72	n/a	n/a	n/a	n/a	n/a	n/a	n/a	n/a	n/a	n/a	n/a	n/a	n/a	n/a	n/a	n/a	n/a	n/a	n/a	n/a	n/a	2190.184047	n/a
2190.197475	0.000000	438039	ttl	11	72	n/a	n/a	n/a	n/a	n/a	n/a	n/a	n/a	n/a	n/a	n/a	n/a	n/a	n/a	n/a	n/a	n/a	n/a	n/a	n/a	n/a	2190.197475	n/a
2190.799683	2.031388	438160	time_discrimination	n/a	n/a	n/a	72.0	n/a	n/a	n/a	2190.197475	n/a	2.333373418168776	2.0	1	2.0	NB_11_LongA.png	n/a	6	2195.164445	n/a	19	2	2	intervals/timediscrimination_table	18	2190.799683	2192.831071
2190.799683	0.000000	438160	ttl	1	72	n/a	n/a	n/a	n/a	n/a	n/a	n/a	n/a	n/a	n/a	n/a	n/a	n/a	n/a	n/a	n/a	n/a	n/a	n/a	n/a	n/a	2190.799683	n/a
2192.831071	0.000000	438566	ttl	2	72	n/a	n/a	n/a	n/a	n/a	n/a	n/a	n/a	n/a	n/a	n/a	n/a	n/a	n/a	n/a	n/a	n/a	n/a	n/a	n/a	n/a	2192.831071	n/a
2195.164445	0.000000	439033	ttl	4	72	n/a	n/a	n/a	n/a	n/a	n/a	n/a	n/a	n/a	n/a	n/a	n/a	n/a	n/a	n/a	n/a	n/a	n/a	n/a	n/a	n/a	2195.164445	n/a
2195.186098	0.000000	439037	ttl	11	72	n/a	n/a	n/a	n/a	n/a	n/a	n/a	n/a	n/a	n/a	n/a	n/a	n/a	n/a	n/a	n/a	n/a	n/a	n/a	n/a	n/a	2195.186098	n/a
2195.768296	2.031316	439154	time_discrimination	n/a	n/a	n/a	72.0	n/a	n/a	n/a	2195.1860982499998	n/a	1.7876298482374295	2.0	2	2.0	SB_23_ShortA.png	n/a	6	2199.587242	n/a	20	2	2	intervals/timediscrimination_table	19	2195.768296	2197.799612
2195.768296	0.000000	439154	ttl	1	72	n/a	n/a	n/a	n/a	n/a	n/a	n/a	n/a	n/a	n/a	n/a	n/a	n/a	n/a	n/a	n/a	n/a	n/a	n/a	n/a	n/a	2195.768296	n/a
2197.799612	0.000000	439560	ttl	2	72	n/a	n/a	n/a	n/a	n/a	n/a	n/a	n/a	n/a	n/a	n/a	n/a	n/a	n/a	n/a	n/a	n/a	n/a	n/a	n/a	n/a	2197.799612	n/a
2199.587242	0.000000	439917	ttl	4	72	n/a	n/a	n/a	n/a	n/a	n/a	n/a	n/a	n/a	n/a	n/a	n/a	n/a	n/a	n/a	n/a	n/a	n/a	n/a	n/a	n/a	2199.587242	n/a
2199.598324	0.000000	439920	ttl	11	72	n/a	n/a	n/a	n/a	n/a	n/a	n/a	n/a	n/a	n/a	n/a	n/a	n/a	n/a	n/a	n/a	n/a	n/a	n/a	n/a	n/a	2199.598324	n/a
2200.180138	2.030876	440036	time_discrimination	n/a	n/a	n/a	72.0	n/a	n/a	n/a	2199.5983244999998	n/a	2.45713542332669	2.0	1	2.0	NB_20_ShortA.png	n/a	6	2204.668149	n/a	21	2	2	intervals/timediscrimination_table	20	2200.180138	2202.211013
2200.180138	0.000000	440036	ttl	1	72	n/a	n/a	n/a	n/a	n/a	n/a	n/a	n/a	n/a	n/a	n/a	n/a	n/a	n/a	n/a	n/a	n/a	n/a	n/a	n/a	n/a	2200.180138	n/a
2202.211013	0.000000	440442	ttl	2	72	n/a	n/a	n/a	n/a	n/a	n/a	n/a	n/a	n/a	n/a	n/a	n/a	n/a	n/a	n/a	n/a	n/a	n/a	n/a	n/a	n/a	2202.211013	n/a
2204.668149	0.000000	440934	ttl	4	72	n/a	n/a	n/a	n/a	n/a	n/a	n/a	n/a	n/a	n/a	n/a	n/a	n/a	n/a	n/a	n/a	n/a	n/a	n/a	n/a	n/a	2204.668149	n/a
2204.677591	0.000000	440936	ttl	11	72	n/a	n/a	n/a	n/a	n/a	n/a	n/a	n/a	n/a	n/a	n/a	n/a	n/a	n/a	n/a	n/a	n/a	n/a	n/a	n/a	n/a	2204.677591	n/a
2205.279955	2.031156	441056	time_discrimination	n/a	n/a	n/a	72.0	n/a	n/a	n/a	2204.67759075	n/a	1.3045797633299117	2.0	2	2.0	SB_56_ShortA.png	n/a	3	2208.615691	n/a	22	1	1	intervals/timediscrimination_table	21	2205.279955	2207.311111
2205.279955	0.000000	441056	ttl	1	72	n/a	n/a	n/a	n/a	n/a	n/a	n/a	n/a	n/a	n/a	n/a	n/a	n/a	n/a	n/a	n/a	n/a	n/a	n/a	n/a	n/a	2205.279955	n/a
2207.311111	0.000000	441462	ttl	2	72	n/a	n/a	n/a	n/a	n/a	n/a	n/a	n/a	n/a	n/a	n/a	n/a	n/a	n/a	n/a	n/a	n/a	n/a	n/a	n/a	n/a	2207.311111	n/a
2208.615691	0.000000	441723	ttl	4	72	n/a	n/a	n/a	n/a	n/a	n/a	n/a	n/a	n/a	n/a	n/a	n/a	n/a	n/a	n/a	n/a	n/a	n/a	n/a	n/a	n/a	2208.615691	n/a
2208.622013	0.000000	441724	ttl	11	72	n/a	n/a	n/a	n/a	n/a	n/a	n/a	n/a	n/a	n/a	n/a	n/a	n/a	n/a	n/a	n/a	n/a	n/a	n/a	n/a	n/a	2208.622013	n/a
2209.183898	2.030630	441837	time_discrimination	n/a	n/a	n/a	72.0	n/a	n/a	n/a	2208.6220135	n/a	1.160654362544392	2.0	2	2.0	SB_40_LongA.png	n/a	3	2212.37518225	n/a	23	1	1	intervals/timediscrimination_table	22	2209.183898	2211.214528
2209.183898	0.000000	441837	ttl	1	72	n/a	n/a	n/a	n/a	n/a	n/a	n/a	n/a	n/a	n/a	n/a	n/a	n/a	n/a	n/a	n/a	n/a	n/a	n/a	n/a	n/a	2209.183898	n/a
2211.214528	0.000000	442243	ttl	2	72	n/a	n/a	n/a	n/a	n/a	n/a	n/a	n/a	n/a	n/a	n/a	n/a	n/a	n/a	n/a	n/a	n/a	n/a	n/a	n/a	n/a	2211.214528	n/a
2212.375182	0.000000	442475	ttl	4	72	n/a	n/a	n/a	n/a	n/a	n/a	n/a	n/a	n/a	n/a	n/a	n/a	n/a	n/a	n/a	n/a	n/a	n/a	n/a	n/a	n/a	2212.375182	n/a
2212.387150	0.000000	442477	ttl	11	72	n/a	n/a	n/a	n/a	n/a	n/a	n/a	n/a	n/a	n/a	n/a	n/a	n/a	n/a	n/a	n/a	n/a	n/a	n/a	n/a	n/a	2212.387150	n/a
2212.989527	2.030614	442598	time_discrimination	n/a	n/a	n/a	72.0	n/a	n/a	n/a	2212.38715025	n/a	2.7512685913520727	2.0	1	2.0	NB_24_LongA.png	n/a	6	2217.7714095	n/a	24	2	2	intervals/timediscrimination_table	23	2212.989527	2215.020141
2212.989527	0.000000	442598	ttl	1	72	n/a	n/a	n/a	n/a	n/a	n/a	n/a	n/a	n/a	n/a	n/a	n/a	n/a	n/a	n/a	n/a	n/a	n/a	n/a	n/a	n/a	2212.989527	n/a
2215.020141	0.000000	443004	ttl	2	72	n/a	n/a	n/a	n/a	n/a	n/a	n/a	n/a	n/a	n/a	n/a	n/a	n/a	n/a	n/a	n/a	n/a	n/a	n/a	n/a	n/a	2215.020141	n/a
2217.771410	0.000000	443554	ttl	4	72	n/a	n/a	n/a	n/a	n/a	n/a	n/a	n/a	n/a	n/a	n/a	n/a	n/a	n/a	n/a	n/a	n/a	n/a	n/a	n/a	n/a	2217.771410	n/a
2217.785404	0.000000	443557	ttl	11	72	n/a	n/a	n/a	n/a	n/a	n/a	n/a	n/a	n/a	n/a	n/a	n/a	n/a	n/a	n/a	n/a	n/a	n/a	n/a	n/a	n/a	2217.785404	n/a
2218.447778	2.030571	443690	time_discrimination	n/a	n/a	n/a	72.0	n/a	n/a	n/a	2217.78540425	n/a	1.7571447395434916	2.0	2	2.0	SB_21_LongA.png	n/a	3	2222.2354932499998	n/a	25	1	1	intervals/timediscrimination_table	24	2218.447778	2220.478348
2218.447778	0.000000	443690	ttl	1	72	n/a	n/a	n/a	n/a	n/a	n/a	n/a	n/a	n/a	n/a	n/a	n/a	n/a	n/a	n/a	n/a	n/a	n/a	n/a	n/a	n/a	2218.447778	n/a
2220.478348	0.000000	444096	ttl	2	72	n/a	n/a	n/a	n/a	n/a	n/a	n/a	n/a	n/a	n/a	n/a	n/a	n/a	n/a	n/a	n/a	n/a	n/a	n/a	n/a	n/a	2220.478348	n/a
2222.235493	0.000000	444447	ttl	4	72	n/a	n/a	n/a	n/a	n/a	n/a	n/a	n/a	n/a	n/a	n/a	n/a	n/a	n/a	n/a	n/a	n/a	n/a	n/a	n/a	n/a	2222.235493	n/a
2222.257397	0.000000	444451	ttl	11	72	n/a	n/a	n/a	n/a	n/a	n/a	n/a	n/a	n/a	n/a	n/a	n/a	n/a	n/a	n/a	n/a	n/a	n/a	n/a	n/a	n/a	2222.257397	n/a
2222.879474	2.030571	444576	time_discrimination	n/a	n/a	n/a	72.0	n/a	n/a	n/a	2222.25739725	n/a	0.2929177259293283	1.0	1	2.0	NB_17_ShortA.png	n/a	6	2225.20296225	n/a	26	2	1	intervals/timediscrimination_table	25	2222.879474	2224.910044
2222.879474	0.000000	444576	ttl	1	72	n/a	n/a	n/a	n/a	n/a	n/a	n/a	n/a	n/a	n/a	n/a	n/a	n/a	n/a	n/a	n/a	n/a	n/a	n/a	n/a	n/a	2222.879474	n/a
2224.910044	0.000000	444982	ttl	2	72	n/a	n/a	n/a	n/a	n/a	n/a	n/a	n/a	n/a	n/a	n/a	n/a	n/a	n/a	n/a	n/a	n/a	n/a	n/a	n/a	n/a	2224.910044	n/a
2225.202962	0.000000	445041	ttl	4	72	n/a	n/a	n/a	n/a	n/a	n/a	n/a	n/a	n/a	n/a	n/a	n/a	n/a	n/a	n/a	n/a	n/a	n/a	n/a	n/a	n/a	2225.202962	n/a
2225.209324	0.000000	445042	ttl	11	72	n/a	n/a	n/a	n/a	n/a	n/a	n/a	n/a	n/a	n/a	n/a	n/a	n/a	n/a	n/a	n/a	n/a	n/a	n/a	n/a	n/a	2225.209324	n/a
2225.831732	2.031311	445166	time_discrimination	n/a	n/a	n/a	72.0	n/a	n/a	n/a	2225.209324	n/a	1.5133215071277846	2.0	3	2.0	HB_15_ShortA.png	n/a	3	2229.37636475	n/a	27	1	1	intervals/timediscrimination_table	26	2225.831732	2227.863043
2225.831732	0.000000	445166	ttl	1	72	n/a	n/a	n/a	n/a	n/a	n/a	n/a	n/a	n/a	n/a	n/a	n/a	n/a	n/a	n/a	n/a	n/a	n/a	n/a	n/a	n/a	2225.831732	n/a
2227.863043	0.000000	445573	ttl	2	72	n/a	n/a	n/a	n/a	n/a	n/a	n/a	n/a	n/a	n/a	n/a	n/a	n/a	n/a	n/a	n/a	n/a	n/a	n/a	n/a	n/a	2227.863043	n/a
2229.376365	0.000000	445875	ttl	4	72	n/a	n/a	n/a	n/a	n/a	n/a	n/a	n/a	n/a	n/a	n/a	n/a	n/a	n/a	n/a	n/a	n/a	n/a	n/a	n/a	n/a	2229.376365	n/a
2229.398927	0.000000	445880	ttl	11	72	n/a	n/a	n/a	n/a	n/a	n/a	n/a	n/a	n/a	n/a	n/a	n/a	n/a	n/a	n/a	n/a	n/a	n/a	n/a	n/a	n/a	2229.398927	n/a
2230.001076	2.030531	446000	time_discrimination	n/a	n/a	n/a	72.0	n/a	n/a	n/a	2229.39892725	n/a	1.5224900325501949	2.0	2	2.0	SB_33_ShortA.png	n/a	6	2233.5540969999997	n/a	28	2	2	intervals/timediscrimination_table	27	2230.001076	2232.031607
2230.001076	0.000000	446000	ttl	1	72	n/a	n/a	n/a	n/a	n/a	n/a	n/a	n/a	n/a	n/a	n/a	n/a	n/a	n/a	n/a	n/a	n/a	n/a	n/a	n/a	n/a	2230.001076	n/a
2232.031607	0.000000	446406	ttl	2	72	n/a	n/a	n/a	n/a	n/a	n/a	n/a	n/a	n/a	n/a	n/a	n/a	n/a	n/a	n/a	n/a	n/a	n/a	n/a	n/a	n/a	2232.031607	n/a
2233.554097	0.000000	446711	ttl	4	72	n/a	n/a	n/a	n/a	n/a	n/a	n/a	n/a	n/a	n/a	n/a	n/a	n/a	n/a	n/a	n/a	n/a	n/a	n/a	n/a	n/a	2233.554097	n/a
2233.566001	0.000000	446713	ttl	11	72	n/a	n/a	n/a	n/a	n/a	n/a	n/a	n/a	n/a	n/a	n/a	n/a	n/a	n/a	n/a	n/a	n/a	n/a	n/a	n/a	n/a	2233.566001	n/a
2234.208434	2.030746	446842	time_discrimination	n/a	n/a	n/a	72.0	n/a	n/a	n/a	2233.5660012499998	n/a	1.5968810499985011	1.0	2	2.0	SB_48_ShortA.png	n/a	6	2237.8360614999997	n/a	29	2	1	intervals/timediscrimination_table	28	2234.208434	2236.239180
2234.208434	0.000000	446842	ttl	1	72	n/a	n/a	n/a	n/a	n/a	n/a	n/a	n/a	n/a	n/a	n/a	n/a	n/a	n/a	n/a	n/a	n/a	n/a	n/a	n/a	n/a	2234.208434	n/a
2236.239180	0.000000	447248	ttl	2	72	n/a	n/a	n/a	n/a	n/a	n/a	n/a	n/a	n/a	n/a	n/a	n/a	n/a	n/a	n/a	n/a	n/a	n/a	n/a	n/a	n/a	2236.239180	n/a
2237.836061	0.000000	447567	ttl	4	72	n/a	n/a	n/a	n/a	n/a	n/a	n/a	n/a	n/a	n/a	n/a	n/a	n/a	n/a	n/a	n/a	n/a	n/a	n/a	n/a	n/a	2237.836061	n/a
2237.845960	0.000000	447569	ttl	11	72	n/a	n/a	n/a	n/a	n/a	n/a	n/a	n/a	n/a	n/a	n/a	n/a	n/a	n/a	n/a	n/a	n/a	n/a	n/a	n/a	n/a	2237.845960	n/a
2238.468201	2.030727	447694	time_discrimination	n/a	n/a	n/a	72.0	n/a	n/a	n/a	2237.8459602499997	n/a	0.8405600672617766	2.0	1	2.0	NB_29_ShortA.png	n/a	3	2241.3394885	n/a	30	1	1	intervals/timediscrimination_table	29	2238.468201	2240.498928
2238.468201	0.000000	447694	ttl	1	72	n/a	n/a	n/a	n/a	n/a	n/a	n/a	n/a	n/a	n/a	n/a	n/a	n/a	n/a	n/a	n/a	n/a	n/a	n/a	n/a	n/a	2238.468201	n/a
2240.498928	0.000000	448100	ttl	2	72	n/a	n/a	n/a	n/a	n/a	n/a	n/a	n/a	n/a	n/a	n/a	n/a	n/a	n/a	n/a	n/a	n/a	n/a	n/a	n/a	n/a	2240.498928	n/a
2241.339488	0.000000	448268	ttl	4	72	n/a	n/a	n/a	n/a	n/a	n/a	n/a	n/a	n/a	n/a	n/a	n/a	n/a	n/a	n/a	n/a	n/a	n/a	n/a	n/a	n/a	2241.339488	n/a
2241.346973	0.000000	448269	ttl	11	72	n/a	n/a	n/a	n/a	n/a	n/a	n/a	n/a	n/a	n/a	n/a	n/a	n/a	n/a	n/a	n/a	n/a	n/a	n/a	n/a	n/a	2241.346973	n/a
2241.949193	2.030728	448390	time_discrimination	n/a	n/a	n/a	72.0	n/a	n/a	n/a	2241.3469729999997	n/a	1.5497062170907157	1.0	3	1.0	HB_14_LongA.png	n/a	4	2245.52962725	n/a	31	1	2	intervals/timediscrimination_table	30	2241.949193	2243.979921
2241.949193	0.000000	448390	ttl	1	72	n/a	n/a	n/a	n/a	n/a	n/a	n/a	n/a	n/a	n/a	n/a	n/a	n/a	n/a	n/a	n/a	n/a	n/a	n/a	n/a	n/a	2241.949193	n/a
2243.979921	0.000000	448796	ttl	2	72	n/a	n/a	n/a	n/a	n/a	n/a	n/a	n/a	n/a	n/a	n/a	n/a	n/a	n/a	n/a	n/a	n/a	n/a	n/a	n/a	n/a	2243.979921	n/a
2245.529627	0.000000	449106	ttl	4	72	n/a	n/a	n/a	n/a	n/a	n/a	n/a	n/a	n/a	n/a	n/a	n/a	n/a	n/a	n/a	n/a	n/a	n/a	n/a	n/a	n/a	2245.529627	n/a
2245.536380	0.000000	449107	ttl	11	72	n/a	n/a	n/a	n/a	n/a	n/a	n/a	n/a	n/a	n/a	n/a	n/a	n/a	n/a	n/a	n/a	n/a	n/a	n/a	n/a	n/a	2245.536380	n/a
2246.098460	2.030627	449220	time_discrimination	n/a	n/a	n/a	72.0	n/a	n/a	n/a	2245.5363804999997	n/a	2.1319241377768776	2.0	2	2.0	SB_27_LongA.png	n/a	3	2250.2610114999998	n/a	32	1	1	intervals/timediscrimination_table	31	2246.098460	2248.129087
2246.098460	0.000000	449220	ttl	1	72	n/a	n/a	n/a	n/a	n/a	n/a	n/a	n/a	n/a	n/a	n/a	n/a	n/a	n/a	n/a	n/a	n/a	n/a	n/a	n/a	n/a	2246.098460	n/a
2248.129087	0.000000	449626	ttl	2	72	n/a	n/a	n/a	n/a	n/a	n/a	n/a	n/a	n/a	n/a	n/a	n/a	n/a	n/a	n/a	n/a	n/a	n/a	n/a	n/a	n/a	2248.129087	n/a
2250.261011	0.000000	450052	ttl	4	72	n/a	n/a	n/a	n/a	n/a	n/a	n/a	n/a	n/a	n/a	n/a	n/a	n/a	n/a	n/a	n/a	n/a	n/a	n/a	n/a	n/a	2250.261011	n/a
2250.280810	0.000000	450056	ttl	11	72	n/a	n/a	n/a	n/a	n/a	n/a	n/a	n/a	n/a	n/a	n/a	n/a	n/a	n/a	n/a	n/a	n/a	n/a	n/a	n/a	n/a	2250.280810	n/a
2250.943016	2.030723	450189	time_discrimination	n/a	n/a	n/a	72.0	n/a	n/a	n/a	2250.2808099999997	n/a	2.0248868061812573	2.0	1	2.0	NB_16_ShortA.png	n/a	6	2254.998626	n/a	33	2	2	intervals/timediscrimination_table	32	2250.943016	2252.973739
2250.943016	0.000000	450189	ttl	1	72	n/a	n/a	n/a	n/a	n/a	n/a	n/a	n/a	n/a	n/a	n/a	n/a	n/a	n/a	n/a	n/a	n/a	n/a	n/a	n/a	n/a	2250.943016	n/a
2252.973739	0.000000	450595	ttl	2	72	n/a	n/a	n/a	n/a	n/a	n/a	n/a	n/a	n/a	n/a	n/a	n/a	n/a	n/a	n/a	n/a	n/a	n/a	n/a	n/a	n/a	2252.973739	n/a
2254.998626	0.000000	451000	ttl	4	72	n/a	n/a	n/a	n/a	n/a	n/a	n/a	n/a	n/a	n/a	n/a	n/a	n/a	n/a	n/a	n/a	n/a	n/a	n/a	n/a	n/a	2254.998626	n/a
2255.004390	0.000000	451001	ttl	11	72	n/a	n/a	n/a	n/a	n/a	n/a	n/a	n/a	n/a	n/a	n/a	n/a	n/a	n/a	n/a	n/a	n/a	n/a	n/a	n/a	n/a	2255.004390	n/a
2255.606779	2.030595	451121	time_discrimination	n/a	n/a	n/a	72.0	n/a	n/a	n/a	2255.0043904999998	n/a	2.6315834942884067	2.0	1	2.0	NB_15_LongA.png	n/a	3	2260.2689575	n/a	34	1	1	intervals/timediscrimination_table	33	2255.606779	2257.637374
2255.606779	0.000000	451121	ttl	1	72	n/a	n/a	n/a	n/a	n/a	n/a	n/a	n/a	n/a	n/a	n/a	n/a	n/a	n/a	n/a	n/a	n/a	n/a	n/a	n/a	n/a	2255.606779	n/a
2257.637374	0.000000	451527	ttl	2	72	n/a	n/a	n/a	n/a	n/a	n/a	n/a	n/a	n/a	n/a	n/a	n/a	n/a	n/a	n/a	n/a	n/a	n/a	n/a	n/a	n/a	2257.637374	n/a
2260.268957	0.000000	452054	ttl	4	72	n/a	n/a	n/a	n/a	n/a	n/a	n/a	n/a	n/a	n/a	n/a	n/a	n/a	n/a	n/a	n/a	n/a	n/a	n/a	n/a	n/a	2260.268957	n/a
2260.287948	0.000000	452058	ttl	11	72	n/a	n/a	n/a	n/a	n/a	n/a	n/a	n/a	n/a	n/a	n/a	n/a	n/a	n/a	n/a	n/a	n/a	n/a	n/a	n/a	n/a	2260.287948	n/a
2260.870056	2.030571	452174	time_discrimination	n/a	n/a	n/a	72.0	n/a	n/a	n/a	2260.2879479999997	n/a	3.078230158079805	2.0	2	2.0	SB_8_LongA.png	n/a	6	2265.978857	n/a	35	2	2	intervals/timediscrimination_table	34	2260.870056	2262.900627
2260.870056	0.000000	452174	ttl	1	72	n/a	n/a	n/a	n/a	n/a	n/a	n/a	n/a	n/a	n/a	n/a	n/a	n/a	n/a	n/a	n/a	n/a	n/a	n/a	n/a	n/a	2260.870056	n/a
2262.900627	0.000000	452580	ttl	2	72	n/a	n/a	n/a	n/a	n/a	n/a	n/a	n/a	n/a	n/a	n/a	n/a	n/a	n/a	n/a	n/a	n/a	n/a	n/a	n/a	n/a	2262.900627	n/a
2265.978857	0.000000	453196	ttl	4	72	n/a	n/a	n/a	n/a	n/a	n/a	n/a	n/a	n/a	n/a	n/a	n/a	n/a	n/a	n/a	n/a	n/a	n/a	n/a	n/a	n/a	2265.978857	n/a
2265.998806	0.000000	453200	ttl	11	72	n/a	n/a	n/a	n/a	n/a	n/a	n/a	n/a	n/a	n/a	n/a	n/a	n/a	n/a	n/a	n/a	n/a	n/a	n/a	n/a	n/a	2265.998806	n/a
2266.660979	2.030661	453332	time_discrimination	n/a	n/a	n/a	72.0	n/a	n/a	n/a	2265.99880575	n/a	1.0877221233490673	1.0	1	2.0	NB_10_LongA.png	n/a	6	2269.77936125	n/a	36	2	1	intervals/timediscrimination_table	35	2266.660979	2268.691639
2266.660979	0.000000	453332	ttl	1	72	n/a	n/a	n/a	n/a	n/a	n/a	n/a	n/a	n/a	n/a	n/a	n/a	n/a	n/a	n/a	n/a	n/a	n/a	n/a	n/a	n/a	2266.660979	n/a
2268.691639	0.000000	453738	ttl	2	72	n/a	n/a	n/a	n/a	n/a	n/a	n/a	n/a	n/a	n/a	n/a	n/a	n/a	n/a	n/a	n/a	n/a	n/a	n/a	n/a	n/a	2268.691639	n/a
2269.779361	0.000000	453956	ttl	4	72	n/a	n/a	n/a	n/a	n/a	n/a	n/a	n/a	n/a	n/a	n/a	n/a	n/a	n/a	n/a	n/a	n/a	n/a	n/a	n/a	n/a	2269.779361	n/a
2269.802644	0.000000	453961	ttl	11	72	n/a	n/a	n/a	n/a	n/a	n/a	n/a	n/a	n/a	n/a	n/a	n/a	n/a	n/a	n/a	n/a	n/a	n/a	n/a	n/a	n/a	2269.802644	n/a
2270.484966	2.031034	454097	time_discrimination	n/a	n/a	n/a	72.0	n/a	n/a	n/a	2269.80264375	n/a	2.3603056847564403	1.0	3	2.0	HB_22_ShortA.png	n/a	6	2274.8763055	n/a	37	2	1	intervals/timediscrimination_table	36	2270.484966	2272.516000
2270.484966	0.000000	454097	ttl	1	72	n/a	n/a	n/a	n/a	n/a	n/a	n/a	n/a	n/a	n/a	n/a	n/a	n/a	n/a	n/a	n/a	n/a	n/a	n/a	n/a	n/a	2270.484966	n/a
2272.516000	0.000000	454503	ttl	2	72	n/a	n/a	n/a	n/a	n/a	n/a	n/a	n/a	n/a	n/a	n/a	n/a	n/a	n/a	n/a	n/a	n/a	n/a	n/a	n/a	n/a	2272.516000	n/a
2274.876305	0.000000	454975	ttl	4	72	n/a	n/a	n/a	n/a	n/a	n/a	n/a	n/a	n/a	n/a	n/a	n/a	n/a	n/a	n/a	n/a	n/a	n/a	n/a	n/a	n/a	2274.876305	n/a
2274.887959	0.000000	454978	ttl	11	72	n/a	n/a	n/a	n/a	n/a	n/a	n/a	n/a	n/a	n/a	n/a	n/a	n/a	n/a	n/a	n/a	n/a	n/a	n/a	n/a	n/a	2274.887959	n/a
2275.550070	2.031422	455110	time_discrimination	n/a	n/a	n/a	72.0	n/a	n/a	n/a	2274.8879592499998	n/a	2.629109758704999	2.0	3	1.0	HB_30_LongA.png	n/a	4	2280.21060175	n/a	38	1	1	intervals/timediscrimination_table	37	2275.550070	2277.581492
2275.550070	0.000000	455110	ttl	1	72	n/a	n/a	n/a	n/a	n/a	n/a	n/a	n/a	n/a	n/a	n/a	n/a	n/a	n/a	n/a	n/a	n/a	n/a	n/a	n/a	n/a	2275.550070	n/a
2277.581492	0.000000	455516	ttl	2	72	n/a	n/a	n/a	n/a	n/a	n/a	n/a	n/a	n/a	n/a	n/a	n/a	n/a	n/a	n/a	n/a	n/a	n/a	n/a	n/a	n/a	2277.581492	n/a
2280.210602	0.000000	456042	ttl	4	72	n/a	n/a	n/a	n/a	n/a	n/a	n/a	n/a	n/a	n/a	n/a	n/a	n/a	n/a	n/a	n/a	n/a	n/a	n/a	n/a	n/a	2280.210602	n/a
2280.218460	0.000000	456044	ttl	11	72	n/a	n/a	n/a	n/a	n/a	n/a	n/a	n/a	n/a	n/a	n/a	n/a	n/a	n/a	n/a	n/a	n/a	n/a	n/a	n/a	n/a	2280.218460	n/a
2280.840704	2.030773	456168	time_discrimination	n/a	n/a	n/a	72.0	n/a	n/a	n/a	2280.2184602499997	n/a	1.5679980042827992	2.0	1	2.0	NB_10_ShortA.png	n/a	3	2284.4394749999997	n/a	39	1	1	intervals/timediscrimination_table	38	2280.840704	2282.871477
2280.840704	0.000000	456168	ttl	1	72	n/a	n/a	n/a	n/a	n/a	n/a	n/a	n/a	n/a	n/a	n/a	n/a	n/a	n/a	n/a	n/a	n/a	n/a	n/a	n/a	n/a	2280.840704	n/a
2282.871477	0.000000	456574	ttl	2	72	n/a	n/a	n/a	n/a	n/a	n/a	n/a	n/a	n/a	n/a	n/a	n/a	n/a	n/a	n/a	n/a	n/a	n/a	n/a	n/a	n/a	2282.871477	n/a
2284.439475	0.000000	456888	ttl	4	72	n/a	n/a	n/a	n/a	n/a	n/a	n/a	n/a	n/a	n/a	n/a	n/a	n/a	n/a	n/a	n/a	n/a	n/a	n/a	n/a	n/a	2284.439475	n/a
2284.464537	0.000000	456893	ttl	11	72	n/a	n/a	n/a	n/a	n/a	n/a	n/a	n/a	n/a	n/a	n/a	n/a	n/a	n/a	n/a	n/a	n/a	n/a	n/a	n/a	n/a	2284.464537	n/a
2285.086506	2.030610	457017	time_discrimination	n/a	n/a	n/a	72.0	n/a	n/a	n/a	2284.46453725	n/a	1.2172991244287914	1.0	2	1.0	SB_54_ShortA.png	n/a	4	2288.33441575	n/a	40	1	2	intervals/timediscrimination_table	39	2285.086506	2287.117117
2285.086506	0.000000	457017	ttl	1	72	n/a	n/a	n/a	n/a	n/a	n/a	n/a	n/a	n/a	n/a	n/a	n/a	n/a	n/a	n/a	n/a	n/a	n/a	n/a	n/a	n/a	2285.086506	n/a
2287.117117	0.000000	457423	ttl	2	72	n/a	n/a	n/a	n/a	n/a	n/a	n/a	n/a	n/a	n/a	n/a	n/a	n/a	n/a	n/a	n/a	n/a	n/a	n/a	n/a	n/a	2287.117117	n/a
2288.334416	0.000000	457667	ttl	4	72	n/a	n/a	n/a	n/a	n/a	n/a	n/a	n/a	n/a	n/a	n/a	n/a	n/a	n/a	n/a	n/a	n/a	n/a	n/a	n/a	n/a	2288.334416	n/a
2288.356477	0.000000	457671	ttl	11	72	n/a	n/a	n/a	n/a	n/a	n/a	n/a	n/a	n/a	n/a	n/a	n/a	n/a	n/a	n/a	n/a	n/a	n/a	n/a	n/a	n/a	2288.356477	n/a
2289.018718	2.030534	457804	time_discrimination	n/a	n/a	n/a	72.0	n/a	n/a	n/a	2288.3564767499997	n/a	1.43650052963676	2.0	1	2.0	NB_3_LongA.png	n/a	3	2292.48575275	n/a	41	1	1	intervals/timediscrimination_table	40	2289.018718	2291.049252
2289.018718	0.000000	457804	ttl	1	72	n/a	n/a	n/a	n/a	n/a	n/a	n/a	n/a	n/a	n/a	n/a	n/a	n/a	n/a	n/a	n/a	n/a	n/a	n/a	n/a	n/a	2289.018718	n/a
2291.049252	0.000000	458210	ttl	2	72	n/a	n/a	n/a	n/a	n/a	n/a	n/a	n/a	n/a	n/a	n/a	n/a	n/a	n/a	n/a	n/a	n/a	n/a	n/a	n/a	n/a	2291.049252	n/a
2292.485753	0.000000	458497	ttl	4	72	n/a	n/a	n/a	n/a	n/a	n/a	n/a	n/a	n/a	n/a	n/a	n/a	n/a	n/a	n/a	n/a	n/a	n/a	n/a	n/a	n/a	2292.485753	n/a
2292.507006	0.000000	458501	ttl	11	72	n/a	n/a	n/a	n/a	n/a	n/a	n/a	n/a	n/a	n/a	n/a	n/a	n/a	n/a	n/a	n/a	n/a	n/a	n/a	n/a	n/a	2292.507006	n/a
2293.149400	2.031318	458630	time_discrimination	n/a	n/a	n/a	72.0	n/a	n/a	n/a	2292.5070057499997	n/a	3.163057711636611	2.0	2	2.0	SB_57_LongA.png	n/a	6	2298.3437759999997	n/a	42	2	2	intervals/timediscrimination_table	41	2293.149400	2295.180718
2293.149400	0.000000	458630	ttl	1	72	n/a	n/a	n/a	n/a	n/a	n/a	n/a	n/a	n/a	n/a	n/a	n/a	n/a	n/a	n/a	n/a	n/a	n/a	n/a	n/a	n/a	2293.149400	n/a
2295.180718	0.000000	459036	ttl	2	72	n/a	n/a	n/a	n/a	n/a	n/a	n/a	n/a	n/a	n/a	n/a	n/a	n/a	n/a	n/a	n/a	n/a	n/a	n/a	n/a	n/a	2295.180718	n/a
2298.343776	0.000000	459669	ttl	4	72	n/a	n/a	n/a	n/a	n/a	n/a	n/a	n/a	n/a	n/a	n/a	n/a	n/a	n/a	n/a	n/a	n/a	n/a	n/a	n/a	n/a	2298.343776	n/a
2298.361646	0.000000	459672	ttl	11	72	n/a	n/a	n/a	n/a	n/a	n/a	n/a	n/a	n/a	n/a	n/a	n/a	n/a	n/a	n/a	n/a	n/a	n/a	n/a	n/a	n/a	2298.361646	n/a
2298.983730	2.030729	459797	time_discrimination	n/a	n/a	n/a	72.0	n/a	n/a	n/a	2298.361646	n/a	2.584278329110475	2.0	3	2.0	HB_19_LongA.png	n/a	6	2303.5987382499998	n/a	43	2	2	intervals/timediscrimination_table	42	2298.983730	2301.014460
2298.983730	0.000000	459797	ttl	1	72	n/a	n/a	n/a	n/a	n/a	n/a	n/a	n/a	n/a	n/a	n/a	n/a	n/a	n/a	n/a	n/a	n/a	n/a	n/a	n/a	n/a	2298.983730	n/a
2301.014460	0.000000	460203	ttl	2	72	n/a	n/a	n/a	n/a	n/a	n/a	n/a	n/a	n/a	n/a	n/a	n/a	n/a	n/a	n/a	n/a	n/a	n/a	n/a	n/a	n/a	2301.014460	n/a
2303.598738	0.000000	460720	ttl	4	72	n/a	n/a	n/a	n/a	n/a	n/a	n/a	n/a	n/a	n/a	n/a	n/a	n/a	n/a	n/a	n/a	n/a	n/a	n/a	n/a	n/a	2303.598738	n/a
2303.621490	0.000000	460724	ttl	11	72	n/a	n/a	n/a	n/a	n/a	n/a	n/a	n/a	n/a	n/a	n/a	n/a	n/a	n/a	n/a	n/a	n/a	n/a	n/a	n/a	n/a	2303.621490	n/a
2304.223709	2.030649	460845	time_discrimination	n/a	n/a	n/a	72.0	n/a	n/a	n/a	2303.62149025	n/a	1.9054370216949792	2.0	2	2.0	SB_53_ShortA.png	n/a	6	2308.15979525	n/a	44	2	2	intervals/timediscrimination_table	43	2304.223709	2306.254358
2304.223709	0.000000	460845	ttl	1	72	n/a	n/a	n/a	n/a	n/a	n/a	n/a	n/a	n/a	n/a	n/a	n/a	n/a	n/a	n/a	n/a	n/a	n/a	n/a	n/a	n/a	2304.223709	n/a
2306.254358	0.000000	461251	ttl	2	72	n/a	n/a	n/a	n/a	n/a	n/a	n/a	n/a	n/a	n/a	n/a	n/a	n/a	n/a	n/a	n/a	n/a	n/a	n/a	n/a	n/a	2306.254358	n/a
2308.159795	0.000000	461632	ttl	4	72	n/a	n/a	n/a	n/a	n/a	n/a	n/a	n/a	n/a	n/a	n/a	n/a	n/a	n/a	n/a	n/a	n/a	n/a	n/a	n/a	n/a	2308.159795	n/a
2308.173450	0.000000	461635	ttl	11	72	n/a	n/a	n/a	n/a	n/a	n/a	n/a	n/a	n/a	n/a	n/a	n/a	n/a	n/a	n/a	n/a	n/a	n/a	n/a	n/a	n/a	2308.173450	n/a
2308.775676	2.030738	461755	time_discrimination	n/a	n/a	n/a	72.0	n/a	n/a	n/a	2308.1734495	n/a	1.7446313686814392	2.0	1	2.0	NB_5_LongA.png	n/a	3	2312.55104575	n/a	45	1	1	intervals/timediscrimination_table	44	2308.775676	2310.806414
2308.775676	0.000000	461755	ttl	1	72	n/a	n/a	n/a	n/a	n/a	n/a	n/a	n/a	n/a	n/a	n/a	n/a	n/a	n/a	n/a	n/a	n/a	n/a	n/a	n/a	n/a	2308.775676	n/a
2310.806414	0.000000	462161	ttl	2	72	n/a	n/a	n/a	n/a	n/a	n/a	n/a	n/a	n/a	n/a	n/a	n/a	n/a	n/a	n/a	n/a	n/a	n/a	n/a	n/a	n/a	2310.806414	n/a
2312.551046	0.000000	462510	ttl	4	72	n/a	n/a	n/a	n/a	n/a	n/a	n/a	n/a	n/a	n/a	n/a	n/a	n/a	n/a	n/a	n/a	n/a	n/a	n/a	n/a	n/a	2312.551046	n/a
2312.564341	0.000000	462513	ttl	11	72	n/a	n/a	n/a	n/a	n/a	n/a	n/a	n/a	n/a	n/a	n/a	n/a	n/a	n/a	n/a	n/a	n/a	n/a	n/a	n/a	n/a	2312.564341	n/a
2313.226756	2.031282	462645	time_discrimination	n/a	n/a	n/a	72.0	n/a	n/a	n/a	2312.5643415	n/a	1.3181834159072423	2.0	2	2.0	SB_22_ShortA.png	n/a	3	2316.5762219999997	n/a	46	1	1	intervals/timediscrimination_table	45	2313.226756	2315.258039
2313.226756	0.000000	462645	ttl	1	72	n/a	n/a	n/a	n/a	n/a	n/a	n/a	n/a	n/a	n/a	n/a	n/a	n/a	n/a	n/a	n/a	n/a	n/a	n/a	n/a	n/a	2313.226756	n/a
2315.258039	0.000000	463052	ttl	2	72	n/a	n/a	n/a	n/a	n/a	n/a	n/a	n/a	n/a	n/a	n/a	n/a	n/a	n/a	n/a	n/a	n/a	n/a	n/a	n/a	n/a	2315.258039	n/a
2316.576222	0.000000	463315	ttl	4	72	n/a	n/a	n/a	n/a	n/a	n/a	n/a	n/a	n/a	n/a	n/a	n/a	n/a	n/a	n/a	n/a	n/a	n/a	n/a	n/a	n/a	2316.576222	n/a
2316.581872	0.000000	463316	ttl	11	72	n/a	n/a	n/a	n/a	n/a	n/a	n/a	n/a	n/a	n/a	n/a	n/a	n/a	n/a	n/a	n/a	n/a	n/a	n/a	n/a	n/a	2316.581872	n/a
2317.244101	2.031317	463449	time_discrimination	n/a	n/a	n/a	72.0	n/a	n/a	n/a	2316.5818715	n/a	1.6290800901570037	1.0	3	2.0	HB_9_ShortA.png	n/a	3	2320.9044974999997	n/a	47	1	2	intervals/timediscrimination_table	46	2317.244101	2319.275418
2317.244101	0.000000	463449	ttl	1	72	n/a	n/a	n/a	n/a	n/a	n/a	n/a	n/a	n/a	n/a	n/a	n/a	n/a	n/a	n/a	n/a	n/a	n/a	n/a	n/a	n/a	2317.244101	n/a
2319.275418	0.000000	463855	ttl	2	72	n/a	n/a	n/a	n/a	n/a	n/a	n/a	n/a	n/a	n/a	n/a	n/a	n/a	n/a	n/a	n/a	n/a	n/a	n/a	n/a	n/a	2319.275418	n/a
2320.904497	0.000000	464181	ttl	4	72	n/a	n/a	n/a	n/a	n/a	n/a	n/a	n/a	n/a	n/a	n/a	n/a	n/a	n/a	n/a	n/a	n/a	n/a	n/a	n/a	n/a	2320.904497	n/a
2320.917362	0.000000	464183	ttl	11	72	n/a	n/a	n/a	n/a	n/a	n/a	n/a	n/a	n/a	n/a	n/a	n/a	n/a	n/a	n/a	n/a	n/a	n/a	n/a	n/a	n/a	2320.917362	n/a
2321.539318	2.031455	464308	time_discrimination	n/a	n/a	n/a	72.0	n/a	n/a	n/a	2320.9173625	n/a	2.035323610334217	1.0	3	1.0	HB_20_LongA.png	n/a	4	2325.6060964999997	n/a	48	1	2	intervals/timediscrimination_table	47	2321.539318	2323.570773
2321.539318	0.000000	464308	ttl	1	72	n/a	n/a	n/a	n/a	n/a	n/a	n/a	n/a	n/a	n/a	n/a	n/a	n/a	n/a	n/a	n/a	n/a	n/a	n/a	n/a	n/a	2321.539318	n/a
2323.570773	0.000000	464714	ttl	2	72	n/a	n/a	n/a	n/a	n/a	n/a	n/a	n/a	n/a	n/a	n/a	n/a	n/a	n/a	n/a	n/a	n/a	n/a	n/a	n/a	n/a	2323.570773	n/a
2325.606096	0.000000	465121	ttl	4	72	n/a	n/a	n/a	n/a	n/a	n/a	n/a	n/a	n/a	n/a	n/a	n/a	n/a	n/a	n/a	n/a	n/a	n/a	n/a	n/a	n/a	2325.606096	n/a
2325.616599	0.000000	465123	ttl	11	72	n/a	n/a	n/a	n/a	n/a	n/a	n/a	n/a	n/a	n/a	n/a	n/a	n/a	n/a	n/a	n/a	n/a	n/a	n/a	n/a	n/a	2325.616599	n/a
2326.238984	2.031330	465248	time_discrimination	n/a	n/a	n/a	72.0	n/a	n/a	n/a	2325.616599	n/a	1.4389601252842112	2.0	1	2.0	NB_8_LongA.png	n/a	3	2329.7092737499997	n/a	49	1	1	intervals/timediscrimination_table	48	2326.238984	2328.270313
2326.238984	0.000000	465248	ttl	1	72	n/a	n/a	n/a	n/a	n/a	n/a	n/a	n/a	n/a	n/a	n/a	n/a	n/a	n/a	n/a	n/a	n/a	n/a	n/a	n/a	n/a	2326.238984	n/a
2328.270313	0.000000	465654	ttl	2	72	n/a	n/a	n/a	n/a	n/a	n/a	n/a	n/a	n/a	n/a	n/a	n/a	n/a	n/a	n/a	n/a	n/a	n/a	n/a	n/a	n/a	2328.270313	n/a
2329.709274	0.000000	465942	ttl	4	72	n/a	n/a	n/a	n/a	n/a	n/a	n/a	n/a	n/a	n/a	n/a	n/a	n/a	n/a	n/a	n/a	n/a	n/a	n/a	n/a	n/a	2329.709274	n/a
2329.715474	0.000000	465943	ttl	11	72	n/a	n/a	n/a	n/a	n/a	n/a	n/a	n/a	n/a	n/a	n/a	n/a	n/a	n/a	n/a	n/a	n/a	n/a	n/a	n/a	n/a	2329.715474	n/a
2330.337562	2.030559	466068	time_discrimination	n/a	n/a	n/a	72.0	n/a	n/a	n/a	2329.71547375	n/a	2.2782910643263676	2.0	2	2.0	SB_51_LongA.png	n/a	6	2334.646412	n/a	50	2	2	intervals/timediscrimination_table	49	2330.337562	2332.368121
2330.337562	0.000000	466068	ttl	1	72	n/a	n/a	n/a	n/a	n/a	n/a	n/a	n/a	n/a	n/a	n/a	n/a	n/a	n/a	n/a	n/a	n/a	n/a	n/a	n/a	n/a	2330.337562	n/a
2332.368121	0.000000	466474	ttl	2	72	n/a	n/a	n/a	n/a	n/a	n/a	n/a	n/a	n/a	n/a	n/a	n/a	n/a	n/a	n/a	n/a	n/a	n/a	n/a	n/a	n/a	2332.368121	n/a
2334.646412	0.000000	466929	ttl	4	72	n/a	n/a	n/a	n/a	n/a	n/a	n/a	n/a	n/a	n/a	n/a	n/a	n/a	n/a	n/a	n/a	n/a	n/a	n/a	n/a	n/a	2334.646412	n/a
2334.668908	0.000000	466934	ttl	11	72	n/a	n/a	n/a	n/a	n/a	n/a	n/a	n/a	n/a	n/a	n/a	n/a	n/a	n/a	n/a	n/a	n/a	n/a	n/a	n/a	n/a	2334.668908	n/a
2335.291374	2.031266	467058	time_discrimination	n/a	n/a	n/a	72.0	n/a	n/a	n/a	2334.6689085	n/a	2.1527868682173903	2.0	3	1.0	HB_59_ShortA.png	n/a	4	2339.475426	n/a	51	1	1	intervals/timediscrimination_table	50	2335.291374	2337.322639
2335.291374	0.000000	467058	ttl	1	72	n/a	n/a	n/a	n/a	n/a	n/a	n/a	n/a	n/a	n/a	n/a	n/a	n/a	n/a	n/a	n/a	n/a	n/a	n/a	n/a	n/a	2335.291374	n/a
2337.322639	0.000000	467465	ttl	2	72	n/a	n/a	n/a	n/a	n/a	n/a	n/a	n/a	n/a	n/a	n/a	n/a	n/a	n/a	n/a	n/a	n/a	n/a	n/a	n/a	n/a	2337.322639	n/a
2339.475426	0.000000	467895	ttl	4	72	n/a	n/a	n/a	n/a	n/a	n/a	n/a	n/a	n/a	n/a	n/a	n/a	n/a	n/a	n/a	n/a	n/a	n/a	n/a	n/a	n/a	2339.475426	n/a
2339.481472	0.000000	467896	ttl	11	72	n/a	n/a	n/a	n/a	n/a	n/a	n/a	n/a	n/a	n/a	n/a	n/a	n/a	n/a	n/a	n/a	n/a	n/a	n/a	n/a	n/a	2339.481472	n/a
2340.103533	2.030771	468021	time_discrimination	n/a	n/a	n/a	72.0	n/a	n/a	n/a	2339.48147175	n/a	2.0919706734853207	2.0	2	2.0	SB_34_LongA.png	n/a	6	2344.2262754999997	n/a	52	2	2	intervals/timediscrimination_table	51	2340.103533	2342.134305
2340.103533	0.000000	468021	ttl	1	72	n/a	n/a	n/a	n/a	n/a	n/a	n/a	n/a	n/a	n/a	n/a	n/a	n/a	n/a	n/a	n/a	n/a	n/a	n/a	n/a	n/a	2340.103533	n/a
2342.134305	0.000000	468427	ttl	2	72	n/a	n/a	n/a	n/a	n/a	n/a	n/a	n/a	n/a	n/a	n/a	n/a	n/a	n/a	n/a	n/a	n/a	n/a	n/a	n/a	n/a	2342.134305	n/a
2344.226275	0.000000	468845	ttl	4	72	n/a	n/a	n/a	n/a	n/a	n/a	n/a	n/a	n/a	n/a	n/a	n/a	n/a	n/a	n/a	n/a	n/a	n/a	n/a	n/a	n/a	2344.226275	n/a
2344.248648	0.000000	468850	ttl	11	72	n/a	n/a	n/a	n/a	n/a	n/a	n/a	n/a	n/a	n/a	n/a	n/a	n/a	n/a	n/a	n/a	n/a	n/a	n/a	n/a	n/a	2344.248648	n/a
2344.891046	2.031218	468978	time_discrimination	n/a	n/a	n/a	72.0	n/a	n/a	n/a	2344.24864825	n/a	1.4158691057955366	2.0	2	2.0	SB_9_ShortA.png	n/a	3	2348.33813275	n/a	53	1	1	intervals/timediscrimination_table	52	2344.891046	2346.922264
2344.891046	0.000000	468978	ttl	1	72	n/a	n/a	n/a	n/a	n/a	n/a	n/a	n/a	n/a	n/a	n/a	n/a	n/a	n/a	n/a	n/a	n/a	n/a	n/a	n/a	n/a	2344.891046	n/a
2346.922264	0.000000	469384	ttl	2	72	n/a	n/a	n/a	n/a	n/a	n/a	n/a	n/a	n/a	n/a	n/a	n/a	n/a	n/a	n/a	n/a	n/a	n/a	n/a	n/a	n/a	2346.922264	n/a
2348.338133	0.000000	469668	ttl	4	72	n/a	n/a	n/a	n/a	n/a	n/a	n/a	n/a	n/a	n/a	n/a	n/a	n/a	n/a	n/a	n/a	n/a	n/a	n/a	n/a	n/a	2348.338133	n/a
2348.346523	0.000000	469669	ttl	11	72	n/a	n/a	n/a	n/a	n/a	n/a	n/a	n/a	n/a	n/a	n/a	n/a	n/a	n/a	n/a	n/a	n/a	n/a	n/a	n/a	n/a	2348.346523	n/a
2348.968629	2.030628	469794	time_discrimination	n/a	n/a	n/a	72.0	n/a	n/a	n/a	2348.34652325	n/a	2.39866400707524	2.0	1	2.0	NB_3_ShortA.png	n/a	3	2353.39792175	n/a	54	1	1	intervals/timediscrimination_table	53	2348.968629	2350.999258
2348.968629	0.000000	469794	ttl	1	72	n/a	n/a	n/a	n/a	n/a	n/a	n/a	n/a	n/a	n/a	n/a	n/a	n/a	n/a	n/a	n/a	n/a	n/a	n/a	n/a	n/a	2348.968629	n/a
2350.999258	0.000000	470200	ttl	2	72	n/a	n/a	n/a	n/a	n/a	n/a	n/a	n/a	n/a	n/a	n/a	n/a	n/a	n/a	n/a	n/a	n/a	n/a	n/a	n/a	n/a	2350.999258	n/a
2353.397922	0.000000	470680	ttl	4	72	n/a	n/a	n/a	n/a	n/a	n/a	n/a	n/a	n/a	n/a	n/a	n/a	n/a	n/a	n/a	n/a	n/a	n/a	n/a	n/a	n/a	2353.397922	n/a
2353.421586	0.000000	470684	ttl	11	72	n/a	n/a	n/a	n/a	n/a	n/a	n/a	n/a	n/a	n/a	n/a	n/a	n/a	n/a	n/a	n/a	n/a	n/a	n/a	n/a	n/a	2353.421586	n/a
2354.043454	2.031549	470809	time_discrimination	n/a	n/a	n/a	72.0	n/a	n/a	n/a	2353.42158625	n/a	0.568773377245634	2.0	1	2.0	NB_26_ShortA.png	n/a	6	2356.64377725	n/a	55	2	2	intervals/timediscrimination_table	54	2354.043454	2356.075004
2354.043454	0.000000	470809	ttl	1	72	n/a	n/a	n/a	n/a	n/a	n/a	n/a	n/a	n/a	n/a	n/a	n/a	n/a	n/a	n/a	n/a	n/a	n/a	n/a	n/a	n/a	2354.043454	n/a
2356.075004	0.000000	471215	ttl	2	72	n/a	n/a	n/a	n/a	n/a	n/a	n/a	n/a	n/a	n/a	n/a	n/a	n/a	n/a	n/a	n/a	n/a	n/a	n/a	n/a	n/a	2356.075004	n/a
2356.643777	0.000000	471329	ttl	4	72	n/a	n/a	n/a	n/a	n/a	n/a	n/a	n/a	n/a	n/a	n/a	n/a	n/a	n/a	n/a	n/a	n/a	n/a	n/a	n/a	n/a	2356.643777	n/a
2356.662067	0.000000	471332	ttl	11	72	n/a	n/a	n/a	n/a	n/a	n/a	n/a	n/a	n/a	n/a	n/a	n/a	n/a	n/a	n/a	n/a	n/a	n/a	n/a	n/a	n/a	2356.662067	n/a
2357.223967	2.031282	471445	time_discrimination	n/a	n/a	n/a	72.0	n/a	n/a	n/a	2356.66206725	n/a	1.89965905858935	2.0	2	2.0	SB_35_LongA.png	n/a	6	2361.15490825	n/a	56	2	2	intervals/timediscrimination_table	55	2357.223967	2359.255249
2357.223967	0.000000	471445	ttl	1	72	n/a	n/a	n/a	n/a	n/a	n/a	n/a	n/a	n/a	n/a	n/a	n/a	n/a	n/a	n/a	n/a	n/a	n/a	n/a	n/a	n/a	2357.223967	n/a
2359.255249	0.000000	471851	ttl	2	72	n/a	n/a	n/a	n/a	n/a	n/a	n/a	n/a	n/a	n/a	n/a	n/a	n/a	n/a	n/a	n/a	n/a	n/a	n/a	n/a	n/a	2359.255249	n/a
2361.154908	0.000000	472231	ttl	4	72	n/a	n/a	n/a	n/a	n/a	n/a	n/a	n/a	n/a	n/a	n/a	n/a	n/a	n/a	n/a	n/a	n/a	n/a	n/a	n/a	n/a	2361.154908	n/a
2361.175950	0.000000	472235	ttl	11	72	n/a	n/a	n/a	n/a	n/a	n/a	n/a	n/a	n/a	n/a	n/a	n/a	n/a	n/a	n/a	n/a	n/a	n/a	n/a	n/a	n/a	2361.175950	n/a
2361.818328	2.030611	472364	time_discrimination	n/a	n/a	n/a	72.0	n/a	n/a	n/a	2361.1759495	n/a	2.4899624923336887	2.0	3	2.0	HB_18_LongA.png	n/a	3	2366.338902	n/a	57	1	1	intervals/timediscrimination_table	56	2361.818328	2363.848939
2361.818328	0.000000	472364	ttl	1	72	n/a	n/a	n/a	n/a	n/a	n/a	n/a	n/a	n/a	n/a	n/a	n/a	n/a	n/a	n/a	n/a	n/a	n/a	n/a	n/a	n/a	2361.818328	n/a
2363.848939	0.000000	472770	ttl	2	72	n/a	n/a	n/a	n/a	n/a	n/a	n/a	n/a	n/a	n/a	n/a	n/a	n/a	n/a	n/a	n/a	n/a	n/a	n/a	n/a	n/a	2363.848939	n/a
2366.338902	0.000000	473268	ttl	4	72	n/a	n/a	n/a	n/a	n/a	n/a	n/a	n/a	n/a	n/a	n/a	n/a	n/a	n/a	n/a	n/a	n/a	n/a	n/a	n/a	n/a	2366.338902	n/a
2366.347417	0.000000	473269	ttl	11	72	n/a	n/a	n/a	n/a	n/a	n/a	n/a	n/a	n/a	n/a	n/a	n/a	n/a	n/a	n/a	n/a	n/a	n/a	n/a	n/a	n/a	2366.347417	n/a
2366.949578	2.030638	473390	time_discrimination	n/a	n/a	n/a	72.0	n/a	n/a	n/a	2366.347417	n/a	2.4615814861613217	2.0	3	1.0	HB_29_ShortA.png	n/a	4	2371.4417977499998	n/a	58	1	1	intervals/timediscrimination_table	57	2366.949578	2368.980216
2366.949578	0.000000	473390	ttl	1	72	n/a	n/a	n/a	n/a	n/a	n/a	n/a	n/a	n/a	n/a	n/a	n/a	n/a	n/a	n/a	n/a	n/a	n/a	n/a	n/a	n/a	2366.949578	n/a
2368.980216	0.000000	473796	ttl	2	72	n/a	n/a	n/a	n/a	n/a	n/a	n/a	n/a	n/a	n/a	n/a	n/a	n/a	n/a	n/a	n/a	n/a	n/a	n/a	n/a	n/a	2368.980216	n/a
2371.441798	0.000000	474288	ttl	4	72	n/a	n/a	n/a	n/a	n/a	n/a	n/a	n/a	n/a	n/a	n/a	n/a	n/a	n/a	n/a	n/a	n/a	n/a	n/a	n/a	n/a	2371.441798	n/a
2371.452243	0.000000	474290	ttl	11	72	n/a	n/a	n/a	n/a	n/a	n/a	n/a	n/a	n/a	n/a	n/a	n/a	n/a	n/a	n/a	n/a	n/a	n/a	n/a	n/a	n/a	2371.452243	n/a
2372.014131	2.030654	474403	time_discrimination	n/a	n/a	n/a	72.0	n/a	n/a	n/a	2371.45224275	n/a	2.5128556441745786	2.0	3	1.0	HB_40_LongA.png	n/a	5	2376.55764075	n/a	59	2	2	intervals/timediscrimination_table	58	2372.014131	2374.044785
2372.014131	0.000000	474403	ttl	1	72	n/a	n/a	n/a	n/a	n/a	n/a	n/a	n/a	n/a	n/a	n/a	n/a	n/a	n/a	n/a	n/a	n/a	n/a	n/a	n/a	n/a	2372.014131	n/a
2374.044785	0.000000	474809	ttl	2	72	n/a	n/a	n/a	n/a	n/a	n/a	n/a	n/a	n/a	n/a	n/a	n/a	n/a	n/a	n/a	n/a	n/a	n/a	n/a	n/a	n/a	2374.044785	n/a
2376.557641	0.000000	475312	ttl	4	72	n/a	n/a	n/a	n/a	n/a	n/a	n/a	n/a	n/a	n/a	n/a	n/a	n/a	n/a	n/a	n/a	n/a	n/a	n/a	n/a	n/a	2376.557641	n/a
2376.569432	0.000000	475314	ttl	11	72	n/a	n/a	n/a	n/a	n/a	n/a	n/a	n/a	n/a	n/a	n/a	n/a	n/a	n/a	n/a	n/a	n/a	n/a	n/a	n/a	n/a	2376.569432	n/a
2377.231916	2.030601	475446	time_discrimination	n/a	n/a	n/a	72.0	n/a	n/a	n/a	2376.5694317499997	n/a	0.7699084706200665	1.0	2	3.0	SB_11_ShortA.png	n/a	2	2380.0324259999998	n/a	60	1	2	intervals/timediscrimination_table	59	2377.231916	2379.262517
2377.231916	0.000000	475446	ttl	1	72	n/a	n/a	n/a	n/a	n/a	n/a	n/a	n/a	n/a	n/a	n/a	n/a	n/a	n/a	n/a	n/a	n/a	n/a	n/a	n/a	n/a	2377.231916	n/a
2379.262517	0.000000	475853	ttl	2	72	n/a	n/a	n/a	n/a	n/a	n/a	n/a	n/a	n/a	n/a	n/a	n/a	n/a	n/a	n/a	n/a	n/a	n/a	n/a	n/a	n/a	2379.262517	n/a
2380.032426	0.000000	476006	ttl	4	72	n/a	n/a	n/a	n/a	n/a	n/a	n/a	n/a	n/a	n/a	n/a	n/a	n/a	n/a	n/a	n/a	n/a	n/a	n/a	n/a	n/a	2380.032426	n/a
2380.040583	0.000000	476008	ttl	11	72	n/a	n/a	n/a	n/a	n/a	n/a	n/a	n/a	n/a	n/a	n/a	n/a	n/a	n/a	n/a	n/a	n/a	n/a	n/a	n/a	n/a	2380.040583	n/a
2380.622688	2.031327	476125	time_discrimination	n/a	n/a	n/a	72.0	n/a	n/a	n/a	2380.0405834999997	n/a	3.4007486246737244	2.0	1	2.0	NB_13_ShortA.png	n/a	3	2386.054764	n/a	61	1	1	intervals/timediscrimination_table	60	2380.622688	2382.654015
2380.622688	0.000000	476125	ttl	1	72	n/a	n/a	n/a	n/a	n/a	n/a	n/a	n/a	n/a	n/a	n/a	n/a	n/a	n/a	n/a	n/a	n/a	n/a	n/a	n/a	n/a	2380.622688	n/a
2382.654015	0.000000	476531	ttl	2	72	n/a	n/a	n/a	n/a	n/a	n/a	n/a	n/a	n/a	n/a	n/a	n/a	n/a	n/a	n/a	n/a	n/a	n/a	n/a	n/a	n/a	2382.654015	n/a
2386.054764	0.000000	477211	ttl	4	72	n/a	n/a	n/a	n/a	n/a	n/a	n/a	n/a	n/a	n/a	n/a	n/a	n/a	n/a	n/a	n/a	n/a	n/a	n/a	n/a	n/a	2386.054764	n/a
2386.062186	0.000000	477212	ttl	11	72	n/a	n/a	n/a	n/a	n/a	n/a	n/a	n/a	n/a	n/a	n/a	n/a	n/a	n/a	n/a	n/a	n/a	n/a	n/a	n/a	n/a	2386.062186	n/a
2386.704540	2.031325	477341	time_discrimination	n/a	n/a	n/a	72.0	n/a	n/a	n/a	2386.062186	n/a	0.04653764432487151	2.0	2	3.0	SB_42_ShortA.png	n/a	7	2388.78240325	n/a	62	2	2	intervals/timediscrimination_table	61	2386.704540	2388.735865
2386.704540	0.000000	477341	ttl	1	72	n/a	n/a	n/a	n/a	n/a	n/a	n/a	n/a	n/a	n/a	n/a	n/a	n/a	n/a	n/a	n/a	n/a	n/a	n/a	n/a	n/a	2386.704540	n/a
2388.735865	0.000000	477747	ttl	2	72	n/a	n/a	n/a	n/a	n/a	n/a	n/a	n/a	n/a	n/a	n/a	n/a	n/a	n/a	n/a	n/a	n/a	n/a	n/a	n/a	n/a	2388.735865	n/a
2388.782403	0.000000	477756	ttl	4	72	n/a	n/a	n/a	n/a	n/a	n/a	n/a	n/a	n/a	n/a	n/a	n/a	n/a	n/a	n/a	n/a	n/a	n/a	n/a	n/a	n/a	2388.782403	n/a
2388.795204	0.000000	477759	ttl	11	72	n/a	n/a	n/a	n/a	n/a	n/a	n/a	n/a	n/a	n/a	n/a	n/a	n/a	n/a	n/a	n/a	n/a	n/a	n/a	n/a	n/a	2388.795204	n/a
2389.377195	2.030516	477875	time_discrimination	n/a	n/a	n/a	72.0	n/a	n/a	n/a	2388.79520425	n/a	2.0282399957013695	2.0	2	3.0	SB_15_ShortA.png	n/a	2	2393.43595075	n/a	63	1	1	intervals/timediscrimination_table	62	2389.377195	2391.407711
2389.377195	0.000000	477875	ttl	1	72	n/a	n/a	n/a	n/a	n/a	n/a	n/a	n/a	n/a	n/a	n/a	n/a	n/a	n/a	n/a	n/a	n/a	n/a	n/a	n/a	n/a	2389.377195	n/a
2391.407711	0.000000	478282	ttl	2	72	n/a	n/a	n/a	n/a	n/a	n/a	n/a	n/a	n/a	n/a	n/a	n/a	n/a	n/a	n/a	n/a	n/a	n/a	n/a	n/a	n/a	2391.407711	n/a
2393.435951	0.000000	478687	ttl	4	72	n/a	n/a	n/a	n/a	n/a	n/a	n/a	n/a	n/a	n/a	n/a	n/a	n/a	n/a	n/a	n/a	n/a	n/a	n/a	n/a	n/a	2393.435951	n/a
2393.447783	0.000000	478690	ttl	11	72	n/a	n/a	n/a	n/a	n/a	n/a	n/a	n/a	n/a	n/a	n/a	n/a	n/a	n/a	n/a	n/a	n/a	n/a	n/a	n/a	n/a	2393.447783	n/a
2394.009973	2.030606	478802	time_discrimination	n/a	n/a	n/a	72.0	n/a	n/a	n/a	2393.44778275	n/a	1.0236021814148444	2.0	2	3.0	SB_28_LongA.png	n/a	7	2397.06418025	n/a	64	2	2	intervals/timediscrimination_table	63	2394.009973	2396.040578
2394.009973	0.000000	478802	ttl	1	72	n/a	n/a	n/a	n/a	n/a	n/a	n/a	n/a	n/a	n/a	n/a	n/a	n/a	n/a	n/a	n/a	n/a	n/a	n/a	n/a	n/a	2394.009973	n/a
2396.040578	0.000000	479208	ttl	2	72	n/a	n/a	n/a	n/a	n/a	n/a	n/a	n/a	n/a	n/a	n/a	n/a	n/a	n/a	n/a	n/a	n/a	n/a	n/a	n/a	n/a	2396.040578	n/a
2397.064180	0.000000	479413	ttl	4	72	n/a	n/a	n/a	n/a	n/a	n/a	n/a	n/a	n/a	n/a	n/a	n/a	n/a	n/a	n/a	n/a	n/a	n/a	n/a	n/a	n/a	2397.064180	n/a
2397.073636	0.000000	479415	ttl	11	72	n/a	n/a	n/a	n/a	n/a	n/a	n/a	n/a	n/a	n/a	n/a	n/a	n/a	n/a	n/a	n/a	n/a	n/a	n/a	n/a	n/a	2397.073636	n/a
2397.675563	2.030695	479535	time_discrimination	n/a	n/a	n/a	72.0	n/a	n/a	n/a	2397.073636	n/a	0.7166524807207679	2.0	1	2.0	NB_1_LongA.png	n/a	6	2400.42291075	n/a	65	2	2	intervals/timediscrimination_table	64	2397.675563	2399.706258
2397.675563	0.000000	479535	ttl	1	72	n/a	n/a	n/a	n/a	n/a	n/a	n/a	n/a	n/a	n/a	n/a	n/a	n/a	n/a	n/a	n/a	n/a	n/a	n/a	n/a	n/a	2397.675563	n/a
2399.706258	0.000000	479941	ttl	2	72	n/a	n/a	n/a	n/a	n/a	n/a	n/a	n/a	n/a	n/a	n/a	n/a	n/a	n/a	n/a	n/a	n/a	n/a	n/a	n/a	n/a	2399.706258	n/a
2400.422911	0.000000	480085	ttl	4	72	n/a	n/a	n/a	n/a	n/a	n/a	n/a	n/a	n/a	n/a	n/a	n/a	n/a	n/a	n/a	n/a	n/a	n/a	n/a	n/a	n/a	2400.422911	n/a
2400.442159	0.000000	480088	ttl	11	72	n/a	n/a	n/a	n/a	n/a	n/a	n/a	n/a	n/a	n/a	n/a	n/a	n/a	n/a	n/a	n/a	n/a	n/a	n/a	n/a	n/a	2400.442159	n/a
2401.064234	2.030574	480213	time_discrimination	n/a	n/a	n/a	72.0	n/a	n/a	n/a	2400.4421585	n/a	1.7794722408584676	1.0	3	1.0	HB_50_ShortA.png	n/a	5	2404.87427975	n/a	66	2	1	intervals/timediscrimination_table	65	2401.064234	2403.094808
2401.064234	0.000000	480213	ttl	1	72	n/a	n/a	n/a	n/a	n/a	n/a	n/a	n/a	n/a	n/a	n/a	n/a	n/a	n/a	n/a	n/a	n/a	n/a	n/a	n/a	n/a	2401.064234	n/a
2403.094808	0.000000	480619	ttl	2	72	n/a	n/a	n/a	n/a	n/a	n/a	n/a	n/a	n/a	n/a	n/a	n/a	n/a	n/a	n/a	n/a	n/a	n/a	n/a	n/a	n/a	2403.094808	n/a
2404.874280	0.000000	480975	ttl	4	72	n/a	n/a	n/a	n/a	n/a	n/a	n/a	n/a	n/a	n/a	n/a	n/a	n/a	n/a	n/a	n/a	n/a	n/a	n/a	n/a	n/a	2404.874280	n/a
2404.882488	0.000000	480976	ttl	11	72	n/a	n/a	n/a	n/a	n/a	n/a	n/a	n/a	n/a	n/a	n/a	n/a	n/a	n/a	n/a	n/a	n/a	n/a	n/a	n/a	n/a	2404.882488	n/a
2405.524838	2.030596	481105	time_discrimination	n/a	n/a	n/a	72.0	n/a	n/a	n/a	2404.8824875	n/a	2.772801068105764	1.0	3	1.0	HB_2_LongA.png	n/a	5	2410.32823475	n/a	67	2	1	intervals/timediscrimination_table	66	2405.524838	2407.555433
2405.524838	0.000000	481105	ttl	1	72	n/a	n/a	n/a	n/a	n/a	n/a	n/a	n/a	n/a	n/a	n/a	n/a	n/a	n/a	n/a	n/a	n/a	n/a	n/a	n/a	n/a	2405.524838	n/a
2407.555433	0.000000	481511	ttl	2	72	n/a	n/a	n/a	n/a	n/a	n/a	n/a	n/a	n/a	n/a	n/a	n/a	n/a	n/a	n/a	n/a	n/a	n/a	n/a	n/a	n/a	2407.555433	n/a
2410.328235	0.000000	482066	ttl	4	72	n/a	n/a	n/a	n/a	n/a	n/a	n/a	n/a	n/a	n/a	n/a	n/a	n/a	n/a	n/a	n/a	n/a	n/a	n/a	n/a	n/a	2410.328235	n/a
2410.344836	0.000000	482069	ttl	11	72	n/a	n/a	n/a	n/a	n/a	n/a	n/a	n/a	n/a	n/a	n/a	n/a	n/a	n/a	n/a	n/a	n/a	n/a	n/a	n/a	n/a	2410.344836	n/a
2410.927084	2.031302	482185	time_discrimination	n/a	n/a	n/a	72.0	n/a	n/a	n/a	2410.34483625	n/a	2.2676681087618817	2.0	2	3.0	SB_47_LongA.png	n/a	7	2415.22605325	n/a	68	2	2	intervals/timediscrimination_table	67	2410.927084	2412.958385
2410.927084	0.000000	482185	ttl	1	72	n/a	n/a	n/a	n/a	n/a	n/a	n/a	n/a	n/a	n/a	n/a	n/a	n/a	n/a	n/a	n/a	n/a	n/a	n/a	n/a	n/a	2410.927084	n/a
2412.958385	0.000000	482592	ttl	2	72	n/a	n/a	n/a	n/a	n/a	n/a	n/a	n/a	n/a	n/a	n/a	n/a	n/a	n/a	n/a	n/a	n/a	n/a	n/a	n/a	n/a	2412.958385	n/a
2415.226053	0.000000	483045	ttl	4	72	n/a	n/a	n/a	n/a	n/a	n/a	n/a	n/a	n/a	n/a	n/a	n/a	n/a	n/a	n/a	n/a	n/a	n/a	n/a	n/a	n/a	2415.226053	n/a
2415.247296	0.000000	483049	ttl	11	72	n/a	n/a	n/a	n/a	n/a	n/a	n/a	n/a	n/a	n/a	n/a	n/a	n/a	n/a	n/a	n/a	n/a	n/a	n/a	n/a	n/a	2415.247296	n/a
2415.909528	2.031326	483182	time_discrimination	n/a	n/a	n/a	72.0	n/a	n/a	n/a	2415.2472964999997	n/a	2.5979016104379298	2.0	1	2.0	NB_16_LongA.png	n/a	3	2420.5387554999998	n/a	69	1	1	intervals/timediscrimination_table	68	2415.909528	2417.940854
2415.909528	0.000000	483182	ttl	1	72	n/a	n/a	n/a	n/a	n/a	n/a	n/a	n/a	n/a	n/a	n/a	n/a	n/a	n/a	n/a	n/a	n/a	n/a	n/a	n/a	n/a	2415.909528	n/a
2417.940854	0.000000	483588	ttl	2	72	n/a	n/a	n/a	n/a	n/a	n/a	n/a	n/a	n/a	n/a	n/a	n/a	n/a	n/a	n/a	n/a	n/a	n/a	n/a	n/a	n/a	2417.940854	n/a
2420.538755	0.000000	484108	ttl	4	72	n/a	n/a	n/a	n/a	n/a	n/a	n/a	n/a	n/a	n/a	n/a	n/a	n/a	n/a	n/a	n/a	n/a	n/a	n/a	n/a	n/a	2420.538755	n/a
2420.550018	0.000000	484110	ttl	11	72	n/a	n/a	n/a	n/a	n/a	n/a	n/a	n/a	n/a	n/a	n/a	n/a	n/a	n/a	n/a	n/a	n/a	n/a	n/a	n/a	n/a	2420.550018	n/a
2421.192432	2.030605	484238	time_discrimination	n/a	n/a	n/a	72.0	n/a	n/a	n/a	2420.55001775	n/a	2.24457984193441	2.0	2	2.0	SB_43_ShortA.png	n/a	6	2425.467617	n/a	70	2	2	intervals/timediscrimination_table	69	2421.192432	2423.223037
2421.192432	0.000000	484238	ttl	1	72	n/a	n/a	n/a	n/a	n/a	n/a	n/a	n/a	n/a	n/a	n/a	n/a	n/a	n/a	n/a	n/a	n/a	n/a	n/a	n/a	n/a	2421.192432	n/a
2423.223037	0.000000	484645	ttl	2	72	n/a	n/a	n/a	n/a	n/a	n/a	n/a	n/a	n/a	n/a	n/a	n/a	n/a	n/a	n/a	n/a	n/a	n/a	n/a	n/a	n/a	2423.223037	n/a
2425.467617	0.000000	485094	ttl	4	72	n/a	n/a	n/a	n/a	n/a	n/a	n/a	n/a	n/a	n/a	n/a	n/a	n/a	n/a	n/a	n/a	n/a	n/a	n/a	n/a	n/a	2425.467617	n/a
2425.481293	0.000000	485096	ttl	11	72	n/a	n/a	n/a	n/a	n/a	n/a	n/a	n/a	n/a	n/a	n/a	n/a	n/a	n/a	n/a	n/a	n/a	n/a	n/a	n/a	n/a	2425.481293	n/a
2426.103423	2.030700	485221	time_discrimination	n/a	n/a	n/a	72.0	n/a	n/a	n/a	2425.481293	n/a	2.715776322679176	2.0	1	2.0	NB_28_ShortA.png	n/a	3	2430.84989975	n/a	71	1	1	intervals/timediscrimination_table	70	2426.103423	2428.134123
2426.103423	0.000000	485221	ttl	1	72	n/a	n/a	n/a	n/a	n/a	n/a	n/a	n/a	n/a	n/a	n/a	n/a	n/a	n/a	n/a	n/a	n/a	n/a	n/a	n/a	n/a	2426.103423	n/a
2428.134123	0.000000	485627	ttl	2	72	n/a	n/a	n/a	n/a	n/a	n/a	n/a	n/a	n/a	n/a	n/a	n/a	n/a	n/a	n/a	n/a	n/a	n/a	n/a	n/a	n/a	2428.134123	n/a
2430.849900	0.000000	486170	ttl	4	72	n/a	n/a	n/a	n/a	n/a	n/a	n/a	n/a	n/a	n/a	n/a	n/a	n/a	n/a	n/a	n/a	n/a	n/a	n/a	n/a	n/a	2430.849900	n/a
2430.858069	0.000000	486172	ttl	11	72	n/a	n/a	n/a	n/a	n/a	n/a	n/a	n/a	n/a	n/a	n/a	n/a	n/a	n/a	n/a	n/a	n/a	n/a	n/a	n/a	n/a	2430.858069	n/a
2431.460260	2.030683	486292	time_discrimination	n/a	n/a	n/a	72.0	n/a	n/a	n/a	2430.858069	n/a	2.5453059540045615	2.0	2	3.0	SB_4_LongA.png	n/a	7	2436.0362487499997	n/a	72	2	2	intervals/timediscrimination_table	71	2431.460260	2433.490943
2431.460260	0.000000	486292	ttl	1	72	n/a	n/a	n/a	n/a	n/a	n/a	n/a	n/a	n/a	n/a	n/a	n/a	n/a	n/a	n/a	n/a	n/a	n/a	n/a	n/a	n/a	2431.460260	n/a
2433.490943	0.000000	486698	ttl	2	72	n/a	n/a	n/a	n/a	n/a	n/a	n/a	n/a	n/a	n/a	n/a	n/a	n/a	n/a	n/a	n/a	n/a	n/a	n/a	n/a	n/a	2433.490943	n/a
2436.036249	0.000000	487207	ttl	4	72	n/a	n/a	n/a	n/a	n/a	n/a	n/a	n/a	n/a	n/a	n/a	n/a	n/a	n/a	n/a	n/a	n/a	n/a	n/a	n/a	n/a	2436.036249	n/a
2436.053387	0.000000	487211	ttl	11	72	n/a	n/a	n/a	n/a	n/a	n/a	n/a	n/a	n/a	n/a	n/a	n/a	n/a	n/a	n/a	n/a	n/a	n/a	n/a	n/a	n/a	2436.053387	n/a
2436.675706	2.030595	487335	time_discrimination	n/a	n/a	n/a	72.0	n/a	n/a	n/a	2436.05338725	n/a	3.1431268182864187	2.0	3	1.0	HB_24_LongA.png	n/a	4	2441.84942825	n/a	73	1	1	intervals/timediscrimination_table	72	2436.675706	2438.706301
2436.675706	0.000000	487335	ttl	1	72	n/a	n/a	n/a	n/a	n/a	n/a	n/a	n/a	n/a	n/a	n/a	n/a	n/a	n/a	n/a	n/a	n/a	n/a	n/a	n/a	n/a	2436.675706	n/a
2438.706301	0.000000	487741	ttl	2	72	n/a	n/a	n/a	n/a	n/a	n/a	n/a	n/a	n/a	n/a	n/a	n/a	n/a	n/a	n/a	n/a	n/a	n/a	n/a	n/a	n/a	2438.706301	n/a
2441.849428	0.000000	488370	ttl	4	72	n/a	n/a	n/a	n/a	n/a	n/a	n/a	n/a	n/a	n/a	n/a	n/a	n/a	n/a	n/a	n/a	n/a	n/a	n/a	n/a	n/a	2441.849428	n/a
2441.868537	0.000000	488374	ttl	11	72	n/a	n/a	n/a	n/a	n/a	n/a	n/a	n/a	n/a	n/a	n/a	n/a	n/a	n/a	n/a	n/a	n/a	n/a	n/a	n/a	n/a	2441.868537	n/a
2442.470829	2.030527	488494	time_discrimination	n/a	n/a	n/a	72.0	n/a	n/a	n/a	2441.868537	n/a	1.665920909270426	1.0	1	2.0	NB_30_ShortA.png	n/a	6	2446.167277	n/a	74	2	1	intervals/timediscrimination_table	73	2442.470829	2444.501356
2442.470829	0.000000	488494	ttl	1	72	n/a	n/a	n/a	n/a	n/a	n/a	n/a	n/a	n/a	n/a	n/a	n/a	n/a	n/a	n/a	n/a	n/a	n/a	n/a	n/a	n/a	2442.470829	n/a
2444.501356	0.000000	488900	ttl	2	72	n/a	n/a	n/a	n/a	n/a	n/a	n/a	n/a	n/a	n/a	n/a	n/a	n/a	n/a	n/a	n/a	n/a	n/a	n/a	n/a	n/a	2444.501356	n/a
2446.167277	0.000000	489233	ttl	4	72	n/a	n/a	n/a	n/a	n/a	n/a	n/a	n/a	n/a	n/a	n/a	n/a	n/a	n/a	n/a	n/a	n/a	n/a	n/a	n/a	n/a	2446.167277	n/a
2446.187494	0.000000	489237	ttl	11	72	n/a	n/a	n/a	n/a	n/a	n/a	n/a	n/a	n/a	n/a	n/a	n/a	n/a	n/a	n/a	n/a	n/a	n/a	n/a	n/a	n/a	2446.187494	n/a
2446.829741	2.031456	489366	time_discrimination	n/a	n/a	n/a	72.0	n/a	n/a	n/a	2446.1874937499997	n/a	2.1950398412946015	2.0	3	1.0	HB_53_ShortA.png	n/a	4	2451.0562365	n/a	75	1	1	intervals/timediscrimination_table	74	2446.829741	2448.861197
2446.829741	0.000000	489366	ttl	1	72	n/a	n/a	n/a	n/a	n/a	n/a	n/a	n/a	n/a	n/a	n/a	n/a	n/a	n/a	n/a	n/a	n/a	n/a	n/a	n/a	n/a	2446.829741	n/a
2448.861197	0.000000	489772	ttl	2	72	n/a	n/a	n/a	n/a	n/a	n/a	n/a	n/a	n/a	n/a	n/a	n/a	n/a	n/a	n/a	n/a	n/a	n/a	n/a	n/a	n/a	2448.861197	n/a
2451.056237	0.000000	490211	ttl	4	72	n/a	n/a	n/a	n/a	n/a	n/a	n/a	n/a	n/a	n/a	n/a	n/a	n/a	n/a	n/a	n/a	n/a	n/a	n/a	n/a	n/a	2451.056237	n/a
2451.077186	0.000000	490215	ttl	11	72	n/a	n/a	n/a	n/a	n/a	n/a	n/a	n/a	n/a	n/a	n/a	n/a	n/a	n/a	n/a	n/a	n/a	n/a	n/a	n/a	n/a	2451.077186	n/a
2451.639297	2.030665	490328	time_discrimination	n/a	n/a	n/a	72.0	n/a	n/a	n/a	2451.07718625	n/a	2.084509304122548	2.0	3	1.0	HB_51_ShortA.png	n/a	5	2455.75447125	n/a	76	2	2	intervals/timediscrimination_table	75	2451.639297	2453.669962
2451.639297	0.000000	490328	ttl	1	72	n/a	n/a	n/a	n/a	n/a	n/a	n/a	n/a	n/a	n/a	n/a	n/a	n/a	n/a	n/a	n/a	n/a	n/a	n/a	n/a	n/a	2451.639297	n/a
2453.669962	0.000000	490734	ttl	2	72	n/a	n/a	n/a	n/a	n/a	n/a	n/a	n/a	n/a	n/a	n/a	n/a	n/a	n/a	n/a	n/a	n/a	n/a	n/a	n/a	n/a	2453.669962	n/a
2455.754471	0.000000	491151	ttl	4	72	n/a	n/a	n/a	n/a	n/a	n/a	n/a	n/a	n/a	n/a	n/a	n/a	n/a	n/a	n/a	n/a	n/a	n/a	n/a	n/a	n/a	2455.754471	n/a
2455.778943	0.000000	491156	ttl	11	72	n/a	n/a	n/a	n/a	n/a	n/a	n/a	n/a	n/a	n/a	n/a	n/a	n/a	n/a	n/a	n/a	n/a	n/a	n/a	n/a	n/a	2455.778943	n/a
2456.421248	2.030524	491284	time_discrimination	n/a	n/a	n/a	72.0	n/a	n/a	n/a	2455.7789435	n/a	2.2758190629006094	1.0	2	2.0	SB_5_ShortA.png	n/a	3	2460.727591	n/a	77	1	2	intervals/timediscrimination_table	76	2456.421248	2458.451772
2456.421248	0.000000	491284	ttl	1	72	n/a	n/a	n/a	n/a	n/a	n/a	n/a	n/a	n/a	n/a	n/a	n/a	n/a	n/a	n/a	n/a	n/a	n/a	n/a	n/a	n/a	2456.421248	n/a
2458.451772	0.000000	491690	ttl	2	72	n/a	n/a	n/a	n/a	n/a	n/a	n/a	n/a	n/a	n/a	n/a	n/a	n/a	n/a	n/a	n/a	n/a	n/a	n/a	n/a	n/a	2458.451772	n/a
2460.727591	0.000000	492146	ttl	4	72	n/a	n/a	n/a	n/a	n/a	n/a	n/a	n/a	n/a	n/a	n/a	n/a	n/a	n/a	n/a	n/a	n/a	n/a	n/a	n/a	n/a	2460.727591	n/a
2460.745508	0.000000	492149	ttl	11	72	n/a	n/a	n/a	n/a	n/a	n/a	n/a	n/a	n/a	n/a	n/a	n/a	n/a	n/a	n/a	n/a	n/a	n/a	n/a	n/a	n/a	2460.745508	n/a
2461.387654	2.030582	492278	time_discrimination	n/a	n/a	n/a	72.0	n/a	n/a	n/a	2460.745508	n/a	1.9406786137728886	2.0	1	2.0	NB_12_ShortA.png	n/a	6	2465.358915	n/a	78	2	2	intervals/timediscrimination_table	77	2461.387654	2463.418236
2461.387654	0.000000	492278	ttl	1	72	n/a	n/a	n/a	n/a	n/a	n/a	n/a	n/a	n/a	n/a	n/a	n/a	n/a	n/a	n/a	n/a	n/a	n/a	n/a	n/a	n/a	2461.387654	n/a
2463.418236	0.000000	492684	ttl	2	72	n/a	n/a	n/a	n/a	n/a	n/a	n/a	n/a	n/a	n/a	n/a	n/a	n/a	n/a	n/a	n/a	n/a	n/a	n/a	n/a	n/a	2463.418236	n/a
2465.358915	0.000000	493072	ttl	4	72	n/a	n/a	n/a	n/a	n/a	n/a	n/a	n/a	n/a	n/a	n/a	n/a	n/a	n/a	n/a	n/a	n/a	n/a	n/a	n/a	n/a	2465.358915	n/a
2465.368439	0.000000	493074	ttl	11	72	n/a	n/a	n/a	n/a	n/a	n/a	n/a	n/a	n/a	n/a	n/a	n/a	n/a	n/a	n/a	n/a	n/a	n/a	n/a	n/a	n/a	2465.368439	n/a
2465.930657	2.030736	493186	time_discrimination	n/a	n/a	n/a	72.0	n/a	n/a	n/a	2465.36843925	n/a	1.442085961036355	2.0	1	2.0	NB_18_LongA.png	n/a	3	2469.4034792499997	n/a	79	1	1	intervals/timediscrimination_table	78	2465.930657	2467.961393
2465.930657	0.000000	493186	ttl	1	72	n/a	n/a	n/a	n/a	n/a	n/a	n/a	n/a	n/a	n/a	n/a	n/a	n/a	n/a	n/a	n/a	n/a	n/a	n/a	n/a	n/a	2465.930657	n/a
2467.961393	0.000000	493592	ttl	2	72	n/a	n/a	n/a	n/a	n/a	n/a	n/a	n/a	n/a	n/a	n/a	n/a	n/a	n/a	n/a	n/a	n/a	n/a	n/a	n/a	n/a	2467.961393	n/a
2469.403479	0.000000	493881	ttl	4	72	n/a	n/a	n/a	n/a	n/a	n/a	n/a	n/a	n/a	n/a	n/a	n/a	n/a	n/a	n/a	n/a	n/a	n/a	n/a	n/a	n/a	2469.403479	n/a
2469.420578	0.000000	493884	ttl	11	72	n/a	n/a	n/a	n/a	n/a	n/a	n/a	n/a	n/a	n/a	n/a	n/a	n/a	n/a	n/a	n/a	n/a	n/a	n/a	n/a	n/a	2469.420578	n/a
2470.042868	2.030562	494009	time_discrimination	n/a	n/a	n/a	72.0	n/a	n/a	n/a	2469.4205779999998	n/a	2.366607669199311	1.0	2	2.0	SB_52_LongA.png	n/a	3	2474.4400379999997	n/a	80	1	2	intervals/timediscrimination_table	79	2470.042868	2472.073430
2470.042868	0.000000	494009	ttl	1	72	n/a	n/a	n/a	n/a	n/a	n/a	n/a	n/a	n/a	n/a	n/a	n/a	n/a	n/a	n/a	n/a	n/a	n/a	n/a	n/a	n/a	2470.042868	n/a
2472.073430	0.000000	494415	ttl	2	72	n/a	n/a	n/a	n/a	n/a	n/a	n/a	n/a	n/a	n/a	n/a	n/a	n/a	n/a	n/a	n/a	n/a	n/a	n/a	n/a	n/a	2472.073430	n/a
2474.440038	0.000000	494888	ttl	4	72	n/a	n/a	n/a	n/a	n/a	n/a	n/a	n/a	n/a	n/a	n/a	n/a	n/a	n/a	n/a	n/a	n/a	n/a	n/a	n/a	n/a	2474.440038	n/a
2474.447092	0.000000	494889	ttl	11	72	n/a	n/a	n/a	n/a	n/a	n/a	n/a	n/a	n/a	n/a	n/a	n/a	n/a	n/a	n/a	n/a	n/a	n/a	n/a	n/a	n/a	2474.447092	n/a
2475.029191	2.031321	495006	time_discrimination	n/a	n/a	n/a	72.0	n/a	n/a	n/a	2474.44709225	n/a	2.7293694399882042	1.0	3	2.0	HB_31_ShortA.png	n/a	3	2479.7898815	n/a	81	1	2	intervals/timediscrimination_table	80	2475.029191	2477.060512
2475.029191	0.000000	495006	ttl	1	72	n/a	n/a	n/a	n/a	n/a	n/a	n/a	n/a	n/a	n/a	n/a	n/a	n/a	n/a	n/a	n/a	n/a	n/a	n/a	n/a	n/a	2475.029191	n/a
2477.060512	0.000000	495412	ttl	2	72	n/a	n/a	n/a	n/a	n/a	n/a	n/a	n/a	n/a	n/a	n/a	n/a	n/a	n/a	n/a	n/a	n/a	n/a	n/a	n/a	n/a	2477.060512	n/a
2479.789881	0.000000	495958	ttl	4	72	n/a	n/a	n/a	n/a	n/a	n/a	n/a	n/a	n/a	n/a	n/a	n/a	n/a	n/a	n/a	n/a	n/a	n/a	n/a	n/a	n/a	2479.789881	n/a
2479.812478	0.000000	495962	ttl	11	72	n/a	n/a	n/a	n/a	n/a	n/a	n/a	n/a	n/a	n/a	n/a	n/a	n/a	n/a	n/a	n/a	n/a	n/a	n/a	n/a	n/a	2479.812478	n/a
2480.454639	2.031281	496091	time_discrimination	n/a	n/a	n/a	72.0	n/a	n/a	n/a	2479.81247825	n/a	2.420527280722581	2.0	1	2.0	NB_14_ShortA.png	n/a	3	2484.906447	n/a	82	1	1	intervals/timediscrimination_table	81	2480.454639	2482.485920
2480.454639	0.000000	496091	ttl	1	72	n/a	n/a	n/a	n/a	n/a	n/a	n/a	n/a	n/a	n/a	n/a	n/a	n/a	n/a	n/a	n/a	n/a	n/a	n/a	n/a	n/a	2480.454639	n/a
2482.485920	0.000000	496497	ttl	2	72	n/a	n/a	n/a	n/a	n/a	n/a	n/a	n/a	n/a	n/a	n/a	n/a	n/a	n/a	n/a	n/a	n/a	n/a	n/a	n/a	n/a	2482.485920	n/a
2484.906447	0.000000	496981	ttl	4	72	n/a	n/a	n/a	n/a	n/a	n/a	n/a	n/a	n/a	n/a	n/a	n/a	n/a	n/a	n/a	n/a	n/a	n/a	n/a	n/a	n/a	2484.906447	n/a
2484.923929	0.000000	496985	ttl	11	72	n/a	n/a	n/a	n/a	n/a	n/a	n/a	n/a	n/a	n/a	n/a	n/a	n/a	n/a	n/a	n/a	n/a	n/a	n/a	n/a	n/a	2484.923929	n/a
2485.526168	2.031320	497105	time_discrimination	n/a	n/a	n/a	72.0	n/a	n/a	n/a	2484.9239292499997	n/a	1.7180108583775109	2.0	3	2.0	HB_4_ShortA.png	n/a	3	2489.2754987499998	n/a	83	1	1	intervals/timediscrimination_table	82	2485.526168	2487.557488
2485.526168	0.000000	497105	ttl	1	72	n/a	n/a	n/a	n/a	n/a	n/a	n/a	n/a	n/a	n/a	n/a	n/a	n/a	n/a	n/a	n/a	n/a	n/a	n/a	n/a	n/a	2485.526168	n/a
2487.557488	0.000000	497511	ttl	2	72	n/a	n/a	n/a	n/a	n/a	n/a	n/a	n/a	n/a	n/a	n/a	n/a	n/a	n/a	n/a	n/a	n/a	n/a	n/a	n/a	n/a	2487.557488	n/a
2489.275499	0.000000	497855	ttl	4	72	n/a	n/a	n/a	n/a	n/a	n/a	n/a	n/a	n/a	n/a	n/a	n/a	n/a	n/a	n/a	n/a	n/a	n/a	n/a	n/a	n/a	2489.275499	n/a
2489.300014	0.000000	497860	ttl	11	72	n/a	n/a	n/a	n/a	n/a	n/a	n/a	n/a	n/a	n/a	n/a	n/a	n/a	n/a	n/a	n/a	n/a	n/a	n/a	n/a	n/a	2489.300014	n/a
2489.942173	2.030670	497988	time_discrimination	n/a	n/a	n/a	72.0	n/a	n/a	n/a	2489.30001375	n/a	1.6068183826723725	2.0	2	3.0	SB_29_ShortA.png	n/a	7	2493.5796609999998	n/a	84	2	2	intervals/timediscrimination_table	83	2489.942173	2491.972843
2489.942173	0.000000	497988	ttl	1	72	n/a	n/a	n/a	n/a	n/a	n/a	n/a	n/a	n/a	n/a	n/a	n/a	n/a	n/a	n/a	n/a	n/a	n/a	n/a	n/a	n/a	2489.942173	n/a
2491.972843	0.000000	498395	ttl	2	72	n/a	n/a	n/a	n/a	n/a	n/a	n/a	n/a	n/a	n/a	n/a	n/a	n/a	n/a	n/a	n/a	n/a	n/a	n/a	n/a	n/a	2491.972843	n/a
2493.579661	0.000000	498716	ttl	4	72	n/a	n/a	n/a	n/a	n/a	n/a	n/a	n/a	n/a	n/a	n/a	n/a	n/a	n/a	n/a	n/a	n/a	n/a	n/a	n/a	n/a	2493.579661	n/a
2493.584683	0.000000	498717	ttl	11	72	n/a	n/a	n/a	n/a	n/a	n/a	n/a	n/a	n/a	n/a	n/a	n/a	n/a	n/a	n/a	n/a	n/a	n/a	n/a	n/a	n/a	2493.584683	n/a
2494.247051	2.031338	498849	time_discrimination	n/a	n/a	n/a	72.0	n/a	n/a	n/a	2493.584683	n/a	2.052131886448933	1.0	1	3.0	NB_23_ShortA.png	n/a	2	2498.330521	n/a	85	1	2	intervals/timediscrimination_table	84	2494.247051	2496.278389
2494.247051	0.000000	498849	ttl	1	72	n/a	n/a	n/a	n/a	n/a	n/a	n/a	n/a	n/a	n/a	n/a	n/a	n/a	n/a	n/a	n/a	n/a	n/a	n/a	n/a	n/a	2494.247051	n/a
2496.278389	0.000000	499256	ttl	2	72	n/a	n/a	n/a	n/a	n/a	n/a	n/a	n/a	n/a	n/a	n/a	n/a	n/a	n/a	n/a	n/a	n/a	n/a	n/a	n/a	n/a	2496.278389	n/a
2498.330521	0.000000	499666	ttl	4	72	n/a	n/a	n/a	n/a	n/a	n/a	n/a	n/a	n/a	n/a	n/a	n/a	n/a	n/a	n/a	n/a	n/a	n/a	n/a	n/a	n/a	2498.330521	n/a
2498.340592	0.000000	499668	ttl	11	72	n/a	n/a	n/a	n/a	n/a	n/a	n/a	n/a	n/a	n/a	n/a	n/a	n/a	n/a	n/a	n/a	n/a	n/a	n/a	n/a	n/a	2498.340592	n/a
2498.963005	2.031387	499793	time_discrimination	n/a	n/a	n/a	72.0	n/a	n/a	n/a	2498.340592	n/a	3.666214727834358	1.0	3	1.0	HB_38_LongA.png	n/a	4	2504.66060725	n/a	86	1	2	intervals/timediscrimination_table	85	2498.963005	2500.994393
2498.963005	0.000000	499793	ttl	1	72	n/a	n/a	n/a	n/a	n/a	n/a	n/a	n/a	n/a	n/a	n/a	n/a	n/a	n/a	n/a	n/a	n/a	n/a	n/a	n/a	n/a	2498.963005	n/a
2500.994393	0.000000	500199	ttl	2	72	n/a	n/a	n/a	n/a	n/a	n/a	n/a	n/a	n/a	n/a	n/a	n/a	n/a	n/a	n/a	n/a	n/a	n/a	n/a	n/a	n/a	2500.994393	n/a
2504.660607	0.000000	500932	ttl	4	72	n/a	n/a	n/a	n/a	n/a	n/a	n/a	n/a	n/a	n/a	n/a	n/a	n/a	n/a	n/a	n/a	n/a	n/a	n/a	n/a	n/a	2504.660607	n/a
2504.668012	0.000000	500934	ttl	11	72	n/a	n/a	n/a	n/a	n/a	n/a	n/a	n/a	n/a	n/a	n/a	n/a	n/a	n/a	n/a	n/a	n/a	n/a	n/a	n/a	n/a	2504.668012	n/a
2505.270264	2.030597	501054	time_discrimination	n/a	n/a	n/a	72.0	n/a	n/a	n/a	2504.6680125	n/a	3.430562055266364	2.0	2	3.0	SB_46_LongA.png	n/a	7	2510.7314229999997	n/a	87	2	2	intervals/timediscrimination_table	86	2505.270264	2507.300861
2505.270264	0.000000	501054	ttl	1	72	n/a	n/a	n/a	n/a	n/a	n/a	n/a	n/a	n/a	n/a	n/a	n/a	n/a	n/a	n/a	n/a	n/a	n/a	n/a	n/a	n/a	2505.270264	n/a
2507.300861	0.000000	501460	ttl	2	72	n/a	n/a	n/a	n/a	n/a	n/a	n/a	n/a	n/a	n/a	n/a	n/a	n/a	n/a	n/a	n/a	n/a	n/a	n/a	n/a	n/a	2507.300861	n/a
2510.731423	0.000000	502146	ttl	4	72	n/a	n/a	n/a	n/a	n/a	n/a	n/a	n/a	n/a	n/a	n/a	n/a	n/a	n/a	n/a	n/a	n/a	n/a	n/a	n/a	n/a	2510.731423	n/a
2510.748693	0.000000	502150	ttl	11	72	n/a	n/a	n/a	n/a	n/a	n/a	n/a	n/a	n/a	n/a	n/a	n/a	n/a	n/a	n/a	n/a	n/a	n/a	n/a	n/a	n/a	2510.748693	n/a
2511.330943	2.030711	502266	time_discrimination	n/a	n/a	n/a	72.0	n/a	n/a	n/a	2510.748693	n/a	2.001913919567869	2.0	2	3.0	SB_13_LongA.png	n/a	2	2515.3635677499997	n/a	88	1	1	intervals/timediscrimination_table	87	2511.330943	2513.361654
2511.330943	0.000000	502266	ttl	1	72	n/a	n/a	n/a	n/a	n/a	n/a	n/a	n/a	n/a	n/a	n/a	n/a	n/a	n/a	n/a	n/a	n/a	n/a	n/a	n/a	n/a	2511.330943	n/a
2513.361654	0.000000	502672	ttl	2	72	n/a	n/a	n/a	n/a	n/a	n/a	n/a	n/a	n/a	n/a	n/a	n/a	n/a	n/a	n/a	n/a	n/a	n/a	n/a	n/a	n/a	2513.361654	n/a
2515.363568	0.000000	503073	ttl	4	72	n/a	n/a	n/a	n/a	n/a	n/a	n/a	n/a	n/a	n/a	n/a	n/a	n/a	n/a	n/a	n/a	n/a	n/a	n/a	n/a	n/a	2515.363568	n/a
2515.380156	0.000000	503076	ttl	11	72	n/a	n/a	n/a	n/a	n/a	n/a	n/a	n/a	n/a	n/a	n/a	n/a	n/a	n/a	n/a	n/a	n/a	n/a	n/a	n/a	n/a	2515.380156	n/a
2516.002273	2.030755	503200	time_discrimination	n/a	n/a	n/a	72.0	n/a	n/a	n/a	2515.38015625	n/a	2.097346296990054	2.0	2	3.0	SB_10_LongA.png	n/a	7	2520.13037475	n/a	89	2	2	intervals/timediscrimination_table	88	2516.002273	2518.033028
2516.002273	0.000000	503200	ttl	1	72	n/a	n/a	n/a	n/a	n/a	n/a	n/a	n/a	n/a	n/a	n/a	n/a	n/a	n/a	n/a	n/a	n/a	n/a	n/a	n/a	n/a	2516.002273	n/a
2518.033028	0.000000	503607	ttl	2	72	n/a	n/a	n/a	n/a	n/a	n/a	n/a	n/a	n/a	n/a	n/a	n/a	n/a	n/a	n/a	n/a	n/a	n/a	n/a	n/a	n/a	2518.033028	n/a
2520.130375	0.000000	504026	ttl	4	72	n/a	n/a	n/a	n/a	n/a	n/a	n/a	n/a	n/a	n/a	n/a	n/a	n/a	n/a	n/a	n/a	n/a	n/a	n/a	n/a	n/a	2520.130375	n/a
2520.140272	0.000000	504028	ttl	11	72	n/a	n/a	n/a	n/a	n/a	n/a	n/a	n/a	n/a	n/a	n/a	n/a	n/a	n/a	n/a	n/a	n/a	n/a	n/a	n/a	n/a	2520.140272	n/a
2520.722340	2.030509	504144	time_discrimination	n/a	n/a	n/a	72.0	n/a	n/a	n/a	2520.1402725	n/a	1.747925123434925	2.0	3	1.0	HB_21_ShortA.png	n/a	5	2524.5007742499997	n/a	90	2	2	intervals/timediscrimination_table	89	2520.722340	2522.752849
2520.722340	0.000000	504144	ttl	1	72	n/a	n/a	n/a	n/a	n/a	n/a	n/a	n/a	n/a	n/a	n/a	n/a	n/a	n/a	n/a	n/a	n/a	n/a	n/a	n/a	n/a	2520.722340	n/a
2522.752849	0.000000	504551	ttl	2	72	n/a	n/a	n/a	n/a	n/a	n/a	n/a	n/a	n/a	n/a	n/a	n/a	n/a	n/a	n/a	n/a	n/a	n/a	n/a	n/a	n/a	2522.752849	n/a
2524.500774	0.000000	504900	ttl	4	72	n/a	n/a	n/a	n/a	n/a	n/a	n/a	n/a	n/a	n/a	n/a	n/a	n/a	n/a	n/a	n/a	n/a	n/a	n/a	n/a	n/a	2524.500774	n/a
2524.506264	0.000000	504901	ttl	11	72	n/a	n/a	n/a	n/a	n/a	n/a	n/a	n/a	n/a	n/a	n/a	n/a	n/a	n/a	n/a	n/a	n/a	n/a	n/a	n/a	n/a	2524.506264	n/a
2525.148692	2.031613	505030	time_discrimination	n/a	n/a	n/a	72.0	n/a	n/a	n/a	2524.5062642499997	n/a	1.9811373119482596	2.0	1	3.0	NB_13_LongA.png	n/a	2	2529.1614422499997	n/a	91	1	1	intervals/timediscrimination_table	90	2525.148692	2527.180305
2525.148692	0.000000	505030	ttl	1	72	n/a	n/a	n/a	n/a	n/a	n/a	n/a	n/a	n/a	n/a	n/a	n/a	n/a	n/a	n/a	n/a	n/a	n/a	n/a	n/a	n/a	2525.148692	n/a
2527.180305	0.000000	505436	ttl	2	72	n/a	n/a	n/a	n/a	n/a	n/a	n/a	n/a	n/a	n/a	n/a	n/a	n/a	n/a	n/a	n/a	n/a	n/a	n/a	n/a	n/a	2527.180305	n/a
2529.161442	0.000000	505832	ttl	4	72	n/a	n/a	n/a	n/a	n/a	n/a	n/a	n/a	n/a	n/a	n/a	n/a	n/a	n/a	n/a	n/a	n/a	n/a	n/a	n/a	n/a	2529.161442	n/a
2529.169133	0.000000	505834	ttl	11	72	n/a	n/a	n/a	n/a	n/a	n/a	n/a	n/a	n/a	n/a	n/a	n/a	n/a	n/a	n/a	n/a	n/a	n/a	n/a	n/a	n/a	2529.169133	n/a
2529.811265	2.030649	505962	time_discrimination	n/a	n/a	n/a	72.0	n/a	n/a	n/a	2529.16913275	n/a	2.4797351162110317	1.0	1	3.0	NB_19_LongA.png	n/a	7	2534.32164975	n/a	92	2	1	intervals/timediscrimination_table	91	2529.811265	2531.841914
2529.811265	0.000000	505962	ttl	1	72	n/a	n/a	n/a	n/a	n/a	n/a	n/a	n/a	n/a	n/a	n/a	n/a	n/a	n/a	n/a	n/a	n/a	n/a	n/a	n/a	n/a	2529.811265	n/a
2531.841914	0.000000	506368	ttl	2	72	n/a	n/a	n/a	n/a	n/a	n/a	n/a	n/a	n/a	n/a	n/a	n/a	n/a	n/a	n/a	n/a	n/a	n/a	n/a	n/a	n/a	2531.841914	n/a
2534.321650	0.000000	506864	ttl	4	72	n/a	n/a	n/a	n/a	n/a	n/a	n/a	n/a	n/a	n/a	n/a	n/a	n/a	n/a	n/a	n/a	n/a	n/a	n/a	n/a	n/a	2534.321650	n/a
2534.343368	0.000000	506869	ttl	11	72	n/a	n/a	n/a	n/a	n/a	n/a	n/a	n/a	n/a	n/a	n/a	n/a	n/a	n/a	n/a	n/a	n/a	n/a	n/a	n/a	n/a	2534.343368	n/a
2534.925335	2.031261	506985	time_discrimination	n/a	n/a	n/a	72.0	n/a	n/a	n/a	2534.3433685	n/a	2.7634511265518995	2.0	2	2.0	SB_36_LongA.png	n/a	3	2539.72004725	n/a	93	1	1	intervals/timediscrimination_table	92	2534.925335	2536.956596
2534.925335	0.000000	506985	ttl	1	72	n/a	n/a	n/a	n/a	n/a	n/a	n/a	n/a	n/a	n/a	n/a	n/a	n/a	n/a	n/a	n/a	n/a	n/a	n/a	n/a	n/a	2534.925335	n/a
2536.956596	0.000000	507391	ttl	2	72	n/a	n/a	n/a	n/a	n/a	n/a	n/a	n/a	n/a	n/a	n/a	n/a	n/a	n/a	n/a	n/a	n/a	n/a	n/a	n/a	n/a	2536.956596	n/a
2539.720047	0.000000	507944	ttl	4	72	n/a	n/a	n/a	n/a	n/a	n/a	n/a	n/a	n/a	n/a	n/a	n/a	n/a	n/a	n/a	n/a	n/a	n/a	n/a	n/a	n/a	2539.720047	n/a
2539.735179	0.000000	507947	ttl	11	72	n/a	n/a	n/a	n/a	n/a	n/a	n/a	n/a	n/a	n/a	n/a	n/a	n/a	n/a	n/a	n/a	n/a	n/a	n/a	n/a	n/a	2539.735179	n/a
2540.337327	2.031301	508067	time_discrimination	n/a	n/a	n/a	72.0	n/a	n/a	n/a	2539.7351795	n/a	1.05247148300532	1.0	2	1.0	SB_7_ShortA.png	n/a	5	2543.4210995	n/a	94	2	1	intervals/timediscrimination_table	93	2540.337327	2542.368628
2540.337327	0.000000	508067	ttl	1	72	n/a	n/a	n/a	n/a	n/a	n/a	n/a	n/a	n/a	n/a	n/a	n/a	n/a	n/a	n/a	n/a	n/a	n/a	n/a	n/a	n/a	2540.337327	n/a
2542.368628	0.000000	508474	ttl	2	72	n/a	n/a	n/a	n/a	n/a	n/a	n/a	n/a	n/a	n/a	n/a	n/a	n/a	n/a	n/a	n/a	n/a	n/a	n/a	n/a	n/a	2542.368628	n/a
2543.421099	0.000000	508684	ttl	4	72	n/a	n/a	n/a	n/a	n/a	n/a	n/a	n/a	n/a	n/a	n/a	n/a	n/a	n/a	n/a	n/a	n/a	n/a	n/a	n/a	n/a	2543.421099	n/a
2543.430507	0.000000	508686	ttl	11	72	n/a	n/a	n/a	n/a	n/a	n/a	n/a	n/a	n/a	n/a	n/a	n/a	n/a	n/a	n/a	n/a	n/a	n/a	n/a	n/a	n/a	2543.430507	n/a
2544.012606	2.030540	508803	time_discrimination	n/a	n/a	n/a	72.0	n/a	n/a	n/a	2543.4305074999997	n/a	2.3629723240105704	1.0	3	1.0	HB_26_LongA.png	n/a	5	2548.4061185	n/a	95	2	1	intervals/timediscrimination_table	94	2544.012606	2546.043146
2544.012606	0.000000	508803	ttl	1	72	n/a	n/a	n/a	n/a	n/a	n/a	n/a	n/a	n/a	n/a	n/a	n/a	n/a	n/a	n/a	n/a	n/a	n/a	n/a	n/a	n/a	2544.012606	n/a
2546.043146	0.000000	509209	ttl	2	72	n/a	n/a	n/a	n/a	n/a	n/a	n/a	n/a	n/a	n/a	n/a	n/a	n/a	n/a	n/a	n/a	n/a	n/a	n/a	n/a	n/a	2546.043146	n/a
2548.406119	0.000000	509681	ttl	4	72	n/a	n/a	n/a	n/a	n/a	n/a	n/a	n/a	n/a	n/a	n/a	n/a	n/a	n/a	n/a	n/a	n/a	n/a	n/a	n/a	n/a	2548.406119	n/a
2548.415242	0.000000	509683	ttl	11	72	n/a	n/a	n/a	n/a	n/a	n/a	n/a	n/a	n/a	n/a	n/a	n/a	n/a	n/a	n/a	n/a	n/a	n/a	n/a	n/a	n/a	2548.415242	n/a
2549.077536	2.031279	509816	time_discrimination	n/a	n/a	n/a	72.0	n/a	n/a	n/a	2548.415242	n/a	4.003177637844601	1.0	2	3.0	SB_59_ShortA.png	n/a	7	2555.1119925	n/a	96	2	1	intervals/timediscrimination_table	95	2549.077536	2551.108815
2549.077536	0.000000	509816	ttl	1	72	n/a	n/a	n/a	n/a	n/a	n/a	n/a	n/a	n/a	n/a	n/a	n/a	n/a	n/a	n/a	n/a	n/a	n/a	n/a	n/a	n/a	2549.077536	n/a
2551.108815	0.000000	510222	ttl	2	72	n/a	n/a	n/a	n/a	n/a	n/a	n/a	n/a	n/a	n/a	n/a	n/a	n/a	n/a	n/a	n/a	n/a	n/a	n/a	n/a	n/a	2551.108815	n/a
2555.111992	0.000000	511022	ttl	4	72	n/a	n/a	n/a	n/a	n/a	n/a	n/a	n/a	n/a	n/a	n/a	n/a	n/a	n/a	n/a	n/a	n/a	n/a	n/a	n/a	n/a	2555.111992	n/a
2555.119786	0.000000	511024	ttl	11	72	n/a	n/a	n/a	n/a	n/a	n/a	n/a	n/a	n/a	n/a	n/a	n/a	n/a	n/a	n/a	n/a	n/a	n/a	n/a	n/a	n/a	2555.119786	n/a
2555.721722	2.030759	511144	time_discrimination	n/a	n/a	n/a	72.0	n/a	n/a	n/a	2555.1197865	n/a	1.7510970437588185	1.0	3	1.0	HB_25_ShortA.png	n/a	5	2559.503578	n/a	97	2	1	intervals/timediscrimination_table	96	2555.721722	2557.752481
2555.721722	0.000000	511144	ttl	1	72	n/a	n/a	n/a	n/a	n/a	n/a	n/a	n/a	n/a	n/a	n/a	n/a	n/a	n/a	n/a	n/a	n/a	n/a	n/a	n/a	n/a	2555.721722	n/a
2557.752481	0.000000	511550	ttl	2	72	n/a	n/a	n/a	n/a	n/a	n/a	n/a	n/a	n/a	n/a	n/a	n/a	n/a	n/a	n/a	n/a	n/a	n/a	n/a	n/a	n/a	2557.752481	n/a
2559.503578	0.000000	511901	ttl	4	72	n/a	n/a	n/a	n/a	n/a	n/a	n/a	n/a	n/a	n/a	n/a	n/a	n/a	n/a	n/a	n/a	n/a	n/a	n/a	n/a	n/a	2559.503578	n/a
2559.512995	0.000000	511903	ttl	11	72	n/a	n/a	n/a	n/a	n/a	n/a	n/a	n/a	n/a	n/a	n/a	n/a	n/a	n/a	n/a	n/a	n/a	n/a	n/a	n/a	n/a	2559.512995	n/a
2560.115218	2.031329	512023	time_discrimination	n/a	n/a	n/a	72.0	n/a	n/a	n/a	2559.5129952499997	n/a	2.0049255782168984	1.0	3	1.0	HB_47_ShortA.png	n/a	5	2564.15147225	n/a	98	2	1	intervals/timediscrimination_table	97	2560.115218	2562.146547
2560.115218	0.000000	512023	ttl	1	72	n/a	n/a	n/a	n/a	n/a	n/a	n/a	n/a	n/a	n/a	n/a	n/a	n/a	n/a	n/a	n/a	n/a	n/a	n/a	n/a	n/a	2560.115218	n/a
2562.146547	0.000000	512429	ttl	2	72	n/a	n/a	n/a	n/a	n/a	n/a	n/a	n/a	n/a	n/a	n/a	n/a	n/a	n/a	n/a	n/a	n/a	n/a	n/a	n/a	n/a	2562.146547	n/a
2564.151472	0.000000	512830	ttl	4	72	n/a	n/a	n/a	n/a	n/a	n/a	n/a	n/a	n/a	n/a	n/a	n/a	n/a	n/a	n/a	n/a	n/a	n/a	n/a	n/a	n/a	2564.151472	n/a
2564.165259	0.000000	512833	ttl	11	72	n/a	n/a	n/a	n/a	n/a	n/a	n/a	n/a	n/a	n/a	n/a	n/a	n/a	n/a	n/a	n/a	n/a	n/a	n/a	n/a	n/a	2564.165259	n/a
2564.747369	2.031304	512949	time_discrimination	n/a	n/a	n/a	72.0	n/a	n/a	n/a	2564.165259	n/a	1.730675067840366	1.0	1	1.0	NB_23_LongA.png	n/a	5	2568.50934875	n/a	99	2	1	intervals/timediscrimination_table	98	2564.747369	2566.778674
2564.747369	0.000000	512949	ttl	1	72	n/a	n/a	n/a	n/a	n/a	n/a	n/a	n/a	n/a	n/a	n/a	n/a	n/a	n/a	n/a	n/a	n/a	n/a	n/a	n/a	n/a	2564.747369	n/a
2566.778674	0.000000	513356	ttl	2	72	n/a	n/a	n/a	n/a	n/a	n/a	n/a	n/a	n/a	n/a	n/a	n/a	n/a	n/a	n/a	n/a	n/a	n/a	n/a	n/a	n/a	2566.778674	n/a
2568.509349	0.000000	513702	ttl	4	72	n/a	n/a	n/a	n/a	n/a	n/a	n/a	n/a	n/a	n/a	n/a	n/a	n/a	n/a	n/a	n/a	n/a	n/a	n/a	n/a	n/a	2568.509349	n/a
2568.529259	0.000000	513706	ttl	11	72	n/a	n/a	n/a	n/a	n/a	n/a	n/a	n/a	n/a	n/a	n/a	n/a	n/a	n/a	n/a	n/a	n/a	n/a	n/a	n/a	n/a	2568.529259	n/a
2569.091111	2.031724	513818	time_discrimination	n/a	n/a	n/a	72.0	n/a	n/a	n/a	2568.52925925	n/a	0.9274012703890548	2.0	2	3.0	SB_60_LongA.png	n/a	7	2572.0502364999998	n/a	100	2	2	intervals/timediscrimination_table	99	2569.091111	2571.122835
2569.091111	0.000000	513818	ttl	1	72	n/a	n/a	n/a	n/a	n/a	n/a	n/a	n/a	n/a	n/a	n/a	n/a	n/a	n/a	n/a	n/a	n/a	n/a	n/a	n/a	n/a	2569.091111	n/a
2571.122835	0.000000	514225	ttl	2	72	n/a	n/a	n/a	n/a	n/a	n/a	n/a	n/a	n/a	n/a	n/a	n/a	n/a	n/a	n/a	n/a	n/a	n/a	n/a	n/a	n/a	2571.122835	n/a
2572.050236	0.000000	514410	ttl	4	72	n/a	n/a	n/a	n/a	n/a	n/a	n/a	n/a	n/a	n/a	n/a	n/a	n/a	n/a	n/a	n/a	n/a	n/a	n/a	n/a	n/a	2572.050236	n/a
2572.061716	0.000000	514412	ttl	11	72	n/a	n/a	n/a	n/a	n/a	n/a	n/a	n/a	n/a	n/a	n/a	n/a	n/a	n/a	n/a	n/a	n/a	n/a	n/a	n/a	n/a	2572.061716	n/a
2572.643691	2.030616	514529	time_discrimination	n/a	n/a	n/a	72.0	n/a	n/a	n/a	2572.06171575	n/a	2.8412891459483944	2.0	2	3.0	SB_24_LongA.png	n/a	7	2577.51559625	n/a	101	2	2	intervals/timediscrimination_table	100	2572.643691	2574.674307
2572.643691	0.000000	514529	ttl	1	72	n/a	n/a	n/a	n/a	n/a	n/a	n/a	n/a	n/a	n/a	n/a	n/a	n/a	n/a	n/a	n/a	n/a	n/a	n/a	n/a	n/a	2572.643691	n/a
2574.674307	0.000000	514935	ttl	2	72	n/a	n/a	n/a	n/a	n/a	n/a	n/a	n/a	n/a	n/a	n/a	n/a	n/a	n/a	n/a	n/a	n/a	n/a	n/a	n/a	n/a	2574.674307	n/a
2577.515596	0.000000	515503	ttl	4	72	n/a	n/a	n/a	n/a	n/a	n/a	n/a	n/a	n/a	n/a	n/a	n/a	n/a	n/a	n/a	n/a	n/a	n/a	n/a	n/a	n/a	2577.515596	n/a
2577.534442	0.000000	515507	ttl	11	72	n/a	n/a	n/a	n/a	n/a	n/a	n/a	n/a	n/a	n/a	n/a	n/a	n/a	n/a	n/a	n/a	n/a	n/a	n/a	n/a	n/a	2577.534442	n/a
2578.176749	2.030613	515635	time_discrimination	n/a	n/a	n/a	72.0	n/a	n/a	n/a	2577.5344419999997	n/a	2.2275693493857034	2.0	3	1.0	HB_56_LongA.png	n/a	4	2582.4349319999997	n/a	102	1	1	intervals/timediscrimination_table	101	2578.176749	2580.207362
2578.176749	0.000000	515635	ttl	1	72	n/a	n/a	n/a	n/a	n/a	n/a	n/a	n/a	n/a	n/a	n/a	n/a	n/a	n/a	n/a	n/a	n/a	n/a	n/a	n/a	n/a	2578.176749	n/a
2580.207362	0.000000	516041	ttl	2	72	n/a	n/a	n/a	n/a	n/a	n/a	n/a	n/a	n/a	n/a	n/a	n/a	n/a	n/a	n/a	n/a	n/a	n/a	n/a	n/a	n/a	2580.207362	n/a
2582.434932	0.000000	516487	ttl	4	72	n/a	n/a	n/a	n/a	n/a	n/a	n/a	n/a	n/a	n/a	n/a	n/a	n/a	n/a	n/a	n/a	n/a	n/a	n/a	n/a	n/a	2582.434932	n/a
2582.441977	0.000000	516488	ttl	11	72	n/a	n/a	n/a	n/a	n/a	n/a	n/a	n/a	n/a	n/a	n/a	n/a	n/a	n/a	n/a	n/a	n/a	n/a	n/a	n/a	n/a	2582.441977	n/a
2583.084132	2.030629	516617	time_discrimination	n/a	n/a	n/a	72.0	n/a	n/a	n/a	2582.441977	n/a	2.7507159140982367	1.0	1	3.0	NB_27_LongA.png	n/a	7	2587.865477	n/a	103	2	1	intervals/timediscrimination_table	102	2583.084132	2585.114761
2583.084132	0.000000	516617	ttl	1	72	n/a	n/a	n/a	n/a	n/a	n/a	n/a	n/a	n/a	n/a	n/a	n/a	n/a	n/a	n/a	n/a	n/a	n/a	n/a	n/a	n/a	2583.084132	n/a
2585.114761	0.000000	517023	ttl	2	72	n/a	n/a	n/a	n/a	n/a	n/a	n/a	n/a	n/a	n/a	n/a	n/a	n/a	n/a	n/a	n/a	n/a	n/a	n/a	n/a	n/a	2585.114761	n/a
2587.865477	0.000000	517573	ttl	4	72	n/a	n/a	n/a	n/a	n/a	n/a	n/a	n/a	n/a	n/a	n/a	n/a	n/a	n/a	n/a	n/a	n/a	n/a	n/a	n/a	n/a	2587.865477	n/a
2587.872150	0.000000	517574	ttl	11	72	n/a	n/a	n/a	n/a	n/a	n/a	n/a	n/a	n/a	n/a	n/a	n/a	n/a	n/a	n/a	n/a	n/a	n/a	n/a	n/a	n/a	2587.872150	n/a
2588.454411	2.031318	517691	time_discrimination	n/a	n/a	n/a	72.0	n/a	n/a	n/a	2587.8721505	n/a	1.779502629930903	2.0	1	1.0	NB_26_LongA.png	n/a	5	2592.2652319999997	n/a	104	2	2	intervals/timediscrimination_table	103	2588.454411	2590.485729
2588.454411	0.000000	517691	ttl	1	72	n/a	n/a	n/a	n/a	n/a	n/a	n/a	n/a	n/a	n/a	n/a	n/a	n/a	n/a	n/a	n/a	n/a	n/a	n/a	n/a	n/a	2588.454411	n/a
2590.485729	0.000000	518097	ttl	2	72	n/a	n/a	n/a	n/a	n/a	n/a	n/a	n/a	n/a	n/a	n/a	n/a	n/a	n/a	n/a	n/a	n/a	n/a	n/a	n/a	n/a	2590.485729	n/a
2592.265232	0.000000	518453	ttl	4	72	n/a	n/a	n/a	n/a	n/a	n/a	n/a	n/a	n/a	n/a	n/a	n/a	n/a	n/a	n/a	n/a	n/a	n/a	n/a	n/a	n/a	2592.265232	n/a
2592.283318	0.000000	518457	ttl	11	72	n/a	n/a	n/a	n/a	n/a	n/a	n/a	n/a	n/a	n/a	n/a	n/a	n/a	n/a	n/a	n/a	n/a	n/a	n/a	n/a	n/a	2592.283318	n/a
2592.925733	2.031322	518585	time_discrimination	n/a	n/a	n/a	72.0	n/a	n/a	n/a	2592.2833175	n/a	3.122327799243976	2.0	3	1.0	HB_36_ShortA.png	n/a	4	2598.079382	n/a	105	1	1	intervals/timediscrimination_table	104	2592.925733	2594.957054
2592.925733	0.000000	518585	ttl	1	72	n/a	n/a	n/a	n/a	n/a	n/a	n/a	n/a	n/a	n/a	n/a	n/a	n/a	n/a	n/a	n/a	n/a	n/a	n/a	n/a	n/a	2592.925733	n/a
2594.957054	0.000000	518991	ttl	2	72	n/a	n/a	n/a	n/a	n/a	n/a	n/a	n/a	n/a	n/a	n/a	n/a	n/a	n/a	n/a	n/a	n/a	n/a	n/a	n/a	n/a	2594.957054	n/a
2598.079382	0.000000	519616	ttl	4	72	n/a	n/a	n/a	n/a	n/a	n/a	n/a	n/a	n/a	n/a	n/a	n/a	n/a	n/a	n/a	n/a	n/a	n/a	n/a	n/a	n/a	2598.079382	n/a
2598.098365	0.000000	519620	ttl	11	72	n/a	n/a	n/a	n/a	n/a	n/a	n/a	n/a	n/a	n/a	n/a	n/a	n/a	n/a	n/a	n/a	n/a	n/a	n/a	n/a	n/a	2598.098365	n/a
2598.700403	2.030889	519740	time_discrimination	n/a	n/a	n/a	72.0	n/a	n/a	n/a	2598.098365	n/a	2.775049503066839	2.0	2	1.0	SB_49_LongA.png	n/a	5	2603.5063407499997	n/a	106	2	2	intervals/timediscrimination_table	105	2598.700403	2600.731291
2598.700403	0.000000	519740	ttl	1	72	n/a	n/a	n/a	n/a	n/a	n/a	n/a	n/a	n/a	n/a	n/a	n/a	n/a	n/a	n/a	n/a	n/a	n/a	n/a	n/a	n/a	2598.700403	n/a
2600.731291	0.000000	520146	ttl	2	72	n/a	n/a	n/a	n/a	n/a	n/a	n/a	n/a	n/a	n/a	n/a	n/a	n/a	n/a	n/a	n/a	n/a	n/a	n/a	n/a	n/a	2600.731291	n/a
2603.506341	0.000000	520701	ttl	4	72	n/a	n/a	n/a	n/a	n/a	n/a	n/a	n/a	n/a	n/a	n/a	n/a	n/a	n/a	n/a	n/a	n/a	n/a	n/a	n/a	n/a	2603.506341	n/a
2603.512774	0.000000	520703	ttl	11	72	n/a	n/a	n/a	n/a	n/a	n/a	n/a	n/a	n/a	n/a	n/a	n/a	n/a	n/a	n/a	n/a	n/a	n/a	n/a	n/a	n/a	2603.512774	n/a
2604.094900	2.031281	520819	time_discrimination	n/a	n/a	n/a	72.0	n/a	n/a	n/a	2603.5127735	n/a	1.3245532153455315	2.0	2	3.0	SB_6_ShortA.png	n/a	2	2607.45073475	n/a	107	1	1	intervals/timediscrimination_table	106	2604.094900	2606.126181
2604.094900	0.000000	520819	ttl	1	72	n/a	n/a	n/a	n/a	n/a	n/a	n/a	n/a	n/a	n/a	n/a	n/a	n/a	n/a	n/a	n/a	n/a	n/a	n/a	n/a	n/a	2604.094900	n/a
2606.126181	0.000000	521225	ttl	2	72	n/a	n/a	n/a	n/a	n/a	n/a	n/a	n/a	n/a	n/a	n/a	n/a	n/a	n/a	n/a	n/a	n/a	n/a	n/a	n/a	n/a	2606.126181	n/a
2607.450735	0.000000	521490	ttl	4	72	n/a	n/a	n/a	n/a	n/a	n/a	n/a	n/a	n/a	n/a	n/a	n/a	n/a	n/a	n/a	n/a	n/a	n/a	n/a	n/a	n/a	2607.450735	n/a
2607.465281	0.000000	521493	ttl	11	72	n/a	n/a	n/a	n/a	n/a	n/a	n/a	n/a	n/a	n/a	n/a	n/a	n/a	n/a	n/a	n/a	n/a	n/a	n/a	n/a	n/a	2607.465281	n/a
2608.027339	2.030810	521605	time_discrimination	n/a	n/a	n/a	72.0	n/a	n/a	n/a	2607.4652815	n/a	2.347973402350817	2.0	1	3.0	NB_4_LongA.png	n/a	7	2612.4061225	n/a	108	2	2	intervals/timediscrimination_table	107	2608.027339	2610.058149
2608.027339	0.000000	521605	ttl	1	72	n/a	n/a	n/a	n/a	n/a	n/a	n/a	n/a	n/a	n/a	n/a	n/a	n/a	n/a	n/a	n/a	n/a	n/a	n/a	n/a	n/a	2608.027339	n/a
2610.058149	0.000000	522012	ttl	2	72	n/a	n/a	n/a	n/a	n/a	n/a	n/a	n/a	n/a	n/a	n/a	n/a	n/a	n/a	n/a	n/a	n/a	n/a	n/a	n/a	n/a	2610.058149	n/a
2612.406123	0.000000	522481	ttl	4	72	n/a	n/a	n/a	n/a	n/a	n/a	n/a	n/a	n/a	n/a	n/a	n/a	n/a	n/a	n/a	n/a	n/a	n/a	n/a	n/a	n/a	2612.406123	n/a
2612.428015	0.000000	522486	ttl	11	72	n/a	n/a	n/a	n/a	n/a	n/a	n/a	n/a	n/a	n/a	n/a	n/a	n/a	n/a	n/a	n/a	n/a	n/a	n/a	n/a	n/a	2612.428015	n/a
2613.010115	2.030495	522602	time_discrimination	n/a	n/a	n/a	72.0	n/a	n/a	n/a	2612.428015	n/a	2.0345723652699235	1.0	3	1.0	HB_7_ShortA.png	n/a	5	2617.0751822499997	n/a	109	2	1	intervals/timediscrimination_table	108	2613.010115	2615.040610
2613.010115	0.000000	522602	ttl	1	72	n/a	n/a	n/a	n/a	n/a	n/a	n/a	n/a	n/a	n/a	n/a	n/a	n/a	n/a	n/a	n/a	n/a	n/a	n/a	n/a	n/a	2613.010115	n/a
2615.040610	0.000000	523008	ttl	2	72	n/a	n/a	n/a	n/a	n/a	n/a	n/a	n/a	n/a	n/a	n/a	n/a	n/a	n/a	n/a	n/a	n/a	n/a	n/a	n/a	n/a	2615.040610	n/a
2617.075182	0.000000	523415	ttl	4	72	n/a	n/a	n/a	n/a	n/a	n/a	n/a	n/a	n/a	n/a	n/a	n/a	n/a	n/a	n/a	n/a	n/a	n/a	n/a	n/a	n/a	2617.075182	n/a
2617.093360	0.000000	523419	ttl	11	72	n/a	n/a	n/a	n/a	n/a	n/a	n/a	n/a	n/a	n/a	n/a	n/a	n/a	n/a	n/a	n/a	n/a	n/a	n/a	n/a	n/a	2617.093360	n/a
2617.755593	2.030885	523551	time_discrimination	n/a	n/a	n/a	72.0	n/a	n/a	n/a	2617.09336025	n/a	0.3803951152044647	2.0	2	3.0	SB_18_LongA.png	n/a	7	2620.1668735	n/a	110	2	2	intervals/timediscrimination_table	109	2617.755593	2619.786478
2617.755593	0.000000	523551	ttl	1	72	n/a	n/a	n/a	n/a	n/a	n/a	n/a	n/a	n/a	n/a	n/a	n/a	n/a	n/a	n/a	n/a	n/a	n/a	n/a	n/a	n/a	2617.755593	n/a
2619.786478	0.000000	523957	ttl	2	72	n/a	n/a	n/a	n/a	n/a	n/a	n/a	n/a	n/a	n/a	n/a	n/a	n/a	n/a	n/a	n/a	n/a	n/a	n/a	n/a	n/a	2619.786478	n/a
2620.166873	0.000000	524033	ttl	4	72	n/a	n/a	n/a	n/a	n/a	n/a	n/a	n/a	n/a	n/a	n/a	n/a	n/a	n/a	n/a	n/a	n/a	n/a	n/a	n/a	n/a	2620.166873	n/a
2620.189978	0.000000	524038	ttl	11	72	n/a	n/a	n/a	n/a	n/a	n/a	n/a	n/a	n/a	n/a	n/a	n/a	n/a	n/a	n/a	n/a	n/a	n/a	n/a	n/a	n/a	2620.189978	n/a
2620.852373	2.031295	524170	time_discrimination	n/a	n/a	n/a	72.0	n/a	n/a	n/a	2620.18997775	n/a	1.1462629523025498	2.0	2	3.0	SB_50_LongA.png	n/a	7	2624.02993075	n/a	111	2	2	intervals/timediscrimination_table	110	2620.852373	2622.883668
2620.852373	0.000000	524170	ttl	1	72	n/a	n/a	n/a	n/a	n/a	n/a	n/a	n/a	n/a	n/a	n/a	n/a	n/a	n/a	n/a	n/a	n/a	n/a	n/a	n/a	n/a	2620.852373	n/a
2622.883668	0.000000	524577	ttl	2	72	n/a	n/a	n/a	n/a	n/a	n/a	n/a	n/a	n/a	n/a	n/a	n/a	n/a	n/a	n/a	n/a	n/a	n/a	n/a	n/a	n/a	2622.883668	n/a
2624.029931	0.000000	524806	ttl	4	72	n/a	n/a	n/a	n/a	n/a	n/a	n/a	n/a	n/a	n/a	n/a	n/a	n/a	n/a	n/a	n/a	n/a	n/a	n/a	n/a	n/a	2624.029931	n/a
2624.040050	0.000000	524808	ttl	11	72	n/a	n/a	n/a	n/a	n/a	n/a	n/a	n/a	n/a	n/a	n/a	n/a	n/a	n/a	n/a	n/a	n/a	n/a	n/a	n/a	n/a	2624.040050	n/a
2624.642059	2.031331	524928	time_discrimination	n/a	n/a	n/a	72.0	n/a	n/a	n/a	2624.04004975	n/a	1.8588179248577035	1.0	1	2.0	NB_24_ShortA.png	n/a	3	2628.5322085	n/a	112	1	2	intervals/timediscrimination_table	111	2624.642059	2626.673391
2624.642059	0.000000	524928	ttl	1	72	n/a	n/a	n/a	n/a	n/a	n/a	n/a	n/a	n/a	n/a	n/a	n/a	n/a	n/a	n/a	n/a	n/a	n/a	n/a	n/a	n/a	2624.642059	n/a
2626.673391	0.000000	525335	ttl	2	72	n/a	n/a	n/a	n/a	n/a	n/a	n/a	n/a	n/a	n/a	n/a	n/a	n/a	n/a	n/a	n/a	n/a	n/a	n/a	n/a	n/a	2626.673391	n/a
2628.532208	0.000000	525706	ttl	4	72	n/a	n/a	n/a	n/a	n/a	n/a	n/a	n/a	n/a	n/a	n/a	n/a	n/a	n/a	n/a	n/a	n/a	n/a	n/a	n/a	n/a	2628.532208	n/a
2628.543909	0.000000	525709	ttl	11	72	n/a	n/a	n/a	n/a	n/a	n/a	n/a	n/a	n/a	n/a	n/a	n/a	n/a	n/a	n/a	n/a	n/a	n/a	n/a	n/a	n/a	2628.543909	n/a
2629.085715	2.030746	525817	time_discrimination	n/a	n/a	n/a	72.0	n/a	n/a	n/a	2628.543909	n/a	2.3215865818142447	1.0	3	1.0	HB_57_LongA.png	n/a	5	2633.4380475	n/a	113	2	1	intervals/timediscrimination_table	112	2629.085715	2631.116461
2629.085715	0.000000	525817	ttl	1	72	n/a	n/a	n/a	n/a	n/a	n/a	n/a	n/a	n/a	n/a	n/a	n/a	n/a	n/a	n/a	n/a	n/a	n/a	n/a	n/a	n/a	2629.085715	n/a
2631.116461	0.000000	526223	ttl	2	72	n/a	n/a	n/a	n/a	n/a	n/a	n/a	n/a	n/a	n/a	n/a	n/a	n/a	n/a	n/a	n/a	n/a	n/a	n/a	n/a	n/a	2631.116461	n/a
2633.438047	0.000000	526688	ttl	4	72	n/a	n/a	n/a	n/a	n/a	n/a	n/a	n/a	n/a	n/a	n/a	n/a	n/a	n/a	n/a	n/a	n/a	n/a	n/a	n/a	n/a	2633.438047	n/a
2633.442962	0.000000	526689	ttl	11	72	n/a	n/a	n/a	n/a	n/a	n/a	n/a	n/a	n/a	n/a	n/a	n/a	n/a	n/a	n/a	n/a	n/a	n/a	n/a	n/a	n/a	2633.442962	n/a
2634.105286	2.030706	526821	time_discrimination	n/a	n/a	n/a	72.0	n/a	n/a	n/a	2633.4429625	n/a	1.9238844560641155	2.0	2	3.0	SB_38_LongA.png	n/a	7	2638.059876	n/a	114	2	2	intervals/timediscrimination_table	113	2634.105286	2636.135992
2634.105286	0.000000	526821	ttl	1	72	n/a	n/a	n/a	n/a	n/a	n/a	n/a	n/a	n/a	n/a	n/a	n/a	n/a	n/a	n/a	n/a	n/a	n/a	n/a	n/a	n/a	2634.105286	n/a
2636.135992	0.000000	527227	ttl	2	72	n/a	n/a	n/a	n/a	n/a	n/a	n/a	n/a	n/a	n/a	n/a	n/a	n/a	n/a	n/a	n/a	n/a	n/a	n/a	n/a	n/a	2636.135992	n/a
2638.059876	0.000000	527612	ttl	4	72	n/a	n/a	n/a	n/a	n/a	n/a	n/a	n/a	n/a	n/a	n/a	n/a	n/a	n/a	n/a	n/a	n/a	n/a	n/a	n/a	n/a	2638.059876	n/a
2638.083963	0.000000	527617	ttl	11	72	n/a	n/a	n/a	n/a	n/a	n/a	n/a	n/a	n/a	n/a	n/a	n/a	n/a	n/a	n/a	n/a	n/a	n/a	n/a	n/a	n/a	2638.083963	n/a
2638.686313	2.031317	527737	time_discrimination	n/a	n/a	n/a	72.0	n/a	n/a	n/a	2638.0839634999998	n/a	2.206387127479502	2.0	1	3.0	NB_12_LongA.png	n/a	2	2642.92401775	n/a	115	1	1	intervals/timediscrimination_table	114	2638.686313	2640.717630
2638.686313	0.000000	527737	ttl	1	72	n/a	n/a	n/a	n/a	n/a	n/a	n/a	n/a	n/a	n/a	n/a	n/a	n/a	n/a	n/a	n/a	n/a	n/a	n/a	n/a	n/a	2638.686313	n/a
2640.717630	0.000000	528144	ttl	2	72	n/a	n/a	n/a	n/a	n/a	n/a	n/a	n/a	n/a	n/a	n/a	n/a	n/a	n/a	n/a	n/a	n/a	n/a	n/a	n/a	n/a	2640.717630	n/a
2642.924018	0.000000	528585	ttl	4	72	n/a	n/a	n/a	n/a	n/a	n/a	n/a	n/a	n/a	n/a	n/a	n/a	n/a	n/a	n/a	n/a	n/a	n/a	n/a	n/a	n/a	2642.924018	n/a
2642.941217	0.000000	528588	ttl	11	72	n/a	n/a	n/a	n/a	n/a	n/a	n/a	n/a	n/a	n/a	n/a	n/a	n/a	n/a	n/a	n/a	n/a	n/a	n/a	n/a	n/a	2642.941217	n/a
2643.523118	2.030699	528705	time_discrimination	n/a	n/a	n/a	72.0	n/a	n/a	n/a	2642.9412172499997	n/a	2.144539503089163	2.0	2	3.0	SB_30_LongA.png	n/a	7	2647.698356	n/a	116	2	2	intervals/timediscrimination_table	115	2643.523118	2645.553816
2643.523118	0.000000	528705	ttl	1	72	n/a	n/a	n/a	n/a	n/a	n/a	n/a	n/a	n/a	n/a	n/a	n/a	n/a	n/a	n/a	n/a	n/a	n/a	n/a	n/a	n/a	2643.523118	n/a
2645.553816	0.000000	529111	ttl	2	72	n/a	n/a	n/a	n/a	n/a	n/a	n/a	n/a	n/a	n/a	n/a	n/a	n/a	n/a	n/a	n/a	n/a	n/a	n/a	n/a	n/a	2645.553816	n/a
2647.698356	0.000000	529540	ttl	4	72	n/a	n/a	n/a	n/a	n/a	n/a	n/a	n/a	n/a	n/a	n/a	n/a	n/a	n/a	n/a	n/a	n/a	n/a	n/a	n/a	n/a	2647.698356	n/a
2647.703946	0.000000	529541	ttl	11	72	n/a	n/a	n/a	n/a	n/a	n/a	n/a	n/a	n/a	n/a	n/a	n/a	n/a	n/a	n/a	n/a	n/a	n/a	n/a	n/a	n/a	2647.703946	n/a
2648.366180	2.030750	529673	time_discrimination	n/a	n/a	n/a	72.0	n/a	n/a	n/a	2647.7039465	n/a	2.223779331697642	2.0	3	1.0	HB_33_LongA.png	n/a	5	2652.620709	n/a	117	2	2	intervals/timediscrimination_table	116	2648.366180	2650.396930
2648.366180	0.000000	529673	ttl	1	72	n/a	n/a	n/a	n/a	n/a	n/a	n/a	n/a	n/a	n/a	n/a	n/a	n/a	n/a	n/a	n/a	n/a	n/a	n/a	n/a	n/a	2648.366180	n/a
2650.396930	0.000000	530079	ttl	2	72	n/a	n/a	n/a	n/a	n/a	n/a	n/a	n/a	n/a	n/a	n/a	n/a	n/a	n/a	n/a	n/a	n/a	n/a	n/a	n/a	n/a	2650.396930	n/a
2652.620709	0.000000	530524	ttl	4	72	n/a	n/a	n/a	n/a	n/a	n/a	n/a	n/a	n/a	n/a	n/a	n/a	n/a	n/a	n/a	n/a	n/a	n/a	n/a	n/a	n/a	2652.620709	n/a
2652.637209	0.000000	530527	ttl	11	72	n/a	n/a	n/a	n/a	n/a	n/a	n/a	n/a	n/a	n/a	n/a	n/a	n/a	n/a	n/a	n/a	n/a	n/a	n/a	n/a	n/a	2652.637209	n/a
2653.239232	2.030826	530648	time_discrimination	n/a	n/a	n/a	72.0	n/a	n/a	n/a	2652.6372094999997	n/a	2.0366776013015624	2.0	2	3.0	SB_41_ShortA.png	n/a	2	2657.3067355	n/a	118	1	1	intervals/timediscrimination_table	117	2653.239232	2655.270058
2653.239232	0.000000	530648	ttl	1	72	n/a	n/a	n/a	n/a	n/a	n/a	n/a	n/a	n/a	n/a	n/a	n/a	n/a	n/a	n/a	n/a	n/a	n/a	n/a	n/a	n/a	2653.239232	n/a
2655.270058	0.000000	531054	ttl	2	72	n/a	n/a	n/a	n/a	n/a	n/a	n/a	n/a	n/a	n/a	n/a	n/a	n/a	n/a	n/a	n/a	n/a	n/a	n/a	n/a	n/a	2655.270058	n/a
2657.306735	0.000000	531461	ttl	4	72	n/a	n/a	n/a	n/a	n/a	n/a	n/a	n/a	n/a	n/a	n/a	n/a	n/a	n/a	n/a	n/a	n/a	n/a	n/a	n/a	n/a	2657.306735	n/a
2657.318250	0.000000	531464	ttl	11	72	n/a	n/a	n/a	n/a	n/a	n/a	n/a	n/a	n/a	n/a	n/a	n/a	n/a	n/a	n/a	n/a	n/a	n/a	n/a	n/a	n/a	2657.318250	n/a
2657.900093	2.030989	531580	time_discrimination	n/a	n/a	n/a	72.0	n/a	n/a	n/a	2657.3182505	n/a	1.4670915638344013	1.0	2	3.0	SB_20_ShortA.png	n/a	2	2661.3981732499997	n/a	119	1	2	intervals/timediscrimination_table	118	2657.900093	2659.931082
2657.900093	0.000000	531580	ttl	1	72	n/a	n/a	n/a	n/a	n/a	n/a	n/a	n/a	n/a	n/a	n/a	n/a	n/a	n/a	n/a	n/a	n/a	n/a	n/a	n/a	n/a	2657.900093	n/a
2659.931082	0.000000	531986	ttl	2	72	n/a	n/a	n/a	n/a	n/a	n/a	n/a	n/a	n/a	n/a	n/a	n/a	n/a	n/a	n/a	n/a	n/a	n/a	n/a	n/a	n/a	2659.931082	n/a
2661.398173	0.000000	532280	ttl	4	72	n/a	n/a	n/a	n/a	n/a	n/a	n/a	n/a	n/a	n/a	n/a	n/a	n/a	n/a	n/a	n/a	n/a	n/a	n/a	n/a	n/a	2661.398173	n/a
2661.420694	0.000000	532284	ttl	11	72	n/a	n/a	n/a	n/a	n/a	n/a	n/a	n/a	n/a	n/a	n/a	n/a	n/a	n/a	n/a	n/a	n/a	n/a	n/a	n/a	n/a	2661.420694	n/a
2662.042789	2.030988	532409	time_discrimination	n/a	n/a	n/a	72.0	n/a	n/a	n/a	2661.42069425	n/a	1.7657703577492612	2.0	2	3.0	SB_55_ShortA.png	n/a	7	2665.8395472499997	n/a	120	2	2	intervals/timediscrimination_table	119	2662.042789	2664.073777
2662.042789	0.000000	532409	ttl	1	72	n/a	n/a	n/a	n/a	n/a	n/a	n/a	n/a	n/a	n/a	n/a	n/a	n/a	n/a	n/a	n/a	n/a	n/a	n/a	n/a	n/a	2662.042789	n/a
2664.073777	0.000000	532815	ttl	2	72	n/a	n/a	n/a	n/a	n/a	n/a	n/a	n/a	n/a	n/a	n/a	n/a	n/a	n/a	n/a	n/a	n/a	n/a	n/a	n/a	n/a	2664.073777	n/a
2665.839547	0.000000	533168	ttl	4	72	n/a	n/a	n/a	n/a	n/a	n/a	n/a	n/a	n/a	n/a	n/a	n/a	n/a	n/a	n/a	n/a	n/a	n/a	n/a	n/a	n/a	2665.839547	n/a
2665.856522	0.000000	533171	ttl	11	72	n/a	n/a	n/a	n/a	n/a	n/a	n/a	n/a	n/a	n/a	n/a	n/a	n/a	n/a	n/a	n/a	n/a	n/a	n/a	n/a	n/a	2665.856522	n/a
2666.418558	2.031256	533284	time_discrimination	n/a	n/a	n/a	72.0	n/a	n/a	n/a	2665.8565224999998	n/a	1.9416359937622474	2.0	1	3.0	NB_4_ShortA.png	n/a	2	2670.3914495	n/a	121	1	1	intervals/timediscrimination_table	120	2666.418558	2668.449813
2666.418558	0.000000	533284	ttl	1	72	n/a	n/a	n/a	n/a	n/a	n/a	n/a	n/a	n/a	n/a	n/a	n/a	n/a	n/a	n/a	n/a	n/a	n/a	n/a	n/a	n/a	2666.418558	n/a
2668.449813	0.000000	533690	ttl	2	72	n/a	n/a	n/a	n/a	n/a	n/a	n/a	n/a	n/a	n/a	n/a	n/a	n/a	n/a	n/a	n/a	n/a	n/a	n/a	n/a	n/a	2668.449813	n/a
2670.391449	0.000000	534078	ttl	4	72	n/a	n/a	n/a	n/a	n/a	n/a	n/a	n/a	n/a	n/a	n/a	n/a	n/a	n/a	n/a	n/a	n/a	n/a	n/a	n/a	n/a	2670.391449	n/a
2670.399132	0.000000	534080	ttl	11	72	n/a	n/a	n/a	n/a	n/a	n/a	n/a	n/a	n/a	n/a	n/a	n/a	n/a	n/a	n/a	n/a	n/a	n/a	n/a	n/a	n/a	2670.399132	n/a
2671.021344	2.030712	534204	time_discrimination	n/a	n/a	n/a	72.0	n/a	n/a	n/a	2670.39913225	n/a	3.257266731047821	2.0	3	2.0	HB_23_LongA.png	n/a	3	2676.309322	n/a	122	1	1	intervals/timediscrimination_table	121	2671.021344	2673.052055
2671.021344	0.000000	534204	ttl	1	72	n/a	n/a	n/a	n/a	n/a	n/a	n/a	n/a	n/a	n/a	n/a	n/a	n/a	n/a	n/a	n/a	n/a	n/a	n/a	n/a	n/a	2671.021344	n/a
2673.052055	0.000000	534610	ttl	2	72	n/a	n/a	n/a	n/a	n/a	n/a	n/a	n/a	n/a	n/a	n/a	n/a	n/a	n/a	n/a	n/a	n/a	n/a	n/a	n/a	n/a	2673.052055	n/a
2676.309322	0.000000	535262	ttl	4	72	n/a	n/a	n/a	n/a	n/a	n/a	n/a	n/a	n/a	n/a	n/a	n/a	n/a	n/a	n/a	n/a	n/a	n/a	n/a	n/a	n/a	2676.309322	n/a
2676.333353	0.000000	535267	ttl	11	72	n/a	n/a	n/a	n/a	n/a	n/a	n/a	n/a	n/a	n/a	n/a	n/a	n/a	n/a	n/a	n/a	n/a	n/a	n/a	n/a	n/a	2676.333353	n/a
2676.955474	2.031296	535391	time_discrimination	n/a	n/a	n/a	72.0	n/a	n/a	n/a	2676.33335275	n/a	0.8192255989861223	1.0	3	1.0	HB_34_LongA.png	n/a	5	2679.805996	n/a	123	2	1	intervals/timediscrimination_table	122	2676.955474	2678.986770
2676.955474	0.000000	535391	ttl	1	72	n/a	n/a	n/a	n/a	n/a	n/a	n/a	n/a	n/a	n/a	n/a	n/a	n/a	n/a	n/a	n/a	n/a	n/a	n/a	n/a	n/a	2676.955474	n/a
2678.986770	0.000000	535797	ttl	2	72	n/a	n/a	n/a	n/a	n/a	n/a	n/a	n/a	n/a	n/a	n/a	n/a	n/a	n/a	n/a	n/a	n/a	n/a	n/a	n/a	n/a	2678.986770	n/a
2679.805996	0.000000	535961	ttl	4	72	n/a	n/a	n/a	n/a	n/a	n/a	n/a	n/a	n/a	n/a	n/a	n/a	n/a	n/a	n/a	n/a	n/a	n/a	n/a	n/a	n/a	2679.805996	n/a
2679.814232	0.000000	535963	ttl	11	72	n/a	n/a	n/a	n/a	n/a	n/a	n/a	n/a	n/a	n/a	n/a	n/a	n/a	n/a	n/a	n/a	n/a	n/a	n/a	n/a	n/a	2679.814232	n/a
2680.396341	2.030845	536079	time_discrimination	n/a	n/a	n/a	72.0	n/a	n/a	n/a	2679.8142319999997	n/a	2.2648984061679585	2.0	1	3.0	NB_17_LongA.png	n/a	2	2684.6920849999997	n/a	124	1	1	intervals/timediscrimination_table	123	2680.396341	2682.427187
2680.396341	0.000000	536079	ttl	1	72	n/a	n/a	n/a	n/a	n/a	n/a	n/a	n/a	n/a	n/a	n/a	n/a	n/a	n/a	n/a	n/a	n/a	n/a	n/a	n/a	n/a	2680.396341	n/a
2682.427187	0.000000	536485	ttl	2	72	n/a	n/a	n/a	n/a	n/a	n/a	n/a	n/a	n/a	n/a	n/a	n/a	n/a	n/a	n/a	n/a	n/a	n/a	n/a	n/a	n/a	2682.427187	n/a
2684.692085	0.000000	536938	ttl	4	72	n/a	n/a	n/a	n/a	n/a	n/a	n/a	n/a	n/a	n/a	n/a	n/a	n/a	n/a	n/a	n/a	n/a	n/a	n/a	n/a	n/a	2684.692085	n/a
2684.697549	0.000000	536940	ttl	11	72	n/a	n/a	n/a	n/a	n/a	n/a	n/a	n/a	n/a	n/a	n/a	n/a	n/a	n/a	n/a	n/a	n/a	n/a	n/a	n/a	n/a	2684.697549	n/a
2685.339882	2.030838	537068	time_discrimination	n/a	n/a	n/a	72.0	n/a	n/a	n/a	2684.69754875	n/a	2.774874447025468	1.0	3	2.0	HB_44_LongA.png	n/a	3	2690.145594	n/a	125	1	2	intervals/timediscrimination_table	124	2685.339882	2687.370720
2685.339882	0.000000	537068	ttl	1	72	n/a	n/a	n/a	n/a	n/a	n/a	n/a	n/a	n/a	n/a	n/a	n/a	n/a	n/a	n/a	n/a	n/a	n/a	n/a	n/a	n/a	2685.339882	n/a
2687.370720	0.000000	537474	ttl	2	72	n/a	n/a	n/a	n/a	n/a	n/a	n/a	n/a	n/a	n/a	n/a	n/a	n/a	n/a	n/a	n/a	n/a	n/a	n/a	n/a	n/a	2687.370720	n/a
2690.145594	0.000000	538029	ttl	4	72	n/a	n/a	n/a	n/a	n/a	n/a	n/a	n/a	n/a	n/a	n/a	n/a	n/a	n/a	n/a	n/a	n/a	n/a	n/a	n/a	n/a	2690.145594	n/a
2690.169071	0.000000	538034	ttl	11	72	n/a	n/a	n/a	n/a	n/a	n/a	n/a	n/a	n/a	n/a	n/a	n/a	n/a	n/a	n/a	n/a	n/a	n/a	n/a	n/a	n/a	2690.169071	n/a
2690.811251	2.030871	538162	time_discrimination	n/a	n/a	n/a	72.0	n/a	n/a	n/a	2690.1690715	n/a	3.1041161082416693	1.0	2	2.0	SB_16_shortA.png	n/a	6	2695.946238	n/a	126	2	1	intervals/timediscrimination_table	125	2690.811251	2692.842122
2690.811251	0.000000	538162	ttl	1	72	n/a	n/a	n/a	n/a	n/a	n/a	n/a	n/a	n/a	n/a	n/a	n/a	n/a	n/a	n/a	n/a	n/a	n/a	n/a	n/a	n/a	2690.811251	n/a
2692.842122	0.000000	538568	ttl	2	72	n/a	n/a	n/a	n/a	n/a	n/a	n/a	n/a	n/a	n/a	n/a	n/a	n/a	n/a	n/a	n/a	n/a	n/a	n/a	n/a	n/a	2692.842122	n/a
2695.946238	0.000000	539189	ttl	4	72	n/a	n/a	n/a	n/a	n/a	n/a	n/a	n/a	n/a	n/a	n/a	n/a	n/a	n/a	n/a	n/a	n/a	n/a	n/a	n/a	n/a	2695.946238	n/a
2695.970028	0.000000	539194	ttl	11	72	n/a	n/a	n/a	n/a	n/a	n/a	n/a	n/a	n/a	n/a	n/a	n/a	n/a	n/a	n/a	n/a	n/a	n/a	n/a	n/a	n/a	2695.970028	n/a
2696.572116	2.031421	539314	time_discrimination	n/a	n/a	n/a	72.0	n/a	n/a	n/a	2695.9700279999997	n/a	2.405075882743404	2.0	3	2.0	HB_10_LongA.png	n/a	6	2701.00861325	n/a	127	2	2	intervals/timediscrimination_table	126	2696.572116	2698.603537
2696.572116	0.000000	539314	ttl	1	72	n/a	n/a	n/a	n/a	n/a	n/a	n/a	n/a	n/a	n/a	n/a	n/a	n/a	n/a	n/a	n/a	n/a	n/a	n/a	n/a	n/a	2696.572116	n/a
2698.603537	0.000000	539721	ttl	2	72	n/a	n/a	n/a	n/a	n/a	n/a	n/a	n/a	n/a	n/a	n/a	n/a	n/a	n/a	n/a	n/a	n/a	n/a	n/a	n/a	n/a	2698.603537	n/a
2701.008613	0.000000	540202	ttl	4	72	n/a	n/a	n/a	n/a	n/a	n/a	n/a	n/a	n/a	n/a	n/a	n/a	n/a	n/a	n/a	n/a	n/a	n/a	n/a	n/a	n/a	2701.008613	n/a
2701.022948	0.000000	540205	ttl	11	72	n/a	n/a	n/a	n/a	n/a	n/a	n/a	n/a	n/a	n/a	n/a	n/a	n/a	n/a	n/a	n/a	n/a	n/a	n/a	n/a	n/a	2701.022948	n/a
2701.605011	2.031343	540321	time_discrimination	n/a	n/a	n/a	72.0	n/a	n/a	n/a	2701.0229477499997	n/a	1.2388933230472503	2.0	3	1.0	HB_16_ShortA.png	n/a	5	2704.875247	n/a	128	2	2	intervals/timediscrimination_table	127	2701.605011	2703.636354
2701.605011	0.000000	540321	ttl	1	72	n/a	n/a	n/a	n/a	n/a	n/a	n/a	n/a	n/a	n/a	n/a	n/a	n/a	n/a	n/a	n/a	n/a	n/a	n/a	n/a	n/a	2701.605011	n/a
2703.636354	0.000000	540727	ttl	2	72	n/a	n/a	n/a	n/a	n/a	n/a	n/a	n/a	n/a	n/a	n/a	n/a	n/a	n/a	n/a	n/a	n/a	n/a	n/a	n/a	n/a	2703.636354	n/a
2704.875247	0.000000	540975	ttl	4	72	n/a	n/a	n/a	n/a	n/a	n/a	n/a	n/a	n/a	n/a	n/a	n/a	n/a	n/a	n/a	n/a	n/a	n/a	n/a	n/a	n/a	2704.875247	n/a
2704.885550	0.000000	540977	ttl	11	72	n/a	n/a	n/a	n/a	n/a	n/a	n/a	n/a	n/a	n/a	n/a	n/a	n/a	n/a	n/a	n/a	n/a	n/a	n/a	n/a	n/a	2704.885550	n/a
2705.507644	2.030755	541102	time_discrimination	n/a	n/a	n/a	72.0	n/a	n/a	n/a	2704.88555025	n/a	1.4652778158456385	2.0	1	3.0	NB_5_ShortA.png	n/a	2	2709.0036775	n/a	129	1	1	intervals/timediscrimination_table	128	2705.507644	2707.538399
2705.507644	0.000000	541102	ttl	1	72	n/a	n/a	n/a	n/a	n/a	n/a	n/a	n/a	n/a	n/a	n/a	n/a	n/a	n/a	n/a	n/a	n/a	n/a	n/a	n/a	n/a	2705.507644	n/a
2707.538399	0.000000	541508	ttl	2	72	n/a	n/a	n/a	n/a	n/a	n/a	n/a	n/a	n/a	n/a	n/a	n/a	n/a	n/a	n/a	n/a	n/a	n/a	n/a	n/a	n/a	2707.538399	n/a
2709.003677	0.000000	541801	ttl	4	72	n/a	n/a	n/a	n/a	n/a	n/a	n/a	n/a	n/a	n/a	n/a	n/a	n/a	n/a	n/a	n/a	n/a	n/a	n/a	n/a	n/a	2709.003677	n/a
2709.018972	0.000000	541804	ttl	11	72	n/a	n/a	n/a	n/a	n/a	n/a	n/a	n/a	n/a	n/a	n/a	n/a	n/a	n/a	n/a	n/a	n/a	n/a	n/a	n/a	n/a	2709.018972	n/a
2709.621155	2.030695	541924	time_discrimination	n/a	n/a	n/a	72.0	n/a	n/a	n/a	2709.0189717499998	n/a	2.74819044886317	2.0	1	3.0	NB_28_LongA.png	n/a	2	2714.40004025	n/a	130	1	1	intervals/timediscrimination_table	129	2709.621155	2711.651850
2709.621155	0.000000	541924	ttl	1	72	n/a	n/a	n/a	n/a	n/a	n/a	n/a	n/a	n/a	n/a	n/a	n/a	n/a	n/a	n/a	n/a	n/a	n/a	n/a	n/a	n/a	2709.621155	n/a
2711.651850	0.000000	542330	ttl	2	72	n/a	n/a	n/a	n/a	n/a	n/a	n/a	n/a	n/a	n/a	n/a	n/a	n/a	n/a	n/a	n/a	n/a	n/a	n/a	n/a	n/a	2711.651850	n/a
2714.400040	0.000000	542880	ttl	4	72	n/a	n/a	n/a	n/a	n/a	n/a	n/a	n/a	n/a	n/a	n/a	n/a	n/a	n/a	n/a	n/a	n/a	n/a	n/a	n/a	n/a	2714.400040	n/a
2714.418234	0.000000	542884	ttl	11	72	n/a	n/a	n/a	n/a	n/a	n/a	n/a	n/a	n/a	n/a	n/a	n/a	n/a	n/a	n/a	n/a	n/a	n/a	n/a	n/a	n/a	2714.418234	n/a
2715.040332	2.031314	543008	time_discrimination	n/a	n/a	n/a	72.0	n/a	n/a	n/a	2714.4182345	n/a	2.1190211767529945	2.0	2	3.0	SB_25_LongA.png	n/a	7	2719.190667	n/a	131	2	2	intervals/timediscrimination_table	130	2715.040332	2717.071646
2715.040332	0.000000	543008	ttl	1	72	n/a	n/a	n/a	n/a	n/a	n/a	n/a	n/a	n/a	n/a	n/a	n/a	n/a	n/a	n/a	n/a	n/a	n/a	n/a	n/a	n/a	2715.040332	n/a
2717.071646	0.000000	543414	ttl	2	72	n/a	n/a	n/a	n/a	n/a	n/a	n/a	n/a	n/a	n/a	n/a	n/a	n/a	n/a	n/a	n/a	n/a	n/a	n/a	n/a	n/a	2717.071646	n/a
2719.190667	0.000000	543838	ttl	4	72	n/a	n/a	n/a	n/a	n/a	n/a	n/a	n/a	n/a	n/a	n/a	n/a	n/a	n/a	n/a	n/a	n/a	n/a	n/a	n/a	n/a	2719.190667	n/a
2719.203520	0.000000	543841	ttl	11	72	n/a	n/a	n/a	n/a	n/a	n/a	n/a	n/a	n/a	n/a	n/a	n/a	n/a	n/a	n/a	n/a	n/a	n/a	n/a	n/a	n/a	2719.203520	n/a
2719.865772	2.031302	543973	time_discrimination	n/a	n/a	n/a	72.0	n/a	n/a	n/a	2719.20352	n/a	2.3679366597239095	2.0	3	1.0	HB_17_ShortA.png	n/a	5	2724.26501075	n/a	132	2	2	intervals/timediscrimination_table	131	2719.865772	2721.897074
2719.865772	0.000000	543973	ttl	1	72	n/a	n/a	n/a	n/a	n/a	n/a	n/a	n/a	n/a	n/a	n/a	n/a	n/a	n/a	n/a	n/a	n/a	n/a	n/a	n/a	n/a	2719.865772	n/a
2721.897074	0.000000	544379	ttl	2	72	n/a	n/a	n/a	n/a	n/a	n/a	n/a	n/a	n/a	n/a	n/a	n/a	n/a	n/a	n/a	n/a	n/a	n/a	n/a	n/a	n/a	2721.897074	n/a
2724.265011	0.000000	544853	ttl	4	72	n/a	n/a	n/a	n/a	n/a	n/a	n/a	n/a	n/a	n/a	n/a	n/a	n/a	n/a	n/a	n/a	n/a	n/a	n/a	n/a	n/a	2724.265011	n/a
2724.270057	0.000000	544854	ttl	11	72	n/a	n/a	n/a	n/a	n/a	n/a	n/a	n/a	n/a	n/a	n/a	n/a	n/a	n/a	n/a	n/a	n/a	n/a	n/a	n/a	n/a	2724.270057	n/a
2724.912554	2.030878	544983	time_discrimination	n/a	n/a	n/a	72.0	n/a	n/a	n/a	2724.2700565	n/a	1.5302493757012599	1.0	1	3.0	NB_2_ShortA.png	n/a	7	2728.473682	n/a	133	2	1	intervals/timediscrimination_table	132	2724.912554	2726.943433
2724.912554	0.000000	544983	ttl	1	72	n/a	n/a	n/a	n/a	n/a	n/a	n/a	n/a	n/a	n/a	n/a	n/a	n/a	n/a	n/a	n/a	n/a	n/a	n/a	n/a	n/a	2724.912554	n/a
2726.943433	0.000000	545389	ttl	2	72	n/a	n/a	n/a	n/a	n/a	n/a	n/a	n/a	n/a	n/a	n/a	n/a	n/a	n/a	n/a	n/a	n/a	n/a	n/a	n/a	n/a	2726.943433	n/a
2728.473682	0.000000	545695	ttl	4	72	n/a	n/a	n/a	n/a	n/a	n/a	n/a	n/a	n/a	n/a	n/a	n/a	n/a	n/a	n/a	n/a	n/a	n/a	n/a	n/a	n/a	2728.473682	n/a
2728.497353	0.000000	545699	ttl	11	72	n/a	n/a	n/a	n/a	n/a	n/a	n/a	n/a	n/a	n/a	n/a	n/a	n/a	n/a	n/a	n/a	n/a	n/a	n/a	n/a	n/a	2728.497353	n/a
2729.119658	2.030673	545824	time_discrimination	n/a	n/a	n/a	72.0	n/a	n/a	n/a	2728.4973529999997	n/a	2.2902972268143458	1.0	3	2.0	HB_58_LongA.png	n/a	6	2733.44062875	n/a	134	2	1	intervals/timediscrimination_table	133	2729.119658	2731.150331
2729.119658	0.000000	545824	ttl	1	72	n/a	n/a	n/a	n/a	n/a	n/a	n/a	n/a	n/a	n/a	n/a	n/a	n/a	n/a	n/a	n/a	n/a	n/a	n/a	n/a	n/a	2729.119658	n/a
2731.150331	0.000000	546230	ttl	2	72	n/a	n/a	n/a	n/a	n/a	n/a	n/a	n/a	n/a	n/a	n/a	n/a	n/a	n/a	n/a	n/a	n/a	n/a	n/a	n/a	n/a	2731.150331	n/a
2733.440629	0.000000	546688	ttl	4	72	n/a	n/a	n/a	n/a	n/a	n/a	n/a	n/a	n/a	n/a	n/a	n/a	n/a	n/a	n/a	n/a	n/a	n/a	n/a	n/a	n/a	2733.440629	n/a
2733.448178	0.000000	546690	ttl	11	72	n/a	n/a	n/a	n/a	n/a	n/a	n/a	n/a	n/a	n/a	n/a	n/a	n/a	n/a	n/a	n/a	n/a	n/a	n/a	n/a	n/a	2733.448178	n/a
2734.090487	2.030703	546818	time_discrimination	n/a	n/a	n/a	72.0	n/a	n/a	n/a	2733.4481785	n/a	2.089577565676791	2.0	1	3.0	NB_9_LongA.png	n/a	2	2738.210768	n/a	135	1	1	intervals/timediscrimination_table	134	2734.090487	2736.121191
2734.090487	0.000000	546818	ttl	1	72	n/a	n/a	n/a	n/a	n/a	n/a	n/a	n/a	n/a	n/a	n/a	n/a	n/a	n/a	n/a	n/a	n/a	n/a	n/a	n/a	n/a	2734.090487	n/a
2736.121191	0.000000	547224	ttl	2	72	n/a	n/a	n/a	n/a	n/a	n/a	n/a	n/a	n/a	n/a	n/a	n/a	n/a	n/a	n/a	n/a	n/a	n/a	n/a	n/a	n/a	2736.121191	n/a
2738.210768	0.000000	547642	ttl	4	72	n/a	n/a	n/a	n/a	n/a	n/a	n/a	n/a	n/a	n/a	n/a	n/a	n/a	n/a	n/a	n/a	n/a	n/a	n/a	n/a	n/a	2738.210768	n/a
2738.229894	0.000000	547646	ttl	11	72	n/a	n/a	n/a	n/a	n/a	n/a	n/a	n/a	n/a	n/a	n/a	n/a	n/a	n/a	n/a	n/a	n/a	n/a	n/a	n/a	n/a	2738.229894	n/a
2738.792081	2.030713	547758	time_discrimination	n/a	n/a	n/a	72.0	n/a	n/a	n/a	2738.2298942499997	n/a	1.655277559822025	2.0	2	2.0	SB_14_LongA.png	n/a	3	2742.47807125	n/a	136	1	1	intervals/timediscrimination_table	135	2738.792081	2740.822794
2738.792081	0.000000	547758	ttl	1	72	n/a	n/a	n/a	n/a	n/a	n/a	n/a	n/a	n/a	n/a	n/a	n/a	n/a	n/a	n/a	n/a	n/a	n/a	n/a	n/a	n/a	2738.792081	n/a
2740.822794	0.000000	548165	ttl	2	72	n/a	n/a	n/a	n/a	n/a	n/a	n/a	n/a	n/a	n/a	n/a	n/a	n/a	n/a	n/a	n/a	n/a	n/a	n/a	n/a	n/a	2740.822794	n/a
2742.478071	0.000000	548496	ttl	4	72	n/a	n/a	n/a	n/a	n/a	n/a	n/a	n/a	n/a	n/a	n/a	n/a	n/a	n/a	n/a	n/a	n/a	n/a	n/a	n/a	n/a	2742.478071	n/a
2742.485986	0.000000	548497	ttl	11	72	n/a	n/a	n/a	n/a	n/a	n/a	n/a	n/a	n/a	n/a	n/a	n/a	n/a	n/a	n/a	n/a	n/a	n/a	n/a	n/a	n/a	2742.485986	n/a
2743.148355	2.030728	548630	time_discrimination	n/a	n/a	n/a	72.0	n/a	n/a	n/a	2742.4859859999997	n/a	2.325328348650146	1.0	3	1.0	HB_60_LongA.png	n/a	5	2747.5044115	n/a	137	2	1	intervals/timediscrimination_table	136	2743.148355	2745.179083
2743.148355	0.000000	548630	ttl	1	72	n/a	n/a	n/a	n/a	n/a	n/a	n/a	n/a	n/a	n/a	n/a	n/a	n/a	n/a	n/a	n/a	n/a	n/a	n/a	n/a	n/a	2743.148355	n/a
2745.179083	0.000000	549036	ttl	2	72	n/a	n/a	n/a	n/a	n/a	n/a	n/a	n/a	n/a	n/a	n/a	n/a	n/a	n/a	n/a	n/a	n/a	n/a	n/a	n/a	n/a	2745.179083	n/a
2747.504412	0.000000	549501	ttl	4	72	n/a	n/a	n/a	n/a	n/a	n/a	n/a	n/a	n/a	n/a	n/a	n/a	n/a	n/a	n/a	n/a	n/a	n/a	n/a	n/a	n/a	2747.504412	n/a
2747.522991	0.000000	549505	ttl	11	72	n/a	n/a	n/a	n/a	n/a	n/a	n/a	n/a	n/a	n/a	n/a	n/a	n/a	n/a	n/a	n/a	n/a	n/a	n/a	n/a	n/a	2747.522991	n/a
2748.165359	2.030756	549633	time_discrimination	n/a	n/a	n/a	72.0	n/a	n/a	n/a	2747.5229907499997	n/a	0.8973709099018379	1.0	1	3.0	NB_22_ShortA.png	n/a	2	2751.0934859999998	n/a	138	1	2	intervals/timediscrimination_table	137	2748.165359	2750.196115
2748.165359	0.000000	549633	ttl	1	72	n/a	n/a	n/a	n/a	n/a	n/a	n/a	n/a	n/a	n/a	n/a	n/a	n/a	n/a	n/a	n/a	n/a	n/a	n/a	n/a	n/a	2748.165359	n/a
2750.196115	0.000000	550039	ttl	2	72	n/a	n/a	n/a	n/a	n/a	n/a	n/a	n/a	n/a	n/a	n/a	n/a	n/a	n/a	n/a	n/a	n/a	n/a	n/a	n/a	n/a	2750.196115	n/a
2751.093486	0.000000	550219	ttl	4	72	n/a	n/a	n/a	n/a	n/a	n/a	n/a	n/a	n/a	n/a	n/a	n/a	n/a	n/a	n/a	n/a	n/a	n/a	n/a	n/a	n/a	2751.093486	n/a
2751.099009	0.000000	550220	ttl	11	72	n/a	n/a	n/a	n/a	n/a	n/a	n/a	n/a	n/a	n/a	n/a	n/a	n/a	n/a	n/a	n/a	n/a	n/a	n/a	n/a	n/a	2751.099009	n/a
2751.761461	2.031296	550352	time_discrimination	n/a	n/a	n/a	72.0	n/a	n/a	n/a	2751.099009	n/a	2.8927614196177274	2.0	1	3.0	NB_15_ShortA.png	n/a	2	2756.6855189999997	n/a	139	1	1	intervals/timediscrimination_table	138	2751.761461	2753.792758
2751.761461	0.000000	550352	ttl	1	72	n/a	n/a	n/a	n/a	n/a	n/a	n/a	n/a	n/a	n/a	n/a	n/a	n/a	n/a	n/a	n/a	n/a	n/a	n/a	n/a	n/a	2751.761461	n/a
2753.792758	0.000000	550759	ttl	2	72	n/a	n/a	n/a	n/a	n/a	n/a	n/a	n/a	n/a	n/a	n/a	n/a	n/a	n/a	n/a	n/a	n/a	n/a	n/a	n/a	n/a	2753.792758	n/a
2756.685519	0.000000	551337	ttl	4	72	n/a	n/a	n/a	n/a	n/a	n/a	n/a	n/a	n/a	n/a	n/a	n/a	n/a	n/a	n/a	n/a	n/a	n/a	n/a	n/a	n/a	2756.685519	n/a
2756.690387	0.000000	551338	ttl	11	72	n/a	n/a	n/a	n/a	n/a	n/a	n/a	n/a	n/a	n/a	n/a	n/a	n/a	n/a	n/a	n/a	n/a	n/a	n/a	n/a	n/a	2756.690387	n/a
2757.312413	2.031276	551462	time_discrimination	n/a	n/a	n/a	72.0	n/a	n/a	n/a	2756.6903872499997	n/a	2.814184304963419	1.0	3	2.0	HB_35_ShortA.png	n/a	3	2762.15787425	n/a	140	1	2	intervals/timediscrimination_table	139	2757.312413	2759.343690
2757.312413	0.000000	551462	ttl	1	72	n/a	n/a	n/a	n/a	n/a	n/a	n/a	n/a	n/a	n/a	n/a	n/a	n/a	n/a	n/a	n/a	n/a	n/a	n/a	n/a	n/a	2757.312413	n/a
2759.343690	0.000000	551869	ttl	2	72	n/a	n/a	n/a	n/a	n/a	n/a	n/a	n/a	n/a	n/a	n/a	n/a	n/a	n/a	n/a	n/a	n/a	n/a	n/a	n/a	n/a	2759.343690	n/a
2762.157874	0.000000	552432	ttl	4	72	n/a	n/a	n/a	n/a	n/a	n/a	n/a	n/a	n/a	n/a	n/a	n/a	n/a	n/a	n/a	n/a	n/a	n/a	n/a	n/a	n/a	2762.157874	n/a
2762.168252	0.000000	552434	ttl	11	72	n/a	n/a	n/a	n/a	n/a	n/a	n/a	n/a	n/a	n/a	n/a	n/a	n/a	n/a	n/a	n/a	n/a	n/a	n/a	n/a	n/a	2762.168252	n/a
2762.750452	2.030676	552550	time_discrimination	n/a	n/a	n/a	72.0	n/a	n/a	n/a	2762.1682524999997	n/a	2.4689176902238614	2.0	1	3.0	NB_6_ShortA.png	n/a	2	2767.25004575	n/a	141	1	1	intervals/timediscrimination_table	140	2762.750452	2764.781128
2762.750452	0.000000	552550	ttl	1	72	n/a	n/a	n/a	n/a	n/a	n/a	n/a	n/a	n/a	n/a	n/a	n/a	n/a	n/a	n/a	n/a	n/a	n/a	n/a	n/a	n/a	2762.750452	n/a
2764.781128	0.000000	552956	ttl	2	72	n/a	n/a	n/a	n/a	n/a	n/a	n/a	n/a	n/a	n/a	n/a	n/a	n/a	n/a	n/a	n/a	n/a	n/a	n/a	n/a	n/a	2764.781128	n/a
2767.250046	0.000000	553450	ttl	4	72	n/a	n/a	n/a	n/a	n/a	n/a	n/a	n/a	n/a	n/a	n/a	n/a	n/a	n/a	n/a	n/a	n/a	n/a	n/a	n/a	n/a	2767.250046	n/a
2767.257265	0.000000	553451	ttl	11	72	n/a	n/a	n/a	n/a	n/a	n/a	n/a	n/a	n/a	n/a	n/a	n/a	n/a	n/a	n/a	n/a	n/a	n/a	n/a	n/a	n/a	2767.257265	n/a
2767.819187	2.030966	553564	time_discrimination	n/a	n/a	n/a	72.0	n/a	n/a	n/a	2767.2572649999997	n/a	2.357372905424654	1.0	3	2.0	HB_37_LongA.png	n/a	6	2772.20752675	n/a	142	2	1	intervals/timediscrimination_table	141	2767.819187	2769.850154
2767.819187	0.000000	553564	ttl	1	72	n/a	n/a	n/a	n/a	n/a	n/a	n/a	n/a	n/a	n/a	n/a	n/a	n/a	n/a	n/a	n/a	n/a	n/a	n/a	n/a	n/a	2767.819187	n/a
2769.850154	0.000000	553970	ttl	2	72	n/a	n/a	n/a	n/a	n/a	n/a	n/a	n/a	n/a	n/a	n/a	n/a	n/a	n/a	n/a	n/a	n/a	n/a	n/a	n/a	n/a	2769.850154	n/a
2772.207527	0.000000	554442	ttl	4	72	n/a	n/a	n/a	n/a	n/a	n/a	n/a	n/a	n/a	n/a	n/a	n/a	n/a	n/a	n/a	n/a	n/a	n/a	n/a	n/a	n/a	2772.207527	n/a
2772.225785	0.000000	554445	ttl	11	72	n/a	n/a	n/a	n/a	n/a	n/a	n/a	n/a	n/a	n/a	n/a	n/a	n/a	n/a	n/a	n/a	n/a	n/a	n/a	n/a	n/a	2772.225785	n/a
2772.787669	2.030848	554558	time_discrimination	n/a	n/a	n/a	72.0	n/a	n/a	n/a	2772.2257855	n/a	1.560225831655771	2.0	1	3.0	NB_30_LongA.png	n/a	2	2776.37874325	n/a	143	1	1	intervals/timediscrimination_table	142	2772.787669	2774.818517
2772.787669	0.000000	554558	ttl	1	72	n/a	n/a	n/a	n/a	n/a	n/a	n/a	n/a	n/a	n/a	n/a	n/a	n/a	n/a	n/a	n/a	n/a	n/a	n/a	n/a	n/a	2772.787669	n/a
2774.818517	0.000000	554964	ttl	2	72	n/a	n/a	n/a	n/a	n/a	n/a	n/a	n/a	n/a	n/a	n/a	n/a	n/a	n/a	n/a	n/a	n/a	n/a	n/a	n/a	n/a	2774.818517	n/a
2776.378743	0.000000	555276	ttl	4	72	n/a	n/a	n/a	n/a	n/a	n/a	n/a	n/a	n/a	n/a	n/a	n/a	n/a	n/a	n/a	n/a	n/a	n/a	n/a	n/a	n/a	2776.378743	n/a
2776.394564	0.000000	555279	ttl	11	72	n/a	n/a	n/a	n/a	n/a	n/a	n/a	n/a	n/a	n/a	n/a	n/a	n/a	n/a	n/a	n/a	n/a	n/a	n/a	n/a	n/a	2776.394564	n/a
2777.036719	2.031314	555407	time_discrimination	n/a	n/a	n/a	72.0	n/a	n/a	n/a	2776.3945645	n/a	2.870477209159162	2.0	3	2.0	HB_11_ShortA.png	n/a	3	2781.9385095	n/a	144	1	1	intervals/timediscrimination_table	143	2777.036719	2779.068032
2777.036719	0.000000	555407	ttl	1	72	n/a	n/a	n/a	n/a	n/a	n/a	n/a	n/a	n/a	n/a	n/a	n/a	n/a	n/a	n/a	n/a	n/a	n/a	n/a	n/a	n/a	2777.036719	n/a
2779.068032	0.000000	555814	ttl	2	72	n/a	n/a	n/a	n/a	n/a	n/a	n/a	n/a	n/a	n/a	n/a	n/a	n/a	n/a	n/a	n/a	n/a	n/a	n/a	n/a	n/a	2779.068032	n/a
2781.938509	0.000000	556388	ttl	4	72	n/a	n/a	n/a	n/a	n/a	n/a	n/a	n/a	n/a	n/a	n/a	n/a	n/a	n/a	n/a	n/a	n/a	n/a	n/a	n/a	n/a	2781.938509	n/a
2781.949523	0.000000	556390	ttl	11	72	n/a	n/a	n/a	n/a	n/a	n/a	n/a	n/a	n/a	n/a	n/a	n/a	n/a	n/a	n/a	n/a	n/a	n/a	n/a	n/a	n/a	2781.949523	n/a
2782.591898	2.031308	556518	time_discrimination	n/a	n/a	n/a	72.0	n/a	n/a	n/a	2781.94952325	n/a	3.651411907140755	2.0	3	2.0	HB_27_ShortA.png	n/a	6	2788.2746185	n/a	145	2	2	intervals/timediscrimination_table	144	2782.591898	2784.623206
2782.591898	0.000000	556518	ttl	1	72	n/a	n/a	n/a	n/a	n/a	n/a	n/a	n/a	n/a	n/a	n/a	n/a	n/a	n/a	n/a	n/a	n/a	n/a	n/a	n/a	n/a	2782.591898	n/a
2784.623206	0.000000	556925	ttl	2	72	n/a	n/a	n/a	n/a	n/a	n/a	n/a	n/a	n/a	n/a	n/a	n/a	n/a	n/a	n/a	n/a	n/a	n/a	n/a	n/a	n/a	2784.623206	n/a
2788.274619	0.000000	557655	ttl	4	72	n/a	n/a	n/a	n/a	n/a	n/a	n/a	n/a	n/a	n/a	n/a	n/a	n/a	n/a	n/a	n/a	n/a	n/a	n/a	n/a	n/a	2788.274619	n/a
2788.288339	0.000000	557658	ttl	11	72	n/a	n/a	n/a	n/a	n/a	n/a	n/a	n/a	n/a	n/a	n/a	n/a	n/a	n/a	n/a	n/a	n/a	n/a	n/a	n/a	n/a	2788.288339	n/a
2788.870510	2.030791	557774	time_discrimination	n/a	n/a	n/a	72.0	n/a	n/a	n/a	2788.28833875	n/a	1.0951788744937403	2.0	1	3.0	NB_1_ShortA.png	n/a	2	2791.99648	n/a	146	1	1	intervals/timediscrimination_table	145	2788.870510	2790.901301
2788.870510	0.000000	557774	ttl	1	72	n/a	n/a	n/a	n/a	n/a	n/a	n/a	n/a	n/a	n/a	n/a	n/a	n/a	n/a	n/a	n/a	n/a	n/a	n/a	n/a	n/a	2788.870510	n/a
2790.901301	0.000000	558180	ttl	2	72	n/a	n/a	n/a	n/a	n/a	n/a	n/a	n/a	n/a	n/a	n/a	n/a	n/a	n/a	n/a	n/a	n/a	n/a	n/a	n/a	n/a	2790.901301	n/a
2791.996480	0.000000	558399	ttl	4	72	n/a	n/a	n/a	n/a	n/a	n/a	n/a	n/a	n/a	n/a	n/a	n/a	n/a	n/a	n/a	n/a	n/a	n/a	n/a	n/a	n/a	2791.996480	n/a
2792.011660	0.000000	558402	ttl	11	72	n/a	n/a	n/a	n/a	n/a	n/a	n/a	n/a	n/a	n/a	n/a	n/a	n/a	n/a	n/a	n/a	n/a	n/a	n/a	n/a	n/a	2792.011660	n/a
2792.593624	2.030617	558519	time_discrimination	n/a	n/a	n/a	72.0	n/a	n/a	n/a	2792.0116599999997	n/a	1.4984855856669128	2.0	1	3.0	NB_2_LongA.png	n/a	7	2796.12272675	n/a	147	2	2	intervals/timediscrimination_table	146	2792.593624	2794.624241
2792.593624	0.000000	558519	ttl	1	72	n/a	n/a	n/a	n/a	n/a	n/a	n/a	n/a	n/a	n/a	n/a	n/a	n/a	n/a	n/a	n/a	n/a	n/a	n/a	n/a	n/a	2792.593624	n/a
2794.624241	0.000000	558925	ttl	2	72	n/a	n/a	n/a	n/a	n/a	n/a	n/a	n/a	n/a	n/a	n/a	n/a	n/a	n/a	n/a	n/a	n/a	n/a	n/a	n/a	n/a	2794.624241	n/a
2796.122727	0.000000	559225	ttl	4	72	n/a	n/a	n/a	n/a	n/a	n/a	n/a	n/a	n/a	n/a	n/a	n/a	n/a	n/a	n/a	n/a	n/a	n/a	n/a	n/a	n/a	2796.122727	n/a
2796.135148	0.000000	559227	ttl	11	72	n/a	n/a	n/a	n/a	n/a	n/a	n/a	n/a	n/a	n/a	n/a	n/a	n/a	n/a	n/a	n/a	n/a	n/a	n/a	n/a	n/a	2796.135148	n/a
2796.717422	2.031310	559343	time_discrimination	n/a	n/a	n/a	72.0	n/a	n/a	n/a	2796.1351477499998	n/a	1.8216124236787437	1.0	2	1.0	SB_1_ShortA.png	n/a	5	2800.5703445	n/a	148	2	1	intervals/timediscrimination_table	147	2796.717422	2798.748732
2796.717422	0.000000	559343	ttl	1	72	n/a	n/a	n/a	n/a	n/a	n/a	n/a	n/a	n/a	n/a	n/a	n/a	n/a	n/a	n/a	n/a	n/a	n/a	n/a	n/a	n/a	2796.717422	n/a
2798.748732	0.000000	559750	ttl	2	72	n/a	n/a	n/a	n/a	n/a	n/a	n/a	n/a	n/a	n/a	n/a	n/a	n/a	n/a	n/a	n/a	n/a	n/a	n/a	n/a	n/a	2798.748732	n/a
2800.570344	0.000000	560114	ttl	4	72	n/a	n/a	n/a	n/a	n/a	n/a	n/a	n/a	n/a	n/a	n/a	n/a	n/a	n/a	n/a	n/a	n/a	n/a	n/a	n/a	n/a	2800.570344	n/a
2800.589497	0.000000	560118	ttl	11	72	n/a	n/a	n/a	n/a	n/a	n/a	n/a	n/a	n/a	n/a	n/a	n/a	n/a	n/a	n/a	n/a	n/a	n/a	n/a	n/a	n/a	2800.589497	n/a
2801.231802	2.030730	560246	time_discrimination	n/a	n/a	n/a	72.0	n/a	n/a	n/a	2800.589497	n/a	2.87413026394006	1.0	3	1.0	HB_5_ShortA.png	n/a	5	2806.1366614999997	n/a	149	2	1	intervals/timediscrimination_table	148	2801.231802	2803.262531
2801.231802	0.000000	560246	ttl	1	72	n/a	n/a	n/a	n/a	n/a	n/a	n/a	n/a	n/a	n/a	n/a	n/a	n/a	n/a	n/a	n/a	n/a	n/a	n/a	n/a	n/a	2801.231802	n/a
2803.262531	0.000000	560653	ttl	2	72	n/a	n/a	n/a	n/a	n/a	n/a	n/a	n/a	n/a	n/a	n/a	n/a	n/a	n/a	n/a	n/a	n/a	n/a	n/a	n/a	n/a	2803.262531	n/a
2806.136661	0.000000	561227	ttl	4	72	n/a	n/a	n/a	n/a	n/a	n/a	n/a	n/a	n/a	n/a	n/a	n/a	n/a	n/a	n/a	n/a	n/a	n/a	n/a	n/a	n/a	2806.136661	n/a
2806.152038	0.000000	561230	ttl	11	72	n/a	n/a	n/a	n/a	n/a	n/a	n/a	n/a	n/a	n/a	n/a	n/a	n/a	n/a	n/a	n/a	n/a	n/a	n/a	n/a	n/a	2806.152038	n/a
2806.774495	2.031187	561355	time_discrimination	n/a	n/a	n/a	72.0	n/a	n/a	n/a	2806.1520379999997	n/a	2.5009865120732684	2.0	2	3.0	SB_12_LongA.png	n/a	7	2811.306669	n/a	150	2	2	intervals/timediscrimination_table	149	2806.774495	2808.805682
2806.774495	0.000000	561355	ttl	1	72	n/a	n/a	n/a	n/a	n/a	n/a	n/a	n/a	n/a	n/a	n/a	n/a	n/a	n/a	n/a	n/a	n/a	n/a	n/a	n/a	n/a	2806.774495	n/a
2808.805682	0.000000	561761	ttl	2	72	n/a	n/a	n/a	n/a	n/a	n/a	n/a	n/a	n/a	n/a	n/a	n/a	n/a	n/a	n/a	n/a	n/a	n/a	n/a	n/a	n/a	2808.805682	n/a
2811.306669	0.000000	562261	ttl	4	72	n/a	n/a	n/a	n/a	n/a	n/a	n/a	n/a	n/a	n/a	n/a	n/a	n/a	n/a	n/a	n/a	n/a	n/a	n/a	n/a	n/a	2811.306669	n/a
2811.319432	0.000000	562264	ttl	11	72	n/a	n/a	n/a	n/a	n/a	n/a	n/a	n/a	n/a	n/a	n/a	n/a	n/a	n/a	n/a	n/a	n/a	n/a	n/a	n/a	n/a	2811.319432	n/a
2811.961820	2.031301	562392	time_discrimination	n/a	n/a	n/a	72.0	n/a	n/a	n/a	2811.31943225	n/a	2.1009123821122557	2.0	1	3.0	NB_9_ShortA.png	n/a	2	2816.09403325	n/a	151	1	1	intervals/timediscrimination_table	150	2811.961820	2813.993121
2811.961820	0.000000	562392	ttl	1	72	n/a	n/a	n/a	n/a	n/a	n/a	n/a	n/a	n/a	n/a	n/a	n/a	n/a	n/a	n/a	n/a	n/a	n/a	n/a	n/a	n/a	2811.961820	n/a
2813.993121	0.000000	562799	ttl	2	72	n/a	n/a	n/a	n/a	n/a	n/a	n/a	n/a	n/a	n/a	n/a	n/a	n/a	n/a	n/a	n/a	n/a	n/a	n/a	n/a	n/a	2813.993121	n/a
2816.094033	0.000000	563219	ttl	4	72	n/a	n/a	n/a	n/a	n/a	n/a	n/a	n/a	n/a	n/a	n/a	n/a	n/a	n/a	n/a	n/a	n/a	n/a	n/a	n/a	n/a	2816.094033	n/a
2816.115057	0.000000	563223	ttl	11	72	n/a	n/a	n/a	n/a	n/a	n/a	n/a	n/a	n/a	n/a	n/a	n/a	n/a	n/a	n/a	n/a	n/a	n/a	n/a	n/a	n/a	2816.115057	n/a
2816.697017	2.030724	563339	time_discrimination	n/a	n/a	n/a	72.0	n/a	n/a	n/a	2816.11505725	n/a	2.13821356840117	2.0	1	3.0	NB_20_LongA.png	n/a	7	2820.86595525	n/a	152	2	2	intervals/timediscrimination_table	151	2816.697017	2818.727742
2816.697017	0.000000	563339	ttl	1	72	n/a	n/a	n/a	n/a	n/a	n/a	n/a	n/a	n/a	n/a	n/a	n/a	n/a	n/a	n/a	n/a	n/a	n/a	n/a	n/a	n/a	2816.697017	n/a
2818.727742	0.000000	563746	ttl	2	72	n/a	n/a	n/a	n/a	n/a	n/a	n/a	n/a	n/a	n/a	n/a	n/a	n/a	n/a	n/a	n/a	n/a	n/a	n/a	n/a	n/a	2818.727742	n/a
2820.865955	0.000000	564173	ttl	4	72	n/a	n/a	n/a	n/a	n/a	n/a	n/a	n/a	n/a	n/a	n/a	n/a	n/a	n/a	n/a	n/a	n/a	n/a	n/a	n/a	n/a	2820.865955	n/a
2820.885114	0.000000	564177	ttl	11	72	n/a	n/a	n/a	n/a	n/a	n/a	n/a	n/a	n/a	n/a	n/a	n/a	n/a	n/a	n/a	n/a	n/a	n/a	n/a	n/a	n/a	2820.885114	n/a
2821.487143	2.030718	564297	time_discrimination	n/a	n/a	n/a	72.0	n/a	n/a	n/a	2820.8851145	n/a	2.2542168579916506	2.0	3	1.0	HB_48_ShortA.png	n/a	4	2825.772078	n/a	153	1	1	intervals/timediscrimination_table	152	2821.487143	2823.517861
2821.487143	0.000000	564297	ttl	1	72	n/a	n/a	n/a	n/a	n/a	n/a	n/a	n/a	n/a	n/a	n/a	n/a	n/a	n/a	n/a	n/a	n/a	n/a	n/a	n/a	n/a	2821.487143	n/a
2823.517861	0.000000	564704	ttl	2	72	n/a	n/a	n/a	n/a	n/a	n/a	n/a	n/a	n/a	n/a	n/a	n/a	n/a	n/a	n/a	n/a	n/a	n/a	n/a	n/a	n/a	2823.517861	n/a
2825.772078	0.000000	565154	ttl	4	72	n/a	n/a	n/a	n/a	n/a	n/a	n/a	n/a	n/a	n/a	n/a	n/a	n/a	n/a	n/a	n/a	n/a	n/a	n/a	n/a	n/a	2825.772078	n/a
2825.792562	0.000000	565159	ttl	11	72	n/a	n/a	n/a	n/a	n/a	n/a	n/a	n/a	n/a	n/a	n/a	n/a	n/a	n/a	n/a	n/a	n/a	n/a	n/a	n/a	n/a	2825.792562	n/a
2826.414619	2.030778	565283	time_discrimination	n/a	n/a	n/a	72.0	n/a	n/a	n/a	2825.7925622499997	n/a	1.8085345312301797	2.0	3	1.0	HB_49_LongA.png	n/a	5	2830.2539315	n/a	154	2	2	intervals/timediscrimination_table	153	2826.414619	2828.445397
2826.414619	0.000000	565283	ttl	1	72	n/a	n/a	n/a	n/a	n/a	n/a	n/a	n/a	n/a	n/a	n/a	n/a	n/a	n/a	n/a	n/a	n/a	n/a	n/a	n/a	n/a	2826.414619	n/a
2828.445397	0.000000	565689	ttl	2	72	n/a	n/a	n/a	n/a	n/a	n/a	n/a	n/a	n/a	n/a	n/a	n/a	n/a	n/a	n/a	n/a	n/a	n/a	n/a	n/a	n/a	2828.445397	n/a
2830.253931	0.000000	566051	ttl	4	72	n/a	n/a	n/a	n/a	n/a	n/a	n/a	n/a	n/a	n/a	n/a	n/a	n/a	n/a	n/a	n/a	n/a	n/a	n/a	n/a	n/a	2830.253931	n/a
2830.273194	0.000000	566055	ttl	11	72	n/a	n/a	n/a	n/a	n/a	n/a	n/a	n/a	n/a	n/a	n/a	n/a	n/a	n/a	n/a	n/a	n/a	n/a	n/a	n/a	n/a	2830.273194	n/a
2830.895471	2.030902	566179	time_discrimination	n/a	n/a	n/a	72.0	n/a	n/a	n/a	2830.27319375	n/a	1.578075378435642	1.0	2	3.0	SB_32_ShortA.png	n/a	7	2834.504449	n/a	155	2	1	intervals/timediscrimination_table	154	2830.895471	2832.926374
2830.895471	0.000000	566179	ttl	1	72	n/a	n/a	n/a	n/a	n/a	n/a	n/a	n/a	n/a	n/a	n/a	n/a	n/a	n/a	n/a	n/a	n/a	n/a	n/a	n/a	n/a	2830.895471	n/a
2832.926374	0.000000	566585	ttl	2	72	n/a	n/a	n/a	n/a	n/a	n/a	n/a	n/a	n/a	n/a	n/a	n/a	n/a	n/a	n/a	n/a	n/a	n/a	n/a	n/a	n/a	2832.926374	n/a
2834.504449	0.000000	566901	ttl	4	72	n/a	n/a	n/a	n/a	n/a	n/a	n/a	n/a	n/a	n/a	n/a	n/a	n/a	n/a	n/a	n/a	n/a	n/a	n/a	n/a	n/a	2834.504449	n/a
2834.509383	0.000000	566902	ttl	11	72	n/a	n/a	n/a	n/a	n/a	n/a	n/a	n/a	n/a	n/a	n/a	n/a	n/a	n/a	n/a	n/a	n/a	n/a	n/a	n/a	n/a	2834.509383	n/a
2835.151855	2.030729	567030	time_discrimination	n/a	n/a	n/a	72.0	n/a	n/a	n/a	2834.50938275	n/a	3.744632720316531	1.0	3	1.0	HB_13_ShortA.png	n/a	5	2840.92721725	n/a	156	2	1	intervals/timediscrimination_table	155	2835.151855	2837.182584
2835.151855	0.000000	567030	ttl	1	72	n/a	n/a	n/a	n/a	n/a	n/a	n/a	n/a	n/a	n/a	n/a	n/a	n/a	n/a	n/a	n/a	n/a	n/a	n/a	n/a	n/a	2835.151855	n/a
2837.182584	0.000000	567437	ttl	2	72	n/a	n/a	n/a	n/a	n/a	n/a	n/a	n/a	n/a	n/a	n/a	n/a	n/a	n/a	n/a	n/a	n/a	n/a	n/a	n/a	n/a	2837.182584	n/a
2840.927217	0.000000	568185	ttl	4	72	n/a	n/a	n/a	n/a	n/a	n/a	n/a	n/a	n/a	n/a	n/a	n/a	n/a	n/a	n/a	n/a	n/a	n/a	n/a	n/a	n/a	2840.927217	n/a
2840.939708	0.000000	568188	ttl	11	72	n/a	n/a	n/a	n/a	n/a	n/a	n/a	n/a	n/a	n/a	n/a	n/a	n/a	n/a	n/a	n/a	n/a	n/a	n/a	n/a	n/a	2840.939708	n/a
2841.501638	2.031325	568300	time_discrimination	n/a	n/a	n/a	72.0	n/a	n/a	n/a	2840.93970775	n/a	2.056107965056526	1.0	3	1.0	HB_1_LongA.png	n/a	4	2845.589071	n/a	157	1	2	intervals/timediscrimination_table	156	2841.501638	2843.532963
2841.501638	0.000000	568300	ttl	1	72	n/a	n/a	n/a	n/a	n/a	n/a	n/a	n/a	n/a	n/a	n/a	n/a	n/a	n/a	n/a	n/a	n/a	n/a	n/a	n/a	n/a	2841.501638	n/a
2843.532963	0.000000	568707	ttl	2	72	n/a	n/a	n/a	n/a	n/a	n/a	n/a	n/a	n/a	n/a	n/a	n/a	n/a	n/a	n/a	n/a	n/a	n/a	n/a	n/a	n/a	2843.532963	n/a
2845.589071	0.000000	569118	ttl	4	72	n/a	n/a	n/a	n/a	n/a	n/a	n/a	n/a	n/a	n/a	n/a	n/a	n/a	n/a	n/a	n/a	n/a	n/a	n/a	n/a	n/a	2845.589071	n/a
2845.594829	0.000000	569119	ttl	11	72	n/a	n/a	n/a	n/a	n/a	n/a	n/a	n/a	n/a	n/a	n/a	n/a	n/a	n/a	n/a	n/a	n/a	n/a	n/a	n/a	n/a	2845.594829	n/a
2846.237276	2.031394	569247	time_discrimination	n/a	n/a	n/a	72.0	n/a	n/a	n/a	2845.5948292499997	n/a	2.4138969290766	2.0	2	3.0	SB_45_LongA.png	n/a	7	2850.682567	n/a	158	2	2	intervals/timediscrimination_table	157	2846.237276	2848.268670
2846.237276	0.000000	569247	ttl	1	72	n/a	n/a	n/a	n/a	n/a	n/a	n/a	n/a	n/a	n/a	n/a	n/a	n/a	n/a	n/a	n/a	n/a	n/a	n/a	n/a	n/a	2846.237276	n/a
2848.268670	0.000000	569654	ttl	2	72	n/a	n/a	n/a	n/a	n/a	n/a	n/a	n/a	n/a	n/a	n/a	n/a	n/a	n/a	n/a	n/a	n/a	n/a	n/a	n/a	n/a	2848.268670	n/a
2850.682567	0.000000	570137	ttl	4	72	n/a	n/a	n/a	n/a	n/a	n/a	n/a	n/a	n/a	n/a	n/a	n/a	n/a	n/a	n/a	n/a	n/a	n/a	n/a	n/a	n/a	2850.682567	n/a
2850.696616	0.000000	570139	ttl	11	72	n/a	n/a	n/a	n/a	n/a	n/a	n/a	n/a	n/a	n/a	n/a	n/a	n/a	n/a	n/a	n/a	n/a	n/a	n/a	n/a	n/a	2850.696616	n/a
2851.318735	2.031318	570264	time_discrimination	n/a	n/a	n/a	72.0	n/a	n/a	n/a	2850.6966159999997	n/a	3.142589859442978	1.0	3	1.0	HB_8_LongA.png	n/a	4	2856.492643	n/a	159	1	2	intervals/timediscrimination_table	158	2851.318735	2853.350053
2851.318735	0.000000	570264	ttl	1	72	n/a	n/a	n/a	n/a	n/a	n/a	n/a	n/a	n/a	n/a	n/a	n/a	n/a	n/a	n/a	n/a	n/a	n/a	n/a	n/a	n/a	2851.318735	n/a
2853.350053	0.000000	570670	ttl	2	72	n/a	n/a	n/a	n/a	n/a	n/a	n/a	n/a	n/a	n/a	n/a	n/a	n/a	n/a	n/a	n/a	n/a	n/a	n/a	n/a	n/a	2853.350053	n/a
2856.492643	0.000000	571299	ttl	4	72	n/a	n/a	n/a	n/a	n/a	n/a	n/a	n/a	n/a	n/a	n/a	n/a	n/a	n/a	n/a	n/a	n/a	n/a	n/a	n/a	n/a	2856.492643	n/a
2856.512418	0.000000	571302	ttl	11	72	n/a	n/a	n/a	n/a	n/a	n/a	n/a	n/a	n/a	n/a	n/a	n/a	n/a	n/a	n/a	n/a	n/a	n/a	n/a	n/a	n/a	2856.512418	n/a
2857.134366	2.031081	571427	time_discrimination	n/a	n/a	n/a	72.0	n/a	n/a	n/a	2856.5124177499997	n/a	2.3333380997223685	1.0	1	2.0	NB_14_LongA.png	n/a	3	2861.49878525	n/a	160	1	2	intervals/timediscrimination_table	159	2857.134366	2859.165447
2857.134366	0.000000	571427	ttl	1	72	n/a	n/a	n/a	n/a	n/a	n/a	n/a	n/a	n/a	n/a	n/a	n/a	n/a	n/a	n/a	n/a	n/a	n/a	n/a	n/a	n/a	2857.134366	n/a
2859.165447	0.000000	571833	ttl	2	72	n/a	n/a	n/a	n/a	n/a	n/a	n/a	n/a	n/a	n/a	n/a	n/a	n/a	n/a	n/a	n/a	n/a	n/a	n/a	n/a	n/a	2859.165447	n/a
2861.498785	0.000000	572300	ttl	4	72	n/a	n/a	n/a	n/a	n/a	n/a	n/a	n/a	n/a	n/a	n/a	n/a	n/a	n/a	n/a	n/a	n/a	n/a	n/a	n/a	n/a	2861.498785	n/a
2861.508963	0.000000	572302	ttl	11	72	n/a	n/a	n/a	n/a	n/a	n/a	n/a	n/a	n/a	n/a	n/a	n/a	n/a	n/a	n/a	n/a	n/a	n/a	n/a	n/a	n/a	2861.508963	n/a
2862.091096	2.031333	572418	time_discrimination	n/a	n/a	n/a	72.0	n/a	n/a	n/a	2861.5089635	n/a	1.360730023877295	2.0	1	2.0	NB_25_LongA.png	n/a	6	2865.4831584999997	n/a	161	2	2	intervals/timediscrimination_table	160	2862.091096	2864.122428
2862.091096	0.000000	572418	ttl	1	72	n/a	n/a	n/a	n/a	n/a	n/a	n/a	n/a	n/a	n/a	n/a	n/a	n/a	n/a	n/a	n/a	n/a	n/a	n/a	n/a	n/a	2862.091096	n/a
2864.122428	0.000000	572824	ttl	2	72	n/a	n/a	n/a	n/a	n/a	n/a	n/a	n/a	n/a	n/a	n/a	n/a	n/a	n/a	n/a	n/a	n/a	n/a	n/a	n/a	n/a	2864.122428	n/a
2865.483158	0.000000	573097	ttl	4	72	n/a	n/a	n/a	n/a	n/a	n/a	n/a	n/a	n/a	n/a	n/a	n/a	n/a	n/a	n/a	n/a	n/a	n/a	n/a	n/a	n/a	2865.483158	n/a
2865.504893	0.000000	573101	ttl	11	72	n/a	n/a	n/a	n/a	n/a	n/a	n/a	n/a	n/a	n/a	n/a	n/a	n/a	n/a	n/a	n/a	n/a	n/a	n/a	n/a	n/a	2865.504893	n/a
2866.106911	2.030918	573221	time_discrimination	n/a	n/a	n/a	72.0	n/a	n/a	n/a	2865.504893	n/a	2.995530816061091	1.0	3	1.0	HB_32_LongA.png	n/a	5	2871.13336	n/a	162	2	1	intervals/timediscrimination_table	161	2866.106911	2868.137829
2866.106911	0.000000	573221	ttl	1	72	n/a	n/a	n/a	n/a	n/a	n/a	n/a	n/a	n/a	n/a	n/a	n/a	n/a	n/a	n/a	n/a	n/a	n/a	n/a	n/a	n/a	2866.106911	n/a
2868.137829	0.000000	573628	ttl	2	72	n/a	n/a	n/a	n/a	n/a	n/a	n/a	n/a	n/a	n/a	n/a	n/a	n/a	n/a	n/a	n/a	n/a	n/a	n/a	n/a	n/a	2868.137829	n/a
2871.133360	0.000000	574227	ttl	4	72	n/a	n/a	n/a	n/a	n/a	n/a	n/a	n/a	n/a	n/a	n/a	n/a	n/a	n/a	n/a	n/a	n/a	n/a	n/a	n/a	n/a	2871.133360	n/a
2871.140319	0.000000	574228	ttl	11	72	n/a	n/a	n/a	n/a	n/a	n/a	n/a	n/a	n/a	n/a	n/a	n/a	n/a	n/a	n/a	n/a	n/a	n/a	n/a	n/a	n/a	2871.140319	n/a
2871.782265	2.031147	574356	time_discrimination	n/a	n/a	n/a	72.0	n/a	n/a	n/a	2871.140319	n/a	2.859319765377677	2.0	3	1.0	HB_46_ShortA.png	n/a	4	2876.67273225	n/a	163	1	1	intervals/timediscrimination_table	162	2871.782265	2873.813412
2871.782265	0.000000	574356	ttl	1	72	n/a	n/a	n/a	n/a	n/a	n/a	n/a	n/a	n/a	n/a	n/a	n/a	n/a	n/a	n/a	n/a	n/a	n/a	n/a	n/a	n/a	2871.782265	n/a
2873.813412	0.000000	574763	ttl	2	72	n/a	n/a	n/a	n/a	n/a	n/a	n/a	n/a	n/a	n/a	n/a	n/a	n/a	n/a	n/a	n/a	n/a	n/a	n/a	n/a	n/a	2873.813412	n/a
2876.672732	0.000000	575335	ttl	4	72	n/a	n/a	n/a	n/a	n/a	n/a	n/a	n/a	n/a	n/a	n/a	n/a	n/a	n/a	n/a	n/a	n/a	n/a	n/a	n/a	n/a	2876.672732	n/a
2876.686765	0.000000	575337	ttl	11	72	n/a	n/a	n/a	n/a	n/a	n/a	n/a	n/a	n/a	n/a	n/a	n/a	n/a	n/a	n/a	n/a	n/a	n/a	n/a	n/a	n/a	2876.686765	n/a
2877.328975	2.031302	575466	time_discrimination	n/a	n/a	n/a	72.0	n/a	n/a	n/a	2876.68676475	n/a	1.8310162227412548	2.0	1	2.0	NB_7_ShortA.png	n/a	6	2881.1912935	n/a	164	2	2	intervals/timediscrimination_table	163	2877.328975	2879.360277
2877.328975	0.000000	575466	ttl	1	72	n/a	n/a	n/a	n/a	n/a	n/a	n/a	n/a	n/a	n/a	n/a	n/a	n/a	n/a	n/a	n/a	n/a	n/a	n/a	n/a	n/a	2877.328975	n/a
2879.360277	0.000000	575872	ttl	2	72	n/a	n/a	n/a	n/a	n/a	n/a	n/a	n/a	n/a	n/a	n/a	n/a	n/a	n/a	n/a	n/a	n/a	n/a	n/a	n/a	n/a	2879.360277	n/a
2881.191294	0.000000	576238	ttl	4	72	n/a	n/a	n/a	n/a	n/a	n/a	n/a	n/a	n/a	n/a	n/a	n/a	n/a	n/a	n/a	n/a	n/a	n/a	n/a	n/a	n/a	2881.191294	n/a
2881.202909	0.000000	576241	ttl	11	72	n/a	n/a	n/a	n/a	n/a	n/a	n/a	n/a	n/a	n/a	n/a	n/a	n/a	n/a	n/a	n/a	n/a	n/a	n/a	n/a	n/a	2881.202909	n/a
2881.825041	2.030931	576365	time_discrimination	n/a	n/a	n/a	72.0	n/a	n/a	n/a	2881.2029092499997	n/a	1.6650762448434762	2.0	1	2.0	NB_29_LongA.png	n/a	6	2885.5210475	n/a	165	2	2	intervals/timediscrimination_table	164	2881.825041	2883.855971
2881.825041	0.000000	576365	ttl	1	72	n/a	n/a	n/a	n/a	n/a	n/a	n/a	n/a	n/a	n/a	n/a	n/a	n/a	n/a	n/a	n/a	n/a	n/a	n/a	n/a	n/a	2881.825041	n/a
2883.855971	0.000000	576771	ttl	2	72	n/a	n/a	n/a	n/a	n/a	n/a	n/a	n/a	n/a	n/a	n/a	n/a	n/a	n/a	n/a	n/a	n/a	n/a	n/a	n/a	n/a	2883.855971	n/a
2885.521047	0.000000	577104	ttl	4	72	n/a	n/a	n/a	n/a	n/a	n/a	n/a	n/a	n/a	n/a	n/a	n/a	n/a	n/a	n/a	n/a	n/a	n/a	n/a	n/a	n/a	2885.521047	n/a
2885.543171	0.000000	577109	ttl	11	72	n/a	n/a	n/a	n/a	n/a	n/a	n/a	n/a	n/a	n/a	n/a	n/a	n/a	n/a	n/a	n/a	n/a	n/a	n/a	n/a	n/a	2885.543171	n/a
2886.145402	2.031345	577229	time_discrimination	n/a	n/a	n/a	72.0	n/a	n/a	n/a	2885.543171	n/a	1.2264715280925884	2.0	2	2.0	SB_26_ShortA.png	n/a	6	2889.403219	n/a	166	2	2	intervals/timediscrimination_table	165	2886.145402	2888.176747
2886.145402	0.000000	577229	ttl	1	72	n/a	n/a	n/a	n/a	n/a	n/a	n/a	n/a	n/a	n/a	n/a	n/a	n/a	n/a	n/a	n/a	n/a	n/a	n/a	n/a	n/a	2886.145402	n/a
2888.176747	0.000000	577635	ttl	2	72	n/a	n/a	n/a	n/a	n/a	n/a	n/a	n/a	n/a	n/a	n/a	n/a	n/a	n/a	n/a	n/a	n/a	n/a	n/a	n/a	n/a	2888.176747	n/a
2889.403219	0.000000	577881	ttl	4	72	n/a	n/a	n/a	n/a	n/a	n/a	n/a	n/a	n/a	n/a	n/a	n/a	n/a	n/a	n/a	n/a	n/a	n/a	n/a	n/a	n/a	2889.403219	n/a
2889.412392	0.000000	577882	ttl	11	72	n/a	n/a	n/a	n/a	n/a	n/a	n/a	n/a	n/a	n/a	n/a	n/a	n/a	n/a	n/a	n/a	n/a	n/a	n/a	n/a	n/a	2889.412392	n/a
2890.054922	2.030467	578011	time_discrimination	n/a	n/a	n/a	72.0	n/a	n/a	n/a	2889.4123917499996	n/a	1.3096216659446327	2.0	1	2.0	NB_11_ShortA.png	n/a	6	2893.3950099999997	n/a	167	2	2	intervals/timediscrimination_table	166	2890.054922	2892.085388
2890.054922	0.000000	578011	ttl	1	72	n/a	n/a	n/a	n/a	n/a	n/a	n/a	n/a	n/a	n/a	n/a	n/a	n/a	n/a	n/a	n/a	n/a	n/a	n/a	n/a	n/a	2890.054922	n/a
2892.085388	0.000000	578417	ttl	2	72	n/a	n/a	n/a	n/a	n/a	n/a	n/a	n/a	n/a	n/a	n/a	n/a	n/a	n/a	n/a	n/a	n/a	n/a	n/a	n/a	n/a	2892.085388	n/a
2893.395010	0.000000	578679	ttl	4	72	n/a	n/a	n/a	n/a	n/a	n/a	n/a	n/a	n/a	n/a	n/a	n/a	n/a	n/a	n/a	n/a	n/a	n/a	n/a	n/a	n/a	2893.395010	n/a
2893.401556	0.000000	578680	ttl	11	72	n/a	n/a	n/a	n/a	n/a	n/a	n/a	n/a	n/a	n/a	n/a	n/a	n/a	n/a	n/a	n/a	n/a	n/a	n/a	n/a	n/a	2893.401556	n/a
2894.043733	2.030688	578809	time_discrimination	n/a	n/a	n/a	72.0	n/a	n/a	n/a	2893.401556	n/a	2.642077879484077	2.0	3	1.0	HB_39_ShortA.png	n/a	4	2898.71649975	n/a	168	1	1	intervals/timediscrimination_table	167	2894.043733	2896.074422
2894.043733	0.000000	578809	ttl	1	72	n/a	n/a	n/a	n/a	n/a	n/a	n/a	n/a	n/a	n/a	n/a	n/a	n/a	n/a	n/a	n/a	n/a	n/a	n/a	n/a	n/a	2894.043733	n/a
2896.074422	0.000000	579215	ttl	2	72	n/a	n/a	n/a	n/a	n/a	n/a	n/a	n/a	n/a	n/a	n/a	n/a	n/a	n/a	n/a	n/a	n/a	n/a	n/a	n/a	n/a	2896.074422	n/a
2898.716500	0.000000	579743	ttl	4	72	n/a	n/a	n/a	n/a	n/a	n/a	n/a	n/a	n/a	n/a	n/a	n/a	n/a	n/a	n/a	n/a	n/a	n/a	n/a	n/a	n/a	2898.716500	n/a
2898.736660	0.000000	579747	ttl	11	72	n/a	n/a	n/a	n/a	n/a	n/a	n/a	n/a	n/a	n/a	n/a	n/a	n/a	n/a	n/a	n/a	n/a	n/a	n/a	n/a	n/a	2898.736660	n/a
2899.358758	2.030775	579872	time_discrimination	n/a	n/a	n/a	72.0	n/a	n/a	n/a	2898.73665975	n/a	1.2932062406184741	2.0	2	2.0	SB_19_ShortA.png	n/a	6	2902.6827387499998	n/a	169	2	2	intervals/timediscrimination_table	168	2899.358758	2901.389532
2899.358758	0.000000	579872	ttl	1	72	n/a	n/a	n/a	n/a	n/a	n/a	n/a	n/a	n/a	n/a	n/a	n/a	n/a	n/a	n/a	n/a	n/a	n/a	n/a	n/a	n/a	2899.358758	n/a
2901.389532	0.000000	580278	ttl	2	72	n/a	n/a	n/a	n/a	n/a	n/a	n/a	n/a	n/a	n/a	n/a	n/a	n/a	n/a	n/a	n/a	n/a	n/a	n/a	n/a	n/a	2901.389532	n/a
2902.682739	0.000000	580537	ttl	4	72	n/a	n/a	n/a	n/a	n/a	n/a	n/a	n/a	n/a	n/a	n/a	n/a	n/a	n/a	n/a	n/a	n/a	n/a	n/a	n/a	n/a	2902.682739	n/a
2902.696162	0.000000	580539	ttl	11	72	n/a	n/a	n/a	n/a	n/a	n/a	n/a	n/a	n/a	n/a	n/a	n/a	n/a	n/a	n/a	n/a	n/a	n/a	n/a	n/a	n/a	2902.696162	n/a
2903.318259	2.030835	580664	time_discrimination	n/a	n/a	n/a	72.0	n/a	n/a	n/a	2902.6961615	n/a	1.228207088578074	2.0	2	2.0	SB_37_LongA.png	n/a	6	2906.5773015	n/a	170	2	2	intervals/timediscrimination_table	169	2903.318259	2905.349094
2903.318259	0.000000	580664	ttl	1	72	n/a	n/a	n/a	n/a	n/a	n/a	n/a	n/a	n/a	n/a	n/a	n/a	n/a	n/a	n/a	n/a	n/a	n/a	n/a	n/a	n/a	2903.318259	n/a
2905.349094	0.000000	581070	ttl	2	72	n/a	n/a	n/a	n/a	n/a	n/a	n/a	n/a	n/a	n/a	n/a	n/a	n/a	n/a	n/a	n/a	n/a	n/a	n/a	n/a	n/a	2905.349094	n/a
2906.577301	0.000000	581315	ttl	4	72	n/a	n/a	n/a	n/a	n/a	n/a	n/a	n/a	n/a	n/a	n/a	n/a	n/a	n/a	n/a	n/a	n/a	n/a	n/a	n/a	n/a	2906.577301	n/a
2906.601345	0.000000	581320	ttl	11	72	n/a	n/a	n/a	n/a	n/a	n/a	n/a	n/a	n/a	n/a	n/a	n/a	n/a	n/a	n/a	n/a	n/a	n/a	n/a	n/a	n/a	2906.601345	n/a
2907.203363	2.030866	581441	time_discrimination	n/a	n/a	n/a	72.0	n/a	n/a	n/a	2906.601345	n/a	1.914173343891889	1.0	3	1.0	HB_43_LongA.png	n/a	4	2911.14840225	n/a	171	1	2	intervals/timediscrimination_table	170	2907.203363	2909.234229
2907.203363	0.000000	581441	ttl	1	72	n/a	n/a	n/a	n/a	n/a	n/a	n/a	n/a	n/a	n/a	n/a	n/a	n/a	n/a	n/a	n/a	n/a	n/a	n/a	n/a	n/a	2907.203363	n/a
2909.234229	0.000000	581847	ttl	2	72	n/a	n/a	n/a	n/a	n/a	n/a	n/a	n/a	n/a	n/a	n/a	n/a	n/a	n/a	n/a	n/a	n/a	n/a	n/a	n/a	n/a	2909.234229	n/a
2911.148402	0.000000	582230	ttl	4	72	n/a	n/a	n/a	n/a	n/a	n/a	n/a	n/a	n/a	n/a	n/a	n/a	n/a	n/a	n/a	n/a	n/a	n/a	n/a	n/a	n/a	2911.148402	n/a
2911.154800	0.000000	582231	ttl	11	72	n/a	n/a	n/a	n/a	n/a	n/a	n/a	n/a	n/a	n/a	n/a	n/a	n/a	n/a	n/a	n/a	n/a	n/a	n/a	n/a	n/a	2911.154800	n/a
2911.736973	2.030767	582347	time_discrimination	n/a	n/a	n/a	72.0	n/a	n/a	n/a	2911.1547995	n/a	0.4928036754054119	2.0	2	3.0	SB_39_ShortA.png	n/a	2	2914.2605439999998	n/a	172	1	1	intervals/timediscrimination_table	171	2911.736973	2913.767740
2911.736973	0.000000	582347	ttl	1	72	n/a	n/a	n/a	n/a	n/a	n/a	n/a	n/a	n/a	n/a	n/a	n/a	n/a	n/a	n/a	n/a	n/a	n/a	n/a	n/a	n/a	2911.736973	n/a
2913.767740	0.000000	582754	ttl	2	72	n/a	n/a	n/a	n/a	n/a	n/a	n/a	n/a	n/a	n/a	n/a	n/a	n/a	n/a	n/a	n/a	n/a	n/a	n/a	n/a	n/a	2913.767740	n/a
2914.260544	0.000000	582852	ttl	4	72	n/a	n/a	n/a	n/a	n/a	n/a	n/a	n/a	n/a	n/a	n/a	n/a	n/a	n/a	n/a	n/a	n/a	n/a	n/a	n/a	n/a	2914.260544	n/a
2914.270056	0.000000	582854	ttl	11	72	n/a	n/a	n/a	n/a	n/a	n/a	n/a	n/a	n/a	n/a	n/a	n/a	n/a	n/a	n/a	n/a	n/a	n/a	n/a	n/a	n/a	2914.270056	n/a
2914.932283	2.030755	582986	time_discrimination	n/a	n/a	n/a	72.0	n/a	n/a	n/a	2914.27005625	n/a	2.461499553151498	1.0	1	2.0	NB_25_ShortA.png	n/a	6	2919.4245377499997	n/a	173	2	1	intervals/timediscrimination_table	172	2914.932283	2916.963038
2914.932283	0.000000	582986	ttl	1	72	n/a	n/a	n/a	n/a	n/a	n/a	n/a	n/a	n/a	n/a	n/a	n/a	n/a	n/a	n/a	n/a	n/a	n/a	n/a	n/a	n/a	2914.932283	n/a
2916.963038	0.000000	583393	ttl	2	72	n/a	n/a	n/a	n/a	n/a	n/a	n/a	n/a	n/a	n/a	n/a	n/a	n/a	n/a	n/a	n/a	n/a	n/a	n/a	n/a	n/a	2916.963038	n/a
2919.424538	0.000000	583885	ttl	4	72	n/a	n/a	n/a	n/a	n/a	n/a	n/a	n/a	n/a	n/a	n/a	n/a	n/a	n/a	n/a	n/a	n/a	n/a	n/a	n/a	n/a	2919.424538	n/a
2919.437268	0.000000	583887	ttl	11	72	n/a	n/a	n/a	n/a	n/a	n/a	n/a	n/a	n/a	n/a	n/a	n/a	n/a	n/a	n/a	n/a	n/a	n/a	n/a	n/a	n/a	2919.437268	n/a
2920.059360	2.030629	584012	time_discrimination	n/a	n/a	n/a	72.0	n/a	n/a	n/a	2919.4372679999997	n/a	2.083585866469093	1.0	1	2.0	NB_21_ShortA.png	n/a	3	2924.1735745	n/a	174	1	2	intervals/timediscrimination_table	173	2920.059360	2922.089988
2920.059360	0.000000	584012	ttl	1	72	n/a	n/a	n/a	n/a	n/a	n/a	n/a	n/a	n/a	n/a	n/a	n/a	n/a	n/a	n/a	n/a	n/a	n/a	n/a	n/a	n/a	2920.059360	n/a
2922.089988	0.000000	584418	ttl	2	72	n/a	n/a	n/a	n/a	n/a	n/a	n/a	n/a	n/a	n/a	n/a	n/a	n/a	n/a	n/a	n/a	n/a	n/a	n/a	n/a	n/a	2922.089988	n/a
2924.173575	0.000000	584835	ttl	4	72	n/a	n/a	n/a	n/a	n/a	n/a	n/a	n/a	n/a	n/a	n/a	n/a	n/a	n/a	n/a	n/a	n/a	n/a	n/a	n/a	n/a	2924.173575	n/a
2924.189382	0.000000	584838	ttl	11	72	n/a	n/a	n/a	n/a	n/a	n/a	n/a	n/a	n/a	n/a	n/a	n/a	n/a	n/a	n/a	n/a	n/a	n/a	n/a	n/a	n/a	2924.189382	n/a
2924.831823	2.031312	584966	time_discrimination	n/a	n/a	n/a	72.0	n/a	n/a	n/a	2924.189382	n/a	2.842795536270387	2.0	2	3.0	SB_58_ShortA.png	n/a	2	2929.70593075	n/a	175	1	1	intervals/timediscrimination_table	174	2924.831823	2926.863135
2924.831823	0.000000	584966	ttl	1	72	n/a	n/a	n/a	n/a	n/a	n/a	n/a	n/a	n/a	n/a	n/a	n/a	n/a	n/a	n/a	n/a	n/a	n/a	n/a	n/a	n/a	2924.831823	n/a
2926.863135	0.000000	585373	ttl	2	72	n/a	n/a	n/a	n/a	n/a	n/a	n/a	n/a	n/a	n/a	n/a	n/a	n/a	n/a	n/a	n/a	n/a	n/a	n/a	n/a	n/a	2926.863135	n/a
2929.705931	0.000000	585941	ttl	4	72	n/a	n/a	n/a	n/a	n/a	n/a	n/a	n/a	n/a	n/a	n/a	n/a	n/a	n/a	n/a	n/a	n/a	n/a	n/a	n/a	n/a	2929.705931	n/a
2929.720985	0.000000	585944	ttl	11	72	n/a	n/a	n/a	n/a	n/a	n/a	n/a	n/a	n/a	n/a	n/a	n/a	n/a	n/a	n/a	n/a	n/a	n/a	n/a	n/a	n/a	2929.720985	n/a
2930.363150	2.030613	586073	time_discrimination	n/a	n/a	n/a	72.0	n/a	n/a	n/a	2929.72098525	n/a	2.705391498571771	1.0	2	2.0	SB_2_LongA.png	n/a	3	2935.09915475	n/a	176	1	2	intervals/timediscrimination_table	175	2930.363150	2932.393763
2930.363150	0.000000	586073	ttl	1	72	n/a	n/a	n/a	n/a	n/a	n/a	n/a	n/a	n/a	n/a	n/a	n/a	n/a	n/a	n/a	n/a	n/a	n/a	n/a	n/a	n/a	2930.363150	n/a
2932.393763	0.000000	586479	ttl	2	72	n/a	n/a	n/a	n/a	n/a	n/a	n/a	n/a	n/a	n/a	n/a	n/a	n/a	n/a	n/a	n/a	n/a	n/a	n/a	n/a	n/a	2932.393763	n/a
2935.099155	0.000000	587020	ttl	4	72	n/a	n/a	n/a	n/a	n/a	n/a	n/a	n/a	n/a	n/a	n/a	n/a	n/a	n/a	n/a	n/a	n/a	n/a	n/a	n/a	n/a	2935.099155	n/a
2935.118237	0.000000	587024	ttl	11	72	n/a	n/a	n/a	n/a	n/a	n/a	n/a	n/a	n/a	n/a	n/a	n/a	n/a	n/a	n/a	n/a	n/a	n/a	n/a	n/a	n/a	2935.118237	n/a
2935.760600	2.031335	587152	time_discrimination	n/a	n/a	n/a	72.0	n/a	n/a	n/a	2935.1182372499998	n/a	2.93022224014112	2.0	3	1.0	HB_41_LongA.png	n/a	4	2940.72215725	n/a	177	1	1	intervals/timediscrimination_table	176	2935.760600	2937.791935
2935.760600	0.000000	587152	ttl	1	72	n/a	n/a	n/a	n/a	n/a	n/a	n/a	n/a	n/a	n/a	n/a	n/a	n/a	n/a	n/a	n/a	n/a	n/a	n/a	n/a	n/a	2935.760600	n/a
2937.791935	0.000000	587558	ttl	2	72	n/a	n/a	n/a	n/a	n/a	n/a	n/a	n/a	n/a	n/a	n/a	n/a	n/a	n/a	n/a	n/a	n/a	n/a	n/a	n/a	n/a	2937.791935	n/a
2940.722157	0.000000	588144	ttl	4	72	n/a	n/a	n/a	n/a	n/a	n/a	n/a	n/a	n/a	n/a	n/a	n/a	n/a	n/a	n/a	n/a	n/a	n/a	n/a	n/a	n/a	2940.722157	n/a
2940.737740	0.000000	588148	ttl	11	72	n/a	n/a	n/a	n/a	n/a	n/a	n/a	n/a	n/a	n/a	n/a	n/a	n/a	n/a	n/a	n/a	n/a	n/a	n/a	n/a	n/a	2940.737740	n/a
2941.359819	2.030783	588272	time_discrimination	n/a	n/a	n/a	72.0	n/a	n/a	n/a	2940.73774	n/a	2.2587127663314277	1.0	3	1.0	HB_3_ShortA.png	n/a	4	2945.6493145	n/a	178	1	2	intervals/timediscrimination_table	177	2941.359819	2943.390602
2941.359819	0.000000	588272	ttl	1	72	n/a	n/a	n/a	n/a	n/a	n/a	n/a	n/a	n/a	n/a	n/a	n/a	n/a	n/a	n/a	n/a	n/a	n/a	n/a	n/a	n/a	2941.359819	n/a
2943.390602	0.000000	588678	ttl	2	72	n/a	n/a	n/a	n/a	n/a	n/a	n/a	n/a	n/a	n/a	n/a	n/a	n/a	n/a	n/a	n/a	n/a	n/a	n/a	n/a	n/a	2943.390602	n/a
2945.649314	0.000000	589130	ttl	4	72	n/a	n/a	n/a	n/a	n/a	n/a	n/a	n/a	n/a	n/a	n/a	n/a	n/a	n/a	n/a	n/a	n/a	n/a	n/a	n/a	n/a	2945.649314	n/a
2945.694578	0.000000	589139	ttl	11	72	n/a	n/a	n/a	n/a	n/a	n/a	n/a	n/a	n/a	n/a	n/a	n/a	n/a	n/a	n/a	n/a	n/a	n/a	n/a	n/a	n/a	2945.694578	n/a
2946.328541	2.063712	589266	time_discrimination	n/a	n/a	n/a	72.0	n/a	n/a	n/a	2945.694578	n/a	1.3120502245919852	1.0	2	2.0	SB_30_ShortA.png	n/a	6	2949.70430325	n/a	179	2	1	intervals/timediscrimination_table	178	2946.328541	2948.392253
2946.328541	0.000000	589266	ttl	1	72	n/a	n/a	n/a	n/a	n/a	n/a	n/a	n/a	n/a	n/a	n/a	n/a	n/a	n/a	n/a	n/a	n/a	n/a	n/a	n/a	n/a	2946.328541	n/a
2948.392253	0.000000	589678	ttl	2	72	n/a	n/a	n/a	n/a	n/a	n/a	n/a	n/a	n/a	n/a	n/a	n/a	n/a	n/a	n/a	n/a	n/a	n/a	n/a	n/a	n/a	2948.392253	n/a
2949.704303	0.000000	589941	ttl	4	72	n/a	n/a	n/a	n/a	n/a	n/a	n/a	n/a	n/a	n/a	n/a	n/a	n/a	n/a	n/a	n/a	n/a	n/a	n/a	n/a	n/a	2949.704303	n/a
2949.782771	0.000000	589957	ttl	11	72	n/a	n/a	n/a	n/a	n/a	n/a	n/a	n/a	n/a	n/a	n/a	n/a	n/a	n/a	n/a	n/a	n/a	n/a	n/a	n/a	n/a	2949.782771	n/a
2950.333046	2.071859	590067	time_discrimination	n/a	n/a	n/a	72.0	n/a	n/a	n/a	2949.7827712499998	n/a	2.1898082084430825	1.0	2	3.0	SB_30_LongA.png	n/a	2	2954.59471275	n/a	180	1	2	intervals/timediscrimination_table	179	2950.333046	2952.404904
2950.333046	0.000000	590067	ttl	1	72	n/a	n/a	n/a	n/a	n/a	n/a	n/a	n/a	n/a	n/a	n/a	n/a	n/a	n/a	n/a	n/a	n/a	n/a	n/a	n/a	n/a	2950.333046	n/a
2952.404904	0.000000	590481	ttl	2	72	n/a	n/a	n/a	n/a	n/a	n/a	n/a	n/a	n/a	n/a	n/a	n/a	n/a	n/a	n/a	n/a	n/a	n/a	n/a	n/a	n/a	2952.404904	n/a
2954.594713	0.000000	590919	ttl	4	72	n/a	n/a	n/a	n/a	n/a	n/a	n/a	n/a	n/a	n/a	n/a	n/a	n/a	n/a	n/a	n/a	n/a	n/a	n/a	n/a	n/a	2954.594713	n/a
2954.646581	0.000000	590929	ttl	60	72	n/a	n/a	n/a	n/a	n/a	n/a	n/a	n/a	n/a	n/a	n/a	n/a	n/a	n/a	n/a	n/a	n/a	n/a	n/a	n/a	n/a	2954.646581	n/a
