onset	duration	sample	trial_type	value	experiment_id	Clip_name	ExperimentID	boundary1_time	boundary2_time	boundary3_time	fixcross_time	stimCategory	RT	accuracy	boundary_type	confidence	frameName	old_new	resp_value	source_response_time	stimuli_type	trial_num	leftright	resp_key	source_table	source_row_id	source_start_time	source_stop_time
0.000000	0.000000	0	ttl	61	70	n/a	n/a	n/a	n/a	n/a	n/a	n/a	n/a	n/a	n/a	n/a	n/a	n/a	n/a	n/a	n/a	n/a	n/a	n/a	n/a	n/a	0.000000	n/a
0.055853	0.000000	11	ttl	11	70	n/a	n/a	n/a	n/a	n/a	n/a	n/a	n/a	n/a	n/a	n/a	n/a	n/a	n/a	n/a	n/a	n/a	n/a	n/a	n/a	n/a	0.055853	n/a
1.140429	8.165859	228	encoding	n/a	n/a	SB_2.mp4	70.0	6.66938925	n/a	n/a	0.05585275	1	n/a	n/a	n/a	n/a	n/a	n/a	n/a	n/a	n/a	n/a	n/a	n/a	intervals/encoding_table	0	1.140429	9.306288
1.140429	0.000000	228	ttl	1	70	n/a	n/a	n/a	n/a	n/a	n/a	n/a	n/a	n/a	n/a	n/a	n/a	n/a	n/a	n/a	n/a	n/a	n/a	n/a	n/a	n/a	1.140429	n/a
9.306288	0.000000	1861	ttl	2	70	n/a	n/a	n/a	n/a	n/a	n/a	n/a	n/a	n/a	n/a	n/a	n/a	n/a	n/a	n/a	n/a	n/a	n/a	n/a	n/a	n/a	9.306288	n/a
9.322538	0.000000	1865	ttl	11	70	n/a	n/a	n/a	n/a	n/a	n/a	n/a	n/a	n/a	n/a	n/a	n/a	n/a	n/a	n/a	n/a	n/a	n/a	n/a	n/a	n/a	9.322538	n/a
10.315865	8.031266	2063	encoding	n/a	n/a	NB_1.mp4	70.0	14.3158655	n/a	n/a	9.32253775	0	n/a	n/a	n/a	n/a	n/a	n/a	n/a	n/a	n/a	n/a	n/a	n/a	intervals/encoding_table	1	10.315865	18.347131
10.315865	0.000000	2063	ttl	1	70	n/a	n/a	n/a	n/a	n/a	n/a	n/a	n/a	n/a	n/a	n/a	n/a	n/a	n/a	n/a	n/a	n/a	n/a	n/a	n/a	n/a	10.315865	n/a
18.347131	0.000000	3669	ttl	2	70	n/a	n/a	n/a	n/a	n/a	n/a	n/a	n/a	n/a	n/a	n/a	n/a	n/a	n/a	n/a	n/a	n/a	n/a	n/a	n/a	n/a	18.347131	n/a
18.365402	0.000000	3673	ttl	11	70	n/a	n/a	n/a	n/a	n/a	n/a	n/a	n/a	n/a	n/a	n/a	n/a	n/a	n/a	n/a	n/a	n/a	n/a	n/a	n/a	n/a	18.365402	n/a
19.339164	8.026347	3868	encoding	n/a	n/a	HB_4.mp4	70.0	23.339164	25.42046975	n/a	18.365402	2	n/a	n/a	n/a	n/a	n/a	n/a	n/a	n/a	n/a	n/a	n/a	n/a	intervals/encoding_table	2	19.339164	27.365511
19.339164	0.000000	3868	ttl	1	70	n/a	n/a	n/a	n/a	n/a	n/a	n/a	n/a	n/a	n/a	n/a	n/a	n/a	n/a	n/a	n/a	n/a	n/a	n/a	n/a	n/a	19.339164	n/a
27.365511	0.000000	5473	ttl	2	70	n/a	n/a	n/a	n/a	n/a	n/a	n/a	n/a	n/a	n/a	n/a	n/a	n/a	n/a	n/a	n/a	n/a	n/a	n/a	n/a	n/a	27.365511	n/a
27.384009	0.000000	5477	ttl	11	70	n/a	n/a	n/a	n/a	n/a	n/a	n/a	n/a	n/a	n/a	n/a	n/a	n/a	n/a	n/a	n/a	n/a	n/a	n/a	n/a	n/a	27.384009	n/a
28.467488	7.764467	5693	encoding	n/a	n/a	NB_23.mp4	70.0	32.46748775	n/a	n/a	27.384009	0	n/a	n/a	n/a	n/a	n/a	n/a	n/a	n/a	n/a	n/a	n/a	n/a	intervals/encoding_table	3	28.467488	36.231954
28.467488	0.000000	5693	ttl	1	70	n/a	n/a	n/a	n/a	n/a	n/a	n/a	n/a	n/a	n/a	n/a	n/a	n/a	n/a	n/a	n/a	n/a	n/a	n/a	n/a	n/a	28.467488	n/a
36.231954	0.000000	7246	ttl	2	70	n/a	n/a	n/a	n/a	n/a	n/a	n/a	n/a	n/a	n/a	n/a	n/a	n/a	n/a	n/a	n/a	n/a	n/a	n/a	n/a	n/a	36.231954	n/a
36.250385	0.000000	7250	ttl	11	70	n/a	n/a	n/a	n/a	n/a	n/a	n/a	n/a	n/a	n/a	n/a	n/a	n/a	n/a	n/a	n/a	n/a	n/a	n/a	n/a	n/a	36.250385	n/a
37.152699	7.530962	7431	encoding	n/a	n/a	SB_3.mp4	70.0	38.7876335	n/a	n/a	36.250385	1	n/a	n/a	n/a	n/a	n/a	n/a	n/a	n/a	n/a	n/a	n/a	n/a	intervals/encoding_table	4	37.152699	44.683661
37.152699	0.000000	7431	ttl	1	70	n/a	n/a	n/a	n/a	n/a	n/a	n/a	n/a	n/a	n/a	n/a	n/a	n/a	n/a	n/a	n/a	n/a	n/a	n/a	n/a	n/a	37.152699	n/a
44.683661	0.000000	8937	ttl	2	70	n/a	n/a	n/a	n/a	n/a	n/a	n/a	n/a	n/a	n/a	n/a	n/a	n/a	n/a	n/a	n/a	n/a	n/a	n/a	n/a	n/a	44.683661	n/a
44.699002	0.000000	8940	ttl	11	70	n/a	n/a	n/a	n/a	n/a	n/a	n/a	n/a	n/a	n/a	n/a	n/a	n/a	n/a	n/a	n/a	n/a	n/a	n/a	n/a	n/a	44.699002	n/a
45.784848	8.664400	9157	encoding	n/a	n/a	SB_20.mp4	70.0	48.703833249999995	50.046206749999996	n/a	44.6990015	1	n/a	n/a	n/a	n/a	n/a	n/a	n/a	n/a	n/a	n/a	n/a	n/a	intervals/encoding_table	5	45.784848	54.449248
45.784848	0.000000	9157	ttl	1	70	n/a	n/a	n/a	n/a	n/a	n/a	n/a	n/a	n/a	n/a	n/a	n/a	n/a	n/a	n/a	n/a	n/a	n/a	n/a	n/a	n/a	45.784848	n/a
54.449248	0.000000	10890	ttl	2	70	n/a	n/a	n/a	n/a	n/a	n/a	n/a	n/a	n/a	n/a	n/a	n/a	n/a	n/a	n/a	n/a	n/a	n/a	n/a	n/a	n/a	54.449248	n/a
62.051215	0.000000	12410	ttl	11	70	n/a	n/a	n/a	n/a	n/a	n/a	n/a	n/a	n/a	n/a	n/a	n/a	n/a	n/a	n/a	n/a	n/a	n/a	n/a	n/a	n/a	62.051215	n/a
63.089899	8.265128	12618	encoding	n/a	n/a	HB_27.mp4	70.0	67.089899	n/a	n/a	62.0512155	2	n/a	n/a	n/a	n/a	n/a	n/a	n/a	n/a	n/a	n/a	n/a	n/a	intervals/encoding_table	6	63.089899	71.355027
63.089899	0.000000	12618	ttl	1	70	n/a	n/a	n/a	n/a	n/a	n/a	n/a	n/a	n/a	n/a	n/a	n/a	n/a	n/a	n/a	n/a	n/a	n/a	n/a	n/a	n/a	63.089899	n/a
71.355027	0.000000	14271	ttl	2	70	n/a	n/a	n/a	n/a	n/a	n/a	n/a	n/a	n/a	n/a	n/a	n/a	n/a	n/a	n/a	n/a	n/a	n/a	n/a	n/a	n/a	71.355027	n/a
71.373996	0.000000	14275	ttl	11	70	n/a	n/a	n/a	n/a	n/a	n/a	n/a	n/a	n/a	n/a	n/a	n/a	n/a	n/a	n/a	n/a	n/a	n/a	n/a	n/a	n/a	71.373996	n/a
72.438243	8.065747	14488	encoding	n/a	n/a	HB_15.mp4	70.0	76.43824325	75.66550149999999	78.70287499999999	71.37399574999999	2	n/a	n/a	n/a	n/a	n/a	n/a	n/a	n/a	n/a	n/a	n/a	n/a	intervals/encoding_table	7	72.438243	80.503990
72.438243	0.000000	14488	ttl	1	70	n/a	n/a	n/a	n/a	n/a	n/a	n/a	n/a	n/a	n/a	n/a	n/a	n/a	n/a	n/a	n/a	n/a	n/a	n/a	n/a	n/a	72.438243	n/a
80.503990	0.000000	16101	ttl	2	70	n/a	n/a	n/a	n/a	n/a	n/a	n/a	n/a	n/a	n/a	n/a	n/a	n/a	n/a	n/a	n/a	n/a	n/a	n/a	n/a	n/a	80.503990	n/a
80.522903	0.000000	16105	ttl	11	70	n/a	n/a	n/a	n/a	n/a	n/a	n/a	n/a	n/a	n/a	n/a	n/a	n/a	n/a	n/a	n/a	n/a	n/a	n/a	n/a	n/a	80.522903	n/a
81.594450	8.197238	16319	encoding	n/a	n/a	HB_19.mp4	70.0	85.59445025	n/a	n/a	80.522903	2	n/a	n/a	n/a	n/a	n/a	n/a	n/a	n/a	n/a	n/a	n/a	n/a	intervals/encoding_table	8	81.594450	89.791689
81.594450	0.000000	16319	ttl	1	70	n/a	n/a	n/a	n/a	n/a	n/a	n/a	n/a	n/a	n/a	n/a	n/a	n/a	n/a	n/a	n/a	n/a	n/a	n/a	n/a	n/a	81.594450	n/a
89.791689	0.000000	17958	ttl	2	70	n/a	n/a	n/a	n/a	n/a	n/a	n/a	n/a	n/a	n/a	n/a	n/a	n/a	n/a	n/a	n/a	n/a	n/a	n/a	n/a	n/a	89.791689	n/a
89.810616	0.000000	17962	ttl	11	70	n/a	n/a	n/a	n/a	n/a	n/a	n/a	n/a	n/a	n/a	n/a	n/a	n/a	n/a	n/a	n/a	n/a	n/a	n/a	n/a	n/a	89.810616	n/a
90.732731	8.333005	18147	encoding	n/a	n/a	SB_11.mp4	70.0	92.52079675	n/a	n/a	89.810616	1	n/a	n/a	n/a	n/a	n/a	n/a	n/a	n/a	n/a	n/a	n/a	n/a	intervals/encoding_table	9	90.732731	99.065736
90.732731	0.000000	18147	ttl	1	70	n/a	n/a	n/a	n/a	n/a	n/a	n/a	n/a	n/a	n/a	n/a	n/a	n/a	n/a	n/a	n/a	n/a	n/a	n/a	n/a	n/a	90.732731	n/a
99.065736	0.000000	19813	ttl	2	70	n/a	n/a	n/a	n/a	n/a	n/a	n/a	n/a	n/a	n/a	n/a	n/a	n/a	n/a	n/a	n/a	n/a	n/a	n/a	n/a	n/a	99.065736	n/a
99.085018	0.000000	19817	ttl	11	70	n/a	n/a	n/a	n/a	n/a	n/a	n/a	n/a	n/a	n/a	n/a	n/a	n/a	n/a	n/a	n/a	n/a	n/a	n/a	n/a	n/a	99.085018	n/a
100.126018	8.032867	20025	encoding	n/a	n/a	NB_24.mp4	70.0	104.12601774999999	n/a	n/a	99.08501774999999	0	n/a	n/a	n/a	n/a	n/a	n/a	n/a	n/a	n/a	n/a	n/a	n/a	intervals/encoding_table	10	100.126018	108.158885
100.126018	0.000000	20025	ttl	1	70	n/a	n/a	n/a	n/a	n/a	n/a	n/a	n/a	n/a	n/a	n/a	n/a	n/a	n/a	n/a	n/a	n/a	n/a	n/a	n/a	n/a	100.126018	n/a
108.158885	0.000000	21632	ttl	2	70	n/a	n/a	n/a	n/a	n/a	n/a	n/a	n/a	n/a	n/a	n/a	n/a	n/a	n/a	n/a	n/a	n/a	n/a	n/a	n/a	n/a	108.158885	n/a
108.177810	0.000000	21636	ttl	11	70	n/a	n/a	n/a	n/a	n/a	n/a	n/a	n/a	n/a	n/a	n/a	n/a	n/a	n/a	n/a	n/a	n/a	n/a	n/a	n/a	n/a	108.177810	n/a
109.188144	7.530918	21838	encoding	n/a	n/a	NB_15.mp4	70.0	113.18814375	n/a	n/a	108.17781049999999	0	n/a	n/a	n/a	n/a	n/a	n/a	n/a	n/a	n/a	n/a	n/a	n/a	intervals/encoding_table	11	109.188144	116.719062
109.188144	0.000000	21838	ttl	1	70	n/a	n/a	n/a	n/a	n/a	n/a	n/a	n/a	n/a	n/a	n/a	n/a	n/a	n/a	n/a	n/a	n/a	n/a	n/a	n/a	n/a	109.188144	n/a
116.719062	0.000000	23344	ttl	2	70	n/a	n/a	n/a	n/a	n/a	n/a	n/a	n/a	n/a	n/a	n/a	n/a	n/a	n/a	n/a	n/a	n/a	n/a	n/a	n/a	n/a	116.719062	n/a
116.738019	0.000000	23348	ttl	11	70	n/a	n/a	n/a	n/a	n/a	n/a	n/a	n/a	n/a	n/a	n/a	n/a	n/a	n/a	n/a	n/a	n/a	n/a	n/a	n/a	n/a	116.738019	n/a
117.742145	8.064111	23548	encoding	n/a	n/a	SB_15.mp4	70.0	122.74354724999999	n/a	n/a	116.73801925	1	n/a	n/a	n/a	n/a	n/a	n/a	n/a	n/a	n/a	n/a	n/a	n/a	intervals/encoding_table	12	117.742145	125.806256
117.742145	0.000000	23548	ttl	1	70	n/a	n/a	n/a	n/a	n/a	n/a	n/a	n/a	n/a	n/a	n/a	n/a	n/a	n/a	n/a	n/a	n/a	n/a	n/a	n/a	n/a	117.742145	n/a
125.806256	0.000000	25161	ttl	2	70	n/a	n/a	n/a	n/a	n/a	n/a	n/a	n/a	n/a	n/a	n/a	n/a	n/a	n/a	n/a	n/a	n/a	n/a	n/a	n/a	n/a	125.806256	n/a
129.437538	0.000000	25888	ttl	11	70	n/a	n/a	n/a	n/a	n/a	n/a	n/a	n/a	n/a	n/a	n/a	n/a	n/a	n/a	n/a	n/a	n/a	n/a	n/a	n/a	n/a	129.437538	n/a
130.400285	8.031820	26080	encoding	n/a	n/a	HB_11.mp4	70.0	134.40028475	133.2784525	136.6206435	129.4375385	2	n/a	n/a	n/a	n/a	n/a	n/a	n/a	n/a	n/a	n/a	n/a	n/a	intervals/encoding_table	13	130.400285	138.432104
130.400285	0.000000	26080	ttl	1	70	n/a	n/a	n/a	n/a	n/a	n/a	n/a	n/a	n/a	n/a	n/a	n/a	n/a	n/a	n/a	n/a	n/a	n/a	n/a	n/a	n/a	130.400285	n/a
138.432104	0.000000	27686	ttl	2	70	n/a	n/a	n/a	n/a	n/a	n/a	n/a	n/a	n/a	n/a	n/a	n/a	n/a	n/a	n/a	n/a	n/a	n/a	n/a	n/a	n/a	138.432104	n/a
138.451127	0.000000	27690	ttl	11	70	n/a	n/a	n/a	n/a	n/a	n/a	n/a	n/a	n/a	n/a	n/a	n/a	n/a	n/a	n/a	n/a	n/a	n/a	n/a	n/a	n/a	138.451127	n/a
139.383410	8.050064	27877	encoding	n/a	n/a	HB_1.mp4	70.0	143.3834105	140.93546075	n/a	138.45112749999998	2	n/a	n/a	n/a	n/a	n/a	n/a	n/a	n/a	n/a	n/a	n/a	n/a	intervals/encoding_table	14	139.383410	147.433474
139.383410	0.000000	27877	ttl	1	70	n/a	n/a	n/a	n/a	n/a	n/a	n/a	n/a	n/a	n/a	n/a	n/a	n/a	n/a	n/a	n/a	n/a	n/a	n/a	n/a	n/a	139.383410	n/a
147.433474	0.000000	29487	ttl	2	70	n/a	n/a	n/a	n/a	n/a	n/a	n/a	n/a	n/a	n/a	n/a	n/a	n/a	n/a	n/a	n/a	n/a	n/a	n/a	n/a	n/a	147.433474	n/a
147.452409	0.000000	29490	ttl	11	70	n/a	n/a	n/a	n/a	n/a	n/a	n/a	n/a	n/a	n/a	n/a	n/a	n/a	n/a	n/a	n/a	n/a	n/a	n/a	n/a	n/a	147.452409	n/a
148.416354	7.931666	29683	encoding	n/a	n/a	HB_23.mp4	70.0	152.41635424999998	n/a	n/a	147.45240875	2	n/a	n/a	n/a	n/a	n/a	n/a	n/a	n/a	n/a	n/a	n/a	n/a	intervals/encoding_table	15	148.416354	156.348020
148.416354	0.000000	29683	ttl	1	70	n/a	n/a	n/a	n/a	n/a	n/a	n/a	n/a	n/a	n/a	n/a	n/a	n/a	n/a	n/a	n/a	n/a	n/a	n/a	n/a	n/a	148.416354	n/a
156.348020	0.000000	31270	ttl	2	70	n/a	n/a	n/a	n/a	n/a	n/a	n/a	n/a	n/a	n/a	n/a	n/a	n/a	n/a	n/a	n/a	n/a	n/a	n/a	n/a	n/a	156.348020	n/a
156.367015	0.000000	31273	ttl	11	70	n/a	n/a	n/a	n/a	n/a	n/a	n/a	n/a	n/a	n/a	n/a	n/a	n/a	n/a	n/a	n/a	n/a	n/a	n/a	n/a	n/a	156.367015	n/a
157.401228	8.232906	31480	encoding	n/a	n/a	SB_19.mp4	70.0	159.98564274999998	162.2965985	n/a	156.36701474999998	1	n/a	n/a	n/a	n/a	n/a	n/a	n/a	n/a	n/a	n/a	n/a	n/a	intervals/encoding_table	16	157.401228	165.634134
157.401228	0.000000	31480	ttl	1	70	n/a	n/a	n/a	n/a	n/a	n/a	n/a	n/a	n/a	n/a	n/a	n/a	n/a	n/a	n/a	n/a	n/a	n/a	n/a	n/a	n/a	157.401228	n/a
165.634134	0.000000	33127	ttl	2	70	n/a	n/a	n/a	n/a	n/a	n/a	n/a	n/a	n/a	n/a	n/a	n/a	n/a	n/a	n/a	n/a	n/a	n/a	n/a	n/a	n/a	165.634134	n/a
165.653016	0.000000	33131	ttl	11	70	n/a	n/a	n/a	n/a	n/a	n/a	n/a	n/a	n/a	n/a	n/a	n/a	n/a	n/a	n/a	n/a	n/a	n/a	n/a	n/a	n/a	165.653016	n/a
166.657806	7.947296	33332	encoding	n/a	n/a	HB_2.mp4	70.0	170.6578065	169.01721175	n/a	165.65301649999998	2	n/a	n/a	n/a	n/a	n/a	n/a	n/a	n/a	n/a	n/a	n/a	n/a	intervals/encoding_table	17	166.657806	174.605103
166.657806	0.000000	33332	ttl	1	70	n/a	n/a	n/a	n/a	n/a	n/a	n/a	n/a	n/a	n/a	n/a	n/a	n/a	n/a	n/a	n/a	n/a	n/a	n/a	n/a	n/a	166.657806	n/a
174.605103	0.000000	34921	ttl	2	70	n/a	n/a	n/a	n/a	n/a	n/a	n/a	n/a	n/a	n/a	n/a	n/a	n/a	n/a	n/a	n/a	n/a	n/a	n/a	n/a	n/a	174.605103	n/a
174.624025	0.000000	34925	ttl	11	70	n/a	n/a	n/a	n/a	n/a	n/a	n/a	n/a	n/a	n/a	n/a	n/a	n/a	n/a	n/a	n/a	n/a	n/a	n/a	n/a	n/a	174.624025	n/a
175.645585	8.030660	35129	encoding	n/a	n/a	HB_8.mp4	70.0	179.64558474999998	177.496549	181.514897	174.62402475	2	n/a	n/a	n/a	n/a	n/a	n/a	n/a	n/a	n/a	n/a	n/a	n/a	intervals/encoding_table	18	175.645585	183.676245
175.645585	0.000000	35129	ttl	1	70	n/a	n/a	n/a	n/a	n/a	n/a	n/a	n/a	n/a	n/a	n/a	n/a	n/a	n/a	n/a	n/a	n/a	n/a	n/a	n/a	n/a	175.645585	n/a
183.676245	0.000000	36735	ttl	2	70	n/a	n/a	n/a	n/a	n/a	n/a	n/a	n/a	n/a	n/a	n/a	n/a	n/a	n/a	n/a	n/a	n/a	n/a	n/a	n/a	n/a	183.676245	n/a
189.314426	0.000000	37863	ttl	11	70	n/a	n/a	n/a	n/a	n/a	n/a	n/a	n/a	n/a	n/a	n/a	n/a	n/a	n/a	n/a	n/a	n/a	n/a	n/a	n/a	n/a	189.314426	n/a
190.366489	8.097790	38073	encoding	n/a	n/a	SB_10.mp4	70.0	196.1909315	n/a	n/a	189.31442575	1	n/a	n/a	n/a	n/a	n/a	n/a	n/a	n/a	n/a	n/a	n/a	n/a	intervals/encoding_table	19	190.366489	198.464279
190.366489	0.000000	38073	ttl	1	70	n/a	n/a	n/a	n/a	n/a	n/a	n/a	n/a	n/a	n/a	n/a	n/a	n/a	n/a	n/a	n/a	n/a	n/a	n/a	n/a	n/a	190.366489	n/a
198.464279	0.000000	39693	ttl	2	70	n/a	n/a	n/a	n/a	n/a	n/a	n/a	n/a	n/a	n/a	n/a	n/a	n/a	n/a	n/a	n/a	n/a	n/a	n/a	n/a	n/a	198.464279	n/a
198.483331	0.000000	39697	ttl	11	70	n/a	n/a	n/a	n/a	n/a	n/a	n/a	n/a	n/a	n/a	n/a	n/a	n/a	n/a	n/a	n/a	n/a	n/a	n/a	n/a	n/a	198.483331	n/a
199.416104	7.965874	39883	encoding	n/a	n/a	NB_8.mp4	70.0	203.416104	n/a	n/a	198.4833315	0	n/a	n/a	n/a	n/a	n/a	n/a	n/a	n/a	n/a	n/a	n/a	n/a	intervals/encoding_table	20	199.416104	207.381978
199.416104	0.000000	39883	ttl	1	70	n/a	n/a	n/a	n/a	n/a	n/a	n/a	n/a	n/a	n/a	n/a	n/a	n/a	n/a	n/a	n/a	n/a	n/a	n/a	n/a	n/a	199.416104	n/a
207.381978	0.000000	41476	ttl	2	70	n/a	n/a	n/a	n/a	n/a	n/a	n/a	n/a	n/a	n/a	n/a	n/a	n/a	n/a	n/a	n/a	n/a	n/a	n/a	n/a	n/a	207.381978	n/a
207.400908	0.000000	41480	ttl	11	70	n/a	n/a	n/a	n/a	n/a	n/a	n/a	n/a	n/a	n/a	n/a	n/a	n/a	n/a	n/a	n/a	n/a	n/a	n/a	n/a	n/a	207.400908	n/a
208.399781	8.163070	41680	encoding	n/a	n/a	NB_7.mp4	70.0	212.399781	n/a	n/a	207.40090849999999	0	n/a	n/a	n/a	n/a	n/a	n/a	n/a	n/a	n/a	n/a	n/a	n/a	intervals/encoding_table	21	208.399781	216.562850
208.399781	0.000000	41680	ttl	1	70	n/a	n/a	n/a	n/a	n/a	n/a	n/a	n/a	n/a	n/a	n/a	n/a	n/a	n/a	n/a	n/a	n/a	n/a	n/a	n/a	n/a	208.399781	n/a
216.562850	0.000000	43313	ttl	2	70	n/a	n/a	n/a	n/a	n/a	n/a	n/a	n/a	n/a	n/a	n/a	n/a	n/a	n/a	n/a	n/a	n/a	n/a	n/a	n/a	n/a	216.562850	n/a
216.581815	0.000000	43316	ttl	11	70	n/a	n/a	n/a	n/a	n/a	n/a	n/a	n/a	n/a	n/a	n/a	n/a	n/a	n/a	n/a	n/a	n/a	n/a	n/a	n/a	n/a	216.581815	n/a
217.634752	7.863858	43527	encoding	n/a	n/a	SB_4.mp4	70.0	223.20163175	n/a	n/a	216.58181474999998	1	n/a	n/a	n/a	n/a	n/a	n/a	n/a	n/a	n/a	n/a	n/a	n/a	intervals/encoding_table	22	217.634752	225.498610
217.634752	0.000000	43527	ttl	1	70	n/a	n/a	n/a	n/a	n/a	n/a	n/a	n/a	n/a	n/a	n/a	n/a	n/a	n/a	n/a	n/a	n/a	n/a	n/a	n/a	n/a	217.634752	n/a
225.498610	0.000000	45100	ttl	2	70	n/a	n/a	n/a	n/a	n/a	n/a	n/a	n/a	n/a	n/a	n/a	n/a	n/a	n/a	n/a	n/a	n/a	n/a	n/a	n/a	n/a	225.498610	n/a
225.517420	0.000000	45103	ttl	11	70	n/a	n/a	n/a	n/a	n/a	n/a	n/a	n/a	n/a	n/a	n/a	n/a	n/a	n/a	n/a	n/a	n/a	n/a	n/a	n/a	n/a	225.517420	n/a
226.477583	8.366701	45296	encoding	n/a	n/a	NB_29.mp4	70.0	230.47758274999998	n/a	n/a	225.51742025	0	n/a	n/a	n/a	n/a	n/a	n/a	n/a	n/a	n/a	n/a	n/a	n/a	intervals/encoding_table	23	226.477583	234.844283
226.477583	0.000000	45296	ttl	1	70	n/a	n/a	n/a	n/a	n/a	n/a	n/a	n/a	n/a	n/a	n/a	n/a	n/a	n/a	n/a	n/a	n/a	n/a	n/a	n/a	n/a	226.477583	n/a
234.844283	0.000000	46969	ttl	2	70	n/a	n/a	n/a	n/a	n/a	n/a	n/a	n/a	n/a	n/a	n/a	n/a	n/a	n/a	n/a	n/a	n/a	n/a	n/a	n/a	n/a	234.844283	n/a
239.719656	0.000000	47944	ttl	11	70	n/a	n/a	n/a	n/a	n/a	n/a	n/a	n/a	n/a	n/a	n/a	n/a	n/a	n/a	n/a	n/a	n/a	n/a	n/a	n/a	n/a	239.719656	n/a
240.787429	8.032343	48157	encoding	n/a	n/a	SB_17.mp4	70.0	242.63095124999998	245.11721624999998	n/a	239.71965575	1	n/a	n/a	n/a	n/a	n/a	n/a	n/a	n/a	n/a	n/a	n/a	n/a	intervals/encoding_table	24	240.787429	248.819772
240.787429	0.000000	48157	ttl	1	70	n/a	n/a	n/a	n/a	n/a	n/a	n/a	n/a	n/a	n/a	n/a	n/a	n/a	n/a	n/a	n/a	n/a	n/a	n/a	n/a	n/a	240.787429	n/a
248.819772	0.000000	49764	ttl	2	70	n/a	n/a	n/a	n/a	n/a	n/a	n/a	n/a	n/a	n/a	n/a	n/a	n/a	n/a	n/a	n/a	n/a	n/a	n/a	n/a	n/a	248.819772	n/a
248.838683	0.000000	49768	ttl	11	70	n/a	n/a	n/a	n/a	n/a	n/a	n/a	n/a	n/a	n/a	n/a	n/a	n/a	n/a	n/a	n/a	n/a	n/a	n/a	n/a	n/a	248.838683	n/a
249.874644	8.397275	49975	encoding	n/a	n/a	HB_3.mp4	70.0	253.87464425	252.18484024999998	n/a	248.83868274999998	2	n/a	n/a	n/a	n/a	n/a	n/a	n/a	n/a	n/a	n/a	n/a	n/a	intervals/encoding_table	25	249.874644	258.271919
249.874644	0.000000	49975	ttl	1	70	n/a	n/a	n/a	n/a	n/a	n/a	n/a	n/a	n/a	n/a	n/a	n/a	n/a	n/a	n/a	n/a	n/a	n/a	n/a	n/a	n/a	249.874644	n/a
258.271919	0.000000	51654	ttl	2	70	n/a	n/a	n/a	n/a	n/a	n/a	n/a	n/a	n/a	n/a	n/a	n/a	n/a	n/a	n/a	n/a	n/a	n/a	n/a	n/a	n/a	258.271919	n/a
258.290856	0.000000	51658	ttl	11	70	n/a	n/a	n/a	n/a	n/a	n/a	n/a	n/a	n/a	n/a	n/a	n/a	n/a	n/a	n/a	n/a	n/a	n/a	n/a	n/a	n/a	258.290856	n/a
259.256548	8.198643	51851	encoding	n/a	n/a	NB_13.mp4	70.0	263.25654825	n/a	n/a	258.29085599999996	0	n/a	n/a	n/a	n/a	n/a	n/a	n/a	n/a	n/a	n/a	n/a	n/a	intervals/encoding_table	26	259.256548	267.455191
259.256548	0.000000	51851	ttl	1	70	n/a	n/a	n/a	n/a	n/a	n/a	n/a	n/a	n/a	n/a	n/a	n/a	n/a	n/a	n/a	n/a	n/a	n/a	n/a	n/a	n/a	259.256548	n/a
267.455191	0.000000	53491	ttl	2	70	n/a	n/a	n/a	n/a	n/a	n/a	n/a	n/a	n/a	n/a	n/a	n/a	n/a	n/a	n/a	n/a	n/a	n/a	n/a	n/a	n/a	267.455191	n/a
267.474164	0.000000	53495	ttl	11	70	n/a	n/a	n/a	n/a	n/a	n/a	n/a	n/a	n/a	n/a	n/a	n/a	n/a	n/a	n/a	n/a	n/a	n/a	n/a	n/a	n/a	267.474164	n/a
268.481817	7.996710	53696	encoding	n/a	n/a	NB_2.mp4	70.0	272.48181725	n/a	n/a	267.4741645	0	n/a	n/a	n/a	n/a	n/a	n/a	n/a	n/a	n/a	n/a	n/a	n/a	intervals/encoding_table	27	268.481817	276.478527
268.481817	0.000000	53696	ttl	1	70	n/a	n/a	n/a	n/a	n/a	n/a	n/a	n/a	n/a	n/a	n/a	n/a	n/a	n/a	n/a	n/a	n/a	n/a	n/a	n/a	n/a	268.481817	n/a
276.478527	0.000000	55296	ttl	2	70	n/a	n/a	n/a	n/a	n/a	n/a	n/a	n/a	n/a	n/a	n/a	n/a	n/a	n/a	n/a	n/a	n/a	n/a	n/a	n/a	n/a	276.478527	n/a
276.497799	0.000000	55300	ttl	11	70	n/a	n/a	n/a	n/a	n/a	n/a	n/a	n/a	n/a	n/a	n/a	n/a	n/a	n/a	n/a	n/a	n/a	n/a	n/a	n/a	n/a	276.497799	n/a
277.565362	8.064830	55513	encoding	n/a	n/a	NB_22.mp4	70.0	281.56536224999996	n/a	n/a	276.49779875	0	n/a	n/a	n/a	n/a	n/a	n/a	n/a	n/a	n/a	n/a	n/a	n/a	intervals/encoding_table	28	277.565362	285.630192
277.565362	0.000000	55513	ttl	1	70	n/a	n/a	n/a	n/a	n/a	n/a	n/a	n/a	n/a	n/a	n/a	n/a	n/a	n/a	n/a	n/a	n/a	n/a	n/a	n/a	n/a	277.565362	n/a
285.630192	0.000000	57126	ttl	2	70	n/a	n/a	n/a	n/a	n/a	n/a	n/a	n/a	n/a	n/a	n/a	n/a	n/a	n/a	n/a	n/a	n/a	n/a	n/a	n/a	n/a	285.630192	n/a
285.649125	0.000000	57130	ttl	11	70	n/a	n/a	n/a	n/a	n/a	n/a	n/a	n/a	n/a	n/a	n/a	n/a	n/a	n/a	n/a	n/a	n/a	n/a	n/a	n/a	n/a	285.649125	n/a
286.597721	7.983272	57320	encoding	n/a	n/a	NB_11.mp4	70.0	290.59772075	n/a	n/a	285.64912549999997	0	n/a	n/a	n/a	n/a	n/a	n/a	n/a	n/a	n/a	n/a	n/a	n/a	intervals/encoding_table	29	286.597721	294.580993
286.597721	0.000000	57320	ttl	1	70	n/a	n/a	n/a	n/a	n/a	n/a	n/a	n/a	n/a	n/a	n/a	n/a	n/a	n/a	n/a	n/a	n/a	n/a	n/a	n/a	n/a	286.597721	n/a
294.580993	0.000000	58916	ttl	2	70	n/a	n/a	n/a	n/a	n/a	n/a	n/a	n/a	n/a	n/a	n/a	n/a	n/a	n/a	n/a	n/a	n/a	n/a	n/a	n/a	n/a	294.580993	n/a
296.951294	0.000000	59390	ttl	11	70	n/a	n/a	n/a	n/a	n/a	n/a	n/a	n/a	n/a	n/a	n/a	n/a	n/a	n/a	n/a	n/a	n/a	n/a	n/a	n/a	n/a	296.951294	n/a
297.855190	8.064696	59571	encoding	n/a	n/a	HB_18.mp4	70.0	301.8551905	n/a	n/a	296.95129375	2	n/a	n/a	n/a	n/a	n/a	n/a	n/a	n/a	n/a	n/a	n/a	n/a	intervals/encoding_table	30	297.855190	305.919887
297.855190	0.000000	59571	ttl	1	70	n/a	n/a	n/a	n/a	n/a	n/a	n/a	n/a	n/a	n/a	n/a	n/a	n/a	n/a	n/a	n/a	n/a	n/a	n/a	n/a	n/a	297.855190	n/a
305.919887	0.000000	61184	ttl	2	70	n/a	n/a	n/a	n/a	n/a	n/a	n/a	n/a	n/a	n/a	n/a	n/a	n/a	n/a	n/a	n/a	n/a	n/a	n/a	n/a	n/a	305.919887	n/a
305.938815	0.000000	61188	ttl	11	70	n/a	n/a	n/a	n/a	n/a	n/a	n/a	n/a	n/a	n/a	n/a	n/a	n/a	n/a	n/a	n/a	n/a	n/a	n/a	n/a	n/a	305.938815	n/a
306.960310	8.197424	61392	encoding	n/a	n/a	SB_6.mp4	70.0	308.4480125	n/a	n/a	305.93881475	1	n/a	n/a	n/a	n/a	n/a	n/a	n/a	n/a	n/a	n/a	n/a	n/a	intervals/encoding_table	31	306.960310	315.157734
306.960310	0.000000	61392	ttl	1	70	n/a	n/a	n/a	n/a	n/a	n/a	n/a	n/a	n/a	n/a	n/a	n/a	n/a	n/a	n/a	n/a	n/a	n/a	n/a	n/a	n/a	306.960310	n/a
315.157734	0.000000	63032	ttl	2	70	n/a	n/a	n/a	n/a	n/a	n/a	n/a	n/a	n/a	n/a	n/a	n/a	n/a	n/a	n/a	n/a	n/a	n/a	n/a	n/a	n/a	315.157734	n/a
315.176632	0.000000	63035	ttl	11	70	n/a	n/a	n/a	n/a	n/a	n/a	n/a	n/a	n/a	n/a	n/a	n/a	n/a	n/a	n/a	n/a	n/a	n/a	n/a	n/a	n/a	315.176632	n/a
316.184391	7.629768	63237	encoding	n/a	n/a	SB_16.mp4	70.0	317.468164	319.98364425	n/a	315.1766325	1	n/a	n/a	n/a	n/a	n/a	n/a	n/a	n/a	n/a	n/a	n/a	n/a	intervals/encoding_table	32	316.184391	323.814159
316.184391	0.000000	63237	ttl	1	70	n/a	n/a	n/a	n/a	n/a	n/a	n/a	n/a	n/a	n/a	n/a	n/a	n/a	n/a	n/a	n/a	n/a	n/a	n/a	n/a	n/a	316.184391	n/a
323.814159	0.000000	64763	ttl	2	70	n/a	n/a	n/a	n/a	n/a	n/a	n/a	n/a	n/a	n/a	n/a	n/a	n/a	n/a	n/a	n/a	n/a	n/a	n/a	n/a	n/a	323.814159	n/a
323.833094	0.000000	64767	ttl	11	70	n/a	n/a	n/a	n/a	n/a	n/a	n/a	n/a	n/a	n/a	n/a	n/a	n/a	n/a	n/a	n/a	n/a	n/a	n/a	n/a	n/a	323.833094	n/a
324.778364	8.145237	64956	encoding	n/a	n/a	SB_14.mp4	70.0	328.20524224999997	n/a	n/a	323.83309399999996	1	n/a	n/a	n/a	n/a	n/a	n/a	n/a	n/a	n/a	n/a	n/a	n/a	intervals/encoding_table	33	324.778364	332.923601
324.778364	0.000000	64956	ttl	1	70	n/a	n/a	n/a	n/a	n/a	n/a	n/a	n/a	n/a	n/a	n/a	n/a	n/a	n/a	n/a	n/a	n/a	n/a	n/a	n/a	n/a	324.778364	n/a
332.923601	0.000000	66585	ttl	2	70	n/a	n/a	n/a	n/a	n/a	n/a	n/a	n/a	n/a	n/a	n/a	n/a	n/a	n/a	n/a	n/a	n/a	n/a	n/a	n/a	n/a	332.923601	n/a
332.942527	0.000000	66589	ttl	11	70	n/a	n/a	n/a	n/a	n/a	n/a	n/a	n/a	n/a	n/a	n/a	n/a	n/a	n/a	n/a	n/a	n/a	n/a	n/a	n/a	n/a	332.942527	n/a
334.026515	8.031005	66805	encoding	n/a	n/a	HB_21.mp4	70.0	338.02651475	n/a	n/a	332.94252675	2	n/a	n/a	n/a	n/a	n/a	n/a	n/a	n/a	n/a	n/a	n/a	n/a	intervals/encoding_table	34	334.026515	342.057520
334.026515	0.000000	66805	ttl	1	70	n/a	n/a	n/a	n/a	n/a	n/a	n/a	n/a	n/a	n/a	n/a	n/a	n/a	n/a	n/a	n/a	n/a	n/a	n/a	n/a	n/a	334.026515	n/a
342.057520	0.000000	68412	ttl	2	70	n/a	n/a	n/a	n/a	n/a	n/a	n/a	n/a	n/a	n/a	n/a	n/a	n/a	n/a	n/a	n/a	n/a	n/a	n/a	n/a	n/a	342.057520	n/a
342.076463	0.000000	68415	ttl	11	70	n/a	n/a	n/a	n/a	n/a	n/a	n/a	n/a	n/a	n/a	n/a	n/a	n/a	n/a	n/a	n/a	n/a	n/a	n/a	n/a	n/a	342.076463	n/a
343.163662	6.871071	68633	encoding	n/a	n/a	NB_4.mp4	70.0	347.16366224999996	n/a	n/a	342.07646324999996	0	n/a	n/a	n/a	n/a	n/a	n/a	n/a	n/a	n/a	n/a	n/a	n/a	intervals/encoding_table	35	343.163662	350.034733
343.163662	0.000000	68633	ttl	1	70	n/a	n/a	n/a	n/a	n/a	n/a	n/a	n/a	n/a	n/a	n/a	n/a	n/a	n/a	n/a	n/a	n/a	n/a	n/a	n/a	n/a	343.163662	n/a
350.034733	0.000000	70007	ttl	2	70	n/a	n/a	n/a	n/a	n/a	n/a	n/a	n/a	n/a	n/a	n/a	n/a	n/a	n/a	n/a	n/a	n/a	n/a	n/a	n/a	n/a	350.034733	n/a
350.053650	0.000000	70011	ttl	11	70	n/a	n/a	n/a	n/a	n/a	n/a	n/a	n/a	n/a	n/a	n/a	n/a	n/a	n/a	n/a	n/a	n/a	n/a	n/a	n/a	n/a	350.053650	n/a
351.051376	8.033506	70210	encoding	n/a	n/a	HB_12.mp4	70.0	355.05137575	352.68911349999996	356.97851675	350.05365	2	n/a	n/a	n/a	n/a	n/a	n/a	n/a	n/a	n/a	n/a	n/a	n/a	intervals/encoding_table	36	351.051376	359.084882
351.051376	0.000000	70210	ttl	1	70	n/a	n/a	n/a	n/a	n/a	n/a	n/a	n/a	n/a	n/a	n/a	n/a	n/a	n/a	n/a	n/a	n/a	n/a	n/a	n/a	n/a	351.051376	n/a
359.084882	0.000000	71817	ttl	2	70	n/a	n/a	n/a	n/a	n/a	n/a	n/a	n/a	n/a	n/a	n/a	n/a	n/a	n/a	n/a	n/a	n/a	n/a	n/a	n/a	n/a	359.084882	n/a
360.869771	0.000000	72174	ttl	11	70	n/a	n/a	n/a	n/a	n/a	n/a	n/a	n/a	n/a	n/a	n/a	n/a	n/a	n/a	n/a	n/a	n/a	n/a	n/a	n/a	n/a	360.869771	n/a
361.909297	8.034107	72382	encoding	n/a	n/a	NB_12.mp4	70.0	365.909297	n/a	n/a	360.86977125	0	n/a	n/a	n/a	n/a	n/a	n/a	n/a	n/a	n/a	n/a	n/a	n/a	intervals/encoding_table	37	361.909297	369.943403
361.909297	0.000000	72382	ttl	1	70	n/a	n/a	n/a	n/a	n/a	n/a	n/a	n/a	n/a	n/a	n/a	n/a	n/a	n/a	n/a	n/a	n/a	n/a	n/a	n/a	n/a	361.909297	n/a
369.943403	0.000000	73989	ttl	2	70	n/a	n/a	n/a	n/a	n/a	n/a	n/a	n/a	n/a	n/a	n/a	n/a	n/a	n/a	n/a	n/a	n/a	n/a	n/a	n/a	n/a	369.943403	n/a
369.962339	0.000000	73992	ttl	11	70	n/a	n/a	n/a	n/a	n/a	n/a	n/a	n/a	n/a	n/a	n/a	n/a	n/a	n/a	n/a	n/a	n/a	n/a	n/a	n/a	n/a	369.962339	n/a
370.965656	7.966349	74193	encoding	n/a	n/a	NB_27.mp4	70.0	374.96565649999997	n/a	n/a	369.96233924999996	0	n/a	n/a	n/a	n/a	n/a	n/a	n/a	n/a	n/a	n/a	n/a	n/a	intervals/encoding_table	38	370.965656	378.932006
370.965656	0.000000	74193	ttl	1	70	n/a	n/a	n/a	n/a	n/a	n/a	n/a	n/a	n/a	n/a	n/a	n/a	n/a	n/a	n/a	n/a	n/a	n/a	n/a	n/a	n/a	370.965656	n/a
378.932006	0.000000	75786	ttl	2	70	n/a	n/a	n/a	n/a	n/a	n/a	n/a	n/a	n/a	n/a	n/a	n/a	n/a	n/a	n/a	n/a	n/a	n/a	n/a	n/a	n/a	378.932006	n/a
378.950906	0.000000	75790	ttl	11	70	n/a	n/a	n/a	n/a	n/a	n/a	n/a	n/a	n/a	n/a	n/a	n/a	n/a	n/a	n/a	n/a	n/a	n/a	n/a	n/a	n/a	378.950906	n/a
379.907953	7.931877	75982	encoding	n/a	n/a	HB_13.mp4	70.0	383.90795275	382.1728455	386.11509524999997	378.950906	2	n/a	n/a	n/a	n/a	n/a	n/a	n/a	n/a	n/a	n/a	n/a	n/a	intervals/encoding_table	39	379.907953	387.839830
379.907953	0.000000	75982	ttl	1	70	n/a	n/a	n/a	n/a	n/a	n/a	n/a	n/a	n/a	n/a	n/a	n/a	n/a	n/a	n/a	n/a	n/a	n/a	n/a	n/a	n/a	379.907953	n/a
387.839830	0.000000	77568	ttl	2	70	n/a	n/a	n/a	n/a	n/a	n/a	n/a	n/a	n/a	n/a	n/a	n/a	n/a	n/a	n/a	n/a	n/a	n/a	n/a	n/a	n/a	387.839830	n/a
387.858733	0.000000	77572	ttl	11	70	n/a	n/a	n/a	n/a	n/a	n/a	n/a	n/a	n/a	n/a	n/a	n/a	n/a	n/a	n/a	n/a	n/a	n/a	n/a	n/a	n/a	387.858733	n/a
388.760624	7.298875	77752	encoding	n/a	n/a	SB_8.mp4	70.0	392.495031	n/a	n/a	387.85873349999997	1	n/a	n/a	n/a	n/a	n/a	n/a	n/a	n/a	n/a	n/a	n/a	n/a	intervals/encoding_table	40	388.760624	396.059499
388.760624	0.000000	77752	ttl	1	70	n/a	n/a	n/a	n/a	n/a	n/a	n/a	n/a	n/a	n/a	n/a	n/a	n/a	n/a	n/a	n/a	n/a	n/a	n/a	n/a	n/a	388.760624	n/a
396.059499	0.000000	79212	ttl	2	70	n/a	n/a	n/a	n/a	n/a	n/a	n/a	n/a	n/a	n/a	n/a	n/a	n/a	n/a	n/a	n/a	n/a	n/a	n/a	n/a	n/a	396.059499	n/a
396.078375	0.000000	79216	ttl	11	70	n/a	n/a	n/a	n/a	n/a	n/a	n/a	n/a	n/a	n/a	n/a	n/a	n/a	n/a	n/a	n/a	n/a	n/a	n/a	n/a	n/a	396.078375	n/a
397.036965	8.229759	79407	encoding	n/a	n/a	NB_26.mp4	70.0	401.03696475	n/a	n/a	396.07837474999997	0	n/a	n/a	n/a	n/a	n/a	n/a	n/a	n/a	n/a	n/a	n/a	n/a	intervals/encoding_table	41	397.036965	405.266723
397.036965	0.000000	79407	ttl	1	70	n/a	n/a	n/a	n/a	n/a	n/a	n/a	n/a	n/a	n/a	n/a	n/a	n/a	n/a	n/a	n/a	n/a	n/a	n/a	n/a	n/a	397.036965	n/a
405.266723	0.000000	81053	ttl	2	70	n/a	n/a	n/a	n/a	n/a	n/a	n/a	n/a	n/a	n/a	n/a	n/a	n/a	n/a	n/a	n/a	n/a	n/a	n/a	n/a	n/a	405.266723	n/a
414.717347	0.000000	82943	ttl	11	70	n/a	n/a	n/a	n/a	n/a	n/a	n/a	n/a	n/a	n/a	n/a	n/a	n/a	n/a	n/a	n/a	n/a	n/a	n/a	n/a	n/a	414.717347	n/a
415.750644	8.667447	83150	encoding	n/a	n/a	NB_6.mp4	70.0	419.75064375	n/a	n/a	414.71734699999996	0	n/a	n/a	n/a	n/a	n/a	n/a	n/a	n/a	n/a	n/a	n/a	n/a	intervals/encoding_table	42	415.750644	424.418091
415.750644	0.000000	83150	ttl	1	70	n/a	n/a	n/a	n/a	n/a	n/a	n/a	n/a	n/a	n/a	n/a	n/a	n/a	n/a	n/a	n/a	n/a	n/a	n/a	n/a	n/a	415.750644	n/a
424.418091	0.000000	84884	ttl	2	70	n/a	n/a	n/a	n/a	n/a	n/a	n/a	n/a	n/a	n/a	n/a	n/a	n/a	n/a	n/a	n/a	n/a	n/a	n/a	n/a	n/a	424.418091	n/a
424.437123	0.000000	84887	ttl	11	70	n/a	n/a	n/a	n/a	n/a	n/a	n/a	n/a	n/a	n/a	n/a	n/a	n/a	n/a	n/a	n/a	n/a	n/a	n/a	n/a	n/a	424.437123	n/a
425.368141	8.464248	85074	encoding	n/a	n/a	SB_26.mp4	70.0	427.10332825	428.76144474999995	430.25120925	424.437123	1	n/a	n/a	n/a	n/a	n/a	n/a	n/a	n/a	n/a	n/a	n/a	n/a	intervals/encoding_table	43	425.368141	433.832390
425.368141	0.000000	85074	ttl	1	70	n/a	n/a	n/a	n/a	n/a	n/a	n/a	n/a	n/a	n/a	n/a	n/a	n/a	n/a	n/a	n/a	n/a	n/a	n/a	n/a	n/a	425.368141	n/a
433.832390	0.000000	86766	ttl	2	70	n/a	n/a	n/a	n/a	n/a	n/a	n/a	n/a	n/a	n/a	n/a	n/a	n/a	n/a	n/a	n/a	n/a	n/a	n/a	n/a	n/a	433.832390	n/a
433.851396	0.000000	86770	ttl	11	70	n/a	n/a	n/a	n/a	n/a	n/a	n/a	n/a	n/a	n/a	n/a	n/a	n/a	n/a	n/a	n/a	n/a	n/a	n/a	n/a	n/a	433.851396	n/a
434.796512	8.099815	86959	encoding	n/a	n/a	NB_5.mp4	70.0	438.79651175	n/a	n/a	433.85139625	0	n/a	n/a	n/a	n/a	n/a	n/a	n/a	n/a	n/a	n/a	n/a	n/a	intervals/encoding_table	44	434.796512	442.896327
434.796512	0.000000	86959	ttl	1	70	n/a	n/a	n/a	n/a	n/a	n/a	n/a	n/a	n/a	n/a	n/a	n/a	n/a	n/a	n/a	n/a	n/a	n/a	n/a	n/a	n/a	434.796512	n/a
442.896327	0.000000	88579	ttl	2	70	n/a	n/a	n/a	n/a	n/a	n/a	n/a	n/a	n/a	n/a	n/a	n/a	n/a	n/a	n/a	n/a	n/a	n/a	n/a	n/a	n/a	442.896327	n/a
442.915240	0.000000	88583	ttl	11	70	n/a	n/a	n/a	n/a	n/a	n/a	n/a	n/a	n/a	n/a	n/a	n/a	n/a	n/a	n/a	n/a	n/a	n/a	n/a	n/a	n/a	442.915240	n/a
443.990764	8.197553	88798	encoding	n/a	n/a	HB_10.mp4	70.0	447.99076425	445.550294	449.9195185	442.91523974999996	2	n/a	n/a	n/a	n/a	n/a	n/a	n/a	n/a	n/a	n/a	n/a	n/a	intervals/encoding_table	45	443.990764	452.188317
443.990764	0.000000	88798	ttl	1	70	n/a	n/a	n/a	n/a	n/a	n/a	n/a	n/a	n/a	n/a	n/a	n/a	n/a	n/a	n/a	n/a	n/a	n/a	n/a	n/a	n/a	443.990764	n/a
452.188317	0.000000	90438	ttl	2	70	n/a	n/a	n/a	n/a	n/a	n/a	n/a	n/a	n/a	n/a	n/a	n/a	n/a	n/a	n/a	n/a	n/a	n/a	n/a	n/a	n/a	452.188317	n/a
452.207272	0.000000	90441	ttl	11	70	n/a	n/a	n/a	n/a	n/a	n/a	n/a	n/a	n/a	n/a	n/a	n/a	n/a	n/a	n/a	n/a	n/a	n/a	n/a	n/a	n/a	452.207272	n/a
453.228418	9.165865	90646	encoding	n/a	n/a	SB_22.mp4	70.0	454.29984125	455.36350699999997	n/a	452.2072725	1	n/a	n/a	n/a	n/a	n/a	n/a	n/a	n/a	n/a	n/a	n/a	n/a	intervals/encoding_table	46	453.228418	462.394283
453.228418	0.000000	90646	ttl	1	70	n/a	n/a	n/a	n/a	n/a	n/a	n/a	n/a	n/a	n/a	n/a	n/a	n/a	n/a	n/a	n/a	n/a	n/a	n/a	n/a	n/a	453.228418	n/a
462.394283	0.000000	92479	ttl	2	70	n/a	n/a	n/a	n/a	n/a	n/a	n/a	n/a	n/a	n/a	n/a	n/a	n/a	n/a	n/a	n/a	n/a	n/a	n/a	n/a	n/a	462.394283	n/a
466.687175	0.000000	93337	ttl	11	70	n/a	n/a	n/a	n/a	n/a	n/a	n/a	n/a	n/a	n/a	n/a	n/a	n/a	n/a	n/a	n/a	n/a	n/a	n/a	n/a	n/a	466.687175	n/a
467.716538	7.965894	93543	encoding	n/a	n/a	SB_27.mp4	70.0	469.25878074999997	470.83111825	472.2767045	466.68717499999997	1	n/a	n/a	n/a	n/a	n/a	n/a	n/a	n/a	n/a	n/a	n/a	n/a	intervals/encoding_table	47	467.716538	475.682432
467.716538	0.000000	93543	ttl	1	70	n/a	n/a	n/a	n/a	n/a	n/a	n/a	n/a	n/a	n/a	n/a	n/a	n/a	n/a	n/a	n/a	n/a	n/a	n/a	n/a	n/a	467.716538	n/a
475.682432	0.000000	95136	ttl	2	70	n/a	n/a	n/a	n/a	n/a	n/a	n/a	n/a	n/a	n/a	n/a	n/a	n/a	n/a	n/a	n/a	n/a	n/a	n/a	n/a	n/a	475.682432	n/a
475.701144	0.000000	95140	ttl	11	70	n/a	n/a	n/a	n/a	n/a	n/a	n/a	n/a	n/a	n/a	n/a	n/a	n/a	n/a	n/a	n/a	n/a	n/a	n/a	n/a	n/a	475.701144	n/a
476.614981	7.998757	95323	encoding	n/a	n/a	NB_14.mp4	70.0	480.6149805	n/a	n/a	475.701144	0	n/a	n/a	n/a	n/a	n/a	n/a	n/a	n/a	n/a	n/a	n/a	n/a	intervals/encoding_table	48	476.614981	484.613737
476.614981	0.000000	95323	ttl	1	70	n/a	n/a	n/a	n/a	n/a	n/a	n/a	n/a	n/a	n/a	n/a	n/a	n/a	n/a	n/a	n/a	n/a	n/a	n/a	n/a	n/a	476.614981	n/a
484.613737	0.000000	96923	ttl	2	70	n/a	n/a	n/a	n/a	n/a	n/a	n/a	n/a	n/a	n/a	n/a	n/a	n/a	n/a	n/a	n/a	n/a	n/a	n/a	n/a	n/a	484.613737	n/a
484.632951	0.000000	96927	ttl	11	70	n/a	n/a	n/a	n/a	n/a	n/a	n/a	n/a	n/a	n/a	n/a	n/a	n/a	n/a	n/a	n/a	n/a	n/a	n/a	n/a	n/a	484.632951	n/a
485.576661	7.895964	97115	encoding	n/a	n/a	HB_30.mp4	70.0	489.5766605	n/a	n/a	484.63295124999996	2	n/a	n/a	n/a	n/a	n/a	n/a	n/a	n/a	n/a	n/a	n/a	n/a	intervals/encoding_table	49	485.576661	493.472624
485.576661	0.000000	97115	ttl	1	70	n/a	n/a	n/a	n/a	n/a	n/a	n/a	n/a	n/a	n/a	n/a	n/a	n/a	n/a	n/a	n/a	n/a	n/a	n/a	n/a	n/a	485.576661	n/a
493.472624	0.000000	98695	ttl	2	70	n/a	n/a	n/a	n/a	n/a	n/a	n/a	n/a	n/a	n/a	n/a	n/a	n/a	n/a	n/a	n/a	n/a	n/a	n/a	n/a	n/a	493.472624	n/a
493.491781	0.000000	98698	ttl	11	70	n/a	n/a	n/a	n/a	n/a	n/a	n/a	n/a	n/a	n/a	n/a	n/a	n/a	n/a	n/a	n/a	n/a	n/a	n/a	n/a	n/a	493.491781	n/a
494.547779	8.028683	98910	encoding	n/a	n/a	HB_28.mp4	70.0	498.54777924999996	n/a	n/a	493.4917805	2	n/a	n/a	n/a	n/a	n/a	n/a	n/a	n/a	n/a	n/a	n/a	n/a	intervals/encoding_table	50	494.547779	502.576463
494.547779	0.000000	98910	ttl	1	70	n/a	n/a	n/a	n/a	n/a	n/a	n/a	n/a	n/a	n/a	n/a	n/a	n/a	n/a	n/a	n/a	n/a	n/a	n/a	n/a	n/a	494.547779	n/a
502.576463	0.000000	100515	ttl	2	70	n/a	n/a	n/a	n/a	n/a	n/a	n/a	n/a	n/a	n/a	n/a	n/a	n/a	n/a	n/a	n/a	n/a	n/a	n/a	n/a	n/a	502.576463	n/a
502.595547	0.000000	100519	ttl	11	70	n/a	n/a	n/a	n/a	n/a	n/a	n/a	n/a	n/a	n/a	n/a	n/a	n/a	n/a	n/a	n/a	n/a	n/a	n/a	n/a	n/a	502.595547	n/a
503.621363	7.299609	100724	encoding	n/a	n/a	NB_28.mp4	70.0	507.621363	n/a	n/a	502.59554749999995	0	n/a	n/a	n/a	n/a	n/a	n/a	n/a	n/a	n/a	n/a	n/a	n/a	intervals/encoding_table	51	503.621363	510.920972
503.621363	0.000000	100724	ttl	1	70	n/a	n/a	n/a	n/a	n/a	n/a	n/a	n/a	n/a	n/a	n/a	n/a	n/a	n/a	n/a	n/a	n/a	n/a	n/a	n/a	n/a	503.621363	n/a
510.920972	0.000000	102184	ttl	2	70	n/a	n/a	n/a	n/a	n/a	n/a	n/a	n/a	n/a	n/a	n/a	n/a	n/a	n/a	n/a	n/a	n/a	n/a	n/a	n/a	n/a	510.920972	n/a
510.940009	0.000000	102188	ttl	11	70	n/a	n/a	n/a	n/a	n/a	n/a	n/a	n/a	n/a	n/a	n/a	n/a	n/a	n/a	n/a	n/a	n/a	n/a	n/a	n/a	n/a	510.940009	n/a
511.854132	8.263464	102371	encoding	n/a	n/a	NB_10.mp4	70.0	515.8541325	n/a	n/a	510.94000925	0	n/a	n/a	n/a	n/a	n/a	n/a	n/a	n/a	n/a	n/a	n/a	n/a	intervals/encoding_table	52	511.854132	520.117597
511.854132	0.000000	102371	ttl	1	70	n/a	n/a	n/a	n/a	n/a	n/a	n/a	n/a	n/a	n/a	n/a	n/a	n/a	n/a	n/a	n/a	n/a	n/a	n/a	n/a	n/a	511.854132	n/a
520.117597	0.000000	104024	ttl	2	70	n/a	n/a	n/a	n/a	n/a	n/a	n/a	n/a	n/a	n/a	n/a	n/a	n/a	n/a	n/a	n/a	n/a	n/a	n/a	n/a	n/a	520.117597	n/a
520.136727	0.000000	104027	ttl	11	70	n/a	n/a	n/a	n/a	n/a	n/a	n/a	n/a	n/a	n/a	n/a	n/a	n/a	n/a	n/a	n/a	n/a	n/a	n/a	n/a	n/a	520.136727	n/a
521.168170	8.034264	104234	encoding	n/a	n/a	SB_13.mp4	70.0	526.9540049999999	n/a	n/a	520.1367265	1	n/a	n/a	n/a	n/a	n/a	n/a	n/a	n/a	n/a	n/a	n/a	n/a	intervals/encoding_table	53	521.168170	529.202434
521.168170	0.000000	104234	ttl	1	70	n/a	n/a	n/a	n/a	n/a	n/a	n/a	n/a	n/a	n/a	n/a	n/a	n/a	n/a	n/a	n/a	n/a	n/a	n/a	n/a	n/a	521.168170	n/a
529.202434	0.000000	105840	ttl	2	70	n/a	n/a	n/a	n/a	n/a	n/a	n/a	n/a	n/a	n/a	n/a	n/a	n/a	n/a	n/a	n/a	n/a	n/a	n/a	n/a	n/a	529.202434	n/a
535.924147	0.000000	107185	ttl	11	70	n/a	n/a	n/a	n/a	n/a	n/a	n/a	n/a	n/a	n/a	n/a	n/a	n/a	n/a	n/a	n/a	n/a	n/a	n/a	n/a	n/a	535.924147	n/a
536.928078	7.997698	107386	encoding	n/a	n/a	NB_30.mp4	70.0	540.9280785	n/a	n/a	535.9241465	0	n/a	n/a	n/a	n/a	n/a	n/a	n/a	n/a	n/a	n/a	n/a	n/a	intervals/encoding_table	54	536.928078	544.925776
536.928078	0.000000	107386	ttl	1	70	n/a	n/a	n/a	n/a	n/a	n/a	n/a	n/a	n/a	n/a	n/a	n/a	n/a	n/a	n/a	n/a	n/a	n/a	n/a	n/a	n/a	536.928078	n/a
544.925776	0.000000	108985	ttl	2	70	n/a	n/a	n/a	n/a	n/a	n/a	n/a	n/a	n/a	n/a	n/a	n/a	n/a	n/a	n/a	n/a	n/a	n/a	n/a	n/a	n/a	544.925776	n/a
544.944862	0.000000	108989	ttl	11	70	n/a	n/a	n/a	n/a	n/a	n/a	n/a	n/a	n/a	n/a	n/a	n/a	n/a	n/a	n/a	n/a	n/a	n/a	n/a	n/a	n/a	544.944862	n/a
546.034369	7.933830	109207	encoding	n/a	n/a	SB_1.mp4	70.0	551.107987	n/a	n/a	544.9448625	1	n/a	n/a	n/a	n/a	n/a	n/a	n/a	n/a	n/a	n/a	n/a	n/a	intervals/encoding_table	55	546.034369	553.968198
546.034369	0.000000	109207	ttl	1	70	n/a	n/a	n/a	n/a	n/a	n/a	n/a	n/a	n/a	n/a	n/a	n/a	n/a	n/a	n/a	n/a	n/a	n/a	n/a	n/a	n/a	546.034369	n/a
553.968198	0.000000	110794	ttl	2	70	n/a	n/a	n/a	n/a	n/a	n/a	n/a	n/a	n/a	n/a	n/a	n/a	n/a	n/a	n/a	n/a	n/a	n/a	n/a	n/a	n/a	553.968198	n/a
553.987314	0.000000	110797	ttl	11	70	n/a	n/a	n/a	n/a	n/a	n/a	n/a	n/a	n/a	n/a	n/a	n/a	n/a	n/a	n/a	n/a	n/a	n/a	n/a	n/a	n/a	553.987314	n/a
554.891484	8.232361	110978	encoding	n/a	n/a	SB_29.mp4	70.0	556.81681725	559.00961725	560.718982	553.987314	1	n/a	n/a	n/a	n/a	n/a	n/a	n/a	n/a	n/a	n/a	n/a	n/a	intervals/encoding_table	56	554.891484	563.123846
554.891484	0.000000	110978	ttl	1	70	n/a	n/a	n/a	n/a	n/a	n/a	n/a	n/a	n/a	n/a	n/a	n/a	n/a	n/a	n/a	n/a	n/a	n/a	n/a	n/a	n/a	554.891484	n/a
563.123846	0.000000	112625	ttl	2	70	n/a	n/a	n/a	n/a	n/a	n/a	n/a	n/a	n/a	n/a	n/a	n/a	n/a	n/a	n/a	n/a	n/a	n/a	n/a	n/a	n/a	563.123846	n/a
563.142876	0.000000	112629	ttl	11	70	n/a	n/a	n/a	n/a	n/a	n/a	n/a	n/a	n/a	n/a	n/a	n/a	n/a	n/a	n/a	n/a	n/a	n/a	n/a	n/a	n/a	563.142876	n/a
564.188620	8.066316	112838	encoding	n/a	n/a	HB_20.mp4	70.0	568.18862	n/a	n/a	563.14287625	2	n/a	n/a	n/a	n/a	n/a	n/a	n/a	n/a	n/a	n/a	n/a	n/a	intervals/encoding_table	57	564.188620	572.254936
564.188620	0.000000	112838	ttl	1	70	n/a	n/a	n/a	n/a	n/a	n/a	n/a	n/a	n/a	n/a	n/a	n/a	n/a	n/a	n/a	n/a	n/a	n/a	n/a	n/a	n/a	564.188620	n/a
572.254936	0.000000	114451	ttl	2	70	n/a	n/a	n/a	n/a	n/a	n/a	n/a	n/a	n/a	n/a	n/a	n/a	n/a	n/a	n/a	n/a	n/a	n/a	n/a	n/a	n/a	572.254936	n/a
572.274013	0.000000	114455	ttl	11	70	n/a	n/a	n/a	n/a	n/a	n/a	n/a	n/a	n/a	n/a	n/a	n/a	n/a	n/a	n/a	n/a	n/a	n/a	n/a	n/a	n/a	572.274013	n/a
573.253716	8.064234	114651	encoding	n/a	n/a	HB_16.mp4	70.0	577.25371625	n/a	n/a	572.27401275	2	n/a	n/a	n/a	n/a	n/a	n/a	n/a	n/a	n/a	n/a	n/a	n/a	intervals/encoding_table	58	573.253716	581.317950
573.253716	0.000000	114651	ttl	1	70	n/a	n/a	n/a	n/a	n/a	n/a	n/a	n/a	n/a	n/a	n/a	n/a	n/a	n/a	n/a	n/a	n/a	n/a	n/a	n/a	n/a	573.253716	n/a
581.317950	0.000000	116264	ttl	2	70	n/a	n/a	n/a	n/a	n/a	n/a	n/a	n/a	n/a	n/a	n/a	n/a	n/a	n/a	n/a	n/a	n/a	n/a	n/a	n/a	n/a	581.317950	n/a
581.337013	0.000000	116267	ttl	11	70	n/a	n/a	n/a	n/a	n/a	n/a	n/a	n/a	n/a	n/a	n/a	n/a	n/a	n/a	n/a	n/a	n/a	n/a	n/a	n/a	n/a	581.337013	n/a
582.374462	8.030431	116475	encoding	n/a	n/a	HB_17.mp4	70.0	586.3744624999999	n/a	n/a	581.337013	2	n/a	n/a	n/a	n/a	n/a	n/a	n/a	n/a	n/a	n/a	n/a	n/a	intervals/encoding_table	59	582.374462	590.404893
582.374462	0.000000	116475	ttl	1	70	n/a	n/a	n/a	n/a	n/a	n/a	n/a	n/a	n/a	n/a	n/a	n/a	n/a	n/a	n/a	n/a	n/a	n/a	n/a	n/a	n/a	582.374462	n/a
590.404893	0.000000	118081	ttl	2	70	n/a	n/a	n/a	n/a	n/a	n/a	n/a	n/a	n/a	n/a	n/a	n/a	n/a	n/a	n/a	n/a	n/a	n/a	n/a	n/a	n/a	590.404893	n/a
590.424019	0.000000	118085	ttl	11	70	n/a	n/a	n/a	n/a	n/a	n/a	n/a	n/a	n/a	n/a	n/a	n/a	n/a	n/a	n/a	n/a	n/a	n/a	n/a	n/a	n/a	590.424019	n/a
591.338637	7.932216	118268	encoding	n/a	n/a	SB_23.mp4	70.0	594.036895	595.590741	n/a	590.4240189999999	1	n/a	n/a	n/a	n/a	n/a	n/a	n/a	n/a	n/a	n/a	n/a	n/a	intervals/encoding_table	60	591.338637	599.270852
591.338637	0.000000	118268	ttl	1	70	n/a	n/a	n/a	n/a	n/a	n/a	n/a	n/a	n/a	n/a	n/a	n/a	n/a	n/a	n/a	n/a	n/a	n/a	n/a	n/a	n/a	591.338637	n/a
599.270852	0.000000	119854	ttl	2	70	n/a	n/a	n/a	n/a	n/a	n/a	n/a	n/a	n/a	n/a	n/a	n/a	n/a	n/a	n/a	n/a	n/a	n/a	n/a	n/a	n/a	599.270852	n/a
604.246573	0.000000	120849	ttl	11	70	n/a	n/a	n/a	n/a	n/a	n/a	n/a	n/a	n/a	n/a	n/a	n/a	n/a	n/a	n/a	n/a	n/a	n/a	n/a	n/a	n/a	604.246573	n/a
605.298182	8.062028	121060	encoding	n/a	n/a	SB_12.mp4	70.0	611.1511465	n/a	n/a	604.24657325	1	n/a	n/a	n/a	n/a	n/a	n/a	n/a	n/a	n/a	n/a	n/a	n/a	intervals/encoding_table	61	605.298182	613.360211
605.298182	0.000000	121060	ttl	1	70	n/a	n/a	n/a	n/a	n/a	n/a	n/a	n/a	n/a	n/a	n/a	n/a	n/a	n/a	n/a	n/a	n/a	n/a	n/a	n/a	n/a	605.298182	n/a
613.360211	0.000000	122672	ttl	2	70	n/a	n/a	n/a	n/a	n/a	n/a	n/a	n/a	n/a	n/a	n/a	n/a	n/a	n/a	n/a	n/a	n/a	n/a	n/a	n/a	n/a	613.360211	n/a
613.379326	0.000000	122676	ttl	11	70	n/a	n/a	n/a	n/a	n/a	n/a	n/a	n/a	n/a	n/a	n/a	n/a	n/a	n/a	n/a	n/a	n/a	n/a	n/a	n/a	n/a	613.379326	n/a
614.289470	8.332489	122858	encoding	n/a	n/a	HB_26.mp4	70.0	618.2894705	n/a	n/a	613.379326	2	n/a	n/a	n/a	n/a	n/a	n/a	n/a	n/a	n/a	n/a	n/a	n/a	intervals/encoding_table	62	614.289470	622.621960
614.289470	0.000000	122858	ttl	1	70	n/a	n/a	n/a	n/a	n/a	n/a	n/a	n/a	n/a	n/a	n/a	n/a	n/a	n/a	n/a	n/a	n/a	n/a	n/a	n/a	n/a	614.289470	n/a
622.621960	0.000000	124524	ttl	2	70	n/a	n/a	n/a	n/a	n/a	n/a	n/a	n/a	n/a	n/a	n/a	n/a	n/a	n/a	n/a	n/a	n/a	n/a	n/a	n/a	n/a	622.621960	n/a
622.641186	0.000000	124528	ttl	11	70	n/a	n/a	n/a	n/a	n/a	n/a	n/a	n/a	n/a	n/a	n/a	n/a	n/a	n/a	n/a	n/a	n/a	n/a	n/a	n/a	n/a	622.641186	n/a
623.669668	7.932586	124734	encoding	n/a	n/a	SB_9.mp4	70.0	629.4572025	n/a	n/a	622.641186	1	n/a	n/a	n/a	n/a	n/a	n/a	n/a	n/a	n/a	n/a	n/a	n/a	intervals/encoding_table	63	623.669668	631.602254
623.669668	0.000000	124734	ttl	1	70	n/a	n/a	n/a	n/a	n/a	n/a	n/a	n/a	n/a	n/a	n/a	n/a	n/a	n/a	n/a	n/a	n/a	n/a	n/a	n/a	n/a	623.669668	n/a
631.602254	0.000000	126320	ttl	2	70	n/a	n/a	n/a	n/a	n/a	n/a	n/a	n/a	n/a	n/a	n/a	n/a	n/a	n/a	n/a	n/a	n/a	n/a	n/a	n/a	n/a	631.602254	n/a
631.621314	0.000000	126324	ttl	11	70	n/a	n/a	n/a	n/a	n/a	n/a	n/a	n/a	n/a	n/a	n/a	n/a	n/a	n/a	n/a	n/a	n/a	n/a	n/a	n/a	n/a	631.621314	n/a
632.621469	7.998689	126524	encoding	n/a	n/a	SB_24.mp4	70.0	635.4894555	636.58179825	n/a	631.621314	1	n/a	n/a	n/a	n/a	n/a	n/a	n/a	n/a	n/a	n/a	n/a	n/a	intervals/encoding_table	64	632.621469	640.620158
632.621469	0.000000	126524	ttl	1	70	n/a	n/a	n/a	n/a	n/a	n/a	n/a	n/a	n/a	n/a	n/a	n/a	n/a	n/a	n/a	n/a	n/a	n/a	n/a	n/a	n/a	632.621469	n/a
640.620158	0.000000	128124	ttl	2	70	n/a	n/a	n/a	n/a	n/a	n/a	n/a	n/a	n/a	n/a	n/a	n/a	n/a	n/a	n/a	n/a	n/a	n/a	n/a	n/a	n/a	640.620158	n/a
640.639318	0.000000	128128	ttl	11	70	n/a	n/a	n/a	n/a	n/a	n/a	n/a	n/a	n/a	n/a	n/a	n/a	n/a	n/a	n/a	n/a	n/a	n/a	n/a	n/a	n/a	640.639318	n/a
641.645336	8.432882	128329	encoding	n/a	n/a	HB_22.mp4	70.0	645.6453365	n/a	n/a	640.6393185	2	n/a	n/a	n/a	n/a	n/a	n/a	n/a	n/a	n/a	n/a	n/a	n/a	intervals/encoding_table	65	641.645336	650.078218
641.645336	0.000000	128329	ttl	1	70	n/a	n/a	n/a	n/a	n/a	n/a	n/a	n/a	n/a	n/a	n/a	n/a	n/a	n/a	n/a	n/a	n/a	n/a	n/a	n/a	n/a	641.645336	n/a
650.078218	0.000000	130016	ttl	2	70	n/a	n/a	n/a	n/a	n/a	n/a	n/a	n/a	n/a	n/a	n/a	n/a	n/a	n/a	n/a	n/a	n/a	n/a	n/a	n/a	n/a	650.078218	n/a
650.097133	0.000000	130019	ttl	11	70	n/a	n/a	n/a	n/a	n/a	n/a	n/a	n/a	n/a	n/a	n/a	n/a	n/a	n/a	n/a	n/a	n/a	n/a	n/a	n/a	n/a	650.097133	n/a
651.144784	8.099931	130229	encoding	n/a	n/a	NB_17.mp4	70.0	655.1447835	n/a	n/a	650.09713325	0	n/a	n/a	n/a	n/a	n/a	n/a	n/a	n/a	n/a	n/a	n/a	n/a	intervals/encoding_table	66	651.144784	659.244715
651.144784	0.000000	130229	ttl	1	70	n/a	n/a	n/a	n/a	n/a	n/a	n/a	n/a	n/a	n/a	n/a	n/a	n/a	n/a	n/a	n/a	n/a	n/a	n/a	n/a	n/a	651.144784	n/a
659.244715	0.000000	131849	ttl	2	70	n/a	n/a	n/a	n/a	n/a	n/a	n/a	n/a	n/a	n/a	n/a	n/a	n/a	n/a	n/a	n/a	n/a	n/a	n/a	n/a	n/a	659.244715	n/a
659.263504	0.000000	131853	ttl	11	70	n/a	n/a	n/a	n/a	n/a	n/a	n/a	n/a	n/a	n/a	n/a	n/a	n/a	n/a	n/a	n/a	n/a	n/a	n/a	n/a	n/a	659.263504	n/a
660.218418	8.930501	132044	encoding	n/a	n/a	SB_18.mp4	70.0	663.04988925	664.83434325	n/a	659.2635045	1	n/a	n/a	n/a	n/a	n/a	n/a	n/a	n/a	n/a	n/a	n/a	n/a	intervals/encoding_table	67	660.218418	669.148919
660.218418	0.000000	132044	ttl	1	70	n/a	n/a	n/a	n/a	n/a	n/a	n/a	n/a	n/a	n/a	n/a	n/a	n/a	n/a	n/a	n/a	n/a	n/a	n/a	n/a	n/a	660.218418	n/a
669.148919	0.000000	133830	ttl	2	70	n/a	n/a	n/a	n/a	n/a	n/a	n/a	n/a	n/a	n/a	n/a	n/a	n/a	n/a	n/a	n/a	n/a	n/a	n/a	n/a	n/a	669.148919	n/a
678.800255	0.000000	135760	ttl	11	70	n/a	n/a	n/a	n/a	n/a	n/a	n/a	n/a	n/a	n/a	n/a	n/a	n/a	n/a	n/a	n/a	n/a	n/a	n/a	n/a	n/a	678.800255	n/a
679.747862	7.964255	135950	encoding	n/a	n/a	HB_24.mp4	70.0	683.7478625	n/a	n/a	678.80025525	2	n/a	n/a	n/a	n/a	n/a	n/a	n/a	n/a	n/a	n/a	n/a	n/a	intervals/encoding_table	68	679.747862	687.712118
679.747862	0.000000	135950	ttl	1	70	n/a	n/a	n/a	n/a	n/a	n/a	n/a	n/a	n/a	n/a	n/a	n/a	n/a	n/a	n/a	n/a	n/a	n/a	n/a	n/a	n/a	679.747862	n/a
687.712118	0.000000	137542	ttl	2	70	n/a	n/a	n/a	n/a	n/a	n/a	n/a	n/a	n/a	n/a	n/a	n/a	n/a	n/a	n/a	n/a	n/a	n/a	n/a	n/a	n/a	687.712118	n/a
687.731027	0.000000	137546	ttl	11	70	n/a	n/a	n/a	n/a	n/a	n/a	n/a	n/a	n/a	n/a	n/a	n/a	n/a	n/a	n/a	n/a	n/a	n/a	n/a	n/a	n/a	687.731027	n/a
688.783015	7.998744	137757	encoding	n/a	n/a	NB_9.mp4	70.0	692.7830154999999	n/a	n/a	687.7310269999999	0	n/a	n/a	n/a	n/a	n/a	n/a	n/a	n/a	n/a	n/a	n/a	n/a	intervals/encoding_table	69	688.783015	696.781759
688.783015	0.000000	137757	ttl	1	70	n/a	n/a	n/a	n/a	n/a	n/a	n/a	n/a	n/a	n/a	n/a	n/a	n/a	n/a	n/a	n/a	n/a	n/a	n/a	n/a	n/a	688.783015	n/a
696.781759	0.000000	139356	ttl	2	70	n/a	n/a	n/a	n/a	n/a	n/a	n/a	n/a	n/a	n/a	n/a	n/a	n/a	n/a	n/a	n/a	n/a	n/a	n/a	n/a	n/a	696.781759	n/a
696.800748	0.000000	139360	ttl	11	70	n/a	n/a	n/a	n/a	n/a	n/a	n/a	n/a	n/a	n/a	n/a	n/a	n/a	n/a	n/a	n/a	n/a	n/a	n/a	n/a	n/a	696.800748	n/a
697.892767	8.033364	139579	encoding	n/a	n/a	HB_14.mp4	70.0	701.89276725	700.640459	703.81452975	696.80074825	2	n/a	n/a	n/a	n/a	n/a	n/a	n/a	n/a	n/a	n/a	n/a	n/a	intervals/encoding_table	70	697.892767	705.926131
697.892767	0.000000	139579	ttl	1	70	n/a	n/a	n/a	n/a	n/a	n/a	n/a	n/a	n/a	n/a	n/a	n/a	n/a	n/a	n/a	n/a	n/a	n/a	n/a	n/a	n/a	697.892767	n/a
705.926131	0.000000	141185	ttl	2	70	n/a	n/a	n/a	n/a	n/a	n/a	n/a	n/a	n/a	n/a	n/a	n/a	n/a	n/a	n/a	n/a	n/a	n/a	n/a	n/a	n/a	705.926131	n/a
705.945063	0.000000	141189	ttl	11	70	n/a	n/a	n/a	n/a	n/a	n/a	n/a	n/a	n/a	n/a	n/a	n/a	n/a	n/a	n/a	n/a	n/a	n/a	n/a	n/a	n/a	705.945063	n/a
706.878304	7.166065	141376	encoding	n/a	n/a	NB_20.mp4	70.0	710.878304	n/a	n/a	705.9450627499999	0	n/a	n/a	n/a	n/a	n/a	n/a	n/a	n/a	n/a	n/a	n/a	n/a	intervals/encoding_table	71	706.878304	714.044369
706.878304	0.000000	141376	ttl	1	70	n/a	n/a	n/a	n/a	n/a	n/a	n/a	n/a	n/a	n/a	n/a	n/a	n/a	n/a	n/a	n/a	n/a	n/a	n/a	n/a	n/a	706.878304	n/a
714.044369	0.000000	142809	ttl	2	70	n/a	n/a	n/a	n/a	n/a	n/a	n/a	n/a	n/a	n/a	n/a	n/a	n/a	n/a	n/a	n/a	n/a	n/a	n/a	n/a	n/a	714.044369	n/a
714.063320	0.000000	142813	ttl	11	70	n/a	n/a	n/a	n/a	n/a	n/a	n/a	n/a	n/a	n/a	n/a	n/a	n/a	n/a	n/a	n/a	n/a	n/a	n/a	n/a	n/a	714.063320	n/a
715.039039	7.980225	143008	encoding	n/a	n/a	HB_5.mp4	70.0	719.039039	721.09853775	n/a	714.06332025	2	n/a	n/a	n/a	n/a	n/a	n/a	n/a	n/a	n/a	n/a	n/a	n/a	intervals/encoding_table	72	715.039039	723.019264
715.039039	0.000000	143008	ttl	1	70	n/a	n/a	n/a	n/a	n/a	n/a	n/a	n/a	n/a	n/a	n/a	n/a	n/a	n/a	n/a	n/a	n/a	n/a	n/a	n/a	n/a	715.039039	n/a
723.019264	0.000000	144604	ttl	2	70	n/a	n/a	n/a	n/a	n/a	n/a	n/a	n/a	n/a	n/a	n/a	n/a	n/a	n/a	n/a	n/a	n/a	n/a	n/a	n/a	n/a	723.019264	n/a
723.038040	0.000000	144608	ttl	11	70	n/a	n/a	n/a	n/a	n/a	n/a	n/a	n/a	n/a	n/a	n/a	n/a	n/a	n/a	n/a	n/a	n/a	n/a	n/a	n/a	n/a	723.038040	n/a
723.957400	7.113589	144791	encoding	n/a	n/a	NB_25.mp4	70.0	727.9574	n/a	n/a	723.0380397499999	0	n/a	n/a	n/a	n/a	n/a	n/a	n/a	n/a	n/a	n/a	n/a	n/a	intervals/encoding_table	73	723.957400	731.070989
723.957400	0.000000	144791	ttl	1	70	n/a	n/a	n/a	n/a	n/a	n/a	n/a	n/a	n/a	n/a	n/a	n/a	n/a	n/a	n/a	n/a	n/a	n/a	n/a	n/a	n/a	723.957400	n/a
731.070989	0.000000	146214	ttl	2	70	n/a	n/a	n/a	n/a	n/a	n/a	n/a	n/a	n/a	n/a	n/a	n/a	n/a	n/a	n/a	n/a	n/a	n/a	n/a	n/a	n/a	731.070989	n/a
736.749997	0.000000	147350	ttl	11	70	n/a	n/a	n/a	n/a	n/a	n/a	n/a	n/a	n/a	n/a	n/a	n/a	n/a	n/a	n/a	n/a	n/a	n/a	n/a	n/a	n/a	736.749997	n/a
737.836910	7.930957	147567	encoding	n/a	n/a	NB_16.mp4	70.0	741.83691	n/a	n/a	736.7499975	0	n/a	n/a	n/a	n/a	n/a	n/a	n/a	n/a	n/a	n/a	n/a	n/a	intervals/encoding_table	74	737.836910	745.767867
737.836910	0.000000	147567	ttl	1	70	n/a	n/a	n/a	n/a	n/a	n/a	n/a	n/a	n/a	n/a	n/a	n/a	n/a	n/a	n/a	n/a	n/a	n/a	n/a	n/a	n/a	737.836910	n/a
745.767867	0.000000	149154	ttl	2	70	n/a	n/a	n/a	n/a	n/a	n/a	n/a	n/a	n/a	n/a	n/a	n/a	n/a	n/a	n/a	n/a	n/a	n/a	n/a	n/a	n/a	745.767867	n/a
745.786786	0.000000	149157	ttl	11	70	n/a	n/a	n/a	n/a	n/a	n/a	n/a	n/a	n/a	n/a	n/a	n/a	n/a	n/a	n/a	n/a	n/a	n/a	n/a	n/a	n/a	745.786786	n/a
746.847370	7.996109	149369	encoding	n/a	n/a	NB_19.mp4	70.0	750.84736975	n/a	n/a	745.7867865	0	n/a	n/a	n/a	n/a	n/a	n/a	n/a	n/a	n/a	n/a	n/a	n/a	intervals/encoding_table	75	746.847370	754.843479
746.847370	0.000000	149369	ttl	1	70	n/a	n/a	n/a	n/a	n/a	n/a	n/a	n/a	n/a	n/a	n/a	n/a	n/a	n/a	n/a	n/a	n/a	n/a	n/a	n/a	n/a	746.847370	n/a
754.843479	0.000000	150969	ttl	2	70	n/a	n/a	n/a	n/a	n/a	n/a	n/a	n/a	n/a	n/a	n/a	n/a	n/a	n/a	n/a	n/a	n/a	n/a	n/a	n/a	n/a	754.843479	n/a
754.862434	0.000000	150972	ttl	11	70	n/a	n/a	n/a	n/a	n/a	n/a	n/a	n/a	n/a	n/a	n/a	n/a	n/a	n/a	n/a	n/a	n/a	n/a	n/a	n/a	n/a	754.862434	n/a
755.908475	8.062697	151182	encoding	n/a	n/a	SB_5.mp4	70.0	760.07027125	n/a	n/a	754.8624337499999	1	n/a	n/a	n/a	n/a	n/a	n/a	n/a	n/a	n/a	n/a	n/a	n/a	intervals/encoding_table	76	755.908475	763.971171
755.908475	0.000000	151182	ttl	1	70	n/a	n/a	n/a	n/a	n/a	n/a	n/a	n/a	n/a	n/a	n/a	n/a	n/a	n/a	n/a	n/a	n/a	n/a	n/a	n/a	n/a	755.908475	n/a
763.971171	0.000000	152794	ttl	2	70	n/a	n/a	n/a	n/a	n/a	n/a	n/a	n/a	n/a	n/a	n/a	n/a	n/a	n/a	n/a	n/a	n/a	n/a	n/a	n/a	n/a	763.971171	n/a
763.990100	0.000000	152798	ttl	11	70	n/a	n/a	n/a	n/a	n/a	n/a	n/a	n/a	n/a	n/a	n/a	n/a	n/a	n/a	n/a	n/a	n/a	n/a	n/a	n/a	n/a	763.990100	n/a
765.049042	8.197017	153010	encoding	n/a	n/a	NB_18.mp4	70.0	769.0490424999999	n/a	n/a	763.99009975	0	n/a	n/a	n/a	n/a	n/a	n/a	n/a	n/a	n/a	n/a	n/a	n/a	intervals/encoding_table	77	765.049042	773.246059
765.049042	0.000000	153010	ttl	1	70	n/a	n/a	n/a	n/a	n/a	n/a	n/a	n/a	n/a	n/a	n/a	n/a	n/a	n/a	n/a	n/a	n/a	n/a	n/a	n/a	n/a	765.049042	n/a
773.246059	0.000000	154649	ttl	2	70	n/a	n/a	n/a	n/a	n/a	n/a	n/a	n/a	n/a	n/a	n/a	n/a	n/a	n/a	n/a	n/a	n/a	n/a	n/a	n/a	n/a	773.246059	n/a
773.265081	0.000000	154653	ttl	11	70	n/a	n/a	n/a	n/a	n/a	n/a	n/a	n/a	n/a	n/a	n/a	n/a	n/a	n/a	n/a	n/a	n/a	n/a	n/a	n/a	n/a	773.265081	n/a
774.279795	8.966253	154856	encoding	n/a	n/a	HB_7.mp4	70.0	778.2797949999999	777.6791549999999	780.35340275	773.265081	2	n/a	n/a	n/a	n/a	n/a	n/a	n/a	n/a	n/a	n/a	n/a	n/a	intervals/encoding_table	78	774.279795	783.246048
774.279795	0.000000	154856	ttl	1	70	n/a	n/a	n/a	n/a	n/a	n/a	n/a	n/a	n/a	n/a	n/a	n/a	n/a	n/a	n/a	n/a	n/a	n/a	n/a	n/a	n/a	774.279795	n/a
783.246048	0.000000	156649	ttl	2	70	n/a	n/a	n/a	n/a	n/a	n/a	n/a	n/a	n/a	n/a	n/a	n/a	n/a	n/a	n/a	n/a	n/a	n/a	n/a	n/a	n/a	783.246048	n/a
787.859911	0.000000	157572	ttl	11	70	n/a	n/a	n/a	n/a	n/a	n/a	n/a	n/a	n/a	n/a	n/a	n/a	n/a	n/a	n/a	n/a	n/a	n/a	n/a	n/a	n/a	787.859911	n/a
788.832249	8.104574	157766	encoding	n/a	n/a	SB_30.mp4	70.0	789.383918	790.664227	792.41891375	787.859911	1	n/a	n/a	n/a	n/a	n/a	n/a	n/a	n/a	n/a	n/a	n/a	n/a	intervals/encoding_table	79	788.832249	796.936823
788.832249	0.000000	157766	ttl	1	70	n/a	n/a	n/a	n/a	n/a	n/a	n/a	n/a	n/a	n/a	n/a	n/a	n/a	n/a	n/a	n/a	n/a	n/a	n/a	n/a	n/a	788.832249	n/a
796.936823	0.000000	159387	ttl	2	70	n/a	n/a	n/a	n/a	n/a	n/a	n/a	n/a	n/a	n/a	n/a	n/a	n/a	n/a	n/a	n/a	n/a	n/a	n/a	n/a	n/a	796.936823	n/a
796.955757	0.000000	159391	ttl	11	70	n/a	n/a	n/a	n/a	n/a	n/a	n/a	n/a	n/a	n/a	n/a	n/a	n/a	n/a	n/a	n/a	n/a	n/a	n/a	n/a	n/a	796.955757	n/a
797.888023	7.832155	159578	encoding	n/a	n/a	HB_29.mp4	70.0	801.8880234999999	n/a	n/a	796.95575675	2	n/a	n/a	n/a	n/a	n/a	n/a	n/a	n/a	n/a	n/a	n/a	n/a	intervals/encoding_table	80	797.888023	805.720179
797.888023	0.000000	159578	ttl	1	70	n/a	n/a	n/a	n/a	n/a	n/a	n/a	n/a	n/a	n/a	n/a	n/a	n/a	n/a	n/a	n/a	n/a	n/a	n/a	n/a	n/a	797.888023	n/a
805.720179	0.000000	161144	ttl	2	70	n/a	n/a	n/a	n/a	n/a	n/a	n/a	n/a	n/a	n/a	n/a	n/a	n/a	n/a	n/a	n/a	n/a	n/a	n/a	n/a	n/a	805.720179	n/a
805.739106	0.000000	161148	ttl	11	70	n/a	n/a	n/a	n/a	n/a	n/a	n/a	n/a	n/a	n/a	n/a	n/a	n/a	n/a	n/a	n/a	n/a	n/a	n/a	n/a	n/a	805.739106	n/a
806.816380	8.033321	161363	encoding	n/a	n/a	HB_9.mp4	70.0	810.81638	809.2795494999999	812.691027	805.7391057499999	2	n/a	n/a	n/a	n/a	n/a	n/a	n/a	n/a	n/a	n/a	n/a	n/a	intervals/encoding_table	81	806.816380	814.849701
806.816380	0.000000	161363	ttl	1	70	n/a	n/a	n/a	n/a	n/a	n/a	n/a	n/a	n/a	n/a	n/a	n/a	n/a	n/a	n/a	n/a	n/a	n/a	n/a	n/a	n/a	806.816380	n/a
814.849701	0.000000	162970	ttl	2	70	n/a	n/a	n/a	n/a	n/a	n/a	n/a	n/a	n/a	n/a	n/a	n/a	n/a	n/a	n/a	n/a	n/a	n/a	n/a	n/a	n/a	814.849701	n/a
814.868807	0.000000	162974	ttl	11	70	n/a	n/a	n/a	n/a	n/a	n/a	n/a	n/a	n/a	n/a	n/a	n/a	n/a	n/a	n/a	n/a	n/a	n/a	n/a	n/a	n/a	814.868807	n/a
815.949207	7.796445	163190	encoding	n/a	n/a	HB_6.mp4	70.0	819.9492067499999	818.195117	822.2288525	814.868807	2	n/a	n/a	n/a	n/a	n/a	n/a	n/a	n/a	n/a	n/a	n/a	n/a	intervals/encoding_table	82	815.949207	823.745652
815.949207	0.000000	163190	ttl	1	70	n/a	n/a	n/a	n/a	n/a	n/a	n/a	n/a	n/a	n/a	n/a	n/a	n/a	n/a	n/a	n/a	n/a	n/a	n/a	n/a	n/a	815.949207	n/a
823.745652	0.000000	164749	ttl	2	70	n/a	n/a	n/a	n/a	n/a	n/a	n/a	n/a	n/a	n/a	n/a	n/a	n/a	n/a	n/a	n/a	n/a	n/a	n/a	n/a	n/a	823.745652	n/a
823.764585	0.000000	164753	ttl	11	70	n/a	n/a	n/a	n/a	n/a	n/a	n/a	n/a	n/a	n/a	n/a	n/a	n/a	n/a	n/a	n/a	n/a	n/a	n/a	n/a	n/a	823.764585	n/a
824.816302	8.433393	164963	encoding	n/a	n/a	SB_25.mp4	70.0	827.173772	828.3680355	n/a	823.76458525	1	n/a	n/a	n/a	n/a	n/a	n/a	n/a	n/a	n/a	n/a	n/a	n/a	intervals/encoding_table	83	824.816302	833.249695
824.816302	0.000000	164963	ttl	1	70	n/a	n/a	n/a	n/a	n/a	n/a	n/a	n/a	n/a	n/a	n/a	n/a	n/a	n/a	n/a	n/a	n/a	n/a	n/a	n/a	n/a	824.816302	n/a
833.249695	0.000000	166650	ttl	2	70	n/a	n/a	n/a	n/a	n/a	n/a	n/a	n/a	n/a	n/a	n/a	n/a	n/a	n/a	n/a	n/a	n/a	n/a	n/a	n/a	n/a	833.249695	n/a
837.161679	0.000000	167432	ttl	11	70	n/a	n/a	n/a	n/a	n/a	n/a	n/a	n/a	n/a	n/a	n/a	n/a	n/a	n/a	n/a	n/a	n/a	n/a	n/a	n/a	n/a	837.161679	n/a
838.134037	7.596189	167627	encoding	n/a	n/a	SB_28.mp4	70.0	839.1096865	841.2579617499999	842.90427475	837.16167875	1	n/a	n/a	n/a	n/a	n/a	n/a	n/a	n/a	n/a	n/a	n/a	n/a	intervals/encoding_table	84	838.134037	845.730226
838.134037	0.000000	167627	ttl	1	70	n/a	n/a	n/a	n/a	n/a	n/a	n/a	n/a	n/a	n/a	n/a	n/a	n/a	n/a	n/a	n/a	n/a	n/a	n/a	n/a	n/a	838.134037	n/a
845.730226	0.000000	169146	ttl	2	70	n/a	n/a	n/a	n/a	n/a	n/a	n/a	n/a	n/a	n/a	n/a	n/a	n/a	n/a	n/a	n/a	n/a	n/a	n/a	n/a	n/a	845.730226	n/a
845.749213	0.000000	169150	ttl	11	70	n/a	n/a	n/a	n/a	n/a	n/a	n/a	n/a	n/a	n/a	n/a	n/a	n/a	n/a	n/a	n/a	n/a	n/a	n/a	n/a	n/a	845.749213	n/a
846.748458	7.929910	169350	encoding	n/a	n/a	NB_3.mp4	70.0	850.74845825	n/a	n/a	845.7492132499999	0	n/a	n/a	n/a	n/a	n/a	n/a	n/a	n/a	n/a	n/a	n/a	n/a	intervals/encoding_table	85	846.748458	854.678368
846.748458	0.000000	169350	ttl	1	70	n/a	n/a	n/a	n/a	n/a	n/a	n/a	n/a	n/a	n/a	n/a	n/a	n/a	n/a	n/a	n/a	n/a	n/a	n/a	n/a	n/a	846.748458	n/a
854.678368	0.000000	170936	ttl	2	70	n/a	n/a	n/a	n/a	n/a	n/a	n/a	n/a	n/a	n/a	n/a	n/a	n/a	n/a	n/a	n/a	n/a	n/a	n/a	n/a	n/a	854.678368	n/a
854.697462	0.000000	170939	ttl	11	70	n/a	n/a	n/a	n/a	n/a	n/a	n/a	n/a	n/a	n/a	n/a	n/a	n/a	n/a	n/a	n/a	n/a	n/a	n/a	n/a	n/a	854.697462	n/a
855.729199	8.097942	171146	encoding	n/a	n/a	HB_25.mp4	70.0	859.729199	n/a	n/a	854.697462	2	n/a	n/a	n/a	n/a	n/a	n/a	n/a	n/a	n/a	n/a	n/a	n/a	intervals/encoding_table	86	855.729199	863.827141
855.729199	0.000000	171146	ttl	1	70	n/a	n/a	n/a	n/a	n/a	n/a	n/a	n/a	n/a	n/a	n/a	n/a	n/a	n/a	n/a	n/a	n/a	n/a	n/a	n/a	n/a	855.729199	n/a
863.827141	0.000000	172765	ttl	2	70	n/a	n/a	n/a	n/a	n/a	n/a	n/a	n/a	n/a	n/a	n/a	n/a	n/a	n/a	n/a	n/a	n/a	n/a	n/a	n/a	n/a	863.827141	n/a
863.846015	0.000000	172769	ttl	11	70	n/a	n/a	n/a	n/a	n/a	n/a	n/a	n/a	n/a	n/a	n/a	n/a	n/a	n/a	n/a	n/a	n/a	n/a	n/a	n/a	n/a	863.846015	n/a
864.803808	8.265986	172961	encoding	n/a	n/a	NB_21.mp4	70.0	868.8038085	n/a	n/a	863.846015	0	n/a	n/a	n/a	n/a	n/a	n/a	n/a	n/a	n/a	n/a	n/a	n/a	intervals/encoding_table	87	864.803808	873.069794
864.803808	0.000000	172961	ttl	1	70	n/a	n/a	n/a	n/a	n/a	n/a	n/a	n/a	n/a	n/a	n/a	n/a	n/a	n/a	n/a	n/a	n/a	n/a	n/a	n/a	n/a	864.803808	n/a
873.069794	0.000000	174614	ttl	2	70	n/a	n/a	n/a	n/a	n/a	n/a	n/a	n/a	n/a	n/a	n/a	n/a	n/a	n/a	n/a	n/a	n/a	n/a	n/a	n/a	n/a	873.069794	n/a
873.088849	0.000000	174618	ttl	11	70	n/a	n/a	n/a	n/a	n/a	n/a	n/a	n/a	n/a	n/a	n/a	n/a	n/a	n/a	n/a	n/a	n/a	n/a	n/a	n/a	n/a	873.088849	n/a
874.017460	8.064874	174803	encoding	n/a	n/a	SB_21.mp4	70.0	876.32894175	878.7410337499999	n/a	873.08884875	1	n/a	n/a	n/a	n/a	n/a	n/a	n/a	n/a	n/a	n/a	n/a	n/a	intervals/encoding_table	88	874.017460	882.082335
874.017460	0.000000	174803	ttl	1	70	n/a	n/a	n/a	n/a	n/a	n/a	n/a	n/a	n/a	n/a	n/a	n/a	n/a	n/a	n/a	n/a	n/a	n/a	n/a	n/a	n/a	874.017460	n/a
882.082335	0.000000	176416	ttl	2	70	n/a	n/a	n/a	n/a	n/a	n/a	n/a	n/a	n/a	n/a	n/a	n/a	n/a	n/a	n/a	n/a	n/a	n/a	n/a	n/a	n/a	882.082335	n/a
882.931494	0.000000	176586	ttl	11	70	n/a	n/a	n/a	n/a	n/a	n/a	n/a	n/a	n/a	n/a	n/a	n/a	n/a	n/a	n/a	n/a	n/a	n/a	n/a	n/a	n/a	882.931494	n/a
883.893121	7.966479	176779	encoding	n/a	n/a	SB_7.mp4	70.0	886.285612	n/a	n/a	882.9314945	1	n/a	n/a	n/a	n/a	n/a	n/a	n/a	n/a	n/a	n/a	n/a	n/a	intervals/encoding_table	89	883.893121	891.859600
883.893121	0.000000	176779	ttl	1	70	n/a	n/a	n/a	n/a	n/a	n/a	n/a	n/a	n/a	n/a	n/a	n/a	n/a	n/a	n/a	n/a	n/a	n/a	n/a	n/a	n/a	883.893121	n/a
891.859600	0.000000	178372	ttl	2	70	n/a	n/a	n/a	n/a	n/a	n/a	n/a	n/a	n/a	n/a	n/a	n/a	n/a	n/a	n/a	n/a	n/a	n/a	n/a	n/a	n/a	891.859600	n/a
891.915098	0.000000	178383	ttl	60	70	n/a	n/a	n/a	n/a	n/a	n/a	n/a	n/a	n/a	n/a	n/a	n/a	n/a	n/a	n/a	n/a	n/a	n/a	n/a	n/a	n/a	891.915098	n/a
1237.009957	0.000000	247402	ttl	61	71	n/a	n/a	n/a	n/a	n/a	n/a	n/a	n/a	n/a	n/a	n/a	n/a	n/a	n/a	n/a	n/a	n/a	n/a	n/a	n/a	n/a	1237.009957	n/a
1237.062816	0.000000	247413	ttl	11	71	n/a	n/a	n/a	n/a	n/a	n/a	n/a	n/a	n/a	n/a	n/a	n/a	n/a	n/a	n/a	n/a	n/a	n/a	n/a	n/a	n/a	1237.062816	n/a
1237.584746	1.555707	247517	scene_recognition	n/a	n/a	n/a	71.0	n/a	n/a	n/a	1237.06281575	n/a	1.367522286322128	2	3	3	HB_9_frameB_foil.png	1	7	1240.5079755	0	1	n/a	n/a	intervals/recognition_table	0	1237.584746	1239.140453
1237.584746	0.000000	247517	ttl	1	71	n/a	n/a	n/a	n/a	n/a	n/a	n/a	n/a	n/a	n/a	n/a	n/a	n/a	n/a	n/a	n/a	n/a	n/a	n/a	n/a	n/a	1237.584746	n/a
1239.140453	0.000000	247828	ttl	2	71	n/a	n/a	n/a	n/a	n/a	n/a	n/a	n/a	n/a	n/a	n/a	n/a	n/a	n/a	n/a	n/a	n/a	n/a	n/a	n/a	n/a	1239.140453	n/a
1240.507975	0.000000	248102	ttl	4	71	n/a	n/a	n/a	n/a	n/a	n/a	n/a	n/a	n/a	n/a	n/a	n/a	n/a	n/a	n/a	n/a	n/a	n/a	n/a	n/a	n/a	1240.507975	n/a
1240.525447	0.000000	248105	ttl	11	71	n/a	n/a	n/a	n/a	n/a	n/a	n/a	n/a	n/a	n/a	n/a	n/a	n/a	n/a	n/a	n/a	n/a	n/a	n/a	n/a	n/a	1240.525447	n/a
1241.067553	1.527416	248214	scene_recognition	n/a	n/a	n/a	71.0	n/a	n/a	n/a	1240.52544675	n/a	2.017555992371854	2	1	3	NB_25_frameB.png	2	2	1244.6125244999998	1	2	n/a	n/a	intervals/recognition_table	1	1241.067553	1242.594969
1241.067553	0.000000	248214	ttl	1	71	n/a	n/a	n/a	n/a	n/a	n/a	n/a	n/a	n/a	n/a	n/a	n/a	n/a	n/a	n/a	n/a	n/a	n/a	n/a	n/a	n/a	1241.067553	n/a
1242.594969	0.000000	248519	ttl	2	71	n/a	n/a	n/a	n/a	n/a	n/a	n/a	n/a	n/a	n/a	n/a	n/a	n/a	n/a	n/a	n/a	n/a	n/a	n/a	n/a	n/a	1242.594969	n/a
1244.612524	0.000000	248923	ttl	4	71	n/a	n/a	n/a	n/a	n/a	n/a	n/a	n/a	n/a	n/a	n/a	n/a	n/a	n/a	n/a	n/a	n/a	n/a	n/a	n/a	n/a	1244.612524	n/a
1244.627315	0.000000	248925	ttl	11	71	n/a	n/a	n/a	n/a	n/a	n/a	n/a	n/a	n/a	n/a	n/a	n/a	n/a	n/a	n/a	n/a	n/a	n/a	n/a	n/a	n/a	1244.627315	n/a
1245.169406	1.527781	249034	scene_recognition	n/a	n/a	n/a	71.0	n/a	n/a	n/a	1244.6273155	n/a	0.11053251457997249	2	2	3	SB_5_frameA.png	2	2	1246.8077205	1	3	n/a	n/a	intervals/recognition_table	2	1245.169406	1246.697188
1245.169406	0.000000	249034	ttl	1	71	n/a	n/a	n/a	n/a	n/a	n/a	n/a	n/a	n/a	n/a	n/a	n/a	n/a	n/a	n/a	n/a	n/a	n/a	n/a	n/a	n/a	1245.169406	n/a
1246.697188	0.000000	249339	ttl	2	71	n/a	n/a	n/a	n/a	n/a	n/a	n/a	n/a	n/a	n/a	n/a	n/a	n/a	n/a	n/a	n/a	n/a	n/a	n/a	n/a	n/a	1246.697188	n/a
1246.807720	0.000000	249362	ttl	4	71	n/a	n/a	n/a	n/a	n/a	n/a	n/a	n/a	n/a	n/a	n/a	n/a	n/a	n/a	n/a	n/a	n/a	n/a	n/a	n/a	n/a	1246.807720	n/a
1246.820268	0.000000	249364	ttl	11	71	n/a	n/a	n/a	n/a	n/a	n/a	n/a	n/a	n/a	n/a	n/a	n/a	n/a	n/a	n/a	n/a	n/a	n/a	n/a	n/a	n/a	1246.820268	n/a
1247.342115	1.530666	249468	scene_recognition	n/a	n/a	n/a	71.0	n/a	n/a	n/a	1246.8202684999999	n/a	1.7917670984570577	2	1	3	NB_14_frameB_foil.png	1	7	1250.6645485	0	4	n/a	n/a	intervals/recognition_table	3	1247.342115	1248.872781
1247.342115	0.000000	249468	ttl	1	71	n/a	n/a	n/a	n/a	n/a	n/a	n/a	n/a	n/a	n/a	n/a	n/a	n/a	n/a	n/a	n/a	n/a	n/a	n/a	n/a	n/a	1247.342115	n/a
1248.872781	0.000000	249775	ttl	2	71	n/a	n/a	n/a	n/a	n/a	n/a	n/a	n/a	n/a	n/a	n/a	n/a	n/a	n/a	n/a	n/a	n/a	n/a	n/a	n/a	n/a	1248.872781	n/a
1250.664548	0.000000	250133	ttl	4	71	n/a	n/a	n/a	n/a	n/a	n/a	n/a	n/a	n/a	n/a	n/a	n/a	n/a	n/a	n/a	n/a	n/a	n/a	n/a	n/a	n/a	1250.664548	n/a
1250.678527	0.000000	250136	ttl	11	71	n/a	n/a	n/a	n/a	n/a	n/a	n/a	n/a	n/a	n/a	n/a	n/a	n/a	n/a	n/a	n/a	n/a	n/a	n/a	n/a	n/a	1250.678527	n/a
1251.240470	1.550466	250248	scene_recognition	n/a	n/a	n/a	71.0	n/a	n/a	n/a	1250.678527	n/a	0.17902090544157545	2	1	3	NB_19_frameA_foil.png	1	7	1252.969956	0	5	n/a	n/a	intervals/recognition_table	4	1251.240470	1252.790935
1251.240470	0.000000	250248	ttl	1	71	n/a	n/a	n/a	n/a	n/a	n/a	n/a	n/a	n/a	n/a	n/a	n/a	n/a	n/a	n/a	n/a	n/a	n/a	n/a	n/a	n/a	1251.240470	n/a
1252.790935	0.000000	250558	ttl	2	71	n/a	n/a	n/a	n/a	n/a	n/a	n/a	n/a	n/a	n/a	n/a	n/a	n/a	n/a	n/a	n/a	n/a	n/a	n/a	n/a	n/a	1252.790935	n/a
1252.969956	0.000000	250594	ttl	4	71	n/a	n/a	n/a	n/a	n/a	n/a	n/a	n/a	n/a	n/a	n/a	n/a	n/a	n/a	n/a	n/a	n/a	n/a	n/a	n/a	n/a	1252.969956	n/a
1252.991875	0.000000	250598	ttl	11	71	n/a	n/a	n/a	n/a	n/a	n/a	n/a	n/a	n/a	n/a	n/a	n/a	n/a	n/a	n/a	n/a	n/a	n/a	n/a	n/a	n/a	1252.991875	n/a
1253.553749	1.527268	250711	scene_recognition	n/a	n/a	n/a	71.0	n/a	n/a	n/a	1252.99187525	n/a	0.322328093689066	2	3	3	HB_2_frameB_foil.png	1	7	1255.4033445	0	6	n/a	n/a	intervals/recognition_table	5	1253.553749	1255.081017
1253.553749	0.000000	250711	ttl	1	71	n/a	n/a	n/a	n/a	n/a	n/a	n/a	n/a	n/a	n/a	n/a	n/a	n/a	n/a	n/a	n/a	n/a	n/a	n/a	n/a	n/a	1253.553749	n/a
1255.081017	0.000000	251016	ttl	2	71	n/a	n/a	n/a	n/a	n/a	n/a	n/a	n/a	n/a	n/a	n/a	n/a	n/a	n/a	n/a	n/a	n/a	n/a	n/a	n/a	n/a	1255.081017	n/a
1255.403345	0.000000	251081	ttl	4	71	n/a	n/a	n/a	n/a	n/a	n/a	n/a	n/a	n/a	n/a	n/a	n/a	n/a	n/a	n/a	n/a	n/a	n/a	n/a	n/a	n/a	1255.403345	n/a
1255.427060	0.000000	251085	ttl	11	71	n/a	n/a	n/a	n/a	n/a	n/a	n/a	n/a	n/a	n/a	n/a	n/a	n/a	n/a	n/a	n/a	n/a	n/a	n/a	n/a	n/a	1255.427060	n/a
1256.008988	1.547165	251202	scene_recognition	n/a	n/a	n/a	71.0	n/a	n/a	n/a	1255.42706	n/a	2.19266231344227	2	1	3	NB_8_frameA.png	2	2	1259.7488165	1	7	n/a	n/a	intervals/recognition_table	6	1256.008988	1257.556154
1256.008988	0.000000	251202	ttl	1	71	n/a	n/a	n/a	n/a	n/a	n/a	n/a	n/a	n/a	n/a	n/a	n/a	n/a	n/a	n/a	n/a	n/a	n/a	n/a	n/a	n/a	1256.008988	n/a
1257.556154	0.000000	251511	ttl	2	71	n/a	n/a	n/a	n/a	n/a	n/a	n/a	n/a	n/a	n/a	n/a	n/a	n/a	n/a	n/a	n/a	n/a	n/a	n/a	n/a	n/a	1257.556154	n/a
1259.748816	0.000000	251950	ttl	4	71	n/a	n/a	n/a	n/a	n/a	n/a	n/a	n/a	n/a	n/a	n/a	n/a	n/a	n/a	n/a	n/a	n/a	n/a	n/a	n/a	n/a	1259.748816	n/a
1259.761033	0.000000	251952	ttl	11	71	n/a	n/a	n/a	n/a	n/a	n/a	n/a	n/a	n/a	n/a	n/a	n/a	n/a	n/a	n/a	n/a	n/a	n/a	n/a	n/a	n/a	1259.761033	n/a
1260.302860	1.547945	252061	scene_recognition	n/a	n/a	n/a	71.0	n/a	n/a	n/a	1259.761033	n/a	1.4264017891800904	2	2	3	SB_1_frameA_foil.png	1	7	1263.2772065	0	8	n/a	n/a	intervals/recognition_table	7	1260.302860	1261.850805
1260.302860	0.000000	252061	ttl	1	71	n/a	n/a	n/a	n/a	n/a	n/a	n/a	n/a	n/a	n/a	n/a	n/a	n/a	n/a	n/a	n/a	n/a	n/a	n/a	n/a	n/a	1260.302860	n/a
1261.850805	0.000000	252370	ttl	2	71	n/a	n/a	n/a	n/a	n/a	n/a	n/a	n/a	n/a	n/a	n/a	n/a	n/a	n/a	n/a	n/a	n/a	n/a	n/a	n/a	n/a	1261.850805	n/a
1263.277206	0.000000	252655	ttl	4	71	n/a	n/a	n/a	n/a	n/a	n/a	n/a	n/a	n/a	n/a	n/a	n/a	n/a	n/a	n/a	n/a	n/a	n/a	n/a	n/a	n/a	1263.277206	n/a
1263.298842	0.000000	252660	ttl	11	71	n/a	n/a	n/a	n/a	n/a	n/a	n/a	n/a	n/a	n/a	n/a	n/a	n/a	n/a	n/a	n/a	n/a	n/a	n/a	n/a	n/a	1263.298842	n/a
1263.880795	1.547218	252776	scene_recognition	n/a	n/a	n/a	71.0	n/a	n/a	n/a	1263.2988424999999	n/a	1.1803501905233134	2	2	3	SB_2_frameB_foil.png	1	7	1266.6083637499999	0	9	n/a	n/a	intervals/recognition_table	8	1263.880795	1265.428013
1263.880795	0.000000	252776	ttl	1	71	n/a	n/a	n/a	n/a	n/a	n/a	n/a	n/a	n/a	n/a	n/a	n/a	n/a	n/a	n/a	n/a	n/a	n/a	n/a	n/a	n/a	1263.880795	n/a
1265.428013	0.000000	253086	ttl	2	71	n/a	n/a	n/a	n/a	n/a	n/a	n/a	n/a	n/a	n/a	n/a	n/a	n/a	n/a	n/a	n/a	n/a	n/a	n/a	n/a	n/a	1265.428013	n/a
1266.608364	0.000000	253322	ttl	4	71	n/a	n/a	n/a	n/a	n/a	n/a	n/a	n/a	n/a	n/a	n/a	n/a	n/a	n/a	n/a	n/a	n/a	n/a	n/a	n/a	n/a	1266.608364	n/a
1266.615223	0.000000	253323	ttl	11	71	n/a	n/a	n/a	n/a	n/a	n/a	n/a	n/a	n/a	n/a	n/a	n/a	n/a	n/a	n/a	n/a	n/a	n/a	n/a	n/a	n/a	1266.615223	n/a
1267.177244	1.547192	253435	scene_recognition	n/a	n/a	n/a	71.0	n/a	n/a	n/a	1266.61522275	n/a	3.145474921226196	2	1	3	NB_11_frameB.png	2	2	1271.869911	1	10	n/a	n/a	intervals/recognition_table	9	1267.177244	1268.724436
1267.177244	0.000000	253435	ttl	1	71	n/a	n/a	n/a	n/a	n/a	n/a	n/a	n/a	n/a	n/a	n/a	n/a	n/a	n/a	n/a	n/a	n/a	n/a	n/a	n/a	n/a	1267.177244	n/a
1268.724436	0.000000	253745	ttl	2	71	n/a	n/a	n/a	n/a	n/a	n/a	n/a	n/a	n/a	n/a	n/a	n/a	n/a	n/a	n/a	n/a	n/a	n/a	n/a	n/a	n/a	1268.724436	n/a
1271.869911	0.000000	254374	ttl	4	71	n/a	n/a	n/a	n/a	n/a	n/a	n/a	n/a	n/a	n/a	n/a	n/a	n/a	n/a	n/a	n/a	n/a	n/a	n/a	n/a	n/a	1271.869911	n/a
1271.878087	0.000000	254376	ttl	11	71	n/a	n/a	n/a	n/a	n/a	n/a	n/a	n/a	n/a	n/a	n/a	n/a	n/a	n/a	n/a	n/a	n/a	n/a	n/a	n/a	n/a	1271.878087	n/a
1272.379775	1.527164	254476	scene_recognition	n/a	n/a	n/a	71.0	n/a	n/a	n/a	1271.878087	n/a	1.576724113076125	2	2	3	SB_6_frameA_foil.png	1	7	1275.4836632499998	0	11	n/a	n/a	intervals/recognition_table	10	1272.379775	1273.906939
1272.379775	0.000000	254476	ttl	1	71	n/a	n/a	n/a	n/a	n/a	n/a	n/a	n/a	n/a	n/a	n/a	n/a	n/a	n/a	n/a	n/a	n/a	n/a	n/a	n/a	n/a	1272.379775	n/a
1273.906939	0.000000	254781	ttl	2	71	n/a	n/a	n/a	n/a	n/a	n/a	n/a	n/a	n/a	n/a	n/a	n/a	n/a	n/a	n/a	n/a	n/a	n/a	n/a	n/a	n/a	1273.906939	n/a
1275.483663	0.000000	255097	ttl	4	71	n/a	n/a	n/a	n/a	n/a	n/a	n/a	n/a	n/a	n/a	n/a	n/a	n/a	n/a	n/a	n/a	n/a	n/a	n/a	n/a	n/a	1275.483663	n/a
1275.492259	0.000000	255098	ttl	11	71	n/a	n/a	n/a	n/a	n/a	n/a	n/a	n/a	n/a	n/a	n/a	n/a	n/a	n/a	n/a	n/a	n/a	n/a	n/a	n/a	n/a	1275.492259	n/a
1276.054152	1.527126	255211	scene_recognition	n/a	n/a	n/a	71.0	n/a	n/a	n/a	1275.49225875	n/a	1.8952616122096515	2	2	3	SB_3_frameB_foil.png	1	7	1279.47653975	0	12	n/a	n/a	intervals/recognition_table	11	1276.054152	1277.581278
1276.054152	0.000000	255211	ttl	1	71	n/a	n/a	n/a	n/a	n/a	n/a	n/a	n/a	n/a	n/a	n/a	n/a	n/a	n/a	n/a	n/a	n/a	n/a	n/a	n/a	n/a	1276.054152	n/a
1277.581278	0.000000	255516	ttl	2	71	n/a	n/a	n/a	n/a	n/a	n/a	n/a	n/a	n/a	n/a	n/a	n/a	n/a	n/a	n/a	n/a	n/a	n/a	n/a	n/a	n/a	1277.581278	n/a
1279.476540	0.000000	255895	ttl	4	71	n/a	n/a	n/a	n/a	n/a	n/a	n/a	n/a	n/a	n/a	n/a	n/a	n/a	n/a	n/a	n/a	n/a	n/a	n/a	n/a	n/a	1279.476540	n/a
1279.497814	0.000000	255900	ttl	11	71	n/a	n/a	n/a	n/a	n/a	n/a	n/a	n/a	n/a	n/a	n/a	n/a	n/a	n/a	n/a	n/a	n/a	n/a	n/a	n/a	n/a	1279.497814	n/a
1280.079747	1.547200	256016	scene_recognition	n/a	n/a	n/a	71.0	n/a	n/a	n/a	1279.49781425	n/a	4.156512222856691	2	1	3	NB_23_frameB.png	2	2	1285.7834595	1	13	n/a	n/a	intervals/recognition_table	12	1280.079747	1281.626947
1280.079747	0.000000	256016	ttl	1	71	n/a	n/a	n/a	n/a	n/a	n/a	n/a	n/a	n/a	n/a	n/a	n/a	n/a	n/a	n/a	n/a	n/a	n/a	n/a	n/a	n/a	1280.079747	n/a
1281.626947	0.000000	256325	ttl	2	71	n/a	n/a	n/a	n/a	n/a	n/a	n/a	n/a	n/a	n/a	n/a	n/a	n/a	n/a	n/a	n/a	n/a	n/a	n/a	n/a	n/a	1281.626947	n/a
1285.783459	0.000000	257157	ttl	4	71	n/a	n/a	n/a	n/a	n/a	n/a	n/a	n/a	n/a	n/a	n/a	n/a	n/a	n/a	n/a	n/a	n/a	n/a	n/a	n/a	n/a	1285.783459	n/a
1285.805701	0.000000	257161	ttl	11	71	n/a	n/a	n/a	n/a	n/a	n/a	n/a	n/a	n/a	n/a	n/a	n/a	n/a	n/a	n/a	n/a	n/a	n/a	n/a	n/a	n/a	1285.805701	n/a
1286.367591	1.547440	257274	scene_recognition	n/a	n/a	n/a	71.0	n/a	n/a	n/a	1285.805701	n/a	1.4153191154891829	2	3	3	HB_3_frameA_foil.png	1	7	1289.33035025	0	14	n/a	n/a	intervals/recognition_table	13	1286.367591	1287.915031
1286.367591	0.000000	257274	ttl	1	71	n/a	n/a	n/a	n/a	n/a	n/a	n/a	n/a	n/a	n/a	n/a	n/a	n/a	n/a	n/a	n/a	n/a	n/a	n/a	n/a	n/a	1286.367591	n/a
1287.915031	0.000000	257583	ttl	2	71	n/a	n/a	n/a	n/a	n/a	n/a	n/a	n/a	n/a	n/a	n/a	n/a	n/a	n/a	n/a	n/a	n/a	n/a	n/a	n/a	n/a	1287.915031	n/a
1289.330350	0.000000	257866	ttl	4	71	n/a	n/a	n/a	n/a	n/a	n/a	n/a	n/a	n/a	n/a	n/a	n/a	n/a	n/a	n/a	n/a	n/a	n/a	n/a	n/a	n/a	1289.330350	n/a
1289.337458	0.000000	257867	ttl	11	71	n/a	n/a	n/a	n/a	n/a	n/a	n/a	n/a	n/a	n/a	n/a	n/a	n/a	n/a	n/a	n/a	n/a	n/a	n/a	n/a	n/a	1289.337458	n/a
1289.899400	1.527144	257980	scene_recognition	n/a	n/a	n/a	71.0	n/a	n/a	n/a	1289.33745825	n/a	1.8651618887979566	2	2	3	SB_6_frameA.png	2	2	1293.2917055	1	15	n/a	n/a	intervals/recognition_table	14	1289.899400	1291.426544
1289.899400	0.000000	257980	ttl	1	71	n/a	n/a	n/a	n/a	n/a	n/a	n/a	n/a	n/a	n/a	n/a	n/a	n/a	n/a	n/a	n/a	n/a	n/a	n/a	n/a	n/a	1289.899400	n/a
1291.426544	0.000000	258285	ttl	2	71	n/a	n/a	n/a	n/a	n/a	n/a	n/a	n/a	n/a	n/a	n/a	n/a	n/a	n/a	n/a	n/a	n/a	n/a	n/a	n/a	n/a	1291.426544	n/a
1293.291706	0.000000	258658	ttl	4	71	n/a	n/a	n/a	n/a	n/a	n/a	n/a	n/a	n/a	n/a	n/a	n/a	n/a	n/a	n/a	n/a	n/a	n/a	n/a	n/a	n/a	1293.291706	n/a
1293.313573	0.000000	258663	ttl	11	71	n/a	n/a	n/a	n/a	n/a	n/a	n/a	n/a	n/a	n/a	n/a	n/a	n/a	n/a	n/a	n/a	n/a	n/a	n/a	n/a	n/a	1293.313573	n/a
1293.875558	1.527245	258775	scene_recognition	n/a	n/a	n/a	71.0	n/a	n/a	n/a	1293.313573	n/a	1.8454459910099104	2	2	3	SB_3_frameA.png	2	2	1297.24824875	1	16	n/a	n/a	intervals/recognition_table	15	1293.875558	1295.402803
1293.875558	0.000000	258775	ttl	1	71	n/a	n/a	n/a	n/a	n/a	n/a	n/a	n/a	n/a	n/a	n/a	n/a	n/a	n/a	n/a	n/a	n/a	n/a	n/a	n/a	n/a	1293.875558	n/a
1295.402803	0.000000	259081	ttl	2	71	n/a	n/a	n/a	n/a	n/a	n/a	n/a	n/a	n/a	n/a	n/a	n/a	n/a	n/a	n/a	n/a	n/a	n/a	n/a	n/a	n/a	1295.402803	n/a
1297.248249	0.000000	259450	ttl	4	71	n/a	n/a	n/a	n/a	n/a	n/a	n/a	n/a	n/a	n/a	n/a	n/a	n/a	n/a	n/a	n/a	n/a	n/a	n/a	n/a	n/a	1297.248249	n/a
1297.259634	0.000000	259452	ttl	11	71	n/a	n/a	n/a	n/a	n/a	n/a	n/a	n/a	n/a	n/a	n/a	n/a	n/a	n/a	n/a	n/a	n/a	n/a	n/a	n/a	n/a	1297.259634	n/a
1297.781451	1.527042	259556	scene_recognition	n/a	n/a	n/a	71.0	n/a	n/a	n/a	1297.2596345	n/a	2.4433160588523606	2	1	3	NB_21_frameA_foil.png	1	7	1301.7518095	0	17	n/a	n/a	intervals/recognition_table	16	1297.781451	1299.308493
1297.781451	0.000000	259556	ttl	1	71	n/a	n/a	n/a	n/a	n/a	n/a	n/a	n/a	n/a	n/a	n/a	n/a	n/a	n/a	n/a	n/a	n/a	n/a	n/a	n/a	n/a	1297.781451	n/a
1299.308493	0.000000	259862	ttl	2	71	n/a	n/a	n/a	n/a	n/a	n/a	n/a	n/a	n/a	n/a	n/a	n/a	n/a	n/a	n/a	n/a	n/a	n/a	n/a	n/a	n/a	1299.308493	n/a
1301.751810	0.000000	260350	ttl	4	71	n/a	n/a	n/a	n/a	n/a	n/a	n/a	n/a	n/a	n/a	n/a	n/a	n/a	n/a	n/a	n/a	n/a	n/a	n/a	n/a	n/a	1301.751810	n/a
1301.775876	0.000000	260355	ttl	11	71	n/a	n/a	n/a	n/a	n/a	n/a	n/a	n/a	n/a	n/a	n/a	n/a	n/a	n/a	n/a	n/a	n/a	n/a	n/a	n/a	n/a	1301.775876	n/a
1302.317606	1.547374	260464	scene_recognition	n/a	n/a	n/a	71.0	n/a	n/a	n/a	1301.775876	n/a	0.0	1	1	0	NB_15_frameA_foil.png	0	1	1303.86597925	0	18	n/a	n/a	intervals/recognition_table	17	1302.317606	1303.864979
1302.317606	0.000000	260464	ttl	1	71	n/a	n/a	n/a	n/a	n/a	n/a	n/a	n/a	n/a	n/a	n/a	n/a	n/a	n/a	n/a	n/a	n/a	n/a	n/a	n/a	n/a	1302.317606	n/a
1303.864979	0.000000	260773	ttl	2	71	n/a	n/a	n/a	n/a	n/a	n/a	n/a	n/a	n/a	n/a	n/a	n/a	n/a	n/a	n/a	n/a	n/a	n/a	n/a	n/a	n/a	1303.864979	n/a
1306.027904	0.000000	261206	ttl	11	71	n/a	n/a	n/a	n/a	n/a	n/a	n/a	n/a	n/a	n/a	n/a	n/a	n/a	n/a	n/a	n/a	n/a	n/a	n/a	n/a	n/a	1306.027904	n/a
1306.609900	1.527324	261322	scene_recognition	n/a	n/a	n/a	71.0	n/a	n/a	n/a	1306.027904	n/a	0.0	1	1	0	NB_16_frameA.png	0	1	1308.13822375	1	19	n/a	n/a	intervals/recognition_table	18	1306.609900	1308.137224
1306.609900	0.000000	261322	ttl	1	71	n/a	n/a	n/a	n/a	n/a	n/a	n/a	n/a	n/a	n/a	n/a	n/a	n/a	n/a	n/a	n/a	n/a	n/a	n/a	n/a	n/a	1306.609900	n/a
1308.137224	0.000000	261627	ttl	2	71	n/a	n/a	n/a	n/a	n/a	n/a	n/a	n/a	n/a	n/a	n/a	n/a	n/a	n/a	n/a	n/a	n/a	n/a	n/a	n/a	n/a	1308.137224	n/a
1313.373715	0.000000	262675	ttl	11	71	n/a	n/a	n/a	n/a	n/a	n/a	n/a	n/a	n/a	n/a	n/a	n/a	n/a	n/a	n/a	n/a	n/a	n/a	n/a	n/a	n/a	1313.373715	n/a
1313.935591	1.547162	262787	scene_recognition	n/a	n/a	n/a	71.0	n/a	n/a	n/a	1313.3737155	n/a	0.0034202645747427596	2	1	3	NB_20_frameB_foil.png	1	7	1315.4861732499999	0	20	n/a	n/a	intervals/recognition_table	19	1313.935591	1315.482753
1313.935591	0.000000	262787	ttl	1	71	n/a	n/a	n/a	n/a	n/a	n/a	n/a	n/a	n/a	n/a	n/a	n/a	n/a	n/a	n/a	n/a	n/a	n/a	n/a	n/a	n/a	1313.935591	n/a
1315.482753	0.000000	263097	ttl	2	71	n/a	n/a	n/a	n/a	n/a	n/a	n/a	n/a	n/a	n/a	n/a	n/a	n/a	n/a	n/a	n/a	n/a	n/a	n/a	n/a	n/a	1315.482753	n/a
1315.486173	0.000000	263097	ttl	4	71	n/a	n/a	n/a	n/a	n/a	n/a	n/a	n/a	n/a	n/a	n/a	n/a	n/a	n/a	n/a	n/a	n/a	n/a	n/a	n/a	n/a	1315.486173	n/a
1315.506373	0.000000	263101	ttl	11	71	n/a	n/a	n/a	n/a	n/a	n/a	n/a	n/a	n/a	n/a	n/a	n/a	n/a	n/a	n/a	n/a	n/a	n/a	n/a	n/a	n/a	1315.506373	n/a
1316.048208	1.547208	263210	scene_recognition	n/a	n/a	n/a	71.0	n/a	n/a	n/a	1315.50637325	n/a	1.4418570336783887	2	3	3	HB_7_frameB.png	2	2	1319.0372727499998	1	21	n/a	n/a	intervals/recognition_table	20	1316.048208	1317.595416
1316.048208	0.000000	263210	ttl	1	71	n/a	n/a	n/a	n/a	n/a	n/a	n/a	n/a	n/a	n/a	n/a	n/a	n/a	n/a	n/a	n/a	n/a	n/a	n/a	n/a	n/a	1316.048208	n/a
1317.595416	0.000000	263519	ttl	2	71	n/a	n/a	n/a	n/a	n/a	n/a	n/a	n/a	n/a	n/a	n/a	n/a	n/a	n/a	n/a	n/a	n/a	n/a	n/a	n/a	n/a	1317.595416	n/a
1319.037273	0.000000	263807	ttl	4	71	n/a	n/a	n/a	n/a	n/a	n/a	n/a	n/a	n/a	n/a	n/a	n/a	n/a	n/a	n/a	n/a	n/a	n/a	n/a	n/a	n/a	1319.037273	n/a
1319.056110	0.000000	263811	ttl	11	71	n/a	n/a	n/a	n/a	n/a	n/a	n/a	n/a	n/a	n/a	n/a	n/a	n/a	n/a	n/a	n/a	n/a	n/a	n/a	n/a	n/a	1319.056110	n/a
1319.617952	1.527247	263924	scene_recognition	n/a	n/a	n/a	71.0	n/a	n/a	n/a	1319.0561105	n/a	0.0	1	2	0	SB_4_frameB.png	0	1	1321.146199	1	22	n/a	n/a	intervals/recognition_table	21	1319.617952	1321.145199
1319.617952	0.000000	263924	ttl	1	71	n/a	n/a	n/a	n/a	n/a	n/a	n/a	n/a	n/a	n/a	n/a	n/a	n/a	n/a	n/a	n/a	n/a	n/a	n/a	n/a	n/a	1319.617952	n/a
1321.145199	0.000000	264229	ttl	2	71	n/a	n/a	n/a	n/a	n/a	n/a	n/a	n/a	n/a	n/a	n/a	n/a	n/a	n/a	n/a	n/a	n/a	n/a	n/a	n/a	n/a	1321.145199	n/a
1321.565901	0.000000	264313	ttl	11	71	n/a	n/a	n/a	n/a	n/a	n/a	n/a	n/a	n/a	n/a	n/a	n/a	n/a	n/a	n/a	n/a	n/a	n/a	n/a	n/a	n/a	1321.565901	n/a
1322.107720	1.527174	264422	scene_recognition	n/a	n/a	n/a	71.0	n/a	n/a	n/a	1321.5659007499999	n/a	0.0	1	1	0	NB_30_frameA.png	0	1	1323.6358945	1	23	n/a	n/a	intervals/recognition_table	22	1322.107720	1323.634894
1322.107720	0.000000	264422	ttl	1	71	n/a	n/a	n/a	n/a	n/a	n/a	n/a	n/a	n/a	n/a	n/a	n/a	n/a	n/a	n/a	n/a	n/a	n/a	n/a	n/a	n/a	1322.107720	n/a
1323.634894	0.000000	264727	ttl	2	71	n/a	n/a	n/a	n/a	n/a	n/a	n/a	n/a	n/a	n/a	n/a	n/a	n/a	n/a	n/a	n/a	n/a	n/a	n/a	n/a	n/a	1323.634894	n/a
1326.384949	0.000000	265277	ttl	11	71	n/a	n/a	n/a	n/a	n/a	n/a	n/a	n/a	n/a	n/a	n/a	n/a	n/a	n/a	n/a	n/a	n/a	n/a	n/a	n/a	n/a	1326.384949	n/a
1326.927019	1.547085	265385	scene_recognition	n/a	n/a	n/a	71.0	n/a	n/a	n/a	1326.3849492499999	n/a	0.0	1	1	0	NB_18_frameA.png	0	1	1328.4751039999999	1	24	n/a	n/a	intervals/recognition_table	23	1326.927019	1328.474104
1326.927019	0.000000	265385	ttl	1	71	n/a	n/a	n/a	n/a	n/a	n/a	n/a	n/a	n/a	n/a	n/a	n/a	n/a	n/a	n/a	n/a	n/a	n/a	n/a	n/a	n/a	1326.927019	n/a
1328.474104	0.000000	265695	ttl	2	71	n/a	n/a	n/a	n/a	n/a	n/a	n/a	n/a	n/a	n/a	n/a	n/a	n/a	n/a	n/a	n/a	n/a	n/a	n/a	n/a	n/a	1328.474104	n/a
1333.418862	0.000000	266684	ttl	11	71	n/a	n/a	n/a	n/a	n/a	n/a	n/a	n/a	n/a	n/a	n/a	n/a	n/a	n/a	n/a	n/a	n/a	n/a	n/a	n/a	n/a	1333.418862	n/a
1333.960764	1.527057	266792	scene_recognition	n/a	n/a	n/a	71.0	n/a	n/a	n/a	1333.41886175	n/a	0.7254250744972524	2	3	3	HB_2_frameA.png	2	2	1336.213246	1	25	n/a	n/a	intervals/recognition_table	24	1333.960764	1335.487821
1333.960764	0.000000	266792	ttl	1	71	n/a	n/a	n/a	n/a	n/a	n/a	n/a	n/a	n/a	n/a	n/a	n/a	n/a	n/a	n/a	n/a	n/a	n/a	n/a	n/a	n/a	1333.960764	n/a
1335.487821	0.000000	267098	ttl	2	71	n/a	n/a	n/a	n/a	n/a	n/a	n/a	n/a	n/a	n/a	n/a	n/a	n/a	n/a	n/a	n/a	n/a	n/a	n/a	n/a	n/a	1335.487821	n/a
1336.213246	0.000000	267243	ttl	4	71	n/a	n/a	n/a	n/a	n/a	n/a	n/a	n/a	n/a	n/a	n/a	n/a	n/a	n/a	n/a	n/a	n/a	n/a	n/a	n/a	n/a	1336.213246	n/a
1336.229419	0.000000	267246	ttl	11	71	n/a	n/a	n/a	n/a	n/a	n/a	n/a	n/a	n/a	n/a	n/a	n/a	n/a	n/a	n/a	n/a	n/a	n/a	n/a	n/a	n/a	1336.229419	n/a
1336.791291	1.527220	267358	scene_recognition	n/a	n/a	n/a	71.0	n/a	n/a	n/a	1336.229419	n/a	4.206977412013657	2	3	2	HB_8_frameA_foil.png	1	6	1342.5254889999999	0	26	n/a	n/a	intervals/recognition_table	25	1336.791291	1338.318511
1336.791291	0.000000	267358	ttl	1	71	n/a	n/a	n/a	n/a	n/a	n/a	n/a	n/a	n/a	n/a	n/a	n/a	n/a	n/a	n/a	n/a	n/a	n/a	n/a	n/a	n/a	1336.791291	n/a
1338.318511	0.000000	267664	ttl	2	71	n/a	n/a	n/a	n/a	n/a	n/a	n/a	n/a	n/a	n/a	n/a	n/a	n/a	n/a	n/a	n/a	n/a	n/a	n/a	n/a	n/a	1338.318511	n/a
1342.525489	0.000000	268505	ttl	4	71	n/a	n/a	n/a	n/a	n/a	n/a	n/a	n/a	n/a	n/a	n/a	n/a	n/a	n/a	n/a	n/a	n/a	n/a	n/a	n/a	n/a	1342.525489	n/a
1342.531832	0.000000	268506	ttl	11	71	n/a	n/a	n/a	n/a	n/a	n/a	n/a	n/a	n/a	n/a	n/a	n/a	n/a	n/a	n/a	n/a	n/a	n/a	n/a	n/a	n/a	1342.531832	n/a
1343.033545	1.527123	268607	scene_recognition	n/a	n/a	n/a	71.0	n/a	n/a	n/a	1342.53183225	n/a	2.263664945443452	2	3	3	HB_3_frameB_foil.png	1	7	1346.824333	0	27	n/a	n/a	intervals/recognition_table	26	1343.033545	1344.560668
1343.033545	0.000000	268607	ttl	1	71	n/a	n/a	n/a	n/a	n/a	n/a	n/a	n/a	n/a	n/a	n/a	n/a	n/a	n/a	n/a	n/a	n/a	n/a	n/a	n/a	n/a	1343.033545	n/a
1344.560668	0.000000	268912	ttl	2	71	n/a	n/a	n/a	n/a	n/a	n/a	n/a	n/a	n/a	n/a	n/a	n/a	n/a	n/a	n/a	n/a	n/a	n/a	n/a	n/a	n/a	1344.560668	n/a
1346.824333	0.000000	269365	ttl	4	71	n/a	n/a	n/a	n/a	n/a	n/a	n/a	n/a	n/a	n/a	n/a	n/a	n/a	n/a	n/a	n/a	n/a	n/a	n/a	n/a	n/a	1346.824333	n/a
1346.834915	0.000000	269367	ttl	11	71	n/a	n/a	n/a	n/a	n/a	n/a	n/a	n/a	n/a	n/a	n/a	n/a	n/a	n/a	n/a	n/a	n/a	n/a	n/a	n/a	n/a	1346.834915	n/a
1347.396807	1.527138	269479	scene_recognition	n/a	n/a	n/a	71.0	n/a	n/a	n/a	1346.83491525	n/a	2.0518431881027936	2	3	3	HB_9_frameB.png	2	2	1350.97578825	1	28	n/a	n/a	intervals/recognition_table	27	1347.396807	1348.923945
1347.396807	0.000000	269479	ttl	1	71	n/a	n/a	n/a	n/a	n/a	n/a	n/a	n/a	n/a	n/a	n/a	n/a	n/a	n/a	n/a	n/a	n/a	n/a	n/a	n/a	n/a	1347.396807	n/a
1348.923945	0.000000	269785	ttl	2	71	n/a	n/a	n/a	n/a	n/a	n/a	n/a	n/a	n/a	n/a	n/a	n/a	n/a	n/a	n/a	n/a	n/a	n/a	n/a	n/a	n/a	1348.923945	n/a
1350.975788	0.000000	270195	ttl	4	71	n/a	n/a	n/a	n/a	n/a	n/a	n/a	n/a	n/a	n/a	n/a	n/a	n/a	n/a	n/a	n/a	n/a	n/a	n/a	n/a	n/a	1350.975788	n/a
1350.983742	0.000000	270197	ttl	11	71	n/a	n/a	n/a	n/a	n/a	n/a	n/a	n/a	n/a	n/a	n/a	n/a	n/a	n/a	n/a	n/a	n/a	n/a	n/a	n/a	n/a	1350.983742	n/a
1351.525569	1.547200	270305	scene_recognition	n/a	n/a	n/a	71.0	n/a	n/a	n/a	1350.9837424999998	n/a	6.551083247939459	2	1	2	NB_10_frameA.png	2	3	1359.62385225	1	29	n/a	n/a	intervals/recognition_table	28	1351.525569	1353.072769
1351.525569	0.000000	270305	ttl	1	71	n/a	n/a	n/a	n/a	n/a	n/a	n/a	n/a	n/a	n/a	n/a	n/a	n/a	n/a	n/a	n/a	n/a	n/a	n/a	n/a	n/a	1351.525569	n/a
1353.072769	0.000000	270615	ttl	2	71	n/a	n/a	n/a	n/a	n/a	n/a	n/a	n/a	n/a	n/a	n/a	n/a	n/a	n/a	n/a	n/a	n/a	n/a	n/a	n/a	n/a	1353.072769	n/a
1359.623852	0.000000	271925	ttl	4	71	n/a	n/a	n/a	n/a	n/a	n/a	n/a	n/a	n/a	n/a	n/a	n/a	n/a	n/a	n/a	n/a	n/a	n/a	n/a	n/a	n/a	1359.623852	n/a
1359.631989	0.000000	271926	ttl	11	71	n/a	n/a	n/a	n/a	n/a	n/a	n/a	n/a	n/a	n/a	n/a	n/a	n/a	n/a	n/a	n/a	n/a	n/a	n/a	n/a	n/a	1359.631989	n/a
1360.214027	1.527350	272043	scene_recognition	n/a	n/a	n/a	71.0	n/a	n/a	n/a	1359.6319892499998	n/a	1.3290666851844435	2	1	3	NB_2_frameA.png	2	2	1363.07044325	1	30	n/a	n/a	intervals/recognition_table	29	1360.214027	1361.741376
1360.214027	0.000000	272043	ttl	1	71	n/a	n/a	n/a	n/a	n/a	n/a	n/a	n/a	n/a	n/a	n/a	n/a	n/a	n/a	n/a	n/a	n/a	n/a	n/a	n/a	n/a	1360.214027	n/a
1361.741376	0.000000	272348	ttl	2	71	n/a	n/a	n/a	n/a	n/a	n/a	n/a	n/a	n/a	n/a	n/a	n/a	n/a	n/a	n/a	n/a	n/a	n/a	n/a	n/a	n/a	1361.741376	n/a
1363.070443	0.000000	272614	ttl	4	71	n/a	n/a	n/a	n/a	n/a	n/a	n/a	n/a	n/a	n/a	n/a	n/a	n/a	n/a	n/a	n/a	n/a	n/a	n/a	n/a	n/a	1363.070443	n/a
1363.088940	0.000000	272618	ttl	11	71	n/a	n/a	n/a	n/a	n/a	n/a	n/a	n/a	n/a	n/a	n/a	n/a	n/a	n/a	n/a	n/a	n/a	n/a	n/a	n/a	n/a	1363.088940	n/a
1363.610552	1.547253	272722	scene_recognition	n/a	n/a	n/a	71.0	n/a	n/a	n/a	1363.0889399999999	n/a	0.004608941320839222	2	2	3	SB_2_frameA.png	2	2	1365.16241425	1	31	n/a	n/a	intervals/recognition_table	30	1363.610552	1365.157805
1363.610552	0.000000	272722	ttl	1	71	n/a	n/a	n/a	n/a	n/a	n/a	n/a	n/a	n/a	n/a	n/a	n/a	n/a	n/a	n/a	n/a	n/a	n/a	n/a	n/a	n/a	1363.610552	n/a
1365.157805	0.000000	273032	ttl	2	71	n/a	n/a	n/a	n/a	n/a	n/a	n/a	n/a	n/a	n/a	n/a	n/a	n/a	n/a	n/a	n/a	n/a	n/a	n/a	n/a	n/a	1365.157805	n/a
1365.162414	0.000000	273032	ttl	4	71	n/a	n/a	n/a	n/a	n/a	n/a	n/a	n/a	n/a	n/a	n/a	n/a	n/a	n/a	n/a	n/a	n/a	n/a	n/a	n/a	n/a	1365.162414	n/a
1365.177116	0.000000	273035	ttl	11	71	n/a	n/a	n/a	n/a	n/a	n/a	n/a	n/a	n/a	n/a	n/a	n/a	n/a	n/a	n/a	n/a	n/a	n/a	n/a	n/a	n/a	1365.177116	n/a
1365.698873	1.527133	273140	scene_recognition	n/a	n/a	n/a	71.0	n/a	n/a	n/a	1365.1771159999998	n/a	0.32485630775408936	2	1	2	NB_24_frameA.png	2	3	1367.55086325	1	32	n/a	n/a	intervals/recognition_table	31	1365.698873	1367.226007
1365.698873	0.000000	273140	ttl	1	71	n/a	n/a	n/a	n/a	n/a	n/a	n/a	n/a	n/a	n/a	n/a	n/a	n/a	n/a	n/a	n/a	n/a	n/a	n/a	n/a	n/a	1365.698873	n/a
1367.226007	0.000000	273445	ttl	2	71	n/a	n/a	n/a	n/a	n/a	n/a	n/a	n/a	n/a	n/a	n/a	n/a	n/a	n/a	n/a	n/a	n/a	n/a	n/a	n/a	n/a	1367.226007	n/a
1367.550863	0.000000	273510	ttl	4	71	n/a	n/a	n/a	n/a	n/a	n/a	n/a	n/a	n/a	n/a	n/a	n/a	n/a	n/a	n/a	n/a	n/a	n/a	n/a	n/a	n/a	1367.550863	n/a
1367.572810	0.000000	273515	ttl	11	71	n/a	n/a	n/a	n/a	n/a	n/a	n/a	n/a	n/a	n/a	n/a	n/a	n/a	n/a	n/a	n/a	n/a	n/a	n/a	n/a	n/a	1367.572810	n/a
1368.114437	1.547308	273623	scene_recognition	n/a	n/a	n/a	71.0	n/a	n/a	n/a	1367.57281	n/a	0.46993446507985936	2	1	3	NB_29_frameA_foil.png	1	7	1370.13168025	0	33	n/a	n/a	intervals/recognition_table	32	1368.114437	1369.661746
1368.114437	0.000000	273623	ttl	1	71	n/a	n/a	n/a	n/a	n/a	n/a	n/a	n/a	n/a	n/a	n/a	n/a	n/a	n/a	n/a	n/a	n/a	n/a	n/a	n/a	n/a	1368.114437	n/a
1369.661746	0.000000	273932	ttl	2	71	n/a	n/a	n/a	n/a	n/a	n/a	n/a	n/a	n/a	n/a	n/a	n/a	n/a	n/a	n/a	n/a	n/a	n/a	n/a	n/a	n/a	1369.661746	n/a
1370.131680	0.000000	274026	ttl	4	71	n/a	n/a	n/a	n/a	n/a	n/a	n/a	n/a	n/a	n/a	n/a	n/a	n/a	n/a	n/a	n/a	n/a	n/a	n/a	n/a	n/a	1370.131680	n/a
1370.155906	0.000000	274031	ttl	11	71	n/a	n/a	n/a	n/a	n/a	n/a	n/a	n/a	n/a	n/a	n/a	n/a	n/a	n/a	n/a	n/a	n/a	n/a	n/a	n/a	n/a	1370.155906	n/a
1370.677702	1.547152	274136	scene_recognition	n/a	n/a	n/a	71.0	n/a	n/a	n/a	1370.1559055	n/a	1.7004048609942402	2	2	2	SB_9_frameA.png	2	3	1373.92525875	1	34	n/a	n/a	intervals/recognition_table	33	1370.677702	1372.224854
1370.677702	0.000000	274136	ttl	1	71	n/a	n/a	n/a	n/a	n/a	n/a	n/a	n/a	n/a	n/a	n/a	n/a	n/a	n/a	n/a	n/a	n/a	n/a	n/a	n/a	n/a	1370.677702	n/a
1372.224854	0.000000	274445	ttl	2	71	n/a	n/a	n/a	n/a	n/a	n/a	n/a	n/a	n/a	n/a	n/a	n/a	n/a	n/a	n/a	n/a	n/a	n/a	n/a	n/a	n/a	1372.224854	n/a
1373.925259	0.000000	274785	ttl	4	71	n/a	n/a	n/a	n/a	n/a	n/a	n/a	n/a	n/a	n/a	n/a	n/a	n/a	n/a	n/a	n/a	n/a	n/a	n/a	n/a	n/a	1373.925259	n/a
1373.940888	0.000000	274788	ttl	11	71	n/a	n/a	n/a	n/a	n/a	n/a	n/a	n/a	n/a	n/a	n/a	n/a	n/a	n/a	n/a	n/a	n/a	n/a	n/a	n/a	n/a	1373.940888	n/a
1374.522646	1.547301	274905	scene_recognition	n/a	n/a	n/a	71.0	n/a	n/a	n/a	1373.94088775	n/a	0.5390524267495493	2	2	3	SB_2_frameA.png	2	2	1376.6089995	1	35	n/a	n/a	intervals/recognition_table	34	1374.522646	1376.069947
1374.522646	0.000000	274905	ttl	1	71	n/a	n/a	n/a	n/a	n/a	n/a	n/a	n/a	n/a	n/a	n/a	n/a	n/a	n/a	n/a	n/a	n/a	n/a	n/a	n/a	n/a	1374.522646	n/a
1376.069947	0.000000	275214	ttl	2	71	n/a	n/a	n/a	n/a	n/a	n/a	n/a	n/a	n/a	n/a	n/a	n/a	n/a	n/a	n/a	n/a	n/a	n/a	n/a	n/a	n/a	1376.069947	n/a
1376.608999	0.000000	275322	ttl	4	71	n/a	n/a	n/a	n/a	n/a	n/a	n/a	n/a	n/a	n/a	n/a	n/a	n/a	n/a	n/a	n/a	n/a	n/a	n/a	n/a	n/a	1376.608999	n/a
1376.618644	0.000000	275324	ttl	11	71	n/a	n/a	n/a	n/a	n/a	n/a	n/a	n/a	n/a	n/a	n/a	n/a	n/a	n/a	n/a	n/a	n/a	n/a	n/a	n/a	n/a	1376.618644	n/a
1377.180545	1.547060	275436	scene_recognition	n/a	n/a	n/a	71.0	n/a	n/a	n/a	1376.61864425	n/a	1.3122883930645912	2	3	2	HB_2_frameB_foil.png	1	6	1380.03989375	0	36	n/a	n/a	intervals/recognition_table	35	1377.180545	1378.727605
1377.180545	0.000000	275436	ttl	1	71	n/a	n/a	n/a	n/a	n/a	n/a	n/a	n/a	n/a	n/a	n/a	n/a	n/a	n/a	n/a	n/a	n/a	n/a	n/a	n/a	n/a	1377.180545	n/a
1378.727605	0.000000	275746	ttl	2	71	n/a	n/a	n/a	n/a	n/a	n/a	n/a	n/a	n/a	n/a	n/a	n/a	n/a	n/a	n/a	n/a	n/a	n/a	n/a	n/a	n/a	1378.727605	n/a
1380.039894	0.000000	276008	ttl	4	71	n/a	n/a	n/a	n/a	n/a	n/a	n/a	n/a	n/a	n/a	n/a	n/a	n/a	n/a	n/a	n/a	n/a	n/a	n/a	n/a	n/a	1380.039894	n/a
1380.051631	0.000000	276010	ttl	11	71	n/a	n/a	n/a	n/a	n/a	n/a	n/a	n/a	n/a	n/a	n/a	n/a	n/a	n/a	n/a	n/a	n/a	n/a	n/a	n/a	n/a	1380.051631	n/a
1380.613513	1.527135	276123	scene_recognition	n/a	n/a	n/a	71.0	n/a	n/a	n/a	1380.0516315	n/a	1.4588462201718357	2	2	3	SB_8_frameA.png	2	2	1383.5994945	1	37	n/a	n/a	intervals/recognition_table	36	1380.613513	1382.140648
1380.613513	0.000000	276123	ttl	1	71	n/a	n/a	n/a	n/a	n/a	n/a	n/a	n/a	n/a	n/a	n/a	n/a	n/a	n/a	n/a	n/a	n/a	n/a	n/a	n/a	n/a	1380.613513	n/a
1382.140648	0.000000	276428	ttl	2	71	n/a	n/a	n/a	n/a	n/a	n/a	n/a	n/a	n/a	n/a	n/a	n/a	n/a	n/a	n/a	n/a	n/a	n/a	n/a	n/a	n/a	1382.140648	n/a
1383.599494	0.000000	276720	ttl	4	71	n/a	n/a	n/a	n/a	n/a	n/a	n/a	n/a	n/a	n/a	n/a	n/a	n/a	n/a	n/a	n/a	n/a	n/a	n/a	n/a	n/a	1383.599494	n/a
1383.616050	0.000000	276723	ttl	11	71	n/a	n/a	n/a	n/a	n/a	n/a	n/a	n/a	n/a	n/a	n/a	n/a	n/a	n/a	n/a	n/a	n/a	n/a	n/a	n/a	n/a	1383.616050	n/a
1384.178172	1.547097	276836	scene_recognition	n/a	n/a	n/a	71.0	n/a	n/a	n/a	1383.61604975	n/a	0.21148909025760076	2	3	2	HB_1_frameB_foil.png	1	6	1385.936759	0	38	n/a	n/a	intervals/recognition_table	37	1384.178172	1385.725270
1384.178172	0.000000	276836	ttl	1	71	n/a	n/a	n/a	n/a	n/a	n/a	n/a	n/a	n/a	n/a	n/a	n/a	n/a	n/a	n/a	n/a	n/a	n/a	n/a	n/a	n/a	1384.178172	n/a
1385.725270	0.000000	277145	ttl	2	71	n/a	n/a	n/a	n/a	n/a	n/a	n/a	n/a	n/a	n/a	n/a	n/a	n/a	n/a	n/a	n/a	n/a	n/a	n/a	n/a	n/a	1385.725270	n/a
1385.936759	0.000000	277187	ttl	4	71	n/a	n/a	n/a	n/a	n/a	n/a	n/a	n/a	n/a	n/a	n/a	n/a	n/a	n/a	n/a	n/a	n/a	n/a	n/a	n/a	n/a	1385.936759	n/a
1385.947000	0.000000	277189	ttl	11	71	n/a	n/a	n/a	n/a	n/a	n/a	n/a	n/a	n/a	n/a	n/a	n/a	n/a	n/a	n/a	n/a	n/a	n/a	n/a	n/a	n/a	1385.947000	n/a
1386.488820	1.527153	277298	scene_recognition	n/a	n/a	n/a	71.0	n/a	n/a	n/a	1385.94699975	n/a	0.6042088051945029	2	3	3	HB_7_frameA.png	2	2	1388.6201819999999	1	39	n/a	n/a	intervals/recognition_table	38	1386.488820	1388.015973
1386.488820	0.000000	277298	ttl	1	71	n/a	n/a	n/a	n/a	n/a	n/a	n/a	n/a	n/a	n/a	n/a	n/a	n/a	n/a	n/a	n/a	n/a	n/a	n/a	n/a	n/a	1386.488820	n/a
1388.015973	0.000000	277603	ttl	2	71	n/a	n/a	n/a	n/a	n/a	n/a	n/a	n/a	n/a	n/a	n/a	n/a	n/a	n/a	n/a	n/a	n/a	n/a	n/a	n/a	n/a	1388.015973	n/a
1388.620182	0.000000	277724	ttl	4	71	n/a	n/a	n/a	n/a	n/a	n/a	n/a	n/a	n/a	n/a	n/a	n/a	n/a	n/a	n/a	n/a	n/a	n/a	n/a	n/a	n/a	1388.620182	n/a
1388.633033	0.000000	277727	ttl	11	71	n/a	n/a	n/a	n/a	n/a	n/a	n/a	n/a	n/a	n/a	n/a	n/a	n/a	n/a	n/a	n/a	n/a	n/a	n/a	n/a	n/a	1388.633033	n/a
1389.255360	1.527070	277851	scene_recognition	n/a	n/a	n/a	71.0	n/a	n/a	n/a	1388.6330329999998	n/a	1.8674762594473577	2	1	2	NB_18_frameB_foil.png	1	6	1392.6499065	0	40	n/a	n/a	intervals/recognition_table	39	1389.255360	1390.782430
1389.255360	0.000000	277851	ttl	1	71	n/a	n/a	n/a	n/a	n/a	n/a	n/a	n/a	n/a	n/a	n/a	n/a	n/a	n/a	n/a	n/a	n/a	n/a	n/a	n/a	n/a	1389.255360	n/a
1390.782430	0.000000	278156	ttl	2	71	n/a	n/a	n/a	n/a	n/a	n/a	n/a	n/a	n/a	n/a	n/a	n/a	n/a	n/a	n/a	n/a	n/a	n/a	n/a	n/a	n/a	1390.782430	n/a
1392.649907	0.000000	278530	ttl	4	71	n/a	n/a	n/a	n/a	n/a	n/a	n/a	n/a	n/a	n/a	n/a	n/a	n/a	n/a	n/a	n/a	n/a	n/a	n/a	n/a	n/a	1392.649907	n/a
1392.670913	0.000000	278534	ttl	11	71	n/a	n/a	n/a	n/a	n/a	n/a	n/a	n/a	n/a	n/a	n/a	n/a	n/a	n/a	n/a	n/a	n/a	n/a	n/a	n/a	n/a	1392.670913	n/a
1393.192656	1.527025	278639	scene_recognition	n/a	n/a	n/a	71.0	n/a	n/a	n/a	1392.6709134999999	n/a	0.8132205407455331	2	3	2	HB_3_frameA.png	2	3	1395.5329015	1	41	n/a	n/a	intervals/recognition_table	40	1393.192656	1394.719681
1393.192656	0.000000	278639	ttl	1	71	n/a	n/a	n/a	n/a	n/a	n/a	n/a	n/a	n/a	n/a	n/a	n/a	n/a	n/a	n/a	n/a	n/a	n/a	n/a	n/a	n/a	1393.192656	n/a
1394.719681	0.000000	278944	ttl	2	71	n/a	n/a	n/a	n/a	n/a	n/a	n/a	n/a	n/a	n/a	n/a	n/a	n/a	n/a	n/a	n/a	n/a	n/a	n/a	n/a	n/a	1394.719681	n/a
1395.532901	0.000000	279107	ttl	4	71	n/a	n/a	n/a	n/a	n/a	n/a	n/a	n/a	n/a	n/a	n/a	n/a	n/a	n/a	n/a	n/a	n/a	n/a	n/a	n/a	n/a	1395.532901	n/a
1395.540241	0.000000	279108	ttl	11	71	n/a	n/a	n/a	n/a	n/a	n/a	n/a	n/a	n/a	n/a	n/a	n/a	n/a	n/a	n/a	n/a	n/a	n/a	n/a	n/a	n/a	1395.540241	n/a
1396.102108	1.527151	279220	scene_recognition	n/a	n/a	n/a	71.0	n/a	n/a	n/a	1395.5402414999999	n/a	1.5060093703832536	2	3	3	HB_1_frameB.png	2	2	1399.135268	1	42	n/a	n/a	intervals/recognition_table	41	1396.102108	1397.629259
1396.102108	0.000000	279220	ttl	1	71	n/a	n/a	n/a	n/a	n/a	n/a	n/a	n/a	n/a	n/a	n/a	n/a	n/a	n/a	n/a	n/a	n/a	n/a	n/a	n/a	n/a	1396.102108	n/a
1397.629259	0.000000	279526	ttl	2	71	n/a	n/a	n/a	n/a	n/a	n/a	n/a	n/a	n/a	n/a	n/a	n/a	n/a	n/a	n/a	n/a	n/a	n/a	n/a	n/a	n/a	1397.629259	n/a
1399.135268	0.000000	279827	ttl	4	71	n/a	n/a	n/a	n/a	n/a	n/a	n/a	n/a	n/a	n/a	n/a	n/a	n/a	n/a	n/a	n/a	n/a	n/a	n/a	n/a	n/a	1399.135268	n/a
1399.159765	0.000000	279832	ttl	11	71	n/a	n/a	n/a	n/a	n/a	n/a	n/a	n/a	n/a	n/a	n/a	n/a	n/a	n/a	n/a	n/a	n/a	n/a	n/a	n/a	n/a	1399.159765	n/a
1399.721715	1.527115	279944	scene_recognition	n/a	n/a	n/a	71.0	n/a	n/a	n/a	1399.15976525	n/a	0.645346269262518	2	3	2	HB_1_frameA_foil.png	1	6	1401.8941765	0	43	n/a	n/a	intervals/recognition_table	42	1399.721715	1401.248830
1399.721715	0.000000	279944	ttl	1	71	n/a	n/a	n/a	n/a	n/a	n/a	n/a	n/a	n/a	n/a	n/a	n/a	n/a	n/a	n/a	n/a	n/a	n/a	n/a	n/a	n/a	1399.721715	n/a
1401.248830	0.000000	280250	ttl	2	71	n/a	n/a	n/a	n/a	n/a	n/a	n/a	n/a	n/a	n/a	n/a	n/a	n/a	n/a	n/a	n/a	n/a	n/a	n/a	n/a	n/a	1401.248830	n/a
1401.894176	0.000000	280379	ttl	4	71	n/a	n/a	n/a	n/a	n/a	n/a	n/a	n/a	n/a	n/a	n/a	n/a	n/a	n/a	n/a	n/a	n/a	n/a	n/a	n/a	n/a	1401.894176	n/a
1401.916637	0.000000	280383	ttl	11	71	n/a	n/a	n/a	n/a	n/a	n/a	n/a	n/a	n/a	n/a	n/a	n/a	n/a	n/a	n/a	n/a	n/a	n/a	n/a	n/a	n/a	1401.916637	n/a
1402.438446	1.547120	280488	scene_recognition	n/a	n/a	n/a	71.0	n/a	n/a	n/a	1401.9166375	n/a	0.6274159666063497	2	2	2	SB_8_frameB.png	2	3	1404.61298225	1	44	n/a	n/a	intervals/recognition_table	43	1402.438446	1403.985566
1402.438446	0.000000	280488	ttl	1	71	n/a	n/a	n/a	n/a	n/a	n/a	n/a	n/a	n/a	n/a	n/a	n/a	n/a	n/a	n/a	n/a	n/a	n/a	n/a	n/a	n/a	1402.438446	n/a
1403.985566	0.000000	280797	ttl	2	71	n/a	n/a	n/a	n/a	n/a	n/a	n/a	n/a	n/a	n/a	n/a	n/a	n/a	n/a	n/a	n/a	n/a	n/a	n/a	n/a	n/a	1403.985566	n/a
1404.612982	0.000000	280923	ttl	4	71	n/a	n/a	n/a	n/a	n/a	n/a	n/a	n/a	n/a	n/a	n/a	n/a	n/a	n/a	n/a	n/a	n/a	n/a	n/a	n/a	n/a	1404.612982	n/a
1404.627487	0.000000	280925	ttl	11	71	n/a	n/a	n/a	n/a	n/a	n/a	n/a	n/a	n/a	n/a	n/a	n/a	n/a	n/a	n/a	n/a	n/a	n/a	n/a	n/a	n/a	1404.627487	n/a
1405.149232	1.527104	281030	scene_recognition	n/a	n/a	n/a	71.0	n/a	n/a	n/a	1404.6274875	n/a	1.031145967739576	2	2	2	SB_2_frameA_foil.png	1	6	1407.7074827499998	0	45	n/a	n/a	intervals/recognition_table	44	1405.149232	1406.676337
1405.149232	0.000000	281030	ttl	1	71	n/a	n/a	n/a	n/a	n/a	n/a	n/a	n/a	n/a	n/a	n/a	n/a	n/a	n/a	n/a	n/a	n/a	n/a	n/a	n/a	n/a	1405.149232	n/a
1406.676337	0.000000	281335	ttl	2	71	n/a	n/a	n/a	n/a	n/a	n/a	n/a	n/a	n/a	n/a	n/a	n/a	n/a	n/a	n/a	n/a	n/a	n/a	n/a	n/a	n/a	1406.676337	n/a
1407.707483	0.000000	281541	ttl	4	71	n/a	n/a	n/a	n/a	n/a	n/a	n/a	n/a	n/a	n/a	n/a	n/a	n/a	n/a	n/a	n/a	n/a	n/a	n/a	n/a	n/a	1407.707483	n/a
1407.721315	0.000000	281544	ttl	11	71	n/a	n/a	n/a	n/a	n/a	n/a	n/a	n/a	n/a	n/a	n/a	n/a	n/a	n/a	n/a	n/a	n/a	n/a	n/a	n/a	n/a	1407.721315	n/a
1408.303273	1.527131	281661	scene_recognition	n/a	n/a	n/a	71.0	n/a	n/a	n/a	1407.7213155	n/a	1.479962881985557	2	3	2	HB_4_frameA_foil.png	1	6	1411.3103675	0	46	n/a	n/a	intervals/recognition_table	45	1408.303273	1409.830405
1408.303273	0.000000	281661	ttl	1	71	n/a	n/a	n/a	n/a	n/a	n/a	n/a	n/a	n/a	n/a	n/a	n/a	n/a	n/a	n/a	n/a	n/a	n/a	n/a	n/a	n/a	1408.303273	n/a
1409.830405	0.000000	281966	ttl	2	71	n/a	n/a	n/a	n/a	n/a	n/a	n/a	n/a	n/a	n/a	n/a	n/a	n/a	n/a	n/a	n/a	n/a	n/a	n/a	n/a	n/a	1409.830405	n/a
1411.310367	0.000000	282262	ttl	4	71	n/a	n/a	n/a	n/a	n/a	n/a	n/a	n/a	n/a	n/a	n/a	n/a	n/a	n/a	n/a	n/a	n/a	n/a	n/a	n/a	n/a	1411.310367	n/a
1411.333762	0.000000	282267	ttl	11	71	n/a	n/a	n/a	n/a	n/a	n/a	n/a	n/a	n/a	n/a	n/a	n/a	n/a	n/a	n/a	n/a	n/a	n/a	n/a	n/a	n/a	1411.333762	n/a
1411.895479	1.527198	282379	scene_recognition	n/a	n/a	n/a	71.0	n/a	n/a	n/a	1411.333762	n/a	1.9559215760455118	2	3	3	HB_6_frameA_foil.png	1	7	1415.3785985	0	47	n/a	n/a	intervals/recognition_table	46	1411.895479	1413.422677
1411.895479	0.000000	282379	ttl	1	71	n/a	n/a	n/a	n/a	n/a	n/a	n/a	n/a	n/a	n/a	n/a	n/a	n/a	n/a	n/a	n/a	n/a	n/a	n/a	n/a	n/a	1411.895479	n/a
1413.422677	0.000000	282685	ttl	2	71	n/a	n/a	n/a	n/a	n/a	n/a	n/a	n/a	n/a	n/a	n/a	n/a	n/a	n/a	n/a	n/a	n/a	n/a	n/a	n/a	n/a	1413.422677	n/a
1415.378598	0.000000	283076	ttl	4	71	n/a	n/a	n/a	n/a	n/a	n/a	n/a	n/a	n/a	n/a	n/a	n/a	n/a	n/a	n/a	n/a	n/a	n/a	n/a	n/a	n/a	1415.378598	n/a
1415.395757	0.000000	283079	ttl	11	71	n/a	n/a	n/a	n/a	n/a	n/a	n/a	n/a	n/a	n/a	n/a	n/a	n/a	n/a	n/a	n/a	n/a	n/a	n/a	n/a	n/a	1415.395757	n/a
1415.977641	1.547955	283196	scene_recognition	n/a	n/a	n/a	71.0	n/a	n/a	n/a	1415.3957575	n/a	1.096174662872727	2	1	2	NB_30_frameB_foil.png	1	6	1418.6217702499998	0	48	n/a	n/a	intervals/recognition_table	47	1415.977641	1417.525596
1415.977641	0.000000	283196	ttl	1	71	n/a	n/a	n/a	n/a	n/a	n/a	n/a	n/a	n/a	n/a	n/a	n/a	n/a	n/a	n/a	n/a	n/a	n/a	n/a	n/a	n/a	1415.977641	n/a
1417.525596	0.000000	283505	ttl	2	71	n/a	n/a	n/a	n/a	n/a	n/a	n/a	n/a	n/a	n/a	n/a	n/a	n/a	n/a	n/a	n/a	n/a	n/a	n/a	n/a	n/a	1417.525596	n/a
1418.621770	0.000000	283724	ttl	4	71	n/a	n/a	n/a	n/a	n/a	n/a	n/a	n/a	n/a	n/a	n/a	n/a	n/a	n/a	n/a	n/a	n/a	n/a	n/a	n/a	n/a	1418.621770	n/a
1418.633390	0.000000	283727	ttl	11	71	n/a	n/a	n/a	n/a	n/a	n/a	n/a	n/a	n/a	n/a	n/a	n/a	n/a	n/a	n/a	n/a	n/a	n/a	n/a	n/a	n/a	1418.633390	n/a
1419.215315	1.547250	283843	scene_recognition	n/a	n/a	n/a	71.0	n/a	n/a	n/a	1418.63339025	n/a	1.040342089250771	2	3	3	HB_6_frameB_foil.png	1	7	1421.8029064999998	0	49	n/a	n/a	intervals/recognition_table	48	1419.215315	1420.762564
1419.215315	0.000000	283843	ttl	1	71	n/a	n/a	n/a	n/a	n/a	n/a	n/a	n/a	n/a	n/a	n/a	n/a	n/a	n/a	n/a	n/a	n/a	n/a	n/a	n/a	n/a	1419.215315	n/a
1420.762564	0.000000	284153	ttl	2	71	n/a	n/a	n/a	n/a	n/a	n/a	n/a	n/a	n/a	n/a	n/a	n/a	n/a	n/a	n/a	n/a	n/a	n/a	n/a	n/a	n/a	1420.762564	n/a
1421.802906	0.000000	284361	ttl	4	71	n/a	n/a	n/a	n/a	n/a	n/a	n/a	n/a	n/a	n/a	n/a	n/a	n/a	n/a	n/a	n/a	n/a	n/a	n/a	n/a	n/a	1421.802906	n/a
1421.812707	0.000000	284363	ttl	11	71	n/a	n/a	n/a	n/a	n/a	n/a	n/a	n/a	n/a	n/a	n/a	n/a	n/a	n/a	n/a	n/a	n/a	n/a	n/a	n/a	n/a	1421.812707	n/a
1422.394666	1.547360	284479	scene_recognition	n/a	n/a	n/a	71.0	n/a	n/a	n/a	1421.81270675	n/a	0.26798774736744235	2	3	3	HB_3_frameB.png	2	2	1424.21001325	1	50	n/a	n/a	intervals/recognition_table	49	1422.394666	1423.942025
1422.394666	0.000000	284479	ttl	1	71	n/a	n/a	n/a	n/a	n/a	n/a	n/a	n/a	n/a	n/a	n/a	n/a	n/a	n/a	n/a	n/a	n/a	n/a	n/a	n/a	n/a	1422.394666	n/a
1423.942025	0.000000	284788	ttl	2	71	n/a	n/a	n/a	n/a	n/a	n/a	n/a	n/a	n/a	n/a	n/a	n/a	n/a	n/a	n/a	n/a	n/a	n/a	n/a	n/a	n/a	1423.942025	n/a
1424.210013	0.000000	284842	ttl	4	71	n/a	n/a	n/a	n/a	n/a	n/a	n/a	n/a	n/a	n/a	n/a	n/a	n/a	n/a	n/a	n/a	n/a	n/a	n/a	n/a	n/a	1424.210013	n/a
1424.228253	0.000000	284846	ttl	11	71	n/a	n/a	n/a	n/a	n/a	n/a	n/a	n/a	n/a	n/a	n/a	n/a	n/a	n/a	n/a	n/a	n/a	n/a	n/a	n/a	n/a	1424.228253	n/a
1424.750008	1.547290	284950	scene_recognition	n/a	n/a	n/a	71.0	n/a	n/a	n/a	1424.228253	n/a	2.5709455063333735	2	2	2	SB_1_frameB.png	2	3	1428.8682434999998	1	51	n/a	n/a	intervals/recognition_table	50	1424.750008	1426.297298
1424.750008	0.000000	284950	ttl	1	71	n/a	n/a	n/a	n/a	n/a	n/a	n/a	n/a	n/a	n/a	n/a	n/a	n/a	n/a	n/a	n/a	n/a	n/a	n/a	n/a	n/a	1424.750008	n/a
1426.297298	0.000000	285259	ttl	2	71	n/a	n/a	n/a	n/a	n/a	n/a	n/a	n/a	n/a	n/a	n/a	n/a	n/a	n/a	n/a	n/a	n/a	n/a	n/a	n/a	n/a	1426.297298	n/a
1428.868243	0.000000	285774	ttl	4	71	n/a	n/a	n/a	n/a	n/a	n/a	n/a	n/a	n/a	n/a	n/a	n/a	n/a	n/a	n/a	n/a	n/a	n/a	n/a	n/a	n/a	1428.868243	n/a
1428.879450	0.000000	285776	ttl	11	71	n/a	n/a	n/a	n/a	n/a	n/a	n/a	n/a	n/a	n/a	n/a	n/a	n/a	n/a	n/a	n/a	n/a	n/a	n/a	n/a	n/a	1428.879450	n/a
1429.421553	1.547039	285884	scene_recognition	n/a	n/a	n/a	71.0	n/a	n/a	n/a	1428.8794504999998	n/a	1.4231349306810444	2	3	3	HB_4_frameA.png	2	2	1432.3917275	1	52	n/a	n/a	intervals/recognition_table	51	1429.421553	1430.968593
1429.421553	0.000000	285884	ttl	1	71	n/a	n/a	n/a	n/a	n/a	n/a	n/a	n/a	n/a	n/a	n/a	n/a	n/a	n/a	n/a	n/a	n/a	n/a	n/a	n/a	n/a	1429.421553	n/a
1430.968593	0.000000	286194	ttl	2	71	n/a	n/a	n/a	n/a	n/a	n/a	n/a	n/a	n/a	n/a	n/a	n/a	n/a	n/a	n/a	n/a	n/a	n/a	n/a	n/a	n/a	1430.968593	n/a
1432.391727	0.000000	286478	ttl	4	71	n/a	n/a	n/a	n/a	n/a	n/a	n/a	n/a	n/a	n/a	n/a	n/a	n/a	n/a	n/a	n/a	n/a	n/a	n/a	n/a	n/a	1432.391727	n/a
1432.398551	0.000000	286480	ttl	11	71	n/a	n/a	n/a	n/a	n/a	n/a	n/a	n/a	n/a	n/a	n/a	n/a	n/a	n/a	n/a	n/a	n/a	n/a	n/a	n/a	n/a	1432.398551	n/a
1432.960332	1.527296	286592	scene_recognition	n/a	n/a	n/a	71.0	n/a	n/a	n/a	1432.3985512499999	n/a	1.6056240180605528	2	3	3	HB_3_frameA.png	2	2	1436.0932524999998	1	53	n/a	n/a	intervals/recognition_table	52	1432.960332	1434.487629
1432.960332	0.000000	286592	ttl	1	71	n/a	n/a	n/a	n/a	n/a	n/a	n/a	n/a	n/a	n/a	n/a	n/a	n/a	n/a	n/a	n/a	n/a	n/a	n/a	n/a	n/a	1432.960332	n/a
1434.487629	0.000000	286898	ttl	2	71	n/a	n/a	n/a	n/a	n/a	n/a	n/a	n/a	n/a	n/a	n/a	n/a	n/a	n/a	n/a	n/a	n/a	n/a	n/a	n/a	n/a	1434.487629	n/a
1436.093252	0.000000	287219	ttl	4	71	n/a	n/a	n/a	n/a	n/a	n/a	n/a	n/a	n/a	n/a	n/a	n/a	n/a	n/a	n/a	n/a	n/a	n/a	n/a	n/a	n/a	1436.093252	n/a
1436.112376	0.000000	287222	ttl	11	71	n/a	n/a	n/a	n/a	n/a	n/a	n/a	n/a	n/a	n/a	n/a	n/a	n/a	n/a	n/a	n/a	n/a	n/a	n/a	n/a	n/a	1436.112376	n/a
1436.654452	1.527100	287331	scene_recognition	n/a	n/a	n/a	71.0	n/a	n/a	n/a	1436.11237625	n/a	3.35290465892831	2	1	3	NB_8_frameB_foil.png	1	7	1441.534457	0	54	n/a	n/a	intervals/recognition_table	53	1436.654452	1438.181552
1436.654452	0.000000	287331	ttl	1	71	n/a	n/a	n/a	n/a	n/a	n/a	n/a	n/a	n/a	n/a	n/a	n/a	n/a	n/a	n/a	n/a	n/a	n/a	n/a	n/a	n/a	1436.654452	n/a
1438.181552	0.000000	287636	ttl	2	71	n/a	n/a	n/a	n/a	n/a	n/a	n/a	n/a	n/a	n/a	n/a	n/a	n/a	n/a	n/a	n/a	n/a	n/a	n/a	n/a	n/a	1438.181552	n/a
1441.534457	0.000000	288307	ttl	4	71	n/a	n/a	n/a	n/a	n/a	n/a	n/a	n/a	n/a	n/a	n/a	n/a	n/a	n/a	n/a	n/a	n/a	n/a	n/a	n/a	n/a	1441.534457	n/a
1441.555009	0.000000	288311	ttl	11	71	n/a	n/a	n/a	n/a	n/a	n/a	n/a	n/a	n/a	n/a	n/a	n/a	n/a	n/a	n/a	n/a	n/a	n/a	n/a	n/a	n/a	1441.555009	n/a
1442.096829	1.527171	288419	scene_recognition	n/a	n/a	n/a	71.0	n/a	n/a	n/a	1441.55500925	n/a	0.1482442276974325	2	3	2	HB_1_frameB_foil.png	1	6	1443.7722442499999	0	55	n/a	n/a	intervals/recognition_table	54	1442.096829	1443.624000
1442.096829	0.000000	288419	ttl	1	71	n/a	n/a	n/a	n/a	n/a	n/a	n/a	n/a	n/a	n/a	n/a	n/a	n/a	n/a	n/a	n/a	n/a	n/a	n/a	n/a	n/a	1442.096829	n/a
1443.624000	0.000000	288725	ttl	2	71	n/a	n/a	n/a	n/a	n/a	n/a	n/a	n/a	n/a	n/a	n/a	n/a	n/a	n/a	n/a	n/a	n/a	n/a	n/a	n/a	n/a	1443.624000	n/a
1443.772244	0.000000	288754	ttl	4	71	n/a	n/a	n/a	n/a	n/a	n/a	n/a	n/a	n/a	n/a	n/a	n/a	n/a	n/a	n/a	n/a	n/a	n/a	n/a	n/a	n/a	1443.772244	n/a
1443.796244	0.000000	288759	ttl	11	71	n/a	n/a	n/a	n/a	n/a	n/a	n/a	n/a	n/a	n/a	n/a	n/a	n/a	n/a	n/a	n/a	n/a	n/a	n/a	n/a	n/a	1443.796244	n/a
1444.338067	1.547101	288868	scene_recognition	n/a	n/a	n/a	71.0	n/a	n/a	n/a	1443.796244	n/a	0.5907041300961282	2	2	3	SB_2_frameB_foil.png	1	7	1446.47587175	0	56	n/a	n/a	intervals/recognition_table	55	1444.338067	1445.885168
1444.338067	0.000000	288868	ttl	1	71	n/a	n/a	n/a	n/a	n/a	n/a	n/a	n/a	n/a	n/a	n/a	n/a	n/a	n/a	n/a	n/a	n/a	n/a	n/a	n/a	n/a	1444.338067	n/a
1445.885168	0.000000	289177	ttl	2	71	n/a	n/a	n/a	n/a	n/a	n/a	n/a	n/a	n/a	n/a	n/a	n/a	n/a	n/a	n/a	n/a	n/a	n/a	n/a	n/a	n/a	1445.885168	n/a
1446.475872	0.000000	289295	ttl	4	71	n/a	n/a	n/a	n/a	n/a	n/a	n/a	n/a	n/a	n/a	n/a	n/a	n/a	n/a	n/a	n/a	n/a	n/a	n/a	n/a	n/a	1446.475872	n/a
1446.494605	0.000000	289299	ttl	11	71	n/a	n/a	n/a	n/a	n/a	n/a	n/a	n/a	n/a	n/a	n/a	n/a	n/a	n/a	n/a	n/a	n/a	n/a	n/a	n/a	n/a	1446.494605	n/a
1447.056435	1.527157	289411	scene_recognition	n/a	n/a	n/a	71.0	n/a	n/a	n/a	1446.49460475	n/a	3.1957033801336365	2	1	2	NB_11_frameA_foil.png	1	6	1451.779295	0	57	n/a	n/a	intervals/recognition_table	56	1447.056435	1448.583592
1447.056435	0.000000	289411	ttl	1	71	n/a	n/a	n/a	n/a	n/a	n/a	n/a	n/a	n/a	n/a	n/a	n/a	n/a	n/a	n/a	n/a	n/a	n/a	n/a	n/a	n/a	1447.056435	n/a
1448.583592	0.000000	289717	ttl	2	71	n/a	n/a	n/a	n/a	n/a	n/a	n/a	n/a	n/a	n/a	n/a	n/a	n/a	n/a	n/a	n/a	n/a	n/a	n/a	n/a	n/a	1448.583592	n/a
1451.779295	0.000000	290356	ttl	4	71	n/a	n/a	n/a	n/a	n/a	n/a	n/a	n/a	n/a	n/a	n/a	n/a	n/a	n/a	n/a	n/a	n/a	n/a	n/a	n/a	n/a	1451.779295	n/a
1451.802698	0.000000	290361	ttl	11	71	n/a	n/a	n/a	n/a	n/a	n/a	n/a	n/a	n/a	n/a	n/a	n/a	n/a	n/a	n/a	n/a	n/a	n/a	n/a	n/a	n/a	1451.802698	n/a
1452.384620	1.527073	290477	scene_recognition	n/a	n/a	n/a	71.0	n/a	n/a	n/a	1451.8026977499999	n/a	1.6852491640020162	2	2	3	SB_5_frameA_foil.png	1	7	1455.596942	0	58	n/a	n/a	intervals/recognition_table	57	1452.384620	1453.911693
1452.384620	0.000000	290477	ttl	1	71	n/a	n/a	n/a	n/a	n/a	n/a	n/a	n/a	n/a	n/a	n/a	n/a	n/a	n/a	n/a	n/a	n/a	n/a	n/a	n/a	n/a	1452.384620	n/a
1453.911693	0.000000	290782	ttl	2	71	n/a	n/a	n/a	n/a	n/a	n/a	n/a	n/a	n/a	n/a	n/a	n/a	n/a	n/a	n/a	n/a	n/a	n/a	n/a	n/a	n/a	1453.911693	n/a
1455.596942	0.000000	291119	ttl	4	71	n/a	n/a	n/a	n/a	n/a	n/a	n/a	n/a	n/a	n/a	n/a	n/a	n/a	n/a	n/a	n/a	n/a	n/a	n/a	n/a	n/a	1455.596942	n/a
1455.616423	0.000000	291123	ttl	11	71	n/a	n/a	n/a	n/a	n/a	n/a	n/a	n/a	n/a	n/a	n/a	n/a	n/a	n/a	n/a	n/a	n/a	n/a	n/a	n/a	n/a	1455.616423	n/a
1456.178517	1.527095	291236	scene_recognition	n/a	n/a	n/a	71.0	n/a	n/a	n/a	1455.616423	n/a	2.27669354066893	2	3	2	HB_1_frameB.png	2	3	1459.9823055	1	59	n/a	n/a	intervals/recognition_table	58	1456.178517	1457.705612
1456.178517	0.000000	291236	ttl	1	71	n/a	n/a	n/a	n/a	n/a	n/a	n/a	n/a	n/a	n/a	n/a	n/a	n/a	n/a	n/a	n/a	n/a	n/a	n/a	n/a	n/a	1456.178517	n/a
1457.705612	0.000000	291541	ttl	2	71	n/a	n/a	n/a	n/a	n/a	n/a	n/a	n/a	n/a	n/a	n/a	n/a	n/a	n/a	n/a	n/a	n/a	n/a	n/a	n/a	n/a	1457.705612	n/a
1459.982305	0.000000	291996	ttl	4	71	n/a	n/a	n/a	n/a	n/a	n/a	n/a	n/a	n/a	n/a	n/a	n/a	n/a	n/a	n/a	n/a	n/a	n/a	n/a	n/a	n/a	1459.982305	n/a
1460.005731	0.000000	292001	ttl	11	71	n/a	n/a	n/a	n/a	n/a	n/a	n/a	n/a	n/a	n/a	n/a	n/a	n/a	n/a	n/a	n/a	n/a	n/a	n/a	n/a	n/a	1460.005731	n/a
1460.527353	1.527739	292105	scene_recognition	n/a	n/a	n/a	71.0	n/a	n/a	n/a	1460.0057312499998	n/a	1.1425707331709418	2	1	3	NB_6_frameA.png	2	2	1463.1976634999999	1	60	n/a	n/a	intervals/recognition_table	59	1460.527353	1462.055093
1460.527353	0.000000	292105	ttl	1	71	n/a	n/a	n/a	n/a	n/a	n/a	n/a	n/a	n/a	n/a	n/a	n/a	n/a	n/a	n/a	n/a	n/a	n/a	n/a	n/a	n/a	1460.527353	n/a
1462.055093	0.000000	292411	ttl	2	71	n/a	n/a	n/a	n/a	n/a	n/a	n/a	n/a	n/a	n/a	n/a	n/a	n/a	n/a	n/a	n/a	n/a	n/a	n/a	n/a	n/a	1462.055093	n/a
1463.197663	0.000000	292640	ttl	4	71	n/a	n/a	n/a	n/a	n/a	n/a	n/a	n/a	n/a	n/a	n/a	n/a	n/a	n/a	n/a	n/a	n/a	n/a	n/a	n/a	n/a	1463.197663	n/a
1463.212712	0.000000	292643	ttl	11	71	n/a	n/a	n/a	n/a	n/a	n/a	n/a	n/a	n/a	n/a	n/a	n/a	n/a	n/a	n/a	n/a	n/a	n/a	n/a	n/a	n/a	1463.212712	n/a
1463.774498	1.527173	292755	scene_recognition	n/a	n/a	n/a	71.0	n/a	n/a	n/a	1463.21271175	n/a	0.8536775278389541	2	2	2	SB_8_frameA_foil.png	1	6	1466.1553482499999	0	61	n/a	n/a	intervals/recognition_table	60	1463.774498	1465.301671
1463.774498	0.000000	292755	ttl	1	71	n/a	n/a	n/a	n/a	n/a	n/a	n/a	n/a	n/a	n/a	n/a	n/a	n/a	n/a	n/a	n/a	n/a	n/a	n/a	n/a	n/a	1463.774498	n/a
1465.301671	0.000000	293060	ttl	2	71	n/a	n/a	n/a	n/a	n/a	n/a	n/a	n/a	n/a	n/a	n/a	n/a	n/a	n/a	n/a	n/a	n/a	n/a	n/a	n/a	n/a	1465.301671	n/a
1466.155348	0.000000	293231	ttl	4	71	n/a	n/a	n/a	n/a	n/a	n/a	n/a	n/a	n/a	n/a	n/a	n/a	n/a	n/a	n/a	n/a	n/a	n/a	n/a	n/a	n/a	1466.155348	n/a
1466.172024	0.000000	293234	ttl	11	71	n/a	n/a	n/a	n/a	n/a	n/a	n/a	n/a	n/a	n/a	n/a	n/a	n/a	n/a	n/a	n/a	n/a	n/a	n/a	n/a	n/a	1466.172024	n/a
1466.734086	1.527105	293347	scene_recognition	n/a	n/a	n/a	71.0	n/a	n/a	n/a	1466.1720235	n/a	1.4325432428759086	2	1	3	NB_4_frameA.png	2	2	1469.6937345	1	62	n/a	n/a	intervals/recognition_table	61	1466.734086	1468.261191
1466.734086	0.000000	293347	ttl	1	71	n/a	n/a	n/a	n/a	n/a	n/a	n/a	n/a	n/a	n/a	n/a	n/a	n/a	n/a	n/a	n/a	n/a	n/a	n/a	n/a	n/a	1466.734086	n/a
1468.261191	0.000000	293652	ttl	2	71	n/a	n/a	n/a	n/a	n/a	n/a	n/a	n/a	n/a	n/a	n/a	n/a	n/a	n/a	n/a	n/a	n/a	n/a	n/a	n/a	n/a	1468.261191	n/a
1469.693734	0.000000	293939	ttl	4	71	n/a	n/a	n/a	n/a	n/a	n/a	n/a	n/a	n/a	n/a	n/a	n/a	n/a	n/a	n/a	n/a	n/a	n/a	n/a	n/a	n/a	1469.693734	n/a
1469.711070	0.000000	293942	ttl	11	71	n/a	n/a	n/a	n/a	n/a	n/a	n/a	n/a	n/a	n/a	n/a	n/a	n/a	n/a	n/a	n/a	n/a	n/a	n/a	n/a	n/a	1469.711070	n/a
1470.272976	1.547053	294055	scene_recognition	n/a	n/a	n/a	71.0	n/a	n/a	n/a	1469.71106975	n/a	0.5329889632212144	2	1	3	NB_7_frameB.png	2	2	1472.3530174999999	1	63	n/a	n/a	intervals/recognition_table	62	1470.272976	1471.820029
1470.272976	0.000000	294055	ttl	1	71	n/a	n/a	n/a	n/a	n/a	n/a	n/a	n/a	n/a	n/a	n/a	n/a	n/a	n/a	n/a	n/a	n/a	n/a	n/a	n/a	n/a	1470.272976	n/a
1471.820029	0.000000	294364	ttl	2	71	n/a	n/a	n/a	n/a	n/a	n/a	n/a	n/a	n/a	n/a	n/a	n/a	n/a	n/a	n/a	n/a	n/a	n/a	n/a	n/a	n/a	1471.820029	n/a
1472.353017	0.000000	294471	ttl	4	71	n/a	n/a	n/a	n/a	n/a	n/a	n/a	n/a	n/a	n/a	n/a	n/a	n/a	n/a	n/a	n/a	n/a	n/a	n/a	n/a	n/a	1472.353017	n/a
1472.364325	0.000000	294473	ttl	11	71	n/a	n/a	n/a	n/a	n/a	n/a	n/a	n/a	n/a	n/a	n/a	n/a	n/a	n/a	n/a	n/a	n/a	n/a	n/a	n/a	n/a	1472.364325	n/a
1472.906129	1.547201	294581	scene_recognition	n/a	n/a	n/a	71.0	n/a	n/a	n/a	1472.364325	n/a	2.7472701384667744	2	1	2	NB_20_frameA.png	2	3	1477.2005995	1	64	n/a	n/a	intervals/recognition_table	63	1472.906129	1474.453329
1472.906129	0.000000	294581	ttl	1	71	n/a	n/a	n/a	n/a	n/a	n/a	n/a	n/a	n/a	n/a	n/a	n/a	n/a	n/a	n/a	n/a	n/a	n/a	n/a	n/a	n/a	1472.906129	n/a
1474.453329	0.000000	294891	ttl	2	71	n/a	n/a	n/a	n/a	n/a	n/a	n/a	n/a	n/a	n/a	n/a	n/a	n/a	n/a	n/a	n/a	n/a	n/a	n/a	n/a	n/a	1474.453329	n/a
1477.200599	0.000000	295440	ttl	4	71	n/a	n/a	n/a	n/a	n/a	n/a	n/a	n/a	n/a	n/a	n/a	n/a	n/a	n/a	n/a	n/a	n/a	n/a	n/a	n/a	n/a	1477.200599	n/a
1477.219632	0.000000	295444	ttl	11	71	n/a	n/a	n/a	n/a	n/a	n/a	n/a	n/a	n/a	n/a	n/a	n/a	n/a	n/a	n/a	n/a	n/a	n/a	n/a	n/a	n/a	1477.219632	n/a
1477.741392	1.527109	295548	scene_recognition	n/a	n/a	n/a	71.0	n/a	n/a	n/a	1477.2196325	n/a	1.2678077353302797	2	3	2	HB_1_frameB.png	2	3	1480.5363089999998	1	65	n/a	n/a	intervals/recognition_table	64	1477.741392	1479.268501
1477.741392	0.000000	295548	ttl	1	71	n/a	n/a	n/a	n/a	n/a	n/a	n/a	n/a	n/a	n/a	n/a	n/a	n/a	n/a	n/a	n/a	n/a	n/a	n/a	n/a	n/a	1477.741392	n/a
1479.268501	0.000000	295854	ttl	2	71	n/a	n/a	n/a	n/a	n/a	n/a	n/a	n/a	n/a	n/a	n/a	n/a	n/a	n/a	n/a	n/a	n/a	n/a	n/a	n/a	n/a	1479.268501	n/a
1480.536309	0.000000	296107	ttl	4	71	n/a	n/a	n/a	n/a	n/a	n/a	n/a	n/a	n/a	n/a	n/a	n/a	n/a	n/a	n/a	n/a	n/a	n/a	n/a	n/a	n/a	1480.536309	n/a
1480.561263	0.000000	296112	ttl	11	71	n/a	n/a	n/a	n/a	n/a	n/a	n/a	n/a	n/a	n/a	n/a	n/a	n/a	n/a	n/a	n/a	n/a	n/a	n/a	n/a	n/a	1480.561263	n/a
1481.103035	1.527827	296221	scene_recognition	n/a	n/a	n/a	71.0	n/a	n/a	n/a	1480.5612635	n/a	1.9118937658076902	2	1	3	NB_9_frameB.png	2	2	1484.5427554999999	1	66	n/a	n/a	intervals/recognition_table	65	1481.103035	1482.630862
1481.103035	0.000000	296221	ttl	1	71	n/a	n/a	n/a	n/a	n/a	n/a	n/a	n/a	n/a	n/a	n/a	n/a	n/a	n/a	n/a	n/a	n/a	n/a	n/a	n/a	n/a	1481.103035	n/a
1482.630862	0.000000	296526	ttl	2	71	n/a	n/a	n/a	n/a	n/a	n/a	n/a	n/a	n/a	n/a	n/a	n/a	n/a	n/a	n/a	n/a	n/a	n/a	n/a	n/a	n/a	1482.630862	n/a
1484.542755	0.000000	296909	ttl	4	71	n/a	n/a	n/a	n/a	n/a	n/a	n/a	n/a	n/a	n/a	n/a	n/a	n/a	n/a	n/a	n/a	n/a	n/a	n/a	n/a	n/a	1484.542755	n/a
1484.550759	0.000000	296910	ttl	11	71	n/a	n/a	n/a	n/a	n/a	n/a	n/a	n/a	n/a	n/a	n/a	n/a	n/a	n/a	n/a	n/a	n/a	n/a	n/a	n/a	n/a	1484.550759	n/a
1485.132722	1.527117	297027	scene_recognition	n/a	n/a	n/a	71.0	n/a	n/a	n/a	1484.550759	n/a	0.871452329947715	2	1	2	NB_27_frameA_foil.png	1	6	1487.531291	0	67	n/a	n/a	intervals/recognition_table	66	1485.132722	1486.659838
1485.132722	0.000000	297027	ttl	1	71	n/a	n/a	n/a	n/a	n/a	n/a	n/a	n/a	n/a	n/a	n/a	n/a	n/a	n/a	n/a	n/a	n/a	n/a	n/a	n/a	n/a	1485.132722	n/a
1486.659838	0.000000	297332	ttl	2	71	n/a	n/a	n/a	n/a	n/a	n/a	n/a	n/a	n/a	n/a	n/a	n/a	n/a	n/a	n/a	n/a	n/a	n/a	n/a	n/a	n/a	1486.659838	n/a
1487.531291	0.000000	297506	ttl	4	71	n/a	n/a	n/a	n/a	n/a	n/a	n/a	n/a	n/a	n/a	n/a	n/a	n/a	n/a	n/a	n/a	n/a	n/a	n/a	n/a	n/a	1487.531291	n/a
1487.542015	0.000000	297508	ttl	11	71	n/a	n/a	n/a	n/a	n/a	n/a	n/a	n/a	n/a	n/a	n/a	n/a	n/a	n/a	n/a	n/a	n/a	n/a	n/a	n/a	n/a	1487.542015	n/a
1488.083687	1.527276	297617	scene_recognition	n/a	n/a	n/a	71.0	n/a	n/a	n/a	1487.5420155	n/a	1.5241891464174842	2	2	2	SB_3_frameA_foil.png	1	6	1491.1351525	0	68	n/a	n/a	intervals/recognition_table	67	1488.083687	1489.610963
1488.083687	0.000000	297617	ttl	1	71	n/a	n/a	n/a	n/a	n/a	n/a	n/a	n/a	n/a	n/a	n/a	n/a	n/a	n/a	n/a	n/a	n/a	n/a	n/a	n/a	n/a	1488.083687	n/a
1489.610963	0.000000	297922	ttl	2	71	n/a	n/a	n/a	n/a	n/a	n/a	n/a	n/a	n/a	n/a	n/a	n/a	n/a	n/a	n/a	n/a	n/a	n/a	n/a	n/a	n/a	1489.610963	n/a
1491.135153	0.000000	298227	ttl	4	71	n/a	n/a	n/a	n/a	n/a	n/a	n/a	n/a	n/a	n/a	n/a	n/a	n/a	n/a	n/a	n/a	n/a	n/a	n/a	n/a	n/a	1491.135153	n/a
1491.145906	0.000000	298229	ttl	11	71	n/a	n/a	n/a	n/a	n/a	n/a	n/a	n/a	n/a	n/a	n/a	n/a	n/a	n/a	n/a	n/a	n/a	n/a	n/a	n/a	n/a	1491.145906	n/a
1491.727747	1.527188	298346	scene_recognition	n/a	n/a	n/a	71.0	n/a	n/a	n/a	1491.145906	n/a	2.6279022830567556	1	1	2	NB_17_frameA_foil.png	2	3	1495.882838	0	69	n/a	n/a	intervals/recognition_table	68	1491.727747	1493.254936
1491.727747	0.000000	298346	ttl	1	71	n/a	n/a	n/a	n/a	n/a	n/a	n/a	n/a	n/a	n/a	n/a	n/a	n/a	n/a	n/a	n/a	n/a	n/a	n/a	n/a	n/a	1491.727747	n/a
1493.254936	0.000000	298651	ttl	2	71	n/a	n/a	n/a	n/a	n/a	n/a	n/a	n/a	n/a	n/a	n/a	n/a	n/a	n/a	n/a	n/a	n/a	n/a	n/a	n/a	n/a	1493.254936	n/a
1495.882838	0.000000	299177	ttl	4	71	n/a	n/a	n/a	n/a	n/a	n/a	n/a	n/a	n/a	n/a	n/a	n/a	n/a	n/a	n/a	n/a	n/a	n/a	n/a	n/a	n/a	1495.882838	n/a
1495.890824	0.000000	299178	ttl	11	71	n/a	n/a	n/a	n/a	n/a	n/a	n/a	n/a	n/a	n/a	n/a	n/a	n/a	n/a	n/a	n/a	n/a	n/a	n/a	n/a	n/a	1495.890824	n/a
1496.472804	1.547142	299295	scene_recognition	n/a	n/a	n/a	71.0	n/a	n/a	n/a	1495.8908239999998	n/a	2.6314097564318217	2	2	3	SB_1_frameA.png	2	2	1500.65135625	1	70	n/a	n/a	intervals/recognition_table	69	1496.472804	1498.019946
1496.472804	0.000000	299295	ttl	1	71	n/a	n/a	n/a	n/a	n/a	n/a	n/a	n/a	n/a	n/a	n/a	n/a	n/a	n/a	n/a	n/a	n/a	n/a	n/a	n/a	n/a	1496.472804	n/a
1498.019946	0.000000	299604	ttl	2	71	n/a	n/a	n/a	n/a	n/a	n/a	n/a	n/a	n/a	n/a	n/a	n/a	n/a	n/a	n/a	n/a	n/a	n/a	n/a	n/a	n/a	1498.019946	n/a
1500.651356	0.000000	300130	ttl	4	71	n/a	n/a	n/a	n/a	n/a	n/a	n/a	n/a	n/a	n/a	n/a	n/a	n/a	n/a	n/a	n/a	n/a	n/a	n/a	n/a	n/a	1500.651356	n/a
1500.659323	0.000000	300132	ttl	11	71	n/a	n/a	n/a	n/a	n/a	n/a	n/a	n/a	n/a	n/a	n/a	n/a	n/a	n/a	n/a	n/a	n/a	n/a	n/a	n/a	n/a	1500.659323	n/a
1501.181077	1.527183	300236	scene_recognition	n/a	n/a	n/a	71.0	n/a	n/a	n/a	1500.6593229999999	n/a	0.7353783111338998	2	3	3	HB_1_frameA.png	2	2	1503.4436389999998	1	71	n/a	n/a	intervals/recognition_table	70	1501.181077	1502.708261
1501.181077	0.000000	300236	ttl	1	71	n/a	n/a	n/a	n/a	n/a	n/a	n/a	n/a	n/a	n/a	n/a	n/a	n/a	n/a	n/a	n/a	n/a	n/a	n/a	n/a	n/a	1501.181077	n/a
1502.708261	0.000000	300542	ttl	2	71	n/a	n/a	n/a	n/a	n/a	n/a	n/a	n/a	n/a	n/a	n/a	n/a	n/a	n/a	n/a	n/a	n/a	n/a	n/a	n/a	n/a	1502.708261	n/a
1503.443639	0.000000	300689	ttl	4	71	n/a	n/a	n/a	n/a	n/a	n/a	n/a	n/a	n/a	n/a	n/a	n/a	n/a	n/a	n/a	n/a	n/a	n/a	n/a	n/a	n/a	1503.443639	n/a
1503.466872	0.000000	300693	ttl	11	71	n/a	n/a	n/a	n/a	n/a	n/a	n/a	n/a	n/a	n/a	n/a	n/a	n/a	n/a	n/a	n/a	n/a	n/a	n/a	n/a	n/a	1503.466872	n/a
1504.088966	1.548109	300818	scene_recognition	n/a	n/a	n/a	71.0	n/a	n/a	n/a	1503.4668715	n/a	0.6876839423330239	2	1	3	NB_12_frameA.png	2	2	1506.3247595	1	72	n/a	n/a	intervals/recognition_table	71	1504.088966	1505.637076
1504.088966	0.000000	300818	ttl	1	71	n/a	n/a	n/a	n/a	n/a	n/a	n/a	n/a	n/a	n/a	n/a	n/a	n/a	n/a	n/a	n/a	n/a	n/a	n/a	n/a	n/a	1504.088966	n/a
1505.637076	0.000000	301127	ttl	2	71	n/a	n/a	n/a	n/a	n/a	n/a	n/a	n/a	n/a	n/a	n/a	n/a	n/a	n/a	n/a	n/a	n/a	n/a	n/a	n/a	n/a	1505.637076	n/a
1506.324760	0.000000	301265	ttl	4	71	n/a	n/a	n/a	n/a	n/a	n/a	n/a	n/a	n/a	n/a	n/a	n/a	n/a	n/a	n/a	n/a	n/a	n/a	n/a	n/a	n/a	1506.324760	n/a
1506.342254	0.000000	301268	ttl	11	71	n/a	n/a	n/a	n/a	n/a	n/a	n/a	n/a	n/a	n/a	n/a	n/a	n/a	n/a	n/a	n/a	n/a	n/a	n/a	n/a	n/a	1506.342254	n/a
1506.924384	1.547138	301385	scene_recognition	n/a	n/a	n/a	71.0	n/a	n/a	n/a	1506.342254	n/a	0.9282275549485348	2	3	3	HB_9_frameA_foil.png	1	7	1509.39975025	0	73	n/a	n/a	intervals/recognition_table	72	1506.924384	1508.471523
1506.924384	0.000000	301385	ttl	1	71	n/a	n/a	n/a	n/a	n/a	n/a	n/a	n/a	n/a	n/a	n/a	n/a	n/a	n/a	n/a	n/a	n/a	n/a	n/a	n/a	n/a	1506.924384	n/a
1508.471523	0.000000	301694	ttl	2	71	n/a	n/a	n/a	n/a	n/a	n/a	n/a	n/a	n/a	n/a	n/a	n/a	n/a	n/a	n/a	n/a	n/a	n/a	n/a	n/a	n/a	1508.471523	n/a
1509.399750	0.000000	301880	ttl	4	71	n/a	n/a	n/a	n/a	n/a	n/a	n/a	n/a	n/a	n/a	n/a	n/a	n/a	n/a	n/a	n/a	n/a	n/a	n/a	n/a	n/a	1509.399750	n/a
1509.418054	0.000000	301884	ttl	11	71	n/a	n/a	n/a	n/a	n/a	n/a	n/a	n/a	n/a	n/a	n/a	n/a	n/a	n/a	n/a	n/a	n/a	n/a	n/a	n/a	n/a	1509.418054	n/a
1509.919741	1.546996	301984	scene_recognition	n/a	n/a	n/a	71.0	n/a	n/a	n/a	1509.418054	n/a	2.969953862213515	1	1	3	NB_5_frameA_foil.png	2	2	1514.43669075	0	74	n/a	n/a	intervals/recognition_table	73	1509.919741	1511.466737
1509.919741	0.000000	301984	ttl	1	71	n/a	n/a	n/a	n/a	n/a	n/a	n/a	n/a	n/a	n/a	n/a	n/a	n/a	n/a	n/a	n/a	n/a	n/a	n/a	n/a	n/a	1509.919741	n/a
1511.466737	0.000000	302293	ttl	2	71	n/a	n/a	n/a	n/a	n/a	n/a	n/a	n/a	n/a	n/a	n/a	n/a	n/a	n/a	n/a	n/a	n/a	n/a	n/a	n/a	n/a	1511.466737	n/a
1514.436691	0.000000	302887	ttl	4	71	n/a	n/a	n/a	n/a	n/a	n/a	n/a	n/a	n/a	n/a	n/a	n/a	n/a	n/a	n/a	n/a	n/a	n/a	n/a	n/a	n/a	1514.436691	n/a
1514.457242	0.000000	302891	ttl	11	71	n/a	n/a	n/a	n/a	n/a	n/a	n/a	n/a	n/a	n/a	n/a	n/a	n/a	n/a	n/a	n/a	n/a	n/a	n/a	n/a	n/a	1514.457242	n/a
1514.979020	1.547940	302996	scene_recognition	n/a	n/a	n/a	71.0	n/a	n/a	n/a	1514.4572417499999	n/a	2.0474883564165793	2	3	3	HB_5_frameB_foil.png	1	7	1518.5744487499999	0	75	n/a	n/a	intervals/recognition_table	74	1514.979020	1516.526960
1514.979020	0.000000	302996	ttl	1	71	n/a	n/a	n/a	n/a	n/a	n/a	n/a	n/a	n/a	n/a	n/a	n/a	n/a	n/a	n/a	n/a	n/a	n/a	n/a	n/a	n/a	1514.979020	n/a
1516.526960	0.000000	303305	ttl	2	71	n/a	n/a	n/a	n/a	n/a	n/a	n/a	n/a	n/a	n/a	n/a	n/a	n/a	n/a	n/a	n/a	n/a	n/a	n/a	n/a	n/a	1516.526960	n/a
1518.574449	0.000000	303715	ttl	4	71	n/a	n/a	n/a	n/a	n/a	n/a	n/a	n/a	n/a	n/a	n/a	n/a	n/a	n/a	n/a	n/a	n/a	n/a	n/a	n/a	n/a	1518.574449	n/a
1518.584601	0.000000	303717	ttl	11	71	n/a	n/a	n/a	n/a	n/a	n/a	n/a	n/a	n/a	n/a	n/a	n/a	n/a	n/a	n/a	n/a	n/a	n/a	n/a	n/a	n/a	1518.584601	n/a
1519.146589	1.527096	303829	scene_recognition	n/a	n/a	n/a	71.0	n/a	n/a	n/a	1518.5846015	n/a	1.3014089755670284	2	3	3	HB_9_frameA.png	2	2	1521.97509475	1	76	n/a	n/a	intervals/recognition_table	75	1519.146589	1520.673686
1519.146589	0.000000	303829	ttl	1	71	n/a	n/a	n/a	n/a	n/a	n/a	n/a	n/a	n/a	n/a	n/a	n/a	n/a	n/a	n/a	n/a	n/a	n/a	n/a	n/a	n/a	1519.146589	n/a
1520.673686	0.000000	304135	ttl	2	71	n/a	n/a	n/a	n/a	n/a	n/a	n/a	n/a	n/a	n/a	n/a	n/a	n/a	n/a	n/a	n/a	n/a	n/a	n/a	n/a	n/a	1520.673686	n/a
1521.975095	0.000000	304395	ttl	4	71	n/a	n/a	n/a	n/a	n/a	n/a	n/a	n/a	n/a	n/a	n/a	n/a	n/a	n/a	n/a	n/a	n/a	n/a	n/a	n/a	n/a	1521.975095	n/a
1521.997996	0.000000	304400	ttl	11	71	n/a	n/a	n/a	n/a	n/a	n/a	n/a	n/a	n/a	n/a	n/a	n/a	n/a	n/a	n/a	n/a	n/a	n/a	n/a	n/a	n/a	1521.997996	n/a
1522.580126	1.547113	304516	scene_recognition	n/a	n/a	n/a	71.0	n/a	n/a	n/a	1521.99799575	n/a	0.9291365753961145	2	2	3	SB_4_frameA.png	2	2	1525.0563754999998	1	77	n/a	n/a	intervals/recognition_table	76	1522.580126	1524.127239
1522.580126	0.000000	304516	ttl	1	71	n/a	n/a	n/a	n/a	n/a	n/a	n/a	n/a	n/a	n/a	n/a	n/a	n/a	n/a	n/a	n/a	n/a	n/a	n/a	n/a	n/a	1522.580126	n/a
1524.127239	0.000000	304825	ttl	2	71	n/a	n/a	n/a	n/a	n/a	n/a	n/a	n/a	n/a	n/a	n/a	n/a	n/a	n/a	n/a	n/a	n/a	n/a	n/a	n/a	n/a	1524.127239	n/a
1525.056375	0.000000	305011	ttl	4	71	n/a	n/a	n/a	n/a	n/a	n/a	n/a	n/a	n/a	n/a	n/a	n/a	n/a	n/a	n/a	n/a	n/a	n/a	n/a	n/a	n/a	1525.056375	n/a
1525.081032	0.000000	305016	ttl	11	71	n/a	n/a	n/a	n/a	n/a	n/a	n/a	n/a	n/a	n/a	n/a	n/a	n/a	n/a	n/a	n/a	n/a	n/a	n/a	n/a	n/a	1525.081032	n/a
1525.582708	1.547413	305117	scene_recognition	n/a	n/a	n/a	71.0	n/a	n/a	n/a	1525.08103175	n/a	1.197615047223735	2	3	2	HB_2_frameA.png	2	3	1528.3277365	1	78	n/a	n/a	intervals/recognition_table	77	1525.582708	1527.130121
1525.582708	0.000000	305117	ttl	1	71	n/a	n/a	n/a	n/a	n/a	n/a	n/a	n/a	n/a	n/a	n/a	n/a	n/a	n/a	n/a	n/a	n/a	n/a	n/a	n/a	n/a	1525.582708	n/a
1527.130121	0.000000	305426	ttl	2	71	n/a	n/a	n/a	n/a	n/a	n/a	n/a	n/a	n/a	n/a	n/a	n/a	n/a	n/a	n/a	n/a	n/a	n/a	n/a	n/a	n/a	1527.130121	n/a
1528.327736	0.000000	305666	ttl	4	71	n/a	n/a	n/a	n/a	n/a	n/a	n/a	n/a	n/a	n/a	n/a	n/a	n/a	n/a	n/a	n/a	n/a	n/a	n/a	n/a	n/a	1528.327736	n/a
1528.350823	0.000000	305670	ttl	11	71	n/a	n/a	n/a	n/a	n/a	n/a	n/a	n/a	n/a	n/a	n/a	n/a	n/a	n/a	n/a	n/a	n/a	n/a	n/a	n/a	n/a	1528.350823	n/a
1528.932781	1.527329	305787	scene_recognition	n/a	n/a	n/a	71.0	n/a	n/a	n/a	1528.3508232499998	n/a	1.2961939727520075	2	2	2	SB_5_frameB_foil.png	1	6	1531.75630375	0	79	n/a	n/a	intervals/recognition_table	78	1528.932781	1530.460110
1528.932781	0.000000	305787	ttl	1	71	n/a	n/a	n/a	n/a	n/a	n/a	n/a	n/a	n/a	n/a	n/a	n/a	n/a	n/a	n/a	n/a	n/a	n/a	n/a	n/a	n/a	1528.932781	n/a
1530.460110	0.000000	306092	ttl	2	71	n/a	n/a	n/a	n/a	n/a	n/a	n/a	n/a	n/a	n/a	n/a	n/a	n/a	n/a	n/a	n/a	n/a	n/a	n/a	n/a	n/a	1530.460110	n/a
1531.756304	0.000000	306351	ttl	4	71	n/a	n/a	n/a	n/a	n/a	n/a	n/a	n/a	n/a	n/a	n/a	n/a	n/a	n/a	n/a	n/a	n/a	n/a	n/a	n/a	n/a	1531.756304	n/a
1531.776834	0.000000	306355	ttl	11	71	n/a	n/a	n/a	n/a	n/a	n/a	n/a	n/a	n/a	n/a	n/a	n/a	n/a	n/a	n/a	n/a	n/a	n/a	n/a	n/a	n/a	1531.776834	n/a
1532.338692	1.548140	306468	scene_recognition	n/a	n/a	n/a	71.0	n/a	n/a	n/a	1531.77683375	n/a	1.931012826587903	2	2	3	SB_1_frameB_foil.png	1	7	1535.817845	0	80	n/a	n/a	intervals/recognition_table	79	1532.338692	1533.886832
1532.338692	0.000000	306468	ttl	1	71	n/a	n/a	n/a	n/a	n/a	n/a	n/a	n/a	n/a	n/a	n/a	n/a	n/a	n/a	n/a	n/a	n/a	n/a	n/a	n/a	n/a	1532.338692	n/a
1533.886832	0.000000	306777	ttl	2	71	n/a	n/a	n/a	n/a	n/a	n/a	n/a	n/a	n/a	n/a	n/a	n/a	n/a	n/a	n/a	n/a	n/a	n/a	n/a	n/a	n/a	1533.886832	n/a
1535.817845	0.000000	307164	ttl	4	71	n/a	n/a	n/a	n/a	n/a	n/a	n/a	n/a	n/a	n/a	n/a	n/a	n/a	n/a	n/a	n/a	n/a	n/a	n/a	n/a	n/a	1535.817845	n/a
1535.828527	0.000000	307166	ttl	11	71	n/a	n/a	n/a	n/a	n/a	n/a	n/a	n/a	n/a	n/a	n/a	n/a	n/a	n/a	n/a	n/a	n/a	n/a	n/a	n/a	n/a	1535.828527	n/a
1536.350159	1.527265	307270	scene_recognition	n/a	n/a	n/a	71.0	n/a	n/a	n/a	1535.82852675	n/a	2.7583226169008412	1	1	2	NB_3_frameB.png	1	6	1540.635747	1	81	n/a	n/a	intervals/recognition_table	80	1536.350159	1537.877424
1536.350159	0.000000	307270	ttl	1	71	n/a	n/a	n/a	n/a	n/a	n/a	n/a	n/a	n/a	n/a	n/a	n/a	n/a	n/a	n/a	n/a	n/a	n/a	n/a	n/a	n/a	1536.350159	n/a
1537.877424	0.000000	307575	ttl	2	71	n/a	n/a	n/a	n/a	n/a	n/a	n/a	n/a	n/a	n/a	n/a	n/a	n/a	n/a	n/a	n/a	n/a	n/a	n/a	n/a	n/a	1537.877424	n/a
1540.635747	0.000000	308127	ttl	4	71	n/a	n/a	n/a	n/a	n/a	n/a	n/a	n/a	n/a	n/a	n/a	n/a	n/a	n/a	n/a	n/a	n/a	n/a	n/a	n/a	n/a	1540.635747	n/a
1540.655233	0.000000	308131	ttl	11	71	n/a	n/a	n/a	n/a	n/a	n/a	n/a	n/a	n/a	n/a	n/a	n/a	n/a	n/a	n/a	n/a	n/a	n/a	n/a	n/a	n/a	1540.655233	n/a
1541.177145	1.547135	308235	scene_recognition	n/a	n/a	n/a	71.0	n/a	n/a	n/a	1540.6552325	n/a	1.7668108197540278	2	1	3	NB_17_frameB.png	2	2	1544.49109075	1	82	n/a	n/a	intervals/recognition_table	81	1541.177145	1542.724280
1541.177145	0.000000	308235	ttl	1	71	n/a	n/a	n/a	n/a	n/a	n/a	n/a	n/a	n/a	n/a	n/a	n/a	n/a	n/a	n/a	n/a	n/a	n/a	n/a	n/a	n/a	1541.177145	n/a
1542.724280	0.000000	308545	ttl	2	71	n/a	n/a	n/a	n/a	n/a	n/a	n/a	n/a	n/a	n/a	n/a	n/a	n/a	n/a	n/a	n/a	n/a	n/a	n/a	n/a	n/a	1542.724280	n/a
1544.491091	0.000000	308898	ttl	4	71	n/a	n/a	n/a	n/a	n/a	n/a	n/a	n/a	n/a	n/a	n/a	n/a	n/a	n/a	n/a	n/a	n/a	n/a	n/a	n/a	n/a	1544.491091	n/a
1544.505586	0.000000	308901	ttl	11	71	n/a	n/a	n/a	n/a	n/a	n/a	n/a	n/a	n/a	n/a	n/a	n/a	n/a	n/a	n/a	n/a	n/a	n/a	n/a	n/a	n/a	1544.505586	n/a
1545.087578	1.527136	309018	scene_recognition	n/a	n/a	n/a	71.0	n/a	n/a	n/a	1544.5055865	n/a	0.759915164893755	2	3	2	HB_5_frameB.png	2	3	1547.37462925	1	83	n/a	n/a	intervals/recognition_table	82	1545.087578	1546.614714
1545.087578	0.000000	309018	ttl	1	71	n/a	n/a	n/a	n/a	n/a	n/a	n/a	n/a	n/a	n/a	n/a	n/a	n/a	n/a	n/a	n/a	n/a	n/a	n/a	n/a	n/a	1545.087578	n/a
1546.614714	0.000000	309323	ttl	2	71	n/a	n/a	n/a	n/a	n/a	n/a	n/a	n/a	n/a	n/a	n/a	n/a	n/a	n/a	n/a	n/a	n/a	n/a	n/a	n/a	n/a	1546.614714	n/a
1547.374629	0.000000	309475	ttl	4	71	n/a	n/a	n/a	n/a	n/a	n/a	n/a	n/a	n/a	n/a	n/a	n/a	n/a	n/a	n/a	n/a	n/a	n/a	n/a	n/a	n/a	1547.374629	n/a
1547.390772	0.000000	309478	ttl	11	71	n/a	n/a	n/a	n/a	n/a	n/a	n/a	n/a	n/a	n/a	n/a	n/a	n/a	n/a	n/a	n/a	n/a	n/a	n/a	n/a	n/a	1547.390772	n/a
1547.932584	1.547530	309587	scene_recognition	n/a	n/a	n/a	71.0	n/a	n/a	n/a	1547.390772	n/a	2.0409637919456145	2	2	3	SB_5_frameB.png	2	2	1551.52107875	1	84	n/a	n/a	intervals/recognition_table	83	1547.932584	1549.480115
1547.932584	0.000000	309587	ttl	1	71	n/a	n/a	n/a	n/a	n/a	n/a	n/a	n/a	n/a	n/a	n/a	n/a	n/a	n/a	n/a	n/a	n/a	n/a	n/a	n/a	n/a	1547.932584	n/a
1549.480115	0.000000	309896	ttl	2	71	n/a	n/a	n/a	n/a	n/a	n/a	n/a	n/a	n/a	n/a	n/a	n/a	n/a	n/a	n/a	n/a	n/a	n/a	n/a	n/a	n/a	1549.480115	n/a
1551.521079	0.000000	310304	ttl	4	71	n/a	n/a	n/a	n/a	n/a	n/a	n/a	n/a	n/a	n/a	n/a	n/a	n/a	n/a	n/a	n/a	n/a	n/a	n/a	n/a	n/a	1551.521079	n/a
1551.543025	0.000000	310309	ttl	11	71	n/a	n/a	n/a	n/a	n/a	n/a	n/a	n/a	n/a	n/a	n/a	n/a	n/a	n/a	n/a	n/a	n/a	n/a	n/a	n/a	n/a	1551.543025	n/a
1552.104702	1.527266	310421	scene_recognition	n/a	n/a	n/a	71.0	n/a	n/a	n/a	1551.5430245	n/a	1.5468761789998098	2	3	2	HB_5_frameA_foil.png	1	6	1555.1788442499999	0	85	n/a	n/a	intervals/recognition_table	84	1552.104702	1553.631968
1552.104702	0.000000	310421	ttl	1	71	n/a	n/a	n/a	n/a	n/a	n/a	n/a	n/a	n/a	n/a	n/a	n/a	n/a	n/a	n/a	n/a	n/a	n/a	n/a	n/a	n/a	1552.104702	n/a
1553.631968	0.000000	310726	ttl	2	71	n/a	n/a	n/a	n/a	n/a	n/a	n/a	n/a	n/a	n/a	n/a	n/a	n/a	n/a	n/a	n/a	n/a	n/a	n/a	n/a	n/a	1553.631968	n/a
1555.178844	0.000000	311036	ttl	4	71	n/a	n/a	n/a	n/a	n/a	n/a	n/a	n/a	n/a	n/a	n/a	n/a	n/a	n/a	n/a	n/a	n/a	n/a	n/a	n/a	n/a	1555.178844	n/a
1555.183757	0.000000	311037	ttl	11	71	n/a	n/a	n/a	n/a	n/a	n/a	n/a	n/a	n/a	n/a	n/a	n/a	n/a	n/a	n/a	n/a	n/a	n/a	n/a	n/a	n/a	1555.183757	n/a
1555.705689	1.527135	311141	scene_recognition	n/a	n/a	n/a	71.0	n/a	n/a	n/a	1555.183757	n/a	1.7314670820651372	1	1	3	NB_15_frameB.png	1	7	1558.96429175	1	86	n/a	n/a	intervals/recognition_table	85	1555.705689	1557.232825
1555.705689	0.000000	311141	ttl	1	71	n/a	n/a	n/a	n/a	n/a	n/a	n/a	n/a	n/a	n/a	n/a	n/a	n/a	n/a	n/a	n/a	n/a	n/a	n/a	n/a	n/a	1555.705689	n/a
1557.232825	0.000000	311447	ttl	2	71	n/a	n/a	n/a	n/a	n/a	n/a	n/a	n/a	n/a	n/a	n/a	n/a	n/a	n/a	n/a	n/a	n/a	n/a	n/a	n/a	n/a	1557.232825	n/a
1558.964292	0.000000	311793	ttl	4	71	n/a	n/a	n/a	n/a	n/a	n/a	n/a	n/a	n/a	n/a	n/a	n/a	n/a	n/a	n/a	n/a	n/a	n/a	n/a	n/a	n/a	1558.964292	n/a
1558.970999	0.000000	311794	ttl	11	71	n/a	n/a	n/a	n/a	n/a	n/a	n/a	n/a	n/a	n/a	n/a	n/a	n/a	n/a	n/a	n/a	n/a	n/a	n/a	n/a	n/a	1558.970999	n/a
1559.512868	1.527151	311903	scene_recognition	n/a	n/a	n/a	71.0	n/a	n/a	n/a	1558.9709994999998	n/a	0.4622050548059633	1	3	3	HB_2_frameA_foil.png	2	2	1561.5022239999998	0	87	n/a	n/a	intervals/recognition_table	86	1559.512868	1561.040019
1559.512868	0.000000	311903	ttl	1	71	n/a	n/a	n/a	n/a	n/a	n/a	n/a	n/a	n/a	n/a	n/a	n/a	n/a	n/a	n/a	n/a	n/a	n/a	n/a	n/a	n/a	1559.512868	n/a
1561.040019	0.000000	312208	ttl	2	71	n/a	n/a	n/a	n/a	n/a	n/a	n/a	n/a	n/a	n/a	n/a	n/a	n/a	n/a	n/a	n/a	n/a	n/a	n/a	n/a	n/a	1561.040019	n/a
1561.502224	0.000000	312300	ttl	4	71	n/a	n/a	n/a	n/a	n/a	n/a	n/a	n/a	n/a	n/a	n/a	n/a	n/a	n/a	n/a	n/a	n/a	n/a	n/a	n/a	n/a	1561.502224	n/a
1561.517610	0.000000	312304	ttl	11	71	n/a	n/a	n/a	n/a	n/a	n/a	n/a	n/a	n/a	n/a	n/a	n/a	n/a	n/a	n/a	n/a	n/a	n/a	n/a	n/a	n/a	1561.517610	n/a
1562.099577	1.547130	312420	scene_recognition	n/a	n/a	n/a	71.0	n/a	n/a	n/a	1561.5176104999998	n/a	2.605856047510315	2	2	3	SB_2_frameB.png	2	2	1566.2525624999998	1	88	n/a	n/a	intervals/recognition_table	87	1562.099577	1563.646706
1562.099577	0.000000	312420	ttl	1	71	n/a	n/a	n/a	n/a	n/a	n/a	n/a	n/a	n/a	n/a	n/a	n/a	n/a	n/a	n/a	n/a	n/a	n/a	n/a	n/a	n/a	1562.099577	n/a
1563.646706	0.000000	312729	ttl	2	71	n/a	n/a	n/a	n/a	n/a	n/a	n/a	n/a	n/a	n/a	n/a	n/a	n/a	n/a	n/a	n/a	n/a	n/a	n/a	n/a	n/a	1563.646706	n/a
1566.252562	0.000000	313251	ttl	4	71	n/a	n/a	n/a	n/a	n/a	n/a	n/a	n/a	n/a	n/a	n/a	n/a	n/a	n/a	n/a	n/a	n/a	n/a	n/a	n/a	n/a	1566.252562	n/a
1566.269456	0.000000	313254	ttl	11	71	n/a	n/a	n/a	n/a	n/a	n/a	n/a	n/a	n/a	n/a	n/a	n/a	n/a	n/a	n/a	n/a	n/a	n/a	n/a	n/a	n/a	1566.269456	n/a
1566.811510	1.527104	313362	scene_recognition	n/a	n/a	n/a	71.0	n/a	n/a	n/a	1566.269456	n/a	0.26635588607496175	2	2	3	SB_4_frameB.png	2	2	1568.6049705	1	89	n/a	n/a	intervals/recognition_table	88	1566.811510	1568.338614
1566.811510	0.000000	313362	ttl	1	71	n/a	n/a	n/a	n/a	n/a	n/a	n/a	n/a	n/a	n/a	n/a	n/a	n/a	n/a	n/a	n/a	n/a	n/a	n/a	n/a	n/a	1566.811510	n/a
1568.338614	0.000000	313668	ttl	2	71	n/a	n/a	n/a	n/a	n/a	n/a	n/a	n/a	n/a	n/a	n/a	n/a	n/a	n/a	n/a	n/a	n/a	n/a	n/a	n/a	n/a	1568.338614	n/a
1568.604971	0.000000	313721	ttl	4	71	n/a	n/a	n/a	n/a	n/a	n/a	n/a	n/a	n/a	n/a	n/a	n/a	n/a	n/a	n/a	n/a	n/a	n/a	n/a	n/a	n/a	1568.604971	n/a
1568.629424	0.000000	313726	ttl	11	71	n/a	n/a	n/a	n/a	n/a	n/a	n/a	n/a	n/a	n/a	n/a	n/a	n/a	n/a	n/a	n/a	n/a	n/a	n/a	n/a	n/a	1568.629424	n/a
1569.231339	1.548052	313846	scene_recognition	n/a	n/a	n/a	71.0	n/a	n/a	n/a	1568.629424	n/a	1.9609038213584427	1	2	3	SB_7_frameB_foil.png	2	2	1572.74029475	0	90	n/a	n/a	intervals/recognition_table	89	1569.231339	1570.779391
1569.231339	0.000000	313846	ttl	1	71	n/a	n/a	n/a	n/a	n/a	n/a	n/a	n/a	n/a	n/a	n/a	n/a	n/a	n/a	n/a	n/a	n/a	n/a	n/a	n/a	n/a	1569.231339	n/a
1570.779391	0.000000	314156	ttl	2	71	n/a	n/a	n/a	n/a	n/a	n/a	n/a	n/a	n/a	n/a	n/a	n/a	n/a	n/a	n/a	n/a	n/a	n/a	n/a	n/a	n/a	1570.779391	n/a
1572.740295	0.000000	314548	ttl	4	71	n/a	n/a	n/a	n/a	n/a	n/a	n/a	n/a	n/a	n/a	n/a	n/a	n/a	n/a	n/a	n/a	n/a	n/a	n/a	n/a	n/a	1572.740295	n/a
1572.756228	0.000000	314551	ttl	11	71	n/a	n/a	n/a	n/a	n/a	n/a	n/a	n/a	n/a	n/a	n/a	n/a	n/a	n/a	n/a	n/a	n/a	n/a	n/a	n/a	n/a	1572.756228	n/a
1573.277984	1.547119	314656	scene_recognition	n/a	n/a	n/a	71.0	n/a	n/a	n/a	1572.7562285	n/a	0.6718393304854544	2	1	3	NB_5_frameB.png	2	2	1575.49694275	1	91	n/a	n/a	intervals/recognition_table	90	1573.277984	1574.825103
1573.277984	0.000000	314656	ttl	1	71	n/a	n/a	n/a	n/a	n/a	n/a	n/a	n/a	n/a	n/a	n/a	n/a	n/a	n/a	n/a	n/a	n/a	n/a	n/a	n/a	n/a	1573.277984	n/a
1574.825103	0.000000	314965	ttl	2	71	n/a	n/a	n/a	n/a	n/a	n/a	n/a	n/a	n/a	n/a	n/a	n/a	n/a	n/a	n/a	n/a	n/a	n/a	n/a	n/a	n/a	1574.825103	n/a
1575.496943	0.000000	315099	ttl	4	71	n/a	n/a	n/a	n/a	n/a	n/a	n/a	n/a	n/a	n/a	n/a	n/a	n/a	n/a	n/a	n/a	n/a	n/a	n/a	n/a	n/a	1575.496943	n/a
1575.521491	0.000000	315104	ttl	11	71	n/a	n/a	n/a	n/a	n/a	n/a	n/a	n/a	n/a	n/a	n/a	n/a	n/a	n/a	n/a	n/a	n/a	n/a	n/a	n/a	n/a	1575.521491	n/a
1576.103237	1.527356	315221	scene_recognition	n/a	n/a	n/a	71.0	n/a	n/a	n/a	1575.5214912499998	n/a	0.6260177641452174	2	2	3	SB_5_frameA.png	2	2	1578.2566115	1	92	n/a	n/a	intervals/recognition_table	91	1576.103237	1577.630594
1576.103237	0.000000	315221	ttl	1	71	n/a	n/a	n/a	n/a	n/a	n/a	n/a	n/a	n/a	n/a	n/a	n/a	n/a	n/a	n/a	n/a	n/a	n/a	n/a	n/a	n/a	1576.103237	n/a
1577.630594	0.000000	315526	ttl	2	71	n/a	n/a	n/a	n/a	n/a	n/a	n/a	n/a	n/a	n/a	n/a	n/a	n/a	n/a	n/a	n/a	n/a	n/a	n/a	n/a	n/a	1577.630594	n/a
1578.256611	0.000000	315651	ttl	4	71	n/a	n/a	n/a	n/a	n/a	n/a	n/a	n/a	n/a	n/a	n/a	n/a	n/a	n/a	n/a	n/a	n/a	n/a	n/a	n/a	n/a	1578.256611	n/a
1578.280800	0.000000	315656	ttl	11	71	n/a	n/a	n/a	n/a	n/a	n/a	n/a	n/a	n/a	n/a	n/a	n/a	n/a	n/a	n/a	n/a	n/a	n/a	n/a	n/a	n/a	1578.280800	n/a
1578.782642	1.527087	315757	scene_recognition	n/a	n/a	n/a	71.0	n/a	n/a	n/a	1578.2808005	n/a	1.4663471909316286	2	3	3	HB_4_frameB.png	2	2	1581.7760759999999	1	93	n/a	n/a	intervals/recognition_table	92	1578.782642	1580.309729
1578.782642	0.000000	315757	ttl	1	71	n/a	n/a	n/a	n/a	n/a	n/a	n/a	n/a	n/a	n/a	n/a	n/a	n/a	n/a	n/a	n/a	n/a	n/a	n/a	n/a	n/a	1578.782642	n/a
1580.309729	0.000000	316062	ttl	2	71	n/a	n/a	n/a	n/a	n/a	n/a	n/a	n/a	n/a	n/a	n/a	n/a	n/a	n/a	n/a	n/a	n/a	n/a	n/a	n/a	n/a	1580.309729	n/a
1581.776076	0.000000	316355	ttl	4	71	n/a	n/a	n/a	n/a	n/a	n/a	n/a	n/a	n/a	n/a	n/a	n/a	n/a	n/a	n/a	n/a	n/a	n/a	n/a	n/a	n/a	1581.776076	n/a
1581.800566	0.000000	316360	ttl	11	71	n/a	n/a	n/a	n/a	n/a	n/a	n/a	n/a	n/a	n/a	n/a	n/a	n/a	n/a	n/a	n/a	n/a	n/a	n/a	n/a	n/a	1581.800566	n/a
1582.342385	1.527084	316468	scene_recognition	n/a	n/a	n/a	71.0	n/a	n/a	n/a	1581.800566	n/a	2.718718383124724	2	1	2	NB_1_frameB.png	2	3	1586.5881877499999	1	94	n/a	n/a	intervals/recognition_table	93	1582.342385	1583.869469
1582.342385	0.000000	316468	ttl	1	71	n/a	n/a	n/a	n/a	n/a	n/a	n/a	n/a	n/a	n/a	n/a	n/a	n/a	n/a	n/a	n/a	n/a	n/a	n/a	n/a	n/a	1582.342385	n/a
1583.869469	0.000000	316774	ttl	2	71	n/a	n/a	n/a	n/a	n/a	n/a	n/a	n/a	n/a	n/a	n/a	n/a	n/a	n/a	n/a	n/a	n/a	n/a	n/a	n/a	n/a	1583.869469	n/a
1586.588188	0.000000	317318	ttl	4	71	n/a	n/a	n/a	n/a	n/a	n/a	n/a	n/a	n/a	n/a	n/a	n/a	n/a	n/a	n/a	n/a	n/a	n/a	n/a	n/a	n/a	1586.588188	n/a
1586.608825	0.000000	317322	ttl	11	71	n/a	n/a	n/a	n/a	n/a	n/a	n/a	n/a	n/a	n/a	n/a	n/a	n/a	n/a	n/a	n/a	n/a	n/a	n/a	n/a	n/a	1586.608825	n/a
1587.150645	1.527133	317430	scene_recognition	n/a	n/a	n/a	71.0	n/a	n/a	n/a	1586.6088252499999	n/a	1.4358720184245612	1	2	2	SB_6_frameA_foil.png	2	3	1590.11365	0	95	n/a	n/a	intervals/recognition_table	94	1587.150645	1588.677778
1587.150645	0.000000	317430	ttl	1	71	n/a	n/a	n/a	n/a	n/a	n/a	n/a	n/a	n/a	n/a	n/a	n/a	n/a	n/a	n/a	n/a	n/a	n/a	n/a	n/a	n/a	1587.150645	n/a
1588.677778	0.000000	317736	ttl	2	71	n/a	n/a	n/a	n/a	n/a	n/a	n/a	n/a	n/a	n/a	n/a	n/a	n/a	n/a	n/a	n/a	n/a	n/a	n/a	n/a	n/a	1588.677778	n/a
1590.113650	0.000000	318023	ttl	4	71	n/a	n/a	n/a	n/a	n/a	n/a	n/a	n/a	n/a	n/a	n/a	n/a	n/a	n/a	n/a	n/a	n/a	n/a	n/a	n/a	n/a	1590.113650	n/a
1590.119967	0.000000	318024	ttl	11	71	n/a	n/a	n/a	n/a	n/a	n/a	n/a	n/a	n/a	n/a	n/a	n/a	n/a	n/a	n/a	n/a	n/a	n/a	n/a	n/a	n/a	1590.119967	n/a
1590.682124	1.527077	318136	scene_recognition	n/a	n/a	n/a	71.0	n/a	n/a	n/a	1590.11996725	n/a	2.852987441710866	1	2	3	SB_4_frameB_foil.png	2	2	1595.06218775	0	96	n/a	n/a	intervals/recognition_table	95	1590.682124	1592.209200
1590.682124	0.000000	318136	ttl	1	71	n/a	n/a	n/a	n/a	n/a	n/a	n/a	n/a	n/a	n/a	n/a	n/a	n/a	n/a	n/a	n/a	n/a	n/a	n/a	n/a	n/a	1590.682124	n/a
1592.209200	0.000000	318442	ttl	2	71	n/a	n/a	n/a	n/a	n/a	n/a	n/a	n/a	n/a	n/a	n/a	n/a	n/a	n/a	n/a	n/a	n/a	n/a	n/a	n/a	n/a	1592.209200	n/a
1595.062188	0.000000	319012	ttl	4	71	n/a	n/a	n/a	n/a	n/a	n/a	n/a	n/a	n/a	n/a	n/a	n/a	n/a	n/a	n/a	n/a	n/a	n/a	n/a	n/a	n/a	1595.062188	n/a
1595.069618	0.000000	319014	ttl	11	71	n/a	n/a	n/a	n/a	n/a	n/a	n/a	n/a	n/a	n/a	n/a	n/a	n/a	n/a	n/a	n/a	n/a	n/a	n/a	n/a	n/a	1595.069618	n/a
1595.651617	1.527083	319130	scene_recognition	n/a	n/a	n/a	71.0	n/a	n/a	n/a	1595.069618	n/a	0.7146551032765274	1	2	2	SB_6_frameB.png	1	6	1597.893355	1	97	n/a	n/a	intervals/recognition_table	96	1595.651617	1597.178700
1595.651617	0.000000	319130	ttl	1	71	n/a	n/a	n/a	n/a	n/a	n/a	n/a	n/a	n/a	n/a	n/a	n/a	n/a	n/a	n/a	n/a	n/a	n/a	n/a	n/a	n/a	1595.651617	n/a
1597.178700	0.000000	319436	ttl	2	71	n/a	n/a	n/a	n/a	n/a	n/a	n/a	n/a	n/a	n/a	n/a	n/a	n/a	n/a	n/a	n/a	n/a	n/a	n/a	n/a	n/a	1597.178700	n/a
1597.893355	0.000000	319579	ttl	4	71	n/a	n/a	n/a	n/a	n/a	n/a	n/a	n/a	n/a	n/a	n/a	n/a	n/a	n/a	n/a	n/a	n/a	n/a	n/a	n/a	n/a	1597.893355	n/a
1597.901033	0.000000	319580	ttl	11	71	n/a	n/a	n/a	n/a	n/a	n/a	n/a	n/a	n/a	n/a	n/a	n/a	n/a	n/a	n/a	n/a	n/a	n/a	n/a	n/a	n/a	1597.901033	n/a
1598.422796	1.527155	319685	scene_recognition	n/a	n/a	n/a	71.0	n/a	n/a	n/a	1597.9010329999999	n/a	0.7486898098759411	1	1	2	NB_22_frameB_foil.png	2	3	1600.6986405	0	98	n/a	n/a	intervals/recognition_table	97	1598.422796	1599.949951
1598.422796	0.000000	319685	ttl	1	71	n/a	n/a	n/a	n/a	n/a	n/a	n/a	n/a	n/a	n/a	n/a	n/a	n/a	n/a	n/a	n/a	n/a	n/a	n/a	n/a	n/a	1598.422796	n/a
1599.949951	0.000000	319990	ttl	2	71	n/a	n/a	n/a	n/a	n/a	n/a	n/a	n/a	n/a	n/a	n/a	n/a	n/a	n/a	n/a	n/a	n/a	n/a	n/a	n/a	n/a	1599.949951	n/a
1600.698641	0.000000	320140	ttl	4	71	n/a	n/a	n/a	n/a	n/a	n/a	n/a	n/a	n/a	n/a	n/a	n/a	n/a	n/a	n/a	n/a	n/a	n/a	n/a	n/a	n/a	1600.698641	n/a
1600.709525	0.000000	320142	ttl	11	71	n/a	n/a	n/a	n/a	n/a	n/a	n/a	n/a	n/a	n/a	n/a	n/a	n/a	n/a	n/a	n/a	n/a	n/a	n/a	n/a	n/a	1600.709525	n/a
1601.211291	1.527064	320242	scene_recognition	n/a	n/a	n/a	71.0	n/a	n/a	n/a	1600.7095255	n/a	0.89176480327842	1	1	2	NB_3_frameA_foil.png	2	3	1603.63011975	0	99	n/a	n/a	intervals/recognition_table	98	1601.211291	1602.738355
1601.211291	0.000000	320242	ttl	1	71	n/a	n/a	n/a	n/a	n/a	n/a	n/a	n/a	n/a	n/a	n/a	n/a	n/a	n/a	n/a	n/a	n/a	n/a	n/a	n/a	n/a	1601.211291	n/a
1602.738355	0.000000	320548	ttl	2	71	n/a	n/a	n/a	n/a	n/a	n/a	n/a	n/a	n/a	n/a	n/a	n/a	n/a	n/a	n/a	n/a	n/a	n/a	n/a	n/a	n/a	1602.738355	n/a
1603.630120	0.000000	320726	ttl	4	71	n/a	n/a	n/a	n/a	n/a	n/a	n/a	n/a	n/a	n/a	n/a	n/a	n/a	n/a	n/a	n/a	n/a	n/a	n/a	n/a	n/a	1603.630120	n/a
1603.651582	0.000000	320730	ttl	11	71	n/a	n/a	n/a	n/a	n/a	n/a	n/a	n/a	n/a	n/a	n/a	n/a	n/a	n/a	n/a	n/a	n/a	n/a	n/a	n/a	n/a	1603.651582	n/a
1604.213473	1.547107	320843	scene_recognition	n/a	n/a	n/a	71.0	n/a	n/a	n/a	1603.6515817499999	n/a	4.06762018538393	1	3	3	HB_1_frameA_foil.png	2	2	1609.8282	0	100	n/a	n/a	intervals/recognition_table	99	1604.213473	1605.760580
1604.213473	0.000000	320843	ttl	1	71	n/a	n/a	n/a	n/a	n/a	n/a	n/a	n/a	n/a	n/a	n/a	n/a	n/a	n/a	n/a	n/a	n/a	n/a	n/a	n/a	n/a	1604.213473	n/a
1605.760580	0.000000	321152	ttl	2	71	n/a	n/a	n/a	n/a	n/a	n/a	n/a	n/a	n/a	n/a	n/a	n/a	n/a	n/a	n/a	n/a	n/a	n/a	n/a	n/a	n/a	1605.760580	n/a
1609.828200	0.000000	321966	ttl	4	71	n/a	n/a	n/a	n/a	n/a	n/a	n/a	n/a	n/a	n/a	n/a	n/a	n/a	n/a	n/a	n/a	n/a	n/a	n/a	n/a	n/a	1609.828200	n/a
1609.844837	0.000000	321969	ttl	11	71	n/a	n/a	n/a	n/a	n/a	n/a	n/a	n/a	n/a	n/a	n/a	n/a	n/a	n/a	n/a	n/a	n/a	n/a	n/a	n/a	n/a	1609.844837	n/a
1610.366574	1.547653	322073	scene_recognition	n/a	n/a	n/a	71.0	n/a	n/a	n/a	1609.84483725	n/a	1.2421472153419018	1	3	2	HB_1_frameA_foil.png	2	3	1613.1563744999999	0	101	n/a	n/a	intervals/recognition_table	100	1610.366574	1611.914227
1610.366574	0.000000	322073	ttl	1	71	n/a	n/a	n/a	n/a	n/a	n/a	n/a	n/a	n/a	n/a	n/a	n/a	n/a	n/a	n/a	n/a	n/a	n/a	n/a	n/a	n/a	1610.366574	n/a
1611.914227	0.000000	322383	ttl	2	71	n/a	n/a	n/a	n/a	n/a	n/a	n/a	n/a	n/a	n/a	n/a	n/a	n/a	n/a	n/a	n/a	n/a	n/a	n/a	n/a	n/a	1611.914227	n/a
1613.156374	0.000000	322631	ttl	4	71	n/a	n/a	n/a	n/a	n/a	n/a	n/a	n/a	n/a	n/a	n/a	n/a	n/a	n/a	n/a	n/a	n/a	n/a	n/a	n/a	n/a	1613.156374	n/a
1613.161084	0.000000	322632	ttl	11	71	n/a	n/a	n/a	n/a	n/a	n/a	n/a	n/a	n/a	n/a	n/a	n/a	n/a	n/a	n/a	n/a	n/a	n/a	n/a	n/a	n/a	1613.161084	n/a
1613.663081	1.527038	322733	scene_recognition	n/a	n/a	n/a	71.0	n/a	n/a	n/a	1613.16108375	n/a	3.1243418090489286	2	2	2	SB_1_frameB_foil.png	1	6	1618.3144607499999	0	102	n/a	n/a	intervals/recognition_table	101	1613.663081	1615.190119
1613.663081	0.000000	322733	ttl	1	71	n/a	n/a	n/a	n/a	n/a	n/a	n/a	n/a	n/a	n/a	n/a	n/a	n/a	n/a	n/a	n/a	n/a	n/a	n/a	n/a	n/a	1613.663081	n/a
1615.190119	0.000000	323038	ttl	2	71	n/a	n/a	n/a	n/a	n/a	n/a	n/a	n/a	n/a	n/a	n/a	n/a	n/a	n/a	n/a	n/a	n/a	n/a	n/a	n/a	n/a	1615.190119	n/a
1618.314461	0.000000	323663	ttl	4	71	n/a	n/a	n/a	n/a	n/a	n/a	n/a	n/a	n/a	n/a	n/a	n/a	n/a	n/a	n/a	n/a	n/a	n/a	n/a	n/a	n/a	1618.314461	n/a
1618.328319	0.000000	323666	ttl	11	71	n/a	n/a	n/a	n/a	n/a	n/a	n/a	n/a	n/a	n/a	n/a	n/a	n/a	n/a	n/a	n/a	n/a	n/a	n/a	n/a	n/a	1618.328319	n/a
1618.910294	1.527183	323782	scene_recognition	n/a	n/a	n/a	71.0	n/a	n/a	n/a	1618.3283195	n/a	0.9496515020618972	1	1	3	NB_4_frameB_foil.png	2	2	1621.3871287499999	0	103	n/a	n/a	intervals/recognition_table	102	1618.910294	1620.437477
1618.910294	0.000000	323782	ttl	1	71	n/a	n/a	n/a	n/a	n/a	n/a	n/a	n/a	n/a	n/a	n/a	n/a	n/a	n/a	n/a	n/a	n/a	n/a	n/a	n/a	n/a	1618.910294	n/a
1620.437477	0.000000	324087	ttl	2	71	n/a	n/a	n/a	n/a	n/a	n/a	n/a	n/a	n/a	n/a	n/a	n/a	n/a	n/a	n/a	n/a	n/a	n/a	n/a	n/a	n/a	1620.437477	n/a
1621.387129	0.000000	324277	ttl	4	71	n/a	n/a	n/a	n/a	n/a	n/a	n/a	n/a	n/a	n/a	n/a	n/a	n/a	n/a	n/a	n/a	n/a	n/a	n/a	n/a	n/a	1621.387129	n/a
1621.392823	0.000000	324279	ttl	11	71	n/a	n/a	n/a	n/a	n/a	n/a	n/a	n/a	n/a	n/a	n/a	n/a	n/a	n/a	n/a	n/a	n/a	n/a	n/a	n/a	n/a	1621.392823	n/a
1621.934846	1.527081	324387	scene_recognition	n/a	n/a	n/a	71.0	n/a	n/a	n/a	1621.3928234999998	n/a	0.7957473151036538	2	3	3	HB_2_frameB.png	2	2	1624.2576745	1	104	n/a	n/a	intervals/recognition_table	103	1621.934846	1623.461927
1621.934846	0.000000	324387	ttl	1	71	n/a	n/a	n/a	n/a	n/a	n/a	n/a	n/a	n/a	n/a	n/a	n/a	n/a	n/a	n/a	n/a	n/a	n/a	n/a	n/a	n/a	1621.934846	n/a
1623.461927	0.000000	324692	ttl	2	71	n/a	n/a	n/a	n/a	n/a	n/a	n/a	n/a	n/a	n/a	n/a	n/a	n/a	n/a	n/a	n/a	n/a	n/a	n/a	n/a	n/a	1623.461927	n/a
1624.257674	0.000000	324852	ttl	4	71	n/a	n/a	n/a	n/a	n/a	n/a	n/a	n/a	n/a	n/a	n/a	n/a	n/a	n/a	n/a	n/a	n/a	n/a	n/a	n/a	n/a	1624.257674	n/a
1624.267442	0.000000	324853	ttl	11	71	n/a	n/a	n/a	n/a	n/a	n/a	n/a	n/a	n/a	n/a	n/a	n/a	n/a	n/a	n/a	n/a	n/a	n/a	n/a	n/a	n/a	1624.267442	n/a
1624.809483	1.547167	324962	scene_recognition	n/a	n/a	n/a	71.0	n/a	n/a	n/a	1624.26744225	n/a	0.2747016747161979	1	1	2	NB_28_frameA.png	1	6	1626.6313512499999	1	105	n/a	n/a	intervals/recognition_table	104	1624.809483	1626.356650
1624.809483	0.000000	324962	ttl	1	71	n/a	n/a	n/a	n/a	n/a	n/a	n/a	n/a	n/a	n/a	n/a	n/a	n/a	n/a	n/a	n/a	n/a	n/a	n/a	n/a	n/a	1624.809483	n/a
1626.356650	0.000000	325271	ttl	2	71	n/a	n/a	n/a	n/a	n/a	n/a	n/a	n/a	n/a	n/a	n/a	n/a	n/a	n/a	n/a	n/a	n/a	n/a	n/a	n/a	n/a	1626.356650	n/a
1626.631351	0.000000	325326	ttl	4	71	n/a	n/a	n/a	n/a	n/a	n/a	n/a	n/a	n/a	n/a	n/a	n/a	n/a	n/a	n/a	n/a	n/a	n/a	n/a	n/a	n/a	1626.631351	n/a
1626.639451	0.000000	325328	ttl	11	71	n/a	n/a	n/a	n/a	n/a	n/a	n/a	n/a	n/a	n/a	n/a	n/a	n/a	n/a	n/a	n/a	n/a	n/a	n/a	n/a	n/a	1626.639451	n/a
1627.161231	1.527125	325432	scene_recognition	n/a	n/a	n/a	71.0	n/a	n/a	n/a	1626.6394515	n/a	1.2627800215941534	2	2	3	SB_8_frameB_foil.png	1	7	1629.95113675	0	106	n/a	n/a	intervals/recognition_table	105	1627.161231	1628.688357
1627.161231	0.000000	325432	ttl	1	71	n/a	n/a	n/a	n/a	n/a	n/a	n/a	n/a	n/a	n/a	n/a	n/a	n/a	n/a	n/a	n/a	n/a	n/a	n/a	n/a	n/a	1627.161231	n/a
1628.688357	0.000000	325738	ttl	2	71	n/a	n/a	n/a	n/a	n/a	n/a	n/a	n/a	n/a	n/a	n/a	n/a	n/a	n/a	n/a	n/a	n/a	n/a	n/a	n/a	n/a	1628.688357	n/a
1629.951137	0.000000	325990	ttl	4	71	n/a	n/a	n/a	n/a	n/a	n/a	n/a	n/a	n/a	n/a	n/a	n/a	n/a	n/a	n/a	n/a	n/a	n/a	n/a	n/a	n/a	1629.951137	n/a
1629.959625	0.000000	325992	ttl	11	71	n/a	n/a	n/a	n/a	n/a	n/a	n/a	n/a	n/a	n/a	n/a	n/a	n/a	n/a	n/a	n/a	n/a	n/a	n/a	n/a	n/a	1629.959625	n/a
1630.521515	1.547954	326104	scene_recognition	n/a	n/a	n/a	71.0	n/a	n/a	n/a	1629.9596245	n/a	1.954023002386748	1	3	3	HB_6_frameA.png	1	7	1634.023492	1	107	n/a	n/a	intervals/recognition_table	106	1630.521515	1632.069469
1630.521515	0.000000	326104	ttl	1	71	n/a	n/a	n/a	n/a	n/a	n/a	n/a	n/a	n/a	n/a	n/a	n/a	n/a	n/a	n/a	n/a	n/a	n/a	n/a	n/a	n/a	1630.521515	n/a
1632.069469	0.000000	326414	ttl	2	71	n/a	n/a	n/a	n/a	n/a	n/a	n/a	n/a	n/a	n/a	n/a	n/a	n/a	n/a	n/a	n/a	n/a	n/a	n/a	n/a	n/a	1632.069469	n/a
1634.023492	0.000000	326805	ttl	4	71	n/a	n/a	n/a	n/a	n/a	n/a	n/a	n/a	n/a	n/a	n/a	n/a	n/a	n/a	n/a	n/a	n/a	n/a	n/a	n/a	n/a	1634.023492	n/a
1634.035619	0.000000	326807	ttl	11	71	n/a	n/a	n/a	n/a	n/a	n/a	n/a	n/a	n/a	n/a	n/a	n/a	n/a	n/a	n/a	n/a	n/a	n/a	n/a	n/a	n/a	1634.035619	n/a
1634.597707	1.547150	326920	scene_recognition	n/a	n/a	n/a	71.0	n/a	n/a	n/a	1634.0356192499999	n/a	0.30921116827084916	2	1	2	NB_19_frameB.png	2	3	1636.4540674999998	1	108	n/a	n/a	intervals/recognition_table	107	1634.597707	1636.144856
1634.597707	0.000000	326920	ttl	1	71	n/a	n/a	n/a	n/a	n/a	n/a	n/a	n/a	n/a	n/a	n/a	n/a	n/a	n/a	n/a	n/a	n/a	n/a	n/a	n/a	n/a	1634.597707	n/a
1636.144856	0.000000	327229	ttl	2	71	n/a	n/a	n/a	n/a	n/a	n/a	n/a	n/a	n/a	n/a	n/a	n/a	n/a	n/a	n/a	n/a	n/a	n/a	n/a	n/a	n/a	1636.144856	n/a
1636.454067	0.000000	327291	ttl	4	71	n/a	n/a	n/a	n/a	n/a	n/a	n/a	n/a	n/a	n/a	n/a	n/a	n/a	n/a	n/a	n/a	n/a	n/a	n/a	n/a	n/a	1636.454067	n/a
1636.465389	0.000000	327293	ttl	11	71	n/a	n/a	n/a	n/a	n/a	n/a	n/a	n/a	n/a	n/a	n/a	n/a	n/a	n/a	n/a	n/a	n/a	n/a	n/a	n/a	n/a	1636.465389	n/a
1637.027312	1.547076	327405	scene_recognition	n/a	n/a	n/a	71.0	n/a	n/a	n/a	1636.4653885	n/a	0.6295308233620744	1	2	2	SB_1_frameA_foil.png	2	3	1639.20391925	0	109	n/a	n/a	intervals/recognition_table	108	1637.027312	1638.574388
1637.027312	0.000000	327405	ttl	1	71	n/a	n/a	n/a	n/a	n/a	n/a	n/a	n/a	n/a	n/a	n/a	n/a	n/a	n/a	n/a	n/a	n/a	n/a	n/a	n/a	n/a	1637.027312	n/a
1638.574388	0.000000	327715	ttl	2	71	n/a	n/a	n/a	n/a	n/a	n/a	n/a	n/a	n/a	n/a	n/a	n/a	n/a	n/a	n/a	n/a	n/a	n/a	n/a	n/a	n/a	1638.574388	n/a
1639.203919	0.000000	327841	ttl	4	71	n/a	n/a	n/a	n/a	n/a	n/a	n/a	n/a	n/a	n/a	n/a	n/a	n/a	n/a	n/a	n/a	n/a	n/a	n/a	n/a	n/a	1639.203919	n/a
1639.222996	0.000000	327845	ttl	11	71	n/a	n/a	n/a	n/a	n/a	n/a	n/a	n/a	n/a	n/a	n/a	n/a	n/a	n/a	n/a	n/a	n/a	n/a	n/a	n/a	n/a	1639.222996	n/a
1639.765054	1.527154	327953	scene_recognition	n/a	n/a	n/a	71.0	n/a	n/a	n/a	1639.222996	n/a	2.121646068226255	1	2	3	SB_1_frameA_foil.png	2	2	1643.4138544999998	0	110	n/a	n/a	intervals/recognition_table	109	1639.765054	1641.292208
1639.765054	0.000000	327953	ttl	1	71	n/a	n/a	n/a	n/a	n/a	n/a	n/a	n/a	n/a	n/a	n/a	n/a	n/a	n/a	n/a	n/a	n/a	n/a	n/a	n/a	n/a	1639.765054	n/a
1641.292208	0.000000	328258	ttl	2	71	n/a	n/a	n/a	n/a	n/a	n/a	n/a	n/a	n/a	n/a	n/a	n/a	n/a	n/a	n/a	n/a	n/a	n/a	n/a	n/a	n/a	1641.292208	n/a
1643.413854	0.000000	328683	ttl	4	71	n/a	n/a	n/a	n/a	n/a	n/a	n/a	n/a	n/a	n/a	n/a	n/a	n/a	n/a	n/a	n/a	n/a	n/a	n/a	n/a	n/a	1643.413854	n/a
1643.432426	0.000000	328686	ttl	11	71	n/a	n/a	n/a	n/a	n/a	n/a	n/a	n/a	n/a	n/a	n/a	n/a	n/a	n/a	n/a	n/a	n/a	n/a	n/a	n/a	n/a	1643.432426	n/a
1643.934102	1.547125	328787	scene_recognition	n/a	n/a	n/a	71.0	n/a	n/a	n/a	1643.43242625	n/a	0.7111160636432032	2	3	3	HB_6_frameA.png	2	2	1646.19234325	1	111	n/a	n/a	intervals/recognition_table	110	1643.934102	1645.481227
1643.934102	0.000000	328787	ttl	1	71	n/a	n/a	n/a	n/a	n/a	n/a	n/a	n/a	n/a	n/a	n/a	n/a	n/a	n/a	n/a	n/a	n/a	n/a	n/a	n/a	n/a	1643.934102	n/a
1645.481227	0.000000	329096	ttl	2	71	n/a	n/a	n/a	n/a	n/a	n/a	n/a	n/a	n/a	n/a	n/a	n/a	n/a	n/a	n/a	n/a	n/a	n/a	n/a	n/a	n/a	1645.481227	n/a
1646.192343	0.000000	329238	ttl	4	71	n/a	n/a	n/a	n/a	n/a	n/a	n/a	n/a	n/a	n/a	n/a	n/a	n/a	n/a	n/a	n/a	n/a	n/a	n/a	n/a	n/a	1646.192343	n/a
1646.200766	0.000000	329240	ttl	11	71	n/a	n/a	n/a	n/a	n/a	n/a	n/a	n/a	n/a	n/a	n/a	n/a	n/a	n/a	n/a	n/a	n/a	n/a	n/a	n/a	n/a	1646.200766	n/a
1646.762685	1.547318	329353	scene_recognition	n/a	n/a	n/a	71.0	n/a	n/a	n/a	1646.2007664999999	n/a	0.12725285032320244	1	2	2	SB_7_frameB.png	1	6	1648.4372557499998	1	112	n/a	n/a	intervals/recognition_table	111	1646.762685	1648.310003
1646.762685	0.000000	329353	ttl	1	71	n/a	n/a	n/a	n/a	n/a	n/a	n/a	n/a	n/a	n/a	n/a	n/a	n/a	n/a	n/a	n/a	n/a	n/a	n/a	n/a	n/a	1646.762685	n/a
1648.310003	0.000000	329662	ttl	2	71	n/a	n/a	n/a	n/a	n/a	n/a	n/a	n/a	n/a	n/a	n/a	n/a	n/a	n/a	n/a	n/a	n/a	n/a	n/a	n/a	n/a	1648.310003	n/a
1648.437256	0.000000	329687	ttl	4	71	n/a	n/a	n/a	n/a	n/a	n/a	n/a	n/a	n/a	n/a	n/a	n/a	n/a	n/a	n/a	n/a	n/a	n/a	n/a	n/a	n/a	1648.437256	n/a
1648.442531	0.000000	329689	ttl	11	71	n/a	n/a	n/a	n/a	n/a	n/a	n/a	n/a	n/a	n/a	n/a	n/a	n/a	n/a	n/a	n/a	n/a	n/a	n/a	n/a	n/a	1648.442531	n/a
1648.964436	1.527089	329793	scene_recognition	n/a	n/a	n/a	71.0	n/a	n/a	n/a	1648.44253125	n/a	0.7966361734852399	2	3	2	HB_8_frameA_foil.png	1	6	1651.28816125	0	113	n/a	n/a	intervals/recognition_table	112	1648.964436	1650.491525
1648.964436	0.000000	329793	ttl	1	71	n/a	n/a	n/a	n/a	n/a	n/a	n/a	n/a	n/a	n/a	n/a	n/a	n/a	n/a	n/a	n/a	n/a	n/a	n/a	n/a	n/a	1648.964436	n/a
1650.491525	0.000000	330098	ttl	2	71	n/a	n/a	n/a	n/a	n/a	n/a	n/a	n/a	n/a	n/a	n/a	n/a	n/a	n/a	n/a	n/a	n/a	n/a	n/a	n/a	n/a	1650.491525	n/a
1651.288161	0.000000	330258	ttl	4	71	n/a	n/a	n/a	n/a	n/a	n/a	n/a	n/a	n/a	n/a	n/a	n/a	n/a	n/a	n/a	n/a	n/a	n/a	n/a	n/a	n/a	1651.288161	n/a
1651.296060	0.000000	330259	ttl	11	71	n/a	n/a	n/a	n/a	n/a	n/a	n/a	n/a	n/a	n/a	n/a	n/a	n/a	n/a	n/a	n/a	n/a	n/a	n/a	n/a	n/a	1651.296060	n/a
1651.797699	1.527045	330360	scene_recognition	n/a	n/a	n/a	71.0	n/a	n/a	n/a	1651.29606	n/a	1.1007624331341503	1	3	2	HB_5_frameB_foil.png	2	3	1654.4255067499998	0	114	n/a	n/a	intervals/recognition_table	113	1651.797699	1653.324744
1651.797699	0.000000	330360	ttl	1	71	n/a	n/a	n/a	n/a	n/a	n/a	n/a	n/a	n/a	n/a	n/a	n/a	n/a	n/a	n/a	n/a	n/a	n/a	n/a	n/a	n/a	1651.797699	n/a
1653.324744	0.000000	330665	ttl	2	71	n/a	n/a	n/a	n/a	n/a	n/a	n/a	n/a	n/a	n/a	n/a	n/a	n/a	n/a	n/a	n/a	n/a	n/a	n/a	n/a	n/a	1653.324744	n/a
1654.425507	0.000000	330885	ttl	4	71	n/a	n/a	n/a	n/a	n/a	n/a	n/a	n/a	n/a	n/a	n/a	n/a	n/a	n/a	n/a	n/a	n/a	n/a	n/a	n/a	n/a	1654.425507	n/a
1654.444387	0.000000	330889	ttl	11	71	n/a	n/a	n/a	n/a	n/a	n/a	n/a	n/a	n/a	n/a	n/a	n/a	n/a	n/a	n/a	n/a	n/a	n/a	n/a	n/a	n/a	1654.444387	n/a
1655.026344	1.527120	331005	scene_recognition	n/a	n/a	n/a	71.0	n/a	n/a	n/a	1654.4443872499999	n/a	1.1958513899917307	2	3	2	HB_5_frameA.png	2	3	1657.74931625	1	115	n/a	n/a	intervals/recognition_table	114	1655.026344	1656.553465
1655.026344	0.000000	331005	ttl	1	71	n/a	n/a	n/a	n/a	n/a	n/a	n/a	n/a	n/a	n/a	n/a	n/a	n/a	n/a	n/a	n/a	n/a	n/a	n/a	n/a	n/a	1655.026344	n/a
1656.553465	0.000000	331311	ttl	2	71	n/a	n/a	n/a	n/a	n/a	n/a	n/a	n/a	n/a	n/a	n/a	n/a	n/a	n/a	n/a	n/a	n/a	n/a	n/a	n/a	n/a	1656.553465	n/a
1657.749316	0.000000	331550	ttl	4	71	n/a	n/a	n/a	n/a	n/a	n/a	n/a	n/a	n/a	n/a	n/a	n/a	n/a	n/a	n/a	n/a	n/a	n/a	n/a	n/a	n/a	1657.749316	n/a
1657.757605	0.000000	331552	ttl	11	71	n/a	n/a	n/a	n/a	n/a	n/a	n/a	n/a	n/a	n/a	n/a	n/a	n/a	n/a	n/a	n/a	n/a	n/a	n/a	n/a	n/a	1657.757605	n/a
1658.339816	1.527173	331668	scene_recognition	n/a	n/a	n/a	71.0	n/a	n/a	n/a	1657.757605	n/a	0.7749524681148614	2	2	3	SB_9_frameB.png	2	2	1660.64194175	1	116	n/a	n/a	intervals/recognition_table	115	1658.339816	1659.866989
1658.339816	0.000000	331668	ttl	1	71	n/a	n/a	n/a	n/a	n/a	n/a	n/a	n/a	n/a	n/a	n/a	n/a	n/a	n/a	n/a	n/a	n/a	n/a	n/a	n/a	n/a	1658.339816	n/a
1659.866989	0.000000	331973	ttl	2	71	n/a	n/a	n/a	n/a	n/a	n/a	n/a	n/a	n/a	n/a	n/a	n/a	n/a	n/a	n/a	n/a	n/a	n/a	n/a	n/a	n/a	1659.866989	n/a
1660.641942	0.000000	332128	ttl	4	71	n/a	n/a	n/a	n/a	n/a	n/a	n/a	n/a	n/a	n/a	n/a	n/a	n/a	n/a	n/a	n/a	n/a	n/a	n/a	n/a	n/a	1660.641942	n/a
1660.660780	0.000000	332132	ttl	11	71	n/a	n/a	n/a	n/a	n/a	n/a	n/a	n/a	n/a	n/a	n/a	n/a	n/a	n/a	n/a	n/a	n/a	n/a	n/a	n/a	n/a	1660.660780	n/a
1661.242765	1.547153	332249	scene_recognition	n/a	n/a	n/a	71.0	n/a	n/a	n/a	1660.66078	n/a	0.902939704939854	1	2	3	SB_4_frameA_foil.png	2	2	1663.6928572499999	0	117	n/a	n/a	intervals/recognition_table	116	1661.242765	1662.789918
1661.242765	0.000000	332249	ttl	1	71	n/a	n/a	n/a	n/a	n/a	n/a	n/a	n/a	n/a	n/a	n/a	n/a	n/a	n/a	n/a	n/a	n/a	n/a	n/a	n/a	n/a	1661.242765	n/a
1662.789918	0.000000	332558	ttl	2	71	n/a	n/a	n/a	n/a	n/a	n/a	n/a	n/a	n/a	n/a	n/a	n/a	n/a	n/a	n/a	n/a	n/a	n/a	n/a	n/a	n/a	1662.789918	n/a
1663.692857	0.000000	332739	ttl	4	71	n/a	n/a	n/a	n/a	n/a	n/a	n/a	n/a	n/a	n/a	n/a	n/a	n/a	n/a	n/a	n/a	n/a	n/a	n/a	n/a	n/a	1663.692857	n/a
1663.713662	0.000000	332743	ttl	11	71	n/a	n/a	n/a	n/a	n/a	n/a	n/a	n/a	n/a	n/a	n/a	n/a	n/a	n/a	n/a	n/a	n/a	n/a	n/a	n/a	n/a	1663.713662	n/a
1664.275543	1.527780	332855	scene_recognition	n/a	n/a	n/a	71.0	n/a	n/a	n/a	1663.7136624999998	n/a	1.4791196828791726	2	3	2	HB_6_frameB.png	2	3	1667.2824425	1	118	n/a	n/a	intervals/recognition_table	117	1664.275543	1665.803323
1664.275543	0.000000	332855	ttl	1	71	n/a	n/a	n/a	n/a	n/a	n/a	n/a	n/a	n/a	n/a	n/a	n/a	n/a	n/a	n/a	n/a	n/a	n/a	n/a	n/a	n/a	1664.275543	n/a
1665.803323	0.000000	333161	ttl	2	71	n/a	n/a	n/a	n/a	n/a	n/a	n/a	n/a	n/a	n/a	n/a	n/a	n/a	n/a	n/a	n/a	n/a	n/a	n/a	n/a	n/a	1665.803323	n/a
1667.282442	0.000000	333456	ttl	4	71	n/a	n/a	n/a	n/a	n/a	n/a	n/a	n/a	n/a	n/a	n/a	n/a	n/a	n/a	n/a	n/a	n/a	n/a	n/a	n/a	n/a	1667.282442	n/a
1667.290836	0.000000	333458	ttl	11	71	n/a	n/a	n/a	n/a	n/a	n/a	n/a	n/a	n/a	n/a	n/a	n/a	n/a	n/a	n/a	n/a	n/a	n/a	n/a	n/a	n/a	1667.290836	n/a
1667.892861	1.547220	333579	scene_recognition	n/a	n/a	n/a	71.0	n/a	n/a	n/a	1667.29083625	n/a	1.7057108022636385	1	3	3	HB_7_frameA_foil.png	2	2	1671.14579175	0	119	n/a	n/a	intervals/recognition_table	118	1667.892861	1669.440081
1667.892861	0.000000	333579	ttl	1	71	n/a	n/a	n/a	n/a	n/a	n/a	n/a	n/a	n/a	n/a	n/a	n/a	n/a	n/a	n/a	n/a	n/a	n/a	n/a	n/a	n/a	1667.892861	n/a
1669.440081	0.000000	333888	ttl	2	71	n/a	n/a	n/a	n/a	n/a	n/a	n/a	n/a	n/a	n/a	n/a	n/a	n/a	n/a	n/a	n/a	n/a	n/a	n/a	n/a	n/a	1669.440081	n/a
1671.145792	0.000000	334229	ttl	4	71	n/a	n/a	n/a	n/a	n/a	n/a	n/a	n/a	n/a	n/a	n/a	n/a	n/a	n/a	n/a	n/a	n/a	n/a	n/a	n/a	n/a	1671.145792	n/a
1671.165691	0.000000	334233	ttl	11	71	n/a	n/a	n/a	n/a	n/a	n/a	n/a	n/a	n/a	n/a	n/a	n/a	n/a	n/a	n/a	n/a	n/a	n/a	n/a	n/a	n/a	1671.165691	n/a
1671.727603	1.527121	334346	scene_recognition	n/a	n/a	n/a	71.0	n/a	n/a	n/a	1671.165691	n/a	0.004320755881053628	1	1	3	NB_2_frameB_foil.png	2	2	1673.259045	0	120	n/a	n/a	intervals/recognition_table	119	1671.727603	1673.254724
1671.727603	0.000000	334346	ttl	1	71	n/a	n/a	n/a	n/a	n/a	n/a	n/a	n/a	n/a	n/a	n/a	n/a	n/a	n/a	n/a	n/a	n/a	n/a	n/a	n/a	n/a	1671.727603	n/a
1673.254724	0.000000	334651	ttl	2	71	n/a	n/a	n/a	n/a	n/a	n/a	n/a	n/a	n/a	n/a	n/a	n/a	n/a	n/a	n/a	n/a	n/a	n/a	n/a	n/a	n/a	1673.254724	n/a
1673.259045	0.000000	334652	ttl	4	71	n/a	n/a	n/a	n/a	n/a	n/a	n/a	n/a	n/a	n/a	n/a	n/a	n/a	n/a	n/a	n/a	n/a	n/a	n/a	n/a	n/a	1673.259045	n/a
1673.274998	0.000000	334655	ttl	11	71	n/a	n/a	n/a	n/a	n/a	n/a	n/a	n/a	n/a	n/a	n/a	n/a	n/a	n/a	n/a	n/a	n/a	n/a	n/a	n/a	n/a	1673.274998	n/a
1673.776673	1.526996	334755	scene_recognition	n/a	n/a	n/a	71.0	n/a	n/a	n/a	1673.27499775	n/a	0.280420873523326	2	2	3	SB_7_frameA.png	2	2	1675.58408925	1	121	n/a	n/a	intervals/recognition_table	120	1673.776673	1675.303668
1673.776673	0.000000	334755	ttl	1	71	n/a	n/a	n/a	n/a	n/a	n/a	n/a	n/a	n/a	n/a	n/a	n/a	n/a	n/a	n/a	n/a	n/a	n/a	n/a	n/a	n/a	1673.776673	n/a
1675.303668	0.000000	335061	ttl	2	71	n/a	n/a	n/a	n/a	n/a	n/a	n/a	n/a	n/a	n/a	n/a	n/a	n/a	n/a	n/a	n/a	n/a	n/a	n/a	n/a	n/a	1675.303668	n/a
1675.584089	0.000000	335117	ttl	4	71	n/a	n/a	n/a	n/a	n/a	n/a	n/a	n/a	n/a	n/a	n/a	n/a	n/a	n/a	n/a	n/a	n/a	n/a	n/a	n/a	n/a	1675.584089	n/a
1675.608161	0.000000	335122	ttl	11	71	n/a	n/a	n/a	n/a	n/a	n/a	n/a	n/a	n/a	n/a	n/a	n/a	n/a	n/a	n/a	n/a	n/a	n/a	n/a	n/a	n/a	1675.608161	n/a
1676.170068	1.547374	335234	scene_recognition	n/a	n/a	n/a	71.0	n/a	n/a	n/a	1675.6081614999998	n/a	1.3838321139810432	2	3	2	HB_2_frameA.png	2	3	1679.10127375	1	122	n/a	n/a	intervals/recognition_table	121	1676.170068	1677.717441
1676.170068	0.000000	335234	ttl	1	71	n/a	n/a	n/a	n/a	n/a	n/a	n/a	n/a	n/a	n/a	n/a	n/a	n/a	n/a	n/a	n/a	n/a	n/a	n/a	n/a	n/a	1676.170068	n/a
1677.717441	0.000000	335543	ttl	2	71	n/a	n/a	n/a	n/a	n/a	n/a	n/a	n/a	n/a	n/a	n/a	n/a	n/a	n/a	n/a	n/a	n/a	n/a	n/a	n/a	n/a	1677.717441	n/a
1679.101274	0.000000	335820	ttl	4	71	n/a	n/a	n/a	n/a	n/a	n/a	n/a	n/a	n/a	n/a	n/a	n/a	n/a	n/a	n/a	n/a	n/a	n/a	n/a	n/a	n/a	1679.101274	n/a
1679.115374	0.000000	335823	ttl	11	71	n/a	n/a	n/a	n/a	n/a	n/a	n/a	n/a	n/a	n/a	n/a	n/a	n/a	n/a	n/a	n/a	n/a	n/a	n/a	n/a	n/a	1679.115374	n/a
1679.677236	1.547347	335935	scene_recognition	n/a	n/a	n/a	71.0	n/a	n/a	n/a	1679.115374	n/a	0.5658645274379523	1	3	2	HB_1_frameA_foil.png	2	3	1681.790448	0	123	n/a	n/a	intervals/recognition_table	122	1679.677236	1681.224583
1679.677236	0.000000	335935	ttl	1	71	n/a	n/a	n/a	n/a	n/a	n/a	n/a	n/a	n/a	n/a	n/a	n/a	n/a	n/a	n/a	n/a	n/a	n/a	n/a	n/a	n/a	1679.677236	n/a
1681.224583	0.000000	336245	ttl	2	71	n/a	n/a	n/a	n/a	n/a	n/a	n/a	n/a	n/a	n/a	n/a	n/a	n/a	n/a	n/a	n/a	n/a	n/a	n/a	n/a	n/a	1681.224583	n/a
1681.790448	0.000000	336358	ttl	4	71	n/a	n/a	n/a	n/a	n/a	n/a	n/a	n/a	n/a	n/a	n/a	n/a	n/a	n/a	n/a	n/a	n/a	n/a	n/a	n/a	n/a	1681.790448	n/a
1681.796038	0.000000	336359	ttl	11	71	n/a	n/a	n/a	n/a	n/a	n/a	n/a	n/a	n/a	n/a	n/a	n/a	n/a	n/a	n/a	n/a	n/a	n/a	n/a	n/a	n/a	1681.796038	n/a
1682.317831	1.527246	336464	scene_recognition	n/a	n/a	n/a	71.0	n/a	n/a	n/a	1681.796038	n/a	2.0580631930552045	2	2	3	SB_2_frameB.png	2	2	1685.90314025	1	124	n/a	n/a	intervals/recognition_table	123	1682.317831	1683.845077
1682.317831	0.000000	336464	ttl	1	71	n/a	n/a	n/a	n/a	n/a	n/a	n/a	n/a	n/a	n/a	n/a	n/a	n/a	n/a	n/a	n/a	n/a	n/a	n/a	n/a	n/a	1682.317831	n/a
1683.845077	0.000000	336769	ttl	2	71	n/a	n/a	n/a	n/a	n/a	n/a	n/a	n/a	n/a	n/a	n/a	n/a	n/a	n/a	n/a	n/a	n/a	n/a	n/a	n/a	n/a	1683.845077	n/a
1685.903140	0.000000	337181	ttl	4	71	n/a	n/a	n/a	n/a	n/a	n/a	n/a	n/a	n/a	n/a	n/a	n/a	n/a	n/a	n/a	n/a	n/a	n/a	n/a	n/a	n/a	1685.903140	n/a
1685.911179	0.000000	337182	ttl	11	71	n/a	n/a	n/a	n/a	n/a	n/a	n/a	n/a	n/a	n/a	n/a	n/a	n/a	n/a	n/a	n/a	n/a	n/a	n/a	n/a	n/a	1685.911179	n/a
1686.473072	1.527124	337295	scene_recognition	n/a	n/a	n/a	71.0	n/a	n/a	n/a	1685.9111787499999	n/a	2.4656413891298143	1	2	3	SB_2_frameB_foil.png	2	2	1690.4658372499998	0	125	n/a	n/a	intervals/recognition_table	124	1686.473072	1688.000196
1686.473072	0.000000	337295	ttl	1	71	n/a	n/a	n/a	n/a	n/a	n/a	n/a	n/a	n/a	n/a	n/a	n/a	n/a	n/a	n/a	n/a	n/a	n/a	n/a	n/a	n/a	1686.473072	n/a
1688.000196	0.000000	337600	ttl	2	71	n/a	n/a	n/a	n/a	n/a	n/a	n/a	n/a	n/a	n/a	n/a	n/a	n/a	n/a	n/a	n/a	n/a	n/a	n/a	n/a	n/a	1688.000196	n/a
1690.465837	0.000000	338093	ttl	4	71	n/a	n/a	n/a	n/a	n/a	n/a	n/a	n/a	n/a	n/a	n/a	n/a	n/a	n/a	n/a	n/a	n/a	n/a	n/a	n/a	n/a	1690.465837	n/a
1690.472710	0.000000	338095	ttl	11	71	n/a	n/a	n/a	n/a	n/a	n/a	n/a	n/a	n/a	n/a	n/a	n/a	n/a	n/a	n/a	n/a	n/a	n/a	n/a	n/a	n/a	1690.472710	n/a
1691.054640	1.547131	338211	scene_recognition	n/a	n/a	n/a	71.0	n/a	n/a	n/a	1690.47270975	n/a	2.3732158745970082	1	1	3	NB_26_frameB_foil.png	2	2	1694.97498625	0	126	n/a	n/a	intervals/recognition_table	125	1691.054640	1692.601770
1691.054640	0.000000	338211	ttl	1	71	n/a	n/a	n/a	n/a	n/a	n/a	n/a	n/a	n/a	n/a	n/a	n/a	n/a	n/a	n/a	n/a	n/a	n/a	n/a	n/a	n/a	1691.054640	n/a
1692.601770	0.000000	338520	ttl	2	71	n/a	n/a	n/a	n/a	n/a	n/a	n/a	n/a	n/a	n/a	n/a	n/a	n/a	n/a	n/a	n/a	n/a	n/a	n/a	n/a	n/a	1692.601770	n/a
1694.974986	0.000000	338995	ttl	4	71	n/a	n/a	n/a	n/a	n/a	n/a	n/a	n/a	n/a	n/a	n/a	n/a	n/a	n/a	n/a	n/a	n/a	n/a	n/a	n/a	n/a	1694.974986	n/a
1694.993538	0.000000	338999	ttl	11	71	n/a	n/a	n/a	n/a	n/a	n/a	n/a	n/a	n/a	n/a	n/a	n/a	n/a	n/a	n/a	n/a	n/a	n/a	n/a	n/a	n/a	1694.993538	n/a
1695.535297	1.527201	339107	scene_recognition	n/a	n/a	n/a	71.0	n/a	n/a	n/a	1694.99353825	n/a	4.3651219989424135	1	1	3	NB_7_frameA_foil.png	2	2	1701.42762025	0	127	n/a	n/a	intervals/recognition_table	126	1695.535297	1697.062498
1695.535297	0.000000	339107	ttl	1	71	n/a	n/a	n/a	n/a	n/a	n/a	n/a	n/a	n/a	n/a	n/a	n/a	n/a	n/a	n/a	n/a	n/a	n/a	n/a	n/a	n/a	1695.535297	n/a
1697.062498	0.000000	339412	ttl	2	71	n/a	n/a	n/a	n/a	n/a	n/a	n/a	n/a	n/a	n/a	n/a	n/a	n/a	n/a	n/a	n/a	n/a	n/a	n/a	n/a	n/a	1697.062498	n/a
1701.427620	0.000000	340286	ttl	4	71	n/a	n/a	n/a	n/a	n/a	n/a	n/a	n/a	n/a	n/a	n/a	n/a	n/a	n/a	n/a	n/a	n/a	n/a	n/a	n/a	n/a	1701.427620	n/a
1701.436475	0.000000	340287	ttl	11	71	n/a	n/a	n/a	n/a	n/a	n/a	n/a	n/a	n/a	n/a	n/a	n/a	n/a	n/a	n/a	n/a	n/a	n/a	n/a	n/a	n/a	1701.436475	n/a
1701.978338	1.527108	340396	scene_recognition	n/a	n/a	n/a	71.0	n/a	n/a	n/a	1701.43647475	n/a	0.5337654647046293	1	2	3	SB_3_frameB_foil.png	2	2	1704.03921225	0	128	n/a	n/a	intervals/recognition_table	127	1701.978338	1703.505447
1701.978338	0.000000	340396	ttl	1	71	n/a	n/a	n/a	n/a	n/a	n/a	n/a	n/a	n/a	n/a	n/a	n/a	n/a	n/a	n/a	n/a	n/a	n/a	n/a	n/a	n/a	1701.978338	n/a
1703.505447	0.000000	340701	ttl	2	71	n/a	n/a	n/a	n/a	n/a	n/a	n/a	n/a	n/a	n/a	n/a	n/a	n/a	n/a	n/a	n/a	n/a	n/a	n/a	n/a	n/a	1703.505447	n/a
1704.039212	0.000000	340808	ttl	4	71	n/a	n/a	n/a	n/a	n/a	n/a	n/a	n/a	n/a	n/a	n/a	n/a	n/a	n/a	n/a	n/a	n/a	n/a	n/a	n/a	n/a	1704.039212	n/a
1704.062272	0.000000	340812	ttl	11	71	n/a	n/a	n/a	n/a	n/a	n/a	n/a	n/a	n/a	n/a	n/a	n/a	n/a	n/a	n/a	n/a	n/a	n/a	n/a	n/a	n/a	1704.062272	n/a
1704.644229	1.547165	340929	scene_recognition	n/a	n/a	n/a	71.0	n/a	n/a	n/a	1704.06227175	n/a	2.237700876106828	1	2	3	SB_9_frameB_foil.png	2	2	1708.42909425	0	129	n/a	n/a	intervals/recognition_table	128	1704.644229	1706.191393
1704.644229	0.000000	340929	ttl	1	71	n/a	n/a	n/a	n/a	n/a	n/a	n/a	n/a	n/a	n/a	n/a	n/a	n/a	n/a	n/a	n/a	n/a	n/a	n/a	n/a	n/a	1704.644229	n/a
1706.191393	0.000000	341238	ttl	2	71	n/a	n/a	n/a	n/a	n/a	n/a	n/a	n/a	n/a	n/a	n/a	n/a	n/a	n/a	n/a	n/a	n/a	n/a	n/a	n/a	n/a	1706.191393	n/a
1708.429094	0.000000	341686	ttl	4	71	n/a	n/a	n/a	n/a	n/a	n/a	n/a	n/a	n/a	n/a	n/a	n/a	n/a	n/a	n/a	n/a	n/a	n/a	n/a	n/a	n/a	1708.429094	n/a
1708.452877	0.000000	341691	ttl	11	71	n/a	n/a	n/a	n/a	n/a	n/a	n/a	n/a	n/a	n/a	n/a	n/a	n/a	n/a	n/a	n/a	n/a	n/a	n/a	n/a	n/a	1708.452877	n/a
1708.954563	1.547169	341791	scene_recognition	n/a	n/a	n/a	71.0	n/a	n/a	n/a	1708.4528765	n/a	1.0295826944602595	1	3	2	HB_3_frameB_foil.png	2	3	1711.53131575	0	130	n/a	n/a	intervals/recognition_table	129	1708.954563	1710.501733
1708.954563	0.000000	341791	ttl	1	71	n/a	n/a	n/a	n/a	n/a	n/a	n/a	n/a	n/a	n/a	n/a	n/a	n/a	n/a	n/a	n/a	n/a	n/a	n/a	n/a	n/a	1708.954563	n/a
1710.501733	0.000000	342100	ttl	2	71	n/a	n/a	n/a	n/a	n/a	n/a	n/a	n/a	n/a	n/a	n/a	n/a	n/a	n/a	n/a	n/a	n/a	n/a	n/a	n/a	n/a	1710.501733	n/a
1711.531316	0.000000	342306	ttl	4	71	n/a	n/a	n/a	n/a	n/a	n/a	n/a	n/a	n/a	n/a	n/a	n/a	n/a	n/a	n/a	n/a	n/a	n/a	n/a	n/a	n/a	1711.531316	n/a
1711.543126	0.000000	342309	ttl	11	71	n/a	n/a	n/a	n/a	n/a	n/a	n/a	n/a	n/a	n/a	n/a	n/a	n/a	n/a	n/a	n/a	n/a	n/a	n/a	n/a	n/a	1711.543126	n/a
1712.064939	1.547011	342413	scene_recognition	n/a	n/a	n/a	71.0	n/a	n/a	n/a	1711.54312625	n/a	0.0992732527647604	2	2	2	SB_1_frameB_foil.png	1	6	1713.711223	0	131	n/a	n/a	intervals/recognition_table	130	1712.064939	1713.611950
1712.064939	0.000000	342413	ttl	1	71	n/a	n/a	n/a	n/a	n/a	n/a	n/a	n/a	n/a	n/a	n/a	n/a	n/a	n/a	n/a	n/a	n/a	n/a	n/a	n/a	n/a	1712.064939	n/a
1713.611950	0.000000	342722	ttl	2	71	n/a	n/a	n/a	n/a	n/a	n/a	n/a	n/a	n/a	n/a	n/a	n/a	n/a	n/a	n/a	n/a	n/a	n/a	n/a	n/a	n/a	1713.611950	n/a
1713.711223	0.000000	342742	ttl	4	71	n/a	n/a	n/a	n/a	n/a	n/a	n/a	n/a	n/a	n/a	n/a	n/a	n/a	n/a	n/a	n/a	n/a	n/a	n/a	n/a	n/a	1713.711223	n/a
1713.733403	0.000000	342747	ttl	11	71	n/a	n/a	n/a	n/a	n/a	n/a	n/a	n/a	n/a	n/a	n/a	n/a	n/a	n/a	n/a	n/a	n/a	n/a	n/a	n/a	n/a	1713.733403	n/a
1714.255383	1.527135	342851	scene_recognition	n/a	n/a	n/a	71.0	n/a	n/a	n/a	1713.733403	n/a	1.0691145684068033	1	3	2	HB_4_frameA_foil.png	2	3	1716.851633	0	132	n/a	n/a	intervals/recognition_table	131	1714.255383	1715.782518
1714.255383	0.000000	342851	ttl	1	71	n/a	n/a	n/a	n/a	n/a	n/a	n/a	n/a	n/a	n/a	n/a	n/a	n/a	n/a	n/a	n/a	n/a	n/a	n/a	n/a	n/a	1714.255383	n/a
1715.782518	0.000000	343157	ttl	2	71	n/a	n/a	n/a	n/a	n/a	n/a	n/a	n/a	n/a	n/a	n/a	n/a	n/a	n/a	n/a	n/a	n/a	n/a	n/a	n/a	n/a	1715.782518	n/a
1716.851633	0.000000	343370	ttl	4	71	n/a	n/a	n/a	n/a	n/a	n/a	n/a	n/a	n/a	n/a	n/a	n/a	n/a	n/a	n/a	n/a	n/a	n/a	n/a	n/a	n/a	1716.851633	n/a
1716.870252	0.000000	343374	ttl	11	71	n/a	n/a	n/a	n/a	n/a	n/a	n/a	n/a	n/a	n/a	n/a	n/a	n/a	n/a	n/a	n/a	n/a	n/a	n/a	n/a	n/a	1716.870252	n/a
1717.432128	1.527292	343486	scene_recognition	n/a	n/a	n/a	71.0	n/a	n/a	n/a	1716.87025225	n/a	1.9690871385100763	1	2	2	SB_7_frameA_foil.png	2	3	1720.92850675	0	133	n/a	n/a	intervals/recognition_table	132	1717.432128	1718.959419
1717.432128	0.000000	343486	ttl	1	71	n/a	n/a	n/a	n/a	n/a	n/a	n/a	n/a	n/a	n/a	n/a	n/a	n/a	n/a	n/a	n/a	n/a	n/a	n/a	n/a	n/a	1717.432128	n/a
1718.959419	0.000000	343792	ttl	2	71	n/a	n/a	n/a	n/a	n/a	n/a	n/a	n/a	n/a	n/a	n/a	n/a	n/a	n/a	n/a	n/a	n/a	n/a	n/a	n/a	n/a	1718.959419	n/a
1720.928507	0.000000	344186	ttl	4	71	n/a	n/a	n/a	n/a	n/a	n/a	n/a	n/a	n/a	n/a	n/a	n/a	n/a	n/a	n/a	n/a	n/a	n/a	n/a	n/a	n/a	1720.928507	n/a
1720.935203	0.000000	344187	ttl	11	71	n/a	n/a	n/a	n/a	n/a	n/a	n/a	n/a	n/a	n/a	n/a	n/a	n/a	n/a	n/a	n/a	n/a	n/a	n/a	n/a	n/a	1720.935203	n/a
1721.497094	1.527039	344299	scene_recognition	n/a	n/a	n/a	71.0	n/a	n/a	n/a	1720.9352035	n/a	3.6107422530985787	2	1	3	NB_22_frameA.png	2	2	1726.634875	1	134	n/a	n/a	intervals/recognition_table	133	1721.497094	1723.024133
1721.497094	0.000000	344299	ttl	1	71	n/a	n/a	n/a	n/a	n/a	n/a	n/a	n/a	n/a	n/a	n/a	n/a	n/a	n/a	n/a	n/a	n/a	n/a	n/a	n/a	n/a	1721.497094	n/a
1723.024133	0.000000	344605	ttl	2	71	n/a	n/a	n/a	n/a	n/a	n/a	n/a	n/a	n/a	n/a	n/a	n/a	n/a	n/a	n/a	n/a	n/a	n/a	n/a	n/a	n/a	1723.024133	n/a
1726.634875	0.000000	345327	ttl	4	71	n/a	n/a	n/a	n/a	n/a	n/a	n/a	n/a	n/a	n/a	n/a	n/a	n/a	n/a	n/a	n/a	n/a	n/a	n/a	n/a	n/a	1726.634875	n/a
1726.649317	0.000000	345330	ttl	11	71	n/a	n/a	n/a	n/a	n/a	n/a	n/a	n/a	n/a	n/a	n/a	n/a	n/a	n/a	n/a	n/a	n/a	n/a	n/a	n/a	n/a	1726.649317	n/a
1727.171070	1.547247	345434	scene_recognition	n/a	n/a	n/a	71.0	n/a	n/a	n/a	1726.6493169999999	n/a	1.0566961408821953	1	3	2	HB_4_frameB_foil.png	2	3	1729.775013	0	135	n/a	n/a	intervals/recognition_table	134	1727.171070	1728.718317
1727.171070	0.000000	345434	ttl	1	71	n/a	n/a	n/a	n/a	n/a	n/a	n/a	n/a	n/a	n/a	n/a	n/a	n/a	n/a	n/a	n/a	n/a	n/a	n/a	n/a	n/a	1727.171070	n/a
1728.718317	0.000000	345744	ttl	2	71	n/a	n/a	n/a	n/a	n/a	n/a	n/a	n/a	n/a	n/a	n/a	n/a	n/a	n/a	n/a	n/a	n/a	n/a	n/a	n/a	n/a	1728.718317	n/a
1729.775013	0.000000	345955	ttl	4	71	n/a	n/a	n/a	n/a	n/a	n/a	n/a	n/a	n/a	n/a	n/a	n/a	n/a	n/a	n/a	n/a	n/a	n/a	n/a	n/a	n/a	1729.775013	n/a
1729.794769	0.000000	345959	ttl	11	71	n/a	n/a	n/a	n/a	n/a	n/a	n/a	n/a	n/a	n/a	n/a	n/a	n/a	n/a	n/a	n/a	n/a	n/a	n/a	n/a	n/a	1729.794769	n/a
1730.336868	1.547141	346067	scene_recognition	n/a	n/a	n/a	71.0	n/a	n/a	n/a	1729.79476925	n/a	1.6476611115631385	2	1	3	NB_29_frameB.png	2	2	1733.5316695	1	136	n/a	n/a	intervals/recognition_table	135	1730.336868	1731.884008
1730.336868	0.000000	346067	ttl	1	71	n/a	n/a	n/a	n/a	n/a	n/a	n/a	n/a	n/a	n/a	n/a	n/a	n/a	n/a	n/a	n/a	n/a	n/a	n/a	n/a	n/a	1730.336868	n/a
1731.884008	0.000000	346377	ttl	2	71	n/a	n/a	n/a	n/a	n/a	n/a	n/a	n/a	n/a	n/a	n/a	n/a	n/a	n/a	n/a	n/a	n/a	n/a	n/a	n/a	n/a	1731.884008	n/a
1733.531669	0.000000	346706	ttl	4	71	n/a	n/a	n/a	n/a	n/a	n/a	n/a	n/a	n/a	n/a	n/a	n/a	n/a	n/a	n/a	n/a	n/a	n/a	n/a	n/a	n/a	1733.531669	n/a
1733.540288	0.000000	346708	ttl	11	71	n/a	n/a	n/a	n/a	n/a	n/a	n/a	n/a	n/a	n/a	n/a	n/a	n/a	n/a	n/a	n/a	n/a	n/a	n/a	n/a	n/a	1733.540288	n/a
1734.082137	1.547347	346816	scene_recognition	n/a	n/a	n/a	71.0	n/a	n/a	n/a	1733.540288	n/a	1.4886339776476234	1	1	2	NB_28_frameB_foil.png	2	3	1737.1181184999998	0	137	n/a	n/a	intervals/recognition_table	136	1734.082137	1735.629484
1734.082137	0.000000	346816	ttl	1	71	n/a	n/a	n/a	n/a	n/a	n/a	n/a	n/a	n/a	n/a	n/a	n/a	n/a	n/a	n/a	n/a	n/a	n/a	n/a	n/a	n/a	1734.082137	n/a
1735.629484	0.000000	347126	ttl	2	71	n/a	n/a	n/a	n/a	n/a	n/a	n/a	n/a	n/a	n/a	n/a	n/a	n/a	n/a	n/a	n/a	n/a	n/a	n/a	n/a	n/a	1735.629484	n/a
1737.118118	0.000000	347424	ttl	4	71	n/a	n/a	n/a	n/a	n/a	n/a	n/a	n/a	n/a	n/a	n/a	n/a	n/a	n/a	n/a	n/a	n/a	n/a	n/a	n/a	n/a	1737.118118	n/a
1737.125199	0.000000	347425	ttl	11	71	n/a	n/a	n/a	n/a	n/a	n/a	n/a	n/a	n/a	n/a	n/a	n/a	n/a	n/a	n/a	n/a	n/a	n/a	n/a	n/a	n/a	1737.125199	n/a
1737.626927	1.547143	347525	scene_recognition	n/a	n/a	n/a	71.0	n/a	n/a	n/a	1737.1251989999998	n/a	0.2989317513165588	1	2	2	SB_4_frameA_foil.png	2	3	1739.4730017499999	0	138	n/a	n/a	intervals/recognition_table	137	1737.626927	1739.174070
1737.626927	0.000000	347525	ttl	1	71	n/a	n/a	n/a	n/a	n/a	n/a	n/a	n/a	n/a	n/a	n/a	n/a	n/a	n/a	n/a	n/a	n/a	n/a	n/a	n/a	n/a	1737.626927	n/a
1739.174070	0.000000	347835	ttl	2	71	n/a	n/a	n/a	n/a	n/a	n/a	n/a	n/a	n/a	n/a	n/a	n/a	n/a	n/a	n/a	n/a	n/a	n/a	n/a	n/a	n/a	1739.174070	n/a
1739.473002	0.000000	347895	ttl	4	71	n/a	n/a	n/a	n/a	n/a	n/a	n/a	n/a	n/a	n/a	n/a	n/a	n/a	n/a	n/a	n/a	n/a	n/a	n/a	n/a	n/a	1739.473002	n/a
1739.482335	0.000000	347896	ttl	11	71	n/a	n/a	n/a	n/a	n/a	n/a	n/a	n/a	n/a	n/a	n/a	n/a	n/a	n/a	n/a	n/a	n/a	n/a	n/a	n/a	n/a	1739.482335	n/a
1740.044248	1.527256	348009	scene_recognition	n/a	n/a	n/a	71.0	n/a	n/a	n/a	1739.48233525	n/a	2.058778795055332	1	1	2	NB_21_frameB.png	1	6	1743.6302825	1	139	n/a	n/a	intervals/recognition_table	138	1740.044248	1741.571504
1740.044248	0.000000	348009	ttl	1	71	n/a	n/a	n/a	n/a	n/a	n/a	n/a	n/a	n/a	n/a	n/a	n/a	n/a	n/a	n/a	n/a	n/a	n/a	n/a	n/a	n/a	1740.044248	n/a
1741.571504	0.000000	348314	ttl	2	71	n/a	n/a	n/a	n/a	n/a	n/a	n/a	n/a	n/a	n/a	n/a	n/a	n/a	n/a	n/a	n/a	n/a	n/a	n/a	n/a	n/a	1741.571504	n/a
1743.630283	0.000000	348726	ttl	4	71	n/a	n/a	n/a	n/a	n/a	n/a	n/a	n/a	n/a	n/a	n/a	n/a	n/a	n/a	n/a	n/a	n/a	n/a	n/a	n/a	n/a	1743.630283	n/a
1743.654837	0.000000	348731	ttl	11	71	n/a	n/a	n/a	n/a	n/a	n/a	n/a	n/a	n/a	n/a	n/a	n/a	n/a	n/a	n/a	n/a	n/a	n/a	n/a	n/a	n/a	1743.654837	n/a
1744.216686	1.547204	348843	scene_recognition	n/a	n/a	n/a	71.0	n/a	n/a	n/a	1743.65483675	n/a	2.422675205481937	1	3	2	HB_8_frameB.png	1	6	1748.18656575	1	140	n/a	n/a	intervals/recognition_table	139	1744.216686	1745.763890
1744.216686	0.000000	348843	ttl	1	71	n/a	n/a	n/a	n/a	n/a	n/a	n/a	n/a	n/a	n/a	n/a	n/a	n/a	n/a	n/a	n/a	n/a	n/a	n/a	n/a	n/a	1744.216686	n/a
1745.763890	0.000000	349153	ttl	2	71	n/a	n/a	n/a	n/a	n/a	n/a	n/a	n/a	n/a	n/a	n/a	n/a	n/a	n/a	n/a	n/a	n/a	n/a	n/a	n/a	n/a	1745.763890	n/a
1748.186566	0.000000	349637	ttl	4	71	n/a	n/a	n/a	n/a	n/a	n/a	n/a	n/a	n/a	n/a	n/a	n/a	n/a	n/a	n/a	n/a	n/a	n/a	n/a	n/a	n/a	1748.186566	n/a
1748.199528	0.000000	349640	ttl	11	71	n/a	n/a	n/a	n/a	n/a	n/a	n/a	n/a	n/a	n/a	n/a	n/a	n/a	n/a	n/a	n/a	n/a	n/a	n/a	n/a	n/a	1748.199528	n/a
1748.761448	1.527785	349752	scene_recognition	n/a	n/a	n/a	71.0	n/a	n/a	n/a	1748.1995284999998	n/a	3.234269664122621	2	3	3	HB_2_frameB_foil.png	1	7	1753.5235025	0	141	n/a	n/a	intervals/recognition_table	140	1748.761448	1750.289233
1748.761448	0.000000	349752	ttl	1	71	n/a	n/a	n/a	n/a	n/a	n/a	n/a	n/a	n/a	n/a	n/a	n/a	n/a	n/a	n/a	n/a	n/a	n/a	n/a	n/a	n/a	1748.761448	n/a
1750.289233	0.000000	350058	ttl	2	71	n/a	n/a	n/a	n/a	n/a	n/a	n/a	n/a	n/a	n/a	n/a	n/a	n/a	n/a	n/a	n/a	n/a	n/a	n/a	n/a	n/a	1750.289233	n/a
1753.523502	0.000000	350705	ttl	4	71	n/a	n/a	n/a	n/a	n/a	n/a	n/a	n/a	n/a	n/a	n/a	n/a	n/a	n/a	n/a	n/a	n/a	n/a	n/a	n/a	n/a	1753.523502	n/a
1753.541426	0.000000	350708	ttl	11	71	n/a	n/a	n/a	n/a	n/a	n/a	n/a	n/a	n/a	n/a	n/a	n/a	n/a	n/a	n/a	n/a	n/a	n/a	n/a	n/a	n/a	1753.541426	n/a
1754.123402	1.527338	350825	scene_recognition	n/a	n/a	n/a	71.0	n/a	n/a	n/a	1753.5414262499999	n/a	0.29277681536950695	2	2	3	SB_1_frameB.png	2	2	1755.943517	1	142	n/a	n/a	intervals/recognition_table	141	1754.123402	1755.650740
1754.123402	0.000000	350825	ttl	1	71	n/a	n/a	n/a	n/a	n/a	n/a	n/a	n/a	n/a	n/a	n/a	n/a	n/a	n/a	n/a	n/a	n/a	n/a	n/a	n/a	n/a	1754.123402	n/a
1755.650740	0.000000	351130	ttl	2	71	n/a	n/a	n/a	n/a	n/a	n/a	n/a	n/a	n/a	n/a	n/a	n/a	n/a	n/a	n/a	n/a	n/a	n/a	n/a	n/a	n/a	1755.650740	n/a
1755.943517	0.000000	351189	ttl	4	71	n/a	n/a	n/a	n/a	n/a	n/a	n/a	n/a	n/a	n/a	n/a	n/a	n/a	n/a	n/a	n/a	n/a	n/a	n/a	n/a	n/a	1755.943517	n/a
1755.961322	0.000000	351192	ttl	11	71	n/a	n/a	n/a	n/a	n/a	n/a	n/a	n/a	n/a	n/a	n/a	n/a	n/a	n/a	n/a	n/a	n/a	n/a	n/a	n/a	n/a	1755.961322	n/a
1756.462964	1.527231	351293	scene_recognition	n/a	n/a	n/a	71.0	n/a	n/a	n/a	1755.96132225	n/a	0.8077783073258615	2	3	3	HB_5_frameA.png	2	2	1758.79797375	1	143	n/a	n/a	intervals/recognition_table	142	1756.462964	1757.990196
1756.462964	0.000000	351293	ttl	1	71	n/a	n/a	n/a	n/a	n/a	n/a	n/a	n/a	n/a	n/a	n/a	n/a	n/a	n/a	n/a	n/a	n/a	n/a	n/a	n/a	n/a	1756.462964	n/a
1757.990196	0.000000	351598	ttl	2	71	n/a	n/a	n/a	n/a	n/a	n/a	n/a	n/a	n/a	n/a	n/a	n/a	n/a	n/a	n/a	n/a	n/a	n/a	n/a	n/a	n/a	1757.990196	n/a
1758.797974	0.000000	351760	ttl	4	71	n/a	n/a	n/a	n/a	n/a	n/a	n/a	n/a	n/a	n/a	n/a	n/a	n/a	n/a	n/a	n/a	n/a	n/a	n/a	n/a	n/a	1758.797974	n/a
1758.815469	0.000000	351763	ttl	11	71	n/a	n/a	n/a	n/a	n/a	n/a	n/a	n/a	n/a	n/a	n/a	n/a	n/a	n/a	n/a	n/a	n/a	n/a	n/a	n/a	n/a	1758.815469	n/a
1759.397428	1.527143	351879	scene_recognition	n/a	n/a	n/a	71.0	n/a	n/a	n/a	1758.815469	n/a	0.6654080641310429	2	1	3	NB_10_frameB_foil.png	1	7	1761.5899795	0	144	n/a	n/a	intervals/recognition_table	143	1759.397428	1760.924571
1759.397428	0.000000	351879	ttl	1	71	n/a	n/a	n/a	n/a	n/a	n/a	n/a	n/a	n/a	n/a	n/a	n/a	n/a	n/a	n/a	n/a	n/a	n/a	n/a	n/a	n/a	1759.397428	n/a
1760.924571	0.000000	352185	ttl	2	71	n/a	n/a	n/a	n/a	n/a	n/a	n/a	n/a	n/a	n/a	n/a	n/a	n/a	n/a	n/a	n/a	n/a	n/a	n/a	n/a	n/a	1760.924571	n/a
1761.589980	0.000000	352318	ttl	4	71	n/a	n/a	n/a	n/a	n/a	n/a	n/a	n/a	n/a	n/a	n/a	n/a	n/a	n/a	n/a	n/a	n/a	n/a	n/a	n/a	n/a	1761.589980	n/a
1761.603468	0.000000	352321	ttl	11	71	n/a	n/a	n/a	n/a	n/a	n/a	n/a	n/a	n/a	n/a	n/a	n/a	n/a	n/a	n/a	n/a	n/a	n/a	n/a	n/a	n/a	1761.603468	n/a
1762.105202	1.547142	352421	scene_recognition	n/a	n/a	n/a	71.0	n/a	n/a	n/a	1761.6034682499999	n/a	2.5434437619842356	1	2	3	SB_9_frameA_foil.png	2	2	1766.19578725	0	145	n/a	n/a	intervals/recognition_table	144	1762.105202	1763.652343
1762.105202	0.000000	352421	ttl	1	71	n/a	n/a	n/a	n/a	n/a	n/a	n/a	n/a	n/a	n/a	n/a	n/a	n/a	n/a	n/a	n/a	n/a	n/a	n/a	n/a	n/a	1762.105202	n/a
1763.652343	0.000000	352730	ttl	2	71	n/a	n/a	n/a	n/a	n/a	n/a	n/a	n/a	n/a	n/a	n/a	n/a	n/a	n/a	n/a	n/a	n/a	n/a	n/a	n/a	n/a	1763.652343	n/a
1766.195787	0.000000	353239	ttl	4	71	n/a	n/a	n/a	n/a	n/a	n/a	n/a	n/a	n/a	n/a	n/a	n/a	n/a	n/a	n/a	n/a	n/a	n/a	n/a	n/a	n/a	1766.195787	n/a
1766.204924	0.000000	353241	ttl	11	71	n/a	n/a	n/a	n/a	n/a	n/a	n/a	n/a	n/a	n/a	n/a	n/a	n/a	n/a	n/a	n/a	n/a	n/a	n/a	n/a	n/a	1766.204924	n/a
1766.787101	1.548002	353357	scene_recognition	n/a	n/a	n/a	71.0	n/a	n/a	n/a	1766.204924	n/a	0.8577125867504947	2	1	3	NB_27_frameB.png	2	2	1769.192816	1	146	n/a	n/a	intervals/recognition_table	145	1766.787101	1768.335103
1766.787101	0.000000	353357	ttl	1	71	n/a	n/a	n/a	n/a	n/a	n/a	n/a	n/a	n/a	n/a	n/a	n/a	n/a	n/a	n/a	n/a	n/a	n/a	n/a	n/a	n/a	1766.787101	n/a
1768.335103	0.000000	353667	ttl	2	71	n/a	n/a	n/a	n/a	n/a	n/a	n/a	n/a	n/a	n/a	n/a	n/a	n/a	n/a	n/a	n/a	n/a	n/a	n/a	n/a	n/a	1768.335103	n/a
1769.192816	0.000000	353839	ttl	4	71	n/a	n/a	n/a	n/a	n/a	n/a	n/a	n/a	n/a	n/a	n/a	n/a	n/a	n/a	n/a	n/a	n/a	n/a	n/a	n/a	n/a	1769.192816	n/a
1769.204328	0.000000	353841	ttl	11	71	n/a	n/a	n/a	n/a	n/a	n/a	n/a	n/a	n/a	n/a	n/a	n/a	n/a	n/a	n/a	n/a	n/a	n/a	n/a	n/a	n/a	1769.204328	n/a
1769.706018	1.527366	353941	scene_recognition	n/a	n/a	n/a	71.0	n/a	n/a	n/a	1769.2043285	n/a	2.6729266810543777	2	1	3	NB_24_frameB_foil.png	1	7	1773.9063115	0	147	n/a	n/a	intervals/recognition_table	146	1769.706018	1771.233385
1769.706018	0.000000	353941	ttl	1	71	n/a	n/a	n/a	n/a	n/a	n/a	n/a	n/a	n/a	n/a	n/a	n/a	n/a	n/a	n/a	n/a	n/a	n/a	n/a	n/a	n/a	1769.706018	n/a
1771.233385	0.000000	354247	ttl	2	71	n/a	n/a	n/a	n/a	n/a	n/a	n/a	n/a	n/a	n/a	n/a	n/a	n/a	n/a	n/a	n/a	n/a	n/a	n/a	n/a	n/a	1771.233385	n/a
1773.906311	0.000000	354781	ttl	4	71	n/a	n/a	n/a	n/a	n/a	n/a	n/a	n/a	n/a	n/a	n/a	n/a	n/a	n/a	n/a	n/a	n/a	n/a	n/a	n/a	n/a	1773.906311	n/a
1773.930361	0.000000	354786	ttl	11	71	n/a	n/a	n/a	n/a	n/a	n/a	n/a	n/a	n/a	n/a	n/a	n/a	n/a	n/a	n/a	n/a	n/a	n/a	n/a	n/a	n/a	1773.930361	n/a
1774.432087	1.527157	354886	scene_recognition	n/a	n/a	n/a	71.0	n/a	n/a	n/a	1773.93036125	n/a	0.0	1	1	0	NB_13_frameA_foil.png	0	1	1775.9602439999999	0	148	n/a	n/a	intervals/recognition_table	147	1774.432087	1775.959244
1774.432087	0.000000	354886	ttl	1	71	n/a	n/a	n/a	n/a	n/a	n/a	n/a	n/a	n/a	n/a	n/a	n/a	n/a	n/a	n/a	n/a	n/a	n/a	n/a	n/a	n/a	1774.432087	n/a
1775.959244	0.000000	355192	ttl	2	71	n/a	n/a	n/a	n/a	n/a	n/a	n/a	n/a	n/a	n/a	n/a	n/a	n/a	n/a	n/a	n/a	n/a	n/a	n/a	n/a	n/a	1775.959244	n/a
1776.840701	0.000000	355368	ttl	11	71	n/a	n/a	n/a	n/a	n/a	n/a	n/a	n/a	n/a	n/a	n/a	n/a	n/a	n/a	n/a	n/a	n/a	n/a	n/a	n/a	n/a	1776.840701	n/a
1777.342407	1.547147	355468	scene_recognition	n/a	n/a	n/a	71.0	n/a	n/a	n/a	1776.8407009999999	n/a	0.8296621079807665	1	2	3	SB_6_frameB_foil.png	2	2	1779.719216	0	149	n/a	n/a	intervals/recognition_table	148	1777.342407	1778.889554
1777.342407	0.000000	355468	ttl	1	71	n/a	n/a	n/a	n/a	n/a	n/a	n/a	n/a	n/a	n/a	n/a	n/a	n/a	n/a	n/a	n/a	n/a	n/a	n/a	n/a	n/a	1777.342407	n/a
1778.889554	0.000000	355778	ttl	2	71	n/a	n/a	n/a	n/a	n/a	n/a	n/a	n/a	n/a	n/a	n/a	n/a	n/a	n/a	n/a	n/a	n/a	n/a	n/a	n/a	n/a	1778.889554	n/a
1779.719216	0.000000	355944	ttl	4	71	n/a	n/a	n/a	n/a	n/a	n/a	n/a	n/a	n/a	n/a	n/a	n/a	n/a	n/a	n/a	n/a	n/a	n/a	n/a	n/a	n/a	1779.719216	n/a
1779.727214	0.000000	355945	ttl	11	71	n/a	n/a	n/a	n/a	n/a	n/a	n/a	n/a	n/a	n/a	n/a	n/a	n/a	n/a	n/a	n/a	n/a	n/a	n/a	n/a	n/a	1779.727214	n/a
1780.289135	1.526981	356058	scene_recognition	n/a	n/a	n/a	71.0	n/a	n/a	n/a	1779.727214	n/a	1.3601052286248887	2	3	3	HB_4_frameB.png	2	2	1783.17622125	1	150	n/a	n/a	intervals/recognition_table	149	1780.289135	1781.816116
1780.289135	0.000000	356058	ttl	1	71	n/a	n/a	n/a	n/a	n/a	n/a	n/a	n/a	n/a	n/a	n/a	n/a	n/a	n/a	n/a	n/a	n/a	n/a	n/a	n/a	n/a	1780.289135	n/a
1781.816116	0.000000	356363	ttl	2	71	n/a	n/a	n/a	n/a	n/a	n/a	n/a	n/a	n/a	n/a	n/a	n/a	n/a	n/a	n/a	n/a	n/a	n/a	n/a	n/a	n/a	1781.816116	n/a
1783.176221	0.000000	356635	ttl	4	71	n/a	n/a	n/a	n/a	n/a	n/a	n/a	n/a	n/a	n/a	n/a	n/a	n/a	n/a	n/a	n/a	n/a	n/a	n/a	n/a	n/a	1783.176221	n/a
1783.188966	0.000000	356638	ttl	11	71	n/a	n/a	n/a	n/a	n/a	n/a	n/a	n/a	n/a	n/a	n/a	n/a	n/a	n/a	n/a	n/a	n/a	n/a	n/a	n/a	n/a	1783.188966	n/a
1783.690586	1.547293	356738	scene_recognition	n/a	n/a	n/a	71.0	n/a	n/a	n/a	1783.18896625	n/a	1.1345090281683952	2	1	3	NB_14_frameA.png	2	2	1786.37238875	1	151	n/a	n/a	intervals/recognition_table	150	1783.690586	1785.237880
1783.690586	0.000000	356738	ttl	1	71	n/a	n/a	n/a	n/a	n/a	n/a	n/a	n/a	n/a	n/a	n/a	n/a	n/a	n/a	n/a	n/a	n/a	n/a	n/a	n/a	n/a	1783.690586	n/a
1785.237880	0.000000	357048	ttl	2	71	n/a	n/a	n/a	n/a	n/a	n/a	n/a	n/a	n/a	n/a	n/a	n/a	n/a	n/a	n/a	n/a	n/a	n/a	n/a	n/a	n/a	1785.237880	n/a
1786.372389	0.000000	357274	ttl	4	71	n/a	n/a	n/a	n/a	n/a	n/a	n/a	n/a	n/a	n/a	n/a	n/a	n/a	n/a	n/a	n/a	n/a	n/a	n/a	n/a	n/a	1786.372389	n/a
1786.381008	0.000000	357276	ttl	11	71	n/a	n/a	n/a	n/a	n/a	n/a	n/a	n/a	n/a	n/a	n/a	n/a	n/a	n/a	n/a	n/a	n/a	n/a	n/a	n/a	n/a	1786.381008	n/a
1786.902822	1.527120	357381	scene_recognition	n/a	n/a	n/a	71.0	n/a	n/a	n/a	1786.3810079999998	n/a	3.1957125878143415	1	1	3	NB_12_frameB_foil.png	2	2	1791.6256557499999	0	152	n/a	n/a	intervals/recognition_table	151	1786.902822	1788.429943
1786.902822	0.000000	357381	ttl	1	71	n/a	n/a	n/a	n/a	n/a	n/a	n/a	n/a	n/a	n/a	n/a	n/a	n/a	n/a	n/a	n/a	n/a	n/a	n/a	n/a	n/a	1786.902822	n/a
1788.429943	0.000000	357686	ttl	2	71	n/a	n/a	n/a	n/a	n/a	n/a	n/a	n/a	n/a	n/a	n/a	n/a	n/a	n/a	n/a	n/a	n/a	n/a	n/a	n/a	n/a	1788.429943	n/a
1791.625656	0.000000	358325	ttl	4	71	n/a	n/a	n/a	n/a	n/a	n/a	n/a	n/a	n/a	n/a	n/a	n/a	n/a	n/a	n/a	n/a	n/a	n/a	n/a	n/a	n/a	1791.625656	n/a
1791.641655	0.000000	358328	ttl	11	71	n/a	n/a	n/a	n/a	n/a	n/a	n/a	n/a	n/a	n/a	n/a	n/a	n/a	n/a	n/a	n/a	n/a	n/a	n/a	n/a	n/a	1791.641655	n/a
1792.183433	1.527273	358437	scene_recognition	n/a	n/a	n/a	71.0	n/a	n/a	n/a	1791.6416554999998	n/a	1.6521761260919448	1	3	2	HB_1_frameA.png	1	6	1795.36288225	1	153	n/a	n/a	intervals/recognition_table	152	1792.183433	1793.710706
1792.183433	0.000000	358437	ttl	1	71	n/a	n/a	n/a	n/a	n/a	n/a	n/a	n/a	n/a	n/a	n/a	n/a	n/a	n/a	n/a	n/a	n/a	n/a	n/a	n/a	n/a	1792.183433	n/a
1793.710706	0.000000	358742	ttl	2	71	n/a	n/a	n/a	n/a	n/a	n/a	n/a	n/a	n/a	n/a	n/a	n/a	n/a	n/a	n/a	n/a	n/a	n/a	n/a	n/a	n/a	1793.710706	n/a
1795.362882	0.000000	359073	ttl	4	71	n/a	n/a	n/a	n/a	n/a	n/a	n/a	n/a	n/a	n/a	n/a	n/a	n/a	n/a	n/a	n/a	n/a	n/a	n/a	n/a	n/a	1795.362882	n/a
1795.377389	0.000000	359075	ttl	11	71	n/a	n/a	n/a	n/a	n/a	n/a	n/a	n/a	n/a	n/a	n/a	n/a	n/a	n/a	n/a	n/a	n/a	n/a	n/a	n/a	n/a	1795.377389	n/a
1795.899328	1.527110	359180	scene_recognition	n/a	n/a	n/a	71.0	n/a	n/a	n/a	1795.37738875	n/a	0.07379810598285985	2	2	3	SB_6_frameB.png	2	2	1797.50023575	1	154	n/a	n/a	intervals/recognition_table	153	1795.899328	1797.426438
1795.899328	0.000000	359180	ttl	1	71	n/a	n/a	n/a	n/a	n/a	n/a	n/a	n/a	n/a	n/a	n/a	n/a	n/a	n/a	n/a	n/a	n/a	n/a	n/a	n/a	n/a	1795.899328	n/a
1797.426438	0.000000	359485	ttl	2	71	n/a	n/a	n/a	n/a	n/a	n/a	n/a	n/a	n/a	n/a	n/a	n/a	n/a	n/a	n/a	n/a	n/a	n/a	n/a	n/a	n/a	1797.426438	n/a
1797.500236	0.000000	359500	ttl	4	71	n/a	n/a	n/a	n/a	n/a	n/a	n/a	n/a	n/a	n/a	n/a	n/a	n/a	n/a	n/a	n/a	n/a	n/a	n/a	n/a	n/a	1797.500236	n/a
1797.515018	0.000000	359503	ttl	11	71	n/a	n/a	n/a	n/a	n/a	n/a	n/a	n/a	n/a	n/a	n/a	n/a	n/a	n/a	n/a	n/a	n/a	n/a	n/a	n/a	n/a	1797.515018	n/a
1798.076774	1.527345	359615	scene_recognition	n/a	n/a	n/a	71.0	n/a	n/a	n/a	1797.5150185	n/a	0.988630419025867	1	1	3	NB_6_frameB_foil.png	2	2	1800.59275	0	155	n/a	n/a	intervals/recognition_table	154	1798.076774	1799.604120
1798.076774	0.000000	359615	ttl	1	71	n/a	n/a	n/a	n/a	n/a	n/a	n/a	n/a	n/a	n/a	n/a	n/a	n/a	n/a	n/a	n/a	n/a	n/a	n/a	n/a	n/a	1798.076774	n/a
1799.604120	0.000000	359921	ttl	2	71	n/a	n/a	n/a	n/a	n/a	n/a	n/a	n/a	n/a	n/a	n/a	n/a	n/a	n/a	n/a	n/a	n/a	n/a	n/a	n/a	n/a	1799.604120	n/a
1800.592750	0.000000	360119	ttl	4	71	n/a	n/a	n/a	n/a	n/a	n/a	n/a	n/a	n/a	n/a	n/a	n/a	n/a	n/a	n/a	n/a	n/a	n/a	n/a	n/a	n/a	1800.592750	n/a
1800.611880	0.000000	360122	ttl	11	71	n/a	n/a	n/a	n/a	n/a	n/a	n/a	n/a	n/a	n/a	n/a	n/a	n/a	n/a	n/a	n/a	n/a	n/a	n/a	n/a	n/a	1800.611880	n/a
1801.133421	1.527347	360227	scene_recognition	n/a	n/a	n/a	71.0	n/a	n/a	n/a	1800.61188025	n/a	1.368152808972809	2	2	3	SB_2_frameA.png	2	2	1804.02892075	1	156	n/a	n/a	intervals/recognition_table	155	1801.133421	1802.660768
1801.133421	0.000000	360227	ttl	1	71	n/a	n/a	n/a	n/a	n/a	n/a	n/a	n/a	n/a	n/a	n/a	n/a	n/a	n/a	n/a	n/a	n/a	n/a	n/a	n/a	n/a	1801.133421	n/a
1802.660768	0.000000	360532	ttl	2	71	n/a	n/a	n/a	n/a	n/a	n/a	n/a	n/a	n/a	n/a	n/a	n/a	n/a	n/a	n/a	n/a	n/a	n/a	n/a	n/a	n/a	1802.660768	n/a
1804.028921	0.000000	360806	ttl	4	71	n/a	n/a	n/a	n/a	n/a	n/a	n/a	n/a	n/a	n/a	n/a	n/a	n/a	n/a	n/a	n/a	n/a	n/a	n/a	n/a	n/a	1804.028921	n/a
1804.037441	0.000000	360807	ttl	11	71	n/a	n/a	n/a	n/a	n/a	n/a	n/a	n/a	n/a	n/a	n/a	n/a	n/a	n/a	n/a	n/a	n/a	n/a	n/a	n/a	n/a	1804.037441	n/a
1804.599335	1.547165	360920	scene_recognition	n/a	n/a	n/a	71.0	n/a	n/a	n/a	1804.0374407499999	n/a	3.503538227163517	2	1	3	NB_13_frameB.png	2	2	1809.65003875	1	157	n/a	n/a	intervals/recognition_table	156	1804.599335	1806.146501
1804.599335	0.000000	360920	ttl	1	71	n/a	n/a	n/a	n/a	n/a	n/a	n/a	n/a	n/a	n/a	n/a	n/a	n/a	n/a	n/a	n/a	n/a	n/a	n/a	n/a	n/a	1804.599335	n/a
1806.146501	0.000000	361229	ttl	2	71	n/a	n/a	n/a	n/a	n/a	n/a	n/a	n/a	n/a	n/a	n/a	n/a	n/a	n/a	n/a	n/a	n/a	n/a	n/a	n/a	n/a	1806.146501	n/a
1809.650039	0.000000	361930	ttl	4	71	n/a	n/a	n/a	n/a	n/a	n/a	n/a	n/a	n/a	n/a	n/a	n/a	n/a	n/a	n/a	n/a	n/a	n/a	n/a	n/a	n/a	1809.650039	n/a
1809.663820	0.000000	361933	ttl	11	71	n/a	n/a	n/a	n/a	n/a	n/a	n/a	n/a	n/a	n/a	n/a	n/a	n/a	n/a	n/a	n/a	n/a	n/a	n/a	n/a	n/a	1809.663820	n/a
1810.185569	1.547217	362037	scene_recognition	n/a	n/a	n/a	71.0	n/a	n/a	n/a	1809.66382	n/a	0.1337914819305297	2	2	2	SB_1_frameA.png	2	3	1811.8665777499998	1	158	n/a	n/a	intervals/recognition_table	157	1810.185569	1811.732786
1810.185569	0.000000	362037	ttl	1	71	n/a	n/a	n/a	n/a	n/a	n/a	n/a	n/a	n/a	n/a	n/a	n/a	n/a	n/a	n/a	n/a	n/a	n/a	n/a	n/a	n/a	1810.185569	n/a
1811.732786	0.000000	362347	ttl	2	71	n/a	n/a	n/a	n/a	n/a	n/a	n/a	n/a	n/a	n/a	n/a	n/a	n/a	n/a	n/a	n/a	n/a	n/a	n/a	n/a	n/a	1811.732786	n/a
1811.866578	0.000000	362373	ttl	4	71	n/a	n/a	n/a	n/a	n/a	n/a	n/a	n/a	n/a	n/a	n/a	n/a	n/a	n/a	n/a	n/a	n/a	n/a	n/a	n/a	n/a	1811.866578	n/a
1811.883762	0.000000	362377	ttl	11	71	n/a	n/a	n/a	n/a	n/a	n/a	n/a	n/a	n/a	n/a	n/a	n/a	n/a	n/a	n/a	n/a	n/a	n/a	n/a	n/a	n/a	1811.883762	n/a
1812.405696	1.527070	362481	scene_recognition	n/a	n/a	n/a	71.0	n/a	n/a	n/a	1811.883762	n/a	2.210886192628095	1	1	2	NB_1_frameA_foil.png	2	3	1816.143652	0	159	n/a	n/a	intervals/recognition_table	158	1812.405696	1813.932766
1812.405696	0.000000	362481	ttl	1	71	n/a	n/a	n/a	n/a	n/a	n/a	n/a	n/a	n/a	n/a	n/a	n/a	n/a	n/a	n/a	n/a	n/a	n/a	n/a	n/a	n/a	1812.405696	n/a
1813.932766	0.000000	362787	ttl	2	71	n/a	n/a	n/a	n/a	n/a	n/a	n/a	n/a	n/a	n/a	n/a	n/a	n/a	n/a	n/a	n/a	n/a	n/a	n/a	n/a	n/a	1813.932766	n/a
1816.143652	0.000000	363229	ttl	4	71	n/a	n/a	n/a	n/a	n/a	n/a	n/a	n/a	n/a	n/a	n/a	n/a	n/a	n/a	n/a	n/a	n/a	n/a	n/a	n/a	n/a	1816.143652	n/a
1816.163759	0.000000	363233	ttl	11	71	n/a	n/a	n/a	n/a	n/a	n/a	n/a	n/a	n/a	n/a	n/a	n/a	n/a	n/a	n/a	n/a	n/a	n/a	n/a	n/a	n/a	1816.163759	n/a
1816.685577	1.527286	363337	scene_recognition	n/a	n/a	n/a	71.0	n/a	n/a	n/a	1816.1637595	n/a	0.2585312162118498	1	1	2	NB_9_frameA_foil.png	2	3	1818.4713935	0	160	n/a	n/a	intervals/recognition_table	159	1816.685577	1818.212862
1816.685577	0.000000	363337	ttl	1	71	n/a	n/a	n/a	n/a	n/a	n/a	n/a	n/a	n/a	n/a	n/a	n/a	n/a	n/a	n/a	n/a	n/a	n/a	n/a	n/a	n/a	1816.685577	n/a
1818.212862	0.000000	363643	ttl	2	71	n/a	n/a	n/a	n/a	n/a	n/a	n/a	n/a	n/a	n/a	n/a	n/a	n/a	n/a	n/a	n/a	n/a	n/a	n/a	n/a	n/a	1818.212862	n/a
1818.471393	0.000000	363694	ttl	4	71	n/a	n/a	n/a	n/a	n/a	n/a	n/a	n/a	n/a	n/a	n/a	n/a	n/a	n/a	n/a	n/a	n/a	n/a	n/a	n/a	n/a	1818.471393	n/a
1818.478235	0.000000	363696	ttl	11	71	n/a	n/a	n/a	n/a	n/a	n/a	n/a	n/a	n/a	n/a	n/a	n/a	n/a	n/a	n/a	n/a	n/a	n/a	n/a	n/a	n/a	1818.478235	n/a
1819.040118	1.547144	363808	scene_recognition	n/a	n/a	n/a	71.0	n/a	n/a	n/a	1818.4782349999998	n/a	4.407618019871734	1	1	3	NB_16_frameB_foil.png	2	2	1824.9948795	0	161	n/a	n/a	intervals/recognition_table	160	1819.040118	1820.587261
1819.040118	0.000000	363808	ttl	1	71	n/a	n/a	n/a	n/a	n/a	n/a	n/a	n/a	n/a	n/a	n/a	n/a	n/a	n/a	n/a	n/a	n/a	n/a	n/a	n/a	n/a	1819.040118	n/a
1820.587261	0.000000	364117	ttl	2	71	n/a	n/a	n/a	n/a	n/a	n/a	n/a	n/a	n/a	n/a	n/a	n/a	n/a	n/a	n/a	n/a	n/a	n/a	n/a	n/a	n/a	1820.587261	n/a
1824.994880	0.000000	364999	ttl	4	71	n/a	n/a	n/a	n/a	n/a	n/a	n/a	n/a	n/a	n/a	n/a	n/a	n/a	n/a	n/a	n/a	n/a	n/a	n/a	n/a	n/a	1824.994880	n/a
1825.004738	0.000000	365001	ttl	11	71	n/a	n/a	n/a	n/a	n/a	n/a	n/a	n/a	n/a	n/a	n/a	n/a	n/a	n/a	n/a	n/a	n/a	n/a	n/a	n/a	n/a	1825.004738	n/a
1825.586737	1.547230	365117	scene_recognition	n/a	n/a	n/a	71.0	n/a	n/a	n/a	1825.00473825	n/a	0.8673728155154095	2	2	3	SB_3_frameB.png	2	2	1828.00133975	1	162	n/a	n/a	intervals/recognition_table	161	1825.586737	1827.133967
1825.586737	0.000000	365117	ttl	1	71	n/a	n/a	n/a	n/a	n/a	n/a	n/a	n/a	n/a	n/a	n/a	n/a	n/a	n/a	n/a	n/a	n/a	n/a	n/a	n/a	n/a	1825.586737	n/a
1827.133967	0.000000	365427	ttl	2	71	n/a	n/a	n/a	n/a	n/a	n/a	n/a	n/a	n/a	n/a	n/a	n/a	n/a	n/a	n/a	n/a	n/a	n/a	n/a	n/a	n/a	1827.133967	n/a
1828.001340	0.000000	365600	ttl	4	71	n/a	n/a	n/a	n/a	n/a	n/a	n/a	n/a	n/a	n/a	n/a	n/a	n/a	n/a	n/a	n/a	n/a	n/a	n/a	n/a	n/a	1828.001340	n/a
1828.016959	0.000000	365603	ttl	11	71	n/a	n/a	n/a	n/a	n/a	n/a	n/a	n/a	n/a	n/a	n/a	n/a	n/a	n/a	n/a	n/a	n/a	n/a	n/a	n/a	n/a	1828.016959	n/a
1828.518649	1.547059	365704	scene_recognition	n/a	n/a	n/a	71.0	n/a	n/a	n/a	1828.0169595	n/a	2.387474374678277	1	3	2	HB_8_frameB.png	1	6	1832.4531817499999	1	163	n/a	n/a	intervals/recognition_table	162	1828.518649	1830.065707
1828.518649	0.000000	365704	ttl	1	71	n/a	n/a	n/a	n/a	n/a	n/a	n/a	n/a	n/a	n/a	n/a	n/a	n/a	n/a	n/a	n/a	n/a	n/a	n/a	n/a	n/a	1828.518649	n/a
1830.065707	0.000000	366013	ttl	2	71	n/a	n/a	n/a	n/a	n/a	n/a	n/a	n/a	n/a	n/a	n/a	n/a	n/a	n/a	n/a	n/a	n/a	n/a	n/a	n/a	n/a	1830.065707	n/a
1832.453182	0.000000	366491	ttl	4	71	n/a	n/a	n/a	n/a	n/a	n/a	n/a	n/a	n/a	n/a	n/a	n/a	n/a	n/a	n/a	n/a	n/a	n/a	n/a	n/a	n/a	1832.453182	n/a
1832.462156	0.000000	366492	ttl	11	71	n/a	n/a	n/a	n/a	n/a	n/a	n/a	n/a	n/a	n/a	n/a	n/a	n/a	n/a	n/a	n/a	n/a	n/a	n/a	n/a	n/a	1832.462156	n/a
1833.003987	1.547969	366601	scene_recognition	n/a	n/a	n/a	71.0	n/a	n/a	n/a	1832.4621559999998	n/a	1.453884537815611	2	3	3	HB_1_frameB.png	2	2	1836.00584125	1	164	n/a	n/a	intervals/recognition_table	163	1833.003987	1834.551957
1833.003987	0.000000	366601	ttl	1	71	n/a	n/a	n/a	n/a	n/a	n/a	n/a	n/a	n/a	n/a	n/a	n/a	n/a	n/a	n/a	n/a	n/a	n/a	n/a	n/a	n/a	1833.003987	n/a
1834.551957	0.000000	366910	ttl	2	71	n/a	n/a	n/a	n/a	n/a	n/a	n/a	n/a	n/a	n/a	n/a	n/a	n/a	n/a	n/a	n/a	n/a	n/a	n/a	n/a	n/a	1834.551957	n/a
1836.005841	0.000000	367201	ttl	4	71	n/a	n/a	n/a	n/a	n/a	n/a	n/a	n/a	n/a	n/a	n/a	n/a	n/a	n/a	n/a	n/a	n/a	n/a	n/a	n/a	n/a	1836.005841	n/a
1836.020622	0.000000	367204	ttl	11	71	n/a	n/a	n/a	n/a	n/a	n/a	n/a	n/a	n/a	n/a	n/a	n/a	n/a	n/a	n/a	n/a	n/a	n/a	n/a	n/a	n/a	1836.020622	n/a
1836.542555	1.547140	367309	scene_recognition	n/a	n/a	n/a	71.0	n/a	n/a	n/a	1836.020622	n/a	0.9298597794804664	2	2	3	SB_2_frameA_foil.png	1	7	1839.01955525	0	165	n/a	n/a	intervals/recognition_table	164	1836.542555	1838.089695
1836.542555	0.000000	367309	ttl	1	71	n/a	n/a	n/a	n/a	n/a	n/a	n/a	n/a	n/a	n/a	n/a	n/a	n/a	n/a	n/a	n/a	n/a	n/a	n/a	n/a	n/a	1836.542555	n/a
1838.089695	0.000000	367618	ttl	2	71	n/a	n/a	n/a	n/a	n/a	n/a	n/a	n/a	n/a	n/a	n/a	n/a	n/a	n/a	n/a	n/a	n/a	n/a	n/a	n/a	n/a	1838.089695	n/a
1839.019555	0.000000	367804	ttl	4	71	n/a	n/a	n/a	n/a	n/a	n/a	n/a	n/a	n/a	n/a	n/a	n/a	n/a	n/a	n/a	n/a	n/a	n/a	n/a	n/a	n/a	1839.019555	n/a
1839.032871	0.000000	367807	ttl	11	71	n/a	n/a	n/a	n/a	n/a	n/a	n/a	n/a	n/a	n/a	n/a	n/a	n/a	n/a	n/a	n/a	n/a	n/a	n/a	n/a	n/a	1839.032871	n/a
1839.554525	1.527241	367911	scene_recognition	n/a	n/a	n/a	71.0	n/a	n/a	n/a	1839.032871	n/a	0.7454716950887814	2	2	2	SB_5_frameB_foil.png	1	6	1841.8272385	0	166	n/a	n/a	intervals/recognition_table	165	1839.554525	1841.081767
1839.554525	0.000000	367911	ttl	1	71	n/a	n/a	n/a	n/a	n/a	n/a	n/a	n/a	n/a	n/a	n/a	n/a	n/a	n/a	n/a	n/a	n/a	n/a	n/a	n/a	n/a	1839.554525	n/a
1841.081767	0.000000	368216	ttl	2	71	n/a	n/a	n/a	n/a	n/a	n/a	n/a	n/a	n/a	n/a	n/a	n/a	n/a	n/a	n/a	n/a	n/a	n/a	n/a	n/a	n/a	1841.081767	n/a
1841.827239	0.000000	368365	ttl	4	71	n/a	n/a	n/a	n/a	n/a	n/a	n/a	n/a	n/a	n/a	n/a	n/a	n/a	n/a	n/a	n/a	n/a	n/a	n/a	n/a	n/a	1841.827239	n/a
1841.848644	0.000000	368370	ttl	11	71	n/a	n/a	n/a	n/a	n/a	n/a	n/a	n/a	n/a	n/a	n/a	n/a	n/a	n/a	n/a	n/a	n/a	n/a	n/a	n/a	n/a	1841.848644	n/a
1842.350528	1.547088	368470	scene_recognition	n/a	n/a	n/a	71.0	n/a	n/a	n/a	1841.8486444999999	n/a	1.181281505170773	1	3	3	HB_6_frameB_foil.png	2	2	1845.0788985	0	167	n/a	n/a	intervals/recognition_table	166	1842.350528	1843.897617
1842.350528	0.000000	368470	ttl	1	71	n/a	n/a	n/a	n/a	n/a	n/a	n/a	n/a	n/a	n/a	n/a	n/a	n/a	n/a	n/a	n/a	n/a	n/a	n/a	n/a	n/a	1842.350528	n/a
1843.897617	0.000000	368780	ttl	2	71	n/a	n/a	n/a	n/a	n/a	n/a	n/a	n/a	n/a	n/a	n/a	n/a	n/a	n/a	n/a	n/a	n/a	n/a	n/a	n/a	n/a	1843.897617	n/a
1845.078898	0.000000	369016	ttl	4	71	n/a	n/a	n/a	n/a	n/a	n/a	n/a	n/a	n/a	n/a	n/a	n/a	n/a	n/a	n/a	n/a	n/a	n/a	n/a	n/a	n/a	1845.078898	n/a
1845.090670	0.000000	369018	ttl	11	71	n/a	n/a	n/a	n/a	n/a	n/a	n/a	n/a	n/a	n/a	n/a	n/a	n/a	n/a	n/a	n/a	n/a	n/a	n/a	n/a	n/a	1845.090670	n/a
1845.672880	1.547031	369135	scene_recognition	n/a	n/a	n/a	71.0	n/a	n/a	n/a	1845.09067025	n/a	1.614822489929793	2	1	2	NB_25_frameA_foil.png	1	6	1848.8347334999999	0	168	n/a	n/a	intervals/recognition_table	167	1845.672880	1847.219911
1845.672880	0.000000	369135	ttl	1	71	n/a	n/a	n/a	n/a	n/a	n/a	n/a	n/a	n/a	n/a	n/a	n/a	n/a	n/a	n/a	n/a	n/a	n/a	n/a	n/a	n/a	1845.672880	n/a
1847.219911	0.000000	369444	ttl	2	71	n/a	n/a	n/a	n/a	n/a	n/a	n/a	n/a	n/a	n/a	n/a	n/a	n/a	n/a	n/a	n/a	n/a	n/a	n/a	n/a	n/a	1847.219911	n/a
1848.834733	0.000000	369767	ttl	4	71	n/a	n/a	n/a	n/a	n/a	n/a	n/a	n/a	n/a	n/a	n/a	n/a	n/a	n/a	n/a	n/a	n/a	n/a	n/a	n/a	n/a	1848.834733	n/a
1848.851182	0.000000	369770	ttl	11	71	n/a	n/a	n/a	n/a	n/a	n/a	n/a	n/a	n/a	n/a	n/a	n/a	n/a	n/a	n/a	n/a	n/a	n/a	n/a	n/a	n/a	1848.851182	n/a
1849.393025	1.527098	369879	scene_recognition	n/a	n/a	n/a	71.0	n/a	n/a	n/a	1848.8511824999998	n/a	1.6613968711171765	2	3	3	HB_2_frameA.png	2	2	1852.5815202499998	1	169	n/a	n/a	intervals/recognition_table	168	1849.393025	1850.920123
1849.393025	0.000000	369879	ttl	1	71	n/a	n/a	n/a	n/a	n/a	n/a	n/a	n/a	n/a	n/a	n/a	n/a	n/a	n/a	n/a	n/a	n/a	n/a	n/a	n/a	n/a	1849.393025	n/a
1850.920123	0.000000	370184	ttl	2	71	n/a	n/a	n/a	n/a	n/a	n/a	n/a	n/a	n/a	n/a	n/a	n/a	n/a	n/a	n/a	n/a	n/a	n/a	n/a	n/a	n/a	1850.920123	n/a
1852.581520	0.000000	370516	ttl	4	71	n/a	n/a	n/a	n/a	n/a	n/a	n/a	n/a	n/a	n/a	n/a	n/a	n/a	n/a	n/a	n/a	n/a	n/a	n/a	n/a	n/a	1852.581520	n/a
1852.586867	0.000000	370517	ttl	11	71	n/a	n/a	n/a	n/a	n/a	n/a	n/a	n/a	n/a	n/a	n/a	n/a	n/a	n/a	n/a	n/a	n/a	n/a	n/a	n/a	n/a	1852.586867	n/a
1853.108847	1.547116	370622	scene_recognition	n/a	n/a	n/a	71.0	n/a	n/a	n/a	1852.586867	n/a	1.124255904011079	1	2	2	SB_3_frameA.png	1	6	1855.7802195	1	170	n/a	n/a	intervals/recognition_table	169	1853.108847	1854.655964
1853.108847	0.000000	370622	ttl	1	71	n/a	n/a	n/a	n/a	n/a	n/a	n/a	n/a	n/a	n/a	n/a	n/a	n/a	n/a	n/a	n/a	n/a	n/a	n/a	n/a	n/a	1853.108847	n/a
1854.655964	0.000000	370931	ttl	2	71	n/a	n/a	n/a	n/a	n/a	n/a	n/a	n/a	n/a	n/a	n/a	n/a	n/a	n/a	n/a	n/a	n/a	n/a	n/a	n/a	n/a	1854.655964	n/a
1855.780219	0.000000	371156	ttl	4	71	n/a	n/a	n/a	n/a	n/a	n/a	n/a	n/a	n/a	n/a	n/a	n/a	n/a	n/a	n/a	n/a	n/a	n/a	n/a	n/a	n/a	1855.780219	n/a
1855.796742	0.000000	371159	ttl	11	71	n/a	n/a	n/a	n/a	n/a	n/a	n/a	n/a	n/a	n/a	n/a	n/a	n/a	n/a	n/a	n/a	n/a	n/a	n/a	n/a	n/a	1855.796742	n/a
1856.338539	1.547861	371268	scene_recognition	n/a	n/a	n/a	71.0	n/a	n/a	n/a	1855.7967422499999	n/a	0.2194511784655333	2	3	2	HB_7_frameB_foil.png	1	6	1858.1058515	0	171	n/a	n/a	intervals/recognition_table	170	1856.338539	1857.886400
1856.338539	0.000000	371268	ttl	1	71	n/a	n/a	n/a	n/a	n/a	n/a	n/a	n/a	n/a	n/a	n/a	n/a	n/a	n/a	n/a	n/a	n/a	n/a	n/a	n/a	n/a	1856.338539	n/a
1857.886400	0.000000	371577	ttl	2	71	n/a	n/a	n/a	n/a	n/a	n/a	n/a	n/a	n/a	n/a	n/a	n/a	n/a	n/a	n/a	n/a	n/a	n/a	n/a	n/a	n/a	1857.886400	n/a
1858.105851	0.000000	371621	ttl	4	71	n/a	n/a	n/a	n/a	n/a	n/a	n/a	n/a	n/a	n/a	n/a	n/a	n/a	n/a	n/a	n/a	n/a	n/a	n/a	n/a	n/a	1858.105851	n/a
1858.125284	0.000000	371625	ttl	11	71	n/a	n/a	n/a	n/a	n/a	n/a	n/a	n/a	n/a	n/a	n/a	n/a	n/a	n/a	n/a	n/a	n/a	n/a	n/a	n/a	n/a	1858.125284	n/a
1858.667187	1.527106	371733	scene_recognition	n/a	n/a	n/a	71.0	n/a	n/a	n/a	1858.1252837499999	n/a	1.519147853301547	2	2	3	SB_1_frameA.png	2	2	1861.7134405	1	172	n/a	n/a	intervals/recognition_table	171	1858.667187	1860.194293
1858.667187	0.000000	371733	ttl	1	71	n/a	n/a	n/a	n/a	n/a	n/a	n/a	n/a	n/a	n/a	n/a	n/a	n/a	n/a	n/a	n/a	n/a	n/a	n/a	n/a	n/a	1858.667187	n/a
1860.194293	0.000000	372039	ttl	2	71	n/a	n/a	n/a	n/a	n/a	n/a	n/a	n/a	n/a	n/a	n/a	n/a	n/a	n/a	n/a	n/a	n/a	n/a	n/a	n/a	n/a	1860.194293	n/a
1861.713440	0.000000	372343	ttl	4	71	n/a	n/a	n/a	n/a	n/a	n/a	n/a	n/a	n/a	n/a	n/a	n/a	n/a	n/a	n/a	n/a	n/a	n/a	n/a	n/a	n/a	1861.713440	n/a
1861.733065	0.000000	372347	ttl	11	71	n/a	n/a	n/a	n/a	n/a	n/a	n/a	n/a	n/a	n/a	n/a	n/a	n/a	n/a	n/a	n/a	n/a	n/a	n/a	n/a	n/a	1861.733065	n/a
1862.315241	1.527148	372463	scene_recognition	n/a	n/a	n/a	71.0	n/a	n/a	n/a	1861.733065	n/a	0.4034248862481036	2	2	3	SB_1_frameB.png	2	2	1864.2458139999999	1	173	n/a	n/a	intervals/recognition_table	172	1862.315241	1863.842389
1862.315241	0.000000	372463	ttl	1	71	n/a	n/a	n/a	n/a	n/a	n/a	n/a	n/a	n/a	n/a	n/a	n/a	n/a	n/a	n/a	n/a	n/a	n/a	n/a	n/a	n/a	1862.315241	n/a
1863.842389	0.000000	372768	ttl	2	71	n/a	n/a	n/a	n/a	n/a	n/a	n/a	n/a	n/a	n/a	n/a	n/a	n/a	n/a	n/a	n/a	n/a	n/a	n/a	n/a	n/a	1863.842389	n/a
1864.245814	0.000000	372849	ttl	4	71	n/a	n/a	n/a	n/a	n/a	n/a	n/a	n/a	n/a	n/a	n/a	n/a	n/a	n/a	n/a	n/a	n/a	n/a	n/a	n/a	n/a	1864.245814	n/a
1864.264717	0.000000	372853	ttl	11	71	n/a	n/a	n/a	n/a	n/a	n/a	n/a	n/a	n/a	n/a	n/a	n/a	n/a	n/a	n/a	n/a	n/a	n/a	n/a	n/a	n/a	1864.264717	n/a
1864.786683	1.547203	372957	scene_recognition	n/a	n/a	n/a	71.0	n/a	n/a	n/a	1864.264717	n/a	1.8002940779369965	2	1	3	NB_26_frameA.png	2	2	1868.13418	1	174	n/a	n/a	intervals/recognition_table	173	1864.786683	1866.333886
1864.786683	0.000000	372957	ttl	1	71	n/a	n/a	n/a	n/a	n/a	n/a	n/a	n/a	n/a	n/a	n/a	n/a	n/a	n/a	n/a	n/a	n/a	n/a	n/a	n/a	n/a	1864.786683	n/a
1866.333886	0.000000	373267	ttl	2	71	n/a	n/a	n/a	n/a	n/a	n/a	n/a	n/a	n/a	n/a	n/a	n/a	n/a	n/a	n/a	n/a	n/a	n/a	n/a	n/a	n/a	1866.333886	n/a
1868.134180	0.000000	373627	ttl	4	71	n/a	n/a	n/a	n/a	n/a	n/a	n/a	n/a	n/a	n/a	n/a	n/a	n/a	n/a	n/a	n/a	n/a	n/a	n/a	n/a	n/a	1868.134180	n/a
1868.141713	0.000000	373628	ttl	11	71	n/a	n/a	n/a	n/a	n/a	n/a	n/a	n/a	n/a	n/a	n/a	n/a	n/a	n/a	n/a	n/a	n/a	n/a	n/a	n/a	n/a	1868.141713	n/a
1868.723703	1.527149	373745	scene_recognition	n/a	n/a	n/a	71.0	n/a	n/a	n/a	1868.1417132499998	n/a	0.5009386996243848	1	1	3	NB_23_frameA_foil.png	2	2	1870.7517907499998	0	175	n/a	n/a	intervals/recognition_table	174	1868.723703	1870.250852
1868.723703	0.000000	373745	ttl	1	71	n/a	n/a	n/a	n/a	n/a	n/a	n/a	n/a	n/a	n/a	n/a	n/a	n/a	n/a	n/a	n/a	n/a	n/a	n/a	n/a	n/a	1868.723703	n/a
1870.250852	0.000000	374050	ttl	2	71	n/a	n/a	n/a	n/a	n/a	n/a	n/a	n/a	n/a	n/a	n/a	n/a	n/a	n/a	n/a	n/a	n/a	n/a	n/a	n/a	n/a	1870.250852	n/a
1870.751791	0.000000	374150	ttl	4	71	n/a	n/a	n/a	n/a	n/a	n/a	n/a	n/a	n/a	n/a	n/a	n/a	n/a	n/a	n/a	n/a	n/a	n/a	n/a	n/a	n/a	1870.751791	n/a
1870.770645	0.000000	374154	ttl	11	71	n/a	n/a	n/a	n/a	n/a	n/a	n/a	n/a	n/a	n/a	n/a	n/a	n/a	n/a	n/a	n/a	n/a	n/a	n/a	n/a	n/a	1870.770645	n/a
1871.312324	1.527264	374262	scene_recognition	n/a	n/a	n/a	71.0	n/a	n/a	n/a	1870.7706449999998	n/a	1.500284423625999	1	3	2	HB_2_frameB_foil.png	2	3	1874.3398722499999	0	176	n/a	n/a	intervals/recognition_table	175	1871.312324	1872.839588
1871.312324	0.000000	374262	ttl	1	71	n/a	n/a	n/a	n/a	n/a	n/a	n/a	n/a	n/a	n/a	n/a	n/a	n/a	n/a	n/a	n/a	n/a	n/a	n/a	n/a	n/a	1871.312324	n/a
1872.839588	0.000000	374568	ttl	2	71	n/a	n/a	n/a	n/a	n/a	n/a	n/a	n/a	n/a	n/a	n/a	n/a	n/a	n/a	n/a	n/a	n/a	n/a	n/a	n/a	n/a	1872.839588	n/a
1874.339872	0.000000	374868	ttl	4	71	n/a	n/a	n/a	n/a	n/a	n/a	n/a	n/a	n/a	n/a	n/a	n/a	n/a	n/a	n/a	n/a	n/a	n/a	n/a	n/a	n/a	1874.339872	n/a
1874.353455	0.000000	374871	ttl	11	71	n/a	n/a	n/a	n/a	n/a	n/a	n/a	n/a	n/a	n/a	n/a	n/a	n/a	n/a	n/a	n/a	n/a	n/a	n/a	n/a	n/a	1874.353455	n/a
1874.892562	1.559543	374979	scene_recognition	n/a	n/a	n/a	71.0	n/a	n/a	n/a	1874.35345525	n/a	0.8950599513700581	1	2	2	SB_30_frameA.png	1	6	1877.347165	1	177	n/a	n/a	intervals/recognition_table	176	1874.892562	1876.452105
1874.892562	0.000000	374979	ttl	1	71	n/a	n/a	n/a	n/a	n/a	n/a	n/a	n/a	n/a	n/a	n/a	n/a	n/a	n/a	n/a	n/a	n/a	n/a	n/a	n/a	n/a	1874.892562	n/a
1876.452105	0.000000	375290	ttl	2	71	n/a	n/a	n/a	n/a	n/a	n/a	n/a	n/a	n/a	n/a	n/a	n/a	n/a	n/a	n/a	n/a	n/a	n/a	n/a	n/a	n/a	1876.452105	n/a
1877.347165	0.000000	375469	ttl	4	71	n/a	n/a	n/a	n/a	n/a	n/a	n/a	n/a	n/a	n/a	n/a	n/a	n/a	n/a	n/a	n/a	n/a	n/a	n/a	n/a	n/a	1877.347165	n/a
1877.414244	0.000000	375483	ttl	11	71	n/a	n/a	n/a	n/a	n/a	n/a	n/a	n/a	n/a	n/a	n/a	n/a	n/a	n/a	n/a	n/a	n/a	n/a	n/a	n/a	n/a	1877.414244	n/a
1877.933434	1.505720	375587	scene_recognition	n/a	n/a	n/a	71.0	n/a	n/a	n/a	1877.4142445	n/a	0.9114387139270548	2	2	2	SB_30_frameB_foil.png	1	6	1880.350593	0	178	n/a	n/a	intervals/recognition_table	177	1877.933434	1879.439154
1877.933434	0.000000	375587	ttl	1	71	n/a	n/a	n/a	n/a	n/a	n/a	n/a	n/a	n/a	n/a	n/a	n/a	n/a	n/a	n/a	n/a	n/a	n/a	n/a	n/a	n/a	1877.933434	n/a
1879.439154	0.000000	375888	ttl	2	71	n/a	n/a	n/a	n/a	n/a	n/a	n/a	n/a	n/a	n/a	n/a	n/a	n/a	n/a	n/a	n/a	n/a	n/a	n/a	n/a	n/a	1879.439154	n/a
1880.350593	0.000000	376070	ttl	4	71	n/a	n/a	n/a	n/a	n/a	n/a	n/a	n/a	n/a	n/a	n/a	n/a	n/a	n/a	n/a	n/a	n/a	n/a	n/a	n/a	n/a	1880.350593	n/a
1880.376951	0.000000	376075	ttl	11	71	n/a	n/a	n/a	n/a	n/a	n/a	n/a	n/a	n/a	n/a	n/a	n/a	n/a	n/a	n/a	n/a	n/a	n/a	n/a	n/a	n/a	1880.376951	n/a
1880.965641	1.576204	376193	scene_recognition	n/a	n/a	n/a	71.0	n/a	n/a	n/a	1880.376951	n/a	0.9619704681244912	2	3	3	HB_30_frameB.png	2	2	1883.5038157499998	1	179	n/a	n/a	intervals/recognition_table	178	1880.965641	1882.541845
1880.965641	0.000000	376193	ttl	1	71	n/a	n/a	n/a	n/a	n/a	n/a	n/a	n/a	n/a	n/a	n/a	n/a	n/a	n/a	n/a	n/a	n/a	n/a	n/a	n/a	n/a	1880.965641	n/a
1882.541845	0.000000	376508	ttl	2	71	n/a	n/a	n/a	n/a	n/a	n/a	n/a	n/a	n/a	n/a	n/a	n/a	n/a	n/a	n/a	n/a	n/a	n/a	n/a	n/a	n/a	1882.541845	n/a
1883.503816	0.000000	376701	ttl	4	71	n/a	n/a	n/a	n/a	n/a	n/a	n/a	n/a	n/a	n/a	n/a	n/a	n/a	n/a	n/a	n/a	n/a	n/a	n/a	n/a	n/a	1883.503816	n/a
1883.543454	0.000000	376709	ttl	11	71	n/a	n/a	n/a	n/a	n/a	n/a	n/a	n/a	n/a	n/a	n/a	n/a	n/a	n/a	n/a	n/a	n/a	n/a	n/a	n/a	n/a	1883.543454	n/a
1884.104953	1.534459	376821	scene_recognition	n/a	n/a	n/a	71.0	n/a	n/a	n/a	1883.54345425	n/a	0.07662278511998011	2	3	2	HB_30_frameA_foil.png	1	6	1885.716035	0	180	n/a	n/a	intervals/recognition_table	179	1884.104953	1885.639412
1884.104953	0.000000	376821	ttl	1	71	n/a	n/a	n/a	n/a	n/a	n/a	n/a	n/a	n/a	n/a	n/a	n/a	n/a	n/a	n/a	n/a	n/a	n/a	n/a	n/a	n/a	1884.104953	n/a
1885.639412	0.000000	377128	ttl	2	71	n/a	n/a	n/a	n/a	n/a	n/a	n/a	n/a	n/a	n/a	n/a	n/a	n/a	n/a	n/a	n/a	n/a	n/a	n/a	n/a	n/a	1885.639412	n/a
1885.716035	0.000000	377143	ttl	4	71	n/a	n/a	n/a	n/a	n/a	n/a	n/a	n/a	n/a	n/a	n/a	n/a	n/a	n/a	n/a	n/a	n/a	n/a	n/a	n/a	n/a	1885.716035	n/a
1885.773607	0.000000	377155	ttl	60	71	n/a	n/a	n/a	n/a	n/a	n/a	n/a	n/a	n/a	n/a	n/a	n/a	n/a	n/a	n/a	n/a	n/a	n/a	n/a	n/a	n/a	1885.773607	n/a
2141.867884	0.000000	428374	ttl	61	72	n/a	n/a	n/a	n/a	n/a	n/a	n/a	n/a	n/a	n/a	n/a	n/a	n/a	n/a	n/a	n/a	n/a	n/a	n/a	n/a	n/a	2141.867884	n/a
2141.921689	0.000000	428384	ttl	11	72	n/a	n/a	n/a	n/a	n/a	n/a	n/a	n/a	n/a	n/a	n/a	n/a	n/a	n/a	n/a	n/a	n/a	n/a	n/a	n/a	n/a	2141.921689	n/a
2142.503641	2.057356	428501	time_discrimination	n/a	n/a	n/a	72.0	n/a	n/a	n/a	2141.921689	n/a	0.12729154967382783	2.0	2	3.0	SB_54_LongA.png	n/a	2	2144.6882889999997	n/a	1	1	1	intervals/timediscrimination_table	0	2142.503641	2144.560997
2142.503641	0.000000	428501	ttl	1	72	n/a	n/a	n/a	n/a	n/a	n/a	n/a	n/a	n/a	n/a	n/a	n/a	n/a	n/a	n/a	n/a	n/a	n/a	n/a	n/a	n/a	2142.503641	n/a
2144.560997	0.000000	428912	ttl	2	72	n/a	n/a	n/a	n/a	n/a	n/a	n/a	n/a	n/a	n/a	n/a	n/a	n/a	n/a	n/a	n/a	n/a	n/a	n/a	n/a	n/a	2144.560997	n/a
2144.688289	0.000000	428938	ttl	4	72	n/a	n/a	n/a	n/a	n/a	n/a	n/a	n/a	n/a	n/a	n/a	n/a	n/a	n/a	n/a	n/a	n/a	n/a	n/a	n/a	n/a	2144.688289	n/a
2144.738020	0.000000	428948	ttl	11	72	n/a	n/a	n/a	n/a	n/a	n/a	n/a	n/a	n/a	n/a	n/a	n/a	n/a	n/a	n/a	n/a	n/a	n/a	n/a	n/a	n/a	2144.738020	n/a
2145.380173	2.031719	429076	time_discrimination	n/a	n/a	n/a	72.0	n/a	n/a	n/a	2144.7380205	n/a	1.172686965783214	2.0	2	3.0	SB_40_LongA.png	n/a	2	2148.584579	n/a	2	1	1	intervals/timediscrimination_table	1	2145.380173	2147.411892
2145.380173	0.000000	429076	ttl	1	72	n/a	n/a	n/a	n/a	n/a	n/a	n/a	n/a	n/a	n/a	n/a	n/a	n/a	n/a	n/a	n/a	n/a	n/a	n/a	n/a	n/a	2145.380173	n/a
2147.411892	0.000000	429482	ttl	2	72	n/a	n/a	n/a	n/a	n/a	n/a	n/a	n/a	n/a	n/a	n/a	n/a	n/a	n/a	n/a	n/a	n/a	n/a	n/a	n/a	n/a	2147.411892	n/a
2148.584579	0.000000	429717	ttl	4	72	n/a	n/a	n/a	n/a	n/a	n/a	n/a	n/a	n/a	n/a	n/a	n/a	n/a	n/a	n/a	n/a	n/a	n/a	n/a	n/a	n/a	2148.584579	n/a
2148.626210	0.000000	429725	ttl	11	72	n/a	n/a	n/a	n/a	n/a	n/a	n/a	n/a	n/a	n/a	n/a	n/a	n/a	n/a	n/a	n/a	n/a	n/a	n/a	n/a	n/a	2148.626210	n/a
2149.228384	2.031454	429846	time_discrimination	n/a	n/a	n/a	72.0	n/a	n/a	n/a	2148.62620975	n/a	1.5386773625978094	1.0	3	3.0	HB_38_ShortA.png	n/a	7	2152.7985155	n/a	3	2	1	intervals/timediscrimination_table	2	2149.228384	2151.259838
2149.228384	0.000000	429846	ttl	1	72	n/a	n/a	n/a	n/a	n/a	n/a	n/a	n/a	n/a	n/a	n/a	n/a	n/a	n/a	n/a	n/a	n/a	n/a	n/a	n/a	n/a	2149.228384	n/a
2151.259838	0.000000	430252	ttl	2	72	n/a	n/a	n/a	n/a	n/a	n/a	n/a	n/a	n/a	n/a	n/a	n/a	n/a	n/a	n/a	n/a	n/a	n/a	n/a	n/a	n/a	2151.259838	n/a
2152.798516	0.000000	430560	ttl	4	72	n/a	n/a	n/a	n/a	n/a	n/a	n/a	n/a	n/a	n/a	n/a	n/a	n/a	n/a	n/a	n/a	n/a	n/a	n/a	n/a	n/a	2152.798516	n/a
2152.810676	0.000000	430562	ttl	11	72	n/a	n/a	n/a	n/a	n/a	n/a	n/a	n/a	n/a	n/a	n/a	n/a	n/a	n/a	n/a	n/a	n/a	n/a	n/a	n/a	n/a	2152.810676	n/a
2153.412697	2.031462	430683	time_discrimination	n/a	n/a	n/a	72.0	n/a	n/a	n/a	2152.810676	n/a	0.0	1.0	2	0.0	SB_2_ShortA.png	n/a	1	2155.4451595	n/a	4	1	2	intervals/timediscrimination_table	3	2153.412697	2155.444159
2153.412697	0.000000	430683	ttl	1	72	n/a	n/a	n/a	n/a	n/a	n/a	n/a	n/a	n/a	n/a	n/a	n/a	n/a	n/a	n/a	n/a	n/a	n/a	n/a	n/a	n/a	2153.412697	n/a
2155.444159	0.000000	431089	ttl	2	72	n/a	n/a	n/a	n/a	n/a	n/a	n/a	n/a	n/a	n/a	n/a	n/a	n/a	n/a	n/a	n/a	n/a	n/a	n/a	n/a	n/a	2155.444159	n/a
2156.305988	0.000000	431261	ttl	11	72	n/a	n/a	n/a	n/a	n/a	n/a	n/a	n/a	n/a	n/a	n/a	n/a	n/a	n/a	n/a	n/a	n/a	n/a	n/a	n/a	n/a	2156.305988	n/a
2156.908046	2.030978	431382	time_discrimination	n/a	n/a	n/a	72.0	n/a	n/a	n/a	2156.3059882499997	n/a	0.0	2.0	3	0.0	HB_60_ShortA.png	n/a	1	2158.94002475	n/a	5	1	1	intervals/timediscrimination_table	4	2156.908046	2158.939025
2156.908046	0.000000	431382	ttl	1	72	n/a	n/a	n/a	n/a	n/a	n/a	n/a	n/a	n/a	n/a	n/a	n/a	n/a	n/a	n/a	n/a	n/a	n/a	n/a	n/a	n/a	2156.908046	n/a
2158.939025	0.000000	431788	ttl	2	72	n/a	n/a	n/a	n/a	n/a	n/a	n/a	n/a	n/a	n/a	n/a	n/a	n/a	n/a	n/a	n/a	n/a	n/a	n/a	n/a	n/a	2158.939025	n/a
2159.949255	0.000000	431990	ttl	11	72	n/a	n/a	n/a	n/a	n/a	n/a	n/a	n/a	n/a	n/a	n/a	n/a	n/a	n/a	n/a	n/a	n/a	n/a	n/a	n/a	n/a	2159.949255	n/a
2160.591407	2.031377	432118	time_discrimination	n/a	n/a	n/a	72.0	n/a	n/a	n/a	2159.9492554999997	n/a	1.1827405587573594	2.0	2	3.0	SB_18_LongA.png	n/a	2	2163.8055249999998	n/a	6	1	1	intervals/timediscrimination_table	5	2160.591407	2162.622784
2160.591407	0.000000	432118	ttl	1	72	n/a	n/a	n/a	n/a	n/a	n/a	n/a	n/a	n/a	n/a	n/a	n/a	n/a	n/a	n/a	n/a	n/a	n/a	n/a	n/a	n/a	2160.591407	n/a
2162.622784	0.000000	432525	ttl	2	72	n/a	n/a	n/a	n/a	n/a	n/a	n/a	n/a	n/a	n/a	n/a	n/a	n/a	n/a	n/a	n/a	n/a	n/a	n/a	n/a	n/a	2162.622784	n/a
2163.805525	0.000000	432761	ttl	4	72	n/a	n/a	n/a	n/a	n/a	n/a	n/a	n/a	n/a	n/a	n/a	n/a	n/a	n/a	n/a	n/a	n/a	n/a	n/a	n/a	n/a	2163.805525	n/a
2163.826913	0.000000	432765	ttl	11	72	n/a	n/a	n/a	n/a	n/a	n/a	n/a	n/a	n/a	n/a	n/a	n/a	n/a	n/a	n/a	n/a	n/a	n/a	n/a	n/a	n/a	2163.826913	n/a
2164.408838	2.031420	432882	time_discrimination	n/a	n/a	n/a	72.0	n/a	n/a	n/a	2163.82691325	n/a	0.5533577486821741	2.0	3	3.0	HB_2_LongA.png	n/a	7	2166.99361575	n/a	7	2	2	intervals/timediscrimination_table	6	2164.408838	2166.440258
2164.408838	0.000000	432882	ttl	1	72	n/a	n/a	n/a	n/a	n/a	n/a	n/a	n/a	n/a	n/a	n/a	n/a	n/a	n/a	n/a	n/a	n/a	n/a	n/a	n/a	n/a	2164.408838	n/a
2166.440258	0.000000	433288	ttl	2	72	n/a	n/a	n/a	n/a	n/a	n/a	n/a	n/a	n/a	n/a	n/a	n/a	n/a	n/a	n/a	n/a	n/a	n/a	n/a	n/a	n/a	2166.440258	n/a
2166.993616	0.000000	433399	ttl	4	72	n/a	n/a	n/a	n/a	n/a	n/a	n/a	n/a	n/a	n/a	n/a	n/a	n/a	n/a	n/a	n/a	n/a	n/a	n/a	n/a	n/a	2166.993616	n/a
2167.026972	0.000000	433405	ttl	11	72	n/a	n/a	n/a	n/a	n/a	n/a	n/a	n/a	n/a	n/a	n/a	n/a	n/a	n/a	n/a	n/a	n/a	n/a	n/a	n/a	n/a	2167.026972	n/a
2167.609193	2.031347	433522	time_discrimination	n/a	n/a	n/a	72.0	n/a	n/a	n/a	2167.02697175	n/a	4.081686921053915	1.0	3	3.0	HB_56_LongA.png	n/a	7	2173.7222265	n/a	8	2	1	intervals/timediscrimination_table	7	2167.609193	2169.640540
2167.609193	0.000000	433522	ttl	1	72	n/a	n/a	n/a	n/a	n/a	n/a	n/a	n/a	n/a	n/a	n/a	n/a	n/a	n/a	n/a	n/a	n/a	n/a	n/a	n/a	n/a	2167.609193	n/a
2169.640540	0.000000	433928	ttl	2	72	n/a	n/a	n/a	n/a	n/a	n/a	n/a	n/a	n/a	n/a	n/a	n/a	n/a	n/a	n/a	n/a	n/a	n/a	n/a	n/a	n/a	2169.640540	n/a
2173.722227	0.000000	434744	ttl	4	72	n/a	n/a	n/a	n/a	n/a	n/a	n/a	n/a	n/a	n/a	n/a	n/a	n/a	n/a	n/a	n/a	n/a	n/a	n/a	n/a	n/a	2173.722227	n/a
2173.744076	0.000000	434749	ttl	11	72	n/a	n/a	n/a	n/a	n/a	n/a	n/a	n/a	n/a	n/a	n/a	n/a	n/a	n/a	n/a	n/a	n/a	n/a	n/a	n/a	n/a	2173.744076	n/a
2174.386238	2.031337	434877	time_discrimination	n/a	n/a	n/a	72.0	n/a	n/a	n/a	2173.74407575	n/a	0.9918880134719075	1.0	3	3.0	HB_14_ShortA.png	n/a	2	2177.40946325	n/a	9	1	2	intervals/timediscrimination_table	8	2174.386238	2176.417575
2174.386238	0.000000	434877	ttl	1	72	n/a	n/a	n/a	n/a	n/a	n/a	n/a	n/a	n/a	n/a	n/a	n/a	n/a	n/a	n/a	n/a	n/a	n/a	n/a	n/a	n/a	2174.386238	n/a
2176.417575	0.000000	435284	ttl	2	72	n/a	n/a	n/a	n/a	n/a	n/a	n/a	n/a	n/a	n/a	n/a	n/a	n/a	n/a	n/a	n/a	n/a	n/a	n/a	n/a	n/a	2176.417575	n/a
2177.409463	0.000000	435482	ttl	4	72	n/a	n/a	n/a	n/a	n/a	n/a	n/a	n/a	n/a	n/a	n/a	n/a	n/a	n/a	n/a	n/a	n/a	n/a	n/a	n/a	n/a	2177.409463	n/a
2177.418512	0.000000	435484	ttl	11	72	n/a	n/a	n/a	n/a	n/a	n/a	n/a	n/a	n/a	n/a	n/a	n/a	n/a	n/a	n/a	n/a	n/a	n/a	n/a	n/a	n/a	2177.418512	n/a
2178.060684	2.031388	435612	time_discrimination	n/a	n/a	n/a	72.0	n/a	n/a	n/a	2177.41851225	n/a	2.9503762350905163	2.0	2	3.0	SB_47_LongA.png	n/a	2	2183.04244875	n/a	10	1	1	intervals/timediscrimination_table	9	2178.060684	2180.092073
2178.060684	0.000000	435612	ttl	1	72	n/a	n/a	n/a	n/a	n/a	n/a	n/a	n/a	n/a	n/a	n/a	n/a	n/a	n/a	n/a	n/a	n/a	n/a	n/a	n/a	n/a	2178.060684	n/a
2180.092073	0.000000	436018	ttl	2	72	n/a	n/a	n/a	n/a	n/a	n/a	n/a	n/a	n/a	n/a	n/a	n/a	n/a	n/a	n/a	n/a	n/a	n/a	n/a	n/a	n/a	2180.092073	n/a
2183.042449	0.000000	436608	ttl	4	72	n/a	n/a	n/a	n/a	n/a	n/a	n/a	n/a	n/a	n/a	n/a	n/a	n/a	n/a	n/a	n/a	n/a	n/a	n/a	n/a	n/a	2183.042449	n/a
2183.051511	0.000000	436610	ttl	11	72	n/a	n/a	n/a	n/a	n/a	n/a	n/a	n/a	n/a	n/a	n/a	n/a	n/a	n/a	n/a	n/a	n/a	n/a	n/a	n/a	n/a	2183.051511	n/a
2183.633308	2.030933	436727	time_discrimination	n/a	n/a	n/a	72.0	n/a	n/a	n/a	2183.051511	n/a	1.4661024716479005	2.0	1	3.0	NB_30_ShortA.png	n/a	7	2187.1303435	n/a	11	2	2	intervals/timediscrimination_table	10	2183.633308	2185.664241
2183.633308	0.000000	436727	ttl	1	72	n/a	n/a	n/a	n/a	n/a	n/a	n/a	n/a	n/a	n/a	n/a	n/a	n/a	n/a	n/a	n/a	n/a	n/a	n/a	n/a	n/a	2183.633308	n/a
2185.664241	0.000000	437133	ttl	2	72	n/a	n/a	n/a	n/a	n/a	n/a	n/a	n/a	n/a	n/a	n/a	n/a	n/a	n/a	n/a	n/a	n/a	n/a	n/a	n/a	n/a	2185.664241	n/a
2187.130343	0.000000	437426	ttl	4	72	n/a	n/a	n/a	n/a	n/a	n/a	n/a	n/a	n/a	n/a	n/a	n/a	n/a	n/a	n/a	n/a	n/a	n/a	n/a	n/a	n/a	2187.130343	n/a
2187.149227	0.000000	437430	ttl	11	72	n/a	n/a	n/a	n/a	n/a	n/a	n/a	n/a	n/a	n/a	n/a	n/a	n/a	n/a	n/a	n/a	n/a	n/a	n/a	n/a	n/a	2187.149227	n/a
2187.791399	2.031384	437558	time_discrimination	n/a	n/a	n/a	72.0	n/a	n/a	n/a	2187.149227	n/a	3.9790252581442473	2.0	3	3.0	HB_21_ShortA.png	n/a	7	2193.8018085	n/a	12	2	2	intervals/timediscrimination_table	11	2187.791399	2189.822783
2187.791399	0.000000	437558	ttl	1	72	n/a	n/a	n/a	n/a	n/a	n/a	n/a	n/a	n/a	n/a	n/a	n/a	n/a	n/a	n/a	n/a	n/a	n/a	n/a	n/a	n/a	2187.791399	n/a
2189.822783	0.000000	437965	ttl	2	72	n/a	n/a	n/a	n/a	n/a	n/a	n/a	n/a	n/a	n/a	n/a	n/a	n/a	n/a	n/a	n/a	n/a	n/a	n/a	n/a	n/a	2189.822783	n/a
2193.801808	0.000000	438760	ttl	4	72	n/a	n/a	n/a	n/a	n/a	n/a	n/a	n/a	n/a	n/a	n/a	n/a	n/a	n/a	n/a	n/a	n/a	n/a	n/a	n/a	n/a	2193.801808	n/a
2193.808761	0.000000	438762	ttl	11	72	n/a	n/a	n/a	n/a	n/a	n/a	n/a	n/a	n/a	n/a	n/a	n/a	n/a	n/a	n/a	n/a	n/a	n/a	n/a	n/a	n/a	2193.808761	n/a
2194.430851	2.030749	438886	time_discrimination	n/a	n/a	n/a	72.0	n/a	n/a	n/a	2193.8087605	n/a	1.1991391072515398	2.0	3	3.0	HB_22_ShortA.png	n/a	2	2197.66073875	n/a	13	1	1	intervals/timediscrimination_table	12	2194.430851	2196.461599
2194.430851	0.000000	438886	ttl	1	72	n/a	n/a	n/a	n/a	n/a	n/a	n/a	n/a	n/a	n/a	n/a	n/a	n/a	n/a	n/a	n/a	n/a	n/a	n/a	n/a	n/a	2194.430851	n/a
2196.461599	0.000000	439292	ttl	2	72	n/a	n/a	n/a	n/a	n/a	n/a	n/a	n/a	n/a	n/a	n/a	n/a	n/a	n/a	n/a	n/a	n/a	n/a	n/a	n/a	n/a	2196.461599	n/a
2197.660739	0.000000	439532	ttl	4	72	n/a	n/a	n/a	n/a	n/a	n/a	n/a	n/a	n/a	n/a	n/a	n/a	n/a	n/a	n/a	n/a	n/a	n/a	n/a	n/a	n/a	2197.660739	n/a
2197.678101	0.000000	439536	ttl	11	72	n/a	n/a	n/a	n/a	n/a	n/a	n/a	n/a	n/a	n/a	n/a	n/a	n/a	n/a	n/a	n/a	n/a	n/a	n/a	n/a	n/a	2197.678101	n/a
2198.340112	2.030956	439668	time_discrimination	n/a	n/a	n/a	72.0	n/a	n/a	n/a	2197.678101	n/a	1.3058665471398854	1.0	3	3.0	HB_55_LongA.png	n/a	7	2201.6769345	n/a	14	2	1	intervals/timediscrimination_table	13	2198.340112	2200.371068
2198.340112	0.000000	439668	ttl	1	72	n/a	n/a	n/a	n/a	n/a	n/a	n/a	n/a	n/a	n/a	n/a	n/a	n/a	n/a	n/a	n/a	n/a	n/a	n/a	n/a	n/a	2198.340112	n/a
2200.371068	0.000000	440074	ttl	2	72	n/a	n/a	n/a	n/a	n/a	n/a	n/a	n/a	n/a	n/a	n/a	n/a	n/a	n/a	n/a	n/a	n/a	n/a	n/a	n/a	n/a	2200.371068	n/a
2201.676934	0.000000	440335	ttl	4	72	n/a	n/a	n/a	n/a	n/a	n/a	n/a	n/a	n/a	n/a	n/a	n/a	n/a	n/a	n/a	n/a	n/a	n/a	n/a	n/a	n/a	2201.676934	n/a
2201.695716	0.000000	440339	ttl	11	72	n/a	n/a	n/a	n/a	n/a	n/a	n/a	n/a	n/a	n/a	n/a	n/a	n/a	n/a	n/a	n/a	n/a	n/a	n/a	n/a	n/a	2201.695716	n/a
2202.257617	2.031311	440452	time_discrimination	n/a	n/a	n/a	72.0	n/a	n/a	n/a	2201.69571575	n/a	1.1160226543361205	1.0	3	3.0	HB_19_LongA.png	n/a	2	2205.4049495	n/a	15	1	2	intervals/timediscrimination_table	14	2202.257617	2204.288927
2202.257617	0.000000	440452	ttl	1	72	n/a	n/a	n/a	n/a	n/a	n/a	n/a	n/a	n/a	n/a	n/a	n/a	n/a	n/a	n/a	n/a	n/a	n/a	n/a	n/a	n/a	2202.257617	n/a
2204.288927	0.000000	440858	ttl	2	72	n/a	n/a	n/a	n/a	n/a	n/a	n/a	n/a	n/a	n/a	n/a	n/a	n/a	n/a	n/a	n/a	n/a	n/a	n/a	n/a	n/a	2204.288927	n/a
2205.404949	0.000000	441081	ttl	4	72	n/a	n/a	n/a	n/a	n/a	n/a	n/a	n/a	n/a	n/a	n/a	n/a	n/a	n/a	n/a	n/a	n/a	n/a	n/a	n/a	n/a	2205.404949	n/a
2205.428980	0.000000	441086	ttl	11	72	n/a	n/a	n/a	n/a	n/a	n/a	n/a	n/a	n/a	n/a	n/a	n/a	n/a	n/a	n/a	n/a	n/a	n/a	n/a	n/a	n/a	2205.428980	n/a
2206.051067	2.030805	441210	time_discrimination	n/a	n/a	n/a	72.0	n/a	n/a	n/a	2205.4289799999997	n/a	2.549572274525417	2.0	2	3.0	SB_38_LongA.png	n/a	7	2210.6314442499997	n/a	16	2	2	intervals/timediscrimination_table	15	2206.051067	2208.081872
2206.051067	0.000000	441210	ttl	1	72	n/a	n/a	n/a	n/a	n/a	n/a	n/a	n/a	n/a	n/a	n/a	n/a	n/a	n/a	n/a	n/a	n/a	n/a	n/a	n/a	n/a	2206.051067	n/a
2208.081872	0.000000	441616	ttl	2	72	n/a	n/a	n/a	n/a	n/a	n/a	n/a	n/a	n/a	n/a	n/a	n/a	n/a	n/a	n/a	n/a	n/a	n/a	n/a	n/a	n/a	2208.081872	n/a
2210.631444	0.000000	442126	ttl	4	72	n/a	n/a	n/a	n/a	n/a	n/a	n/a	n/a	n/a	n/a	n/a	n/a	n/a	n/a	n/a	n/a	n/a	n/a	n/a	n/a	n/a	2210.631444	n/a
2210.637573	0.000000	442128	ttl	11	72	n/a	n/a	n/a	n/a	n/a	n/a	n/a	n/a	n/a	n/a	n/a	n/a	n/a	n/a	n/a	n/a	n/a	n/a	n/a	n/a	n/a	2210.637573	n/a
2211.279715	2.031237	442256	time_discrimination	n/a	n/a	n/a	72.0	n/a	n/a	n/a	2210.6375734999997	n/a	0.0	2.0	3	0.0	HB_54_LongA.png	n/a	1	2213.31195275	n/a	17	1	1	intervals/timediscrimination_table	16	2211.279715	2213.310953
2211.279715	0.000000	442256	ttl	1	72	n/a	n/a	n/a	n/a	n/a	n/a	n/a	n/a	n/a	n/a	n/a	n/a	n/a	n/a	n/a	n/a	n/a	n/a	n/a	n/a	n/a	2211.279715	n/a
2213.310953	0.000000	442662	ttl	2	72	n/a	n/a	n/a	n/a	n/a	n/a	n/a	n/a	n/a	n/a	n/a	n/a	n/a	n/a	n/a	n/a	n/a	n/a	n/a	n/a	n/a	2213.310953	n/a
2213.598758	0.000000	442720	ttl	11	72	n/a	n/a	n/a	n/a	n/a	n/a	n/a	n/a	n/a	n/a	n/a	n/a	n/a	n/a	n/a	n/a	n/a	n/a	n/a	n/a	n/a	2213.598758	n/a
2214.200795	2.030824	442840	time_discrimination	n/a	n/a	n/a	72.0	n/a	n/a	n/a	2213.5987582499997	n/a	2.741667905211216	1.0	3	3.0	HB_18_ShortA.png	n/a	7	2218.9732865	n/a	18	2	1	intervals/timediscrimination_table	17	2214.200795	2216.231618
2214.200795	0.000000	442840	ttl	1	72	n/a	n/a	n/a	n/a	n/a	n/a	n/a	n/a	n/a	n/a	n/a	n/a	n/a	n/a	n/a	n/a	n/a	n/a	n/a	n/a	n/a	2214.200795	n/a
2216.231618	0.000000	443246	ttl	2	72	n/a	n/a	n/a	n/a	n/a	n/a	n/a	n/a	n/a	n/a	n/a	n/a	n/a	n/a	n/a	n/a	n/a	n/a	n/a	n/a	n/a	2216.231618	n/a
2218.973287	0.000000	443795	ttl	4	72	n/a	n/a	n/a	n/a	n/a	n/a	n/a	n/a	n/a	n/a	n/a	n/a	n/a	n/a	n/a	n/a	n/a	n/a	n/a	n/a	n/a	2218.973287	n/a
2218.996348	0.000000	443799	ttl	11	72	n/a	n/a	n/a	n/a	n/a	n/a	n/a	n/a	n/a	n/a	n/a	n/a	n/a	n/a	n/a	n/a	n/a	n/a	n/a	n/a	n/a	2218.996348	n/a
2219.598593	2.031367	443920	time_discrimination	n/a	n/a	n/a	72.0	n/a	n/a	n/a	2218.996348	n/a	1.1576326414215146	2.0	3	3.0	HB_11_ShortA.png	n/a	7	2222.78759275	n/a	19	2	2	intervals/timediscrimination_table	18	2219.598593	2221.629960
2219.598593	0.000000	443920	ttl	1	72	n/a	n/a	n/a	n/a	n/a	n/a	n/a	n/a	n/a	n/a	n/a	n/a	n/a	n/a	n/a	n/a	n/a	n/a	n/a	n/a	n/a	2219.598593	n/a
2221.629960	0.000000	444326	ttl	2	72	n/a	n/a	n/a	n/a	n/a	n/a	n/a	n/a	n/a	n/a	n/a	n/a	n/a	n/a	n/a	n/a	n/a	n/a	n/a	n/a	n/a	2221.629960	n/a
2222.787593	0.000000	444558	ttl	4	72	n/a	n/a	n/a	n/a	n/a	n/a	n/a	n/a	n/a	n/a	n/a	n/a	n/a	n/a	n/a	n/a	n/a	n/a	n/a	n/a	n/a	2222.787593	n/a
2222.808915	0.000000	444562	ttl	11	72	n/a	n/a	n/a	n/a	n/a	n/a	n/a	n/a	n/a	n/a	n/a	n/a	n/a	n/a	n/a	n/a	n/a	n/a	n/a	n/a	n/a	2222.808915	n/a
2223.450945	2.031458	444690	time_discrimination	n/a	n/a	n/a	72.0	n/a	n/a	n/a	2222.808915	n/a	2.255661100742145	1.0	3	3.0	HB_46_ShortA.png	n/a	7	2227.73806375	n/a	20	2	1	intervals/timediscrimination_table	19	2223.450945	2225.482402
2223.450945	0.000000	444690	ttl	1	72	n/a	n/a	n/a	n/a	n/a	n/a	n/a	n/a	n/a	n/a	n/a	n/a	n/a	n/a	n/a	n/a	n/a	n/a	n/a	n/a	n/a	2223.450945	n/a
2225.482402	0.000000	445096	ttl	2	72	n/a	n/a	n/a	n/a	n/a	n/a	n/a	n/a	n/a	n/a	n/a	n/a	n/a	n/a	n/a	n/a	n/a	n/a	n/a	n/a	n/a	2225.482402	n/a
2227.738064	0.000000	445548	ttl	4	72	n/a	n/a	n/a	n/a	n/a	n/a	n/a	n/a	n/a	n/a	n/a	n/a	n/a	n/a	n/a	n/a	n/a	n/a	n/a	n/a	n/a	2227.738064	n/a
2227.755297	0.000000	445551	ttl	11	72	n/a	n/a	n/a	n/a	n/a	n/a	n/a	n/a	n/a	n/a	n/a	n/a	n/a	n/a	n/a	n/a	n/a	n/a	n/a	n/a	n/a	2227.755297	n/a
2228.377241	2.031518	445675	time_discrimination	n/a	n/a	n/a	72.0	n/a	n/a	n/a	2227.7552975	n/a	3.3246056857205986	2.0	2	3.0	SB_50_ShortA.png	n/a	2	2233.7333639999997	n/a	21	1	1	intervals/timediscrimination_table	20	2228.377241	2230.408758
2228.377241	0.000000	445675	ttl	1	72	n/a	n/a	n/a	n/a	n/a	n/a	n/a	n/a	n/a	n/a	n/a	n/a	n/a	n/a	n/a	n/a	n/a	n/a	n/a	n/a	n/a	2228.377241	n/a
2230.408758	0.000000	446082	ttl	2	72	n/a	n/a	n/a	n/a	n/a	n/a	n/a	n/a	n/a	n/a	n/a	n/a	n/a	n/a	n/a	n/a	n/a	n/a	n/a	n/a	n/a	2230.408758	n/a
2233.733364	0.000000	446747	ttl	4	72	n/a	n/a	n/a	n/a	n/a	n/a	n/a	n/a	n/a	n/a	n/a	n/a	n/a	n/a	n/a	n/a	n/a	n/a	n/a	n/a	n/a	2233.733364	n/a
2233.740233	0.000000	446748	ttl	11	72	n/a	n/a	n/a	n/a	n/a	n/a	n/a	n/a	n/a	n/a	n/a	n/a	n/a	n/a	n/a	n/a	n/a	n/a	n/a	n/a	n/a	2233.740233	n/a
2234.362359	2.031274	446872	time_discrimination	n/a	n/a	n/a	72.0	n/a	n/a	n/a	2233.74023325	n/a	2.0445597594007268	2.0	1	3.0	NB_24_LongA.png	n/a	7	2238.43819325	n/a	22	2	2	intervals/timediscrimination_table	21	2234.362359	2236.393633
2234.362359	0.000000	446872	ttl	1	72	n/a	n/a	n/a	n/a	n/a	n/a	n/a	n/a	n/a	n/a	n/a	n/a	n/a	n/a	n/a	n/a	n/a	n/a	n/a	n/a	n/a	2234.362359	n/a
2236.393633	0.000000	447279	ttl	2	72	n/a	n/a	n/a	n/a	n/a	n/a	n/a	n/a	n/a	n/a	n/a	n/a	n/a	n/a	n/a	n/a	n/a	n/a	n/a	n/a	n/a	2236.393633	n/a
2238.438193	0.000000	447688	ttl	4	72	n/a	n/a	n/a	n/a	n/a	n/a	n/a	n/a	n/a	n/a	n/a	n/a	n/a	n/a	n/a	n/a	n/a	n/a	n/a	n/a	n/a	2238.438193	n/a
2238.446843	0.000000	447689	ttl	11	72	n/a	n/a	n/a	n/a	n/a	n/a	n/a	n/a	n/a	n/a	n/a	n/a	n/a	n/a	n/a	n/a	n/a	n/a	n/a	n/a	n/a	2238.446843	n/a
2239.089140	2.031210	447818	time_discrimination	n/a	n/a	n/a	72.0	n/a	n/a	n/a	2238.4468425	n/a	3.135305493407941	1.0	3	3.0	HB_20_ShortA.png	n/a	7	2244.2556555	n/a	23	2	1	intervals/timediscrimination_table	22	2239.089140	2241.120350
2239.089140	0.000000	447818	ttl	1	72	n/a	n/a	n/a	n/a	n/a	n/a	n/a	n/a	n/a	n/a	n/a	n/a	n/a	n/a	n/a	n/a	n/a	n/a	n/a	n/a	n/a	2239.089140	n/a
2241.120350	0.000000	448224	ttl	2	72	n/a	n/a	n/a	n/a	n/a	n/a	n/a	n/a	n/a	n/a	n/a	n/a	n/a	n/a	n/a	n/a	n/a	n/a	n/a	n/a	n/a	2241.120350	n/a
2244.255656	0.000000	448851	ttl	4	72	n/a	n/a	n/a	n/a	n/a	n/a	n/a	n/a	n/a	n/a	n/a	n/a	n/a	n/a	n/a	n/a	n/a	n/a	n/a	n/a	n/a	2244.255656	n/a
2244.277163	0.000000	448855	ttl	11	72	n/a	n/a	n/a	n/a	n/a	n/a	n/a	n/a	n/a	n/a	n/a	n/a	n/a	n/a	n/a	n/a	n/a	n/a	n/a	n/a	n/a	2244.277163	n/a
2244.919336	2.031419	448984	time_discrimination	n/a	n/a	n/a	72.0	n/a	n/a	n/a	2244.2771625	n/a	0.9403433270963433	2.0	2	3.0	SB_44_LongA.png	n/a	7	2247.8910982499997	n/a	24	2	2	intervals/timediscrimination_table	23	2244.919336	2246.950755
2244.919336	0.000000	448984	ttl	1	72	n/a	n/a	n/a	n/a	n/a	n/a	n/a	n/a	n/a	n/a	n/a	n/a	n/a	n/a	n/a	n/a	n/a	n/a	n/a	n/a	n/a	2244.919336	n/a
2246.950755	0.000000	449390	ttl	2	72	n/a	n/a	n/a	n/a	n/a	n/a	n/a	n/a	n/a	n/a	n/a	n/a	n/a	n/a	n/a	n/a	n/a	n/a	n/a	n/a	n/a	2246.950755	n/a
2247.891098	0.000000	449578	ttl	4	72	n/a	n/a	n/a	n/a	n/a	n/a	n/a	n/a	n/a	n/a	n/a	n/a	n/a	n/a	n/a	n/a	n/a	n/a	n/a	n/a	n/a	2247.891098	n/a
2247.915651	0.000000	449583	ttl	11	72	n/a	n/a	n/a	n/a	n/a	n/a	n/a	n/a	n/a	n/a	n/a	n/a	n/a	n/a	n/a	n/a	n/a	n/a	n/a	n/a	n/a	2247.915651	n/a
2248.477538	2.030769	449696	time_discrimination	n/a	n/a	n/a	72.0	n/a	n/a	n/a	2247.9156505	n/a	0.4399173252932087	2.0	2	3.0	SB_57_LongA.png	n/a	7	2250.9482252499997	n/a	25	2	2	intervals/timediscrimination_table	24	2248.477538	2250.508308
2248.477538	0.000000	449696	ttl	1	72	n/a	n/a	n/a	n/a	n/a	n/a	n/a	n/a	n/a	n/a	n/a	n/a	n/a	n/a	n/a	n/a	n/a	n/a	n/a	n/a	n/a	2248.477538	n/a
2250.508308	0.000000	450102	ttl	2	72	n/a	n/a	n/a	n/a	n/a	n/a	n/a	n/a	n/a	n/a	n/a	n/a	n/a	n/a	n/a	n/a	n/a	n/a	n/a	n/a	n/a	2250.508308	n/a
2250.948225	0.000000	450190	ttl	4	72	n/a	n/a	n/a	n/a	n/a	n/a	n/a	n/a	n/a	n/a	n/a	n/a	n/a	n/a	n/a	n/a	n/a	n/a	n/a	n/a	n/a	2250.948225	n/a
2250.968478	0.000000	450194	ttl	11	72	n/a	n/a	n/a	n/a	n/a	n/a	n/a	n/a	n/a	n/a	n/a	n/a	n/a	n/a	n/a	n/a	n/a	n/a	n/a	n/a	n/a	2250.968478	n/a
2251.550461	2.031368	450310	time_discrimination	n/a	n/a	n/a	72.0	n/a	n/a	n/a	2250.9684785	n/a	0.18517552109187818	2.0	1	3.0	NB_16_LongA.png	n/a	2	2253.767004	n/a	26	1	1	intervals/timediscrimination_table	25	2251.550461	2253.581829
2251.550461	0.000000	450310	ttl	1	72	n/a	n/a	n/a	n/a	n/a	n/a	n/a	n/a	n/a	n/a	n/a	n/a	n/a	n/a	n/a	n/a	n/a	n/a	n/a	n/a	n/a	2251.550461	n/a
2253.581829	0.000000	450716	ttl	2	72	n/a	n/a	n/a	n/a	n/a	n/a	n/a	n/a	n/a	n/a	n/a	n/a	n/a	n/a	n/a	n/a	n/a	n/a	n/a	n/a	n/a	2253.581829	n/a
2253.767004	0.000000	450753	ttl	4	72	n/a	n/a	n/a	n/a	n/a	n/a	n/a	n/a	n/a	n/a	n/a	n/a	n/a	n/a	n/a	n/a	n/a	n/a	n/a	n/a	n/a	2253.767004	n/a
2253.784412	0.000000	450757	ttl	11	72	n/a	n/a	n/a	n/a	n/a	n/a	n/a	n/a	n/a	n/a	n/a	n/a	n/a	n/a	n/a	n/a	n/a	n/a	n/a	n/a	n/a	2253.784412	n/a
2254.366444	2.031400	450873	time_discrimination	n/a	n/a	n/a	72.0	n/a	n/a	n/a	2253.784412	n/a	1.3051730687438976	2.0	1	3.0	NB_28_ShortA.png	n/a	7	2257.70301775	n/a	27	2	2	intervals/timediscrimination_table	26	2254.366444	2256.397845
2254.366444	0.000000	450873	ttl	1	72	n/a	n/a	n/a	n/a	n/a	n/a	n/a	n/a	n/a	n/a	n/a	n/a	n/a	n/a	n/a	n/a	n/a	n/a	n/a	n/a	n/a	2254.366444	n/a
2256.397845	0.000000	451280	ttl	2	72	n/a	n/a	n/a	n/a	n/a	n/a	n/a	n/a	n/a	n/a	n/a	n/a	n/a	n/a	n/a	n/a	n/a	n/a	n/a	n/a	n/a	2256.397845	n/a
2257.703018	0.000000	451541	ttl	4	72	n/a	n/a	n/a	n/a	n/a	n/a	n/a	n/a	n/a	n/a	n/a	n/a	n/a	n/a	n/a	n/a	n/a	n/a	n/a	n/a	n/a	2257.703018	n/a
2257.716438	0.000000	451543	ttl	11	72	n/a	n/a	n/a	n/a	n/a	n/a	n/a	n/a	n/a	n/a	n/a	n/a	n/a	n/a	n/a	n/a	n/a	n/a	n/a	n/a	n/a	2257.716438	n/a
2258.318436	2.031303	451664	time_discrimination	n/a	n/a	n/a	72.0	n/a	n/a	n/a	2257.71643825	n/a	2.650749727010407	2.0	2	2.0	SB_34_ShortA.png	n/a	6	2263.00048925	n/a	28	2	2	intervals/timediscrimination_table	27	2258.318436	2260.349739
2258.318436	0.000000	451664	ttl	1	72	n/a	n/a	n/a	n/a	n/a	n/a	n/a	n/a	n/a	n/a	n/a	n/a	n/a	n/a	n/a	n/a	n/a	n/a	n/a	n/a	n/a	2258.318436	n/a
2260.349739	0.000000	452070	ttl	2	72	n/a	n/a	n/a	n/a	n/a	n/a	n/a	n/a	n/a	n/a	n/a	n/a	n/a	n/a	n/a	n/a	n/a	n/a	n/a	n/a	n/a	2260.349739	n/a
2263.000489	0.000000	452600	ttl	4	72	n/a	n/a	n/a	n/a	n/a	n/a	n/a	n/a	n/a	n/a	n/a	n/a	n/a	n/a	n/a	n/a	n/a	n/a	n/a	n/a	n/a	2263.000489	n/a
2263.019581	0.000000	452604	ttl	11	72	n/a	n/a	n/a	n/a	n/a	n/a	n/a	n/a	n/a	n/a	n/a	n/a	n/a	n/a	n/a	n/a	n/a	n/a	n/a	n/a	n/a	2263.019581	n/a
2263.601575	2.031333	452720	time_discrimination	n/a	n/a	n/a	72.0	n/a	n/a	n/a	2263.01958125	n/a	1.8326481330077513	2.0	2	2.0	SB_3_LongA.png	n/a	3	2267.4655555	n/a	29	1	1	intervals/timediscrimination_table	28	2263.601575	2265.632907
2263.601575	0.000000	452720	ttl	1	72	n/a	n/a	n/a	n/a	n/a	n/a	n/a	n/a	n/a	n/a	n/a	n/a	n/a	n/a	n/a	n/a	n/a	n/a	n/a	n/a	n/a	2263.601575	n/a
2265.632907	0.000000	453127	ttl	2	72	n/a	n/a	n/a	n/a	n/a	n/a	n/a	n/a	n/a	n/a	n/a	n/a	n/a	n/a	n/a	n/a	n/a	n/a	n/a	n/a	n/a	2265.632907	n/a
2267.465555	0.000000	453493	ttl	4	72	n/a	n/a	n/a	n/a	n/a	n/a	n/a	n/a	n/a	n/a	n/a	n/a	n/a	n/a	n/a	n/a	n/a	n/a	n/a	n/a	n/a	2267.465555	n/a
2267.478653	0.000000	453496	ttl	11	72	n/a	n/a	n/a	n/a	n/a	n/a	n/a	n/a	n/a	n/a	n/a	n/a	n/a	n/a	n/a	n/a	n/a	n/a	n/a	n/a	n/a	2267.478653	n/a
2268.120817	2.031346	453624	time_discrimination	n/a	n/a	n/a	72.0	n/a	n/a	n/a	2267.4786535	n/a	1.7147428938624216	2.0	1	2.0	NB_23_LongA.png	n/a	3	2271.8669059999997	n/a	30	1	1	intervals/timediscrimination_table	29	2268.120817	2270.152163
2268.120817	0.000000	453624	ttl	1	72	n/a	n/a	n/a	n/a	n/a	n/a	n/a	n/a	n/a	n/a	n/a	n/a	n/a	n/a	n/a	n/a	n/a	n/a	n/a	n/a	n/a	2268.120817	n/a
2270.152163	0.000000	454030	ttl	2	72	n/a	n/a	n/a	n/a	n/a	n/a	n/a	n/a	n/a	n/a	n/a	n/a	n/a	n/a	n/a	n/a	n/a	n/a	n/a	n/a	n/a	2270.152163	n/a
2271.866906	0.000000	454373	ttl	4	72	n/a	n/a	n/a	n/a	n/a	n/a	n/a	n/a	n/a	n/a	n/a	n/a	n/a	n/a	n/a	n/a	n/a	n/a	n/a	n/a	n/a	2271.866906	n/a
2271.881160	0.000000	454376	ttl	11	72	n/a	n/a	n/a	n/a	n/a	n/a	n/a	n/a	n/a	n/a	n/a	n/a	n/a	n/a	n/a	n/a	n/a	n/a	n/a	n/a	n/a	2271.881160	n/a
2272.523327	2.030705	454505	time_discrimination	n/a	n/a	n/a	72.0	n/a	n/a	n/a	2271.88116	n/a	4.243706502031273	2.0	1	3.0	NB_6_ShortA.png	n/a	7	2278.79773825	n/a	31	2	2	intervals/timediscrimination_table	30	2272.523327	2274.554032
2272.523327	0.000000	454505	ttl	1	72	n/a	n/a	n/a	n/a	n/a	n/a	n/a	n/a	n/a	n/a	n/a	n/a	n/a	n/a	n/a	n/a	n/a	n/a	n/a	n/a	n/a	2272.523327	n/a
2274.554032	0.000000	454911	ttl	2	72	n/a	n/a	n/a	n/a	n/a	n/a	n/a	n/a	n/a	n/a	n/a	n/a	n/a	n/a	n/a	n/a	n/a	n/a	n/a	n/a	n/a	2274.554032	n/a
2278.797738	0.000000	455760	ttl	4	72	n/a	n/a	n/a	n/a	n/a	n/a	n/a	n/a	n/a	n/a	n/a	n/a	n/a	n/a	n/a	n/a	n/a	n/a	n/a	n/a	n/a	2278.797738	n/a
2278.806575	0.000000	455761	ttl	11	72	n/a	n/a	n/a	n/a	n/a	n/a	n/a	n/a	n/a	n/a	n/a	n/a	n/a	n/a	n/a	n/a	n/a	n/a	n/a	n/a	n/a	2278.806575	n/a
2279.408585	2.031387	455882	time_discrimination	n/a	n/a	n/a	72.0	n/a	n/a	n/a	2278.8065752499997	n/a	2.3553968533415173	2.0	1	3.0	NB_2_ShortA.png	n/a	2	2283.795369	n/a	32	1	1	intervals/timediscrimination_table	31	2279.408585	2281.439972
2279.408585	0.000000	455882	ttl	1	72	n/a	n/a	n/a	n/a	n/a	n/a	n/a	n/a	n/a	n/a	n/a	n/a	n/a	n/a	n/a	n/a	n/a	n/a	n/a	n/a	n/a	2279.408585	n/a
2281.439972	0.000000	456288	ttl	2	72	n/a	n/a	n/a	n/a	n/a	n/a	n/a	n/a	n/a	n/a	n/a	n/a	n/a	n/a	n/a	n/a	n/a	n/a	n/a	n/a	n/a	2281.439972	n/a
2283.795369	0.000000	456759	ttl	4	72	n/a	n/a	n/a	n/a	n/a	n/a	n/a	n/a	n/a	n/a	n/a	n/a	n/a	n/a	n/a	n/a	n/a	n/a	n/a	n/a	n/a	2283.795369	n/a
2283.801243	0.000000	456760	ttl	11	72	n/a	n/a	n/a	n/a	n/a	n/a	n/a	n/a	n/a	n/a	n/a	n/a	n/a	n/a	n/a	n/a	n/a	n/a	n/a	n/a	n/a	2283.801243	n/a
2284.363341	2.031381	456873	time_discrimination	n/a	n/a	n/a	72.0	n/a	n/a	n/a	2283.80124325	n/a	2.192839532795915	1.0	3	3.0	HB_50_LongA.png	n/a	2	2288.5875607499997	n/a	33	1	2	intervals/timediscrimination_table	32	2284.363341	2286.394721
2284.363341	0.000000	456873	ttl	1	72	n/a	n/a	n/a	n/a	n/a	n/a	n/a	n/a	n/a	n/a	n/a	n/a	n/a	n/a	n/a	n/a	n/a	n/a	n/a	n/a	n/a	2284.363341	n/a
2286.394721	0.000000	457279	ttl	2	72	n/a	n/a	n/a	n/a	n/a	n/a	n/a	n/a	n/a	n/a	n/a	n/a	n/a	n/a	n/a	n/a	n/a	n/a	n/a	n/a	n/a	2286.394721	n/a
2288.587561	0.000000	457718	ttl	4	72	n/a	n/a	n/a	n/a	n/a	n/a	n/a	n/a	n/a	n/a	n/a	n/a	n/a	n/a	n/a	n/a	n/a	n/a	n/a	n/a	n/a	2288.587561	n/a
2288.605325	0.000000	457721	ttl	11	72	n/a	n/a	n/a	n/a	n/a	n/a	n/a	n/a	n/a	n/a	n/a	n/a	n/a	n/a	n/a	n/a	n/a	n/a	n/a	n/a	n/a	2288.605325	n/a
2289.207359	2.030767	457841	time_discrimination	n/a	n/a	n/a	72.0	n/a	n/a	n/a	2288.60532475	n/a	1.5363634440873284	2.0	2	3.0	SB_9_LongA.png	n/a	7	2292.77449025	n/a	34	2	2	intervals/timediscrimination_table	33	2289.207359	2291.238127
2289.207359	0.000000	457841	ttl	1	72	n/a	n/a	n/a	n/a	n/a	n/a	n/a	n/a	n/a	n/a	n/a	n/a	n/a	n/a	n/a	n/a	n/a	n/a	n/a	n/a	n/a	2289.207359	n/a
2291.238127	0.000000	458248	ttl	2	72	n/a	n/a	n/a	n/a	n/a	n/a	n/a	n/a	n/a	n/a	n/a	n/a	n/a	n/a	n/a	n/a	n/a	n/a	n/a	n/a	n/a	2291.238127	n/a
2292.774490	0.000000	458555	ttl	4	72	n/a	n/a	n/a	n/a	n/a	n/a	n/a	n/a	n/a	n/a	n/a	n/a	n/a	n/a	n/a	n/a	n/a	n/a	n/a	n/a	n/a	2292.774490	n/a
2292.782281	0.000000	458556	ttl	11	72	n/a	n/a	n/a	n/a	n/a	n/a	n/a	n/a	n/a	n/a	n/a	n/a	n/a	n/a	n/a	n/a	n/a	n/a	n/a	n/a	n/a	2292.782281	n/a
2293.384283	2.031398	458677	time_discrimination	n/a	n/a	n/a	72.0	n/a	n/a	n/a	2292.7822815	n/a	0.08061592303783982	2.0	2	3.0	SB_33_LongA.png	n/a	2	2295.49629675	n/a	35	1	1	intervals/timediscrimination_table	34	2293.384283	2295.415681
2293.384283	0.000000	458677	ttl	1	72	n/a	n/a	n/a	n/a	n/a	n/a	n/a	n/a	n/a	n/a	n/a	n/a	n/a	n/a	n/a	n/a	n/a	n/a	n/a	n/a	n/a	2293.384283	n/a
2295.415681	0.000000	459083	ttl	2	72	n/a	n/a	n/a	n/a	n/a	n/a	n/a	n/a	n/a	n/a	n/a	n/a	n/a	n/a	n/a	n/a	n/a	n/a	n/a	n/a	n/a	2295.415681	n/a
2295.496297	0.000000	459099	ttl	4	72	n/a	n/a	n/a	n/a	n/a	n/a	n/a	n/a	n/a	n/a	n/a	n/a	n/a	n/a	n/a	n/a	n/a	n/a	n/a	n/a	n/a	2295.496297	n/a
2295.502271	0.000000	459100	ttl	11	72	n/a	n/a	n/a	n/a	n/a	n/a	n/a	n/a	n/a	n/a	n/a	n/a	n/a	n/a	n/a	n/a	n/a	n/a	n/a	n/a	n/a	2295.502271	n/a
2296.104295	2.030683	459221	time_discrimination	n/a	n/a	n/a	72.0	n/a	n/a	n/a	2295.5022707499998	n/a	1.627611325482576	1.0	3	2.0	HB_45_LongA.png	n/a	6	2299.7625897499997	n/a	36	2	1	intervals/timediscrimination_table	35	2296.104295	2298.134978
2296.104295	0.000000	459221	ttl	1	72	n/a	n/a	n/a	n/a	n/a	n/a	n/a	n/a	n/a	n/a	n/a	n/a	n/a	n/a	n/a	n/a	n/a	n/a	n/a	n/a	n/a	2296.104295	n/a
2298.134978	0.000000	459627	ttl	2	72	n/a	n/a	n/a	n/a	n/a	n/a	n/a	n/a	n/a	n/a	n/a	n/a	n/a	n/a	n/a	n/a	n/a	n/a	n/a	n/a	n/a	2298.134978	n/a
2299.762590	0.000000	459953	ttl	4	72	n/a	n/a	n/a	n/a	n/a	n/a	n/a	n/a	n/a	n/a	n/a	n/a	n/a	n/a	n/a	n/a	n/a	n/a	n/a	n/a	n/a	2299.762590	n/a
2299.773879	0.000000	459955	ttl	11	72	n/a	n/a	n/a	n/a	n/a	n/a	n/a	n/a	n/a	n/a	n/a	n/a	n/a	n/a	n/a	n/a	n/a	n/a	n/a	n/a	n/a	2299.773879	n/a
2300.376173	2.031552	460075	time_discrimination	n/a	n/a	n/a	72.0	n/a	n/a	n/a	2299.7738787499998	n/a	0.7086784920393256	2.0	1	3.0	NB_24_ShortA.png	n/a	7	2303.11640325	n/a	37	2	2	intervals/timediscrimination_table	36	2300.376173	2302.407725
2300.376173	0.000000	460075	ttl	1	72	n/a	n/a	n/a	n/a	n/a	n/a	n/a	n/a	n/a	n/a	n/a	n/a	n/a	n/a	n/a	n/a	n/a	n/a	n/a	n/a	n/a	2300.376173	n/a
2302.407725	0.000000	460482	ttl	2	72	n/a	n/a	n/a	n/a	n/a	n/a	n/a	n/a	n/a	n/a	n/a	n/a	n/a	n/a	n/a	n/a	n/a	n/a	n/a	n/a	n/a	2302.407725	n/a
2303.116403	0.000000	460623	ttl	4	72	n/a	n/a	n/a	n/a	n/a	n/a	n/a	n/a	n/a	n/a	n/a	n/a	n/a	n/a	n/a	n/a	n/a	n/a	n/a	n/a	n/a	2303.116403	n/a
2303.129077	0.000000	460626	ttl	11	72	n/a	n/a	n/a	n/a	n/a	n/a	n/a	n/a	n/a	n/a	n/a	n/a	n/a	n/a	n/a	n/a	n/a	n/a	n/a	n/a	n/a	2303.129077	n/a
2303.690838	2.031015	460738	time_discrimination	n/a	n/a	n/a	72.0	n/a	n/a	n/a	2303.1290772499997	n/a	1.4330861603230005	2.0	2	2.0	SB_20_LongA.png	n/a	6	2307.15493925	n/a	38	2	2	intervals/timediscrimination_table	37	2303.690838	2305.721853
2303.690838	0.000000	460738	ttl	1	72	n/a	n/a	n/a	n/a	n/a	n/a	n/a	n/a	n/a	n/a	n/a	n/a	n/a	n/a	n/a	n/a	n/a	n/a	n/a	n/a	n/a	2303.690838	n/a
2305.721853	0.000000	461144	ttl	2	72	n/a	n/a	n/a	n/a	n/a	n/a	n/a	n/a	n/a	n/a	n/a	n/a	n/a	n/a	n/a	n/a	n/a	n/a	n/a	n/a	n/a	2305.721853	n/a
2307.154939	0.000000	461431	ttl	4	72	n/a	n/a	n/a	n/a	n/a	n/a	n/a	n/a	n/a	n/a	n/a	n/a	n/a	n/a	n/a	n/a	n/a	n/a	n/a	n/a	n/a	2307.154939	n/a
2307.176435	0.000000	461435	ttl	11	72	n/a	n/a	n/a	n/a	n/a	n/a	n/a	n/a	n/a	n/a	n/a	n/a	n/a	n/a	n/a	n/a	n/a	n/a	n/a	n/a	n/a	2307.176435	n/a
2307.798542	2.031339	461560	time_discrimination	n/a	n/a	n/a	72.0	n/a	n/a	n/a	2307.1764347499998	n/a	1.2067457930643286	2.0	1	2.0	NB_9_ShortA.png	n/a	3	2311.0366275	n/a	39	1	1	intervals/timediscrimination_table	38	2307.798542	2309.829882
2307.798542	0.000000	461560	ttl	1	72	n/a	n/a	n/a	n/a	n/a	n/a	n/a	n/a	n/a	n/a	n/a	n/a	n/a	n/a	n/a	n/a	n/a	n/a	n/a	n/a	n/a	2307.798542	n/a
2309.829882	0.000000	461966	ttl	2	72	n/a	n/a	n/a	n/a	n/a	n/a	n/a	n/a	n/a	n/a	n/a	n/a	n/a	n/a	n/a	n/a	n/a	n/a	n/a	n/a	n/a	2309.829882	n/a
2311.036628	0.000000	462207	ttl	4	72	n/a	n/a	n/a	n/a	n/a	n/a	n/a	n/a	n/a	n/a	n/a	n/a	n/a	n/a	n/a	n/a	n/a	n/a	n/a	n/a	n/a	2311.036628	n/a
2311.047554	0.000000	462210	ttl	11	72	n/a	n/a	n/a	n/a	n/a	n/a	n/a	n/a	n/a	n/a	n/a	n/a	n/a	n/a	n/a	n/a	n/a	n/a	n/a	n/a	n/a	2311.047554	n/a
2311.689935	2.031218	462338	time_discrimination	n/a	n/a	n/a	72.0	n/a	n/a	n/a	2311.0475539999998	n/a	0.47869397665635915	2.0	2	2.0	SB_37_LongA.png	n/a	3	2314.19984675	n/a	40	1	1	intervals/timediscrimination_table	39	2311.689935	2313.721153
2311.689935	0.000000	462338	ttl	1	72	n/a	n/a	n/a	n/a	n/a	n/a	n/a	n/a	n/a	n/a	n/a	n/a	n/a	n/a	n/a	n/a	n/a	n/a	n/a	n/a	n/a	2311.689935	n/a
2313.721153	0.000000	462744	ttl	2	72	n/a	n/a	n/a	n/a	n/a	n/a	n/a	n/a	n/a	n/a	n/a	n/a	n/a	n/a	n/a	n/a	n/a	n/a	n/a	n/a	n/a	2313.721153	n/a
2314.199847	0.000000	462840	ttl	4	72	n/a	n/a	n/a	n/a	n/a	n/a	n/a	n/a	n/a	n/a	n/a	n/a	n/a	n/a	n/a	n/a	n/a	n/a	n/a	n/a	n/a	2314.199847	n/a
2314.214356	0.000000	462843	ttl	11	72	n/a	n/a	n/a	n/a	n/a	n/a	n/a	n/a	n/a	n/a	n/a	n/a	n/a	n/a	n/a	n/a	n/a	n/a	n/a	n/a	n/a	2314.214356	n/a
2314.776246	2.031341	462955	time_discrimination	n/a	n/a	n/a	72.0	n/a	n/a	n/a	2314.21435575	n/a	0.22043941384617938	2.0	1	2.0	NB_1_LongA.png	n/a	6	2317.028026	n/a	41	2	2	intervals/timediscrimination_table	40	2314.776246	2316.807587
2314.776246	0.000000	462955	ttl	1	72	n/a	n/a	n/a	n/a	n/a	n/a	n/a	n/a	n/a	n/a	n/a	n/a	n/a	n/a	n/a	n/a	n/a	n/a	n/a	n/a	n/a	2314.776246	n/a
2316.807587	0.000000	463362	ttl	2	72	n/a	n/a	n/a	n/a	n/a	n/a	n/a	n/a	n/a	n/a	n/a	n/a	n/a	n/a	n/a	n/a	n/a	n/a	n/a	n/a	n/a	2316.807587	n/a
2317.028026	0.000000	463406	ttl	4	72	n/a	n/a	n/a	n/a	n/a	n/a	n/a	n/a	n/a	n/a	n/a	n/a	n/a	n/a	n/a	n/a	n/a	n/a	n/a	n/a	n/a	2317.028026	n/a
2317.050015	0.000000	463410	ttl	11	72	n/a	n/a	n/a	n/a	n/a	n/a	n/a	n/a	n/a	n/a	n/a	n/a	n/a	n/a	n/a	n/a	n/a	n/a	n/a	n/a	n/a	2317.050015	n/a
2317.672130	2.031350	463534	time_discrimination	n/a	n/a	n/a	72.0	n/a	n/a	n/a	2317.050015	n/a	2.8643138418301533	2.0	1	2.0	NB_22_ShortA.png	n/a	3	2322.5677944999998	n/a	42	1	1	intervals/timediscrimination_table	41	2317.672130	2319.703480
2317.672130	0.000000	463534	ttl	1	72	n/a	n/a	n/a	n/a	n/a	n/a	n/a	n/a	n/a	n/a	n/a	n/a	n/a	n/a	n/a	n/a	n/a	n/a	n/a	n/a	n/a	2317.672130	n/a
2319.703480	0.000000	463941	ttl	2	72	n/a	n/a	n/a	n/a	n/a	n/a	n/a	n/a	n/a	n/a	n/a	n/a	n/a	n/a	n/a	n/a	n/a	n/a	n/a	n/a	n/a	2319.703480	n/a
2322.567794	0.000000	464514	ttl	4	72	n/a	n/a	n/a	n/a	n/a	n/a	n/a	n/a	n/a	n/a	n/a	n/a	n/a	n/a	n/a	n/a	n/a	n/a	n/a	n/a	n/a	2322.567794	n/a
2322.590840	0.000000	464518	ttl	11	72	n/a	n/a	n/a	n/a	n/a	n/a	n/a	n/a	n/a	n/a	n/a	n/a	n/a	n/a	n/a	n/a	n/a	n/a	n/a	n/a	n/a	2322.590840	n/a
2323.192835	2.031399	464639	time_discrimination	n/a	n/a	n/a	72.0	n/a	n/a	n/a	2322.59084025	n/a	1.0899820391423418	2.0	1	2.0	NB_3_ShortA.png	n/a	3	2326.3142165	n/a	43	1	1	intervals/timediscrimination_table	42	2323.192835	2325.224234
2323.192835	0.000000	464639	ttl	1	72	n/a	n/a	n/a	n/a	n/a	n/a	n/a	n/a	n/a	n/a	n/a	n/a	n/a	n/a	n/a	n/a	n/a	n/a	n/a	n/a	n/a	2323.192835	n/a
2325.224234	0.000000	465045	ttl	2	72	n/a	n/a	n/a	n/a	n/a	n/a	n/a	n/a	n/a	n/a	n/a	n/a	n/a	n/a	n/a	n/a	n/a	n/a	n/a	n/a	n/a	2325.224234	n/a
2326.314216	0.000000	465263	ttl	4	72	n/a	n/a	n/a	n/a	n/a	n/a	n/a	n/a	n/a	n/a	n/a	n/a	n/a	n/a	n/a	n/a	n/a	n/a	n/a	n/a	n/a	2326.314216	n/a
2326.337820	0.000000	465268	ttl	11	72	n/a	n/a	n/a	n/a	n/a	n/a	n/a	n/a	n/a	n/a	n/a	n/a	n/a	n/a	n/a	n/a	n/a	n/a	n/a	n/a	n/a	2326.337820	n/a
2326.920151	2.031267	465384	time_discrimination	n/a	n/a	n/a	72.0	n/a	n/a	n/a	2326.33781975	n/a	1.1637671960197622	2.0	2	2.0	SB_32_ShortA.png	n/a	6	2330.1151852499997	n/a	44	2	2	intervals/timediscrimination_table	43	2326.920151	2328.951418
2326.920151	0.000000	465384	ttl	1	72	n/a	n/a	n/a	n/a	n/a	n/a	n/a	n/a	n/a	n/a	n/a	n/a	n/a	n/a	n/a	n/a	n/a	n/a	n/a	n/a	n/a	2326.920151	n/a
2328.951418	0.000000	465790	ttl	2	72	n/a	n/a	n/a	n/a	n/a	n/a	n/a	n/a	n/a	n/a	n/a	n/a	n/a	n/a	n/a	n/a	n/a	n/a	n/a	n/a	n/a	2328.951418	n/a
2330.115185	0.000000	466023	ttl	4	72	n/a	n/a	n/a	n/a	n/a	n/a	n/a	n/a	n/a	n/a	n/a	n/a	n/a	n/a	n/a	n/a	n/a	n/a	n/a	n/a	n/a	2330.115185	n/a
2330.135166	0.000000	466027	ttl	11	72	n/a	n/a	n/a	n/a	n/a	n/a	n/a	n/a	n/a	n/a	n/a	n/a	n/a	n/a	n/a	n/a	n/a	n/a	n/a	n/a	n/a	2330.135166	n/a
2330.717133	2.030742	466143	time_discrimination	n/a	n/a	n/a	72.0	n/a	n/a	n/a	2330.13516575	n/a	0.6064062057739648	2.0	2	2.0	SB_60_ShortA.png	n/a	6	2333.3542817499997	n/a	45	2	2	intervals/timediscrimination_table	44	2330.717133	2332.747875
2330.717133	0.000000	466143	ttl	1	72	n/a	n/a	n/a	n/a	n/a	n/a	n/a	n/a	n/a	n/a	n/a	n/a	n/a	n/a	n/a	n/a	n/a	n/a	n/a	n/a	n/a	2330.717133	n/a
2332.747875	0.000000	466550	ttl	2	72	n/a	n/a	n/a	n/a	n/a	n/a	n/a	n/a	n/a	n/a	n/a	n/a	n/a	n/a	n/a	n/a	n/a	n/a	n/a	n/a	n/a	2332.747875	n/a
2333.354282	0.000000	466671	ttl	4	72	n/a	n/a	n/a	n/a	n/a	n/a	n/a	n/a	n/a	n/a	n/a	n/a	n/a	n/a	n/a	n/a	n/a	n/a	n/a	n/a	n/a	2333.354282	n/a
2333.371218	0.000000	466674	ttl	11	72	n/a	n/a	n/a	n/a	n/a	n/a	n/a	n/a	n/a	n/a	n/a	n/a	n/a	n/a	n/a	n/a	n/a	n/a	n/a	n/a	n/a	2333.371218	n/a
2333.933123	2.031363	466787	time_discrimination	n/a	n/a	n/a	72.0	n/a	n/a	n/a	2333.3712185	n/a	3.1619411963292805	2.0	1	2.0	NB_25_LongA.png	n/a	3	2339.12642825	n/a	46	1	1	intervals/timediscrimination_table	45	2333.933123	2335.964487
2333.933123	0.000000	466787	ttl	1	72	n/a	n/a	n/a	n/a	n/a	n/a	n/a	n/a	n/a	n/a	n/a	n/a	n/a	n/a	n/a	n/a	n/a	n/a	n/a	n/a	n/a	2333.933123	n/a
2335.964487	0.000000	467193	ttl	2	72	n/a	n/a	n/a	n/a	n/a	n/a	n/a	n/a	n/a	n/a	n/a	n/a	n/a	n/a	n/a	n/a	n/a	n/a	n/a	n/a	n/a	2335.964487	n/a
2339.126428	0.000000	467825	ttl	4	72	n/a	n/a	n/a	n/a	n/a	n/a	n/a	n/a	n/a	n/a	n/a	n/a	n/a	n/a	n/a	n/a	n/a	n/a	n/a	n/a	n/a	2339.126428	n/a
2339.134263	0.000000	467827	ttl	11	72	n/a	n/a	n/a	n/a	n/a	n/a	n/a	n/a	n/a	n/a	n/a	n/a	n/a	n/a	n/a	n/a	n/a	n/a	n/a	n/a	n/a	2339.134263	n/a
2339.696158	2.031294	467939	time_discrimination	n/a	n/a	n/a	72.0	n/a	n/a	n/a	2339.13426325	n/a	1.211019810216385	2.0	1	2.0	NB_11_ShortA.png	n/a	3	2342.938472	n/a	47	1	1	intervals/timediscrimination_table	46	2339.696158	2341.727452
2339.696158	0.000000	467939	ttl	1	72	n/a	n/a	n/a	n/a	n/a	n/a	n/a	n/a	n/a	n/a	n/a	n/a	n/a	n/a	n/a	n/a	n/a	n/a	n/a	n/a	n/a	2339.696158	n/a
2341.727452	0.000000	468345	ttl	2	72	n/a	n/a	n/a	n/a	n/a	n/a	n/a	n/a	n/a	n/a	n/a	n/a	n/a	n/a	n/a	n/a	n/a	n/a	n/a	n/a	n/a	2341.727452	n/a
2342.938472	0.000000	468588	ttl	4	72	n/a	n/a	n/a	n/a	n/a	n/a	n/a	n/a	n/a	n/a	n/a	n/a	n/a	n/a	n/a	n/a	n/a	n/a	n/a	n/a	n/a	2342.938472	n/a
2342.960139	0.000000	468592	ttl	11	72	n/a	n/a	n/a	n/a	n/a	n/a	n/a	n/a	n/a	n/a	n/a	n/a	n/a	n/a	n/a	n/a	n/a	n/a	n/a	n/a	n/a	2342.960139	n/a
2343.542092	2.031307	468708	time_discrimination	n/a	n/a	n/a	72.0	n/a	n/a	n/a	2342.9601387499997	n/a	3.651637913510058	2.0	3	2.0	HB_48_ShortA.png	n/a	3	2349.2250369999997	n/a	48	1	1	intervals/timediscrimination_table	47	2343.542092	2345.573399
2343.542092	0.000000	468708	ttl	1	72	n/a	n/a	n/a	n/a	n/a	n/a	n/a	n/a	n/a	n/a	n/a	n/a	n/a	n/a	n/a	n/a	n/a	n/a	n/a	n/a	n/a	2343.542092	n/a
2345.573399	0.000000	469115	ttl	2	72	n/a	n/a	n/a	n/a	n/a	n/a	n/a	n/a	n/a	n/a	n/a	n/a	n/a	n/a	n/a	n/a	n/a	n/a	n/a	n/a	n/a	2345.573399	n/a
2349.225037	0.000000	469845	ttl	4	72	n/a	n/a	n/a	n/a	n/a	n/a	n/a	n/a	n/a	n/a	n/a	n/a	n/a	n/a	n/a	n/a	n/a	n/a	n/a	n/a	n/a	2349.225037	n/a
2349.243938	0.000000	469849	ttl	11	72	n/a	n/a	n/a	n/a	n/a	n/a	n/a	n/a	n/a	n/a	n/a	n/a	n/a	n/a	n/a	n/a	n/a	n/a	n/a	n/a	n/a	2349.243938	n/a
2349.845954	2.031393	469969	time_discrimination	n/a	n/a	n/a	72.0	n/a	n/a	n/a	2349.243938	n/a	1.432859593827743	2.0	1	2.0	NB_7_ShortA.png	n/a	6	2353.31020725	n/a	49	2	2	intervals/timediscrimination_table	48	2349.845954	2351.877347
2349.845954	0.000000	469969	ttl	1	72	n/a	n/a	n/a	n/a	n/a	n/a	n/a	n/a	n/a	n/a	n/a	n/a	n/a	n/a	n/a	n/a	n/a	n/a	n/a	n/a	n/a	2349.845954	n/a
2351.877347	0.000000	470375	ttl	2	72	n/a	n/a	n/a	n/a	n/a	n/a	n/a	n/a	n/a	n/a	n/a	n/a	n/a	n/a	n/a	n/a	n/a	n/a	n/a	n/a	n/a	2351.877347	n/a
2353.310207	0.000000	470662	ttl	4	72	n/a	n/a	n/a	n/a	n/a	n/a	n/a	n/a	n/a	n/a	n/a	n/a	n/a	n/a	n/a	n/a	n/a	n/a	n/a	n/a	n/a	2353.310207	n/a
2353.318207	0.000000	470664	ttl	11	72	n/a	n/a	n/a	n/a	n/a	n/a	n/a	n/a	n/a	n/a	n/a	n/a	n/a	n/a	n/a	n/a	n/a	n/a	n/a	n/a	n/a	2353.318207	n/a
2353.880105	2.031121	470776	time_discrimination	n/a	n/a	n/a	72.0	n/a	n/a	n/a	2353.31820725	n/a	0.8241935130936326	2.0	2	2.0	SB_10_ShortA.png	n/a	3	2356.73542	n/a	50	1	1	intervals/timediscrimination_table	49	2353.880105	2355.911226
2353.880105	0.000000	470776	ttl	1	72	n/a	n/a	n/a	n/a	n/a	n/a	n/a	n/a	n/a	n/a	n/a	n/a	n/a	n/a	n/a	n/a	n/a	n/a	n/a	n/a	n/a	2353.880105	n/a
2355.911226	0.000000	471182	ttl	2	72	n/a	n/a	n/a	n/a	n/a	n/a	n/a	n/a	n/a	n/a	n/a	n/a	n/a	n/a	n/a	n/a	n/a	n/a	n/a	n/a	n/a	2355.911226	n/a
2356.735420	0.000000	471347	ttl	4	72	n/a	n/a	n/a	n/a	n/a	n/a	n/a	n/a	n/a	n/a	n/a	n/a	n/a	n/a	n/a	n/a	n/a	n/a	n/a	n/a	n/a	2356.735420	n/a
2356.756430	0.000000	471351	ttl	11	72	n/a	n/a	n/a	n/a	n/a	n/a	n/a	n/a	n/a	n/a	n/a	n/a	n/a	n/a	n/a	n/a	n/a	n/a	n/a	n/a	n/a	2356.756430	n/a
2357.338231	2.031546	471468	time_discrimination	n/a	n/a	n/a	72.0	n/a	n/a	n/a	2356.75643025	n/a	0.25828895682207076	2.0	1	2.0	NB_13_LongA.png	n/a	3	2359.62806625	n/a	51	1	1	intervals/timediscrimination_table	50	2357.338231	2359.369777
2357.338231	0.000000	471468	ttl	1	72	n/a	n/a	n/a	n/a	n/a	n/a	n/a	n/a	n/a	n/a	n/a	n/a	n/a	n/a	n/a	n/a	n/a	n/a	n/a	n/a	n/a	2357.338231	n/a
2359.369777	0.000000	471874	ttl	2	72	n/a	n/a	n/a	n/a	n/a	n/a	n/a	n/a	n/a	n/a	n/a	n/a	n/a	n/a	n/a	n/a	n/a	n/a	n/a	n/a	n/a	2359.369777	n/a
2359.628066	0.000000	471926	ttl	4	72	n/a	n/a	n/a	n/a	n/a	n/a	n/a	n/a	n/a	n/a	n/a	n/a	n/a	n/a	n/a	n/a	n/a	n/a	n/a	n/a	n/a	2359.628066	n/a
2359.651854	0.000000	471930	ttl	11	72	n/a	n/a	n/a	n/a	n/a	n/a	n/a	n/a	n/a	n/a	n/a	n/a	n/a	n/a	n/a	n/a	n/a	n/a	n/a	n/a	n/a	2359.651854	n/a
2360.213702	2.030762	472043	time_discrimination	n/a	n/a	n/a	72.0	n/a	n/a	n/a	2359.6518545	n/a	2.990736003896018	2.0	2	2.0	SB_28_ShortA.png	n/a	3	2365.2352002499997	n/a	52	1	1	intervals/timediscrimination_table	51	2360.213702	2362.244464
2360.213702	0.000000	472043	ttl	1	72	n/a	n/a	n/a	n/a	n/a	n/a	n/a	n/a	n/a	n/a	n/a	n/a	n/a	n/a	n/a	n/a	n/a	n/a	n/a	n/a	n/a	2360.213702	n/a
2362.244464	0.000000	472449	ttl	2	72	n/a	n/a	n/a	n/a	n/a	n/a	n/a	n/a	n/a	n/a	n/a	n/a	n/a	n/a	n/a	n/a	n/a	n/a	n/a	n/a	n/a	2362.244464	n/a
2365.235200	0.000000	473047	ttl	4	72	n/a	n/a	n/a	n/a	n/a	n/a	n/a	n/a	n/a	n/a	n/a	n/a	n/a	n/a	n/a	n/a	n/a	n/a	n/a	n/a	n/a	2365.235200	n/a
2365.257181	0.000000	473051	ttl	11	72	n/a	n/a	n/a	n/a	n/a	n/a	n/a	n/a	n/a	n/a	n/a	n/a	n/a	n/a	n/a	n/a	n/a	n/a	n/a	n/a	n/a	2365.257181	n/a
2365.899323	2.030838	473180	time_discrimination	n/a	n/a	n/a	72.0	n/a	n/a	n/a	2365.257181	n/a	0.11351464210747508	1.0	3	2.0	HB_9_LongA.png	n/a	3	2368.0436755	n/a	53	1	2	intervals/timediscrimination_table	52	2365.899323	2367.930161
2365.899323	0.000000	473180	ttl	1	72	n/a	n/a	n/a	n/a	n/a	n/a	n/a	n/a	n/a	n/a	n/a	n/a	n/a	n/a	n/a	n/a	n/a	n/a	n/a	n/a	n/a	2365.899323	n/a
2367.930161	0.000000	473586	ttl	2	72	n/a	n/a	n/a	n/a	n/a	n/a	n/a	n/a	n/a	n/a	n/a	n/a	n/a	n/a	n/a	n/a	n/a	n/a	n/a	n/a	n/a	2367.930161	n/a
2368.043676	0.000000	473609	ttl	4	72	n/a	n/a	n/a	n/a	n/a	n/a	n/a	n/a	n/a	n/a	n/a	n/a	n/a	n/a	n/a	n/a	n/a	n/a	n/a	n/a	n/a	2368.043676	n/a
2368.064897	0.000000	473613	ttl	11	72	n/a	n/a	n/a	n/a	n/a	n/a	n/a	n/a	n/a	n/a	n/a	n/a	n/a	n/a	n/a	n/a	n/a	n/a	n/a	n/a	n/a	2368.064897	n/a
2368.707032	2.030648	473741	time_discrimination	n/a	n/a	n/a	72.0	n/a	n/a	n/a	2368.0648965	n/a	3.3385384023349616	2.0	2	2.0	SB_55_LongA.png	n/a	6	2374.0762179999997	n/a	54	2	2	intervals/timediscrimination_table	53	2368.707032	2370.737680
2368.707032	0.000000	473741	ttl	1	72	n/a	n/a	n/a	n/a	n/a	n/a	n/a	n/a	n/a	n/a	n/a	n/a	n/a	n/a	n/a	n/a	n/a	n/a	n/a	n/a	n/a	2368.707032	n/a
2370.737680	0.000000	474148	ttl	2	72	n/a	n/a	n/a	n/a	n/a	n/a	n/a	n/a	n/a	n/a	n/a	n/a	n/a	n/a	n/a	n/a	n/a	n/a	n/a	n/a	n/a	2370.737680	n/a
2374.076218	0.000000	474815	ttl	4	72	n/a	n/a	n/a	n/a	n/a	n/a	n/a	n/a	n/a	n/a	n/a	n/a	n/a	n/a	n/a	n/a	n/a	n/a	n/a	n/a	n/a	2374.076218	n/a
2374.094089	0.000000	474819	ttl	11	72	n/a	n/a	n/a	n/a	n/a	n/a	n/a	n/a	n/a	n/a	n/a	n/a	n/a	n/a	n/a	n/a	n/a	n/a	n/a	n/a	n/a	2374.094089	n/a
2374.635921	2.031335	474927	time_discrimination	n/a	n/a	n/a	72.0	n/a	n/a	n/a	2374.0940889999997	n/a	0.1910708287723537	2.0	3	2.0	HB_40_ShortA.png	n/a	3	2376.85832725	n/a	55	1	1	intervals/timediscrimination_table	54	2374.635921	2376.667256
2374.635921	0.000000	474927	ttl	1	72	n/a	n/a	n/a	n/a	n/a	n/a	n/a	n/a	n/a	n/a	n/a	n/a	n/a	n/a	n/a	n/a	n/a	n/a	n/a	n/a	n/a	2374.635921	n/a
2376.667256	0.000000	475333	ttl	2	72	n/a	n/a	n/a	n/a	n/a	n/a	n/a	n/a	n/a	n/a	n/a	n/a	n/a	n/a	n/a	n/a	n/a	n/a	n/a	n/a	n/a	2376.667256	n/a
2376.858327	0.000000	475372	ttl	4	72	n/a	n/a	n/a	n/a	n/a	n/a	n/a	n/a	n/a	n/a	n/a	n/a	n/a	n/a	n/a	n/a	n/a	n/a	n/a	n/a	n/a	2376.858327	n/a
2376.864076	0.000000	475373	ttl	11	72	n/a	n/a	n/a	n/a	n/a	n/a	n/a	n/a	n/a	n/a	n/a	n/a	n/a	n/a	n/a	n/a	n/a	n/a	n/a	n/a	n/a	2376.864076	n/a
2377.466318	2.030782	475493	time_discrimination	n/a	n/a	n/a	72.0	n/a	n/a	n/a	2376.86407625	n/a	0.8190244693032582	2.0	2	2.0	SB_6_ShortA.png	n/a	3	2380.3161247499997	n/a	56	1	1	intervals/timediscrimination_table	55	2377.466318	2379.497100
2377.466318	0.000000	475493	ttl	1	72	n/a	n/a	n/a	n/a	n/a	n/a	n/a	n/a	n/a	n/a	n/a	n/a	n/a	n/a	n/a	n/a	n/a	n/a	n/a	n/a	n/a	2377.466318	n/a
2379.497100	0.000000	475899	ttl	2	72	n/a	n/a	n/a	n/a	n/a	n/a	n/a	n/a	n/a	n/a	n/a	n/a	n/a	n/a	n/a	n/a	n/a	n/a	n/a	n/a	n/a	2379.497100	n/a
2380.316125	0.000000	476063	ttl	4	72	n/a	n/a	n/a	n/a	n/a	n/a	n/a	n/a	n/a	n/a	n/a	n/a	n/a	n/a	n/a	n/a	n/a	n/a	n/a	n/a	n/a	2380.316125	n/a
2380.328629	0.000000	476066	ttl	11	72	n/a	n/a	n/a	n/a	n/a	n/a	n/a	n/a	n/a	n/a	n/a	n/a	n/a	n/a	n/a	n/a	n/a	n/a	n/a	n/a	n/a	2380.328629	n/a
2380.950724	2.030867	476190	time_discrimination	n/a	n/a	n/a	72.0	n/a	n/a	n/a	2380.3286292499997	n/a	1.3958736838139885	2.0	3	2.0	HB_16_ShortA.png	n/a	3	2384.37746525	n/a	57	1	1	intervals/timediscrimination_table	56	2380.950724	2382.981591
2380.950724	0.000000	476190	ttl	1	72	n/a	n/a	n/a	n/a	n/a	n/a	n/a	n/a	n/a	n/a	n/a	n/a	n/a	n/a	n/a	n/a	n/a	n/a	n/a	n/a	n/a	2380.950724	n/a
2382.981591	0.000000	476596	ttl	2	72	n/a	n/a	n/a	n/a	n/a	n/a	n/a	n/a	n/a	n/a	n/a	n/a	n/a	n/a	n/a	n/a	n/a	n/a	n/a	n/a	n/a	2382.981591	n/a
2384.377465	0.000000	476875	ttl	4	72	n/a	n/a	n/a	n/a	n/a	n/a	n/a	n/a	n/a	n/a	n/a	n/a	n/a	n/a	n/a	n/a	n/a	n/a	n/a	n/a	n/a	2384.377465	n/a
2384.391203	0.000000	476878	ttl	11	72	n/a	n/a	n/a	n/a	n/a	n/a	n/a	n/a	n/a	n/a	n/a	n/a	n/a	n/a	n/a	n/a	n/a	n/a	n/a	n/a	n/a	2384.391203	n/a
2384.993235	2.030864	476999	time_discrimination	n/a	n/a	n/a	72.0	n/a	n/a	n/a	2384.3912029999997	n/a	1.131306908253464	1.0	3	2.0	HB_17_LongA.png	n/a	3	2388.155406	n/a	58	1	2	intervals/timediscrimination_table	57	2384.993235	2387.024099
2384.993235	0.000000	476999	ttl	1	72	n/a	n/a	n/a	n/a	n/a	n/a	n/a	n/a	n/a	n/a	n/a	n/a	n/a	n/a	n/a	n/a	n/a	n/a	n/a	n/a	n/a	2384.993235	n/a
2387.024099	0.000000	477405	ttl	2	72	n/a	n/a	n/a	n/a	n/a	n/a	n/a	n/a	n/a	n/a	n/a	n/a	n/a	n/a	n/a	n/a	n/a	n/a	n/a	n/a	n/a	2387.024099	n/a
2388.155406	0.000000	477631	ttl	4	72	n/a	n/a	n/a	n/a	n/a	n/a	n/a	n/a	n/a	n/a	n/a	n/a	n/a	n/a	n/a	n/a	n/a	n/a	n/a	n/a	n/a	2388.155406	n/a
2388.164503	0.000000	477633	ttl	11	72	n/a	n/a	n/a	n/a	n/a	n/a	n/a	n/a	n/a	n/a	n/a	n/a	n/a	n/a	n/a	n/a	n/a	n/a	n/a	n/a	n/a	2388.164503	n/a
2388.806844	2.031336	477761	time_discrimination	n/a	n/a	n/a	72.0	n/a	n/a	n/a	2388.16450325	n/a	2.575797635829076	2.0	3	2.0	HB_29_ShortA.png	n/a	3	2393.41397775	n/a	59	1	1	intervals/timediscrimination_table	58	2388.806844	2390.838180
2388.806844	0.000000	477761	ttl	1	72	n/a	n/a	n/a	n/a	n/a	n/a	n/a	n/a	n/a	n/a	n/a	n/a	n/a	n/a	n/a	n/a	n/a	n/a	n/a	n/a	n/a	2388.806844	n/a
2390.838180	0.000000	478168	ttl	2	72	n/a	n/a	n/a	n/a	n/a	n/a	n/a	n/a	n/a	n/a	n/a	n/a	n/a	n/a	n/a	n/a	n/a	n/a	n/a	n/a	n/a	2390.838180	n/a
2393.413978	0.000000	478683	ttl	4	72	n/a	n/a	n/a	n/a	n/a	n/a	n/a	n/a	n/a	n/a	n/a	n/a	n/a	n/a	n/a	n/a	n/a	n/a	n/a	n/a	n/a	2393.413978	n/a
2393.423313	0.000000	478685	ttl	11	72	n/a	n/a	n/a	n/a	n/a	n/a	n/a	n/a	n/a	n/a	n/a	n/a	n/a	n/a	n/a	n/a	n/a	n/a	n/a	n/a	n/a	2393.423313	n/a
2394.065488	2.031331	478813	time_discrimination	n/a	n/a	n/a	72.0	n/a	n/a	n/a	2393.423313	n/a	0.7896099102144944	2.0	3	2.0	HB_59_ShortA.png	n/a	6	2396.88642975	n/a	60	2	2	intervals/timediscrimination_table	59	2394.065488	2396.096820
2394.065488	0.000000	478813	ttl	1	72	n/a	n/a	n/a	n/a	n/a	n/a	n/a	n/a	n/a	n/a	n/a	n/a	n/a	n/a	n/a	n/a	n/a	n/a	n/a	n/a	n/a	2394.065488	n/a
2396.096820	0.000000	479219	ttl	2	72	n/a	n/a	n/a	n/a	n/a	n/a	n/a	n/a	n/a	n/a	n/a	n/a	n/a	n/a	n/a	n/a	n/a	n/a	n/a	n/a	n/a	2396.096820	n/a
2396.886430	0.000000	479377	ttl	4	72	n/a	n/a	n/a	n/a	n/a	n/a	n/a	n/a	n/a	n/a	n/a	n/a	n/a	n/a	n/a	n/a	n/a	n/a	n/a	n/a	n/a	2396.886430	n/a
2396.910467	0.000000	479382	ttl	11	72	n/a	n/a	n/a	n/a	n/a	n/a	n/a	n/a	n/a	n/a	n/a	n/a	n/a	n/a	n/a	n/a	n/a	n/a	n/a	n/a	n/a	2396.910467	n/a
2397.472192	2.030871	479494	time_discrimination	n/a	n/a	n/a	72.0	n/a	n/a	n/a	2396.91046675	n/a	0.591550777957309	2.0	1	3.0	NB_10_ShortA.png	n/a	2	2400.09461375	n/a	61	1	1	intervals/timediscrimination_table	60	2397.472192	2399.503063
2397.472192	0.000000	479494	ttl	1	72	n/a	n/a	n/a	n/a	n/a	n/a	n/a	n/a	n/a	n/a	n/a	n/a	n/a	n/a	n/a	n/a	n/a	n/a	n/a	n/a	n/a	2397.472192	n/a
2399.503063	0.000000	479901	ttl	2	72	n/a	n/a	n/a	n/a	n/a	n/a	n/a	n/a	n/a	n/a	n/a	n/a	n/a	n/a	n/a	n/a	n/a	n/a	n/a	n/a	n/a	2399.503063	n/a
2400.094614	0.000000	480019	ttl	4	72	n/a	n/a	n/a	n/a	n/a	n/a	n/a	n/a	n/a	n/a	n/a	n/a	n/a	n/a	n/a	n/a	n/a	n/a	n/a	n/a	n/a	2400.094614	n/a
2400.118477	0.000000	480024	ttl	11	72	n/a	n/a	n/a	n/a	n/a	n/a	n/a	n/a	n/a	n/a	n/a	n/a	n/a	n/a	n/a	n/a	n/a	n/a	n/a	n/a	n/a	2400.118477	n/a
2400.740379	2.031384	480148	time_discrimination	n/a	n/a	n/a	72.0	n/a	n/a	n/a	2400.11847725	n/a	2.8880483348948474	2.0	1	2.0	NB_17_LongA.png	n/a	3	2405.65981175	n/a	62	1	1	intervals/timediscrimination_table	61	2400.740379	2402.771763
2400.740379	0.000000	480148	ttl	1	72	n/a	n/a	n/a	n/a	n/a	n/a	n/a	n/a	n/a	n/a	n/a	n/a	n/a	n/a	n/a	n/a	n/a	n/a	n/a	n/a	n/a	2400.740379	n/a
2402.771763	0.000000	480554	ttl	2	72	n/a	n/a	n/a	n/a	n/a	n/a	n/a	n/a	n/a	n/a	n/a	n/a	n/a	n/a	n/a	n/a	n/a	n/a	n/a	n/a	n/a	2402.771763	n/a
2405.659812	0.000000	481132	ttl	4	72	n/a	n/a	n/a	n/a	n/a	n/a	n/a	n/a	n/a	n/a	n/a	n/a	n/a	n/a	n/a	n/a	n/a	n/a	n/a	n/a	n/a	2405.659812	n/a
2405.675174	0.000000	481135	ttl	11	72	n/a	n/a	n/a	n/a	n/a	n/a	n/a	n/a	n/a	n/a	n/a	n/a	n/a	n/a	n/a	n/a	n/a	n/a	n/a	n/a	n/a	2405.675174	n/a
2406.236981	2.031438	481247	time_discrimination	n/a	n/a	n/a	72.0	n/a	n/a	n/a	2405.67517375	n/a	2.7881564116323716	2.0	1	3.0	NB_26_LongA.png	n/a	7	2411.056575	n/a	63	2	2	intervals/timediscrimination_table	62	2406.236981	2408.268419
2406.236981	0.000000	481247	ttl	1	72	n/a	n/a	n/a	n/a	n/a	n/a	n/a	n/a	n/a	n/a	n/a	n/a	n/a	n/a	n/a	n/a	n/a	n/a	n/a	n/a	n/a	2406.236981	n/a
2408.268419	0.000000	481654	ttl	2	72	n/a	n/a	n/a	n/a	n/a	n/a	n/a	n/a	n/a	n/a	n/a	n/a	n/a	n/a	n/a	n/a	n/a	n/a	n/a	n/a	n/a	2408.268419	n/a
2411.056575	0.000000	482211	ttl	4	72	n/a	n/a	n/a	n/a	n/a	n/a	n/a	n/a	n/a	n/a	n/a	n/a	n/a	n/a	n/a	n/a	n/a	n/a	n/a	n/a	n/a	2411.056575	n/a
2411.076173	0.000000	482215	ttl	11	72	n/a	n/a	n/a	n/a	n/a	n/a	n/a	n/a	n/a	n/a	n/a	n/a	n/a	n/a	n/a	n/a	n/a	n/a	n/a	n/a	n/a	2411.076173	n/a
2411.698268	2.031360	482340	time_discrimination	n/a	n/a	n/a	72.0	n/a	n/a	n/a	2411.07617275	n/a	1.471977013439755	2.0	1	3.0	NB_5_ShortA.png	n/a	2	2415.20160525	n/a	64	1	1	intervals/timediscrimination_table	63	2411.698268	2413.729628
2411.698268	0.000000	482340	ttl	1	72	n/a	n/a	n/a	n/a	n/a	n/a	n/a	n/a	n/a	n/a	n/a	n/a	n/a	n/a	n/a	n/a	n/a	n/a	n/a	n/a	n/a	2411.698268	n/a
2413.729628	0.000000	482746	ttl	2	72	n/a	n/a	n/a	n/a	n/a	n/a	n/a	n/a	n/a	n/a	n/a	n/a	n/a	n/a	n/a	n/a	n/a	n/a	n/a	n/a	n/a	2413.729628	n/a
2415.201605	0.000000	483040	ttl	4	72	n/a	n/a	n/a	n/a	n/a	n/a	n/a	n/a	n/a	n/a	n/a	n/a	n/a	n/a	n/a	n/a	n/a	n/a	n/a	n/a	n/a	2415.201605	n/a
2415.213926	0.000000	483043	ttl	11	72	n/a	n/a	n/a	n/a	n/a	n/a	n/a	n/a	n/a	n/a	n/a	n/a	n/a	n/a	n/a	n/a	n/a	n/a	n/a	n/a	n/a	2415.213926	n/a
2415.856072	2.031380	483171	time_discrimination	n/a	n/a	n/a	72.0	n/a	n/a	n/a	2415.213926	n/a	2.9633739263263124	2.0	1	3.0	NB_21_LongA.png	n/a	7	2420.85082575	n/a	65	2	2	intervals/timediscrimination_table	64	2415.856072	2417.887452
2415.856072	0.000000	483171	ttl	1	72	n/a	n/a	n/a	n/a	n/a	n/a	n/a	n/a	n/a	n/a	n/a	n/a	n/a	n/a	n/a	n/a	n/a	n/a	n/a	n/a	n/a	2415.856072	n/a
2417.887452	0.000000	483577	ttl	2	72	n/a	n/a	n/a	n/a	n/a	n/a	n/a	n/a	n/a	n/a	n/a	n/a	n/a	n/a	n/a	n/a	n/a	n/a	n/a	n/a	n/a	2417.887452	n/a
2420.850826	0.000000	484170	ttl	4	72	n/a	n/a	n/a	n/a	n/a	n/a	n/a	n/a	n/a	n/a	n/a	n/a	n/a	n/a	n/a	n/a	n/a	n/a	n/a	n/a	n/a	2420.850826	n/a
2420.873145	0.000000	484175	ttl	11	72	n/a	n/a	n/a	n/a	n/a	n/a	n/a	n/a	n/a	n/a	n/a	n/a	n/a	n/a	n/a	n/a	n/a	n/a	n/a	n/a	n/a	2420.873145	n/a
2421.475173	2.031381	484295	time_discrimination	n/a	n/a	n/a	72.0	n/a	n/a	n/a	2420.87314475	n/a	1.8782577317979303	2.0	1	2.0	NB_15_ShortA.png	n/a	6	2425.3848125	n/a	66	2	2	intervals/timediscrimination_table	65	2421.475173	2423.506555
2421.475173	0.000000	484295	ttl	1	72	n/a	n/a	n/a	n/a	n/a	n/a	n/a	n/a	n/a	n/a	n/a	n/a	n/a	n/a	n/a	n/a	n/a	n/a	n/a	n/a	n/a	2421.475173	n/a
2423.506555	0.000000	484701	ttl	2	72	n/a	n/a	n/a	n/a	n/a	n/a	n/a	n/a	n/a	n/a	n/a	n/a	n/a	n/a	n/a	n/a	n/a	n/a	n/a	n/a	n/a	2423.506555	n/a
2425.384812	0.000000	485077	ttl	4	72	n/a	n/a	n/a	n/a	n/a	n/a	n/a	n/a	n/a	n/a	n/a	n/a	n/a	n/a	n/a	n/a	n/a	n/a	n/a	n/a	n/a	2425.384812	n/a
2425.393063	0.000000	485079	ttl	11	72	n/a	n/a	n/a	n/a	n/a	n/a	n/a	n/a	n/a	n/a	n/a	n/a	n/a	n/a	n/a	n/a	n/a	n/a	n/a	n/a	n/a	2425.393063	n/a
2425.994978	2.031496	485199	time_discrimination	n/a	n/a	n/a	72.0	n/a	n/a	n/a	2425.39306325	n/a	0.8285662072848936	2.0	2	2.0	SB_59_ShortA.png	n/a	6	2428.85504025	n/a	67	2	2	intervals/timediscrimination_table	66	2425.994978	2428.026474
2425.994978	0.000000	485199	ttl	1	72	n/a	n/a	n/a	n/a	n/a	n/a	n/a	n/a	n/a	n/a	n/a	n/a	n/a	n/a	n/a	n/a	n/a	n/a	n/a	n/a	n/a	2425.994978	n/a
2428.026474	0.000000	485605	ttl	2	72	n/a	n/a	n/a	n/a	n/a	n/a	n/a	n/a	n/a	n/a	n/a	n/a	n/a	n/a	n/a	n/a	n/a	n/a	n/a	n/a	n/a	2428.026474	n/a
2428.855040	0.000000	485771	ttl	4	72	n/a	n/a	n/a	n/a	n/a	n/a	n/a	n/a	n/a	n/a	n/a	n/a	n/a	n/a	n/a	n/a	n/a	n/a	n/a	n/a	n/a	2428.855040	n/a
2428.863688	0.000000	485773	ttl	11	72	n/a	n/a	n/a	n/a	n/a	n/a	n/a	n/a	n/a	n/a	n/a	n/a	n/a	n/a	n/a	n/a	n/a	n/a	n/a	n/a	n/a	2428.863688	n/a
2429.485884	2.031405	485897	time_discrimination	n/a	n/a	n/a	72.0	n/a	n/a	n/a	2428.863688	n/a	0.07190434596122941	2.0	1	2.0	NB_29_ShortA.png	n/a	6	2431.5891935	n/a	68	2	2	intervals/timediscrimination_table	67	2429.485884	2431.517289
2429.485884	0.000000	485897	ttl	1	72	n/a	n/a	n/a	n/a	n/a	n/a	n/a	n/a	n/a	n/a	n/a	n/a	n/a	n/a	n/a	n/a	n/a	n/a	n/a	n/a	n/a	2429.485884	n/a
2431.517289	0.000000	486303	ttl	2	72	n/a	n/a	n/a	n/a	n/a	n/a	n/a	n/a	n/a	n/a	n/a	n/a	n/a	n/a	n/a	n/a	n/a	n/a	n/a	n/a	n/a	2431.517289	n/a
2431.589193	0.000000	486318	ttl	4	72	n/a	n/a	n/a	n/a	n/a	n/a	n/a	n/a	n/a	n/a	n/a	n/a	n/a	n/a	n/a	n/a	n/a	n/a	n/a	n/a	n/a	2431.589193	n/a
2431.605045	0.000000	486321	ttl	11	72	n/a	n/a	n/a	n/a	n/a	n/a	n/a	n/a	n/a	n/a	n/a	n/a	n/a	n/a	n/a	n/a	n/a	n/a	n/a	n/a	n/a	2431.605045	n/a
2432.247408	2.031375	486449	time_discrimination	n/a	n/a	n/a	72.0	n/a	n/a	n/a	2431.6050445	n/a	1.156530928103166	2.0	3	2.0	HB_28_ShortA.png	n/a	6	2435.435314	n/a	69	2	2	intervals/timediscrimination_table	68	2432.247408	2434.278783
2432.247408	0.000000	486449	ttl	1	72	n/a	n/a	n/a	n/a	n/a	n/a	n/a	n/a	n/a	n/a	n/a	n/a	n/a	n/a	n/a	n/a	n/a	n/a	n/a	n/a	n/a	2432.247408	n/a
2434.278783	0.000000	486856	ttl	2	72	n/a	n/a	n/a	n/a	n/a	n/a	n/a	n/a	n/a	n/a	n/a	n/a	n/a	n/a	n/a	n/a	n/a	n/a	n/a	n/a	n/a	2434.278783	n/a
2435.435314	0.000000	487087	ttl	4	72	n/a	n/a	n/a	n/a	n/a	n/a	n/a	n/a	n/a	n/a	n/a	n/a	n/a	n/a	n/a	n/a	n/a	n/a	n/a	n/a	n/a	2435.435314	n/a
2435.452916	0.000000	487091	ttl	11	72	n/a	n/a	n/a	n/a	n/a	n/a	n/a	n/a	n/a	n/a	n/a	n/a	n/a	n/a	n/a	n/a	n/a	n/a	n/a	n/a	n/a	2435.452916	n/a
2436.075024	2.030737	487215	time_discrimination	n/a	n/a	n/a	72.0	n/a	n/a	n/a	2435.45291575	n/a	0.8045357847950072	1.0	3	2.0	HB_41_LongA.png	n/a	6	2438.910296	n/a	70	2	1	intervals/timediscrimination_table	69	2436.075024	2438.105760
2436.075024	0.000000	487215	ttl	1	72	n/a	n/a	n/a	n/a	n/a	n/a	n/a	n/a	n/a	n/a	n/a	n/a	n/a	n/a	n/a	n/a	n/a	n/a	n/a	n/a	n/a	2436.075024	n/a
2438.105760	0.000000	487621	ttl	2	72	n/a	n/a	n/a	n/a	n/a	n/a	n/a	n/a	n/a	n/a	n/a	n/a	n/a	n/a	n/a	n/a	n/a	n/a	n/a	n/a	n/a	2438.105760	n/a
2438.910296	0.000000	487782	ttl	4	72	n/a	n/a	n/a	n/a	n/a	n/a	n/a	n/a	n/a	n/a	n/a	n/a	n/a	n/a	n/a	n/a	n/a	n/a	n/a	n/a	n/a	2438.910296	n/a
2438.929178	0.000000	487786	ttl	11	72	n/a	n/a	n/a	n/a	n/a	n/a	n/a	n/a	n/a	n/a	n/a	n/a	n/a	n/a	n/a	n/a	n/a	n/a	n/a	n/a	n/a	2438.929178	n/a
2439.511264	2.030748	487902	time_discrimination	n/a	n/a	n/a	72.0	n/a	n/a	n/a	2438.929178	n/a	2.0526331280489103	2.0	2	2.0	SB_41_LongA.png	n/a	6	2443.59464625	n/a	71	2	2	intervals/timediscrimination_table	70	2439.511264	2441.542013
2439.511264	0.000000	487902	ttl	1	72	n/a	n/a	n/a	n/a	n/a	n/a	n/a	n/a	n/a	n/a	n/a	n/a	n/a	n/a	n/a	n/a	n/a	n/a	n/a	n/a	n/a	2439.511264	n/a
2441.542013	0.000000	488308	ttl	2	72	n/a	n/a	n/a	n/a	n/a	n/a	n/a	n/a	n/a	n/a	n/a	n/a	n/a	n/a	n/a	n/a	n/a	n/a	n/a	n/a	n/a	2441.542013	n/a
2443.594646	0.000000	488719	ttl	4	72	n/a	n/a	n/a	n/a	n/a	n/a	n/a	n/a	n/a	n/a	n/a	n/a	n/a	n/a	n/a	n/a	n/a	n/a	n/a	n/a	n/a	2443.594646	n/a
2443.614248	0.000000	488723	ttl	11	72	n/a	n/a	n/a	n/a	n/a	n/a	n/a	n/a	n/a	n/a	n/a	n/a	n/a	n/a	n/a	n/a	n/a	n/a	n/a	n/a	n/a	2443.614248	n/a
2444.236430	2.031529	488847	time_discrimination	n/a	n/a	n/a	72.0	n/a	n/a	n/a	2443.614248	n/a	0.4507902858167654	2.0	1	2.0	NB_28_LongA.png	n/a	3	2446.7187492499997	n/a	72	1	1	intervals/timediscrimination_table	71	2444.236430	2446.267959
2444.236430	0.000000	488847	ttl	1	72	n/a	n/a	n/a	n/a	n/a	n/a	n/a	n/a	n/a	n/a	n/a	n/a	n/a	n/a	n/a	n/a	n/a	n/a	n/a	n/a	n/a	2444.236430	n/a
2446.267959	0.000000	489254	ttl	2	72	n/a	n/a	n/a	n/a	n/a	n/a	n/a	n/a	n/a	n/a	n/a	n/a	n/a	n/a	n/a	n/a	n/a	n/a	n/a	n/a	n/a	2446.267959	n/a
2446.718749	0.000000	489344	ttl	4	72	n/a	n/a	n/a	n/a	n/a	n/a	n/a	n/a	n/a	n/a	n/a	n/a	n/a	n/a	n/a	n/a	n/a	n/a	n/a	n/a	n/a	2446.718749	n/a
2446.723648	0.000000	489345	ttl	11	72	n/a	n/a	n/a	n/a	n/a	n/a	n/a	n/a	n/a	n/a	n/a	n/a	n/a	n/a	n/a	n/a	n/a	n/a	n/a	n/a	n/a	2446.723648	n/a
2447.365964	2.031313	489473	time_discrimination	n/a	n/a	n/a	72.0	n/a	n/a	n/a	2446.7236482499998	n/a	0.6301473932471708	2.0	1	2.0	NB_12_LongA.png	n/a	6	2450.0274245	n/a	73	2	2	intervals/timediscrimination_table	72	2447.365964	2449.397277
2447.365964	0.000000	489473	ttl	1	72	n/a	n/a	n/a	n/a	n/a	n/a	n/a	n/a	n/a	n/a	n/a	n/a	n/a	n/a	n/a	n/a	n/a	n/a	n/a	n/a	n/a	2447.365964	n/a
2449.397277	0.000000	489879	ttl	2	72	n/a	n/a	n/a	n/a	n/a	n/a	n/a	n/a	n/a	n/a	n/a	n/a	n/a	n/a	n/a	n/a	n/a	n/a	n/a	n/a	n/a	2449.397277	n/a
2450.027425	0.000000	490005	ttl	4	72	n/a	n/a	n/a	n/a	n/a	n/a	n/a	n/a	n/a	n/a	n/a	n/a	n/a	n/a	n/a	n/a	n/a	n/a	n/a	n/a	n/a	2450.027425	n/a
2450.033032	0.000000	490007	ttl	11	72	n/a	n/a	n/a	n/a	n/a	n/a	n/a	n/a	n/a	n/a	n/a	n/a	n/a	n/a	n/a	n/a	n/a	n/a	n/a	n/a	n/a	2450.033032	n/a
2450.655333	2.031312	490131	time_discrimination	n/a	n/a	n/a	72.0	n/a	n/a	n/a	2450.0330325	n/a	4.695467316509166	2.0	3	2.0	HB_3_LongA.png	n/a	6	2457.3821125	n/a	74	2	2	intervals/timediscrimination_table	73	2450.655333	2452.686645
2450.655333	0.000000	490131	ttl	1	72	n/a	n/a	n/a	n/a	n/a	n/a	n/a	n/a	n/a	n/a	n/a	n/a	n/a	n/a	n/a	n/a	n/a	n/a	n/a	n/a	n/a	2450.655333	n/a
2452.686645	0.000000	490537	ttl	2	72	n/a	n/a	n/a	n/a	n/a	n/a	n/a	n/a	n/a	n/a	n/a	n/a	n/a	n/a	n/a	n/a	n/a	n/a	n/a	n/a	n/a	2452.686645	n/a
2457.382112	0.000000	491476	ttl	4	72	n/a	n/a	n/a	n/a	n/a	n/a	n/a	n/a	n/a	n/a	n/a	n/a	n/a	n/a	n/a	n/a	n/a	n/a	n/a	n/a	n/a	2457.382112	n/a
2457.391874	0.000000	491478	ttl	11	72	n/a	n/a	n/a	n/a	n/a	n/a	n/a	n/a	n/a	n/a	n/a	n/a	n/a	n/a	n/a	n/a	n/a	n/a	n/a	n/a	n/a	2457.391874	n/a
2458.013897	2.031417	491603	time_discrimination	n/a	n/a	n/a	72.0	n/a	n/a	n/a	2457.39187375	n/a	2.1565914520979277	2.0	2	2.0	SB_48_LongA.png	n/a	6	2462.201906	n/a	75	2	2	intervals/timediscrimination_table	74	2458.013897	2460.045314
2458.013897	0.000000	491603	ttl	1	72	n/a	n/a	n/a	n/a	n/a	n/a	n/a	n/a	n/a	n/a	n/a	n/a	n/a	n/a	n/a	n/a	n/a	n/a	n/a	n/a	n/a	2458.013897	n/a
2460.045314	0.000000	492009	ttl	2	72	n/a	n/a	n/a	n/a	n/a	n/a	n/a	n/a	n/a	n/a	n/a	n/a	n/a	n/a	n/a	n/a	n/a	n/a	n/a	n/a	n/a	2460.045314	n/a
2462.201906	0.000000	492440	ttl	4	72	n/a	n/a	n/a	n/a	n/a	n/a	n/a	n/a	n/a	n/a	n/a	n/a	n/a	n/a	n/a	n/a	n/a	n/a	n/a	n/a	n/a	2462.201906	n/a
2462.211297	0.000000	492442	ttl	11	72	n/a	n/a	n/a	n/a	n/a	n/a	n/a	n/a	n/a	n/a	n/a	n/a	n/a	n/a	n/a	n/a	n/a	n/a	n/a	n/a	n/a	2462.211297	n/a
2462.833401	2.031359	492567	time_discrimination	n/a	n/a	n/a	72.0	n/a	n/a	n/a	2462.211297	n/a	0.7506749137464794	1.0	3	2.0	HB_49_LongA.png	n/a	3	2465.61543475	n/a	76	1	2	intervals/timediscrimination_table	75	2462.833401	2464.864760
2462.833401	0.000000	492567	ttl	1	72	n/a	n/a	n/a	n/a	n/a	n/a	n/a	n/a	n/a	n/a	n/a	n/a	n/a	n/a	n/a	n/a	n/a	n/a	n/a	n/a	n/a	2462.833401	n/a
2464.864760	0.000000	492973	ttl	2	72	n/a	n/a	n/a	n/a	n/a	n/a	n/a	n/a	n/a	n/a	n/a	n/a	n/a	n/a	n/a	n/a	n/a	n/a	n/a	n/a	n/a	2464.864760	n/a
2465.615435	0.000000	493123	ttl	4	72	n/a	n/a	n/a	n/a	n/a	n/a	n/a	n/a	n/a	n/a	n/a	n/a	n/a	n/a	n/a	n/a	n/a	n/a	n/a	n/a	n/a	2465.615435	n/a
2465.627960	0.000000	493126	ttl	11	72	n/a	n/a	n/a	n/a	n/a	n/a	n/a	n/a	n/a	n/a	n/a	n/a	n/a	n/a	n/a	n/a	n/a	n/a	n/a	n/a	n/a	2465.627960	n/a
2466.209933	2.031343	493242	time_discrimination	n/a	n/a	n/a	72.0	n/a	n/a	n/a	2465.6279605	n/a	1.1259767953706614	2.0	1	2.0	NB_18_LongA.png	n/a	3	2469.36725325	n/a	77	1	1	intervals/timediscrimination_table	76	2466.209933	2468.241276
2466.209933	0.000000	493242	ttl	1	72	n/a	n/a	n/a	n/a	n/a	n/a	n/a	n/a	n/a	n/a	n/a	n/a	n/a	n/a	n/a	n/a	n/a	n/a	n/a	n/a	n/a	2466.209933	n/a
2468.241276	0.000000	493648	ttl	2	72	n/a	n/a	n/a	n/a	n/a	n/a	n/a	n/a	n/a	n/a	n/a	n/a	n/a	n/a	n/a	n/a	n/a	n/a	n/a	n/a	n/a	2468.241276	n/a
2469.367253	0.000000	493873	ttl	4	72	n/a	n/a	n/a	n/a	n/a	n/a	n/a	n/a	n/a	n/a	n/a	n/a	n/a	n/a	n/a	n/a	n/a	n/a	n/a	n/a	n/a	2469.367253	n/a
2469.387055	0.000000	493877	ttl	11	72	n/a	n/a	n/a	n/a	n/a	n/a	n/a	n/a	n/a	n/a	n/a	n/a	n/a	n/a	n/a	n/a	n/a	n/a	n/a	n/a	n/a	2469.387055	n/a
2469.989214	2.031204	493998	time_discrimination	n/a	n/a	n/a	72.0	n/a	n/a	n/a	2469.3870555	n/a	0.22388253997269203	2.0	2	2.0	SB_11_LongA.png	n/a	6	2472.24430075	n/a	78	2	2	intervals/timediscrimination_table	77	2469.989214	2472.020418
2469.989214	0.000000	493998	ttl	1	72	n/a	n/a	n/a	n/a	n/a	n/a	n/a	n/a	n/a	n/a	n/a	n/a	n/a	n/a	n/a	n/a	n/a	n/a	n/a	n/a	n/a	2469.989214	n/a
2472.020418	0.000000	494404	ttl	2	72	n/a	n/a	n/a	n/a	n/a	n/a	n/a	n/a	n/a	n/a	n/a	n/a	n/a	n/a	n/a	n/a	n/a	n/a	n/a	n/a	n/a	2472.020418	n/a
2472.244301	0.000000	494449	ttl	4	72	n/a	n/a	n/a	n/a	n/a	n/a	n/a	n/a	n/a	n/a	n/a	n/a	n/a	n/a	n/a	n/a	n/a	n/a	n/a	n/a	n/a	2472.244301	n/a
2472.260741	0.000000	494452	ttl	11	72	n/a	n/a	n/a	n/a	n/a	n/a	n/a	n/a	n/a	n/a	n/a	n/a	n/a	n/a	n/a	n/a	n/a	n/a	n/a	n/a	n/a	2472.260741	n/a
2472.802818	2.031316	494561	time_discrimination	n/a	n/a	n/a	72.0	n/a	n/a	n/a	2472.2607414999998	n/a	1.8046957462975115	2.0	1	2.0	NB_2_LongA.png	n/a	6	2476.6388294999997	n/a	79	2	2	intervals/timediscrimination_table	78	2472.802818	2474.834134
2472.802818	0.000000	494561	ttl	1	72	n/a	n/a	n/a	n/a	n/a	n/a	n/a	n/a	n/a	n/a	n/a	n/a	n/a	n/a	n/a	n/a	n/a	n/a	n/a	n/a	n/a	2472.802818	n/a
2474.834134	0.000000	494967	ttl	2	72	n/a	n/a	n/a	n/a	n/a	n/a	n/a	n/a	n/a	n/a	n/a	n/a	n/a	n/a	n/a	n/a	n/a	n/a	n/a	n/a	n/a	2474.834134	n/a
2476.638829	0.000000	495328	ttl	4	72	n/a	n/a	n/a	n/a	n/a	n/a	n/a	n/a	n/a	n/a	n/a	n/a	n/a	n/a	n/a	n/a	n/a	n/a	n/a	n/a	n/a	2476.638829	n/a
2476.647531	0.000000	495330	ttl	11	72	n/a	n/a	n/a	n/a	n/a	n/a	n/a	n/a	n/a	n/a	n/a	n/a	n/a	n/a	n/a	n/a	n/a	n/a	n/a	n/a	n/a	2476.647531	n/a
2477.209312	2.031485	495442	time_discrimination	n/a	n/a	n/a	72.0	n/a	n/a	n/a	2476.64753075	n/a	1.6505235522272415	2.0	3	2.0	HB_33_LongA.png	n/a	3	2480.891321	n/a	80	1	1	intervals/timediscrimination_table	79	2477.209312	2479.240798
2477.209312	0.000000	495442	ttl	1	72	n/a	n/a	n/a	n/a	n/a	n/a	n/a	n/a	n/a	n/a	n/a	n/a	n/a	n/a	n/a	n/a	n/a	n/a	n/a	n/a	n/a	2477.209312	n/a
2479.240798	0.000000	495848	ttl	2	72	n/a	n/a	n/a	n/a	n/a	n/a	n/a	n/a	n/a	n/a	n/a	n/a	n/a	n/a	n/a	n/a	n/a	n/a	n/a	n/a	n/a	2479.240798	n/a
2480.891321	0.000000	496178	ttl	4	72	n/a	n/a	n/a	n/a	n/a	n/a	n/a	n/a	n/a	n/a	n/a	n/a	n/a	n/a	n/a	n/a	n/a	n/a	n/a	n/a	n/a	2480.891321	n/a
2480.914580	0.000000	496183	ttl	11	72	n/a	n/a	n/a	n/a	n/a	n/a	n/a	n/a	n/a	n/a	n/a	n/a	n/a	n/a	n/a	n/a	n/a	n/a	n/a	n/a	n/a	2480.914580	n/a
2481.496238	2.031511	496299	time_discrimination	n/a	n/a	n/a	72.0	n/a	n/a	n/a	2480.9145802499997	n/a	0.916335293713928	1.0	3	2.0	HB_39_LongA.png	n/a	6	2484.44408425	n/a	81	2	1	intervals/timediscrimination_table	80	2481.496238	2483.527749
2481.496238	0.000000	496299	ttl	1	72	n/a	n/a	n/a	n/a	n/a	n/a	n/a	n/a	n/a	n/a	n/a	n/a	n/a	n/a	n/a	n/a	n/a	n/a	n/a	n/a	n/a	2481.496238	n/a
2483.527749	0.000000	496706	ttl	2	72	n/a	n/a	n/a	n/a	n/a	n/a	n/a	n/a	n/a	n/a	n/a	n/a	n/a	n/a	n/a	n/a	n/a	n/a	n/a	n/a	n/a	2483.527749	n/a
2484.444084	0.000000	496889	ttl	4	72	n/a	n/a	n/a	n/a	n/a	n/a	n/a	n/a	n/a	n/a	n/a	n/a	n/a	n/a	n/a	n/a	n/a	n/a	n/a	n/a	n/a	2484.444084	n/a
2484.461490	0.000000	496892	ttl	11	72	n/a	n/a	n/a	n/a	n/a	n/a	n/a	n/a	n/a	n/a	n/a	n/a	n/a	n/a	n/a	n/a	n/a	n/a	n/a	n/a	n/a	2484.461490	n/a
2485.063669	2.031271	497013	time_discrimination	n/a	n/a	n/a	72.0	n/a	n/a	n/a	2484.46148975	n/a	0.5757230336166685	2.0	2	2.0	SB_16_ShortA.png	n/a	3	2487.6706635	n/a	82	1	1	intervals/timediscrimination_table	81	2485.063669	2487.094940
2485.063669	0.000000	497013	ttl	1	72	n/a	n/a	n/a	n/a	n/a	n/a	n/a	n/a	n/a	n/a	n/a	n/a	n/a	n/a	n/a	n/a	n/a	n/a	n/a	n/a	n/a	2485.063669	n/a
2487.094940	0.000000	497419	ttl	2	72	n/a	n/a	n/a	n/a	n/a	n/a	n/a	n/a	n/a	n/a	n/a	n/a	n/a	n/a	n/a	n/a	n/a	n/a	n/a	n/a	n/a	2487.094940	n/a
2487.670664	0.000000	497534	ttl	4	72	n/a	n/a	n/a	n/a	n/a	n/a	n/a	n/a	n/a	n/a	n/a	n/a	n/a	n/a	n/a	n/a	n/a	n/a	n/a	n/a	n/a	2487.670664	n/a
2487.684374	0.000000	497537	ttl	11	72	n/a	n/a	n/a	n/a	n/a	n/a	n/a	n/a	n/a	n/a	n/a	n/a	n/a	n/a	n/a	n/a	n/a	n/a	n/a	n/a	n/a	2487.684374	n/a
2488.246266	2.031271	497649	time_discrimination	n/a	n/a	n/a	72.0	n/a	n/a	n/a	2487.684374	n/a	1.9221548349378281	1.0	3	2.0	HB_31_ShortA.png	n/a	6	2492.19969175	n/a	83	2	1	intervals/timediscrimination_table	82	2488.246266	2490.277537
2488.246266	0.000000	497649	ttl	1	72	n/a	n/a	n/a	n/a	n/a	n/a	n/a	n/a	n/a	n/a	n/a	n/a	n/a	n/a	n/a	n/a	n/a	n/a	n/a	n/a	n/a	2488.246266	n/a
2490.277537	0.000000	498056	ttl	2	72	n/a	n/a	n/a	n/a	n/a	n/a	n/a	n/a	n/a	n/a	n/a	n/a	n/a	n/a	n/a	n/a	n/a	n/a	n/a	n/a	n/a	2490.277537	n/a
2492.199692	0.000000	498440	ttl	4	72	n/a	n/a	n/a	n/a	n/a	n/a	n/a	n/a	n/a	n/a	n/a	n/a	n/a	n/a	n/a	n/a	n/a	n/a	n/a	n/a	n/a	2492.199692	n/a
2492.220982	0.000000	498444	ttl	11	72	n/a	n/a	n/a	n/a	n/a	n/a	n/a	n/a	n/a	n/a	n/a	n/a	n/a	n/a	n/a	n/a	n/a	n/a	n/a	n/a	n/a	2492.220982	n/a
2492.823025	2.030854	498565	time_discrimination	n/a	n/a	n/a	72.0	n/a	n/a	n/a	2492.2209815	n/a	0.2123372489513713	2.0	2	2.0	SB_21_ShortA.png	n/a	6	2495.06621575	n/a	84	2	2	intervals/timediscrimination_table	83	2492.823025	2494.853879
2492.823025	0.000000	498565	ttl	1	72	n/a	n/a	n/a	n/a	n/a	n/a	n/a	n/a	n/a	n/a	n/a	n/a	n/a	n/a	n/a	n/a	n/a	n/a	n/a	n/a	n/a	2492.823025	n/a
2494.853879	0.000000	498971	ttl	2	72	n/a	n/a	n/a	n/a	n/a	n/a	n/a	n/a	n/a	n/a	n/a	n/a	n/a	n/a	n/a	n/a	n/a	n/a	n/a	n/a	n/a	2494.853879	n/a
2495.066216	0.000000	499013	ttl	4	72	n/a	n/a	n/a	n/a	n/a	n/a	n/a	n/a	n/a	n/a	n/a	n/a	n/a	n/a	n/a	n/a	n/a	n/a	n/a	n/a	n/a	2495.066216	n/a
2495.086088	0.000000	499017	ttl	11	72	n/a	n/a	n/a	n/a	n/a	n/a	n/a	n/a	n/a	n/a	n/a	n/a	n/a	n/a	n/a	n/a	n/a	n/a	n/a	n/a	n/a	2495.086088	n/a
2495.668156	2.031430	499134	time_discrimination	n/a	n/a	n/a	72.0	n/a	n/a	n/a	2495.086088	n/a	1.7453490148109267	2.0	3	2.0	HB_36_ShortA.png	n/a	3	2499.44493475	n/a	85	1	1	intervals/timediscrimination_table	84	2495.668156	2497.699586
2495.668156	0.000000	499134	ttl	1	72	n/a	n/a	n/a	n/a	n/a	n/a	n/a	n/a	n/a	n/a	n/a	n/a	n/a	n/a	n/a	n/a	n/a	n/a	n/a	n/a	n/a	2495.668156	n/a
2497.699586	0.000000	499540	ttl	2	72	n/a	n/a	n/a	n/a	n/a	n/a	n/a	n/a	n/a	n/a	n/a	n/a	n/a	n/a	n/a	n/a	n/a	n/a	n/a	n/a	n/a	2497.699586	n/a
2499.444935	0.000000	499889	ttl	4	72	n/a	n/a	n/a	n/a	n/a	n/a	n/a	n/a	n/a	n/a	n/a	n/a	n/a	n/a	n/a	n/a	n/a	n/a	n/a	n/a	n/a	2499.444935	n/a
2499.469770	0.000000	499894	ttl	11	72	n/a	n/a	n/a	n/a	n/a	n/a	n/a	n/a	n/a	n/a	n/a	n/a	n/a	n/a	n/a	n/a	n/a	n/a	n/a	n/a	n/a	2499.469770	n/a
2500.091821	2.030789	500018	time_discrimination	n/a	n/a	n/a	72.0	n/a	n/a	n/a	2499.4697699999997	n/a	1.8176474255560606	1.0	2	2.0	SB_53_LongA.png	n/a	3	2503.9402575	n/a	86	1	2	intervals/timediscrimination_table	85	2500.091821	2502.122610
2500.091821	0.000000	500018	ttl	1	72	n/a	n/a	n/a	n/a	n/a	n/a	n/a	n/a	n/a	n/a	n/a	n/a	n/a	n/a	n/a	n/a	n/a	n/a	n/a	n/a	n/a	2500.091821	n/a
2502.122610	0.000000	500425	ttl	2	72	n/a	n/a	n/a	n/a	n/a	n/a	n/a	n/a	n/a	n/a	n/a	n/a	n/a	n/a	n/a	n/a	n/a	n/a	n/a	n/a	n/a	2502.122610	n/a
2503.940257	0.000000	500788	ttl	4	72	n/a	n/a	n/a	n/a	n/a	n/a	n/a	n/a	n/a	n/a	n/a	n/a	n/a	n/a	n/a	n/a	n/a	n/a	n/a	n/a	n/a	2503.940257	n/a
2503.952992	0.000000	500791	ttl	11	72	n/a	n/a	n/a	n/a	n/a	n/a	n/a	n/a	n/a	n/a	n/a	n/a	n/a	n/a	n/a	n/a	n/a	n/a	n/a	n/a	n/a	2503.952992	n/a
2504.575081	2.031386	500915	time_discrimination	n/a	n/a	n/a	72.0	n/a	n/a	n/a	2503.95299225	n/a	2.7968549389843247	2.0	3	2.0	HB_24_LongA.png	n/a	6	2509.4033225	n/a	87	2	2	intervals/timediscrimination_table	86	2504.575081	2506.606467
2504.575081	0.000000	500915	ttl	1	72	n/a	n/a	n/a	n/a	n/a	n/a	n/a	n/a	n/a	n/a	n/a	n/a	n/a	n/a	n/a	n/a	n/a	n/a	n/a	n/a	n/a	2504.575081	n/a
2506.606467	0.000000	501321	ttl	2	72	n/a	n/a	n/a	n/a	n/a	n/a	n/a	n/a	n/a	n/a	n/a	n/a	n/a	n/a	n/a	n/a	n/a	n/a	n/a	n/a	n/a	2506.606467	n/a
2509.403322	0.000000	501881	ttl	4	72	n/a	n/a	n/a	n/a	n/a	n/a	n/a	n/a	n/a	n/a	n/a	n/a	n/a	n/a	n/a	n/a	n/a	n/a	n/a	n/a	n/a	2509.403322	n/a
2509.422381	0.000000	501884	ttl	11	72	n/a	n/a	n/a	n/a	n/a	n/a	n/a	n/a	n/a	n/a	n/a	n/a	n/a	n/a	n/a	n/a	n/a	n/a	n/a	n/a	n/a	2509.422381	n/a
2510.024408	2.031378	502005	time_discrimination	n/a	n/a	n/a	72.0	n/a	n/a	n/a	2509.42238075	n/a	2.6396966886604787	2.0	2	2.0	SB_7_ShortA.png	n/a	6	2514.695482	n/a	88	2	2	intervals/timediscrimination_table	87	2510.024408	2512.055785
2510.024408	0.000000	502005	ttl	1	72	n/a	n/a	n/a	n/a	n/a	n/a	n/a	n/a	n/a	n/a	n/a	n/a	n/a	n/a	n/a	n/a	n/a	n/a	n/a	n/a	n/a	2510.024408	n/a
2512.055785	0.000000	502411	ttl	2	72	n/a	n/a	n/a	n/a	n/a	n/a	n/a	n/a	n/a	n/a	n/a	n/a	n/a	n/a	n/a	n/a	n/a	n/a	n/a	n/a	n/a	2512.055785	n/a
2514.695482	0.000000	502939	ttl	4	72	n/a	n/a	n/a	n/a	n/a	n/a	n/a	n/a	n/a	n/a	n/a	n/a	n/a	n/a	n/a	n/a	n/a	n/a	n/a	n/a	n/a	2514.695482	n/a
2514.719531	0.000000	502944	ttl	11	72	n/a	n/a	n/a	n/a	n/a	n/a	n/a	n/a	n/a	n/a	n/a	n/a	n/a	n/a	n/a	n/a	n/a	n/a	n/a	n/a	n/a	2514.719531	n/a
2515.381612	2.031494	503076	time_discrimination	n/a	n/a	n/a	72.0	n/a	n/a	n/a	2514.71953075	n/a	0.9794595648381801	1.0	2	2.0	SB_4_LongA.png	n/a	6	2518.3925652499997	n/a	89	2	1	intervals/timediscrimination_table	88	2515.381612	2517.413106
2515.381612	0.000000	503076	ttl	1	72	n/a	n/a	n/a	n/a	n/a	n/a	n/a	n/a	n/a	n/a	n/a	n/a	n/a	n/a	n/a	n/a	n/a	n/a	n/a	n/a	n/a	2515.381612	n/a
2517.413106	0.000000	503483	ttl	2	72	n/a	n/a	n/a	n/a	n/a	n/a	n/a	n/a	n/a	n/a	n/a	n/a	n/a	n/a	n/a	n/a	n/a	n/a	n/a	n/a	n/a	2517.413106	n/a
2518.392565	0.000000	503679	ttl	4	72	n/a	n/a	n/a	n/a	n/a	n/a	n/a	n/a	n/a	n/a	n/a	n/a	n/a	n/a	n/a	n/a	n/a	n/a	n/a	n/a	n/a	2518.392565	n/a
2518.398403	0.000000	503680	ttl	11	72	n/a	n/a	n/a	n/a	n/a	n/a	n/a	n/a	n/a	n/a	n/a	n/a	n/a	n/a	n/a	n/a	n/a	n/a	n/a	n/a	n/a	2518.398403	n/a
2518.980509	2.031330	503796	time_discrimination	n/a	n/a	n/a	72.0	n/a	n/a	n/a	2518.39840325	n/a	1.7815741380218242	1.0	1	2.0	NB_15_LongA.png	n/a	3	2522.7934139999998	n/a	90	1	2	intervals/timediscrimination_table	89	2518.980509	2521.011840
2518.980509	0.000000	503796	ttl	1	72	n/a	n/a	n/a	n/a	n/a	n/a	n/a	n/a	n/a	n/a	n/a	n/a	n/a	n/a	n/a	n/a	n/a	n/a	n/a	n/a	n/a	2518.980509	n/a
2521.011840	0.000000	504202	ttl	2	72	n/a	n/a	n/a	n/a	n/a	n/a	n/a	n/a	n/a	n/a	n/a	n/a	n/a	n/a	n/a	n/a	n/a	n/a	n/a	n/a	n/a	2521.011840	n/a
2522.793414	0.000000	504559	ttl	4	72	n/a	n/a	n/a	n/a	n/a	n/a	n/a	n/a	n/a	n/a	n/a	n/a	n/a	n/a	n/a	n/a	n/a	n/a	n/a	n/a	n/a	2522.793414	n/a
2522.809539	0.000000	504562	ttl	11	72	n/a	n/a	n/a	n/a	n/a	n/a	n/a	n/a	n/a	n/a	n/a	n/a	n/a	n/a	n/a	n/a	n/a	n/a	n/a	n/a	n/a	2522.809539	n/a
2523.451981	2.031372	504690	time_discrimination	n/a	n/a	n/a	72.0	n/a	n/a	n/a	2522.80953875	n/a	0.7809068645947264	1.0	1	3.0	NB_27_ShortA.png	n/a	7	2526.26426	n/a	91	2	1	intervals/timediscrimination_table	90	2523.451981	2525.483353
2523.451981	0.000000	504690	ttl	1	72	n/a	n/a	n/a	n/a	n/a	n/a	n/a	n/a	n/a	n/a	n/a	n/a	n/a	n/a	n/a	n/a	n/a	n/a	n/a	n/a	n/a	2523.451981	n/a
2525.483353	0.000000	505097	ttl	2	72	n/a	n/a	n/a	n/a	n/a	n/a	n/a	n/a	n/a	n/a	n/a	n/a	n/a	n/a	n/a	n/a	n/a	n/a	n/a	n/a	n/a	2525.483353	n/a
2526.264260	0.000000	505253	ttl	4	72	n/a	n/a	n/a	n/a	n/a	n/a	n/a	n/a	n/a	n/a	n/a	n/a	n/a	n/a	n/a	n/a	n/a	n/a	n/a	n/a	n/a	2526.264260	n/a
2526.272568	0.000000	505255	ttl	11	72	n/a	n/a	n/a	n/a	n/a	n/a	n/a	n/a	n/a	n/a	n/a	n/a	n/a	n/a	n/a	n/a	n/a	n/a	n/a	n/a	n/a	2526.272568	n/a
2526.894662	2.031018	505379	time_discrimination	n/a	n/a	n/a	72.0	n/a	n/a	n/a	2526.27256825	n/a	0.1336043561095721	2.0	3	2.0	HB_32_LongA.png	n/a	3	2529.0592847499997	n/a	92	1	1	intervals/timediscrimination_table	91	2526.894662	2528.925680
2526.894662	0.000000	505379	ttl	1	72	n/a	n/a	n/a	n/a	n/a	n/a	n/a	n/a	n/a	n/a	n/a	n/a	n/a	n/a	n/a	n/a	n/a	n/a	n/a	n/a	n/a	2526.894662	n/a
2528.925680	0.000000	505785	ttl	2	72	n/a	n/a	n/a	n/a	n/a	n/a	n/a	n/a	n/a	n/a	n/a	n/a	n/a	n/a	n/a	n/a	n/a	n/a	n/a	n/a	n/a	2528.925680	n/a
2529.059285	0.000000	505812	ttl	4	72	n/a	n/a	n/a	n/a	n/a	n/a	n/a	n/a	n/a	n/a	n/a	n/a	n/a	n/a	n/a	n/a	n/a	n/a	n/a	n/a	n/a	2529.059285	n/a
2529.076244	0.000000	505815	ttl	11	72	n/a	n/a	n/a	n/a	n/a	n/a	n/a	n/a	n/a	n/a	n/a	n/a	n/a	n/a	n/a	n/a	n/a	n/a	n/a	n/a	n/a	2529.076244	n/a
2529.698106	2.031577	505940	time_discrimination	n/a	n/a	n/a	72.0	n/a	n/a	n/a	2529.07624375	n/a	1.9375341419254255	2.0	1	2.0	NB_11_LongA.png	n/a	6	2533.6672169999997	n/a	93	2	2	intervals/timediscrimination_table	92	2529.698106	2531.729683
2529.698106	0.000000	505940	ttl	1	72	n/a	n/a	n/a	n/a	n/a	n/a	n/a	n/a	n/a	n/a	n/a	n/a	n/a	n/a	n/a	n/a	n/a	n/a	n/a	n/a	n/a	2529.698106	n/a
2531.729683	0.000000	506346	ttl	2	72	n/a	n/a	n/a	n/a	n/a	n/a	n/a	n/a	n/a	n/a	n/a	n/a	n/a	n/a	n/a	n/a	n/a	n/a	n/a	n/a	n/a	2531.729683	n/a
2533.667217	0.000000	506733	ttl	4	72	n/a	n/a	n/a	n/a	n/a	n/a	n/a	n/a	n/a	n/a	n/a	n/a	n/a	n/a	n/a	n/a	n/a	n/a	n/a	n/a	n/a	2533.667217	n/a
2533.690860	0.000000	506738	ttl	11	72	n/a	n/a	n/a	n/a	n/a	n/a	n/a	n/a	n/a	n/a	n/a	n/a	n/a	n/a	n/a	n/a	n/a	n/a	n/a	n/a	n/a	2533.690860	n/a
2534.252714	2.031364	506851	time_discrimination	n/a	n/a	n/a	72.0	n/a	n/a	n/a	2533.69085975	n/a	0.32557609195282566	1.0	1	2.0	NB_10_LongA.png	n/a	6	2536.609654	n/a	94	2	1	intervals/timediscrimination_table	93	2534.252714	2536.284078
2534.252714	0.000000	506851	ttl	1	72	n/a	n/a	n/a	n/a	n/a	n/a	n/a	n/a	n/a	n/a	n/a	n/a	n/a	n/a	n/a	n/a	n/a	n/a	n/a	n/a	n/a	2534.252714	n/a
2536.284078	0.000000	507257	ttl	2	72	n/a	n/a	n/a	n/a	n/a	n/a	n/a	n/a	n/a	n/a	n/a	n/a	n/a	n/a	n/a	n/a	n/a	n/a	n/a	n/a	n/a	2536.284078	n/a
2536.609654	0.000000	507322	ttl	4	72	n/a	n/a	n/a	n/a	n/a	n/a	n/a	n/a	n/a	n/a	n/a	n/a	n/a	n/a	n/a	n/a	n/a	n/a	n/a	n/a	n/a	2536.609654	n/a
2536.620365	0.000000	507324	ttl	11	72	n/a	n/a	n/a	n/a	n/a	n/a	n/a	n/a	n/a	n/a	n/a	n/a	n/a	n/a	n/a	n/a	n/a	n/a	n/a	n/a	n/a	2536.620365	n/a
2537.222633	2.031350	507445	time_discrimination	n/a	n/a	n/a	72.0	n/a	n/a	n/a	2536.6203647499997	n/a	1.9393295378031326	2.0	1	2.0	NB_3_LongA.png	n/a	6	2541.193312	n/a	95	2	2	intervals/timediscrimination_table	94	2537.222633	2539.253982
2537.222633	0.000000	507445	ttl	1	72	n/a	n/a	n/a	n/a	n/a	n/a	n/a	n/a	n/a	n/a	n/a	n/a	n/a	n/a	n/a	n/a	n/a	n/a	n/a	n/a	n/a	2537.222633	n/a
2539.253982	0.000000	507851	ttl	2	72	n/a	n/a	n/a	n/a	n/a	n/a	n/a	n/a	n/a	n/a	n/a	n/a	n/a	n/a	n/a	n/a	n/a	n/a	n/a	n/a	n/a	2539.253982	n/a
2541.193312	0.000000	508239	ttl	4	72	n/a	n/a	n/a	n/a	n/a	n/a	n/a	n/a	n/a	n/a	n/a	n/a	n/a	n/a	n/a	n/a	n/a	n/a	n/a	n/a	n/a	2541.193312	n/a
2541.217282	0.000000	508243	ttl	11	72	n/a	n/a	n/a	n/a	n/a	n/a	n/a	n/a	n/a	n/a	n/a	n/a	n/a	n/a	n/a	n/a	n/a	n/a	n/a	n/a	n/a	2541.217282	n/a
2541.879516	2.031369	508376	time_discrimination	n/a	n/a	n/a	72.0	n/a	n/a	n/a	2541.2172822499997	n/a	0.6829933592453017	1.0	1	2.0	NB_21_ShortA.png	n/a	6	2544.593879	n/a	96	2	1	intervals/timediscrimination_table	95	2541.879516	2543.910886
2541.879516	0.000000	508376	ttl	1	72	n/a	n/a	n/a	n/a	n/a	n/a	n/a	n/a	n/a	n/a	n/a	n/a	n/a	n/a	n/a	n/a	n/a	n/a	n/a	n/a	n/a	2541.879516	n/a
2543.910886	0.000000	508782	ttl	2	72	n/a	n/a	n/a	n/a	n/a	n/a	n/a	n/a	n/a	n/a	n/a	n/a	n/a	n/a	n/a	n/a	n/a	n/a	n/a	n/a	n/a	2543.910886	n/a
2544.593879	0.000000	508919	ttl	4	72	n/a	n/a	n/a	n/a	n/a	n/a	n/a	n/a	n/a	n/a	n/a	n/a	n/a	n/a	n/a	n/a	n/a	n/a	n/a	n/a	n/a	2544.593879	n/a
2544.612716	0.000000	508923	ttl	11	72	n/a	n/a	n/a	n/a	n/a	n/a	n/a	n/a	n/a	n/a	n/a	n/a	n/a	n/a	n/a	n/a	n/a	n/a	n/a	n/a	n/a	2544.612716	n/a
2545.174764	2.031354	509035	time_discrimination	n/a	n/a	n/a	72.0	n/a	n/a	n/a	2544.6127165	n/a	1.3745004719567078	1.0	1	2.0	NB_25_ShortA.png	n/a	6	2548.5806184999997	n/a	97	2	1	intervals/timediscrimination_table	96	2545.174764	2547.206118
2545.174764	0.000000	509035	ttl	1	72	n/a	n/a	n/a	n/a	n/a	n/a	n/a	n/a	n/a	n/a	n/a	n/a	n/a	n/a	n/a	n/a	n/a	n/a	n/a	n/a	n/a	2545.174764	n/a
2547.206118	0.000000	509441	ttl	2	72	n/a	n/a	n/a	n/a	n/a	n/a	n/a	n/a	n/a	n/a	n/a	n/a	n/a	n/a	n/a	n/a	n/a	n/a	n/a	n/a	n/a	2547.206118	n/a
2548.580618	0.000000	509716	ttl	4	72	n/a	n/a	n/a	n/a	n/a	n/a	n/a	n/a	n/a	n/a	n/a	n/a	n/a	n/a	n/a	n/a	n/a	n/a	n/a	n/a	n/a	2548.580618	n/a
2548.601137	0.000000	509720	ttl	11	72	n/a	n/a	n/a	n/a	n/a	n/a	n/a	n/a	n/a	n/a	n/a	n/a	n/a	n/a	n/a	n/a	n/a	n/a	n/a	n/a	n/a	2548.601137	n/a
2549.142965	2.030921	509829	time_discrimination	n/a	n/a	n/a	72.0	n/a	n/a	n/a	2548.601137	n/a	1.9623779282628675	2.0	2	3.0	SB_5_ShortA.png	n/a	2	2553.1362637499997	n/a	98	1	1	intervals/timediscrimination_table	97	2549.142965	2551.173886
2549.142965	0.000000	509829	ttl	1	72	n/a	n/a	n/a	n/a	n/a	n/a	n/a	n/a	n/a	n/a	n/a	n/a	n/a	n/a	n/a	n/a	n/a	n/a	n/a	n/a	n/a	2549.142965	n/a
2551.173886	0.000000	510235	ttl	2	72	n/a	n/a	n/a	n/a	n/a	n/a	n/a	n/a	n/a	n/a	n/a	n/a	n/a	n/a	n/a	n/a	n/a	n/a	n/a	n/a	n/a	2551.173886	n/a
2553.136264	0.000000	510627	ttl	4	72	n/a	n/a	n/a	n/a	n/a	n/a	n/a	n/a	n/a	n/a	n/a	n/a	n/a	n/a	n/a	n/a	n/a	n/a	n/a	n/a	n/a	2553.136264	n/a
2553.144748	0.000000	510629	ttl	11	72	n/a	n/a	n/a	n/a	n/a	n/a	n/a	n/a	n/a	n/a	n/a	n/a	n/a	n/a	n/a	n/a	n/a	n/a	n/a	n/a	n/a	2553.144748	n/a
2553.766866	2.031581	510753	time_discrimination	n/a	n/a	n/a	72.0	n/a	n/a	n/a	2553.14474775	n/a	2.652504849349498	1.0	1	3.0	NB_7_LongA.png	n/a	7	2558.45095175	n/a	99	2	1	intervals/timediscrimination_table	98	2553.766866	2555.798447
2553.766866	0.000000	510753	ttl	1	72	n/a	n/a	n/a	n/a	n/a	n/a	n/a	n/a	n/a	n/a	n/a	n/a	n/a	n/a	n/a	n/a	n/a	n/a	n/a	n/a	n/a	2553.766866	n/a
2555.798447	0.000000	511160	ttl	2	72	n/a	n/a	n/a	n/a	n/a	n/a	n/a	n/a	n/a	n/a	n/a	n/a	n/a	n/a	n/a	n/a	n/a	n/a	n/a	n/a	n/a	2555.798447	n/a
2558.450952	0.000000	511690	ttl	4	72	n/a	n/a	n/a	n/a	n/a	n/a	n/a	n/a	n/a	n/a	n/a	n/a	n/a	n/a	n/a	n/a	n/a	n/a	n/a	n/a	n/a	2558.450952	n/a
2558.456088	0.000000	511691	ttl	11	72	n/a	n/a	n/a	n/a	n/a	n/a	n/a	n/a	n/a	n/a	n/a	n/a	n/a	n/a	n/a	n/a	n/a	n/a	n/a	n/a	n/a	2558.456088	n/a
2559.098423	2.031342	511820	time_discrimination	n/a	n/a	n/a	72.0	n/a	n/a	n/a	2558.456088	n/a	1.7351464540879533	2.0	1	2.0	NB_14_ShortA.png	n/a	6	2562.8649115	n/a	100	2	2	intervals/timediscrimination_table	99	2559.098423	2561.129765
2559.098423	0.000000	511820	ttl	1	72	n/a	n/a	n/a	n/a	n/a	n/a	n/a	n/a	n/a	n/a	n/a	n/a	n/a	n/a	n/a	n/a	n/a	n/a	n/a	n/a	n/a	2559.098423	n/a
2561.129765	0.000000	512226	ttl	2	72	n/a	n/a	n/a	n/a	n/a	n/a	n/a	n/a	n/a	n/a	n/a	n/a	n/a	n/a	n/a	n/a	n/a	n/a	n/a	n/a	n/a	2561.129765	n/a
2562.864911	0.000000	512573	ttl	4	72	n/a	n/a	n/a	n/a	n/a	n/a	n/a	n/a	n/a	n/a	n/a	n/a	n/a	n/a	n/a	n/a	n/a	n/a	n/a	n/a	n/a	2562.864911	n/a
2562.877421	0.000000	512575	ttl	11	72	n/a	n/a	n/a	n/a	n/a	n/a	n/a	n/a	n/a	n/a	n/a	n/a	n/a	n/a	n/a	n/a	n/a	n/a	n/a	n/a	n/a	2562.877421	n/a
2563.539869	2.030674	512708	time_discrimination	n/a	n/a	n/a	72.0	n/a	n/a	n/a	2562.8774209999997	n/a	0.6139303596246464	2.0	2	3.0	SB_26_ShortA.png	n/a	7	2566.184473	n/a	101	2	2	intervals/timediscrimination_table	100	2563.539869	2565.570543
2563.539869	0.000000	512708	ttl	1	72	n/a	n/a	n/a	n/a	n/a	n/a	n/a	n/a	n/a	n/a	n/a	n/a	n/a	n/a	n/a	n/a	n/a	n/a	n/a	n/a	n/a	2563.539869	n/a
2565.570543	0.000000	513114	ttl	2	72	n/a	n/a	n/a	n/a	n/a	n/a	n/a	n/a	n/a	n/a	n/a	n/a	n/a	n/a	n/a	n/a	n/a	n/a	n/a	n/a	n/a	2565.570543	n/a
2566.184473	0.000000	513237	ttl	4	72	n/a	n/a	n/a	n/a	n/a	n/a	n/a	n/a	n/a	n/a	n/a	n/a	n/a	n/a	n/a	n/a	n/a	n/a	n/a	n/a	n/a	2566.184473	n/a
2566.195690	0.000000	513239	ttl	11	72	n/a	n/a	n/a	n/a	n/a	n/a	n/a	n/a	n/a	n/a	n/a	n/a	n/a	n/a	n/a	n/a	n/a	n/a	n/a	n/a	n/a	2566.195690	n/a
2566.817741	2.031202	513364	time_discrimination	n/a	n/a	n/a	72.0	n/a	n/a	n/a	2566.19569025	n/a	0.9065814823443361	2.0	2	2.0	SB_43_ShortA.png	n/a	6	2569.7555245	n/a	102	2	2	intervals/timediscrimination_table	101	2566.817741	2568.848943
2566.817741	0.000000	513364	ttl	1	72	n/a	n/a	n/a	n/a	n/a	n/a	n/a	n/a	n/a	n/a	n/a	n/a	n/a	n/a	n/a	n/a	n/a	n/a	n/a	n/a	n/a	2566.817741	n/a
2568.848943	0.000000	513770	ttl	2	72	n/a	n/a	n/a	n/a	n/a	n/a	n/a	n/a	n/a	n/a	n/a	n/a	n/a	n/a	n/a	n/a	n/a	n/a	n/a	n/a	n/a	2568.848943	n/a
2569.755524	0.000000	513951	ttl	4	72	n/a	n/a	n/a	n/a	n/a	n/a	n/a	n/a	n/a	n/a	n/a	n/a	n/a	n/a	n/a	n/a	n/a	n/a	n/a	n/a	n/a	2569.755524	n/a
2569.777892	0.000000	513956	ttl	11	72	n/a	n/a	n/a	n/a	n/a	n/a	n/a	n/a	n/a	n/a	n/a	n/a	n/a	n/a	n/a	n/a	n/a	n/a	n/a	n/a	n/a	2569.777892	n/a
2570.379923	2.031347	514076	time_discrimination	n/a	n/a	n/a	72.0	n/a	n/a	n/a	2569.777892	n/a	3.2293969966594887	1.0	1	2.0	NB_8_LongA.png	n/a	6	2575.6406672499998	n/a	103	2	1	intervals/timediscrimination_table	102	2570.379923	2572.411270
2570.379923	0.000000	514076	ttl	1	72	n/a	n/a	n/a	n/a	n/a	n/a	n/a	n/a	n/a	n/a	n/a	n/a	n/a	n/a	n/a	n/a	n/a	n/a	n/a	n/a	n/a	2570.379923	n/a
2572.411270	0.000000	514482	ttl	2	72	n/a	n/a	n/a	n/a	n/a	n/a	n/a	n/a	n/a	n/a	n/a	n/a	n/a	n/a	n/a	n/a	n/a	n/a	n/a	n/a	n/a	2572.411270	n/a
2575.640667	0.000000	515128	ttl	4	72	n/a	n/a	n/a	n/a	n/a	n/a	n/a	n/a	n/a	n/a	n/a	n/a	n/a	n/a	n/a	n/a	n/a	n/a	n/a	n/a	n/a	2575.640667	n/a
2575.660423	0.000000	515132	ttl	11	72	n/a	n/a	n/a	n/a	n/a	n/a	n/a	n/a	n/a	n/a	n/a	n/a	n/a	n/a	n/a	n/a	n/a	n/a	n/a	n/a	n/a	2575.660423	n/a
2576.202232	2.030861	515240	time_discrimination	n/a	n/a	n/a	72.0	n/a	n/a	n/a	2575.66042325	n/a	1.148150746626925	1.0	3	2.0	HB_13_LongA.png	n/a	3	2579.3812439999997	n/a	104	1	2	intervals/timediscrimination_table	103	2576.202232	2578.233093
2576.202232	0.000000	515240	ttl	1	72	n/a	n/a	n/a	n/a	n/a	n/a	n/a	n/a	n/a	n/a	n/a	n/a	n/a	n/a	n/a	n/a	n/a	n/a	n/a	n/a	n/a	2576.202232	n/a
2578.233093	0.000000	515647	ttl	2	72	n/a	n/a	n/a	n/a	n/a	n/a	n/a	n/a	n/a	n/a	n/a	n/a	n/a	n/a	n/a	n/a	n/a	n/a	n/a	n/a	n/a	2578.233093	n/a
2579.381244	0.000000	515876	ttl	4	72	n/a	n/a	n/a	n/a	n/a	n/a	n/a	n/a	n/a	n/a	n/a	n/a	n/a	n/a	n/a	n/a	n/a	n/a	n/a	n/a	n/a	2579.381244	n/a
2579.388487	0.000000	515878	ttl	11	72	n/a	n/a	n/a	n/a	n/a	n/a	n/a	n/a	n/a	n/a	n/a	n/a	n/a	n/a	n/a	n/a	n/a	n/a	n/a	n/a	n/a	2579.388487	n/a
2580.010799	2.031314	516002	time_discrimination	n/a	n/a	n/a	72.0	n/a	n/a	n/a	2579.38848725	n/a	2.6323283653146063	1.0	2	2.0	SB_24_LongA.png	n/a	6	2584.6744412499997	n/a	105	2	1	intervals/timediscrimination_table	104	2580.010799	2582.042113
2580.010799	0.000000	516002	ttl	1	72	n/a	n/a	n/a	n/a	n/a	n/a	n/a	n/a	n/a	n/a	n/a	n/a	n/a	n/a	n/a	n/a	n/a	n/a	n/a	n/a	n/a	2580.010799	n/a
2582.042113	0.000000	516408	ttl	2	72	n/a	n/a	n/a	n/a	n/a	n/a	n/a	n/a	n/a	n/a	n/a	n/a	n/a	n/a	n/a	n/a	n/a	n/a	n/a	n/a	n/a	2582.042113	n/a
2584.674441	0.000000	516935	ttl	4	72	n/a	n/a	n/a	n/a	n/a	n/a	n/a	n/a	n/a	n/a	n/a	n/a	n/a	n/a	n/a	n/a	n/a	n/a	n/a	n/a	n/a	2584.674441	n/a
2584.687958	0.000000	516938	ttl	11	72	n/a	n/a	n/a	n/a	n/a	n/a	n/a	n/a	n/a	n/a	n/a	n/a	n/a	n/a	n/a	n/a	n/a	n/a	n/a	n/a	n/a	2584.687958	n/a
2585.310067	2.031362	517062	time_discrimination	n/a	n/a	n/a	72.0	n/a	n/a	n/a	2584.68795775	n/a	1.5542955601922586	1.0	2	2.0	SB_36_LongA.png	n/a	6	2588.89572525	n/a	106	2	1	intervals/timediscrimination_table	105	2585.310067	2587.341430
2585.310067	0.000000	517062	ttl	1	72	n/a	n/a	n/a	n/a	n/a	n/a	n/a	n/a	n/a	n/a	n/a	n/a	n/a	n/a	n/a	n/a	n/a	n/a	n/a	n/a	n/a	2585.310067	n/a
2587.341430	0.000000	517468	ttl	2	72	n/a	n/a	n/a	n/a	n/a	n/a	n/a	n/a	n/a	n/a	n/a	n/a	n/a	n/a	n/a	n/a	n/a	n/a	n/a	n/a	n/a	2587.341430	n/a
2588.895725	0.000000	517779	ttl	4	72	n/a	n/a	n/a	n/a	n/a	n/a	n/a	n/a	n/a	n/a	n/a	n/a	n/a	n/a	n/a	n/a	n/a	n/a	n/a	n/a	n/a	2588.895725	n/a
2588.904207	0.000000	517781	ttl	11	72	n/a	n/a	n/a	n/a	n/a	n/a	n/a	n/a	n/a	n/a	n/a	n/a	n/a	n/a	n/a	n/a	n/a	n/a	n/a	n/a	n/a	2588.904207	n/a
2589.526445	2.031317	517905	time_discrimination	n/a	n/a	n/a	72.0	n/a	n/a	n/a	2588.90420675	n/a	1.9111695276624232	2.0	2	3.0	SB_51_ShortA.png	n/a	7	2593.4689317499997	n/a	107	2	2	intervals/timediscrimination_table	106	2589.526445	2591.557762
2589.526445	0.000000	517905	ttl	1	72	n/a	n/a	n/a	n/a	n/a	n/a	n/a	n/a	n/a	n/a	n/a	n/a	n/a	n/a	n/a	n/a	n/a	n/a	n/a	n/a	n/a	2589.526445	n/a
2591.557762	0.000000	518312	ttl	2	72	n/a	n/a	n/a	n/a	n/a	n/a	n/a	n/a	n/a	n/a	n/a	n/a	n/a	n/a	n/a	n/a	n/a	n/a	n/a	n/a	n/a	2591.557762	n/a
2593.468932	0.000000	518694	ttl	4	72	n/a	n/a	n/a	n/a	n/a	n/a	n/a	n/a	n/a	n/a	n/a	n/a	n/a	n/a	n/a	n/a	n/a	n/a	n/a	n/a	n/a	2593.468932	n/a
2593.492915	0.000000	518699	ttl	11	72	n/a	n/a	n/a	n/a	n/a	n/a	n/a	n/a	n/a	n/a	n/a	n/a	n/a	n/a	n/a	n/a	n/a	n/a	n/a	n/a	n/a	2593.492915	n/a
2594.114999	2.031508	518823	time_discrimination	n/a	n/a	n/a	72.0	n/a	n/a	n/a	2593.49291525	n/a	1.2542723965125333	2.0	1	3.0	NB_17_ShortA.png	n/a	7	2597.4007794999998	n/a	108	2	2	intervals/timediscrimination_table	107	2594.114999	2596.146507
2594.114999	0.000000	518823	ttl	1	72	n/a	n/a	n/a	n/a	n/a	n/a	n/a	n/a	n/a	n/a	n/a	n/a	n/a	n/a	n/a	n/a	n/a	n/a	n/a	n/a	n/a	2594.114999	n/a
2596.146507	0.000000	519229	ttl	2	72	n/a	n/a	n/a	n/a	n/a	n/a	n/a	n/a	n/a	n/a	n/a	n/a	n/a	n/a	n/a	n/a	n/a	n/a	n/a	n/a	n/a	2596.146507	n/a
2597.400779	0.000000	519480	ttl	4	72	n/a	n/a	n/a	n/a	n/a	n/a	n/a	n/a	n/a	n/a	n/a	n/a	n/a	n/a	n/a	n/a	n/a	n/a	n/a	n/a	n/a	2597.400779	n/a
2597.416172	0.000000	519483	ttl	11	72	n/a	n/a	n/a	n/a	n/a	n/a	n/a	n/a	n/a	n/a	n/a	n/a	n/a	n/a	n/a	n/a	n/a	n/a	n/a	n/a	n/a	2597.416172	n/a
2598.058322	2.030696	519612	time_discrimination	n/a	n/a	n/a	72.0	n/a	n/a	n/a	2597.41617175	n/a	2.2348006377214915	2.0	2	3.0	SB_23_ShortA.png	n/a	7	2602.3238189999997	n/a	109	2	2	intervals/timediscrimination_table	108	2598.058322	2600.089018
2598.058322	0.000000	519612	ttl	1	72	n/a	n/a	n/a	n/a	n/a	n/a	n/a	n/a	n/a	n/a	n/a	n/a	n/a	n/a	n/a	n/a	n/a	n/a	n/a	n/a	n/a	2598.058322	n/a
2600.089018	0.000000	520018	ttl	2	72	n/a	n/a	n/a	n/a	n/a	n/a	n/a	n/a	n/a	n/a	n/a	n/a	n/a	n/a	n/a	n/a	n/a	n/a	n/a	n/a	n/a	2600.089018	n/a
2602.323819	0.000000	520465	ttl	4	72	n/a	n/a	n/a	n/a	n/a	n/a	n/a	n/a	n/a	n/a	n/a	n/a	n/a	n/a	n/a	n/a	n/a	n/a	n/a	n/a	n/a	2602.323819	n/a
2602.344590	0.000000	520469	ttl	11	72	n/a	n/a	n/a	n/a	n/a	n/a	n/a	n/a	n/a	n/a	n/a	n/a	n/a	n/a	n/a	n/a	n/a	n/a	n/a	n/a	n/a	2602.344590	n/a
2602.926387	2.031542	520585	time_discrimination	n/a	n/a	n/a	72.0	n/a	n/a	n/a	2602.34459025	n/a	0.29189853440766456	2.0	2	3.0	SB_13_ShortA.png	n/a	7	2605.24982775	n/a	110	2	2	intervals/timediscrimination_table	109	2602.926387	2604.957929
2602.926387	0.000000	520585	ttl	1	72	n/a	n/a	n/a	n/a	n/a	n/a	n/a	n/a	n/a	n/a	n/a	n/a	n/a	n/a	n/a	n/a	n/a	n/a	n/a	n/a	n/a	2602.926387	n/a
2604.957929	0.000000	520992	ttl	2	72	n/a	n/a	n/a	n/a	n/a	n/a	n/a	n/a	n/a	n/a	n/a	n/a	n/a	n/a	n/a	n/a	n/a	n/a	n/a	n/a	n/a	2604.957929	n/a
2605.249828	0.000000	521050	ttl	4	72	n/a	n/a	n/a	n/a	n/a	n/a	n/a	n/a	n/a	n/a	n/a	n/a	n/a	n/a	n/a	n/a	n/a	n/a	n/a	n/a	n/a	2605.249828	n/a
2605.258130	0.000000	521052	ttl	11	72	n/a	n/a	n/a	n/a	n/a	n/a	n/a	n/a	n/a	n/a	n/a	n/a	n/a	n/a	n/a	n/a	n/a	n/a	n/a	n/a	n/a	2605.258130	n/a
2605.820033	2.030733	521164	time_discrimination	n/a	n/a	n/a	72.0	n/a	n/a	n/a	2605.2581305	n/a	1.0852484650458791	2.0	3	3.0	HB_58_LongA.png	n/a	7	2608.9360147499997	n/a	111	2	2	intervals/timediscrimination_table	110	2605.820033	2607.850766
2605.820033	0.000000	521164	ttl	1	72	n/a	n/a	n/a	n/a	n/a	n/a	n/a	n/a	n/a	n/a	n/a	n/a	n/a	n/a	n/a	n/a	n/a	n/a	n/a	n/a	n/a	2605.820033	n/a
2607.850766	0.000000	521570	ttl	2	72	n/a	n/a	n/a	n/a	n/a	n/a	n/a	n/a	n/a	n/a	n/a	n/a	n/a	n/a	n/a	n/a	n/a	n/a	n/a	n/a	n/a	2607.850766	n/a
2608.936015	0.000000	521787	ttl	4	72	n/a	n/a	n/a	n/a	n/a	n/a	n/a	n/a	n/a	n/a	n/a	n/a	n/a	n/a	n/a	n/a	n/a	n/a	n/a	n/a	n/a	2608.936015	n/a
2608.949771	0.000000	521790	ttl	11	72	n/a	n/a	n/a	n/a	n/a	n/a	n/a	n/a	n/a	n/a	n/a	n/a	n/a	n/a	n/a	n/a	n/a	n/a	n/a	n/a	n/a	2608.949771	n/a
2609.592151	2.031257	521918	time_discrimination	n/a	n/a	n/a	72.0	n/a	n/a	n/a	2608.94977075	n/a	1.7940064592876297	2.0	1	3.0	NB_16_ShortA.png	n/a	7	2613.41741525	n/a	112	2	2	intervals/timediscrimination_table	111	2609.592151	2611.623409
2609.592151	0.000000	521918	ttl	1	72	n/a	n/a	n/a	n/a	n/a	n/a	n/a	n/a	n/a	n/a	n/a	n/a	n/a	n/a	n/a	n/a	n/a	n/a	n/a	n/a	n/a	2609.592151	n/a
2611.623409	0.000000	522325	ttl	2	72	n/a	n/a	n/a	n/a	n/a	n/a	n/a	n/a	n/a	n/a	n/a	n/a	n/a	n/a	n/a	n/a	n/a	n/a	n/a	n/a	n/a	2611.623409	n/a
2613.417415	0.000000	522683	ttl	4	72	n/a	n/a	n/a	n/a	n/a	n/a	n/a	n/a	n/a	n/a	n/a	n/a	n/a	n/a	n/a	n/a	n/a	n/a	n/a	n/a	n/a	2613.417415	n/a
2613.439706	0.000000	522688	ttl	11	72	n/a	n/a	n/a	n/a	n/a	n/a	n/a	n/a	n/a	n/a	n/a	n/a	n/a	n/a	n/a	n/a	n/a	n/a	n/a	n/a	n/a	2613.439706	n/a
2614.081873	2.031336	522816	time_discrimination	n/a	n/a	n/a	72.0	n/a	n/a	n/a	2613.4397059999997	n/a	1.023611506094312	1.0	1	3.0	NB_4_LongA.png	n/a	7	2617.1368205	n/a	113	2	1	intervals/timediscrimination_table	112	2614.081873	2616.113209
2614.081873	0.000000	522816	ttl	1	72	n/a	n/a	n/a	n/a	n/a	n/a	n/a	n/a	n/a	n/a	n/a	n/a	n/a	n/a	n/a	n/a	n/a	n/a	n/a	n/a	n/a	2614.081873	n/a
2616.113209	0.000000	523223	ttl	2	72	n/a	n/a	n/a	n/a	n/a	n/a	n/a	n/a	n/a	n/a	n/a	n/a	n/a	n/a	n/a	n/a	n/a	n/a	n/a	n/a	n/a	2616.113209	n/a
2617.136820	0.000000	523427	ttl	4	72	n/a	n/a	n/a	n/a	n/a	n/a	n/a	n/a	n/a	n/a	n/a	n/a	n/a	n/a	n/a	n/a	n/a	n/a	n/a	n/a	n/a	2617.136820	n/a
2617.156410	0.000000	523431	ttl	11	72	n/a	n/a	n/a	n/a	n/a	n/a	n/a	n/a	n/a	n/a	n/a	n/a	n/a	n/a	n/a	n/a	n/a	n/a	n/a	n/a	n/a	2617.156410	n/a
2617.718305	2.031278	523544	time_discrimination	n/a	n/a	n/a	72.0	n/a	n/a	n/a	2617.1564102499997	n/a	2.1970795981796982	2.0	2	2.0	SB_49_LongA.png	n/a	3	2621.94666275	n/a	114	1	1	intervals/timediscrimination_table	113	2617.718305	2619.749583
2617.718305	0.000000	523544	ttl	1	72	n/a	n/a	n/a	n/a	n/a	n/a	n/a	n/a	n/a	n/a	n/a	n/a	n/a	n/a	n/a	n/a	n/a	n/a	n/a	n/a	n/a	2617.718305	n/a
2619.749583	0.000000	523950	ttl	2	72	n/a	n/a	n/a	n/a	n/a	n/a	n/a	n/a	n/a	n/a	n/a	n/a	n/a	n/a	n/a	n/a	n/a	n/a	n/a	n/a	n/a	2619.749583	n/a
2621.946663	0.000000	524389	ttl	4	72	n/a	n/a	n/a	n/a	n/a	n/a	n/a	n/a	n/a	n/a	n/a	n/a	n/a	n/a	n/a	n/a	n/a	n/a	n/a	n/a	n/a	2621.946663	n/a
2621.963111	0.000000	524393	ttl	11	72	n/a	n/a	n/a	n/a	n/a	n/a	n/a	n/a	n/a	n/a	n/a	n/a	n/a	n/a	n/a	n/a	n/a	n/a	n/a	n/a	n/a	2621.963111	n/a
2622.585223	2.031373	524517	time_discrimination	n/a	n/a	n/a	72.0	n/a	n/a	n/a	2621.9631112499997	n/a	2.0765848572518735	1.0	3	2.0	HB_57_ShortA.png	n/a	6	2626.69318025	n/a	115	2	1	intervals/timediscrimination_table	114	2622.585223	2624.616595
2622.585223	0.000000	524517	ttl	1	72	n/a	n/a	n/a	n/a	n/a	n/a	n/a	n/a	n/a	n/a	n/a	n/a	n/a	n/a	n/a	n/a	n/a	n/a	n/a	n/a	n/a	2622.585223	n/a
2624.616595	0.000000	524923	ttl	2	72	n/a	n/a	n/a	n/a	n/a	n/a	n/a	n/a	n/a	n/a	n/a	n/a	n/a	n/a	n/a	n/a	n/a	n/a	n/a	n/a	n/a	2624.616595	n/a
2626.693180	0.000000	525339	ttl	4	72	n/a	n/a	n/a	n/a	n/a	n/a	n/a	n/a	n/a	n/a	n/a	n/a	n/a	n/a	n/a	n/a	n/a	n/a	n/a	n/a	n/a	2626.693180	n/a
2626.698575	0.000000	525340	ttl	11	72	n/a	n/a	n/a	n/a	n/a	n/a	n/a	n/a	n/a	n/a	n/a	n/a	n/a	n/a	n/a	n/a	n/a	n/a	n/a	n/a	n/a	2626.698575	n/a
2627.280649	2.031375	525456	time_discrimination	n/a	n/a	n/a	72.0	n/a	n/a	n/a	2626.69857525	n/a	1.2386627503947238	2.0	1	2.0	NB_20_LongA.png	n/a	3	2630.55068725	n/a	116	1	1	intervals/timediscrimination_table	115	2627.280649	2629.312025
2627.280649	0.000000	525456	ttl	1	72	n/a	n/a	n/a	n/a	n/a	n/a	n/a	n/a	n/a	n/a	n/a	n/a	n/a	n/a	n/a	n/a	n/a	n/a	n/a	n/a	n/a	2627.280649	n/a
2629.312025	0.000000	525862	ttl	2	72	n/a	n/a	n/a	n/a	n/a	n/a	n/a	n/a	n/a	n/a	n/a	n/a	n/a	n/a	n/a	n/a	n/a	n/a	n/a	n/a	n/a	2629.312025	n/a
2630.550687	0.000000	526110	ttl	4	72	n/a	n/a	n/a	n/a	n/a	n/a	n/a	n/a	n/a	n/a	n/a	n/a	n/a	n/a	n/a	n/a	n/a	n/a	n/a	n/a	n/a	2630.550687	n/a
2630.572211	0.000000	526114	ttl	11	72	n/a	n/a	n/a	n/a	n/a	n/a	n/a	n/a	n/a	n/a	n/a	n/a	n/a	n/a	n/a	n/a	n/a	n/a	n/a	n/a	n/a	2630.572211	n/a
2631.214532	2.031287	526243	time_discrimination	n/a	n/a	n/a	72.0	n/a	n/a	n/a	2630.57221075	n/a	3.1001115199578635	2.0	3	2.0	HB_43_ShortA.png	n/a	6	2636.3459304999997	n/a	117	2	2	intervals/timediscrimination_table	116	2631.214532	2633.245819
2631.214532	0.000000	526243	ttl	1	72	n/a	n/a	n/a	n/a	n/a	n/a	n/a	n/a	n/a	n/a	n/a	n/a	n/a	n/a	n/a	n/a	n/a	n/a	n/a	n/a	n/a	2631.214532	n/a
2633.245819	0.000000	526649	ttl	2	72	n/a	n/a	n/a	n/a	n/a	n/a	n/a	n/a	n/a	n/a	n/a	n/a	n/a	n/a	n/a	n/a	n/a	n/a	n/a	n/a	n/a	2633.245819	n/a
2636.345930	0.000000	527269	ttl	4	72	n/a	n/a	n/a	n/a	n/a	n/a	n/a	n/a	n/a	n/a	n/a	n/a	n/a	n/a	n/a	n/a	n/a	n/a	n/a	n/a	n/a	2636.345930	n/a
2636.359020	0.000000	527272	ttl	11	72	n/a	n/a	n/a	n/a	n/a	n/a	n/a	n/a	n/a	n/a	n/a	n/a	n/a	n/a	n/a	n/a	n/a	n/a	n/a	n/a	n/a	2636.359020	n/a
2636.920879	2.031378	527384	time_discrimination	n/a	n/a	n/a	72.0	n/a	n/a	n/a	2636.35902	n/a	2.295792501725373	1.0	3	2.0	HB_6_ShortA.png	n/a	6	2641.2480495	n/a	118	2	1	intervals/timediscrimination_table	117	2636.920879	2638.952257
2636.920879	0.000000	527384	ttl	1	72	n/a	n/a	n/a	n/a	n/a	n/a	n/a	n/a	n/a	n/a	n/a	n/a	n/a	n/a	n/a	n/a	n/a	n/a	n/a	n/a	n/a	2636.920879	n/a
2638.952257	0.000000	527790	ttl	2	72	n/a	n/a	n/a	n/a	n/a	n/a	n/a	n/a	n/a	n/a	n/a	n/a	n/a	n/a	n/a	n/a	n/a	n/a	n/a	n/a	n/a	2638.952257	n/a
2641.248049	0.000000	528250	ttl	4	72	n/a	n/a	n/a	n/a	n/a	n/a	n/a	n/a	n/a	n/a	n/a	n/a	n/a	n/a	n/a	n/a	n/a	n/a	n/a	n/a	n/a	2641.248049	n/a
2641.261574	0.000000	528252	ttl	11	72	n/a	n/a	n/a	n/a	n/a	n/a	n/a	n/a	n/a	n/a	n/a	n/a	n/a	n/a	n/a	n/a	n/a	n/a	n/a	n/a	n/a	2641.261574	n/a
2641.823694	2.030892	528365	time_discrimination	n/a	n/a	n/a	72.0	n/a	n/a	n/a	2641.2615739999997	n/a	0.40260932306409813	1.0	3	2.0	HB_10_LongA.png	n/a	3	2644.2571952499998	n/a	119	1	2	intervals/timediscrimination_table	118	2641.823694	2643.854586
2641.823694	0.000000	528365	ttl	1	72	n/a	n/a	n/a	n/a	n/a	n/a	n/a	n/a	n/a	n/a	n/a	n/a	n/a	n/a	n/a	n/a	n/a	n/a	n/a	n/a	n/a	2641.823694	n/a
2643.854586	0.000000	528771	ttl	2	72	n/a	n/a	n/a	n/a	n/a	n/a	n/a	n/a	n/a	n/a	n/a	n/a	n/a	n/a	n/a	n/a	n/a	n/a	n/a	n/a	n/a	2643.854586	n/a
2644.257195	0.000000	528851	ttl	4	72	n/a	n/a	n/a	n/a	n/a	n/a	n/a	n/a	n/a	n/a	n/a	n/a	n/a	n/a	n/a	n/a	n/a	n/a	n/a	n/a	n/a	2644.257195	n/a
2644.271150	0.000000	528854	ttl	11	72	n/a	n/a	n/a	n/a	n/a	n/a	n/a	n/a	n/a	n/a	n/a	n/a	n/a	n/a	n/a	n/a	n/a	n/a	n/a	n/a	n/a	2644.271150	n/a
2644.813147	2.031314	528963	time_discrimination	n/a	n/a	n/a	72.0	n/a	n/a	n/a	2644.2711504999997	n/a	2.455387458936457	1.0	3	2.0	HB_7_LongA.png	n/a	6	2649.2998485	n/a	120	2	1	intervals/timediscrimination_table	119	2644.813147	2646.844461
2644.813147	0.000000	528963	ttl	1	72	n/a	n/a	n/a	n/a	n/a	n/a	n/a	n/a	n/a	n/a	n/a	n/a	n/a	n/a	n/a	n/a	n/a	n/a	n/a	n/a	n/a	2644.813147	n/a
2646.844461	0.000000	529369	ttl	2	72	n/a	n/a	n/a	n/a	n/a	n/a	n/a	n/a	n/a	n/a	n/a	n/a	n/a	n/a	n/a	n/a	n/a	n/a	n/a	n/a	n/a	2646.844461	n/a
2649.299848	0.000000	529860	ttl	4	72	n/a	n/a	n/a	n/a	n/a	n/a	n/a	n/a	n/a	n/a	n/a	n/a	n/a	n/a	n/a	n/a	n/a	n/a	n/a	n/a	n/a	2649.299848	n/a
2649.324074	0.000000	529865	ttl	11	72	n/a	n/a	n/a	n/a	n/a	n/a	n/a	n/a	n/a	n/a	n/a	n/a	n/a	n/a	n/a	n/a	n/a	n/a	n/a	n/a	n/a	2649.324074	n/a
2649.925919	2.031251	529985	time_discrimination	n/a	n/a	n/a	72.0	n/a	n/a	n/a	2649.32407375	n/a	0.5991120943726855	1.0	2	2.0	SB_29_LongA.png	n/a	3	2652.55628225	n/a	121	1	2	intervals/timediscrimination_table	120	2649.925919	2651.957170
2649.925919	0.000000	529985	ttl	1	72	n/a	n/a	n/a	n/a	n/a	n/a	n/a	n/a	n/a	n/a	n/a	n/a	n/a	n/a	n/a	n/a	n/a	n/a	n/a	n/a	n/a	2649.925919	n/a
2651.957170	0.000000	530391	ttl	2	72	n/a	n/a	n/a	n/a	n/a	n/a	n/a	n/a	n/a	n/a	n/a	n/a	n/a	n/a	n/a	n/a	n/a	n/a	n/a	n/a	n/a	2651.957170	n/a
2652.556282	0.000000	530511	ttl	4	72	n/a	n/a	n/a	n/a	n/a	n/a	n/a	n/a	n/a	n/a	n/a	n/a	n/a	n/a	n/a	n/a	n/a	n/a	n/a	n/a	n/a	2652.556282	n/a
2652.568043	0.000000	530514	ttl	11	72	n/a	n/a	n/a	n/a	n/a	n/a	n/a	n/a	n/a	n/a	n/a	n/a	n/a	n/a	n/a	n/a	n/a	n/a	n/a	n/a	n/a	2652.568043	n/a
2653.190014	2.030850	530638	time_discrimination	n/a	n/a	n/a	72.0	n/a	n/a	n/a	2652.5680425	n/a	2.3885871863130888	1.0	1	2.0	NB_30_LongA.png	n/a	6	2657.60945175	n/a	122	2	1	intervals/timediscrimination_table	121	2653.190014	2655.220865
2653.190014	0.000000	530638	ttl	1	72	n/a	n/a	n/a	n/a	n/a	n/a	n/a	n/a	n/a	n/a	n/a	n/a	n/a	n/a	n/a	n/a	n/a	n/a	n/a	n/a	n/a	2653.190014	n/a
2655.220865	0.000000	531044	ttl	2	72	n/a	n/a	n/a	n/a	n/a	n/a	n/a	n/a	n/a	n/a	n/a	n/a	n/a	n/a	n/a	n/a	n/a	n/a	n/a	n/a	n/a	2655.220865	n/a
2657.609452	0.000000	531522	ttl	4	72	n/a	n/a	n/a	n/a	n/a	n/a	n/a	n/a	n/a	n/a	n/a	n/a	n/a	n/a	n/a	n/a	n/a	n/a	n/a	n/a	n/a	2657.609452	n/a
2657.618528	0.000000	531524	ttl	11	72	n/a	n/a	n/a	n/a	n/a	n/a	n/a	n/a	n/a	n/a	n/a	n/a	n/a	n/a	n/a	n/a	n/a	n/a	n/a	n/a	n/a	2657.618528	n/a
2658.200686	2.031439	531640	time_discrimination	n/a	n/a	n/a	72.0	n/a	n/a	n/a	2657.61852775	n/a	2.025507501537504	2.0	1	2.0	NB_4_ShortA.png	n/a	3	2662.257632	n/a	123	1	1	intervals/timediscrimination_table	122	2658.200686	2660.232124
2658.200686	0.000000	531640	ttl	1	72	n/a	n/a	n/a	n/a	n/a	n/a	n/a	n/a	n/a	n/a	n/a	n/a	n/a	n/a	n/a	n/a	n/a	n/a	n/a	n/a	n/a	2658.200686	n/a
2660.232124	0.000000	532046	ttl	2	72	n/a	n/a	n/a	n/a	n/a	n/a	n/a	n/a	n/a	n/a	n/a	n/a	n/a	n/a	n/a	n/a	n/a	n/a	n/a	n/a	n/a	2660.232124	n/a
2662.257632	0.000000	532452	ttl	4	72	n/a	n/a	n/a	n/a	n/a	n/a	n/a	n/a	n/a	n/a	n/a	n/a	n/a	n/a	n/a	n/a	n/a	n/a	n/a	n/a	n/a	2662.257632	n/a
2662.276082	0.000000	532455	ttl	11	72	n/a	n/a	n/a	n/a	n/a	n/a	n/a	n/a	n/a	n/a	n/a	n/a	n/a	n/a	n/a	n/a	n/a	n/a	n/a	n/a	n/a	2662.276082	n/a
2662.918499	2.031454	532584	time_discrimination	n/a	n/a	n/a	72.0	n/a	n/a	n/a	2662.27608225	n/a	0.869057785224868	1.0	3	2.0	HB_27_LongA.png	n/a	6	2665.81901075	n/a	124	2	1	intervals/timediscrimination_table	123	2662.918499	2664.949953
2662.918499	0.000000	532584	ttl	1	72	n/a	n/a	n/a	n/a	n/a	n/a	n/a	n/a	n/a	n/a	n/a	n/a	n/a	n/a	n/a	n/a	n/a	n/a	n/a	n/a	n/a	2662.918499	n/a
2664.949953	0.000000	532990	ttl	2	72	n/a	n/a	n/a	n/a	n/a	n/a	n/a	n/a	n/a	n/a	n/a	n/a	n/a	n/a	n/a	n/a	n/a	n/a	n/a	n/a	n/a	2664.949953	n/a
2665.819011	0.000000	533164	ttl	4	72	n/a	n/a	n/a	n/a	n/a	n/a	n/a	n/a	n/a	n/a	n/a	n/a	n/a	n/a	n/a	n/a	n/a	n/a	n/a	n/a	n/a	2665.819011	n/a
2665.842845	0.000000	533169	ttl	11	72	n/a	n/a	n/a	n/a	n/a	n/a	n/a	n/a	n/a	n/a	n/a	n/a	n/a	n/a	n/a	n/a	n/a	n/a	n/a	n/a	n/a	2665.842845	n/a
2666.404606	2.031304	533281	time_discrimination	n/a	n/a	n/a	72.0	n/a	n/a	n/a	2665.84284475	n/a	2.335741609487741	1.0	2	2.0	SB_22_ShortA.png	n/a	3	2670.771652	n/a	125	1	2	intervals/timediscrimination_table	124	2666.404606	2668.435910
2666.404606	0.000000	533281	ttl	1	72	n/a	n/a	n/a	n/a	n/a	n/a	n/a	n/a	n/a	n/a	n/a	n/a	n/a	n/a	n/a	n/a	n/a	n/a	n/a	n/a	n/a	2666.404606	n/a
2668.435910	0.000000	533687	ttl	2	72	n/a	n/a	n/a	n/a	n/a	n/a	n/a	n/a	n/a	n/a	n/a	n/a	n/a	n/a	n/a	n/a	n/a	n/a	n/a	n/a	n/a	2668.435910	n/a
2670.771652	0.000000	534154	ttl	4	72	n/a	n/a	n/a	n/a	n/a	n/a	n/a	n/a	n/a	n/a	n/a	n/a	n/a	n/a	n/a	n/a	n/a	n/a	n/a	n/a	n/a	2670.771652	n/a
2670.783797	0.000000	534157	ttl	11	72	n/a	n/a	n/a	n/a	n/a	n/a	n/a	n/a	n/a	n/a	n/a	n/a	n/a	n/a	n/a	n/a	n/a	n/a	n/a	n/a	n/a	2670.783797	n/a
2671.365815	2.031283	534273	time_discrimination	n/a	n/a	n/a	72.0	n/a	n/a	n/a	2670.7837974999998	n/a	0.2682568547061237	1.0	1	2.0	NB_14_LongA.png	n/a	3	2673.665355	n/a	126	1	2	intervals/timediscrimination_table	125	2671.365815	2673.397098
2671.365815	0.000000	534273	ttl	1	72	n/a	n/a	n/a	n/a	n/a	n/a	n/a	n/a	n/a	n/a	n/a	n/a	n/a	n/a	n/a	n/a	n/a	n/a	n/a	n/a	n/a	2671.365815	n/a
2673.397098	0.000000	534679	ttl	2	72	n/a	n/a	n/a	n/a	n/a	n/a	n/a	n/a	n/a	n/a	n/a	n/a	n/a	n/a	n/a	n/a	n/a	n/a	n/a	n/a	n/a	2673.397098	n/a
2673.665355	0.000000	534733	ttl	4	72	n/a	n/a	n/a	n/a	n/a	n/a	n/a	n/a	n/a	n/a	n/a	n/a	n/a	n/a	n/a	n/a	n/a	n/a	n/a	n/a	n/a	2673.665355	n/a
2673.686354	0.000000	534737	ttl	11	72	n/a	n/a	n/a	n/a	n/a	n/a	n/a	n/a	n/a	n/a	n/a	n/a	n/a	n/a	n/a	n/a	n/a	n/a	n/a	n/a	n/a	2673.686354	n/a
2674.248258	2.031322	534850	time_discrimination	n/a	n/a	n/a	72.0	n/a	n/a	n/a	2673.68635375	n/a	2.2472621071319736	2.0	2	2.0	SB_8_ShortA.png	n/a	3	2678.5268425	n/a	127	1	1	intervals/timediscrimination_table	126	2674.248258	2676.279581
2674.248258	0.000000	534850	ttl	1	72	n/a	n/a	n/a	n/a	n/a	n/a	n/a	n/a	n/a	n/a	n/a	n/a	n/a	n/a	n/a	n/a	n/a	n/a	n/a	n/a	n/a	2674.248258	n/a
2676.279581	0.000000	535256	ttl	2	72	n/a	n/a	n/a	n/a	n/a	n/a	n/a	n/a	n/a	n/a	n/a	n/a	n/a	n/a	n/a	n/a	n/a	n/a	n/a	n/a	n/a	2676.279581	n/a
2678.526842	0.000000	535705	ttl	4	72	n/a	n/a	n/a	n/a	n/a	n/a	n/a	n/a	n/a	n/a	n/a	n/a	n/a	n/a	n/a	n/a	n/a	n/a	n/a	n/a	n/a	2678.526842	n/a
2678.535350	0.000000	535707	ttl	11	72	n/a	n/a	n/a	n/a	n/a	n/a	n/a	n/a	n/a	n/a	n/a	n/a	n/a	n/a	n/a	n/a	n/a	n/a	n/a	n/a	n/a	2678.535350	n/a
2679.097238	2.031350	535819	time_discrimination	n/a	n/a	n/a	72.0	n/a	n/a	n/a	2678.53534975	n/a	1.453148712629627	2.0	1	2.0	NB_19_ShortA.png	n/a	6	2682.581737	n/a	128	2	2	intervals/timediscrimination_table	127	2679.097238	2681.128588
2679.097238	0.000000	535819	ttl	1	72	n/a	n/a	n/a	n/a	n/a	n/a	n/a	n/a	n/a	n/a	n/a	n/a	n/a	n/a	n/a	n/a	n/a	n/a	n/a	n/a	n/a	2679.097238	n/a
2681.128588	0.000000	536226	ttl	2	72	n/a	n/a	n/a	n/a	n/a	n/a	n/a	n/a	n/a	n/a	n/a	n/a	n/a	n/a	n/a	n/a	n/a	n/a	n/a	n/a	n/a	2681.128588	n/a
2682.581737	0.000000	536516	ttl	4	72	n/a	n/a	n/a	n/a	n/a	n/a	n/a	n/a	n/a	n/a	n/a	n/a	n/a	n/a	n/a	n/a	n/a	n/a	n/a	n/a	n/a	2682.581737	n/a
2682.595362	0.000000	536519	ttl	11	72	n/a	n/a	n/a	n/a	n/a	n/a	n/a	n/a	n/a	n/a	n/a	n/a	n/a	n/a	n/a	n/a	n/a	n/a	n/a	n/a	n/a	2682.595362	n/a
2683.237523	2.031361	536648	time_discrimination	n/a	n/a	n/a	72.0	n/a	n/a	n/a	2682.5953624999997	n/a	2.7019105105609924	1.0	2	2.0	SB_15_ShortA.png	n/a	3	2687.970794	n/a	129	1	2	intervals/timediscrimination_table	128	2683.237523	2685.268883
2683.237523	0.000000	536648	ttl	1	72	n/a	n/a	n/a	n/a	n/a	n/a	n/a	n/a	n/a	n/a	n/a	n/a	n/a	n/a	n/a	n/a	n/a	n/a	n/a	n/a	n/a	2683.237523	n/a
2685.268883	0.000000	537054	ttl	2	72	n/a	n/a	n/a	n/a	n/a	n/a	n/a	n/a	n/a	n/a	n/a	n/a	n/a	n/a	n/a	n/a	n/a	n/a	n/a	n/a	n/a	2685.268883	n/a
2687.970794	0.000000	537594	ttl	4	72	n/a	n/a	n/a	n/a	n/a	n/a	n/a	n/a	n/a	n/a	n/a	n/a	n/a	n/a	n/a	n/a	n/a	n/a	n/a	n/a	n/a	2687.970794	n/a
2687.991455	0.000000	537598	ttl	11	72	n/a	n/a	n/a	n/a	n/a	n/a	n/a	n/a	n/a	n/a	n/a	n/a	n/a	n/a	n/a	n/a	n/a	n/a	n/a	n/a	n/a	2687.991455	n/a
2688.593632	2.031289	537719	time_discrimination	n/a	n/a	n/a	72.0	n/a	n/a	n/a	2687.991455	n/a	2.1728231277847954	2.0	1	2.0	NB_13_ShortA.png	n/a	3	2692.7977444999997	n/a	130	1	1	intervals/timediscrimination_table	129	2688.593632	2690.624921
2688.593632	0.000000	537719	ttl	1	72	n/a	n/a	n/a	n/a	n/a	n/a	n/a	n/a	n/a	n/a	n/a	n/a	n/a	n/a	n/a	n/a	n/a	n/a	n/a	n/a	n/a	2688.593632	n/a
2690.624921	0.000000	538125	ttl	2	72	n/a	n/a	n/a	n/a	n/a	n/a	n/a	n/a	n/a	n/a	n/a	n/a	n/a	n/a	n/a	n/a	n/a	n/a	n/a	n/a	n/a	2690.624921	n/a
2692.797744	0.000000	538560	ttl	4	72	n/a	n/a	n/a	n/a	n/a	n/a	n/a	n/a	n/a	n/a	n/a	n/a	n/a	n/a	n/a	n/a	n/a	n/a	n/a	n/a	n/a	2692.797744	n/a
2692.806069	0.000000	538561	ttl	11	72	n/a	n/a	n/a	n/a	n/a	n/a	n/a	n/a	n/a	n/a	n/a	n/a	n/a	n/a	n/a	n/a	n/a	n/a	n/a	n/a	n/a	2692.806069	n/a
2693.408119	2.031154	538682	time_discrimination	n/a	n/a	n/a	72.0	n/a	n/a	n/a	2692.8060689999998	n/a	1.7929102522502944	2.0	2	2.0	SB_52_LongA.png	n/a	3	2697.23218375	n/a	131	1	1	intervals/timediscrimination_table	130	2693.408119	2695.439273
2693.408119	0.000000	538682	ttl	1	72	n/a	n/a	n/a	n/a	n/a	n/a	n/a	n/a	n/a	n/a	n/a	n/a	n/a	n/a	n/a	n/a	n/a	n/a	n/a	n/a	n/a	2693.408119	n/a
2695.439273	0.000000	539088	ttl	2	72	n/a	n/a	n/a	n/a	n/a	n/a	n/a	n/a	n/a	n/a	n/a	n/a	n/a	n/a	n/a	n/a	n/a	n/a	n/a	n/a	n/a	2695.439273	n/a
2697.232184	0.000000	539446	ttl	4	72	n/a	n/a	n/a	n/a	n/a	n/a	n/a	n/a	n/a	n/a	n/a	n/a	n/a	n/a	n/a	n/a	n/a	n/a	n/a	n/a	n/a	2697.232184	n/a
2697.237759	0.000000	539448	ttl	11	72	n/a	n/a	n/a	n/a	n/a	n/a	n/a	n/a	n/a	n/a	n/a	n/a	n/a	n/a	n/a	n/a	n/a	n/a	n/a	n/a	n/a	2697.237759	n/a
2697.799683	2.031332	539560	time_discrimination	n/a	n/a	n/a	72.0	n/a	n/a	n/a	2697.23775875	n/a	0.9708960311763803	2.0	1	2.0	NB_29_LongA.png	n/a	6	2700.8019114999997	n/a	132	2	2	intervals/timediscrimination_table	131	2697.799683	2699.831015
2697.799683	0.000000	539560	ttl	1	72	n/a	n/a	n/a	n/a	n/a	n/a	n/a	n/a	n/a	n/a	n/a	n/a	n/a	n/a	n/a	n/a	n/a	n/a	n/a	n/a	n/a	2697.799683	n/a
2699.831015	0.000000	539966	ttl	2	72	n/a	n/a	n/a	n/a	n/a	n/a	n/a	n/a	n/a	n/a	n/a	n/a	n/a	n/a	n/a	n/a	n/a	n/a	n/a	n/a	n/a	2699.831015	n/a
2700.801911	0.000000	540160	ttl	4	72	n/a	n/a	n/a	n/a	n/a	n/a	n/a	n/a	n/a	n/a	n/a	n/a	n/a	n/a	n/a	n/a	n/a	n/a	n/a	n/a	n/a	2700.801911	n/a
2700.812429	0.000000	540162	ttl	11	72	n/a	n/a	n/a	n/a	n/a	n/a	n/a	n/a	n/a	n/a	n/a	n/a	n/a	n/a	n/a	n/a	n/a	n/a	n/a	n/a	n/a	2700.812429	n/a
2701.374177	2.031450	540275	time_discrimination	n/a	n/a	n/a	72.0	n/a	n/a	n/a	2700.812429	n/a	1.4306422310146445	2.0	3	2.0	HB_53_ShortA.png	n/a	6	2704.83626875	n/a	133	2	2	intervals/timediscrimination_table	132	2701.374177	2703.405626
2701.374177	0.000000	540275	ttl	1	72	n/a	n/a	n/a	n/a	n/a	n/a	n/a	n/a	n/a	n/a	n/a	n/a	n/a	n/a	n/a	n/a	n/a	n/a	n/a	n/a	n/a	2701.374177	n/a
2703.405626	0.000000	540681	ttl	2	72	n/a	n/a	n/a	n/a	n/a	n/a	n/a	n/a	n/a	n/a	n/a	n/a	n/a	n/a	n/a	n/a	n/a	n/a	n/a	n/a	n/a	2703.405626	n/a
2704.836269	0.000000	540967	ttl	4	72	n/a	n/a	n/a	n/a	n/a	n/a	n/a	n/a	n/a	n/a	n/a	n/a	n/a	n/a	n/a	n/a	n/a	n/a	n/a	n/a	n/a	2704.836269	n/a
2704.854356	0.000000	540971	ttl	11	72	n/a	n/a	n/a	n/a	n/a	n/a	n/a	n/a	n/a	n/a	n/a	n/a	n/a	n/a	n/a	n/a	n/a	n/a	n/a	n/a	n/a	2704.854356	n/a
2705.436464	2.031343	541087	time_discrimination	n/a	n/a	n/a	72.0	n/a	n/a	n/a	2704.85435625	n/a	0.34544575154359336	1.0	1	2.0	NB_5_LongA.png	n/a	3	2707.8132527499997	n/a	134	1	2	intervals/timediscrimination_table	133	2705.436464	2707.467807
2705.436464	0.000000	541087	ttl	1	72	n/a	n/a	n/a	n/a	n/a	n/a	n/a	n/a	n/a	n/a	n/a	n/a	n/a	n/a	n/a	n/a	n/a	n/a	n/a	n/a	n/a	2705.436464	n/a
2707.467807	0.000000	541494	ttl	2	72	n/a	n/a	n/a	n/a	n/a	n/a	n/a	n/a	n/a	n/a	n/a	n/a	n/a	n/a	n/a	n/a	n/a	n/a	n/a	n/a	n/a	2707.467807	n/a
2707.813253	0.000000	541563	ttl	4	72	n/a	n/a	n/a	n/a	n/a	n/a	n/a	n/a	n/a	n/a	n/a	n/a	n/a	n/a	n/a	n/a	n/a	n/a	n/a	n/a	n/a	2707.813253	n/a
2707.836329	0.000000	541567	ttl	11	72	n/a	n/a	n/a	n/a	n/a	n/a	n/a	n/a	n/a	n/a	n/a	n/a	n/a	n/a	n/a	n/a	n/a	n/a	n/a	n/a	n/a	2707.836329	n/a
2708.398476	2.031261	541680	time_discrimination	n/a	n/a	n/a	72.0	n/a	n/a	n/a	2707.8363295	n/a	2.122189307363442	1.0	2	3.0	SB_58_LongA.png	n/a	7	2712.551927	n/a	135	2	1	intervals/timediscrimination_table	134	2708.398476	2710.429738
2708.398476	0.000000	541680	ttl	1	72	n/a	n/a	n/a	n/a	n/a	n/a	n/a	n/a	n/a	n/a	n/a	n/a	n/a	n/a	n/a	n/a	n/a	n/a	n/a	n/a	n/a	2708.398476	n/a
2710.429738	0.000000	542086	ttl	2	72	n/a	n/a	n/a	n/a	n/a	n/a	n/a	n/a	n/a	n/a	n/a	n/a	n/a	n/a	n/a	n/a	n/a	n/a	n/a	n/a	n/a	2710.429738	n/a
2712.551927	0.000000	542510	ttl	4	72	n/a	n/a	n/a	n/a	n/a	n/a	n/a	n/a	n/a	n/a	n/a	n/a	n/a	n/a	n/a	n/a	n/a	n/a	n/a	n/a	n/a	2712.551927	n/a
2712.564195	0.000000	542513	ttl	11	72	n/a	n/a	n/a	n/a	n/a	n/a	n/a	n/a	n/a	n/a	n/a	n/a	n/a	n/a	n/a	n/a	n/a	n/a	n/a	n/a	n/a	2712.564195	n/a
2713.206586	2.031330	542641	time_discrimination	n/a	n/a	n/a	72.0	n/a	n/a	n/a	2712.56419475	n/a	0.9219161625551351	1.0	2	3.0	SB_19_ShortA.png	n/a	2	2716.15983225	n/a	136	1	2	intervals/timediscrimination_table	135	2713.206586	2715.237916
2713.206586	0.000000	542641	ttl	1	72	n/a	n/a	n/a	n/a	n/a	n/a	n/a	n/a	n/a	n/a	n/a	n/a	n/a	n/a	n/a	n/a	n/a	n/a	n/a	n/a	n/a	2713.206586	n/a
2715.237916	0.000000	543048	ttl	2	72	n/a	n/a	n/a	n/a	n/a	n/a	n/a	n/a	n/a	n/a	n/a	n/a	n/a	n/a	n/a	n/a	n/a	n/a	n/a	n/a	n/a	2715.237916	n/a
2716.159832	0.000000	543232	ttl	4	72	n/a	n/a	n/a	n/a	n/a	n/a	n/a	n/a	n/a	n/a	n/a	n/a	n/a	n/a	n/a	n/a	n/a	n/a	n/a	n/a	n/a	2716.159832	n/a
2716.171911	0.000000	543234	ttl	11	72	n/a	n/a	n/a	n/a	n/a	n/a	n/a	n/a	n/a	n/a	n/a	n/a	n/a	n/a	n/a	n/a	n/a	n/a	n/a	n/a	n/a	2716.171911	n/a
2716.814075	2.031339	543363	time_discrimination	n/a	n/a	n/a	72.0	n/a	n/a	n/a	2716.171911	n/a	1.822333404343226	1.0	1	2.0	NB_20_ShortA.png	n/a	3	2720.66774725	n/a	137	1	2	intervals/timediscrimination_table	136	2716.814075	2718.845414
2716.814075	0.000000	543363	ttl	1	72	n/a	n/a	n/a	n/a	n/a	n/a	n/a	n/a	n/a	n/a	n/a	n/a	n/a	n/a	n/a	n/a	n/a	n/a	n/a	n/a	n/a	2716.814075	n/a
2718.845414	0.000000	543769	ttl	2	72	n/a	n/a	n/a	n/a	n/a	n/a	n/a	n/a	n/a	n/a	n/a	n/a	n/a	n/a	n/a	n/a	n/a	n/a	n/a	n/a	n/a	2718.845414	n/a
2720.667747	0.000000	544134	ttl	4	72	n/a	n/a	n/a	n/a	n/a	n/a	n/a	n/a	n/a	n/a	n/a	n/a	n/a	n/a	n/a	n/a	n/a	n/a	n/a	n/a	n/a	2720.667747	n/a
2720.676600	0.000000	544135	ttl	11	72	n/a	n/a	n/a	n/a	n/a	n/a	n/a	n/a	n/a	n/a	n/a	n/a	n/a	n/a	n/a	n/a	n/a	n/a	n/a	n/a	n/a	2720.676600	n/a
2721.238458	2.031299	544248	time_discrimination	n/a	n/a	n/a	72.0	n/a	n/a	n/a	2720.6766005	n/a	2.4044792640488595	1.0	1	3.0	NB_1_ShortA.png	n/a	2	2725.6742365	n/a	138	1	2	intervals/timediscrimination_table	137	2721.238458	2723.269757
2721.238458	0.000000	544248	ttl	1	72	n/a	n/a	n/a	n/a	n/a	n/a	n/a	n/a	n/a	n/a	n/a	n/a	n/a	n/a	n/a	n/a	n/a	n/a	n/a	n/a	n/a	2721.238458	n/a
2723.269757	0.000000	544654	ttl	2	72	n/a	n/a	n/a	n/a	n/a	n/a	n/a	n/a	n/a	n/a	n/a	n/a	n/a	n/a	n/a	n/a	n/a	n/a	n/a	n/a	n/a	2723.269757	n/a
2725.674237	0.000000	545135	ttl	4	72	n/a	n/a	n/a	n/a	n/a	n/a	n/a	n/a	n/a	n/a	n/a	n/a	n/a	n/a	n/a	n/a	n/a	n/a	n/a	n/a	n/a	2725.674237	n/a
2725.688624	0.000000	545138	ttl	11	72	n/a	n/a	n/a	n/a	n/a	n/a	n/a	n/a	n/a	n/a	n/a	n/a	n/a	n/a	n/a	n/a	n/a	n/a	n/a	n/a	n/a	2725.688624	n/a
2726.310712	2.030884	545262	time_discrimination	n/a	n/a	n/a	72.0	n/a	n/a	n/a	2725.688624	n/a	2.4141141872787557	2.0	3	3.0	HB_44_ShortA.png	n/a	7	2730.7557105	n/a	139	2	2	intervals/timediscrimination_table	138	2726.310712	2728.341596
2726.310712	0.000000	545262	ttl	1	72	n/a	n/a	n/a	n/a	n/a	n/a	n/a	n/a	n/a	n/a	n/a	n/a	n/a	n/a	n/a	n/a	n/a	n/a	n/a	n/a	n/a	2726.310712	n/a
2728.341596	0.000000	545668	ttl	2	72	n/a	n/a	n/a	n/a	n/a	n/a	n/a	n/a	n/a	n/a	n/a	n/a	n/a	n/a	n/a	n/a	n/a	n/a	n/a	n/a	n/a	2728.341596	n/a
2730.755711	0.000000	546151	ttl	4	72	n/a	n/a	n/a	n/a	n/a	n/a	n/a	n/a	n/a	n/a	n/a	n/a	n/a	n/a	n/a	n/a	n/a	n/a	n/a	n/a	n/a	2730.755711	n/a
2730.770070	0.000000	546154	ttl	11	72	n/a	n/a	n/a	n/a	n/a	n/a	n/a	n/a	n/a	n/a	n/a	n/a	n/a	n/a	n/a	n/a	n/a	n/a	n/a	n/a	n/a	2730.770070	n/a
2731.392108	2.031501	546278	time_discrimination	n/a	n/a	n/a	72.0	n/a	n/a	n/a	2730.77006975	n/a	0.8014039283589227	2.0	3	3.0	HB_1_LongA.png	n/a	7	2734.2250129999998	n/a	140	2	2	intervals/timediscrimination_table	139	2731.392108	2733.423609
2731.392108	0.000000	546278	ttl	1	72	n/a	n/a	n/a	n/a	n/a	n/a	n/a	n/a	n/a	n/a	n/a	n/a	n/a	n/a	n/a	n/a	n/a	n/a	n/a	n/a	n/a	2731.392108	n/a
2733.423609	0.000000	546685	ttl	2	72	n/a	n/a	n/a	n/a	n/a	n/a	n/a	n/a	n/a	n/a	n/a	n/a	n/a	n/a	n/a	n/a	n/a	n/a	n/a	n/a	n/a	2733.423609	n/a
2734.225013	0.000000	546845	ttl	4	72	n/a	n/a	n/a	n/a	n/a	n/a	n/a	n/a	n/a	n/a	n/a	n/a	n/a	n/a	n/a	n/a	n/a	n/a	n/a	n/a	n/a	2734.225013	n/a
2734.245891	0.000000	546849	ttl	11	72	n/a	n/a	n/a	n/a	n/a	n/a	n/a	n/a	n/a	n/a	n/a	n/a	n/a	n/a	n/a	n/a	n/a	n/a	n/a	n/a	n/a	2734.245891	n/a
2734.888108	2.030704	546978	time_discrimination	n/a	n/a	n/a	72.0	n/a	n/a	n/a	2734.2458914999997	n/a	0.3213771839509718	2.0	3	3.0	HB_23_ShortA.png	n/a	2	2737.240189	n/a	141	1	1	intervals/timediscrimination_table	140	2734.888108	2736.918812
2734.888108	0.000000	546978	ttl	1	72	n/a	n/a	n/a	n/a	n/a	n/a	n/a	n/a	n/a	n/a	n/a	n/a	n/a	n/a	n/a	n/a	n/a	n/a	n/a	n/a	n/a	2734.888108	n/a
2736.918812	0.000000	547384	ttl	2	72	n/a	n/a	n/a	n/a	n/a	n/a	n/a	n/a	n/a	n/a	n/a	n/a	n/a	n/a	n/a	n/a	n/a	n/a	n/a	n/a	n/a	2736.918812	n/a
2737.240189	0.000000	547448	ttl	4	72	n/a	n/a	n/a	n/a	n/a	n/a	n/a	n/a	n/a	n/a	n/a	n/a	n/a	n/a	n/a	n/a	n/a	n/a	n/a	n/a	n/a	2737.240189	n/a
2737.250312	0.000000	547450	ttl	11	72	n/a	n/a	n/a	n/a	n/a	n/a	n/a	n/a	n/a	n/a	n/a	n/a	n/a	n/a	n/a	n/a	n/a	n/a	n/a	n/a	n/a	2737.250312	n/a
2737.832268	2.030912	547566	time_discrimination	n/a	n/a	n/a	72.0	n/a	n/a	n/a	2737.25031175	n/a	0.9966871685210208	2.0	3	2.0	HB_12_ShortA.png	n/a	6	2740.8598672499998	n/a	142	2	2	intervals/timediscrimination_table	141	2737.832268	2739.863180
2737.832268	0.000000	547566	ttl	1	72	n/a	n/a	n/a	n/a	n/a	n/a	n/a	n/a	n/a	n/a	n/a	n/a	n/a	n/a	n/a	n/a	n/a	n/a	n/a	n/a	n/a	2737.832268	n/a
2739.863180	0.000000	547973	ttl	2	72	n/a	n/a	n/a	n/a	n/a	n/a	n/a	n/a	n/a	n/a	n/a	n/a	n/a	n/a	n/a	n/a	n/a	n/a	n/a	n/a	n/a	2739.863180	n/a
2740.859867	0.000000	548172	ttl	4	72	n/a	n/a	n/a	n/a	n/a	n/a	n/a	n/a	n/a	n/a	n/a	n/a	n/a	n/a	n/a	n/a	n/a	n/a	n/a	n/a	n/a	2740.859867	n/a
2740.880013	0.000000	548176	ttl	11	72	n/a	n/a	n/a	n/a	n/a	n/a	n/a	n/a	n/a	n/a	n/a	n/a	n/a	n/a	n/a	n/a	n/a	n/a	n/a	n/a	n/a	2740.880013	n/a
2741.502217	2.031429	548300	time_discrimination	n/a	n/a	n/a	72.0	n/a	n/a	n/a	2740.88001275	n/a	2.078268416273204	2.0	3	3.0	HB_51_ShortA.png	n/a	7	2745.6119145	n/a	143	2	2	intervals/timediscrimination_table	142	2741.502217	2743.533646
2741.502217	0.000000	548300	ttl	1	72	n/a	n/a	n/a	n/a	n/a	n/a	n/a	n/a	n/a	n/a	n/a	n/a	n/a	n/a	n/a	n/a	n/a	n/a	n/a	n/a	n/a	2741.502217	n/a
2743.533646	0.000000	548707	ttl	2	72	n/a	n/a	n/a	n/a	n/a	n/a	n/a	n/a	n/a	n/a	n/a	n/a	n/a	n/a	n/a	n/a	n/a	n/a	n/a	n/a	n/a	2743.533646	n/a
2745.611914	0.000000	549122	ttl	4	72	n/a	n/a	n/a	n/a	n/a	n/a	n/a	n/a	n/a	n/a	n/a	n/a	n/a	n/a	n/a	n/a	n/a	n/a	n/a	n/a	n/a	2745.611914	n/a
2745.629253	0.000000	549126	ttl	11	72	n/a	n/a	n/a	n/a	n/a	n/a	n/a	n/a	n/a	n/a	n/a	n/a	n/a	n/a	n/a	n/a	n/a	n/a	n/a	n/a	n/a	2745.629253	n/a
2746.271399	2.031387	549254	time_discrimination	n/a	n/a	n/a	72.0	n/a	n/a	n/a	2745.629253	n/a	0.12012185798812425	2.0	2	3.0	SB_30_LongA.png	n/a	7	2748.42290775	n/a	144	2	2	intervals/timediscrimination_table	143	2746.271399	2748.302786
2746.271399	0.000000	549254	ttl	1	72	n/a	n/a	n/a	n/a	n/a	n/a	n/a	n/a	n/a	n/a	n/a	n/a	n/a	n/a	n/a	n/a	n/a	n/a	n/a	n/a	n/a	2746.271399	n/a
2748.302786	0.000000	549661	ttl	2	72	n/a	n/a	n/a	n/a	n/a	n/a	n/a	n/a	n/a	n/a	n/a	n/a	n/a	n/a	n/a	n/a	n/a	n/a	n/a	n/a	n/a	2748.302786	n/a
2748.422908	0.000000	549685	ttl	4	72	n/a	n/a	n/a	n/a	n/a	n/a	n/a	n/a	n/a	n/a	n/a	n/a	n/a	n/a	n/a	n/a	n/a	n/a	n/a	n/a	n/a	2748.422908	n/a
2748.439873	0.000000	549688	ttl	11	72	n/a	n/a	n/a	n/a	n/a	n/a	n/a	n/a	n/a	n/a	n/a	n/a	n/a	n/a	n/a	n/a	n/a	n/a	n/a	n/a	n/a	2748.439873	n/a
2748.981772	2.031161	549796	time_discrimination	n/a	n/a	n/a	72.0	n/a	n/a	n/a	2748.43987325	n/a	2.751635052034544	2.0	1	2.0	NB_18_ShortA.png	n/a	3	2753.76456775	n/a	145	1	1	intervals/timediscrimination_table	144	2748.981772	2751.012933
2748.981772	0.000000	549796	ttl	1	72	n/a	n/a	n/a	n/a	n/a	n/a	n/a	n/a	n/a	n/a	n/a	n/a	n/a	n/a	n/a	n/a	n/a	n/a	n/a	n/a	n/a	2748.981772	n/a
2751.012933	0.000000	550203	ttl	2	72	n/a	n/a	n/a	n/a	n/a	n/a	n/a	n/a	n/a	n/a	n/a	n/a	n/a	n/a	n/a	n/a	n/a	n/a	n/a	n/a	n/a	2751.012933	n/a
2753.764568	0.000000	550753	ttl	4	72	n/a	n/a	n/a	n/a	n/a	n/a	n/a	n/a	n/a	n/a	n/a	n/a	n/a	n/a	n/a	n/a	n/a	n/a	n/a	n/a	n/a	2753.764568	n/a
2753.789342	0.000000	550758	ttl	11	72	n/a	n/a	n/a	n/a	n/a	n/a	n/a	n/a	n/a	n/a	n/a	n/a	n/a	n/a	n/a	n/a	n/a	n/a	n/a	n/a	n/a	2753.789342	n/a
2754.351098	2.031312	550870	time_discrimination	n/a	n/a	n/a	72.0	n/a	n/a	n/a	2753.78934175	n/a	0.8453399969221209	2.0	2	3.0	SB_31_LongA.png	n/a	7	2757.22775	n/a	146	2	2	intervals/timediscrimination_table	145	2754.351098	2756.382410
2754.351098	0.000000	550870	ttl	1	72	n/a	n/a	n/a	n/a	n/a	n/a	n/a	n/a	n/a	n/a	n/a	n/a	n/a	n/a	n/a	n/a	n/a	n/a	n/a	n/a	n/a	2754.351098	n/a
2756.382410	0.000000	551276	ttl	2	72	n/a	n/a	n/a	n/a	n/a	n/a	n/a	n/a	n/a	n/a	n/a	n/a	n/a	n/a	n/a	n/a	n/a	n/a	n/a	n/a	n/a	2756.382410	n/a
2757.227750	0.000000	551446	ttl	4	72	n/a	n/a	n/a	n/a	n/a	n/a	n/a	n/a	n/a	n/a	n/a	n/a	n/a	n/a	n/a	n/a	n/a	n/a	n/a	n/a	n/a	2757.227750	n/a
2757.243992	0.000000	551449	ttl	11	72	n/a	n/a	n/a	n/a	n/a	n/a	n/a	n/a	n/a	n/a	n/a	n/a	n/a	n/a	n/a	n/a	n/a	n/a	n/a	n/a	n/a	2757.243992	n/a
2757.825944	2.031248	551565	time_discrimination	n/a	n/a	n/a	72.0	n/a	n/a	n/a	2757.2439925	n/a	1.3320474691972777	1.0	3	2.0	HB_35_LongA.png	n/a	6	2761.18923975	n/a	147	2	1	intervals/timediscrimination_table	146	2757.825944	2759.857192
2757.825944	0.000000	551565	ttl	1	72	n/a	n/a	n/a	n/a	n/a	n/a	n/a	n/a	n/a	n/a	n/a	n/a	n/a	n/a	n/a	n/a	n/a	n/a	n/a	n/a	n/a	2757.825944	n/a
2759.857192	0.000000	551971	ttl	2	72	n/a	n/a	n/a	n/a	n/a	n/a	n/a	n/a	n/a	n/a	n/a	n/a	n/a	n/a	n/a	n/a	n/a	n/a	n/a	n/a	n/a	2759.857192	n/a
2761.189240	0.000000	552238	ttl	4	72	n/a	n/a	n/a	n/a	n/a	n/a	n/a	n/a	n/a	n/a	n/a	n/a	n/a	n/a	n/a	n/a	n/a	n/a	n/a	n/a	n/a	2761.189240	n/a
2761.200820	0.000000	552240	ttl	11	72	n/a	n/a	n/a	n/a	n/a	n/a	n/a	n/a	n/a	n/a	n/a	n/a	n/a	n/a	n/a	n/a	n/a	n/a	n/a	n/a	n/a	2761.200820	n/a
2761.843015	2.031291	552369	time_discrimination	n/a	n/a	n/a	72.0	n/a	n/a	n/a	2761.2008204999997	n/a	4.5317987045236805	2.0	1	2.0	NB_12_ShortA.png	n/a	6	2768.406105	n/a	148	2	2	intervals/timediscrimination_table	147	2761.843015	2763.874306
2761.843015	0.000000	552369	ttl	1	72	n/a	n/a	n/a	n/a	n/a	n/a	n/a	n/a	n/a	n/a	n/a	n/a	n/a	n/a	n/a	n/a	n/a	n/a	n/a	n/a	n/a	2761.843015	n/a
2763.874306	0.000000	552775	ttl	2	72	n/a	n/a	n/a	n/a	n/a	n/a	n/a	n/a	n/a	n/a	n/a	n/a	n/a	n/a	n/a	n/a	n/a	n/a	n/a	n/a	n/a	2763.874306	n/a
2768.406105	0.000000	553681	ttl	4	72	n/a	n/a	n/a	n/a	n/a	n/a	n/a	n/a	n/a	n/a	n/a	n/a	n/a	n/a	n/a	n/a	n/a	n/a	n/a	n/a	n/a	2768.406105	n/a
2768.422674	0.000000	553685	ttl	11	72	n/a	n/a	n/a	n/a	n/a	n/a	n/a	n/a	n/a	n/a	n/a	n/a	n/a	n/a	n/a	n/a	n/a	n/a	n/a	n/a	n/a	2768.422674	n/a
2769.044739	2.031345	553809	time_discrimination	n/a	n/a	n/a	72.0	n/a	n/a	n/a	2768.42267425	n/a	1.434703445102059	2.0	3	2.0	HB_34_ShortA.png	n/a	6	2772.5107882499997	n/a	149	2	2	intervals/timediscrimination_table	148	2769.044739	2771.076085
2769.044739	0.000000	553809	ttl	1	72	n/a	n/a	n/a	n/a	n/a	n/a	n/a	n/a	n/a	n/a	n/a	n/a	n/a	n/a	n/a	n/a	n/a	n/a	n/a	n/a	n/a	2769.044739	n/a
2771.076085	0.000000	554215	ttl	2	72	n/a	n/a	n/a	n/a	n/a	n/a	n/a	n/a	n/a	n/a	n/a	n/a	n/a	n/a	n/a	n/a	n/a	n/a	n/a	n/a	n/a	2771.076085	n/a
2772.510788	0.000000	554502	ttl	4	72	n/a	n/a	n/a	n/a	n/a	n/a	n/a	n/a	n/a	n/a	n/a	n/a	n/a	n/a	n/a	n/a	n/a	n/a	n/a	n/a	n/a	2772.510788	n/a
2772.529992	0.000000	554506	ttl	11	72	n/a	n/a	n/a	n/a	n/a	n/a	n/a	n/a	n/a	n/a	n/a	n/a	n/a	n/a	n/a	n/a	n/a	n/a	n/a	n/a	n/a	2772.529992	n/a
2773.152086	2.031283	554630	time_discrimination	n/a	n/a	n/a	72.0	n/a	n/a	n/a	2772.5299925	n/a	2.043926197453402	1.0	2	2.0	SB_12_ShortA.png	n/a	3	2777.2272949999997	n/a	150	1	2	intervals/timediscrimination_table	149	2773.152086	2775.183369
2773.152086	0.000000	554630	ttl	1	72	n/a	n/a	n/a	n/a	n/a	n/a	n/a	n/a	n/a	n/a	n/a	n/a	n/a	n/a	n/a	n/a	n/a	n/a	n/a	n/a	n/a	2773.152086	n/a
2775.183369	0.000000	555037	ttl	2	72	n/a	n/a	n/a	n/a	n/a	n/a	n/a	n/a	n/a	n/a	n/a	n/a	n/a	n/a	n/a	n/a	n/a	n/a	n/a	n/a	n/a	2775.183369	n/a
2777.227295	0.000000	555445	ttl	4	72	n/a	n/a	n/a	n/a	n/a	n/a	n/a	n/a	n/a	n/a	n/a	n/a	n/a	n/a	n/a	n/a	n/a	n/a	n/a	n/a	n/a	2777.227295	n/a
2777.247070	0.000000	555449	ttl	11	72	n/a	n/a	n/a	n/a	n/a	n/a	n/a	n/a	n/a	n/a	n/a	n/a	n/a	n/a	n/a	n/a	n/a	n/a	n/a	n/a	n/a	2777.247070	n/a
2777.829039	2.030722	555566	time_discrimination	n/a	n/a	n/a	72.0	n/a	n/a	n/a	2777.24707	n/a	0.9410003557350137	2.0	3	2.0	HB_47_LongA.png	n/a	3	2780.80076125	n/a	151	1	1	intervals/timediscrimination_table	150	2777.829039	2779.859761
2777.829039	0.000000	555566	ttl	1	72	n/a	n/a	n/a	n/a	n/a	n/a	n/a	n/a	n/a	n/a	n/a	n/a	n/a	n/a	n/a	n/a	n/a	n/a	n/a	n/a	n/a	2777.829039	n/a
2779.859761	0.000000	555972	ttl	2	72	n/a	n/a	n/a	n/a	n/a	n/a	n/a	n/a	n/a	n/a	n/a	n/a	n/a	n/a	n/a	n/a	n/a	n/a	n/a	n/a	n/a	2779.859761	n/a
2780.800761	0.000000	556160	ttl	4	72	n/a	n/a	n/a	n/a	n/a	n/a	n/a	n/a	n/a	n/a	n/a	n/a	n/a	n/a	n/a	n/a	n/a	n/a	n/a	n/a	n/a	2780.800761	n/a
2780.807631	0.000000	556162	ttl	11	72	n/a	n/a	n/a	n/a	n/a	n/a	n/a	n/a	n/a	n/a	n/a	n/a	n/a	n/a	n/a	n/a	n/a	n/a	n/a	n/a	n/a	2780.807631	n/a
2781.409615	2.031407	556282	time_discrimination	n/a	n/a	n/a	72.0	n/a	n/a	n/a	2780.8076309999997	n/a	0.8976686909227283	2.0	2	2.0	SB_35_ShortA.png	n/a	3	2784.3386915	n/a	152	1	1	intervals/timediscrimination_table	151	2781.409615	2783.441023
2781.409615	0.000000	556282	ttl	1	72	n/a	n/a	n/a	n/a	n/a	n/a	n/a	n/a	n/a	n/a	n/a	n/a	n/a	n/a	n/a	n/a	n/a	n/a	n/a	n/a	n/a	2781.409615	n/a
2783.441023	0.000000	556688	ttl	2	72	n/a	n/a	n/a	n/a	n/a	n/a	n/a	n/a	n/a	n/a	n/a	n/a	n/a	n/a	n/a	n/a	n/a	n/a	n/a	n/a	n/a	2783.441023	n/a
2784.338692	0.000000	556868	ttl	4	72	n/a	n/a	n/a	n/a	n/a	n/a	n/a	n/a	n/a	n/a	n/a	n/a	n/a	n/a	n/a	n/a	n/a	n/a	n/a	n/a	n/a	2784.338692	n/a
2784.345315	0.000000	556869	ttl	11	72	n/a	n/a	n/a	n/a	n/a	n/a	n/a	n/a	n/a	n/a	n/a	n/a	n/a	n/a	n/a	n/a	n/a	n/a	n/a	n/a	n/a	2784.345315	n/a
2784.987450	2.031322	556997	time_discrimination	n/a	n/a	n/a	72.0	n/a	n/a	n/a	2784.3453154999997	n/a	1.4781846512378252	1.0	2	2.0	SB_17_LongA.png	n/a	6	2788.4969575	n/a	153	2	1	intervals/timediscrimination_table	152	2784.987450	2787.018773
2784.987450	0.000000	556997	ttl	1	72	n/a	n/a	n/a	n/a	n/a	n/a	n/a	n/a	n/a	n/a	n/a	n/a	n/a	n/a	n/a	n/a	n/a	n/a	n/a	n/a	n/a	2784.987450	n/a
2787.018773	0.000000	557404	ttl	2	72	n/a	n/a	n/a	n/a	n/a	n/a	n/a	n/a	n/a	n/a	n/a	n/a	n/a	n/a	n/a	n/a	n/a	n/a	n/a	n/a	n/a	2787.018773	n/a
2788.496958	0.000000	557699	ttl	4	72	n/a	n/a	n/a	n/a	n/a	n/a	n/a	n/a	n/a	n/a	n/a	n/a	n/a	n/a	n/a	n/a	n/a	n/a	n/a	n/a	n/a	2788.496958	n/a
2788.513476	0.000000	557703	ttl	11	72	n/a	n/a	n/a	n/a	n/a	n/a	n/a	n/a	n/a	n/a	n/a	n/a	n/a	n/a	n/a	n/a	n/a	n/a	n/a	n/a	n/a	2788.513476	n/a
2789.115654	2.031322	557823	time_discrimination	n/a	n/a	n/a	72.0	n/a	n/a	n/a	2788.5134762499997	n/a	2.8924371735447494	2.0	1	2.0	NB_23_ShortA.png	n/a	3	2794.03941325	n/a	154	1	1	intervals/timediscrimination_table	153	2789.115654	2791.146976
2789.115654	0.000000	557823	ttl	1	72	n/a	n/a	n/a	n/a	n/a	n/a	n/a	n/a	n/a	n/a	n/a	n/a	n/a	n/a	n/a	n/a	n/a	n/a	n/a	n/a	n/a	2789.115654	n/a
2791.146976	0.000000	558229	ttl	2	72	n/a	n/a	n/a	n/a	n/a	n/a	n/a	n/a	n/a	n/a	n/a	n/a	n/a	n/a	n/a	n/a	n/a	n/a	n/a	n/a	n/a	2791.146976	n/a
2794.039413	0.000000	558808	ttl	4	72	n/a	n/a	n/a	n/a	n/a	n/a	n/a	n/a	n/a	n/a	n/a	n/a	n/a	n/a	n/a	n/a	n/a	n/a	n/a	n/a	n/a	2794.039413	n/a
2794.061089	0.000000	558812	ttl	11	72	n/a	n/a	n/a	n/a	n/a	n/a	n/a	n/a	n/a	n/a	n/a	n/a	n/a	n/a	n/a	n/a	n/a	n/a	n/a	n/a	n/a	2794.061089	n/a
2794.683174	2.031358	558937	time_discrimination	n/a	n/a	n/a	72.0	n/a	n/a	n/a	2794.0610887499997	n/a	2.428078351000295	1.0	2	2.0	SB_14_ShortA.png	n/a	6	2799.14261025	n/a	155	2	1	intervals/timediscrimination_table	154	2794.683174	2796.714532
2794.683174	0.000000	558937	ttl	1	72	n/a	n/a	n/a	n/a	n/a	n/a	n/a	n/a	n/a	n/a	n/a	n/a	n/a	n/a	n/a	n/a	n/a	n/a	n/a	n/a	n/a	2794.683174	n/a
2796.714532	0.000000	559343	ttl	2	72	n/a	n/a	n/a	n/a	n/a	n/a	n/a	n/a	n/a	n/a	n/a	n/a	n/a	n/a	n/a	n/a	n/a	n/a	n/a	n/a	n/a	2796.714532	n/a
2799.142610	0.000000	559829	ttl	4	72	n/a	n/a	n/a	n/a	n/a	n/a	n/a	n/a	n/a	n/a	n/a	n/a	n/a	n/a	n/a	n/a	n/a	n/a	n/a	n/a	n/a	2799.142610	n/a
2799.147955	0.000000	559830	ttl	11	72	n/a	n/a	n/a	n/a	n/a	n/a	n/a	n/a	n/a	n/a	n/a	n/a	n/a	n/a	n/a	n/a	n/a	n/a	n/a	n/a	n/a	2799.147955	n/a
2799.689947	2.030704	559938	time_discrimination	n/a	n/a	n/a	72.0	n/a	n/a	n/a	2799.14795525	n/a	2.138808680625516	2.0	1	2.0	NB_19_LongA.png	n/a	6	2803.8594602499998	n/a	156	2	2	intervals/timediscrimination_table	155	2799.689947	2801.720651
2799.689947	0.000000	559938	ttl	1	72	n/a	n/a	n/a	n/a	n/a	n/a	n/a	n/a	n/a	n/a	n/a	n/a	n/a	n/a	n/a	n/a	n/a	n/a	n/a	n/a	n/a	2799.689947	n/a
2801.720651	0.000000	560344	ttl	2	72	n/a	n/a	n/a	n/a	n/a	n/a	n/a	n/a	n/a	n/a	n/a	n/a	n/a	n/a	n/a	n/a	n/a	n/a	n/a	n/a	n/a	2801.720651	n/a
2803.859460	0.000000	560772	ttl	4	72	n/a	n/a	n/a	n/a	n/a	n/a	n/a	n/a	n/a	n/a	n/a	n/a	n/a	n/a	n/a	n/a	n/a	n/a	n/a	n/a	n/a	2803.859460	n/a
2803.877631	0.000000	560776	ttl	11	72	n/a	n/a	n/a	n/a	n/a	n/a	n/a	n/a	n/a	n/a	n/a	n/a	n/a	n/a	n/a	n/a	n/a	n/a	n/a	n/a	n/a	2803.877631	n/a
2804.519791	2.031528	560904	time_discrimination	n/a	n/a	n/a	72.0	n/a	n/a	n/a	2803.877631	n/a	2.926834892063198	1.0	2	2.0	SB_46_LongA.png	n/a	6	2809.47815375	n/a	157	2	1	intervals/timediscrimination_table	156	2804.519791	2806.551319
2804.519791	0.000000	560904	ttl	1	72	n/a	n/a	n/a	n/a	n/a	n/a	n/a	n/a	n/a	n/a	n/a	n/a	n/a	n/a	n/a	n/a	n/a	n/a	n/a	n/a	n/a	2804.519791	n/a
2806.551319	0.000000	561310	ttl	2	72	n/a	n/a	n/a	n/a	n/a	n/a	n/a	n/a	n/a	n/a	n/a	n/a	n/a	n/a	n/a	n/a	n/a	n/a	n/a	n/a	n/a	2806.551319	n/a
2809.478154	0.000000	561896	ttl	4	72	n/a	n/a	n/a	n/a	n/a	n/a	n/a	n/a	n/a	n/a	n/a	n/a	n/a	n/a	n/a	n/a	n/a	n/a	n/a	n/a	n/a	2809.478154	n/a
2809.500372	0.000000	561900	ttl	11	72	n/a	n/a	n/a	n/a	n/a	n/a	n/a	n/a	n/a	n/a	n/a	n/a	n/a	n/a	n/a	n/a	n/a	n/a	n/a	n/a	n/a	2809.500372	n/a
2810.122464	2.031288	562024	time_discrimination	n/a	n/a	n/a	72.0	n/a	n/a	n/a	2809.5003724999997	n/a	4.45696747141119	2.0	3	2.0	HB_8_ShortA.png	n/a	6	2816.6107195	n/a	158	2	2	intervals/timediscrimination_table	157	2810.122464	2812.153752
2810.122464	0.000000	562024	ttl	1	72	n/a	n/a	n/a	n/a	n/a	n/a	n/a	n/a	n/a	n/a	n/a	n/a	n/a	n/a	n/a	n/a	n/a	n/a	n/a	n/a	n/a	2810.122464	n/a
2812.153752	0.000000	562431	ttl	2	72	n/a	n/a	n/a	n/a	n/a	n/a	n/a	n/a	n/a	n/a	n/a	n/a	n/a	n/a	n/a	n/a	n/a	n/a	n/a	n/a	n/a	2812.153752	n/a
2816.610719	0.000000	563322	ttl	4	72	n/a	n/a	n/a	n/a	n/a	n/a	n/a	n/a	n/a	n/a	n/a	n/a	n/a	n/a	n/a	n/a	n/a	n/a	n/a	n/a	n/a	2816.610719	n/a
2816.620439	0.000000	563324	ttl	11	72	n/a	n/a	n/a	n/a	n/a	n/a	n/a	n/a	n/a	n/a	n/a	n/a	n/a	n/a	n/a	n/a	n/a	n/a	n/a	n/a	n/a	2816.620439	n/a
2817.242325	2.031554	563448	time_discrimination	n/a	n/a	n/a	72.0	n/a	n/a	n/a	2816.62043925	n/a	2.1619742514012614	1.0	3	2.0	HB_37_LongA.png	n/a	3	2821.43585325	n/a	159	1	2	intervals/timediscrimination_table	158	2817.242325	2819.273879
2817.242325	0.000000	563448	ttl	1	72	n/a	n/a	n/a	n/a	n/a	n/a	n/a	n/a	n/a	n/a	n/a	n/a	n/a	n/a	n/a	n/a	n/a	n/a	n/a	n/a	n/a	2817.242325	n/a
2819.273879	0.000000	563855	ttl	2	72	n/a	n/a	n/a	n/a	n/a	n/a	n/a	n/a	n/a	n/a	n/a	n/a	n/a	n/a	n/a	n/a	n/a	n/a	n/a	n/a	n/a	2819.273879	n/a
2821.435853	0.000000	564287	ttl	4	72	n/a	n/a	n/a	n/a	n/a	n/a	n/a	n/a	n/a	n/a	n/a	n/a	n/a	n/a	n/a	n/a	n/a	n/a	n/a	n/a	n/a	2821.435853	n/a
2821.460685	0.000000	564292	ttl	11	72	n/a	n/a	n/a	n/a	n/a	n/a	n/a	n/a	n/a	n/a	n/a	n/a	n/a	n/a	n/a	n/a	n/a	n/a	n/a	n/a	n/a	2821.460685	n/a
2822.042487	2.030891	564408	time_discrimination	n/a	n/a	n/a	72.0	n/a	n/a	n/a	2821.4606854999997	n/a	2.2445000470543164	1.0	1	2.0	NB_8_ShortA.png	n/a	3	2826.3178777499998	n/a	160	1	2	intervals/timediscrimination_table	159	2822.042487	2824.073377
2822.042487	0.000000	564408	ttl	1	72	n/a	n/a	n/a	n/a	n/a	n/a	n/a	n/a	n/a	n/a	n/a	n/a	n/a	n/a	n/a	n/a	n/a	n/a	n/a	n/a	n/a	2822.042487	n/a
2824.073377	0.000000	564815	ttl	2	72	n/a	n/a	n/a	n/a	n/a	n/a	n/a	n/a	n/a	n/a	n/a	n/a	n/a	n/a	n/a	n/a	n/a	n/a	n/a	n/a	n/a	2824.073377	n/a
2826.317878	0.000000	565264	ttl	4	72	n/a	n/a	n/a	n/a	n/a	n/a	n/a	n/a	n/a	n/a	n/a	n/a	n/a	n/a	n/a	n/a	n/a	n/a	n/a	n/a	n/a	2826.317878	n/a
2826.325294	0.000000	565265	ttl	11	72	n/a	n/a	n/a	n/a	n/a	n/a	n/a	n/a	n/a	n/a	n/a	n/a	n/a	n/a	n/a	n/a	n/a	n/a	n/a	n/a	n/a	2826.325294	n/a
2826.907408	2.031198	565381	time_discrimination	n/a	n/a	n/a	72.0	n/a	n/a	n/a	2826.3252945	n/a	1.277940248914092	2.0	2	2.0	SB_25_shortA.png	n/a	6	2830.2165459999997	n/a	161	2	2	intervals/timediscrimination_table	160	2826.907408	2828.938606
2826.907408	0.000000	565381	ttl	1	72	n/a	n/a	n/a	n/a	n/a	n/a	n/a	n/a	n/a	n/a	n/a	n/a	n/a	n/a	n/a	n/a	n/a	n/a	n/a	n/a	n/a	2826.907408	n/a
2828.938606	0.000000	565788	ttl	2	72	n/a	n/a	n/a	n/a	n/a	n/a	n/a	n/a	n/a	n/a	n/a	n/a	n/a	n/a	n/a	n/a	n/a	n/a	n/a	n/a	n/a	2828.938606	n/a
2830.216546	0.000000	566043	ttl	4	72	n/a	n/a	n/a	n/a	n/a	n/a	n/a	n/a	n/a	n/a	n/a	n/a	n/a	n/a	n/a	n/a	n/a	n/a	n/a	n/a	n/a	2830.216546	n/a
2830.228944	0.000000	566046	ttl	11	72	n/a	n/a	n/a	n/a	n/a	n/a	n/a	n/a	n/a	n/a	n/a	n/a	n/a	n/a	n/a	n/a	n/a	n/a	n/a	n/a	n/a	2830.228944	n/a
2830.871248	2.031200	566174	time_discrimination	n/a	n/a	n/a	72.0	n/a	n/a	n/a	2830.2289444999997	n/a	0.20033918447006727	1.0	3	2.0	HB_42_LongA.png	n/a	3	2833.1027875	n/a	162	1	2	intervals/timediscrimination_table	161	2830.871248	2832.902448
2830.871248	0.000000	566174	ttl	1	72	n/a	n/a	n/a	n/a	n/a	n/a	n/a	n/a	n/a	n/a	n/a	n/a	n/a	n/a	n/a	n/a	n/a	n/a	n/a	n/a	n/a	2830.871248	n/a
2832.902448	0.000000	566580	ttl	2	72	n/a	n/a	n/a	n/a	n/a	n/a	n/a	n/a	n/a	n/a	n/a	n/a	n/a	n/a	n/a	n/a	n/a	n/a	n/a	n/a	n/a	2832.902448	n/a
2833.102787	0.000000	566621	ttl	4	72	n/a	n/a	n/a	n/a	n/a	n/a	n/a	n/a	n/a	n/a	n/a	n/a	n/a	n/a	n/a	n/a	n/a	n/a	n/a	n/a	n/a	2833.102787	n/a
2833.116436	0.000000	566623	ttl	11	72	n/a	n/a	n/a	n/a	n/a	n/a	n/a	n/a	n/a	n/a	n/a	n/a	n/a	n/a	n/a	n/a	n/a	n/a	n/a	n/a	n/a	2833.116436	n/a
2833.758732	2.031209	566752	time_discrimination	n/a	n/a	n/a	72.0	n/a	n/a	n/a	2833.116436	n/a	2.3106583110493375	2.0	3	2.0	HB_5_LongA.png	n/a	6	2838.1005995	n/a	163	2	2	intervals/timediscrimination_table	162	2833.758732	2835.789941
2833.758732	0.000000	566752	ttl	1	72	n/a	n/a	n/a	n/a	n/a	n/a	n/a	n/a	n/a	n/a	n/a	n/a	n/a	n/a	n/a	n/a	n/a	n/a	n/a	n/a	n/a	2833.758732	n/a
2835.789941	0.000000	567158	ttl	2	72	n/a	n/a	n/a	n/a	n/a	n/a	n/a	n/a	n/a	n/a	n/a	n/a	n/a	n/a	n/a	n/a	n/a	n/a	n/a	n/a	n/a	2835.789941	n/a
2838.100600	0.000000	567620	ttl	4	72	n/a	n/a	n/a	n/a	n/a	n/a	n/a	n/a	n/a	n/a	n/a	n/a	n/a	n/a	n/a	n/a	n/a	n/a	n/a	n/a	n/a	2838.100600	n/a
2838.106061	0.000000	567621	ttl	11	72	n/a	n/a	n/a	n/a	n/a	n/a	n/a	n/a	n/a	n/a	n/a	n/a	n/a	n/a	n/a	n/a	n/a	n/a	n/a	n/a	n/a	2838.106061	n/a
2838.668064	2.031346	567734	time_discrimination	n/a	n/a	n/a	72.0	n/a	n/a	n/a	2838.106061	n/a	2.543003389993828	1.0	1	2.0	NB_9_LongA.png	n/a	6	2843.2424137499997	n/a	164	2	1	intervals/timediscrimination_table	163	2838.668064	2840.699410
2838.668064	0.000000	567734	ttl	1	72	n/a	n/a	n/a	n/a	n/a	n/a	n/a	n/a	n/a	n/a	n/a	n/a	n/a	n/a	n/a	n/a	n/a	n/a	n/a	n/a	n/a	2838.668064	n/a
2840.699410	0.000000	568140	ttl	2	72	n/a	n/a	n/a	n/a	n/a	n/a	n/a	n/a	n/a	n/a	n/a	n/a	n/a	n/a	n/a	n/a	n/a	n/a	n/a	n/a	n/a	2840.699410	n/a
2843.242414	0.000000	568648	ttl	4	72	n/a	n/a	n/a	n/a	n/a	n/a	n/a	n/a	n/a	n/a	n/a	n/a	n/a	n/a	n/a	n/a	n/a	n/a	n/a	n/a	n/a	2843.242414	n/a
2843.247410	0.000000	568649	ttl	11	72	n/a	n/a	n/a	n/a	n/a	n/a	n/a	n/a	n/a	n/a	n/a	n/a	n/a	n/a	n/a	n/a	n/a	n/a	n/a	n/a	n/a	2843.247410	n/a
2843.809474	2.031364	568762	time_discrimination	n/a	n/a	n/a	72.0	n/a	n/a	n/a	2843.24741025	n/a	1.5706182603316847	2.0	3	2.0	HB_30_ShortA.png	n/a	3	2847.41145625	n/a	165	1	1	intervals/timediscrimination_table	164	2843.809474	2845.840838
2843.809474	0.000000	568762	ttl	1	72	n/a	n/a	n/a	n/a	n/a	n/a	n/a	n/a	n/a	n/a	n/a	n/a	n/a	n/a	n/a	n/a	n/a	n/a	n/a	n/a	n/a	2843.809474	n/a
2845.840838	0.000000	569168	ttl	2	72	n/a	n/a	n/a	n/a	n/a	n/a	n/a	n/a	n/a	n/a	n/a	n/a	n/a	n/a	n/a	n/a	n/a	n/a	n/a	n/a	n/a	2845.840838	n/a
2847.411456	0.000000	569482	ttl	4	72	n/a	n/a	n/a	n/a	n/a	n/a	n/a	n/a	n/a	n/a	n/a	n/a	n/a	n/a	n/a	n/a	n/a	n/a	n/a	n/a	n/a	2847.411456	n/a
2847.429540	0.000000	569486	ttl	11	72	n/a	n/a	n/a	n/a	n/a	n/a	n/a	n/a	n/a	n/a	n/a	n/a	n/a	n/a	n/a	n/a	n/a	n/a	n/a	n/a	n/a	2847.429540	n/a
2847.991430	2.030747	569598	time_discrimination	n/a	n/a	n/a	72.0	n/a	n/a	n/a	2847.42953975	n/a	2.291016016406502	2.0	1	2.0	NB_26_ShortA.png	n/a	6	2852.313193	n/a	166	2	2	intervals/timediscrimination_table	165	2847.991430	2850.022177
2847.991430	0.000000	569598	ttl	1	72	n/a	n/a	n/a	n/a	n/a	n/a	n/a	n/a	n/a	n/a	n/a	n/a	n/a	n/a	n/a	n/a	n/a	n/a	n/a	n/a	n/a	2847.991430	n/a
2850.022177	0.000000	570004	ttl	2	72	n/a	n/a	n/a	n/a	n/a	n/a	n/a	n/a	n/a	n/a	n/a	n/a	n/a	n/a	n/a	n/a	n/a	n/a	n/a	n/a	n/a	2850.022177	n/a
2852.313193	0.000000	570463	ttl	4	72	n/a	n/a	n/a	n/a	n/a	n/a	n/a	n/a	n/a	n/a	n/a	n/a	n/a	n/a	n/a	n/a	n/a	n/a	n/a	n/a	n/a	2852.313193	n/a
2852.328492	0.000000	570466	ttl	11	72	n/a	n/a	n/a	n/a	n/a	n/a	n/a	n/a	n/a	n/a	n/a	n/a	n/a	n/a	n/a	n/a	n/a	n/a	n/a	n/a	n/a	2852.328492	n/a
2852.930510	2.030749	570586	time_discrimination	n/a	n/a	n/a	72.0	n/a	n/a	n/a	2852.32849175	n/a	3.0586310741527996	2.0	3	2.0	HB_4_LongA.png	n/a	3	2858.0198904999997	n/a	167	1	1	intervals/timediscrimination_table	166	2852.930510	2854.961259
2852.930510	0.000000	570586	ttl	1	72	n/a	n/a	n/a	n/a	n/a	n/a	n/a	n/a	n/a	n/a	n/a	n/a	n/a	n/a	n/a	n/a	n/a	n/a	n/a	n/a	n/a	2852.930510	n/a
2854.961259	0.000000	570992	ttl	2	72	n/a	n/a	n/a	n/a	n/a	n/a	n/a	n/a	n/a	n/a	n/a	n/a	n/a	n/a	n/a	n/a	n/a	n/a	n/a	n/a	n/a	2854.961259	n/a
2858.019890	0.000000	571604	ttl	4	72	n/a	n/a	n/a	n/a	n/a	n/a	n/a	n/a	n/a	n/a	n/a	n/a	n/a	n/a	n/a	n/a	n/a	n/a	n/a	n/a	n/a	2858.019890	n/a
2858.038703	0.000000	571608	ttl	11	72	n/a	n/a	n/a	n/a	n/a	n/a	n/a	n/a	n/a	n/a	n/a	n/a	n/a	n/a	n/a	n/a	n/a	n/a	n/a	n/a	n/a	2858.038703	n/a
2858.680859	2.030760	571736	time_discrimination	n/a	n/a	n/a	72.0	n/a	n/a	n/a	2858.0387029999997	n/a	0.5236714038182981	1.0	2	2.0	SB_56_LongA.png	n/a	3	2861.235291	n/a	168	1	2	intervals/timediscrimination_table	167	2858.680859	2860.711619
2858.680859	0.000000	571736	ttl	1	72	n/a	n/a	n/a	n/a	n/a	n/a	n/a	n/a	n/a	n/a	n/a	n/a	n/a	n/a	n/a	n/a	n/a	n/a	n/a	n/a	n/a	2858.680859	n/a
2860.711619	0.000000	572142	ttl	2	72	n/a	n/a	n/a	n/a	n/a	n/a	n/a	n/a	n/a	n/a	n/a	n/a	n/a	n/a	n/a	n/a	n/a	n/a	n/a	n/a	n/a	2860.711619	n/a
2861.235291	0.000000	572247	ttl	4	72	n/a	n/a	n/a	n/a	n/a	n/a	n/a	n/a	n/a	n/a	n/a	n/a	n/a	n/a	n/a	n/a	n/a	n/a	n/a	n/a	n/a	2861.235291	n/a
2861.251607	0.000000	572250	ttl	11	72	n/a	n/a	n/a	n/a	n/a	n/a	n/a	n/a	n/a	n/a	n/a	n/a	n/a	n/a	n/a	n/a	n/a	n/a	n/a	n/a	n/a	2861.251607	n/a
2861.833707	2.030749	572367	time_discrimination	n/a	n/a	n/a	72.0	n/a	n/a	n/a	2861.25160725	n/a	0.6463909347658046	2.0	2	2.0	SB_27_ShortA.png	n/a	6	2864.51084725	n/a	169	2	2	intervals/timediscrimination_table	168	2861.833707	2863.864456
2861.833707	0.000000	572367	ttl	1	72	n/a	n/a	n/a	n/a	n/a	n/a	n/a	n/a	n/a	n/a	n/a	n/a	n/a	n/a	n/a	n/a	n/a	n/a	n/a	n/a	n/a	2861.833707	n/a
2863.864456	0.000000	572773	ttl	2	72	n/a	n/a	n/a	n/a	n/a	n/a	n/a	n/a	n/a	n/a	n/a	n/a	n/a	n/a	n/a	n/a	n/a	n/a	n/a	n/a	n/a	2863.864456	n/a
2864.510847	0.000000	572902	ttl	4	72	n/a	n/a	n/a	n/a	n/a	n/a	n/a	n/a	n/a	n/a	n/a	n/a	n/a	n/a	n/a	n/a	n/a	n/a	n/a	n/a	n/a	2864.510847	n/a
2864.521775	0.000000	572904	ttl	11	72	n/a	n/a	n/a	n/a	n/a	n/a	n/a	n/a	n/a	n/a	n/a	n/a	n/a	n/a	n/a	n/a	n/a	n/a	n/a	n/a	n/a	2864.521775	n/a
2865.143861	2.031361	573029	time_discrimination	n/a	n/a	n/a	72.0	n/a	n/a	n/a	2864.5217755	n/a	1.2344920525865746	2.0	1	2.0	NB_27_LongA.png	n/a	6	2868.409714	n/a	170	2	2	intervals/timediscrimination_table	169	2865.143861	2867.175222
2865.143861	0.000000	573029	ttl	1	72	n/a	n/a	n/a	n/a	n/a	n/a	n/a	n/a	n/a	n/a	n/a	n/a	n/a	n/a	n/a	n/a	n/a	n/a	n/a	n/a	n/a	2865.143861	n/a
2867.175222	0.000000	573435	ttl	2	72	n/a	n/a	n/a	n/a	n/a	n/a	n/a	n/a	n/a	n/a	n/a	n/a	n/a	n/a	n/a	n/a	n/a	n/a	n/a	n/a	n/a	2867.175222	n/a
2868.409714	0.000000	573682	ttl	4	72	n/a	n/a	n/a	n/a	n/a	n/a	n/a	n/a	n/a	n/a	n/a	n/a	n/a	n/a	n/a	n/a	n/a	n/a	n/a	n/a	n/a	2868.409714	n/a
2868.421272	0.000000	573684	ttl	11	72	n/a	n/a	n/a	n/a	n/a	n/a	n/a	n/a	n/a	n/a	n/a	n/a	n/a	n/a	n/a	n/a	n/a	n/a	n/a	n/a	n/a	2868.421272	n/a
2869.043358	2.031418	573809	time_discrimination	n/a	n/a	n/a	72.0	n/a	n/a	n/a	2868.4212724999998	n/a	1.6060911776512512	2.0	3	2.0	HB_25_ShortA.png	n/a	6	2872.68086775	n/a	171	2	2	intervals/timediscrimination_table	170	2869.043358	2871.074776
2869.043358	0.000000	573809	ttl	1	72	n/a	n/a	n/a	n/a	n/a	n/a	n/a	n/a	n/a	n/a	n/a	n/a	n/a	n/a	n/a	n/a	n/a	n/a	n/a	n/a	n/a	2869.043358	n/a
2871.074776	0.000000	574215	ttl	2	72	n/a	n/a	n/a	n/a	n/a	n/a	n/a	n/a	n/a	n/a	n/a	n/a	n/a	n/a	n/a	n/a	n/a	n/a	n/a	n/a	n/a	2871.074776	n/a
2872.680868	0.000000	574536	ttl	4	72	n/a	n/a	n/a	n/a	n/a	n/a	n/a	n/a	n/a	n/a	n/a	n/a	n/a	n/a	n/a	n/a	n/a	n/a	n/a	n/a	n/a	2872.680868	n/a
2872.700754	0.000000	574540	ttl	11	72	n/a	n/a	n/a	n/a	n/a	n/a	n/a	n/a	n/a	n/a	n/a	n/a	n/a	n/a	n/a	n/a	n/a	n/a	n/a	n/a	n/a	2872.700754	n/a
2873.322842	2.031372	574665	time_discrimination	n/a	n/a	n/a	72.0	n/a	n/a	n/a	2872.70075425	n/a	3.2376418234453013	1.0	2	2.0	SB_1_ShortA.png	n/a	6	2878.59185625	n/a	172	2	1	intervals/timediscrimination_table	171	2873.322842	2875.354214
2873.322842	0.000000	574665	ttl	1	72	n/a	n/a	n/a	n/a	n/a	n/a	n/a	n/a	n/a	n/a	n/a	n/a	n/a	n/a	n/a	n/a	n/a	n/a	n/a	n/a	n/a	2873.322842	n/a
2875.354214	0.000000	575071	ttl	2	72	n/a	n/a	n/a	n/a	n/a	n/a	n/a	n/a	n/a	n/a	n/a	n/a	n/a	n/a	n/a	n/a	n/a	n/a	n/a	n/a	n/a	2875.354214	n/a
2878.591856	0.000000	575718	ttl	4	72	n/a	n/a	n/a	n/a	n/a	n/a	n/a	n/a	n/a	n/a	n/a	n/a	n/a	n/a	n/a	n/a	n/a	n/a	n/a	n/a	n/a	2878.591856	n/a
2878.596881	0.000000	575719	ttl	11	72	n/a	n/a	n/a	n/a	n/a	n/a	n/a	n/a	n/a	n/a	n/a	n/a	n/a	n/a	n/a	n/a	n/a	n/a	n/a	n/a	n/a	2878.596881	n/a
2879.219139	2.030782	575844	time_discrimination	n/a	n/a	n/a	72.0	n/a	n/a	n/a	2878.59688125	n/a	2.5828669128713955	1.0	3	2.0	HB_52_LongA.png	n/a	3	2883.8327879999997	n/a	173	1	2	intervals/timediscrimination_table	172	2879.219139	2881.249921
2879.219139	0.000000	575844	ttl	1	72	n/a	n/a	n/a	n/a	n/a	n/a	n/a	n/a	n/a	n/a	n/a	n/a	n/a	n/a	n/a	n/a	n/a	n/a	n/a	n/a	n/a	2879.219139	n/a
2881.249921	0.000000	576250	ttl	2	72	n/a	n/a	n/a	n/a	n/a	n/a	n/a	n/a	n/a	n/a	n/a	n/a	n/a	n/a	n/a	n/a	n/a	n/a	n/a	n/a	n/a	2881.249921	n/a
2883.832788	0.000000	576767	ttl	4	72	n/a	n/a	n/a	n/a	n/a	n/a	n/a	n/a	n/a	n/a	n/a	n/a	n/a	n/a	n/a	n/a	n/a	n/a	n/a	n/a	n/a	2883.832788	n/a
2883.843173	0.000000	576769	ttl	11	72	n/a	n/a	n/a	n/a	n/a	n/a	n/a	n/a	n/a	n/a	n/a	n/a	n/a	n/a	n/a	n/a	n/a	n/a	n/a	n/a	n/a	2883.843173	n/a
2884.405093	2.031367	576881	time_discrimination	n/a	n/a	n/a	72.0	n/a	n/a	n/a	2883.8431727499997	n/a	0.4917717276584881	2.0	2	2.0	SB_39_ShortA.png	n/a	6	2886.9282325	n/a	174	2	2	intervals/timediscrimination_table	173	2884.405093	2886.436461
2884.405093	0.000000	576881	ttl	1	72	n/a	n/a	n/a	n/a	n/a	n/a	n/a	n/a	n/a	n/a	n/a	n/a	n/a	n/a	n/a	n/a	n/a	n/a	n/a	n/a	n/a	2884.405093	n/a
2886.436461	0.000000	577287	ttl	2	72	n/a	n/a	n/a	n/a	n/a	n/a	n/a	n/a	n/a	n/a	n/a	n/a	n/a	n/a	n/a	n/a	n/a	n/a	n/a	n/a	n/a	2886.436461	n/a
2886.928232	0.000000	577386	ttl	4	72	n/a	n/a	n/a	n/a	n/a	n/a	n/a	n/a	n/a	n/a	n/a	n/a	n/a	n/a	n/a	n/a	n/a	n/a	n/a	n/a	n/a	2886.928232	n/a
2886.937391	0.000000	577387	ttl	11	72	n/a	n/a	n/a	n/a	n/a	n/a	n/a	n/a	n/a	n/a	n/a	n/a	n/a	n/a	n/a	n/a	n/a	n/a	n/a	n/a	n/a	2886.937391	n/a
2887.559479	2.030758	577512	time_discrimination	n/a	n/a	n/a	72.0	n/a	n/a	n/a	2886.9373914999996	n/a	0.8760572079263511	2.0	3	3.0	HB_26_LongA.png	n/a	7	2890.4662949999997	n/a	175	2	2	intervals/timediscrimination_table	174	2887.559479	2889.590238
2887.559479	0.000000	577512	ttl	1	72	n/a	n/a	n/a	n/a	n/a	n/a	n/a	n/a	n/a	n/a	n/a	n/a	n/a	n/a	n/a	n/a	n/a	n/a	n/a	n/a	n/a	2887.559479	n/a
2889.590238	0.000000	577918	ttl	2	72	n/a	n/a	n/a	n/a	n/a	n/a	n/a	n/a	n/a	n/a	n/a	n/a	n/a	n/a	n/a	n/a	n/a	n/a	n/a	n/a	n/a	2889.590238	n/a
2890.466295	0.000000	578093	ttl	4	72	n/a	n/a	n/a	n/a	n/a	n/a	n/a	n/a	n/a	n/a	n/a	n/a	n/a	n/a	n/a	n/a	n/a	n/a	n/a	n/a	n/a	2890.466295	n/a
2890.488837	0.000000	578098	ttl	11	72	n/a	n/a	n/a	n/a	n/a	n/a	n/a	n/a	n/a	n/a	n/a	n/a	n/a	n/a	n/a	n/a	n/a	n/a	n/a	n/a	n/a	2890.488837	n/a
2891.091153	2.030738	578218	time_discrimination	n/a	n/a	n/a	72.0	n/a	n/a	n/a	2890.488837	n/a	1.343044712808478	2.0	3	2.0	HB_15_ShortA.png	n/a	6	2894.4649357499998	n/a	176	2	2	intervals/timediscrimination_table	175	2891.091153	2893.121891
2891.091153	0.000000	578218	ttl	1	72	n/a	n/a	n/a	n/a	n/a	n/a	n/a	n/a	n/a	n/a	n/a	n/a	n/a	n/a	n/a	n/a	n/a	n/a	n/a	n/a	n/a	2891.091153	n/a
2893.121891	0.000000	578624	ttl	2	72	n/a	n/a	n/a	n/a	n/a	n/a	n/a	n/a	n/a	n/a	n/a	n/a	n/a	n/a	n/a	n/a	n/a	n/a	n/a	n/a	n/a	2893.121891	n/a
2894.464936	0.000000	578893	ttl	4	72	n/a	n/a	n/a	n/a	n/a	n/a	n/a	n/a	n/a	n/a	n/a	n/a	n/a	n/a	n/a	n/a	n/a	n/a	n/a	n/a	n/a	2894.464936	n/a
2894.479102	0.000000	578896	ttl	11	72	n/a	n/a	n/a	n/a	n/a	n/a	n/a	n/a	n/a	n/a	n/a	n/a	n/a	n/a	n/a	n/a	n/a	n/a	n/a	n/a	n/a	2894.479102	n/a
2895.081355	2.031295	579016	time_discrimination	n/a	n/a	n/a	72.0	n/a	n/a	n/a	2894.479102	n/a	0.5270702509587863	2.0	1	3.0	NB_6_LongA.png	n/a	7	2897.6397205	n/a	177	2	2	intervals/timediscrimination_table	176	2895.081355	2897.112650
2895.081355	0.000000	579016	ttl	1	72	n/a	n/a	n/a	n/a	n/a	n/a	n/a	n/a	n/a	n/a	n/a	n/a	n/a	n/a	n/a	n/a	n/a	n/a	n/a	n/a	n/a	2895.081355	n/a
2897.112650	0.000000	579423	ttl	2	72	n/a	n/a	n/a	n/a	n/a	n/a	n/a	n/a	n/a	n/a	n/a	n/a	n/a	n/a	n/a	n/a	n/a	n/a	n/a	n/a	n/a	2897.112650	n/a
2897.639720	0.000000	579528	ttl	4	72	n/a	n/a	n/a	n/a	n/a	n/a	n/a	n/a	n/a	n/a	n/a	n/a	n/a	n/a	n/a	n/a	n/a	n/a	n/a	n/a	n/a	2897.639720	n/a
2897.652336	0.000000	579530	ttl	11	72	n/a	n/a	n/a	n/a	n/a	n/a	n/a	n/a	n/a	n/a	n/a	n/a	n/a	n/a	n/a	n/a	n/a	n/a	n/a	n/a	n/a	2897.652336	n/a
2898.214234	2.031466	579643	time_discrimination	n/a	n/a	n/a	72.0	n/a	n/a	n/a	2897.6523359999997	n/a	1.5843877798397443	2.0	1	3.0	NB_22_LongA.png	n/a	7	2901.83008825	n/a	178	2	2	intervals/timediscrimination_table	177	2898.214234	2900.245700
2898.214234	0.000000	579643	ttl	1	72	n/a	n/a	n/a	n/a	n/a	n/a	n/a	n/a	n/a	n/a	n/a	n/a	n/a	n/a	n/a	n/a	n/a	n/a	n/a	n/a	n/a	2898.214234	n/a
2900.245700	0.000000	580049	ttl	2	72	n/a	n/a	n/a	n/a	n/a	n/a	n/a	n/a	n/a	n/a	n/a	n/a	n/a	n/a	n/a	n/a	n/a	n/a	n/a	n/a	n/a	2900.245700	n/a
2901.830088	0.000000	580366	ttl	4	72	n/a	n/a	n/a	n/a	n/a	n/a	n/a	n/a	n/a	n/a	n/a	n/a	n/a	n/a	n/a	n/a	n/a	n/a	n/a	n/a	n/a	2901.830088	n/a
2901.875562	0.000000	580375	ttl	11	72	n/a	n/a	n/a	n/a	n/a	n/a	n/a	n/a	n/a	n/a	n/a	n/a	n/a	n/a	n/a	n/a	n/a	n/a	n/a	n/a	n/a	2901.875562	n/a
2902.447878	2.084818	580490	time_discrimination	n/a	n/a	n/a	72.0	n/a	n/a	n/a	2901.87556225	n/a	1.56293166256728	2.0	2	3.0	SB_30_LongA.png	n/a	7	2906.09562775	n/a	179	2	2	intervals/timediscrimination_table	178	2902.447878	2904.532696
2902.447878	0.000000	580490	ttl	1	72	n/a	n/a	n/a	n/a	n/a	n/a	n/a	n/a	n/a	n/a	n/a	n/a	n/a	n/a	n/a	n/a	n/a	n/a	n/a	n/a	n/a	2902.447878	n/a
2904.532696	0.000000	580907	ttl	2	72	n/a	n/a	n/a	n/a	n/a	n/a	n/a	n/a	n/a	n/a	n/a	n/a	n/a	n/a	n/a	n/a	n/a	n/a	n/a	n/a	n/a	2904.532696	n/a
2906.095628	0.000000	581219	ttl	4	72	n/a	n/a	n/a	n/a	n/a	n/a	n/a	n/a	n/a	n/a	n/a	n/a	n/a	n/a	n/a	n/a	n/a	n/a	n/a	n/a	n/a	2906.095628	n/a
2906.129736	0.000000	581226	ttl	11	72	n/a	n/a	n/a	n/a	n/a	n/a	n/a	n/a	n/a	n/a	n/a	n/a	n/a	n/a	n/a	n/a	n/a	n/a	n/a	n/a	n/a	2906.129736	n/a
2906.662072	2.038443	581332	time_discrimination	n/a	n/a	n/a	72.0	n/a	n/a	n/a	2906.12973575	n/a	1.0318745708318602	2.0	2	3.0	SB_30_ShortA.png	n/a	2	2909.7323895	n/a	180	1	1	intervals/timediscrimination_table	179	2906.662072	2908.700515
2906.662072	0.000000	581332	ttl	1	72	n/a	n/a	n/a	n/a	n/a	n/a	n/a	n/a	n/a	n/a	n/a	n/a	n/a	n/a	n/a	n/a	n/a	n/a	n/a	n/a	n/a	2906.662072	n/a
2908.700515	0.000000	581740	ttl	2	72	n/a	n/a	n/a	n/a	n/a	n/a	n/a	n/a	n/a	n/a	n/a	n/a	n/a	n/a	n/a	n/a	n/a	n/a	n/a	n/a	n/a	2908.700515	n/a
2909.732389	0.000000	581946	ttl	4	72	n/a	n/a	n/a	n/a	n/a	n/a	n/a	n/a	n/a	n/a	n/a	n/a	n/a	n/a	n/a	n/a	n/a	n/a	n/a	n/a	n/a	2909.732389	n/a
2909.788068	0.000000	581958	ttl	60	72	n/a	n/a	n/a	n/a	n/a	n/a	n/a	n/a	n/a	n/a	n/a	n/a	n/a	n/a	n/a	n/a	n/a	n/a	n/a	n/a	n/a	2909.788068	n/a
