onset	duration	sample	trial_type	value	experiment_id	Clip_name	ExperimentID	boundary1_time	boundary2_time	boundary3_time	fixcross_time	stimCategory	RT	accuracy	boundary_type	confidence	frameName	old_new	resp_value	source_response_time	stimuli_type	trial_num	leftright	resp_key	source_table	source_row_id	source_start_time	source_stop_time
0.000000	0.000000	0	ttl	61	70	n/a	n/a	n/a	n/a	n/a	n/a	n/a	n/a	n/a	n/a	n/a	n/a	n/a	n/a	n/a	n/a	n/a	n/a	n/a	n/a	n/a	0.000000	n/a
0.053998	0.000000	11	ttl	11	70	n/a	n/a	n/a	n/a	n/a	n/a	n/a	n/a	n/a	n/a	n/a	n/a	n/a	n/a	n/a	n/a	n/a	n/a	n/a	n/a	n/a	0.053998	n/a
1.000337	8.062696	200	encoding	n/a	n/a	SB_5.mp4	70.0	5.1621334999999995	n/a	n/a	0.05399775	1	n/a	n/a	n/a	n/a	n/a	n/a	n/a	n/a	n/a	n/a	n/a	n/a	intervals/encoding_table	0	1.000337	9.063034
1.000337	0.000000	200	ttl	1	70	n/a	n/a	n/a	n/a	n/a	n/a	n/a	n/a	n/a	n/a	n/a	n/a	n/a	n/a	n/a	n/a	n/a	n/a	n/a	n/a	n/a	1.000337	n/a
9.063034	0.000000	1813	ttl	2	70	n/a	n/a	n/a	n/a	n/a	n/a	n/a	n/a	n/a	n/a	n/a	n/a	n/a	n/a	n/a	n/a	n/a	n/a	n/a	n/a	n/a	9.063034	n/a
9.077711	0.000000	1816	ttl	11	70	n/a	n/a	n/a	n/a	n/a	n/a	n/a	n/a	n/a	n/a	n/a	n/a	n/a	n/a	n/a	n/a	n/a	n/a	n/a	n/a	n/a	9.077711	n/a
10.133920	8.030431	2027	encoding	n/a	n/a	HB_17.mp4	70.0	14.133919749999999	n/a	n/a	9.07771125	2	n/a	n/a	n/a	n/a	n/a	n/a	n/a	n/a	n/a	n/a	n/a	n/a	intervals/encoding_table	1	10.133920	18.164351
10.133920	0.000000	2027	ttl	1	70	n/a	n/a	n/a	n/a	n/a	n/a	n/a	n/a	n/a	n/a	n/a	n/a	n/a	n/a	n/a	n/a	n/a	n/a	n/a	n/a	n/a	10.133920	n/a
18.164351	0.000000	3633	ttl	2	70	n/a	n/a	n/a	n/a	n/a	n/a	n/a	n/a	n/a	n/a	n/a	n/a	n/a	n/a	n/a	n/a	n/a	n/a	n/a	n/a	n/a	18.164351	n/a
18.180513	0.000000	3636	ttl	11	70	n/a	n/a	n/a	n/a	n/a	n/a	n/a	n/a	n/a	n/a	n/a	n/a	n/a	n/a	n/a	n/a	n/a	n/a	n/a	n/a	n/a	18.180513	n/a
19.216998	7.998757	3843	encoding	n/a	n/a	NB_14.mp4	70.0	23.216998	n/a	n/a	18.18051325	0	n/a	n/a	n/a	n/a	n/a	n/a	n/a	n/a	n/a	n/a	n/a	n/a	intervals/encoding_table	2	19.216998	27.215755
19.216998	0.000000	3843	ttl	1	70	n/a	n/a	n/a	n/a	n/a	n/a	n/a	n/a	n/a	n/a	n/a	n/a	n/a	n/a	n/a	n/a	n/a	n/a	n/a	n/a	n/a	19.216998	n/a
27.215755	0.000000	5443	ttl	2	70	n/a	n/a	n/a	n/a	n/a	n/a	n/a	n/a	n/a	n/a	n/a	n/a	n/a	n/a	n/a	n/a	n/a	n/a	n/a	n/a	n/a	27.215755	n/a
27.231965	0.000000	5446	ttl	11	70	n/a	n/a	n/a	n/a	n/a	n/a	n/a	n/a	n/a	n/a	n/a	n/a	n/a	n/a	n/a	n/a	n/a	n/a	n/a	n/a	n/a	27.231965	n/a
28.164209	7.930957	5633	encoding	n/a	n/a	NB_16.mp4	70.0	32.16420875	n/a	n/a	27.231965	0	n/a	n/a	n/a	n/a	n/a	n/a	n/a	n/a	n/a	n/a	n/a	n/a	intervals/encoding_table	3	28.164209	36.095166
28.164209	0.000000	5633	ttl	1	70	n/a	n/a	n/a	n/a	n/a	n/a	n/a	n/a	n/a	n/a	n/a	n/a	n/a	n/a	n/a	n/a	n/a	n/a	n/a	n/a	n/a	28.164209	n/a
36.095166	0.000000	7219	ttl	2	70	n/a	n/a	n/a	n/a	n/a	n/a	n/a	n/a	n/a	n/a	n/a	n/a	n/a	n/a	n/a	n/a	n/a	n/a	n/a	n/a	n/a	36.095166	n/a
36.111548	0.000000	7222	ttl	11	70	n/a	n/a	n/a	n/a	n/a	n/a	n/a	n/a	n/a	n/a	n/a	n/a	n/a	n/a	n/a	n/a	n/a	n/a	n/a	n/a	n/a	36.111548	n/a
37.039786	8.432882	7408	encoding	n/a	n/a	HB_22.mp4	70.0	41.03978625	n/a	n/a	36.1115475	2	n/a	n/a	n/a	n/a	n/a	n/a	n/a	n/a	n/a	n/a	n/a	n/a	intervals/encoding_table	4	37.039786	45.472668
37.039786	0.000000	7408	ttl	1	70	n/a	n/a	n/a	n/a	n/a	n/a	n/a	n/a	n/a	n/a	n/a	n/a	n/a	n/a	n/a	n/a	n/a	n/a	n/a	n/a	n/a	37.039786	n/a
45.472668	0.000000	9095	ttl	2	70	n/a	n/a	n/a	n/a	n/a	n/a	n/a	n/a	n/a	n/a	n/a	n/a	n/a	n/a	n/a	n/a	n/a	n/a	n/a	n/a	n/a	45.472668	n/a
45.488968	0.000000	9098	ttl	11	70	n/a	n/a	n/a	n/a	n/a	n/a	n/a	n/a	n/a	n/a	n/a	n/a	n/a	n/a	n/a	n/a	n/a	n/a	n/a	n/a	n/a	45.488968	n/a
46.522717	7.996109	9305	encoding	n/a	n/a	NB_19.mp4	70.0	50.522716499999994	n/a	n/a	45.488968	0	n/a	n/a	n/a	n/a	n/a	n/a	n/a	n/a	n/a	n/a	n/a	n/a	intervals/encoding_table	5	46.522717	54.518826
46.522717	0.000000	9305	ttl	1	70	n/a	n/a	n/a	n/a	n/a	n/a	n/a	n/a	n/a	n/a	n/a	n/a	n/a	n/a	n/a	n/a	n/a	n/a	n/a	n/a	n/a	46.522717	n/a
54.518826	0.000000	10904	ttl	2	70	n/a	n/a	n/a	n/a	n/a	n/a	n/a	n/a	n/a	n/a	n/a	n/a	n/a	n/a	n/a	n/a	n/a	n/a	n/a	n/a	n/a	54.518826	n/a
67.384929	0.000000	13477	ttl	11	70	n/a	n/a	n/a	n/a	n/a	n/a	n/a	n/a	n/a	n/a	n/a	n/a	n/a	n/a	n/a	n/a	n/a	n/a	n/a	n/a	n/a	67.384929	n/a
68.416675	7.932586	13683	encoding	n/a	n/a	SB_9.mp4	70.0	74.20420974999999	n/a	n/a	67.384929	1	n/a	n/a	n/a	n/a	n/a	n/a	n/a	n/a	n/a	n/a	n/a	n/a	intervals/encoding_table	6	68.416675	76.349261
68.416675	0.000000	13683	ttl	1	70	n/a	n/a	n/a	n/a	n/a	n/a	n/a	n/a	n/a	n/a	n/a	n/a	n/a	n/a	n/a	n/a	n/a	n/a	n/a	n/a	n/a	68.416675	n/a
76.349261	0.000000	15270	ttl	2	70	n/a	n/a	n/a	n/a	n/a	n/a	n/a	n/a	n/a	n/a	n/a	n/a	n/a	n/a	n/a	n/a	n/a	n/a	n/a	n/a	n/a	76.349261	n/a
76.365456	0.000000	15273	ttl	11	70	n/a	n/a	n/a	n/a	n/a	n/a	n/a	n/a	n/a	n/a	n/a	n/a	n/a	n/a	n/a	n/a	n/a	n/a	n/a	n/a	n/a	76.365456	n/a
77.394217	7.932216	15479	encoding	n/a	n/a	SB_23.mp4	70.0	80.09247599999999	81.646322	n/a	76.3654565	1	n/a	n/a	n/a	n/a	n/a	n/a	n/a	n/a	n/a	n/a	n/a	n/a	intervals/encoding_table	7	77.394217	85.326434
77.394217	0.000000	15479	ttl	1	70	n/a	n/a	n/a	n/a	n/a	n/a	n/a	n/a	n/a	n/a	n/a	n/a	n/a	n/a	n/a	n/a	n/a	n/a	n/a	n/a	n/a	77.394217	n/a
85.326434	0.000000	17065	ttl	2	70	n/a	n/a	n/a	n/a	n/a	n/a	n/a	n/a	n/a	n/a	n/a	n/a	n/a	n/a	n/a	n/a	n/a	n/a	n/a	n/a	n/a	85.326434	n/a
85.342578	0.000000	17069	ttl	11	70	n/a	n/a	n/a	n/a	n/a	n/a	n/a	n/a	n/a	n/a	n/a	n/a	n/a	n/a	n/a	n/a	n/a	n/a	n/a	n/a	n/a	85.342578	n/a
86.279935	8.030660	17256	encoding	n/a	n/a	HB_8.mp4	70.0	90.2799355	88.13089975	92.14924775	85.34257774999999	2	n/a	n/a	n/a	n/a	n/a	n/a	n/a	n/a	n/a	n/a	n/a	n/a	intervals/encoding_table	8	86.279935	94.310595
86.279935	0.000000	17256	ttl	1	70	n/a	n/a	n/a	n/a	n/a	n/a	n/a	n/a	n/a	n/a	n/a	n/a	n/a	n/a	n/a	n/a	n/a	n/a	n/a	n/a	n/a	86.279935	n/a
94.310595	0.000000	18862	ttl	2	70	n/a	n/a	n/a	n/a	n/a	n/a	n/a	n/a	n/a	n/a	n/a	n/a	n/a	n/a	n/a	n/a	n/a	n/a	n/a	n/a	n/a	94.310595	n/a
94.326871	0.000000	18865	ttl	11	70	n/a	n/a	n/a	n/a	n/a	n/a	n/a	n/a	n/a	n/a	n/a	n/a	n/a	n/a	n/a	n/a	n/a	n/a	n/a	n/a	n/a	94.326871	n/a
95.391290	8.026347	19078	encoding	n/a	n/a	HB_4.mp4	70.0	99.3912905	101.47259625	n/a	94.32687075	2	n/a	n/a	n/a	n/a	n/a	n/a	n/a	n/a	n/a	n/a	n/a	n/a	intervals/encoding_table	9	95.391290	103.417637
95.391290	0.000000	19078	ttl	1	70	n/a	n/a	n/a	n/a	n/a	n/a	n/a	n/a	n/a	n/a	n/a	n/a	n/a	n/a	n/a	n/a	n/a	n/a	n/a	n/a	n/a	95.391290	n/a
103.417637	0.000000	20684	ttl	2	70	n/a	n/a	n/a	n/a	n/a	n/a	n/a	n/a	n/a	n/a	n/a	n/a	n/a	n/a	n/a	n/a	n/a	n/a	n/a	n/a	n/a	103.417637	n/a
103.433778	0.000000	20687	ttl	11	70	n/a	n/a	n/a	n/a	n/a	n/a	n/a	n/a	n/a	n/a	n/a	n/a	n/a	n/a	n/a	n/a	n/a	n/a	n/a	n/a	n/a	103.433778	n/a
104.456527	7.965895	20891	encoding	n/a	n/a	SB_27.mp4	70.0	105.99877024999999	107.57110775	109.016694	103.43377799999999	1	n/a	n/a	n/a	n/a	n/a	n/a	n/a	n/a	n/a	n/a	n/a	n/a	intervals/encoding_table	10	104.456527	112.422422
104.456527	0.000000	20891	ttl	1	70	n/a	n/a	n/a	n/a	n/a	n/a	n/a	n/a	n/a	n/a	n/a	n/a	n/a	n/a	n/a	n/a	n/a	n/a	n/a	n/a	n/a	104.456527	n/a
112.422422	0.000000	22484	ttl	2	70	n/a	n/a	n/a	n/a	n/a	n/a	n/a	n/a	n/a	n/a	n/a	n/a	n/a	n/a	n/a	n/a	n/a	n/a	n/a	n/a	n/a	112.422422	n/a
112.438607	0.000000	22488	ttl	11	70	n/a	n/a	n/a	n/a	n/a	n/a	n/a	n/a	n/a	n/a	n/a	n/a	n/a	n/a	n/a	n/a	n/a	n/a	n/a	n/a	n/a	112.438607	n/a
113.525051	8.664400	22705	encoding	n/a	n/a	SB_20.mp4	70.0	116.44403625	117.78640974999999	n/a	112.43860699999999	1	n/a	n/a	n/a	n/a	n/a	n/a	n/a	n/a	n/a	n/a	n/a	n/a	intervals/encoding_table	11	113.525051	122.189451
113.525051	0.000000	22705	ttl	1	70	n/a	n/a	n/a	n/a	n/a	n/a	n/a	n/a	n/a	n/a	n/a	n/a	n/a	n/a	n/a	n/a	n/a	n/a	n/a	n/a	n/a	113.525051	n/a
122.189451	0.000000	24438	ttl	2	70	n/a	n/a	n/a	n/a	n/a	n/a	n/a	n/a	n/a	n/a	n/a	n/a	n/a	n/a	n/a	n/a	n/a	n/a	n/a	n/a	n/a	122.189451	n/a
122.205619	0.000000	24441	ttl	11	70	n/a	n/a	n/a	n/a	n/a	n/a	n/a	n/a	n/a	n/a	n/a	n/a	n/a	n/a	n/a	n/a	n/a	n/a	n/a	n/a	n/a	122.205619	n/a
123.237903	7.966479	24648	encoding	n/a	n/a	SB_7.mp4	70.0	125.63039375	n/a	n/a	122.2056195	1	n/a	n/a	n/a	n/a	n/a	n/a	n/a	n/a	n/a	n/a	n/a	n/a	intervals/encoding_table	12	123.237903	131.204382
123.237903	0.000000	24648	ttl	1	70	n/a	n/a	n/a	n/a	n/a	n/a	n/a	n/a	n/a	n/a	n/a	n/a	n/a	n/a	n/a	n/a	n/a	n/a	n/a	n/a	n/a	123.237903	n/a
131.204382	0.000000	26241	ttl	2	70	n/a	n/a	n/a	n/a	n/a	n/a	n/a	n/a	n/a	n/a	n/a	n/a	n/a	n/a	n/a	n/a	n/a	n/a	n/a	n/a	n/a	131.204382	n/a
144.553266	0.000000	28911	ttl	11	70	n/a	n/a	n/a	n/a	n/a	n/a	n/a	n/a	n/a	n/a	n/a	n/a	n/a	n/a	n/a	n/a	n/a	n/a	n/a	n/a	n/a	144.553266	n/a
145.503107	6.871071	29101	encoding	n/a	n/a	NB_4.mp4	70.0	149.5031065	n/a	n/a	144.55326599999998	0	n/a	n/a	n/a	n/a	n/a	n/a	n/a	n/a	n/a	n/a	n/a	n/a	intervals/encoding_table	13	145.503107	152.374177
145.503107	0.000000	29101	ttl	1	70	n/a	n/a	n/a	n/a	n/a	n/a	n/a	n/a	n/a	n/a	n/a	n/a	n/a	n/a	n/a	n/a	n/a	n/a	n/a	n/a	n/a	145.503107	n/a
152.374177	0.000000	30475	ttl	2	70	n/a	n/a	n/a	n/a	n/a	n/a	n/a	n/a	n/a	n/a	n/a	n/a	n/a	n/a	n/a	n/a	n/a	n/a	n/a	n/a	n/a	152.374177	n/a
152.390349	0.000000	30478	ttl	11	70	n/a	n/a	n/a	n/a	n/a	n/a	n/a	n/a	n/a	n/a	n/a	n/a	n/a	n/a	n/a	n/a	n/a	n/a	n/a	n/a	n/a	152.390349	n/a
153.299688	8.032867	30660	encoding	n/a	n/a	NB_24.mp4	70.0	157.29968775	n/a	n/a	152.39034924999999	0	n/a	n/a	n/a	n/a	n/a	n/a	n/a	n/a	n/a	n/a	n/a	n/a	intervals/encoding_table	14	153.299688	161.332555
153.299688	0.000000	30660	ttl	1	70	n/a	n/a	n/a	n/a	n/a	n/a	n/a	n/a	n/a	n/a	n/a	n/a	n/a	n/a	n/a	n/a	n/a	n/a	n/a	n/a	n/a	153.299688	n/a
161.332555	0.000000	32267	ttl	2	70	n/a	n/a	n/a	n/a	n/a	n/a	n/a	n/a	n/a	n/a	n/a	n/a	n/a	n/a	n/a	n/a	n/a	n/a	n/a	n/a	n/a	161.332555	n/a
161.348713	0.000000	32270	ttl	11	70	n/a	n/a	n/a	n/a	n/a	n/a	n/a	n/a	n/a	n/a	n/a	n/a	n/a	n/a	n/a	n/a	n/a	n/a	n/a	n/a	n/a	161.348713	n/a
162.256141	8.333005	32451	encoding	n/a	n/a	SB_11.mp4	70.0	164.0442065	n/a	n/a	161.348713	1	n/a	n/a	n/a	n/a	n/a	n/a	n/a	n/a	n/a	n/a	n/a	n/a	intervals/encoding_table	15	162.256141	170.589146
162.256141	0.000000	32451	ttl	1	70	n/a	n/a	n/a	n/a	n/a	n/a	n/a	n/a	n/a	n/a	n/a	n/a	n/a	n/a	n/a	n/a	n/a	n/a	n/a	n/a	n/a	162.256141	n/a
170.589146	0.000000	34118	ttl	2	70	n/a	n/a	n/a	n/a	n/a	n/a	n/a	n/a	n/a	n/a	n/a	n/a	n/a	n/a	n/a	n/a	n/a	n/a	n/a	n/a	n/a	170.589146	n/a
170.605337	0.000000	34121	ttl	11	70	n/a	n/a	n/a	n/a	n/a	n/a	n/a	n/a	n/a	n/a	n/a	n/a	n/a	n/a	n/a	n/a	n/a	n/a	n/a	n/a	n/a	170.605337	n/a
171.648991	9.165865	34330	encoding	n/a	n/a	SB_22.mp4	70.0	172.720414	173.78407975	n/a	170.60533675	1	n/a	n/a	n/a	n/a	n/a	n/a	n/a	n/a	n/a	n/a	n/a	n/a	intervals/encoding_table	16	171.648991	180.814855
171.648991	0.000000	34330	ttl	1	70	n/a	n/a	n/a	n/a	n/a	n/a	n/a	n/a	n/a	n/a	n/a	n/a	n/a	n/a	n/a	n/a	n/a	n/a	n/a	n/a	n/a	171.648991	n/a
180.814855	0.000000	36163	ttl	2	70	n/a	n/a	n/a	n/a	n/a	n/a	n/a	n/a	n/a	n/a	n/a	n/a	n/a	n/a	n/a	n/a	n/a	n/a	n/a	n/a	n/a	180.814855	n/a
180.830961	0.000000	36166	ttl	11	70	n/a	n/a	n/a	n/a	n/a	n/a	n/a	n/a	n/a	n/a	n/a	n/a	n/a	n/a	n/a	n/a	n/a	n/a	n/a	n/a	n/a	180.830961	n/a
181.779645	8.366701	36356	encoding	n/a	n/a	NB_29.mp4	70.0	185.779645	n/a	n/a	180.83096125	0	n/a	n/a	n/a	n/a	n/a	n/a	n/a	n/a	n/a	n/a	n/a	n/a	intervals/encoding_table	17	181.779645	190.146346
181.779645	0.000000	36356	ttl	1	70	n/a	n/a	n/a	n/a	n/a	n/a	n/a	n/a	n/a	n/a	n/a	n/a	n/a	n/a	n/a	n/a	n/a	n/a	n/a	n/a	n/a	181.779645	n/a
190.146346	0.000000	38029	ttl	2	70	n/a	n/a	n/a	n/a	n/a	n/a	n/a	n/a	n/a	n/a	n/a	n/a	n/a	n/a	n/a	n/a	n/a	n/a	n/a	n/a	n/a	190.146346	n/a
190.162490	0.000000	38032	ttl	11	70	n/a	n/a	n/a	n/a	n/a	n/a	n/a	n/a	n/a	n/a	n/a	n/a	n/a	n/a	n/a	n/a	n/a	n/a	n/a	n/a	n/a	190.162490	n/a
191.091626	7.166065	38218	encoding	n/a	n/a	NB_20.mp4	70.0	195.09162575	n/a	n/a	190.1624905	0	n/a	n/a	n/a	n/a	n/a	n/a	n/a	n/a	n/a	n/a	n/a	n/a	intervals/encoding_table	18	191.091626	198.257691
191.091626	0.000000	38218	ttl	1	70	n/a	n/a	n/a	n/a	n/a	n/a	n/a	n/a	n/a	n/a	n/a	n/a	n/a	n/a	n/a	n/a	n/a	n/a	n/a	n/a	n/a	191.091626	n/a
198.257691	0.000000	39652	ttl	2	70	n/a	n/a	n/a	n/a	n/a	n/a	n/a	n/a	n/a	n/a	n/a	n/a	n/a	n/a	n/a	n/a	n/a	n/a	n/a	n/a	n/a	198.257691	n/a
198.273978	0.000000	39655	ttl	11	70	n/a	n/a	n/a	n/a	n/a	n/a	n/a	n/a	n/a	n/a	n/a	n/a	n/a	n/a	n/a	n/a	n/a	n/a	n/a	n/a	n/a	198.273978	n/a
199.182768	7.983272	39837	encoding	n/a	n/a	NB_11.mp4	70.0	203.18276849999998	n/a	n/a	198.2739775	0	n/a	n/a	n/a	n/a	n/a	n/a	n/a	n/a	n/a	n/a	n/a	n/a	intervals/encoding_table	19	199.182768	207.166040
199.182768	0.000000	39837	ttl	1	70	n/a	n/a	n/a	n/a	n/a	n/a	n/a	n/a	n/a	n/a	n/a	n/a	n/a	n/a	n/a	n/a	n/a	n/a	n/a	n/a	n/a	199.182768	n/a
207.166040	0.000000	41433	ttl	2	70	n/a	n/a	n/a	n/a	n/a	n/a	n/a	n/a	n/a	n/a	n/a	n/a	n/a	n/a	n/a	n/a	n/a	n/a	n/a	n/a	n/a	207.166040	n/a
226.598058	0.000000	45320	ttl	11	70	n/a	n/a	n/a	n/a	n/a	n/a	n/a	n/a	n/a	n/a	n/a	n/a	n/a	n/a	n/a	n/a	n/a	n/a	n/a	n/a	n/a	226.598058	n/a
227.659824	8.198643	45532	encoding	n/a	n/a	NB_13.mp4	70.0	231.65982449999998	n/a	n/a	226.59805849999998	0	n/a	n/a	n/a	n/a	n/a	n/a	n/a	n/a	n/a	n/a	n/a	n/a	intervals/encoding_table	20	227.659824	235.858467
227.659824	0.000000	45532	ttl	1	70	n/a	n/a	n/a	n/a	n/a	n/a	n/a	n/a	n/a	n/a	n/a	n/a	n/a	n/a	n/a	n/a	n/a	n/a	n/a	n/a	n/a	227.659824	n/a
235.858467	0.000000	47172	ttl	2	70	n/a	n/a	n/a	n/a	n/a	n/a	n/a	n/a	n/a	n/a	n/a	n/a	n/a	n/a	n/a	n/a	n/a	n/a	n/a	n/a	n/a	235.858467	n/a
235.874590	0.000000	47175	ttl	11	70	n/a	n/a	n/a	n/a	n/a	n/a	n/a	n/a	n/a	n/a	n/a	n/a	n/a	n/a	n/a	n/a	n/a	n/a	n/a	n/a	n/a	235.874590	n/a
236.942735	8.032343	47389	encoding	n/a	n/a	SB_17.mp4	70.0	238.78625749999998	241.27252249999998	n/a	235.87459024999998	1	n/a	n/a	n/a	n/a	n/a	n/a	n/a	n/a	n/a	n/a	n/a	n/a	intervals/encoding_table	21	236.942735	244.975078
236.942735	0.000000	47389	ttl	1	70	n/a	n/a	n/a	n/a	n/a	n/a	n/a	n/a	n/a	n/a	n/a	n/a	n/a	n/a	n/a	n/a	n/a	n/a	n/a	n/a	n/a	236.942735	n/a
244.975078	0.000000	48995	ttl	2	70	n/a	n/a	n/a	n/a	n/a	n/a	n/a	n/a	n/a	n/a	n/a	n/a	n/a	n/a	n/a	n/a	n/a	n/a	n/a	n/a	n/a	244.975078	n/a
244.991124	0.000000	48998	ttl	11	70	n/a	n/a	n/a	n/a	n/a	n/a	n/a	n/a	n/a	n/a	n/a	n/a	n/a	n/a	n/a	n/a	n/a	n/a	n/a	n/a	n/a	244.991124	n/a
245.937028	8.667447	49187	encoding	n/a	n/a	NB_6.mp4	70.0	249.937028	n/a	n/a	244.99112449999998	0	n/a	n/a	n/a	n/a	n/a	n/a	n/a	n/a	n/a	n/a	n/a	n/a	intervals/encoding_table	22	245.937028	254.604475
245.937028	0.000000	49187	ttl	1	70	n/a	n/a	n/a	n/a	n/a	n/a	n/a	n/a	n/a	n/a	n/a	n/a	n/a	n/a	n/a	n/a	n/a	n/a	n/a	n/a	n/a	245.937028	n/a
254.604475	0.000000	50921	ttl	2	70	n/a	n/a	n/a	n/a	n/a	n/a	n/a	n/a	n/a	n/a	n/a	n/a	n/a	n/a	n/a	n/a	n/a	n/a	n/a	n/a	n/a	254.604475	n/a
254.620582	0.000000	50924	ttl	11	70	n/a	n/a	n/a	n/a	n/a	n/a	n/a	n/a	n/a	n/a	n/a	n/a	n/a	n/a	n/a	n/a	n/a	n/a	n/a	n/a	n/a	254.620582	n/a
255.670150	8.064111	51134	encoding	n/a	n/a	SB_15.mp4	70.0	260.67155199999996	n/a	n/a	254.62058199999998	1	n/a	n/a	n/a	n/a	n/a	n/a	n/a	n/a	n/a	n/a	n/a	n/a	intervals/encoding_table	23	255.670150	263.734261
255.670150	0.000000	51134	ttl	1	70	n/a	n/a	n/a	n/a	n/a	n/a	n/a	n/a	n/a	n/a	n/a	n/a	n/a	n/a	n/a	n/a	n/a	n/a	n/a	n/a	n/a	255.670150	n/a
263.734261	0.000000	52747	ttl	2	70	n/a	n/a	n/a	n/a	n/a	n/a	n/a	n/a	n/a	n/a	n/a	n/a	n/a	n/a	n/a	n/a	n/a	n/a	n/a	n/a	n/a	263.734261	n/a
263.750446	0.000000	52750	ttl	11	70	n/a	n/a	n/a	n/a	n/a	n/a	n/a	n/a	n/a	n/a	n/a	n/a	n/a	n/a	n/a	n/a	n/a	n/a	n/a	n/a	n/a	263.750446	n/a
264.706836	7.796445	52941	encoding	n/a	n/a	HB_6.mp4	70.0	268.70683575	266.952746	270.98648149999997	263.75044625	2	n/a	n/a	n/a	n/a	n/a	n/a	n/a	n/a	n/a	n/a	n/a	n/a	intervals/encoding_table	24	264.706836	272.503281
264.706836	0.000000	52941	ttl	1	70	n/a	n/a	n/a	n/a	n/a	n/a	n/a	n/a	n/a	n/a	n/a	n/a	n/a	n/a	n/a	n/a	n/a	n/a	n/a	n/a	n/a	264.706836	n/a
272.503281	0.000000	54501	ttl	2	70	n/a	n/a	n/a	n/a	n/a	n/a	n/a	n/a	n/a	n/a	n/a	n/a	n/a	n/a	n/a	n/a	n/a	n/a	n/a	n/a	n/a	272.503281	n/a
272.519632	0.000000	54504	ttl	11	70	n/a	n/a	n/a	n/a	n/a	n/a	n/a	n/a	n/a	n/a	n/a	n/a	n/a	n/a	n/a	n/a	n/a	n/a	n/a	n/a	n/a	272.519632	n/a
273.487282	7.863858	54697	encoding	n/a	n/a	SB_4.mp4	70.0	279.05416175	n/a	n/a	272.51963225	1	n/a	n/a	n/a	n/a	n/a	n/a	n/a	n/a	n/a	n/a	n/a	n/a	intervals/encoding_table	25	273.487282	281.351140
273.487282	0.000000	54697	ttl	1	70	n/a	n/a	n/a	n/a	n/a	n/a	n/a	n/a	n/a	n/a	n/a	n/a	n/a	n/a	n/a	n/a	n/a	n/a	n/a	n/a	n/a	273.487282	n/a
281.351140	0.000000	56270	ttl	2	70	n/a	n/a	n/a	n/a	n/a	n/a	n/a	n/a	n/a	n/a	n/a	n/a	n/a	n/a	n/a	n/a	n/a	n/a	n/a	n/a	n/a	281.351140	n/a
281.367228	0.000000	56273	ttl	11	70	n/a	n/a	n/a	n/a	n/a	n/a	n/a	n/a	n/a	n/a	n/a	n/a	n/a	n/a	n/a	n/a	n/a	n/a	n/a	n/a	n/a	281.367228	n/a
282.333069	8.232906	56467	encoding	n/a	n/a	SB_19.mp4	70.0	284.9174835	287.22843925	n/a	281.3672275	1	n/a	n/a	n/a	n/a	n/a	n/a	n/a	n/a	n/a	n/a	n/a	n/a	intervals/encoding_table	26	282.333069	290.565975
282.333069	0.000000	56467	ttl	1	70	n/a	n/a	n/a	n/a	n/a	n/a	n/a	n/a	n/a	n/a	n/a	n/a	n/a	n/a	n/a	n/a	n/a	n/a	n/a	n/a	n/a	282.333069	n/a
290.565975	0.000000	58113	ttl	2	70	n/a	n/a	n/a	n/a	n/a	n/a	n/a	n/a	n/a	n/a	n/a	n/a	n/a	n/a	n/a	n/a	n/a	n/a	n/a	n/a	n/a	290.565975	n/a
300.565210	0.000000	60113	ttl	11	70	n/a	n/a	n/a	n/a	n/a	n/a	n/a	n/a	n/a	n/a	n/a	n/a	n/a	n/a	n/a	n/a	n/a	n/a	n/a	n/a	n/a	300.565210	n/a
301.478537	8.263464	60296	encoding	n/a	n/a	NB_10.mp4	70.0	305.47853675	n/a	n/a	300.56520975	0	n/a	n/a	n/a	n/a	n/a	n/a	n/a	n/a	n/a	n/a	n/a	n/a	intervals/encoding_table	27	301.478537	309.742001
301.478537	0.000000	60296	ttl	1	70	n/a	n/a	n/a	n/a	n/a	n/a	n/a	n/a	n/a	n/a	n/a	n/a	n/a	n/a	n/a	n/a	n/a	n/a	n/a	n/a	n/a	301.478537	n/a
309.742001	0.000000	61948	ttl	2	70	n/a	n/a	n/a	n/a	n/a	n/a	n/a	n/a	n/a	n/a	n/a	n/a	n/a	n/a	n/a	n/a	n/a	n/a	n/a	n/a	n/a	309.742001	n/a
309.758091	0.000000	61952	ttl	11	70	n/a	n/a	n/a	n/a	n/a	n/a	n/a	n/a	n/a	n/a	n/a	n/a	n/a	n/a	n/a	n/a	n/a	n/a	n/a	n/a	n/a	309.758091	n/a
310.673521	8.099815	62135	encoding	n/a	n/a	NB_5.mp4	70.0	314.6735215	n/a	n/a	309.75809075	0	n/a	n/a	n/a	n/a	n/a	n/a	n/a	n/a	n/a	n/a	n/a	n/a	intervals/encoding_table	28	310.673521	318.773337
310.673521	0.000000	62135	ttl	1	70	n/a	n/a	n/a	n/a	n/a	n/a	n/a	n/a	n/a	n/a	n/a	n/a	n/a	n/a	n/a	n/a	n/a	n/a	n/a	n/a	n/a	310.673521	n/a
318.773337	0.000000	63755	ttl	2	70	n/a	n/a	n/a	n/a	n/a	n/a	n/a	n/a	n/a	n/a	n/a	n/a	n/a	n/a	n/a	n/a	n/a	n/a	n/a	n/a	n/a	318.773337	n/a
318.789453	0.000000	63758	ttl	11	70	n/a	n/a	n/a	n/a	n/a	n/a	n/a	n/a	n/a	n/a	n/a	n/a	n/a	n/a	n/a	n/a	n/a	n/a	n/a	n/a	n/a	318.789453	n/a
319.788419	7.530962	63958	encoding	n/a	n/a	SB_3.mp4	70.0	321.42335325	n/a	n/a	318.789453	1	n/a	n/a	n/a	n/a	n/a	n/a	n/a	n/a	n/a	n/a	n/a	n/a	intervals/encoding_table	29	319.788419	327.319381
319.788419	0.000000	63958	ttl	1	70	n/a	n/a	n/a	n/a	n/a	n/a	n/a	n/a	n/a	n/a	n/a	n/a	n/a	n/a	n/a	n/a	n/a	n/a	n/a	n/a	n/a	319.788419	n/a
327.319381	0.000000	65464	ttl	2	70	n/a	n/a	n/a	n/a	n/a	n/a	n/a	n/a	n/a	n/a	n/a	n/a	n/a	n/a	n/a	n/a	n/a	n/a	n/a	n/a	n/a	327.319381	n/a
327.335643	0.000000	65467	ttl	11	70	n/a	n/a	n/a	n/a	n/a	n/a	n/a	n/a	n/a	n/a	n/a	n/a	n/a	n/a	n/a	n/a	n/a	n/a	n/a	n/a	n/a	327.335643	n/a
328.310862	8.332490	65662	encoding	n/a	n/a	HB_26.mp4	70.0	332.3108625	n/a	n/a	327.33564325	2	n/a	n/a	n/a	n/a	n/a	n/a	n/a	n/a	n/a	n/a	n/a	n/a	intervals/encoding_table	30	328.310862	336.643352
328.310862	0.000000	65662	ttl	1	70	n/a	n/a	n/a	n/a	n/a	n/a	n/a	n/a	n/a	n/a	n/a	n/a	n/a	n/a	n/a	n/a	n/a	n/a	n/a	n/a	n/a	328.310862	n/a
336.643352	0.000000	67329	ttl	2	70	n/a	n/a	n/a	n/a	n/a	n/a	n/a	n/a	n/a	n/a	n/a	n/a	n/a	n/a	n/a	n/a	n/a	n/a	n/a	n/a	n/a	336.643352	n/a
336.659544	0.000000	67332	ttl	11	70	n/a	n/a	n/a	n/a	n/a	n/a	n/a	n/a	n/a	n/a	n/a	n/a	n/a	n/a	n/a	n/a	n/a	n/a	n/a	n/a	n/a	336.659544	n/a
337.642861	7.996710	67529	encoding	n/a	n/a	NB_2.mp4	70.0	341.6428615	n/a	n/a	336.65954425	0	n/a	n/a	n/a	n/a	n/a	n/a	n/a	n/a	n/a	n/a	n/a	n/a	intervals/encoding_table	31	337.642861	345.639572
337.642861	0.000000	67529	ttl	1	70	n/a	n/a	n/a	n/a	n/a	n/a	n/a	n/a	n/a	n/a	n/a	n/a	n/a	n/a	n/a	n/a	n/a	n/a	n/a	n/a	n/a	337.642861	n/a
345.639572	0.000000	69128	ttl	2	70	n/a	n/a	n/a	n/a	n/a	n/a	n/a	n/a	n/a	n/a	n/a	n/a	n/a	n/a	n/a	n/a	n/a	n/a	n/a	n/a	n/a	345.639572	n/a
345.655765	0.000000	69131	ttl	11	70	n/a	n/a	n/a	n/a	n/a	n/a	n/a	n/a	n/a	n/a	n/a	n/a	n/a	n/a	n/a	n/a	n/a	n/a	n/a	n/a	n/a	345.655765	n/a
346.679702	8.064874	69336	encoding	n/a	n/a	SB_21.mp4	70.0	348.99118325	351.40327525	n/a	345.65576475	1	n/a	n/a	n/a	n/a	n/a	n/a	n/a	n/a	n/a	n/a	n/a	n/a	intervals/encoding_table	32	346.679702	354.744576
346.679702	0.000000	69336	ttl	1	70	n/a	n/a	n/a	n/a	n/a	n/a	n/a	n/a	n/a	n/a	n/a	n/a	n/a	n/a	n/a	n/a	n/a	n/a	n/a	n/a	n/a	346.679702	n/a
354.744576	0.000000	70949	ttl	2	70	n/a	n/a	n/a	n/a	n/a	n/a	n/a	n/a	n/a	n/a	n/a	n/a	n/a	n/a	n/a	n/a	n/a	n/a	n/a	n/a	n/a	354.744576	n/a
379.675832	0.000000	75935	ttl	11	70	n/a	n/a	n/a	n/a	n/a	n/a	n/a	n/a	n/a	n/a	n/a	n/a	n/a	n/a	n/a	n/a	n/a	n/a	n/a	n/a	n/a	379.675832	n/a
380.708538	8.397275	76142	encoding	n/a	n/a	HB_3.mp4	70.0	384.70853825	383.01873424999997	n/a	379.67583225	2	n/a	n/a	n/a	n/a	n/a	n/a	n/a	n/a	n/a	n/a	n/a	n/a	intervals/encoding_table	33	380.708538	389.105813
380.708538	0.000000	76142	ttl	1	70	n/a	n/a	n/a	n/a	n/a	n/a	n/a	n/a	n/a	n/a	n/a	n/a	n/a	n/a	n/a	n/a	n/a	n/a	n/a	n/a	n/a	380.708538	n/a
389.105813	0.000000	77821	ttl	2	70	n/a	n/a	n/a	n/a	n/a	n/a	n/a	n/a	n/a	n/a	n/a	n/a	n/a	n/a	n/a	n/a	n/a	n/a	n/a	n/a	n/a	389.105813	n/a
389.121851	0.000000	77824	ttl	11	70	n/a	n/a	n/a	n/a	n/a	n/a	n/a	n/a	n/a	n/a	n/a	n/a	n/a	n/a	n/a	n/a	n/a	n/a	n/a	n/a	n/a	389.121851	n/a
390.148953	8.064697	78030	encoding	n/a	n/a	HB_18.mp4	70.0	394.14895275	n/a	n/a	389.121851	2	n/a	n/a	n/a	n/a	n/a	n/a	n/a	n/a	n/a	n/a	n/a	n/a	intervals/encoding_table	34	390.148953	398.213649
390.148953	0.000000	78030	ttl	1	70	n/a	n/a	n/a	n/a	n/a	n/a	n/a	n/a	n/a	n/a	n/a	n/a	n/a	n/a	n/a	n/a	n/a	n/a	n/a	n/a	n/a	390.148953	n/a
398.213649	0.000000	79643	ttl	2	70	n/a	n/a	n/a	n/a	n/a	n/a	n/a	n/a	n/a	n/a	n/a	n/a	n/a	n/a	n/a	n/a	n/a	n/a	n/a	n/a	n/a	398.213649	n/a
398.229697	0.000000	79646	ttl	11	70	n/a	n/a	n/a	n/a	n/a	n/a	n/a	n/a	n/a	n/a	n/a	n/a	n/a	n/a	n/a	n/a	n/a	n/a	n/a	n/a	n/a	398.229697	n/a
399.197737	8.265128	79840	encoding	n/a	n/a	HB_27.mp4	70.0	403.19773699999996	n/a	n/a	398.22969674999996	2	n/a	n/a	n/a	n/a	n/a	n/a	n/a	n/a	n/a	n/a	n/a	n/a	intervals/encoding_table	35	399.197737	407.462865
399.197737	0.000000	79840	ttl	1	70	n/a	n/a	n/a	n/a	n/a	n/a	n/a	n/a	n/a	n/a	n/a	n/a	n/a	n/a	n/a	n/a	n/a	n/a	n/a	n/a	n/a	399.197737	n/a
407.462865	0.000000	81493	ttl	2	70	n/a	n/a	n/a	n/a	n/a	n/a	n/a	n/a	n/a	n/a	n/a	n/a	n/a	n/a	n/a	n/a	n/a	n/a	n/a	n/a	n/a	407.462865	n/a
407.479062	0.000000	81496	ttl	11	70	n/a	n/a	n/a	n/a	n/a	n/a	n/a	n/a	n/a	n/a	n/a	n/a	n/a	n/a	n/a	n/a	n/a	n/a	n/a	n/a	n/a	407.479062	n/a
408.528013	7.980225	81706	encoding	n/a	n/a	HB_5.mp4	70.0	412.528013	414.58751175	n/a	407.479062	2	n/a	n/a	n/a	n/a	n/a	n/a	n/a	n/a	n/a	n/a	n/a	n/a	intervals/encoding_table	36	408.528013	416.508238
408.528013	0.000000	81706	ttl	1	70	n/a	n/a	n/a	n/a	n/a	n/a	n/a	n/a	n/a	n/a	n/a	n/a	n/a	n/a	n/a	n/a	n/a	n/a	n/a	n/a	n/a	408.528013	n/a
416.508238	0.000000	83302	ttl	2	70	n/a	n/a	n/a	n/a	n/a	n/a	n/a	n/a	n/a	n/a	n/a	n/a	n/a	n/a	n/a	n/a	n/a	n/a	n/a	n/a	n/a	416.508238	n/a
416.524298	0.000000	83305	ttl	11	70	n/a	n/a	n/a	n/a	n/a	n/a	n/a	n/a	n/a	n/a	n/a	n/a	n/a	n/a	n/a	n/a	n/a	n/a	n/a	n/a	n/a	416.524298	n/a
417.563399	7.530918	83513	encoding	n/a	n/a	NB_15.mp4	70.0	421.56339925	n/a	n/a	416.524298	0	n/a	n/a	n/a	n/a	n/a	n/a	n/a	n/a	n/a	n/a	n/a	n/a	intervals/encoding_table	37	417.563399	425.094318
417.563399	0.000000	83513	ttl	1	70	n/a	n/a	n/a	n/a	n/a	n/a	n/a	n/a	n/a	n/a	n/a	n/a	n/a	n/a	n/a	n/a	n/a	n/a	n/a	n/a	n/a	417.563399	n/a
425.094318	0.000000	85019	ttl	2	70	n/a	n/a	n/a	n/a	n/a	n/a	n/a	n/a	n/a	n/a	n/a	n/a	n/a	n/a	n/a	n/a	n/a	n/a	n/a	n/a	n/a	425.094318	n/a
442.875574	0.000000	88575	ttl	11	70	n/a	n/a	n/a	n/a	n/a	n/a	n/a	n/a	n/a	n/a	n/a	n/a	n/a	n/a	n/a	n/a	n/a	n/a	n/a	n/a	n/a	442.875574	n/a
443.892889	8.966253	88779	encoding	n/a	n/a	HB_7.mp4	70.0	447.89288949999997	447.29224949999997	449.96649725	442.87557425	2	n/a	n/a	n/a	n/a	n/a	n/a	n/a	n/a	n/a	n/a	n/a	n/a	intervals/encoding_table	38	443.892889	452.859142
443.892889	0.000000	88779	ttl	1	70	n/a	n/a	n/a	n/a	n/a	n/a	n/a	n/a	n/a	n/a	n/a	n/a	n/a	n/a	n/a	n/a	n/a	n/a	n/a	n/a	n/a	443.892889	n/a
452.859142	0.000000	90572	ttl	2	70	n/a	n/a	n/a	n/a	n/a	n/a	n/a	n/a	n/a	n/a	n/a	n/a	n/a	n/a	n/a	n/a	n/a	n/a	n/a	n/a	n/a	452.859142	n/a
452.874740	0.000000	90575	ttl	11	70	n/a	n/a	n/a	n/a	n/a	n/a	n/a	n/a	n/a	n/a	n/a	n/a	n/a	n/a	n/a	n/a	n/a	n/a	n/a	n/a	n/a	452.874740	n/a
453.951289	8.163070	90790	encoding	n/a	n/a	NB_7.mp4	70.0	457.951289	n/a	n/a	452.8747405	0	n/a	n/a	n/a	n/a	n/a	n/a	n/a	n/a	n/a	n/a	n/a	n/a	intervals/encoding_table	39	453.951289	462.114358
453.951289	0.000000	90790	ttl	1	70	n/a	n/a	n/a	n/a	n/a	n/a	n/a	n/a	n/a	n/a	n/a	n/a	n/a	n/a	n/a	n/a	n/a	n/a	n/a	n/a	n/a	453.951289	n/a
462.114358	0.000000	92423	ttl	2	70	n/a	n/a	n/a	n/a	n/a	n/a	n/a	n/a	n/a	n/a	n/a	n/a	n/a	n/a	n/a	n/a	n/a	n/a	n/a	n/a	n/a	462.114358	n/a
462.130588	0.000000	92426	ttl	11	70	n/a	n/a	n/a	n/a	n/a	n/a	n/a	n/a	n/a	n/a	n/a	n/a	n/a	n/a	n/a	n/a	n/a	n/a	n/a	n/a	n/a	462.130588	n/a
463.222030	7.965874	92644	encoding	n/a	n/a	NB_8.mp4	70.0	467.22203049999996	n/a	n/a	462.1305885	0	n/a	n/a	n/a	n/a	n/a	n/a	n/a	n/a	n/a	n/a	n/a	n/a	intervals/encoding_table	40	463.222030	471.187905
463.222030	0.000000	92644	ttl	1	70	n/a	n/a	n/a	n/a	n/a	n/a	n/a	n/a	n/a	n/a	n/a	n/a	n/a	n/a	n/a	n/a	n/a	n/a	n/a	n/a	n/a	463.222030	n/a
471.187905	0.000000	94238	ttl	2	70	n/a	n/a	n/a	n/a	n/a	n/a	n/a	n/a	n/a	n/a	n/a	n/a	n/a	n/a	n/a	n/a	n/a	n/a	n/a	n/a	n/a	471.187905	n/a
471.204065	0.000000	94241	ttl	11	70	n/a	n/a	n/a	n/a	n/a	n/a	n/a	n/a	n/a	n/a	n/a	n/a	n/a	n/a	n/a	n/a	n/a	n/a	n/a	n/a	n/a	471.204065	n/a
472.276081	8.065747	94455	encoding	n/a	n/a	HB_15.mp4	70.0	476.27608075	475.503339	478.5407125	471.20406475	2	n/a	n/a	n/a	n/a	n/a	n/a	n/a	n/a	n/a	n/a	n/a	n/a	intervals/encoding_table	41	472.276081	480.341828
472.276081	0.000000	94455	ttl	1	70	n/a	n/a	n/a	n/a	n/a	n/a	n/a	n/a	n/a	n/a	n/a	n/a	n/a	n/a	n/a	n/a	n/a	n/a	n/a	n/a	n/a	472.276081	n/a
480.341828	0.000000	96068	ttl	2	70	n/a	n/a	n/a	n/a	n/a	n/a	n/a	n/a	n/a	n/a	n/a	n/a	n/a	n/a	n/a	n/a	n/a	n/a	n/a	n/a	n/a	480.341828	n/a
480.358300	0.000000	96072	ttl	11	70	n/a	n/a	n/a	n/a	n/a	n/a	n/a	n/a	n/a	n/a	n/a	n/a	n/a	n/a	n/a	n/a	n/a	n/a	n/a	n/a	n/a	480.358300	n/a
481.322372	7.298875	96264	encoding	n/a	n/a	SB_8.mp4	70.0	485.05677975	n/a	n/a	480.35829974999996	1	n/a	n/a	n/a	n/a	n/a	n/a	n/a	n/a	n/a	n/a	n/a	n/a	intervals/encoding_table	42	481.322372	488.621247
481.322372	0.000000	96264	ttl	1	70	n/a	n/a	n/a	n/a	n/a	n/a	n/a	n/a	n/a	n/a	n/a	n/a	n/a	n/a	n/a	n/a	n/a	n/a	n/a	n/a	n/a	481.322372	n/a
488.621247	0.000000	97724	ttl	2	70	n/a	n/a	n/a	n/a	n/a	n/a	n/a	n/a	n/a	n/a	n/a	n/a	n/a	n/a	n/a	n/a	n/a	n/a	n/a	n/a	n/a	488.621247	n/a
488.637475	0.000000	97727	ttl	11	70	n/a	n/a	n/a	n/a	n/a	n/a	n/a	n/a	n/a	n/a	n/a	n/a	n/a	n/a	n/a	n/a	n/a	n/a	n/a	n/a	n/a	488.637475	n/a
489.670192	8.099931	97934	encoding	n/a	n/a	NB_17.mp4	70.0	493.67019224999996	n/a	n/a	488.63747474999997	0	n/a	n/a	n/a	n/a	n/a	n/a	n/a	n/a	n/a	n/a	n/a	n/a	intervals/encoding_table	43	489.670192	497.770123
489.670192	0.000000	97934	ttl	1	70	n/a	n/a	n/a	n/a	n/a	n/a	n/a	n/a	n/a	n/a	n/a	n/a	n/a	n/a	n/a	n/a	n/a	n/a	n/a	n/a	n/a	489.670192	n/a
497.770123	0.000000	99554	ttl	2	70	n/a	n/a	n/a	n/a	n/a	n/a	n/a	n/a	n/a	n/a	n/a	n/a	n/a	n/a	n/a	n/a	n/a	n/a	n/a	n/a	n/a	497.770123	n/a
508.751901	0.000000	101750	ttl	11	70	n/a	n/a	n/a	n/a	n/a	n/a	n/a	n/a	n/a	n/a	n/a	n/a	n/a	n/a	n/a	n/a	n/a	n/a	n/a	n/a	n/a	508.751901	n/a
509.833028	8.104574	101967	encoding	n/a	n/a	SB_30.mp4	70.0	510.38469725	511.66500625	513.4196929999999	508.7519015	1	n/a	n/a	n/a	n/a	n/a	n/a	n/a	n/a	n/a	n/a	n/a	n/a	intervals/encoding_table	44	509.833028	517.937603
509.833028	0.000000	101967	ttl	1	70	n/a	n/a	n/a	n/a	n/a	n/a	n/a	n/a	n/a	n/a	n/a	n/a	n/a	n/a	n/a	n/a	n/a	n/a	n/a	n/a	n/a	509.833028	n/a
517.937603	0.000000	103588	ttl	2	70	n/a	n/a	n/a	n/a	n/a	n/a	n/a	n/a	n/a	n/a	n/a	n/a	n/a	n/a	n/a	n/a	n/a	n/a	n/a	n/a	n/a	517.937603	n/a
517.953759	0.000000	103591	ttl	11	70	n/a	n/a	n/a	n/a	n/a	n/a	n/a	n/a	n/a	n/a	n/a	n/a	n/a	n/a	n/a	n/a	n/a	n/a	n/a	n/a	n/a	517.953759	n/a
518.990841	8.034264	103798	encoding	n/a	n/a	SB_13.mp4	70.0	524.7766762499999	n/a	n/a	517.95375925	1	n/a	n/a	n/a	n/a	n/a	n/a	n/a	n/a	n/a	n/a	n/a	n/a	intervals/encoding_table	45	518.990841	527.025105
518.990841	0.000000	103798	ttl	1	70	n/a	n/a	n/a	n/a	n/a	n/a	n/a	n/a	n/a	n/a	n/a	n/a	n/a	n/a	n/a	n/a	n/a	n/a	n/a	n/a	n/a	518.990841	n/a
527.025105	0.000000	105405	ttl	2	70	n/a	n/a	n/a	n/a	n/a	n/a	n/a	n/a	n/a	n/a	n/a	n/a	n/a	n/a	n/a	n/a	n/a	n/a	n/a	n/a	n/a	527.025105	n/a
527.041116	0.000000	105408	ttl	11	70	n/a	n/a	n/a	n/a	n/a	n/a	n/a	n/a	n/a	n/a	n/a	n/a	n/a	n/a	n/a	n/a	n/a	n/a	n/a	n/a	n/a	527.041116	n/a
528.140941	8.197553	105628	encoding	n/a	n/a	HB_10.mp4	70.0	532.14094075	529.7004704999999	534.069695	527.04111575	2	n/a	n/a	n/a	n/a	n/a	n/a	n/a	n/a	n/a	n/a	n/a	n/a	intervals/encoding_table	46	528.140941	536.338494
528.140941	0.000000	105628	ttl	1	70	n/a	n/a	n/a	n/a	n/a	n/a	n/a	n/a	n/a	n/a	n/a	n/a	n/a	n/a	n/a	n/a	n/a	n/a	n/a	n/a	n/a	528.140941	n/a
536.338494	0.000000	107268	ttl	2	70	n/a	n/a	n/a	n/a	n/a	n/a	n/a	n/a	n/a	n/a	n/a	n/a	n/a	n/a	n/a	n/a	n/a	n/a	n/a	n/a	n/a	536.338494	n/a
536.354672	0.000000	107271	ttl	11	70	n/a	n/a	n/a	n/a	n/a	n/a	n/a	n/a	n/a	n/a	n/a	n/a	n/a	n/a	n/a	n/a	n/a	n/a	n/a	n/a	n/a	536.354672	n/a
537.354551	8.165859	107471	encoding	n/a	n/a	SB_2.mp4	70.0	542.8835104999999	n/a	n/a	536.3546719999999	1	n/a	n/a	n/a	n/a	n/a	n/a	n/a	n/a	n/a	n/a	n/a	n/a	intervals/encoding_table	47	537.354551	545.520410
537.354551	0.000000	107471	ttl	1	70	n/a	n/a	n/a	n/a	n/a	n/a	n/a	n/a	n/a	n/a	n/a	n/a	n/a	n/a	n/a	n/a	n/a	n/a	n/a	n/a	n/a	537.354551	n/a
545.520410	0.000000	109104	ttl	2	70	n/a	n/a	n/a	n/a	n/a	n/a	n/a	n/a	n/a	n/a	n/a	n/a	n/a	n/a	n/a	n/a	n/a	n/a	n/a	n/a	n/a	545.520410	n/a
545.536453	0.000000	109107	ttl	11	70	n/a	n/a	n/a	n/a	n/a	n/a	n/a	n/a	n/a	n/a	n/a	n/a	n/a	n/a	n/a	n/a	n/a	n/a	n/a	n/a	n/a	545.536453	n/a
546.491032	8.197424	109298	encoding	n/a	n/a	SB_6.mp4	70.0	547.9787345	n/a	n/a	545.53645275	1	n/a	n/a	n/a	n/a	n/a	n/a	n/a	n/a	n/a	n/a	n/a	n/a	intervals/encoding_table	48	546.491032	554.688457
546.491032	0.000000	109298	ttl	1	70	n/a	n/a	n/a	n/a	n/a	n/a	n/a	n/a	n/a	n/a	n/a	n/a	n/a	n/a	n/a	n/a	n/a	n/a	n/a	n/a	n/a	546.491032	n/a
554.688457	0.000000	110938	ttl	2	70	n/a	n/a	n/a	n/a	n/a	n/a	n/a	n/a	n/a	n/a	n/a	n/a	n/a	n/a	n/a	n/a	n/a	n/a	n/a	n/a	n/a	554.688457	n/a
554.704547	0.000000	110941	ttl	11	70	n/a	n/a	n/a	n/a	n/a	n/a	n/a	n/a	n/a	n/a	n/a	n/a	n/a	n/a	n/a	n/a	n/a	n/a	n/a	n/a	n/a	554.704547	n/a
555.743229	7.895964	111149	encoding	n/a	n/a	HB_30.mp4	70.0	559.7432295	n/a	n/a	554.7045475	2	n/a	n/a	n/a	n/a	n/a	n/a	n/a	n/a	n/a	n/a	n/a	n/a	intervals/encoding_table	49	555.743229	563.639194
555.743229	0.000000	111149	ttl	1	70	n/a	n/a	n/a	n/a	n/a	n/a	n/a	n/a	n/a	n/a	n/a	n/a	n/a	n/a	n/a	n/a	n/a	n/a	n/a	n/a	n/a	555.743229	n/a
563.639194	0.000000	112728	ttl	2	70	n/a	n/a	n/a	n/a	n/a	n/a	n/a	n/a	n/a	n/a	n/a	n/a	n/a	n/a	n/a	n/a	n/a	n/a	n/a	n/a	n/a	563.639194	n/a
586.771196	0.000000	117354	ttl	11	70	n/a	n/a	n/a	n/a	n/a	n/a	n/a	n/a	n/a	n/a	n/a	n/a	n/a	n/a	n/a	n/a	n/a	n/a	n/a	n/a	n/a	586.771196	n/a
587.870198	8.197239	117574	encoding	n/a	n/a	HB_19.mp4	70.0	591.8701982499999	n/a	n/a	586.77119575	2	n/a	n/a	n/a	n/a	n/a	n/a	n/a	n/a	n/a	n/a	n/a	n/a	intervals/encoding_table	50	587.870198	596.067437
587.870198	0.000000	117574	ttl	1	70	n/a	n/a	n/a	n/a	n/a	n/a	n/a	n/a	n/a	n/a	n/a	n/a	n/a	n/a	n/a	n/a	n/a	n/a	n/a	n/a	n/a	587.870198	n/a
596.067437	0.000000	119213	ttl	2	70	n/a	n/a	n/a	n/a	n/a	n/a	n/a	n/a	n/a	n/a	n/a	n/a	n/a	n/a	n/a	n/a	n/a	n/a	n/a	n/a	n/a	596.067437	n/a
596.083814	0.000000	119217	ttl	11	70	n/a	n/a	n/a	n/a	n/a	n/a	n/a	n/a	n/a	n/a	n/a	n/a	n/a	n/a	n/a	n/a	n/a	n/a	n/a	n/a	n/a	596.083814	n/a
597.025889	8.033364	119405	encoding	n/a	n/a	HB_14.mp4	70.0	601.02588925	599.7735809999999	602.94765175	596.08381375	2	n/a	n/a	n/a	n/a	n/a	n/a	n/a	n/a	n/a	n/a	n/a	n/a	intervals/encoding_table	51	597.025889	605.059253
597.025889	0.000000	119405	ttl	1	70	n/a	n/a	n/a	n/a	n/a	n/a	n/a	n/a	n/a	n/a	n/a	n/a	n/a	n/a	n/a	n/a	n/a	n/a	n/a	n/a	n/a	597.025889	n/a
605.059253	0.000000	121012	ttl	2	70	n/a	n/a	n/a	n/a	n/a	n/a	n/a	n/a	n/a	n/a	n/a	n/a	n/a	n/a	n/a	n/a	n/a	n/a	n/a	n/a	n/a	605.059253	n/a
605.075518	0.000000	121015	ttl	11	70	n/a	n/a	n/a	n/a	n/a	n/a	n/a	n/a	n/a	n/a	n/a	n/a	n/a	n/a	n/a	n/a	n/a	n/a	n/a	n/a	n/a	605.075518	n/a
606.058664	8.028683	121212	encoding	n/a	n/a	HB_28.mp4	70.0	610.058664	n/a	n/a	605.07551775	2	n/a	n/a	n/a	n/a	n/a	n/a	n/a	n/a	n/a	n/a	n/a	n/a	intervals/encoding_table	52	606.058664	614.087347
606.058664	0.000000	121212	ttl	1	70	n/a	n/a	n/a	n/a	n/a	n/a	n/a	n/a	n/a	n/a	n/a	n/a	n/a	n/a	n/a	n/a	n/a	n/a	n/a	n/a	n/a	606.058664	n/a
614.087347	0.000000	122817	ttl	2	70	n/a	n/a	n/a	n/a	n/a	n/a	n/a	n/a	n/a	n/a	n/a	n/a	n/a	n/a	n/a	n/a	n/a	n/a	n/a	n/a	n/a	614.087347	n/a
614.103745	0.000000	122821	ttl	11	70	n/a	n/a	n/a	n/a	n/a	n/a	n/a	n/a	n/a	n/a	n/a	n/a	n/a	n/a	n/a	n/a	n/a	n/a	n/a	n/a	n/a	614.103745	n/a
615.036147	8.232362	123007	encoding	n/a	n/a	SB_29.mp4	70.0	616.96147975	619.15427975	620.8636445	614.10374525	1	n/a	n/a	n/a	n/a	n/a	n/a	n/a	n/a	n/a	n/a	n/a	n/a	intervals/encoding_table	53	615.036147	623.268508
615.036147	0.000000	123007	ttl	1	70	n/a	n/a	n/a	n/a	n/a	n/a	n/a	n/a	n/a	n/a	n/a	n/a	n/a	n/a	n/a	n/a	n/a	n/a	n/a	n/a	n/a	615.036147	n/a
623.268508	0.000000	124654	ttl	2	70	n/a	n/a	n/a	n/a	n/a	n/a	n/a	n/a	n/a	n/a	n/a	n/a	n/a	n/a	n/a	n/a	n/a	n/a	n/a	n/a	n/a	623.268508	n/a
623.284499	0.000000	124657	ttl	11	70	n/a	n/a	n/a	n/a	n/a	n/a	n/a	n/a	n/a	n/a	n/a	n/a	n/a	n/a	n/a	n/a	n/a	n/a	n/a	n/a	n/a	623.284499	n/a
624.234444	7.964256	124847	encoding	n/a	n/a	HB_24.mp4	70.0	628.23444375	n/a	n/a	623.28449925	2	n/a	n/a	n/a	n/a	n/a	n/a	n/a	n/a	n/a	n/a	n/a	n/a	intervals/encoding_table	54	624.234444	632.198699
624.234444	0.000000	124847	ttl	1	70	n/a	n/a	n/a	n/a	n/a	n/a	n/a	n/a	n/a	n/a	n/a	n/a	n/a	n/a	n/a	n/a	n/a	n/a	n/a	n/a	n/a	624.234444	n/a
632.198699	0.000000	126440	ttl	2	70	n/a	n/a	n/a	n/a	n/a	n/a	n/a	n/a	n/a	n/a	n/a	n/a	n/a	n/a	n/a	n/a	n/a	n/a	n/a	n/a	n/a	632.198699	n/a
632.215113	0.000000	126443	ttl	11	70	n/a	n/a	n/a	n/a	n/a	n/a	n/a	n/a	n/a	n/a	n/a	n/a	n/a	n/a	n/a	n/a	n/a	n/a	n/a	n/a	n/a	632.215113	n/a
633.193854	8.097942	126639	encoding	n/a	n/a	HB_25.mp4	70.0	637.1938544999999	n/a	n/a	632.215113	2	n/a	n/a	n/a	n/a	n/a	n/a	n/a	n/a	n/a	n/a	n/a	n/a	intervals/encoding_table	55	633.193854	641.291796
633.193854	0.000000	126639	ttl	1	70	n/a	n/a	n/a	n/a	n/a	n/a	n/a	n/a	n/a	n/a	n/a	n/a	n/a	n/a	n/a	n/a	n/a	n/a	n/a	n/a	n/a	633.193854	n/a
641.291796	0.000000	128258	ttl	2	70	n/a	n/a	n/a	n/a	n/a	n/a	n/a	n/a	n/a	n/a	n/a	n/a	n/a	n/a	n/a	n/a	n/a	n/a	n/a	n/a	n/a	641.291796	n/a
641.308020	0.000000	128262	ttl	11	70	n/a	n/a	n/a	n/a	n/a	n/a	n/a	n/a	n/a	n/a	n/a	n/a	n/a	n/a	n/a	n/a	n/a	n/a	n/a	n/a	n/a	641.308020	n/a
642.276054	8.930501	128455	encoding	n/a	n/a	SB_18.mp4	70.0	645.1075247499999	646.89197875	n/a	641.3080205	1	n/a	n/a	n/a	n/a	n/a	n/a	n/a	n/a	n/a	n/a	n/a	n/a	intervals/encoding_table	56	642.276054	651.206555
642.276054	0.000000	128455	ttl	1	70	n/a	n/a	n/a	n/a	n/a	n/a	n/a	n/a	n/a	n/a	n/a	n/a	n/a	n/a	n/a	n/a	n/a	n/a	n/a	n/a	n/a	642.276054	n/a
651.206555	0.000000	130241	ttl	2	70	n/a	n/a	n/a	n/a	n/a	n/a	n/a	n/a	n/a	n/a	n/a	n/a	n/a	n/a	n/a	n/a	n/a	n/a	n/a	n/a	n/a	651.206555	n/a
670.138089	0.000000	134028	ttl	11	70	n/a	n/a	n/a	n/a	n/a	n/a	n/a	n/a	n/a	n/a	n/a	n/a	n/a	n/a	n/a	n/a	n/a	n/a	n/a	n/a	n/a	670.138089	n/a
671.223794	8.066316	134245	encoding	n/a	n/a	HB_20.mp4	70.0	675.22379425	n/a	n/a	670.13808925	2	n/a	n/a	n/a	n/a	n/a	n/a	n/a	n/a	n/a	n/a	n/a	n/a	intervals/encoding_table	57	671.223794	679.290110
671.223794	0.000000	134245	ttl	1	70	n/a	n/a	n/a	n/a	n/a	n/a	n/a	n/a	n/a	n/a	n/a	n/a	n/a	n/a	n/a	n/a	n/a	n/a	n/a	n/a	n/a	671.223794	n/a
679.290110	0.000000	135858	ttl	2	70	n/a	n/a	n/a	n/a	n/a	n/a	n/a	n/a	n/a	n/a	n/a	n/a	n/a	n/a	n/a	n/a	n/a	n/a	n/a	n/a	n/a	679.290110	n/a
679.306058	0.000000	135861	ttl	11	70	n/a	n/a	n/a	n/a	n/a	n/a	n/a	n/a	n/a	n/a	n/a	n/a	n/a	n/a	n/a	n/a	n/a	n/a	n/a	n/a	n/a	679.306058	n/a
680.296602	8.064830	136059	encoding	n/a	n/a	NB_22.mp4	70.0	684.2966025	n/a	n/a	679.3060577499999	0	n/a	n/a	n/a	n/a	n/a	n/a	n/a	n/a	n/a	n/a	n/a	n/a	intervals/encoding_table	58	680.296602	688.361432
680.296602	0.000000	136059	ttl	1	70	n/a	n/a	n/a	n/a	n/a	n/a	n/a	n/a	n/a	n/a	n/a	n/a	n/a	n/a	n/a	n/a	n/a	n/a	n/a	n/a	n/a	680.296602	n/a
688.361432	0.000000	137672	ttl	2	70	n/a	n/a	n/a	n/a	n/a	n/a	n/a	n/a	n/a	n/a	n/a	n/a	n/a	n/a	n/a	n/a	n/a	n/a	n/a	n/a	n/a	688.361432	n/a
688.377517	0.000000	137676	ttl	11	70	n/a	n/a	n/a	n/a	n/a	n/a	n/a	n/a	n/a	n/a	n/a	n/a	n/a	n/a	n/a	n/a	n/a	n/a	n/a	n/a	n/a	688.377517	n/a
689.382830	8.265986	137877	encoding	n/a	n/a	NB_21.mp4	70.0	693.38283025	n/a	n/a	688.377517	0	n/a	n/a	n/a	n/a	n/a	n/a	n/a	n/a	n/a	n/a	n/a	n/a	intervals/encoding_table	59	689.382830	697.648816
689.382830	0.000000	137877	ttl	1	70	n/a	n/a	n/a	n/a	n/a	n/a	n/a	n/a	n/a	n/a	n/a	n/a	n/a	n/a	n/a	n/a	n/a	n/a	n/a	n/a	n/a	689.382830	n/a
697.648816	0.000000	139530	ttl	2	70	n/a	n/a	n/a	n/a	n/a	n/a	n/a	n/a	n/a	n/a	n/a	n/a	n/a	n/a	n/a	n/a	n/a	n/a	n/a	n/a	n/a	697.648816	n/a
697.664973	0.000000	139533	ttl	11	70	n/a	n/a	n/a	n/a	n/a	n/a	n/a	n/a	n/a	n/a	n/a	n/a	n/a	n/a	n/a	n/a	n/a	n/a	n/a	n/a	n/a	697.664973	n/a
698.665204	8.050064	139733	encoding	n/a	n/a	HB_1.mp4	70.0	702.6652037499999	700.2172539999999	n/a	697.6649729999999	2	n/a	n/a	n/a	n/a	n/a	n/a	n/a	n/a	n/a	n/a	n/a	n/a	intervals/encoding_table	60	698.665204	706.715267
698.665204	0.000000	139733	ttl	1	70	n/a	n/a	n/a	n/a	n/a	n/a	n/a	n/a	n/a	n/a	n/a	n/a	n/a	n/a	n/a	n/a	n/a	n/a	n/a	n/a	n/a	698.665204	n/a
706.715267	0.000000	141343	ttl	2	70	n/a	n/a	n/a	n/a	n/a	n/a	n/a	n/a	n/a	n/a	n/a	n/a	n/a	n/a	n/a	n/a	n/a	n/a	n/a	n/a	n/a	706.715267	n/a
706.731465	0.000000	141346	ttl	11	70	n/a	n/a	n/a	n/a	n/a	n/a	n/a	n/a	n/a	n/a	n/a	n/a	n/a	n/a	n/a	n/a	n/a	n/a	n/a	n/a	n/a	706.731465	n/a
707.793530	7.997698	141559	encoding	n/a	n/a	NB_30.mp4	70.0	711.79352975	n/a	n/a	706.7314645	0	n/a	n/a	n/a	n/a	n/a	n/a	n/a	n/a	n/a	n/a	n/a	n/a	intervals/encoding_table	61	707.793530	715.791227
707.793530	0.000000	141559	ttl	1	70	n/a	n/a	n/a	n/a	n/a	n/a	n/a	n/a	n/a	n/a	n/a	n/a	n/a	n/a	n/a	n/a	n/a	n/a	n/a	n/a	n/a	707.793530	n/a
715.791227	0.000000	143158	ttl	2	70	n/a	n/a	n/a	n/a	n/a	n/a	n/a	n/a	n/a	n/a	n/a	n/a	n/a	n/a	n/a	n/a	n/a	n/a	n/a	n/a	n/a	715.791227	n/a
736.522441	0.000000	147304	ttl	11	70	n/a	n/a	n/a	n/a	n/a	n/a	n/a	n/a	n/a	n/a	n/a	n/a	n/a	n/a	n/a	n/a	n/a	n/a	n/a	n/a	n/a	736.522441	n/a
737.583409	8.464249	147517	encoding	n/a	n/a	SB_26.mp4	70.0	739.31859575	740.97671225	742.46647675	736.5224412499999	1	n/a	n/a	n/a	n/a	n/a	n/a	n/a	n/a	n/a	n/a	n/a	n/a	intervals/encoding_table	62	737.583409	746.047658
737.583409	0.000000	147517	ttl	1	70	n/a	n/a	n/a	n/a	n/a	n/a	n/a	n/a	n/a	n/a	n/a	n/a	n/a	n/a	n/a	n/a	n/a	n/a	n/a	n/a	n/a	737.583409	n/a
746.047658	0.000000	149210	ttl	2	70	n/a	n/a	n/a	n/a	n/a	n/a	n/a	n/a	n/a	n/a	n/a	n/a	n/a	n/a	n/a	n/a	n/a	n/a	n/a	n/a	n/a	746.047658	n/a
746.063875	0.000000	149213	ttl	11	70	n/a	n/a	n/a	n/a	n/a	n/a	n/a	n/a	n/a	n/a	n/a	n/a	n/a	n/a	n/a	n/a	n/a	n/a	n/a	n/a	n/a	746.063875	n/a
746.987439	8.033507	149397	encoding	n/a	n/a	HB_12.mp4	70.0	750.9874394999999	748.62517725	752.9145804999999	746.0638755	2	n/a	n/a	n/a	n/a	n/a	n/a	n/a	n/a	n/a	n/a	n/a	n/a	intervals/encoding_table	63	746.987439	755.020946
746.987439	0.000000	149397	ttl	1	70	n/a	n/a	n/a	n/a	n/a	n/a	n/a	n/a	n/a	n/a	n/a	n/a	n/a	n/a	n/a	n/a	n/a	n/a	n/a	n/a	n/a	746.987439	n/a
755.020946	0.000000	151004	ttl	2	70	n/a	n/a	n/a	n/a	n/a	n/a	n/a	n/a	n/a	n/a	n/a	n/a	n/a	n/a	n/a	n/a	n/a	n/a	n/a	n/a	n/a	755.020946	n/a
755.037076	0.000000	151007	ttl	11	70	n/a	n/a	n/a	n/a	n/a	n/a	n/a	n/a	n/a	n/a	n/a	n/a	n/a	n/a	n/a	n/a	n/a	n/a	n/a	n/a	n/a	755.037076	n/a
756.060745	8.229759	151212	encoding	n/a	n/a	NB_26.mp4	70.0	760.0607454999999	n/a	n/a	755.0370755	0	n/a	n/a	n/a	n/a	n/a	n/a	n/a	n/a	n/a	n/a	n/a	n/a	intervals/encoding_table	64	756.060745	764.290504
756.060745	0.000000	151212	ttl	1	70	n/a	n/a	n/a	n/a	n/a	n/a	n/a	n/a	n/a	n/a	n/a	n/a	n/a	n/a	n/a	n/a	n/a	n/a	n/a	n/a	n/a	756.060745	n/a
764.290504	0.000000	152858	ttl	2	70	n/a	n/a	n/a	n/a	n/a	n/a	n/a	n/a	n/a	n/a	n/a	n/a	n/a	n/a	n/a	n/a	n/a	n/a	n/a	n/a	n/a	764.290504	n/a
764.306854	0.000000	152861	ttl	11	70	n/a	n/a	n/a	n/a	n/a	n/a	n/a	n/a	n/a	n/a	n/a	n/a	n/a	n/a	n/a	n/a	n/a	n/a	n/a	n/a	n/a	764.306854	n/a
765.361400	8.062028	153072	encoding	n/a	n/a	SB_12.mp4	70.0	771.21436375	n/a	n/a	764.30685425	1	n/a	n/a	n/a	n/a	n/a	n/a	n/a	n/a	n/a	n/a	n/a	n/a	intervals/encoding_table	65	765.361400	773.423428
765.361400	0.000000	153072	ttl	1	70	n/a	n/a	n/a	n/a	n/a	n/a	n/a	n/a	n/a	n/a	n/a	n/a	n/a	n/a	n/a	n/a	n/a	n/a	n/a	n/a	n/a	765.361400	n/a
773.423428	0.000000	154685	ttl	2	70	n/a	n/a	n/a	n/a	n/a	n/a	n/a	n/a	n/a	n/a	n/a	n/a	n/a	n/a	n/a	n/a	n/a	n/a	n/a	n/a	n/a	773.423428	n/a
773.439673	0.000000	154688	ttl	11	70	n/a	n/a	n/a	n/a	n/a	n/a	n/a	n/a	n/a	n/a	n/a	n/a	n/a	n/a	n/a	n/a	n/a	n/a	n/a	n/a	n/a	773.439673	n/a
774.396641	8.031005	154879	encoding	n/a	n/a	HB_21.mp4	70.0	778.39664125	n/a	n/a	773.4396734999999	2	n/a	n/a	n/a	n/a	n/a	n/a	n/a	n/a	n/a	n/a	n/a	n/a	intervals/encoding_table	66	774.396641	782.427646
774.396641	0.000000	154879	ttl	1	70	n/a	n/a	n/a	n/a	n/a	n/a	n/a	n/a	n/a	n/a	n/a	n/a	n/a	n/a	n/a	n/a	n/a	n/a	n/a	n/a	n/a	774.396641	n/a
782.427646	0.000000	156486	ttl	2	70	n/a	n/a	n/a	n/a	n/a	n/a	n/a	n/a	n/a	n/a	n/a	n/a	n/a	n/a	n/a	n/a	n/a	n/a	n/a	n/a	n/a	782.427646	n/a
788.926949	0.000000	157785	ttl	11	70	n/a	n/a	n/a	n/a	n/a	n/a	n/a	n/a	n/a	n/a	n/a	n/a	n/a	n/a	n/a	n/a	n/a	n/a	n/a	n/a	n/a	788.926949	n/a
789.880773	7.966349	157976	encoding	n/a	n/a	NB_27.mp4	70.0	793.880773	n/a	n/a	788.9269489999999	0	n/a	n/a	n/a	n/a	n/a	n/a	n/a	n/a	n/a	n/a	n/a	n/a	intervals/encoding_table	67	789.880773	797.847122
789.880773	0.000000	157976	ttl	1	70	n/a	n/a	n/a	n/a	n/a	n/a	n/a	n/a	n/a	n/a	n/a	n/a	n/a	n/a	n/a	n/a	n/a	n/a	n/a	n/a	n/a	789.880773	n/a
797.847122	0.000000	159569	ttl	2	70	n/a	n/a	n/a	n/a	n/a	n/a	n/a	n/a	n/a	n/a	n/a	n/a	n/a	n/a	n/a	n/a	n/a	n/a	n/a	n/a	n/a	797.847122	n/a
797.863003	0.000000	159573	ttl	11	70	n/a	n/a	n/a	n/a	n/a	n/a	n/a	n/a	n/a	n/a	n/a	n/a	n/a	n/a	n/a	n/a	n/a	n/a	n/a	n/a	n/a	797.863003	n/a
798.856226	7.113589	159771	encoding	n/a	n/a	NB_25.mp4	70.0	802.856226	n/a	n/a	797.86300275	0	n/a	n/a	n/a	n/a	n/a	n/a	n/a	n/a	n/a	n/a	n/a	n/a	intervals/encoding_table	68	798.856226	805.969815
798.856226	0.000000	159771	ttl	1	70	n/a	n/a	n/a	n/a	n/a	n/a	n/a	n/a	n/a	n/a	n/a	n/a	n/a	n/a	n/a	n/a	n/a	n/a	n/a	n/a	n/a	798.856226	n/a
805.969815	0.000000	161194	ttl	2	70	n/a	n/a	n/a	n/a	n/a	n/a	n/a	n/a	n/a	n/a	n/a	n/a	n/a	n/a	n/a	n/a	n/a	n/a	n/a	n/a	n/a	805.969815	n/a
805.985982	0.000000	161197	ttl	11	70	n/a	n/a	n/a	n/a	n/a	n/a	n/a	n/a	n/a	n/a	n/a	n/a	n/a	n/a	n/a	n/a	n/a	n/a	n/a	n/a	n/a	805.985982	n/a
806.960232	7.764467	161392	encoding	n/a	n/a	NB_23.mp4	70.0	810.9602317499999	n/a	n/a	805.98598175	0	n/a	n/a	n/a	n/a	n/a	n/a	n/a	n/a	n/a	n/a	n/a	n/a	intervals/encoding_table	69	806.960232	814.724698
806.960232	0.000000	161392	ttl	1	70	n/a	n/a	n/a	n/a	n/a	n/a	n/a	n/a	n/a	n/a	n/a	n/a	n/a	n/a	n/a	n/a	n/a	n/a	n/a	n/a	n/a	806.960232	n/a
814.724698	0.000000	162945	ttl	2	70	n/a	n/a	n/a	n/a	n/a	n/a	n/a	n/a	n/a	n/a	n/a	n/a	n/a	n/a	n/a	n/a	n/a	n/a	n/a	n/a	n/a	814.724698	n/a
814.740902	0.000000	162948	ttl	11	70	n/a	n/a	n/a	n/a	n/a	n/a	n/a	n/a	n/a	n/a	n/a	n/a	n/a	n/a	n/a	n/a	n/a	n/a	n/a	n/a	n/a	814.740902	n/a
815.736750	7.931666	163147	encoding	n/a	n/a	HB_23.mp4	70.0	819.73674975	n/a	n/a	814.7409017499999	2	n/a	n/a	n/a	n/a	n/a	n/a	n/a	n/a	n/a	n/a	n/a	n/a	intervals/encoding_table	70	815.736750	823.668416
815.736750	0.000000	163147	ttl	1	70	n/a	n/a	n/a	n/a	n/a	n/a	n/a	n/a	n/a	n/a	n/a	n/a	n/a	n/a	n/a	n/a	n/a	n/a	n/a	n/a	n/a	815.736750	n/a
823.668416	0.000000	164734	ttl	2	70	n/a	n/a	n/a	n/a	n/a	n/a	n/a	n/a	n/a	n/a	n/a	n/a	n/a	n/a	n/a	n/a	n/a	n/a	n/a	n/a	n/a	823.668416	n/a
823.684551	0.000000	164737	ttl	11	70	n/a	n/a	n/a	n/a	n/a	n/a	n/a	n/a	n/a	n/a	n/a	n/a	n/a	n/a	n/a	n/a	n/a	n/a	n/a	n/a	n/a	823.684551	n/a
824.672193	8.433394	164934	encoding	n/a	n/a	SB_25.mp4	70.0	827.0296629999999	828.2239265	n/a	823.6845512499999	1	n/a	n/a	n/a	n/a	n/a	n/a	n/a	n/a	n/a	n/a	n/a	n/a	intervals/encoding_table	71	824.672193	833.105586
824.672193	0.000000	164934	ttl	1	70	n/a	n/a	n/a	n/a	n/a	n/a	n/a	n/a	n/a	n/a	n/a	n/a	n/a	n/a	n/a	n/a	n/a	n/a	n/a	n/a	n/a	824.672193	n/a
833.105586	0.000000	166621	ttl	2	70	n/a	n/a	n/a	n/a	n/a	n/a	n/a	n/a	n/a	n/a	n/a	n/a	n/a	n/a	n/a	n/a	n/a	n/a	n/a	n/a	n/a	833.105586	n/a
833.121962	0.000000	166624	ttl	11	70	n/a	n/a	n/a	n/a	n/a	n/a	n/a	n/a	n/a	n/a	n/a	n/a	n/a	n/a	n/a	n/a	n/a	n/a	n/a	n/a	n/a	833.121962	n/a
834.073008	7.933830	166815	encoding	n/a	n/a	SB_1.mp4	70.0	839.1466262499999	n/a	n/a	833.1219625	1	n/a	n/a	n/a	n/a	n/a	n/a	n/a	n/a	n/a	n/a	n/a	n/a	intervals/encoding_table	72	834.073008	842.006838
834.073008	0.000000	166815	ttl	1	70	n/a	n/a	n/a	n/a	n/a	n/a	n/a	n/a	n/a	n/a	n/a	n/a	n/a	n/a	n/a	n/a	n/a	n/a	n/a	n/a	n/a	834.073008	n/a
842.006838	0.000000	168401	ttl	2	70	n/a	n/a	n/a	n/a	n/a	n/a	n/a	n/a	n/a	n/a	n/a	n/a	n/a	n/a	n/a	n/a	n/a	n/a	n/a	n/a	n/a	842.006838	n/a
842.023396	0.000000	168405	ttl	11	70	n/a	n/a	n/a	n/a	n/a	n/a	n/a	n/a	n/a	n/a	n/a	n/a	n/a	n/a	n/a	n/a	n/a	n/a	n/a	n/a	n/a	842.023396	n/a
842.951623	8.097790	168590	encoding	n/a	n/a	SB_10.mp4	70.0	848.77606625	n/a	n/a	842.0233959999999	1	n/a	n/a	n/a	n/a	n/a	n/a	n/a	n/a	n/a	n/a	n/a	n/a	intervals/encoding_table	73	842.951623	851.049414
842.951623	0.000000	168590	ttl	1	70	n/a	n/a	n/a	n/a	n/a	n/a	n/a	n/a	n/a	n/a	n/a	n/a	n/a	n/a	n/a	n/a	n/a	n/a	n/a	n/a	n/a	842.951623	n/a
851.049414	0.000000	170210	ttl	2	70	n/a	n/a	n/a	n/a	n/a	n/a	n/a	n/a	n/a	n/a	n/a	n/a	n/a	n/a	n/a	n/a	n/a	n/a	n/a	n/a	n/a	851.049414	n/a
854.848720	0.000000	170970	ttl	11	70	n/a	n/a	n/a	n/a	n/a	n/a	n/a	n/a	n/a	n/a	n/a	n/a	n/a	n/a	n/a	n/a	n/a	n/a	n/a	n/a	n/a	854.848720	n/a
855.801954	7.629768	171160	encoding	n/a	n/a	SB_16.mp4	70.0	857.0857269999999	859.60120725	n/a	854.84871975	1	n/a	n/a	n/a	n/a	n/a	n/a	n/a	n/a	n/a	n/a	n/a	n/a	intervals/encoding_table	74	855.801954	863.431722
855.801954	0.000000	171160	ttl	1	70	n/a	n/a	n/a	n/a	n/a	n/a	n/a	n/a	n/a	n/a	n/a	n/a	n/a	n/a	n/a	n/a	n/a	n/a	n/a	n/a	n/a	855.801954	n/a
863.431722	0.000000	172686	ttl	2	70	n/a	n/a	n/a	n/a	n/a	n/a	n/a	n/a	n/a	n/a	n/a	n/a	n/a	n/a	n/a	n/a	n/a	n/a	n/a	n/a	n/a	863.431722	n/a
863.448119	0.000000	172690	ttl	11	70	n/a	n/a	n/a	n/a	n/a	n/a	n/a	n/a	n/a	n/a	n/a	n/a	n/a	n/a	n/a	n/a	n/a	n/a	n/a	n/a	n/a	863.448119	n/a
864.417816	8.033321	172884	encoding	n/a	n/a	HB_9.mp4	70.0	868.41781625	866.8809857499999	870.29246325	863.4481195	2	n/a	n/a	n/a	n/a	n/a	n/a	n/a	n/a	n/a	n/a	n/a	n/a	intervals/encoding_table	75	864.417816	872.451138
864.417816	0.000000	172884	ttl	1	70	n/a	n/a	n/a	n/a	n/a	n/a	n/a	n/a	n/a	n/a	n/a	n/a	n/a	n/a	n/a	n/a	n/a	n/a	n/a	n/a	n/a	864.417816	n/a
872.451138	0.000000	174490	ttl	2	70	n/a	n/a	n/a	n/a	n/a	n/a	n/a	n/a	n/a	n/a	n/a	n/a	n/a	n/a	n/a	n/a	n/a	n/a	n/a	n/a	n/a	872.451138	n/a
872.467513	0.000000	174494	ttl	11	70	n/a	n/a	n/a	n/a	n/a	n/a	n/a	n/a	n/a	n/a	n/a	n/a	n/a	n/a	n/a	n/a	n/a	n/a	n/a	n/a	n/a	872.467513	n/a
873.418017	8.145238	174684	encoding	n/a	n/a	SB_14.mp4	70.0	876.8448955	n/a	n/a	872.4675129999999	1	n/a	n/a	n/a	n/a	n/a	n/a	n/a	n/a	n/a	n/a	n/a	n/a	intervals/encoding_table	76	873.418017	881.563255
873.418017	0.000000	174684	ttl	1	70	n/a	n/a	n/a	n/a	n/a	n/a	n/a	n/a	n/a	n/a	n/a	n/a	n/a	n/a	n/a	n/a	n/a	n/a	n/a	n/a	n/a	873.418017	n/a
881.563255	0.000000	176313	ttl	2	70	n/a	n/a	n/a	n/a	n/a	n/a	n/a	n/a	n/a	n/a	n/a	n/a	n/a	n/a	n/a	n/a	n/a	n/a	n/a	n/a	n/a	881.563255	n/a
881.579457	0.000000	176316	ttl	11	70	n/a	n/a	n/a	n/a	n/a	n/a	n/a	n/a	n/a	n/a	n/a	n/a	n/a	n/a	n/a	n/a	n/a	n/a	n/a	n/a	n/a	881.579457	n/a
882.483001	7.931876	176497	encoding	n/a	n/a	HB_13.mp4	70.0	886.48300075	884.7478934999999	888.69014325	881.5794569999999	2	n/a	n/a	n/a	n/a	n/a	n/a	n/a	n/a	n/a	n/a	n/a	n/a	intervals/encoding_table	77	882.483001	890.414877
882.483001	0.000000	176497	ttl	1	70	n/a	n/a	n/a	n/a	n/a	n/a	n/a	n/a	n/a	n/a	n/a	n/a	n/a	n/a	n/a	n/a	n/a	n/a	n/a	n/a	n/a	882.483001	n/a
890.414877	0.000000	178083	ttl	2	70	n/a	n/a	n/a	n/a	n/a	n/a	n/a	n/a	n/a	n/a	n/a	n/a	n/a	n/a	n/a	n/a	n/a	n/a	n/a	n/a	n/a	890.414877	n/a
890.431164	0.000000	178086	ttl	11	70	n/a	n/a	n/a	n/a	n/a	n/a	n/a	n/a	n/a	n/a	n/a	n/a	n/a	n/a	n/a	n/a	n/a	n/a	n/a	n/a	n/a	890.431164	n/a
891.421313	8.064234	178284	encoding	n/a	n/a	HB_16.mp4	70.0	895.4213132499999	n/a	n/a	890.43116375	2	n/a	n/a	n/a	n/a	n/a	n/a	n/a	n/a	n/a	n/a	n/a	n/a	intervals/encoding_table	78	891.421313	899.485547
891.421313	0.000000	178284	ttl	1	70	n/a	n/a	n/a	n/a	n/a	n/a	n/a	n/a	n/a	n/a	n/a	n/a	n/a	n/a	n/a	n/a	n/a	n/a	n/a	n/a	n/a	891.421313	n/a
899.485547	0.000000	179897	ttl	2	70	n/a	n/a	n/a	n/a	n/a	n/a	n/a	n/a	n/a	n/a	n/a	n/a	n/a	n/a	n/a	n/a	n/a	n/a	n/a	n/a	n/a	899.485547	n/a
919.167650	0.000000	183834	ttl	11	70	n/a	n/a	n/a	n/a	n/a	n/a	n/a	n/a	n/a	n/a	n/a	n/a	n/a	n/a	n/a	n/a	n/a	n/a	n/a	n/a	n/a	919.167650	n/a
920.248566	8.034107	184050	encoding	n/a	n/a	NB_12.mp4	70.0	924.2485664999999	n/a	n/a	919.16765025	0	n/a	n/a	n/a	n/a	n/a	n/a	n/a	n/a	n/a	n/a	n/a	n/a	intervals/encoding_table	79	920.248566	928.282673
920.248566	0.000000	184050	ttl	1	70	n/a	n/a	n/a	n/a	n/a	n/a	n/a	n/a	n/a	n/a	n/a	n/a	n/a	n/a	n/a	n/a	n/a	n/a	n/a	n/a	n/a	920.248566	n/a
928.282673	0.000000	185657	ttl	2	70	n/a	n/a	n/a	n/a	n/a	n/a	n/a	n/a	n/a	n/a	n/a	n/a	n/a	n/a	n/a	n/a	n/a	n/a	n/a	n/a	n/a	928.282673	n/a
928.298872	0.000000	185660	ttl	11	70	n/a	n/a	n/a	n/a	n/a	n/a	n/a	n/a	n/a	n/a	n/a	n/a	n/a	n/a	n/a	n/a	n/a	n/a	n/a	n/a	n/a	928.298872	n/a
929.330285	7.947296	185866	encoding	n/a	n/a	HB_2.mp4	70.0	933.330285	931.68969025	n/a	928.298872	2	n/a	n/a	n/a	n/a	n/a	n/a	n/a	n/a	n/a	n/a	n/a	n/a	intervals/encoding_table	80	929.330285	937.277581
929.330285	0.000000	185866	ttl	1	70	n/a	n/a	n/a	n/a	n/a	n/a	n/a	n/a	n/a	n/a	n/a	n/a	n/a	n/a	n/a	n/a	n/a	n/a	n/a	n/a	n/a	929.330285	n/a
937.277581	0.000000	187456	ttl	2	70	n/a	n/a	n/a	n/a	n/a	n/a	n/a	n/a	n/a	n/a	n/a	n/a	n/a	n/a	n/a	n/a	n/a	n/a	n/a	n/a	n/a	937.277581	n/a
937.293902	0.000000	187459	ttl	11	70	n/a	n/a	n/a	n/a	n/a	n/a	n/a	n/a	n/a	n/a	n/a	n/a	n/a	n/a	n/a	n/a	n/a	n/a	n/a	n/a	n/a	937.293902	n/a
938.222589	7.832155	187645	encoding	n/a	n/a	HB_29.mp4	70.0	942.22258875	n/a	n/a	937.29390225	2	n/a	n/a	n/a	n/a	n/a	n/a	n/a	n/a	n/a	n/a	n/a	n/a	intervals/encoding_table	81	938.222589	946.054744
938.222589	0.000000	187645	ttl	1	70	n/a	n/a	n/a	n/a	n/a	n/a	n/a	n/a	n/a	n/a	n/a	n/a	n/a	n/a	n/a	n/a	n/a	n/a	n/a	n/a	n/a	938.222589	n/a
946.054744	0.000000	189211	ttl	2	70	n/a	n/a	n/a	n/a	n/a	n/a	n/a	n/a	n/a	n/a	n/a	n/a	n/a	n/a	n/a	n/a	n/a	n/a	n/a	n/a	n/a	946.054744	n/a
946.070920	0.000000	189214	ttl	11	70	n/a	n/a	n/a	n/a	n/a	n/a	n/a	n/a	n/a	n/a	n/a	n/a	n/a	n/a	n/a	n/a	n/a	n/a	n/a	n/a	n/a	946.070920	n/a
947.022620	7.929911	189405	encoding	n/a	n/a	NB_3.mp4	70.0	951.02262	n/a	n/a	946.0709204999999	0	n/a	n/a	n/a	n/a	n/a	n/a	n/a	n/a	n/a	n/a	n/a	n/a	intervals/encoding_table	82	947.022620	954.952530
947.022620	0.000000	189405	ttl	1	70	n/a	n/a	n/a	n/a	n/a	n/a	n/a	n/a	n/a	n/a	n/a	n/a	n/a	n/a	n/a	n/a	n/a	n/a	n/a	n/a	n/a	947.022620	n/a
954.952530	0.000000	190991	ttl	2	70	n/a	n/a	n/a	n/a	n/a	n/a	n/a	n/a	n/a	n/a	n/a	n/a	n/a	n/a	n/a	n/a	n/a	n/a	n/a	n/a	n/a	954.952530	n/a
954.968861	0.000000	190994	ttl	11	70	n/a	n/a	n/a	n/a	n/a	n/a	n/a	n/a	n/a	n/a	n/a	n/a	n/a	n/a	n/a	n/a	n/a	n/a	n/a	n/a	n/a	954.968861	n/a
956.027113	7.596189	191205	encoding	n/a	n/a	SB_28.mp4	70.0	957.00276275	959.151038	960.7973509999999	954.9688605	1	n/a	n/a	n/a	n/a	n/a	n/a	n/a	n/a	n/a	n/a	n/a	n/a	intervals/encoding_table	83	956.027113	963.623303
956.027113	0.000000	191205	ttl	1	70	n/a	n/a	n/a	n/a	n/a	n/a	n/a	n/a	n/a	n/a	n/a	n/a	n/a	n/a	n/a	n/a	n/a	n/a	n/a	n/a	n/a	956.027113	n/a
963.623303	0.000000	192725	ttl	2	70	n/a	n/a	n/a	n/a	n/a	n/a	n/a	n/a	n/a	n/a	n/a	n/a	n/a	n/a	n/a	n/a	n/a	n/a	n/a	n/a	n/a	963.623303	n/a
967.155878	0.000000	193431	ttl	11	70	n/a	n/a	n/a	n/a	n/a	n/a	n/a	n/a	n/a	n/a	n/a	n/a	n/a	n/a	n/a	n/a	n/a	n/a	n/a	n/a	n/a	967.155878	n/a
968.201354	7.998744	193640	encoding	n/a	n/a	NB_9.mp4	70.0	972.20135375	n/a	n/a	967.15587775	0	n/a	n/a	n/a	n/a	n/a	n/a	n/a	n/a	n/a	n/a	n/a	n/a	intervals/encoding_table	84	968.201354	976.200097
968.201354	0.000000	193640	ttl	1	70	n/a	n/a	n/a	n/a	n/a	n/a	n/a	n/a	n/a	n/a	n/a	n/a	n/a	n/a	n/a	n/a	n/a	n/a	n/a	n/a	n/a	968.201354	n/a
976.200097	0.000000	195240	ttl	2	70	n/a	n/a	n/a	n/a	n/a	n/a	n/a	n/a	n/a	n/a	n/a	n/a	n/a	n/a	n/a	n/a	n/a	n/a	n/a	n/a	n/a	976.200097	n/a
976.216076	0.000000	195243	ttl	11	70	n/a	n/a	n/a	n/a	n/a	n/a	n/a	n/a	n/a	n/a	n/a	n/a	n/a	n/a	n/a	n/a	n/a	n/a	n/a	n/a	n/a	976.216076	n/a
977.280699	8.031266	195456	encoding	n/a	n/a	NB_1.mp4	70.0	981.2806995	n/a	n/a	976.21607575	0	n/a	n/a	n/a	n/a	n/a	n/a	n/a	n/a	n/a	n/a	n/a	n/a	intervals/encoding_table	85	977.280699	985.311965
977.280699	0.000000	195456	ttl	1	70	n/a	n/a	n/a	n/a	n/a	n/a	n/a	n/a	n/a	n/a	n/a	n/a	n/a	n/a	n/a	n/a	n/a	n/a	n/a	n/a	n/a	977.280699	n/a
985.311965	0.000000	197062	ttl	2	70	n/a	n/a	n/a	n/a	n/a	n/a	n/a	n/a	n/a	n/a	n/a	n/a	n/a	n/a	n/a	n/a	n/a	n/a	n/a	n/a	n/a	985.311965	n/a
985.328129	0.000000	197066	ttl	11	70	n/a	n/a	n/a	n/a	n/a	n/a	n/a	n/a	n/a	n/a	n/a	n/a	n/a	n/a	n/a	n/a	n/a	n/a	n/a	n/a	n/a	985.328129	n/a
986.415389	7.299609	197283	encoding	n/a	n/a	NB_28.mp4	70.0	990.41538925	n/a	n/a	985.3281287499999	0	n/a	n/a	n/a	n/a	n/a	n/a	n/a	n/a	n/a	n/a	n/a	n/a	intervals/encoding_table	86	986.415389	993.714998
986.415389	0.000000	197283	ttl	1	70	n/a	n/a	n/a	n/a	n/a	n/a	n/a	n/a	n/a	n/a	n/a	n/a	n/a	n/a	n/a	n/a	n/a	n/a	n/a	n/a	n/a	986.415389	n/a
993.714998	0.000000	198743	ttl	2	70	n/a	n/a	n/a	n/a	n/a	n/a	n/a	n/a	n/a	n/a	n/a	n/a	n/a	n/a	n/a	n/a	n/a	n/a	n/a	n/a	n/a	993.714998	n/a
993.731304	0.000000	198746	ttl	11	70	n/a	n/a	n/a	n/a	n/a	n/a	n/a	n/a	n/a	n/a	n/a	n/a	n/a	n/a	n/a	n/a	n/a	n/a	n/a	n/a	n/a	993.731304	n/a
994.669538	8.197017	198934	encoding	n/a	n/a	NB_18.mp4	70.0	998.66953825	n/a	n/a	993.7313039999999	0	n/a	n/a	n/a	n/a	n/a	n/a	n/a	n/a	n/a	n/a	n/a	n/a	intervals/encoding_table	87	994.669538	1002.866555
994.669538	0.000000	198934	ttl	1	70	n/a	n/a	n/a	n/a	n/a	n/a	n/a	n/a	n/a	n/a	n/a	n/a	n/a	n/a	n/a	n/a	n/a	n/a	n/a	n/a	n/a	994.669538	n/a
1002.866555	0.000000	200573	ttl	2	70	n/a	n/a	n/a	n/a	n/a	n/a	n/a	n/a	n/a	n/a	n/a	n/a	n/a	n/a	n/a	n/a	n/a	n/a	n/a	n/a	n/a	1002.866555	n/a
1002.883023	0.000000	200577	ttl	11	70	n/a	n/a	n/a	n/a	n/a	n/a	n/a	n/a	n/a	n/a	n/a	n/a	n/a	n/a	n/a	n/a	n/a	n/a	n/a	n/a	n/a	1002.883023	n/a
1003.888412	8.031820	200778	encoding	n/a	n/a	HB_11.mp4	70.0	1007.8884119999999	1006.76657975	1010.10877075	1002.8830234999999	2	n/a	n/a	n/a	n/a	n/a	n/a	n/a	n/a	n/a	n/a	n/a	n/a	intervals/encoding_table	88	1003.888412	1011.920232
1003.888412	0.000000	200778	ttl	1	70	n/a	n/a	n/a	n/a	n/a	n/a	n/a	n/a	n/a	n/a	n/a	n/a	n/a	n/a	n/a	n/a	n/a	n/a	n/a	n/a	n/a	1003.888412	n/a
1011.920232	0.000000	202384	ttl	2	70	n/a	n/a	n/a	n/a	n/a	n/a	n/a	n/a	n/a	n/a	n/a	n/a	n/a	n/a	n/a	n/a	n/a	n/a	n/a	n/a	n/a	1011.920232	n/a
1014.263396	0.000000	202853	ttl	11	70	n/a	n/a	n/a	n/a	n/a	n/a	n/a	n/a	n/a	n/a	n/a	n/a	n/a	n/a	n/a	n/a	n/a	n/a	n/a	n/a	n/a	1014.263396	n/a
1015.219518	7.998689	203044	encoding	n/a	n/a	SB_24.mp4	70.0	1018.0875044999999	1019.17984725	n/a	1014.263396	1	n/a	n/a	n/a	n/a	n/a	n/a	n/a	n/a	n/a	n/a	n/a	n/a	intervals/encoding_table	89	1015.219518	1023.218207
1015.219518	0.000000	203044	ttl	1	70	n/a	n/a	n/a	n/a	n/a	n/a	n/a	n/a	n/a	n/a	n/a	n/a	n/a	n/a	n/a	n/a	n/a	n/a	n/a	n/a	n/a	1015.219518	n/a
1023.218207	0.000000	204644	ttl	2	70	n/a	n/a	n/a	n/a	n/a	n/a	n/a	n/a	n/a	n/a	n/a	n/a	n/a	n/a	n/a	n/a	n/a	n/a	n/a	n/a	n/a	1023.218207	n/a
1023.270805	0.000000	204654	ttl	60	70	n/a	n/a	n/a	n/a	n/a	n/a	n/a	n/a	n/a	n/a	n/a	n/a	n/a	n/a	n/a	n/a	n/a	n/a	n/a	n/a	n/a	1023.270805	n/a
1347.283132	0.000000	269457	ttl	61	71	n/a	n/a	n/a	n/a	n/a	n/a	n/a	n/a	n/a	n/a	n/a	n/a	n/a	n/a	n/a	n/a	n/a	n/a	n/a	n/a	n/a	1347.283132	n/a
1347.337446	0.000000	269467	ttl	11	71	n/a	n/a	n/a	n/a	n/a	n/a	n/a	n/a	n/a	n/a	n/a	n/a	n/a	n/a	n/a	n/a	n/a	n/a	n/a	n/a	n/a	1347.337446	n/a
1347.887448	1.536106	269577	scene_recognition	n/a	n/a	n/a	71.0	n/a	n/a	n/a	1347.3374462499999	n/a	1.5138120605843142	2	2	2	SB_8_frameB_foil.png	1	6	1350.93736625	0	1	n/a	n/a	intervals/recognition_table	0	1347.887448	1349.423554
1347.887448	0.000000	269577	ttl	1	71	n/a	n/a	n/a	n/a	n/a	n/a	n/a	n/a	n/a	n/a	n/a	n/a	n/a	n/a	n/a	n/a	n/a	n/a	n/a	n/a	n/a	1347.887448	n/a
1349.423554	0.000000	269885	ttl	2	71	n/a	n/a	n/a	n/a	n/a	n/a	n/a	n/a	n/a	n/a	n/a	n/a	n/a	n/a	n/a	n/a	n/a	n/a	n/a	n/a	n/a	1349.423554	n/a
1350.937366	0.000000	270187	ttl	4	71	n/a	n/a	n/a	n/a	n/a	n/a	n/a	n/a	n/a	n/a	n/a	n/a	n/a	n/a	n/a	n/a	n/a	n/a	n/a	n/a	n/a	1350.937366	n/a
1350.955174	0.000000	270191	ttl	11	71	n/a	n/a	n/a	n/a	n/a	n/a	n/a	n/a	n/a	n/a	n/a	n/a	n/a	n/a	n/a	n/a	n/a	n/a	n/a	n/a	n/a	1350.955174	n/a
1351.471788	1.533797	270294	scene_recognition	n/a	n/a	n/a	71.0	n/a	n/a	n/a	1350.95517425	n/a	1.1374267201172188	2	1	2	NB_29_frameA_foil.png	1	6	1354.14301175	0	2	n/a	n/a	intervals/recognition_table	1	1351.471788	1353.005585
1351.471788	0.000000	270294	ttl	1	71	n/a	n/a	n/a	n/a	n/a	n/a	n/a	n/a	n/a	n/a	n/a	n/a	n/a	n/a	n/a	n/a	n/a	n/a	n/a	n/a	n/a	1351.471788	n/a
1353.005585	0.000000	270601	ttl	2	71	n/a	n/a	n/a	n/a	n/a	n/a	n/a	n/a	n/a	n/a	n/a	n/a	n/a	n/a	n/a	n/a	n/a	n/a	n/a	n/a	n/a	1353.005585	n/a
1354.143012	0.000000	270829	ttl	4	71	n/a	n/a	n/a	n/a	n/a	n/a	n/a	n/a	n/a	n/a	n/a	n/a	n/a	n/a	n/a	n/a	n/a	n/a	n/a	n/a	n/a	1354.143012	n/a
1354.150803	0.000000	270830	ttl	11	71	n/a	n/a	n/a	n/a	n/a	n/a	n/a	n/a	n/a	n/a	n/a	n/a	n/a	n/a	n/a	n/a	n/a	n/a	n/a	n/a	n/a	1354.150803	n/a
1354.700692	1.533634	270940	scene_recognition	n/a	n/a	n/a	71.0	n/a	n/a	n/a	1354.150803	n/a	1.373067697742954	2	3	2	HB_6_frameA.png	2	3	1357.6073932499999	1	3	n/a	n/a	intervals/recognition_table	2	1354.700692	1356.234325
1354.700692	0.000000	270940	ttl	1	71	n/a	n/a	n/a	n/a	n/a	n/a	n/a	n/a	n/a	n/a	n/a	n/a	n/a	n/a	n/a	n/a	n/a	n/a	n/a	n/a	n/a	1354.700692	n/a
1356.234325	0.000000	271247	ttl	2	71	n/a	n/a	n/a	n/a	n/a	n/a	n/a	n/a	n/a	n/a	n/a	n/a	n/a	n/a	n/a	n/a	n/a	n/a	n/a	n/a	n/a	1356.234325	n/a
1357.607393	0.000000	271521	ttl	4	71	n/a	n/a	n/a	n/a	n/a	n/a	n/a	n/a	n/a	n/a	n/a	n/a	n/a	n/a	n/a	n/a	n/a	n/a	n/a	n/a	n/a	1357.607393	n/a
1357.628876	0.000000	271526	ttl	11	71	n/a	n/a	n/a	n/a	n/a	n/a	n/a	n/a	n/a	n/a	n/a	n/a	n/a	n/a	n/a	n/a	n/a	n/a	n/a	n/a	n/a	1357.628876	n/a
1358.145511	1.533544	271629	scene_recognition	n/a	n/a	n/a	71.0	n/a	n/a	n/a	1357.628876	n/a	1.5390730443177745	2	2	2	SB_1_frameA.png	2	3	1361.218128	1	4	n/a	n/a	intervals/recognition_table	3	1358.145511	1359.679055
1358.145511	0.000000	271629	ttl	1	71	n/a	n/a	n/a	n/a	n/a	n/a	n/a	n/a	n/a	n/a	n/a	n/a	n/a	n/a	n/a	n/a	n/a	n/a	n/a	n/a	n/a	1358.145511	n/a
1359.679055	0.000000	271936	ttl	2	71	n/a	n/a	n/a	n/a	n/a	n/a	n/a	n/a	n/a	n/a	n/a	n/a	n/a	n/a	n/a	n/a	n/a	n/a	n/a	n/a	n/a	1359.679055	n/a
1361.218128	0.000000	272244	ttl	4	71	n/a	n/a	n/a	n/a	n/a	n/a	n/a	n/a	n/a	n/a	n/a	n/a	n/a	n/a	n/a	n/a	n/a	n/a	n/a	n/a	n/a	1361.218128	n/a
1361.227108	0.000000	272245	ttl	11	71	n/a	n/a	n/a	n/a	n/a	n/a	n/a	n/a	n/a	n/a	n/a	n/a	n/a	n/a	n/a	n/a	n/a	n/a	n/a	n/a	n/a	1361.227108	n/a
1361.743731	1.533810	272349	scene_recognition	n/a	n/a	n/a	71.0	n/a	n/a	n/a	1361.22710825	n/a	0.0	1	3	0	HB_5_frameB.png	0	1	1363.278541	1	5	n/a	n/a	intervals/recognition_table	4	1361.743731	1363.277541
1361.743731	0.000000	272349	ttl	1	71	n/a	n/a	n/a	n/a	n/a	n/a	n/a	n/a	n/a	n/a	n/a	n/a	n/a	n/a	n/a	n/a	n/a	n/a	n/a	n/a	n/a	1361.743731	n/a
1363.277541	0.000000	272656	ttl	2	71	n/a	n/a	n/a	n/a	n/a	n/a	n/a	n/a	n/a	n/a	n/a	n/a	n/a	n/a	n/a	n/a	n/a	n/a	n/a	n/a	n/a	1363.277541	n/a
1364.782903	0.000000	272957	ttl	11	71	n/a	n/a	n/a	n/a	n/a	n/a	n/a	n/a	n/a	n/a	n/a	n/a	n/a	n/a	n/a	n/a	n/a	n/a	n/a	n/a	n/a	1364.782903	n/a
1365.299860	1.533355	273060	scene_recognition	n/a	n/a	n/a	71.0	n/a	n/a	n/a	1364.78290325	n/a	1.962512764846906	2	1	2	NB_29_frameB.png	2	3	1368.79572775	1	6	n/a	n/a	intervals/recognition_table	5	1365.299860	1366.833215
1365.299860	0.000000	273060	ttl	1	71	n/a	n/a	n/a	n/a	n/a	n/a	n/a	n/a	n/a	n/a	n/a	n/a	n/a	n/a	n/a	n/a	n/a	n/a	n/a	n/a	n/a	1365.299860	n/a
1366.833215	0.000000	273367	ttl	2	71	n/a	n/a	n/a	n/a	n/a	n/a	n/a	n/a	n/a	n/a	n/a	n/a	n/a	n/a	n/a	n/a	n/a	n/a	n/a	n/a	n/a	1366.833215	n/a
1368.795728	0.000000	273759	ttl	4	71	n/a	n/a	n/a	n/a	n/a	n/a	n/a	n/a	n/a	n/a	n/a	n/a	n/a	n/a	n/a	n/a	n/a	n/a	n/a	n/a	n/a	1368.795728	n/a
1368.809309	0.000000	273762	ttl	11	71	n/a	n/a	n/a	n/a	n/a	n/a	n/a	n/a	n/a	n/a	n/a	n/a	n/a	n/a	n/a	n/a	n/a	n/a	n/a	n/a	n/a	1368.809309	n/a
1369.325772	1.533585	273865	scene_recognition	n/a	n/a	n/a	71.0	n/a	n/a	n/a	1368.8093085	n/a	1.883429219480604	2	3	2	HB_1_frameB.png	2	3	1372.74278675	1	7	n/a	n/a	intervals/recognition_table	6	1369.325772	1370.859357
1369.325772	0.000000	273865	ttl	1	71	n/a	n/a	n/a	n/a	n/a	n/a	n/a	n/a	n/a	n/a	n/a	n/a	n/a	n/a	n/a	n/a	n/a	n/a	n/a	n/a	n/a	1369.325772	n/a
1370.859357	0.000000	274172	ttl	2	71	n/a	n/a	n/a	n/a	n/a	n/a	n/a	n/a	n/a	n/a	n/a	n/a	n/a	n/a	n/a	n/a	n/a	n/a	n/a	n/a	n/a	1370.859357	n/a
1372.742787	0.000000	274549	ttl	4	71	n/a	n/a	n/a	n/a	n/a	n/a	n/a	n/a	n/a	n/a	n/a	n/a	n/a	n/a	n/a	n/a	n/a	n/a	n/a	n/a	n/a	1372.742787	n/a
1372.744436	0.000000	274549	ttl	11	71	n/a	n/a	n/a	n/a	n/a	n/a	n/a	n/a	n/a	n/a	n/a	n/a	n/a	n/a	n/a	n/a	n/a	n/a	n/a	n/a	n/a	1372.744436	n/a
1373.278015	1.533490	274656	scene_recognition	n/a	n/a	n/a	71.0	n/a	n/a	n/a	1372.7444355	n/a	1.5214442567666993	2	2	2	SB_1_frameB.png	2	3	1376.3329495	1	8	n/a	n/a	intervals/recognition_table	7	1373.278015	1374.811505
1373.278015	0.000000	274656	ttl	1	71	n/a	n/a	n/a	n/a	n/a	n/a	n/a	n/a	n/a	n/a	n/a	n/a	n/a	n/a	n/a	n/a	n/a	n/a	n/a	n/a	n/a	1373.278015	n/a
1374.811505	0.000000	274962	ttl	2	71	n/a	n/a	n/a	n/a	n/a	n/a	n/a	n/a	n/a	n/a	n/a	n/a	n/a	n/a	n/a	n/a	n/a	n/a	n/a	n/a	n/a	1374.811505	n/a
1376.332950	0.000000	275267	ttl	4	71	n/a	n/a	n/a	n/a	n/a	n/a	n/a	n/a	n/a	n/a	n/a	n/a	n/a	n/a	n/a	n/a	n/a	n/a	n/a	n/a	n/a	1376.332950	n/a
1376.341481	0.000000	275268	ttl	11	71	n/a	n/a	n/a	n/a	n/a	n/a	n/a	n/a	n/a	n/a	n/a	n/a	n/a	n/a	n/a	n/a	n/a	n/a	n/a	n/a	n/a	1376.341481	n/a
1376.874757	1.533770	275375	scene_recognition	n/a	n/a	n/a	71.0	n/a	n/a	n/a	1376.34148125	n/a	0.7999666222603992	2	1	2	NB_21_frameA_foil.png	1	6	1379.20849275	0	9	n/a	n/a	intervals/recognition_table	8	1376.874757	1378.408526
1376.874757	0.000000	275375	ttl	1	71	n/a	n/a	n/a	n/a	n/a	n/a	n/a	n/a	n/a	n/a	n/a	n/a	n/a	n/a	n/a	n/a	n/a	n/a	n/a	n/a	n/a	1376.874757	n/a
1378.408526	0.000000	275682	ttl	2	71	n/a	n/a	n/a	n/a	n/a	n/a	n/a	n/a	n/a	n/a	n/a	n/a	n/a	n/a	n/a	n/a	n/a	n/a	n/a	n/a	n/a	1378.408526	n/a
1379.208493	0.000000	275842	ttl	4	71	n/a	n/a	n/a	n/a	n/a	n/a	n/a	n/a	n/a	n/a	n/a	n/a	n/a	n/a	n/a	n/a	n/a	n/a	n/a	n/a	n/a	1379.208493	n/a
1379.212924	0.000000	275843	ttl	11	71	n/a	n/a	n/a	n/a	n/a	n/a	n/a	n/a	n/a	n/a	n/a	n/a	n/a	n/a	n/a	n/a	n/a	n/a	n/a	n/a	n/a	1379.212924	n/a
1379.696144	1.533610	275939	scene_recognition	n/a	n/a	n/a	71.0	n/a	n/a	n/a	1379.2129237499998	n/a	1.6834146907785907	2	2	2	SB_8_frameB.png	2	3	1382.91316925	1	10	n/a	n/a	intervals/recognition_table	9	1379.696144	1381.229754
1379.696144	0.000000	275939	ttl	1	71	n/a	n/a	n/a	n/a	n/a	n/a	n/a	n/a	n/a	n/a	n/a	n/a	n/a	n/a	n/a	n/a	n/a	n/a	n/a	n/a	n/a	1379.696144	n/a
1381.229754	0.000000	276246	ttl	2	71	n/a	n/a	n/a	n/a	n/a	n/a	n/a	n/a	n/a	n/a	n/a	n/a	n/a	n/a	n/a	n/a	n/a	n/a	n/a	n/a	n/a	1381.229754	n/a
1382.913169	0.000000	276583	ttl	4	71	n/a	n/a	n/a	n/a	n/a	n/a	n/a	n/a	n/a	n/a	n/a	n/a	n/a	n/a	n/a	n/a	n/a	n/a	n/a	n/a	n/a	1382.913169	n/a
1382.925243	0.000000	276585	ttl	11	71	n/a	n/a	n/a	n/a	n/a	n/a	n/a	n/a	n/a	n/a	n/a	n/a	n/a	n/a	n/a	n/a	n/a	n/a	n/a	n/a	n/a	1382.925243	n/a
1383.475184	1.533764	276695	scene_recognition	n/a	n/a	n/a	71.0	n/a	n/a	n/a	1382.9252434999999	n/a	1.50721092405729	2	2	2	SB_3_frameB.png	2	3	1386.5161595	1	11	n/a	n/a	intervals/recognition_table	10	1383.475184	1385.008948
1383.475184	0.000000	276695	ttl	1	71	n/a	n/a	n/a	n/a	n/a	n/a	n/a	n/a	n/a	n/a	n/a	n/a	n/a	n/a	n/a	n/a	n/a	n/a	n/a	n/a	n/a	1383.475184	n/a
1385.008948	0.000000	277002	ttl	2	71	n/a	n/a	n/a	n/a	n/a	n/a	n/a	n/a	n/a	n/a	n/a	n/a	n/a	n/a	n/a	n/a	n/a	n/a	n/a	n/a	n/a	1385.008948	n/a
1386.516159	0.000000	277303	ttl	4	71	n/a	n/a	n/a	n/a	n/a	n/a	n/a	n/a	n/a	n/a	n/a	n/a	n/a	n/a	n/a	n/a	n/a	n/a	n/a	n/a	n/a	1386.516159	n/a
1386.524289	0.000000	277305	ttl	11	71	n/a	n/a	n/a	n/a	n/a	n/a	n/a	n/a	n/a	n/a	n/a	n/a	n/a	n/a	n/a	n/a	n/a	n/a	n/a	n/a	n/a	1386.524289	n/a
1387.057577	1.533811	277412	scene_recognition	n/a	n/a	n/a	71.0	n/a	n/a	n/a	1386.5242895	n/a	1.619563841028139	2	1	3	NB_13_frameB.png	2	2	1390.210952	1	12	n/a	n/a	intervals/recognition_table	11	1387.057577	1388.591388
1387.057577	0.000000	277412	ttl	1	71	n/a	n/a	n/a	n/a	n/a	n/a	n/a	n/a	n/a	n/a	n/a	n/a	n/a	n/a	n/a	n/a	n/a	n/a	n/a	n/a	n/a	1387.057577	n/a
1388.591388	0.000000	277718	ttl	2	71	n/a	n/a	n/a	n/a	n/a	n/a	n/a	n/a	n/a	n/a	n/a	n/a	n/a	n/a	n/a	n/a	n/a	n/a	n/a	n/a	n/a	1388.591388	n/a
1390.210952	0.000000	278042	ttl	4	71	n/a	n/a	n/a	n/a	n/a	n/a	n/a	n/a	n/a	n/a	n/a	n/a	n/a	n/a	n/a	n/a	n/a	n/a	n/a	n/a	n/a	1390.210952	n/a
1390.227408	0.000000	278045	ttl	11	71	n/a	n/a	n/a	n/a	n/a	n/a	n/a	n/a	n/a	n/a	n/a	n/a	n/a	n/a	n/a	n/a	n/a	n/a	n/a	n/a	n/a	1390.227408	n/a
1390.744146	1.533468	278149	scene_recognition	n/a	n/a	n/a	71.0	n/a	n/a	n/a	1390.2274085	n/a	1.9956666136858985	2	3	2	HB_4_frameA.png	2	3	1394.2732804999998	1	13	n/a	n/a	intervals/recognition_table	12	1390.744146	1392.277614
1390.744146	0.000000	278149	ttl	1	71	n/a	n/a	n/a	n/a	n/a	n/a	n/a	n/a	n/a	n/a	n/a	n/a	n/a	n/a	n/a	n/a	n/a	n/a	n/a	n/a	n/a	1390.744146	n/a
1392.277614	0.000000	278456	ttl	2	71	n/a	n/a	n/a	n/a	n/a	n/a	n/a	n/a	n/a	n/a	n/a	n/a	n/a	n/a	n/a	n/a	n/a	n/a	n/a	n/a	n/a	1392.277614	n/a
1394.273280	0.000000	278855	ttl	4	71	n/a	n/a	n/a	n/a	n/a	n/a	n/a	n/a	n/a	n/a	n/a	n/a	n/a	n/a	n/a	n/a	n/a	n/a	n/a	n/a	n/a	1394.273280	n/a
1394.276966	0.000000	278855	ttl	11	71	n/a	n/a	n/a	n/a	n/a	n/a	n/a	n/a	n/a	n/a	n/a	n/a	n/a	n/a	n/a	n/a	n/a	n/a	n/a	n/a	n/a	1394.276966	n/a
1394.810236	1.533657	278962	scene_recognition	n/a	n/a	n/a	71.0	n/a	n/a	n/a	1394.276966	n/a	0.0	1	1	0	NB_12_frameB_foil.png	0	1	1396.3448935	0	14	n/a	n/a	intervals/recognition_table	13	1394.810236	1396.343893
1394.810236	0.000000	278962	ttl	1	71	n/a	n/a	n/a	n/a	n/a	n/a	n/a	n/a	n/a	n/a	n/a	n/a	n/a	n/a	n/a	n/a	n/a	n/a	n/a	n/a	n/a	1394.810236	n/a
1396.343893	0.000000	279269	ttl	2	71	n/a	n/a	n/a	n/a	n/a	n/a	n/a	n/a	n/a	n/a	n/a	n/a	n/a	n/a	n/a	n/a	n/a	n/a	n/a	n/a	n/a	1396.343893	n/a
1398.605437	0.000000	279721	ttl	11	71	n/a	n/a	n/a	n/a	n/a	n/a	n/a	n/a	n/a	n/a	n/a	n/a	n/a	n/a	n/a	n/a	n/a	n/a	n/a	n/a	n/a	1398.605437	n/a
1399.105344	1.533815	279821	scene_recognition	n/a	n/a	n/a	71.0	n/a	n/a	n/a	1398.6054374999999	n/a	1.7129925893386826	2	2	2	SB_6_frameA.png	2	3	1402.352152	1	15	n/a	n/a	intervals/recognition_table	14	1399.105344	1400.639160
1399.105344	0.000000	279821	ttl	1	71	n/a	n/a	n/a	n/a	n/a	n/a	n/a	n/a	n/a	n/a	n/a	n/a	n/a	n/a	n/a	n/a	n/a	n/a	n/a	n/a	n/a	1399.105344	n/a
1400.639160	0.000000	280128	ttl	2	71	n/a	n/a	n/a	n/a	n/a	n/a	n/a	n/a	n/a	n/a	n/a	n/a	n/a	n/a	n/a	n/a	n/a	n/a	n/a	n/a	n/a	1400.639160	n/a
1402.352152	0.000000	280470	ttl	4	71	n/a	n/a	n/a	n/a	n/a	n/a	n/a	n/a	n/a	n/a	n/a	n/a	n/a	n/a	n/a	n/a	n/a	n/a	n/a	n/a	n/a	1402.352152	n/a
1402.367668	0.000000	280474	ttl	11	71	n/a	n/a	n/a	n/a	n/a	n/a	n/a	n/a	n/a	n/a	n/a	n/a	n/a	n/a	n/a	n/a	n/a	n/a	n/a	n/a	n/a	1402.367668	n/a
1402.850882	1.533549	280570	scene_recognition	n/a	n/a	n/a	71.0	n/a	n/a	n/a	1402.36766825	n/a	1.4895832303445786	2	2	2	SB_1_frameB_foil.png	1	6	1405.87401375	0	16	n/a	n/a	intervals/recognition_table	15	1402.850882	1404.384431
1402.850882	0.000000	280570	ttl	1	71	n/a	n/a	n/a	n/a	n/a	n/a	n/a	n/a	n/a	n/a	n/a	n/a	n/a	n/a	n/a	n/a	n/a	n/a	n/a	n/a	n/a	1402.850882	n/a
1404.384431	0.000000	280877	ttl	2	71	n/a	n/a	n/a	n/a	n/a	n/a	n/a	n/a	n/a	n/a	n/a	n/a	n/a	n/a	n/a	n/a	n/a	n/a	n/a	n/a	n/a	1404.384431	n/a
1405.874014	0.000000	281175	ttl	4	71	n/a	n/a	n/a	n/a	n/a	n/a	n/a	n/a	n/a	n/a	n/a	n/a	n/a	n/a	n/a	n/a	n/a	n/a	n/a	n/a	n/a	1405.874014	n/a
1405.885125	0.000000	281177	ttl	11	71	n/a	n/a	n/a	n/a	n/a	n/a	n/a	n/a	n/a	n/a	n/a	n/a	n/a	n/a	n/a	n/a	n/a	n/a	n/a	n/a	n/a	1405.885125	n/a
1406.351752	1.533638	281270	scene_recognition	n/a	n/a	n/a	71.0	n/a	n/a	n/a	1405.885125	n/a	1.1980379393789917	2	3	2	HB_9_frameA_foil.png	1	6	1409.0834272499999	0	17	n/a	n/a	intervals/recognition_table	16	1406.351752	1407.885389
1406.351752	0.000000	281270	ttl	1	71	n/a	n/a	n/a	n/a	n/a	n/a	n/a	n/a	n/a	n/a	n/a	n/a	n/a	n/a	n/a	n/a	n/a	n/a	n/a	n/a	n/a	1406.351752	n/a
1407.885389	0.000000	281577	ttl	2	71	n/a	n/a	n/a	n/a	n/a	n/a	n/a	n/a	n/a	n/a	n/a	n/a	n/a	n/a	n/a	n/a	n/a	n/a	n/a	n/a	n/a	1407.885389	n/a
1409.083427	0.000000	281817	ttl	4	71	n/a	n/a	n/a	n/a	n/a	n/a	n/a	n/a	n/a	n/a	n/a	n/a	n/a	n/a	n/a	n/a	n/a	n/a	n/a	n/a	n/a	1409.083427	n/a
1409.093254	0.000000	281819	ttl	11	71	n/a	n/a	n/a	n/a	n/a	n/a	n/a	n/a	n/a	n/a	n/a	n/a	n/a	n/a	n/a	n/a	n/a	n/a	n/a	n/a	n/a	1409.093254	n/a
1409.593173	1.533700	281919	scene_recognition	n/a	n/a	n/a	71.0	n/a	n/a	n/a	1409.09325425	n/a	1.4883254684973508	2	3	2	HB_4_frameB_foil.png	1	6	1412.6151985	0	18	n/a	n/a	intervals/recognition_table	17	1409.593173	1411.126873
1409.593173	0.000000	281919	ttl	1	71	n/a	n/a	n/a	n/a	n/a	n/a	n/a	n/a	n/a	n/a	n/a	n/a	n/a	n/a	n/a	n/a	n/a	n/a	n/a	n/a	n/a	1409.593173	n/a
1411.126873	0.000000	282225	ttl	2	71	n/a	n/a	n/a	n/a	n/a	n/a	n/a	n/a	n/a	n/a	n/a	n/a	n/a	n/a	n/a	n/a	n/a	n/a	n/a	n/a	n/a	1411.126873	n/a
1412.615198	0.000000	282523	ttl	4	71	n/a	n/a	n/a	n/a	n/a	n/a	n/a	n/a	n/a	n/a	n/a	n/a	n/a	n/a	n/a	n/a	n/a	n/a	n/a	n/a	n/a	1412.615198	n/a
1412.632955	0.000000	282527	ttl	11	71	n/a	n/a	n/a	n/a	n/a	n/a	n/a	n/a	n/a	n/a	n/a	n/a	n/a	n/a	n/a	n/a	n/a	n/a	n/a	n/a	n/a	1412.632955	n/a
1413.166314	1.533574	282633	scene_recognition	n/a	n/a	n/a	71.0	n/a	n/a	n/a	1412.632955	n/a	1.45935233309865	2	2	2	SB_1_frameB.png	2	3	1416.15924	1	19	n/a	n/a	intervals/recognition_table	18	1413.166314	1414.699887
1413.166314	0.000000	282633	ttl	1	71	n/a	n/a	n/a	n/a	n/a	n/a	n/a	n/a	n/a	n/a	n/a	n/a	n/a	n/a	n/a	n/a	n/a	n/a	n/a	n/a	n/a	1413.166314	n/a
1414.699887	0.000000	282940	ttl	2	71	n/a	n/a	n/a	n/a	n/a	n/a	n/a	n/a	n/a	n/a	n/a	n/a	n/a	n/a	n/a	n/a	n/a	n/a	n/a	n/a	n/a	1414.699887	n/a
1416.159240	0.000000	283232	ttl	4	71	n/a	n/a	n/a	n/a	n/a	n/a	n/a	n/a	n/a	n/a	n/a	n/a	n/a	n/a	n/a	n/a	n/a	n/a	n/a	n/a	n/a	1416.159240	n/a
1416.176798	0.000000	283235	ttl	11	71	n/a	n/a	n/a	n/a	n/a	n/a	n/a	n/a	n/a	n/a	n/a	n/a	n/a	n/a	n/a	n/a	n/a	n/a	n/a	n/a	n/a	1416.176798	n/a
1416.626801	1.533551	283325	scene_recognition	n/a	n/a	n/a	71.0	n/a	n/a	n/a	1416.1767977499999	n/a	0.988130345242098	2	1	3	NB_16_frameA.png	2	2	1419.14848225	1	20	n/a	n/a	intervals/recognition_table	19	1416.626801	1418.160352
1416.626801	0.000000	283325	ttl	1	71	n/a	n/a	n/a	n/a	n/a	n/a	n/a	n/a	n/a	n/a	n/a	n/a	n/a	n/a	n/a	n/a	n/a	n/a	n/a	n/a	n/a	1416.626801	n/a
1418.160352	0.000000	283632	ttl	2	71	n/a	n/a	n/a	n/a	n/a	n/a	n/a	n/a	n/a	n/a	n/a	n/a	n/a	n/a	n/a	n/a	n/a	n/a	n/a	n/a	n/a	1418.160352	n/a
1419.148482	0.000000	283830	ttl	4	71	n/a	n/a	n/a	n/a	n/a	n/a	n/a	n/a	n/a	n/a	n/a	n/a	n/a	n/a	n/a	n/a	n/a	n/a	n/a	n/a	n/a	1419.148482	n/a
1419.163294	0.000000	283833	ttl	11	71	n/a	n/a	n/a	n/a	n/a	n/a	n/a	n/a	n/a	n/a	n/a	n/a	n/a	n/a	n/a	n/a	n/a	n/a	n/a	n/a	n/a	1419.163294	n/a
1419.679803	1.533848	283936	scene_recognition	n/a	n/a	n/a	71.0	n/a	n/a	n/a	1419.163294	n/a	1.211249008309096	2	1	3	NB_30_frameB_foil.png	1	7	1422.4249	0	21	n/a	n/a	intervals/recognition_table	20	1419.679803	1421.213651
1419.679803	0.000000	283936	ttl	1	71	n/a	n/a	n/a	n/a	n/a	n/a	n/a	n/a	n/a	n/a	n/a	n/a	n/a	n/a	n/a	n/a	n/a	n/a	n/a	n/a	n/a	1419.679803	n/a
1421.213651	0.000000	284243	ttl	2	71	n/a	n/a	n/a	n/a	n/a	n/a	n/a	n/a	n/a	n/a	n/a	n/a	n/a	n/a	n/a	n/a	n/a	n/a	n/a	n/a	n/a	1421.213651	n/a
1422.424900	0.000000	284485	ttl	4	71	n/a	n/a	n/a	n/a	n/a	n/a	n/a	n/a	n/a	n/a	n/a	n/a	n/a	n/a	n/a	n/a	n/a	n/a	n/a	n/a	n/a	1422.424900	n/a
1422.429048	0.000000	284486	ttl	11	71	n/a	n/a	n/a	n/a	n/a	n/a	n/a	n/a	n/a	n/a	n/a	n/a	n/a	n/a	n/a	n/a	n/a	n/a	n/a	n/a	n/a	1422.429048	n/a
1422.962312	1.533729	284592	scene_recognition	n/a	n/a	n/a	71.0	n/a	n/a	n/a	1422.4290485	n/a	1.341818394139409	2	3	2	HB_9_frameB_foil.png	1	6	1425.83785975	0	22	n/a	n/a	intervals/recognition_table	21	1422.962312	1424.496042
1422.962312	0.000000	284592	ttl	1	71	n/a	n/a	n/a	n/a	n/a	n/a	n/a	n/a	n/a	n/a	n/a	n/a	n/a	n/a	n/a	n/a	n/a	n/a	n/a	n/a	n/a	1422.962312	n/a
1424.496042	0.000000	284899	ttl	2	71	n/a	n/a	n/a	n/a	n/a	n/a	n/a	n/a	n/a	n/a	n/a	n/a	n/a	n/a	n/a	n/a	n/a	n/a	n/a	n/a	n/a	1424.496042	n/a
1425.837860	0.000000	285168	ttl	4	71	n/a	n/a	n/a	n/a	n/a	n/a	n/a	n/a	n/a	n/a	n/a	n/a	n/a	n/a	n/a	n/a	n/a	n/a	n/a	n/a	n/a	1425.837860	n/a
1425.846243	0.000000	285169	ttl	11	71	n/a	n/a	n/a	n/a	n/a	n/a	n/a	n/a	n/a	n/a	n/a	n/a	n/a	n/a	n/a	n/a	n/a	n/a	n/a	n/a	n/a	1425.846243	n/a
1426.346261	1.533673	285269	scene_recognition	n/a	n/a	n/a	71.0	n/a	n/a	n/a	1425.8462427499999	n/a	1.1390884758438915	2	3	2	HB_7_frameA.png	2	3	1429.0190225	1	23	n/a	n/a	intervals/recognition_table	22	1426.346261	1427.879934
1426.346261	0.000000	285269	ttl	1	71	n/a	n/a	n/a	n/a	n/a	n/a	n/a	n/a	n/a	n/a	n/a	n/a	n/a	n/a	n/a	n/a	n/a	n/a	n/a	n/a	n/a	1426.346261	n/a
1427.879934	0.000000	285576	ttl	2	71	n/a	n/a	n/a	n/a	n/a	n/a	n/a	n/a	n/a	n/a	n/a	n/a	n/a	n/a	n/a	n/a	n/a	n/a	n/a	n/a	n/a	1427.879934	n/a
1429.019022	0.000000	285804	ttl	4	71	n/a	n/a	n/a	n/a	n/a	n/a	n/a	n/a	n/a	n/a	n/a	n/a	n/a	n/a	n/a	n/a	n/a	n/a	n/a	n/a	n/a	1429.019022	n/a
1429.031157	0.000000	285806	ttl	11	71	n/a	n/a	n/a	n/a	n/a	n/a	n/a	n/a	n/a	n/a	n/a	n/a	n/a	n/a	n/a	n/a	n/a	n/a	n/a	n/a	n/a	1429.031157	n/a
1429.597797	1.533479	285920	scene_recognition	n/a	n/a	n/a	71.0	n/a	n/a	n/a	1429.031157	n/a	1.0439217733219266	2	1	3	NB_28_frameA.png	2	2	1432.175197	1	24	n/a	n/a	intervals/recognition_table	23	1429.597797	1431.131275
1429.597797	0.000000	285920	ttl	1	71	n/a	n/a	n/a	n/a	n/a	n/a	n/a	n/a	n/a	n/a	n/a	n/a	n/a	n/a	n/a	n/a	n/a	n/a	n/a	n/a	n/a	1429.597797	n/a
1431.131275	0.000000	286226	ttl	2	71	n/a	n/a	n/a	n/a	n/a	n/a	n/a	n/a	n/a	n/a	n/a	n/a	n/a	n/a	n/a	n/a	n/a	n/a	n/a	n/a	n/a	1431.131275	n/a
1432.175197	0.000000	286435	ttl	4	71	n/a	n/a	n/a	n/a	n/a	n/a	n/a	n/a	n/a	n/a	n/a	n/a	n/a	n/a	n/a	n/a	n/a	n/a	n/a	n/a	n/a	1432.175197	n/a
1432.212215	0.000000	286442	ttl	11	71	n/a	n/a	n/a	n/a	n/a	n/a	n/a	n/a	n/a	n/a	n/a	n/a	n/a	n/a	n/a	n/a	n/a	n/a	n/a	n/a	n/a	1432.212215	n/a
1432.778804	1.533518	286556	scene_recognition	n/a	n/a	n/a	71.0	n/a	n/a	n/a	1432.212215	n/a	2.2471534373471513	2	3	2	HB_2_frameA.png	2	3	1436.5594752499999	1	25	n/a	n/a	intervals/recognition_table	24	1432.778804	1434.312322
1432.778804	0.000000	286556	ttl	1	71	n/a	n/a	n/a	n/a	n/a	n/a	n/a	n/a	n/a	n/a	n/a	n/a	n/a	n/a	n/a	n/a	n/a	n/a	n/a	n/a	n/a	1432.778804	n/a
1434.312322	0.000000	286862	ttl	2	71	n/a	n/a	n/a	n/a	n/a	n/a	n/a	n/a	n/a	n/a	n/a	n/a	n/a	n/a	n/a	n/a	n/a	n/a	n/a	n/a	n/a	1434.312322	n/a
1436.559475	0.000000	287312	ttl	4	71	n/a	n/a	n/a	n/a	n/a	n/a	n/a	n/a	n/a	n/a	n/a	n/a	n/a	n/a	n/a	n/a	n/a	n/a	n/a	n/a	n/a	1436.559475	n/a
1436.568723	0.000000	287314	ttl	11	71	n/a	n/a	n/a	n/a	n/a	n/a	n/a	n/a	n/a	n/a	n/a	n/a	n/a	n/a	n/a	n/a	n/a	n/a	n/a	n/a	n/a	1436.568723	n/a
1437.118652	1.533671	287424	scene_recognition	n/a	n/a	n/a	71.0	n/a	n/a	n/a	1436.56872325	n/a	1.3233479184564203	2	2	2	SB_3_frameA.png	2	3	1439.975671	1	26	n/a	n/a	intervals/recognition_table	25	1437.118652	1438.652323
1437.118652	0.000000	287424	ttl	1	71	n/a	n/a	n/a	n/a	n/a	n/a	n/a	n/a	n/a	n/a	n/a	n/a	n/a	n/a	n/a	n/a	n/a	n/a	n/a	n/a	n/a	1437.118652	n/a
1438.652323	0.000000	287730	ttl	2	71	n/a	n/a	n/a	n/a	n/a	n/a	n/a	n/a	n/a	n/a	n/a	n/a	n/a	n/a	n/a	n/a	n/a	n/a	n/a	n/a	n/a	1438.652323	n/a
1439.975671	0.000000	287995	ttl	4	71	n/a	n/a	n/a	n/a	n/a	n/a	n/a	n/a	n/a	n/a	n/a	n/a	n/a	n/a	n/a	n/a	n/a	n/a	n/a	n/a	n/a	1439.975671	n/a
1439.991456	0.000000	287998	ttl	11	71	n/a	n/a	n/a	n/a	n/a	n/a	n/a	n/a	n/a	n/a	n/a	n/a	n/a	n/a	n/a	n/a	n/a	n/a	n/a	n/a	n/a	1439.991456	n/a
1440.458101	1.533598	288092	scene_recognition	n/a	n/a	n/a	71.0	n/a	n/a	n/a	1439.9914562499998	n/a	1.6106655516196042	2	3	2	HB_2_frameB_foil.png	1	6	1443.602365	0	27	n/a	n/a	intervals/recognition_table	26	1440.458101	1441.991699
1440.458101	0.000000	288092	ttl	1	71	n/a	n/a	n/a	n/a	n/a	n/a	n/a	n/a	n/a	n/a	n/a	n/a	n/a	n/a	n/a	n/a	n/a	n/a	n/a	n/a	n/a	1440.458101	n/a
1441.991699	0.000000	288398	ttl	2	71	n/a	n/a	n/a	n/a	n/a	n/a	n/a	n/a	n/a	n/a	n/a	n/a	n/a	n/a	n/a	n/a	n/a	n/a	n/a	n/a	n/a	1441.991699	n/a
1443.602365	0.000000	288720	ttl	4	71	n/a	n/a	n/a	n/a	n/a	n/a	n/a	n/a	n/a	n/a	n/a	n/a	n/a	n/a	n/a	n/a	n/a	n/a	n/a	n/a	n/a	1443.602365	n/a
1443.616822	0.000000	288723	ttl	11	71	n/a	n/a	n/a	n/a	n/a	n/a	n/a	n/a	n/a	n/a	n/a	n/a	n/a	n/a	n/a	n/a	n/a	n/a	n/a	n/a	n/a	1443.616822	n/a
1444.116669	1.533666	288823	scene_recognition	n/a	n/a	n/a	71.0	n/a	n/a	n/a	1443.61682225	n/a	1.6363088509533554	2	1	3	NB_24_frameB_foil.png	1	7	1447.2866442499999	0	28	n/a	n/a	intervals/recognition_table	27	1444.116669	1445.650335
1444.116669	0.000000	288823	ttl	1	71	n/a	n/a	n/a	n/a	n/a	n/a	n/a	n/a	n/a	n/a	n/a	n/a	n/a	n/a	n/a	n/a	n/a	n/a	n/a	n/a	n/a	1444.116669	n/a
1445.650335	0.000000	289130	ttl	2	71	n/a	n/a	n/a	n/a	n/a	n/a	n/a	n/a	n/a	n/a	n/a	n/a	n/a	n/a	n/a	n/a	n/a	n/a	n/a	n/a	n/a	1445.650335	n/a
1447.286644	0.000000	289457	ttl	4	71	n/a	n/a	n/a	n/a	n/a	n/a	n/a	n/a	n/a	n/a	n/a	n/a	n/a	n/a	n/a	n/a	n/a	n/a	n/a	n/a	n/a	1447.286644	n/a
1447.299906	0.000000	289460	ttl	11	71	n/a	n/a	n/a	n/a	n/a	n/a	n/a	n/a	n/a	n/a	n/a	n/a	n/a	n/a	n/a	n/a	n/a	n/a	n/a	n/a	n/a	1447.299906	n/a
1447.833281	1.533549	289567	scene_recognition	n/a	n/a	n/a	71.0	n/a	n/a	n/a	1447.2999055	n/a	1.5745994340395555	2	2	2	SB_9_frameB_foil.png	1	6	1450.9414295	0	29	n/a	n/a	intervals/recognition_table	28	1447.833281	1449.366830
1447.833281	0.000000	289567	ttl	1	71	n/a	n/a	n/a	n/a	n/a	n/a	n/a	n/a	n/a	n/a	n/a	n/a	n/a	n/a	n/a	n/a	n/a	n/a	n/a	n/a	n/a	1447.833281	n/a
1449.366830	0.000000	289873	ttl	2	71	n/a	n/a	n/a	n/a	n/a	n/a	n/a	n/a	n/a	n/a	n/a	n/a	n/a	n/a	n/a	n/a	n/a	n/a	n/a	n/a	n/a	1449.366830	n/a
1450.941429	0.000000	290188	ttl	4	71	n/a	n/a	n/a	n/a	n/a	n/a	n/a	n/a	n/a	n/a	n/a	n/a	n/a	n/a	n/a	n/a	n/a	n/a	n/a	n/a	n/a	1450.941429	n/a
1450.954938	0.000000	290191	ttl	11	71	n/a	n/a	n/a	n/a	n/a	n/a	n/a	n/a	n/a	n/a	n/a	n/a	n/a	n/a	n/a	n/a	n/a	n/a	n/a	n/a	n/a	1450.954938	n/a
1451.421488	1.533759	290284	scene_recognition	n/a	n/a	n/a	71.0	n/a	n/a	n/a	1450.95493775	n/a	1.4940906357951462	2	3	2	HB_5_frameA_foil.png	1	6	1454.4493372499999	0	30	n/a	n/a	intervals/recognition_table	29	1451.421488	1452.955247
1451.421488	0.000000	290284	ttl	1	71	n/a	n/a	n/a	n/a	n/a	n/a	n/a	n/a	n/a	n/a	n/a	n/a	n/a	n/a	n/a	n/a	n/a	n/a	n/a	n/a	n/a	1451.421488	n/a
1452.955247	0.000000	290591	ttl	2	71	n/a	n/a	n/a	n/a	n/a	n/a	n/a	n/a	n/a	n/a	n/a	n/a	n/a	n/a	n/a	n/a	n/a	n/a	n/a	n/a	n/a	1452.955247	n/a
1454.449337	0.000000	290890	ttl	4	71	n/a	n/a	n/a	n/a	n/a	n/a	n/a	n/a	n/a	n/a	n/a	n/a	n/a	n/a	n/a	n/a	n/a	n/a	n/a	n/a	n/a	1454.449337	n/a
1454.457370	0.000000	290891	ttl	11	71	n/a	n/a	n/a	n/a	n/a	n/a	n/a	n/a	n/a	n/a	n/a	n/a	n/a	n/a	n/a	n/a	n/a	n/a	n/a	n/a	n/a	1454.457370	n/a
1455.007320	1.533719	291001	scene_recognition	n/a	n/a	n/a	71.0	n/a	n/a	n/a	1454.45737025	n/a	0.8407444212352857	2	1	3	NB_11_frameB.png	2	2	1457.38178325	1	31	n/a	n/a	intervals/recognition_table	30	1455.007320	1456.541039
1455.007320	0.000000	291001	ttl	1	71	n/a	n/a	n/a	n/a	n/a	n/a	n/a	n/a	n/a	n/a	n/a	n/a	n/a	n/a	n/a	n/a	n/a	n/a	n/a	n/a	n/a	1455.007320	n/a
1456.541039	0.000000	291308	ttl	2	71	n/a	n/a	n/a	n/a	n/a	n/a	n/a	n/a	n/a	n/a	n/a	n/a	n/a	n/a	n/a	n/a	n/a	n/a	n/a	n/a	n/a	1456.541039	n/a
1457.381783	0.000000	291476	ttl	4	71	n/a	n/a	n/a	n/a	n/a	n/a	n/a	n/a	n/a	n/a	n/a	n/a	n/a	n/a	n/a	n/a	n/a	n/a	n/a	n/a	n/a	1457.381783	n/a
1457.384588	0.000000	291477	ttl	11	71	n/a	n/a	n/a	n/a	n/a	n/a	n/a	n/a	n/a	n/a	n/a	n/a	n/a	n/a	n/a	n/a	n/a	n/a	n/a	n/a	n/a	1457.384588	n/a
1457.867872	1.533649	291574	scene_recognition	n/a	n/a	n/a	71.0	n/a	n/a	n/a	1457.38458825	n/a	2.4664178823586553	2	3	2	HB_1_frameA.png	2	3	1461.8679395	1	32	n/a	n/a	intervals/recognition_table	31	1457.867872	1459.401521
1457.867872	0.000000	291574	ttl	1	71	n/a	n/a	n/a	n/a	n/a	n/a	n/a	n/a	n/a	n/a	n/a	n/a	n/a	n/a	n/a	n/a	n/a	n/a	n/a	n/a	n/a	1457.867872	n/a
1459.401521	0.000000	291880	ttl	2	71	n/a	n/a	n/a	n/a	n/a	n/a	n/a	n/a	n/a	n/a	n/a	n/a	n/a	n/a	n/a	n/a	n/a	n/a	n/a	n/a	n/a	1459.401521	n/a
1461.867939	0.000000	292374	ttl	4	71	n/a	n/a	n/a	n/a	n/a	n/a	n/a	n/a	n/a	n/a	n/a	n/a	n/a	n/a	n/a	n/a	n/a	n/a	n/a	n/a	n/a	1461.867939	n/a
1461.877479	0.000000	292375	ttl	11	71	n/a	n/a	n/a	n/a	n/a	n/a	n/a	n/a	n/a	n/a	n/a	n/a	n/a	n/a	n/a	n/a	n/a	n/a	n/a	n/a	n/a	1461.877479	n/a
1462.394126	1.533451	292479	scene_recognition	n/a	n/a	n/a	71.0	n/a	n/a	n/a	1461.8774792499999	n/a	1.6649960649665445	2	3	2	HB_2_frameB_foil.png	1	6	1465.5925725	0	33	n/a	n/a	intervals/recognition_table	32	1462.394126	1463.927576
1462.394126	0.000000	292479	ttl	1	71	n/a	n/a	n/a	n/a	n/a	n/a	n/a	n/a	n/a	n/a	n/a	n/a	n/a	n/a	n/a	n/a	n/a	n/a	n/a	n/a	n/a	1462.394126	n/a
1463.927576	0.000000	292786	ttl	2	71	n/a	n/a	n/a	n/a	n/a	n/a	n/a	n/a	n/a	n/a	n/a	n/a	n/a	n/a	n/a	n/a	n/a	n/a	n/a	n/a	n/a	1463.927576	n/a
1465.592572	0.000000	293119	ttl	4	71	n/a	n/a	n/a	n/a	n/a	n/a	n/a	n/a	n/a	n/a	n/a	n/a	n/a	n/a	n/a	n/a	n/a	n/a	n/a	n/a	n/a	1465.592572	n/a
1465.609066	0.000000	293122	ttl	11	71	n/a	n/a	n/a	n/a	n/a	n/a	n/a	n/a	n/a	n/a	n/a	n/a	n/a	n/a	n/a	n/a	n/a	n/a	n/a	n/a	n/a	1465.609066	n/a
1466.092357	1.533850	293218	scene_recognition	n/a	n/a	n/a	71.0	n/a	n/a	n/a	1465.6090665	n/a	1.5283552104374394	2	3	2	HB_1_frameA.png	2	3	1469.1545624999999	1	34	n/a	n/a	intervals/recognition_table	33	1466.092357	1467.626207
1466.092357	0.000000	293218	ttl	1	71	n/a	n/a	n/a	n/a	n/a	n/a	n/a	n/a	n/a	n/a	n/a	n/a	n/a	n/a	n/a	n/a	n/a	n/a	n/a	n/a	n/a	1466.092357	n/a
1467.626207	0.000000	293525	ttl	2	71	n/a	n/a	n/a	n/a	n/a	n/a	n/a	n/a	n/a	n/a	n/a	n/a	n/a	n/a	n/a	n/a	n/a	n/a	n/a	n/a	n/a	1467.626207	n/a
1469.154562	0.000000	293831	ttl	4	71	n/a	n/a	n/a	n/a	n/a	n/a	n/a	n/a	n/a	n/a	n/a	n/a	n/a	n/a	n/a	n/a	n/a	n/a	n/a	n/a	n/a	1469.154562	n/a
1469.167298	0.000000	293833	ttl	11	71	n/a	n/a	n/a	n/a	n/a	n/a	n/a	n/a	n/a	n/a	n/a	n/a	n/a	n/a	n/a	n/a	n/a	n/a	n/a	n/a	n/a	1469.167298	n/a
1469.683804	1.533638	293937	scene_recognition	n/a	n/a	n/a	71.0	n/a	n/a	n/a	1469.16729825	n/a	1.4919098919490352	2	1	3	NB_24_frameA.png	2	2	1472.7093515	1	35	n/a	n/a	intervals/recognition_table	34	1469.683804	1471.217441
1469.683804	0.000000	293937	ttl	1	71	n/a	n/a	n/a	n/a	n/a	n/a	n/a	n/a	n/a	n/a	n/a	n/a	n/a	n/a	n/a	n/a	n/a	n/a	n/a	n/a	n/a	1469.683804	n/a
1471.217441	0.000000	294243	ttl	2	71	n/a	n/a	n/a	n/a	n/a	n/a	n/a	n/a	n/a	n/a	n/a	n/a	n/a	n/a	n/a	n/a	n/a	n/a	n/a	n/a	n/a	1471.217441	n/a
1472.709351	0.000000	294542	ttl	4	71	n/a	n/a	n/a	n/a	n/a	n/a	n/a	n/a	n/a	n/a	n/a	n/a	n/a	n/a	n/a	n/a	n/a	n/a	n/a	n/a	n/a	1472.709351	n/a
1472.728214	0.000000	294546	ttl	11	71	n/a	n/a	n/a	n/a	n/a	n/a	n/a	n/a	n/a	n/a	n/a	n/a	n/a	n/a	n/a	n/a	n/a	n/a	n/a	n/a	n/a	1472.728214	n/a
1473.244709	1.533652	294649	scene_recognition	n/a	n/a	n/a	71.0	n/a	n/a	n/a	1472.728214	n/a	0.9230081834830344	2	1	3	NB_3_frameA_foil.png	1	7	1475.70136975	0	36	n/a	n/a	intervals/recognition_table	35	1473.244709	1474.778361
1473.244709	0.000000	294649	ttl	1	71	n/a	n/a	n/a	n/a	n/a	n/a	n/a	n/a	n/a	n/a	n/a	n/a	n/a	n/a	n/a	n/a	n/a	n/a	n/a	n/a	n/a	1473.244709	n/a
1474.778361	0.000000	294956	ttl	2	71	n/a	n/a	n/a	n/a	n/a	n/a	n/a	n/a	n/a	n/a	n/a	n/a	n/a	n/a	n/a	n/a	n/a	n/a	n/a	n/a	n/a	1474.778361	n/a
1475.701370	0.000000	295140	ttl	4	71	n/a	n/a	n/a	n/a	n/a	n/a	n/a	n/a	n/a	n/a	n/a	n/a	n/a	n/a	n/a	n/a	n/a	n/a	n/a	n/a	n/a	1475.701370	n/a
1475.710588	0.000000	295142	ttl	11	71	n/a	n/a	n/a	n/a	n/a	n/a	n/a	n/a	n/a	n/a	n/a	n/a	n/a	n/a	n/a	n/a	n/a	n/a	n/a	n/a	n/a	1475.710588	n/a
1476.227241	1.533469	295245	scene_recognition	n/a	n/a	n/a	71.0	n/a	n/a	n/a	1475.7105884999999	n/a	1.4414055778179318	2	3	2	HB_9_frameB.png	2	3	1479.2021157499998	1	37	n/a	n/a	intervals/recognition_table	36	1476.227241	1477.760710
1476.227241	0.000000	295245	ttl	1	71	n/a	n/a	n/a	n/a	n/a	n/a	n/a	n/a	n/a	n/a	n/a	n/a	n/a	n/a	n/a	n/a	n/a	n/a	n/a	n/a	n/a	1476.227241	n/a
1477.760710	0.000000	295552	ttl	2	71	n/a	n/a	n/a	n/a	n/a	n/a	n/a	n/a	n/a	n/a	n/a	n/a	n/a	n/a	n/a	n/a	n/a	n/a	n/a	n/a	n/a	1477.760710	n/a
1479.202116	0.000000	295840	ttl	4	71	n/a	n/a	n/a	n/a	n/a	n/a	n/a	n/a	n/a	n/a	n/a	n/a	n/a	n/a	n/a	n/a	n/a	n/a	n/a	n/a	n/a	1479.202116	n/a
1479.208485	0.000000	295842	ttl	11	71	n/a	n/a	n/a	n/a	n/a	n/a	n/a	n/a	n/a	n/a	n/a	n/a	n/a	n/a	n/a	n/a	n/a	n/a	n/a	n/a	n/a	1479.208485	n/a
1479.725056	1.533624	295945	scene_recognition	n/a	n/a	n/a	71.0	n/a	n/a	n/a	1479.2084854999998	n/a	1.4879575392697006	2	2	2	SB_4_frameA.png	2	3	1482.7466375	1	38	n/a	n/a	intervals/recognition_table	37	1479.725056	1481.258680
1479.725056	0.000000	295945	ttl	1	71	n/a	n/a	n/a	n/a	n/a	n/a	n/a	n/a	n/a	n/a	n/a	n/a	n/a	n/a	n/a	n/a	n/a	n/a	n/a	n/a	n/a	1479.725056	n/a
1481.258680	0.000000	296252	ttl	2	71	n/a	n/a	n/a	n/a	n/a	n/a	n/a	n/a	n/a	n/a	n/a	n/a	n/a	n/a	n/a	n/a	n/a	n/a	n/a	n/a	n/a	1481.258680	n/a
1482.746637	0.000000	296549	ttl	4	71	n/a	n/a	n/a	n/a	n/a	n/a	n/a	n/a	n/a	n/a	n/a	n/a	n/a	n/a	n/a	n/a	n/a	n/a	n/a	n/a	n/a	1482.746637	n/a
1482.760251	0.000000	296552	ttl	11	71	n/a	n/a	n/a	n/a	n/a	n/a	n/a	n/a	n/a	n/a	n/a	n/a	n/a	n/a	n/a	n/a	n/a	n/a	n/a	n/a	n/a	1482.760251	n/a
1483.276909	1.533359	296655	scene_recognition	n/a	n/a	n/a	71.0	n/a	n/a	n/a	1482.7602507499998	n/a	1.5297475691186264	2	1	3	NB_19_frameA_foil.png	1	7	1486.340015	0	39	n/a	n/a	intervals/recognition_table	38	1483.276909	1484.810268
1483.276909	0.000000	296655	ttl	1	71	n/a	n/a	n/a	n/a	n/a	n/a	n/a	n/a	n/a	n/a	n/a	n/a	n/a	n/a	n/a	n/a	n/a	n/a	n/a	n/a	n/a	1483.276909	n/a
1484.810268	0.000000	296962	ttl	2	71	n/a	n/a	n/a	n/a	n/a	n/a	n/a	n/a	n/a	n/a	n/a	n/a	n/a	n/a	n/a	n/a	n/a	n/a	n/a	n/a	n/a	1484.810268	n/a
1486.340015	0.000000	297268	ttl	4	71	n/a	n/a	n/a	n/a	n/a	n/a	n/a	n/a	n/a	n/a	n/a	n/a	n/a	n/a	n/a	n/a	n/a	n/a	n/a	n/a	n/a	1486.340015	n/a
1486.351567	0.000000	297270	ttl	11	71	n/a	n/a	n/a	n/a	n/a	n/a	n/a	n/a	n/a	n/a	n/a	n/a	n/a	n/a	n/a	n/a	n/a	n/a	n/a	n/a	n/a	1486.351567	n/a
1486.868232	1.533530	297374	scene_recognition	n/a	n/a	n/a	71.0	n/a	n/a	n/a	1486.3515667499998	n/a	1.5223238604376093	2	1	3	NB_11_frameA_foil.png	1	7	1489.9240862499998	0	40	n/a	n/a	intervals/recognition_table	39	1486.868232	1488.401762
1486.868232	0.000000	297374	ttl	1	71	n/a	n/a	n/a	n/a	n/a	n/a	n/a	n/a	n/a	n/a	n/a	n/a	n/a	n/a	n/a	n/a	n/a	n/a	n/a	n/a	n/a	1486.868232	n/a
1488.401762	0.000000	297680	ttl	2	71	n/a	n/a	n/a	n/a	n/a	n/a	n/a	n/a	n/a	n/a	n/a	n/a	n/a	n/a	n/a	n/a	n/a	n/a	n/a	n/a	n/a	1488.401762	n/a
1489.924086	0.000000	297985	ttl	4	71	n/a	n/a	n/a	n/a	n/a	n/a	n/a	n/a	n/a	n/a	n/a	n/a	n/a	n/a	n/a	n/a	n/a	n/a	n/a	n/a	n/a	1489.924086	n/a
1489.931318	0.000000	297986	ttl	11	71	n/a	n/a	n/a	n/a	n/a	n/a	n/a	n/a	n/a	n/a	n/a	n/a	n/a	n/a	n/a	n/a	n/a	n/a	n/a	n/a	n/a	1489.931318	n/a
1490.497959	1.533545	298100	scene_recognition	n/a	n/a	n/a	71.0	n/a	n/a	n/a	1489.9313184999999	n/a	1.5650930437259376	2	2	2	SB_2_frameB_foil.png	1	6	1493.5965972499998	0	41	n/a	n/a	intervals/recognition_table	40	1490.497959	1492.031504
1490.497959	0.000000	298100	ttl	1	71	n/a	n/a	n/a	n/a	n/a	n/a	n/a	n/a	n/a	n/a	n/a	n/a	n/a	n/a	n/a	n/a	n/a	n/a	n/a	n/a	n/a	1490.497959	n/a
1492.031504	0.000000	298406	ttl	2	71	n/a	n/a	n/a	n/a	n/a	n/a	n/a	n/a	n/a	n/a	n/a	n/a	n/a	n/a	n/a	n/a	n/a	n/a	n/a	n/a	n/a	1492.031504	n/a
1493.596597	0.000000	298719	ttl	4	71	n/a	n/a	n/a	n/a	n/a	n/a	n/a	n/a	n/a	n/a	n/a	n/a	n/a	n/a	n/a	n/a	n/a	n/a	n/a	n/a	n/a	1493.596597	n/a
1493.601405	0.000000	298720	ttl	11	71	n/a	n/a	n/a	n/a	n/a	n/a	n/a	n/a	n/a	n/a	n/a	n/a	n/a	n/a	n/a	n/a	n/a	n/a	n/a	n/a	n/a	1493.601405	n/a
1494.134625	1.533632	298827	scene_recognition	n/a	n/a	n/a	71.0	n/a	n/a	n/a	1493.6014054999998	n/a	1.6572601404041052	2	1	3	NB_7_frameB.png	2	2	1497.32551625	1	42	n/a	n/a	intervals/recognition_table	41	1494.134625	1495.668256
1494.134625	0.000000	298827	ttl	1	71	n/a	n/a	n/a	n/a	n/a	n/a	n/a	n/a	n/a	n/a	n/a	n/a	n/a	n/a	n/a	n/a	n/a	n/a	n/a	n/a	n/a	1494.134625	n/a
1495.668256	0.000000	299134	ttl	2	71	n/a	n/a	n/a	n/a	n/a	n/a	n/a	n/a	n/a	n/a	n/a	n/a	n/a	n/a	n/a	n/a	n/a	n/a	n/a	n/a	n/a	1495.668256	n/a
1497.325516	0.000000	299465	ttl	4	71	n/a	n/a	n/a	n/a	n/a	n/a	n/a	n/a	n/a	n/a	n/a	n/a	n/a	n/a	n/a	n/a	n/a	n/a	n/a	n/a	n/a	1497.325516	n/a
1497.342031	0.000000	299468	ttl	11	71	n/a	n/a	n/a	n/a	n/a	n/a	n/a	n/a	n/a	n/a	n/a	n/a	n/a	n/a	n/a	n/a	n/a	n/a	n/a	n/a	n/a	1497.342031	n/a
1497.858625	1.533666	299572	scene_recognition	n/a	n/a	n/a	71.0	n/a	n/a	n/a	1497.34203125	n/a	1.3973728325217962	2	2	3	SB_1_frameA_foil.png	1	7	1500.78966375	0	43	n/a	n/a	intervals/recognition_table	42	1497.858625	1499.392291
1497.858625	0.000000	299572	ttl	1	71	n/a	n/a	n/a	n/a	n/a	n/a	n/a	n/a	n/a	n/a	n/a	n/a	n/a	n/a	n/a	n/a	n/a	n/a	n/a	n/a	n/a	1497.858625	n/a
1499.392291	0.000000	299878	ttl	2	71	n/a	n/a	n/a	n/a	n/a	n/a	n/a	n/a	n/a	n/a	n/a	n/a	n/a	n/a	n/a	n/a	n/a	n/a	n/a	n/a	n/a	1499.392291	n/a
1500.789664	0.000000	300158	ttl	4	71	n/a	n/a	n/a	n/a	n/a	n/a	n/a	n/a	n/a	n/a	n/a	n/a	n/a	n/a	n/a	n/a	n/a	n/a	n/a	n/a	n/a	1500.789664	n/a
1500.794017	0.000000	300159	ttl	11	71	n/a	n/a	n/a	n/a	n/a	n/a	n/a	n/a	n/a	n/a	n/a	n/a	n/a	n/a	n/a	n/a	n/a	n/a	n/a	n/a	n/a	1500.794017	n/a
1501.310545	1.533736	300262	scene_recognition	n/a	n/a	n/a	71.0	n/a	n/a	n/a	1500.7940167499999	n/a	1.419149830704555	2	3	2	HB_3_frameA.png	2	3	1504.2634309999999	1	44	n/a	n/a	intervals/recognition_table	43	1501.310545	1502.844281
1501.310545	0.000000	300262	ttl	1	71	n/a	n/a	n/a	n/a	n/a	n/a	n/a	n/a	n/a	n/a	n/a	n/a	n/a	n/a	n/a	n/a	n/a	n/a	n/a	n/a	n/a	1501.310545	n/a
1502.844281	0.000000	300569	ttl	2	71	n/a	n/a	n/a	n/a	n/a	n/a	n/a	n/a	n/a	n/a	n/a	n/a	n/a	n/a	n/a	n/a	n/a	n/a	n/a	n/a	n/a	1502.844281	n/a
1504.263431	0.000000	300853	ttl	4	71	n/a	n/a	n/a	n/a	n/a	n/a	n/a	n/a	n/a	n/a	n/a	n/a	n/a	n/a	n/a	n/a	n/a	n/a	n/a	n/a	n/a	1504.263431	n/a
1504.279381	0.000000	300856	ttl	11	71	n/a	n/a	n/a	n/a	n/a	n/a	n/a	n/a	n/a	n/a	n/a	n/a	n/a	n/a	n/a	n/a	n/a	n/a	n/a	n/a	n/a	1504.279381	n/a
1504.812667	1.533794	300963	scene_recognition	n/a	n/a	n/a	71.0	n/a	n/a	n/a	1504.27938075	n/a	1.5876190696144477	1	1	3	NB_17_frameB.png	1	7	1507.9340802499999	1	45	n/a	n/a	intervals/recognition_table	44	1504.812667	1506.346461
1504.812667	0.000000	300963	ttl	1	71	n/a	n/a	n/a	n/a	n/a	n/a	n/a	n/a	n/a	n/a	n/a	n/a	n/a	n/a	n/a	n/a	n/a	n/a	n/a	n/a	n/a	1504.812667	n/a
1506.346461	0.000000	301269	ttl	2	71	n/a	n/a	n/a	n/a	n/a	n/a	n/a	n/a	n/a	n/a	n/a	n/a	n/a	n/a	n/a	n/a	n/a	n/a	n/a	n/a	n/a	1506.346461	n/a
1507.934080	0.000000	301587	ttl	4	71	n/a	n/a	n/a	n/a	n/a	n/a	n/a	n/a	n/a	n/a	n/a	n/a	n/a	n/a	n/a	n/a	n/a	n/a	n/a	n/a	n/a	1507.934080	n/a
1507.939841	0.000000	301588	ttl	11	71	n/a	n/a	n/a	n/a	n/a	n/a	n/a	n/a	n/a	n/a	n/a	n/a	n/a	n/a	n/a	n/a	n/a	n/a	n/a	n/a	n/a	1507.939841	n/a
1508.456539	1.533732	301691	scene_recognition	n/a	n/a	n/a	71.0	n/a	n/a	n/a	1507.939841	n/a	0.9566054580500349	2	1	3	NB_8_frameB_foil.png	1	7	1510.9468762499998	0	46	n/a	n/a	intervals/recognition_table	45	1508.456539	1509.990271
1508.456539	0.000000	301691	ttl	1	71	n/a	n/a	n/a	n/a	n/a	n/a	n/a	n/a	n/a	n/a	n/a	n/a	n/a	n/a	n/a	n/a	n/a	n/a	n/a	n/a	n/a	1508.456539	n/a
1509.990271	0.000000	301998	ttl	2	71	n/a	n/a	n/a	n/a	n/a	n/a	n/a	n/a	n/a	n/a	n/a	n/a	n/a	n/a	n/a	n/a	n/a	n/a	n/a	n/a	n/a	1509.990271	n/a
1510.946876	0.000000	302189	ttl	4	71	n/a	n/a	n/a	n/a	n/a	n/a	n/a	n/a	n/a	n/a	n/a	n/a	n/a	n/a	n/a	n/a	n/a	n/a	n/a	n/a	n/a	1510.946876	n/a
1510.956125	0.000000	302191	ttl	11	71	n/a	n/a	n/a	n/a	n/a	n/a	n/a	n/a	n/a	n/a	n/a	n/a	n/a	n/a	n/a	n/a	n/a	n/a	n/a	n/a	n/a	1510.956125	n/a
1511.422686	1.533583	302285	scene_recognition	n/a	n/a	n/a	71.0	n/a	n/a	n/a	1510.9561254999999	n/a	1.6954163309419528	2	2	3	SB_6_frameB_foil.png	1	7	1514.6516857499998	0	47	n/a	n/a	intervals/recognition_table	46	1511.422686	1512.956269
1511.422686	0.000000	302285	ttl	1	71	n/a	n/a	n/a	n/a	n/a	n/a	n/a	n/a	n/a	n/a	n/a	n/a	n/a	n/a	n/a	n/a	n/a	n/a	n/a	n/a	n/a	1511.422686	n/a
1512.956269	0.000000	302591	ttl	2	71	n/a	n/a	n/a	n/a	n/a	n/a	n/a	n/a	n/a	n/a	n/a	n/a	n/a	n/a	n/a	n/a	n/a	n/a	n/a	n/a	n/a	1512.956269	n/a
1514.651686	0.000000	302930	ttl	4	71	n/a	n/a	n/a	n/a	n/a	n/a	n/a	n/a	n/a	n/a	n/a	n/a	n/a	n/a	n/a	n/a	n/a	n/a	n/a	n/a	n/a	1514.651686	n/a
1514.654296	0.000000	302931	ttl	11	71	n/a	n/a	n/a	n/a	n/a	n/a	n/a	n/a	n/a	n/a	n/a	n/a	n/a	n/a	n/a	n/a	n/a	n/a	n/a	n/a	n/a	1514.654296	n/a
1515.170863	1.533588	303034	scene_recognition	n/a	n/a	n/a	71.0	n/a	n/a	n/a	1514.65429625	n/a	1.0445285548921674	2	3	2	HB_7_frameA_foil.png	1	6	1517.7489799999998	0	48	n/a	n/a	intervals/recognition_table	47	1515.170863	1516.704451
1515.170863	0.000000	303034	ttl	1	71	n/a	n/a	n/a	n/a	n/a	n/a	n/a	n/a	n/a	n/a	n/a	n/a	n/a	n/a	n/a	n/a	n/a	n/a	n/a	n/a	n/a	1515.170863	n/a
1516.704451	0.000000	303341	ttl	2	71	n/a	n/a	n/a	n/a	n/a	n/a	n/a	n/a	n/a	n/a	n/a	n/a	n/a	n/a	n/a	n/a	n/a	n/a	n/a	n/a	n/a	1516.704451	n/a
1517.748980	0.000000	303550	ttl	4	71	n/a	n/a	n/a	n/a	n/a	n/a	n/a	n/a	n/a	n/a	n/a	n/a	n/a	n/a	n/a	n/a	n/a	n/a	n/a	n/a	n/a	1517.748980	n/a
1517.757664	0.000000	303552	ttl	11	71	n/a	n/a	n/a	n/a	n/a	n/a	n/a	n/a	n/a	n/a	n/a	n/a	n/a	n/a	n/a	n/a	n/a	n/a	n/a	n/a	n/a	1517.757664	n/a
1518.290980	1.533608	303658	scene_recognition	n/a	n/a	n/a	71.0	n/a	n/a	n/a	1517.75766375	n/a	1.7369868681998923	2	1	3	NB_15_frameA_foil.png	1	7	1521.5615759999998	0	49	n/a	n/a	intervals/recognition_table	48	1518.290980	1519.824589
1518.290980	0.000000	303658	ttl	1	71	n/a	n/a	n/a	n/a	n/a	n/a	n/a	n/a	n/a	n/a	n/a	n/a	n/a	n/a	n/a	n/a	n/a	n/a	n/a	n/a	n/a	1518.290980	n/a
1519.824589	0.000000	303965	ttl	2	71	n/a	n/a	n/a	n/a	n/a	n/a	n/a	n/a	n/a	n/a	n/a	n/a	n/a	n/a	n/a	n/a	n/a	n/a	n/a	n/a	n/a	1519.824589	n/a
1521.561576	0.000000	304312	ttl	4	71	n/a	n/a	n/a	n/a	n/a	n/a	n/a	n/a	n/a	n/a	n/a	n/a	n/a	n/a	n/a	n/a	n/a	n/a	n/a	n/a	n/a	1521.561576	n/a
1521.571892	0.000000	304314	ttl	11	71	n/a	n/a	n/a	n/a	n/a	n/a	n/a	n/a	n/a	n/a	n/a	n/a	n/a	n/a	n/a	n/a	n/a	n/a	n/a	n/a	n/a	1521.571892	n/a
1522.055170	1.533681	304411	scene_recognition	n/a	n/a	n/a	71.0	n/a	n/a	n/a	1521.571892	n/a	1.8799445988843217	1	1	3	NB_28_frameB_foil.png	2	2	1525.46879575	0	50	n/a	n/a	intervals/recognition_table	49	1522.055170	1523.588851
1522.055170	0.000000	304411	ttl	1	71	n/a	n/a	n/a	n/a	n/a	n/a	n/a	n/a	n/a	n/a	n/a	n/a	n/a	n/a	n/a	n/a	n/a	n/a	n/a	n/a	n/a	1522.055170	n/a
1523.588851	0.000000	304718	ttl	2	71	n/a	n/a	n/a	n/a	n/a	n/a	n/a	n/a	n/a	n/a	n/a	n/a	n/a	n/a	n/a	n/a	n/a	n/a	n/a	n/a	n/a	1523.588851	n/a
1525.468796	0.000000	305094	ttl	4	71	n/a	n/a	n/a	n/a	n/a	n/a	n/a	n/a	n/a	n/a	n/a	n/a	n/a	n/a	n/a	n/a	n/a	n/a	n/a	n/a	n/a	1525.468796	n/a
1525.474846	0.000000	305095	ttl	11	71	n/a	n/a	n/a	n/a	n/a	n/a	n/a	n/a	n/a	n/a	n/a	n/a	n/a	n/a	n/a	n/a	n/a	n/a	n/a	n/a	n/a	1525.474846	n/a
1525.991413	1.533858	305198	scene_recognition	n/a	n/a	n/a	71.0	n/a	n/a	n/a	1525.47484625	n/a	1.6015944859245792	2	2	3	SB_2_frameA_foil.png	1	7	1529.1268647499999	0	51	n/a	n/a	intervals/recognition_table	50	1525.991413	1527.525270
1525.991413	0.000000	305198	ttl	1	71	n/a	n/a	n/a	n/a	n/a	n/a	n/a	n/a	n/a	n/a	n/a	n/a	n/a	n/a	n/a	n/a	n/a	n/a	n/a	n/a	n/a	1525.991413	n/a
1527.525270	0.000000	305505	ttl	2	71	n/a	n/a	n/a	n/a	n/a	n/a	n/a	n/a	n/a	n/a	n/a	n/a	n/a	n/a	n/a	n/a	n/a	n/a	n/a	n/a	n/a	1527.525270	n/a
1529.126865	0.000000	305825	ttl	4	71	n/a	n/a	n/a	n/a	n/a	n/a	n/a	n/a	n/a	n/a	n/a	n/a	n/a	n/a	n/a	n/a	n/a	n/a	n/a	n/a	n/a	1529.126865	n/a
1529.133402	0.000000	305827	ttl	11	71	n/a	n/a	n/a	n/a	n/a	n/a	n/a	n/a	n/a	n/a	n/a	n/a	n/a	n/a	n/a	n/a	n/a	n/a	n/a	n/a	n/a	1529.133402	n/a
1529.649978	1.533473	305930	scene_recognition	n/a	n/a	n/a	71.0	n/a	n/a	n/a	1529.1334017499998	n/a	1.530904648709111	1	1	3	NB_26_frameB_foil.png	2	2	1532.7143565	0	52	n/a	n/a	intervals/recognition_table	51	1529.649978	1531.183452
1529.649978	0.000000	305930	ttl	1	71	n/a	n/a	n/a	n/a	n/a	n/a	n/a	n/a	n/a	n/a	n/a	n/a	n/a	n/a	n/a	n/a	n/a	n/a	n/a	n/a	n/a	1529.649978	n/a
1531.183452	0.000000	306237	ttl	2	71	n/a	n/a	n/a	n/a	n/a	n/a	n/a	n/a	n/a	n/a	n/a	n/a	n/a	n/a	n/a	n/a	n/a	n/a	n/a	n/a	n/a	1531.183452	n/a
1532.714356	0.000000	306543	ttl	4	71	n/a	n/a	n/a	n/a	n/a	n/a	n/a	n/a	n/a	n/a	n/a	n/a	n/a	n/a	n/a	n/a	n/a	n/a	n/a	n/a	n/a	1532.714356	n/a
1532.731709	0.000000	306546	ttl	11	71	n/a	n/a	n/a	n/a	n/a	n/a	n/a	n/a	n/a	n/a	n/a	n/a	n/a	n/a	n/a	n/a	n/a	n/a	n/a	n/a	n/a	1532.731709	n/a
1533.248339	1.533521	306650	scene_recognition	n/a	n/a	n/a	71.0	n/a	n/a	n/a	1532.7317094999999	n/a	1.5456054471433163	2	2	3	SB_7_frameA_foil.png	1	7	1536.3274655	0	53	n/a	n/a	intervals/recognition_table	52	1533.248339	1534.781860
1533.248339	0.000000	306650	ttl	1	71	n/a	n/a	n/a	n/a	n/a	n/a	n/a	n/a	n/a	n/a	n/a	n/a	n/a	n/a	n/a	n/a	n/a	n/a	n/a	n/a	n/a	1533.248339	n/a
1534.781860	0.000000	306956	ttl	2	71	n/a	n/a	n/a	n/a	n/a	n/a	n/a	n/a	n/a	n/a	n/a	n/a	n/a	n/a	n/a	n/a	n/a	n/a	n/a	n/a	n/a	1534.781860	n/a
1536.327466	0.000000	307265	ttl	4	71	n/a	n/a	n/a	n/a	n/a	n/a	n/a	n/a	n/a	n/a	n/a	n/a	n/a	n/a	n/a	n/a	n/a	n/a	n/a	n/a	n/a	1536.327466	n/a
1536.342888	0.000000	307269	ttl	11	71	n/a	n/a	n/a	n/a	n/a	n/a	n/a	n/a	n/a	n/a	n/a	n/a	n/a	n/a	n/a	n/a	n/a	n/a	n/a	n/a	n/a	1536.342888	n/a
1536.826172	1.533707	307365	scene_recognition	n/a	n/a	n/a	71.0	n/a	n/a	n/a	1536.3428877499998	n/a	2.2146841859212145	1	1	3	NB_23_frameB.png	1	7	1540.57456325	1	54	n/a	n/a	intervals/recognition_table	53	1536.826172	1538.359879
1536.826172	0.000000	307365	ttl	1	71	n/a	n/a	n/a	n/a	n/a	n/a	n/a	n/a	n/a	n/a	n/a	n/a	n/a	n/a	n/a	n/a	n/a	n/a	n/a	n/a	n/a	1536.826172	n/a
1538.359879	0.000000	307672	ttl	2	71	n/a	n/a	n/a	n/a	n/a	n/a	n/a	n/a	n/a	n/a	n/a	n/a	n/a	n/a	n/a	n/a	n/a	n/a	n/a	n/a	n/a	1538.359879	n/a
1540.574563	0.000000	308115	ttl	4	71	n/a	n/a	n/a	n/a	n/a	n/a	n/a	n/a	n/a	n/a	n/a	n/a	n/a	n/a	n/a	n/a	n/a	n/a	n/a	n/a	n/a	1540.574563	n/a
1540.582846	0.000000	308117	ttl	11	71	n/a	n/a	n/a	n/a	n/a	n/a	n/a	n/a	n/a	n/a	n/a	n/a	n/a	n/a	n/a	n/a	n/a	n/a	n/a	n/a	n/a	1540.582846	n/a
1541.066040	1.533717	308213	scene_recognition	n/a	n/a	n/a	71.0	n/a	n/a	n/a	1540.5828465	n/a	1.0672225769376382	2	1	3	NB_25_frameB.png	2	2	1543.66697925	1	55	n/a	n/a	intervals/recognition_table	54	1541.066040	1542.599757
1541.066040	0.000000	308213	ttl	1	71	n/a	n/a	n/a	n/a	n/a	n/a	n/a	n/a	n/a	n/a	n/a	n/a	n/a	n/a	n/a	n/a	n/a	n/a	n/a	n/a	n/a	1541.066040	n/a
1542.599757	0.000000	308520	ttl	2	71	n/a	n/a	n/a	n/a	n/a	n/a	n/a	n/a	n/a	n/a	n/a	n/a	n/a	n/a	n/a	n/a	n/a	n/a	n/a	n/a	n/a	1542.599757	n/a
1543.666979	0.000000	308733	ttl	4	71	n/a	n/a	n/a	n/a	n/a	n/a	n/a	n/a	n/a	n/a	n/a	n/a	n/a	n/a	n/a	n/a	n/a	n/a	n/a	n/a	n/a	1543.666979	n/a
1543.682710	0.000000	308737	ttl	11	71	n/a	n/a	n/a	n/a	n/a	n/a	n/a	n/a	n/a	n/a	n/a	n/a	n/a	n/a	n/a	n/a	n/a	n/a	n/a	n/a	n/a	1543.682710	n/a
1544.216062	1.533525	308843	scene_recognition	n/a	n/a	n/a	71.0	n/a	n/a	n/a	1543.6827105	n/a	1.4501841912278906	2	2	3	SB_1_frameA.png	2	2	1547.199772	1	56	n/a	n/a	intervals/recognition_table	55	1544.216062	1545.749588
1544.216062	0.000000	308843	ttl	1	71	n/a	n/a	n/a	n/a	n/a	n/a	n/a	n/a	n/a	n/a	n/a	n/a	n/a	n/a	n/a	n/a	n/a	n/a	n/a	n/a	n/a	1544.216062	n/a
1545.749588	0.000000	309150	ttl	2	71	n/a	n/a	n/a	n/a	n/a	n/a	n/a	n/a	n/a	n/a	n/a	n/a	n/a	n/a	n/a	n/a	n/a	n/a	n/a	n/a	n/a	1545.749588	n/a
1547.199772	0.000000	309440	ttl	4	71	n/a	n/a	n/a	n/a	n/a	n/a	n/a	n/a	n/a	n/a	n/a	n/a	n/a	n/a	n/a	n/a	n/a	n/a	n/a	n/a	n/a	1547.199772	n/a
1547.202495	0.000000	309440	ttl	11	71	n/a	n/a	n/a	n/a	n/a	n/a	n/a	n/a	n/a	n/a	n/a	n/a	n/a	n/a	n/a	n/a	n/a	n/a	n/a	n/a	n/a	1547.202495	n/a
1547.719225	1.533588	309544	scene_recognition	n/a	n/a	n/a	71.0	n/a	n/a	n/a	1547.20249475	n/a	1.5490027383202687	2	2	3	SB_3_frameA.png	2	2	1550.80181525	1	57	n/a	n/a	intervals/recognition_table	56	1547.719225	1549.252812
1547.719225	0.000000	309544	ttl	1	71	n/a	n/a	n/a	n/a	n/a	n/a	n/a	n/a	n/a	n/a	n/a	n/a	n/a	n/a	n/a	n/a	n/a	n/a	n/a	n/a	n/a	1547.719225	n/a
1549.252812	0.000000	309851	ttl	2	71	n/a	n/a	n/a	n/a	n/a	n/a	n/a	n/a	n/a	n/a	n/a	n/a	n/a	n/a	n/a	n/a	n/a	n/a	n/a	n/a	n/a	1549.252812	n/a
1550.801815	0.000000	310160	ttl	4	71	n/a	n/a	n/a	n/a	n/a	n/a	n/a	n/a	n/a	n/a	n/a	n/a	n/a	n/a	n/a	n/a	n/a	n/a	n/a	n/a	n/a	1550.801815	n/a
1550.804951	0.000000	310161	ttl	11	71	n/a	n/a	n/a	n/a	n/a	n/a	n/a	n/a	n/a	n/a	n/a	n/a	n/a	n/a	n/a	n/a	n/a	n/a	n/a	n/a	n/a	1550.804951	n/a
1551.354952	1.533578	310271	scene_recognition	n/a	n/a	n/a	71.0	n/a	n/a	n/a	1550.80495075	n/a	1.6514668011805043	1	3	2	HB_5_frameB_foil.png	2	3	1554.5399977499999	0	58	n/a	n/a	intervals/recognition_table	57	1551.354952	1552.888531
1551.354952	0.000000	310271	ttl	1	71	n/a	n/a	n/a	n/a	n/a	n/a	n/a	n/a	n/a	n/a	n/a	n/a	n/a	n/a	n/a	n/a	n/a	n/a	n/a	n/a	n/a	1551.354952	n/a
1552.888531	0.000000	310578	ttl	2	71	n/a	n/a	n/a	n/a	n/a	n/a	n/a	n/a	n/a	n/a	n/a	n/a	n/a	n/a	n/a	n/a	n/a	n/a	n/a	n/a	n/a	1552.888531	n/a
1554.539998	0.000000	310908	ttl	4	71	n/a	n/a	n/a	n/a	n/a	n/a	n/a	n/a	n/a	n/a	n/a	n/a	n/a	n/a	n/a	n/a	n/a	n/a	n/a	n/a	n/a	1554.539998	n/a
1554.558953	0.000000	310912	ttl	11	71	n/a	n/a	n/a	n/a	n/a	n/a	n/a	n/a	n/a	n/a	n/a	n/a	n/a	n/a	n/a	n/a	n/a	n/a	n/a	n/a	n/a	1554.558953	n/a
1555.025530	1.533752	311005	scene_recognition	n/a	n/a	n/a	71.0	n/a	n/a	n/a	1554.5589525	n/a	2.1963431988842785	2	1	3	NB_5_frameA_foil.png	1	7	1558.7556255	0	59	n/a	n/a	intervals/recognition_table	58	1555.025530	1556.559282
1555.025530	0.000000	311005	ttl	1	71	n/a	n/a	n/a	n/a	n/a	n/a	n/a	n/a	n/a	n/a	n/a	n/a	n/a	n/a	n/a	n/a	n/a	n/a	n/a	n/a	n/a	1555.025530	n/a
1556.559282	0.000000	311312	ttl	2	71	n/a	n/a	n/a	n/a	n/a	n/a	n/a	n/a	n/a	n/a	n/a	n/a	n/a	n/a	n/a	n/a	n/a	n/a	n/a	n/a	n/a	1556.559282	n/a
1558.755625	0.000000	311751	ttl	4	71	n/a	n/a	n/a	n/a	n/a	n/a	n/a	n/a	n/a	n/a	n/a	n/a	n/a	n/a	n/a	n/a	n/a	n/a	n/a	n/a	n/a	1558.755625	n/a
1558.773717	0.000000	311755	ttl	11	71	n/a	n/a	n/a	n/a	n/a	n/a	n/a	n/a	n/a	n/a	n/a	n/a	n/a	n/a	n/a	n/a	n/a	n/a	n/a	n/a	n/a	1558.773717	n/a
1559.306988	1.533685	311861	scene_recognition	n/a	n/a	n/a	71.0	n/a	n/a	n/a	1558.77371675	n/a	1.4766883888514712	2	2	3	SB_5_frameB_foil.png	1	7	1562.31736125	0	60	n/a	n/a	intervals/recognition_table	59	1559.306988	1560.840673
1559.306988	0.000000	311861	ttl	1	71	n/a	n/a	n/a	n/a	n/a	n/a	n/a	n/a	n/a	n/a	n/a	n/a	n/a	n/a	n/a	n/a	n/a	n/a	n/a	n/a	n/a	1559.306988	n/a
1560.840673	0.000000	312168	ttl	2	71	n/a	n/a	n/a	n/a	n/a	n/a	n/a	n/a	n/a	n/a	n/a	n/a	n/a	n/a	n/a	n/a	n/a	n/a	n/a	n/a	n/a	1560.840673	n/a
1562.317361	0.000000	312463	ttl	4	71	n/a	n/a	n/a	n/a	n/a	n/a	n/a	n/a	n/a	n/a	n/a	n/a	n/a	n/a	n/a	n/a	n/a	n/a	n/a	n/a	n/a	1562.317361	n/a
1562.331243	0.000000	312466	ttl	11	71	n/a	n/a	n/a	n/a	n/a	n/a	n/a	n/a	n/a	n/a	n/a	n/a	n/a	n/a	n/a	n/a	n/a	n/a	n/a	n/a	n/a	1562.331243	n/a
1562.864547	1.533708	312573	scene_recognition	n/a	n/a	n/a	71.0	n/a	n/a	n/a	1562.33124275	n/a	1.5686484501929954	2	1	3	NB_2_frameB_foil.png	1	7	1565.9669032499999	0	61	n/a	n/a	intervals/recognition_table	60	1562.864547	1564.398255
1562.864547	0.000000	312573	ttl	1	71	n/a	n/a	n/a	n/a	n/a	n/a	n/a	n/a	n/a	n/a	n/a	n/a	n/a	n/a	n/a	n/a	n/a	n/a	n/a	n/a	n/a	1562.864547	n/a
1564.398255	0.000000	312880	ttl	2	71	n/a	n/a	n/a	n/a	n/a	n/a	n/a	n/a	n/a	n/a	n/a	n/a	n/a	n/a	n/a	n/a	n/a	n/a	n/a	n/a	n/a	1564.398255	n/a
1565.966903	0.000000	313193	ttl	4	71	n/a	n/a	n/a	n/a	n/a	n/a	n/a	n/a	n/a	n/a	n/a	n/a	n/a	n/a	n/a	n/a	n/a	n/a	n/a	n/a	n/a	1565.966903	n/a
1565.976660	0.000000	313195	ttl	11	71	n/a	n/a	n/a	n/a	n/a	n/a	n/a	n/a	n/a	n/a	n/a	n/a	n/a	n/a	n/a	n/a	n/a	n/a	n/a	n/a	n/a	1565.976660	n/a
1566.476577	1.533476	313295	scene_recognition	n/a	n/a	n/a	71.0	n/a	n/a	n/a	1565.97666025	n/a	2.383644171175547	1	3	2	HB_6_frameA.png	1	6	1570.3936972499998	1	62	n/a	n/a	intervals/recognition_table	61	1566.476577	1568.010053
1566.476577	0.000000	313295	ttl	1	71	n/a	n/a	n/a	n/a	n/a	n/a	n/a	n/a	n/a	n/a	n/a	n/a	n/a	n/a	n/a	n/a	n/a	n/a	n/a	n/a	n/a	1566.476577	n/a
1568.010053	0.000000	313602	ttl	2	71	n/a	n/a	n/a	n/a	n/a	n/a	n/a	n/a	n/a	n/a	n/a	n/a	n/a	n/a	n/a	n/a	n/a	n/a	n/a	n/a	n/a	1568.010053	n/a
1570.393697	0.000000	314079	ttl	4	71	n/a	n/a	n/a	n/a	n/a	n/a	n/a	n/a	n/a	n/a	n/a	n/a	n/a	n/a	n/a	n/a	n/a	n/a	n/a	n/a	n/a	1570.393697	n/a
1570.399851	0.000000	314080	ttl	11	71	n/a	n/a	n/a	n/a	n/a	n/a	n/a	n/a	n/a	n/a	n/a	n/a	n/a	n/a	n/a	n/a	n/a	n/a	n/a	n/a	n/a	1570.399851	n/a
1570.916451	1.533578	314183	scene_recognition	n/a	n/a	n/a	71.0	n/a	n/a	n/a	1570.39985125	n/a	0.40897842193953693	1	3	2	HB_1_frameB_foil.png	2	3	1572.8590075	0	63	n/a	n/a	intervals/recognition_table	62	1570.916451	1572.450029
1570.916451	0.000000	314183	ttl	1	71	n/a	n/a	n/a	n/a	n/a	n/a	n/a	n/a	n/a	n/a	n/a	n/a	n/a	n/a	n/a	n/a	n/a	n/a	n/a	n/a	n/a	1570.916451	n/a
1572.450029	0.000000	314490	ttl	2	71	n/a	n/a	n/a	n/a	n/a	n/a	n/a	n/a	n/a	n/a	n/a	n/a	n/a	n/a	n/a	n/a	n/a	n/a	n/a	n/a	n/a	1572.450029	n/a
1572.859007	0.000000	314572	ttl	4	71	n/a	n/a	n/a	n/a	n/a	n/a	n/a	n/a	n/a	n/a	n/a	n/a	n/a	n/a	n/a	n/a	n/a	n/a	n/a	n/a	n/a	1572.859007	n/a
1572.867542	0.000000	314574	ttl	11	71	n/a	n/a	n/a	n/a	n/a	n/a	n/a	n/a	n/a	n/a	n/a	n/a	n/a	n/a	n/a	n/a	n/a	n/a	n/a	n/a	n/a	1572.867542	n/a
1573.367518	1.533617	314674	scene_recognition	n/a	n/a	n/a	71.0	n/a	n/a	n/a	1572.8675415	n/a	1.0215347803896293	2	1	3	NB_15_frameB.png	2	2	1575.922669	1	64	n/a	n/a	intervals/recognition_table	63	1573.367518	1574.901134
1573.367518	0.000000	314674	ttl	1	71	n/a	n/a	n/a	n/a	n/a	n/a	n/a	n/a	n/a	n/a	n/a	n/a	n/a	n/a	n/a	n/a	n/a	n/a	n/a	n/a	n/a	1573.367518	n/a
1574.901134	0.000000	314980	ttl	2	71	n/a	n/a	n/a	n/a	n/a	n/a	n/a	n/a	n/a	n/a	n/a	n/a	n/a	n/a	n/a	n/a	n/a	n/a	n/a	n/a	n/a	1574.901134	n/a
1575.922669	0.000000	315185	ttl	4	71	n/a	n/a	n/a	n/a	n/a	n/a	n/a	n/a	n/a	n/a	n/a	n/a	n/a	n/a	n/a	n/a	n/a	n/a	n/a	n/a	n/a	1575.922669	n/a
1575.940553	0.000000	315188	ttl	11	71	n/a	n/a	n/a	n/a	n/a	n/a	n/a	n/a	n/a	n/a	n/a	n/a	n/a	n/a	n/a	n/a	n/a	n/a	n/a	n/a	n/a	1575.940553	n/a
1576.423879	1.533577	315285	scene_recognition	n/a	n/a	n/a	71.0	n/a	n/a	n/a	1575.940553	n/a	1.652859512483701	2	2	3	SB_1_frameA_foil.png	1	7	1579.61031525	0	65	n/a	n/a	intervals/recognition_table	64	1576.423879	1577.957456
1576.423879	0.000000	315285	ttl	1	71	n/a	n/a	n/a	n/a	n/a	n/a	n/a	n/a	n/a	n/a	n/a	n/a	n/a	n/a	n/a	n/a	n/a	n/a	n/a	n/a	n/a	1576.423879	n/a
1577.957456	0.000000	315591	ttl	2	71	n/a	n/a	n/a	n/a	n/a	n/a	n/a	n/a	n/a	n/a	n/a	n/a	n/a	n/a	n/a	n/a	n/a	n/a	n/a	n/a	n/a	1577.957456	n/a
1579.610315	0.000000	315922	ttl	4	71	n/a	n/a	n/a	n/a	n/a	n/a	n/a	n/a	n/a	n/a	n/a	n/a	n/a	n/a	n/a	n/a	n/a	n/a	n/a	n/a	n/a	1579.610315	n/a
1579.625282	0.000000	315925	ttl	11	71	n/a	n/a	n/a	n/a	n/a	n/a	n/a	n/a	n/a	n/a	n/a	n/a	n/a	n/a	n/a	n/a	n/a	n/a	n/a	n/a	n/a	1579.625282	n/a
1580.175112	1.533729	316035	scene_recognition	n/a	n/a	n/a	71.0	n/a	n/a	n/a	1579.6252815	n/a	2.0249952628510073	2	3	2	HB_2_frameA_foil.png	1	6	1583.73383625	0	66	n/a	n/a	intervals/recognition_table	65	1580.175112	1581.708841
1580.175112	0.000000	316035	ttl	1	71	n/a	n/a	n/a	n/a	n/a	n/a	n/a	n/a	n/a	n/a	n/a	n/a	n/a	n/a	n/a	n/a	n/a	n/a	n/a	n/a	n/a	1580.175112	n/a
1581.708841	0.000000	316342	ttl	2	71	n/a	n/a	n/a	n/a	n/a	n/a	n/a	n/a	n/a	n/a	n/a	n/a	n/a	n/a	n/a	n/a	n/a	n/a	n/a	n/a	n/a	1581.708841	n/a
1583.733836	0.000000	316747	ttl	4	71	n/a	n/a	n/a	n/a	n/a	n/a	n/a	n/a	n/a	n/a	n/a	n/a	n/a	n/a	n/a	n/a	n/a	n/a	n/a	n/a	n/a	1583.733836	n/a
1583.748805	0.000000	316750	ttl	11	71	n/a	n/a	n/a	n/a	n/a	n/a	n/a	n/a	n/a	n/a	n/a	n/a	n/a	n/a	n/a	n/a	n/a	n/a	n/a	n/a	n/a	1583.748805	n/a
1584.265403	1.533538	316853	scene_recognition	n/a	n/a	n/a	71.0	n/a	n/a	n/a	1583.7488047499999	n/a	1.3481220193207264	2	2	3	SB_1_frameB.png	2	2	1587.14706325	1	67	n/a	n/a	intervals/recognition_table	66	1584.265403	1585.798941
1584.265403	0.000000	316853	ttl	1	71	n/a	n/a	n/a	n/a	n/a	n/a	n/a	n/a	n/a	n/a	n/a	n/a	n/a	n/a	n/a	n/a	n/a	n/a	n/a	n/a	n/a	1584.265403	n/a
1585.798941	0.000000	317160	ttl	2	71	n/a	n/a	n/a	n/a	n/a	n/a	n/a	n/a	n/a	n/a	n/a	n/a	n/a	n/a	n/a	n/a	n/a	n/a	n/a	n/a	n/a	1585.798941	n/a
1587.147063	0.000000	317429	ttl	4	71	n/a	n/a	n/a	n/a	n/a	n/a	n/a	n/a	n/a	n/a	n/a	n/a	n/a	n/a	n/a	n/a	n/a	n/a	n/a	n/a	n/a	1587.147063	n/a
1587.159749	0.000000	317432	ttl	11	71	n/a	n/a	n/a	n/a	n/a	n/a	n/a	n/a	n/a	n/a	n/a	n/a	n/a	n/a	n/a	n/a	n/a	n/a	n/a	n/a	n/a	1587.159749	n/a
1587.726400	1.533679	317545	scene_recognition	n/a	n/a	n/a	71.0	n/a	n/a	n/a	1587.1597487499998	n/a	1.4913648036308587	2	2	3	SB_2_frameA.png	2	2	1590.75144325	1	68	n/a	n/a	intervals/recognition_table	67	1587.726400	1589.260078
1587.726400	0.000000	317545	ttl	1	71	n/a	n/a	n/a	n/a	n/a	n/a	n/a	n/a	n/a	n/a	n/a	n/a	n/a	n/a	n/a	n/a	n/a	n/a	n/a	n/a	n/a	1587.726400	n/a
1589.260078	0.000000	317852	ttl	2	71	n/a	n/a	n/a	n/a	n/a	n/a	n/a	n/a	n/a	n/a	n/a	n/a	n/a	n/a	n/a	n/a	n/a	n/a	n/a	n/a	n/a	1589.260078	n/a
1590.751443	0.000000	318150	ttl	4	71	n/a	n/a	n/a	n/a	n/a	n/a	n/a	n/a	n/a	n/a	n/a	n/a	n/a	n/a	n/a	n/a	n/a	n/a	n/a	n/a	n/a	1590.751443	n/a
1590.754780	0.000000	318151	ttl	11	71	n/a	n/a	n/a	n/a	n/a	n/a	n/a	n/a	n/a	n/a	n/a	n/a	n/a	n/a	n/a	n/a	n/a	n/a	n/a	n/a	n/a	1590.754780	n/a
1591.221339	1.533424	318244	scene_recognition	n/a	n/a	n/a	71.0	n/a	n/a	n/a	1590.75477975	n/a	1.498984097619541	1	1	3	NB_5_frameB.png	1	7	1594.25374625	1	69	n/a	n/a	intervals/recognition_table	68	1591.221339	1592.754762
1591.221339	0.000000	318244	ttl	1	71	n/a	n/a	n/a	n/a	n/a	n/a	n/a	n/a	n/a	n/a	n/a	n/a	n/a	n/a	n/a	n/a	n/a	n/a	n/a	n/a	n/a	1591.221339	n/a
1592.754762	0.000000	318551	ttl	2	71	n/a	n/a	n/a	n/a	n/a	n/a	n/a	n/a	n/a	n/a	n/a	n/a	n/a	n/a	n/a	n/a	n/a	n/a	n/a	n/a	n/a	1592.754762	n/a
1594.253746	0.000000	318851	ttl	4	71	n/a	n/a	n/a	n/a	n/a	n/a	n/a	n/a	n/a	n/a	n/a	n/a	n/a	n/a	n/a	n/a	n/a	n/a	n/a	n/a	n/a	1594.253746	n/a
1594.266054	0.000000	318853	ttl	11	71	n/a	n/a	n/a	n/a	n/a	n/a	n/a	n/a	n/a	n/a	n/a	n/a	n/a	n/a	n/a	n/a	n/a	n/a	n/a	n/a	n/a	1594.266054	n/a
1594.782701	1.533494	318957	scene_recognition	n/a	n/a	n/a	71.0	n/a	n/a	n/a	1594.2660544999999	n/a	1.6718331824522465	2	2	3	SB_5_frameB.png	2	2	1597.988028	1	70	n/a	n/a	intervals/recognition_table	69	1594.782701	1596.316195
1594.782701	0.000000	318957	ttl	1	71	n/a	n/a	n/a	n/a	n/a	n/a	n/a	n/a	n/a	n/a	n/a	n/a	n/a	n/a	n/a	n/a	n/a	n/a	n/a	n/a	n/a	1594.782701	n/a
1596.316195	0.000000	319263	ttl	2	71	n/a	n/a	n/a	n/a	n/a	n/a	n/a	n/a	n/a	n/a	n/a	n/a	n/a	n/a	n/a	n/a	n/a	n/a	n/a	n/a	n/a	1596.316195	n/a
1597.988028	0.000000	319598	ttl	4	71	n/a	n/a	n/a	n/a	n/a	n/a	n/a	n/a	n/a	n/a	n/a	n/a	n/a	n/a	n/a	n/a	n/a	n/a	n/a	n/a	n/a	1597.988028	n/a
1597.994842	0.000000	319599	ttl	11	71	n/a	n/a	n/a	n/a	n/a	n/a	n/a	n/a	n/a	n/a	n/a	n/a	n/a	n/a	n/a	n/a	n/a	n/a	n/a	n/a	n/a	1597.994842	n/a
1598.478107	1.533525	319696	scene_recognition	n/a	n/a	n/a	71.0	n/a	n/a	n/a	1597.99484225	n/a	1.2616354202618822	2	1	3	NB_27_frameA_foil.png	1	7	1601.27326725	0	71	n/a	n/a	intervals/recognition_table	70	1598.478107	1600.011632
1598.478107	0.000000	319696	ttl	1	71	n/a	n/a	n/a	n/a	n/a	n/a	n/a	n/a	n/a	n/a	n/a	n/a	n/a	n/a	n/a	n/a	n/a	n/a	n/a	n/a	n/a	1598.478107	n/a
1600.011632	0.000000	320002	ttl	2	71	n/a	n/a	n/a	n/a	n/a	n/a	n/a	n/a	n/a	n/a	n/a	n/a	n/a	n/a	n/a	n/a	n/a	n/a	n/a	n/a	n/a	1600.011632	n/a
1601.273267	0.000000	320255	ttl	4	71	n/a	n/a	n/a	n/a	n/a	n/a	n/a	n/a	n/a	n/a	n/a	n/a	n/a	n/a	n/a	n/a	n/a	n/a	n/a	n/a	n/a	1601.273267	n/a
1601.284141	0.000000	320257	ttl	11	71	n/a	n/a	n/a	n/a	n/a	n/a	n/a	n/a	n/a	n/a	n/a	n/a	n/a	n/a	n/a	n/a	n/a	n/a	n/a	n/a	n/a	1601.284141	n/a
1601.784077	1.533713	320357	scene_recognition	n/a	n/a	n/a	71.0	n/a	n/a	n/a	1601.28414125	n/a	1.5817921925336123	2	1	3	NB_6_frameB_foil.png	1	7	1604.8995822499999	0	72	n/a	n/a	intervals/recognition_table	71	1601.784077	1603.317790
1601.784077	0.000000	320357	ttl	1	71	n/a	n/a	n/a	n/a	n/a	n/a	n/a	n/a	n/a	n/a	n/a	n/a	n/a	n/a	n/a	n/a	n/a	n/a	n/a	n/a	n/a	1601.784077	n/a
1603.317790	0.000000	320664	ttl	2	71	n/a	n/a	n/a	n/a	n/a	n/a	n/a	n/a	n/a	n/a	n/a	n/a	n/a	n/a	n/a	n/a	n/a	n/a	n/a	n/a	n/a	1603.317790	n/a
1604.899582	0.000000	320980	ttl	4	71	n/a	n/a	n/a	n/a	n/a	n/a	n/a	n/a	n/a	n/a	n/a	n/a	n/a	n/a	n/a	n/a	n/a	n/a	n/a	n/a	n/a	1604.899582	n/a
1604.916637	0.000000	320983	ttl	11	71	n/a	n/a	n/a	n/a	n/a	n/a	n/a	n/a	n/a	n/a	n/a	n/a	n/a	n/a	n/a	n/a	n/a	n/a	n/a	n/a	n/a	1604.916637	n/a
1605.399949	1.567049	321080	scene_recognition	n/a	n/a	n/a	71.0	n/a	n/a	n/a	1604.916637	n/a	2.083258200902492	1	1	3	NB_7_frameA_foil.png	2	2	1609.05025675	0	73	n/a	n/a	intervals/recognition_table	72	1605.399949	1606.966998
1605.399949	0.000000	321080	ttl	1	71	n/a	n/a	n/a	n/a	n/a	n/a	n/a	n/a	n/a	n/a	n/a	n/a	n/a	n/a	n/a	n/a	n/a	n/a	n/a	n/a	n/a	1605.399949	n/a
1606.966998	0.000000	321393	ttl	2	71	n/a	n/a	n/a	n/a	n/a	n/a	n/a	n/a	n/a	n/a	n/a	n/a	n/a	n/a	n/a	n/a	n/a	n/a	n/a	n/a	n/a	1606.966998	n/a
1609.050257	0.000000	321810	ttl	4	71	n/a	n/a	n/a	n/a	n/a	n/a	n/a	n/a	n/a	n/a	n/a	n/a	n/a	n/a	n/a	n/a	n/a	n/a	n/a	n/a	n/a	1609.050257	n/a
1609.061206	0.000000	321812	ttl	11	71	n/a	n/a	n/a	n/a	n/a	n/a	n/a	n/a	n/a	n/a	n/a	n/a	n/a	n/a	n/a	n/a	n/a	n/a	n/a	n/a	n/a	1609.061206	n/a
1609.594418	1.533715	321919	scene_recognition	n/a	n/a	n/a	71.0	n/a	n/a	n/a	1609.06120625	n/a	1.4452294207876548	2	1	3	NB_17_frameA_foil.png	1	7	1612.57336225	0	74	n/a	n/a	intervals/recognition_table	73	1609.594418	1611.128133
1609.594418	0.000000	321919	ttl	1	71	n/a	n/a	n/a	n/a	n/a	n/a	n/a	n/a	n/a	n/a	n/a	n/a	n/a	n/a	n/a	n/a	n/a	n/a	n/a	n/a	n/a	1609.594418	n/a
1611.128133	0.000000	322226	ttl	2	71	n/a	n/a	n/a	n/a	n/a	n/a	n/a	n/a	n/a	n/a	n/a	n/a	n/a	n/a	n/a	n/a	n/a	n/a	n/a	n/a	n/a	1611.128133	n/a
1612.573362	0.000000	322515	ttl	4	71	n/a	n/a	n/a	n/a	n/a	n/a	n/a	n/a	n/a	n/a	n/a	n/a	n/a	n/a	n/a	n/a	n/a	n/a	n/a	n/a	n/a	1612.573362	n/a
1612.590037	0.000000	322518	ttl	11	71	n/a	n/a	n/a	n/a	n/a	n/a	n/a	n/a	n/a	n/a	n/a	n/a	n/a	n/a	n/a	n/a	n/a	n/a	n/a	n/a	n/a	1612.590037	n/a
1613.073522	1.533339	322615	scene_recognition	n/a	n/a	n/a	71.0	n/a	n/a	n/a	1612.5900367499999	n/a	0.5914149812888354	1	1	3	NB_8_frameA.png	1	7	1615.1982759999999	1	75	n/a	n/a	intervals/recognition_table	74	1613.073522	1614.606861
1613.073522	0.000000	322615	ttl	1	71	n/a	n/a	n/a	n/a	n/a	n/a	n/a	n/a	n/a	n/a	n/a	n/a	n/a	n/a	n/a	n/a	n/a	n/a	n/a	n/a	n/a	1613.073522	n/a
1614.606861	0.000000	322921	ttl	2	71	n/a	n/a	n/a	n/a	n/a	n/a	n/a	n/a	n/a	n/a	n/a	n/a	n/a	n/a	n/a	n/a	n/a	n/a	n/a	n/a	n/a	1614.606861	n/a
1615.198276	0.000000	323040	ttl	4	71	n/a	n/a	n/a	n/a	n/a	n/a	n/a	n/a	n/a	n/a	n/a	n/a	n/a	n/a	n/a	n/a	n/a	n/a	n/a	n/a	n/a	1615.198276	n/a
1615.211149	0.000000	323042	ttl	11	71	n/a	n/a	n/a	n/a	n/a	n/a	n/a	n/a	n/a	n/a	n/a	n/a	n/a	n/a	n/a	n/a	n/a	n/a	n/a	n/a	n/a	1615.211149	n/a
1615.677720	1.533654	323136	scene_recognition	n/a	n/a	n/a	71.0	n/a	n/a	n/a	1615.2111492499998	n/a	1.7547781425528228	2	2	3	SB_5_frameA.png	2	2	1618.9661515	1	76	n/a	n/a	intervals/recognition_table	75	1615.677720	1617.211373
1615.677720	0.000000	323136	ttl	1	71	n/a	n/a	n/a	n/a	n/a	n/a	n/a	n/a	n/a	n/a	n/a	n/a	n/a	n/a	n/a	n/a	n/a	n/a	n/a	n/a	n/a	1615.677720	n/a
1617.211373	0.000000	323442	ttl	2	71	n/a	n/a	n/a	n/a	n/a	n/a	n/a	n/a	n/a	n/a	n/a	n/a	n/a	n/a	n/a	n/a	n/a	n/a	n/a	n/a	n/a	1617.211373	n/a
1618.966152	0.000000	323793	ttl	4	71	n/a	n/a	n/a	n/a	n/a	n/a	n/a	n/a	n/a	n/a	n/a	n/a	n/a	n/a	n/a	n/a	n/a	n/a	n/a	n/a	n/a	1618.966152	n/a
1618.978289	0.000000	323796	ttl	11	71	n/a	n/a	n/a	n/a	n/a	n/a	n/a	n/a	n/a	n/a	n/a	n/a	n/a	n/a	n/a	n/a	n/a	n/a	n/a	n/a	n/a	1618.978289	n/a
1619.444977	1.533473	323889	scene_recognition	n/a	n/a	n/a	71.0	n/a	n/a	n/a	1618.9782894999998	n/a	1.5174164813943207	2	2	3	SB_2_frameB_foil.png	1	7	1622.49586575	0	77	n/a	n/a	intervals/recognition_table	76	1619.444977	1620.978449
1619.444977	0.000000	323889	ttl	1	71	n/a	n/a	n/a	n/a	n/a	n/a	n/a	n/a	n/a	n/a	n/a	n/a	n/a	n/a	n/a	n/a	n/a	n/a	n/a	n/a	n/a	1619.444977	n/a
1620.978449	0.000000	324196	ttl	2	71	n/a	n/a	n/a	n/a	n/a	n/a	n/a	n/a	n/a	n/a	n/a	n/a	n/a	n/a	n/a	n/a	n/a	n/a	n/a	n/a	n/a	1620.978449	n/a
1622.495866	0.000000	324499	ttl	4	71	n/a	n/a	n/a	n/a	n/a	n/a	n/a	n/a	n/a	n/a	n/a	n/a	n/a	n/a	n/a	n/a	n/a	n/a	n/a	n/a	n/a	1622.495866	n/a
1622.503741	0.000000	324501	ttl	11	71	n/a	n/a	n/a	n/a	n/a	n/a	n/a	n/a	n/a	n/a	n/a	n/a	n/a	n/a	n/a	n/a	n/a	n/a	n/a	n/a	n/a	1622.503741	n/a
1622.986967	1.533629	324597	scene_recognition	n/a	n/a	n/a	71.0	n/a	n/a	n/a	1622.503741	n/a	1.553952308371663	2	2	3	SB_7_frameB.png	2	2	1626.0745485	1	78	n/a	n/a	intervals/recognition_table	77	1622.986967	1624.520596
1622.986967	0.000000	324597	ttl	1	71	n/a	n/a	n/a	n/a	n/a	n/a	n/a	n/a	n/a	n/a	n/a	n/a	n/a	n/a	n/a	n/a	n/a	n/a	n/a	n/a	n/a	1622.986967	n/a
1624.520596	0.000000	324904	ttl	2	71	n/a	n/a	n/a	n/a	n/a	n/a	n/a	n/a	n/a	n/a	n/a	n/a	n/a	n/a	n/a	n/a	n/a	n/a	n/a	n/a	n/a	1624.520596	n/a
1626.074548	0.000000	325215	ttl	4	71	n/a	n/a	n/a	n/a	n/a	n/a	n/a	n/a	n/a	n/a	n/a	n/a	n/a	n/a	n/a	n/a	n/a	n/a	n/a	n/a	n/a	1626.074548	n/a
1626.084530	0.000000	325217	ttl	11	71	n/a	n/a	n/a	n/a	n/a	n/a	n/a	n/a	n/a	n/a	n/a	n/a	n/a	n/a	n/a	n/a	n/a	n/a	n/a	n/a	n/a	1626.084530	n/a
1626.651131	1.533432	325330	scene_recognition	n/a	n/a	n/a	71.0	n/a	n/a	n/a	1626.0845299999999	n/a	1.9173630903242156	2	3	2	HB_8_frameB.png	2	3	1630.10192525	1	79	n/a	n/a	intervals/recognition_table	78	1626.651131	1628.184562
1626.651131	0.000000	325330	ttl	1	71	n/a	n/a	n/a	n/a	n/a	n/a	n/a	n/a	n/a	n/a	n/a	n/a	n/a	n/a	n/a	n/a	n/a	n/a	n/a	n/a	n/a	1626.651131	n/a
1628.184562	0.000000	325637	ttl	2	71	n/a	n/a	n/a	n/a	n/a	n/a	n/a	n/a	n/a	n/a	n/a	n/a	n/a	n/a	n/a	n/a	n/a	n/a	n/a	n/a	n/a	1628.184562	n/a
1630.101925	0.000000	326020	ttl	4	71	n/a	n/a	n/a	n/a	n/a	n/a	n/a	n/a	n/a	n/a	n/a	n/a	n/a	n/a	n/a	n/a	n/a	n/a	n/a	n/a	n/a	1630.101925	n/a
1630.117037	0.000000	326023	ttl	11	71	n/a	n/a	n/a	n/a	n/a	n/a	n/a	n/a	n/a	n/a	n/a	n/a	n/a	n/a	n/a	n/a	n/a	n/a	n/a	n/a	n/a	1630.117037	n/a
1630.683484	1.533783	326137	scene_recognition	n/a	n/a	n/a	71.0	n/a	n/a	n/a	1630.117037	n/a	1.768257341813296	2	1	3	NB_14_frameA.png	2	2	1633.98552425	1	80	n/a	n/a	intervals/recognition_table	79	1630.683484	1632.217267
1630.683484	0.000000	326137	ttl	1	71	n/a	n/a	n/a	n/a	n/a	n/a	n/a	n/a	n/a	n/a	n/a	n/a	n/a	n/a	n/a	n/a	n/a	n/a	n/a	n/a	n/a	1630.683484	n/a
1632.217267	0.000000	326443	ttl	2	71	n/a	n/a	n/a	n/a	n/a	n/a	n/a	n/a	n/a	n/a	n/a	n/a	n/a	n/a	n/a	n/a	n/a	n/a	n/a	n/a	n/a	1632.217267	n/a
1633.985524	0.000000	326797	ttl	4	71	n/a	n/a	n/a	n/a	n/a	n/a	n/a	n/a	n/a	n/a	n/a	n/a	n/a	n/a	n/a	n/a	n/a	n/a	n/a	n/a	n/a	1633.985524	n/a
1633.993329	0.000000	326799	ttl	11	71	n/a	n/a	n/a	n/a	n/a	n/a	n/a	n/a	n/a	n/a	n/a	n/a	n/a	n/a	n/a	n/a	n/a	n/a	n/a	n/a	n/a	1633.993329	n/a
1634.459959	1.533541	326892	scene_recognition	n/a	n/a	n/a	71.0	n/a	n/a	n/a	1633.9933294999998	n/a	2.1400069830706343	1	3	2	HB_2_frameA.png	1	6	1638.133507	1	81	n/a	n/a	intervals/recognition_table	80	1634.459959	1635.993500
1634.459959	0.000000	326892	ttl	1	71	n/a	n/a	n/a	n/a	n/a	n/a	n/a	n/a	n/a	n/a	n/a	n/a	n/a	n/a	n/a	n/a	n/a	n/a	n/a	n/a	n/a	1634.459959	n/a
1635.993500	0.000000	327199	ttl	2	71	n/a	n/a	n/a	n/a	n/a	n/a	n/a	n/a	n/a	n/a	n/a	n/a	n/a	n/a	n/a	n/a	n/a	n/a	n/a	n/a	n/a	1635.993500	n/a
1638.133507	0.000000	327627	ttl	4	71	n/a	n/a	n/a	n/a	n/a	n/a	n/a	n/a	n/a	n/a	n/a	n/a	n/a	n/a	n/a	n/a	n/a	n/a	n/a	n/a	n/a	1638.133507	n/a
1638.150551	0.000000	327630	ttl	11	71	n/a	n/a	n/a	n/a	n/a	n/a	n/a	n/a	n/a	n/a	n/a	n/a	n/a	n/a	n/a	n/a	n/a	n/a	n/a	n/a	n/a	1638.150551	n/a
1638.633817	1.533598	327727	scene_recognition	n/a	n/a	n/a	71.0	n/a	n/a	n/a	1638.15055125	n/a	1.7154867078643292	2	3	2	HB_9_frameA.png	2	3	1641.8829019999998	1	82	n/a	n/a	intervals/recognition_table	81	1638.633817	1640.167415
1638.633817	0.000000	327727	ttl	1	71	n/a	n/a	n/a	n/a	n/a	n/a	n/a	n/a	n/a	n/a	n/a	n/a	n/a	n/a	n/a	n/a	n/a	n/a	n/a	n/a	n/a	1638.633817	n/a
1640.167415	0.000000	328033	ttl	2	71	n/a	n/a	n/a	n/a	n/a	n/a	n/a	n/a	n/a	n/a	n/a	n/a	n/a	n/a	n/a	n/a	n/a	n/a	n/a	n/a	n/a	1640.167415	n/a
1641.882902	0.000000	328377	ttl	4	71	n/a	n/a	n/a	n/a	n/a	n/a	n/a	n/a	n/a	n/a	n/a	n/a	n/a	n/a	n/a	n/a	n/a	n/a	n/a	n/a	n/a	1641.882902	n/a
1641.894178	0.000000	328379	ttl	11	71	n/a	n/a	n/a	n/a	n/a	n/a	n/a	n/a	n/a	n/a	n/a	n/a	n/a	n/a	n/a	n/a	n/a	n/a	n/a	n/a	n/a	1641.894178	n/a
1642.394081	1.533612	328479	scene_recognition	n/a	n/a	n/a	71.0	n/a	n/a	n/a	1641.89417775	n/a	1.5252031012205407	2	2	3	SB_2_frameA_foil.png	1	7	1645.4528965	0	83	n/a	n/a	intervals/recognition_table	82	1642.394081	1643.927693
1642.394081	0.000000	328479	ttl	1	71	n/a	n/a	n/a	n/a	n/a	n/a	n/a	n/a	n/a	n/a	n/a	n/a	n/a	n/a	n/a	n/a	n/a	n/a	n/a	n/a	n/a	1642.394081	n/a
1643.927693	0.000000	328786	ttl	2	71	n/a	n/a	n/a	n/a	n/a	n/a	n/a	n/a	n/a	n/a	n/a	n/a	n/a	n/a	n/a	n/a	n/a	n/a	n/a	n/a	n/a	1643.927693	n/a
1645.452896	0.000000	329091	ttl	4	71	n/a	n/a	n/a	n/a	n/a	n/a	n/a	n/a	n/a	n/a	n/a	n/a	n/a	n/a	n/a	n/a	n/a	n/a	n/a	n/a	n/a	1645.452896	n/a
1645.461030	0.000000	329092	ttl	11	71	n/a	n/a	n/a	n/a	n/a	n/a	n/a	n/a	n/a	n/a	n/a	n/a	n/a	n/a	n/a	n/a	n/a	n/a	n/a	n/a	n/a	1645.461030	n/a
1645.977688	1.533707	329196	scene_recognition	n/a	n/a	n/a	71.0	n/a	n/a	n/a	1645.4610304999999	n/a	1.3426812852267176	2	2	3	SB_6_frameA_foil.png	1	7	1648.8540765	0	84	n/a	n/a	intervals/recognition_table	83	1645.977688	1647.511395
1645.977688	0.000000	329196	ttl	1	71	n/a	n/a	n/a	n/a	n/a	n/a	n/a	n/a	n/a	n/a	n/a	n/a	n/a	n/a	n/a	n/a	n/a	n/a	n/a	n/a	n/a	1645.977688	n/a
1647.511395	0.000000	329502	ttl	2	71	n/a	n/a	n/a	n/a	n/a	n/a	n/a	n/a	n/a	n/a	n/a	n/a	n/a	n/a	n/a	n/a	n/a	n/a	n/a	n/a	n/a	1647.511395	n/a
1648.854077	0.000000	329771	ttl	4	71	n/a	n/a	n/a	n/a	n/a	n/a	n/a	n/a	n/a	n/a	n/a	n/a	n/a	n/a	n/a	n/a	n/a	n/a	n/a	n/a	n/a	1648.854077	n/a
1648.872332	0.000000	329774	ttl	11	71	n/a	n/a	n/a	n/a	n/a	n/a	n/a	n/a	n/a	n/a	n/a	n/a	n/a	n/a	n/a	n/a	n/a	n/a	n/a	n/a	n/a	1648.872332	n/a
1649.389030	1.533699	329878	scene_recognition	n/a	n/a	n/a	71.0	n/a	n/a	n/a	1648.872332	n/a	1.6356395273469388	2	3	2	HB_5_frameA.png	2	3	1652.5583689999999	1	85	n/a	n/a	intervals/recognition_table	84	1649.389030	1650.922729
1649.389030	0.000000	329878	ttl	1	71	n/a	n/a	n/a	n/a	n/a	n/a	n/a	n/a	n/a	n/a	n/a	n/a	n/a	n/a	n/a	n/a	n/a	n/a	n/a	n/a	n/a	1649.389030	n/a
1650.922729	0.000000	330185	ttl	2	71	n/a	n/a	n/a	n/a	n/a	n/a	n/a	n/a	n/a	n/a	n/a	n/a	n/a	n/a	n/a	n/a	n/a	n/a	n/a	n/a	n/a	1650.922729	n/a
1652.558369	0.000000	330512	ttl	4	71	n/a	n/a	n/a	n/a	n/a	n/a	n/a	n/a	n/a	n/a	n/a	n/a	n/a	n/a	n/a	n/a	n/a	n/a	n/a	n/a	n/a	1652.558369	n/a
1652.574243	0.000000	330515	ttl	11	71	n/a	n/a	n/a	n/a	n/a	n/a	n/a	n/a	n/a	n/a	n/a	n/a	n/a	n/a	n/a	n/a	n/a	n/a	n/a	n/a	n/a	1652.574243	n/a
1653.090945	1.533552	330618	scene_recognition	n/a	n/a	n/a	71.0	n/a	n/a	n/a	1652.5742432499999	n/a	1.4080366457346827	2	2	3	SB_3_frameB_foil.png	1	7	1656.0325335	0	86	n/a	n/a	intervals/recognition_table	85	1653.090945	1654.624497
1653.090945	0.000000	330618	ttl	1	71	n/a	n/a	n/a	n/a	n/a	n/a	n/a	n/a	n/a	n/a	n/a	n/a	n/a	n/a	n/a	n/a	n/a	n/a	n/a	n/a	n/a	1653.090945	n/a
1654.624497	0.000000	330925	ttl	2	71	n/a	n/a	n/a	n/a	n/a	n/a	n/a	n/a	n/a	n/a	n/a	n/a	n/a	n/a	n/a	n/a	n/a	n/a	n/a	n/a	n/a	1654.624497	n/a
1656.032533	0.000000	331207	ttl	4	71	n/a	n/a	n/a	n/a	n/a	n/a	n/a	n/a	n/a	n/a	n/a	n/a	n/a	n/a	n/a	n/a	n/a	n/a	n/a	n/a	n/a	1656.032533	n/a
1656.044229	0.000000	331209	ttl	11	71	n/a	n/a	n/a	n/a	n/a	n/a	n/a	n/a	n/a	n/a	n/a	n/a	n/a	n/a	n/a	n/a	n/a	n/a	n/a	n/a	n/a	1656.044229	n/a
1656.527560	1.533978	331306	scene_recognition	n/a	n/a	n/a	71.0	n/a	n/a	n/a	1656.0442289999999	n/a	1.3653139028465375	1	1	3	NB_1_frameB.png	1	7	1659.4268519999998	1	87	n/a	n/a	intervals/recognition_table	86	1656.527560	1658.061538
1656.527560	0.000000	331306	ttl	1	71	n/a	n/a	n/a	n/a	n/a	n/a	n/a	n/a	n/a	n/a	n/a	n/a	n/a	n/a	n/a	n/a	n/a	n/a	n/a	n/a	n/a	1656.527560	n/a
1658.061538	0.000000	331612	ttl	2	71	n/a	n/a	n/a	n/a	n/a	n/a	n/a	n/a	n/a	n/a	n/a	n/a	n/a	n/a	n/a	n/a	n/a	n/a	n/a	n/a	n/a	1658.061538	n/a
1659.426852	0.000000	331885	ttl	4	71	n/a	n/a	n/a	n/a	n/a	n/a	n/a	n/a	n/a	n/a	n/a	n/a	n/a	n/a	n/a	n/a	n/a	n/a	n/a	n/a	n/a	1659.426852	n/a
1659.429163	0.000000	331886	ttl	11	71	n/a	n/a	n/a	n/a	n/a	n/a	n/a	n/a	n/a	n/a	n/a	n/a	n/a	n/a	n/a	n/a	n/a	n/a	n/a	n/a	n/a	1659.429163	n/a
1659.895949	1.533555	331979	scene_recognition	n/a	n/a	n/a	71.0	n/a	n/a	n/a	1659.4291632499999	n/a	1.5059645334258676	1	2	3	SB_7_frameA.png	1	7	1662.935468	1	88	n/a	n/a	intervals/recognition_table	87	1659.895949	1661.429504
1659.895949	0.000000	331979	ttl	1	71	n/a	n/a	n/a	n/a	n/a	n/a	n/a	n/a	n/a	n/a	n/a	n/a	n/a	n/a	n/a	n/a	n/a	n/a	n/a	n/a	n/a	1659.895949	n/a
1661.429504	0.000000	332286	ttl	2	71	n/a	n/a	n/a	n/a	n/a	n/a	n/a	n/a	n/a	n/a	n/a	n/a	n/a	n/a	n/a	n/a	n/a	n/a	n/a	n/a	n/a	1661.429504	n/a
1662.935468	0.000000	332587	ttl	4	71	n/a	n/a	n/a	n/a	n/a	n/a	n/a	n/a	n/a	n/a	n/a	n/a	n/a	n/a	n/a	n/a	n/a	n/a	n/a	n/a	n/a	1662.935468	n/a
1662.946342	0.000000	332589	ttl	11	71	n/a	n/a	n/a	n/a	n/a	n/a	n/a	n/a	n/a	n/a	n/a	n/a	n/a	n/a	n/a	n/a	n/a	n/a	n/a	n/a	n/a	1662.946342	n/a
1663.463018	1.533507	332693	scene_recognition	n/a	n/a	n/a	71.0	n/a	n/a	n/a	1662.946342	n/a	1.9494440427515656	1	3	2	HB_1_frameB.png	1	6	1666.94596925	1	89	n/a	n/a	intervals/recognition_table	88	1663.463018	1664.996525
1663.463018	0.000000	332693	ttl	1	71	n/a	n/a	n/a	n/a	n/a	n/a	n/a	n/a	n/a	n/a	n/a	n/a	n/a	n/a	n/a	n/a	n/a	n/a	n/a	n/a	n/a	1663.463018	n/a
1664.996525	0.000000	332999	ttl	2	71	n/a	n/a	n/a	n/a	n/a	n/a	n/a	n/a	n/a	n/a	n/a	n/a	n/a	n/a	n/a	n/a	n/a	n/a	n/a	n/a	n/a	1664.996525	n/a
1666.945969	0.000000	333389	ttl	4	71	n/a	n/a	n/a	n/a	n/a	n/a	n/a	n/a	n/a	n/a	n/a	n/a	n/a	n/a	n/a	n/a	n/a	n/a	n/a	n/a	n/a	1666.945969	n/a
1666.952112	0.000000	333390	ttl	11	71	n/a	n/a	n/a	n/a	n/a	n/a	n/a	n/a	n/a	n/a	n/a	n/a	n/a	n/a	n/a	n/a	n/a	n/a	n/a	n/a	n/a	1666.952112	n/a
1667.502024	1.533578	333500	scene_recognition	n/a	n/a	n/a	71.0	n/a	n/a	n/a	1666.9521117499999	n/a	1.4317387960618362	1	2	3	SB_6_frameB.png	1	7	1670.46734125	1	90	n/a	n/a	intervals/recognition_table	89	1667.502024	1669.035602
1667.502024	0.000000	333500	ttl	1	71	n/a	n/a	n/a	n/a	n/a	n/a	n/a	n/a	n/a	n/a	n/a	n/a	n/a	n/a	n/a	n/a	n/a	n/a	n/a	n/a	n/a	1667.502024	n/a
1669.035602	0.000000	333807	ttl	2	71	n/a	n/a	n/a	n/a	n/a	n/a	n/a	n/a	n/a	n/a	n/a	n/a	n/a	n/a	n/a	n/a	n/a	n/a	n/a	n/a	n/a	1669.035602	n/a
1670.467341	0.000000	334093	ttl	4	71	n/a	n/a	n/a	n/a	n/a	n/a	n/a	n/a	n/a	n/a	n/a	n/a	n/a	n/a	n/a	n/a	n/a	n/a	n/a	n/a	n/a	1670.467341	n/a
1670.475892	0.000000	334095	ttl	11	71	n/a	n/a	n/a	n/a	n/a	n/a	n/a	n/a	n/a	n/a	n/a	n/a	n/a	n/a	n/a	n/a	n/a	n/a	n/a	n/a	n/a	1670.475892	n/a
1671.025874	1.533683	334205	scene_recognition	n/a	n/a	n/a	71.0	n/a	n/a	n/a	1670.4758917499998	n/a	1.1734745157882571	2	3	2	HB_2_frameB_foil.png	1	6	1673.7330319999999	0	91	n/a	n/a	intervals/recognition_table	90	1671.025874	1672.559557
1671.025874	0.000000	334205	ttl	1	71	n/a	n/a	n/a	n/a	n/a	n/a	n/a	n/a	n/a	n/a	n/a	n/a	n/a	n/a	n/a	n/a	n/a	n/a	n/a	n/a	n/a	1671.025874	n/a
1672.559557	0.000000	334512	ttl	2	71	n/a	n/a	n/a	n/a	n/a	n/a	n/a	n/a	n/a	n/a	n/a	n/a	n/a	n/a	n/a	n/a	n/a	n/a	n/a	n/a	n/a	1672.559557	n/a
1673.733032	0.000000	334747	ttl	4	71	n/a	n/a	n/a	n/a	n/a	n/a	n/a	n/a	n/a	n/a	n/a	n/a	n/a	n/a	n/a	n/a	n/a	n/a	n/a	n/a	n/a	1673.733032	n/a
1673.749746	0.000000	334750	ttl	11	71	n/a	n/a	n/a	n/a	n/a	n/a	n/a	n/a	n/a	n/a	n/a	n/a	n/a	n/a	n/a	n/a	n/a	n/a	n/a	n/a	n/a	1673.749746	n/a
1674.316524	1.533440	334863	scene_recognition	n/a	n/a	n/a	71.0	n/a	n/a	n/a	1673.7497462499998	n/a	0.1400728051085025	2	3	2	HB_4_frameB.png	2	3	1675.990037	1	92	n/a	n/a	intervals/recognition_table	91	1674.316524	1675.849964
1674.316524	0.000000	334863	ttl	1	71	n/a	n/a	n/a	n/a	n/a	n/a	n/a	n/a	n/a	n/a	n/a	n/a	n/a	n/a	n/a	n/a	n/a	n/a	n/a	n/a	n/a	1674.316524	n/a
1675.849964	0.000000	335170	ttl	2	71	n/a	n/a	n/a	n/a	n/a	n/a	n/a	n/a	n/a	n/a	n/a	n/a	n/a	n/a	n/a	n/a	n/a	n/a	n/a	n/a	n/a	1675.849964	n/a
1675.990037	0.000000	335198	ttl	4	71	n/a	n/a	n/a	n/a	n/a	n/a	n/a	n/a	n/a	n/a	n/a	n/a	n/a	n/a	n/a	n/a	n/a	n/a	n/a	n/a	n/a	1675.990037	n/a
1676.001498	0.000000	335200	ttl	11	71	n/a	n/a	n/a	n/a	n/a	n/a	n/a	n/a	n/a	n/a	n/a	n/a	n/a	n/a	n/a	n/a	n/a	n/a	n/a	n/a	n/a	1676.001498	n/a
1676.534794	1.533726	335307	scene_recognition	n/a	n/a	n/a	71.0	n/a	n/a	n/a	1676.0014979999999	n/a	1.5986742882523686	1	3	2	HB_5_frameA.png	1	6	1679.6671935	1	93	n/a	n/a	intervals/recognition_table	92	1676.534794	1678.068519
1676.534794	0.000000	335307	ttl	1	71	n/a	n/a	n/a	n/a	n/a	n/a	n/a	n/a	n/a	n/a	n/a	n/a	n/a	n/a	n/a	n/a	n/a	n/a	n/a	n/a	n/a	1676.534794	n/a
1678.068519	0.000000	335614	ttl	2	71	n/a	n/a	n/a	n/a	n/a	n/a	n/a	n/a	n/a	n/a	n/a	n/a	n/a	n/a	n/a	n/a	n/a	n/a	n/a	n/a	n/a	1678.068519	n/a
1679.667193	0.000000	335933	ttl	4	71	n/a	n/a	n/a	n/a	n/a	n/a	n/a	n/a	n/a	n/a	n/a	n/a	n/a	n/a	n/a	n/a	n/a	n/a	n/a	n/a	n/a	1679.667193	n/a
1679.670297	0.000000	335934	ttl	11	71	n/a	n/a	n/a	n/a	n/a	n/a	n/a	n/a	n/a	n/a	n/a	n/a	n/a	n/a	n/a	n/a	n/a	n/a	n/a	n/a	n/a	1679.670297	n/a
1680.153624	1.533716	336031	scene_recognition	n/a	n/a	n/a	71.0	n/a	n/a	n/a	1679.67029675	n/a	1.311831338214688	2	3	2	HB_3_frameB_foil.png	1	6	1682.99917125	0	94	n/a	n/a	intervals/recognition_table	93	1680.153624	1681.687340
1680.153624	0.000000	336031	ttl	1	71	n/a	n/a	n/a	n/a	n/a	n/a	n/a	n/a	n/a	n/a	n/a	n/a	n/a	n/a	n/a	n/a	n/a	n/a	n/a	n/a	n/a	1680.153624	n/a
1681.687340	0.000000	336337	ttl	2	71	n/a	n/a	n/a	n/a	n/a	n/a	n/a	n/a	n/a	n/a	n/a	n/a	n/a	n/a	n/a	n/a	n/a	n/a	n/a	n/a	n/a	1681.687340	n/a
1682.999171	0.000000	336600	ttl	4	71	n/a	n/a	n/a	n/a	n/a	n/a	n/a	n/a	n/a	n/a	n/a	n/a	n/a	n/a	n/a	n/a	n/a	n/a	n/a	n/a	n/a	1682.999171	n/a
1683.012778	0.000000	336603	ttl	11	71	n/a	n/a	n/a	n/a	n/a	n/a	n/a	n/a	n/a	n/a	n/a	n/a	n/a	n/a	n/a	n/a	n/a	n/a	n/a	n/a	n/a	1683.012778	n/a
1683.562699	1.533482	336713	scene_recognition	n/a	n/a	n/a	71.0	n/a	n/a	n/a	1683.0127782499999	n/a	2.0793367557926103	2	3	2	HB_8_frameA_foil.png	1	6	1687.17551725	0	95	n/a	n/a	intervals/recognition_table	94	1683.562699	1685.096180
1683.562699	0.000000	336713	ttl	1	71	n/a	n/a	n/a	n/a	n/a	n/a	n/a	n/a	n/a	n/a	n/a	n/a	n/a	n/a	n/a	n/a	n/a	n/a	n/a	n/a	n/a	1683.562699	n/a
1685.096180	0.000000	337019	ttl	2	71	n/a	n/a	n/a	n/a	n/a	n/a	n/a	n/a	n/a	n/a	n/a	n/a	n/a	n/a	n/a	n/a	n/a	n/a	n/a	n/a	n/a	1685.096180	n/a
1687.175517	0.000000	337435	ttl	4	71	n/a	n/a	n/a	n/a	n/a	n/a	n/a	n/a	n/a	n/a	n/a	n/a	n/a	n/a	n/a	n/a	n/a	n/a	n/a	n/a	n/a	1687.175517	n/a
1687.189063	0.000000	337438	ttl	11	71	n/a	n/a	n/a	n/a	n/a	n/a	n/a	n/a	n/a	n/a	n/a	n/a	n/a	n/a	n/a	n/a	n/a	n/a	n/a	n/a	n/a	1687.189063	n/a
1687.722364	1.533544	337544	scene_recognition	n/a	n/a	n/a	71.0	n/a	n/a	n/a	1687.18906275	n/a	1.4998113345354795	1	2	3	SB_8_frameA.png	1	7	1690.755719	1	96	n/a	n/a	intervals/recognition_table	95	1687.722364	1689.255908
1687.722364	0.000000	337544	ttl	1	71	n/a	n/a	n/a	n/a	n/a	n/a	n/a	n/a	n/a	n/a	n/a	n/a	n/a	n/a	n/a	n/a	n/a	n/a	n/a	n/a	n/a	1687.722364	n/a
1689.255908	0.000000	337851	ttl	2	71	n/a	n/a	n/a	n/a	n/a	n/a	n/a	n/a	n/a	n/a	n/a	n/a	n/a	n/a	n/a	n/a	n/a	n/a	n/a	n/a	n/a	1689.255908	n/a
1690.755719	0.000000	338151	ttl	4	71	n/a	n/a	n/a	n/a	n/a	n/a	n/a	n/a	n/a	n/a	n/a	n/a	n/a	n/a	n/a	n/a	n/a	n/a	n/a	n/a	n/a	1690.755719	n/a
1690.757728	0.000000	338152	ttl	11	71	n/a	n/a	n/a	n/a	n/a	n/a	n/a	n/a	n/a	n/a	n/a	n/a	n/a	n/a	n/a	n/a	n/a	n/a	n/a	n/a	n/a	1690.757728	n/a
1691.224435	1.533492	338245	scene_recognition	n/a	n/a	n/a	71.0	n/a	n/a	n/a	1690.7577285	n/a	0.7300079764099792	2	3	2	HB_1_frameB.png	2	3	1693.48793525	1	97	n/a	n/a	intervals/recognition_table	96	1691.224435	1692.757927
1691.224435	0.000000	338245	ttl	1	71	n/a	n/a	n/a	n/a	n/a	n/a	n/a	n/a	n/a	n/a	n/a	n/a	n/a	n/a	n/a	n/a	n/a	n/a	n/a	n/a	n/a	1691.224435	n/a
1692.757927	0.000000	338552	ttl	2	71	n/a	n/a	n/a	n/a	n/a	n/a	n/a	n/a	n/a	n/a	n/a	n/a	n/a	n/a	n/a	n/a	n/a	n/a	n/a	n/a	n/a	1692.757927	n/a
1693.487935	0.000000	338698	ttl	4	71	n/a	n/a	n/a	n/a	n/a	n/a	n/a	n/a	n/a	n/a	n/a	n/a	n/a	n/a	n/a	n/a	n/a	n/a	n/a	n/a	n/a	1693.487935	n/a
1693.528838	0.000000	338706	ttl	11	71	n/a	n/a	n/a	n/a	n/a	n/a	n/a	n/a	n/a	n/a	n/a	n/a	n/a	n/a	n/a	n/a	n/a	n/a	n/a	n/a	n/a	1693.528838	n/a
1694.062030	1.533498	338812	scene_recognition	n/a	n/a	n/a	71.0	n/a	n/a	n/a	1693.52883825	n/a	1.5791033351561055	1	2	3	SB_2_frameA.png	1	7	1697.1746309999999	1	98	n/a	n/a	intervals/recognition_table	97	1694.062030	1695.595528
1694.062030	0.000000	338812	ttl	1	71	n/a	n/a	n/a	n/a	n/a	n/a	n/a	n/a	n/a	n/a	n/a	n/a	n/a	n/a	n/a	n/a	n/a	n/a	n/a	n/a	n/a	1694.062030	n/a
1695.595528	0.000000	339119	ttl	2	71	n/a	n/a	n/a	n/a	n/a	n/a	n/a	n/a	n/a	n/a	n/a	n/a	n/a	n/a	n/a	n/a	n/a	n/a	n/a	n/a	n/a	1695.595528	n/a
1697.174631	0.000000	339435	ttl	4	71	n/a	n/a	n/a	n/a	n/a	n/a	n/a	n/a	n/a	n/a	n/a	n/a	n/a	n/a	n/a	n/a	n/a	n/a	n/a	n/a	n/a	1697.174631	n/a
1697.180392	0.000000	339436	ttl	11	71	n/a	n/a	n/a	n/a	n/a	n/a	n/a	n/a	n/a	n/a	n/a	n/a	n/a	n/a	n/a	n/a	n/a	n/a	n/a	n/a	n/a	1697.180392	n/a
1697.713671	1.533625	339543	scene_recognition	n/a	n/a	n/a	71.0	n/a	n/a	n/a	1697.18039175	n/a	0.9827963428106159	2	3	2	HB_2_frameA.png	2	3	1700.2300927499998	1	99	n/a	n/a	intervals/recognition_table	98	1697.713671	1699.247296
1697.713671	0.000000	339543	ttl	1	71	n/a	n/a	n/a	n/a	n/a	n/a	n/a	n/a	n/a	n/a	n/a	n/a	n/a	n/a	n/a	n/a	n/a	n/a	n/a	n/a	n/a	1697.713671	n/a
1699.247296	0.000000	339849	ttl	2	71	n/a	n/a	n/a	n/a	n/a	n/a	n/a	n/a	n/a	n/a	n/a	n/a	n/a	n/a	n/a	n/a	n/a	n/a	n/a	n/a	n/a	1699.247296	n/a
1700.230093	0.000000	340046	ttl	4	71	n/a	n/a	n/a	n/a	n/a	n/a	n/a	n/a	n/a	n/a	n/a	n/a	n/a	n/a	n/a	n/a	n/a	n/a	n/a	n/a	n/a	1700.230093	n/a
1700.232342	0.000000	340046	ttl	11	71	n/a	n/a	n/a	n/a	n/a	n/a	n/a	n/a	n/a	n/a	n/a	n/a	n/a	n/a	n/a	n/a	n/a	n/a	n/a	n/a	n/a	1700.232342	n/a
1700.765741	1.533299	340153	scene_recognition	n/a	n/a	n/a	71.0	n/a	n/a	n/a	1700.232342	n/a	1.521078082616441	1	3	2	HB_2_frameA.png	1	6	1703.82011825	1	100	n/a	n/a	intervals/recognition_table	99	1700.765741	1702.299040
1700.765741	0.000000	340153	ttl	1	71	n/a	n/a	n/a	n/a	n/a	n/a	n/a	n/a	n/a	n/a	n/a	n/a	n/a	n/a	n/a	n/a	n/a	n/a	n/a	n/a	n/a	1700.765741	n/a
1702.299040	0.000000	340460	ttl	2	71	n/a	n/a	n/a	n/a	n/a	n/a	n/a	n/a	n/a	n/a	n/a	n/a	n/a	n/a	n/a	n/a	n/a	n/a	n/a	n/a	n/a	1702.299040	n/a
1703.820118	0.000000	340764	ttl	4	71	n/a	n/a	n/a	n/a	n/a	n/a	n/a	n/a	n/a	n/a	n/a	n/a	n/a	n/a	n/a	n/a	n/a	n/a	n/a	n/a	n/a	1703.820118	n/a
1703.833228	0.000000	340767	ttl	11	71	n/a	n/a	n/a	n/a	n/a	n/a	n/a	n/a	n/a	n/a	n/a	n/a	n/a	n/a	n/a	n/a	n/a	n/a	n/a	n/a	n/a	1703.833228	n/a
1704.366524	1.533759	340873	scene_recognition	n/a	n/a	n/a	71.0	n/a	n/a	n/a	1703.8332277499999	n/a	1.6369787977309898	1	1	3	NB_18_frameA.png	1	7	1707.5372619999998	1	101	n/a	n/a	intervals/recognition_table	100	1704.366524	1705.900283
1704.366524	0.000000	340873	ttl	1	71	n/a	n/a	n/a	n/a	n/a	n/a	n/a	n/a	n/a	n/a	n/a	n/a	n/a	n/a	n/a	n/a	n/a	n/a	n/a	n/a	n/a	1704.366524	n/a
1705.900283	0.000000	341180	ttl	2	71	n/a	n/a	n/a	n/a	n/a	n/a	n/a	n/a	n/a	n/a	n/a	n/a	n/a	n/a	n/a	n/a	n/a	n/a	n/a	n/a	n/a	1705.900283	n/a
1707.537262	0.000000	341507	ttl	4	71	n/a	n/a	n/a	n/a	n/a	n/a	n/a	n/a	n/a	n/a	n/a	n/a	n/a	n/a	n/a	n/a	n/a	n/a	n/a	n/a	n/a	1707.537262	n/a
1707.544432	0.000000	341509	ttl	11	71	n/a	n/a	n/a	n/a	n/a	n/a	n/a	n/a	n/a	n/a	n/a	n/a	n/a	n/a	n/a	n/a	n/a	n/a	n/a	n/a	n/a	1707.544432	n/a
1708.027723	1.533508	341606	scene_recognition	n/a	n/a	n/a	71.0	n/a	n/a	n/a	1707.544432	n/a	1.5250182512681931	1	1	3	NB_4_frameB_foil.png	2	2	1711.0862492499998	0	102	n/a	n/a	intervals/recognition_table	101	1708.027723	1709.561231
1708.027723	0.000000	341606	ttl	1	71	n/a	n/a	n/a	n/a	n/a	n/a	n/a	n/a	n/a	n/a	n/a	n/a	n/a	n/a	n/a	n/a	n/a	n/a	n/a	n/a	n/a	1708.027723	n/a
1709.561231	0.000000	341912	ttl	2	71	n/a	n/a	n/a	n/a	n/a	n/a	n/a	n/a	n/a	n/a	n/a	n/a	n/a	n/a	n/a	n/a	n/a	n/a	n/a	n/a	n/a	1709.561231	n/a
1711.086249	0.000000	342217	ttl	4	71	n/a	n/a	n/a	n/a	n/a	n/a	n/a	n/a	n/a	n/a	n/a	n/a	n/a	n/a	n/a	n/a	n/a	n/a	n/a	n/a	n/a	1711.086249	n/a
1711.088430	0.000000	342218	ttl	11	71	n/a	n/a	n/a	n/a	n/a	n/a	n/a	n/a	n/a	n/a	n/a	n/a	n/a	n/a	n/a	n/a	n/a	n/a	n/a	n/a	n/a	1711.088430	n/a
1711.588447	1.533541	342318	scene_recognition	n/a	n/a	n/a	71.0	n/a	n/a	n/a	1711.08842975	n/a	1.8185557873221114	1	1	3	NB_21_frameB.png	1	7	1714.94054325	1	103	n/a	n/a	intervals/recognition_table	102	1711.588447	1713.121987
1711.588447	0.000000	342318	ttl	1	71	n/a	n/a	n/a	n/a	n/a	n/a	n/a	n/a	n/a	n/a	n/a	n/a	n/a	n/a	n/a	n/a	n/a	n/a	n/a	n/a	n/a	1711.588447	n/a
1713.121987	0.000000	342624	ttl	2	71	n/a	n/a	n/a	n/a	n/a	n/a	n/a	n/a	n/a	n/a	n/a	n/a	n/a	n/a	n/a	n/a	n/a	n/a	n/a	n/a	n/a	1713.121987	n/a
1714.940543	0.000000	342988	ttl	4	71	n/a	n/a	n/a	n/a	n/a	n/a	n/a	n/a	n/a	n/a	n/a	n/a	n/a	n/a	n/a	n/a	n/a	n/a	n/a	n/a	n/a	1714.940543	n/a
1714.952219	0.000000	342990	ttl	11	71	n/a	n/a	n/a	n/a	n/a	n/a	n/a	n/a	n/a	n/a	n/a	n/a	n/a	n/a	n/a	n/a	n/a	n/a	n/a	n/a	n/a	1714.952219	n/a
1715.468857	1.533574	343094	scene_recognition	n/a	n/a	n/a	71.0	n/a	n/a	n/a	1714.9522195	n/a	1.6761772220488638	2	3	2	HB_5_frameB_foil.png	1	6	1718.6786084999999	0	104	n/a	n/a	intervals/recognition_table	103	1715.468857	1717.002431
1715.468857	0.000000	343094	ttl	1	71	n/a	n/a	n/a	n/a	n/a	n/a	n/a	n/a	n/a	n/a	n/a	n/a	n/a	n/a	n/a	n/a	n/a	n/a	n/a	n/a	n/a	1715.468857	n/a
1717.002431	0.000000	343400	ttl	2	71	n/a	n/a	n/a	n/a	n/a	n/a	n/a	n/a	n/a	n/a	n/a	n/a	n/a	n/a	n/a	n/a	n/a	n/a	n/a	n/a	n/a	1717.002431	n/a
1718.678608	0.000000	343736	ttl	4	71	n/a	n/a	n/a	n/a	n/a	n/a	n/a	n/a	n/a	n/a	n/a	n/a	n/a	n/a	n/a	n/a	n/a	n/a	n/a	n/a	n/a	1718.678608	n/a
1718.686540	0.000000	343737	ttl	11	71	n/a	n/a	n/a	n/a	n/a	n/a	n/a	n/a	n/a	n/a	n/a	n/a	n/a	n/a	n/a	n/a	n/a	n/a	n/a	n/a	n/a	1718.686540	n/a
1719.153215	1.533516	343831	scene_recognition	n/a	n/a	n/a	71.0	n/a	n/a	n/a	1718.68654	n/a	1.8522584387101233	2	1	3	NB_18_frameB_foil.png	1	7	1722.53899	0	105	n/a	n/a	intervals/recognition_table	104	1719.153215	1720.686731
1719.153215	0.000000	343831	ttl	1	71	n/a	n/a	n/a	n/a	n/a	n/a	n/a	n/a	n/a	n/a	n/a	n/a	n/a	n/a	n/a	n/a	n/a	n/a	n/a	n/a	n/a	1719.153215	n/a
1720.686731	0.000000	344137	ttl	2	71	n/a	n/a	n/a	n/a	n/a	n/a	n/a	n/a	n/a	n/a	n/a	n/a	n/a	n/a	n/a	n/a	n/a	n/a	n/a	n/a	n/a	1720.686731	n/a
1722.538990	0.000000	344508	ttl	4	71	n/a	n/a	n/a	n/a	n/a	n/a	n/a	n/a	n/a	n/a	n/a	n/a	n/a	n/a	n/a	n/a	n/a	n/a	n/a	n/a	n/a	1722.538990	n/a
1722.551358	0.000000	344510	ttl	11	71	n/a	n/a	n/a	n/a	n/a	n/a	n/a	n/a	n/a	n/a	n/a	n/a	n/a	n/a	n/a	n/a	n/a	n/a	n/a	n/a	n/a	1722.551358	n/a
1723.051208	1.533504	344610	scene_recognition	n/a	n/a	n/a	71.0	n/a	n/a	n/a	1722.55135825	n/a	1.915738573181443	2	3	2	HB_2_frameB.png	2	3	1726.5004509999999	1	106	n/a	n/a	intervals/recognition_table	105	1723.051208	1724.584713
1723.051208	0.000000	344610	ttl	1	71	n/a	n/a	n/a	n/a	n/a	n/a	n/a	n/a	n/a	n/a	n/a	n/a	n/a	n/a	n/a	n/a	n/a	n/a	n/a	n/a	n/a	1723.051208	n/a
1724.584713	0.000000	344917	ttl	2	71	n/a	n/a	n/a	n/a	n/a	n/a	n/a	n/a	n/a	n/a	n/a	n/a	n/a	n/a	n/a	n/a	n/a	n/a	n/a	n/a	n/a	1724.584713	n/a
1726.500451	0.000000	345300	ttl	4	71	n/a	n/a	n/a	n/a	n/a	n/a	n/a	n/a	n/a	n/a	n/a	n/a	n/a	n/a	n/a	n/a	n/a	n/a	n/a	n/a	n/a	1726.500451	n/a
1726.510483	0.000000	345302	ttl	11	71	n/a	n/a	n/a	n/a	n/a	n/a	n/a	n/a	n/a	n/a	n/a	n/a	n/a	n/a	n/a	n/a	n/a	n/a	n/a	n/a	n/a	1726.510483	n/a
1727.043724	1.533819	345409	scene_recognition	n/a	n/a	n/a	71.0	n/a	n/a	n/a	1726.510483	n/a	1.603750871377997	2	2	3	SB_1_frameA_foil.png	1	7	1730.18129375	0	107	n/a	n/a	intervals/recognition_table	106	1727.043724	1728.577543
1727.043724	0.000000	345409	ttl	1	71	n/a	n/a	n/a	n/a	n/a	n/a	n/a	n/a	n/a	n/a	n/a	n/a	n/a	n/a	n/a	n/a	n/a	n/a	n/a	n/a	n/a	1727.043724	n/a
1728.577543	0.000000	345716	ttl	2	71	n/a	n/a	n/a	n/a	n/a	n/a	n/a	n/a	n/a	n/a	n/a	n/a	n/a	n/a	n/a	n/a	n/a	n/a	n/a	n/a	n/a	1728.577543	n/a
1730.181294	0.000000	346036	ttl	4	71	n/a	n/a	n/a	n/a	n/a	n/a	n/a	n/a	n/a	n/a	n/a	n/a	n/a	n/a	n/a	n/a	n/a	n/a	n/a	n/a	n/a	1730.181294	n/a
1730.184323	0.000000	346037	ttl	11	71	n/a	n/a	n/a	n/a	n/a	n/a	n/a	n/a	n/a	n/a	n/a	n/a	n/a	n/a	n/a	n/a	n/a	n/a	n/a	n/a	n/a	1730.184323	n/a
1730.684342	1.533569	346137	scene_recognition	n/a	n/a	n/a	71.0	n/a	n/a	n/a	1730.1843235	n/a	1.3355477680452168	1	2	3	SB_9_frameA_foil.png	2	2	1733.5534579999999	0	108	n/a	n/a	intervals/recognition_table	107	1730.684342	1732.217910
1730.684342	0.000000	346137	ttl	1	71	n/a	n/a	n/a	n/a	n/a	n/a	n/a	n/a	n/a	n/a	n/a	n/a	n/a	n/a	n/a	n/a	n/a	n/a	n/a	n/a	n/a	1730.684342	n/a
1732.217910	0.000000	346444	ttl	2	71	n/a	n/a	n/a	n/a	n/a	n/a	n/a	n/a	n/a	n/a	n/a	n/a	n/a	n/a	n/a	n/a	n/a	n/a	n/a	n/a	n/a	1732.217910	n/a
1733.553458	0.000000	346711	ttl	4	71	n/a	n/a	n/a	n/a	n/a	n/a	n/a	n/a	n/a	n/a	n/a	n/a	n/a	n/a	n/a	n/a	n/a	n/a	n/a	n/a	n/a	1733.553458	n/a
1733.565385	0.000000	346713	ttl	11	71	n/a	n/a	n/a	n/a	n/a	n/a	n/a	n/a	n/a	n/a	n/a	n/a	n/a	n/a	n/a	n/a	n/a	n/a	n/a	n/a	n/a	1733.565385	n/a
1734.098449	1.533596	346820	scene_recognition	n/a	n/a	n/a	71.0	n/a	n/a	n/a	1733.56538475	n/a	1.423327747033909	2	1	3	NB_19_frameB.png	2	2	1737.055373	1	109	n/a	n/a	intervals/recognition_table	108	1734.098449	1735.632045
1734.098449	0.000000	346820	ttl	1	71	n/a	n/a	n/a	n/a	n/a	n/a	n/a	n/a	n/a	n/a	n/a	n/a	n/a	n/a	n/a	n/a	n/a	n/a	n/a	n/a	n/a	1734.098449	n/a
1735.632045	0.000000	347126	ttl	2	71	n/a	n/a	n/a	n/a	n/a	n/a	n/a	n/a	n/a	n/a	n/a	n/a	n/a	n/a	n/a	n/a	n/a	n/a	n/a	n/a	n/a	1735.632045	n/a
1737.055373	0.000000	347411	ttl	4	71	n/a	n/a	n/a	n/a	n/a	n/a	n/a	n/a	n/a	n/a	n/a	n/a	n/a	n/a	n/a	n/a	n/a	n/a	n/a	n/a	n/a	1737.055373	n/a
1737.073008	0.000000	347415	ttl	11	71	n/a	n/a	n/a	n/a	n/a	n/a	n/a	n/a	n/a	n/a	n/a	n/a	n/a	n/a	n/a	n/a	n/a	n/a	n/a	n/a	n/a	1737.073008	n/a
1737.572934	1.533554	347515	scene_recognition	n/a	n/a	n/a	71.0	n/a	n/a	n/a	1737.0730079999998	n/a	1.7468972513452172	1	3	2	HB_2_frameB_foil.png	2	3	1740.8533854999998	0	110	n/a	n/a	intervals/recognition_table	109	1737.572934	1739.106488
1737.572934	0.000000	347515	ttl	1	71	n/a	n/a	n/a	n/a	n/a	n/a	n/a	n/a	n/a	n/a	n/a	n/a	n/a	n/a	n/a	n/a	n/a	n/a	n/a	n/a	n/a	1737.572934	n/a
1739.106488	0.000000	347821	ttl	2	71	n/a	n/a	n/a	n/a	n/a	n/a	n/a	n/a	n/a	n/a	n/a	n/a	n/a	n/a	n/a	n/a	n/a	n/a	n/a	n/a	n/a	1739.106488	n/a
1740.853385	0.000000	348171	ttl	4	71	n/a	n/a	n/a	n/a	n/a	n/a	n/a	n/a	n/a	n/a	n/a	n/a	n/a	n/a	n/a	n/a	n/a	n/a	n/a	n/a	n/a	1740.853385	n/a
1740.860235	0.000000	348172	ttl	11	71	n/a	n/a	n/a	n/a	n/a	n/a	n/a	n/a	n/a	n/a	n/a	n/a	n/a	n/a	n/a	n/a	n/a	n/a	n/a	n/a	n/a	1740.860235	n/a
1741.343534	1.533839	348269	scene_recognition	n/a	n/a	n/a	71.0	n/a	n/a	n/a	1740.86023525	n/a	1.9512557935668156	2	3	2	HB_1_frameA_foil.png	1	6	1744.82862875	0	111	n/a	n/a	intervals/recognition_table	110	1741.343534	1742.877373
1741.343534	0.000000	348269	ttl	1	71	n/a	n/a	n/a	n/a	n/a	n/a	n/a	n/a	n/a	n/a	n/a	n/a	n/a	n/a	n/a	n/a	n/a	n/a	n/a	n/a	n/a	1741.343534	n/a
1742.877373	0.000000	348575	ttl	2	71	n/a	n/a	n/a	n/a	n/a	n/a	n/a	n/a	n/a	n/a	n/a	n/a	n/a	n/a	n/a	n/a	n/a	n/a	n/a	n/a	n/a	1742.877373	n/a
1744.828629	0.000000	348966	ttl	4	71	n/a	n/a	n/a	n/a	n/a	n/a	n/a	n/a	n/a	n/a	n/a	n/a	n/a	n/a	n/a	n/a	n/a	n/a	n/a	n/a	n/a	1744.828629	n/a
1744.834754	0.000000	348967	ttl	11	71	n/a	n/a	n/a	n/a	n/a	n/a	n/a	n/a	n/a	n/a	n/a	n/a	n/a	n/a	n/a	n/a	n/a	n/a	n/a	n/a	n/a	1744.834754	n/a
1745.368074	1.533734	349074	scene_recognition	n/a	n/a	n/a	71.0	n/a	n/a	n/a	1744.83475375	n/a	1.559990843059495	1	3	2	HB_4_frameB.png	1	6	1748.461799	1	112	n/a	n/a	intervals/recognition_table	111	1745.368074	1746.901808
1745.368074	0.000000	349074	ttl	1	71	n/a	n/a	n/a	n/a	n/a	n/a	n/a	n/a	n/a	n/a	n/a	n/a	n/a	n/a	n/a	n/a	n/a	n/a	n/a	n/a	n/a	1745.368074	n/a
1746.901808	0.000000	349380	ttl	2	71	n/a	n/a	n/a	n/a	n/a	n/a	n/a	n/a	n/a	n/a	n/a	n/a	n/a	n/a	n/a	n/a	n/a	n/a	n/a	n/a	n/a	1746.901808	n/a
1748.461799	0.000000	349692	ttl	4	71	n/a	n/a	n/a	n/a	n/a	n/a	n/a	n/a	n/a	n/a	n/a	n/a	n/a	n/a	n/a	n/a	n/a	n/a	n/a	n/a	n/a	1748.461799	n/a
1748.475820	0.000000	349695	ttl	11	71	n/a	n/a	n/a	n/a	n/a	n/a	n/a	n/a	n/a	n/a	n/a	n/a	n/a	n/a	n/a	n/a	n/a	n/a	n/a	n/a	n/a	1748.475820	n/a
1749.009112	1.533578	349802	scene_recognition	n/a	n/a	n/a	71.0	n/a	n/a	n/a	1748.47581975	n/a	1.549745934549719	2	1	3	NB_1_frameA_foil.png	1	7	1752.0924355	0	113	n/a	n/a	intervals/recognition_table	112	1749.009112	1750.542690
1749.009112	0.000000	349802	ttl	1	71	n/a	n/a	n/a	n/a	n/a	n/a	n/a	n/a	n/a	n/a	n/a	n/a	n/a	n/a	n/a	n/a	n/a	n/a	n/a	n/a	n/a	1749.009112	n/a
1750.542690	0.000000	350109	ttl	2	71	n/a	n/a	n/a	n/a	n/a	n/a	n/a	n/a	n/a	n/a	n/a	n/a	n/a	n/a	n/a	n/a	n/a	n/a	n/a	n/a	n/a	1750.542690	n/a
1752.092435	0.000000	350418	ttl	4	71	n/a	n/a	n/a	n/a	n/a	n/a	n/a	n/a	n/a	n/a	n/a	n/a	n/a	n/a	n/a	n/a	n/a	n/a	n/a	n/a	n/a	1752.092435	n/a
1752.101104	0.000000	350420	ttl	11	71	n/a	n/a	n/a	n/a	n/a	n/a	n/a	n/a	n/a	n/a	n/a	n/a	n/a	n/a	n/a	n/a	n/a	n/a	n/a	n/a	n/a	1752.101104	n/a
1752.617724	1.533461	350524	scene_recognition	n/a	n/a	n/a	71.0	n/a	n/a	n/a	1752.1011039999999	n/a	1.5639365224633366	2	1	3	NB_23_frameA_foil.png	1	7	1755.7151215	0	114	n/a	n/a	intervals/recognition_table	113	1752.617724	1754.151185
1752.617724	0.000000	350524	ttl	1	71	n/a	n/a	n/a	n/a	n/a	n/a	n/a	n/a	n/a	n/a	n/a	n/a	n/a	n/a	n/a	n/a	n/a	n/a	n/a	n/a	n/a	1752.617724	n/a
1754.151185	0.000000	350830	ttl	2	71	n/a	n/a	n/a	n/a	n/a	n/a	n/a	n/a	n/a	n/a	n/a	n/a	n/a	n/a	n/a	n/a	n/a	n/a	n/a	n/a	n/a	1754.151185	n/a
1755.715121	0.000000	351143	ttl	4	71	n/a	n/a	n/a	n/a	n/a	n/a	n/a	n/a	n/a	n/a	n/a	n/a	n/a	n/a	n/a	n/a	n/a	n/a	n/a	n/a	n/a	1755.715121	n/a
1755.725117	0.000000	351145	ttl	11	71	n/a	n/a	n/a	n/a	n/a	n/a	n/a	n/a	n/a	n/a	n/a	n/a	n/a	n/a	n/a	n/a	n/a	n/a	n/a	n/a	n/a	1755.725117	n/a
1756.275087	1.533643	351255	scene_recognition	n/a	n/a	n/a	71.0	n/a	n/a	n/a	1755.7251165	n/a	1.5239599742926657	2	3	2	HB_4_frameA_foil.png	1	6	1759.3326902499998	0	115	n/a	n/a	intervals/recognition_table	114	1756.275087	1757.808730
1756.275087	0.000000	351255	ttl	1	71	n/a	n/a	n/a	n/a	n/a	n/a	n/a	n/a	n/a	n/a	n/a	n/a	n/a	n/a	n/a	n/a	n/a	n/a	n/a	n/a	n/a	1756.275087	n/a
1757.808730	0.000000	351562	ttl	2	71	n/a	n/a	n/a	n/a	n/a	n/a	n/a	n/a	n/a	n/a	n/a	n/a	n/a	n/a	n/a	n/a	n/a	n/a	n/a	n/a	n/a	1757.808730	n/a
1759.332690	0.000000	351867	ttl	4	71	n/a	n/a	n/a	n/a	n/a	n/a	n/a	n/a	n/a	n/a	n/a	n/a	n/a	n/a	n/a	n/a	n/a	n/a	n/a	n/a	n/a	1759.332690	n/a
1759.341646	0.000000	351868	ttl	11	71	n/a	n/a	n/a	n/a	n/a	n/a	n/a	n/a	n/a	n/a	n/a	n/a	n/a	n/a	n/a	n/a	n/a	n/a	n/a	n/a	n/a	1759.341646	n/a
1759.824979	1.533415	351965	scene_recognition	n/a	n/a	n/a	71.0	n/a	n/a	n/a	1759.3416459999999	n/a	1.9087626875843853	2	3	2	HB_6_frameB_foil.png	1	6	1763.2671575	0	116	n/a	n/a	intervals/recognition_table	115	1759.824979	1761.358395
1759.824979	0.000000	351965	ttl	1	71	n/a	n/a	n/a	n/a	n/a	n/a	n/a	n/a	n/a	n/a	n/a	n/a	n/a	n/a	n/a	n/a	n/a	n/a	n/a	n/a	n/a	1759.824979	n/a
1761.358395	0.000000	352272	ttl	2	71	n/a	n/a	n/a	n/a	n/a	n/a	n/a	n/a	n/a	n/a	n/a	n/a	n/a	n/a	n/a	n/a	n/a	n/a	n/a	n/a	n/a	1761.358395	n/a
1763.267157	0.000000	352653	ttl	4	71	n/a	n/a	n/a	n/a	n/a	n/a	n/a	n/a	n/a	n/a	n/a	n/a	n/a	n/a	n/a	n/a	n/a	n/a	n/a	n/a	n/a	1763.267157	n/a
1763.269851	0.000000	352654	ttl	11	71	n/a	n/a	n/a	n/a	n/a	n/a	n/a	n/a	n/a	n/a	n/a	n/a	n/a	n/a	n/a	n/a	n/a	n/a	n/a	n/a	n/a	1763.269851	n/a
1763.736411	1.533622	352747	scene_recognition	n/a	n/a	n/a	71.0	n/a	n/a	n/a	1763.269851	n/a	1.5341923541855067	1	1	3	NB_20_frameA.png	1	7	1766.80422575	1	117	n/a	n/a	intervals/recognition_table	116	1763.736411	1765.270033
1763.736411	0.000000	352747	ttl	1	71	n/a	n/a	n/a	n/a	n/a	n/a	n/a	n/a	n/a	n/a	n/a	n/a	n/a	n/a	n/a	n/a	n/a	n/a	n/a	n/a	n/a	1763.736411	n/a
1765.270033	0.000000	353054	ttl	2	71	n/a	n/a	n/a	n/a	n/a	n/a	n/a	n/a	n/a	n/a	n/a	n/a	n/a	n/a	n/a	n/a	n/a	n/a	n/a	n/a	n/a	1765.270033	n/a
1766.804226	0.000000	353361	ttl	4	71	n/a	n/a	n/a	n/a	n/a	n/a	n/a	n/a	n/a	n/a	n/a	n/a	n/a	n/a	n/a	n/a	n/a	n/a	n/a	n/a	n/a	1766.804226	n/a
1766.813516	0.000000	353363	ttl	11	71	n/a	n/a	n/a	n/a	n/a	n/a	n/a	n/a	n/a	n/a	n/a	n/a	n/a	n/a	n/a	n/a	n/a	n/a	n/a	n/a	n/a	1766.813516	n/a
1767.346700	1.533629	353469	scene_recognition	n/a	n/a	n/a	71.0	n/a	n/a	n/a	1766.813516	n/a	1.3977995493914932	2	3	2	HB_3_frameB.png	2	3	1770.27812875	1	118	n/a	n/a	intervals/recognition_table	117	1767.346700	1768.880329
1767.346700	0.000000	353469	ttl	1	71	n/a	n/a	n/a	n/a	n/a	n/a	n/a	n/a	n/a	n/a	n/a	n/a	n/a	n/a	n/a	n/a	n/a	n/a	n/a	n/a	n/a	1767.346700	n/a
1768.880329	0.000000	353776	ttl	2	71	n/a	n/a	n/a	n/a	n/a	n/a	n/a	n/a	n/a	n/a	n/a	n/a	n/a	n/a	n/a	n/a	n/a	n/a	n/a	n/a	n/a	1768.880329	n/a
1770.278129	0.000000	354056	ttl	4	71	n/a	n/a	n/a	n/a	n/a	n/a	n/a	n/a	n/a	n/a	n/a	n/a	n/a	n/a	n/a	n/a	n/a	n/a	n/a	n/a	n/a	1770.278129	n/a
1770.293781	0.000000	354059	ttl	11	71	n/a	n/a	n/a	n/a	n/a	n/a	n/a	n/a	n/a	n/a	n/a	n/a	n/a	n/a	n/a	n/a	n/a	n/a	n/a	n/a	n/a	1770.293781	n/a
1770.777081	1.533628	354155	scene_recognition	n/a	n/a	n/a	71.0	n/a	n/a	n/a	1770.29378125	n/a	0.6904351693810895	2	3	2	HB_6_frameA_foil.png	1	6	1773.0011447499999	0	119	n/a	n/a	intervals/recognition_table	118	1770.777081	1772.310710
1770.777081	0.000000	354155	ttl	1	71	n/a	n/a	n/a	n/a	n/a	n/a	n/a	n/a	n/a	n/a	n/a	n/a	n/a	n/a	n/a	n/a	n/a	n/a	n/a	n/a	n/a	1770.777081	n/a
1772.310710	0.000000	354462	ttl	2	71	n/a	n/a	n/a	n/a	n/a	n/a	n/a	n/a	n/a	n/a	n/a	n/a	n/a	n/a	n/a	n/a	n/a	n/a	n/a	n/a	n/a	1772.310710	n/a
1773.001145	0.000000	354600	ttl	4	71	n/a	n/a	n/a	n/a	n/a	n/a	n/a	n/a	n/a	n/a	n/a	n/a	n/a	n/a	n/a	n/a	n/a	n/a	n/a	n/a	n/a	1773.001145	n/a
1773.013327	0.000000	354603	ttl	11	71	n/a	n/a	n/a	n/a	n/a	n/a	n/a	n/a	n/a	n/a	n/a	n/a	n/a	n/a	n/a	n/a	n/a	n/a	n/a	n/a	n/a	1773.013327	n/a
1773.513256	1.533496	354703	scene_recognition	n/a	n/a	n/a	71.0	n/a	n/a	n/a	1773.01332675	n/a	1.901286926586181	2	1	3	NB_13_frameA_foil.png	1	7	1776.9480389999999	0	120	n/a	n/a	intervals/recognition_table	119	1773.513256	1775.046752
1773.513256	0.000000	354703	ttl	1	71	n/a	n/a	n/a	n/a	n/a	n/a	n/a	n/a	n/a	n/a	n/a	n/a	n/a	n/a	n/a	n/a	n/a	n/a	n/a	n/a	n/a	1773.513256	n/a
1775.046752	0.000000	355009	ttl	2	71	n/a	n/a	n/a	n/a	n/a	n/a	n/a	n/a	n/a	n/a	n/a	n/a	n/a	n/a	n/a	n/a	n/a	n/a	n/a	n/a	n/a	1775.046752	n/a
1776.948039	0.000000	355390	ttl	4	71	n/a	n/a	n/a	n/a	n/a	n/a	n/a	n/a	n/a	n/a	n/a	n/a	n/a	n/a	n/a	n/a	n/a	n/a	n/a	n/a	n/a	1776.948039	n/a
1776.955428	0.000000	355391	ttl	11	71	n/a	n/a	n/a	n/a	n/a	n/a	n/a	n/a	n/a	n/a	n/a	n/a	n/a	n/a	n/a	n/a	n/a	n/a	n/a	n/a	n/a	1776.955428	n/a
1777.455422	1.533664	355491	scene_recognition	n/a	n/a	n/a	71.0	n/a	n/a	n/a	1776.9554285	n/a	1.7811327937524766	2	1	3	NB_14_frameB_foil.png	1	7	1780.7702192499999	0	121	n/a	n/a	intervals/recognition_table	120	1777.455422	1778.989086
1777.455422	0.000000	355491	ttl	1	71	n/a	n/a	n/a	n/a	n/a	n/a	n/a	n/a	n/a	n/a	n/a	n/a	n/a	n/a	n/a	n/a	n/a	n/a	n/a	n/a	n/a	1777.455422	n/a
1778.989086	0.000000	355798	ttl	2	71	n/a	n/a	n/a	n/a	n/a	n/a	n/a	n/a	n/a	n/a	n/a	n/a	n/a	n/a	n/a	n/a	n/a	n/a	n/a	n/a	n/a	1778.989086	n/a
1780.770219	0.000000	356154	ttl	4	71	n/a	n/a	n/a	n/a	n/a	n/a	n/a	n/a	n/a	n/a	n/a	n/a	n/a	n/a	n/a	n/a	n/a	n/a	n/a	n/a	n/a	1780.770219	n/a
1780.787302	0.000000	356157	ttl	11	71	n/a	n/a	n/a	n/a	n/a	n/a	n/a	n/a	n/a	n/a	n/a	n/a	n/a	n/a	n/a	n/a	n/a	n/a	n/a	n/a	n/a	1780.787302	n/a
1781.320579	1.533723	356264	scene_recognition	n/a	n/a	n/a	71.0	n/a	n/a	n/a	1780.7873017499999	n/a	1.4411055337404832	1	2	3	SB_2_frameA.png	1	7	1784.2954075	1	122	n/a	n/a	intervals/recognition_table	121	1781.320579	1782.854302
1781.320579	0.000000	356264	ttl	1	71	n/a	n/a	n/a	n/a	n/a	n/a	n/a	n/a	n/a	n/a	n/a	n/a	n/a	n/a	n/a	n/a	n/a	n/a	n/a	n/a	n/a	1781.320579	n/a
1782.854302	0.000000	356571	ttl	2	71	n/a	n/a	n/a	n/a	n/a	n/a	n/a	n/a	n/a	n/a	n/a	n/a	n/a	n/a	n/a	n/a	n/a	n/a	n/a	n/a	n/a	1782.854302	n/a
1784.295408	0.000000	356859	ttl	4	71	n/a	n/a	n/a	n/a	n/a	n/a	n/a	n/a	n/a	n/a	n/a	n/a	n/a	n/a	n/a	n/a	n/a	n/a	n/a	n/a	n/a	1784.295408	n/a
1784.304798	0.000000	356861	ttl	11	71	n/a	n/a	n/a	n/a	n/a	n/a	n/a	n/a	n/a	n/a	n/a	n/a	n/a	n/a	n/a	n/a	n/a	n/a	n/a	n/a	n/a	1784.304798	n/a
1784.821311	1.533753	356964	scene_recognition	n/a	n/a	n/a	71.0	n/a	n/a	n/a	1784.304798	n/a	1.4643436295446008	1	2	3	SB_4_frameB_foil.png	2	2	1787.81940775	0	123	n/a	n/a	intervals/recognition_table	122	1784.821311	1786.355064
1784.821311	0.000000	356964	ttl	1	71	n/a	n/a	n/a	n/a	n/a	n/a	n/a	n/a	n/a	n/a	n/a	n/a	n/a	n/a	n/a	n/a	n/a	n/a	n/a	n/a	n/a	1784.821311	n/a
1786.355064	0.000000	357271	ttl	2	71	n/a	n/a	n/a	n/a	n/a	n/a	n/a	n/a	n/a	n/a	n/a	n/a	n/a	n/a	n/a	n/a	n/a	n/a	n/a	n/a	n/a	1786.355064	n/a
1787.819408	0.000000	357564	ttl	4	71	n/a	n/a	n/a	n/a	n/a	n/a	n/a	n/a	n/a	n/a	n/a	n/a	n/a	n/a	n/a	n/a	n/a	n/a	n/a	n/a	n/a	1787.819408	n/a
1787.824189	0.000000	357565	ttl	11	71	n/a	n/a	n/a	n/a	n/a	n/a	n/a	n/a	n/a	n/a	n/a	n/a	n/a	n/a	n/a	n/a	n/a	n/a	n/a	n/a	n/a	1787.824189	n/a
1788.357536	1.533603	357672	scene_recognition	n/a	n/a	n/a	71.0	n/a	n/a	n/a	1787.824189	n/a	1.6634617898380384	2	2	3	SB_9_frameB.png	2	2	1791.55460025	1	124	n/a	n/a	intervals/recognition_table	123	1788.357536	1789.891138
1788.357536	0.000000	357672	ttl	1	71	n/a	n/a	n/a	n/a	n/a	n/a	n/a	n/a	n/a	n/a	n/a	n/a	n/a	n/a	n/a	n/a	n/a	n/a	n/a	n/a	n/a	1788.357536	n/a
1789.891138	0.000000	357978	ttl	2	71	n/a	n/a	n/a	n/a	n/a	n/a	n/a	n/a	n/a	n/a	n/a	n/a	n/a	n/a	n/a	n/a	n/a	n/a	n/a	n/a	n/a	1789.891138	n/a
1791.554600	0.000000	358311	ttl	4	71	n/a	n/a	n/a	n/a	n/a	n/a	n/a	n/a	n/a	n/a	n/a	n/a	n/a	n/a	n/a	n/a	n/a	n/a	n/a	n/a	n/a	1791.554600	n/a
1791.560154	0.000000	358312	ttl	11	71	n/a	n/a	n/a	n/a	n/a	n/a	n/a	n/a	n/a	n/a	n/a	n/a	n/a	n/a	n/a	n/a	n/a	n/a	n/a	n/a	n/a	1791.560154	n/a
1792.043465	1.533591	358409	scene_recognition	n/a	n/a	n/a	71.0	n/a	n/a	n/a	1791.5601545	n/a	1.5427796136355028	1	2	3	SB_2_frameB.png	1	7	1795.11983575	1	125	n/a	n/a	intervals/recognition_table	124	1792.043465	1793.577056
1792.043465	0.000000	358409	ttl	1	71	n/a	n/a	n/a	n/a	n/a	n/a	n/a	n/a	n/a	n/a	n/a	n/a	n/a	n/a	n/a	n/a	n/a	n/a	n/a	n/a	n/a	1792.043465	n/a
1793.577056	0.000000	358715	ttl	2	71	n/a	n/a	n/a	n/a	n/a	n/a	n/a	n/a	n/a	n/a	n/a	n/a	n/a	n/a	n/a	n/a	n/a	n/a	n/a	n/a	n/a	1793.577056	n/a
1795.119836	0.000000	359024	ttl	4	71	n/a	n/a	n/a	n/a	n/a	n/a	n/a	n/a	n/a	n/a	n/a	n/a	n/a	n/a	n/a	n/a	n/a	n/a	n/a	n/a	n/a	1795.119836	n/a
1795.129784	0.000000	359026	ttl	11	71	n/a	n/a	n/a	n/a	n/a	n/a	n/a	n/a	n/a	n/a	n/a	n/a	n/a	n/a	n/a	n/a	n/a	n/a	n/a	n/a	n/a	1795.129784	n/a
1795.696348	1.533615	359139	scene_recognition	n/a	n/a	n/a	71.0	n/a	n/a	n/a	1795.129784	n/a	1.3188657682621852	2	1	3	NB_12_frameA.png	2	2	1798.5488285	1	126	n/a	n/a	intervals/recognition_table	125	1795.696348	1797.229963
1795.696348	0.000000	359139	ttl	1	71	n/a	n/a	n/a	n/a	n/a	n/a	n/a	n/a	n/a	n/a	n/a	n/a	n/a	n/a	n/a	n/a	n/a	n/a	n/a	n/a	n/a	1795.696348	n/a
1797.229963	0.000000	359446	ttl	2	71	n/a	n/a	n/a	n/a	n/a	n/a	n/a	n/a	n/a	n/a	n/a	n/a	n/a	n/a	n/a	n/a	n/a	n/a	n/a	n/a	n/a	1797.229963	n/a
1798.548828	0.000000	359710	ttl	4	71	n/a	n/a	n/a	n/a	n/a	n/a	n/a	n/a	n/a	n/a	n/a	n/a	n/a	n/a	n/a	n/a	n/a	n/a	n/a	n/a	n/a	1798.548828	n/a
1798.560863	0.000000	359712	ttl	11	71	n/a	n/a	n/a	n/a	n/a	n/a	n/a	n/a	n/a	n/a	n/a	n/a	n/a	n/a	n/a	n/a	n/a	n/a	n/a	n/a	n/a	1798.560863	n/a
1799.077496	1.533625	359815	scene_recognition	n/a	n/a	n/a	71.0	n/a	n/a	n/a	1798.5608634999999	n/a	1.4863580393139273	1	1	3	NB_9_frameB.png	1	7	1802.097479	1	127	n/a	n/a	intervals/recognition_table	126	1799.077496	1800.611121
1799.077496	0.000000	359815	ttl	1	71	n/a	n/a	n/a	n/a	n/a	n/a	n/a	n/a	n/a	n/a	n/a	n/a	n/a	n/a	n/a	n/a	n/a	n/a	n/a	n/a	n/a	1799.077496	n/a
1800.611121	0.000000	360122	ttl	2	71	n/a	n/a	n/a	n/a	n/a	n/a	n/a	n/a	n/a	n/a	n/a	n/a	n/a	n/a	n/a	n/a	n/a	n/a	n/a	n/a	n/a	1800.611121	n/a
1802.097479	0.000000	360419	ttl	4	71	n/a	n/a	n/a	n/a	n/a	n/a	n/a	n/a	n/a	n/a	n/a	n/a	n/a	n/a	n/a	n/a	n/a	n/a	n/a	n/a	n/a	1802.097479	n/a
1802.101220	0.000000	360420	ttl	11	71	n/a	n/a	n/a	n/a	n/a	n/a	n/a	n/a	n/a	n/a	n/a	n/a	n/a	n/a	n/a	n/a	n/a	n/a	n/a	n/a	n/a	1802.101220	n/a
1802.584567	1.533486	360517	scene_recognition	n/a	n/a	n/a	71.0	n/a	n/a	n/a	1802.10121975	n/a	2.431008475134149	1	3	2	HB_7_frameB.png	1	6	1806.549061	1	128	n/a	n/a	intervals/recognition_table	127	1802.584567	1804.118052
1802.584567	0.000000	360517	ttl	1	71	n/a	n/a	n/a	n/a	n/a	n/a	n/a	n/a	n/a	n/a	n/a	n/a	n/a	n/a	n/a	n/a	n/a	n/a	n/a	n/a	n/a	1802.584567	n/a
1804.118052	0.000000	360824	ttl	2	71	n/a	n/a	n/a	n/a	n/a	n/a	n/a	n/a	n/a	n/a	n/a	n/a	n/a	n/a	n/a	n/a	n/a	n/a	n/a	n/a	n/a	1804.118052	n/a
1806.549061	0.000000	361310	ttl	4	71	n/a	n/a	n/a	n/a	n/a	n/a	n/a	n/a	n/a	n/a	n/a	n/a	n/a	n/a	n/a	n/a	n/a	n/a	n/a	n/a	n/a	1806.549061	n/a
1806.559112	0.000000	361312	ttl	11	71	n/a	n/a	n/a	n/a	n/a	n/a	n/a	n/a	n/a	n/a	n/a	n/a	n/a	n/a	n/a	n/a	n/a	n/a	n/a	n/a	n/a	1806.559112	n/a
1807.075683	1.533582	361415	scene_recognition	n/a	n/a	n/a	71.0	n/a	n/a	n/a	1806.5591117499998	n/a	1.5432435725815594	1	1	3	NB_22_frameA.png	1	7	1810.1525092499999	1	129	n/a	n/a	intervals/recognition_table	128	1807.075683	1808.609266
1807.075683	0.000000	361415	ttl	1	71	n/a	n/a	n/a	n/a	n/a	n/a	n/a	n/a	n/a	n/a	n/a	n/a	n/a	n/a	n/a	n/a	n/a	n/a	n/a	n/a	n/a	1807.075683	n/a
1808.609266	0.000000	361722	ttl	2	71	n/a	n/a	n/a	n/a	n/a	n/a	n/a	n/a	n/a	n/a	n/a	n/a	n/a	n/a	n/a	n/a	n/a	n/a	n/a	n/a	n/a	1808.609266	n/a
1810.152509	0.000000	362031	ttl	4	71	n/a	n/a	n/a	n/a	n/a	n/a	n/a	n/a	n/a	n/a	n/a	n/a	n/a	n/a	n/a	n/a	n/a	n/a	n/a	n/a	n/a	1810.152509	n/a
1810.168746	0.000000	362034	ttl	11	71	n/a	n/a	n/a	n/a	n/a	n/a	n/a	n/a	n/a	n/a	n/a	n/a	n/a	n/a	n/a	n/a	n/a	n/a	n/a	n/a	n/a	1810.168746	n/a
1810.701892	1.533501	362140	scene_recognition	n/a	n/a	n/a	71.0	n/a	n/a	n/a	1810.1687465	n/a	1.969401067122817	2	3	2	HB_1_frameA_foil.png	1	6	1814.2047934999998	0	130	n/a	n/a	intervals/recognition_table	129	1810.701892	1812.235392
1810.701892	0.000000	362140	ttl	1	71	n/a	n/a	n/a	n/a	n/a	n/a	n/a	n/a	n/a	n/a	n/a	n/a	n/a	n/a	n/a	n/a	n/a	n/a	n/a	n/a	n/a	1810.701892	n/a
1812.235392	0.000000	362447	ttl	2	71	n/a	n/a	n/a	n/a	n/a	n/a	n/a	n/a	n/a	n/a	n/a	n/a	n/a	n/a	n/a	n/a	n/a	n/a	n/a	n/a	n/a	1812.235392	n/a
1814.204793	0.000000	362841	ttl	4	71	n/a	n/a	n/a	n/a	n/a	n/a	n/a	n/a	n/a	n/a	n/a	n/a	n/a	n/a	n/a	n/a	n/a	n/a	n/a	n/a	n/a	1814.204793	n/a
1814.212003	0.000000	362842	ttl	11	71	n/a	n/a	n/a	n/a	n/a	n/a	n/a	n/a	n/a	n/a	n/a	n/a	n/a	n/a	n/a	n/a	n/a	n/a	n/a	n/a	n/a	1814.212003	n/a
1814.695344	1.533497	362939	scene_recognition	n/a	n/a	n/a	71.0	n/a	n/a	n/a	1814.21200325	n/a	1.2908775550313294	2	1	3	NB_9_frameA_foil.png	1	7	1817.5197182499999	0	131	n/a	n/a	intervals/recognition_table	130	1814.695344	1816.228841
1814.695344	0.000000	362939	ttl	1	71	n/a	n/a	n/a	n/a	n/a	n/a	n/a	n/a	n/a	n/a	n/a	n/a	n/a	n/a	n/a	n/a	n/a	n/a	n/a	n/a	n/a	1814.695344	n/a
1816.228841	0.000000	363246	ttl	2	71	n/a	n/a	n/a	n/a	n/a	n/a	n/a	n/a	n/a	n/a	n/a	n/a	n/a	n/a	n/a	n/a	n/a	n/a	n/a	n/a	n/a	1816.228841	n/a
1817.519718	0.000000	363504	ttl	4	71	n/a	n/a	n/a	n/a	n/a	n/a	n/a	n/a	n/a	n/a	n/a	n/a	n/a	n/a	n/a	n/a	n/a	n/a	n/a	n/a	n/a	1817.519718	n/a
1817.537189	0.000000	363507	ttl	11	71	n/a	n/a	n/a	n/a	n/a	n/a	n/a	n/a	n/a	n/a	n/a	n/a	n/a	n/a	n/a	n/a	n/a	n/a	n/a	n/a	n/a	1817.537189	n/a
1818.037063	1.533456	363607	scene_recognition	n/a	n/a	n/a	71.0	n/a	n/a	n/a	1817.5371894999998	n/a	1.3745627794414759	2	2	3	SB_6_frameA_foil.png	1	7	1820.945082	0	132	n/a	n/a	intervals/recognition_table	131	1818.037063	1819.570519
1818.037063	0.000000	363607	ttl	1	71	n/a	n/a	n/a	n/a	n/a	n/a	n/a	n/a	n/a	n/a	n/a	n/a	n/a	n/a	n/a	n/a	n/a	n/a	n/a	n/a	n/a	1818.037063	n/a
1819.570519	0.000000	363914	ttl	2	71	n/a	n/a	n/a	n/a	n/a	n/a	n/a	n/a	n/a	n/a	n/a	n/a	n/a	n/a	n/a	n/a	n/a	n/a	n/a	n/a	n/a	1819.570519	n/a
1820.945082	0.000000	364189	ttl	4	71	n/a	n/a	n/a	n/a	n/a	n/a	n/a	n/a	n/a	n/a	n/a	n/a	n/a	n/a	n/a	n/a	n/a	n/a	n/a	n/a	n/a	1820.945082	n/a
1820.953100	0.000000	364191	ttl	11	71	n/a	n/a	n/a	n/a	n/a	n/a	n/a	n/a	n/a	n/a	n/a	n/a	n/a	n/a	n/a	n/a	n/a	n/a	n/a	n/a	n/a	1820.953100	n/a
1821.486264	1.533612	364297	scene_recognition	n/a	n/a	n/a	71.0	n/a	n/a	n/a	1820.9531005	n/a	1.4248479752568528	2	2	3	SB_3_frameB_foil.png	1	7	1824.4447235	0	133	n/a	n/a	intervals/recognition_table	132	1821.486264	1823.019875
1821.486264	0.000000	364297	ttl	1	71	n/a	n/a	n/a	n/a	n/a	n/a	n/a	n/a	n/a	n/a	n/a	n/a	n/a	n/a	n/a	n/a	n/a	n/a	n/a	n/a	n/a	1821.486264	n/a
1823.019875	0.000000	364604	ttl	2	71	n/a	n/a	n/a	n/a	n/a	n/a	n/a	n/a	n/a	n/a	n/a	n/a	n/a	n/a	n/a	n/a	n/a	n/a	n/a	n/a	n/a	1823.019875	n/a
1824.444724	0.000000	364889	ttl	4	71	n/a	n/a	n/a	n/a	n/a	n/a	n/a	n/a	n/a	n/a	n/a	n/a	n/a	n/a	n/a	n/a	n/a	n/a	n/a	n/a	n/a	1824.444724	n/a
1824.459725	0.000000	364892	ttl	11	71	n/a	n/a	n/a	n/a	n/a	n/a	n/a	n/a	n/a	n/a	n/a	n/a	n/a	n/a	n/a	n/a	n/a	n/a	n/a	n/a	n/a	1824.459725	n/a
1825.026355	1.533554	365005	scene_recognition	n/a	n/a	n/a	71.0	n/a	n/a	n/a	1824.4597254999999	n/a	1.8325516282347962	1	1	3	NB_6_frameA.png	1	7	1828.3924605	1	134	n/a	n/a	intervals/recognition_table	133	1825.026355	1826.559909
1825.026355	0.000000	365005	ttl	1	71	n/a	n/a	n/a	n/a	n/a	n/a	n/a	n/a	n/a	n/a	n/a	n/a	n/a	n/a	n/a	n/a	n/a	n/a	n/a	n/a	n/a	1825.026355	n/a
1826.559909	0.000000	365312	ttl	2	71	n/a	n/a	n/a	n/a	n/a	n/a	n/a	n/a	n/a	n/a	n/a	n/a	n/a	n/a	n/a	n/a	n/a	n/a	n/a	n/a	n/a	1826.559909	n/a
1828.392460	0.000000	365678	ttl	4	71	n/a	n/a	n/a	n/a	n/a	n/a	n/a	n/a	n/a	n/a	n/a	n/a	n/a	n/a	n/a	n/a	n/a	n/a	n/a	n/a	n/a	1828.392460	n/a
1828.395477	0.000000	365679	ttl	11	71	n/a	n/a	n/a	n/a	n/a	n/a	n/a	n/a	n/a	n/a	n/a	n/a	n/a	n/a	n/a	n/a	n/a	n/a	n/a	n/a	n/a	1828.395477	n/a
1828.895462	1.533547	365779	scene_recognition	n/a	n/a	n/a	71.0	n/a	n/a	n/a	1828.39547675	n/a	1.6587048005312681	2	3	2	HB_1_frameA_foil.png	1	6	1832.0877142499999	0	135	n/a	n/a	intervals/recognition_table	134	1828.895462	1830.429009
1828.895462	0.000000	365779	ttl	1	71	n/a	n/a	n/a	n/a	n/a	n/a	n/a	n/a	n/a	n/a	n/a	n/a	n/a	n/a	n/a	n/a	n/a	n/a	n/a	n/a	n/a	1828.895462	n/a
1830.429009	0.000000	366086	ttl	2	71	n/a	n/a	n/a	n/a	n/a	n/a	n/a	n/a	n/a	n/a	n/a	n/a	n/a	n/a	n/a	n/a	n/a	n/a	n/a	n/a	n/a	1830.429009	n/a
1832.087714	0.000000	366418	ttl	4	71	n/a	n/a	n/a	n/a	n/a	n/a	n/a	n/a	n/a	n/a	n/a	n/a	n/a	n/a	n/a	n/a	n/a	n/a	n/a	n/a	n/a	1832.087714	n/a
1832.099907	0.000000	366420	ttl	11	71	n/a	n/a	n/a	n/a	n/a	n/a	n/a	n/a	n/a	n/a	n/a	n/a	n/a	n/a	n/a	n/a	n/a	n/a	n/a	n/a	n/a	1832.099907	n/a
1832.666428	1.533535	366533	scene_recognition	n/a	n/a	n/a	71.0	n/a	n/a	n/a	1832.0999075	n/a	1.4081502092303708	1	2	3	SB_4_frameB.png	1	7	1835.608114	1	136	n/a	n/a	intervals/recognition_table	135	1832.666428	1834.199964
1832.666428	0.000000	366533	ttl	1	71	n/a	n/a	n/a	n/a	n/a	n/a	n/a	n/a	n/a	n/a	n/a	n/a	n/a	n/a	n/a	n/a	n/a	n/a	n/a	n/a	n/a	1832.666428	n/a
1834.199964	0.000000	366840	ttl	2	71	n/a	n/a	n/a	n/a	n/a	n/a	n/a	n/a	n/a	n/a	n/a	n/a	n/a	n/a	n/a	n/a	n/a	n/a	n/a	n/a	n/a	1834.199964	n/a
1835.608114	0.000000	367122	ttl	4	71	n/a	n/a	n/a	n/a	n/a	n/a	n/a	n/a	n/a	n/a	n/a	n/a	n/a	n/a	n/a	n/a	n/a	n/a	n/a	n/a	n/a	1835.608114	n/a
1835.616940	0.000000	367123	ttl	11	71	n/a	n/a	n/a	n/a	n/a	n/a	n/a	n/a	n/a	n/a	n/a	n/a	n/a	n/a	n/a	n/a	n/a	n/a	n/a	n/a	n/a	1835.616940	n/a
1836.166805	1.533714	367233	scene_recognition	n/a	n/a	n/a	71.0	n/a	n/a	n/a	1835.6169399999999	n/a	1.0364074849057943	2	1	3	NB_27_frameB.png	2	2	1838.7369265	1	137	n/a	n/a	intervals/recognition_table	136	1836.166805	1837.700519
1836.166805	0.000000	367233	ttl	1	71	n/a	n/a	n/a	n/a	n/a	n/a	n/a	n/a	n/a	n/a	n/a	n/a	n/a	n/a	n/a	n/a	n/a	n/a	n/a	n/a	n/a	1836.166805	n/a
1837.700519	0.000000	367540	ttl	2	71	n/a	n/a	n/a	n/a	n/a	n/a	n/a	n/a	n/a	n/a	n/a	n/a	n/a	n/a	n/a	n/a	n/a	n/a	n/a	n/a	n/a	1837.700519	n/a
1838.736926	0.000000	367747	ttl	4	71	n/a	n/a	n/a	n/a	n/a	n/a	n/a	n/a	n/a	n/a	n/a	n/a	n/a	n/a	n/a	n/a	n/a	n/a	n/a	n/a	n/a	1838.736926	n/a
1838.747812	0.000000	367750	ttl	11	71	n/a	n/a	n/a	n/a	n/a	n/a	n/a	n/a	n/a	n/a	n/a	n/a	n/a	n/a	n/a	n/a	n/a	n/a	n/a	n/a	n/a	1838.747812	n/a
1839.281078	1.533549	367856	scene_recognition	n/a	n/a	n/a	71.0	n/a	n/a	n/a	1838.7478119999998	n/a	1.4496601670980453	1	2	3	SB_1_frameB_foil.png	2	2	1842.264287	0	138	n/a	n/a	intervals/recognition_table	137	1839.281078	1840.814627
1839.281078	0.000000	367856	ttl	1	71	n/a	n/a	n/a	n/a	n/a	n/a	n/a	n/a	n/a	n/a	n/a	n/a	n/a	n/a	n/a	n/a	n/a	n/a	n/a	n/a	n/a	1839.281078	n/a
1840.814627	0.000000	368163	ttl	2	71	n/a	n/a	n/a	n/a	n/a	n/a	n/a	n/a	n/a	n/a	n/a	n/a	n/a	n/a	n/a	n/a	n/a	n/a	n/a	n/a	n/a	1840.814627	n/a
1842.264287	0.000000	368453	ttl	4	71	n/a	n/a	n/a	n/a	n/a	n/a	n/a	n/a	n/a	n/a	n/a	n/a	n/a	n/a	n/a	n/a	n/a	n/a	n/a	n/a	n/a	1842.264287	n/a
1842.272428	0.000000	368454	ttl	11	71	n/a	n/a	n/a	n/a	n/a	n/a	n/a	n/a	n/a	n/a	n/a	n/a	n/a	n/a	n/a	n/a	n/a	n/a	n/a	n/a	n/a	1842.272428	n/a
1842.805882	1.533364	368561	scene_recognition	n/a	n/a	n/a	71.0	n/a	n/a	n/a	1842.2724282499998	n/a	1.366651449818164	2	3	2	HB_1_frameA_foil.png	1	6	1845.70589725	0	139	n/a	n/a	intervals/recognition_table	138	1842.805882	1844.339246
1842.805882	0.000000	368561	ttl	1	71	n/a	n/a	n/a	n/a	n/a	n/a	n/a	n/a	n/a	n/a	n/a	n/a	n/a	n/a	n/a	n/a	n/a	n/a	n/a	n/a	n/a	1842.805882	n/a
1844.339246	0.000000	368868	ttl	2	71	n/a	n/a	n/a	n/a	n/a	n/a	n/a	n/a	n/a	n/a	n/a	n/a	n/a	n/a	n/a	n/a	n/a	n/a	n/a	n/a	n/a	1844.339246	n/a
1845.705897	0.000000	369141	ttl	4	71	n/a	n/a	n/a	n/a	n/a	n/a	n/a	n/a	n/a	n/a	n/a	n/a	n/a	n/a	n/a	n/a	n/a	n/a	n/a	n/a	n/a	1845.705897	n/a
1845.722737	0.000000	369145	ttl	11	71	n/a	n/a	n/a	n/a	n/a	n/a	n/a	n/a	n/a	n/a	n/a	n/a	n/a	n/a	n/a	n/a	n/a	n/a	n/a	n/a	n/a	1845.722737	n/a
1846.206075	1.533741	369241	scene_recognition	n/a	n/a	n/a	71.0	n/a	n/a	n/a	1845.72273675	n/a	1.651297275093384	1	3	2	HB_3_frameA.png	1	6	1849.3911134999998	1	140	n/a	n/a	intervals/recognition_table	139	1846.206075	1847.739816
1846.206075	0.000000	369241	ttl	1	71	n/a	n/a	n/a	n/a	n/a	n/a	n/a	n/a	n/a	n/a	n/a	n/a	n/a	n/a	n/a	n/a	n/a	n/a	n/a	n/a	n/a	1846.206075	n/a
1847.739816	0.000000	369548	ttl	2	71	n/a	n/a	n/a	n/a	n/a	n/a	n/a	n/a	n/a	n/a	n/a	n/a	n/a	n/a	n/a	n/a	n/a	n/a	n/a	n/a	n/a	1847.739816	n/a
1849.391113	0.000000	369878	ttl	4	71	n/a	n/a	n/a	n/a	n/a	n/a	n/a	n/a	n/a	n/a	n/a	n/a	n/a	n/a	n/a	n/a	n/a	n/a	n/a	n/a	n/a	1849.391113	n/a
1849.405436	0.000000	369881	ttl	11	71	n/a	n/a	n/a	n/a	n/a	n/a	n/a	n/a	n/a	n/a	n/a	n/a	n/a	n/a	n/a	n/a	n/a	n/a	n/a	n/a	n/a	1849.405436	n/a
1849.888778	1.533562	369978	scene_recognition	n/a	n/a	n/a	71.0	n/a	n/a	n/a	1849.4054365	n/a	1.5181419290602207	1	1	3	NB_25_frameA_foil.png	2	2	1852.9404825	0	141	n/a	n/a	intervals/recognition_table	140	1849.888778	1851.422341
1849.888778	0.000000	369978	ttl	1	71	n/a	n/a	n/a	n/a	n/a	n/a	n/a	n/a	n/a	n/a	n/a	n/a	n/a	n/a	n/a	n/a	n/a	n/a	n/a	n/a	n/a	1849.888778	n/a
1851.422341	0.000000	370284	ttl	2	71	n/a	n/a	n/a	n/a	n/a	n/a	n/a	n/a	n/a	n/a	n/a	n/a	n/a	n/a	n/a	n/a	n/a	n/a	n/a	n/a	n/a	1851.422341	n/a
1852.940482	0.000000	370588	ttl	4	71	n/a	n/a	n/a	n/a	n/a	n/a	n/a	n/a	n/a	n/a	n/a	n/a	n/a	n/a	n/a	n/a	n/a	n/a	n/a	n/a	n/a	1852.940482	n/a
1852.951969	0.000000	370590	ttl	11	71	n/a	n/a	n/a	n/a	n/a	n/a	n/a	n/a	n/a	n/a	n/a	n/a	n/a	n/a	n/a	n/a	n/a	n/a	n/a	n/a	n/a	1852.951969	n/a
1853.435248	1.533541	370687	scene_recognition	n/a	n/a	n/a	71.0	n/a	n/a	n/a	1852.9519692499998	n/a	1.9978321207454428	2	3	2	HB_3_frameB_foil.png	1	6	1856.9666217499998	0	142	n/a	n/a	intervals/recognition_table	141	1853.435248	1854.968790
1853.435248	0.000000	370687	ttl	1	71	n/a	n/a	n/a	n/a	n/a	n/a	n/a	n/a	n/a	n/a	n/a	n/a	n/a	n/a	n/a	n/a	n/a	n/a	n/a	n/a	n/a	1853.435248	n/a
1854.968790	0.000000	370994	ttl	2	71	n/a	n/a	n/a	n/a	n/a	n/a	n/a	n/a	n/a	n/a	n/a	n/a	n/a	n/a	n/a	n/a	n/a	n/a	n/a	n/a	n/a	1854.968790	n/a
1856.966622	0.000000	371393	ttl	4	71	n/a	n/a	n/a	n/a	n/a	n/a	n/a	n/a	n/a	n/a	n/a	n/a	n/a	n/a	n/a	n/a	n/a	n/a	n/a	n/a	n/a	1856.966622	n/a
1856.976691	0.000000	371395	ttl	11	71	n/a	n/a	n/a	n/a	n/a	n/a	n/a	n/a	n/a	n/a	n/a	n/a	n/a	n/a	n/a	n/a	n/a	n/a	n/a	n/a	n/a	1856.976691	n/a
1857.526644	1.533595	371505	scene_recognition	n/a	n/a	n/a	71.0	n/a	n/a	n/a	1856.97669125	n/a	1.175653388374485	1	1	3	NB_16_frameB_foil.png	2	2	1860.2358924999999	0	143	n/a	n/a	intervals/recognition_table	142	1857.526644	1859.060239
1857.526644	0.000000	371505	ttl	1	71	n/a	n/a	n/a	n/a	n/a	n/a	n/a	n/a	n/a	n/a	n/a	n/a	n/a	n/a	n/a	n/a	n/a	n/a	n/a	n/a	n/a	1857.526644	n/a
1859.060239	0.000000	371812	ttl	2	71	n/a	n/a	n/a	n/a	n/a	n/a	n/a	n/a	n/a	n/a	n/a	n/a	n/a	n/a	n/a	n/a	n/a	n/a	n/a	n/a	n/a	1859.060239	n/a
1860.235892	0.000000	372047	ttl	4	71	n/a	n/a	n/a	n/a	n/a	n/a	n/a	n/a	n/a	n/a	n/a	n/a	n/a	n/a	n/a	n/a	n/a	n/a	n/a	n/a	n/a	1860.235892	n/a
1860.240607	0.000000	372048	ttl	11	71	n/a	n/a	n/a	n/a	n/a	n/a	n/a	n/a	n/a	n/a	n/a	n/a	n/a	n/a	n/a	n/a	n/a	n/a	n/a	n/a	n/a	1860.240607	n/a
1860.740526	1.533671	372148	scene_recognition	n/a	n/a	n/a	71.0	n/a	n/a	n/a	1860.2406075	n/a	2.0541648992802948	2	3	3	HB_8_frameA_foil.png	1	7	1864.32836125	0	144	n/a	n/a	intervals/recognition_table	143	1860.740526	1862.274197
1860.740526	0.000000	372148	ttl	1	71	n/a	n/a	n/a	n/a	n/a	n/a	n/a	n/a	n/a	n/a	n/a	n/a	n/a	n/a	n/a	n/a	n/a	n/a	n/a	n/a	n/a	1860.740526	n/a
1862.274197	0.000000	372455	ttl	2	71	n/a	n/a	n/a	n/a	n/a	n/a	n/a	n/a	n/a	n/a	n/a	n/a	n/a	n/a	n/a	n/a	n/a	n/a	n/a	n/a	n/a	1862.274197	n/a
1864.328361	0.000000	372866	ttl	4	71	n/a	n/a	n/a	n/a	n/a	n/a	n/a	n/a	n/a	n/a	n/a	n/a	n/a	n/a	n/a	n/a	n/a	n/a	n/a	n/a	n/a	1864.328361	n/a
1864.331319	0.000000	372866	ttl	11	71	n/a	n/a	n/a	n/a	n/a	n/a	n/a	n/a	n/a	n/a	n/a	n/a	n/a	n/a	n/a	n/a	n/a	n/a	n/a	n/a	n/a	1864.331319	n/a
1864.897892	1.533614	372980	scene_recognition	n/a	n/a	n/a	71.0	n/a	n/a	n/a	1864.3313194999998	n/a	1.6131064041983336	2	2	3	SB_1_frameB_foil.png	1	7	1868.04461275	0	145	n/a	n/a	intervals/recognition_table	144	1864.897892	1866.431506
1864.897892	0.000000	372980	ttl	1	71	n/a	n/a	n/a	n/a	n/a	n/a	n/a	n/a	n/a	n/a	n/a	n/a	n/a	n/a	n/a	n/a	n/a	n/a	n/a	n/a	n/a	1864.897892	n/a
1866.431506	0.000000	373286	ttl	2	71	n/a	n/a	n/a	n/a	n/a	n/a	n/a	n/a	n/a	n/a	n/a	n/a	n/a	n/a	n/a	n/a	n/a	n/a	n/a	n/a	n/a	1866.431506	n/a
1868.044613	0.000000	373609	ttl	4	71	n/a	n/a	n/a	n/a	n/a	n/a	n/a	n/a	n/a	n/a	n/a	n/a	n/a	n/a	n/a	n/a	n/a	n/a	n/a	n/a	n/a	1868.044613	n/a
1868.060874	0.000000	373612	ttl	11	71	n/a	n/a	n/a	n/a	n/a	n/a	n/a	n/a	n/a	n/a	n/a	n/a	n/a	n/a	n/a	n/a	n/a	n/a	n/a	n/a	n/a	1868.060874	n/a
1868.560804	1.558439	373712	scene_recognition	n/a	n/a	n/a	71.0	n/a	n/a	n/a	1868.0608742499999	n/a	1.5176586072193459	2	2	3	SB_5_frameA_foil.png	1	7	1871.6369017499999	0	146	n/a	n/a	intervals/recognition_table	145	1868.560804	1870.119243
1868.560804	0.000000	373712	ttl	1	71	n/a	n/a	n/a	n/a	n/a	n/a	n/a	n/a	n/a	n/a	n/a	n/a	n/a	n/a	n/a	n/a	n/a	n/a	n/a	n/a	n/a	1868.560804	n/a
1870.119243	0.000000	374024	ttl	2	71	n/a	n/a	n/a	n/a	n/a	n/a	n/a	n/a	n/a	n/a	n/a	n/a	n/a	n/a	n/a	n/a	n/a	n/a	n/a	n/a	n/a	1870.119243	n/a
1871.636902	0.000000	374327	ttl	4	71	n/a	n/a	n/a	n/a	n/a	n/a	n/a	n/a	n/a	n/a	n/a	n/a	n/a	n/a	n/a	n/a	n/a	n/a	n/a	n/a	n/a	1871.636902	n/a
1871.642205	0.000000	374328	ttl	11	71	n/a	n/a	n/a	n/a	n/a	n/a	n/a	n/a	n/a	n/a	n/a	n/a	n/a	n/a	n/a	n/a	n/a	n/a	n/a	n/a	n/a	1871.642205	n/a
1872.192189	1.533577	374438	scene_recognition	n/a	n/a	n/a	71.0	n/a	n/a	n/a	1871.64220525	n/a	1.4360206989804283	2	2	3	SB_8_frameA_foil.png	1	7	1875.16178675	0	147	n/a	n/a	intervals/recognition_table	146	1872.192189	1873.725766
1872.192189	0.000000	374438	ttl	1	71	n/a	n/a	n/a	n/a	n/a	n/a	n/a	n/a	n/a	n/a	n/a	n/a	n/a	n/a	n/a	n/a	n/a	n/a	n/a	n/a	n/a	1872.192189	n/a
1873.725766	0.000000	374745	ttl	2	71	n/a	n/a	n/a	n/a	n/a	n/a	n/a	n/a	n/a	n/a	n/a	n/a	n/a	n/a	n/a	n/a	n/a	n/a	n/a	n/a	n/a	1873.725766	n/a
1875.161787	0.000000	375032	ttl	4	71	n/a	n/a	n/a	n/a	n/a	n/a	n/a	n/a	n/a	n/a	n/a	n/a	n/a	n/a	n/a	n/a	n/a	n/a	n/a	n/a	n/a	1875.161787	n/a
1875.168858	0.000000	375034	ttl	11	71	n/a	n/a	n/a	n/a	n/a	n/a	n/a	n/a	n/a	n/a	n/a	n/a	n/a	n/a	n/a	n/a	n/a	n/a	n/a	n/a	n/a	1875.168858	n/a
1875.652131	1.533630	375130	scene_recognition	n/a	n/a	n/a	71.0	n/a	n/a	n/a	1875.16885775	n/a	2.0302450424060225	1	3	3	HB_1_frameB.png	1	7	1879.2160064999998	1	148	n/a	n/a	intervals/recognition_table	147	1875.652131	1877.185761
1875.652131	0.000000	375130	ttl	1	71	n/a	n/a	n/a	n/a	n/a	n/a	n/a	n/a	n/a	n/a	n/a	n/a	n/a	n/a	n/a	n/a	n/a	n/a	n/a	n/a	n/a	1875.652131	n/a
1877.185761	0.000000	375437	ttl	2	71	n/a	n/a	n/a	n/a	n/a	n/a	n/a	n/a	n/a	n/a	n/a	n/a	n/a	n/a	n/a	n/a	n/a	n/a	n/a	n/a	n/a	1877.185761	n/a
1879.216006	0.000000	375843	ttl	4	71	n/a	n/a	n/a	n/a	n/a	n/a	n/a	n/a	n/a	n/a	n/a	n/a	n/a	n/a	n/a	n/a	n/a	n/a	n/a	n/a	n/a	1879.216006	n/a
1879.220330	0.000000	375844	ttl	11	71	n/a	n/a	n/a	n/a	n/a	n/a	n/a	n/a	n/a	n/a	n/a	n/a	n/a	n/a	n/a	n/a	n/a	n/a	n/a	n/a	n/a	1879.220330	n/a
1879.753594	1.533658	375951	scene_recognition	n/a	n/a	n/a	71.0	n/a	n/a	n/a	1879.22033025	n/a	1.5766500894678757	1	2	3	SB_2_frameB.png	1	7	1882.86390225	1	149	n/a	n/a	intervals/recognition_table	148	1879.753594	1881.287252
1879.753594	0.000000	375951	ttl	1	71	n/a	n/a	n/a	n/a	n/a	n/a	n/a	n/a	n/a	n/a	n/a	n/a	n/a	n/a	n/a	n/a	n/a	n/a	n/a	n/a	n/a	1879.753594	n/a
1881.287252	0.000000	376257	ttl	2	71	n/a	n/a	n/a	n/a	n/a	n/a	n/a	n/a	n/a	n/a	n/a	n/a	n/a	n/a	n/a	n/a	n/a	n/a	n/a	n/a	n/a	1881.287252	n/a
1882.863902	0.000000	376573	ttl	4	71	n/a	n/a	n/a	n/a	n/a	n/a	n/a	n/a	n/a	n/a	n/a	n/a	n/a	n/a	n/a	n/a	n/a	n/a	n/a	n/a	n/a	1882.863902	n/a
1882.878995	0.000000	376576	ttl	11	71	n/a	n/a	n/a	n/a	n/a	n/a	n/a	n/a	n/a	n/a	n/a	n/a	n/a	n/a	n/a	n/a	n/a	n/a	n/a	n/a	n/a	1882.878995	n/a
1883.362131	1.533688	376672	scene_recognition	n/a	n/a	n/a	71.0	n/a	n/a	n/a	1882.8789949999998	n/a	1.576479495735839	2	2	3	SB_4_frameA_foil.png	1	7	1886.47229875	0	150	n/a	n/a	intervals/recognition_table	149	1883.362131	1884.895819
1883.362131	0.000000	376672	ttl	1	71	n/a	n/a	n/a	n/a	n/a	n/a	n/a	n/a	n/a	n/a	n/a	n/a	n/a	n/a	n/a	n/a	n/a	n/a	n/a	n/a	n/a	1883.362131	n/a
1884.895819	0.000000	376979	ttl	2	71	n/a	n/a	n/a	n/a	n/a	n/a	n/a	n/a	n/a	n/a	n/a	n/a	n/a	n/a	n/a	n/a	n/a	n/a	n/a	n/a	n/a	1884.895819	n/a
1886.472299	0.000000	377294	ttl	4	71	n/a	n/a	n/a	n/a	n/a	n/a	n/a	n/a	n/a	n/a	n/a	n/a	n/a	n/a	n/a	n/a	n/a	n/a	n/a	n/a	n/a	1886.472299	n/a
1886.483687	0.000000	377297	ttl	11	71	n/a	n/a	n/a	n/a	n/a	n/a	n/a	n/a	n/a	n/a	n/a	n/a	n/a	n/a	n/a	n/a	n/a	n/a	n/a	n/a	n/a	1886.483687	n/a
1887.050247	1.533825	377410	scene_recognition	n/a	n/a	n/a	71.0	n/a	n/a	n/a	1886.4836867499998	n/a	1.5821388476761058	1	1	3	NB_2_frameA.png	1	7	1890.166211	1	151	n/a	n/a	intervals/recognition_table	150	1887.050247	1888.584072
1887.050247	0.000000	377410	ttl	1	71	n/a	n/a	n/a	n/a	n/a	n/a	n/a	n/a	n/a	n/a	n/a	n/a	n/a	n/a	n/a	n/a	n/a	n/a	n/a	n/a	n/a	1887.050247	n/a
1888.584072	0.000000	377717	ttl	2	71	n/a	n/a	n/a	n/a	n/a	n/a	n/a	n/a	n/a	n/a	n/a	n/a	n/a	n/a	n/a	n/a	n/a	n/a	n/a	n/a	n/a	1888.584072	n/a
1890.166211	0.000000	378033	ttl	4	71	n/a	n/a	n/a	n/a	n/a	n/a	n/a	n/a	n/a	n/a	n/a	n/a	n/a	n/a	n/a	n/a	n/a	n/a	n/a	n/a	n/a	1890.166211	n/a
1890.181069	0.000000	378036	ttl	11	71	n/a	n/a	n/a	n/a	n/a	n/a	n/a	n/a	n/a	n/a	n/a	n/a	n/a	n/a	n/a	n/a	n/a	n/a	n/a	n/a	n/a	1890.181069	n/a
1890.664419	1.533652	378133	scene_recognition	n/a	n/a	n/a	71.0	n/a	n/a	n/a	1890.18106875	n/a	1.4515943006845191	2	1	3	NB_20_frameB_foil.png	1	7	1893.64966525	0	152	n/a	n/a	intervals/recognition_table	151	1890.664419	1892.198071
1890.664419	0.000000	378133	ttl	1	71	n/a	n/a	n/a	n/a	n/a	n/a	n/a	n/a	n/a	n/a	n/a	n/a	n/a	n/a	n/a	n/a	n/a	n/a	n/a	n/a	n/a	1890.664419	n/a
1892.198071	0.000000	378440	ttl	2	71	n/a	n/a	n/a	n/a	n/a	n/a	n/a	n/a	n/a	n/a	n/a	n/a	n/a	n/a	n/a	n/a	n/a	n/a	n/a	n/a	n/a	1892.198071	n/a
1893.649665	0.000000	378730	ttl	4	71	n/a	n/a	n/a	n/a	n/a	n/a	n/a	n/a	n/a	n/a	n/a	n/a	n/a	n/a	n/a	n/a	n/a	n/a	n/a	n/a	n/a	1893.649665	n/a
1893.659166	0.000000	378732	ttl	11	71	n/a	n/a	n/a	n/a	n/a	n/a	n/a	n/a	n/a	n/a	n/a	n/a	n/a	n/a	n/a	n/a	n/a	n/a	n/a	n/a	n/a	1893.659166	n/a
1894.209049	1.533498	378842	scene_recognition	n/a	n/a	n/a	71.0	n/a	n/a	n/a	1893.6591657499998	n/a	1.2058174961712211	1	2	3	SB_9_frameA.png	1	7	1896.9483645	1	153	n/a	n/a	intervals/recognition_table	152	1894.209049	1895.742547
1894.209049	0.000000	378842	ttl	1	71	n/a	n/a	n/a	n/a	n/a	n/a	n/a	n/a	n/a	n/a	n/a	n/a	n/a	n/a	n/a	n/a	n/a	n/a	n/a	n/a	n/a	1894.209049	n/a
1895.742547	0.000000	379149	ttl	2	71	n/a	n/a	n/a	n/a	n/a	n/a	n/a	n/a	n/a	n/a	n/a	n/a	n/a	n/a	n/a	n/a	n/a	n/a	n/a	n/a	n/a	1895.742547	n/a
1896.948365	0.000000	379390	ttl	4	71	n/a	n/a	n/a	n/a	n/a	n/a	n/a	n/a	n/a	n/a	n/a	n/a	n/a	n/a	n/a	n/a	n/a	n/a	n/a	n/a	n/a	1896.948365	n/a
1896.953825	0.000000	379391	ttl	11	71	n/a	n/a	n/a	n/a	n/a	n/a	n/a	n/a	n/a	n/a	n/a	n/a	n/a	n/a	n/a	n/a	n/a	n/a	n/a	n/a	n/a	1896.953825	n/a
1897.487021	1.533646	379497	scene_recognition	n/a	n/a	n/a	71.0	n/a	n/a	n/a	1896.9538249999998	n/a	1.0959356754319742	1	3	3	HB_8_frameB.png	1	7	1900.1166034999999	1	154	n/a	n/a	intervals/recognition_table	153	1897.487021	1899.020668
1897.487021	0.000000	379497	ttl	1	71	n/a	n/a	n/a	n/a	n/a	n/a	n/a	n/a	n/a	n/a	n/a	n/a	n/a	n/a	n/a	n/a	n/a	n/a	n/a	n/a	n/a	1897.487021	n/a
1899.020668	0.000000	379804	ttl	2	71	n/a	n/a	n/a	n/a	n/a	n/a	n/a	n/a	n/a	n/a	n/a	n/a	n/a	n/a	n/a	n/a	n/a	n/a	n/a	n/a	n/a	1899.020668	n/a
1900.116603	0.000000	380023	ttl	4	71	n/a	n/a	n/a	n/a	n/a	n/a	n/a	n/a	n/a	n/a	n/a	n/a	n/a	n/a	n/a	n/a	n/a	n/a	n/a	n/a	n/a	1900.116603	n/a
1900.120384	0.000000	380024	ttl	11	71	n/a	n/a	n/a	n/a	n/a	n/a	n/a	n/a	n/a	n/a	n/a	n/a	n/a	n/a	n/a	n/a	n/a	n/a	n/a	n/a	n/a	1900.120384	n/a
1900.653761	1.533495	380131	scene_recognition	n/a	n/a	n/a	71.0	n/a	n/a	n/a	1900.12038375	n/a	1.0410669499542564	1	1	3	NB_3_frameB.png	1	7	1903.22832275	1	155	n/a	n/a	intervals/recognition_table	154	1900.653761	1902.187256
1900.653761	0.000000	380131	ttl	1	71	n/a	n/a	n/a	n/a	n/a	n/a	n/a	n/a	n/a	n/a	n/a	n/a	n/a	n/a	n/a	n/a	n/a	n/a	n/a	n/a	n/a	1900.653761	n/a
1902.187256	0.000000	380437	ttl	2	71	n/a	n/a	n/a	n/a	n/a	n/a	n/a	n/a	n/a	n/a	n/a	n/a	n/a	n/a	n/a	n/a	n/a	n/a	n/a	n/a	n/a	1902.187256	n/a
1903.228323	0.000000	380646	ttl	4	71	n/a	n/a	n/a	n/a	n/a	n/a	n/a	n/a	n/a	n/a	n/a	n/a	n/a	n/a	n/a	n/a	n/a	n/a	n/a	n/a	n/a	1903.228323	n/a
1903.240965	0.000000	380648	ttl	11	71	n/a	n/a	n/a	n/a	n/a	n/a	n/a	n/a	n/a	n/a	n/a	n/a	n/a	n/a	n/a	n/a	n/a	n/a	n/a	n/a	n/a	1903.240965	n/a
1903.757617	1.533534	380752	scene_recognition	n/a	n/a	n/a	71.0	n/a	n/a	n/a	1903.240965	n/a	1.8187423708150163	2	3	3	HB_1_frameB_foil.png	1	7	1907.109894	0	156	n/a	n/a	intervals/recognition_table	155	1903.757617	1905.291152
1903.757617	0.000000	380752	ttl	1	71	n/a	n/a	n/a	n/a	n/a	n/a	n/a	n/a	n/a	n/a	n/a	n/a	n/a	n/a	n/a	n/a	n/a	n/a	n/a	n/a	n/a	1903.757617	n/a
1905.291152	0.000000	381058	ttl	2	71	n/a	n/a	n/a	n/a	n/a	n/a	n/a	n/a	n/a	n/a	n/a	n/a	n/a	n/a	n/a	n/a	n/a	n/a	n/a	n/a	n/a	1905.291152	n/a
1907.109894	0.000000	381422	ttl	4	71	n/a	n/a	n/a	n/a	n/a	n/a	n/a	n/a	n/a	n/a	n/a	n/a	n/a	n/a	n/a	n/a	n/a	n/a	n/a	n/a	n/a	1907.109894	n/a
1907.114463	0.000000	381423	ttl	11	71	n/a	n/a	n/a	n/a	n/a	n/a	n/a	n/a	n/a	n/a	n/a	n/a	n/a	n/a	n/a	n/a	n/a	n/a	n/a	n/a	n/a	1907.114463	n/a
1907.681071	1.533524	381536	scene_recognition	n/a	n/a	n/a	71.0	n/a	n/a	n/a	1907.11446325	n/a	1.470055484562181	1	2	3	SB_6_frameB.png	1	7	1910.6846515	1	157	n/a	n/a	intervals/recognition_table	156	1907.681071	1909.214596
1907.681071	0.000000	381536	ttl	1	71	n/a	n/a	n/a	n/a	n/a	n/a	n/a	n/a	n/a	n/a	n/a	n/a	n/a	n/a	n/a	n/a	n/a	n/a	n/a	n/a	n/a	1907.681071	n/a
1909.214596	0.000000	381843	ttl	2	71	n/a	n/a	n/a	n/a	n/a	n/a	n/a	n/a	n/a	n/a	n/a	n/a	n/a	n/a	n/a	n/a	n/a	n/a	n/a	n/a	n/a	1909.214596	n/a
1910.684651	0.000000	382137	ttl	4	71	n/a	n/a	n/a	n/a	n/a	n/a	n/a	n/a	n/a	n/a	n/a	n/a	n/a	n/a	n/a	n/a	n/a	n/a	n/a	n/a	n/a	1910.684651	n/a
1910.690418	0.000000	382138	ttl	11	71	n/a	n/a	n/a	n/a	n/a	n/a	n/a	n/a	n/a	n/a	n/a	n/a	n/a	n/a	n/a	n/a	n/a	n/a	n/a	n/a	n/a	1910.690418	n/a
1911.223603	1.533743	382245	scene_recognition	n/a	n/a	n/a	71.0	n/a	n/a	n/a	1910.6904184999999	n/a	1.7734669502824545	2	2	3	SB_5_frameB_foil.png	1	7	1914.5308137499999	0	158	n/a	n/a	intervals/recognition_table	157	1911.223603	1912.757347
1911.223603	0.000000	382245	ttl	1	71	n/a	n/a	n/a	n/a	n/a	n/a	n/a	n/a	n/a	n/a	n/a	n/a	n/a	n/a	n/a	n/a	n/a	n/a	n/a	n/a	n/a	1911.223603	n/a
1912.757347	0.000000	382551	ttl	2	71	n/a	n/a	n/a	n/a	n/a	n/a	n/a	n/a	n/a	n/a	n/a	n/a	n/a	n/a	n/a	n/a	n/a	n/a	n/a	n/a	n/a	1912.757347	n/a
1914.530814	0.000000	382906	ttl	4	71	n/a	n/a	n/a	n/a	n/a	n/a	n/a	n/a	n/a	n/a	n/a	n/a	n/a	n/a	n/a	n/a	n/a	n/a	n/a	n/a	n/a	1914.530814	n/a
1914.544842	0.000000	382909	ttl	11	71	n/a	n/a	n/a	n/a	n/a	n/a	n/a	n/a	n/a	n/a	n/a	n/a	n/a	n/a	n/a	n/a	n/a	n/a	n/a	n/a	n/a	1914.544842	n/a
1915.028158	1.533681	383006	scene_recognition	n/a	n/a	n/a	71.0	n/a	n/a	n/a	1914.54484175	n/a	1.546148267108947	1	2	3	SB_1_frameA.png	1	7	1918.1079874999998	1	159	n/a	n/a	intervals/recognition_table	158	1915.028158	1916.561839
1915.028158	0.000000	383006	ttl	1	71	n/a	n/a	n/a	n/a	n/a	n/a	n/a	n/a	n/a	n/a	n/a	n/a	n/a	n/a	n/a	n/a	n/a	n/a	n/a	n/a	n/a	1915.028158	n/a
1916.561839	0.000000	383312	ttl	2	71	n/a	n/a	n/a	n/a	n/a	n/a	n/a	n/a	n/a	n/a	n/a	n/a	n/a	n/a	n/a	n/a	n/a	n/a	n/a	n/a	n/a	1916.561839	n/a
1918.107987	0.000000	383622	ttl	4	71	n/a	n/a	n/a	n/a	n/a	n/a	n/a	n/a	n/a	n/a	n/a	n/a	n/a	n/a	n/a	n/a	n/a	n/a	n/a	n/a	n/a	1918.107987	n/a
1918.113385	0.000000	383623	ttl	11	71	n/a	n/a	n/a	n/a	n/a	n/a	n/a	n/a	n/a	n/a	n/a	n/a	n/a	n/a	n/a	n/a	n/a	n/a	n/a	n/a	n/a	1918.113385	n/a
1918.646568	1.533620	383729	scene_recognition	n/a	n/a	n/a	71.0	n/a	n/a	n/a	1918.11338525	n/a	1.300914650899358	2	3	3	HB_4_frameA_foil.png	1	7	1921.4811025	0	160	n/a	n/a	intervals/recognition_table	159	1918.646568	1920.180188
1918.646568	0.000000	383729	ttl	1	71	n/a	n/a	n/a	n/a	n/a	n/a	n/a	n/a	n/a	n/a	n/a	n/a	n/a	n/a	n/a	n/a	n/a	n/a	n/a	n/a	n/a	1918.646568	n/a
1920.180188	0.000000	384036	ttl	2	71	n/a	n/a	n/a	n/a	n/a	n/a	n/a	n/a	n/a	n/a	n/a	n/a	n/a	n/a	n/a	n/a	n/a	n/a	n/a	n/a	n/a	1920.180188	n/a
1921.481102	0.000000	384296	ttl	4	71	n/a	n/a	n/a	n/a	n/a	n/a	n/a	n/a	n/a	n/a	n/a	n/a	n/a	n/a	n/a	n/a	n/a	n/a	n/a	n/a	n/a	1921.481102	n/a
1921.491269	0.000000	384298	ttl	11	71	n/a	n/a	n/a	n/a	n/a	n/a	n/a	n/a	n/a	n/a	n/a	n/a	n/a	n/a	n/a	n/a	n/a	n/a	n/a	n/a	n/a	1921.491269	n/a
1921.991253	1.533678	384398	scene_recognition	n/a	n/a	n/a	71.0	n/a	n/a	n/a	1921.49126925	n/a	1.5662805521860719	1	1	3	NB_10_frameB_foil.png	2	2	1925.0912107499998	0	161	n/a	n/a	intervals/recognition_table	160	1921.991253	1923.524930
1921.991253	0.000000	384398	ttl	1	71	n/a	n/a	n/a	n/a	n/a	n/a	n/a	n/a	n/a	n/a	n/a	n/a	n/a	n/a	n/a	n/a	n/a	n/a	n/a	n/a	n/a	1921.991253	n/a
1923.524930	0.000000	384705	ttl	2	71	n/a	n/a	n/a	n/a	n/a	n/a	n/a	n/a	n/a	n/a	n/a	n/a	n/a	n/a	n/a	n/a	n/a	n/a	n/a	n/a	n/a	1923.524930	n/a
1925.091211	0.000000	385018	ttl	4	71	n/a	n/a	n/a	n/a	n/a	n/a	n/a	n/a	n/a	n/a	n/a	n/a	n/a	n/a	n/a	n/a	n/a	n/a	n/a	n/a	n/a	1925.091211	n/a
1925.105986	0.000000	385021	ttl	11	71	n/a	n/a	n/a	n/a	n/a	n/a	n/a	n/a	n/a	n/a	n/a	n/a	n/a	n/a	n/a	n/a	n/a	n/a	n/a	n/a	n/a	1925.105986	n/a
1925.672471	1.533588	385134	scene_recognition	n/a	n/a	n/a	71.0	n/a	n/a	n/a	1925.1059859999998	n/a	1.3971387480851263	1	2	3	SB_4_frameB.png	1	7	1928.60319775	1	162	n/a	n/a	intervals/recognition_table	161	1925.672471	1927.206059
1925.672471	0.000000	385134	ttl	1	71	n/a	n/a	n/a	n/a	n/a	n/a	n/a	n/a	n/a	n/a	n/a	n/a	n/a	n/a	n/a	n/a	n/a	n/a	n/a	n/a	n/a	1925.672471	n/a
1927.206059	0.000000	385441	ttl	2	71	n/a	n/a	n/a	n/a	n/a	n/a	n/a	n/a	n/a	n/a	n/a	n/a	n/a	n/a	n/a	n/a	n/a	n/a	n/a	n/a	n/a	1927.206059	n/a
1928.603198	0.000000	385721	ttl	4	71	n/a	n/a	n/a	n/a	n/a	n/a	n/a	n/a	n/a	n/a	n/a	n/a	n/a	n/a	n/a	n/a	n/a	n/a	n/a	n/a	n/a	1928.603198	n/a
1928.609636	0.000000	385722	ttl	11	71	n/a	n/a	n/a	n/a	n/a	n/a	n/a	n/a	n/a	n/a	n/a	n/a	n/a	n/a	n/a	n/a	n/a	n/a	n/a	n/a	n/a	1928.609636	n/a
1929.192827	1.533504	385839	scene_recognition	n/a	n/a	n/a	71.0	n/a	n/a	n/a	1928.6096364999999	n/a	1.4574845749884844	2	2	3	SB_2_frameB_foil.png	1	7	1932.1838154999998	0	163	n/a	n/a	intervals/recognition_table	162	1929.192827	1930.726331
1929.192827	0.000000	385839	ttl	1	71	n/a	n/a	n/a	n/a	n/a	n/a	n/a	n/a	n/a	n/a	n/a	n/a	n/a	n/a	n/a	n/a	n/a	n/a	n/a	n/a	n/a	1929.192827	n/a
1930.726331	0.000000	386145	ttl	2	71	n/a	n/a	n/a	n/a	n/a	n/a	n/a	n/a	n/a	n/a	n/a	n/a	n/a	n/a	n/a	n/a	n/a	n/a	n/a	n/a	n/a	1930.726331	n/a
1932.183815	0.000000	386437	ttl	4	71	n/a	n/a	n/a	n/a	n/a	n/a	n/a	n/a	n/a	n/a	n/a	n/a	n/a	n/a	n/a	n/a	n/a	n/a	n/a	n/a	n/a	1932.183815	n/a
1932.201113	0.000000	386440	ttl	11	71	n/a	n/a	n/a	n/a	n/a	n/a	n/a	n/a	n/a	n/a	n/a	n/a	n/a	n/a	n/a	n/a	n/a	n/a	n/a	n/a	n/a	1932.201113	n/a
1932.751097	1.533598	386550	scene_recognition	n/a	n/a	n/a	71.0	n/a	n/a	n/a	1932.20111275	n/a	1.2300760673824698	1	3	3	HB_7_frameB_foil.png	2	2	1935.51477125	0	164	n/a	n/a	intervals/recognition_table	163	1932.751097	1934.284695
1932.751097	0.000000	386550	ttl	1	71	n/a	n/a	n/a	n/a	n/a	n/a	n/a	n/a	n/a	n/a	n/a	n/a	n/a	n/a	n/a	n/a	n/a	n/a	n/a	n/a	n/a	1932.751097	n/a
1934.284695	0.000000	386857	ttl	2	71	n/a	n/a	n/a	n/a	n/a	n/a	n/a	n/a	n/a	n/a	n/a	n/a	n/a	n/a	n/a	n/a	n/a	n/a	n/a	n/a	n/a	1934.284695	n/a
1935.514771	0.000000	387103	ttl	4	71	n/a	n/a	n/a	n/a	n/a	n/a	n/a	n/a	n/a	n/a	n/a	n/a	n/a	n/a	n/a	n/a	n/a	n/a	n/a	n/a	n/a	1935.514771	n/a
1935.525299	0.000000	387105	ttl	11	71	n/a	n/a	n/a	n/a	n/a	n/a	n/a	n/a	n/a	n/a	n/a	n/a	n/a	n/a	n/a	n/a	n/a	n/a	n/a	n/a	n/a	1935.525299	n/a
1936.041923	1.533553	387208	scene_recognition	n/a	n/a	n/a	71.0	n/a	n/a	n/a	1935.52529925	n/a	0.6915205711266026	2	3	3	HB_3_frameA_foil.png	1	7	1938.2669965	0	165	n/a	n/a	intervals/recognition_table	164	1936.041923	1937.575476
1936.041923	0.000000	387208	ttl	1	71	n/a	n/a	n/a	n/a	n/a	n/a	n/a	n/a	n/a	n/a	n/a	n/a	n/a	n/a	n/a	n/a	n/a	n/a	n/a	n/a	n/a	1936.041923	n/a
1937.575476	0.000000	387515	ttl	2	71	n/a	n/a	n/a	n/a	n/a	n/a	n/a	n/a	n/a	n/a	n/a	n/a	n/a	n/a	n/a	n/a	n/a	n/a	n/a	n/a	n/a	1937.575476	n/a
1938.266997	0.000000	387653	ttl	4	71	n/a	n/a	n/a	n/a	n/a	n/a	n/a	n/a	n/a	n/a	n/a	n/a	n/a	n/a	n/a	n/a	n/a	n/a	n/a	n/a	n/a	1938.266997	n/a
1938.283411	0.000000	387657	ttl	11	71	n/a	n/a	n/a	n/a	n/a	n/a	n/a	n/a	n/a	n/a	n/a	n/a	n/a	n/a	n/a	n/a	n/a	n/a	n/a	n/a	n/a	1938.283411	n/a
1938.816561	1.533701	387763	scene_recognition	n/a	n/a	n/a	71.0	n/a	n/a	n/a	1938.2834107499998	n/a	1.6284472832921892	2	2	3	SB_7_frameB_foil.png	1	7	1941.9787092499998	0	166	n/a	n/a	intervals/recognition_table	165	1938.816561	1940.350262
1938.816561	0.000000	387763	ttl	1	71	n/a	n/a	n/a	n/a	n/a	n/a	n/a	n/a	n/a	n/a	n/a	n/a	n/a	n/a	n/a	n/a	n/a	n/a	n/a	n/a	n/a	1938.816561	n/a
1940.350262	0.000000	388070	ttl	2	71	n/a	n/a	n/a	n/a	n/a	n/a	n/a	n/a	n/a	n/a	n/a	n/a	n/a	n/a	n/a	n/a	n/a	n/a	n/a	n/a	n/a	1940.350262	n/a
1941.978709	0.000000	388396	ttl	4	71	n/a	n/a	n/a	n/a	n/a	n/a	n/a	n/a	n/a	n/a	n/a	n/a	n/a	n/a	n/a	n/a	n/a	n/a	n/a	n/a	n/a	1941.978709	n/a
1941.985103	0.000000	388397	ttl	11	71	n/a	n/a	n/a	n/a	n/a	n/a	n/a	n/a	n/a	n/a	n/a	n/a	n/a	n/a	n/a	n/a	n/a	n/a	n/a	n/a	n/a	1941.985103	n/a
1942.518345	1.533709	388504	scene_recognition	n/a	n/a	n/a	71.0	n/a	n/a	n/a	1941.9851032499998	n/a	1.2841768134385347	1	1	3	NB_26_frameA.png	1	7	1945.3362304999998	1	167	n/a	n/a	intervals/recognition_table	166	1942.518345	1944.052054
1942.518345	0.000000	388504	ttl	1	71	n/a	n/a	n/a	n/a	n/a	n/a	n/a	n/a	n/a	n/a	n/a	n/a	n/a	n/a	n/a	n/a	n/a	n/a	n/a	n/a	n/a	1942.518345	n/a
1944.052054	0.000000	388810	ttl	2	71	n/a	n/a	n/a	n/a	n/a	n/a	n/a	n/a	n/a	n/a	n/a	n/a	n/a	n/a	n/a	n/a	n/a	n/a	n/a	n/a	n/a	1944.052054	n/a
1945.336230	0.000000	389067	ttl	4	71	n/a	n/a	n/a	n/a	n/a	n/a	n/a	n/a	n/a	n/a	n/a	n/a	n/a	n/a	n/a	n/a	n/a	n/a	n/a	n/a	n/a	1945.336230	n/a
1945.349367	0.000000	389070	ttl	11	71	n/a	n/a	n/a	n/a	n/a	n/a	n/a	n/a	n/a	n/a	n/a	n/a	n/a	n/a	n/a	n/a	n/a	n/a	n/a	n/a	n/a	1945.349367	n/a
1945.816187	1.533355	389163	scene_recognition	n/a	n/a	n/a	71.0	n/a	n/a	n/a	1945.3493675	n/a	1.5924495777580887	2	1	3	NB_22_frameB_foil.png	1	7	1948.9419914999999	0	168	n/a	n/a	intervals/recognition_table	167	1945.816187	1947.349542
1945.816187	0.000000	389163	ttl	1	71	n/a	n/a	n/a	n/a	n/a	n/a	n/a	n/a	n/a	n/a	n/a	n/a	n/a	n/a	n/a	n/a	n/a	n/a	n/a	n/a	n/a	1945.816187	n/a
1947.349542	0.000000	389470	ttl	2	71	n/a	n/a	n/a	n/a	n/a	n/a	n/a	n/a	n/a	n/a	n/a	n/a	n/a	n/a	n/a	n/a	n/a	n/a	n/a	n/a	n/a	1947.349542	n/a
1948.941991	0.000000	389788	ttl	4	71	n/a	n/a	n/a	n/a	n/a	n/a	n/a	n/a	n/a	n/a	n/a	n/a	n/a	n/a	n/a	n/a	n/a	n/a	n/a	n/a	n/a	1948.941991	n/a
1948.950687	0.000000	389790	ttl	11	71	n/a	n/a	n/a	n/a	n/a	n/a	n/a	n/a	n/a	n/a	n/a	n/a	n/a	n/a	n/a	n/a	n/a	n/a	n/a	n/a	n/a	1948.950687	n/a
1949.517262	1.533516	389903	scene_recognition	n/a	n/a	n/a	71.0	n/a	n/a	n/a	1948.9506875	n/a	1.8592962257098407	2	1	3	NB_10_frameA.png	2	2	1952.91007425	1	169	n/a	n/a	intervals/recognition_table	168	1949.517262	1951.050778
1949.517262	0.000000	389903	ttl	1	71	n/a	n/a	n/a	n/a	n/a	n/a	n/a	n/a	n/a	n/a	n/a	n/a	n/a	n/a	n/a	n/a	n/a	n/a	n/a	n/a	n/a	1949.517262	n/a
1951.050778	0.000000	390210	ttl	2	71	n/a	n/a	n/a	n/a	n/a	n/a	n/a	n/a	n/a	n/a	n/a	n/a	n/a	n/a	n/a	n/a	n/a	n/a	n/a	n/a	n/a	1951.050778	n/a
1952.910074	0.000000	390582	ttl	4	71	n/a	n/a	n/a	n/a	n/a	n/a	n/a	n/a	n/a	n/a	n/a	n/a	n/a	n/a	n/a	n/a	n/a	n/a	n/a	n/a	n/a	1952.910074	n/a
1952.927961	0.000000	390586	ttl	11	71	n/a	n/a	n/a	n/a	n/a	n/a	n/a	n/a	n/a	n/a	n/a	n/a	n/a	n/a	n/a	n/a	n/a	n/a	n/a	n/a	n/a	1952.927961	n/a
1953.427830	1.533689	390686	scene_recognition	n/a	n/a	n/a	71.0	n/a	n/a	n/a	1952.92796075	n/a	1.9512312423903495	1	1	3	NB_30_frameA.png	1	7	1956.91275	1	170	n/a	n/a	intervals/recognition_table	169	1953.427830	1954.961519
1953.427830	0.000000	390686	ttl	1	71	n/a	n/a	n/a	n/a	n/a	n/a	n/a	n/a	n/a	n/a	n/a	n/a	n/a	n/a	n/a	n/a	n/a	n/a	n/a	n/a	n/a	1953.427830	n/a
1954.961519	0.000000	390992	ttl	2	71	n/a	n/a	n/a	n/a	n/a	n/a	n/a	n/a	n/a	n/a	n/a	n/a	n/a	n/a	n/a	n/a	n/a	n/a	n/a	n/a	n/a	1954.961519	n/a
1956.912750	0.000000	391383	ttl	4	71	n/a	n/a	n/a	n/a	n/a	n/a	n/a	n/a	n/a	n/a	n/a	n/a	n/a	n/a	n/a	n/a	n/a	n/a	n/a	n/a	n/a	1956.912750	n/a
1956.919486	0.000000	391384	ttl	11	71	n/a	n/a	n/a	n/a	n/a	n/a	n/a	n/a	n/a	n/a	n/a	n/a	n/a	n/a	n/a	n/a	n/a	n/a	n/a	n/a	n/a	1956.919486	n/a
1957.469535	1.533479	391494	scene_recognition	n/a	n/a	n/a	71.0	n/a	n/a	n/a	1956.919486	n/a	1.454091138439253	2	2	3	SB_3_frameA_foil.png	1	7	1960.4571052499998	0	171	n/a	n/a	intervals/recognition_table	170	1957.469535	1959.003014
1957.469535	0.000000	391494	ttl	1	71	n/a	n/a	n/a	n/a	n/a	n/a	n/a	n/a	n/a	n/a	n/a	n/a	n/a	n/a	n/a	n/a	n/a	n/a	n/a	n/a	n/a	1957.469535	n/a
1959.003014	0.000000	391801	ttl	2	71	n/a	n/a	n/a	n/a	n/a	n/a	n/a	n/a	n/a	n/a	n/a	n/a	n/a	n/a	n/a	n/a	n/a	n/a	n/a	n/a	n/a	1959.003014	n/a
1960.457105	0.000000	392091	ttl	4	71	n/a	n/a	n/a	n/a	n/a	n/a	n/a	n/a	n/a	n/a	n/a	n/a	n/a	n/a	n/a	n/a	n/a	n/a	n/a	n/a	n/a	1960.457105	n/a
1960.465401	0.000000	392093	ttl	11	71	n/a	n/a	n/a	n/a	n/a	n/a	n/a	n/a	n/a	n/a	n/a	n/a	n/a	n/a	n/a	n/a	n/a	n/a	n/a	n/a	n/a	1960.465401	n/a
1961.015299	1.533754	392203	scene_recognition	n/a	n/a	n/a	71.0	n/a	n/a	n/a	1960.46540125	n/a	1.542526975972578	2	1	3	NB_4_frameA.png	2	2	1964.0915802499999	1	172	n/a	n/a	intervals/recognition_table	171	1961.015299	1962.549053
1961.015299	0.000000	392203	ttl	1	71	n/a	n/a	n/a	n/a	n/a	n/a	n/a	n/a	n/a	n/a	n/a	n/a	n/a	n/a	n/a	n/a	n/a	n/a	n/a	n/a	n/a	1961.015299	n/a
1962.549053	0.000000	392510	ttl	2	71	n/a	n/a	n/a	n/a	n/a	n/a	n/a	n/a	n/a	n/a	n/a	n/a	n/a	n/a	n/a	n/a	n/a	n/a	n/a	n/a	n/a	1962.549053	n/a
1964.091580	0.000000	392818	ttl	4	71	n/a	n/a	n/a	n/a	n/a	n/a	n/a	n/a	n/a	n/a	n/a	n/a	n/a	n/a	n/a	n/a	n/a	n/a	n/a	n/a	n/a	1964.091580	n/a
1964.098794	0.000000	392820	ttl	11	71	n/a	n/a	n/a	n/a	n/a	n/a	n/a	n/a	n/a	n/a	n/a	n/a	n/a	n/a	n/a	n/a	n/a	n/a	n/a	n/a	n/a	1964.098794	n/a
1964.582097	1.533641	392916	scene_recognition	n/a	n/a	n/a	71.0	n/a	n/a	n/a	1964.0987942499999	n/a	1.5712451750878245	1	2	3	SB_4_frameA_foil.png	2	2	1967.68698425	0	173	n/a	n/a	intervals/recognition_table	172	1964.582097	1966.115739
1964.582097	0.000000	392916	ttl	1	71	n/a	n/a	n/a	n/a	n/a	n/a	n/a	n/a	n/a	n/a	n/a	n/a	n/a	n/a	n/a	n/a	n/a	n/a	n/a	n/a	n/a	1964.582097	n/a
1966.115739	0.000000	393223	ttl	2	71	n/a	n/a	n/a	n/a	n/a	n/a	n/a	n/a	n/a	n/a	n/a	n/a	n/a	n/a	n/a	n/a	n/a	n/a	n/a	n/a	n/a	1966.115739	n/a
1967.686984	0.000000	393537	ttl	4	71	n/a	n/a	n/a	n/a	n/a	n/a	n/a	n/a	n/a	n/a	n/a	n/a	n/a	n/a	n/a	n/a	n/a	n/a	n/a	n/a	n/a	1967.686984	n/a
1967.692170	0.000000	393538	ttl	11	71	n/a	n/a	n/a	n/a	n/a	n/a	n/a	n/a	n/a	n/a	n/a	n/a	n/a	n/a	n/a	n/a	n/a	n/a	n/a	n/a	n/a	1967.692170	n/a
1968.275396	1.533677	393655	scene_recognition	n/a	n/a	n/a	71.0	n/a	n/a	n/a	1967.6921705	n/a	1.4828086231136695	2	2	3	SB_5_frameA.png	2	2	1971.2918814999998	1	174	n/a	n/a	intervals/recognition_table	173	1968.275396	1969.809073
1968.275396	0.000000	393655	ttl	1	71	n/a	n/a	n/a	n/a	n/a	n/a	n/a	n/a	n/a	n/a	n/a	n/a	n/a	n/a	n/a	n/a	n/a	n/a	n/a	n/a	n/a	1968.275396	n/a
1969.809073	0.000000	393962	ttl	2	71	n/a	n/a	n/a	n/a	n/a	n/a	n/a	n/a	n/a	n/a	n/a	n/a	n/a	n/a	n/a	n/a	n/a	n/a	n/a	n/a	n/a	1969.809073	n/a
1971.291881	0.000000	394258	ttl	4	71	n/a	n/a	n/a	n/a	n/a	n/a	n/a	n/a	n/a	n/a	n/a	n/a	n/a	n/a	n/a	n/a	n/a	n/a	n/a	n/a	n/a	1971.291881	n/a
1971.294809	0.000000	394259	ttl	11	71	n/a	n/a	n/a	n/a	n/a	n/a	n/a	n/a	n/a	n/a	n/a	n/a	n/a	n/a	n/a	n/a	n/a	n/a	n/a	n/a	n/a	1971.294809	n/a
1971.778015	1.533588	394356	scene_recognition	n/a	n/a	n/a	71.0	n/a	n/a	n/a	1971.2948095	n/a	1.8244026369648054	2	3	3	HB_6_frameB.png	2	2	1975.1360057499999	1	175	n/a	n/a	intervals/recognition_table	174	1971.778015	1973.311603
1971.778015	0.000000	394356	ttl	1	71	n/a	n/a	n/a	n/a	n/a	n/a	n/a	n/a	n/a	n/a	n/a	n/a	n/a	n/a	n/a	n/a	n/a	n/a	n/a	n/a	n/a	1971.778015	n/a
1973.311603	0.000000	394662	ttl	2	71	n/a	n/a	n/a	n/a	n/a	n/a	n/a	n/a	n/a	n/a	n/a	n/a	n/a	n/a	n/a	n/a	n/a	n/a	n/a	n/a	n/a	1973.311603	n/a
1975.136006	0.000000	395027	ttl	4	71	n/a	n/a	n/a	n/a	n/a	n/a	n/a	n/a	n/a	n/a	n/a	n/a	n/a	n/a	n/a	n/a	n/a	n/a	n/a	n/a	n/a	1975.136006	n/a
1975.146632	0.000000	395029	ttl	11	71	n/a	n/a	n/a	n/a	n/a	n/a	n/a	n/a	n/a	n/a	n/a	n/a	n/a	n/a	n/a	n/a	n/a	n/a	n/a	n/a	n/a	1975.146632	n/a
1975.696534	1.533548	395139	scene_recognition	n/a	n/a	n/a	71.0	n/a	n/a	n/a	1975.1466315	n/a	2.1185551481321454	1	3	3	HB_6_frameB_foil.png	2	2	1979.3486369999998	0	176	n/a	n/a	intervals/recognition_table	175	1975.696534	1977.230082
1975.696534	0.000000	395139	ttl	1	71	n/a	n/a	n/a	n/a	n/a	n/a	n/a	n/a	n/a	n/a	n/a	n/a	n/a	n/a	n/a	n/a	n/a	n/a	n/a	n/a	n/a	1975.696534	n/a
1977.230082	0.000000	395446	ttl	2	71	n/a	n/a	n/a	n/a	n/a	n/a	n/a	n/a	n/a	n/a	n/a	n/a	n/a	n/a	n/a	n/a	n/a	n/a	n/a	n/a	n/a	1977.230082	n/a
1979.348637	0.000000	395870	ttl	4	71	n/a	n/a	n/a	n/a	n/a	n/a	n/a	n/a	n/a	n/a	n/a	n/a	n/a	n/a	n/a	n/a	n/a	n/a	n/a	n/a	n/a	1979.348637	n/a
1979.358814	0.000000	395872	ttl	11	71	n/a	n/a	n/a	n/a	n/a	n/a	n/a	n/a	n/a	n/a	n/a	n/a	n/a	n/a	n/a	n/a	n/a	n/a	n/a	n/a	n/a	1979.358814	n/a
1979.899899	1.502845	395980	scene_recognition	n/a	n/a	n/a	71.0	n/a	n/a	n/a	1979.35881425	n/a	1.4961422942578793	1	2	1	SB_30_frameA.png	1	5	1982.8988862499998	1	177	n/a	n/a	intervals/recognition_table	176	1979.899899	1981.402744
1979.899899	0.000000	395980	ttl	1	71	n/a	n/a	n/a	n/a	n/a	n/a	n/a	n/a	n/a	n/a	n/a	n/a	n/a	n/a	n/a	n/a	n/a	n/a	n/a	n/a	n/a	1979.899899	n/a
1981.402744	0.000000	396281	ttl	2	71	n/a	n/a	n/a	n/a	n/a	n/a	n/a	n/a	n/a	n/a	n/a	n/a	n/a	n/a	n/a	n/a	n/a	n/a	n/a	n/a	n/a	1981.402744	n/a
1982.898886	0.000000	396580	ttl	4	71	n/a	n/a	n/a	n/a	n/a	n/a	n/a	n/a	n/a	n/a	n/a	n/a	n/a	n/a	n/a	n/a	n/a	n/a	n/a	n/a	n/a	1982.898886	n/a
1982.959374	0.000000	396592	ttl	11	71	n/a	n/a	n/a	n/a	n/a	n/a	n/a	n/a	n/a	n/a	n/a	n/a	n/a	n/a	n/a	n/a	n/a	n/a	n/a	n/a	n/a	1982.959374	n/a
1983.502226	1.519038	396700	scene_recognition	n/a	n/a	n/a	71.0	n/a	n/a	n/a	1982.9593745	n/a	1.461085207061842	1	2	2	SB_30_frameB_foil.png	2	3	1986.48234925	0	178	n/a	n/a	intervals/recognition_table	177	1983.502226	1985.021264
1983.502226	0.000000	396700	ttl	1	71	n/a	n/a	n/a	n/a	n/a	n/a	n/a	n/a	n/a	n/a	n/a	n/a	n/a	n/a	n/a	n/a	n/a	n/a	n/a	n/a	n/a	1983.502226	n/a
1985.021264	0.000000	397004	ttl	2	71	n/a	n/a	n/a	n/a	n/a	n/a	n/a	n/a	n/a	n/a	n/a	n/a	n/a	n/a	n/a	n/a	n/a	n/a	n/a	n/a	n/a	1985.021264	n/a
1986.482349	0.000000	397296	ttl	4	71	n/a	n/a	n/a	n/a	n/a	n/a	n/a	n/a	n/a	n/a	n/a	n/a	n/a	n/a	n/a	n/a	n/a	n/a	n/a	n/a	n/a	1986.482349	n/a
1986.557080	0.000000	397311	ttl	11	71	n/a	n/a	n/a	n/a	n/a	n/a	n/a	n/a	n/a	n/a	n/a	n/a	n/a	n/a	n/a	n/a	n/a	n/a	n/a	n/a	n/a	1986.557080	n/a
1987.084132	1.523377	397417	scene_recognition	n/a	n/a	n/a	71.0	n/a	n/a	n/a	1986.55708025	n/a	0.5301984834950417	2	3	2	HB_30_frameB.png	2	3	1989.137708	1	179	n/a	n/a	intervals/recognition_table	178	1987.084132	1988.607509
1987.084132	0.000000	397417	ttl	1	71	n/a	n/a	n/a	n/a	n/a	n/a	n/a	n/a	n/a	n/a	n/a	n/a	n/a	n/a	n/a	n/a	n/a	n/a	n/a	n/a	n/a	1987.084132	n/a
1988.607509	0.000000	397722	ttl	2	71	n/a	n/a	n/a	n/a	n/a	n/a	n/a	n/a	n/a	n/a	n/a	n/a	n/a	n/a	n/a	n/a	n/a	n/a	n/a	n/a	n/a	1988.607509	n/a
1989.137708	0.000000	397828	ttl	4	71	n/a	n/a	n/a	n/a	n/a	n/a	n/a	n/a	n/a	n/a	n/a	n/a	n/a	n/a	n/a	n/a	n/a	n/a	n/a	n/a	n/a	1989.137708	n/a
1989.209139	0.000000	397842	ttl	11	71	n/a	n/a	n/a	n/a	n/a	n/a	n/a	n/a	n/a	n/a	n/a	n/a	n/a	n/a	n/a	n/a	n/a	n/a	n/a	n/a	n/a	1989.209139	n/a
1989.792671	1.510291	397959	scene_recognition	n/a	n/a	n/a	71.0	n/a	n/a	n/a	1989.2091395	n/a	1.0003612453583628	2	3	2	HB_30_frameA_foil.png	1	6	1992.30332325	0	180	n/a	n/a	intervals/recognition_table	179	1989.792671	1991.302962
1989.792671	0.000000	397959	ttl	1	71	n/a	n/a	n/a	n/a	n/a	n/a	n/a	n/a	n/a	n/a	n/a	n/a	n/a	n/a	n/a	n/a	n/a	n/a	n/a	n/a	n/a	1989.792671	n/a
1991.302962	0.000000	398261	ttl	2	71	n/a	n/a	n/a	n/a	n/a	n/a	n/a	n/a	n/a	n/a	n/a	n/a	n/a	n/a	n/a	n/a	n/a	n/a	n/a	n/a	n/a	1991.302962	n/a
1992.303323	0.000000	398461	ttl	4	71	n/a	n/a	n/a	n/a	n/a	n/a	n/a	n/a	n/a	n/a	n/a	n/a	n/a	n/a	n/a	n/a	n/a	n/a	n/a	n/a	n/a	1992.303323	n/a
1992.362430	0.000000	398472	ttl	60	71	n/a	n/a	n/a	n/a	n/a	n/a	n/a	n/a	n/a	n/a	n/a	n/a	n/a	n/a	n/a	n/a	n/a	n/a	n/a	n/a	n/a	1992.362430	n/a
2205.094895	0.000000	441019	ttl	61	72	n/a	n/a	n/a	n/a	n/a	n/a	n/a	n/a	n/a	n/a	n/a	n/a	n/a	n/a	n/a	n/a	n/a	n/a	n/a	n/a	n/a	2205.094895	n/a
2205.147533	0.000000	441030	ttl	11	72	n/a	n/a	n/a	n/a	n/a	n/a	n/a	n/a	n/a	n/a	n/a	n/a	n/a	n/a	n/a	n/a	n/a	n/a	n/a	n/a	n/a	2205.147533	n/a
2205.764123	2.035277	441153	time_discrimination	n/a	n/a	n/a	72.0	n/a	n/a	n/a	2205.1475327499998	n/a	2.2469936250708997	2.0	2	1.0	SB_14_LongA.png	n/a	4	2210.046393	n/a	1	1	1	intervals/timediscrimination_table	0	2205.764123	2207.799399
2205.764123	0.000000	441153	ttl	1	72	n/a	n/a	n/a	n/a	n/a	n/a	n/a	n/a	n/a	n/a	n/a	n/a	n/a	n/a	n/a	n/a	n/a	n/a	n/a	n/a	n/a	2205.764123	n/a
2207.799399	0.000000	441560	ttl	2	72	n/a	n/a	n/a	n/a	n/a	n/a	n/a	n/a	n/a	n/a	n/a	n/a	n/a	n/a	n/a	n/a	n/a	n/a	n/a	n/a	n/a	2207.799399	n/a
2210.046393	0.000000	442009	ttl	4	72	n/a	n/a	n/a	n/a	n/a	n/a	n/a	n/a	n/a	n/a	n/a	n/a	n/a	n/a	n/a	n/a	n/a	n/a	n/a	n/a	n/a	2210.046393	n/a
2210.055737	0.000000	442011	ttl	11	72	n/a	n/a	n/a	n/a	n/a	n/a	n/a	n/a	n/a	n/a	n/a	n/a	n/a	n/a	n/a	n/a	n/a	n/a	n/a	n/a	n/a	2210.055737	n/a
2210.622259	2.033451	442124	time_discrimination	n/a	n/a	n/a	72.0	n/a	n/a	n/a	2210.0557372499998	n/a	1.0255064646480605	2.0	1	2.0	NB_17_LongA.png	n/a	3	2213.681217	n/a	2	1	1	intervals/timediscrimination_table	1	2210.622259	2212.655710
2210.622259	0.000000	442124	ttl	1	72	n/a	n/a	n/a	n/a	n/a	n/a	n/a	n/a	n/a	n/a	n/a	n/a	n/a	n/a	n/a	n/a	n/a	n/a	n/a	n/a	n/a	2210.622259	n/a
2212.655710	0.000000	442531	ttl	2	72	n/a	n/a	n/a	n/a	n/a	n/a	n/a	n/a	n/a	n/a	n/a	n/a	n/a	n/a	n/a	n/a	n/a	n/a	n/a	n/a	n/a	2212.655710	n/a
2213.681217	0.000000	442736	ttl	4	72	n/a	n/a	n/a	n/a	n/a	n/a	n/a	n/a	n/a	n/a	n/a	n/a	n/a	n/a	n/a	n/a	n/a	n/a	n/a	n/a	n/a	2213.681217	n/a
2213.693056	0.000000	442739	ttl	11	72	n/a	n/a	n/a	n/a	n/a	n/a	n/a	n/a	n/a	n/a	n/a	n/a	n/a	n/a	n/a	n/a	n/a	n/a	n/a	n/a	n/a	2213.693056	n/a
2214.242925	2.033720	442849	time_discrimination	n/a	n/a	n/a	72.0	n/a	n/a	n/a	2213.6930565	n/a	2.385574709973298	2.0	2	1.0	SB_44_LongA.png	n/a	4	2218.6622195	n/a	3	1	1	intervals/timediscrimination_table	2	2214.242925	2216.276645
2214.242925	0.000000	442849	ttl	1	72	n/a	n/a	n/a	n/a	n/a	n/a	n/a	n/a	n/a	n/a	n/a	n/a	n/a	n/a	n/a	n/a	n/a	n/a	n/a	n/a	n/a	2214.242925	n/a
2216.276645	0.000000	443255	ttl	2	72	n/a	n/a	n/a	n/a	n/a	n/a	n/a	n/a	n/a	n/a	n/a	n/a	n/a	n/a	n/a	n/a	n/a	n/a	n/a	n/a	n/a	2216.276645	n/a
2218.662219	0.000000	443732	ttl	4	72	n/a	n/a	n/a	n/a	n/a	n/a	n/a	n/a	n/a	n/a	n/a	n/a	n/a	n/a	n/a	n/a	n/a	n/a	n/a	n/a	n/a	2218.662219	n/a
2218.683767	0.000000	443737	ttl	11	72	n/a	n/a	n/a	n/a	n/a	n/a	n/a	n/a	n/a	n/a	n/a	n/a	n/a	n/a	n/a	n/a	n/a	n/a	n/a	n/a	n/a	2218.683767	n/a
2219.200384	2.033670	443840	time_discrimination	n/a	n/a	n/a	72.0	n/a	n/a	n/a	2218.6837674999997	n/a	2.5714007085189223	1.0	3	2.0	HB_15_ShortA.png	n/a	3	2223.8054545	n/a	4	1	2	intervals/timediscrimination_table	3	2219.200384	2221.234054
2219.200384	0.000000	443840	ttl	1	72	n/a	n/a	n/a	n/a	n/a	n/a	n/a	n/a	n/a	n/a	n/a	n/a	n/a	n/a	n/a	n/a	n/a	n/a	n/a	n/a	n/a	2219.200384	n/a
2221.234054	0.000000	444247	ttl	2	72	n/a	n/a	n/a	n/a	n/a	n/a	n/a	n/a	n/a	n/a	n/a	n/a	n/a	n/a	n/a	n/a	n/a	n/a	n/a	n/a	n/a	2221.234054	n/a
2223.805454	0.000000	444761	ttl	4	72	n/a	n/a	n/a	n/a	n/a	n/a	n/a	n/a	n/a	n/a	n/a	n/a	n/a	n/a	n/a	n/a	n/a	n/a	n/a	n/a	n/a	2223.805454	n/a
2223.808500	0.000000	444762	ttl	11	72	n/a	n/a	n/a	n/a	n/a	n/a	n/a	n/a	n/a	n/a	n/a	n/a	n/a	n/a	n/a	n/a	n/a	n/a	n/a	n/a	n/a	2223.808500	n/a
2224.291869	2.033611	444858	time_discrimination	n/a	n/a	n/a	72.0	n/a	n/a	n/a	2223.8085005	n/a	1.9747558813542128	2.0	1	1.0	NB_5_LongA.png	n/a	5	2228.3002355	n/a	5	2	2	intervals/timediscrimination_table	4	2224.291869	2226.325480
2224.291869	0.000000	444858	ttl	1	72	n/a	n/a	n/a	n/a	n/a	n/a	n/a	n/a	n/a	n/a	n/a	n/a	n/a	n/a	n/a	n/a	n/a	n/a	n/a	n/a	n/a	2224.291869	n/a
2226.325480	0.000000	445265	ttl	2	72	n/a	n/a	n/a	n/a	n/a	n/a	n/a	n/a	n/a	n/a	n/a	n/a	n/a	n/a	n/a	n/a	n/a	n/a	n/a	n/a	n/a	2226.325480	n/a
2228.300235	0.000000	445660	ttl	4	72	n/a	n/a	n/a	n/a	n/a	n/a	n/a	n/a	n/a	n/a	n/a	n/a	n/a	n/a	n/a	n/a	n/a	n/a	n/a	n/a	n/a	2228.300235	n/a
2228.310575	0.000000	445662	ttl	11	72	n/a	n/a	n/a	n/a	n/a	n/a	n/a	n/a	n/a	n/a	n/a	n/a	n/a	n/a	n/a	n/a	n/a	n/a	n/a	n/a	n/a	2228.310575	n/a
2228.844178	2.033266	445769	time_discrimination	n/a	n/a	n/a	72.0	n/a	n/a	n/a	2228.31057475	n/a	3.215439099818468	1.0	3	2.0	HB_31_LongA.png	n/a	3	2234.09288325	n/a	6	1	2	intervals/timediscrimination_table	5	2228.844178	2230.877444
2228.844178	0.000000	445769	ttl	1	72	n/a	n/a	n/a	n/a	n/a	n/a	n/a	n/a	n/a	n/a	n/a	n/a	n/a	n/a	n/a	n/a	n/a	n/a	n/a	n/a	n/a	2228.844178	n/a
2230.877444	0.000000	446175	ttl	2	72	n/a	n/a	n/a	n/a	n/a	n/a	n/a	n/a	n/a	n/a	n/a	n/a	n/a	n/a	n/a	n/a	n/a	n/a	n/a	n/a	n/a	2230.877444	n/a
2234.092883	0.000000	446819	ttl	4	72	n/a	n/a	n/a	n/a	n/a	n/a	n/a	n/a	n/a	n/a	n/a	n/a	n/a	n/a	n/a	n/a	n/a	n/a	n/a	n/a	n/a	2234.092883	n/a
2234.096692	0.000000	446819	ttl	11	72	n/a	n/a	n/a	n/a	n/a	n/a	n/a	n/a	n/a	n/a	n/a	n/a	n/a	n/a	n/a	n/a	n/a	n/a	n/a	n/a	n/a	2234.096692	n/a
2234.580027	2.033538	446916	time_discrimination	n/a	n/a	n/a	72.0	n/a	n/a	n/a	2234.0966922499997	n/a	2.317993236705661	2.0	1	2.0	NB_29_LongA.png	n/a	6	2238.93155825	n/a	7	2	2	intervals/timediscrimination_table	6	2234.580027	2236.613565
2234.580027	0.000000	446916	ttl	1	72	n/a	n/a	n/a	n/a	n/a	n/a	n/a	n/a	n/a	n/a	n/a	n/a	n/a	n/a	n/a	n/a	n/a	n/a	n/a	n/a	n/a	2234.580027	n/a
2236.613565	0.000000	447323	ttl	2	72	n/a	n/a	n/a	n/a	n/a	n/a	n/a	n/a	n/a	n/a	n/a	n/a	n/a	n/a	n/a	n/a	n/a	n/a	n/a	n/a	n/a	2236.613565	n/a
2238.931558	0.000000	447786	ttl	4	72	n/a	n/a	n/a	n/a	n/a	n/a	n/a	n/a	n/a	n/a	n/a	n/a	n/a	n/a	n/a	n/a	n/a	n/a	n/a	n/a	n/a	2238.931558	n/a
2238.947844	0.000000	447790	ttl	11	72	n/a	n/a	n/a	n/a	n/a	n/a	n/a	n/a	n/a	n/a	n/a	n/a	n/a	n/a	n/a	n/a	n/a	n/a	n/a	n/a	n/a	2238.947844	n/a
2239.480939	2.033674	447896	time_discrimination	n/a	n/a	n/a	72.0	n/a	n/a	n/a	2238.947844	n/a	2.2330561890266836	2.0	2	2.0	SB_18_LongA.png	n/a	6	2243.74766925	n/a	8	2	2	intervals/timediscrimination_table	7	2239.480939	2241.514613
2239.480939	0.000000	447896	ttl	1	72	n/a	n/a	n/a	n/a	n/a	n/a	n/a	n/a	n/a	n/a	n/a	n/a	n/a	n/a	n/a	n/a	n/a	n/a	n/a	n/a	n/a	2239.480939	n/a
2241.514613	0.000000	448303	ttl	2	72	n/a	n/a	n/a	n/a	n/a	n/a	n/a	n/a	n/a	n/a	n/a	n/a	n/a	n/a	n/a	n/a	n/a	n/a	n/a	n/a	n/a	2241.514613	n/a
2243.747669	0.000000	448750	ttl	4	72	n/a	n/a	n/a	n/a	n/a	n/a	n/a	n/a	n/a	n/a	n/a	n/a	n/a	n/a	n/a	n/a	n/a	n/a	n/a	n/a	n/a	2243.747669	n/a
2243.762636	0.000000	448753	ttl	11	72	n/a	n/a	n/a	n/a	n/a	n/a	n/a	n/a	n/a	n/a	n/a	n/a	n/a	n/a	n/a	n/a	n/a	n/a	n/a	n/a	n/a	2243.762636	n/a
2244.329274	2.033654	448866	time_discrimination	n/a	n/a	n/a	72.0	n/a	n/a	n/a	2243.76263625	n/a	3.4985043352935463	2.0	1	2.0	NB_27_LongA.png	n/a	6	2249.8614319999997	n/a	9	2	2	intervals/timediscrimination_table	8	2244.329274	2246.362928
2244.329274	0.000000	448866	ttl	1	72	n/a	n/a	n/a	n/a	n/a	n/a	n/a	n/a	n/a	n/a	n/a	n/a	n/a	n/a	n/a	n/a	n/a	n/a	n/a	n/a	n/a	2244.329274	n/a
2246.362928	0.000000	449273	ttl	2	72	n/a	n/a	n/a	n/a	n/a	n/a	n/a	n/a	n/a	n/a	n/a	n/a	n/a	n/a	n/a	n/a	n/a	n/a	n/a	n/a	n/a	2246.362928	n/a
2249.861432	0.000000	449972	ttl	4	72	n/a	n/a	n/a	n/a	n/a	n/a	n/a	n/a	n/a	n/a	n/a	n/a	n/a	n/a	n/a	n/a	n/a	n/a	n/a	n/a	n/a	2249.861432	n/a
2249.865169	0.000000	449973	ttl	11	72	n/a	n/a	n/a	n/a	n/a	n/a	n/a	n/a	n/a	n/a	n/a	n/a	n/a	n/a	n/a	n/a	n/a	n/a	n/a	n/a	n/a	2249.865169	n/a
2250.381845	2.033461	450076	time_discrimination	n/a	n/a	n/a	72.0	n/a	n/a	n/a	2249.86516925	n/a	2.1688432439696044	2.0	2	2.0	SB_37_LongA.png	n/a	6	2254.58414925	n/a	10	2	2	intervals/timediscrimination_table	9	2250.381845	2252.415306
2250.381845	0.000000	450076	ttl	1	72	n/a	n/a	n/a	n/a	n/a	n/a	n/a	n/a	n/a	n/a	n/a	n/a	n/a	n/a	n/a	n/a	n/a	n/a	n/a	n/a	n/a	2250.381845	n/a
2252.415306	0.000000	450483	ttl	2	72	n/a	n/a	n/a	n/a	n/a	n/a	n/a	n/a	n/a	n/a	n/a	n/a	n/a	n/a	n/a	n/a	n/a	n/a	n/a	n/a	n/a	2252.415306	n/a
2254.584149	0.000000	450917	ttl	4	72	n/a	n/a	n/a	n/a	n/a	n/a	n/a	n/a	n/a	n/a	n/a	n/a	n/a	n/a	n/a	n/a	n/a	n/a	n/a	n/a	n/a	2254.584149	n/a
2254.596551	0.000000	450919	ttl	11	72	n/a	n/a	n/a	n/a	n/a	n/a	n/a	n/a	n/a	n/a	n/a	n/a	n/a	n/a	n/a	n/a	n/a	n/a	n/a	n/a	n/a	2254.596551	n/a
2255.146481	2.033560	451029	time_discrimination	n/a	n/a	n/a	72.0	n/a	n/a	n/a	2254.5965515	n/a	1.7853283799486235	2.0	2	2.0	SB_34_LongA.png	n/a	3	2258.9653694999997	n/a	11	1	1	intervals/timediscrimination_table	10	2255.146481	2257.180041
2255.146481	0.000000	451029	ttl	1	72	n/a	n/a	n/a	n/a	n/a	n/a	n/a	n/a	n/a	n/a	n/a	n/a	n/a	n/a	n/a	n/a	n/a	n/a	n/a	n/a	n/a	2255.146481	n/a
2257.180041	0.000000	451436	ttl	2	72	n/a	n/a	n/a	n/a	n/a	n/a	n/a	n/a	n/a	n/a	n/a	n/a	n/a	n/a	n/a	n/a	n/a	n/a	n/a	n/a	n/a	2257.180041	n/a
2258.965369	0.000000	451793	ttl	4	72	n/a	n/a	n/a	n/a	n/a	n/a	n/a	n/a	n/a	n/a	n/a	n/a	n/a	n/a	n/a	n/a	n/a	n/a	n/a	n/a	n/a	2258.965369	n/a
2258.974045	0.000000	451795	ttl	11	72	n/a	n/a	n/a	n/a	n/a	n/a	n/a	n/a	n/a	n/a	n/a	n/a	n/a	n/a	n/a	n/a	n/a	n/a	n/a	n/a	n/a	2258.974045	n/a
2259.507316	2.033520	451901	time_discrimination	n/a	n/a	n/a	72.0	n/a	n/a	n/a	2258.97404475	n/a	2.005912674125284	2.0	2	2.0	SB_3_ShortA.png	n/a	3	2263.54674875	n/a	12	1	1	intervals/timediscrimination_table	11	2259.507316	2261.540836
2259.507316	0.000000	451901	ttl	1	72	n/a	n/a	n/a	n/a	n/a	n/a	n/a	n/a	n/a	n/a	n/a	n/a	n/a	n/a	n/a	n/a	n/a	n/a	n/a	n/a	n/a	2259.507316	n/a
2261.540836	0.000000	452308	ttl	2	72	n/a	n/a	n/a	n/a	n/a	n/a	n/a	n/a	n/a	n/a	n/a	n/a	n/a	n/a	n/a	n/a	n/a	n/a	n/a	n/a	n/a	2261.540836	n/a
2263.546749	0.000000	452709	ttl	4	72	n/a	n/a	n/a	n/a	n/a	n/a	n/a	n/a	n/a	n/a	n/a	n/a	n/a	n/a	n/a	n/a	n/a	n/a	n/a	n/a	n/a	2263.546749	n/a
2263.550291	0.000000	452710	ttl	11	72	n/a	n/a	n/a	n/a	n/a	n/a	n/a	n/a	n/a	n/a	n/a	n/a	n/a	n/a	n/a	n/a	n/a	n/a	n/a	n/a	n/a	2263.550291	n/a
2264.083569	2.033496	452817	time_discrimination	n/a	n/a	n/a	72.0	n/a	n/a	n/a	2263.550291	n/a	2.522601034375839	2.0	2	2.0	SB_23_ShortA.png	n/a	3	2268.63966575	n/a	13	1	1	intervals/timediscrimination_table	12	2264.083569	2266.117065
2264.083569	0.000000	452817	ttl	1	72	n/a	n/a	n/a	n/a	n/a	n/a	n/a	n/a	n/a	n/a	n/a	n/a	n/a	n/a	n/a	n/a	n/a	n/a	n/a	n/a	n/a	2264.083569	n/a
2266.117065	0.000000	453223	ttl	2	72	n/a	n/a	n/a	n/a	n/a	n/a	n/a	n/a	n/a	n/a	n/a	n/a	n/a	n/a	n/a	n/a	n/a	n/a	n/a	n/a	n/a	2266.117065	n/a
2268.639666	0.000000	453728	ttl	4	72	n/a	n/a	n/a	n/a	n/a	n/a	n/a	n/a	n/a	n/a	n/a	n/a	n/a	n/a	n/a	n/a	n/a	n/a	n/a	n/a	n/a	2268.639666	n/a
2268.649937	0.000000	453730	ttl	11	72	n/a	n/a	n/a	n/a	n/a	n/a	n/a	n/a	n/a	n/a	n/a	n/a	n/a	n/a	n/a	n/a	n/a	n/a	n/a	n/a	n/a	2268.649937	n/a
2269.149850	2.033627	453830	time_discrimination	n/a	n/a	n/a	72.0	n/a	n/a	n/a	2268.6499369999997	n/a	2.6849764198996127	2.0	2	2.0	SB_9_LongA.png	n/a	6	2273.8684532499997	n/a	14	2	2	intervals/timediscrimination_table	13	2269.149850	2271.183477
2269.149850	0.000000	453830	ttl	1	72	n/a	n/a	n/a	n/a	n/a	n/a	n/a	n/a	n/a	n/a	n/a	n/a	n/a	n/a	n/a	n/a	n/a	n/a	n/a	n/a	n/a	2269.149850	n/a
2271.183477	0.000000	454237	ttl	2	72	n/a	n/a	n/a	n/a	n/a	n/a	n/a	n/a	n/a	n/a	n/a	n/a	n/a	n/a	n/a	n/a	n/a	n/a	n/a	n/a	n/a	2271.183477	n/a
2273.868453	0.000000	454774	ttl	4	72	n/a	n/a	n/a	n/a	n/a	n/a	n/a	n/a	n/a	n/a	n/a	n/a	n/a	n/a	n/a	n/a	n/a	n/a	n/a	n/a	n/a	2273.868453	n/a
2273.882633	0.000000	454777	ttl	11	72	n/a	n/a	n/a	n/a	n/a	n/a	n/a	n/a	n/a	n/a	n/a	n/a	n/a	n/a	n/a	n/a	n/a	n/a	n/a	n/a	n/a	2273.882633	n/a
2274.465966	2.033583	454893	time_discrimination	n/a	n/a	n/a	72.0	n/a	n/a	n/a	2273.8826329999997	n/a	1.1904026755364612	2.0	1	2.0	NB_3_ShortA.png	n/a	3	2277.6899519999997	n/a	15	1	1	intervals/timediscrimination_table	14	2274.465966	2276.499549
2274.465966	0.000000	454893	ttl	1	72	n/a	n/a	n/a	n/a	n/a	n/a	n/a	n/a	n/a	n/a	n/a	n/a	n/a	n/a	n/a	n/a	n/a	n/a	n/a	n/a	n/a	2274.465966	n/a
2276.499549	0.000000	455300	ttl	2	72	n/a	n/a	n/a	n/a	n/a	n/a	n/a	n/a	n/a	n/a	n/a	n/a	n/a	n/a	n/a	n/a	n/a	n/a	n/a	n/a	n/a	2276.499549	n/a
2277.689952	0.000000	455538	ttl	4	72	n/a	n/a	n/a	n/a	n/a	n/a	n/a	n/a	n/a	n/a	n/a	n/a	n/a	n/a	n/a	n/a	n/a	n/a	n/a	n/a	n/a	2277.689952	n/a
2277.700799	0.000000	455540	ttl	11	72	n/a	n/a	n/a	n/a	n/a	n/a	n/a	n/a	n/a	n/a	n/a	n/a	n/a	n/a	n/a	n/a	n/a	n/a	n/a	n/a	n/a	2277.700799	n/a
2278.184151	2.033690	455637	time_discrimination	n/a	n/a	n/a	72.0	n/a	n/a	n/a	2277.7007985	n/a	2.294140481739305	2.0	2	2.0	SB_50_LongA.png	n/a	3	2282.511982	n/a	16	1	1	intervals/timediscrimination_table	15	2278.184151	2280.217841
2278.184151	0.000000	455637	ttl	1	72	n/a	n/a	n/a	n/a	n/a	n/a	n/a	n/a	n/a	n/a	n/a	n/a	n/a	n/a	n/a	n/a	n/a	n/a	n/a	n/a	n/a	2278.184151	n/a
2280.217841	0.000000	456044	ttl	2	72	n/a	n/a	n/a	n/a	n/a	n/a	n/a	n/a	n/a	n/a	n/a	n/a	n/a	n/a	n/a	n/a	n/a	n/a	n/a	n/a	n/a	2280.217841	n/a
2282.511982	0.000000	456502	ttl	4	72	n/a	n/a	n/a	n/a	n/a	n/a	n/a	n/a	n/a	n/a	n/a	n/a	n/a	n/a	n/a	n/a	n/a	n/a	n/a	n/a	n/a	2282.511982	n/a
2282.527315	0.000000	456505	ttl	11	72	n/a	n/a	n/a	n/a	n/a	n/a	n/a	n/a	n/a	n/a	n/a	n/a	n/a	n/a	n/a	n/a	n/a	n/a	n/a	n/a	n/a	2282.527315	n/a
2283.110694	2.033413	456622	time_discrimination	n/a	n/a	n/a	72.0	n/a	n/a	n/a	2282.5273155	n/a	2.383805812918581	2.0	2	2.0	SB_59_ShortA.png	n/a	3	2287.527913	n/a	17	1	1	intervals/timediscrimination_table	16	2283.110694	2285.144107
2283.110694	0.000000	456622	ttl	1	72	n/a	n/a	n/a	n/a	n/a	n/a	n/a	n/a	n/a	n/a	n/a	n/a	n/a	n/a	n/a	n/a	n/a	n/a	n/a	n/a	n/a	2283.110694	n/a
2285.144107	0.000000	457029	ttl	2	72	n/a	n/a	n/a	n/a	n/a	n/a	n/a	n/a	n/a	n/a	n/a	n/a	n/a	n/a	n/a	n/a	n/a	n/a	n/a	n/a	n/a	2285.144107	n/a
2287.527913	0.000000	457506	ttl	4	72	n/a	n/a	n/a	n/a	n/a	n/a	n/a	n/a	n/a	n/a	n/a	n/a	n/a	n/a	n/a	n/a	n/a	n/a	n/a	n/a	n/a	2287.527913	n/a
2287.530784	0.000000	457506	ttl	11	72	n/a	n/a	n/a	n/a	n/a	n/a	n/a	n/a	n/a	n/a	n/a	n/a	n/a	n/a	n/a	n/a	n/a	n/a	n/a	n/a	n/a	2287.530784	n/a
2288.097453	2.033572	457619	time_discrimination	n/a	n/a	n/a	72.0	n/a	n/a	n/a	2287.5307844999998	n/a	2.784648116212338	1.0	3	2.0	HB_8_LongA.png	n/a	6	2292.91567275	n/a	18	2	1	intervals/timediscrimination_table	17	2288.097453	2290.131024
2288.097453	0.000000	457619	ttl	1	72	n/a	n/a	n/a	n/a	n/a	n/a	n/a	n/a	n/a	n/a	n/a	n/a	n/a	n/a	n/a	n/a	n/a	n/a	n/a	n/a	n/a	2288.097453	n/a
2290.131024	0.000000	458026	ttl	2	72	n/a	n/a	n/a	n/a	n/a	n/a	n/a	n/a	n/a	n/a	n/a	n/a	n/a	n/a	n/a	n/a	n/a	n/a	n/a	n/a	n/a	2290.131024	n/a
2292.915673	0.000000	458583	ttl	4	72	n/a	n/a	n/a	n/a	n/a	n/a	n/a	n/a	n/a	n/a	n/a	n/a	n/a	n/a	n/a	n/a	n/a	n/a	n/a	n/a	n/a	2292.915673	n/a
2292.932542	0.000000	458587	ttl	11	72	n/a	n/a	n/a	n/a	n/a	n/a	n/a	n/a	n/a	n/a	n/a	n/a	n/a	n/a	n/a	n/a	n/a	n/a	n/a	n/a	n/a	2292.932542	n/a
2293.449265	2.033542	458690	time_discrimination	n/a	n/a	n/a	72.0	n/a	n/a	n/a	2292.93254175	n/a	2.4635695829056203	2.0	2	2.0	SB_1_LongA.png	n/a	6	2297.9463769999998	n/a	19	2	2	intervals/timediscrimination_table	18	2293.449265	2295.482807
2293.449265	0.000000	458690	ttl	1	72	n/a	n/a	n/a	n/a	n/a	n/a	n/a	n/a	n/a	n/a	n/a	n/a	n/a	n/a	n/a	n/a	n/a	n/a	n/a	n/a	n/a	2293.449265	n/a
2295.482807	0.000000	459097	ttl	2	72	n/a	n/a	n/a	n/a	n/a	n/a	n/a	n/a	n/a	n/a	n/a	n/a	n/a	n/a	n/a	n/a	n/a	n/a	n/a	n/a	n/a	2295.482807	n/a
2297.946377	0.000000	459589	ttl	4	72	n/a	n/a	n/a	n/a	n/a	n/a	n/a	n/a	n/a	n/a	n/a	n/a	n/a	n/a	n/a	n/a	n/a	n/a	n/a	n/a	n/a	2297.946377	n/a
2297.958841	0.000000	459592	ttl	11	72	n/a	n/a	n/a	n/a	n/a	n/a	n/a	n/a	n/a	n/a	n/a	n/a	n/a	n/a	n/a	n/a	n/a	n/a	n/a	n/a	n/a	2297.958841	n/a
2298.442060	2.033599	459688	time_discrimination	n/a	n/a	n/a	72.0	n/a	n/a	n/a	2297.9588412499998	n/a	2.092101310612634	2.0	1	2.0	NB_27_ShortA.png	n/a	6	2302.56776025	n/a	20	2	2	intervals/timediscrimination_table	19	2298.442060	2300.475659
2298.442060	0.000000	459688	ttl	1	72	n/a	n/a	n/a	n/a	n/a	n/a	n/a	n/a	n/a	n/a	n/a	n/a	n/a	n/a	n/a	n/a	n/a	n/a	n/a	n/a	n/a	2298.442060	n/a
2300.475659	0.000000	460095	ttl	2	72	n/a	n/a	n/a	n/a	n/a	n/a	n/a	n/a	n/a	n/a	n/a	n/a	n/a	n/a	n/a	n/a	n/a	n/a	n/a	n/a	n/a	2300.475659	n/a
2302.567760	0.000000	460514	ttl	4	72	n/a	n/a	n/a	n/a	n/a	n/a	n/a	n/a	n/a	n/a	n/a	n/a	n/a	n/a	n/a	n/a	n/a	n/a	n/a	n/a	n/a	2302.567760	n/a
2302.571666	0.000000	460514	ttl	11	72	n/a	n/a	n/a	n/a	n/a	n/a	n/a	n/a	n/a	n/a	n/a	n/a	n/a	n/a	n/a	n/a	n/a	n/a	n/a	n/a	n/a	2302.571666	n/a
2303.054979	2.033773	460611	time_discrimination	n/a	n/a	n/a	72.0	n/a	n/a	n/a	2302.5716657499997	n/a	3.1814665666315705	1.0	3	2.0	HB_22_LongA.png	n/a	6	2308.2702182499997	n/a	21	2	1	intervals/timediscrimination_table	20	2303.054979	2305.088752
2303.054979	0.000000	460611	ttl	1	72	n/a	n/a	n/a	n/a	n/a	n/a	n/a	n/a	n/a	n/a	n/a	n/a	n/a	n/a	n/a	n/a	n/a	n/a	n/a	n/a	n/a	2303.054979	n/a
2305.088752	0.000000	461018	ttl	2	72	n/a	n/a	n/a	n/a	n/a	n/a	n/a	n/a	n/a	n/a	n/a	n/a	n/a	n/a	n/a	n/a	n/a	n/a	n/a	n/a	n/a	2305.088752	n/a
2308.270218	0.000000	461654	ttl	4	72	n/a	n/a	n/a	n/a	n/a	n/a	n/a	n/a	n/a	n/a	n/a	n/a	n/a	n/a	n/a	n/a	n/a	n/a	n/a	n/a	n/a	2308.270218	n/a
2308.277577	0.000000	461656	ttl	11	72	n/a	n/a	n/a	n/a	n/a	n/a	n/a	n/a	n/a	n/a	n/a	n/a	n/a	n/a	n/a	n/a	n/a	n/a	n/a	n/a	n/a	2308.277577	n/a
2308.844162	2.033643	461769	time_discrimination	n/a	n/a	n/a	72.0	n/a	n/a	n/a	2308.277577	n/a	1.844033884233795	1.0	3	2.0	HB_4_LongA.png	n/a	6	2312.7218387499997	n/a	22	2	1	intervals/timediscrimination_table	21	2308.844162	2310.877805
2308.844162	0.000000	461769	ttl	1	72	n/a	n/a	n/a	n/a	n/a	n/a	n/a	n/a	n/a	n/a	n/a	n/a	n/a	n/a	n/a	n/a	n/a	n/a	n/a	n/a	n/a	2308.844162	n/a
2310.877805	0.000000	462176	ttl	2	72	n/a	n/a	n/a	n/a	n/a	n/a	n/a	n/a	n/a	n/a	n/a	n/a	n/a	n/a	n/a	n/a	n/a	n/a	n/a	n/a	n/a	2310.877805	n/a
2312.721839	0.000000	462544	ttl	4	72	n/a	n/a	n/a	n/a	n/a	n/a	n/a	n/a	n/a	n/a	n/a	n/a	n/a	n/a	n/a	n/a	n/a	n/a	n/a	n/a	n/a	2312.721839	n/a
2312.734246	0.000000	462547	ttl	11	72	n/a	n/a	n/a	n/a	n/a	n/a	n/a	n/a	n/a	n/a	n/a	n/a	n/a	n/a	n/a	n/a	n/a	n/a	n/a	n/a	n/a	2312.734246	n/a
2313.267521	2.033496	462654	time_discrimination	n/a	n/a	n/a	72.0	n/a	n/a	n/a	2312.73424575	n/a	3.062936068046838	2.0	2	2.0	SB_7_LongA.png	n/a	3	2318.3639525	n/a	23	1	1	intervals/timediscrimination_table	22	2313.267521	2315.301017
2313.267521	0.000000	462654	ttl	1	72	n/a	n/a	n/a	n/a	n/a	n/a	n/a	n/a	n/a	n/a	n/a	n/a	n/a	n/a	n/a	n/a	n/a	n/a	n/a	n/a	n/a	2313.267521	n/a
2315.301017	0.000000	463060	ttl	2	72	n/a	n/a	n/a	n/a	n/a	n/a	n/a	n/a	n/a	n/a	n/a	n/a	n/a	n/a	n/a	n/a	n/a	n/a	n/a	n/a	n/a	2315.301017	n/a
2318.363952	0.000000	463673	ttl	4	72	n/a	n/a	n/a	n/a	n/a	n/a	n/a	n/a	n/a	n/a	n/a	n/a	n/a	n/a	n/a	n/a	n/a	n/a	n/a	n/a	n/a	2318.363952	n/a
2318.378449	0.000000	463676	ttl	11	72	n/a	n/a	n/a	n/a	n/a	n/a	n/a	n/a	n/a	n/a	n/a	n/a	n/a	n/a	n/a	n/a	n/a	n/a	n/a	n/a	n/a	2318.378449	n/a
2318.961636	2.069520	463792	time_discrimination	n/a	n/a	n/a	72.0	n/a	n/a	n/a	2318.3784485	n/a	3.2472017547115684	2.0	1	2.0	NB_15_LongA.png	n/a	6	2324.27835825	n/a	24	2	2	intervals/timediscrimination_table	23	2318.961636	2321.031156
2318.961636	0.000000	463792	ttl	1	72	n/a	n/a	n/a	n/a	n/a	n/a	n/a	n/a	n/a	n/a	n/a	n/a	n/a	n/a	n/a	n/a	n/a	n/a	n/a	n/a	n/a	2318.961636	n/a
2321.031156	0.000000	464206	ttl	2	72	n/a	n/a	n/a	n/a	n/a	n/a	n/a	n/a	n/a	n/a	n/a	n/a	n/a	n/a	n/a	n/a	n/a	n/a	n/a	n/a	n/a	2321.031156	n/a
2324.278358	0.000000	464856	ttl	4	72	n/a	n/a	n/a	n/a	n/a	n/a	n/a	n/a	n/a	n/a	n/a	n/a	n/a	n/a	n/a	n/a	n/a	n/a	n/a	n/a	n/a	2324.278358	n/a
2324.290647	0.000000	464858	ttl	11	72	n/a	n/a	n/a	n/a	n/a	n/a	n/a	n/a	n/a	n/a	n/a	n/a	n/a	n/a	n/a	n/a	n/a	n/a	n/a	n/a	n/a	2324.290647	n/a
2324.773924	2.033666	464955	time_discrimination	n/a	n/a	n/a	72.0	n/a	n/a	n/a	2324.2906467499997	n/a	1.994452724000439	2.0	2	2.0	SB_39_LongA.png	n/a	6	2328.8020435	n/a	25	2	2	intervals/timediscrimination_table	24	2324.773924	2326.807591
2324.773924	0.000000	464955	ttl	1	72	n/a	n/a	n/a	n/a	n/a	n/a	n/a	n/a	n/a	n/a	n/a	n/a	n/a	n/a	n/a	n/a	n/a	n/a	n/a	n/a	n/a	2324.773924	n/a
2326.807591	0.000000	465362	ttl	2	72	n/a	n/a	n/a	n/a	n/a	n/a	n/a	n/a	n/a	n/a	n/a	n/a	n/a	n/a	n/a	n/a	n/a	n/a	n/a	n/a	n/a	2326.807591	n/a
2328.802043	0.000000	465760	ttl	4	72	n/a	n/a	n/a	n/a	n/a	n/a	n/a	n/a	n/a	n/a	n/a	n/a	n/a	n/a	n/a	n/a	n/a	n/a	n/a	n/a	n/a	2328.802043	n/a
2328.819059	0.000000	465764	ttl	11	72	n/a	n/a	n/a	n/a	n/a	n/a	n/a	n/a	n/a	n/a	n/a	n/a	n/a	n/a	n/a	n/a	n/a	n/a	n/a	n/a	n/a	2328.819059	n/a
2329.302327	2.033537	465860	time_discrimination	n/a	n/a	n/a	72.0	n/a	n/a	n/a	2328.81905875	n/a	2.061354832025245	2.0	1	2.0	NB_22_LongA.png	n/a	6	2333.39721875	n/a	26	2	2	intervals/timediscrimination_table	25	2329.302327	2331.335864
2329.302327	0.000000	465860	ttl	1	72	n/a	n/a	n/a	n/a	n/a	n/a	n/a	n/a	n/a	n/a	n/a	n/a	n/a	n/a	n/a	n/a	n/a	n/a	n/a	n/a	n/a	2329.302327	n/a
2331.335864	0.000000	466267	ttl	2	72	n/a	n/a	n/a	n/a	n/a	n/a	n/a	n/a	n/a	n/a	n/a	n/a	n/a	n/a	n/a	n/a	n/a	n/a	n/a	n/a	n/a	2331.335864	n/a
2333.397219	0.000000	466679	ttl	4	72	n/a	n/a	n/a	n/a	n/a	n/a	n/a	n/a	n/a	n/a	n/a	n/a	n/a	n/a	n/a	n/a	n/a	n/a	n/a	n/a	n/a	2333.397219	n/a
2333.404742	0.000000	466681	ttl	11	72	n/a	n/a	n/a	n/a	n/a	n/a	n/a	n/a	n/a	n/a	n/a	n/a	n/a	n/a	n/a	n/a	n/a	n/a	n/a	n/a	n/a	2333.404742	n/a
2333.904691	2.033714	466781	time_discrimination	n/a	n/a	n/a	72.0	n/a	n/a	n/a	2333.40474175	n/a	3.288248629309237	2.0	1	2.0	NB_26_LongA.png	n/a	3	2339.22665325	n/a	27	1	1	intervals/timediscrimination_table	26	2333.904691	2335.938404
2333.904691	0.000000	466781	ttl	1	72	n/a	n/a	n/a	n/a	n/a	n/a	n/a	n/a	n/a	n/a	n/a	n/a	n/a	n/a	n/a	n/a	n/a	n/a	n/a	n/a	n/a	2333.904691	n/a
2335.938404	0.000000	467188	ttl	2	72	n/a	n/a	n/a	n/a	n/a	n/a	n/a	n/a	n/a	n/a	n/a	n/a	n/a	n/a	n/a	n/a	n/a	n/a	n/a	n/a	n/a	2335.938404	n/a
2339.226653	0.000000	467845	ttl	4	72	n/a	n/a	n/a	n/a	n/a	n/a	n/a	n/a	n/a	n/a	n/a	n/a	n/a	n/a	n/a	n/a	n/a	n/a	n/a	n/a	n/a	2339.226653	n/a
2339.243014	0.000000	467849	ttl	11	72	n/a	n/a	n/a	n/a	n/a	n/a	n/a	n/a	n/a	n/a	n/a	n/a	n/a	n/a	n/a	n/a	n/a	n/a	n/a	n/a	n/a	2339.243014	n/a
2339.776367	2.033519	467955	time_discrimination	n/a	n/a	n/a	72.0	n/a	n/a	n/a	2339.2430139999997	n/a	2.2084345136536285	2.0	1	2.0	NB_21_LongA.png	n/a	3	2344.01832125	n/a	28	1	1	intervals/timediscrimination_table	27	2339.776367	2341.809887
2339.776367	0.000000	467955	ttl	1	72	n/a	n/a	n/a	n/a	n/a	n/a	n/a	n/a	n/a	n/a	n/a	n/a	n/a	n/a	n/a	n/a	n/a	n/a	n/a	n/a	n/a	2339.776367	n/a
2341.809887	0.000000	468362	ttl	2	72	n/a	n/a	n/a	n/a	n/a	n/a	n/a	n/a	n/a	n/a	n/a	n/a	n/a	n/a	n/a	n/a	n/a	n/a	n/a	n/a	n/a	2341.809887	n/a
2344.018321	0.000000	468804	ttl	4	72	n/a	n/a	n/a	n/a	n/a	n/a	n/a	n/a	n/a	n/a	n/a	n/a	n/a	n/a	n/a	n/a	n/a	n/a	n/a	n/a	n/a	2344.018321	n/a
2344.028898	0.000000	468806	ttl	11	72	n/a	n/a	n/a	n/a	n/a	n/a	n/a	n/a	n/a	n/a	n/a	n/a	n/a	n/a	n/a	n/a	n/a	n/a	n/a	n/a	n/a	2344.028898	n/a
2344.562120	2.033612	468912	time_discrimination	n/a	n/a	n/a	72.0	n/a	n/a	n/a	2344.0288984999997	n/a	2.197817495907657	2.0	2	2.0	SB_57_LongA.png	n/a	6	2348.79354925	n/a	29	2	2	intervals/timediscrimination_table	28	2344.562120	2346.595732
2344.562120	0.000000	468912	ttl	1	72	n/a	n/a	n/a	n/a	n/a	n/a	n/a	n/a	n/a	n/a	n/a	n/a	n/a	n/a	n/a	n/a	n/a	n/a	n/a	n/a	n/a	2344.562120	n/a
2346.595732	0.000000	469319	ttl	2	72	n/a	n/a	n/a	n/a	n/a	n/a	n/a	n/a	n/a	n/a	n/a	n/a	n/a	n/a	n/a	n/a	n/a	n/a	n/a	n/a	n/a	2346.595732	n/a
2348.793549	0.000000	469759	ttl	4	72	n/a	n/a	n/a	n/a	n/a	n/a	n/a	n/a	n/a	n/a	n/a	n/a	n/a	n/a	n/a	n/a	n/a	n/a	n/a	n/a	n/a	2348.793549	n/a
2348.808360	0.000000	469762	ttl	11	72	n/a	n/a	n/a	n/a	n/a	n/a	n/a	n/a	n/a	n/a	n/a	n/a	n/a	n/a	n/a	n/a	n/a	n/a	n/a	n/a	n/a	2348.808360	n/a
2349.408419	2.033457	469882	time_discrimination	n/a	n/a	n/a	72.0	n/a	n/a	n/a	2348.8083604999997	n/a	1.306729857227765	2.0	3	2.0	HB_58_ShortA.png	n/a	6	2352.748606	n/a	30	2	2	intervals/timediscrimination_table	29	2349.408419	2351.441876
2349.408419	0.000000	469882	ttl	1	72	n/a	n/a	n/a	n/a	n/a	n/a	n/a	n/a	n/a	n/a	n/a	n/a	n/a	n/a	n/a	n/a	n/a	n/a	n/a	n/a	n/a	2349.408419	n/a
2351.441876	0.000000	470288	ttl	2	72	n/a	n/a	n/a	n/a	n/a	n/a	n/a	n/a	n/a	n/a	n/a	n/a	n/a	n/a	n/a	n/a	n/a	n/a	n/a	n/a	n/a	2351.441876	n/a
2352.748606	0.000000	470550	ttl	4	72	n/a	n/a	n/a	n/a	n/a	n/a	n/a	n/a	n/a	n/a	n/a	n/a	n/a	n/a	n/a	n/a	n/a	n/a	n/a	n/a	n/a	2352.748606	n/a
2352.759530	0.000000	470552	ttl	11	72	n/a	n/a	n/a	n/a	n/a	n/a	n/a	n/a	n/a	n/a	n/a	n/a	n/a	n/a	n/a	n/a	n/a	n/a	n/a	n/a	n/a	2352.759530	n/a
2353.359342	2.033578	470672	time_discrimination	n/a	n/a	n/a	72.0	n/a	n/a	n/a	2352.7595305	n/a	1.4433807444293052	2.0	1	2.0	NB_6_ShortA.png	n/a	6	2356.83630025	n/a	31	2	2	intervals/timediscrimination_table	30	2353.359342	2355.392920
2353.359342	0.000000	470672	ttl	1	72	n/a	n/a	n/a	n/a	n/a	n/a	n/a	n/a	n/a	n/a	n/a	n/a	n/a	n/a	n/a	n/a	n/a	n/a	n/a	n/a	n/a	2353.359342	n/a
2355.392920	0.000000	471079	ttl	2	72	n/a	n/a	n/a	n/a	n/a	n/a	n/a	n/a	n/a	n/a	n/a	n/a	n/a	n/a	n/a	n/a	n/a	n/a	n/a	n/a	n/a	2355.392920	n/a
2356.836300	0.000000	471367	ttl	4	72	n/a	n/a	n/a	n/a	n/a	n/a	n/a	n/a	n/a	n/a	n/a	n/a	n/a	n/a	n/a	n/a	n/a	n/a	n/a	n/a	n/a	2356.836300	n/a
2356.850637	0.000000	471370	ttl	11	72	n/a	n/a	n/a	n/a	n/a	n/a	n/a	n/a	n/a	n/a	n/a	n/a	n/a	n/a	n/a	n/a	n/a	n/a	n/a	n/a	n/a	2356.850637	n/a
2357.400479	2.033557	471480	time_discrimination	n/a	n/a	n/a	72.0	n/a	n/a	n/a	2356.850637	n/a	2.259897358948365	2.0	3	2.0	HB_46_ShortA.png	n/a	3	2361.69393375	n/a	32	1	1	intervals/timediscrimination_table	31	2357.400479	2359.434036
2357.400479	0.000000	471480	ttl	1	72	n/a	n/a	n/a	n/a	n/a	n/a	n/a	n/a	n/a	n/a	n/a	n/a	n/a	n/a	n/a	n/a	n/a	n/a	n/a	n/a	n/a	2357.400479	n/a
2359.434036	0.000000	471887	ttl	2	72	n/a	n/a	n/a	n/a	n/a	n/a	n/a	n/a	n/a	n/a	n/a	n/a	n/a	n/a	n/a	n/a	n/a	n/a	n/a	n/a	n/a	2359.434036	n/a
2361.693934	0.000000	472339	ttl	4	72	n/a	n/a	n/a	n/a	n/a	n/a	n/a	n/a	n/a	n/a	n/a	n/a	n/a	n/a	n/a	n/a	n/a	n/a	n/a	n/a	n/a	2361.693934	n/a
2361.710106	0.000000	472342	ttl	11	72	n/a	n/a	n/a	n/a	n/a	n/a	n/a	n/a	n/a	n/a	n/a	n/a	n/a	n/a	n/a	n/a	n/a	n/a	n/a	n/a	n/a	2361.710106	n/a
2362.260013	2.033631	472452	time_discrimination	n/a	n/a	n/a	72.0	n/a	n/a	n/a	2361.71010625	n/a	1.7328516291454434	2.0	2	2.0	SB_20_ShortA.png	n/a	6	2366.026496	n/a	33	2	2	intervals/timediscrimination_table	32	2362.260013	2364.293644
2362.260013	0.000000	472452	ttl	1	72	n/a	n/a	n/a	n/a	n/a	n/a	n/a	n/a	n/a	n/a	n/a	n/a	n/a	n/a	n/a	n/a	n/a	n/a	n/a	n/a	n/a	2362.260013	n/a
2364.293644	0.000000	472859	ttl	2	72	n/a	n/a	n/a	n/a	n/a	n/a	n/a	n/a	n/a	n/a	n/a	n/a	n/a	n/a	n/a	n/a	n/a	n/a	n/a	n/a	n/a	2364.293644	n/a
2366.026496	0.000000	473205	ttl	4	72	n/a	n/a	n/a	n/a	n/a	n/a	n/a	n/a	n/a	n/a	n/a	n/a	n/a	n/a	n/a	n/a	n/a	n/a	n/a	n/a	n/a	2366.026496	n/a
2366.034819	0.000000	473207	ttl	11	72	n/a	n/a	n/a	n/a	n/a	n/a	n/a	n/a	n/a	n/a	n/a	n/a	n/a	n/a	n/a	n/a	n/a	n/a	n/a	n/a	n/a	2366.034819	n/a
2366.534780	2.033613	473307	time_discrimination	n/a	n/a	n/a	72.0	n/a	n/a	n/a	2366.034819	n/a	1.79621822363697	2.0	1	2.0	NB_13_ShortA.png	n/a	3	2370.3646114999997	n/a	34	1	1	intervals/timediscrimination_table	33	2366.534780	2368.568393
2366.534780	0.000000	473307	ttl	1	72	n/a	n/a	n/a	n/a	n/a	n/a	n/a	n/a	n/a	n/a	n/a	n/a	n/a	n/a	n/a	n/a	n/a	n/a	n/a	n/a	n/a	2366.534780	n/a
2368.568393	0.000000	473714	ttl	2	72	n/a	n/a	n/a	n/a	n/a	n/a	n/a	n/a	n/a	n/a	n/a	n/a	n/a	n/a	n/a	n/a	n/a	n/a	n/a	n/a	n/a	2368.568393	n/a
2370.364611	0.000000	474073	ttl	4	72	n/a	n/a	n/a	n/a	n/a	n/a	n/a	n/a	n/a	n/a	n/a	n/a	n/a	n/a	n/a	n/a	n/a	n/a	n/a	n/a	n/a	2370.364611	n/a
2370.374926	0.000000	474075	ttl	11	72	n/a	n/a	n/a	n/a	n/a	n/a	n/a	n/a	n/a	n/a	n/a	n/a	n/a	n/a	n/a	n/a	n/a	n/a	n/a	n/a	n/a	2370.374926	n/a
2370.924998	2.033275	474185	time_discrimination	n/a	n/a	n/a	72.0	n/a	n/a	n/a	2370.3749264999997	n/a	1.8036164100049064	1.0	3	2.0	HB_48_LongA.png	n/a	3	2374.7618895	n/a	35	1	2	intervals/timediscrimination_table	34	2370.924998	2372.958273
2370.924998	0.000000	474185	ttl	1	72	n/a	n/a	n/a	n/a	n/a	n/a	n/a	n/a	n/a	n/a	n/a	n/a	n/a	n/a	n/a	n/a	n/a	n/a	n/a	n/a	n/a	2370.924998	n/a
2372.958273	0.000000	474592	ttl	2	72	n/a	n/a	n/a	n/a	n/a	n/a	n/a	n/a	n/a	n/a	n/a	n/a	n/a	n/a	n/a	n/a	n/a	n/a	n/a	n/a	n/a	2372.958273	n/a
2374.761890	0.000000	474952	ttl	4	72	n/a	n/a	n/a	n/a	n/a	n/a	n/a	n/a	n/a	n/a	n/a	n/a	n/a	n/a	n/a	n/a	n/a	n/a	n/a	n/a	n/a	2374.761890	n/a
2374.775493	0.000000	474955	ttl	11	72	n/a	n/a	n/a	n/a	n/a	n/a	n/a	n/a	n/a	n/a	n/a	n/a	n/a	n/a	n/a	n/a	n/a	n/a	n/a	n/a	n/a	2374.775493	n/a
2375.292007	2.033530	475058	time_discrimination	n/a	n/a	n/a	72.0	n/a	n/a	n/a	2374.775493	n/a	1.8599754545139149	2.0	2	2.0	SB_2_LongA.png	n/a	6	2379.18551225	n/a	36	2	2	intervals/timediscrimination_table	35	2375.292007	2377.325537
2375.292007	0.000000	475058	ttl	1	72	n/a	n/a	n/a	n/a	n/a	n/a	n/a	n/a	n/a	n/a	n/a	n/a	n/a	n/a	n/a	n/a	n/a	n/a	n/a	n/a	n/a	2375.292007	n/a
2377.325537	0.000000	475465	ttl	2	72	n/a	n/a	n/a	n/a	n/a	n/a	n/a	n/a	n/a	n/a	n/a	n/a	n/a	n/a	n/a	n/a	n/a	n/a	n/a	n/a	n/a	2377.325537	n/a
2379.185512	0.000000	475837	ttl	4	72	n/a	n/a	n/a	n/a	n/a	n/a	n/a	n/a	n/a	n/a	n/a	n/a	n/a	n/a	n/a	n/a	n/a	n/a	n/a	n/a	n/a	2379.185512	n/a
2379.196448	0.000000	475839	ttl	11	72	n/a	n/a	n/a	n/a	n/a	n/a	n/a	n/a	n/a	n/a	n/a	n/a	n/a	n/a	n/a	n/a	n/a	n/a	n/a	n/a	n/a	2379.196448	n/a
2379.679788	2.033623	475936	time_discrimination	n/a	n/a	n/a	72.0	n/a	n/a	n/a	2379.1964485	n/a	2.2913615701254457	2.0	2	2.0	SB_52_LongA.png	n/a	6	2384.00477225	n/a	37	2	2	intervals/timediscrimination_table	36	2379.679788	2381.713411
2379.679788	0.000000	475936	ttl	1	72	n/a	n/a	n/a	n/a	n/a	n/a	n/a	n/a	n/a	n/a	n/a	n/a	n/a	n/a	n/a	n/a	n/a	n/a	n/a	n/a	n/a	2379.679788	n/a
2381.713411	0.000000	476343	ttl	2	72	n/a	n/a	n/a	n/a	n/a	n/a	n/a	n/a	n/a	n/a	n/a	n/a	n/a	n/a	n/a	n/a	n/a	n/a	n/a	n/a	n/a	2381.713411	n/a
2384.004772	0.000000	476801	ttl	4	72	n/a	n/a	n/a	n/a	n/a	n/a	n/a	n/a	n/a	n/a	n/a	n/a	n/a	n/a	n/a	n/a	n/a	n/a	n/a	n/a	n/a	2384.004772	n/a
2384.007163	0.000000	476801	ttl	11	72	n/a	n/a	n/a	n/a	n/a	n/a	n/a	n/a	n/a	n/a	n/a	n/a	n/a	n/a	n/a	n/a	n/a	n/a	n/a	n/a	n/a	2384.007163	n/a
2384.523728	2.033553	476905	time_discrimination	n/a	n/a	n/a	72.0	n/a	n/a	n/a	2384.0071635	n/a	2.4346657291753218	2.0	2	2.0	SB_42_ShortA.png	n/a	3	2388.99194775	n/a	38	1	1	intervals/timediscrimination_table	37	2384.523728	2386.557282
2384.523728	0.000000	476905	ttl	1	72	n/a	n/a	n/a	n/a	n/a	n/a	n/a	n/a	n/a	n/a	n/a	n/a	n/a	n/a	n/a	n/a	n/a	n/a	n/a	n/a	n/a	2384.523728	n/a
2386.557282	0.000000	477311	ttl	2	72	n/a	n/a	n/a	n/a	n/a	n/a	n/a	n/a	n/a	n/a	n/a	n/a	n/a	n/a	n/a	n/a	n/a	n/a	n/a	n/a	n/a	2386.557282	n/a
2388.991948	0.000000	477798	ttl	4	72	n/a	n/a	n/a	n/a	n/a	n/a	n/a	n/a	n/a	n/a	n/a	n/a	n/a	n/a	n/a	n/a	n/a	n/a	n/a	n/a	n/a	2388.991948	n/a
2389.007478	0.000000	477801	ttl	11	72	n/a	n/a	n/a	n/a	n/a	n/a	n/a	n/a	n/a	n/a	n/a	n/a	n/a	n/a	n/a	n/a	n/a	n/a	n/a	n/a	n/a	2389.007478	n/a
2389.490772	2.033532	477898	time_discrimination	n/a	n/a	n/a	72.0	n/a	n/a	n/a	2389.007478	n/a	2.5683550803223625	2.0	3	2.0	HB_37_LongA.png	n/a	6	2394.0926595	n/a	39	2	2	intervals/timediscrimination_table	38	2389.490772	2391.524304
2389.490772	0.000000	477898	ttl	1	72	n/a	n/a	n/a	n/a	n/a	n/a	n/a	n/a	n/a	n/a	n/a	n/a	n/a	n/a	n/a	n/a	n/a	n/a	n/a	n/a	n/a	2389.490772	n/a
2391.524304	0.000000	478305	ttl	2	72	n/a	n/a	n/a	n/a	n/a	n/a	n/a	n/a	n/a	n/a	n/a	n/a	n/a	n/a	n/a	n/a	n/a	n/a	n/a	n/a	n/a	2391.524304	n/a
2394.092660	0.000000	478819	ttl	4	72	n/a	n/a	n/a	n/a	n/a	n/a	n/a	n/a	n/a	n/a	n/a	n/a	n/a	n/a	n/a	n/a	n/a	n/a	n/a	n/a	n/a	2394.092660	n/a
2394.096265	0.000000	478819	ttl	11	72	n/a	n/a	n/a	n/a	n/a	n/a	n/a	n/a	n/a	n/a	n/a	n/a	n/a	n/a	n/a	n/a	n/a	n/a	n/a	n/a	n/a	2394.096265	n/a
2394.679580	2.033572	478936	time_discrimination	n/a	n/a	n/a	72.0	n/a	n/a	n/a	2394.0962652499998	n/a	2.458383086253889	2.0	2	2.0	SB_47_ShortA.png	n/a	3	2399.17153475	n/a	40	1	1	intervals/timediscrimination_table	39	2394.679580	2396.713152
2394.679580	0.000000	478936	ttl	1	72	n/a	n/a	n/a	n/a	n/a	n/a	n/a	n/a	n/a	n/a	n/a	n/a	n/a	n/a	n/a	n/a	n/a	n/a	n/a	n/a	n/a	2394.679580	n/a
2396.713152	0.000000	479343	ttl	2	72	n/a	n/a	n/a	n/a	n/a	n/a	n/a	n/a	n/a	n/a	n/a	n/a	n/a	n/a	n/a	n/a	n/a	n/a	n/a	n/a	n/a	2396.713152	n/a
2399.171535	0.000000	479834	ttl	4	72	n/a	n/a	n/a	n/a	n/a	n/a	n/a	n/a	n/a	n/a	n/a	n/a	n/a	n/a	n/a	n/a	n/a	n/a	n/a	n/a	n/a	2399.171535	n/a
2399.178588	0.000000	479836	ttl	11	72	n/a	n/a	n/a	n/a	n/a	n/a	n/a	n/a	n/a	n/a	n/a	n/a	n/a	n/a	n/a	n/a	n/a	n/a	n/a	n/a	n/a	2399.178588	n/a
2399.761842	2.033381	479952	time_discrimination	n/a	n/a	n/a	72.0	n/a	n/a	n/a	2399.17858825	n/a	1.7395150267984718	1.0	3	2.0	HB_10_LongA.png	n/a	6	2403.5347385	n/a	41	2	1	intervals/timediscrimination_table	40	2399.761842	2401.795223
2399.761842	0.000000	479952	ttl	1	72	n/a	n/a	n/a	n/a	n/a	n/a	n/a	n/a	n/a	n/a	n/a	n/a	n/a	n/a	n/a	n/a	n/a	n/a	n/a	n/a	n/a	2399.761842	n/a
2401.795223	0.000000	480359	ttl	2	72	n/a	n/a	n/a	n/a	n/a	n/a	n/a	n/a	n/a	n/a	n/a	n/a	n/a	n/a	n/a	n/a	n/a	n/a	n/a	n/a	n/a	2401.795223	n/a
2403.534739	0.000000	480707	ttl	4	72	n/a	n/a	n/a	n/a	n/a	n/a	n/a	n/a	n/a	n/a	n/a	n/a	n/a	n/a	n/a	n/a	n/a	n/a	n/a	n/a	n/a	2403.534739	n/a
2403.545773	0.000000	480709	ttl	11	72	n/a	n/a	n/a	n/a	n/a	n/a	n/a	n/a	n/a	n/a	n/a	n/a	n/a	n/a	n/a	n/a	n/a	n/a	n/a	n/a	n/a	2403.545773	n/a
2404.129050	2.033663	480826	time_discrimination	n/a	n/a	n/a	72.0	n/a	n/a	n/a	2403.5457725	n/a	3.056520462036133	2.0	1	2.0	NB_1_ShortA.png	n/a	3	2409.2192339999997	n/a	42	1	1	intervals/timediscrimination_table	41	2404.129050	2406.162713
2404.129050	0.000000	480826	ttl	1	72	n/a	n/a	n/a	n/a	n/a	n/a	n/a	n/a	n/a	n/a	n/a	n/a	n/a	n/a	n/a	n/a	n/a	n/a	n/a	n/a	n/a	2404.129050	n/a
2406.162713	0.000000	481233	ttl	2	72	n/a	n/a	n/a	n/a	n/a	n/a	n/a	n/a	n/a	n/a	n/a	n/a	n/a	n/a	n/a	n/a	n/a	n/a	n/a	n/a	n/a	2406.162713	n/a
2409.219234	0.000000	481844	ttl	4	72	n/a	n/a	n/a	n/a	n/a	n/a	n/a	n/a	n/a	n/a	n/a	n/a	n/a	n/a	n/a	n/a	n/a	n/a	n/a	n/a	n/a	2409.219234	n/a
2409.233622	0.000000	481847	ttl	11	72	n/a	n/a	n/a	n/a	n/a	n/a	n/a	n/a	n/a	n/a	n/a	n/a	n/a	n/a	n/a	n/a	n/a	n/a	n/a	n/a	n/a	2409.233622	n/a
2409.716821	2.033754	481943	time_discrimination	n/a	n/a	n/a	72.0	n/a	n/a	n/a	2409.2336215	n/a	1.8730529437307268	2.0	1	2.0	NB_18_LongA.png	n/a	6	2413.6236285	n/a	43	2	2	intervals/timediscrimination_table	42	2409.716821	2411.750575
2409.716821	0.000000	481943	ttl	1	72	n/a	n/a	n/a	n/a	n/a	n/a	n/a	n/a	n/a	n/a	n/a	n/a	n/a	n/a	n/a	n/a	n/a	n/a	n/a	n/a	n/a	2409.716821	n/a
2411.750575	0.000000	482350	ttl	2	72	n/a	n/a	n/a	n/a	n/a	n/a	n/a	n/a	n/a	n/a	n/a	n/a	n/a	n/a	n/a	n/a	n/a	n/a	n/a	n/a	n/a	2411.750575	n/a
2413.623628	0.000000	482725	ttl	4	72	n/a	n/a	n/a	n/a	n/a	n/a	n/a	n/a	n/a	n/a	n/a	n/a	n/a	n/a	n/a	n/a	n/a	n/a	n/a	n/a	n/a	2413.623628	n/a
2413.628575	0.000000	482726	ttl	11	72	n/a	n/a	n/a	n/a	n/a	n/a	n/a	n/a	n/a	n/a	n/a	n/a	n/a	n/a	n/a	n/a	n/a	n/a	n/a	n/a	n/a	2413.628575	n/a
2414.211746	2.033586	482842	time_discrimination	n/a	n/a	n/a	72.0	n/a	n/a	n/a	2413.6285755	n/a	3.325344979763031	2.0	1	2.0	NB_10_LongA.png	n/a	3	2419.57067675	n/a	44	1	1	intervals/timediscrimination_table	43	2414.211746	2416.245332
2414.211746	0.000000	482842	ttl	1	72	n/a	n/a	n/a	n/a	n/a	n/a	n/a	n/a	n/a	n/a	n/a	n/a	n/a	n/a	n/a	n/a	n/a	n/a	n/a	n/a	n/a	2414.211746	n/a
2416.245332	0.000000	483249	ttl	2	72	n/a	n/a	n/a	n/a	n/a	n/a	n/a	n/a	n/a	n/a	n/a	n/a	n/a	n/a	n/a	n/a	n/a	n/a	n/a	n/a	n/a	2416.245332	n/a
2419.570677	0.000000	483914	ttl	4	72	n/a	n/a	n/a	n/a	n/a	n/a	n/a	n/a	n/a	n/a	n/a	n/a	n/a	n/a	n/a	n/a	n/a	n/a	n/a	n/a	n/a	2419.570677	n/a
2419.580220	0.000000	483916	ttl	11	72	n/a	n/a	n/a	n/a	n/a	n/a	n/a	n/a	n/a	n/a	n/a	n/a	n/a	n/a	n/a	n/a	n/a	n/a	n/a	n/a	n/a	2419.580220	n/a
2420.163395	2.033605	484033	time_discrimination	n/a	n/a	n/a	72.0	n/a	n/a	n/a	2419.58022	n/a	2.416928289574571	2.0	2	2.0	SB_5_LongA.png	n/a	6	2424.61392875	n/a	45	2	2	intervals/timediscrimination_table	44	2420.163395	2422.197000
2420.163395	0.000000	484033	ttl	1	72	n/a	n/a	n/a	n/a	n/a	n/a	n/a	n/a	n/a	n/a	n/a	n/a	n/a	n/a	n/a	n/a	n/a	n/a	n/a	n/a	n/a	2420.163395	n/a
2422.197000	0.000000	484439	ttl	2	72	n/a	n/a	n/a	n/a	n/a	n/a	n/a	n/a	n/a	n/a	n/a	n/a	n/a	n/a	n/a	n/a	n/a	n/a	n/a	n/a	n/a	2422.197000	n/a
2424.613929	0.000000	484923	ttl	4	72	n/a	n/a	n/a	n/a	n/a	n/a	n/a	n/a	n/a	n/a	n/a	n/a	n/a	n/a	n/a	n/a	n/a	n/a	n/a	n/a	n/a	2424.613929	n/a
2424.627612	0.000000	484926	ttl	11	72	n/a	n/a	n/a	n/a	n/a	n/a	n/a	n/a	n/a	n/a	n/a	n/a	n/a	n/a	n/a	n/a	n/a	n/a	n/a	n/a	n/a	2424.627612	n/a
2425.177538	2.033533	485036	time_discrimination	n/a	n/a	n/a	72.0	n/a	n/a	n/a	2424.62761225	n/a	1.7447116238763556	2.0	1	2.0	NB_23_LongA.png	n/a	6	2428.95578275	n/a	46	2	2	intervals/timediscrimination_table	45	2425.177538	2427.211071
2425.177538	0.000000	485036	ttl	1	72	n/a	n/a	n/a	n/a	n/a	n/a	n/a	n/a	n/a	n/a	n/a	n/a	n/a	n/a	n/a	n/a	n/a	n/a	n/a	n/a	n/a	2425.177538	n/a
2427.211071	0.000000	485442	ttl	2	72	n/a	n/a	n/a	n/a	n/a	n/a	n/a	n/a	n/a	n/a	n/a	n/a	n/a	n/a	n/a	n/a	n/a	n/a	n/a	n/a	n/a	2427.211071	n/a
2428.955783	0.000000	485791	ttl	4	72	n/a	n/a	n/a	n/a	n/a	n/a	n/a	n/a	n/a	n/a	n/a	n/a	n/a	n/a	n/a	n/a	n/a	n/a	n/a	n/a	n/a	2428.955783	n/a
2428.958578	0.000000	485792	ttl	11	72	n/a	n/a	n/a	n/a	n/a	n/a	n/a	n/a	n/a	n/a	n/a	n/a	n/a	n/a	n/a	n/a	n/a	n/a	n/a	n/a	n/a	2428.958578	n/a
2429.458629	2.033675	485892	time_discrimination	n/a	n/a	n/a	72.0	n/a	n/a	n/a	2428.9585775	n/a	1.9404023016104475	2.0	1	2.0	NB_1_LongA.png	n/a	3	2433.43270675	n/a	47	1	1	intervals/timediscrimination_table	46	2429.458629	2431.492304
2429.458629	0.000000	485892	ttl	1	72	n/a	n/a	n/a	n/a	n/a	n/a	n/a	n/a	n/a	n/a	n/a	n/a	n/a	n/a	n/a	n/a	n/a	n/a	n/a	n/a	n/a	2429.458629	n/a
2431.492304	0.000000	486298	ttl	2	72	n/a	n/a	n/a	n/a	n/a	n/a	n/a	n/a	n/a	n/a	n/a	n/a	n/a	n/a	n/a	n/a	n/a	n/a	n/a	n/a	n/a	2431.492304	n/a
2433.432707	0.000000	486687	ttl	4	72	n/a	n/a	n/a	n/a	n/a	n/a	n/a	n/a	n/a	n/a	n/a	n/a	n/a	n/a	n/a	n/a	n/a	n/a	n/a	n/a	n/a	2433.432707	n/a
2433.439101	0.000000	486688	ttl	11	72	n/a	n/a	n/a	n/a	n/a	n/a	n/a	n/a	n/a	n/a	n/a	n/a	n/a	n/a	n/a	n/a	n/a	n/a	n/a	n/a	n/a	2433.439101	n/a
2433.972505	2.033598	486795	time_discrimination	n/a	n/a	n/a	72.0	n/a	n/a	n/a	2433.43910075	n/a	2.668298168689944	2.0	3	2.0	HB_25_ShortA.png	n/a	6	2438.6744009999998	n/a	48	2	2	intervals/timediscrimination_table	47	2433.972505	2436.006103
2433.972505	0.000000	486795	ttl	1	72	n/a	n/a	n/a	n/a	n/a	n/a	n/a	n/a	n/a	n/a	n/a	n/a	n/a	n/a	n/a	n/a	n/a	n/a	n/a	n/a	n/a	2433.972505	n/a
2436.006103	0.000000	487201	ttl	2	72	n/a	n/a	n/a	n/a	n/a	n/a	n/a	n/a	n/a	n/a	n/a	n/a	n/a	n/a	n/a	n/a	n/a	n/a	n/a	n/a	n/a	2436.006103	n/a
2438.674401	0.000000	487735	ttl	4	72	n/a	n/a	n/a	n/a	n/a	n/a	n/a	n/a	n/a	n/a	n/a	n/a	n/a	n/a	n/a	n/a	n/a	n/a	n/a	n/a	n/a	2438.674401	n/a
2438.690261	0.000000	487738	ttl	11	72	n/a	n/a	n/a	n/a	n/a	n/a	n/a	n/a	n/a	n/a	n/a	n/a	n/a	n/a	n/a	n/a	n/a	n/a	n/a	n/a	n/a	2438.690261	n/a
2439.256902	2.033756	487851	time_discrimination	n/a	n/a	n/a	72.0	n/a	n/a	n/a	2438.6902615	n/a	2.328985679196194	2.0	1	2.0	NB_16_LongA.png	n/a	6	2443.6196445	n/a	49	2	2	intervals/timediscrimination_table	48	2439.256902	2441.290659
2439.256902	0.000000	487851	ttl	1	72	n/a	n/a	n/a	n/a	n/a	n/a	n/a	n/a	n/a	n/a	n/a	n/a	n/a	n/a	n/a	n/a	n/a	n/a	n/a	n/a	n/a	2439.256902	n/a
2441.290659	0.000000	488258	ttl	2	72	n/a	n/a	n/a	n/a	n/a	n/a	n/a	n/a	n/a	n/a	n/a	n/a	n/a	n/a	n/a	n/a	n/a	n/a	n/a	n/a	n/a	2441.290659	n/a
2443.619645	0.000000	488724	ttl	4	72	n/a	n/a	n/a	n/a	n/a	n/a	n/a	n/a	n/a	n/a	n/a	n/a	n/a	n/a	n/a	n/a	n/a	n/a	n/a	n/a	n/a	2443.619645	n/a
2443.629899	0.000000	488726	ttl	11	72	n/a	n/a	n/a	n/a	n/a	n/a	n/a	n/a	n/a	n/a	n/a	n/a	n/a	n/a	n/a	n/a	n/a	n/a	n/a	n/a	n/a	2443.629899	n/a
2444.163188	2.033581	488833	time_discrimination	n/a	n/a	n/a	72.0	n/a	n/a	n/a	2443.6298994999997	n/a	2.1890980059979483	1.0	3	2.0	HB_24_LongA.png	n/a	6	2448.38586725	n/a	50	2	1	intervals/timediscrimination_table	49	2444.163188	2446.196769
2444.163188	0.000000	488833	ttl	1	72	n/a	n/a	n/a	n/a	n/a	n/a	n/a	n/a	n/a	n/a	n/a	n/a	n/a	n/a	n/a	n/a	n/a	n/a	n/a	n/a	n/a	2444.163188	n/a
2446.196769	0.000000	489239	ttl	2	72	n/a	n/a	n/a	n/a	n/a	n/a	n/a	n/a	n/a	n/a	n/a	n/a	n/a	n/a	n/a	n/a	n/a	n/a	n/a	n/a	n/a	2446.196769	n/a
2448.385867	0.000000	489677	ttl	4	72	n/a	n/a	n/a	n/a	n/a	n/a	n/a	n/a	n/a	n/a	n/a	n/a	n/a	n/a	n/a	n/a	n/a	n/a	n/a	n/a	n/a	2448.385867	n/a
2448.393348	0.000000	489679	ttl	11	72	n/a	n/a	n/a	n/a	n/a	n/a	n/a	n/a	n/a	n/a	n/a	n/a	n/a	n/a	n/a	n/a	n/a	n/a	n/a	n/a	n/a	2448.393348	n/a
2448.943298	2.033752	489789	time_discrimination	n/a	n/a	n/a	72.0	n/a	n/a	n/a	2448.3933482499997	n/a	2.6051770272897556	2.0	3	2.0	HB_32_LongA.png	n/a	3	2453.5822275	n/a	51	1	1	intervals/timediscrimination_table	50	2448.943298	2450.977050
2448.943298	0.000000	489789	ttl	1	72	n/a	n/a	n/a	n/a	n/a	n/a	n/a	n/a	n/a	n/a	n/a	n/a	n/a	n/a	n/a	n/a	n/a	n/a	n/a	n/a	n/a	2448.943298	n/a
2450.977050	0.000000	490195	ttl	2	72	n/a	n/a	n/a	n/a	n/a	n/a	n/a	n/a	n/a	n/a	n/a	n/a	n/a	n/a	n/a	n/a	n/a	n/a	n/a	n/a	n/a	2450.977050	n/a
2453.582228	0.000000	490716	ttl	4	72	n/a	n/a	n/a	n/a	n/a	n/a	n/a	n/a	n/a	n/a	n/a	n/a	n/a	n/a	n/a	n/a	n/a	n/a	n/a	n/a	n/a	2453.582228	n/a
2453.598160	0.000000	490720	ttl	11	72	n/a	n/a	n/a	n/a	n/a	n/a	n/a	n/a	n/a	n/a	n/a	n/a	n/a	n/a	n/a	n/a	n/a	n/a	n/a	n/a	n/a	2453.598160	n/a
2454.164690	2.033444	490833	time_discrimination	n/a	n/a	n/a	72.0	n/a	n/a	n/a	2453.59816025	n/a	1.8390807212563232	2.0	2	2.0	SB_31_ShortA.png	n/a	6	2458.0372147499997	n/a	52	2	2	intervals/timediscrimination_table	51	2454.164690	2456.198134
2454.164690	0.000000	490833	ttl	1	72	n/a	n/a	n/a	n/a	n/a	n/a	n/a	n/a	n/a	n/a	n/a	n/a	n/a	n/a	n/a	n/a	n/a	n/a	n/a	n/a	n/a	2454.164690	n/a
2456.198134	0.000000	491240	ttl	2	72	n/a	n/a	n/a	n/a	n/a	n/a	n/a	n/a	n/a	n/a	n/a	n/a	n/a	n/a	n/a	n/a	n/a	n/a	n/a	n/a	n/a	2456.198134	n/a
2458.037215	0.000000	491607	ttl	4	72	n/a	n/a	n/a	n/a	n/a	n/a	n/a	n/a	n/a	n/a	n/a	n/a	n/a	n/a	n/a	n/a	n/a	n/a	n/a	n/a	n/a	2458.037215	n/a
2458.050062	0.000000	491610	ttl	11	72	n/a	n/a	n/a	n/a	n/a	n/a	n/a	n/a	n/a	n/a	n/a	n/a	n/a	n/a	n/a	n/a	n/a	n/a	n/a	n/a	n/a	2458.050062	n/a
2458.566766	2.033582	491713	time_discrimination	n/a	n/a	n/a	72.0	n/a	n/a	n/a	2458.0500615	n/a	2.8617229267256334	2.0	1	2.0	NB_29_ShortA.png	n/a	3	2463.4620704999998	n/a	53	1	1	intervals/timediscrimination_table	52	2458.566766	2460.600347
2458.566766	0.000000	491713	ttl	1	72	n/a	n/a	n/a	n/a	n/a	n/a	n/a	n/a	n/a	n/a	n/a	n/a	n/a	n/a	n/a	n/a	n/a	n/a	n/a	n/a	n/a	2458.566766	n/a
2460.600347	0.000000	492120	ttl	2	72	n/a	n/a	n/a	n/a	n/a	n/a	n/a	n/a	n/a	n/a	n/a	n/a	n/a	n/a	n/a	n/a	n/a	n/a	n/a	n/a	n/a	2460.600347	n/a
2463.462070	0.000000	492692	ttl	4	72	n/a	n/a	n/a	n/a	n/a	n/a	n/a	n/a	n/a	n/a	n/a	n/a	n/a	n/a	n/a	n/a	n/a	n/a	n/a	n/a	n/a	2463.462070	n/a
2463.473164	0.000000	492695	ttl	11	72	n/a	n/a	n/a	n/a	n/a	n/a	n/a	n/a	n/a	n/a	n/a	n/a	n/a	n/a	n/a	n/a	n/a	n/a	n/a	n/a	n/a	2463.473164	n/a
2463.956451	2.033661	492791	time_discrimination	n/a	n/a	n/a	72.0	n/a	n/a	n/a	2463.4731644999997	n/a	2.358545695664361	2.0	3	2.0	HB_34_LongA.png	n/a	6	2468.3486585	n/a	54	2	2	intervals/timediscrimination_table	53	2463.956451	2465.990113
2463.956451	0.000000	492791	ttl	1	72	n/a	n/a	n/a	n/a	n/a	n/a	n/a	n/a	n/a	n/a	n/a	n/a	n/a	n/a	n/a	n/a	n/a	n/a	n/a	n/a	n/a	2463.956451	n/a
2465.990113	0.000000	493198	ttl	2	72	n/a	n/a	n/a	n/a	n/a	n/a	n/a	n/a	n/a	n/a	n/a	n/a	n/a	n/a	n/a	n/a	n/a	n/a	n/a	n/a	n/a	2465.990113	n/a
2468.348659	0.000000	493670	ttl	4	72	n/a	n/a	n/a	n/a	n/a	n/a	n/a	n/a	n/a	n/a	n/a	n/a	n/a	n/a	n/a	n/a	n/a	n/a	n/a	n/a	n/a	2468.348659	n/a
2468.350964	0.000000	493670	ttl	11	72	n/a	n/a	n/a	n/a	n/a	n/a	n/a	n/a	n/a	n/a	n/a	n/a	n/a	n/a	n/a	n/a	n/a	n/a	n/a	n/a	n/a	2468.350964	n/a
2468.934217	2.033543	493787	time_discrimination	n/a	n/a	n/a	72.0	n/a	n/a	n/a	2468.3509639999997	n/a	3.1586997457779944	2.0	3	2.0	HB_43_LongA.png	n/a	3	2474.12645975	n/a	55	1	1	intervals/timediscrimination_table	54	2468.934217	2470.967760
2468.934217	0.000000	493787	ttl	1	72	n/a	n/a	n/a	n/a	n/a	n/a	n/a	n/a	n/a	n/a	n/a	n/a	n/a	n/a	n/a	n/a	n/a	n/a	n/a	n/a	n/a	2468.934217	n/a
2470.967760	0.000000	494194	ttl	2	72	n/a	n/a	n/a	n/a	n/a	n/a	n/a	n/a	n/a	n/a	n/a	n/a	n/a	n/a	n/a	n/a	n/a	n/a	n/a	n/a	n/a	2470.967760	n/a
2474.126460	0.000000	494825	ttl	4	72	n/a	n/a	n/a	n/a	n/a	n/a	n/a	n/a	n/a	n/a	n/a	n/a	n/a	n/a	n/a	n/a	n/a	n/a	n/a	n/a	n/a	2474.126460	n/a
2474.133153	0.000000	494827	ttl	11	72	n/a	n/a	n/a	n/a	n/a	n/a	n/a	n/a	n/a	n/a	n/a	n/a	n/a	n/a	n/a	n/a	n/a	n/a	n/a	n/a	n/a	2474.133153	n/a
2474.649795	2.033622	494930	time_discrimination	n/a	n/a	n/a	72.0	n/a	n/a	n/a	2474.1331535	n/a	3.085282963118516	2.0	1	2.0	NB_22_ShortA.png	n/a	6	2479.76869975	n/a	56	2	2	intervals/timediscrimination_table	55	2474.649795	2476.683417
2474.649795	0.000000	494930	ttl	1	72	n/a	n/a	n/a	n/a	n/a	n/a	n/a	n/a	n/a	n/a	n/a	n/a	n/a	n/a	n/a	n/a	n/a	n/a	n/a	n/a	n/a	2474.649795	n/a
2476.683417	0.000000	495337	ttl	2	72	n/a	n/a	n/a	n/a	n/a	n/a	n/a	n/a	n/a	n/a	n/a	n/a	n/a	n/a	n/a	n/a	n/a	n/a	n/a	n/a	n/a	2476.683417	n/a
2479.768700	0.000000	495954	ttl	4	72	n/a	n/a	n/a	n/a	n/a	n/a	n/a	n/a	n/a	n/a	n/a	n/a	n/a	n/a	n/a	n/a	n/a	n/a	n/a	n/a	n/a	2479.768700	n/a
2479.776365	0.000000	495955	ttl	11	72	n/a	n/a	n/a	n/a	n/a	n/a	n/a	n/a	n/a	n/a	n/a	n/a	n/a	n/a	n/a	n/a	n/a	n/a	n/a	n/a	n/a	2479.776365	n/a
2480.359631	2.033584	496072	time_discrimination	n/a	n/a	n/a	72.0	n/a	n/a	n/a	2479.7763649999997	n/a	1.8764132721116766	2.0	3	2.0	HB_28_ShortA.png	n/a	3	2484.26962875	n/a	57	1	1	intervals/timediscrimination_table	56	2480.359631	2482.393215
2480.359631	0.000000	496072	ttl	1	72	n/a	n/a	n/a	n/a	n/a	n/a	n/a	n/a	n/a	n/a	n/a	n/a	n/a	n/a	n/a	n/a	n/a	n/a	n/a	n/a	n/a	2480.359631	n/a
2482.393215	0.000000	496479	ttl	2	72	n/a	n/a	n/a	n/a	n/a	n/a	n/a	n/a	n/a	n/a	n/a	n/a	n/a	n/a	n/a	n/a	n/a	n/a	n/a	n/a	n/a	2482.393215	n/a
2484.269629	0.000000	496854	ttl	4	72	n/a	n/a	n/a	n/a	n/a	n/a	n/a	n/a	n/a	n/a	n/a	n/a	n/a	n/a	n/a	n/a	n/a	n/a	n/a	n/a	n/a	2484.269629	n/a
2484.277622	0.000000	496856	ttl	11	72	n/a	n/a	n/a	n/a	n/a	n/a	n/a	n/a	n/a	n/a	n/a	n/a	n/a	n/a	n/a	n/a	n/a	n/a	n/a	n/a	n/a	2484.277622	n/a
2484.844265	2.033482	496969	time_discrimination	n/a	n/a	n/a	72.0	n/a	n/a	n/a	2484.2776222499997	n/a	2.485779130831361	2.0	2	2.0	SB_17_ShortA.png	n/a	6	2489.3635265	n/a	58	2	2	intervals/timediscrimination_table	57	2484.844265	2486.877747
2484.844265	0.000000	496969	ttl	1	72	n/a	n/a	n/a	n/a	n/a	n/a	n/a	n/a	n/a	n/a	n/a	n/a	n/a	n/a	n/a	n/a	n/a	n/a	n/a	n/a	n/a	2484.844265	n/a
2486.877747	0.000000	497376	ttl	2	72	n/a	n/a	n/a	n/a	n/a	n/a	n/a	n/a	n/a	n/a	n/a	n/a	n/a	n/a	n/a	n/a	n/a	n/a	n/a	n/a	n/a	2486.877747	n/a
2489.363526	0.000000	497873	ttl	4	72	n/a	n/a	n/a	n/a	n/a	n/a	n/a	n/a	n/a	n/a	n/a	n/a	n/a	n/a	n/a	n/a	n/a	n/a	n/a	n/a	n/a	2489.363526	n/a
2489.370450	0.000000	497874	ttl	11	72	n/a	n/a	n/a	n/a	n/a	n/a	n/a	n/a	n/a	n/a	n/a	n/a	n/a	n/a	n/a	n/a	n/a	n/a	n/a	n/a	n/a	2489.370450	n/a
2489.970350	2.033395	497994	time_discrimination	n/a	n/a	n/a	72.0	n/a	n/a	n/a	2489.37045	n/a	1.8579894894501194	2.0	1	2.0	NB_16_ShortA.png	n/a	3	2493.8617345	n/a	59	1	1	intervals/timediscrimination_table	58	2489.970350	2492.003745
2489.970350	0.000000	497994	ttl	1	72	n/a	n/a	n/a	n/a	n/a	n/a	n/a	n/a	n/a	n/a	n/a	n/a	n/a	n/a	n/a	n/a	n/a	n/a	n/a	n/a	n/a	2489.970350	n/a
2492.003745	0.000000	498401	ttl	2	72	n/a	n/a	n/a	n/a	n/a	n/a	n/a	n/a	n/a	n/a	n/a	n/a	n/a	n/a	n/a	n/a	n/a	n/a	n/a	n/a	n/a	2492.003745	n/a
2493.861734	0.000000	498772	ttl	4	72	n/a	n/a	n/a	n/a	n/a	n/a	n/a	n/a	n/a	n/a	n/a	n/a	n/a	n/a	n/a	n/a	n/a	n/a	n/a	n/a	n/a	2493.861734	n/a
2493.865947	0.000000	498773	ttl	11	72	n/a	n/a	n/a	n/a	n/a	n/a	n/a	n/a	n/a	n/a	n/a	n/a	n/a	n/a	n/a	n/a	n/a	n/a	n/a	n/a	n/a	2493.865947	n/a
2494.349258	2.033381	498870	time_discrimination	n/a	n/a	n/a	72.0	n/a	n/a	n/a	2493.8659475	n/a	2.0305797113105655	2.0	2	2.0	SB_11_LongA.png	n/a	3	2498.4132185	n/a	60	1	1	intervals/timediscrimination_table	59	2494.349258	2496.382639
2494.349258	0.000000	498870	ttl	1	72	n/a	n/a	n/a	n/a	n/a	n/a	n/a	n/a	n/a	n/a	n/a	n/a	n/a	n/a	n/a	n/a	n/a	n/a	n/a	n/a	n/a	2494.349258	n/a
2496.382639	0.000000	499277	ttl	2	72	n/a	n/a	n/a	n/a	n/a	n/a	n/a	n/a	n/a	n/a	n/a	n/a	n/a	n/a	n/a	n/a	n/a	n/a	n/a	n/a	n/a	2496.382639	n/a
2498.413218	0.000000	499683	ttl	4	72	n/a	n/a	n/a	n/a	n/a	n/a	n/a	n/a	n/a	n/a	n/a	n/a	n/a	n/a	n/a	n/a	n/a	n/a	n/a	n/a	n/a	2498.413218	n/a
2498.424754	0.000000	499685	ttl	11	72	n/a	n/a	n/a	n/a	n/a	n/a	n/a	n/a	n/a	n/a	n/a	n/a	n/a	n/a	n/a	n/a	n/a	n/a	n/a	n/a	n/a	2498.424754	n/a
2498.924765	2.033502	499785	time_discrimination	n/a	n/a	n/a	72.0	n/a	n/a	n/a	2498.42475375	n/a	2.2769464997109026	2.0	3	2.0	HB_41_ShortA.png	n/a	3	2503.235214	n/a	61	1	1	intervals/timediscrimination_table	60	2498.924765	2500.958267
2498.924765	0.000000	499785	ttl	1	72	n/a	n/a	n/a	n/a	n/a	n/a	n/a	n/a	n/a	n/a	n/a	n/a	n/a	n/a	n/a	n/a	n/a	n/a	n/a	n/a	n/a	2498.924765	n/a
2500.958267	0.000000	500192	ttl	2	72	n/a	n/a	n/a	n/a	n/a	n/a	n/a	n/a	n/a	n/a	n/a	n/a	n/a	n/a	n/a	n/a	n/a	n/a	n/a	n/a	n/a	2500.958267	n/a
2503.235214	0.000000	500647	ttl	4	72	n/a	n/a	n/a	n/a	n/a	n/a	n/a	n/a	n/a	n/a	n/a	n/a	n/a	n/a	n/a	n/a	n/a	n/a	n/a	n/a	n/a	2503.235214	n/a
2503.252712	0.000000	500651	ttl	11	72	n/a	n/a	n/a	n/a	n/a	n/a	n/a	n/a	n/a	n/a	n/a	n/a	n/a	n/a	n/a	n/a	n/a	n/a	n/a	n/a	n/a	2503.252712	n/a
2503.769303	2.033472	500754	time_discrimination	n/a	n/a	n/a	72.0	n/a	n/a	n/a	2503.2527124999997	n/a	3.3000796685228124	2.0	1	2.0	NB_30_LongA.png	n/a	6	2509.1028552499997	n/a	62	2	2	intervals/timediscrimination_table	61	2503.769303	2505.802775
2503.769303	0.000000	500754	ttl	1	72	n/a	n/a	n/a	n/a	n/a	n/a	n/a	n/a	n/a	n/a	n/a	n/a	n/a	n/a	n/a	n/a	n/a	n/a	n/a	n/a	n/a	2503.769303	n/a
2505.802775	0.000000	501161	ttl	2	72	n/a	n/a	n/a	n/a	n/a	n/a	n/a	n/a	n/a	n/a	n/a	n/a	n/a	n/a	n/a	n/a	n/a	n/a	n/a	n/a	n/a	2505.802775	n/a
2509.102855	0.000000	501821	ttl	4	72	n/a	n/a	n/a	n/a	n/a	n/a	n/a	n/a	n/a	n/a	n/a	n/a	n/a	n/a	n/a	n/a	n/a	n/a	n/a	n/a	n/a	2509.102855	n/a
2509.110428	0.000000	501822	ttl	11	72	n/a	n/a	n/a	n/a	n/a	n/a	n/a	n/a	n/a	n/a	n/a	n/a	n/a	n/a	n/a	n/a	n/a	n/a	n/a	n/a	n/a	2509.110428	n/a
2509.593791	2.033462	501919	time_discrimination	n/a	n/a	n/a	72.0	n/a	n/a	n/a	2509.11042825	n/a	1.8212139625102282	1.0	1	2.0	NB_25_LongA.png	n/a	3	2513.4484665	n/a	63	1	2	intervals/timediscrimination_table	62	2509.593791	2511.627252
2509.593791	0.000000	501919	ttl	1	72	n/a	n/a	n/a	n/a	n/a	n/a	n/a	n/a	n/a	n/a	n/a	n/a	n/a	n/a	n/a	n/a	n/a	n/a	n/a	n/a	n/a	2509.593791	n/a
2511.627252	0.000000	502325	ttl	2	72	n/a	n/a	n/a	n/a	n/a	n/a	n/a	n/a	n/a	n/a	n/a	n/a	n/a	n/a	n/a	n/a	n/a	n/a	n/a	n/a	n/a	2511.627252	n/a
2513.448466	0.000000	502690	ttl	4	72	n/a	n/a	n/a	n/a	n/a	n/a	n/a	n/a	n/a	n/a	n/a	n/a	n/a	n/a	n/a	n/a	n/a	n/a	n/a	n/a	n/a	2513.448466	n/a
2513.457179	0.000000	502691	ttl	11	72	n/a	n/a	n/a	n/a	n/a	n/a	n/a	n/a	n/a	n/a	n/a	n/a	n/a	n/a	n/a	n/a	n/a	n/a	n/a	n/a	n/a	2513.457179	n/a
2514.023841	2.033402	502805	time_discrimination	n/a	n/a	n/a	72.0	n/a	n/a	n/a	2513.4571794999997	n/a	1.6962258325656876	2.0	3	2.0	HB_2_ShortA.png	n/a	6	2517.7534687499997	n/a	64	2	2	intervals/timediscrimination_table	63	2514.023841	2516.057243
2514.023841	0.000000	502805	ttl	1	72	n/a	n/a	n/a	n/a	n/a	n/a	n/a	n/a	n/a	n/a	n/a	n/a	n/a	n/a	n/a	n/a	n/a	n/a	n/a	n/a	n/a	2514.023841	n/a
2516.057243	0.000000	503211	ttl	2	72	n/a	n/a	n/a	n/a	n/a	n/a	n/a	n/a	n/a	n/a	n/a	n/a	n/a	n/a	n/a	n/a	n/a	n/a	n/a	n/a	n/a	2516.057243	n/a
2517.753469	0.000000	503551	ttl	4	72	n/a	n/a	n/a	n/a	n/a	n/a	n/a	n/a	n/a	n/a	n/a	n/a	n/a	n/a	n/a	n/a	n/a	n/a	n/a	n/a	n/a	2517.753469	n/a
2517.761578	0.000000	503552	ttl	11	72	n/a	n/a	n/a	n/a	n/a	n/a	n/a	n/a	n/a	n/a	n/a	n/a	n/a	n/a	n/a	n/a	n/a	n/a	n/a	n/a	n/a	2517.761578	n/a
2518.244908	2.033611	503649	time_discrimination	n/a	n/a	n/a	72.0	n/a	n/a	n/a	2517.76157775	n/a	3.0629588385345414	1.0	1	2.0	NB_19_ShortA.png	n/a	3	2523.3414777499997	n/a	65	1	2	intervals/timediscrimination_table	64	2518.244908	2520.278519
2518.244908	0.000000	503649	ttl	1	72	n/a	n/a	n/a	n/a	n/a	n/a	n/a	n/a	n/a	n/a	n/a	n/a	n/a	n/a	n/a	n/a	n/a	n/a	n/a	n/a	n/a	2518.244908	n/a
2520.278519	0.000000	504056	ttl	2	72	n/a	n/a	n/a	n/a	n/a	n/a	n/a	n/a	n/a	n/a	n/a	n/a	n/a	n/a	n/a	n/a	n/a	n/a	n/a	n/a	n/a	2520.278519	n/a
2523.341478	0.000000	504668	ttl	4	72	n/a	n/a	n/a	n/a	n/a	n/a	n/a	n/a	n/a	n/a	n/a	n/a	n/a	n/a	n/a	n/a	n/a	n/a	n/a	n/a	n/a	2523.341478	n/a
2523.355957	0.000000	504671	ttl	11	72	n/a	n/a	n/a	n/a	n/a	n/a	n/a	n/a	n/a	n/a	n/a	n/a	n/a	n/a	n/a	n/a	n/a	n/a	n/a	n/a	n/a	2523.355957	n/a
2523.905867	2.033456	504781	time_discrimination	n/a	n/a	n/a	72.0	n/a	n/a	n/a	2523.3559567499997	n/a	1.8301804414950311	2.0	1	2.0	NB_24_LongA.png	n/a	3	2527.7695034999997	n/a	66	1	1	intervals/timediscrimination_table	65	2523.905867	2525.939323
2523.905867	0.000000	504781	ttl	1	72	n/a	n/a	n/a	n/a	n/a	n/a	n/a	n/a	n/a	n/a	n/a	n/a	n/a	n/a	n/a	n/a	n/a	n/a	n/a	n/a	n/a	2523.905867	n/a
2525.939323	0.000000	505188	ttl	2	72	n/a	n/a	n/a	n/a	n/a	n/a	n/a	n/a	n/a	n/a	n/a	n/a	n/a	n/a	n/a	n/a	n/a	n/a	n/a	n/a	n/a	2525.939323	n/a
2527.769503	0.000000	505554	ttl	4	72	n/a	n/a	n/a	n/a	n/a	n/a	n/a	n/a	n/a	n/a	n/a	n/a	n/a	n/a	n/a	n/a	n/a	n/a	n/a	n/a	n/a	2527.769503	n/a
2527.784416	0.000000	505557	ttl	11	72	n/a	n/a	n/a	n/a	n/a	n/a	n/a	n/a	n/a	n/a	n/a	n/a	n/a	n/a	n/a	n/a	n/a	n/a	n/a	n/a	n/a	2527.784416	n/a
2528.367743	2.033597	505674	time_discrimination	n/a	n/a	n/a	72.0	n/a	n/a	n/a	2527.78441575	n/a	2.1000672496156767	2.0	1	2.0	NB_12_ShortA.png	n/a	3	2532.501408	n/a	67	1	1	intervals/timediscrimination_table	66	2528.367743	2530.401341
2528.367743	0.000000	505674	ttl	1	72	n/a	n/a	n/a	n/a	n/a	n/a	n/a	n/a	n/a	n/a	n/a	n/a	n/a	n/a	n/a	n/a	n/a	n/a	n/a	n/a	n/a	2528.367743	n/a
2530.401341	0.000000	506080	ttl	2	72	n/a	n/a	n/a	n/a	n/a	n/a	n/a	n/a	n/a	n/a	n/a	n/a	n/a	n/a	n/a	n/a	n/a	n/a	n/a	n/a	n/a	2530.401341	n/a
2532.501408	0.000000	506500	ttl	4	72	n/a	n/a	n/a	n/a	n/a	n/a	n/a	n/a	n/a	n/a	n/a	n/a	n/a	n/a	n/a	n/a	n/a	n/a	n/a	n/a	n/a	2532.501408	n/a
2532.518321	0.000000	506504	ttl	11	72	n/a	n/a	n/a	n/a	n/a	n/a	n/a	n/a	n/a	n/a	n/a	n/a	n/a	n/a	n/a	n/a	n/a	n/a	n/a	n/a	n/a	2532.518321	n/a
2533.034875	2.033486	506607	time_discrimination	n/a	n/a	n/a	72.0	n/a	n/a	n/a	2532.5183214999997	n/a	2.105859383707866	2.0	2	2.0	SB_32_ShortA.png	n/a	6	2537.1742205	n/a	68	2	2	intervals/timediscrimination_table	67	2533.034875	2535.068361
2533.034875	0.000000	506607	ttl	1	72	n/a	n/a	n/a	n/a	n/a	n/a	n/a	n/a	n/a	n/a	n/a	n/a	n/a	n/a	n/a	n/a	n/a	n/a	n/a	n/a	n/a	2533.034875	n/a
2535.068361	0.000000	507014	ttl	2	72	n/a	n/a	n/a	n/a	n/a	n/a	n/a	n/a	n/a	n/a	n/a	n/a	n/a	n/a	n/a	n/a	n/a	n/a	n/a	n/a	n/a	2535.068361	n/a
2537.174221	0.000000	507435	ttl	4	72	n/a	n/a	n/a	n/a	n/a	n/a	n/a	n/a	n/a	n/a	n/a	n/a	n/a	n/a	n/a	n/a	n/a	n/a	n/a	n/a	n/a	2537.174221	n/a
2537.188239	0.000000	507438	ttl	11	72	n/a	n/a	n/a	n/a	n/a	n/a	n/a	n/a	n/a	n/a	n/a	n/a	n/a	n/a	n/a	n/a	n/a	n/a	n/a	n/a	n/a	2537.188239	n/a
2537.671385	2.033468	507534	time_discrimination	n/a	n/a	n/a	72.0	n/a	n/a	n/a	2537.18823875	n/a	0.5306479799328372	1.0	1	2.0	NB_20_ShortA.png	n/a	3	2540.23550075	n/a	69	1	2	intervals/timediscrimination_table	68	2537.671385	2539.704853
2537.671385	0.000000	507534	ttl	1	72	n/a	n/a	n/a	n/a	n/a	n/a	n/a	n/a	n/a	n/a	n/a	n/a	n/a	n/a	n/a	n/a	n/a	n/a	n/a	n/a	n/a	2537.671385	n/a
2539.704853	0.000000	507941	ttl	2	72	n/a	n/a	n/a	n/a	n/a	n/a	n/a	n/a	n/a	n/a	n/a	n/a	n/a	n/a	n/a	n/a	n/a	n/a	n/a	n/a	n/a	2539.704853	n/a
2540.235501	0.000000	508047	ttl	4	72	n/a	n/a	n/a	n/a	n/a	n/a	n/a	n/a	n/a	n/a	n/a	n/a	n/a	n/a	n/a	n/a	n/a	n/a	n/a	n/a	n/a	2540.235501	n/a
2540.253359	0.000000	508051	ttl	11	72	n/a	n/a	n/a	n/a	n/a	n/a	n/a	n/a	n/a	n/a	n/a	n/a	n/a	n/a	n/a	n/a	n/a	n/a	n/a	n/a	n/a	2540.253359	n/a
2540.753217	2.033372	508151	time_discrimination	n/a	n/a	n/a	72.0	n/a	n/a	n/a	2540.2533587499997	n/a	2.336479406338185	2.0	1	2.0	NB_6_LongA.png	n/a	6	2545.1230687499997	n/a	70	2	2	intervals/timediscrimination_table	69	2540.753217	2542.786589
2540.753217	0.000000	508151	ttl	1	72	n/a	n/a	n/a	n/a	n/a	n/a	n/a	n/a	n/a	n/a	n/a	n/a	n/a	n/a	n/a	n/a	n/a	n/a	n/a	n/a	n/a	2540.753217	n/a
2542.786589	0.000000	508557	ttl	2	72	n/a	n/a	n/a	n/a	n/a	n/a	n/a	n/a	n/a	n/a	n/a	n/a	n/a	n/a	n/a	n/a	n/a	n/a	n/a	n/a	n/a	2542.786589	n/a
2545.123069	0.000000	509025	ttl	4	72	n/a	n/a	n/a	n/a	n/a	n/a	n/a	n/a	n/a	n/a	n/a	n/a	n/a	n/a	n/a	n/a	n/a	n/a	n/a	n/a	n/a	2545.123069	n/a
2545.140537	0.000000	509028	ttl	11	72	n/a	n/a	n/a	n/a	n/a	n/a	n/a	n/a	n/a	n/a	n/a	n/a	n/a	n/a	n/a	n/a	n/a	n/a	n/a	n/a	n/a	2545.140537	n/a
2545.673877	2.033422	509135	time_discrimination	n/a	n/a	n/a	72.0	n/a	n/a	n/a	2545.1405367499997	n/a	1.2945307390764356	2.0	2	2.0	SB_54_LongA.png	n/a	3	2549.0018305	n/a	71	1	1	intervals/timediscrimination_table	70	2545.673877	2547.707300
2545.673877	0.000000	509135	ttl	1	72	n/a	n/a	n/a	n/a	n/a	n/a	n/a	n/a	n/a	n/a	n/a	n/a	n/a	n/a	n/a	n/a	n/a	n/a	n/a	n/a	n/a	2545.673877	n/a
2547.707300	0.000000	509541	ttl	2	72	n/a	n/a	n/a	n/a	n/a	n/a	n/a	n/a	n/a	n/a	n/a	n/a	n/a	n/a	n/a	n/a	n/a	n/a	n/a	n/a	n/a	2547.707300	n/a
2549.001830	0.000000	509800	ttl	4	72	n/a	n/a	n/a	n/a	n/a	n/a	n/a	n/a	n/a	n/a	n/a	n/a	n/a	n/a	n/a	n/a	n/a	n/a	n/a	n/a	n/a	2549.001830	n/a
2549.011869	0.000000	509802	ttl	11	72	n/a	n/a	n/a	n/a	n/a	n/a	n/a	n/a	n/a	n/a	n/a	n/a	n/a	n/a	n/a	n/a	n/a	n/a	n/a	n/a	n/a	2549.011869	n/a
2549.545296	2.033384	509909	time_discrimination	n/a	n/a	n/a	72.0	n/a	n/a	n/a	2549.011869	n/a	1.6001190738752484	1.0	3	2.0	HB_5_LongA.png	n/a	3	2553.178799	n/a	72	1	2	intervals/timediscrimination_table	71	2549.545296	2551.578680
2549.545296	0.000000	509909	ttl	1	72	n/a	n/a	n/a	n/a	n/a	n/a	n/a	n/a	n/a	n/a	n/a	n/a	n/a	n/a	n/a	n/a	n/a	n/a	n/a	n/a	n/a	2549.545296	n/a
2551.578680	0.000000	510316	ttl	2	72	n/a	n/a	n/a	n/a	n/a	n/a	n/a	n/a	n/a	n/a	n/a	n/a	n/a	n/a	n/a	n/a	n/a	n/a	n/a	n/a	n/a	2551.578680	n/a
2553.178799	0.000000	510636	ttl	4	72	n/a	n/a	n/a	n/a	n/a	n/a	n/a	n/a	n/a	n/a	n/a	n/a	n/a	n/a	n/a	n/a	n/a	n/a	n/a	n/a	n/a	2553.178799	n/a
2553.196057	0.000000	510639	ttl	11	72	n/a	n/a	n/a	n/a	n/a	n/a	n/a	n/a	n/a	n/a	n/a	n/a	n/a	n/a	n/a	n/a	n/a	n/a	n/a	n/a	n/a	2553.196057	n/a
2553.762703	2.033612	510753	time_discrimination	n/a	n/a	n/a	72.0	n/a	n/a	n/a	2553.196057	n/a	1.9614364178851247	1.0	1	2.0	NB_19_LongA.png	n/a	6	2557.7577512499997	n/a	73	2	1	intervals/timediscrimination_table	72	2553.762703	2555.796315
2553.762703	0.000000	510753	ttl	1	72	n/a	n/a	n/a	n/a	n/a	n/a	n/a	n/a	n/a	n/a	n/a	n/a	n/a	n/a	n/a	n/a	n/a	n/a	n/a	n/a	n/a	2553.762703	n/a
2555.796315	0.000000	511159	ttl	2	72	n/a	n/a	n/a	n/a	n/a	n/a	n/a	n/a	n/a	n/a	n/a	n/a	n/a	n/a	n/a	n/a	n/a	n/a	n/a	n/a	n/a	2555.796315	n/a
2557.757751	0.000000	511552	ttl	4	72	n/a	n/a	n/a	n/a	n/a	n/a	n/a	n/a	n/a	n/a	n/a	n/a	n/a	n/a	n/a	n/a	n/a	n/a	n/a	n/a	n/a	2557.757751	n/a
2557.766613	0.000000	511553	ttl	11	72	n/a	n/a	n/a	n/a	n/a	n/a	n/a	n/a	n/a	n/a	n/a	n/a	n/a	n/a	n/a	n/a	n/a	n/a	n/a	n/a	n/a	2557.766613	n/a
2558.266529	2.033684	511653	time_discrimination	n/a	n/a	n/a	72.0	n/a	n/a	n/a	2557.766613	n/a	2.6638818562496454	1.0	1	2.0	NB_4_ShortA.png	n/a	3	2562.9640947499997	n/a	74	1	2	intervals/timediscrimination_table	73	2558.266529	2560.300213
2558.266529	0.000000	511653	ttl	1	72	n/a	n/a	n/a	n/a	n/a	n/a	n/a	n/a	n/a	n/a	n/a	n/a	n/a	n/a	n/a	n/a	n/a	n/a	n/a	n/a	n/a	2558.266529	n/a
2560.300213	0.000000	512060	ttl	2	72	n/a	n/a	n/a	n/a	n/a	n/a	n/a	n/a	n/a	n/a	n/a	n/a	n/a	n/a	n/a	n/a	n/a	n/a	n/a	n/a	n/a	2560.300213	n/a
2562.964095	0.000000	512593	ttl	4	72	n/a	n/a	n/a	n/a	n/a	n/a	n/a	n/a	n/a	n/a	n/a	n/a	n/a	n/a	n/a	n/a	n/a	n/a	n/a	n/a	n/a	2562.964095	n/a
2562.966634	0.000000	512593	ttl	11	72	n/a	n/a	n/a	n/a	n/a	n/a	n/a	n/a	n/a	n/a	n/a	n/a	n/a	n/a	n/a	n/a	n/a	n/a	n/a	n/a	n/a	2562.966634	n/a
2563.483274	2.033518	512697	time_discrimination	n/a	n/a	n/a	72.0	n/a	n/a	n/a	2562.96663375	n/a	1.7988735424587503	2.0	2	2.0	SB_48_LongA.png	n/a	3	2567.31566575	n/a	75	1	1	intervals/timediscrimination_table	74	2563.483274	2565.516792
2563.483274	0.000000	512697	ttl	1	72	n/a	n/a	n/a	n/a	n/a	n/a	n/a	n/a	n/a	n/a	n/a	n/a	n/a	n/a	n/a	n/a	n/a	n/a	n/a	n/a	n/a	2563.483274	n/a
2565.516792	0.000000	513103	ttl	2	72	n/a	n/a	n/a	n/a	n/a	n/a	n/a	n/a	n/a	n/a	n/a	n/a	n/a	n/a	n/a	n/a	n/a	n/a	n/a	n/a	n/a	2565.516792	n/a
2567.315666	0.000000	513463	ttl	4	72	n/a	n/a	n/a	n/a	n/a	n/a	n/a	n/a	n/a	n/a	n/a	n/a	n/a	n/a	n/a	n/a	n/a	n/a	n/a	n/a	n/a	2567.315666	n/a
2567.325294	0.000000	513465	ttl	11	72	n/a	n/a	n/a	n/a	n/a	n/a	n/a	n/a	n/a	n/a	n/a	n/a	n/a	n/a	n/a	n/a	n/a	n/a	n/a	n/a	n/a	2567.325294	n/a
2567.891822	2.033646	513578	time_discrimination	n/a	n/a	n/a	72.0	n/a	n/a	n/a	2567.3252945	n/a	3.1674678729614243	2.0	1	2.0	NB_20_LongA.png	n/a	3	2573.092936	n/a	76	1	1	intervals/timediscrimination_table	75	2567.891822	2569.925468
2567.891822	0.000000	513578	ttl	1	72	n/a	n/a	n/a	n/a	n/a	n/a	n/a	n/a	n/a	n/a	n/a	n/a	n/a	n/a	n/a	n/a	n/a	n/a	n/a	n/a	n/a	2567.891822	n/a
2569.925468	0.000000	513985	ttl	2	72	n/a	n/a	n/a	n/a	n/a	n/a	n/a	n/a	n/a	n/a	n/a	n/a	n/a	n/a	n/a	n/a	n/a	n/a	n/a	n/a	n/a	2569.925468	n/a
2573.092936	0.000000	514619	ttl	4	72	n/a	n/a	n/a	n/a	n/a	n/a	n/a	n/a	n/a	n/a	n/a	n/a	n/a	n/a	n/a	n/a	n/a	n/a	n/a	n/a	n/a	2573.092936	n/a
2573.107763	0.000000	514622	ttl	11	72	n/a	n/a	n/a	n/a	n/a	n/a	n/a	n/a	n/a	n/a	n/a	n/a	n/a	n/a	n/a	n/a	n/a	n/a	n/a	n/a	n/a	2573.107763	n/a
2573.674402	2.033599	514735	time_discrimination	n/a	n/a	n/a	72.0	n/a	n/a	n/a	2573.1077634999997	n/a	1.47280853043776	1.0	2	2.0	SB_29_LongA.png	n/a	6	2577.1808094999997	n/a	77	2	1	intervals/timediscrimination_table	76	2573.674402	2575.708001
2573.674402	0.000000	514735	ttl	1	72	n/a	n/a	n/a	n/a	n/a	n/a	n/a	n/a	n/a	n/a	n/a	n/a	n/a	n/a	n/a	n/a	n/a	n/a	n/a	n/a	n/a	2573.674402	n/a
2575.708001	0.000000	515142	ttl	2	72	n/a	n/a	n/a	n/a	n/a	n/a	n/a	n/a	n/a	n/a	n/a	n/a	n/a	n/a	n/a	n/a	n/a	n/a	n/a	n/a	n/a	2575.708001	n/a
2577.180809	0.000000	515436	ttl	4	72	n/a	n/a	n/a	n/a	n/a	n/a	n/a	n/a	n/a	n/a	n/a	n/a	n/a	n/a	n/a	n/a	n/a	n/a	n/a	n/a	n/a	2577.180809	n/a
2577.183835	0.000000	515437	ttl	11	72	n/a	n/a	n/a	n/a	n/a	n/a	n/a	n/a	n/a	n/a	n/a	n/a	n/a	n/a	n/a	n/a	n/a	n/a	n/a	n/a	n/a	2577.183835	n/a
2577.750432	2.033652	515550	time_discrimination	n/a	n/a	n/a	72.0	n/a	n/a	n/a	2577.183835	n/a	2.4372470231028274	1.0	1	2.0	NB_25_ShortA.png	n/a	3	2582.2213309999997	n/a	78	1	2	intervals/timediscrimination_table	77	2577.750432	2579.784084
2577.750432	0.000000	515550	ttl	1	72	n/a	n/a	n/a	n/a	n/a	n/a	n/a	n/a	n/a	n/a	n/a	n/a	n/a	n/a	n/a	n/a	n/a	n/a	n/a	n/a	n/a	2577.750432	n/a
2579.784084	0.000000	515957	ttl	2	72	n/a	n/a	n/a	n/a	n/a	n/a	n/a	n/a	n/a	n/a	n/a	n/a	n/a	n/a	n/a	n/a	n/a	n/a	n/a	n/a	n/a	2579.784084	n/a
2582.221331	0.000000	516444	ttl	4	72	n/a	n/a	n/a	n/a	n/a	n/a	n/a	n/a	n/a	n/a	n/a	n/a	n/a	n/a	n/a	n/a	n/a	n/a	n/a	n/a	n/a	2582.221331	n/a
2582.233301	0.000000	516447	ttl	11	72	n/a	n/a	n/a	n/a	n/a	n/a	n/a	n/a	n/a	n/a	n/a	n/a	n/a	n/a	n/a	n/a	n/a	n/a	n/a	n/a	n/a	2582.233301	n/a
2582.749972	2.033488	516550	time_discrimination	n/a	n/a	n/a	72.0	n/a	n/a	n/a	2582.2333005	n/a	2.089347120723687	2.0	2	2.0	SB_28_ShortA.png	n/a	3	2586.87280725	n/a	79	1	1	intervals/timediscrimination_table	78	2582.749972	2584.783460
2582.749972	0.000000	516550	ttl	1	72	n/a	n/a	n/a	n/a	n/a	n/a	n/a	n/a	n/a	n/a	n/a	n/a	n/a	n/a	n/a	n/a	n/a	n/a	n/a	n/a	n/a	2582.749972	n/a
2584.783460	0.000000	516957	ttl	2	72	n/a	n/a	n/a	n/a	n/a	n/a	n/a	n/a	n/a	n/a	n/a	n/a	n/a	n/a	n/a	n/a	n/a	n/a	n/a	n/a	n/a	2584.783460	n/a
2586.872807	0.000000	517375	ttl	4	72	n/a	n/a	n/a	n/a	n/a	n/a	n/a	n/a	n/a	n/a	n/a	n/a	n/a	n/a	n/a	n/a	n/a	n/a	n/a	n/a	n/a	2586.872807	n/a
2586.878401	0.000000	517376	ttl	11	72	n/a	n/a	n/a	n/a	n/a	n/a	n/a	n/a	n/a	n/a	n/a	n/a	n/a	n/a	n/a	n/a	n/a	n/a	n/a	n/a	n/a	2586.878401	n/a
2587.411738	2.033693	517482	time_discrimination	n/a	n/a	n/a	72.0	n/a	n/a	n/a	2586.87840075	n/a	3.120038864086382	2.0	3	2.0	HB_60_LongA.png	n/a	6	2592.5654704999997	n/a	80	2	2	intervals/timediscrimination_table	79	2587.411738	2589.445431
2587.411738	0.000000	517482	ttl	1	72	n/a	n/a	n/a	n/a	n/a	n/a	n/a	n/a	n/a	n/a	n/a	n/a	n/a	n/a	n/a	n/a	n/a	n/a	n/a	n/a	n/a	2587.411738	n/a
2589.445431	0.000000	517889	ttl	2	72	n/a	n/a	n/a	n/a	n/a	n/a	n/a	n/a	n/a	n/a	n/a	n/a	n/a	n/a	n/a	n/a	n/a	n/a	n/a	n/a	n/a	2589.445431	n/a
2592.565470	0.000000	518513	ttl	4	72	n/a	n/a	n/a	n/a	n/a	n/a	n/a	n/a	n/a	n/a	n/a	n/a	n/a	n/a	n/a	n/a	n/a	n/a	n/a	n/a	n/a	2592.565470	n/a
2592.570052	0.000000	518514	ttl	11	72	n/a	n/a	n/a	n/a	n/a	n/a	n/a	n/a	n/a	n/a	n/a	n/a	n/a	n/a	n/a	n/a	n/a	n/a	n/a	n/a	n/a	2592.570052	n/a
2593.136692	2.033579	518627	time_discrimination	n/a	n/a	n/a	72.0	n/a	n/a	n/a	2592.570052	n/a	1.8963761643972248	1.0	1	2.0	NB_9_ShortA.png	n/a	6	2597.066647	n/a	81	2	1	intervals/timediscrimination_table	80	2593.136692	2595.170271
2593.136692	0.000000	518627	ttl	1	72	n/a	n/a	n/a	n/a	n/a	n/a	n/a	n/a	n/a	n/a	n/a	n/a	n/a	n/a	n/a	n/a	n/a	n/a	n/a	n/a	n/a	2593.136692	n/a
2595.170271	0.000000	519034	ttl	2	72	n/a	n/a	n/a	n/a	n/a	n/a	n/a	n/a	n/a	n/a	n/a	n/a	n/a	n/a	n/a	n/a	n/a	n/a	n/a	n/a	n/a	2595.170271	n/a
2597.066647	0.000000	519413	ttl	4	72	n/a	n/a	n/a	n/a	n/a	n/a	n/a	n/a	n/a	n/a	n/a	n/a	n/a	n/a	n/a	n/a	n/a	n/a	n/a	n/a	n/a	2597.066647	n/a
2597.078853	0.000000	519416	ttl	11	72	n/a	n/a	n/a	n/a	n/a	n/a	n/a	n/a	n/a	n/a	n/a	n/a	n/a	n/a	n/a	n/a	n/a	n/a	n/a	n/a	n/a	2597.078853	n/a
2597.645413	2.033444	519529	time_discrimination	n/a	n/a	n/a	72.0	n/a	n/a	n/a	2597.07885325	n/a	2.2706119562499225	1.0	3	2.0	HB_49_ShortA.png	n/a	6	2601.94947	n/a	82	2	1	intervals/timediscrimination_table	81	2597.645413	2599.678858
2597.645413	0.000000	519529	ttl	1	72	n/a	n/a	n/a	n/a	n/a	n/a	n/a	n/a	n/a	n/a	n/a	n/a	n/a	n/a	n/a	n/a	n/a	n/a	n/a	n/a	n/a	2597.645413	n/a
2599.678858	0.000000	519936	ttl	2	72	n/a	n/a	n/a	n/a	n/a	n/a	n/a	n/a	n/a	n/a	n/a	n/a	n/a	n/a	n/a	n/a	n/a	n/a	n/a	n/a	n/a	2599.678858	n/a
2601.949470	0.000000	520390	ttl	4	72	n/a	n/a	n/a	n/a	n/a	n/a	n/a	n/a	n/a	n/a	n/a	n/a	n/a	n/a	n/a	n/a	n/a	n/a	n/a	n/a	n/a	2601.949470	n/a
2601.954415	0.000000	520391	ttl	11	72	n/a	n/a	n/a	n/a	n/a	n/a	n/a	n/a	n/a	n/a	n/a	n/a	n/a	n/a	n/a	n/a	n/a	n/a	n/a	n/a	n/a	2601.954415	n/a
2602.487676	2.033598	520498	time_discrimination	n/a	n/a	n/a	72.0	n/a	n/a	n/a	2601.95441475	n/a	1.8499193374300376	2.0	2	2.0	SB_43_LongA.png	n/a	3	2606.3711934999997	n/a	83	1	1	intervals/timediscrimination_table	82	2602.487676	2604.521274
2602.487676	0.000000	520498	ttl	1	72	n/a	n/a	n/a	n/a	n/a	n/a	n/a	n/a	n/a	n/a	n/a	n/a	n/a	n/a	n/a	n/a	n/a	n/a	n/a	n/a	n/a	2602.487676	n/a
2604.521274	0.000000	520904	ttl	2	72	n/a	n/a	n/a	n/a	n/a	n/a	n/a	n/a	n/a	n/a	n/a	n/a	n/a	n/a	n/a	n/a	n/a	n/a	n/a	n/a	n/a	2604.521274	n/a
2606.371193	0.000000	521274	ttl	4	72	n/a	n/a	n/a	n/a	n/a	n/a	n/a	n/a	n/a	n/a	n/a	n/a	n/a	n/a	n/a	n/a	n/a	n/a	n/a	n/a	n/a	2606.371193	n/a
2606.389570	0.000000	521278	ttl	11	72	n/a	n/a	n/a	n/a	n/a	n/a	n/a	n/a	n/a	n/a	n/a	n/a	n/a	n/a	n/a	n/a	n/a	n/a	n/a	n/a	n/a	2606.389570	n/a
2606.906250	2.033474	521381	time_discrimination	n/a	n/a	n/a	72.0	n/a	n/a	n/a	2606.3895705	n/a	3.3489461712306365	2.0	1	2.0	NB_11_LongA.png	n/a	6	2612.2886705	n/a	84	2	2	intervals/timediscrimination_table	83	2606.906250	2608.939724
2606.906250	0.000000	521381	ttl	1	72	n/a	n/a	n/a	n/a	n/a	n/a	n/a	n/a	n/a	n/a	n/a	n/a	n/a	n/a	n/a	n/a	n/a	n/a	n/a	n/a	n/a	2606.906250	n/a
2608.939724	0.000000	521788	ttl	2	72	n/a	n/a	n/a	n/a	n/a	n/a	n/a	n/a	n/a	n/a	n/a	n/a	n/a	n/a	n/a	n/a	n/a	n/a	n/a	n/a	n/a	2608.939724	n/a
2612.288671	0.000000	522458	ttl	4	72	n/a	n/a	n/a	n/a	n/a	n/a	n/a	n/a	n/a	n/a	n/a	n/a	n/a	n/a	n/a	n/a	n/a	n/a	n/a	n/a	n/a	2612.288671	n/a
2612.302247	0.000000	522460	ttl	11	72	n/a	n/a	n/a	n/a	n/a	n/a	n/a	n/a	n/a	n/a	n/a	n/a	n/a	n/a	n/a	n/a	n/a	n/a	n/a	n/a	n/a	2612.302247	n/a
2612.785569	2.033591	522557	time_discrimination	n/a	n/a	n/a	72.0	n/a	n/a	n/a	2612.302247	n/a	0.9867248527007177	1.0	1	2.0	NB_11_ShortA.png	n/a	6	2615.8058849999998	n/a	85	2	1	intervals/timediscrimination_table	84	2612.785569	2614.819160
2612.785569	0.000000	522557	ttl	1	72	n/a	n/a	n/a	n/a	n/a	n/a	n/a	n/a	n/a	n/a	n/a	n/a	n/a	n/a	n/a	n/a	n/a	n/a	n/a	n/a	n/a	2612.785569	n/a
2614.819160	0.000000	522964	ttl	2	72	n/a	n/a	n/a	n/a	n/a	n/a	n/a	n/a	n/a	n/a	n/a	n/a	n/a	n/a	n/a	n/a	n/a	n/a	n/a	n/a	n/a	2614.819160	n/a
2615.805885	0.000000	523161	ttl	4	72	n/a	n/a	n/a	n/a	n/a	n/a	n/a	n/a	n/a	n/a	n/a	n/a	n/a	n/a	n/a	n/a	n/a	n/a	n/a	n/a	n/a	2615.805885	n/a
2615.809450	0.000000	523162	ttl	11	72	n/a	n/a	n/a	n/a	n/a	n/a	n/a	n/a	n/a	n/a	n/a	n/a	n/a	n/a	n/a	n/a	n/a	n/a	n/a	n/a	n/a	2615.809450	n/a
2616.326163	2.033651	523265	time_discrimination	n/a	n/a	n/a	72.0	n/a	n/a	n/a	2615.8094495	n/a	2.480884787859395	1.0	3	2.0	HB_6_LongA.png	n/a	6	2620.84069825	n/a	86	2	1	intervals/timediscrimination_table	85	2616.326163	2618.359813
2616.326163	0.000000	523265	ttl	1	72	n/a	n/a	n/a	n/a	n/a	n/a	n/a	n/a	n/a	n/a	n/a	n/a	n/a	n/a	n/a	n/a	n/a	n/a	n/a	n/a	n/a	2616.326163	n/a
2618.359813	0.000000	523672	ttl	2	72	n/a	n/a	n/a	n/a	n/a	n/a	n/a	n/a	n/a	n/a	n/a	n/a	n/a	n/a	n/a	n/a	n/a	n/a	n/a	n/a	n/a	2618.359813	n/a
2620.840698	0.000000	524168	ttl	4	72	n/a	n/a	n/a	n/a	n/a	n/a	n/a	n/a	n/a	n/a	n/a	n/a	n/a	n/a	n/a	n/a	n/a	n/a	n/a	n/a	n/a	2620.840698	n/a
2620.849731	0.000000	524170	ttl	11	72	n/a	n/a	n/a	n/a	n/a	n/a	n/a	n/a	n/a	n/a	n/a	n/a	n/a	n/a	n/a	n/a	n/a	n/a	n/a	n/a	n/a	2620.849731	n/a
2621.399586	2.033662	524280	time_discrimination	n/a	n/a	n/a	72.0	n/a	n/a	n/a	2620.8497305	n/a	2.116264697862789	2.0	3	2.0	HB_56_ShortA.png	n/a	3	2625.549512	n/a	87	1	1	intervals/timediscrimination_table	86	2621.399586	2623.433248
2621.399586	0.000000	524280	ttl	1	72	n/a	n/a	n/a	n/a	n/a	n/a	n/a	n/a	n/a	n/a	n/a	n/a	n/a	n/a	n/a	n/a	n/a	n/a	n/a	n/a	n/a	2621.399586	n/a
2623.433248	0.000000	524687	ttl	2	72	n/a	n/a	n/a	n/a	n/a	n/a	n/a	n/a	n/a	n/a	n/a	n/a	n/a	n/a	n/a	n/a	n/a	n/a	n/a	n/a	n/a	2623.433248	n/a
2625.549512	0.000000	525110	ttl	4	72	n/a	n/a	n/a	n/a	n/a	n/a	n/a	n/a	n/a	n/a	n/a	n/a	n/a	n/a	n/a	n/a	n/a	n/a	n/a	n/a	n/a	2625.549512	n/a
2625.553933	0.000000	525111	ttl	11	72	n/a	n/a	n/a	n/a	n/a	n/a	n/a	n/a	n/a	n/a	n/a	n/a	n/a	n/a	n/a	n/a	n/a	n/a	n/a	n/a	n/a	2625.553933	n/a
2626.053928	2.033553	525211	time_discrimination	n/a	n/a	n/a	72.0	n/a	n/a	n/a	2625.5539335	n/a	2.047488598502241	2.0	2	2.0	SB_15_ShortA.png	n/a	3	2630.13497075	n/a	88	1	1	intervals/timediscrimination_table	87	2626.053928	2628.087482
2626.053928	0.000000	525211	ttl	1	72	n/a	n/a	n/a	n/a	n/a	n/a	n/a	n/a	n/a	n/a	n/a	n/a	n/a	n/a	n/a	n/a	n/a	n/a	n/a	n/a	n/a	2626.053928	n/a
2628.087482	0.000000	525617	ttl	2	72	n/a	n/a	n/a	n/a	n/a	n/a	n/a	n/a	n/a	n/a	n/a	n/a	n/a	n/a	n/a	n/a	n/a	n/a	n/a	n/a	n/a	2628.087482	n/a
2630.134971	0.000000	526027	ttl	4	72	n/a	n/a	n/a	n/a	n/a	n/a	n/a	n/a	n/a	n/a	n/a	n/a	n/a	n/a	n/a	n/a	n/a	n/a	n/a	n/a	n/a	2630.134971	n/a
2630.149170	0.000000	526030	ttl	11	72	n/a	n/a	n/a	n/a	n/a	n/a	n/a	n/a	n/a	n/a	n/a	n/a	n/a	n/a	n/a	n/a	n/a	n/a	n/a	n/a	n/a	2630.149170	n/a
2630.665702	2.033565	526133	time_discrimination	n/a	n/a	n/a	72.0	n/a	n/a	n/a	2630.1491705	n/a	1.7825362427392974	2.0	1	2.0	NB_14_LongA.png	n/a	3	2634.48180375	n/a	89	1	1	intervals/timediscrimination_table	88	2630.665702	2632.699267
2630.665702	0.000000	526133	ttl	1	72	n/a	n/a	n/a	n/a	n/a	n/a	n/a	n/a	n/a	n/a	n/a	n/a	n/a	n/a	n/a	n/a	n/a	n/a	n/a	n/a	n/a	2630.665702	n/a
2632.699267	0.000000	526540	ttl	2	72	n/a	n/a	n/a	n/a	n/a	n/a	n/a	n/a	n/a	n/a	n/a	n/a	n/a	n/a	n/a	n/a	n/a	n/a	n/a	n/a	n/a	2632.699267	n/a
2634.481804	0.000000	526896	ttl	4	72	n/a	n/a	n/a	n/a	n/a	n/a	n/a	n/a	n/a	n/a	n/a	n/a	n/a	n/a	n/a	n/a	n/a	n/a	n/a	n/a	n/a	2634.481804	n/a
2634.488142	0.000000	526898	ttl	11	72	n/a	n/a	n/a	n/a	n/a	n/a	n/a	n/a	n/a	n/a	n/a	n/a	n/a	n/a	n/a	n/a	n/a	n/a	n/a	n/a	n/a	2634.488142	n/a
2635.021426	2.033655	527004	time_discrimination	n/a	n/a	n/a	72.0	n/a	n/a	n/a	2634.48814175	n/a	2.3427436015335843	1.0	2	2.0	SB_36_ShortA.png	n/a	6	2639.3978245	n/a	90	2	1	intervals/timediscrimination_table	89	2635.021426	2637.055081
2635.021426	0.000000	527004	ttl	1	72	n/a	n/a	n/a	n/a	n/a	n/a	n/a	n/a	n/a	n/a	n/a	n/a	n/a	n/a	n/a	n/a	n/a	n/a	n/a	n/a	n/a	2635.021426	n/a
2637.055081	0.000000	527411	ttl	2	72	n/a	n/a	n/a	n/a	n/a	n/a	n/a	n/a	n/a	n/a	n/a	n/a	n/a	n/a	n/a	n/a	n/a	n/a	n/a	n/a	n/a	2637.055081	n/a
2639.397824	0.000000	527880	ttl	4	72	n/a	n/a	n/a	n/a	n/a	n/a	n/a	n/a	n/a	n/a	n/a	n/a	n/a	n/a	n/a	n/a	n/a	n/a	n/a	n/a	n/a	2639.397824	n/a
2639.403545	0.000000	527881	ttl	11	72	n/a	n/a	n/a	n/a	n/a	n/a	n/a	n/a	n/a	n/a	n/a	n/a	n/a	n/a	n/a	n/a	n/a	n/a	n/a	n/a	n/a	2639.403545	n/a
2639.903540	2.033569	527981	time_discrimination	n/a	n/a	n/a	72.0	n/a	n/a	n/a	2639.40354475	n/a	1.6617117400746793	2.0	2	2.0	SB_58_ShortA.png	n/a	3	2643.5988212499997	n/a	91	1	1	intervals/timediscrimination_table	90	2639.903540	2641.937109
2639.903540	0.000000	527981	ttl	1	72	n/a	n/a	n/a	n/a	n/a	n/a	n/a	n/a	n/a	n/a	n/a	n/a	n/a	n/a	n/a	n/a	n/a	n/a	n/a	n/a	n/a	2639.903540	n/a
2641.937109	0.000000	528387	ttl	2	72	n/a	n/a	n/a	n/a	n/a	n/a	n/a	n/a	n/a	n/a	n/a	n/a	n/a	n/a	n/a	n/a	n/a	n/a	n/a	n/a	n/a	2641.937109	n/a
2643.598821	0.000000	528720	ttl	4	72	n/a	n/a	n/a	n/a	n/a	n/a	n/a	n/a	n/a	n/a	n/a	n/a	n/a	n/a	n/a	n/a	n/a	n/a	n/a	n/a	n/a	2643.598821	n/a
2643.615744	0.000000	528723	ttl	11	72	n/a	n/a	n/a	n/a	n/a	n/a	n/a	n/a	n/a	n/a	n/a	n/a	n/a	n/a	n/a	n/a	n/a	n/a	n/a	n/a	n/a	2643.615744	n/a
2644.099180	2.033221	528820	time_discrimination	n/a	n/a	n/a	72.0	n/a	n/a	n/a	2643.61574425	n/a	3.0797760915011168	2.0	1	2.0	NB_24_ShortA.png	n/a	6	2649.2121775	n/a	92	2	2	intervals/timediscrimination_table	91	2644.099180	2646.132402
2644.099180	0.000000	528820	ttl	1	72	n/a	n/a	n/a	n/a	n/a	n/a	n/a	n/a	n/a	n/a	n/a	n/a	n/a	n/a	n/a	n/a	n/a	n/a	n/a	n/a	n/a	2644.099180	n/a
2646.132402	0.000000	529226	ttl	2	72	n/a	n/a	n/a	n/a	n/a	n/a	n/a	n/a	n/a	n/a	n/a	n/a	n/a	n/a	n/a	n/a	n/a	n/a	n/a	n/a	n/a	2646.132402	n/a
2649.212178	0.000000	529842	ttl	4	72	n/a	n/a	n/a	n/a	n/a	n/a	n/a	n/a	n/a	n/a	n/a	n/a	n/a	n/a	n/a	n/a	n/a	n/a	n/a	n/a	n/a	2649.212178	n/a
2649.217933	0.000000	529844	ttl	11	72	n/a	n/a	n/a	n/a	n/a	n/a	n/a	n/a	n/a	n/a	n/a	n/a	n/a	n/a	n/a	n/a	n/a	n/a	n/a	n/a	n/a	2649.217933	n/a
2649.751192	2.033580	529950	time_discrimination	n/a	n/a	n/a	72.0	n/a	n/a	n/a	2649.21793325	n/a	1.6353154034586623	2.0	1	3.0	NB_7_LongA.png	n/a	7	2653.420088	n/a	93	2	2	intervals/timediscrimination_table	92	2649.751192	2651.784772
2649.751192	0.000000	529950	ttl	1	72	n/a	n/a	n/a	n/a	n/a	n/a	n/a	n/a	n/a	n/a	n/a	n/a	n/a	n/a	n/a	n/a	n/a	n/a	n/a	n/a	n/a	2649.751192	n/a
2651.784772	0.000000	530357	ttl	2	72	n/a	n/a	n/a	n/a	n/a	n/a	n/a	n/a	n/a	n/a	n/a	n/a	n/a	n/a	n/a	n/a	n/a	n/a	n/a	n/a	n/a	2651.784772	n/a
2653.420088	0.000000	530684	ttl	4	72	n/a	n/a	n/a	n/a	n/a	n/a	n/a	n/a	n/a	n/a	n/a	n/a	n/a	n/a	n/a	n/a	n/a	n/a	n/a	n/a	n/a	2653.420088	n/a
2653.436293	0.000000	530687	ttl	11	72	n/a	n/a	n/a	n/a	n/a	n/a	n/a	n/a	n/a	n/a	n/a	n/a	n/a	n/a	n/a	n/a	n/a	n/a	n/a	n/a	n/a	2653.436293	n/a
2654.002823	2.033698	530801	time_discrimination	n/a	n/a	n/a	72.0	n/a	n/a	n/a	2653.4362927499997	n/a	2.601660917280242	1.0	3	2.0	HB_1_LongA.png	n/a	3	2658.6381819999997	n/a	94	1	2	intervals/timediscrimination_table	93	2654.002823	2656.036521
2654.002823	0.000000	530801	ttl	1	72	n/a	n/a	n/a	n/a	n/a	n/a	n/a	n/a	n/a	n/a	n/a	n/a	n/a	n/a	n/a	n/a	n/a	n/a	n/a	n/a	n/a	2654.002823	n/a
2656.036521	0.000000	531207	ttl	2	72	n/a	n/a	n/a	n/a	n/a	n/a	n/a	n/a	n/a	n/a	n/a	n/a	n/a	n/a	n/a	n/a	n/a	n/a	n/a	n/a	n/a	2656.036521	n/a
2658.638182	0.000000	531728	ttl	4	72	n/a	n/a	n/a	n/a	n/a	n/a	n/a	n/a	n/a	n/a	n/a	n/a	n/a	n/a	n/a	n/a	n/a	n/a	n/a	n/a	n/a	2658.638182	n/a
2658.650502	0.000000	531730	ttl	11	72	n/a	n/a	n/a	n/a	n/a	n/a	n/a	n/a	n/a	n/a	n/a	n/a	n/a	n/a	n/a	n/a	n/a	n/a	n/a	n/a	n/a	2658.650502	n/a
2659.183782	2.033627	531837	time_discrimination	n/a	n/a	n/a	72.0	n/a	n/a	n/a	2658.65050175	n/a	2.8532474791863933	2.0	1	3.0	NB_30_ShortA.png	n/a	2	2664.0706569999998	n/a	95	1	1	intervals/timediscrimination_table	94	2659.183782	2661.217410
2659.183782	0.000000	531837	ttl	1	72	n/a	n/a	n/a	n/a	n/a	n/a	n/a	n/a	n/a	n/a	n/a	n/a	n/a	n/a	n/a	n/a	n/a	n/a	n/a	n/a	n/a	2659.183782	n/a
2661.217410	0.000000	532243	ttl	2	72	n/a	n/a	n/a	n/a	n/a	n/a	n/a	n/a	n/a	n/a	n/a	n/a	n/a	n/a	n/a	n/a	n/a	n/a	n/a	n/a	n/a	2661.217410	n/a
2664.070657	0.000000	532814	ttl	4	72	n/a	n/a	n/a	n/a	n/a	n/a	n/a	n/a	n/a	n/a	n/a	n/a	n/a	n/a	n/a	n/a	n/a	n/a	n/a	n/a	n/a	2664.070657	n/a
2664.079921	0.000000	532816	ttl	11	72	n/a	n/a	n/a	n/a	n/a	n/a	n/a	n/a	n/a	n/a	n/a	n/a	n/a	n/a	n/a	n/a	n/a	n/a	n/a	n/a	n/a	2664.079921	n/a
2664.596506	2.033436	532919	time_discrimination	n/a	n/a	n/a	72.0	n/a	n/a	n/a	2664.07992125	n/a	2.3452043447177857	1.0	3	2.0	HB_11_LongA.png	n/a	3	2668.9751465	n/a	96	1	2	intervals/timediscrimination_table	95	2664.596506	2666.629942
2664.596506	0.000000	532919	ttl	1	72	n/a	n/a	n/a	n/a	n/a	n/a	n/a	n/a	n/a	n/a	n/a	n/a	n/a	n/a	n/a	n/a	n/a	n/a	n/a	n/a	n/a	2664.596506	n/a
2666.629942	0.000000	533326	ttl	2	72	n/a	n/a	n/a	n/a	n/a	n/a	n/a	n/a	n/a	n/a	n/a	n/a	n/a	n/a	n/a	n/a	n/a	n/a	n/a	n/a	n/a	2666.629942	n/a
2668.975146	0.000000	533795	ttl	4	72	n/a	n/a	n/a	n/a	n/a	n/a	n/a	n/a	n/a	n/a	n/a	n/a	n/a	n/a	n/a	n/a	n/a	n/a	n/a	n/a	n/a	2668.975146	n/a
2668.993254	0.000000	533799	ttl	11	72	n/a	n/a	n/a	n/a	n/a	n/a	n/a	n/a	n/a	n/a	n/a	n/a	n/a	n/a	n/a	n/a	n/a	n/a	n/a	n/a	n/a	2668.993254	n/a
2669.559884	2.062784	533912	time_discrimination	n/a	n/a	n/a	72.0	n/a	n/a	n/a	2668.99325375	n/a	2.5409583221189678	2.0	2	2.0	SB_4_LongA.png	n/a	3	2674.1636255	n/a	97	1	1	intervals/timediscrimination_table	96	2669.559884	2671.622667
2669.559884	0.000000	533912	ttl	1	72	n/a	n/a	n/a	n/a	n/a	n/a	n/a	n/a	n/a	n/a	n/a	n/a	n/a	n/a	n/a	n/a	n/a	n/a	n/a	n/a	n/a	2669.559884	n/a
2671.622667	0.000000	534325	ttl	2	72	n/a	n/a	n/a	n/a	n/a	n/a	n/a	n/a	n/a	n/a	n/a	n/a	n/a	n/a	n/a	n/a	n/a	n/a	n/a	n/a	n/a	2671.622667	n/a
2674.163625	0.000000	534833	ttl	4	72	n/a	n/a	n/a	n/a	n/a	n/a	n/a	n/a	n/a	n/a	n/a	n/a	n/a	n/a	n/a	n/a	n/a	n/a	n/a	n/a	n/a	2674.163625	n/a
2674.173478	0.000000	534835	ttl	11	72	n/a	n/a	n/a	n/a	n/a	n/a	n/a	n/a	n/a	n/a	n/a	n/a	n/a	n/a	n/a	n/a	n/a	n/a	n/a	n/a	n/a	2674.173478	n/a
2674.690122	2.033565	534938	time_discrimination	n/a	n/a	n/a	72.0	n/a	n/a	n/a	2674.1734779999997	n/a	2.6116344786714762	2.0	2	2.0	SB_45_LongA.png	n/a	3	2679.335322	n/a	98	1	1	intervals/timediscrimination_table	97	2674.690122	2676.723687
2674.690122	0.000000	534938	ttl	1	72	n/a	n/a	n/a	n/a	n/a	n/a	n/a	n/a	n/a	n/a	n/a	n/a	n/a	n/a	n/a	n/a	n/a	n/a	n/a	n/a	n/a	2674.690122	n/a
2676.723687	0.000000	535345	ttl	2	72	n/a	n/a	n/a	n/a	n/a	n/a	n/a	n/a	n/a	n/a	n/a	n/a	n/a	n/a	n/a	n/a	n/a	n/a	n/a	n/a	n/a	2676.723687	n/a
2679.335322	0.000000	535867	ttl	4	72	n/a	n/a	n/a	n/a	n/a	n/a	n/a	n/a	n/a	n/a	n/a	n/a	n/a	n/a	n/a	n/a	n/a	n/a	n/a	n/a	n/a	2679.335322	n/a
2679.349909	0.000000	535870	ttl	11	72	n/a	n/a	n/a	n/a	n/a	n/a	n/a	n/a	n/a	n/a	n/a	n/a	n/a	n/a	n/a	n/a	n/a	n/a	n/a	n/a	n/a	2679.349909	n/a
2679.849830	2.033454	535970	time_discrimination	n/a	n/a	n/a	72.0	n/a	n/a	n/a	2679.349909	n/a	1.5392376235686243	1.0	1	3.0	NB_28_ShortA.png	n/a	7	2683.42252225	n/a	99	2	1	intervals/timediscrimination_table	98	2679.849830	2681.883284
2679.849830	0.000000	535970	ttl	1	72	n/a	n/a	n/a	n/a	n/a	n/a	n/a	n/a	n/a	n/a	n/a	n/a	n/a	n/a	n/a	n/a	n/a	n/a	n/a	n/a	n/a	2679.849830	n/a
2681.883284	0.000000	536377	ttl	2	72	n/a	n/a	n/a	n/a	n/a	n/a	n/a	n/a	n/a	n/a	n/a	n/a	n/a	n/a	n/a	n/a	n/a	n/a	n/a	n/a	n/a	2681.883284	n/a
2683.422522	0.000000	536685	ttl	4	72	n/a	n/a	n/a	n/a	n/a	n/a	n/a	n/a	n/a	n/a	n/a	n/a	n/a	n/a	n/a	n/a	n/a	n/a	n/a	n/a	n/a	2683.422522	n/a
2683.435265	0.000000	536687	ttl	11	72	n/a	n/a	n/a	n/a	n/a	n/a	n/a	n/a	n/a	n/a	n/a	n/a	n/a	n/a	n/a	n/a	n/a	n/a	n/a	n/a	n/a	2683.435265	n/a
2683.968445	2.033630	536794	time_discrimination	n/a	n/a	n/a	72.0	n/a	n/a	n/a	2683.4352652499997	n/a	2.518876041751355	2.0	3	2.0	HB_55_ShortA.png	n/a	3	2688.52095075	n/a	100	1	1	intervals/timediscrimination_table	99	2683.968445	2686.002075
2683.968445	0.000000	536794	ttl	1	72	n/a	n/a	n/a	n/a	n/a	n/a	n/a	n/a	n/a	n/a	n/a	n/a	n/a	n/a	n/a	n/a	n/a	n/a	n/a	n/a	n/a	2683.968445	n/a
2686.002075	0.000000	537200	ttl	2	72	n/a	n/a	n/a	n/a	n/a	n/a	n/a	n/a	n/a	n/a	n/a	n/a	n/a	n/a	n/a	n/a	n/a	n/a	n/a	n/a	n/a	2686.002075	n/a
2688.520951	0.000000	537704	ttl	4	72	n/a	n/a	n/a	n/a	n/a	n/a	n/a	n/a	n/a	n/a	n/a	n/a	n/a	n/a	n/a	n/a	n/a	n/a	n/a	n/a	n/a	2688.520951	n/a
2688.530928	0.000000	537706	ttl	11	72	n/a	n/a	n/a	n/a	n/a	n/a	n/a	n/a	n/a	n/a	n/a	n/a	n/a	n/a	n/a	n/a	n/a	n/a	n/a	n/a	n/a	2688.530928	n/a
2689.031032	2.033487	537806	time_discrimination	n/a	n/a	n/a	72.0	n/a	n/a	n/a	2688.5309285	n/a	2.0367623945930973	2.0	1	3.0	NB_4_LongA.png	n/a	7	2693.1012809999997	n/a	101	2	2	intervals/timediscrimination_table	100	2689.031032	2691.064519
2689.031032	0.000000	537806	ttl	1	72	n/a	n/a	n/a	n/a	n/a	n/a	n/a	n/a	n/a	n/a	n/a	n/a	n/a	n/a	n/a	n/a	n/a	n/a	n/a	n/a	n/a	2689.031032	n/a
2691.064519	0.000000	538213	ttl	2	72	n/a	n/a	n/a	n/a	n/a	n/a	n/a	n/a	n/a	n/a	n/a	n/a	n/a	n/a	n/a	n/a	n/a	n/a	n/a	n/a	n/a	2691.064519	n/a
2693.101281	0.000000	538620	ttl	4	72	n/a	n/a	n/a	n/a	n/a	n/a	n/a	n/a	n/a	n/a	n/a	n/a	n/a	n/a	n/a	n/a	n/a	n/a	n/a	n/a	n/a	2693.101281	n/a
2693.115277	0.000000	538623	ttl	11	72	n/a	n/a	n/a	n/a	n/a	n/a	n/a	n/a	n/a	n/a	n/a	n/a	n/a	n/a	n/a	n/a	n/a	n/a	n/a	n/a	n/a	2693.115277	n/a
2693.665283	2.033656	538733	time_discrimination	n/a	n/a	n/a	72.0	n/a	n/a	n/a	2693.11527675	n/a	2.1608739031944424	2.0	2	2.0	SB_41_ShortA.png	n/a	6	2697.85981225	n/a	102	2	2	intervals/timediscrimination_table	101	2693.665283	2695.698938
2693.665283	0.000000	538733	ttl	1	72	n/a	n/a	n/a	n/a	n/a	n/a	n/a	n/a	n/a	n/a	n/a	n/a	n/a	n/a	n/a	n/a	n/a	n/a	n/a	n/a	n/a	2693.665283	n/a
2695.698938	0.000000	539140	ttl	2	72	n/a	n/a	n/a	n/a	n/a	n/a	n/a	n/a	n/a	n/a	n/a	n/a	n/a	n/a	n/a	n/a	n/a	n/a	n/a	n/a	n/a	2695.698938	n/a
2697.859812	0.000000	539572	ttl	4	72	n/a	n/a	n/a	n/a	n/a	n/a	n/a	n/a	n/a	n/a	n/a	n/a	n/a	n/a	n/a	n/a	n/a	n/a	n/a	n/a	n/a	2697.859812	n/a
2697.870689	0.000000	539574	ttl	11	72	n/a	n/a	n/a	n/a	n/a	n/a	n/a	n/a	n/a	n/a	n/a	n/a	n/a	n/a	n/a	n/a	n/a	n/a	n/a	n/a	n/a	2697.870689	n/a
2698.387325	2.033571	539677	time_discrimination	n/a	n/a	n/a	72.0	n/a	n/a	n/a	2697.870689	n/a	1.9697230053134263	1.0	3	2.0	HB_36_ShortA.png	n/a	3	2702.39061925	n/a	103	1	2	intervals/timediscrimination_table	102	2698.387325	2700.420896
2698.387325	0.000000	539677	ttl	1	72	n/a	n/a	n/a	n/a	n/a	n/a	n/a	n/a	n/a	n/a	n/a	n/a	n/a	n/a	n/a	n/a	n/a	n/a	n/a	n/a	n/a	2698.387325	n/a
2700.420896	0.000000	540084	ttl	2	72	n/a	n/a	n/a	n/a	n/a	n/a	n/a	n/a	n/a	n/a	n/a	n/a	n/a	n/a	n/a	n/a	n/a	n/a	n/a	n/a	n/a	2700.420896	n/a
2702.390619	0.000000	540478	ttl	4	72	n/a	n/a	n/a	n/a	n/a	n/a	n/a	n/a	n/a	n/a	n/a	n/a	n/a	n/a	n/a	n/a	n/a	n/a	n/a	n/a	n/a	2702.390619	n/a
2702.398221	0.000000	540480	ttl	11	72	n/a	n/a	n/a	n/a	n/a	n/a	n/a	n/a	n/a	n/a	n/a	n/a	n/a	n/a	n/a	n/a	n/a	n/a	n/a	n/a	n/a	2702.398221	n/a
2702.981494	2.033446	540596	time_discrimination	n/a	n/a	n/a	72.0	n/a	n/a	n/a	2702.39822125	n/a	1.7278006882406771	1.0	1	3.0	NB_17_ShortA.png	n/a	2	2706.7427405	n/a	104	1	2	intervals/timediscrimination_table	103	2702.981494	2705.014940
2702.981494	0.000000	540596	ttl	1	72	n/a	n/a	n/a	n/a	n/a	n/a	n/a	n/a	n/a	n/a	n/a	n/a	n/a	n/a	n/a	n/a	n/a	n/a	n/a	n/a	n/a	2702.981494	n/a
2705.014940	0.000000	541003	ttl	2	72	n/a	n/a	n/a	n/a	n/a	n/a	n/a	n/a	n/a	n/a	n/a	n/a	n/a	n/a	n/a	n/a	n/a	n/a	n/a	n/a	n/a	2705.014940	n/a
2706.742740	0.000000	541349	ttl	4	72	n/a	n/a	n/a	n/a	n/a	n/a	n/a	n/a	n/a	n/a	n/a	n/a	n/a	n/a	n/a	n/a	n/a	n/a	n/a	n/a	n/a	2706.742740	n/a
2706.756745	0.000000	541351	ttl	11	72	n/a	n/a	n/a	n/a	n/a	n/a	n/a	n/a	n/a	n/a	n/a	n/a	n/a	n/a	n/a	n/a	n/a	n/a	n/a	n/a	n/a	2706.756745	n/a
2707.289916	2.033528	541458	time_discrimination	n/a	n/a	n/a	72.0	n/a	n/a	n/a	2706.7567455	n/a	2.152757541043684	1.0	2	3.0	SB_21_ShortA.png	n/a	2	2711.476202	n/a	105	1	2	intervals/timediscrimination_table	104	2707.289916	2709.323444
2707.289916	0.000000	541458	ttl	1	72	n/a	n/a	n/a	n/a	n/a	n/a	n/a	n/a	n/a	n/a	n/a	n/a	n/a	n/a	n/a	n/a	n/a	n/a	n/a	n/a	n/a	2707.289916	n/a
2709.323444	0.000000	541865	ttl	2	72	n/a	n/a	n/a	n/a	n/a	n/a	n/a	n/a	n/a	n/a	n/a	n/a	n/a	n/a	n/a	n/a	n/a	n/a	n/a	n/a	n/a	2709.323444	n/a
2711.476202	0.000000	542295	ttl	4	72	n/a	n/a	n/a	n/a	n/a	n/a	n/a	n/a	n/a	n/a	n/a	n/a	n/a	n/a	n/a	n/a	n/a	n/a	n/a	n/a	n/a	2711.476202	n/a
2711.488124	0.000000	542298	ttl	11	72	n/a	n/a	n/a	n/a	n/a	n/a	n/a	n/a	n/a	n/a	n/a	n/a	n/a	n/a	n/a	n/a	n/a	n/a	n/a	n/a	n/a	2711.488124	n/a
2712.054735	2.033537	542411	time_discrimination	n/a	n/a	n/a	72.0	n/a	n/a	n/a	2711.48812425	n/a	2.2696064248448238	1.0	3	2.0	HB_50_ShortA.png	n/a	3	2716.3578785	n/a	106	1	2	intervals/timediscrimination_table	105	2712.054735	2714.088272
2712.054735	0.000000	542411	ttl	1	72	n/a	n/a	n/a	n/a	n/a	n/a	n/a	n/a	n/a	n/a	n/a	n/a	n/a	n/a	n/a	n/a	n/a	n/a	n/a	n/a	n/a	2712.054735	n/a
2714.088272	0.000000	542818	ttl	2	72	n/a	n/a	n/a	n/a	n/a	n/a	n/a	n/a	n/a	n/a	n/a	n/a	n/a	n/a	n/a	n/a	n/a	n/a	n/a	n/a	n/a	2714.088272	n/a
2716.357878	0.000000	543272	ttl	4	72	n/a	n/a	n/a	n/a	n/a	n/a	n/a	n/a	n/a	n/a	n/a	n/a	n/a	n/a	n/a	n/a	n/a	n/a	n/a	n/a	n/a	2716.357878	n/a
2716.370017	0.000000	543274	ttl	11	72	n/a	n/a	n/a	n/a	n/a	n/a	n/a	n/a	n/a	n/a	n/a	n/a	n/a	n/a	n/a	n/a	n/a	n/a	n/a	n/a	n/a	2716.370017	n/a
2716.886723	2.033574	543377	time_discrimination	n/a	n/a	n/a	72.0	n/a	n/a	n/a	2716.3700175	n/a	1.658239707350731	2.0	1	3.0	NB_26_ShortA.png	n/a	7	2720.57853725	n/a	107	2	2	intervals/timediscrimination_table	106	2716.886723	2718.920297
2716.886723	0.000000	543377	ttl	1	72	n/a	n/a	n/a	n/a	n/a	n/a	n/a	n/a	n/a	n/a	n/a	n/a	n/a	n/a	n/a	n/a	n/a	n/a	n/a	n/a	n/a	2716.886723	n/a
2718.920297	0.000000	543784	ttl	2	72	n/a	n/a	n/a	n/a	n/a	n/a	n/a	n/a	n/a	n/a	n/a	n/a	n/a	n/a	n/a	n/a	n/a	n/a	n/a	n/a	n/a	2718.920297	n/a
2720.578537	0.000000	544116	ttl	4	72	n/a	n/a	n/a	n/a	n/a	n/a	n/a	n/a	n/a	n/a	n/a	n/a	n/a	n/a	n/a	n/a	n/a	n/a	n/a	n/a	n/a	2720.578537	n/a
2720.594267	0.000000	544119	ttl	11	72	n/a	n/a	n/a	n/a	n/a	n/a	n/a	n/a	n/a	n/a	n/a	n/a	n/a	n/a	n/a	n/a	n/a	n/a	n/a	n/a	n/a	2720.594267	n/a
2721.094328	2.033597	544219	time_discrimination	n/a	n/a	n/a	72.0	n/a	n/a	n/a	2720.59426725	n/a	3.21231825905852	2.0	3	2.0	HB_51_ShortA.png	n/a	3	2726.3402435	n/a	108	1	1	intervals/timediscrimination_table	107	2721.094328	2723.127925
2721.094328	0.000000	544219	ttl	1	72	n/a	n/a	n/a	n/a	n/a	n/a	n/a	n/a	n/a	n/a	n/a	n/a	n/a	n/a	n/a	n/a	n/a	n/a	n/a	n/a	n/a	2721.094328	n/a
2723.127925	0.000000	544626	ttl	2	72	n/a	n/a	n/a	n/a	n/a	n/a	n/a	n/a	n/a	n/a	n/a	n/a	n/a	n/a	n/a	n/a	n/a	n/a	n/a	n/a	n/a	2723.127925	n/a
2726.340243	0.000000	545268	ttl	4	72	n/a	n/a	n/a	n/a	n/a	n/a	n/a	n/a	n/a	n/a	n/a	n/a	n/a	n/a	n/a	n/a	n/a	n/a	n/a	n/a	n/a	2726.340243	n/a
2726.348566	0.000000	545270	ttl	11	72	n/a	n/a	n/a	n/a	n/a	n/a	n/a	n/a	n/a	n/a	n/a	n/a	n/a	n/a	n/a	n/a	n/a	n/a	n/a	n/a	n/a	2726.348566	n/a
2726.865252	2.033467	545373	time_discrimination	n/a	n/a	n/a	72.0	n/a	n/a	n/a	2726.3485665	n/a	2.163415626506321	2.0	2	3.0	SB_55_LongA.png	n/a	7	2731.0621352499998	n/a	109	2	2	intervals/timediscrimination_table	108	2726.865252	2728.898719
2726.865252	0.000000	545373	ttl	1	72	n/a	n/a	n/a	n/a	n/a	n/a	n/a	n/a	n/a	n/a	n/a	n/a	n/a	n/a	n/a	n/a	n/a	n/a	n/a	n/a	n/a	2726.865252	n/a
2728.898719	0.000000	545780	ttl	2	72	n/a	n/a	n/a	n/a	n/a	n/a	n/a	n/a	n/a	n/a	n/a	n/a	n/a	n/a	n/a	n/a	n/a	n/a	n/a	n/a	n/a	2728.898719	n/a
2731.062135	0.000000	546212	ttl	4	72	n/a	n/a	n/a	n/a	n/a	n/a	n/a	n/a	n/a	n/a	n/a	n/a	n/a	n/a	n/a	n/a	n/a	n/a	n/a	n/a	n/a	2731.062135	n/a
2731.077234	0.000000	546215	ttl	11	72	n/a	n/a	n/a	n/a	n/a	n/a	n/a	n/a	n/a	n/a	n/a	n/a	n/a	n/a	n/a	n/a	n/a	n/a	n/a	n/a	n/a	2731.077234	n/a
2731.593749	2.033603	546319	time_discrimination	n/a	n/a	n/a	72.0	n/a	n/a	n/a	2731.077234	n/a	1.8544863846618682	1.0	1	3.0	NB_8_LongA.png	n/a	2	2735.4818379999997	n/a	110	1	2	intervals/timediscrimination_table	109	2731.593749	2733.627352
2731.593749	0.000000	546319	ttl	1	72	n/a	n/a	n/a	n/a	n/a	n/a	n/a	n/a	n/a	n/a	n/a	n/a	n/a	n/a	n/a	n/a	n/a	n/a	n/a	n/a	n/a	2731.593749	n/a
2733.627352	0.000000	546725	ttl	2	72	n/a	n/a	n/a	n/a	n/a	n/a	n/a	n/a	n/a	n/a	n/a	n/a	n/a	n/a	n/a	n/a	n/a	n/a	n/a	n/a	n/a	2733.627352	n/a
2735.481838	0.000000	547096	ttl	4	72	n/a	n/a	n/a	n/a	n/a	n/a	n/a	n/a	n/a	n/a	n/a	n/a	n/a	n/a	n/a	n/a	n/a	n/a	n/a	n/a	n/a	2735.481838	n/a
2735.486722	0.000000	547097	ttl	11	72	n/a	n/a	n/a	n/a	n/a	n/a	n/a	n/a	n/a	n/a	n/a	n/a	n/a	n/a	n/a	n/a	n/a	n/a	n/a	n/a	n/a	2735.486722	n/a
2736.020023	2.033430	547204	time_discrimination	n/a	n/a	n/a	72.0	n/a	n/a	n/a	2735.48672175	n/a	2.481372868642211	2.0	2	3.0	SB_35_ShortA.png	n/a	2	2740.534826	n/a	111	1	1	intervals/timediscrimination_table	110	2736.020023	2738.053453
2736.020023	0.000000	547204	ttl	1	72	n/a	n/a	n/a	n/a	n/a	n/a	n/a	n/a	n/a	n/a	n/a	n/a	n/a	n/a	n/a	n/a	n/a	n/a	n/a	n/a	n/a	2736.020023	n/a
2738.053453	0.000000	547611	ttl	2	72	n/a	n/a	n/a	n/a	n/a	n/a	n/a	n/a	n/a	n/a	n/a	n/a	n/a	n/a	n/a	n/a	n/a	n/a	n/a	n/a	n/a	2738.053453	n/a
2740.534826	0.000000	548107	ttl	4	72	n/a	n/a	n/a	n/a	n/a	n/a	n/a	n/a	n/a	n/a	n/a	n/a	n/a	n/a	n/a	n/a	n/a	n/a	n/a	n/a	n/a	2740.534826	n/a
2740.540706	0.000000	548108	ttl	11	72	n/a	n/a	n/a	n/a	n/a	n/a	n/a	n/a	n/a	n/a	n/a	n/a	n/a	n/a	n/a	n/a	n/a	n/a	n/a	n/a	n/a	2740.540706	n/a
2741.024023	2.033436	548205	time_discrimination	n/a	n/a	n/a	72.0	n/a	n/a	n/a	2740.54070625	n/a	2.8297801909502596	2.0	3	2.0	HB_14_ShortA.png	n/a	3	2745.88723875	n/a	112	1	1	intervals/timediscrimination_table	111	2741.024023	2743.057458
2741.024023	0.000000	548205	ttl	1	72	n/a	n/a	n/a	n/a	n/a	n/a	n/a	n/a	n/a	n/a	n/a	n/a	n/a	n/a	n/a	n/a	n/a	n/a	n/a	n/a	n/a	2741.024023	n/a
2743.057458	0.000000	548611	ttl	2	72	n/a	n/a	n/a	n/a	n/a	n/a	n/a	n/a	n/a	n/a	n/a	n/a	n/a	n/a	n/a	n/a	n/a	n/a	n/a	n/a	n/a	2743.057458	n/a
2745.887239	0.000000	549177	ttl	4	72	n/a	n/a	n/a	n/a	n/a	n/a	n/a	n/a	n/a	n/a	n/a	n/a	n/a	n/a	n/a	n/a	n/a	n/a	n/a	n/a	n/a	2745.887239	n/a
2745.895363	0.000000	549179	ttl	11	72	n/a	n/a	n/a	n/a	n/a	n/a	n/a	n/a	n/a	n/a	n/a	n/a	n/a	n/a	n/a	n/a	n/a	n/a	n/a	n/a	n/a	2745.895363	n/a
2746.428603	2.033687	549286	time_discrimination	n/a	n/a	n/a	72.0	n/a	n/a	n/a	2745.89536275	n/a	2.2693207236006856	1.0	2	3.0	SB_56_ShortA.png	n/a	7	2750.73161075	n/a	113	2	1	intervals/timediscrimination_table	112	2746.428603	2748.462290
2746.428603	0.000000	549286	ttl	1	72	n/a	n/a	n/a	n/a	n/a	n/a	n/a	n/a	n/a	n/a	n/a	n/a	n/a	n/a	n/a	n/a	n/a	n/a	n/a	n/a	n/a	2746.428603	n/a
2748.462290	0.000000	549692	ttl	2	72	n/a	n/a	n/a	n/a	n/a	n/a	n/a	n/a	n/a	n/a	n/a	n/a	n/a	n/a	n/a	n/a	n/a	n/a	n/a	n/a	n/a	2748.462290	n/a
2750.731611	0.000000	550146	ttl	4	72	n/a	n/a	n/a	n/a	n/a	n/a	n/a	n/a	n/a	n/a	n/a	n/a	n/a	n/a	n/a	n/a	n/a	n/a	n/a	n/a	n/a	2750.731611	n/a
2750.747018	0.000000	550149	ttl	11	72	n/a	n/a	n/a	n/a	n/a	n/a	n/a	n/a	n/a	n/a	n/a	n/a	n/a	n/a	n/a	n/a	n/a	n/a	n/a	n/a	n/a	2750.747018	n/a
2751.246897	2.033602	550249	time_discrimination	n/a	n/a	n/a	72.0	n/a	n/a	n/a	2750.7470184999997	n/a	2.777621836052276	2.0	1	3.0	NB_21_ShortA.png	n/a	7	2756.058121	n/a	114	2	2	intervals/timediscrimination_table	113	2751.246897	2753.280499
2751.246897	0.000000	550249	ttl	1	72	n/a	n/a	n/a	n/a	n/a	n/a	n/a	n/a	n/a	n/a	n/a	n/a	n/a	n/a	n/a	n/a	n/a	n/a	n/a	n/a	n/a	2751.246897	n/a
2753.280499	0.000000	550656	ttl	2	72	n/a	n/a	n/a	n/a	n/a	n/a	n/a	n/a	n/a	n/a	n/a	n/a	n/a	n/a	n/a	n/a	n/a	n/a	n/a	n/a	n/a	2753.280499	n/a
2756.058121	0.000000	551212	ttl	4	72	n/a	n/a	n/a	n/a	n/a	n/a	n/a	n/a	n/a	n/a	n/a	n/a	n/a	n/a	n/a	n/a	n/a	n/a	n/a	n/a	n/a	2756.058121	n/a
2756.069761	0.000000	551214	ttl	11	72	n/a	n/a	n/a	n/a	n/a	n/a	n/a	n/a	n/a	n/a	n/a	n/a	n/a	n/a	n/a	n/a	n/a	n/a	n/a	n/a	n/a	2756.069761	n/a
2756.619881	2.033418	551324	time_discrimination	n/a	n/a	n/a	72.0	n/a	n/a	n/a	2756.0697615	n/a	0.8928740571718663	2.0	1	3.0	NB_14_ShortA.png	n/a	7	2759.54617375	n/a	115	2	2	intervals/timediscrimination_table	114	2756.619881	2758.653299
2756.619881	0.000000	551324	ttl	1	72	n/a	n/a	n/a	n/a	n/a	n/a	n/a	n/a	n/a	n/a	n/a	n/a	n/a	n/a	n/a	n/a	n/a	n/a	n/a	n/a	n/a	2756.619881	n/a
2758.653299	0.000000	551731	ttl	2	72	n/a	n/a	n/a	n/a	n/a	n/a	n/a	n/a	n/a	n/a	n/a	n/a	n/a	n/a	n/a	n/a	n/a	n/a	n/a	n/a	n/a	2758.653299	n/a
2759.546174	0.000000	551909	ttl	4	72	n/a	n/a	n/a	n/a	n/a	n/a	n/a	n/a	n/a	n/a	n/a	n/a	n/a	n/a	n/a	n/a	n/a	n/a	n/a	n/a	n/a	2759.546174	n/a
2759.552756	0.000000	551911	ttl	11	72	n/a	n/a	n/a	n/a	n/a	n/a	n/a	n/a	n/a	n/a	n/a	n/a	n/a	n/a	n/a	n/a	n/a	n/a	n/a	n/a	n/a	2759.552756	n/a
2760.036196	2.033320	552007	time_discrimination	n/a	n/a	n/a	72.0	n/a	n/a	n/a	2759.552756	n/a	2.381198543123901	2.0	1	3.0	NB_8_ShortA.png	n/a	7	2764.45071475	n/a	116	2	2	intervals/timediscrimination_table	115	2760.036196	2762.069516
2760.036196	0.000000	552007	ttl	1	72	n/a	n/a	n/a	n/a	n/a	n/a	n/a	n/a	n/a	n/a	n/a	n/a	n/a	n/a	n/a	n/a	n/a	n/a	n/a	n/a	n/a	2760.036196	n/a
2762.069516	0.000000	552414	ttl	2	72	n/a	n/a	n/a	n/a	n/a	n/a	n/a	n/a	n/a	n/a	n/a	n/a	n/a	n/a	n/a	n/a	n/a	n/a	n/a	n/a	n/a	2762.069516	n/a
2764.450715	0.000000	552890	ttl	4	72	n/a	n/a	n/a	n/a	n/a	n/a	n/a	n/a	n/a	n/a	n/a	n/a	n/a	n/a	n/a	n/a	n/a	n/a	n/a	n/a	n/a	2764.450715	n/a
2764.458791	0.000000	552892	ttl	11	72	n/a	n/a	n/a	n/a	n/a	n/a	n/a	n/a	n/a	n/a	n/a	n/a	n/a	n/a	n/a	n/a	n/a	n/a	n/a	n/a	n/a	2764.458791	n/a
2764.958770	2.033491	552992	time_discrimination	n/a	n/a	n/a	72.0	n/a	n/a	n/a	2764.4587914999997	n/a	2.544358247658238	2.0	3	2.0	HB_18_LongA.png	n/a	3	2769.536619	n/a	117	1	1	intervals/timediscrimination_table	116	2764.958770	2766.992261
2764.958770	0.000000	552992	ttl	1	72	n/a	n/a	n/a	n/a	n/a	n/a	n/a	n/a	n/a	n/a	n/a	n/a	n/a	n/a	n/a	n/a	n/a	n/a	n/a	n/a	n/a	2764.958770	n/a
2766.992261	0.000000	553398	ttl	2	72	n/a	n/a	n/a	n/a	n/a	n/a	n/a	n/a	n/a	n/a	n/a	n/a	n/a	n/a	n/a	n/a	n/a	n/a	n/a	n/a	n/a	2766.992261	n/a
2769.536619	0.000000	553907	ttl	4	72	n/a	n/a	n/a	n/a	n/a	n/a	n/a	n/a	n/a	n/a	n/a	n/a	n/a	n/a	n/a	n/a	n/a	n/a	n/a	n/a	n/a	2769.536619	n/a
2769.545759	0.000000	553909	ttl	11	72	n/a	n/a	n/a	n/a	n/a	n/a	n/a	n/a	n/a	n/a	n/a	n/a	n/a	n/a	n/a	n/a	n/a	n/a	n/a	n/a	n/a	2769.545759	n/a
2770.062254	2.033556	554012	time_discrimination	n/a	n/a	n/a	72.0	n/a	n/a	n/a	2769.545759	n/a	1.998647239524871	2.0	3	2.0	HB_17_ShortA.png	n/a	3	2774.0944575	n/a	118	1	1	intervals/timediscrimination_table	117	2770.062254	2772.095810
2770.062254	0.000000	554012	ttl	1	72	n/a	n/a	n/a	n/a	n/a	n/a	n/a	n/a	n/a	n/a	n/a	n/a	n/a	n/a	n/a	n/a	n/a	n/a	n/a	n/a	n/a	2770.062254	n/a
2772.095810	0.000000	554419	ttl	2	72	n/a	n/a	n/a	n/a	n/a	n/a	n/a	n/a	n/a	n/a	n/a	n/a	n/a	n/a	n/a	n/a	n/a	n/a	n/a	n/a	n/a	2772.095810	n/a
2774.094457	0.000000	554819	ttl	4	72	n/a	n/a	n/a	n/a	n/a	n/a	n/a	n/a	n/a	n/a	n/a	n/a	n/a	n/a	n/a	n/a	n/a	n/a	n/a	n/a	n/a	2774.094457	n/a
2774.097762	0.000000	554820	ttl	11	72	n/a	n/a	n/a	n/a	n/a	n/a	n/a	n/a	n/a	n/a	n/a	n/a	n/a	n/a	n/a	n/a	n/a	n/a	n/a	n/a	n/a	2774.097762	n/a
2774.597728	2.033627	554920	time_discrimination	n/a	n/a	n/a	72.0	n/a	n/a	n/a	2774.09776225	n/a	2.5665856058476493	2.0	3	2.0	HB_59_ShortA.png	n/a	3	2779.19794125	n/a	119	1	1	intervals/timediscrimination_table	118	2774.597728	2776.631356
2774.597728	0.000000	554920	ttl	1	72	n/a	n/a	n/a	n/a	n/a	n/a	n/a	n/a	n/a	n/a	n/a	n/a	n/a	n/a	n/a	n/a	n/a	n/a	n/a	n/a	n/a	2774.597728	n/a
2776.631356	0.000000	555326	ttl	2	72	n/a	n/a	n/a	n/a	n/a	n/a	n/a	n/a	n/a	n/a	n/a	n/a	n/a	n/a	n/a	n/a	n/a	n/a	n/a	n/a	n/a	2776.631356	n/a
2779.197941	0.000000	555840	ttl	4	72	n/a	n/a	n/a	n/a	n/a	n/a	n/a	n/a	n/a	n/a	n/a	n/a	n/a	n/a	n/a	n/a	n/a	n/a	n/a	n/a	n/a	2779.197941	n/a
2779.216680	0.000000	555843	ttl	11	72	n/a	n/a	n/a	n/a	n/a	n/a	n/a	n/a	n/a	n/a	n/a	n/a	n/a	n/a	n/a	n/a	n/a	n/a	n/a	n/a	n/a	2779.216680	n/a
2779.799942	2.033623	555960	time_discrimination	n/a	n/a	n/a	72.0	n/a	n/a	n/a	2779.21668025	n/a	1.1249823624966666	2.0	1	3.0	NB_5_ShortA.png	n/a	7	2782.9585469999997	n/a	120	2	2	intervals/timediscrimination_table	119	2779.799942	2781.833565
2779.799942	0.000000	555960	ttl	1	72	n/a	n/a	n/a	n/a	n/a	n/a	n/a	n/a	n/a	n/a	n/a	n/a	n/a	n/a	n/a	n/a	n/a	n/a	n/a	n/a	n/a	2779.799942	n/a
2781.833565	0.000000	556367	ttl	2	72	n/a	n/a	n/a	n/a	n/a	n/a	n/a	n/a	n/a	n/a	n/a	n/a	n/a	n/a	n/a	n/a	n/a	n/a	n/a	n/a	n/a	2781.833565	n/a
2782.958547	0.000000	556592	ttl	4	72	n/a	n/a	n/a	n/a	n/a	n/a	n/a	n/a	n/a	n/a	n/a	n/a	n/a	n/a	n/a	n/a	n/a	n/a	n/a	n/a	n/a	2782.958547	n/a
2782.964729	0.000000	556593	ttl	11	72	n/a	n/a	n/a	n/a	n/a	n/a	n/a	n/a	n/a	n/a	n/a	n/a	n/a	n/a	n/a	n/a	n/a	n/a	n/a	n/a	n/a	2782.964729	n/a
2783.481529	2.033328	556696	time_discrimination	n/a	n/a	n/a	72.0	n/a	n/a	n/a	2782.9647287499997	n/a	1.9789765438763425	1.0	1	3.0	NB_2_LongA.png	n/a	7	2787.49383375	n/a	121	2	1	intervals/timediscrimination_table	120	2783.481529	2785.514857
2783.481529	0.000000	556696	ttl	1	72	n/a	n/a	n/a	n/a	n/a	n/a	n/a	n/a	n/a	n/a	n/a	n/a	n/a	n/a	n/a	n/a	n/a	n/a	n/a	n/a	n/a	2783.481529	n/a
2785.514857	0.000000	557103	ttl	2	72	n/a	n/a	n/a	n/a	n/a	n/a	n/a	n/a	n/a	n/a	n/a	n/a	n/a	n/a	n/a	n/a	n/a	n/a	n/a	n/a	n/a	2785.514857	n/a
2787.493834	0.000000	557499	ttl	4	72	n/a	n/a	n/a	n/a	n/a	n/a	n/a	n/a	n/a	n/a	n/a	n/a	n/a	n/a	n/a	n/a	n/a	n/a	n/a	n/a	n/a	2787.493834	n/a
2787.511512	0.000000	557502	ttl	11	72	n/a	n/a	n/a	n/a	n/a	n/a	n/a	n/a	n/a	n/a	n/a	n/a	n/a	n/a	n/a	n/a	n/a	n/a	n/a	n/a	n/a	2787.511512	n/a
2788.078030	2.033578	557616	time_discrimination	n/a	n/a	n/a	72.0	n/a	n/a	n/a	2787.5115124999998	n/a	1.3507231350522488	1.0	3	2.0	HB_40_ShortA.png	n/a	6	2791.46233125	n/a	122	2	1	intervals/timediscrimination_table	121	2788.078030	2790.111608
2788.078030	0.000000	557616	ttl	1	72	n/a	n/a	n/a	n/a	n/a	n/a	n/a	n/a	n/a	n/a	n/a	n/a	n/a	n/a	n/a	n/a	n/a	n/a	n/a	n/a	n/a	2788.078030	n/a
2790.111608	0.000000	558022	ttl	2	72	n/a	n/a	n/a	n/a	n/a	n/a	n/a	n/a	n/a	n/a	n/a	n/a	n/a	n/a	n/a	n/a	n/a	n/a	n/a	n/a	n/a	2790.111608	n/a
2791.462331	0.000000	558292	ttl	4	72	n/a	n/a	n/a	n/a	n/a	n/a	n/a	n/a	n/a	n/a	n/a	n/a	n/a	n/a	n/a	n/a	n/a	n/a	n/a	n/a	n/a	2791.462331	n/a
2791.475553	0.000000	558295	ttl	11	72	n/a	n/a	n/a	n/a	n/a	n/a	n/a	n/a	n/a	n/a	n/a	n/a	n/a	n/a	n/a	n/a	n/a	n/a	n/a	n/a	n/a	2791.475553	n/a
2791.992155	2.033486	558398	time_discrimination	n/a	n/a	n/a	72.0	n/a	n/a	n/a	2791.4755525	n/a	2.9514814836438745	2.0	3	2.0	HB_7_ShortA.png	n/a	3	2796.97712225	n/a	123	1	1	intervals/timediscrimination_table	122	2791.992155	2794.025641
2791.992155	0.000000	558398	ttl	1	72	n/a	n/a	n/a	n/a	n/a	n/a	n/a	n/a	n/a	n/a	n/a	n/a	n/a	n/a	n/a	n/a	n/a	n/a	n/a	n/a	n/a	2791.992155	n/a
2794.025641	0.000000	558805	ttl	2	72	n/a	n/a	n/a	n/a	n/a	n/a	n/a	n/a	n/a	n/a	n/a	n/a	n/a	n/a	n/a	n/a	n/a	n/a	n/a	n/a	n/a	2794.025641	n/a
2796.977122	0.000000	559395	ttl	4	72	n/a	n/a	n/a	n/a	n/a	n/a	n/a	n/a	n/a	n/a	n/a	n/a	n/a	n/a	n/a	n/a	n/a	n/a	n/a	n/a	n/a	2796.977122	n/a
2796.986956	0.000000	559397	ttl	11	72	n/a	n/a	n/a	n/a	n/a	n/a	n/a	n/a	n/a	n/a	n/a	n/a	n/a	n/a	n/a	n/a	n/a	n/a	n/a	n/a	n/a	2796.986956	n/a
2797.536866	2.033523	559507	time_discrimination	n/a	n/a	n/a	72.0	n/a	n/a	n/a	2796.98695625	n/a	2.299664656049572	1.0	3	2.0	HB_38_LongA.png	n/a	3	2801.8700544999997	n/a	124	1	2	intervals/timediscrimination_table	123	2797.536866	2799.570390
2797.536866	0.000000	559507	ttl	1	72	n/a	n/a	n/a	n/a	n/a	n/a	n/a	n/a	n/a	n/a	n/a	n/a	n/a	n/a	n/a	n/a	n/a	n/a	n/a	n/a	n/a	2797.536866	n/a
2799.570390	0.000000	559914	ttl	2	72	n/a	n/a	n/a	n/a	n/a	n/a	n/a	n/a	n/a	n/a	n/a	n/a	n/a	n/a	n/a	n/a	n/a	n/a	n/a	n/a	n/a	2799.570390	n/a
2801.870054	0.000000	560374	ttl	4	72	n/a	n/a	n/a	n/a	n/a	n/a	n/a	n/a	n/a	n/a	n/a	n/a	n/a	n/a	n/a	n/a	n/a	n/a	n/a	n/a	n/a	2801.870054	n/a
2801.881770	0.000000	560376	ttl	11	72	n/a	n/a	n/a	n/a	n/a	n/a	n/a	n/a	n/a	n/a	n/a	n/a	n/a	n/a	n/a	n/a	n/a	n/a	n/a	n/a	n/a	2801.881770	n/a
2802.414963	2.033620	560483	time_discrimination	n/a	n/a	n/a	72.0	n/a	n/a	n/a	2801.8817704999997	n/a	1.924045444582589	1.0	2	3.0	SB_19_ShortA.png	n/a	7	2806.37262875	n/a	125	2	1	intervals/timediscrimination_table	124	2802.414963	2804.448583
2802.414963	0.000000	560483	ttl	1	72	n/a	n/a	n/a	n/a	n/a	n/a	n/a	n/a	n/a	n/a	n/a	n/a	n/a	n/a	n/a	n/a	n/a	n/a	n/a	n/a	n/a	2802.414963	n/a
2804.448583	0.000000	560890	ttl	2	72	n/a	n/a	n/a	n/a	n/a	n/a	n/a	n/a	n/a	n/a	n/a	n/a	n/a	n/a	n/a	n/a	n/a	n/a	n/a	n/a	n/a	2804.448583	n/a
2806.372629	0.000000	561275	ttl	4	72	n/a	n/a	n/a	n/a	n/a	n/a	n/a	n/a	n/a	n/a	n/a	n/a	n/a	n/a	n/a	n/a	n/a	n/a	n/a	n/a	n/a	2806.372629	n/a
2806.382907	0.000000	561277	ttl	11	72	n/a	n/a	n/a	n/a	n/a	n/a	n/a	n/a	n/a	n/a	n/a	n/a	n/a	n/a	n/a	n/a	n/a	n/a	n/a	n/a	n/a	2806.382907	n/a
2806.916172	2.033678	561383	time_discrimination	n/a	n/a	n/a	72.0	n/a	n/a	n/a	2806.38290675	n/a	2.1409448564518243	1.0	1	3.0	NB_7_ShortA.png	n/a	7	2811.0907945	n/a	126	2	1	intervals/timediscrimination_table	125	2806.916172	2808.949849
2806.916172	0.000000	561383	ttl	1	72	n/a	n/a	n/a	n/a	n/a	n/a	n/a	n/a	n/a	n/a	n/a	n/a	n/a	n/a	n/a	n/a	n/a	n/a	n/a	n/a	n/a	2806.916172	n/a
2808.949849	0.000000	561790	ttl	2	72	n/a	n/a	n/a	n/a	n/a	n/a	n/a	n/a	n/a	n/a	n/a	n/a	n/a	n/a	n/a	n/a	n/a	n/a	n/a	n/a	n/a	2808.949849	n/a
2811.090794	0.000000	562218	ttl	4	72	n/a	n/a	n/a	n/a	n/a	n/a	n/a	n/a	n/a	n/a	n/a	n/a	n/a	n/a	n/a	n/a	n/a	n/a	n/a	n/a	n/a	2811.090794	n/a
2811.099292	0.000000	562220	ttl	11	72	n/a	n/a	n/a	n/a	n/a	n/a	n/a	n/a	n/a	n/a	n/a	n/a	n/a	n/a	n/a	n/a	n/a	n/a	n/a	n/a	n/a	2811.099292	n/a
2811.682655	2.033501	562337	time_discrimination	n/a	n/a	n/a	72.0	n/a	n/a	n/a	2811.09929175	n/a	2.464120390592143	1.0	3	2.0	HB_9_LongA.png	n/a	3	2816.1802764999998	n/a	127	1	2	intervals/timediscrimination_table	126	2811.682655	2813.716156
2811.682655	0.000000	562337	ttl	1	72	n/a	n/a	n/a	n/a	n/a	n/a	n/a	n/a	n/a	n/a	n/a	n/a	n/a	n/a	n/a	n/a	n/a	n/a	n/a	n/a	n/a	2811.682655	n/a
2813.716156	0.000000	562743	ttl	2	72	n/a	n/a	n/a	n/a	n/a	n/a	n/a	n/a	n/a	n/a	n/a	n/a	n/a	n/a	n/a	n/a	n/a	n/a	n/a	n/a	n/a	2813.716156	n/a
2816.180276	0.000000	563236	ttl	4	72	n/a	n/a	n/a	n/a	n/a	n/a	n/a	n/a	n/a	n/a	n/a	n/a	n/a	n/a	n/a	n/a	n/a	n/a	n/a	n/a	n/a	2816.180276	n/a
2816.188775	0.000000	563238	ttl	11	72	n/a	n/a	n/a	n/a	n/a	n/a	n/a	n/a	n/a	n/a	n/a	n/a	n/a	n/a	n/a	n/a	n/a	n/a	n/a	n/a	n/a	2816.188775	n/a
2816.672048	2.033528	563334	time_discrimination	n/a	n/a	n/a	72.0	n/a	n/a	n/a	2816.188775	n/a	3.5393593517364934	2.0	3	2.0	HB_35_ShortA.png	n/a	3	2822.24493525	n/a	128	1	1	intervals/timediscrimination_table	127	2816.672048	2818.705576
2816.672048	0.000000	563334	ttl	1	72	n/a	n/a	n/a	n/a	n/a	n/a	n/a	n/a	n/a	n/a	n/a	n/a	n/a	n/a	n/a	n/a	n/a	n/a	n/a	n/a	n/a	2816.672048	n/a
2818.705576	0.000000	563741	ttl	2	72	n/a	n/a	n/a	n/a	n/a	n/a	n/a	n/a	n/a	n/a	n/a	n/a	n/a	n/a	n/a	n/a	n/a	n/a	n/a	n/a	n/a	2818.705576	n/a
2822.244935	0.000000	564449	ttl	4	72	n/a	n/a	n/a	n/a	n/a	n/a	n/a	n/a	n/a	n/a	n/a	n/a	n/a	n/a	n/a	n/a	n/a	n/a	n/a	n/a	n/a	2822.244935	n/a
2822.247675	0.000000	564450	ttl	11	72	n/a	n/a	n/a	n/a	n/a	n/a	n/a	n/a	n/a	n/a	n/a	n/a	n/a	n/a	n/a	n/a	n/a	n/a	n/a	n/a	n/a	2822.247675	n/a
2822.730871	2.033458	564546	time_discrimination	n/a	n/a	n/a	72.0	n/a	n/a	n/a	2822.247675	n/a	3.1348073652479798	1.0	1	3.0	NB_2_ShortA.png	n/a	7	2827.899136	n/a	129	2	1	intervals/timediscrimination_table	128	2822.730871	2824.764329
2822.730871	0.000000	564546	ttl	1	72	n/a	n/a	n/a	n/a	n/a	n/a	n/a	n/a	n/a	n/a	n/a	n/a	n/a	n/a	n/a	n/a	n/a	n/a	n/a	n/a	n/a	2822.730871	n/a
2824.764329	0.000000	564953	ttl	2	72	n/a	n/a	n/a	n/a	n/a	n/a	n/a	n/a	n/a	n/a	n/a	n/a	n/a	n/a	n/a	n/a	n/a	n/a	n/a	n/a	n/a	2824.764329	n/a
2827.899136	0.000000	565580	ttl	4	72	n/a	n/a	n/a	n/a	n/a	n/a	n/a	n/a	n/a	n/a	n/a	n/a	n/a	n/a	n/a	n/a	n/a	n/a	n/a	n/a	n/a	2827.899136	n/a
2827.901572	0.000000	565580	ttl	11	72	n/a	n/a	n/a	n/a	n/a	n/a	n/a	n/a	n/a	n/a	n/a	n/a	n/a	n/a	n/a	n/a	n/a	n/a	n/a	n/a	n/a	2827.901572	n/a
2828.418310	2.033502	565684	time_discrimination	n/a	n/a	n/a	72.0	n/a	n/a	n/a	2827.9015725	n/a	1.9059987415093929	2.0	2	3.0	SB_30_ShortA.png	n/a	2	2832.357811	n/a	130	1	1	intervals/timediscrimination_table	129	2828.418310	2830.451812
2828.418310	0.000000	565684	ttl	1	72	n/a	n/a	n/a	n/a	n/a	n/a	n/a	n/a	n/a	n/a	n/a	n/a	n/a	n/a	n/a	n/a	n/a	n/a	n/a	n/a	n/a	2828.418310	n/a
2830.451812	0.000000	566090	ttl	2	72	n/a	n/a	n/a	n/a	n/a	n/a	n/a	n/a	n/a	n/a	n/a	n/a	n/a	n/a	n/a	n/a	n/a	n/a	n/a	n/a	n/a	2830.451812	n/a
2832.357811	0.000000	566472	ttl	4	72	n/a	n/a	n/a	n/a	n/a	n/a	n/a	n/a	n/a	n/a	n/a	n/a	n/a	n/a	n/a	n/a	n/a	n/a	n/a	n/a	n/a	2832.357811	n/a
2832.366762	0.000000	566473	ttl	11	72	n/a	n/a	n/a	n/a	n/a	n/a	n/a	n/a	n/a	n/a	n/a	n/a	n/a	n/a	n/a	n/a	n/a	n/a	n/a	n/a	n/a	2832.366762	n/a
2832.866733	2.033693	566573	time_discrimination	n/a	n/a	n/a	72.0	n/a	n/a	n/a	2832.3667625	n/a	1.366660058614798	2.0	1	3.0	NB_28_LongA.png	n/a	2	2836.2670854999997	n/a	131	1	1	intervals/timediscrimination_table	130	2832.866733	2834.900425
2832.866733	0.000000	566573	ttl	1	72	n/a	n/a	n/a	n/a	n/a	n/a	n/a	n/a	n/a	n/a	n/a	n/a	n/a	n/a	n/a	n/a	n/a	n/a	n/a	n/a	n/a	2832.866733	n/a
2834.900425	0.000000	566980	ttl	2	72	n/a	n/a	n/a	n/a	n/a	n/a	n/a	n/a	n/a	n/a	n/a	n/a	n/a	n/a	n/a	n/a	n/a	n/a	n/a	n/a	n/a	2834.900425	n/a
2836.267085	0.000000	567253	ttl	4	72	n/a	n/a	n/a	n/a	n/a	n/a	n/a	n/a	n/a	n/a	n/a	n/a	n/a	n/a	n/a	n/a	n/a	n/a	n/a	n/a	n/a	2836.267085	n/a
2836.285445	0.000000	567257	ttl	11	72	n/a	n/a	n/a	n/a	n/a	n/a	n/a	n/a	n/a	n/a	n/a	n/a	n/a	n/a	n/a	n/a	n/a	n/a	n/a	n/a	n/a	2836.285445	n/a
2836.868661	2.033622	567374	time_discrimination	n/a	n/a	n/a	72.0	n/a	n/a	n/a	2836.2854454999997	n/a	2.012202461832203	1.0	1	3.0	NB_10_ShortA.png	n/a	7	2840.91448525	n/a	132	2	1	intervals/timediscrimination_table	131	2836.868661	2838.902283
2836.868661	0.000000	567374	ttl	1	72	n/a	n/a	n/a	n/a	n/a	n/a	n/a	n/a	n/a	n/a	n/a	n/a	n/a	n/a	n/a	n/a	n/a	n/a	n/a	n/a	n/a	2836.868661	n/a
2838.902283	0.000000	567780	ttl	2	72	n/a	n/a	n/a	n/a	n/a	n/a	n/a	n/a	n/a	n/a	n/a	n/a	n/a	n/a	n/a	n/a	n/a	n/a	n/a	n/a	n/a	2838.902283	n/a
2840.914485	0.000000	568183	ttl	4	72	n/a	n/a	n/a	n/a	n/a	n/a	n/a	n/a	n/a	n/a	n/a	n/a	n/a	n/a	n/a	n/a	n/a	n/a	n/a	n/a	n/a	2840.914485	n/a
2840.928104	0.000000	568186	ttl	11	72	n/a	n/a	n/a	n/a	n/a	n/a	n/a	n/a	n/a	n/a	n/a	n/a	n/a	n/a	n/a	n/a	n/a	n/a	n/a	n/a	n/a	2840.928104	n/a
2841.461363	2.033529	568292	time_discrimination	n/a	n/a	n/a	72.0	n/a	n/a	n/a	2840.9281045	n/a	2.0325862952740863	1.0	2	3.0	SB_16_shortA.png	n/a	7	2845.5274775	n/a	133	2	1	intervals/timediscrimination_table	132	2841.461363	2843.494891
2841.461363	0.000000	568292	ttl	1	72	n/a	n/a	n/a	n/a	n/a	n/a	n/a	n/a	n/a	n/a	n/a	n/a	n/a	n/a	n/a	n/a	n/a	n/a	n/a	n/a	n/a	2841.461363	n/a
2843.494891	0.000000	568699	ttl	2	72	n/a	n/a	n/a	n/a	n/a	n/a	n/a	n/a	n/a	n/a	n/a	n/a	n/a	n/a	n/a	n/a	n/a	n/a	n/a	n/a	n/a	2843.494891	n/a
2845.527477	0.000000	569105	ttl	4	72	n/a	n/a	n/a	n/a	n/a	n/a	n/a	n/a	n/a	n/a	n/a	n/a	n/a	n/a	n/a	n/a	n/a	n/a	n/a	n/a	n/a	2845.527477	n/a
2845.534494	0.000000	569107	ttl	11	72	n/a	n/a	n/a	n/a	n/a	n/a	n/a	n/a	n/a	n/a	n/a	n/a	n/a	n/a	n/a	n/a	n/a	n/a	n/a	n/a	n/a	2845.534494	n/a
2846.034409	2.033529	569207	time_discrimination	n/a	n/a	n/a	72.0	n/a	n/a	n/a	2845.5344944999997	n/a	1.9871496945852414	1.0	2	3.0	SB_38_LongA.png	n/a	2	2850.05508775	n/a	134	1	2	intervals/timediscrimination_table	133	2846.034409	2848.067938
2846.034409	0.000000	569207	ttl	1	72	n/a	n/a	n/a	n/a	n/a	n/a	n/a	n/a	n/a	n/a	n/a	n/a	n/a	n/a	n/a	n/a	n/a	n/a	n/a	n/a	n/a	2846.034409	n/a
2848.067938	0.000000	569614	ttl	2	72	n/a	n/a	n/a	n/a	n/a	n/a	n/a	n/a	n/a	n/a	n/a	n/a	n/a	n/a	n/a	n/a	n/a	n/a	n/a	n/a	n/a	2848.067938	n/a
2850.055088	0.000000	570011	ttl	4	72	n/a	n/a	n/a	n/a	n/a	n/a	n/a	n/a	n/a	n/a	n/a	n/a	n/a	n/a	n/a	n/a	n/a	n/a	n/a	n/a	n/a	2850.055088	n/a
2850.070520	0.000000	570014	ttl	11	72	n/a	n/a	n/a	n/a	n/a	n/a	n/a	n/a	n/a	n/a	n/a	n/a	n/a	n/a	n/a	n/a	n/a	n/a	n/a	n/a	n/a	2850.070520	n/a
2850.570250	2.033624	570114	time_discrimination	n/a	n/a	n/a	72.0	n/a	n/a	n/a	2850.0705205	n/a	2.0520529134664685	1.0	2	3.0	SB_27_LongA.png	n/a	2	2854.65592625	n/a	135	1	2	intervals/timediscrimination_table	134	2850.570250	2852.603873
2850.570250	0.000000	570114	ttl	1	72	n/a	n/a	n/a	n/a	n/a	n/a	n/a	n/a	n/a	n/a	n/a	n/a	n/a	n/a	n/a	n/a	n/a	n/a	n/a	n/a	n/a	2850.570250	n/a
2852.603873	0.000000	570521	ttl	2	72	n/a	n/a	n/a	n/a	n/a	n/a	n/a	n/a	n/a	n/a	n/a	n/a	n/a	n/a	n/a	n/a	n/a	n/a	n/a	n/a	n/a	2852.603873	n/a
2854.655926	0.000000	570931	ttl	4	72	n/a	n/a	n/a	n/a	n/a	n/a	n/a	n/a	n/a	n/a	n/a	n/a	n/a	n/a	n/a	n/a	n/a	n/a	n/a	n/a	n/a	2854.655926	n/a
2854.660474	0.000000	570932	ttl	11	72	n/a	n/a	n/a	n/a	n/a	n/a	n/a	n/a	n/a	n/a	n/a	n/a	n/a	n/a	n/a	n/a	n/a	n/a	n/a	n/a	n/a	2854.660474	n/a
2855.210447	2.033612	571042	time_discrimination	n/a	n/a	n/a	72.0	n/a	n/a	n/a	2854.6604737499997	n/a	2.7385801133932546	1.0	3	2.0	HB_45_LongA.png	n/a	3	2859.9826395	n/a	136	1	2	intervals/timediscrimination_table	135	2855.210447	2857.244059
2855.210447	0.000000	571042	ttl	1	72	n/a	n/a	n/a	n/a	n/a	n/a	n/a	n/a	n/a	n/a	n/a	n/a	n/a	n/a	n/a	n/a	n/a	n/a	n/a	n/a	n/a	2855.210447	n/a
2857.244059	0.000000	571449	ttl	2	72	n/a	n/a	n/a	n/a	n/a	n/a	n/a	n/a	n/a	n/a	n/a	n/a	n/a	n/a	n/a	n/a	n/a	n/a	n/a	n/a	n/a	2857.244059	n/a
2859.982640	0.000000	571997	ttl	4	72	n/a	n/a	n/a	n/a	n/a	n/a	n/a	n/a	n/a	n/a	n/a	n/a	n/a	n/a	n/a	n/a	n/a	n/a	n/a	n/a	n/a	2859.982640	n/a
2859.986969	0.000000	571997	ttl	11	72	n/a	n/a	n/a	n/a	n/a	n/a	n/a	n/a	n/a	n/a	n/a	n/a	n/a	n/a	n/a	n/a	n/a	n/a	n/a	n/a	n/a	2859.986969	n/a
2860.520204	2.033437	572104	time_discrimination	n/a	n/a	n/a	72.0	n/a	n/a	n/a	2859.986969	n/a	3.029476338881068	1.0	3	2.0	HB_53_LongA.png	n/a	3	2865.5831175	n/a	137	1	2	intervals/timediscrimination_table	136	2860.520204	2862.553641
2860.520204	0.000000	572104	ttl	1	72	n/a	n/a	n/a	n/a	n/a	n/a	n/a	n/a	n/a	n/a	n/a	n/a	n/a	n/a	n/a	n/a	n/a	n/a	n/a	n/a	n/a	2860.520204	n/a
2862.553641	0.000000	572511	ttl	2	72	n/a	n/a	n/a	n/a	n/a	n/a	n/a	n/a	n/a	n/a	n/a	n/a	n/a	n/a	n/a	n/a	n/a	n/a	n/a	n/a	n/a	2862.553641	n/a
2865.583117	0.000000	573117	ttl	4	72	n/a	n/a	n/a	n/a	n/a	n/a	n/a	n/a	n/a	n/a	n/a	n/a	n/a	n/a	n/a	n/a	n/a	n/a	n/a	n/a	n/a	2865.583117	n/a
2865.594988	0.000000	573119	ttl	11	72	n/a	n/a	n/a	n/a	n/a	n/a	n/a	n/a	n/a	n/a	n/a	n/a	n/a	n/a	n/a	n/a	n/a	n/a	n/a	n/a	n/a	2865.594988	n/a
2866.178268	2.033545	573236	time_discrimination	n/a	n/a	n/a	72.0	n/a	n/a	n/a	2865.594988	n/a	2.2950350277824327	1.0	2	3.0	SB_10_LongA.png	n/a	7	2870.5068484999997	n/a	138	2	1	intervals/timediscrimination_table	137	2866.178268	2868.211814
2866.178268	0.000000	573236	ttl	1	72	n/a	n/a	n/a	n/a	n/a	n/a	n/a	n/a	n/a	n/a	n/a	n/a	n/a	n/a	n/a	n/a	n/a	n/a	n/a	n/a	n/a	2866.178268	n/a
2868.211814	0.000000	573642	ttl	2	72	n/a	n/a	n/a	n/a	n/a	n/a	n/a	n/a	n/a	n/a	n/a	n/a	n/a	n/a	n/a	n/a	n/a	n/a	n/a	n/a	n/a	2868.211814	n/a
2870.506848	0.000000	574101	ttl	4	72	n/a	n/a	n/a	n/a	n/a	n/a	n/a	n/a	n/a	n/a	n/a	n/a	n/a	n/a	n/a	n/a	n/a	n/a	n/a	n/a	n/a	2870.506848	n/a
2870.510043	0.000000	574102	ttl	11	72	n/a	n/a	n/a	n/a	n/a	n/a	n/a	n/a	n/a	n/a	n/a	n/a	n/a	n/a	n/a	n/a	n/a	n/a	n/a	n/a	n/a	2870.510043	n/a
2871.060108	2.033579	574212	time_discrimination	n/a	n/a	n/a	72.0	n/a	n/a	n/a	2870.5100435	n/a	3.0574553104816005	1.0	1	3.0	NB_23_ShortA.png	n/a	2	2876.15114225	n/a	139	1	2	intervals/timediscrimination_table	138	2871.060108	2873.093687
2871.060108	0.000000	574212	ttl	1	72	n/a	n/a	n/a	n/a	n/a	n/a	n/a	n/a	n/a	n/a	n/a	n/a	n/a	n/a	n/a	n/a	n/a	n/a	n/a	n/a	n/a	2871.060108	n/a
2873.093687	0.000000	574619	ttl	2	72	n/a	n/a	n/a	n/a	n/a	n/a	n/a	n/a	n/a	n/a	n/a	n/a	n/a	n/a	n/a	n/a	n/a	n/a	n/a	n/a	n/a	2873.093687	n/a
2876.151142	0.000000	575230	ttl	4	72	n/a	n/a	n/a	n/a	n/a	n/a	n/a	n/a	n/a	n/a	n/a	n/a	n/a	n/a	n/a	n/a	n/a	n/a	n/a	n/a	n/a	2876.151142	n/a
2876.154276	0.000000	575231	ttl	11	72	n/a	n/a	n/a	n/a	n/a	n/a	n/a	n/a	n/a	n/a	n/a	n/a	n/a	n/a	n/a	n/a	n/a	n/a	n/a	n/a	n/a	2876.154276	n/a
2876.704309	2.033500	575341	time_discrimination	n/a	n/a	n/a	72.0	n/a	n/a	n/a	2876.1542757499997	n/a	2.947682095109485	2.0	3	2.0	HB_52_ShortA.png	n/a	6	2881.68549125	n/a	140	2	2	intervals/timediscrimination_table	139	2876.704309	2878.737809
2876.704309	0.000000	575341	ttl	1	72	n/a	n/a	n/a	n/a	n/a	n/a	n/a	n/a	n/a	n/a	n/a	n/a	n/a	n/a	n/a	n/a	n/a	n/a	n/a	n/a	n/a	2876.704309	n/a
2878.737809	0.000000	575748	ttl	2	72	n/a	n/a	n/a	n/a	n/a	n/a	n/a	n/a	n/a	n/a	n/a	n/a	n/a	n/a	n/a	n/a	n/a	n/a	n/a	n/a	n/a	2878.737809	n/a
2881.685491	0.000000	576337	ttl	4	72	n/a	n/a	n/a	n/a	n/a	n/a	n/a	n/a	n/a	n/a	n/a	n/a	n/a	n/a	n/a	n/a	n/a	n/a	n/a	n/a	n/a	2881.685491	n/a
2881.695205	0.000000	576339	ttl	11	72	n/a	n/a	n/a	n/a	n/a	n/a	n/a	n/a	n/a	n/a	n/a	n/a	n/a	n/a	n/a	n/a	n/a	n/a	n/a	n/a	n/a	2881.695205	n/a
2882.228540	2.033732	576446	time_discrimination	n/a	n/a	n/a	72.0	n/a	n/a	n/a	2881.69520475	n/a	1.983734933543019	2.0	2	3.0	SB_51_LongA.png	n/a	7	2886.2460069999997	n/a	141	2	2	intervals/timediscrimination_table	140	2882.228540	2884.262272
2882.228540	0.000000	576446	ttl	1	72	n/a	n/a	n/a	n/a	n/a	n/a	n/a	n/a	n/a	n/a	n/a	n/a	n/a	n/a	n/a	n/a	n/a	n/a	n/a	n/a	n/a	2882.228540	n/a
2884.262272	0.000000	576852	ttl	2	72	n/a	n/a	n/a	n/a	n/a	n/a	n/a	n/a	n/a	n/a	n/a	n/a	n/a	n/a	n/a	n/a	n/a	n/a	n/a	n/a	n/a	2884.262272	n/a
2886.246007	0.000000	577249	ttl	4	72	n/a	n/a	n/a	n/a	n/a	n/a	n/a	n/a	n/a	n/a	n/a	n/a	n/a	n/a	n/a	n/a	n/a	n/a	n/a	n/a	n/a	2886.246007	n/a
2886.262286	0.000000	577252	ttl	11	72	n/a	n/a	n/a	n/a	n/a	n/a	n/a	n/a	n/a	n/a	n/a	n/a	n/a	n/a	n/a	n/a	n/a	n/a	n/a	n/a	n/a	2886.262286	n/a
2886.762320	2.033320	577352	time_discrimination	n/a	n/a	n/a	72.0	n/a	n/a	n/a	2886.2622865	n/a	1.3011190784163773	2.0	1	3.0	NB_13_LongA.png	n/a	7	2890.0967594999997	n/a	142	2	2	intervals/timediscrimination_table	141	2886.762320	2888.795640
2886.762320	0.000000	577352	ttl	1	72	n/a	n/a	n/a	n/a	n/a	n/a	n/a	n/a	n/a	n/a	n/a	n/a	n/a	n/a	n/a	n/a	n/a	n/a	n/a	n/a	n/a	2886.762320	n/a
2888.795640	0.000000	577759	ttl	2	72	n/a	n/a	n/a	n/a	n/a	n/a	n/a	n/a	n/a	n/a	n/a	n/a	n/a	n/a	n/a	n/a	n/a	n/a	n/a	n/a	n/a	2888.795640	n/a
2890.096759	0.000000	578019	ttl	4	72	n/a	n/a	n/a	n/a	n/a	n/a	n/a	n/a	n/a	n/a	n/a	n/a	n/a	n/a	n/a	n/a	n/a	n/a	n/a	n/a	n/a	2890.096759	n/a
2890.113633	0.000000	578023	ttl	11	72	n/a	n/a	n/a	n/a	n/a	n/a	n/a	n/a	n/a	n/a	n/a	n/a	n/a	n/a	n/a	n/a	n/a	n/a	n/a	n/a	n/a	2890.113633	n/a
2890.696980	2.033605	578139	time_discrimination	n/a	n/a	n/a	72.0	n/a	n/a	n/a	2890.11363275	n/a	2.2642552285688	2.0	3	2.0	HB_12_LongA.png	n/a	3	2894.9948405	n/a	143	1	1	intervals/timediscrimination_table	142	2890.696980	2892.730585
2890.696980	0.000000	578139	ttl	1	72	n/a	n/a	n/a	n/a	n/a	n/a	n/a	n/a	n/a	n/a	n/a	n/a	n/a	n/a	n/a	n/a	n/a	n/a	n/a	n/a	n/a	2890.696980	n/a
2892.730585	0.000000	578546	ttl	2	72	n/a	n/a	n/a	n/a	n/a	n/a	n/a	n/a	n/a	n/a	n/a	n/a	n/a	n/a	n/a	n/a	n/a	n/a	n/a	n/a	n/a	2892.730585	n/a
2894.994841	0.000000	578999	ttl	4	72	n/a	n/a	n/a	n/a	n/a	n/a	n/a	n/a	n/a	n/a	n/a	n/a	n/a	n/a	n/a	n/a	n/a	n/a	n/a	n/a	n/a	2894.994841	n/a
2895.000007	0.000000	579000	ttl	11	72	n/a	n/a	n/a	n/a	n/a	n/a	n/a	n/a	n/a	n/a	n/a	n/a	n/a	n/a	n/a	n/a	n/a	n/a	n/a	n/a	n/a	2895.000007	n/a
2895.533269	2.033598	579107	time_discrimination	n/a	n/a	n/a	72.0	n/a	n/a	n/a	2895.000007	n/a	2.413754412671551	2.0	3	2.0	HB_16_LongA.png	n/a	3	2899.98062125	n/a	144	1	1	intervals/timediscrimination_table	143	2895.533269	2897.566867
2895.533269	0.000000	579107	ttl	1	72	n/a	n/a	n/a	n/a	n/a	n/a	n/a	n/a	n/a	n/a	n/a	n/a	n/a	n/a	n/a	n/a	n/a	n/a	n/a	n/a	n/a	2895.533269	n/a
2897.566867	0.000000	579513	ttl	2	72	n/a	n/a	n/a	n/a	n/a	n/a	n/a	n/a	n/a	n/a	n/a	n/a	n/a	n/a	n/a	n/a	n/a	n/a	n/a	n/a	n/a	2897.566867	n/a
2899.980621	0.000000	579996	ttl	4	72	n/a	n/a	n/a	n/a	n/a	n/a	n/a	n/a	n/a	n/a	n/a	n/a	n/a	n/a	n/a	n/a	n/a	n/a	n/a	n/a	n/a	2899.980621	n/a
2899.982834	0.000000	579997	ttl	11	72	n/a	n/a	n/a	n/a	n/a	n/a	n/a	n/a	n/a	n/a	n/a	n/a	n/a	n/a	n/a	n/a	n/a	n/a	n/a	n/a	n/a	2899.982834	n/a
2900.532826	2.033475	580107	time_discrimination	n/a	n/a	n/a	72.0	n/a	n/a	n/a	2899.98283425	n/a	2.4669675561599433	2.0	3	2.0	HB_23_LongA.png	n/a	3	2905.0332685	n/a	145	1	1	intervals/timediscrimination_table	144	2900.532826	2902.566301
2900.532826	0.000000	580107	ttl	1	72	n/a	n/a	n/a	n/a	n/a	n/a	n/a	n/a	n/a	n/a	n/a	n/a	n/a	n/a	n/a	n/a	n/a	n/a	n/a	n/a	n/a	2900.532826	n/a
2902.566301	0.000000	580513	ttl	2	72	n/a	n/a	n/a	n/a	n/a	n/a	n/a	n/a	n/a	n/a	n/a	n/a	n/a	n/a	n/a	n/a	n/a	n/a	n/a	n/a	n/a	2902.566301	n/a
2905.033268	0.000000	581007	ttl	4	72	n/a	n/a	n/a	n/a	n/a	n/a	n/a	n/a	n/a	n/a	n/a	n/a	n/a	n/a	n/a	n/a	n/a	n/a	n/a	n/a	n/a	2905.033268	n/a
2905.045227	0.000000	581009	ttl	11	72	n/a	n/a	n/a	n/a	n/a	n/a	n/a	n/a	n/a	n/a	n/a	n/a	n/a	n/a	n/a	n/a	n/a	n/a	n/a	n/a	n/a	2905.045227	n/a
2905.561780	2.100297	581112	time_discrimination	n/a	n/a	n/a	72.0	n/a	n/a	n/a	2905.04522675	n/a	2.588157983031124	1.0	2	3.0	SB_6_LongA.png	n/a	7	2910.250235	n/a	146	2	1	intervals/timediscrimination_table	145	2905.561780	2907.662077
2905.561780	0.000000	581112	ttl	1	72	n/a	n/a	n/a	n/a	n/a	n/a	n/a	n/a	n/a	n/a	n/a	n/a	n/a	n/a	n/a	n/a	n/a	n/a	n/a	n/a	n/a	2905.561780	n/a
2907.662077	0.000000	581532	ttl	2	72	n/a	n/a	n/a	n/a	n/a	n/a	n/a	n/a	n/a	n/a	n/a	n/a	n/a	n/a	n/a	n/a	n/a	n/a	n/a	n/a	n/a	2907.662077	n/a
2910.250235	0.000000	582050	ttl	4	72	n/a	n/a	n/a	n/a	n/a	n/a	n/a	n/a	n/a	n/a	n/a	n/a	n/a	n/a	n/a	n/a	n/a	n/a	n/a	n/a	n/a	2910.250235	n/a
2910.257570	0.000000	582052	ttl	11	72	n/a	n/a	n/a	n/a	n/a	n/a	n/a	n/a	n/a	n/a	n/a	n/a	n/a	n/a	n/a	n/a	n/a	n/a	n/a	n/a	n/a	2910.257570	n/a
2910.774224	2.033628	582155	time_discrimination	n/a	n/a	n/a	72.0	n/a	n/a	n/a	2910.2575699999998	n/a	2.255570344859734	2.0	3	2.0	HB_27_ShortA.png	n/a	6	2915.0634225	n/a	147	2	2	intervals/timediscrimination_table	146	2910.774224	2912.807852
2910.774224	0.000000	582155	ttl	1	72	n/a	n/a	n/a	n/a	n/a	n/a	n/a	n/a	n/a	n/a	n/a	n/a	n/a	n/a	n/a	n/a	n/a	n/a	n/a	n/a	n/a	2910.774224	n/a
2912.807852	0.000000	582562	ttl	2	72	n/a	n/a	n/a	n/a	n/a	n/a	n/a	n/a	n/a	n/a	n/a	n/a	n/a	n/a	n/a	n/a	n/a	n/a	n/a	n/a	n/a	2912.807852	n/a
2915.063422	0.000000	583013	ttl	4	72	n/a	n/a	n/a	n/a	n/a	n/a	n/a	n/a	n/a	n/a	n/a	n/a	n/a	n/a	n/a	n/a	n/a	n/a	n/a	n/a	n/a	2915.063422	n/a
2915.074521	0.000000	583015	ttl	11	72	n/a	n/a	n/a	n/a	n/a	n/a	n/a	n/a	n/a	n/a	n/a	n/a	n/a	n/a	n/a	n/a	n/a	n/a	n/a	n/a	n/a	2915.074521	n/a
2915.624464	2.033524	583125	time_discrimination	n/a	n/a	n/a	72.0	n/a	n/a	n/a	2915.07452075	n/a	2.324929594877176	1.0	3	2.0	HB_39_ShortA.png	n/a	6	2919.9829175	n/a	148	2	1	intervals/timediscrimination_table	147	2915.624464	2917.657988
2915.624464	0.000000	583125	ttl	1	72	n/a	n/a	n/a	n/a	n/a	n/a	n/a	n/a	n/a	n/a	n/a	n/a	n/a	n/a	n/a	n/a	n/a	n/a	n/a	n/a	n/a	2915.624464	n/a
2917.657988	0.000000	583532	ttl	2	72	n/a	n/a	n/a	n/a	n/a	n/a	n/a	n/a	n/a	n/a	n/a	n/a	n/a	n/a	n/a	n/a	n/a	n/a	n/a	n/a	n/a	2917.657988	n/a
2919.982917	0.000000	583997	ttl	4	72	n/a	n/a	n/a	n/a	n/a	n/a	n/a	n/a	n/a	n/a	n/a	n/a	n/a	n/a	n/a	n/a	n/a	n/a	n/a	n/a	n/a	2919.982917	n/a
2919.988239	0.000000	583998	ttl	11	72	n/a	n/a	n/a	n/a	n/a	n/a	n/a	n/a	n/a	n/a	n/a	n/a	n/a	n/a	n/a	n/a	n/a	n/a	n/a	n/a	n/a	2919.988239	n/a
2920.554948	2.033484	584111	time_discrimination	n/a	n/a	n/a	72.0	n/a	n/a	n/a	2919.9882395	n/a	1.4805173743516207	2.0	3	2.0	HB_42_ShortA.png	n/a	3	2924.06894975	n/a	149	1	1	intervals/timediscrimination_table	148	2920.554948	2922.588432
2920.554948	0.000000	584111	ttl	1	72	n/a	n/a	n/a	n/a	n/a	n/a	n/a	n/a	n/a	n/a	n/a	n/a	n/a	n/a	n/a	n/a	n/a	n/a	n/a	n/a	n/a	2920.554948	n/a
2922.588432	0.000000	584518	ttl	2	72	n/a	n/a	n/a	n/a	n/a	n/a	n/a	n/a	n/a	n/a	n/a	n/a	n/a	n/a	n/a	n/a	n/a	n/a	n/a	n/a	n/a	2922.588432	n/a
2924.068950	0.000000	584814	ttl	4	72	n/a	n/a	n/a	n/a	n/a	n/a	n/a	n/a	n/a	n/a	n/a	n/a	n/a	n/a	n/a	n/a	n/a	n/a	n/a	n/a	n/a	2924.068950	n/a
2924.084471	0.000000	584817	ttl	11	72	n/a	n/a	n/a	n/a	n/a	n/a	n/a	n/a	n/a	n/a	n/a	n/a	n/a	n/a	n/a	n/a	n/a	n/a	n/a	n/a	n/a	2924.084471	n/a
2924.667725	2.033634	584934	time_discrimination	n/a	n/a	n/a	72.0	n/a	n/a	n/a	2924.0844712499998	n/a	2.474789075087756	1.0	3	2.0	HB_13_LongA.png	n/a	3	2929.1761482499996	n/a	150	1	2	intervals/timediscrimination_table	149	2924.667725	2926.701359
2924.667725	0.000000	584934	ttl	1	72	n/a	n/a	n/a	n/a	n/a	n/a	n/a	n/a	n/a	n/a	n/a	n/a	n/a	n/a	n/a	n/a	n/a	n/a	n/a	n/a	n/a	2924.667725	n/a
2926.701359	0.000000	585340	ttl	2	72	n/a	n/a	n/a	n/a	n/a	n/a	n/a	n/a	n/a	n/a	n/a	n/a	n/a	n/a	n/a	n/a	n/a	n/a	n/a	n/a	n/a	2926.701359	n/a
2929.176148	0.000000	585835	ttl	4	72	n/a	n/a	n/a	n/a	n/a	n/a	n/a	n/a	n/a	n/a	n/a	n/a	n/a	n/a	n/a	n/a	n/a	n/a	n/a	n/a	n/a	2929.176148	n/a
2929.179079	0.000000	585836	ttl	11	72	n/a	n/a	n/a	n/a	n/a	n/a	n/a	n/a	n/a	n/a	n/a	n/a	n/a	n/a	n/a	n/a	n/a	n/a	n/a	n/a	n/a	2929.179079	n/a
2929.729057	2.033544	585946	time_discrimination	n/a	n/a	n/a	72.0	n/a	n/a	n/a	2929.17907875	n/a	0.8279338806169108	2.0	1	3.0	NB_12_LongA.png	n/a	2	2932.5905344999996	n/a	151	1	1	intervals/timediscrimination_table	150	2929.729057	2931.762601
2929.729057	0.000000	585946	ttl	1	72	n/a	n/a	n/a	n/a	n/a	n/a	n/a	n/a	n/a	n/a	n/a	n/a	n/a	n/a	n/a	n/a	n/a	n/a	n/a	n/a	n/a	2929.729057	n/a
2931.762601	0.000000	586353	ttl	2	72	n/a	n/a	n/a	n/a	n/a	n/a	n/a	n/a	n/a	n/a	n/a	n/a	n/a	n/a	n/a	n/a	n/a	n/a	n/a	n/a	n/a	2931.762601	n/a
2932.590534	0.000000	586518	ttl	4	72	n/a	n/a	n/a	n/a	n/a	n/a	n/a	n/a	n/a	n/a	n/a	n/a	n/a	n/a	n/a	n/a	n/a	n/a	n/a	n/a	n/a	2932.590534	n/a
2932.602782	0.000000	586521	ttl	11	72	n/a	n/a	n/a	n/a	n/a	n/a	n/a	n/a	n/a	n/a	n/a	n/a	n/a	n/a	n/a	n/a	n/a	n/a	n/a	n/a	n/a	2932.602782	n/a
2933.119319	2.033558	586624	time_discrimination	n/a	n/a	n/a	72.0	n/a	n/a	n/a	2932.602782	n/a	2.365501487045549	1.0	3	2.0	HB_21_ShortA.png	n/a	3	2937.5183789999996	n/a	152	1	2	intervals/timediscrimination_table	151	2933.119319	2935.152877
2933.119319	0.000000	586624	ttl	1	72	n/a	n/a	n/a	n/a	n/a	n/a	n/a	n/a	n/a	n/a	n/a	n/a	n/a	n/a	n/a	n/a	n/a	n/a	n/a	n/a	n/a	2933.119319	n/a
2935.152877	0.000000	587031	ttl	2	72	n/a	n/a	n/a	n/a	n/a	n/a	n/a	n/a	n/a	n/a	n/a	n/a	n/a	n/a	n/a	n/a	n/a	n/a	n/a	n/a	n/a	2935.152877	n/a
2937.518379	0.000000	587504	ttl	4	72	n/a	n/a	n/a	n/a	n/a	n/a	n/a	n/a	n/a	n/a	n/a	n/a	n/a	n/a	n/a	n/a	n/a	n/a	n/a	n/a	n/a	2937.518379	n/a
2937.525323	0.000000	587505	ttl	11	72	n/a	n/a	n/a	n/a	n/a	n/a	n/a	n/a	n/a	n/a	n/a	n/a	n/a	n/a	n/a	n/a	n/a	n/a	n/a	n/a	n/a	2937.525323	n/a
2938.108686	2.033720	587622	time_discrimination	n/a	n/a	n/a	72.0	n/a	n/a	n/a	2937.525323	n/a	2.1104219993576407	2.0	2	3.0	SB_22_ShortA.png	n/a	2	2942.2528279999997	n/a	153	1	1	intervals/timediscrimination_table	152	2938.108686	2940.142406
2938.108686	0.000000	587622	ttl	1	72	n/a	n/a	n/a	n/a	n/a	n/a	n/a	n/a	n/a	n/a	n/a	n/a	n/a	n/a	n/a	n/a	n/a	n/a	n/a	n/a	n/a	2938.108686	n/a
2940.142406	0.000000	588028	ttl	2	72	n/a	n/a	n/a	n/a	n/a	n/a	n/a	n/a	n/a	n/a	n/a	n/a	n/a	n/a	n/a	n/a	n/a	n/a	n/a	n/a	n/a	2940.142406	n/a
2942.252828	0.000000	588451	ttl	4	72	n/a	n/a	n/a	n/a	n/a	n/a	n/a	n/a	n/a	n/a	n/a	n/a	n/a	n/a	n/a	n/a	n/a	n/a	n/a	n/a	n/a	2942.252828	n/a
2942.270772	0.000000	588454	ttl	11	72	n/a	n/a	n/a	n/a	n/a	n/a	n/a	n/a	n/a	n/a	n/a	n/a	n/a	n/a	n/a	n/a	n/a	n/a	n/a	n/a	n/a	2942.270772	n/a
2942.820725	2.033545	588564	time_discrimination	n/a	n/a	n/a	72.0	n/a	n/a	n/a	2942.2707717499998	n/a	2.624821998178959	2.0	1	3.0	NB_18_ShortA.png	n/a	2	2947.47909175	n/a	154	1	1	intervals/timediscrimination_table	153	2942.820725	2944.854270
2942.820725	0.000000	588564	ttl	1	72	n/a	n/a	n/a	n/a	n/a	n/a	n/a	n/a	n/a	n/a	n/a	n/a	n/a	n/a	n/a	n/a	n/a	n/a	n/a	n/a	n/a	2942.820725	n/a
2944.854270	0.000000	588971	ttl	2	72	n/a	n/a	n/a	n/a	n/a	n/a	n/a	n/a	n/a	n/a	n/a	n/a	n/a	n/a	n/a	n/a	n/a	n/a	n/a	n/a	n/a	2944.854270	n/a
2947.479092	0.000000	589496	ttl	4	72	n/a	n/a	n/a	n/a	n/a	n/a	n/a	n/a	n/a	n/a	n/a	n/a	n/a	n/a	n/a	n/a	n/a	n/a	n/a	n/a	n/a	2947.479092	n/a
2947.486770	0.000000	589497	ttl	11	72	n/a	n/a	n/a	n/a	n/a	n/a	n/a	n/a	n/a	n/a	n/a	n/a	n/a	n/a	n/a	n/a	n/a	n/a	n/a	n/a	n/a	2947.486770	n/a
2948.020070	2.033576	589604	time_discrimination	n/a	n/a	n/a	72.0	n/a	n/a	n/a	2947.48676975	n/a	2.3898275274550542	2.0	2	3.0	SB_13_LongA.png	n/a	2	2952.44347375	n/a	155	1	1	intervals/timediscrimination_table	154	2948.020070	2950.053646
2948.020070	0.000000	589604	ttl	1	72	n/a	n/a	n/a	n/a	n/a	n/a	n/a	n/a	n/a	n/a	n/a	n/a	n/a	n/a	n/a	n/a	n/a	n/a	n/a	n/a	n/a	2948.020070	n/a
2950.053646	0.000000	590011	ttl	2	72	n/a	n/a	n/a	n/a	n/a	n/a	n/a	n/a	n/a	n/a	n/a	n/a	n/a	n/a	n/a	n/a	n/a	n/a	n/a	n/a	n/a	2950.053646	n/a
2952.443474	0.000000	590489	ttl	4	72	n/a	n/a	n/a	n/a	n/a	n/a	n/a	n/a	n/a	n/a	n/a	n/a	n/a	n/a	n/a	n/a	n/a	n/a	n/a	n/a	n/a	2952.443474	n/a
2952.456212	0.000000	590491	ttl	11	72	n/a	n/a	n/a	n/a	n/a	n/a	n/a	n/a	n/a	n/a	n/a	n/a	n/a	n/a	n/a	n/a	n/a	n/a	n/a	n/a	n/a	2952.456212	n/a
2953.056143	2.033713	590611	time_discrimination	n/a	n/a	n/a	72.0	n/a	n/a	n/a	2952.45621175	n/a	1.6134023695485666	2.0	3	2.0	HB_54_ShortA.png	n/a	3	2956.7032584999997	n/a	156	1	1	intervals/timediscrimination_table	155	2953.056143	2955.089856
2953.056143	0.000000	590611	ttl	1	72	n/a	n/a	n/a	n/a	n/a	n/a	n/a	n/a	n/a	n/a	n/a	n/a	n/a	n/a	n/a	n/a	n/a	n/a	n/a	n/a	n/a	2953.056143	n/a
2955.089856	0.000000	591018	ttl	2	72	n/a	n/a	n/a	n/a	n/a	n/a	n/a	n/a	n/a	n/a	n/a	n/a	n/a	n/a	n/a	n/a	n/a	n/a	n/a	n/a	n/a	2955.089856	n/a
2956.703258	0.000000	591341	ttl	4	72	n/a	n/a	n/a	n/a	n/a	n/a	n/a	n/a	n/a	n/a	n/a	n/a	n/a	n/a	n/a	n/a	n/a	n/a	n/a	n/a	n/a	2956.703258	n/a
2956.712460	0.000000	591342	ttl	11	72	n/a	n/a	n/a	n/a	n/a	n/a	n/a	n/a	n/a	n/a	n/a	n/a	n/a	n/a	n/a	n/a	n/a	n/a	n/a	n/a	n/a	2956.712460	n/a
2957.212448	2.033449	591442	time_discrimination	n/a	n/a	n/a	72.0	n/a	n/a	n/a	2956.7124597499997	n/a	2.150481393095106	2.0	3	2.0	HB_33_ShortA.png	n/a	6	2961.3963787499997	n/a	157	2	2	intervals/timediscrimination_table	156	2957.212448	2959.245897
2957.212448	0.000000	591442	ttl	1	72	n/a	n/a	n/a	n/a	n/a	n/a	n/a	n/a	n/a	n/a	n/a	n/a	n/a	n/a	n/a	n/a	n/a	n/a	n/a	n/a	n/a	2957.212448	n/a
2959.245897	0.000000	591849	ttl	2	72	n/a	n/a	n/a	n/a	n/a	n/a	n/a	n/a	n/a	n/a	n/a	n/a	n/a	n/a	n/a	n/a	n/a	n/a	n/a	n/a	n/a	2959.245897	n/a
2961.396379	0.000000	592279	ttl	4	72	n/a	n/a	n/a	n/a	n/a	n/a	n/a	n/a	n/a	n/a	n/a	n/a	n/a	n/a	n/a	n/a	n/a	n/a	n/a	n/a	n/a	2961.396379	n/a
2961.408479	0.000000	592282	ttl	11	72	n/a	n/a	n/a	n/a	n/a	n/a	n/a	n/a	n/a	n/a	n/a	n/a	n/a	n/a	n/a	n/a	n/a	n/a	n/a	n/a	n/a	2961.408479	n/a
2962.008440	2.033539	592402	time_discrimination	n/a	n/a	n/a	72.0	n/a	n/a	n/a	2961.40847925	n/a	2.0641536412294954	1.0	2	3.0	SB_12_ShortA.png	n/a	7	2966.10613325	n/a	158	2	1	intervals/timediscrimination_table	157	2962.008440	2964.041980
2962.008440	0.000000	592402	ttl	1	72	n/a	n/a	n/a	n/a	n/a	n/a	n/a	n/a	n/a	n/a	n/a	n/a	n/a	n/a	n/a	n/a	n/a	n/a	n/a	n/a	n/a	2962.008440	n/a
2964.041980	0.000000	592808	ttl	2	72	n/a	n/a	n/a	n/a	n/a	n/a	n/a	n/a	n/a	n/a	n/a	n/a	n/a	n/a	n/a	n/a	n/a	n/a	n/a	n/a	n/a	2964.041980	n/a
2966.106133	0.000000	593221	ttl	4	72	n/a	n/a	n/a	n/a	n/a	n/a	n/a	n/a	n/a	n/a	n/a	n/a	n/a	n/a	n/a	n/a	n/a	n/a	n/a	n/a	n/a	2966.106133	n/a
2966.116210	0.000000	593223	ttl	11	72	n/a	n/a	n/a	n/a	n/a	n/a	n/a	n/a	n/a	n/a	n/a	n/a	n/a	n/a	n/a	n/a	n/a	n/a	n/a	n/a	n/a	2966.116210	n/a
2966.616081	2.033588	593323	time_discrimination	n/a	n/a	n/a	72.0	n/a	n/a	n/a	2966.1162105	n/a	1.7558480465086177	1.0	3	2.0	HB_3_LongA.png	n/a	6	2970.4055169999997	n/a	159	2	1	intervals/timediscrimination_table	158	2966.616081	2968.649669
2966.616081	0.000000	593323	ttl	1	72	n/a	n/a	n/a	n/a	n/a	n/a	n/a	n/a	n/a	n/a	n/a	n/a	n/a	n/a	n/a	n/a	n/a	n/a	n/a	n/a	n/a	2966.616081	n/a
2968.649669	0.000000	593730	ttl	2	72	n/a	n/a	n/a	n/a	n/a	n/a	n/a	n/a	n/a	n/a	n/a	n/a	n/a	n/a	n/a	n/a	n/a	n/a	n/a	n/a	n/a	2968.649669	n/a
2970.405517	0.000000	594081	ttl	4	72	n/a	n/a	n/a	n/a	n/a	n/a	n/a	n/a	n/a	n/a	n/a	n/a	n/a	n/a	n/a	n/a	n/a	n/a	n/a	n/a	n/a	2970.405517	n/a
2970.423950	0.000000	594085	ttl	11	72	n/a	n/a	n/a	n/a	n/a	n/a	n/a	n/a	n/a	n/a	n/a	n/a	n/a	n/a	n/a	n/a	n/a	n/a	n/a	n/a	n/a	2970.423950	n/a
2970.990507	2.033577	594198	time_discrimination	n/a	n/a	n/a	72.0	n/a	n/a	n/a	2970.42394975	n/a	2.51094699872192	2.0	2	3.0	SB_46_LongA.png	n/a	7	2975.535031	n/a	160	2	2	intervals/timediscrimination_table	159	2970.990507	2973.024084
2970.990507	0.000000	594198	ttl	1	72	n/a	n/a	n/a	n/a	n/a	n/a	n/a	n/a	n/a	n/a	n/a	n/a	n/a	n/a	n/a	n/a	n/a	n/a	n/a	n/a	n/a	2970.990507	n/a
2973.024084	0.000000	594605	ttl	2	72	n/a	n/a	n/a	n/a	n/a	n/a	n/a	n/a	n/a	n/a	n/a	n/a	n/a	n/a	n/a	n/a	n/a	n/a	n/a	n/a	n/a	2973.024084	n/a
2975.535031	0.000000	595107	ttl	4	72	n/a	n/a	n/a	n/a	n/a	n/a	n/a	n/a	n/a	n/a	n/a	n/a	n/a	n/a	n/a	n/a	n/a	n/a	n/a	n/a	n/a	2975.535031	n/a
2975.543792	0.000000	595109	ttl	11	72	n/a	n/a	n/a	n/a	n/a	n/a	n/a	n/a	n/a	n/a	n/a	n/a	n/a	n/a	n/a	n/a	n/a	n/a	n/a	n/a	n/a	2975.543792	n/a
2976.077044	2.033631	595215	time_discrimination	n/a	n/a	n/a	72.0	n/a	n/a	n/a	2975.5437924999997	n/a	2.534923688741401	1.0	3	2.0	HB_44_ShortA.png	n/a	3	2980.6455985	n/a	161	1	2	intervals/timediscrimination_table	160	2976.077044	2978.110675
2976.077044	0.000000	595215	ttl	1	72	n/a	n/a	n/a	n/a	n/a	n/a	n/a	n/a	n/a	n/a	n/a	n/a	n/a	n/a	n/a	n/a	n/a	n/a	n/a	n/a	n/a	2976.077044	n/a
2978.110675	0.000000	595622	ttl	2	72	n/a	n/a	n/a	n/a	n/a	n/a	n/a	n/a	n/a	n/a	n/a	n/a	n/a	n/a	n/a	n/a	n/a	n/a	n/a	n/a	n/a	2978.110675	n/a
2980.645598	0.000000	596129	ttl	4	72	n/a	n/a	n/a	n/a	n/a	n/a	n/a	n/a	n/a	n/a	n/a	n/a	n/a	n/a	n/a	n/a	n/a	n/a	n/a	n/a	n/a	2980.645598	n/a
2980.660274	0.000000	596132	ttl	11	72	n/a	n/a	n/a	n/a	n/a	n/a	n/a	n/a	n/a	n/a	n/a	n/a	n/a	n/a	n/a	n/a	n/a	n/a	n/a	n/a	n/a	2980.660274	n/a
2981.177081	2.033275	596235	time_discrimination	n/a	n/a	n/a	72.0	n/a	n/a	n/a	2980.6602737499998	n/a	1.9026963475625962	1.0	3	2.0	HB_57_ShortA.png	n/a	6	2985.1130519999997	n/a	162	2	1	intervals/timediscrimination_table	161	2981.177081	2983.210356
2981.177081	0.000000	596235	ttl	1	72	n/a	n/a	n/a	n/a	n/a	n/a	n/a	n/a	n/a	n/a	n/a	n/a	n/a	n/a	n/a	n/a	n/a	n/a	n/a	n/a	n/a	2981.177081	n/a
2983.210356	0.000000	596642	ttl	2	72	n/a	n/a	n/a	n/a	n/a	n/a	n/a	n/a	n/a	n/a	n/a	n/a	n/a	n/a	n/a	n/a	n/a	n/a	n/a	n/a	n/a	2983.210356	n/a
2985.113052	0.000000	597023	ttl	4	72	n/a	n/a	n/a	n/a	n/a	n/a	n/a	n/a	n/a	n/a	n/a	n/a	n/a	n/a	n/a	n/a	n/a	n/a	n/a	n/a	n/a	2985.113052	n/a
2985.121444	0.000000	597024	ttl	11	72	n/a	n/a	n/a	n/a	n/a	n/a	n/a	n/a	n/a	n/a	n/a	n/a	n/a	n/a	n/a	n/a	n/a	n/a	n/a	n/a	n/a	2985.121444	n/a
2985.637997	2.033680	597128	time_discrimination	n/a	n/a	n/a	72.0	n/a	n/a	n/a	2985.121444	n/a	1.7062881846213713	1.0	2	3.0	SB_8_ShortA.png	n/a	7	2989.3779645	n/a	163	2	1	intervals/timediscrimination_table	162	2985.637997	2987.671676
2985.637997	0.000000	597128	ttl	1	72	n/a	n/a	n/a	n/a	n/a	n/a	n/a	n/a	n/a	n/a	n/a	n/a	n/a	n/a	n/a	n/a	n/a	n/a	n/a	n/a	n/a	2985.637997	n/a
2987.671676	0.000000	597534	ttl	2	72	n/a	n/a	n/a	n/a	n/a	n/a	n/a	n/a	n/a	n/a	n/a	n/a	n/a	n/a	n/a	n/a	n/a	n/a	n/a	n/a	n/a	2987.671676	n/a
2989.377964	0.000000	597876	ttl	4	72	n/a	n/a	n/a	n/a	n/a	n/a	n/a	n/a	n/a	n/a	n/a	n/a	n/a	n/a	n/a	n/a	n/a	n/a	n/a	n/a	n/a	2989.377964	n/a
2989.387771	0.000000	597878	ttl	11	72	n/a	n/a	n/a	n/a	n/a	n/a	n/a	n/a	n/a	n/a	n/a	n/a	n/a	n/a	n/a	n/a	n/a	n/a	n/a	n/a	n/a	2989.387771	n/a
2989.904301	2.033642	597981	time_discrimination	n/a	n/a	n/a	72.0	n/a	n/a	n/a	2989.38777125	n/a	1.6031726552173495	2.0	2	3.0	SB_33_ShortA.png	n/a	2	2993.54111625	n/a	164	1	1	intervals/timediscrimination_table	163	2989.904301	2991.937944
2989.904301	0.000000	597981	ttl	1	72	n/a	n/a	n/a	n/a	n/a	n/a	n/a	n/a	n/a	n/a	n/a	n/a	n/a	n/a	n/a	n/a	n/a	n/a	n/a	n/a	n/a	2989.904301	n/a
2991.937944	0.000000	598388	ttl	2	72	n/a	n/a	n/a	n/a	n/a	n/a	n/a	n/a	n/a	n/a	n/a	n/a	n/a	n/a	n/a	n/a	n/a	n/a	n/a	n/a	n/a	2991.937944	n/a
2993.541116	0.000000	598708	ttl	4	72	n/a	n/a	n/a	n/a	n/a	n/a	n/a	n/a	n/a	n/a	n/a	n/a	n/a	n/a	n/a	n/a	n/a	n/a	n/a	n/a	n/a	2993.541116	n/a
2993.547023	0.000000	598709	ttl	11	72	n/a	n/a	n/a	n/a	n/a	n/a	n/a	n/a	n/a	n/a	n/a	n/a	n/a	n/a	n/a	n/a	n/a	n/a	n/a	n/a	n/a	2993.547023	n/a
2994.080322	2.033551	598816	time_discrimination	n/a	n/a	n/a	72.0	n/a	n/a	n/a	2993.54702275	n/a	1.9314155920874327	1.0	2	3.0	SB_24_ShortA.png	n/a	7	2998.0452892499998	n/a	165	2	1	intervals/timediscrimination_table	164	2994.080322	2996.113873
2994.080322	0.000000	598816	ttl	1	72	n/a	n/a	n/a	n/a	n/a	n/a	n/a	n/a	n/a	n/a	n/a	n/a	n/a	n/a	n/a	n/a	n/a	n/a	n/a	n/a	n/a	2994.080322	n/a
2996.113873	0.000000	599223	ttl	2	72	n/a	n/a	n/a	n/a	n/a	n/a	n/a	n/a	n/a	n/a	n/a	n/a	n/a	n/a	n/a	n/a	n/a	n/a	n/a	n/a	n/a	2996.113873	n/a
2998.045289	0.000000	599609	ttl	4	72	n/a	n/a	n/a	n/a	n/a	n/a	n/a	n/a	n/a	n/a	n/a	n/a	n/a	n/a	n/a	n/a	n/a	n/a	n/a	n/a	n/a	2998.045289	n/a
2998.050313	0.000000	599610	ttl	11	72	n/a	n/a	n/a	n/a	n/a	n/a	n/a	n/a	n/a	n/a	n/a	n/a	n/a	n/a	n/a	n/a	n/a	n/a	n/a	n/a	n/a	2998.050313	n/a
2998.600260	2.033459	599720	time_discrimination	n/a	n/a	n/a	72.0	n/a	n/a	n/a	2998.0503135	n/a	2.657133859815076	2.0	3	2.0	HB_19_ShortA.png	n/a	3	3003.29085325	n/a	166	1	1	intervals/timediscrimination_table	165	2998.600260	3000.633719
2998.600260	0.000000	599720	ttl	1	72	n/a	n/a	n/a	n/a	n/a	n/a	n/a	n/a	n/a	n/a	n/a	n/a	n/a	n/a	n/a	n/a	n/a	n/a	n/a	n/a	n/a	2998.600260	n/a
3000.633719	0.000000	600127	ttl	2	72	n/a	n/a	n/a	n/a	n/a	n/a	n/a	n/a	n/a	n/a	n/a	n/a	n/a	n/a	n/a	n/a	n/a	n/a	n/a	n/a	n/a	3000.633719	n/a
3003.290853	0.000000	600658	ttl	4	72	n/a	n/a	n/a	n/a	n/a	n/a	n/a	n/a	n/a	n/a	n/a	n/a	n/a	n/a	n/a	n/a	n/a	n/a	n/a	n/a	n/a	3003.290853	n/a
3003.303367	0.000000	600661	ttl	11	72	n/a	n/a	n/a	n/a	n/a	n/a	n/a	n/a	n/a	n/a	n/a	n/a	n/a	n/a	n/a	n/a	n/a	n/a	n/a	n/a	n/a	3003.303367	n/a
3003.819802	2.033444	600764	time_discrimination	n/a	n/a	n/a	72.0	n/a	n/a	n/a	3003.30336675	n/a	2.3631818547146395	2.0	3	2.0	HB_26_LongA.png	n/a	3	3008.21642825	n/a	167	1	1	intervals/timediscrimination_table	166	3003.819802	3005.853246
3003.819802	0.000000	600764	ttl	1	72	n/a	n/a	n/a	n/a	n/a	n/a	n/a	n/a	n/a	n/a	n/a	n/a	n/a	n/a	n/a	n/a	n/a	n/a	n/a	n/a	n/a	3003.819802	n/a
3005.853246	0.000000	601171	ttl	2	72	n/a	n/a	n/a	n/a	n/a	n/a	n/a	n/a	n/a	n/a	n/a	n/a	n/a	n/a	n/a	n/a	n/a	n/a	n/a	n/a	n/a	3005.853246	n/a
3008.216428	0.000000	601643	ttl	4	72	n/a	n/a	n/a	n/a	n/a	n/a	n/a	n/a	n/a	n/a	n/a	n/a	n/a	n/a	n/a	n/a	n/a	n/a	n/a	n/a	n/a	3008.216428	n/a
3008.218161	0.000000	601644	ttl	11	72	n/a	n/a	n/a	n/a	n/a	n/a	n/a	n/a	n/a	n/a	n/a	n/a	n/a	n/a	n/a	n/a	n/a	n/a	n/a	n/a	n/a	3008.218161	n/a
3008.734867	2.033587	601747	time_discrimination	n/a	n/a	n/a	72.0	n/a	n/a	n/a	3008.2181607499997	n/a	1.8585774061502889	1.0	1	3.0	NB_3_LongA.png	n/a	2	3012.627032	n/a	168	1	2	intervals/timediscrimination_table	167	3008.734867	3010.768454
3008.734867	0.000000	601747	ttl	1	72	n/a	n/a	n/a	n/a	n/a	n/a	n/a	n/a	n/a	n/a	n/a	n/a	n/a	n/a	n/a	n/a	n/a	n/a	n/a	n/a	n/a	3008.734867	n/a
3010.768454	0.000000	602154	ttl	2	72	n/a	n/a	n/a	n/a	n/a	n/a	n/a	n/a	n/a	n/a	n/a	n/a	n/a	n/a	n/a	n/a	n/a	n/a	n/a	n/a	n/a	3010.768454	n/a
3012.627032	0.000000	602525	ttl	4	72	n/a	n/a	n/a	n/a	n/a	n/a	n/a	n/a	n/a	n/a	n/a	n/a	n/a	n/a	n/a	n/a	n/a	n/a	n/a	n/a	n/a	3012.627032	n/a
3012.634311	0.000000	602527	ttl	11	72	n/a	n/a	n/a	n/a	n/a	n/a	n/a	n/a	n/a	n/a	n/a	n/a	n/a	n/a	n/a	n/a	n/a	n/a	n/a	n/a	n/a	3012.634311	n/a
3013.134186	2.033479	602627	time_discrimination	n/a	n/a	n/a	72.0	n/a	n/a	n/a	3012.6343107499997	n/a	2.7003739938372746	2.0	3	2.0	HB_29_LongA.png	n/a	3	3017.8680382499997	n/a	169	1	1	intervals/timediscrimination_table	168	3013.134186	3015.167664
3013.134186	0.000000	602627	ttl	1	72	n/a	n/a	n/a	n/a	n/a	n/a	n/a	n/a	n/a	n/a	n/a	n/a	n/a	n/a	n/a	n/a	n/a	n/a	n/a	n/a	n/a	3013.134186	n/a
3015.167664	0.000000	603034	ttl	2	72	n/a	n/a	n/a	n/a	n/a	n/a	n/a	n/a	n/a	n/a	n/a	n/a	n/a	n/a	n/a	n/a	n/a	n/a	n/a	n/a	n/a	3015.167664	n/a
3017.868038	0.000000	603574	ttl	4	72	n/a	n/a	n/a	n/a	n/a	n/a	n/a	n/a	n/a	n/a	n/a	n/a	n/a	n/a	n/a	n/a	n/a	n/a	n/a	n/a	n/a	3017.868038	n/a
3017.876934	0.000000	603575	ttl	11	72	n/a	n/a	n/a	n/a	n/a	n/a	n/a	n/a	n/a	n/a	n/a	n/a	n/a	n/a	n/a	n/a	n/a	n/a	n/a	n/a	n/a	3017.876934	n/a
3018.476934	2.033596	603695	time_discrimination	n/a	n/a	n/a	72.0	n/a	n/a	n/a	3017.87693375	n/a	2.8186521307798102	2.0	3	2.0	HB_20_ShortA.png	n/a	3	3023.3291824999997	n/a	170	1	1	intervals/timediscrimination_table	169	3018.476934	3020.510530
3018.476934	0.000000	603695	ttl	1	72	n/a	n/a	n/a	n/a	n/a	n/a	n/a	n/a	n/a	n/a	n/a	n/a	n/a	n/a	n/a	n/a	n/a	n/a	n/a	n/a	n/a	3018.476934	n/a
3020.510530	0.000000	604102	ttl	2	72	n/a	n/a	n/a	n/a	n/a	n/a	n/a	n/a	n/a	n/a	n/a	n/a	n/a	n/a	n/a	n/a	n/a	n/a	n/a	n/a	n/a	3020.510530	n/a
3023.329182	0.000000	604666	ttl	4	72	n/a	n/a	n/a	n/a	n/a	n/a	n/a	n/a	n/a	n/a	n/a	n/a	n/a	n/a	n/a	n/a	n/a	n/a	n/a	n/a	n/a	3023.329182	n/a
3023.372519	0.000000	604675	ttl	11	72	n/a	n/a	n/a	n/a	n/a	n/a	n/a	n/a	n/a	n/a	n/a	n/a	n/a	n/a	n/a	n/a	n/a	n/a	n/a	n/a	n/a	3023.372519	n/a
3023.955762	2.033516	604791	time_discrimination	n/a	n/a	n/a	72.0	n/a	n/a	n/a	3023.37251875	n/a	3.1580558868590742	2.0	2	3.0	SB_60_ShortA.png	n/a	7	3029.1473337499997	n/a	171	2	2	intervals/timediscrimination_table	170	3023.955762	3025.989278
3023.955762	0.000000	604791	ttl	1	72	n/a	n/a	n/a	n/a	n/a	n/a	n/a	n/a	n/a	n/a	n/a	n/a	n/a	n/a	n/a	n/a	n/a	n/a	n/a	n/a	n/a	3023.955762	n/a
3025.989278	0.000000	605198	ttl	2	72	n/a	n/a	n/a	n/a	n/a	n/a	n/a	n/a	n/a	n/a	n/a	n/a	n/a	n/a	n/a	n/a	n/a	n/a	n/a	n/a	n/a	3025.989278	n/a
3029.147334	0.000000	605829	ttl	4	72	n/a	n/a	n/a	n/a	n/a	n/a	n/a	n/a	n/a	n/a	n/a	n/a	n/a	n/a	n/a	n/a	n/a	n/a	n/a	n/a	n/a	3029.147334	n/a
3029.151086	0.000000	605830	ttl	11	72	n/a	n/a	n/a	n/a	n/a	n/a	n/a	n/a	n/a	n/a	n/a	n/a	n/a	n/a	n/a	n/a	n/a	n/a	n/a	n/a	n/a	3029.151086	n/a
3029.700985	2.033616	605940	time_discrimination	n/a	n/a	n/a	72.0	n/a	n/a	n/a	3029.151086	n/a	2.9224668744718656	1.0	2	3.0	SB_49_ShortA.png	n/a	2	3034.657068	n/a	172	1	2	intervals/timediscrimination_table	171	3029.700985	3031.734601
3029.700985	0.000000	605940	ttl	1	72	n/a	n/a	n/a	n/a	n/a	n/a	n/a	n/a	n/a	n/a	n/a	n/a	n/a	n/a	n/a	n/a	n/a	n/a	n/a	n/a	n/a	3029.700985	n/a
3031.734601	0.000000	606347	ttl	2	72	n/a	n/a	n/a	n/a	n/a	n/a	n/a	n/a	n/a	n/a	n/a	n/a	n/a	n/a	n/a	n/a	n/a	n/a	n/a	n/a	n/a	3031.734601	n/a
3034.657068	0.000000	606931	ttl	4	72	n/a	n/a	n/a	n/a	n/a	n/a	n/a	n/a	n/a	n/a	n/a	n/a	n/a	n/a	n/a	n/a	n/a	n/a	n/a	n/a	n/a	3034.657068	n/a
3034.660864	0.000000	606932	ttl	11	72	n/a	n/a	n/a	n/a	n/a	n/a	n/a	n/a	n/a	n/a	n/a	n/a	n/a	n/a	n/a	n/a	n/a	n/a	n/a	n/a	n/a	3034.660864	n/a
3035.227500	2.033538	607046	time_discrimination	n/a	n/a	n/a	72.0	n/a	n/a	n/a	3034.6608644999997	n/a	1.8768516692798585	1.0	3	2.0	HB_47_LongA.png	n/a	6	3039.13789	n/a	173	2	1	intervals/timediscrimination_table	172	3035.227500	3037.261038
3035.227500	0.000000	607046	ttl	1	72	n/a	n/a	n/a	n/a	n/a	n/a	n/a	n/a	n/a	n/a	n/a	n/a	n/a	n/a	n/a	n/a	n/a	n/a	n/a	n/a	n/a	3035.227500	n/a
3037.261038	0.000000	607452	ttl	2	72	n/a	n/a	n/a	n/a	n/a	n/a	n/a	n/a	n/a	n/a	n/a	n/a	n/a	n/a	n/a	n/a	n/a	n/a	n/a	n/a	n/a	3037.261038	n/a
3039.137890	0.000000	607828	ttl	4	72	n/a	n/a	n/a	n/a	n/a	n/a	n/a	n/a	n/a	n/a	n/a	n/a	n/a	n/a	n/a	n/a	n/a	n/a	n/a	n/a	n/a	3039.137890	n/a
3039.151732	0.000000	607830	ttl	11	72	n/a	n/a	n/a	n/a	n/a	n/a	n/a	n/a	n/a	n/a	n/a	n/a	n/a	n/a	n/a	n/a	n/a	n/a	n/a	n/a	n/a	3039.151732	n/a
3039.684979	2.033650	607937	time_discrimination	n/a	n/a	n/a	72.0	n/a	n/a	n/a	3039.1517325	n/a	2.3575431464705616	1.0	3	2.0	HB_30_LongA.png	n/a	6	3044.0761715	n/a	174	2	1	intervals/timediscrimination_table	173	3039.684979	3041.718628
3039.684979	0.000000	607937	ttl	1	72	n/a	n/a	n/a	n/a	n/a	n/a	n/a	n/a	n/a	n/a	n/a	n/a	n/a	n/a	n/a	n/a	n/a	n/a	n/a	n/a	n/a	3039.684979	n/a
3041.718628	0.000000	608344	ttl	2	72	n/a	n/a	n/a	n/a	n/a	n/a	n/a	n/a	n/a	n/a	n/a	n/a	n/a	n/a	n/a	n/a	n/a	n/a	n/a	n/a	n/a	3041.718628	n/a
3044.076171	0.000000	608815	ttl	4	72	n/a	n/a	n/a	n/a	n/a	n/a	n/a	n/a	n/a	n/a	n/a	n/a	n/a	n/a	n/a	n/a	n/a	n/a	n/a	n/a	n/a	3044.076171	n/a
3044.078577	0.000000	608816	ttl	11	72	n/a	n/a	n/a	n/a	n/a	n/a	n/a	n/a	n/a	n/a	n/a	n/a	n/a	n/a	n/a	n/a	n/a	n/a	n/a	n/a	n/a	3044.078577	n/a
3044.678466	2.033435	608936	time_discrimination	n/a	n/a	n/a	72.0	n/a	n/a	n/a	3044.07857725	n/a	3.486466376343742	2.0	1	3.0	NB_9_LongA.png	n/a	7	3050.19836725	n/a	175	2	2	intervals/timediscrimination_table	174	3044.678466	3046.711901
3044.678466	0.000000	608936	ttl	1	72	n/a	n/a	n/a	n/a	n/a	n/a	n/a	n/a	n/a	n/a	n/a	n/a	n/a	n/a	n/a	n/a	n/a	n/a	n/a	n/a	n/a	3044.678466	n/a
3046.711901	0.000000	609342	ttl	2	72	n/a	n/a	n/a	n/a	n/a	n/a	n/a	n/a	n/a	n/a	n/a	n/a	n/a	n/a	n/a	n/a	n/a	n/a	n/a	n/a	n/a	3046.711901	n/a
3050.198367	0.000000	610040	ttl	4	72	n/a	n/a	n/a	n/a	n/a	n/a	n/a	n/a	n/a	n/a	n/a	n/a	n/a	n/a	n/a	n/a	n/a	n/a	n/a	n/a	n/a	3050.198367	n/a
3050.211415	0.000000	610042	ttl	11	72	n/a	n/a	n/a	n/a	n/a	n/a	n/a	n/a	n/a	n/a	n/a	n/a	n/a	n/a	n/a	n/a	n/a	n/a	n/a	n/a	n/a	3050.211415	n/a
3050.811289	2.033652	610162	time_discrimination	n/a	n/a	n/a	72.0	n/a	n/a	n/a	3050.2114147499997	n/a	2.5308588373009115	2.0	2	3.0	SB_25_ShortA.png	n/a	2	3055.37579925	n/a	176	1	1	intervals/timediscrimination_table	175	3050.811289	3052.844940
3050.811289	0.000000	610162	ttl	1	72	n/a	n/a	n/a	n/a	n/a	n/a	n/a	n/a	n/a	n/a	n/a	n/a	n/a	n/a	n/a	n/a	n/a	n/a	n/a	n/a	n/a	3050.811289	n/a
3052.844940	0.000000	610569	ttl	2	72	n/a	n/a	n/a	n/a	n/a	n/a	n/a	n/a	n/a	n/a	n/a	n/a	n/a	n/a	n/a	n/a	n/a	n/a	n/a	n/a	n/a	3052.844940	n/a
3055.375799	0.000000	611075	ttl	4	72	n/a	n/a	n/a	n/a	n/a	n/a	n/a	n/a	n/a	n/a	n/a	n/a	n/a	n/a	n/a	n/a	n/a	n/a	n/a	n/a	n/a	3055.375799	n/a
3055.382343	0.000000	611076	ttl	11	72	n/a	n/a	n/a	n/a	n/a	n/a	n/a	n/a	n/a	n/a	n/a	n/a	n/a	n/a	n/a	n/a	n/a	n/a	n/a	n/a	n/a	3055.382343	n/a
3055.915677	2.033656	611183	time_discrimination	n/a	n/a	n/a	72.0	n/a	n/a	n/a	3055.3823429999998	n/a	2.156697390601039	1.0	2	3.0	SB_26_ShortA.png	n/a	2	3060.1060307499997	n/a	177	1	2	intervals/timediscrimination_table	176	3055.915677	3057.949333
3055.915677	0.000000	611183	ttl	1	72	n/a	n/a	n/a	n/a	n/a	n/a	n/a	n/a	n/a	n/a	n/a	n/a	n/a	n/a	n/a	n/a	n/a	n/a	n/a	n/a	n/a	3055.915677	n/a
3057.949333	0.000000	611590	ttl	2	72	n/a	n/a	n/a	n/a	n/a	n/a	n/a	n/a	n/a	n/a	n/a	n/a	n/a	n/a	n/a	n/a	n/a	n/a	n/a	n/a	n/a	3057.949333	n/a
3060.106031	0.000000	612021	ttl	4	72	n/a	n/a	n/a	n/a	n/a	n/a	n/a	n/a	n/a	n/a	n/a	n/a	n/a	n/a	n/a	n/a	n/a	n/a	n/a	n/a	n/a	3060.106031	n/a
3060.115331	0.000000	612023	ttl	11	72	n/a	n/a	n/a	n/a	n/a	n/a	n/a	n/a	n/a	n/a	n/a	n/a	n/a	n/a	n/a	n/a	n/a	n/a	n/a	n/a	n/a	3060.115331	n/a
3060.681993	2.033524	612136	time_discrimination	n/a	n/a	n/a	72.0	n/a	n/a	n/a	3060.1153314999997	n/a	1.433089636033401	2.0	1	3.0	NB_15_ShortA.png	n/a	7	3064.14860625	n/a	178	2	2	intervals/timediscrimination_table	177	3060.681993	3062.715517
3060.681993	0.000000	612136	ttl	1	72	n/a	n/a	n/a	n/a	n/a	n/a	n/a	n/a	n/a	n/a	n/a	n/a	n/a	n/a	n/a	n/a	n/a	n/a	n/a	n/a	n/a	3060.681993	n/a
3062.715517	0.000000	612543	ttl	2	72	n/a	n/a	n/a	n/a	n/a	n/a	n/a	n/a	n/a	n/a	n/a	n/a	n/a	n/a	n/a	n/a	n/a	n/a	n/a	n/a	n/a	3062.715517	n/a
3064.148606	0.000000	612830	ttl	4	72	n/a	n/a	n/a	n/a	n/a	n/a	n/a	n/a	n/a	n/a	n/a	n/a	n/a	n/a	n/a	n/a	n/a	n/a	n/a	n/a	n/a	3064.148606	n/a
3064.201930	0.000000	612840	ttl	11	72	n/a	n/a	n/a	n/a	n/a	n/a	n/a	n/a	n/a	n/a	n/a	n/a	n/a	n/a	n/a	n/a	n/a	n/a	n/a	n/a	n/a	3064.201930	n/a
3064.823384	2.080586	612965	time_discrimination	n/a	n/a	n/a	72.0	n/a	n/a	n/a	3064.2019295	n/a	2.0392127110389993	1.0	2	1.0	SB_30_ShortA.png	n/a	5	3068.94318225	n/a	179	2	1	intervals/timediscrimination_table	178	3064.823384	3066.903969
3064.823384	0.000000	612965	ttl	1	72	n/a	n/a	n/a	n/a	n/a	n/a	n/a	n/a	n/a	n/a	n/a	n/a	n/a	n/a	n/a	n/a	n/a	n/a	n/a	n/a	n/a	3064.823384	n/a
3066.903969	0.000000	613381	ttl	2	72	n/a	n/a	n/a	n/a	n/a	n/a	n/a	n/a	n/a	n/a	n/a	n/a	n/a	n/a	n/a	n/a	n/a	n/a	n/a	n/a	n/a	3066.903969	n/a
3068.943182	0.000000	613789	ttl	4	72	n/a	n/a	n/a	n/a	n/a	n/a	n/a	n/a	n/a	n/a	n/a	n/a	n/a	n/a	n/a	n/a	n/a	n/a	n/a	n/a	n/a	3068.943182	n/a
3068.954714	0.000000	613791	ttl	11	72	n/a	n/a	n/a	n/a	n/a	n/a	n/a	n/a	n/a	n/a	n/a	n/a	n/a	n/a	n/a	n/a	n/a	n/a	n/a	n/a	n/a	3068.954714	n/a
3069.454152	2.032173	613891	time_discrimination	n/a	n/a	n/a	72.0	n/a	n/a	n/a	3068.95471375	n/a	2.131215793895535	1.0	2	3.0	SB_30_LongA.png	n/a	2	3073.61754075	n/a	180	1	2	intervals/timediscrimination_table	179	3069.454152	3071.486325
3069.454152	0.000000	613891	ttl	1	72	n/a	n/a	n/a	n/a	n/a	n/a	n/a	n/a	n/a	n/a	n/a	n/a	n/a	n/a	n/a	n/a	n/a	n/a	n/a	n/a	n/a	3069.454152	n/a
3071.486325	0.000000	614297	ttl	2	72	n/a	n/a	n/a	n/a	n/a	n/a	n/a	n/a	n/a	n/a	n/a	n/a	n/a	n/a	n/a	n/a	n/a	n/a	n/a	n/a	n/a	3071.486325	n/a
3073.617541	0.000000	614724	ttl	4	72	n/a	n/a	n/a	n/a	n/a	n/a	n/a	n/a	n/a	n/a	n/a	n/a	n/a	n/a	n/a	n/a	n/a	n/a	n/a	n/a	n/a	3073.617541	n/a
3073.668996	0.000000	614734	ttl	60	72	n/a	n/a	n/a	n/a	n/a	n/a	n/a	n/a	n/a	n/a	n/a	n/a	n/a	n/a	n/a	n/a	n/a	n/a	n/a	n/a	n/a	3073.668996	n/a
