onset	duration	sample	trial_type	value	experiment_id	Clip_name	ExperimentID	boundary1_time	boundary2_time	boundary3_time	fixcross_time	stimCategory	RT	accuracy	boundary_type	confidence	frameName	old_new	resp_value	source_response_time	stimuli_type	trial_num	leftright	resp_key	source_table	source_row_id	source_start_time	source_stop_time
0.000000	0.000000	0	ttl	61	70	n/a	n/a	n/a	n/a	n/a	n/a	n/a	n/a	n/a	n/a	n/a	n/a	n/a	n/a	n/a	n/a	n/a	n/a	n/a	n/a	n/a	0.000000	n/a
0.050540	0.000000	10	ttl	11	70	n/a	n/a	n/a	n/a	n/a	n/a	n/a	n/a	n/a	n/a	n/a	n/a	n/a	n/a	n/a	n/a	n/a	n/a	n/a	n/a	n/a	0.050540	n/a
1.098436	8.097790	220	encoding	n/a	n/a	SB_10.mp4	70.0	6.922879	n/a	n/a	0.0505395	1	n/a	n/a	n/a	n/a	n/a	n/a	n/a	n/a	n/a	n/a	n/a	n/a	intervals/encoding_table	0	1.098436	9.196226
1.098436	0.000000	220	ttl	1	70	n/a	n/a	n/a	n/a	n/a	n/a	n/a	n/a	n/a	n/a	n/a	n/a	n/a	n/a	n/a	n/a	n/a	n/a	n/a	n/a	n/a	1.098436	n/a
9.196226	0.000000	1839	ttl	2	70	n/a	n/a	n/a	n/a	n/a	n/a	n/a	n/a	n/a	n/a	n/a	n/a	n/a	n/a	n/a	n/a	n/a	n/a	n/a	n/a	n/a	9.196226	n/a
9.212482	0.000000	1842	ttl	11	70	n/a	n/a	n/a	n/a	n/a	n/a	n/a	n/a	n/a	n/a	n/a	n/a	n/a	n/a	n/a	n/a	n/a	n/a	n/a	n/a	n/a	9.212482	n/a
10.238829	8.667447	2048	encoding	n/a	n/a	NB_6.mp4	70.0	14.2388295	n/a	n/a	9.212482249999999	0	n/a	n/a	n/a	n/a	n/a	n/a	n/a	n/a	n/a	n/a	n/a	n/a	intervals/encoding_table	1	10.238829	18.906276
10.238829	0.000000	2048	ttl	1	70	n/a	n/a	n/a	n/a	n/a	n/a	n/a	n/a	n/a	n/a	n/a	n/a	n/a	n/a	n/a	n/a	n/a	n/a	n/a	n/a	n/a	10.238829	n/a
18.906276	0.000000	3781	ttl	2	70	n/a	n/a	n/a	n/a	n/a	n/a	n/a	n/a	n/a	n/a	n/a	n/a	n/a	n/a	n/a	n/a	n/a	n/a	n/a	n/a	n/a	18.906276	n/a
18.924613	0.000000	3785	ttl	11	70	n/a	n/a	n/a	n/a	n/a	n/a	n/a	n/a	n/a	n/a	n/a	n/a	n/a	n/a	n/a	n/a	n/a	n/a	n/a	n/a	n/a	18.924613	n/a
19.944593	8.028683	3989	encoding	n/a	n/a	HB_28.mp4	70.0	23.9445935	n/a	n/a	18.924612749999998	2	n/a	n/a	n/a	n/a	n/a	n/a	n/a	n/a	n/a	n/a	n/a	n/a	intervals/encoding_table	2	19.944593	27.973277
19.944593	0.000000	3989	ttl	1	70	n/a	n/a	n/a	n/a	n/a	n/a	n/a	n/a	n/a	n/a	n/a	n/a	n/a	n/a	n/a	n/a	n/a	n/a	n/a	n/a	n/a	19.944593	n/a
27.973277	0.000000	5595	ttl	2	70	n/a	n/a	n/a	n/a	n/a	n/a	n/a	n/a	n/a	n/a	n/a	n/a	n/a	n/a	n/a	n/a	n/a	n/a	n/a	n/a	n/a	27.973277	n/a
27.991779	0.000000	5598	ttl	11	70	n/a	n/a	n/a	n/a	n/a	n/a	n/a	n/a	n/a	n/a	n/a	n/a	n/a	n/a	n/a	n/a	n/a	n/a	n/a	n/a	n/a	27.991779	n/a
28.939892	7.530962	5788	encoding	n/a	n/a	SB_3.mp4	70.0	30.57482575	n/a	n/a	27.99177925	1	n/a	n/a	n/a	n/a	n/a	n/a	n/a	n/a	n/a	n/a	n/a	n/a	intervals/encoding_table	3	28.939892	36.470853
28.939892	0.000000	5788	ttl	1	70	n/a	n/a	n/a	n/a	n/a	n/a	n/a	n/a	n/a	n/a	n/a	n/a	n/a	n/a	n/a	n/a	n/a	n/a	n/a	n/a	n/a	28.939892	n/a
36.470853	0.000000	7294	ttl	2	70	n/a	n/a	n/a	n/a	n/a	n/a	n/a	n/a	n/a	n/a	n/a	n/a	n/a	n/a	n/a	n/a	n/a	n/a	n/a	n/a	n/a	36.470853	n/a
36.489356	0.000000	7298	ttl	11	70	n/a	n/a	n/a	n/a	n/a	n/a	n/a	n/a	n/a	n/a	n/a	n/a	n/a	n/a	n/a	n/a	n/a	n/a	n/a	n/a	n/a	36.489356	n/a
37.445825	7.980225	7489	encoding	n/a	n/a	HB_5.mp4	70.0	41.44582525	43.505323999999995	n/a	36.489356	2	n/a	n/a	n/a	n/a	n/a	n/a	n/a	n/a	n/a	n/a	n/a	n/a	intervals/encoding_table	4	37.445825	45.426050
37.445825	0.000000	7489	ttl	1	70	n/a	n/a	n/a	n/a	n/a	n/a	n/a	n/a	n/a	n/a	n/a	n/a	n/a	n/a	n/a	n/a	n/a	n/a	n/a	n/a	n/a	37.445825	n/a
45.426050	0.000000	9085	ttl	2	70	n/a	n/a	n/a	n/a	n/a	n/a	n/a	n/a	n/a	n/a	n/a	n/a	n/a	n/a	n/a	n/a	n/a	n/a	n/a	n/a	n/a	45.426050	n/a
58.461776	0.000000	11692	ttl	11	70	n/a	n/a	n/a	n/a	n/a	n/a	n/a	n/a	n/a	n/a	n/a	n/a	n/a	n/a	n/a	n/a	n/a	n/a	n/a	n/a	n/a	58.461776	n/a
59.521523	7.965875	11904	encoding	n/a	n/a	NB_8.mp4	70.0	63.521523249999994	n/a	n/a	58.461776	0	n/a	n/a	n/a	n/a	n/a	n/a	n/a	n/a	n/a	n/a	n/a	n/a	intervals/encoding_table	5	59.521523	67.487398
59.521523	0.000000	11904	ttl	1	70	n/a	n/a	n/a	n/a	n/a	n/a	n/a	n/a	n/a	n/a	n/a	n/a	n/a	n/a	n/a	n/a	n/a	n/a	n/a	n/a	n/a	59.521523	n/a
67.487398	0.000000	13497	ttl	2	70	n/a	n/a	n/a	n/a	n/a	n/a	n/a	n/a	n/a	n/a	n/a	n/a	n/a	n/a	n/a	n/a	n/a	n/a	n/a	n/a	n/a	67.487398	n/a
67.505933	0.000000	13501	ttl	11	70	n/a	n/a	n/a	n/a	n/a	n/a	n/a	n/a	n/a	n/a	n/a	n/a	n/a	n/a	n/a	n/a	n/a	n/a	n/a	n/a	n/a	67.505933	n/a
68.523322	8.031266	13705	encoding	n/a	n/a	NB_1.mp4	70.0	72.523322	n/a	n/a	67.505933	0	n/a	n/a	n/a	n/a	n/a	n/a	n/a	n/a	n/a	n/a	n/a	n/a	intervals/encoding_table	6	68.523322	76.554588
68.523322	0.000000	13705	ttl	1	70	n/a	n/a	n/a	n/a	n/a	n/a	n/a	n/a	n/a	n/a	n/a	n/a	n/a	n/a	n/a	n/a	n/a	n/a	n/a	n/a	n/a	68.523322	n/a
76.554588	0.000000	15311	ttl	2	70	n/a	n/a	n/a	n/a	n/a	n/a	n/a	n/a	n/a	n/a	n/a	n/a	n/a	n/a	n/a	n/a	n/a	n/a	n/a	n/a	n/a	76.554588	n/a
76.573426	0.000000	15315	ttl	11	70	n/a	n/a	n/a	n/a	n/a	n/a	n/a	n/a	n/a	n/a	n/a	n/a	n/a	n/a	n/a	n/a	n/a	n/a	n/a	n/a	n/a	76.573426	n/a
77.533777	8.030431	15507	encoding	n/a	n/a	HB_17.mp4	70.0	81.533777	n/a	n/a	76.5734265	2	n/a	n/a	n/a	n/a	n/a	n/a	n/a	n/a	n/a	n/a	n/a	n/a	intervals/encoding_table	7	77.533777	85.564208
77.533777	0.000000	15507	ttl	1	70	n/a	n/a	n/a	n/a	n/a	n/a	n/a	n/a	n/a	n/a	n/a	n/a	n/a	n/a	n/a	n/a	n/a	n/a	n/a	n/a	n/a	77.533777	n/a
85.564208	0.000000	17113	ttl	2	70	n/a	n/a	n/a	n/a	n/a	n/a	n/a	n/a	n/a	n/a	n/a	n/a	n/a	n/a	n/a	n/a	n/a	n/a	n/a	n/a	n/a	85.564208	n/a
85.583141	0.000000	17117	ttl	11	70	n/a	n/a	n/a	n/a	n/a	n/a	n/a	n/a	n/a	n/a	n/a	n/a	n/a	n/a	n/a	n/a	n/a	n/a	n/a	n/a	n/a	85.583141	n/a
86.542363	7.895964	17308	encoding	n/a	n/a	HB_30.mp4	70.0	90.5423635	n/a	n/a	85.583141	2	n/a	n/a	n/a	n/a	n/a	n/a	n/a	n/a	n/a	n/a	n/a	n/a	intervals/encoding_table	8	86.542363	94.438327
86.542363	0.000000	17308	ttl	1	70	n/a	n/a	n/a	n/a	n/a	n/a	n/a	n/a	n/a	n/a	n/a	n/a	n/a	n/a	n/a	n/a	n/a	n/a	n/a	n/a	n/a	86.542363	n/a
94.438327	0.000000	18888	ttl	2	70	n/a	n/a	n/a	n/a	n/a	n/a	n/a	n/a	n/a	n/a	n/a	n/a	n/a	n/a	n/a	n/a	n/a	n/a	n/a	n/a	n/a	94.438327	n/a
94.457265	0.000000	18891	ttl	11	70	n/a	n/a	n/a	n/a	n/a	n/a	n/a	n/a	n/a	n/a	n/a	n/a	n/a	n/a	n/a	n/a	n/a	n/a	n/a	n/a	n/a	94.457265	n/a
95.402306	8.432882	19080	encoding	n/a	n/a	HB_22.mp4	70.0	99.402306	n/a	n/a	94.45726499999999	2	n/a	n/a	n/a	n/a	n/a	n/a	n/a	n/a	n/a	n/a	n/a	n/a	intervals/encoding_table	9	95.402306	103.835188
95.402306	0.000000	19080	ttl	1	70	n/a	n/a	n/a	n/a	n/a	n/a	n/a	n/a	n/a	n/a	n/a	n/a	n/a	n/a	n/a	n/a	n/a	n/a	n/a	n/a	n/a	95.402306	n/a
103.835188	0.000000	20767	ttl	2	70	n/a	n/a	n/a	n/a	n/a	n/a	n/a	n/a	n/a	n/a	n/a	n/a	n/a	n/a	n/a	n/a	n/a	n/a	n/a	n/a	n/a	103.835188	n/a
113.466637	0.000000	22693	ttl	11	70	n/a	n/a	n/a	n/a	n/a	n/a	n/a	n/a	n/a	n/a	n/a	n/a	n/a	n/a	n/a	n/a	n/a	n/a	n/a	n/a	n/a	113.466637	n/a
114.467725	7.964255	22894	encoding	n/a	n/a	HB_24.mp4	70.0	118.46772525	n/a	n/a	113.46663674999999	2	n/a	n/a	n/a	n/a	n/a	n/a	n/a	n/a	n/a	n/a	n/a	n/a	intervals/encoding_table	10	114.467725	122.431981
114.467725	0.000000	22894	ttl	1	70	n/a	n/a	n/a	n/a	n/a	n/a	n/a	n/a	n/a	n/a	n/a	n/a	n/a	n/a	n/a	n/a	n/a	n/a	n/a	n/a	n/a	114.467725	n/a
122.431981	0.000000	24486	ttl	2	70	n/a	n/a	n/a	n/a	n/a	n/a	n/a	n/a	n/a	n/a	n/a	n/a	n/a	n/a	n/a	n/a	n/a	n/a	n/a	n/a	n/a	122.431981	n/a
122.451185	0.000000	24490	ttl	11	70	n/a	n/a	n/a	n/a	n/a	n/a	n/a	n/a	n/a	n/a	n/a	n/a	n/a	n/a	n/a	n/a	n/a	n/a	n/a	n/a	n/a	122.451185	n/a
123.464192	8.064696	24693	encoding	n/a	n/a	HB_18.mp4	70.0	127.46419225	n/a	n/a	122.451185	2	n/a	n/a	n/a	n/a	n/a	n/a	n/a	n/a	n/a	n/a	n/a	n/a	intervals/encoding_table	11	123.464192	131.528889
123.464192	0.000000	24693	ttl	1	70	n/a	n/a	n/a	n/a	n/a	n/a	n/a	n/a	n/a	n/a	n/a	n/a	n/a	n/a	n/a	n/a	n/a	n/a	n/a	n/a	n/a	123.464192	n/a
131.528889	0.000000	26306	ttl	2	70	n/a	n/a	n/a	n/a	n/a	n/a	n/a	n/a	n/a	n/a	n/a	n/a	n/a	n/a	n/a	n/a	n/a	n/a	n/a	n/a	n/a	131.528889	n/a
131.547792	0.000000	26310	ttl	11	70	n/a	n/a	n/a	n/a	n/a	n/a	n/a	n/a	n/a	n/a	n/a	n/a	n/a	n/a	n/a	n/a	n/a	n/a	n/a	n/a	n/a	131.547792	n/a
132.461571	8.265128	26492	encoding	n/a	n/a	HB_27.mp4	70.0	136.461571	n/a	n/a	131.54779175	2	n/a	n/a	n/a	n/a	n/a	n/a	n/a	n/a	n/a	n/a	n/a	n/a	intervals/encoding_table	12	132.461571	140.726699
132.461571	0.000000	26492	ttl	1	70	n/a	n/a	n/a	n/a	n/a	n/a	n/a	n/a	n/a	n/a	n/a	n/a	n/a	n/a	n/a	n/a	n/a	n/a	n/a	n/a	n/a	132.461571	n/a
140.726699	0.000000	28145	ttl	2	70	n/a	n/a	n/a	n/a	n/a	n/a	n/a	n/a	n/a	n/a	n/a	n/a	n/a	n/a	n/a	n/a	n/a	n/a	n/a	n/a	n/a	140.726699	n/a
140.745435	0.000000	28149	ttl	11	70	n/a	n/a	n/a	n/a	n/a	n/a	n/a	n/a	n/a	n/a	n/a	n/a	n/a	n/a	n/a	n/a	n/a	n/a	n/a	n/a	n/a	140.745435	n/a
141.678215	8.664400	28336	encoding	n/a	n/a	SB_20.mp4	70.0	144.59720025	145.93957375	n/a	140.74543475	1	n/a	n/a	n/a	n/a	n/a	n/a	n/a	n/a	n/a	n/a	n/a	n/a	intervals/encoding_table	13	141.678215	150.342615
141.678215	0.000000	28336	ttl	1	70	n/a	n/a	n/a	n/a	n/a	n/a	n/a	n/a	n/a	n/a	n/a	n/a	n/a	n/a	n/a	n/a	n/a	n/a	n/a	n/a	n/a	141.678215	n/a
150.342615	0.000000	30069	ttl	2	70	n/a	n/a	n/a	n/a	n/a	n/a	n/a	n/a	n/a	n/a	n/a	n/a	n/a	n/a	n/a	n/a	n/a	n/a	n/a	n/a	n/a	150.342615	n/a
150.361514	0.000000	30072	ttl	11	70	n/a	n/a	n/a	n/a	n/a	n/a	n/a	n/a	n/a	n/a	n/a	n/a	n/a	n/a	n/a	n/a	n/a	n/a	n/a	n/a	n/a	150.361514	n/a
151.363618	8.197017	30273	encoding	n/a	n/a	NB_18.mp4	70.0	155.36361825	n/a	n/a	150.3615145	0	n/a	n/a	n/a	n/a	n/a	n/a	n/a	n/a	n/a	n/a	n/a	n/a	intervals/encoding_table	14	151.363618	159.560635
151.363618	0.000000	30273	ttl	1	70	n/a	n/a	n/a	n/a	n/a	n/a	n/a	n/a	n/a	n/a	n/a	n/a	n/a	n/a	n/a	n/a	n/a	n/a	n/a	n/a	n/a	151.363618	n/a
159.560635	0.000000	31912	ttl	2	70	n/a	n/a	n/a	n/a	n/a	n/a	n/a	n/a	n/a	n/a	n/a	n/a	n/a	n/a	n/a	n/a	n/a	n/a	n/a	n/a	n/a	159.560635	n/a
159.579545	0.000000	31916	ttl	11	70	n/a	n/a	n/a	n/a	n/a	n/a	n/a	n/a	n/a	n/a	n/a	n/a	n/a	n/a	n/a	n/a	n/a	n/a	n/a	n/a	n/a	159.579545	n/a
160.587853	7.832155	32118	encoding	n/a	n/a	HB_29.mp4	70.0	164.58785325	n/a	n/a	159.5795455	2	n/a	n/a	n/a	n/a	n/a	n/a	n/a	n/a	n/a	n/a	n/a	n/a	intervals/encoding_table	15	160.587853	168.420009
160.587853	0.000000	32118	ttl	1	70	n/a	n/a	n/a	n/a	n/a	n/a	n/a	n/a	n/a	n/a	n/a	n/a	n/a	n/a	n/a	n/a	n/a	n/a	n/a	n/a	n/a	160.587853	n/a
168.420009	0.000000	33684	ttl	2	70	n/a	n/a	n/a	n/a	n/a	n/a	n/a	n/a	n/a	n/a	n/a	n/a	n/a	n/a	n/a	n/a	n/a	n/a	n/a	n/a	n/a	168.420009	n/a
168.438949	0.000000	33688	ttl	11	70	n/a	n/a	n/a	n/a	n/a	n/a	n/a	n/a	n/a	n/a	n/a	n/a	n/a	n/a	n/a	n/a	n/a	n/a	n/a	n/a	n/a	168.438949	n/a
169.440956	8.265986	33888	encoding	n/a	n/a	NB_21.mp4	70.0	173.44095625	n/a	n/a	168.43894899999998	0	n/a	n/a	n/a	n/a	n/a	n/a	n/a	n/a	n/a	n/a	n/a	n/a	intervals/encoding_table	16	169.440956	177.706942
169.440956	0.000000	33888	ttl	1	70	n/a	n/a	n/a	n/a	n/a	n/a	n/a	n/a	n/a	n/a	n/a	n/a	n/a	n/a	n/a	n/a	n/a	n/a	n/a	n/a	n/a	169.440956	n/a
177.706942	0.000000	35541	ttl	2	70	n/a	n/a	n/a	n/a	n/a	n/a	n/a	n/a	n/a	n/a	n/a	n/a	n/a	n/a	n/a	n/a	n/a	n/a	n/a	n/a	n/a	177.706942	n/a
227.152481	0.000000	45430	ttl	11	70	n/a	n/a	n/a	n/a	n/a	n/a	n/a	n/a	n/a	n/a	n/a	n/a	n/a	n/a	n/a	n/a	n/a	n/a	n/a	n/a	n/a	227.152481	n/a
228.076865	7.166065	45615	encoding	n/a	n/a	NB_20.mp4	70.0	232.07686475	n/a	n/a	227.15248125	0	n/a	n/a	n/a	n/a	n/a	n/a	n/a	n/a	n/a	n/a	n/a	n/a	intervals/encoding_table	17	228.076865	235.242930
228.076865	0.000000	45615	ttl	1	70	n/a	n/a	n/a	n/a	n/a	n/a	n/a	n/a	n/a	n/a	n/a	n/a	n/a	n/a	n/a	n/a	n/a	n/a	n/a	n/a	n/a	228.076865	n/a
235.242930	0.000000	47049	ttl	2	70	n/a	n/a	n/a	n/a	n/a	n/a	n/a	n/a	n/a	n/a	n/a	n/a	n/a	n/a	n/a	n/a	n/a	n/a	n/a	n/a	n/a	235.242930	n/a
235.261777	0.000000	47052	ttl	11	70	n/a	n/a	n/a	n/a	n/a	n/a	n/a	n/a	n/a	n/a	n/a	n/a	n/a	n/a	n/a	n/a	n/a	n/a	n/a	n/a	n/a	235.261777	n/a
236.192927	8.050064	47239	encoding	n/a	n/a	HB_1.mp4	70.0	240.19292725	237.74497749999998	n/a	235.26177725	2	n/a	n/a	n/a	n/a	n/a	n/a	n/a	n/a	n/a	n/a	n/a	n/a	intervals/encoding_table	18	236.192927	244.242991
236.192927	0.000000	47239	ttl	1	70	n/a	n/a	n/a	n/a	n/a	n/a	n/a	n/a	n/a	n/a	n/a	n/a	n/a	n/a	n/a	n/a	n/a	n/a	n/a	n/a	n/a	236.192927	n/a
244.242991	0.000000	48849	ttl	2	70	n/a	n/a	n/a	n/a	n/a	n/a	n/a	n/a	n/a	n/a	n/a	n/a	n/a	n/a	n/a	n/a	n/a	n/a	n/a	n/a	n/a	244.242991	n/a
244.261831	0.000000	48852	ttl	11	70	n/a	n/a	n/a	n/a	n/a	n/a	n/a	n/a	n/a	n/a	n/a	n/a	n/a	n/a	n/a	n/a	n/a	n/a	n/a	n/a	n/a	244.261831	n/a
245.243660	7.932216	49049	encoding	n/a	n/a	SB_23.mp4	70.0	247.94191849999999	249.49576449999998	n/a	244.26183075	1	n/a	n/a	n/a	n/a	n/a	n/a	n/a	n/a	n/a	n/a	n/a	n/a	intervals/encoding_table	19	245.243660	253.175876
245.243660	0.000000	49049	ttl	1	70	n/a	n/a	n/a	n/a	n/a	n/a	n/a	n/a	n/a	n/a	n/a	n/a	n/a	n/a	n/a	n/a	n/a	n/a	n/a	n/a	n/a	245.243660	n/a
253.175876	0.000000	50635	ttl	2	70	n/a	n/a	n/a	n/a	n/a	n/a	n/a	n/a	n/a	n/a	n/a	n/a	n/a	n/a	n/a	n/a	n/a	n/a	n/a	n/a	n/a	253.175876	n/a
253.194726	0.000000	50639	ttl	11	70	n/a	n/a	n/a	n/a	n/a	n/a	n/a	n/a	n/a	n/a	n/a	n/a	n/a	n/a	n/a	n/a	n/a	n/a	n/a	n/a	n/a	253.194726	n/a
254.233456	7.996109	50847	encoding	n/a	n/a	NB_19.mp4	70.0	258.2334565	n/a	n/a	253.19472599999997	0	n/a	n/a	n/a	n/a	n/a	n/a	n/a	n/a	n/a	n/a	n/a	n/a	intervals/encoding_table	20	254.233456	262.229566
254.233456	0.000000	50847	ttl	1	70	n/a	n/a	n/a	n/a	n/a	n/a	n/a	n/a	n/a	n/a	n/a	n/a	n/a	n/a	n/a	n/a	n/a	n/a	n/a	n/a	n/a	254.233456	n/a
262.229566	0.000000	52446	ttl	2	70	n/a	n/a	n/a	n/a	n/a	n/a	n/a	n/a	n/a	n/a	n/a	n/a	n/a	n/a	n/a	n/a	n/a	n/a	n/a	n/a	n/a	262.229566	n/a
262.248460	0.000000	52450	ttl	11	70	n/a	n/a	n/a	n/a	n/a	n/a	n/a	n/a	n/a	n/a	n/a	n/a	n/a	n/a	n/a	n/a	n/a	n/a	n/a	n/a	n/a	262.248460	n/a
263.304615	7.764467	52661	encoding	n/a	n/a	NB_23.mp4	70.0	267.30461475	n/a	n/a	262.24846049999996	0	n/a	n/a	n/a	n/a	n/a	n/a	n/a	n/a	n/a	n/a	n/a	n/a	intervals/encoding_table	21	263.304615	271.069081
263.304615	0.000000	52661	ttl	1	70	n/a	n/a	n/a	n/a	n/a	n/a	n/a	n/a	n/a	n/a	n/a	n/a	n/a	n/a	n/a	n/a	n/a	n/a	n/a	n/a	n/a	263.304615	n/a
271.069081	0.000000	54214	ttl	2	70	n/a	n/a	n/a	n/a	n/a	n/a	n/a	n/a	n/a	n/a	n/a	n/a	n/a	n/a	n/a	n/a	n/a	n/a	n/a	n/a	n/a	271.069081	n/a
271.088209	0.000000	54218	ttl	11	70	n/a	n/a	n/a	n/a	n/a	n/a	n/a	n/a	n/a	n/a	n/a	n/a	n/a	n/a	n/a	n/a	n/a	n/a	n/a	n/a	n/a	271.088209	n/a
272.115481	8.062028	54423	encoding	n/a	n/a	SB_12.mp4	70.0	277.9684455	n/a	n/a	271.08820875	1	n/a	n/a	n/a	n/a	n/a	n/a	n/a	n/a	n/a	n/a	n/a	n/a	intervals/encoding_table	22	272.115481	280.177510
272.115481	0.000000	54423	ttl	1	70	n/a	n/a	n/a	n/a	n/a	n/a	n/a	n/a	n/a	n/a	n/a	n/a	n/a	n/a	n/a	n/a	n/a	n/a	n/a	n/a	n/a	272.115481	n/a
280.177510	0.000000	56036	ttl	2	70	n/a	n/a	n/a	n/a	n/a	n/a	n/a	n/a	n/a	n/a	n/a	n/a	n/a	n/a	n/a	n/a	n/a	n/a	n/a	n/a	n/a	280.177510	n/a
287.019405	0.000000	57404	ttl	11	70	n/a	n/a	n/a	n/a	n/a	n/a	n/a	n/a	n/a	n/a	n/a	n/a	n/a	n/a	n/a	n/a	n/a	n/a	n/a	n/a	n/a	287.019405	n/a
288.035766	7.947296	57607	encoding	n/a	n/a	HB_2.mp4	70.0	292.03576625	290.3951715	n/a	287.01940525	2	n/a	n/a	n/a	n/a	n/a	n/a	n/a	n/a	n/a	n/a	n/a	n/a	intervals/encoding_table	23	288.035766	295.983062
288.035766	0.000000	57607	ttl	1	70	n/a	n/a	n/a	n/a	n/a	n/a	n/a	n/a	n/a	n/a	n/a	n/a	n/a	n/a	n/a	n/a	n/a	n/a	n/a	n/a	n/a	288.035766	n/a
295.983062	0.000000	59197	ttl	2	70	n/a	n/a	n/a	n/a	n/a	n/a	n/a	n/a	n/a	n/a	n/a	n/a	n/a	n/a	n/a	n/a	n/a	n/a	n/a	n/a	n/a	295.983062	n/a
296.002003	0.000000	59200	ttl	11	70	n/a	n/a	n/a	n/a	n/a	n/a	n/a	n/a	n/a	n/a	n/a	n/a	n/a	n/a	n/a	n/a	n/a	n/a	n/a	n/a	n/a	296.002003	n/a
297.096949	7.299609	59419	encoding	n/a	n/a	NB_28.mp4	70.0	301.0969495	n/a	n/a	296.002003	0	n/a	n/a	n/a	n/a	n/a	n/a	n/a	n/a	n/a	n/a	n/a	n/a	intervals/encoding_table	24	297.096949	304.396559
297.096949	0.000000	59419	ttl	1	70	n/a	n/a	n/a	n/a	n/a	n/a	n/a	n/a	n/a	n/a	n/a	n/a	n/a	n/a	n/a	n/a	n/a	n/a	n/a	n/a	n/a	297.096949	n/a
304.396559	0.000000	60879	ttl	2	70	n/a	n/a	n/a	n/a	n/a	n/a	n/a	n/a	n/a	n/a	n/a	n/a	n/a	n/a	n/a	n/a	n/a	n/a	n/a	n/a	n/a	304.396559	n/a
304.415520	0.000000	60883	ttl	11	70	n/a	n/a	n/a	n/a	n/a	n/a	n/a	n/a	n/a	n/a	n/a	n/a	n/a	n/a	n/a	n/a	n/a	n/a	n/a	n/a	n/a	304.415520	n/a
305.421448	8.232906	61084	encoding	n/a	n/a	SB_19.mp4	70.0	308.0058625	310.31681825	n/a	304.41551999999996	1	n/a	n/a	n/a	n/a	n/a	n/a	n/a	n/a	n/a	n/a	n/a	n/a	intervals/encoding_table	25	305.421448	313.654354
305.421448	0.000000	61084	ttl	1	70	n/a	n/a	n/a	n/a	n/a	n/a	n/a	n/a	n/a	n/a	n/a	n/a	n/a	n/a	n/a	n/a	n/a	n/a	n/a	n/a	n/a	305.421448	n/a
313.654354	0.000000	62731	ttl	2	70	n/a	n/a	n/a	n/a	n/a	n/a	n/a	n/a	n/a	n/a	n/a	n/a	n/a	n/a	n/a	n/a	n/a	n/a	n/a	n/a	n/a	313.654354	n/a
313.673301	0.000000	62735	ttl	11	70	n/a	n/a	n/a	n/a	n/a	n/a	n/a	n/a	n/a	n/a	n/a	n/a	n/a	n/a	n/a	n/a	n/a	n/a	n/a	n/a	n/a	313.673301	n/a
314.630975	8.163070	62926	encoding	n/a	n/a	NB_7.mp4	70.0	318.630975	n/a	n/a	313.67330075	0	n/a	n/a	n/a	n/a	n/a	n/a	n/a	n/a	n/a	n/a	n/a	n/a	intervals/encoding_table	26	314.630975	322.794044
314.630975	0.000000	62926	ttl	1	70	n/a	n/a	n/a	n/a	n/a	n/a	n/a	n/a	n/a	n/a	n/a	n/a	n/a	n/a	n/a	n/a	n/a	n/a	n/a	n/a	n/a	314.630975	n/a
322.794044	0.000000	64559	ttl	2	70	n/a	n/a	n/a	n/a	n/a	n/a	n/a	n/a	n/a	n/a	n/a	n/a	n/a	n/a	n/a	n/a	n/a	n/a	n/a	n/a	n/a	322.794044	n/a
322.812998	0.000000	64563	ttl	11	70	n/a	n/a	n/a	n/a	n/a	n/a	n/a	n/a	n/a	n/a	n/a	n/a	n/a	n/a	n/a	n/a	n/a	n/a	n/a	n/a	n/a	322.812998	n/a
323.752240	8.033364	64750	encoding	n/a	n/a	HB_14.mp4	70.0	327.75223975	326.4999315	329.67400225	322.812998	2	n/a	n/a	n/a	n/a	n/a	n/a	n/a	n/a	n/a	n/a	n/a	n/a	intervals/encoding_table	27	323.752240	331.785604
323.752240	0.000000	64750	ttl	1	70	n/a	n/a	n/a	n/a	n/a	n/a	n/a	n/a	n/a	n/a	n/a	n/a	n/a	n/a	n/a	n/a	n/a	n/a	n/a	n/a	n/a	323.752240	n/a
331.785604	0.000000	66357	ttl	2	70	n/a	n/a	n/a	n/a	n/a	n/a	n/a	n/a	n/a	n/a	n/a	n/a	n/a	n/a	n/a	n/a	n/a	n/a	n/a	n/a	n/a	331.785604	n/a
331.804533	0.000000	66361	ttl	11	70	n/a	n/a	n/a	n/a	n/a	n/a	n/a	n/a	n/a	n/a	n/a	n/a	n/a	n/a	n/a	n/a	n/a	n/a	n/a	n/a	n/a	331.804533	n/a
332.747607	8.165859	66550	encoding	n/a	n/a	SB_2.mp4	70.0	338.276567	n/a	n/a	331.80453274999996	1	n/a	n/a	n/a	n/a	n/a	n/a	n/a	n/a	n/a	n/a	n/a	n/a	intervals/encoding_table	28	332.747607	340.913466
332.747607	0.000000	66550	ttl	1	70	n/a	n/a	n/a	n/a	n/a	n/a	n/a	n/a	n/a	n/a	n/a	n/a	n/a	n/a	n/a	n/a	n/a	n/a	n/a	n/a	n/a	332.747607	n/a
340.913466	0.000000	68183	ttl	2	70	n/a	n/a	n/a	n/a	n/a	n/a	n/a	n/a	n/a	n/a	n/a	n/a	n/a	n/a	n/a	n/a	n/a	n/a	n/a	n/a	n/a	340.913466	n/a
340.932192	0.000000	68186	ttl	11	70	n/a	n/a	n/a	n/a	n/a	n/a	n/a	n/a	n/a	n/a	n/a	n/a	n/a	n/a	n/a	n/a	n/a	n/a	n/a	n/a	n/a	340.932192	n/a
341.919725	7.929911	68384	encoding	n/a	n/a	NB_3.mp4	70.0	345.91972499999997	n/a	n/a	340.93219224999996	0	n/a	n/a	n/a	n/a	n/a	n/a	n/a	n/a	n/a	n/a	n/a	n/a	intervals/encoding_table	29	341.919725	349.849635
341.919725	0.000000	68384	ttl	1	70	n/a	n/a	n/a	n/a	n/a	n/a	n/a	n/a	n/a	n/a	n/a	n/a	n/a	n/a	n/a	n/a	n/a	n/a	n/a	n/a	n/a	341.919725	n/a
349.849635	0.000000	69970	ttl	2	70	n/a	n/a	n/a	n/a	n/a	n/a	n/a	n/a	n/a	n/a	n/a	n/a	n/a	n/a	n/a	n/a	n/a	n/a	n/a	n/a	n/a	349.849635	n/a
361.852581	0.000000	72371	ttl	11	70	n/a	n/a	n/a	n/a	n/a	n/a	n/a	n/a	n/a	n/a	n/a	n/a	n/a	n/a	n/a	n/a	n/a	n/a	n/a	n/a	n/a	361.852581	n/a
362.865971	7.863858	72573	encoding	n/a	n/a	SB_4.mp4	70.0	368.43285	n/a	n/a	361.852581	1	n/a	n/a	n/a	n/a	n/a	n/a	n/a	n/a	n/a	n/a	n/a	n/a	intervals/encoding_table	30	362.865971	370.729829
362.865971	0.000000	72573	ttl	1	70	n/a	n/a	n/a	n/a	n/a	n/a	n/a	n/a	n/a	n/a	n/a	n/a	n/a	n/a	n/a	n/a	n/a	n/a	n/a	n/a	n/a	362.865971	n/a
370.729829	0.000000	74146	ttl	2	70	n/a	n/a	n/a	n/a	n/a	n/a	n/a	n/a	n/a	n/a	n/a	n/a	n/a	n/a	n/a	n/a	n/a	n/a	n/a	n/a	n/a	370.729829	n/a
370.748756	0.000000	74150	ttl	11	70	n/a	n/a	n/a	n/a	n/a	n/a	n/a	n/a	n/a	n/a	n/a	n/a	n/a	n/a	n/a	n/a	n/a	n/a	n/a	n/a	n/a	370.748756	n/a
371.831873	7.932586	74366	encoding	n/a	n/a	SB_9.mp4	70.0	377.61940749999997	n/a	n/a	370.74875649999996	1	n/a	n/a	n/a	n/a	n/a	n/a	n/a	n/a	n/a	n/a	n/a	n/a	intervals/encoding_table	31	371.831873	379.764459
371.831873	0.000000	74366	ttl	1	70	n/a	n/a	n/a	n/a	n/a	n/a	n/a	n/a	n/a	n/a	n/a	n/a	n/a	n/a	n/a	n/a	n/a	n/a	n/a	n/a	n/a	371.831873	n/a
379.764459	0.000000	75953	ttl	2	70	n/a	n/a	n/a	n/a	n/a	n/a	n/a	n/a	n/a	n/a	n/a	n/a	n/a	n/a	n/a	n/a	n/a	n/a	n/a	n/a	n/a	379.764459	n/a
379.783403	0.000000	75957	ttl	11	70	n/a	n/a	n/a	n/a	n/a	n/a	n/a	n/a	n/a	n/a	n/a	n/a	n/a	n/a	n/a	n/a	n/a	n/a	n/a	n/a	n/a	379.783403	n/a
380.746623	8.066316	76149	encoding	n/a	n/a	HB_20.mp4	70.0	384.7466225	n/a	n/a	379.78340299999996	2	n/a	n/a	n/a	n/a	n/a	n/a	n/a	n/a	n/a	n/a	n/a	n/a	intervals/encoding_table	32	380.746623	388.812938
380.746623	0.000000	76149	ttl	1	70	n/a	n/a	n/a	n/a	n/a	n/a	n/a	n/a	n/a	n/a	n/a	n/a	n/a	n/a	n/a	n/a	n/a	n/a	n/a	n/a	n/a	380.746623	n/a
388.812938	0.000000	77763	ttl	2	70	n/a	n/a	n/a	n/a	n/a	n/a	n/a	n/a	n/a	n/a	n/a	n/a	n/a	n/a	n/a	n/a	n/a	n/a	n/a	n/a	n/a	388.812938	n/a
388.831786	0.000000	77766	ttl	11	70	n/a	n/a	n/a	n/a	n/a	n/a	n/a	n/a	n/a	n/a	n/a	n/a	n/a	n/a	n/a	n/a	n/a	n/a	n/a	n/a	n/a	388.831786	n/a
389.787991	7.998689	77958	encoding	n/a	n/a	SB_24.mp4	70.0	392.65597775	393.7483205	n/a	388.83178649999996	1	n/a	n/a	n/a	n/a	n/a	n/a	n/a	n/a	n/a	n/a	n/a	n/a	intervals/encoding_table	33	389.787991	397.786680
389.787991	0.000000	77958	ttl	1	70	n/a	n/a	n/a	n/a	n/a	n/a	n/a	n/a	n/a	n/a	n/a	n/a	n/a	n/a	n/a	n/a	n/a	n/a	n/a	n/a	n/a	389.787991	n/a
397.786680	0.000000	79557	ttl	2	70	n/a	n/a	n/a	n/a	n/a	n/a	n/a	n/a	n/a	n/a	n/a	n/a	n/a	n/a	n/a	n/a	n/a	n/a	n/a	n/a	n/a	397.786680	n/a
397.805590	0.000000	79561	ttl	11	70	n/a	n/a	n/a	n/a	n/a	n/a	n/a	n/a	n/a	n/a	n/a	n/a	n/a	n/a	n/a	n/a	n/a	n/a	n/a	n/a	n/a	397.805590	n/a
398.829370	8.197239	79766	encoding	n/a	n/a	HB_19.mp4	70.0	402.82937	n/a	n/a	397.80559024999997	2	n/a	n/a	n/a	n/a	n/a	n/a	n/a	n/a	n/a	n/a	n/a	n/a	intervals/encoding_table	34	398.829370	407.026609
398.829370	0.000000	79766	ttl	1	70	n/a	n/a	n/a	n/a	n/a	n/a	n/a	n/a	n/a	n/a	n/a	n/a	n/a	n/a	n/a	n/a	n/a	n/a	n/a	n/a	n/a	398.829370	n/a
407.026609	0.000000	81405	ttl	2	70	n/a	n/a	n/a	n/a	n/a	n/a	n/a	n/a	n/a	n/a	n/a	n/a	n/a	n/a	n/a	n/a	n/a	n/a	n/a	n/a	n/a	407.026609	n/a
407.045531	0.000000	81409	ttl	11	70	n/a	n/a	n/a	n/a	n/a	n/a	n/a	n/a	n/a	n/a	n/a	n/a	n/a	n/a	n/a	n/a	n/a	n/a	n/a	n/a	n/a	407.045531	n/a
407.989620	8.064234	81598	encoding	n/a	n/a	HB_16.mp4	70.0	411.98962	n/a	n/a	407.045531	2	n/a	n/a	n/a	n/a	n/a	n/a	n/a	n/a	n/a	n/a	n/a	n/a	intervals/encoding_table	35	407.989620	416.053854
407.989620	0.000000	81598	ttl	1	70	n/a	n/a	n/a	n/a	n/a	n/a	n/a	n/a	n/a	n/a	n/a	n/a	n/a	n/a	n/a	n/a	n/a	n/a	n/a	n/a	n/a	407.989620	n/a
416.053854	0.000000	83211	ttl	2	70	n/a	n/a	n/a	n/a	n/a	n/a	n/a	n/a	n/a	n/a	n/a	n/a	n/a	n/a	n/a	n/a	n/a	n/a	n/a	n/a	n/a	416.053854	n/a
421.430907	0.000000	84286	ttl	11	70	n/a	n/a	n/a	n/a	n/a	n/a	n/a	n/a	n/a	n/a	n/a	n/a	n/a	n/a	n/a	n/a	n/a	n/a	n/a	n/a	n/a	421.430907	n/a
422.365310	8.099931	84473	encoding	n/a	n/a	NB_17.mp4	70.0	426.36531025	n/a	n/a	421.43090674999996	0	n/a	n/a	n/a	n/a	n/a	n/a	n/a	n/a	n/a	n/a	n/a	n/a	intervals/encoding_table	36	422.365310	430.465241
422.365310	0.000000	84473	ttl	1	70	n/a	n/a	n/a	n/a	n/a	n/a	n/a	n/a	n/a	n/a	n/a	n/a	n/a	n/a	n/a	n/a	n/a	n/a	n/a	n/a	n/a	422.365310	n/a
430.465241	0.000000	86093	ttl	2	70	n/a	n/a	n/a	n/a	n/a	n/a	n/a	n/a	n/a	n/a	n/a	n/a	n/a	n/a	n/a	n/a	n/a	n/a	n/a	n/a	n/a	430.465241	n/a
430.484218	0.000000	86097	ttl	11	70	n/a	n/a	n/a	n/a	n/a	n/a	n/a	n/a	n/a	n/a	n/a	n/a	n/a	n/a	n/a	n/a	n/a	n/a	n/a	n/a	n/a	430.484218	n/a
431.387501	8.397275	86278	encoding	n/a	n/a	HB_3.mp4	70.0	435.38750124999996	433.69769725	n/a	430.48421774999997	2	n/a	n/a	n/a	n/a	n/a	n/a	n/a	n/a	n/a	n/a	n/a	n/a	intervals/encoding_table	37	431.387501	439.784776
431.387501	0.000000	86278	ttl	1	70	n/a	n/a	n/a	n/a	n/a	n/a	n/a	n/a	n/a	n/a	n/a	n/a	n/a	n/a	n/a	n/a	n/a	n/a	n/a	n/a	n/a	431.387501	n/a
439.784776	0.000000	87957	ttl	2	70	n/a	n/a	n/a	n/a	n/a	n/a	n/a	n/a	n/a	n/a	n/a	n/a	n/a	n/a	n/a	n/a	n/a	n/a	n/a	n/a	n/a	439.784776	n/a
439.803714	0.000000	87961	ttl	11	70	n/a	n/a	n/a	n/a	n/a	n/a	n/a	n/a	n/a	n/a	n/a	n/a	n/a	n/a	n/a	n/a	n/a	n/a	n/a	n/a	n/a	439.803714	n/a
440.806981	8.033321	88161	encoding	n/a	n/a	HB_9.mp4	70.0	444.806981	443.2701505	446.681628	439.80371425	2	n/a	n/a	n/a	n/a	n/a	n/a	n/a	n/a	n/a	n/a	n/a	n/a	intervals/encoding_table	38	440.806981	448.840303
440.806981	0.000000	88161	ttl	1	70	n/a	n/a	n/a	n/a	n/a	n/a	n/a	n/a	n/a	n/a	n/a	n/a	n/a	n/a	n/a	n/a	n/a	n/a	n/a	n/a	n/a	440.806981	n/a
448.840303	0.000000	89768	ttl	2	70	n/a	n/a	n/a	n/a	n/a	n/a	n/a	n/a	n/a	n/a	n/a	n/a	n/a	n/a	n/a	n/a	n/a	n/a	n/a	n/a	n/a	448.840303	n/a
448.859106	0.000000	89772	ttl	11	70	n/a	n/a	n/a	n/a	n/a	n/a	n/a	n/a	n/a	n/a	n/a	n/a	n/a	n/a	n/a	n/a	n/a	n/a	n/a	n/a	n/a	448.859106	n/a
449.759589	8.332490	89952	encoding	n/a	n/a	HB_26.mp4	70.0	453.75958925	n/a	n/a	448.859106	2	n/a	n/a	n/a	n/a	n/a	n/a	n/a	n/a	n/a	n/a	n/a	n/a	intervals/encoding_table	39	449.759589	458.092079
449.759589	0.000000	89952	ttl	1	70	n/a	n/a	n/a	n/a	n/a	n/a	n/a	n/a	n/a	n/a	n/a	n/a	n/a	n/a	n/a	n/a	n/a	n/a	n/a	n/a	n/a	449.759589	n/a
458.092079	0.000000	91618	ttl	2	70	n/a	n/a	n/a	n/a	n/a	n/a	n/a	n/a	n/a	n/a	n/a	n/a	n/a	n/a	n/a	n/a	n/a	n/a	n/a	n/a	n/a	458.092079	n/a
458.110961	0.000000	91622	ttl	11	70	n/a	n/a	n/a	n/a	n/a	n/a	n/a	n/a	n/a	n/a	n/a	n/a	n/a	n/a	n/a	n/a	n/a	n/a	n/a	n/a	n/a	458.110961	n/a
459.122162	8.065747	91824	encoding	n/a	n/a	HB_15.mp4	70.0	463.12216175	462.34941999999995	465.38679349999995	458.11096125	2	n/a	n/a	n/a	n/a	n/a	n/a	n/a	n/a	n/a	n/a	n/a	n/a	intervals/encoding_table	40	459.122162	467.187909
459.122162	0.000000	91824	ttl	1	70	n/a	n/a	n/a	n/a	n/a	n/a	n/a	n/a	n/a	n/a	n/a	n/a	n/a	n/a	n/a	n/a	n/a	n/a	n/a	n/a	n/a	459.122162	n/a
467.187909	0.000000	93438	ttl	2	70	n/a	n/a	n/a	n/a	n/a	n/a	n/a	n/a	n/a	n/a	n/a	n/a	n/a	n/a	n/a	n/a	n/a	n/a	n/a	n/a	n/a	467.187909	n/a
473.307346	0.000000	94661	ttl	11	70	n/a	n/a	n/a	n/a	n/a	n/a	n/a	n/a	n/a	n/a	n/a	n/a	n/a	n/a	n/a	n/a	n/a	n/a	n/a	n/a	n/a	473.307346	n/a
474.318492	6.871070	94864	encoding	n/a	n/a	NB_4.mp4	70.0	478.3184925	n/a	n/a	473.30734574999997	0	n/a	n/a	n/a	n/a	n/a	n/a	n/a	n/a	n/a	n/a	n/a	n/a	intervals/encoding_table	41	474.318492	481.189563
474.318492	0.000000	94864	ttl	1	70	n/a	n/a	n/a	n/a	n/a	n/a	n/a	n/a	n/a	n/a	n/a	n/a	n/a	n/a	n/a	n/a	n/a	n/a	n/a	n/a	n/a	474.318492	n/a
481.189563	0.000000	96238	ttl	2	70	n/a	n/a	n/a	n/a	n/a	n/a	n/a	n/a	n/a	n/a	n/a	n/a	n/a	n/a	n/a	n/a	n/a	n/a	n/a	n/a	n/a	481.189563	n/a
481.208458	0.000000	96242	ttl	11	70	n/a	n/a	n/a	n/a	n/a	n/a	n/a	n/a	n/a	n/a	n/a	n/a	n/a	n/a	n/a	n/a	n/a	n/a	n/a	n/a	n/a	481.208458	n/a
482.123204	7.933830	96425	encoding	n/a	n/a	SB_1.mp4	70.0	487.19682274999997	n/a	n/a	481.20845775	1	n/a	n/a	n/a	n/a	n/a	n/a	n/a	n/a	n/a	n/a	n/a	n/a	intervals/encoding_table	42	482.123204	490.057034
482.123204	0.000000	96425	ttl	1	70	n/a	n/a	n/a	n/a	n/a	n/a	n/a	n/a	n/a	n/a	n/a	n/a	n/a	n/a	n/a	n/a	n/a	n/a	n/a	n/a	n/a	482.123204	n/a
490.057034	0.000000	98011	ttl	2	70	n/a	n/a	n/a	n/a	n/a	n/a	n/a	n/a	n/a	n/a	n/a	n/a	n/a	n/a	n/a	n/a	n/a	n/a	n/a	n/a	n/a	490.057034	n/a
490.075964	0.000000	98015	ttl	11	70	n/a	n/a	n/a	n/a	n/a	n/a	n/a	n/a	n/a	n/a	n/a	n/a	n/a	n/a	n/a	n/a	n/a	n/a	n/a	n/a	n/a	490.075964	n/a
491.055345	8.198643	98211	encoding	n/a	n/a	NB_13.mp4	70.0	495.05534524999996	n/a	n/a	490.0759635	0	n/a	n/a	n/a	n/a	n/a	n/a	n/a	n/a	n/a	n/a	n/a	n/a	intervals/encoding_table	43	491.055345	499.253988
491.055345	0.000000	98211	ttl	1	70	n/a	n/a	n/a	n/a	n/a	n/a	n/a	n/a	n/a	n/a	n/a	n/a	n/a	n/a	n/a	n/a	n/a	n/a	n/a	n/a	n/a	491.055345	n/a
499.253988	0.000000	99851	ttl	2	70	n/a	n/a	n/a	n/a	n/a	n/a	n/a	n/a	n/a	n/a	n/a	n/a	n/a	n/a	n/a	n/a	n/a	n/a	n/a	n/a	n/a	499.253988	n/a
499.272921	0.000000	99855	ttl	11	70	n/a	n/a	n/a	n/a	n/a	n/a	n/a	n/a	n/a	n/a	n/a	n/a	n/a	n/a	n/a	n/a	n/a	n/a	n/a	n/a	n/a	499.272921	n/a
500.327362	8.433394	100065	encoding	n/a	n/a	SB_25.mp4	70.0	502.68483249999997	503.879096	n/a	499.2729215	1	n/a	n/a	n/a	n/a	n/a	n/a	n/a	n/a	n/a	n/a	n/a	n/a	intervals/encoding_table	44	500.327362	508.760756
500.327362	0.000000	100065	ttl	1	70	n/a	n/a	n/a	n/a	n/a	n/a	n/a	n/a	n/a	n/a	n/a	n/a	n/a	n/a	n/a	n/a	n/a	n/a	n/a	n/a	n/a	500.327362	n/a
508.760756	0.000000	101752	ttl	2	70	n/a	n/a	n/a	n/a	n/a	n/a	n/a	n/a	n/a	n/a	n/a	n/a	n/a	n/a	n/a	n/a	n/a	n/a	n/a	n/a	n/a	508.760756	n/a
508.779656	0.000000	101756	ttl	11	70	n/a	n/a	n/a	n/a	n/a	n/a	n/a	n/a	n/a	n/a	n/a	n/a	n/a	n/a	n/a	n/a	n/a	n/a	n/a	n/a	n/a	508.779656	n/a
509.794164	7.930957	101959	encoding	n/a	n/a	NB_16.mp4	70.0	513.7941637499999	n/a	n/a	508.7796565	0	n/a	n/a	n/a	n/a	n/a	n/a	n/a	n/a	n/a	n/a	n/a	n/a	intervals/encoding_table	45	509.794164	517.725121
509.794164	0.000000	101959	ttl	1	70	n/a	n/a	n/a	n/a	n/a	n/a	n/a	n/a	n/a	n/a	n/a	n/a	n/a	n/a	n/a	n/a	n/a	n/a	n/a	n/a	n/a	509.794164	n/a
517.725121	0.000000	103545	ttl	2	70	n/a	n/a	n/a	n/a	n/a	n/a	n/a	n/a	n/a	n/a	n/a	n/a	n/a	n/a	n/a	n/a	n/a	n/a	n/a	n/a	n/a	517.725121	n/a
526.914872	0.000000	105383	ttl	11	70	n/a	n/a	n/a	n/a	n/a	n/a	n/a	n/a	n/a	n/a	n/a	n/a	n/a	n/a	n/a	n/a	n/a	n/a	n/a	n/a	n/a	526.914872	n/a
527.895486	8.064830	105579	encoding	n/a	n/a	NB_22.mp4	70.0	531.8954857499999	n/a	n/a	526.914872	0	n/a	n/a	n/a	n/a	n/a	n/a	n/a	n/a	n/a	n/a	n/a	n/a	intervals/encoding_table	46	527.895486	535.960316
527.895486	0.000000	105579	ttl	1	70	n/a	n/a	n/a	n/a	n/a	n/a	n/a	n/a	n/a	n/a	n/a	n/a	n/a	n/a	n/a	n/a	n/a	n/a	n/a	n/a	n/a	527.895486	n/a
535.960316	0.000000	107192	ttl	2	70	n/a	n/a	n/a	n/a	n/a	n/a	n/a	n/a	n/a	n/a	n/a	n/a	n/a	n/a	n/a	n/a	n/a	n/a	n/a	n/a	n/a	535.960316	n/a
535.979253	0.000000	107196	ttl	11	70	n/a	n/a	n/a	n/a	n/a	n/a	n/a	n/a	n/a	n/a	n/a	n/a	n/a	n/a	n/a	n/a	n/a	n/a	n/a	n/a	n/a	535.979253	n/a
536.983917	7.931877	107397	encoding	n/a	n/a	HB_13.mp4	70.0	540.98391725	539.2488099999999	543.19105975	535.979253	2	n/a	n/a	n/a	n/a	n/a	n/a	n/a	n/a	n/a	n/a	n/a	n/a	intervals/encoding_table	47	536.983917	544.915794
536.983917	0.000000	107397	ttl	1	70	n/a	n/a	n/a	n/a	n/a	n/a	n/a	n/a	n/a	n/a	n/a	n/a	n/a	n/a	n/a	n/a	n/a	n/a	n/a	n/a	n/a	536.983917	n/a
544.915794	0.000000	108983	ttl	2	70	n/a	n/a	n/a	n/a	n/a	n/a	n/a	n/a	n/a	n/a	n/a	n/a	n/a	n/a	n/a	n/a	n/a	n/a	n/a	n/a	n/a	544.915794	n/a
544.934707	0.000000	108987	ttl	11	70	n/a	n/a	n/a	n/a	n/a	n/a	n/a	n/a	n/a	n/a	n/a	n/a	n/a	n/a	n/a	n/a	n/a	n/a	n/a	n/a	n/a	544.934707	n/a
545.913205	8.229759	109183	encoding	n/a	n/a	NB_26.mp4	70.0	549.9132045	n/a	n/a	544.93470725	0	n/a	n/a	n/a	n/a	n/a	n/a	n/a	n/a	n/a	n/a	n/a	n/a	intervals/encoding_table	48	545.913205	554.142963
545.913205	0.000000	109183	ttl	1	70	n/a	n/a	n/a	n/a	n/a	n/a	n/a	n/a	n/a	n/a	n/a	n/a	n/a	n/a	n/a	n/a	n/a	n/a	n/a	n/a	n/a	545.913205	n/a
554.142963	0.000000	110829	ttl	2	70	n/a	n/a	n/a	n/a	n/a	n/a	n/a	n/a	n/a	n/a	n/a	n/a	n/a	n/a	n/a	n/a	n/a	n/a	n/a	n/a	n/a	554.142963	n/a
554.161864	0.000000	110832	ttl	11	70	n/a	n/a	n/a	n/a	n/a	n/a	n/a	n/a	n/a	n/a	n/a	n/a	n/a	n/a	n/a	n/a	n/a	n/a	n/a	n/a	n/a	554.161864	n/a
555.075269	8.032343	111015	encoding	n/a	n/a	SB_17.mp4	70.0	556.9187919999999	559.4050569999999	n/a	554.1618645	1	n/a	n/a	n/a	n/a	n/a	n/a	n/a	n/a	n/a	n/a	n/a	n/a	intervals/encoding_table	49	555.075269	563.107612
555.075269	0.000000	111015	ttl	1	70	n/a	n/a	n/a	n/a	n/a	n/a	n/a	n/a	n/a	n/a	n/a	n/a	n/a	n/a	n/a	n/a	n/a	n/a	n/a	n/a	n/a	555.075269	n/a
563.107612	0.000000	112622	ttl	2	70	n/a	n/a	n/a	n/a	n/a	n/a	n/a	n/a	n/a	n/a	n/a	n/a	n/a	n/a	n/a	n/a	n/a	n/a	n/a	n/a	n/a	563.107612	n/a
563.126560	0.000000	112625	ttl	11	70	n/a	n/a	n/a	n/a	n/a	n/a	n/a	n/a	n/a	n/a	n/a	n/a	n/a	n/a	n/a	n/a	n/a	n/a	n/a	n/a	n/a	563.126560	n/a
564.182263	8.026347	112836	encoding	n/a	n/a	HB_4.mp4	70.0	568.1822635	570.2635692499999	n/a	563.12655975	2	n/a	n/a	n/a	n/a	n/a	n/a	n/a	n/a	n/a	n/a	n/a	n/a	intervals/encoding_table	50	564.182263	572.208610
564.182263	0.000000	112836	ttl	1	70	n/a	n/a	n/a	n/a	n/a	n/a	n/a	n/a	n/a	n/a	n/a	n/a	n/a	n/a	n/a	n/a	n/a	n/a	n/a	n/a	n/a	564.182263	n/a
572.208610	0.000000	114442	ttl	2	70	n/a	n/a	n/a	n/a	n/a	n/a	n/a	n/a	n/a	n/a	n/a	n/a	n/a	n/a	n/a	n/a	n/a	n/a	n/a	n/a	n/a	572.208610	n/a
572.227532	0.000000	114446	ttl	11	70	n/a	n/a	n/a	n/a	n/a	n/a	n/a	n/a	n/a	n/a	n/a	n/a	n/a	n/a	n/a	n/a	n/a	n/a	n/a	n/a	n/a	572.227532	n/a
573.280394	7.998743	114656	encoding	n/a	n/a	NB_9.mp4	70.0	577.280394	n/a	n/a	572.227532	0	n/a	n/a	n/a	n/a	n/a	n/a	n/a	n/a	n/a	n/a	n/a	n/a	intervals/encoding_table	51	573.280394	581.279137
573.280394	0.000000	114656	ttl	1	70	n/a	n/a	n/a	n/a	n/a	n/a	n/a	n/a	n/a	n/a	n/a	n/a	n/a	n/a	n/a	n/a	n/a	n/a	n/a	n/a	n/a	573.280394	n/a
581.279137	0.000000	116256	ttl	2	70	n/a	n/a	n/a	n/a	n/a	n/a	n/a	n/a	n/a	n/a	n/a	n/a	n/a	n/a	n/a	n/a	n/a	n/a	n/a	n/a	n/a	581.279137	n/a
581.298182	0.000000	116260	ttl	11	70	n/a	n/a	n/a	n/a	n/a	n/a	n/a	n/a	n/a	n/a	n/a	n/a	n/a	n/a	n/a	n/a	n/a	n/a	n/a	n/a	n/a	581.298182	n/a
582.311888	8.333005	116462	encoding	n/a	n/a	SB_11.mp4	70.0	584.0999537499999	n/a	n/a	581.29818225	1	n/a	n/a	n/a	n/a	n/a	n/a	n/a	n/a	n/a	n/a	n/a	n/a	intervals/encoding_table	52	582.311888	590.644893
582.311888	0.000000	116462	ttl	1	70	n/a	n/a	n/a	n/a	n/a	n/a	n/a	n/a	n/a	n/a	n/a	n/a	n/a	n/a	n/a	n/a	n/a	n/a	n/a	n/a	n/a	582.311888	n/a
590.644893	0.000000	118129	ttl	2	70	n/a	n/a	n/a	n/a	n/a	n/a	n/a	n/a	n/a	n/a	n/a	n/a	n/a	n/a	n/a	n/a	n/a	n/a	n/a	n/a	n/a	590.644893	n/a
599.453362	0.000000	119891	ttl	11	70	n/a	n/a	n/a	n/a	n/a	n/a	n/a	n/a	n/a	n/a	n/a	n/a	n/a	n/a	n/a	n/a	n/a	n/a	n/a	n/a	n/a	599.453362	n/a
600.476254	8.064111	120095	encoding	n/a	n/a	SB_15.mp4	70.0	605.47765625	n/a	n/a	599.4533615	1	n/a	n/a	n/a	n/a	n/a	n/a	n/a	n/a	n/a	n/a	n/a	n/a	intervals/encoding_table	53	600.476254	608.540365
600.476254	0.000000	120095	ttl	1	70	n/a	n/a	n/a	n/a	n/a	n/a	n/a	n/a	n/a	n/a	n/a	n/a	n/a	n/a	n/a	n/a	n/a	n/a	n/a	n/a	n/a	600.476254	n/a
608.540365	0.000000	121708	ttl	2	70	n/a	n/a	n/a	n/a	n/a	n/a	n/a	n/a	n/a	n/a	n/a	n/a	n/a	n/a	n/a	n/a	n/a	n/a	n/a	n/a	n/a	608.540365	n/a
608.559288	0.000000	121712	ttl	11	70	n/a	n/a	n/a	n/a	n/a	n/a	n/a	n/a	n/a	n/a	n/a	n/a	n/a	n/a	n/a	n/a	n/a	n/a	n/a	n/a	n/a	608.559288	n/a
609.577062	8.366701	121915	encoding	n/a	n/a	NB_29.mp4	70.0	613.577062	n/a	n/a	608.55928775	0	n/a	n/a	n/a	n/a	n/a	n/a	n/a	n/a	n/a	n/a	n/a	n/a	intervals/encoding_table	54	609.577062	617.943763
609.577062	0.000000	121915	ttl	1	70	n/a	n/a	n/a	n/a	n/a	n/a	n/a	n/a	n/a	n/a	n/a	n/a	n/a	n/a	n/a	n/a	n/a	n/a	n/a	n/a	n/a	609.577062	n/a
617.943763	0.000000	123589	ttl	2	70	n/a	n/a	n/a	n/a	n/a	n/a	n/a	n/a	n/a	n/a	n/a	n/a	n/a	n/a	n/a	n/a	n/a	n/a	n/a	n/a	n/a	617.943763	n/a
617.962705	0.000000	123593	ttl	11	70	n/a	n/a	n/a	n/a	n/a	n/a	n/a	n/a	n/a	n/a	n/a	n/a	n/a	n/a	n/a	n/a	n/a	n/a	n/a	n/a	n/a	617.962705	n/a
618.986031	8.033506	123797	encoding	n/a	n/a	HB_12.mp4	70.0	622.986031	620.62376875	624.9131719999999	617.96270525	2	n/a	n/a	n/a	n/a	n/a	n/a	n/a	n/a	n/a	n/a	n/a	n/a	intervals/encoding_table	55	618.986031	627.019537
618.986031	0.000000	123797	ttl	1	70	n/a	n/a	n/a	n/a	n/a	n/a	n/a	n/a	n/a	n/a	n/a	n/a	n/a	n/a	n/a	n/a	n/a	n/a	n/a	n/a	n/a	618.986031	n/a
627.019537	0.000000	125404	ttl	2	70	n/a	n/a	n/a	n/a	n/a	n/a	n/a	n/a	n/a	n/a	n/a	n/a	n/a	n/a	n/a	n/a	n/a	n/a	n/a	n/a	n/a	627.019537	n/a
627.038487	0.000000	125408	ttl	11	70	n/a	n/a	n/a	n/a	n/a	n/a	n/a	n/a	n/a	n/a	n/a	n/a	n/a	n/a	n/a	n/a	n/a	n/a	n/a	n/a	n/a	627.038487	n/a
627.986443	8.145238	125597	encoding	n/a	n/a	SB_14.mp4	70.0	631.41332125	n/a	n/a	627.0384875	1	n/a	n/a	n/a	n/a	n/a	n/a	n/a	n/a	n/a	n/a	n/a	n/a	intervals/encoding_table	56	627.986443	636.131681
627.986443	0.000000	125597	ttl	1	70	n/a	n/a	n/a	n/a	n/a	n/a	n/a	n/a	n/a	n/a	n/a	n/a	n/a	n/a	n/a	n/a	n/a	n/a	n/a	n/a	n/a	627.986443	n/a
636.131681	0.000000	127226	ttl	2	70	n/a	n/a	n/a	n/a	n/a	n/a	n/a	n/a	n/a	n/a	n/a	n/a	n/a	n/a	n/a	n/a	n/a	n/a	n/a	n/a	n/a	636.131681	n/a
636.150634	0.000000	127230	ttl	11	70	n/a	n/a	n/a	n/a	n/a	n/a	n/a	n/a	n/a	n/a	n/a	n/a	n/a	n/a	n/a	n/a	n/a	n/a	n/a	n/a	n/a	636.150634	n/a
637.208851	7.997698	127442	encoding	n/a	n/a	NB_30.mp4	70.0	641.208851	n/a	n/a	636.1506342499999	0	n/a	n/a	n/a	n/a	n/a	n/a	n/a	n/a	n/a	n/a	n/a	n/a	intervals/encoding_table	57	637.208851	645.206549
637.208851	0.000000	127442	ttl	1	70	n/a	n/a	n/a	n/a	n/a	n/a	n/a	n/a	n/a	n/a	n/a	n/a	n/a	n/a	n/a	n/a	n/a	n/a	n/a	n/a	n/a	637.208851	n/a
645.206549	0.000000	129041	ttl	2	70	n/a	n/a	n/a	n/a	n/a	n/a	n/a	n/a	n/a	n/a	n/a	n/a	n/a	n/a	n/a	n/a	n/a	n/a	n/a	n/a	n/a	645.206549	n/a
645.225432	0.000000	129045	ttl	11	70	n/a	n/a	n/a	n/a	n/a	n/a	n/a	n/a	n/a	n/a	n/a	n/a	n/a	n/a	n/a	n/a	n/a	n/a	n/a	n/a	n/a	645.225432	n/a
646.266561	7.796445	129253	encoding	n/a	n/a	HB_6.mp4	70.0	650.2665615	648.5124717499999	652.54620725	645.2254322499999	2	n/a	n/a	n/a	n/a	n/a	n/a	n/a	n/a	n/a	n/a	n/a	n/a	intervals/encoding_table	58	646.266561	654.063007
646.266561	0.000000	129253	ttl	1	70	n/a	n/a	n/a	n/a	n/a	n/a	n/a	n/a	n/a	n/a	n/a	n/a	n/a	n/a	n/a	n/a	n/a	n/a	n/a	n/a	n/a	646.266561	n/a
654.063007	0.000000	130813	ttl	2	70	n/a	n/a	n/a	n/a	n/a	n/a	n/a	n/a	n/a	n/a	n/a	n/a	n/a	n/a	n/a	n/a	n/a	n/a	n/a	n/a	n/a	654.063007	n/a
658.938262	0.000000	131788	ttl	11	70	n/a	n/a	n/a	n/a	n/a	n/a	n/a	n/a	n/a	n/a	n/a	n/a	n/a	n/a	n/a	n/a	n/a	n/a	n/a	n/a	n/a	658.938262	n/a
659.985838	8.099815	131997	encoding	n/a	n/a	NB_5.mp4	70.0	663.98583775	n/a	n/a	658.9382625	0	n/a	n/a	n/a	n/a	n/a	n/a	n/a	n/a	n/a	n/a	n/a	n/a	intervals/encoding_table	59	659.985838	668.085653
659.985838	0.000000	131997	ttl	1	70	n/a	n/a	n/a	n/a	n/a	n/a	n/a	n/a	n/a	n/a	n/a	n/a	n/a	n/a	n/a	n/a	n/a	n/a	n/a	n/a	n/a	659.985838	n/a
668.085653	0.000000	133617	ttl	2	70	n/a	n/a	n/a	n/a	n/a	n/a	n/a	n/a	n/a	n/a	n/a	n/a	n/a	n/a	n/a	n/a	n/a	n/a	n/a	n/a	n/a	668.085653	n/a
668.104570	0.000000	133621	ttl	11	70	n/a	n/a	n/a	n/a	n/a	n/a	n/a	n/a	n/a	n/a	n/a	n/a	n/a	n/a	n/a	n/a	n/a	n/a	n/a	n/a	n/a	668.104570	n/a
669.032253	8.030660	133806	encoding	n/a	n/a	HB_8.mp4	70.0	673.0322532499999	670.8832175	674.9015655	668.10456975	2	n/a	n/a	n/a	n/a	n/a	n/a	n/a	n/a	n/a	n/a	n/a	n/a	intervals/encoding_table	60	669.032253	677.062913
669.032253	0.000000	133806	ttl	1	70	n/a	n/a	n/a	n/a	n/a	n/a	n/a	n/a	n/a	n/a	n/a	n/a	n/a	n/a	n/a	n/a	n/a	n/a	n/a	n/a	n/a	669.032253	n/a
677.062913	0.000000	135413	ttl	2	70	n/a	n/a	n/a	n/a	n/a	n/a	n/a	n/a	n/a	n/a	n/a	n/a	n/a	n/a	n/a	n/a	n/a	n/a	n/a	n/a	n/a	677.062913	n/a
677.081872	0.000000	135416	ttl	11	70	n/a	n/a	n/a	n/a	n/a	n/a	n/a	n/a	n/a	n/a	n/a	n/a	n/a	n/a	n/a	n/a	n/a	n/a	n/a	n/a	n/a	677.081872	n/a
677.982970	7.113589	135597	encoding	n/a	n/a	NB_25.mp4	70.0	681.9829705	n/a	n/a	677.0818724999999	0	n/a	n/a	n/a	n/a	n/a	n/a	n/a	n/a	n/a	n/a	n/a	n/a	intervals/encoding_table	61	677.982970	685.096559
677.982970	0.000000	135597	ttl	1	70	n/a	n/a	n/a	n/a	n/a	n/a	n/a	n/a	n/a	n/a	n/a	n/a	n/a	n/a	n/a	n/a	n/a	n/a	n/a	n/a	n/a	677.982970	n/a
685.096559	0.000000	137019	ttl	2	70	n/a	n/a	n/a	n/a	n/a	n/a	n/a	n/a	n/a	n/a	n/a	n/a	n/a	n/a	n/a	n/a	n/a	n/a	n/a	n/a	n/a	685.096559	n/a
685.115515	0.000000	137023	ttl	11	70	n/a	n/a	n/a	n/a	n/a	n/a	n/a	n/a	n/a	n/a	n/a	n/a	n/a	n/a	n/a	n/a	n/a	n/a	n/a	n/a	n/a	685.115515	n/a
686.163218	7.983272	137233	encoding	n/a	n/a	NB_11.mp4	70.0	690.1632179999999	n/a	n/a	685.1155145	0	n/a	n/a	n/a	n/a	n/a	n/a	n/a	n/a	n/a	n/a	n/a	n/a	intervals/encoding_table	62	686.163218	694.146490
686.163218	0.000000	137233	ttl	1	70	n/a	n/a	n/a	n/a	n/a	n/a	n/a	n/a	n/a	n/a	n/a	n/a	n/a	n/a	n/a	n/a	n/a	n/a	n/a	n/a	n/a	686.163218	n/a
694.146490	0.000000	138829	ttl	2	70	n/a	n/a	n/a	n/a	n/a	n/a	n/a	n/a	n/a	n/a	n/a	n/a	n/a	n/a	n/a	n/a	n/a	n/a	n/a	n/a	n/a	694.146490	n/a
694.165414	0.000000	138833	ttl	11	70	n/a	n/a	n/a	n/a	n/a	n/a	n/a	n/a	n/a	n/a	n/a	n/a	n/a	n/a	n/a	n/a	n/a	n/a	n/a	n/a	n/a	694.165414	n/a
695.227571	8.197424	139046	encoding	n/a	n/a	SB_6.mp4	70.0	696.7152735	n/a	n/a	694.1654142499999	1	n/a	n/a	n/a	n/a	n/a	n/a	n/a	n/a	n/a	n/a	n/a	n/a	intervals/encoding_table	63	695.227571	703.424996
695.227571	0.000000	139046	ttl	1	70	n/a	n/a	n/a	n/a	n/a	n/a	n/a	n/a	n/a	n/a	n/a	n/a	n/a	n/a	n/a	n/a	n/a	n/a	n/a	n/a	n/a	695.227571	n/a
703.424996	0.000000	140685	ttl	2	70	n/a	n/a	n/a	n/a	n/a	n/a	n/a	n/a	n/a	n/a	n/a	n/a	n/a	n/a	n/a	n/a	n/a	n/a	n/a	n/a	n/a	703.424996	n/a
703.443902	0.000000	140689	ttl	11	70	n/a	n/a	n/a	n/a	n/a	n/a	n/a	n/a	n/a	n/a	n/a	n/a	n/a	n/a	n/a	n/a	n/a	n/a	n/a	n/a	n/a	703.443902	n/a
704.456846	7.966349	140891	encoding	n/a	n/a	NB_27.mp4	70.0	708.4568465	n/a	n/a	703.44390225	0	n/a	n/a	n/a	n/a	n/a	n/a	n/a	n/a	n/a	n/a	n/a	n/a	intervals/encoding_table	64	704.456846	712.423196
704.456846	0.000000	140891	ttl	1	70	n/a	n/a	n/a	n/a	n/a	n/a	n/a	n/a	n/a	n/a	n/a	n/a	n/a	n/a	n/a	n/a	n/a	n/a	n/a	n/a	n/a	704.456846	n/a
712.423196	0.000000	142485	ttl	2	70	n/a	n/a	n/a	n/a	n/a	n/a	n/a	n/a	n/a	n/a	n/a	n/a	n/a	n/a	n/a	n/a	n/a	n/a	n/a	n/a	n/a	712.423196	n/a
712.442157	0.000000	142488	ttl	11	70	n/a	n/a	n/a	n/a	n/a	n/a	n/a	n/a	n/a	n/a	n/a	n/a	n/a	n/a	n/a	n/a	n/a	n/a	n/a	n/a	n/a	712.442157	n/a
713.353293	8.966253	142671	encoding	n/a	n/a	HB_7.mp4	70.0	717.353293	716.752653	719.42690075	712.44215675	2	n/a	n/a	n/a	n/a	n/a	n/a	n/a	n/a	n/a	n/a	n/a	n/a	intervals/encoding_table	65	713.353293	722.319546
713.353293	0.000000	142671	ttl	1	70	n/a	n/a	n/a	n/a	n/a	n/a	n/a	n/a	n/a	n/a	n/a	n/a	n/a	n/a	n/a	n/a	n/a	n/a	n/a	n/a	n/a	713.353293	n/a
722.319546	0.000000	144464	ttl	2	70	n/a	n/a	n/a	n/a	n/a	n/a	n/a	n/a	n/a	n/a	n/a	n/a	n/a	n/a	n/a	n/a	n/a	n/a	n/a	n/a	n/a	722.319546	n/a
729.181516	0.000000	145836	ttl	11	70	n/a	n/a	n/a	n/a	n/a	n/a	n/a	n/a	n/a	n/a	n/a	n/a	n/a	n/a	n/a	n/a	n/a	n/a	n/a	n/a	n/a	729.181516	n/a
730.146136	8.031005	146029	encoding	n/a	n/a	HB_21.mp4	70.0	734.14613575	n/a	n/a	729.1815164999999	2	n/a	n/a	n/a	n/a	n/a	n/a	n/a	n/a	n/a	n/a	n/a	n/a	intervals/encoding_table	66	730.146136	738.177141
730.146136	0.000000	146029	ttl	1	70	n/a	n/a	n/a	n/a	n/a	n/a	n/a	n/a	n/a	n/a	n/a	n/a	n/a	n/a	n/a	n/a	n/a	n/a	n/a	n/a	n/a	730.146136	n/a
738.177141	0.000000	147635	ttl	2	70	n/a	n/a	n/a	n/a	n/a	n/a	n/a	n/a	n/a	n/a	n/a	n/a	n/a	n/a	n/a	n/a	n/a	n/a	n/a	n/a	n/a	738.177141	n/a
738.196178	0.000000	147639	ttl	11	70	n/a	n/a	n/a	n/a	n/a	n/a	n/a	n/a	n/a	n/a	n/a	n/a	n/a	n/a	n/a	n/a	n/a	n/a	n/a	n/a	n/a	738.196178	n/a
739.282901	7.931666	147857	encoding	n/a	n/a	HB_23.mp4	70.0	743.28290075	n/a	n/a	738.19617775	2	n/a	n/a	n/a	n/a	n/a	n/a	n/a	n/a	n/a	n/a	n/a	n/a	intervals/encoding_table	67	739.282901	747.214567
739.282901	0.000000	147857	ttl	1	70	n/a	n/a	n/a	n/a	n/a	n/a	n/a	n/a	n/a	n/a	n/a	n/a	n/a	n/a	n/a	n/a	n/a	n/a	n/a	n/a	n/a	739.282901	n/a
747.214567	0.000000	149443	ttl	2	70	n/a	n/a	n/a	n/a	n/a	n/a	n/a	n/a	n/a	n/a	n/a	n/a	n/a	n/a	n/a	n/a	n/a	n/a	n/a	n/a	n/a	747.214567	n/a
747.233654	0.000000	149447	ttl	11	70	n/a	n/a	n/a	n/a	n/a	n/a	n/a	n/a	n/a	n/a	n/a	n/a	n/a	n/a	n/a	n/a	n/a	n/a	n/a	n/a	n/a	747.233654	n/a
748.304205	7.966480	149661	encoding	n/a	n/a	SB_7.mp4	70.0	750.69669625	n/a	n/a	747.2336537499999	1	n/a	n/a	n/a	n/a	n/a	n/a	n/a	n/a	n/a	n/a	n/a	n/a	intervals/encoding_table	68	748.304205	756.270685
748.304205	0.000000	149661	ttl	1	70	n/a	n/a	n/a	n/a	n/a	n/a	n/a	n/a	n/a	n/a	n/a	n/a	n/a	n/a	n/a	n/a	n/a	n/a	n/a	n/a	n/a	748.304205	n/a
756.270685	0.000000	151254	ttl	2	70	n/a	n/a	n/a	n/a	n/a	n/a	n/a	n/a	n/a	n/a	n/a	n/a	n/a	n/a	n/a	n/a	n/a	n/a	n/a	n/a	n/a	756.270685	n/a
756.289624	0.000000	151258	ttl	11	70	n/a	n/a	n/a	n/a	n/a	n/a	n/a	n/a	n/a	n/a	n/a	n/a	n/a	n/a	n/a	n/a	n/a	n/a	n/a	n/a	n/a	756.289624	n/a
757.326978	8.097942	151465	encoding	n/a	n/a	HB_25.mp4	70.0	761.3269785	n/a	n/a	756.289624	2	n/a	n/a	n/a	n/a	n/a	n/a	n/a	n/a	n/a	n/a	n/a	n/a	intervals/encoding_table	69	757.326978	765.424920
757.326978	0.000000	151465	ttl	1	70	n/a	n/a	n/a	n/a	n/a	n/a	n/a	n/a	n/a	n/a	n/a	n/a	n/a	n/a	n/a	n/a	n/a	n/a	n/a	n/a	n/a	757.326978	n/a
765.424920	0.000000	153085	ttl	2	70	n/a	n/a	n/a	n/a	n/a	n/a	n/a	n/a	n/a	n/a	n/a	n/a	n/a	n/a	n/a	n/a	n/a	n/a	n/a	n/a	n/a	765.424920	n/a
765.443871	0.000000	153089	ttl	11	70	n/a	n/a	n/a	n/a	n/a	n/a	n/a	n/a	n/a	n/a	n/a	n/a	n/a	n/a	n/a	n/a	n/a	n/a	n/a	n/a	n/a	765.443871	n/a
766.377318	8.104574	153275	encoding	n/a	n/a	SB_30.mp4	70.0	766.928987	768.209296	769.96398275	765.4438705	1	n/a	n/a	n/a	n/a	n/a	n/a	n/a	n/a	n/a	n/a	n/a	n/a	intervals/encoding_table	70	766.377318	774.481892
766.377318	0.000000	153275	ttl	1	70	n/a	n/a	n/a	n/a	n/a	n/a	n/a	n/a	n/a	n/a	n/a	n/a	n/a	n/a	n/a	n/a	n/a	n/a	n/a	n/a	n/a	766.377318	n/a
774.481892	0.000000	154896	ttl	2	70	n/a	n/a	n/a	n/a	n/a	n/a	n/a	n/a	n/a	n/a	n/a	n/a	n/a	n/a	n/a	n/a	n/a	n/a	n/a	n/a	n/a	774.481892	n/a
774.500855	0.000000	154900	ttl	11	70	n/a	n/a	n/a	n/a	n/a	n/a	n/a	n/a	n/a	n/a	n/a	n/a	n/a	n/a	n/a	n/a	n/a	n/a	n/a	n/a	n/a	774.500855	n/a
775.536788	8.464248	155107	encoding	n/a	n/a	SB_26.mp4	70.0	777.271975	778.9300915	780.419856	774.50085525	1	n/a	n/a	n/a	n/a	n/a	n/a	n/a	n/a	n/a	n/a	n/a	n/a	intervals/encoding_table	71	775.536788	784.001037
775.536788	0.000000	155107	ttl	1	70	n/a	n/a	n/a	n/a	n/a	n/a	n/a	n/a	n/a	n/a	n/a	n/a	n/a	n/a	n/a	n/a	n/a	n/a	n/a	n/a	n/a	775.536788	n/a
784.001037	0.000000	156800	ttl	2	70	n/a	n/a	n/a	n/a	n/a	n/a	n/a	n/a	n/a	n/a	n/a	n/a	n/a	n/a	n/a	n/a	n/a	n/a	n/a	n/a	n/a	784.001037	n/a
787.752243	0.000000	157550	ttl	11	70	n/a	n/a	n/a	n/a	n/a	n/a	n/a	n/a	n/a	n/a	n/a	n/a	n/a	n/a	n/a	n/a	n/a	n/a	n/a	n/a	n/a	787.752243	n/a
788.668158	8.232361	157734	encoding	n/a	n/a	SB_29.mp4	70.0	790.5934904999999	792.7862905	794.4956552499999	787.7522435	1	n/a	n/a	n/a	n/a	n/a	n/a	n/a	n/a	n/a	n/a	n/a	n/a	intervals/encoding_table	72	788.668158	796.900519
788.668158	0.000000	157734	ttl	1	70	n/a	n/a	n/a	n/a	n/a	n/a	n/a	n/a	n/a	n/a	n/a	n/a	n/a	n/a	n/a	n/a	n/a	n/a	n/a	n/a	n/a	788.668158	n/a
796.900519	0.000000	159380	ttl	2	70	n/a	n/a	n/a	n/a	n/a	n/a	n/a	n/a	n/a	n/a	n/a	n/a	n/a	n/a	n/a	n/a	n/a	n/a	n/a	n/a	n/a	796.900519	n/a
796.919493	0.000000	159384	ttl	11	70	n/a	n/a	n/a	n/a	n/a	n/a	n/a	n/a	n/a	n/a	n/a	n/a	n/a	n/a	n/a	n/a	n/a	n/a	n/a	n/a	n/a	796.919493	n/a
797.931694	8.034264	159586	encoding	n/a	n/a	SB_13.mp4	70.0	803.7175287499999	n/a	n/a	796.91949325	1	n/a	n/a	n/a	n/a	n/a	n/a	n/a	n/a	n/a	n/a	n/a	n/a	intervals/encoding_table	73	797.931694	805.965958
797.931694	0.000000	159586	ttl	1	70	n/a	n/a	n/a	n/a	n/a	n/a	n/a	n/a	n/a	n/a	n/a	n/a	n/a	n/a	n/a	n/a	n/a	n/a	n/a	n/a	n/a	797.931694	n/a
805.965958	0.000000	161193	ttl	2	70	n/a	n/a	n/a	n/a	n/a	n/a	n/a	n/a	n/a	n/a	n/a	n/a	n/a	n/a	n/a	n/a	n/a	n/a	n/a	n/a	n/a	805.965958	n/a
805.984885	0.000000	161197	ttl	11	70	n/a	n/a	n/a	n/a	n/a	n/a	n/a	n/a	n/a	n/a	n/a	n/a	n/a	n/a	n/a	n/a	n/a	n/a	n/a	n/a	n/a	805.984885	n/a
806.976693	8.034107	161395	encoding	n/a	n/a	NB_12.mp4	70.0	810.976693	n/a	n/a	805.98488475	0	n/a	n/a	n/a	n/a	n/a	n/a	n/a	n/a	n/a	n/a	n/a	n/a	intervals/encoding_table	74	806.976693	815.010799
806.976693	0.000000	161395	ttl	1	70	n/a	n/a	n/a	n/a	n/a	n/a	n/a	n/a	n/a	n/a	n/a	n/a	n/a	n/a	n/a	n/a	n/a	n/a	n/a	n/a	n/a	806.976693	n/a
815.010799	0.000000	163002	ttl	2	70	n/a	n/a	n/a	n/a	n/a	n/a	n/a	n/a	n/a	n/a	n/a	n/a	n/a	n/a	n/a	n/a	n/a	n/a	n/a	n/a	n/a	815.010799	n/a
815.029815	0.000000	163006	ttl	11	70	n/a	n/a	n/a	n/a	n/a	n/a	n/a	n/a	n/a	n/a	n/a	n/a	n/a	n/a	n/a	n/a	n/a	n/a	n/a	n/a	n/a	815.029815	n/a
816.062828	8.062697	163213	encoding	n/a	n/a	SB_5.mp4	70.0	820.2246245	n/a	n/a	815.02981475	1	n/a	n/a	n/a	n/a	n/a	n/a	n/a	n/a	n/a	n/a	n/a	n/a	intervals/encoding_table	75	816.062828	824.125525
816.062828	0.000000	163213	ttl	1	70	n/a	n/a	n/a	n/a	n/a	n/a	n/a	n/a	n/a	n/a	n/a	n/a	n/a	n/a	n/a	n/a	n/a	n/a	n/a	n/a	n/a	816.062828	n/a
824.125525	0.000000	164825	ttl	2	70	n/a	n/a	n/a	n/a	n/a	n/a	n/a	n/a	n/a	n/a	n/a	n/a	n/a	n/a	n/a	n/a	n/a	n/a	n/a	n/a	n/a	824.125525	n/a
824.144455	0.000000	164829	ttl	11	70	n/a	n/a	n/a	n/a	n/a	n/a	n/a	n/a	n/a	n/a	n/a	n/a	n/a	n/a	n/a	n/a	n/a	n/a	n/a	n/a	n/a	824.144455	n/a
825.131278	7.530918	165026	encoding	n/a	n/a	NB_15.mp4	70.0	829.13127775	n/a	n/a	824.1444547499999	0	n/a	n/a	n/a	n/a	n/a	n/a	n/a	n/a	n/a	n/a	n/a	n/a	intervals/encoding_table	76	825.131278	832.662196
825.131278	0.000000	165026	ttl	1	70	n/a	n/a	n/a	n/a	n/a	n/a	n/a	n/a	n/a	n/a	n/a	n/a	n/a	n/a	n/a	n/a	n/a	n/a	n/a	n/a	n/a	825.131278	n/a
832.662196	0.000000	166532	ttl	2	70	n/a	n/a	n/a	n/a	n/a	n/a	n/a	n/a	n/a	n/a	n/a	n/a	n/a	n/a	n/a	n/a	n/a	n/a	n/a	n/a	n/a	832.662196	n/a
832.681131	0.000000	166536	ttl	11	70	n/a	n/a	n/a	n/a	n/a	n/a	n/a	n/a	n/a	n/a	n/a	n/a	n/a	n/a	n/a	n/a	n/a	n/a	n/a	n/a	n/a	832.681131	n/a
833.587272	7.965894	166717	encoding	n/a	n/a	SB_27.mp4	70.0	835.129515	836.7018525	838.14743875	832.6811315	1	n/a	n/a	n/a	n/a	n/a	n/a	n/a	n/a	n/a	n/a	n/a	n/a	intervals/encoding_table	77	833.587272	841.553166
833.587272	0.000000	166717	ttl	1	70	n/a	n/a	n/a	n/a	n/a	n/a	n/a	n/a	n/a	n/a	n/a	n/a	n/a	n/a	n/a	n/a	n/a	n/a	n/a	n/a	n/a	833.587272	n/a
841.553166	0.000000	168311	ttl	2	70	n/a	n/a	n/a	n/a	n/a	n/a	n/a	n/a	n/a	n/a	n/a	n/a	n/a	n/a	n/a	n/a	n/a	n/a	n/a	n/a	n/a	841.553166	n/a
841.572096	0.000000	168314	ttl	11	70	n/a	n/a	n/a	n/a	n/a	n/a	n/a	n/a	n/a	n/a	n/a	n/a	n/a	n/a	n/a	n/a	n/a	n/a	n/a	n/a	n/a	841.572096	n/a
842.560578	8.197553	168512	encoding	n/a	n/a	HB_10.mp4	70.0	846.5605782499999	844.120108	848.4893324999999	841.5720964999999	2	n/a	n/a	n/a	n/a	n/a	n/a	n/a	n/a	n/a	n/a	n/a	n/a	intervals/encoding_table	78	842.560578	850.758131
842.560578	0.000000	168512	ttl	1	70	n/a	n/a	n/a	n/a	n/a	n/a	n/a	n/a	n/a	n/a	n/a	n/a	n/a	n/a	n/a	n/a	n/a	n/a	n/a	n/a	n/a	842.560578	n/a
850.758131	0.000000	170152	ttl	2	70	n/a	n/a	n/a	n/a	n/a	n/a	n/a	n/a	n/a	n/a	n/a	n/a	n/a	n/a	n/a	n/a	n/a	n/a	n/a	n/a	n/a	850.758131	n/a
858.021469	0.000000	171604	ttl	11	70	n/a	n/a	n/a	n/a	n/a	n/a	n/a	n/a	n/a	n/a	n/a	n/a	n/a	n/a	n/a	n/a	n/a	n/a	n/a	n/a	n/a	858.021469	n/a
859.014882	8.032868	171803	encoding	n/a	n/a	NB_24.mp4	70.0	863.014882	n/a	n/a	858.0214687499999	0	n/a	n/a	n/a	n/a	n/a	n/a	n/a	n/a	n/a	n/a	n/a	n/a	intervals/encoding_table	79	859.014882	867.047750
859.014882	0.000000	171803	ttl	1	70	n/a	n/a	n/a	n/a	n/a	n/a	n/a	n/a	n/a	n/a	n/a	n/a	n/a	n/a	n/a	n/a	n/a	n/a	n/a	n/a	n/a	859.014882	n/a
867.047750	0.000000	173410	ttl	2	70	n/a	n/a	n/a	n/a	n/a	n/a	n/a	n/a	n/a	n/a	n/a	n/a	n/a	n/a	n/a	n/a	n/a	n/a	n/a	n/a	n/a	867.047750	n/a
867.066706	0.000000	173413	ttl	11	70	n/a	n/a	n/a	n/a	n/a	n/a	n/a	n/a	n/a	n/a	n/a	n/a	n/a	n/a	n/a	n/a	n/a	n/a	n/a	n/a	n/a	867.066706	n/a
867.968782	8.031820	173594	encoding	n/a	n/a	HB_11.mp4	70.0	871.96878225	870.84695	874.189141	867.0667055	2	n/a	n/a	n/a	n/a	n/a	n/a	n/a	n/a	n/a	n/a	n/a	n/a	intervals/encoding_table	80	867.968782	876.000602
867.968782	0.000000	173594	ttl	1	70	n/a	n/a	n/a	n/a	n/a	n/a	n/a	n/a	n/a	n/a	n/a	n/a	n/a	n/a	n/a	n/a	n/a	n/a	n/a	n/a	n/a	867.968782	n/a
876.000602	0.000000	175200	ttl	2	70	n/a	n/a	n/a	n/a	n/a	n/a	n/a	n/a	n/a	n/a	n/a	n/a	n/a	n/a	n/a	n/a	n/a	n/a	n/a	n/a	n/a	876.000602	n/a
876.019583	0.000000	175204	ttl	11	70	n/a	n/a	n/a	n/a	n/a	n/a	n/a	n/a	n/a	n/a	n/a	n/a	n/a	n/a	n/a	n/a	n/a	n/a	n/a	n/a	n/a	876.019583	n/a
877.038293	8.930501	175408	encoding	n/a	n/a	SB_18.mp4	70.0	879.86976375	881.6542177499999	n/a	876.0195827499999	1	n/a	n/a	n/a	n/a	n/a	n/a	n/a	n/a	n/a	n/a	n/a	n/a	intervals/encoding_table	81	877.038293	885.968794
877.038293	0.000000	175408	ttl	1	70	n/a	n/a	n/a	n/a	n/a	n/a	n/a	n/a	n/a	n/a	n/a	n/a	n/a	n/a	n/a	n/a	n/a	n/a	n/a	n/a	n/a	877.038293	n/a
885.968794	0.000000	177194	ttl	2	70	n/a	n/a	n/a	n/a	n/a	n/a	n/a	n/a	n/a	n/a	n/a	n/a	n/a	n/a	n/a	n/a	n/a	n/a	n/a	n/a	n/a	885.968794	n/a
885.987654	0.000000	177198	ttl	11	70	n/a	n/a	n/a	n/a	n/a	n/a	n/a	n/a	n/a	n/a	n/a	n/a	n/a	n/a	n/a	n/a	n/a	n/a	n/a	n/a	n/a	885.987654	n/a
886.947980	8.263464	177390	encoding	n/a	n/a	NB_10.mp4	70.0	890.9479805	n/a	n/a	885.9876545	0	n/a	n/a	n/a	n/a	n/a	n/a	n/a	n/a	n/a	n/a	n/a	n/a	intervals/encoding_table	82	886.947980	895.211445
886.947980	0.000000	177390	ttl	1	70	n/a	n/a	n/a	n/a	n/a	n/a	n/a	n/a	n/a	n/a	n/a	n/a	n/a	n/a	n/a	n/a	n/a	n/a	n/a	n/a	n/a	886.947980	n/a
895.211445	0.000000	179042	ttl	2	70	n/a	n/a	n/a	n/a	n/a	n/a	n/a	n/a	n/a	n/a	n/a	n/a	n/a	n/a	n/a	n/a	n/a	n/a	n/a	n/a	n/a	895.211445	n/a
895.230384	0.000000	179046	ttl	11	70	n/a	n/a	n/a	n/a	n/a	n/a	n/a	n/a	n/a	n/a	n/a	n/a	n/a	n/a	n/a	n/a	n/a	n/a	n/a	n/a	n/a	895.230384	n/a
896.295571	7.629768	179259	encoding	n/a	n/a	SB_16.mp4	70.0	897.5793434999999	900.0948237499999	n/a	895.230384	1	n/a	n/a	n/a	n/a	n/a	n/a	n/a	n/a	n/a	n/a	n/a	n/a	intervals/encoding_table	83	896.295571	903.925338
896.295571	0.000000	179259	ttl	1	70	n/a	n/a	n/a	n/a	n/a	n/a	n/a	n/a	n/a	n/a	n/a	n/a	n/a	n/a	n/a	n/a	n/a	n/a	n/a	n/a	n/a	896.295571	n/a
903.925338	0.000000	180785	ttl	2	70	n/a	n/a	n/a	n/a	n/a	n/a	n/a	n/a	n/a	n/a	n/a	n/a	n/a	n/a	n/a	n/a	n/a	n/a	n/a	n/a	n/a	903.925338	n/a
909.161801	0.000000	181832	ttl	11	70	n/a	n/a	n/a	n/a	n/a	n/a	n/a	n/a	n/a	n/a	n/a	n/a	n/a	n/a	n/a	n/a	n/a	n/a	n/a	n/a	n/a	909.161801	n/a
910.244984	7.996710	182049	encoding	n/a	n/a	NB_2.mp4	70.0	914.2449842499999	n/a	n/a	909.16180075	0	n/a	n/a	n/a	n/a	n/a	n/a	n/a	n/a	n/a	n/a	n/a	n/a	intervals/encoding_table	84	910.244984	918.241694
910.244984	0.000000	182049	ttl	1	70	n/a	n/a	n/a	n/a	n/a	n/a	n/a	n/a	n/a	n/a	n/a	n/a	n/a	n/a	n/a	n/a	n/a	n/a	n/a	n/a	n/a	910.244984	n/a
918.241694	0.000000	183648	ttl	2	70	n/a	n/a	n/a	n/a	n/a	n/a	n/a	n/a	n/a	n/a	n/a	n/a	n/a	n/a	n/a	n/a	n/a	n/a	n/a	n/a	n/a	918.241694	n/a
918.260612	0.000000	183652	ttl	11	70	n/a	n/a	n/a	n/a	n/a	n/a	n/a	n/a	n/a	n/a	n/a	n/a	n/a	n/a	n/a	n/a	n/a	n/a	n/a	n/a	n/a	918.260612	n/a
919.214083	7.998757	183843	encoding	n/a	n/a	NB_14.mp4	70.0	923.214083	n/a	n/a	918.2606125	0	n/a	n/a	n/a	n/a	n/a	n/a	n/a	n/a	n/a	n/a	n/a	n/a	intervals/encoding_table	85	919.214083	927.212840
919.214083	0.000000	183843	ttl	1	70	n/a	n/a	n/a	n/a	n/a	n/a	n/a	n/a	n/a	n/a	n/a	n/a	n/a	n/a	n/a	n/a	n/a	n/a	n/a	n/a	n/a	919.214083	n/a
927.212840	0.000000	185443	ttl	2	70	n/a	n/a	n/a	n/a	n/a	n/a	n/a	n/a	n/a	n/a	n/a	n/a	n/a	n/a	n/a	n/a	n/a	n/a	n/a	n/a	n/a	927.212840	n/a
927.231812	0.000000	185446	ttl	11	70	n/a	n/a	n/a	n/a	n/a	n/a	n/a	n/a	n/a	n/a	n/a	n/a	n/a	n/a	n/a	n/a	n/a	n/a	n/a	n/a	n/a	927.231812	n/a
928.191015	7.298875	185638	encoding	n/a	n/a	SB_8.mp4	70.0	931.9254225	n/a	n/a	927.2318117499999	1	n/a	n/a	n/a	n/a	n/a	n/a	n/a	n/a	n/a	n/a	n/a	n/a	intervals/encoding_table	86	928.191015	935.489890
928.191015	0.000000	185638	ttl	1	70	n/a	n/a	n/a	n/a	n/a	n/a	n/a	n/a	n/a	n/a	n/a	n/a	n/a	n/a	n/a	n/a	n/a	n/a	n/a	n/a	n/a	928.191015	n/a
935.489890	0.000000	187098	ttl	2	70	n/a	n/a	n/a	n/a	n/a	n/a	n/a	n/a	n/a	n/a	n/a	n/a	n/a	n/a	n/a	n/a	n/a	n/a	n/a	n/a	n/a	935.489890	n/a
935.508865	0.000000	187102	ttl	11	70	n/a	n/a	n/a	n/a	n/a	n/a	n/a	n/a	n/a	n/a	n/a	n/a	n/a	n/a	n/a	n/a	n/a	n/a	n/a	n/a	n/a	935.508865	n/a
936.427360	7.596190	187285	encoding	n/a	n/a	SB_28.mp4	70.0	937.403009	939.55128425	941.19759725	935.50886525	1	n/a	n/a	n/a	n/a	n/a	n/a	n/a	n/a	n/a	n/a	n/a	n/a	intervals/encoding_table	87	936.427360	944.023549
936.427360	0.000000	187285	ttl	1	70	n/a	n/a	n/a	n/a	n/a	n/a	n/a	n/a	n/a	n/a	n/a	n/a	n/a	n/a	n/a	n/a	n/a	n/a	n/a	n/a	n/a	936.427360	n/a
944.023549	0.000000	188805	ttl	2	70	n/a	n/a	n/a	n/a	n/a	n/a	n/a	n/a	n/a	n/a	n/a	n/a	n/a	n/a	n/a	n/a	n/a	n/a	n/a	n/a	n/a	944.023549	n/a
944.042484	0.000000	188808	ttl	11	70	n/a	n/a	n/a	n/a	n/a	n/a	n/a	n/a	n/a	n/a	n/a	n/a	n/a	n/a	n/a	n/a	n/a	n/a	n/a	n/a	n/a	944.042484	n/a
945.087650	8.064875	189018	encoding	n/a	n/a	SB_21.mp4	70.0	947.399132	949.8112239999999	n/a	944.0424842499999	1	n/a	n/a	n/a	n/a	n/a	n/a	n/a	n/a	n/a	n/a	n/a	n/a	intervals/encoding_table	88	945.087650	953.152525
945.087650	0.000000	189018	ttl	1	70	n/a	n/a	n/a	n/a	n/a	n/a	n/a	n/a	n/a	n/a	n/a	n/a	n/a	n/a	n/a	n/a	n/a	n/a	n/a	n/a	n/a	945.087650	n/a
953.152525	0.000000	190631	ttl	2	70	n/a	n/a	n/a	n/a	n/a	n/a	n/a	n/a	n/a	n/a	n/a	n/a	n/a	n/a	n/a	n/a	n/a	n/a	n/a	n/a	n/a	953.152525	n/a
954.835824	0.000000	190967	ttl	11	70	n/a	n/a	n/a	n/a	n/a	n/a	n/a	n/a	n/a	n/a	n/a	n/a	n/a	n/a	n/a	n/a	n/a	n/a	n/a	n/a	n/a	954.835824	n/a
955.879316	9.165865	191176	encoding	n/a	n/a	SB_22.mp4	70.0	956.95073925	958.014405	n/a	954.835824	1	n/a	n/a	n/a	n/a	n/a	n/a	n/a	n/a	n/a	n/a	n/a	n/a	intervals/encoding_table	89	955.879316	965.045181
955.879316	0.000000	191176	ttl	1	70	n/a	n/a	n/a	n/a	n/a	n/a	n/a	n/a	n/a	n/a	n/a	n/a	n/a	n/a	n/a	n/a	n/a	n/a	n/a	n/a	n/a	955.879316	n/a
965.045181	0.000000	193009	ttl	2	70	n/a	n/a	n/a	n/a	n/a	n/a	n/a	n/a	n/a	n/a	n/a	n/a	n/a	n/a	n/a	n/a	n/a	n/a	n/a	n/a	n/a	965.045181	n/a
965.100489	0.000000	193020	ttl	60	70	n/a	n/a	n/a	n/a	n/a	n/a	n/a	n/a	n/a	n/a	n/a	n/a	n/a	n/a	n/a	n/a	n/a	n/a	n/a	n/a	n/a	965.100489	n/a
1285.350590	0.000000	257070	ttl	61	71	n/a	n/a	n/a	n/a	n/a	n/a	n/a	n/a	n/a	n/a	n/a	n/a	n/a	n/a	n/a	n/a	n/a	n/a	n/a	n/a	n/a	1285.350590	n/a
1285.409930	0.000000	257082	ttl	11	71	n/a	n/a	n/a	n/a	n/a	n/a	n/a	n/a	n/a	n/a	n/a	n/a	n/a	n/a	n/a	n/a	n/a	n/a	n/a	n/a	n/a	1285.409930	n/a
1285.971816	1.578438	257194	scene_recognition	n/a	n/a	n/a	71.0	n/a	n/a	n/a	1285.4099305	n/a	2.2132334581110626	2	3	3	HB_9_frameB.png	2	2	1289.76348725	1	1	n/a	n/a	intervals/recognition_table	0	1285.971816	1287.550254
1285.971816	0.000000	257194	ttl	1	71	n/a	n/a	n/a	n/a	n/a	n/a	n/a	n/a	n/a	n/a	n/a	n/a	n/a	n/a	n/a	n/a	n/a	n/a	n/a	n/a	n/a	1285.971816	n/a
1287.550254	0.000000	257510	ttl	2	71	n/a	n/a	n/a	n/a	n/a	n/a	n/a	n/a	n/a	n/a	n/a	n/a	n/a	n/a	n/a	n/a	n/a	n/a	n/a	n/a	n/a	1287.550254	n/a
1289.763487	0.000000	257953	ttl	4	71	n/a	n/a	n/a	n/a	n/a	n/a	n/a	n/a	n/a	n/a	n/a	n/a	n/a	n/a	n/a	n/a	n/a	n/a	n/a	n/a	n/a	1289.763487	n/a
1289.793553	0.000000	257959	ttl	11	71	n/a	n/a	n/a	n/a	n/a	n/a	n/a	n/a	n/a	n/a	n/a	n/a	n/a	n/a	n/a	n/a	n/a	n/a	n/a	n/a	n/a	1289.793553	n/a
1290.315462	1.528116	258063	scene_recognition	n/a	n/a	n/a	71.0	n/a	n/a	n/a	1289.7935532499998	n/a	1.9186600879766047	2	3	3	HB_4_frameA.png	2	2	1293.762238	1	2	n/a	n/a	intervals/recognition_table	1	1290.315462	1291.843578
1290.315462	0.000000	258063	ttl	1	71	n/a	n/a	n/a	n/a	n/a	n/a	n/a	n/a	n/a	n/a	n/a	n/a	n/a	n/a	n/a	n/a	n/a	n/a	n/a	n/a	n/a	1290.315462	n/a
1291.843578	0.000000	258369	ttl	2	71	n/a	n/a	n/a	n/a	n/a	n/a	n/a	n/a	n/a	n/a	n/a	n/a	n/a	n/a	n/a	n/a	n/a	n/a	n/a	n/a	n/a	1291.843578	n/a
1293.762238	0.000000	258752	ttl	4	71	n/a	n/a	n/a	n/a	n/a	n/a	n/a	n/a	n/a	n/a	n/a	n/a	n/a	n/a	n/a	n/a	n/a	n/a	n/a	n/a	n/a	1293.762238	n/a
1293.792663	0.000000	258759	ttl	11	71	n/a	n/a	n/a	n/a	n/a	n/a	n/a	n/a	n/a	n/a	n/a	n/a	n/a	n/a	n/a	n/a	n/a	n/a	n/a	n/a	n/a	1293.792663	n/a
1294.294348	1.547272	258859	scene_recognition	n/a	n/a	n/a	71.0	n/a	n/a	n/a	1293.7926625	n/a	1.3999390482204035	2	1	3	NB_29_frameA_foil.png	1	7	1297.24155925	0	3	n/a	n/a	intervals/recognition_table	2	1294.294348	1295.841620
1294.294348	0.000000	258859	ttl	1	71	n/a	n/a	n/a	n/a	n/a	n/a	n/a	n/a	n/a	n/a	n/a	n/a	n/a	n/a	n/a	n/a	n/a	n/a	n/a	n/a	n/a	1294.294348	n/a
1295.841620	0.000000	259168	ttl	2	71	n/a	n/a	n/a	n/a	n/a	n/a	n/a	n/a	n/a	n/a	n/a	n/a	n/a	n/a	n/a	n/a	n/a	n/a	n/a	n/a	n/a	1295.841620	n/a
1297.241559	0.000000	259448	ttl	4	71	n/a	n/a	n/a	n/a	n/a	n/a	n/a	n/a	n/a	n/a	n/a	n/a	n/a	n/a	n/a	n/a	n/a	n/a	n/a	n/a	n/a	1297.241559	n/a
1297.267383	0.000000	259453	ttl	11	71	n/a	n/a	n/a	n/a	n/a	n/a	n/a	n/a	n/a	n/a	n/a	n/a	n/a	n/a	n/a	n/a	n/a	n/a	n/a	n/a	n/a	1297.267383	n/a
1297.769072	1.548552	259554	scene_recognition	n/a	n/a	n/a	71.0	n/a	n/a	n/a	1297.26738325	n/a	1.9433028397616	2	3	3	HB_1_frameB.png	2	2	1301.26092675	1	4	n/a	n/a	intervals/recognition_table	3	1297.769072	1299.317624
1297.769072	0.000000	259554	ttl	1	71	n/a	n/a	n/a	n/a	n/a	n/a	n/a	n/a	n/a	n/a	n/a	n/a	n/a	n/a	n/a	n/a	n/a	n/a	n/a	n/a	n/a	1297.769072	n/a
1299.317624	0.000000	259864	ttl	2	71	n/a	n/a	n/a	n/a	n/a	n/a	n/a	n/a	n/a	n/a	n/a	n/a	n/a	n/a	n/a	n/a	n/a	n/a	n/a	n/a	n/a	1299.317624	n/a
1301.260927	0.000000	260252	ttl	4	71	n/a	n/a	n/a	n/a	n/a	n/a	n/a	n/a	n/a	n/a	n/a	n/a	n/a	n/a	n/a	n/a	n/a	n/a	n/a	n/a	n/a	1301.260927	n/a
1301.276660	0.000000	260255	ttl	11	71	n/a	n/a	n/a	n/a	n/a	n/a	n/a	n/a	n/a	n/a	n/a	n/a	n/a	n/a	n/a	n/a	n/a	n/a	n/a	n/a	n/a	1301.276660	n/a
1301.858442	1.527323	260372	scene_recognition	n/a	n/a	n/a	71.0	n/a	n/a	n/a	1301.2766602499998	n/a	1.8571022204123437	1	1	3	NB_3_frameA_foil.png	2	2	1305.2428674999999	0	5	n/a	n/a	intervals/recognition_table	4	1301.858442	1303.385765
1301.858442	0.000000	260372	ttl	1	71	n/a	n/a	n/a	n/a	n/a	n/a	n/a	n/a	n/a	n/a	n/a	n/a	n/a	n/a	n/a	n/a	n/a	n/a	n/a	n/a	n/a	1301.858442	n/a
1303.385765	0.000000	260677	ttl	2	71	n/a	n/a	n/a	n/a	n/a	n/a	n/a	n/a	n/a	n/a	n/a	n/a	n/a	n/a	n/a	n/a	n/a	n/a	n/a	n/a	n/a	1303.385765	n/a
1305.242867	0.000000	261049	ttl	4	71	n/a	n/a	n/a	n/a	n/a	n/a	n/a	n/a	n/a	n/a	n/a	n/a	n/a	n/a	n/a	n/a	n/a	n/a	n/a	n/a	n/a	1305.242867	n/a
1305.264265	0.000000	261053	ttl	11	71	n/a	n/a	n/a	n/a	n/a	n/a	n/a	n/a	n/a	n/a	n/a	n/a	n/a	n/a	n/a	n/a	n/a	n/a	n/a	n/a	n/a	1305.264265	n/a
1305.786022	1.527188	261157	scene_recognition	n/a	n/a	n/a	71.0	n/a	n/a	n/a	1305.2642652499999	n/a	2.3871550385374576	2	3	3	HB_9_frameA.png	2	2	1309.700365	1	6	n/a	n/a	intervals/recognition_table	5	1305.786022	1307.313210
1305.786022	0.000000	261157	ttl	1	71	n/a	n/a	n/a	n/a	n/a	n/a	n/a	n/a	n/a	n/a	n/a	n/a	n/a	n/a	n/a	n/a	n/a	n/a	n/a	n/a	n/a	1305.786022	n/a
1307.313210	0.000000	261463	ttl	2	71	n/a	n/a	n/a	n/a	n/a	n/a	n/a	n/a	n/a	n/a	n/a	n/a	n/a	n/a	n/a	n/a	n/a	n/a	n/a	n/a	n/a	1307.313210	n/a
1309.700365	0.000000	261940	ttl	4	71	n/a	n/a	n/a	n/a	n/a	n/a	n/a	n/a	n/a	n/a	n/a	n/a	n/a	n/a	n/a	n/a	n/a	n/a	n/a	n/a	n/a	1309.700365	n/a
1309.713959	0.000000	261943	ttl	11	71	n/a	n/a	n/a	n/a	n/a	n/a	n/a	n/a	n/a	n/a	n/a	n/a	n/a	n/a	n/a	n/a	n/a	n/a	n/a	n/a	n/a	1309.713959	n/a
1310.255668	1.547283	262051	scene_recognition	n/a	n/a	n/a	71.0	n/a	n/a	n/a	1309.7139587499998	n/a	1.2888528746552765	2	2	2	SB_3_frameA.png	2	3	1313.0918035	1	7	n/a	n/a	intervals/recognition_table	6	1310.255668	1311.802951
1310.255668	0.000000	262051	ttl	1	71	n/a	n/a	n/a	n/a	n/a	n/a	n/a	n/a	n/a	n/a	n/a	n/a	n/a	n/a	n/a	n/a	n/a	n/a	n/a	n/a	n/a	1310.255668	n/a
1311.802951	0.000000	262361	ttl	2	71	n/a	n/a	n/a	n/a	n/a	n/a	n/a	n/a	n/a	n/a	n/a	n/a	n/a	n/a	n/a	n/a	n/a	n/a	n/a	n/a	n/a	1311.802951	n/a
1313.091803	0.000000	262618	ttl	4	71	n/a	n/a	n/a	n/a	n/a	n/a	n/a	n/a	n/a	n/a	n/a	n/a	n/a	n/a	n/a	n/a	n/a	n/a	n/a	n/a	n/a	1313.091803	n/a
1313.115304	0.000000	262623	ttl	11	71	n/a	n/a	n/a	n/a	n/a	n/a	n/a	n/a	n/a	n/a	n/a	n/a	n/a	n/a	n/a	n/a	n/a	n/a	n/a	n/a	n/a	1313.115304	n/a
1313.637060	1.547126	262727	scene_recognition	n/a	n/a	n/a	71.0	n/a	n/a	n/a	1313.115304	n/a	1.6465816479176283	2	1	3	NB_4_frameA.png	2	2	1316.83076825	1	8	n/a	n/a	intervals/recognition_table	7	1313.637060	1315.184186
1313.637060	0.000000	262727	ttl	1	71	n/a	n/a	n/a	n/a	n/a	n/a	n/a	n/a	n/a	n/a	n/a	n/a	n/a	n/a	n/a	n/a	n/a	n/a	n/a	n/a	n/a	1313.637060	n/a
1315.184186	0.000000	263037	ttl	2	71	n/a	n/a	n/a	n/a	n/a	n/a	n/a	n/a	n/a	n/a	n/a	n/a	n/a	n/a	n/a	n/a	n/a	n/a	n/a	n/a	n/a	1315.184186	n/a
1316.830768	0.000000	263366	ttl	4	71	n/a	n/a	n/a	n/a	n/a	n/a	n/a	n/a	n/a	n/a	n/a	n/a	n/a	n/a	n/a	n/a	n/a	n/a	n/a	n/a	n/a	1316.830768	n/a
1316.839359	0.000000	263368	ttl	11	71	n/a	n/a	n/a	n/a	n/a	n/a	n/a	n/a	n/a	n/a	n/a	n/a	n/a	n/a	n/a	n/a	n/a	n/a	n/a	n/a	n/a	1316.839359	n/a
1317.381329	1.547179	263476	scene_recognition	n/a	n/a	n/a	71.0	n/a	n/a	n/a	1316.8393589999998	n/a	1.379065312561579	2	2	2	SB_5_frameB_foil.png	1	6	1320.30757325	0	9	n/a	n/a	intervals/recognition_table	8	1317.381329	1318.928508
1317.381329	0.000000	263476	ttl	1	71	n/a	n/a	n/a	n/a	n/a	n/a	n/a	n/a	n/a	n/a	n/a	n/a	n/a	n/a	n/a	n/a	n/a	n/a	n/a	n/a	n/a	1317.381329	n/a
1318.928508	0.000000	263786	ttl	2	71	n/a	n/a	n/a	n/a	n/a	n/a	n/a	n/a	n/a	n/a	n/a	n/a	n/a	n/a	n/a	n/a	n/a	n/a	n/a	n/a	n/a	1318.928508	n/a
1320.307573	0.000000	264062	ttl	4	71	n/a	n/a	n/a	n/a	n/a	n/a	n/a	n/a	n/a	n/a	n/a	n/a	n/a	n/a	n/a	n/a	n/a	n/a	n/a	n/a	n/a	1320.307573	n/a
1320.331696	0.000000	264066	ttl	11	71	n/a	n/a	n/a	n/a	n/a	n/a	n/a	n/a	n/a	n/a	n/a	n/a	n/a	n/a	n/a	n/a	n/a	n/a	n/a	n/a	n/a	1320.331696	n/a
1320.853361	1.547897	264171	scene_recognition	n/a	n/a	n/a	71.0	n/a	n/a	n/a	1320.3316965	n/a	1.8334341833833605	2	3	3	HB_2_frameB_foil.png	1	7	1324.23469175	0	10	n/a	n/a	intervals/recognition_table	9	1320.853361	1322.401257
1320.853361	0.000000	264171	ttl	1	71	n/a	n/a	n/a	n/a	n/a	n/a	n/a	n/a	n/a	n/a	n/a	n/a	n/a	n/a	n/a	n/a	n/a	n/a	n/a	n/a	n/a	1320.853361	n/a
1322.401257	0.000000	264480	ttl	2	71	n/a	n/a	n/a	n/a	n/a	n/a	n/a	n/a	n/a	n/a	n/a	n/a	n/a	n/a	n/a	n/a	n/a	n/a	n/a	n/a	n/a	1322.401257	n/a
1324.234692	0.000000	264847	ttl	4	71	n/a	n/a	n/a	n/a	n/a	n/a	n/a	n/a	n/a	n/a	n/a	n/a	n/a	n/a	n/a	n/a	n/a	n/a	n/a	n/a	n/a	1324.234692	n/a
1324.245363	0.000000	264849	ttl	11	71	n/a	n/a	n/a	n/a	n/a	n/a	n/a	n/a	n/a	n/a	n/a	n/a	n/a	n/a	n/a	n/a	n/a	n/a	n/a	n/a	n/a	1324.245363	n/a
1324.807258	1.527166	264961	scene_recognition	n/a	n/a	n/a	71.0	n/a	n/a	n/a	1324.2453632499999	n/a	2.1274885261664167	2	3	3	HB_2_frameA.png	2	2	1328.461912	1	11	n/a	n/a	intervals/recognition_table	10	1324.807258	1326.334423
1324.807258	0.000000	264961	ttl	1	71	n/a	n/a	n/a	n/a	n/a	n/a	n/a	n/a	n/a	n/a	n/a	n/a	n/a	n/a	n/a	n/a	n/a	n/a	n/a	n/a	n/a	1324.807258	n/a
1326.334423	0.000000	265267	ttl	2	71	n/a	n/a	n/a	n/a	n/a	n/a	n/a	n/a	n/a	n/a	n/a	n/a	n/a	n/a	n/a	n/a	n/a	n/a	n/a	n/a	n/a	1326.334423	n/a
1328.461912	0.000000	265692	ttl	4	71	n/a	n/a	n/a	n/a	n/a	n/a	n/a	n/a	n/a	n/a	n/a	n/a	n/a	n/a	n/a	n/a	n/a	n/a	n/a	n/a	n/a	1328.461912	n/a
1328.471350	0.000000	265694	ttl	11	71	n/a	n/a	n/a	n/a	n/a	n/a	n/a	n/a	n/a	n/a	n/a	n/a	n/a	n/a	n/a	n/a	n/a	n/a	n/a	n/a	n/a	1328.471350	n/a
1329.013256	1.547143	265803	scene_recognition	n/a	n/a	n/a	71.0	n/a	n/a	n/a	1328.4713505	n/a	1.4044414086965844	1	3	3	HB_1_frameB.png	1	7	1331.9648399999999	1	12	n/a	n/a	intervals/recognition_table	11	1329.013256	1330.560399
1329.013256	0.000000	265803	ttl	1	71	n/a	n/a	n/a	n/a	n/a	n/a	n/a	n/a	n/a	n/a	n/a	n/a	n/a	n/a	n/a	n/a	n/a	n/a	n/a	n/a	n/a	1329.013256	n/a
1330.560399	0.000000	266112	ttl	2	71	n/a	n/a	n/a	n/a	n/a	n/a	n/a	n/a	n/a	n/a	n/a	n/a	n/a	n/a	n/a	n/a	n/a	n/a	n/a	n/a	n/a	1330.560399	n/a
1331.964840	0.000000	266393	ttl	4	71	n/a	n/a	n/a	n/a	n/a	n/a	n/a	n/a	n/a	n/a	n/a	n/a	n/a	n/a	n/a	n/a	n/a	n/a	n/a	n/a	n/a	1331.964840	n/a
1331.977045	0.000000	266395	ttl	11	71	n/a	n/a	n/a	n/a	n/a	n/a	n/a	n/a	n/a	n/a	n/a	n/a	n/a	n/a	n/a	n/a	n/a	n/a	n/a	n/a	n/a	1331.977045	n/a
1332.518731	1.527846	266504	scene_recognition	n/a	n/a	n/a	71.0	n/a	n/a	n/a	1331.97704475	n/a	1.9136756238294765	2	3	3	HB_7_frameA.png	2	2	1335.9602527499999	1	13	n/a	n/a	intervals/recognition_table	12	1332.518731	1334.046577
1332.518731	0.000000	266504	ttl	1	71	n/a	n/a	n/a	n/a	n/a	n/a	n/a	n/a	n/a	n/a	n/a	n/a	n/a	n/a	n/a	n/a	n/a	n/a	n/a	n/a	n/a	1332.518731	n/a
1334.046577	0.000000	266809	ttl	2	71	n/a	n/a	n/a	n/a	n/a	n/a	n/a	n/a	n/a	n/a	n/a	n/a	n/a	n/a	n/a	n/a	n/a	n/a	n/a	n/a	n/a	1334.046577	n/a
1335.960253	0.000000	267192	ttl	4	71	n/a	n/a	n/a	n/a	n/a	n/a	n/a	n/a	n/a	n/a	n/a	n/a	n/a	n/a	n/a	n/a	n/a	n/a	n/a	n/a	n/a	1335.960253	n/a
1335.984209	0.000000	267197	ttl	11	71	n/a	n/a	n/a	n/a	n/a	n/a	n/a	n/a	n/a	n/a	n/a	n/a	n/a	n/a	n/a	n/a	n/a	n/a	n/a	n/a	n/a	1335.984209	n/a
1336.526015	1.547368	267305	scene_recognition	n/a	n/a	n/a	71.0	n/a	n/a	n/a	1335.98420925	n/a	1.8147570579312742	1	1	3	NB_20_frameB_foil.png	2	2	1339.88814075	0	14	n/a	n/a	intervals/recognition_table	13	1336.526015	1338.073383
1336.526015	0.000000	267305	ttl	1	71	n/a	n/a	n/a	n/a	n/a	n/a	n/a	n/a	n/a	n/a	n/a	n/a	n/a	n/a	n/a	n/a	n/a	n/a	n/a	n/a	n/a	1336.526015	n/a
1338.073383	0.000000	267615	ttl	2	71	n/a	n/a	n/a	n/a	n/a	n/a	n/a	n/a	n/a	n/a	n/a	n/a	n/a	n/a	n/a	n/a	n/a	n/a	n/a	n/a	n/a	1338.073383	n/a
1339.888141	0.000000	267978	ttl	4	71	n/a	n/a	n/a	n/a	n/a	n/a	n/a	n/a	n/a	n/a	n/a	n/a	n/a	n/a	n/a	n/a	n/a	n/a	n/a	n/a	n/a	1339.888141	n/a
1339.903111	0.000000	267981	ttl	11	71	n/a	n/a	n/a	n/a	n/a	n/a	n/a	n/a	n/a	n/a	n/a	n/a	n/a	n/a	n/a	n/a	n/a	n/a	n/a	n/a	n/a	1339.903111	n/a
1340.464901	1.548043	268093	scene_recognition	n/a	n/a	n/a	71.0	n/a	n/a	n/a	1339.9031109999999	n/a	2.103575780056417	1	3	3	HB_1_frameB.png	1	7	1344.116519	1	15	n/a	n/a	intervals/recognition_table	14	1340.464901	1342.012943
1340.464901	0.000000	268093	ttl	1	71	n/a	n/a	n/a	n/a	n/a	n/a	n/a	n/a	n/a	n/a	n/a	n/a	n/a	n/a	n/a	n/a	n/a	n/a	n/a	n/a	n/a	1340.464901	n/a
1342.012943	0.000000	268403	ttl	2	71	n/a	n/a	n/a	n/a	n/a	n/a	n/a	n/a	n/a	n/a	n/a	n/a	n/a	n/a	n/a	n/a	n/a	n/a	n/a	n/a	n/a	1342.012943	n/a
1344.116519	0.000000	268823	ttl	4	71	n/a	n/a	n/a	n/a	n/a	n/a	n/a	n/a	n/a	n/a	n/a	n/a	n/a	n/a	n/a	n/a	n/a	n/a	n/a	n/a	n/a	1344.116519	n/a
1344.127114	0.000000	268825	ttl	11	71	n/a	n/a	n/a	n/a	n/a	n/a	n/a	n/a	n/a	n/a	n/a	n/a	n/a	n/a	n/a	n/a	n/a	n/a	n/a	n/a	n/a	1344.127114	n/a
1344.649084	1.527270	268930	scene_recognition	n/a	n/a	n/a	71.0	n/a	n/a	n/a	1344.12711425	n/a	1.1744790135417134	1	2	2	SB_1_frameB_foil.png	2	3	1347.3508335	0	16	n/a	n/a	intervals/recognition_table	15	1344.649084	1346.176354
1344.649084	0.000000	268930	ttl	1	71	n/a	n/a	n/a	n/a	n/a	n/a	n/a	n/a	n/a	n/a	n/a	n/a	n/a	n/a	n/a	n/a	n/a	n/a	n/a	n/a	n/a	1344.649084	n/a
1346.176354	0.000000	269235	ttl	2	71	n/a	n/a	n/a	n/a	n/a	n/a	n/a	n/a	n/a	n/a	n/a	n/a	n/a	n/a	n/a	n/a	n/a	n/a	n/a	n/a	n/a	1346.176354	n/a
1347.350833	0.000000	269470	ttl	4	71	n/a	n/a	n/a	n/a	n/a	n/a	n/a	n/a	n/a	n/a	n/a	n/a	n/a	n/a	n/a	n/a	n/a	n/a	n/a	n/a	n/a	1347.350833	n/a
1347.361007	0.000000	269472	ttl	11	71	n/a	n/a	n/a	n/a	n/a	n/a	n/a	n/a	n/a	n/a	n/a	n/a	n/a	n/a	n/a	n/a	n/a	n/a	n/a	n/a	n/a	1347.361007	n/a
1347.942982	1.547170	269589	scene_recognition	n/a	n/a	n/a	71.0	n/a	n/a	n/a	1347.3610072499998	n/a	1.0921209083171561	2	2	2	SB_1_frameA_foil.png	1	6	1350.5822739999999	0	17	n/a	n/a	intervals/recognition_table	16	1347.942982	1349.490153
1347.942982	0.000000	269589	ttl	1	71	n/a	n/a	n/a	n/a	n/a	n/a	n/a	n/a	n/a	n/a	n/a	n/a	n/a	n/a	n/a	n/a	n/a	n/a	n/a	n/a	n/a	1347.942982	n/a
1349.490153	0.000000	269898	ttl	2	71	n/a	n/a	n/a	n/a	n/a	n/a	n/a	n/a	n/a	n/a	n/a	n/a	n/a	n/a	n/a	n/a	n/a	n/a	n/a	n/a	n/a	1349.490153	n/a
1350.582274	0.000000	270116	ttl	4	71	n/a	n/a	n/a	n/a	n/a	n/a	n/a	n/a	n/a	n/a	n/a	n/a	n/a	n/a	n/a	n/a	n/a	n/a	n/a	n/a	n/a	1350.582274	n/a
1350.599292	0.000000	270120	ttl	11	71	n/a	n/a	n/a	n/a	n/a	n/a	n/a	n/a	n/a	n/a	n/a	n/a	n/a	n/a	n/a	n/a	n/a	n/a	n/a	n/a	n/a	1350.599292	n/a
1351.121077	1.547850	270224	scene_recognition	n/a	n/a	n/a	71.0	n/a	n/a	n/a	1350.5992919999999	n/a	1.3870068493997678	1	2	2	SB_5_frameB.png	1	6	1354.0559335	1	18	n/a	n/a	intervals/recognition_table	17	1351.121077	1352.668926
1351.121077	0.000000	270224	ttl	1	71	n/a	n/a	n/a	n/a	n/a	n/a	n/a	n/a	n/a	n/a	n/a	n/a	n/a	n/a	n/a	n/a	n/a	n/a	n/a	n/a	n/a	1351.121077	n/a
1352.668926	0.000000	270534	ttl	2	71	n/a	n/a	n/a	n/a	n/a	n/a	n/a	n/a	n/a	n/a	n/a	n/a	n/a	n/a	n/a	n/a	n/a	n/a	n/a	n/a	n/a	1352.668926	n/a
1354.055934	0.000000	270811	ttl	4	71	n/a	n/a	n/a	n/a	n/a	n/a	n/a	n/a	n/a	n/a	n/a	n/a	n/a	n/a	n/a	n/a	n/a	n/a	n/a	n/a	n/a	1354.055934	n/a
1354.072625	0.000000	270815	ttl	11	71	n/a	n/a	n/a	n/a	n/a	n/a	n/a	n/a	n/a	n/a	n/a	n/a	n/a	n/a	n/a	n/a	n/a	n/a	n/a	n/a	n/a	1354.072625	n/a
1354.634581	1.547347	270927	scene_recognition	n/a	n/a	n/a	71.0	n/a	n/a	n/a	1354.072625	n/a	1.3522950537735596	2	1	3	NB_16_frameA.png	2	2	1357.53422325	1	19	n/a	n/a	intervals/recognition_table	18	1354.634581	1356.181928
1354.634581	0.000000	270927	ttl	1	71	n/a	n/a	n/a	n/a	n/a	n/a	n/a	n/a	n/a	n/a	n/a	n/a	n/a	n/a	n/a	n/a	n/a	n/a	n/a	n/a	n/a	1354.634581	n/a
1356.181928	0.000000	271236	ttl	2	71	n/a	n/a	n/a	n/a	n/a	n/a	n/a	n/a	n/a	n/a	n/a	n/a	n/a	n/a	n/a	n/a	n/a	n/a	n/a	n/a	n/a	1356.181928	n/a
1357.534223	0.000000	271507	ttl	4	71	n/a	n/a	n/a	n/a	n/a	n/a	n/a	n/a	n/a	n/a	n/a	n/a	n/a	n/a	n/a	n/a	n/a	n/a	n/a	n/a	n/a	1357.534223	n/a
1357.558484	0.000000	271512	ttl	11	71	n/a	n/a	n/a	n/a	n/a	n/a	n/a	n/a	n/a	n/a	n/a	n/a	n/a	n/a	n/a	n/a	n/a	n/a	n/a	n/a	n/a	1357.558484	n/a
1358.140414	1.547175	271628	scene_recognition	n/a	n/a	n/a	71.0	n/a	n/a	n/a	1357.55848375	n/a	1.8477227236144245	1	3	3	HB_5_frameB_foil.png	2	2	1361.5353109999999	0	20	n/a	n/a	intervals/recognition_table	19	1358.140414	1359.687588
1358.140414	0.000000	271628	ttl	1	71	n/a	n/a	n/a	n/a	n/a	n/a	n/a	n/a	n/a	n/a	n/a	n/a	n/a	n/a	n/a	n/a	n/a	n/a	n/a	n/a	n/a	1358.140414	n/a
1359.687588	0.000000	271938	ttl	2	71	n/a	n/a	n/a	n/a	n/a	n/a	n/a	n/a	n/a	n/a	n/a	n/a	n/a	n/a	n/a	n/a	n/a	n/a	n/a	n/a	n/a	1359.687588	n/a
1361.535311	0.000000	272307	ttl	4	71	n/a	n/a	n/a	n/a	n/a	n/a	n/a	n/a	n/a	n/a	n/a	n/a	n/a	n/a	n/a	n/a	n/a	n/a	n/a	n/a	n/a	1361.535311	n/a
1361.542562	0.000000	272309	ttl	11	71	n/a	n/a	n/a	n/a	n/a	n/a	n/a	n/a	n/a	n/a	n/a	n/a	n/a	n/a	n/a	n/a	n/a	n/a	n/a	n/a	n/a	1361.542562	n/a
1362.084596	1.527121	272417	scene_recognition	n/a	n/a	n/a	71.0	n/a	n/a	n/a	1361.5425619999999	n/a	1.3166577054653317	2	1	3	NB_5_frameB.png	2	2	1364.9283747499999	1	21	n/a	n/a	intervals/recognition_table	20	1362.084596	1363.611717
1362.084596	0.000000	272417	ttl	1	71	n/a	n/a	n/a	n/a	n/a	n/a	n/a	n/a	n/a	n/a	n/a	n/a	n/a	n/a	n/a	n/a	n/a	n/a	n/a	n/a	n/a	1362.084596	n/a
1363.611717	0.000000	272722	ttl	2	71	n/a	n/a	n/a	n/a	n/a	n/a	n/a	n/a	n/a	n/a	n/a	n/a	n/a	n/a	n/a	n/a	n/a	n/a	n/a	n/a	n/a	1363.611717	n/a
1364.928375	0.000000	272986	ttl	4	71	n/a	n/a	n/a	n/a	n/a	n/a	n/a	n/a	n/a	n/a	n/a	n/a	n/a	n/a	n/a	n/a	n/a	n/a	n/a	n/a	n/a	1364.928375	n/a
1364.945110	0.000000	272989	ttl	11	71	n/a	n/a	n/a	n/a	n/a	n/a	n/a	n/a	n/a	n/a	n/a	n/a	n/a	n/a	n/a	n/a	n/a	n/a	n/a	n/a	n/a	1364.945110	n/a
1365.486912	1.547182	273097	scene_recognition	n/a	n/a	n/a	71.0	n/a	n/a	n/a	1364.94511025	n/a	1.6810331037268043	2	2	2	SB_8_frameA.png	2	3	1368.715127	1	22	n/a	n/a	intervals/recognition_table	21	1365.486912	1367.034094
1365.486912	0.000000	273097	ttl	1	71	n/a	n/a	n/a	n/a	n/a	n/a	n/a	n/a	n/a	n/a	n/a	n/a	n/a	n/a	n/a	n/a	n/a	n/a	n/a	n/a	n/a	1365.486912	n/a
1367.034094	0.000000	273407	ttl	2	71	n/a	n/a	n/a	n/a	n/a	n/a	n/a	n/a	n/a	n/a	n/a	n/a	n/a	n/a	n/a	n/a	n/a	n/a	n/a	n/a	n/a	1367.034094	n/a
1368.715127	0.000000	273743	ttl	4	71	n/a	n/a	n/a	n/a	n/a	n/a	n/a	n/a	n/a	n/a	n/a	n/a	n/a	n/a	n/a	n/a	n/a	n/a	n/a	n/a	n/a	1368.715127	n/a
1368.726256	0.000000	273745	ttl	11	71	n/a	n/a	n/a	n/a	n/a	n/a	n/a	n/a	n/a	n/a	n/a	n/a	n/a	n/a	n/a	n/a	n/a	n/a	n/a	n/a	n/a	1368.726256	n/a
1369.248083	1.527049	273850	scene_recognition	n/a	n/a	n/a	71.0	n/a	n/a	n/a	1368.72625625	n/a	1.683109394274652	2	1	3	NB_24_frameA.png	2	2	1372.4582415	1	23	n/a	n/a	intervals/recognition_table	22	1369.248083	1370.775132
1369.248083	0.000000	273850	ttl	1	71	n/a	n/a	n/a	n/a	n/a	n/a	n/a	n/a	n/a	n/a	n/a	n/a	n/a	n/a	n/a	n/a	n/a	n/a	n/a	n/a	n/a	1369.248083	n/a
1370.775132	0.000000	274155	ttl	2	71	n/a	n/a	n/a	n/a	n/a	n/a	n/a	n/a	n/a	n/a	n/a	n/a	n/a	n/a	n/a	n/a	n/a	n/a	n/a	n/a	n/a	1370.775132	n/a
1372.458241	0.000000	274492	ttl	4	71	n/a	n/a	n/a	n/a	n/a	n/a	n/a	n/a	n/a	n/a	n/a	n/a	n/a	n/a	n/a	n/a	n/a	n/a	n/a	n/a	n/a	1372.458241	n/a
1372.480141	0.000000	274496	ttl	11	71	n/a	n/a	n/a	n/a	n/a	n/a	n/a	n/a	n/a	n/a	n/a	n/a	n/a	n/a	n/a	n/a	n/a	n/a	n/a	n/a	n/a	1372.480141	n/a
1373.001925	1.547337	274600	scene_recognition	n/a	n/a	n/a	71.0	n/a	n/a	n/a	1372.4801412499999	n/a	1.6113785178167745	1	3	3	HB_2_frameA.png	1	7	1376.160641	1	24	n/a	n/a	intervals/recognition_table	23	1373.001925	1374.549262
1373.001925	0.000000	274600	ttl	1	71	n/a	n/a	n/a	n/a	n/a	n/a	n/a	n/a	n/a	n/a	n/a	n/a	n/a	n/a	n/a	n/a	n/a	n/a	n/a	n/a	n/a	1373.001925	n/a
1374.549262	0.000000	274910	ttl	2	71	n/a	n/a	n/a	n/a	n/a	n/a	n/a	n/a	n/a	n/a	n/a	n/a	n/a	n/a	n/a	n/a	n/a	n/a	n/a	n/a	n/a	1374.549262	n/a
1376.160641	0.000000	275232	ttl	4	71	n/a	n/a	n/a	n/a	n/a	n/a	n/a	n/a	n/a	n/a	n/a	n/a	n/a	n/a	n/a	n/a	n/a	n/a	n/a	n/a	n/a	1376.160641	n/a
1376.178461	0.000000	275236	ttl	11	71	n/a	n/a	n/a	n/a	n/a	n/a	n/a	n/a	n/a	n/a	n/a	n/a	n/a	n/a	n/a	n/a	n/a	n/a	n/a	n/a	n/a	1376.178461	n/a
1376.680310	1.527186	275336	scene_recognition	n/a	n/a	n/a	71.0	n/a	n/a	n/a	1376.178461	n/a	2.306079789530486	2	3	3	HB_1_frameA_foil.png	1	7	1380.51357525	0	25	n/a	n/a	intervals/recognition_table	24	1376.680310	1378.207496
1376.680310	0.000000	275336	ttl	1	71	n/a	n/a	n/a	n/a	n/a	n/a	n/a	n/a	n/a	n/a	n/a	n/a	n/a	n/a	n/a	n/a	n/a	n/a	n/a	n/a	n/a	1376.680310	n/a
1378.207496	0.000000	275641	ttl	2	71	n/a	n/a	n/a	n/a	n/a	n/a	n/a	n/a	n/a	n/a	n/a	n/a	n/a	n/a	n/a	n/a	n/a	n/a	n/a	n/a	n/a	1378.207496	n/a
1380.513575	0.000000	276103	ttl	4	71	n/a	n/a	n/a	n/a	n/a	n/a	n/a	n/a	n/a	n/a	n/a	n/a	n/a	n/a	n/a	n/a	n/a	n/a	n/a	n/a	n/a	1380.513575	n/a
1380.520385	0.000000	276104	ttl	11	71	n/a	n/a	n/a	n/a	n/a	n/a	n/a	n/a	n/a	n/a	n/a	n/a	n/a	n/a	n/a	n/a	n/a	n/a	n/a	n/a	n/a	1380.520385	n/a
1381.042160	1.527102	276208	scene_recognition	n/a	n/a	n/a	71.0	n/a	n/a	n/a	1380.52038475	n/a	1.3727148189209402	2	2	3	SB_7_frameA.png	2	2	1383.941977	1	26	n/a	n/a	intervals/recognition_table	25	1381.042160	1382.569262
1381.042160	0.000000	276208	ttl	1	71	n/a	n/a	n/a	n/a	n/a	n/a	n/a	n/a	n/a	n/a	n/a	n/a	n/a	n/a	n/a	n/a	n/a	n/a	n/a	n/a	n/a	1381.042160	n/a
1382.569262	0.000000	276514	ttl	2	71	n/a	n/a	n/a	n/a	n/a	n/a	n/a	n/a	n/a	n/a	n/a	n/a	n/a	n/a	n/a	n/a	n/a	n/a	n/a	n/a	n/a	1382.569262	n/a
1383.941977	0.000000	276788	ttl	4	71	n/a	n/a	n/a	n/a	n/a	n/a	n/a	n/a	n/a	n/a	n/a	n/a	n/a	n/a	n/a	n/a	n/a	n/a	n/a	n/a	n/a	1383.941977	n/a
1383.963911	0.000000	276793	ttl	11	71	n/a	n/a	n/a	n/a	n/a	n/a	n/a	n/a	n/a	n/a	n/a	n/a	n/a	n/a	n/a	n/a	n/a	n/a	n/a	n/a	n/a	1383.963911	n/a
1384.505736	1.527159	276901	scene_recognition	n/a	n/a	n/a	71.0	n/a	n/a	n/a	1383.9639115	n/a	1.72170662751887	2	1	3	NB_18_frameB_foil.png	1	7	1387.7546015	0	27	n/a	n/a	intervals/recognition_table	26	1384.505736	1386.032895
1384.505736	0.000000	276901	ttl	1	71	n/a	n/a	n/a	n/a	n/a	n/a	n/a	n/a	n/a	n/a	n/a	n/a	n/a	n/a	n/a	n/a	n/a	n/a	n/a	n/a	n/a	1384.505736	n/a
1386.032895	0.000000	277207	ttl	2	71	n/a	n/a	n/a	n/a	n/a	n/a	n/a	n/a	n/a	n/a	n/a	n/a	n/a	n/a	n/a	n/a	n/a	n/a	n/a	n/a	n/a	1386.032895	n/a
1387.754602	0.000000	277551	ttl	4	71	n/a	n/a	n/a	n/a	n/a	n/a	n/a	n/a	n/a	n/a	n/a	n/a	n/a	n/a	n/a	n/a	n/a	n/a	n/a	n/a	n/a	1387.754602	n/a
1387.759668	0.000000	277552	ttl	11	71	n/a	n/a	n/a	n/a	n/a	n/a	n/a	n/a	n/a	n/a	n/a	n/a	n/a	n/a	n/a	n/a	n/a	n/a	n/a	n/a	n/a	1387.759668	n/a
1388.281559	1.527379	277656	scene_recognition	n/a	n/a	n/a	71.0	n/a	n/a	n/a	1387.759668	n/a	2.589126984355971	2	3	3	HB_6_frameA.png	2	2	1392.3980649999999	1	28	n/a	n/a	intervals/recognition_table	27	1388.281559	1389.808938
1388.281559	0.000000	277656	ttl	1	71	n/a	n/a	n/a	n/a	n/a	n/a	n/a	n/a	n/a	n/a	n/a	n/a	n/a	n/a	n/a	n/a	n/a	n/a	n/a	n/a	n/a	1388.281559	n/a
1389.808938	0.000000	277962	ttl	2	71	n/a	n/a	n/a	n/a	n/a	n/a	n/a	n/a	n/a	n/a	n/a	n/a	n/a	n/a	n/a	n/a	n/a	n/a	n/a	n/a	n/a	1389.808938	n/a
1392.398065	0.000000	278480	ttl	4	71	n/a	n/a	n/a	n/a	n/a	n/a	n/a	n/a	n/a	n/a	n/a	n/a	n/a	n/a	n/a	n/a	n/a	n/a	n/a	n/a	n/a	1392.398065	n/a
1392.416716	0.000000	278483	ttl	11	71	n/a	n/a	n/a	n/a	n/a	n/a	n/a	n/a	n/a	n/a	n/a	n/a	n/a	n/a	n/a	n/a	n/a	n/a	n/a	n/a	n/a	1392.416716	n/a
1392.938471	1.527055	278588	scene_recognition	n/a	n/a	n/a	71.0	n/a	n/a	n/a	1392.4167165	n/a	1.7032226790906861	1	1	3	NB_19_frameA_foil.png	2	2	1396.1687494999999	0	29	n/a	n/a	intervals/recognition_table	28	1392.938471	1394.465527
1392.938471	0.000000	278588	ttl	1	71	n/a	n/a	n/a	n/a	n/a	n/a	n/a	n/a	n/a	n/a	n/a	n/a	n/a	n/a	n/a	n/a	n/a	n/a	n/a	n/a	n/a	1392.938471	n/a
1394.465527	0.000000	278893	ttl	2	71	n/a	n/a	n/a	n/a	n/a	n/a	n/a	n/a	n/a	n/a	n/a	n/a	n/a	n/a	n/a	n/a	n/a	n/a	n/a	n/a	n/a	1394.465527	n/a
1396.168749	0.000000	279234	ttl	4	71	n/a	n/a	n/a	n/a	n/a	n/a	n/a	n/a	n/a	n/a	n/a	n/a	n/a	n/a	n/a	n/a	n/a	n/a	n/a	n/a	n/a	1396.168749	n/a
1396.177570	0.000000	279236	ttl	11	71	n/a	n/a	n/a	n/a	n/a	n/a	n/a	n/a	n/a	n/a	n/a	n/a	n/a	n/a	n/a	n/a	n/a	n/a	n/a	n/a	n/a	1396.177570	n/a
1396.699501	1.527210	279340	scene_recognition	n/a	n/a	n/a	71.0	n/a	n/a	n/a	1396.17757025	n/a	2.052293039858341	2	3	3	HB_5_frameB.png	2	2	1400.279004	1	30	n/a	n/a	intervals/recognition_table	29	1396.699501	1398.226711
1396.699501	0.000000	279340	ttl	1	71	n/a	n/a	n/a	n/a	n/a	n/a	n/a	n/a	n/a	n/a	n/a	n/a	n/a	n/a	n/a	n/a	n/a	n/a	n/a	n/a	n/a	1396.699501	n/a
1398.226711	0.000000	279645	ttl	2	71	n/a	n/a	n/a	n/a	n/a	n/a	n/a	n/a	n/a	n/a	n/a	n/a	n/a	n/a	n/a	n/a	n/a	n/a	n/a	n/a	n/a	1398.226711	n/a
1400.279004	0.000000	280056	ttl	4	71	n/a	n/a	n/a	n/a	n/a	n/a	n/a	n/a	n/a	n/a	n/a	n/a	n/a	n/a	n/a	n/a	n/a	n/a	n/a	n/a	n/a	1400.279004	n/a
1400.299652	0.000000	280060	ttl	11	71	n/a	n/a	n/a	n/a	n/a	n/a	n/a	n/a	n/a	n/a	n/a	n/a	n/a	n/a	n/a	n/a	n/a	n/a	n/a	n/a	n/a	1400.299652	n/a
1400.861517	1.527325	280172	scene_recognition	n/a	n/a	n/a	71.0	n/a	n/a	n/a	1400.2996524999999	n/a	1.2583560585044324	2	3	3	HB_1_frameA_foil.png	1	7	1403.647198	0	31	n/a	n/a	intervals/recognition_table	30	1400.861517	1402.388842
1400.861517	0.000000	280172	ttl	1	71	n/a	n/a	n/a	n/a	n/a	n/a	n/a	n/a	n/a	n/a	n/a	n/a	n/a	n/a	n/a	n/a	n/a	n/a	n/a	n/a	n/a	1400.861517	n/a
1402.388842	0.000000	280478	ttl	2	71	n/a	n/a	n/a	n/a	n/a	n/a	n/a	n/a	n/a	n/a	n/a	n/a	n/a	n/a	n/a	n/a	n/a	n/a	n/a	n/a	n/a	1402.388842	n/a
1403.647198	0.000000	280729	ttl	4	71	n/a	n/a	n/a	n/a	n/a	n/a	n/a	n/a	n/a	n/a	n/a	n/a	n/a	n/a	n/a	n/a	n/a	n/a	n/a	n/a	n/a	1403.647198	n/a
1403.670321	0.000000	280734	ttl	11	71	n/a	n/a	n/a	n/a	n/a	n/a	n/a	n/a	n/a	n/a	n/a	n/a	n/a	n/a	n/a	n/a	n/a	n/a	n/a	n/a	n/a	1403.670321	n/a
1404.212140	1.527098	280842	scene_recognition	n/a	n/a	n/a	71.0	n/a	n/a	n/a	1403.6703209999998	n/a	1.8020364440744743	2	1	3	NB_8_frameA.png	2	2	1407.5412737499998	1	32	n/a	n/a	intervals/recognition_table	31	1404.212140	1405.739237
1404.212140	0.000000	280842	ttl	1	71	n/a	n/a	n/a	n/a	n/a	n/a	n/a	n/a	n/a	n/a	n/a	n/a	n/a	n/a	n/a	n/a	n/a	n/a	n/a	n/a	n/a	1404.212140	n/a
1405.739237	0.000000	281148	ttl	2	71	n/a	n/a	n/a	n/a	n/a	n/a	n/a	n/a	n/a	n/a	n/a	n/a	n/a	n/a	n/a	n/a	n/a	n/a	n/a	n/a	n/a	1405.739237	n/a
1407.541274	0.000000	281508	ttl	4	71	n/a	n/a	n/a	n/a	n/a	n/a	n/a	n/a	n/a	n/a	n/a	n/a	n/a	n/a	n/a	n/a	n/a	n/a	n/a	n/a	n/a	1407.541274	n/a
1407.550974	0.000000	281510	ttl	11	71	n/a	n/a	n/a	n/a	n/a	n/a	n/a	n/a	n/a	n/a	n/a	n/a	n/a	n/a	n/a	n/a	n/a	n/a	n/a	n/a	n/a	1407.550974	n/a
1408.052681	1.527784	281611	scene_recognition	n/a	n/a	n/a	71.0	n/a	n/a	n/a	1407.550974	n/a	1.5557592359837145	1	1	3	NB_30_frameA.png	1	7	1411.1362245	1	33	n/a	n/a	intervals/recognition_table	32	1408.052681	1409.580465
1408.052681	0.000000	281611	ttl	1	71	n/a	n/a	n/a	n/a	n/a	n/a	n/a	n/a	n/a	n/a	n/a	n/a	n/a	n/a	n/a	n/a	n/a	n/a	n/a	n/a	n/a	1408.052681	n/a
1409.580465	0.000000	281916	ttl	2	71	n/a	n/a	n/a	n/a	n/a	n/a	n/a	n/a	n/a	n/a	n/a	n/a	n/a	n/a	n/a	n/a	n/a	n/a	n/a	n/a	n/a	1409.580465	n/a
1411.136225	0.000000	282227	ttl	4	71	n/a	n/a	n/a	n/a	n/a	n/a	n/a	n/a	n/a	n/a	n/a	n/a	n/a	n/a	n/a	n/a	n/a	n/a	n/a	n/a	n/a	1411.136225	n/a
1411.150750	0.000000	282230	ttl	11	71	n/a	n/a	n/a	n/a	n/a	n/a	n/a	n/a	n/a	n/a	n/a	n/a	n/a	n/a	n/a	n/a	n/a	n/a	n/a	n/a	n/a	1411.150750	n/a
1411.672529	1.547147	282335	scene_recognition	n/a	n/a	n/a	71.0	n/a	n/a	n/a	1411.15074975	n/a	1.5066290764370933	2	1	3	NB_27_frameB.png	2	2	1414.7263054999999	1	34	n/a	n/a	intervals/recognition_table	33	1411.672529	1413.219676
1411.672529	0.000000	282335	ttl	1	71	n/a	n/a	n/a	n/a	n/a	n/a	n/a	n/a	n/a	n/a	n/a	n/a	n/a	n/a	n/a	n/a	n/a	n/a	n/a	n/a	n/a	1411.672529	n/a
1413.219676	0.000000	282644	ttl	2	71	n/a	n/a	n/a	n/a	n/a	n/a	n/a	n/a	n/a	n/a	n/a	n/a	n/a	n/a	n/a	n/a	n/a	n/a	n/a	n/a	n/a	1413.219676	n/a
1414.726305	0.000000	282945	ttl	4	71	n/a	n/a	n/a	n/a	n/a	n/a	n/a	n/a	n/a	n/a	n/a	n/a	n/a	n/a	n/a	n/a	n/a	n/a	n/a	n/a	n/a	1414.726305	n/a
1414.743038	0.000000	282949	ttl	11	71	n/a	n/a	n/a	n/a	n/a	n/a	n/a	n/a	n/a	n/a	n/a	n/a	n/a	n/a	n/a	n/a	n/a	n/a	n/a	n/a	n/a	1414.743038	n/a
1415.305138	1.548051	283061	scene_recognition	n/a	n/a	n/a	71.0	n/a	n/a	n/a	1414.7430379999998	n/a	1.2516562774544582	2	1	3	NB_24_frameB_foil.png	1	7	1418.10484525	0	35	n/a	n/a	intervals/recognition_table	34	1415.305138	1416.853189
1415.305138	0.000000	283061	ttl	1	71	n/a	n/a	n/a	n/a	n/a	n/a	n/a	n/a	n/a	n/a	n/a	n/a	n/a	n/a	n/a	n/a	n/a	n/a	n/a	n/a	n/a	1415.305138	n/a
1416.853189	0.000000	283371	ttl	2	71	n/a	n/a	n/a	n/a	n/a	n/a	n/a	n/a	n/a	n/a	n/a	n/a	n/a	n/a	n/a	n/a	n/a	n/a	n/a	n/a	n/a	1416.853189	n/a
1418.104845	0.000000	283621	ttl	4	71	n/a	n/a	n/a	n/a	n/a	n/a	n/a	n/a	n/a	n/a	n/a	n/a	n/a	n/a	n/a	n/a	n/a	n/a	n/a	n/a	n/a	1418.104845	n/a
1418.125177	0.000000	283625	ttl	11	71	n/a	n/a	n/a	n/a	n/a	n/a	n/a	n/a	n/a	n/a	n/a	n/a	n/a	n/a	n/a	n/a	n/a	n/a	n/a	n/a	n/a	1418.125177	n/a
1418.646910	1.527153	283729	scene_recognition	n/a	n/a	n/a	71.0	n/a	n/a	n/a	1418.12517725	n/a	1.6845700641861185	1	2	3	SB_6_frameA_foil.png	2	2	1421.8586335	0	36	n/a	n/a	intervals/recognition_table	35	1418.646910	1420.174063
1418.646910	0.000000	283729	ttl	1	71	n/a	n/a	n/a	n/a	n/a	n/a	n/a	n/a	n/a	n/a	n/a	n/a	n/a	n/a	n/a	n/a	n/a	n/a	n/a	n/a	n/a	1418.646910	n/a
1420.174063	0.000000	284035	ttl	2	71	n/a	n/a	n/a	n/a	n/a	n/a	n/a	n/a	n/a	n/a	n/a	n/a	n/a	n/a	n/a	n/a	n/a	n/a	n/a	n/a	n/a	1420.174063	n/a
1421.858633	0.000000	284372	ttl	4	71	n/a	n/a	n/a	n/a	n/a	n/a	n/a	n/a	n/a	n/a	n/a	n/a	n/a	n/a	n/a	n/a	n/a	n/a	n/a	n/a	n/a	1421.858633	n/a
1421.873117	0.000000	284375	ttl	11	71	n/a	n/a	n/a	n/a	n/a	n/a	n/a	n/a	n/a	n/a	n/a	n/a	n/a	n/a	n/a	n/a	n/a	n/a	n/a	n/a	n/a	1421.873117	n/a
1422.374904	1.527099	284475	scene_recognition	n/a	n/a	n/a	71.0	n/a	n/a	n/a	1421.87311725	n/a	1.8409165566554293	1	3	3	HB_2_frameB_foil.png	2	2	1425.7429195	0	37	n/a	n/a	intervals/recognition_table	36	1422.374904	1423.902003
1422.374904	0.000000	284475	ttl	1	71	n/a	n/a	n/a	n/a	n/a	n/a	n/a	n/a	n/a	n/a	n/a	n/a	n/a	n/a	n/a	n/a	n/a	n/a	n/a	n/a	n/a	1422.374904	n/a
1423.902003	0.000000	284780	ttl	2	71	n/a	n/a	n/a	n/a	n/a	n/a	n/a	n/a	n/a	n/a	n/a	n/a	n/a	n/a	n/a	n/a	n/a	n/a	n/a	n/a	n/a	1423.902003	n/a
1425.742919	0.000000	285149	ttl	4	71	n/a	n/a	n/a	n/a	n/a	n/a	n/a	n/a	n/a	n/a	n/a	n/a	n/a	n/a	n/a	n/a	n/a	n/a	n/a	n/a	n/a	1425.742919	n/a
1425.763132	0.000000	285153	ttl	11	71	n/a	n/a	n/a	n/a	n/a	n/a	n/a	n/a	n/a	n/a	n/a	n/a	n/a	n/a	n/a	n/a	n/a	n/a	n/a	n/a	n/a	1425.763132	n/a
1426.304958	1.527140	285261	scene_recognition	n/a	n/a	n/a	71.0	n/a	n/a	n/a	1425.76313175	n/a	1.271176505717449	2	2	3	SB_3_frameB.png	2	2	1429.1032745	1	38	n/a	n/a	intervals/recognition_table	37	1426.304958	1427.832098
1426.304958	0.000000	285261	ttl	1	71	n/a	n/a	n/a	n/a	n/a	n/a	n/a	n/a	n/a	n/a	n/a	n/a	n/a	n/a	n/a	n/a	n/a	n/a	n/a	n/a	n/a	1426.304958	n/a
1427.832098	0.000000	285566	ttl	2	71	n/a	n/a	n/a	n/a	n/a	n/a	n/a	n/a	n/a	n/a	n/a	n/a	n/a	n/a	n/a	n/a	n/a	n/a	n/a	n/a	n/a	1427.832098	n/a
1429.103274	0.000000	285821	ttl	4	71	n/a	n/a	n/a	n/a	n/a	n/a	n/a	n/a	n/a	n/a	n/a	n/a	n/a	n/a	n/a	n/a	n/a	n/a	n/a	n/a	n/a	1429.103274	n/a
1429.111836	0.000000	285822	ttl	11	71	n/a	n/a	n/a	n/a	n/a	n/a	n/a	n/a	n/a	n/a	n/a	n/a	n/a	n/a	n/a	n/a	n/a	n/a	n/a	n/a	n/a	1429.111836	n/a
1429.693804	1.547909	285939	scene_recognition	n/a	n/a	n/a	71.0	n/a	n/a	n/a	1429.1118365	n/a	1.561061729094945	2	1	3	NB_11_frameA_foil.png	1	7	1432.8027745	0	39	n/a	n/a	intervals/recognition_table	38	1429.693804	1431.241713
1429.693804	0.000000	285939	ttl	1	71	n/a	n/a	n/a	n/a	n/a	n/a	n/a	n/a	n/a	n/a	n/a	n/a	n/a	n/a	n/a	n/a	n/a	n/a	n/a	n/a	n/a	1429.693804	n/a
1431.241713	0.000000	286248	ttl	2	71	n/a	n/a	n/a	n/a	n/a	n/a	n/a	n/a	n/a	n/a	n/a	n/a	n/a	n/a	n/a	n/a	n/a	n/a	n/a	n/a	n/a	1431.241713	n/a
1432.802774	0.000000	286561	ttl	4	71	n/a	n/a	n/a	n/a	n/a	n/a	n/a	n/a	n/a	n/a	n/a	n/a	n/a	n/a	n/a	n/a	n/a	n/a	n/a	n/a	n/a	1432.802774	n/a
1432.811305	0.000000	286562	ttl	11	71	n/a	n/a	n/a	n/a	n/a	n/a	n/a	n/a	n/a	n/a	n/a	n/a	n/a	n/a	n/a	n/a	n/a	n/a	n/a	n/a	n/a	1432.811305	n/a
1433.373178	1.527213	286675	scene_recognition	n/a	n/a	n/a	71.0	n/a	n/a	n/a	1432.8113055	n/a	1.689127640449442	2	1	3	NB_15_frameA_foil.png	1	7	1436.5895185	0	40	n/a	n/a	intervals/recognition_table	39	1433.373178	1434.900391
1433.373178	0.000000	286675	ttl	1	71	n/a	n/a	n/a	n/a	n/a	n/a	n/a	n/a	n/a	n/a	n/a	n/a	n/a	n/a	n/a	n/a	n/a	n/a	n/a	n/a	n/a	1433.373178	n/a
1434.900391	0.000000	286980	ttl	2	71	n/a	n/a	n/a	n/a	n/a	n/a	n/a	n/a	n/a	n/a	n/a	n/a	n/a	n/a	n/a	n/a	n/a	n/a	n/a	n/a	n/a	1434.900391	n/a
1436.589518	0.000000	287318	ttl	4	71	n/a	n/a	n/a	n/a	n/a	n/a	n/a	n/a	n/a	n/a	n/a	n/a	n/a	n/a	n/a	n/a	n/a	n/a	n/a	n/a	n/a	1436.589518	n/a
1436.601526	0.000000	287320	ttl	11	71	n/a	n/a	n/a	n/a	n/a	n/a	n/a	n/a	n/a	n/a	n/a	n/a	n/a	n/a	n/a	n/a	n/a	n/a	n/a	n/a	n/a	1436.601526	n/a
1437.163421	1.527286	287433	scene_recognition	n/a	n/a	n/a	71.0	n/a	n/a	n/a	1436.601526	n/a	1.779631384066306	1	3	3	HB_9_frameA_foil.png	2	2	1440.4703379999999	0	41	n/a	n/a	intervals/recognition_table	40	1437.163421	1438.690707
1437.163421	0.000000	287433	ttl	1	71	n/a	n/a	n/a	n/a	n/a	n/a	n/a	n/a	n/a	n/a	n/a	n/a	n/a	n/a	n/a	n/a	n/a	n/a	n/a	n/a	n/a	1437.163421	n/a
1438.690707	0.000000	287738	ttl	2	71	n/a	n/a	n/a	n/a	n/a	n/a	n/a	n/a	n/a	n/a	n/a	n/a	n/a	n/a	n/a	n/a	n/a	n/a	n/a	n/a	n/a	1438.690707	n/a
1440.470338	0.000000	288094	ttl	4	71	n/a	n/a	n/a	n/a	n/a	n/a	n/a	n/a	n/a	n/a	n/a	n/a	n/a	n/a	n/a	n/a	n/a	n/a	n/a	n/a	n/a	1440.470338	n/a
1440.489852	0.000000	288098	ttl	11	71	n/a	n/a	n/a	n/a	n/a	n/a	n/a	n/a	n/a	n/a	n/a	n/a	n/a	n/a	n/a	n/a	n/a	n/a	n/a	n/a	n/a	1440.489852	n/a
1441.031669	1.547173	288206	scene_recognition	n/a	n/a	n/a	71.0	n/a	n/a	n/a	1440.48985225	n/a	1.44618232245557	1	2	3	SB_4_frameA.png	1	7	1444.0250245	1	42	n/a	n/a	intervals/recognition_table	41	1441.031669	1442.578842
1441.031669	0.000000	288206	ttl	1	71	n/a	n/a	n/a	n/a	n/a	n/a	n/a	n/a	n/a	n/a	n/a	n/a	n/a	n/a	n/a	n/a	n/a	n/a	n/a	n/a	n/a	1441.031669	n/a
1442.578842	0.000000	288516	ttl	2	71	n/a	n/a	n/a	n/a	n/a	n/a	n/a	n/a	n/a	n/a	n/a	n/a	n/a	n/a	n/a	n/a	n/a	n/a	n/a	n/a	n/a	1442.578842	n/a
1444.025024	0.000000	288805	ttl	4	71	n/a	n/a	n/a	n/a	n/a	n/a	n/a	n/a	n/a	n/a	n/a	n/a	n/a	n/a	n/a	n/a	n/a	n/a	n/a	n/a	n/a	1444.025024	n/a
1444.034265	0.000000	288807	ttl	11	71	n/a	n/a	n/a	n/a	n/a	n/a	n/a	n/a	n/a	n/a	n/a	n/a	n/a	n/a	n/a	n/a	n/a	n/a	n/a	n/a	n/a	1444.034265	n/a
1444.556082	1.527186	288911	scene_recognition	n/a	n/a	n/a	71.0	n/a	n/a	n/a	1444.0342652499999	n/a	1.29477761418093	1	2	3	SB_6_frameB.png	1	7	1447.37804525	1	43	n/a	n/a	intervals/recognition_table	42	1444.556082	1446.083267
1444.556082	0.000000	288911	ttl	1	71	n/a	n/a	n/a	n/a	n/a	n/a	n/a	n/a	n/a	n/a	n/a	n/a	n/a	n/a	n/a	n/a	n/a	n/a	n/a	n/a	n/a	1444.556082	n/a
1446.083267	0.000000	289217	ttl	2	71	n/a	n/a	n/a	n/a	n/a	n/a	n/a	n/a	n/a	n/a	n/a	n/a	n/a	n/a	n/a	n/a	n/a	n/a	n/a	n/a	n/a	1446.083267	n/a
1447.378045	0.000000	289476	ttl	4	71	n/a	n/a	n/a	n/a	n/a	n/a	n/a	n/a	n/a	n/a	n/a	n/a	n/a	n/a	n/a	n/a	n/a	n/a	n/a	n/a	n/a	1447.378045	n/a
1447.399999	0.000000	289480	ttl	11	71	n/a	n/a	n/a	n/a	n/a	n/a	n/a	n/a	n/a	n/a	n/a	n/a	n/a	n/a	n/a	n/a	n/a	n/a	n/a	n/a	n/a	1447.399999	n/a
1447.921766	1.547159	289584	scene_recognition	n/a	n/a	n/a	71.0	n/a	n/a	n/a	1447.3999995	n/a	1.8760394863784313	2	1	3	NB_23_frameA_foil.png	1	7	1451.344964	0	44	n/a	n/a	intervals/recognition_table	43	1447.921766	1449.468925
1447.921766	0.000000	289584	ttl	1	71	n/a	n/a	n/a	n/a	n/a	n/a	n/a	n/a	n/a	n/a	n/a	n/a	n/a	n/a	n/a	n/a	n/a	n/a	n/a	n/a	n/a	1447.921766	n/a
1449.468925	0.000000	289894	ttl	2	71	n/a	n/a	n/a	n/a	n/a	n/a	n/a	n/a	n/a	n/a	n/a	n/a	n/a	n/a	n/a	n/a	n/a	n/a	n/a	n/a	n/a	1449.468925	n/a
1451.344964	0.000000	290269	ttl	4	71	n/a	n/a	n/a	n/a	n/a	n/a	n/a	n/a	n/a	n/a	n/a	n/a	n/a	n/a	n/a	n/a	n/a	n/a	n/a	n/a	n/a	1451.344964	n/a
1451.369170	0.000000	290274	ttl	11	71	n/a	n/a	n/a	n/a	n/a	n/a	n/a	n/a	n/a	n/a	n/a	n/a	n/a	n/a	n/a	n/a	n/a	n/a	n/a	n/a	n/a	1451.369170	n/a
1451.891185	1.527178	290378	scene_recognition	n/a	n/a	n/a	71.0	n/a	n/a	n/a	1451.3691697499999	n/a	1.5799770824378356	2	2	3	SB_6_frameB_foil.png	1	7	1454.99834075	0	45	n/a	n/a	intervals/recognition_table	44	1451.891185	1453.418363
1451.891185	0.000000	290378	ttl	1	71	n/a	n/a	n/a	n/a	n/a	n/a	n/a	n/a	n/a	n/a	n/a	n/a	n/a	n/a	n/a	n/a	n/a	n/a	n/a	n/a	n/a	1451.891185	n/a
1453.418363	0.000000	290684	ttl	2	71	n/a	n/a	n/a	n/a	n/a	n/a	n/a	n/a	n/a	n/a	n/a	n/a	n/a	n/a	n/a	n/a	n/a	n/a	n/a	n/a	n/a	1453.418363	n/a
1454.998341	0.000000	291000	ttl	4	71	n/a	n/a	n/a	n/a	n/a	n/a	n/a	n/a	n/a	n/a	n/a	n/a	n/a	n/a	n/a	n/a	n/a	n/a	n/a	n/a	n/a	1454.998341	n/a
1455.009047	0.000000	291002	ttl	11	71	n/a	n/a	n/a	n/a	n/a	n/a	n/a	n/a	n/a	n/a	n/a	n/a	n/a	n/a	n/a	n/a	n/a	n/a	n/a	n/a	n/a	1455.009047	n/a
1455.550831	1.527203	291110	scene_recognition	n/a	n/a	n/a	71.0	n/a	n/a	n/a	1455.0090472499999	n/a	1.3386721771676093	2	1	3	NB_29_frameB.png	2	2	1458.41670675	1	46	n/a	n/a	intervals/recognition_table	45	1455.550831	1457.078034
1455.550831	0.000000	291110	ttl	1	71	n/a	n/a	n/a	n/a	n/a	n/a	n/a	n/a	n/a	n/a	n/a	n/a	n/a	n/a	n/a	n/a	n/a	n/a	n/a	n/a	n/a	1455.550831	n/a
1457.078034	0.000000	291416	ttl	2	71	n/a	n/a	n/a	n/a	n/a	n/a	n/a	n/a	n/a	n/a	n/a	n/a	n/a	n/a	n/a	n/a	n/a	n/a	n/a	n/a	n/a	1457.078034	n/a
1458.416707	0.000000	291683	ttl	4	71	n/a	n/a	n/a	n/a	n/a	n/a	n/a	n/a	n/a	n/a	n/a	n/a	n/a	n/a	n/a	n/a	n/a	n/a	n/a	n/a	n/a	1458.416707	n/a
1458.425139	0.000000	291685	ttl	11	71	n/a	n/a	n/a	n/a	n/a	n/a	n/a	n/a	n/a	n/a	n/a	n/a	n/a	n/a	n/a	n/a	n/a	n/a	n/a	n/a	n/a	1458.425139	n/a
1458.927321	1.527108	291785	scene_recognition	n/a	n/a	n/a	71.0	n/a	n/a	n/a	1458.4251395	n/a	0.6102308369008824	2	3	3	HB_9_frameB_foil.png	1	7	1461.0646605	0	47	n/a	n/a	intervals/recognition_table	46	1458.927321	1460.454429
1458.927321	0.000000	291785	ttl	1	71	n/a	n/a	n/a	n/a	n/a	n/a	n/a	n/a	n/a	n/a	n/a	n/a	n/a	n/a	n/a	n/a	n/a	n/a	n/a	n/a	n/a	1458.927321	n/a
1460.454429	0.000000	292091	ttl	2	71	n/a	n/a	n/a	n/a	n/a	n/a	n/a	n/a	n/a	n/a	n/a	n/a	n/a	n/a	n/a	n/a	n/a	n/a	n/a	n/a	n/a	1460.454429	n/a
1461.064660	0.000000	292213	ttl	4	71	n/a	n/a	n/a	n/a	n/a	n/a	n/a	n/a	n/a	n/a	n/a	n/a	n/a	n/a	n/a	n/a	n/a	n/a	n/a	n/a	n/a	1461.064660	n/a
1461.084674	0.000000	292217	ttl	11	71	n/a	n/a	n/a	n/a	n/a	n/a	n/a	n/a	n/a	n/a	n/a	n/a	n/a	n/a	n/a	n/a	n/a	n/a	n/a	n/a	n/a	1461.084674	n/a
1461.606439	1.547117	292321	scene_recognition	n/a	n/a	n/a	71.0	n/a	n/a	n/a	1461.08467425	n/a	1.6667415861738846	2	1	3	NB_3_frameB.png	2	2	1464.8202979999999	1	48	n/a	n/a	intervals/recognition_table	47	1461.606439	1463.153556
1461.606439	0.000000	292321	ttl	1	71	n/a	n/a	n/a	n/a	n/a	n/a	n/a	n/a	n/a	n/a	n/a	n/a	n/a	n/a	n/a	n/a	n/a	n/a	n/a	n/a	n/a	1461.606439	n/a
1463.153556	0.000000	292631	ttl	2	71	n/a	n/a	n/a	n/a	n/a	n/a	n/a	n/a	n/a	n/a	n/a	n/a	n/a	n/a	n/a	n/a	n/a	n/a	n/a	n/a	n/a	1463.153556	n/a
1464.820298	0.000000	292964	ttl	4	71	n/a	n/a	n/a	n/a	n/a	n/a	n/a	n/a	n/a	n/a	n/a	n/a	n/a	n/a	n/a	n/a	n/a	n/a	n/a	n/a	n/a	1464.820298	n/a
1464.840984	0.000000	292968	ttl	11	71	n/a	n/a	n/a	n/a	n/a	n/a	n/a	n/a	n/a	n/a	n/a	n/a	n/a	n/a	n/a	n/a	n/a	n/a	n/a	n/a	n/a	1464.840984	n/a
1465.402837	1.527325	293081	scene_recognition	n/a	n/a	n/a	71.0	n/a	n/a	n/a	1464.8409844999999	n/a	1.607714630663395	1	2	3	SB_4_frameB.png	1	7	1468.5378775	1	49	n/a	n/a	intervals/recognition_table	48	1465.402837	1466.930163
1465.402837	0.000000	293081	ttl	1	71	n/a	n/a	n/a	n/a	n/a	n/a	n/a	n/a	n/a	n/a	n/a	n/a	n/a	n/a	n/a	n/a	n/a	n/a	n/a	n/a	n/a	1465.402837	n/a
1466.930163	0.000000	293386	ttl	2	71	n/a	n/a	n/a	n/a	n/a	n/a	n/a	n/a	n/a	n/a	n/a	n/a	n/a	n/a	n/a	n/a	n/a	n/a	n/a	n/a	n/a	1466.930163	n/a
1468.537877	0.000000	293708	ttl	4	71	n/a	n/a	n/a	n/a	n/a	n/a	n/a	n/a	n/a	n/a	n/a	n/a	n/a	n/a	n/a	n/a	n/a	n/a	n/a	n/a	n/a	1468.537877	n/a
1468.559706	0.000000	293712	ttl	11	71	n/a	n/a	n/a	n/a	n/a	n/a	n/a	n/a	n/a	n/a	n/a	n/a	n/a	n/a	n/a	n/a	n/a	n/a	n/a	n/a	n/a	1468.559706	n/a
1469.141566	1.527296	293828	scene_recognition	n/a	n/a	n/a	71.0	n/a	n/a	n/a	1468.55970575	n/a	1.3425877392292023	2	2	3	SB_7_frameA_foil.png	1	7	1472.01145	0	50	n/a	n/a	intervals/recognition_table	49	1469.141566	1470.668862
1469.141566	0.000000	293828	ttl	1	71	n/a	n/a	n/a	n/a	n/a	n/a	n/a	n/a	n/a	n/a	n/a	n/a	n/a	n/a	n/a	n/a	n/a	n/a	n/a	n/a	n/a	1469.141566	n/a
1470.668862	0.000000	294134	ttl	2	71	n/a	n/a	n/a	n/a	n/a	n/a	n/a	n/a	n/a	n/a	n/a	n/a	n/a	n/a	n/a	n/a	n/a	n/a	n/a	n/a	n/a	1470.668862	n/a
1472.011450	0.000000	294402	ttl	4	71	n/a	n/a	n/a	n/a	n/a	n/a	n/a	n/a	n/a	n/a	n/a	n/a	n/a	n/a	n/a	n/a	n/a	n/a	n/a	n/a	n/a	1472.011450	n/a
1472.029060	0.000000	294406	ttl	11	71	n/a	n/a	n/a	n/a	n/a	n/a	n/a	n/a	n/a	n/a	n/a	n/a	n/a	n/a	n/a	n/a	n/a	n/a	n/a	n/a	n/a	1472.029060	n/a
1472.590993	1.527176	294518	scene_recognition	n/a	n/a	n/a	71.0	n/a	n/a	n/a	1472.02905975	n/a	1.7375911148265004	2	1	3	NB_28_frameA.png	2	2	1475.855761	1	51	n/a	n/a	intervals/recognition_table	50	1472.590993	1474.118170
1472.590993	0.000000	294518	ttl	1	71	n/a	n/a	n/a	n/a	n/a	n/a	n/a	n/a	n/a	n/a	n/a	n/a	n/a	n/a	n/a	n/a	n/a	n/a	n/a	n/a	n/a	1472.590993	n/a
1474.118170	0.000000	294824	ttl	2	71	n/a	n/a	n/a	n/a	n/a	n/a	n/a	n/a	n/a	n/a	n/a	n/a	n/a	n/a	n/a	n/a	n/a	n/a	n/a	n/a	n/a	1474.118170	n/a
1475.855761	0.000000	295171	ttl	4	71	n/a	n/a	n/a	n/a	n/a	n/a	n/a	n/a	n/a	n/a	n/a	n/a	n/a	n/a	n/a	n/a	n/a	n/a	n/a	n/a	n/a	1475.855761	n/a
1475.870757	0.000000	295174	ttl	11	71	n/a	n/a	n/a	n/a	n/a	n/a	n/a	n/a	n/a	n/a	n/a	n/a	n/a	n/a	n/a	n/a	n/a	n/a	n/a	n/a	n/a	1475.870757	n/a
1476.432612	1.527225	295287	scene_recognition	n/a	n/a	n/a	71.0	n/a	n/a	n/a	1475.870757	n/a	1.8334565543336794	1	1	3	NB_26_frameA.png	1	7	1479.7932939999998	1	52	n/a	n/a	intervals/recognition_table	51	1476.432612	1477.959837
1476.432612	0.000000	295287	ttl	1	71	n/a	n/a	n/a	n/a	n/a	n/a	n/a	n/a	n/a	n/a	n/a	n/a	n/a	n/a	n/a	n/a	n/a	n/a	n/a	n/a	n/a	1476.432612	n/a
1477.959837	0.000000	295592	ttl	2	71	n/a	n/a	n/a	n/a	n/a	n/a	n/a	n/a	n/a	n/a	n/a	n/a	n/a	n/a	n/a	n/a	n/a	n/a	n/a	n/a	n/a	1477.959837	n/a
1479.793294	0.000000	295959	ttl	4	71	n/a	n/a	n/a	n/a	n/a	n/a	n/a	n/a	n/a	n/a	n/a	n/a	n/a	n/a	n/a	n/a	n/a	n/a	n/a	n/a	n/a	1479.793294	n/a
1479.802207	0.000000	295960	ttl	11	71	n/a	n/a	n/a	n/a	n/a	n/a	n/a	n/a	n/a	n/a	n/a	n/a	n/a	n/a	n/a	n/a	n/a	n/a	n/a	n/a	n/a	1479.802207	n/a
1480.364105	1.527236	296073	scene_recognition	n/a	n/a	n/a	71.0	n/a	n/a	n/a	1479.802207	n/a	1.2672813551034778	2	2	3	SB_1_frameA_foil.png	1	7	1483.158622	0	53	n/a	n/a	intervals/recognition_table	52	1480.364105	1481.891340
1480.364105	0.000000	296073	ttl	1	71	n/a	n/a	n/a	n/a	n/a	n/a	n/a	n/a	n/a	n/a	n/a	n/a	n/a	n/a	n/a	n/a	n/a	n/a	n/a	n/a	n/a	1480.364105	n/a
1481.891340	0.000000	296378	ttl	2	71	n/a	n/a	n/a	n/a	n/a	n/a	n/a	n/a	n/a	n/a	n/a	n/a	n/a	n/a	n/a	n/a	n/a	n/a	n/a	n/a	n/a	1481.891340	n/a
1483.158622	0.000000	296632	ttl	4	71	n/a	n/a	n/a	n/a	n/a	n/a	n/a	n/a	n/a	n/a	n/a	n/a	n/a	n/a	n/a	n/a	n/a	n/a	n/a	n/a	n/a	1483.158622	n/a
1483.175162	0.000000	296635	ttl	11	71	n/a	n/a	n/a	n/a	n/a	n/a	n/a	n/a	n/a	n/a	n/a	n/a	n/a	n/a	n/a	n/a	n/a	n/a	n/a	n/a	n/a	1483.175162	n/a
1483.716946	1.527407	296743	scene_recognition	n/a	n/a	n/a	71.0	n/a	n/a	n/a	1483.17516175	n/a	0.7813917421735823	2	2	3	SB_2_frameA.png	2	2	1486.0257454999999	1	54	n/a	n/a	intervals/recognition_table	53	1483.716946	1485.244354
1483.716946	0.000000	296743	ttl	1	71	n/a	n/a	n/a	n/a	n/a	n/a	n/a	n/a	n/a	n/a	n/a	n/a	n/a	n/a	n/a	n/a	n/a	n/a	n/a	n/a	n/a	1483.716946	n/a
1485.244354	0.000000	297049	ttl	2	71	n/a	n/a	n/a	n/a	n/a	n/a	n/a	n/a	n/a	n/a	n/a	n/a	n/a	n/a	n/a	n/a	n/a	n/a	n/a	n/a	n/a	1485.244354	n/a
1486.025745	0.000000	297205	ttl	4	71	n/a	n/a	n/a	n/a	n/a	n/a	n/a	n/a	n/a	n/a	n/a	n/a	n/a	n/a	n/a	n/a	n/a	n/a	n/a	n/a	n/a	1486.025745	n/a
1486.030783	0.000000	297206	ttl	11	71	n/a	n/a	n/a	n/a	n/a	n/a	n/a	n/a	n/a	n/a	n/a	n/a	n/a	n/a	n/a	n/a	n/a	n/a	n/a	n/a	n/a	1486.030783	n/a
1486.592826	1.547214	297319	scene_recognition	n/a	n/a	n/a	71.0	n/a	n/a	n/a	1486.03078325	n/a	1.5000874975230545	1	1	3	NB_21_frameA_foil.png	2	2	1489.64012725	0	55	n/a	n/a	intervals/recognition_table	54	1486.592826	1488.140040
1486.592826	0.000000	297319	ttl	1	71	n/a	n/a	n/a	n/a	n/a	n/a	n/a	n/a	n/a	n/a	n/a	n/a	n/a	n/a	n/a	n/a	n/a	n/a	n/a	n/a	n/a	1486.592826	n/a
1488.140040	0.000000	297628	ttl	2	71	n/a	n/a	n/a	n/a	n/a	n/a	n/a	n/a	n/a	n/a	n/a	n/a	n/a	n/a	n/a	n/a	n/a	n/a	n/a	n/a	n/a	1488.140040	n/a
1489.640127	0.000000	297928	ttl	4	71	n/a	n/a	n/a	n/a	n/a	n/a	n/a	n/a	n/a	n/a	n/a	n/a	n/a	n/a	n/a	n/a	n/a	n/a	n/a	n/a	n/a	1489.640127	n/a
1489.661733	0.000000	297932	ttl	11	71	n/a	n/a	n/a	n/a	n/a	n/a	n/a	n/a	n/a	n/a	n/a	n/a	n/a	n/a	n/a	n/a	n/a	n/a	n/a	n/a	n/a	1489.661733	n/a
1490.223812	1.527178	298045	scene_recognition	n/a	n/a	n/a	71.0	n/a	n/a	n/a	1489.6617327499998	n/a	1.2429147406946868	2	1	3	NB_8_frameB_foil.png	1	7	1492.99390525	0	56	n/a	n/a	intervals/recognition_table	55	1490.223812	1491.750990
1490.223812	0.000000	298045	ttl	1	71	n/a	n/a	n/a	n/a	n/a	n/a	n/a	n/a	n/a	n/a	n/a	n/a	n/a	n/a	n/a	n/a	n/a	n/a	n/a	n/a	n/a	1490.223812	n/a
1491.750990	0.000000	298350	ttl	2	71	n/a	n/a	n/a	n/a	n/a	n/a	n/a	n/a	n/a	n/a	n/a	n/a	n/a	n/a	n/a	n/a	n/a	n/a	n/a	n/a	n/a	1491.750990	n/a
1492.993905	0.000000	298599	ttl	4	71	n/a	n/a	n/a	n/a	n/a	n/a	n/a	n/a	n/a	n/a	n/a	n/a	n/a	n/a	n/a	n/a	n/a	n/a	n/a	n/a	n/a	1492.993905	n/a
1493.004767	0.000000	298601	ttl	11	71	n/a	n/a	n/a	n/a	n/a	n/a	n/a	n/a	n/a	n/a	n/a	n/a	n/a	n/a	n/a	n/a	n/a	n/a	n/a	n/a	n/a	1493.004767	n/a
1493.546589	1.547182	298709	scene_recognition	n/a	n/a	n/a	71.0	n/a	n/a	n/a	1493.004767	n/a	1.1195813501253724	2	2	3	SB_4_frameA_foil.png	1	7	1496.2133529999999	0	57	n/a	n/a	intervals/recognition_table	56	1493.546589	1495.093772
1493.546589	0.000000	298709	ttl	1	71	n/a	n/a	n/a	n/a	n/a	n/a	n/a	n/a	n/a	n/a	n/a	n/a	n/a	n/a	n/a	n/a	n/a	n/a	n/a	n/a	n/a	1493.546589	n/a
1495.093772	0.000000	299019	ttl	2	71	n/a	n/a	n/a	n/a	n/a	n/a	n/a	n/a	n/a	n/a	n/a	n/a	n/a	n/a	n/a	n/a	n/a	n/a	n/a	n/a	n/a	1495.093772	n/a
1496.213353	0.000000	299243	ttl	4	71	n/a	n/a	n/a	n/a	n/a	n/a	n/a	n/a	n/a	n/a	n/a	n/a	n/a	n/a	n/a	n/a	n/a	n/a	n/a	n/a	n/a	1496.213353	n/a
1496.231721	0.000000	299246	ttl	11	71	n/a	n/a	n/a	n/a	n/a	n/a	n/a	n/a	n/a	n/a	n/a	n/a	n/a	n/a	n/a	n/a	n/a	n/a	n/a	n/a	n/a	1496.231721	n/a
1496.773538	1.527186	299355	scene_recognition	n/a	n/a	n/a	71.0	n/a	n/a	n/a	1496.23172125	n/a	1.6905367895960808	2	3	3	HB_1_frameB.png	2	2	1499.99126175	1	58	n/a	n/a	intervals/recognition_table	57	1496.773538	1498.300725
1496.773538	0.000000	299355	ttl	1	71	n/a	n/a	n/a	n/a	n/a	n/a	n/a	n/a	n/a	n/a	n/a	n/a	n/a	n/a	n/a	n/a	n/a	n/a	n/a	n/a	n/a	1496.773538	n/a
1498.300725	0.000000	299660	ttl	2	71	n/a	n/a	n/a	n/a	n/a	n/a	n/a	n/a	n/a	n/a	n/a	n/a	n/a	n/a	n/a	n/a	n/a	n/a	n/a	n/a	n/a	1498.300725	n/a
1499.991262	0.000000	299998	ttl	4	71	n/a	n/a	n/a	n/a	n/a	n/a	n/a	n/a	n/a	n/a	n/a	n/a	n/a	n/a	n/a	n/a	n/a	n/a	n/a	n/a	n/a	1499.991262	n/a
1500.014203	0.000000	300003	ttl	11	71	n/a	n/a	n/a	n/a	n/a	n/a	n/a	n/a	n/a	n/a	n/a	n/a	n/a	n/a	n/a	n/a	n/a	n/a	n/a	n/a	n/a	1500.014203	n/a
1500.535917	1.527247	300107	scene_recognition	n/a	n/a	n/a	71.0	n/a	n/a	n/a	1500.0142035	n/a	1.4224958471022546	2	1	3	NB_22_frameA.png	2	2	1503.4856599999998	1	59	n/a	n/a	intervals/recognition_table	58	1500.535917	1502.063164
1500.535917	0.000000	300107	ttl	1	71	n/a	n/a	n/a	n/a	n/a	n/a	n/a	n/a	n/a	n/a	n/a	n/a	n/a	n/a	n/a	n/a	n/a	n/a	n/a	n/a	n/a	1500.535917	n/a
1502.063164	0.000000	300413	ttl	2	71	n/a	n/a	n/a	n/a	n/a	n/a	n/a	n/a	n/a	n/a	n/a	n/a	n/a	n/a	n/a	n/a	n/a	n/a	n/a	n/a	n/a	1502.063164	n/a
1503.485660	0.000000	300697	ttl	4	71	n/a	n/a	n/a	n/a	n/a	n/a	n/a	n/a	n/a	n/a	n/a	n/a	n/a	n/a	n/a	n/a	n/a	n/a	n/a	n/a	n/a	1503.485660	n/a
1503.503259	0.000000	300701	ttl	11	71	n/a	n/a	n/a	n/a	n/a	n/a	n/a	n/a	n/a	n/a	n/a	n/a	n/a	n/a	n/a	n/a	n/a	n/a	n/a	n/a	n/a	1503.503259	n/a
1504.005152	1.527125	300801	scene_recognition	n/a	n/a	n/a	71.0	n/a	n/a	n/a	1503.5032589999998	n/a	2.1315890193218365	1	3	3	HB_8_frameB.png	1	7	1507.66386675	1	60	n/a	n/a	intervals/recognition_table	59	1504.005152	1505.532278
1504.005152	0.000000	300801	ttl	1	71	n/a	n/a	n/a	n/a	n/a	n/a	n/a	n/a	n/a	n/a	n/a	n/a	n/a	n/a	n/a	n/a	n/a	n/a	n/a	n/a	n/a	1504.005152	n/a
1505.532278	0.000000	301106	ttl	2	71	n/a	n/a	n/a	n/a	n/a	n/a	n/a	n/a	n/a	n/a	n/a	n/a	n/a	n/a	n/a	n/a	n/a	n/a	n/a	n/a	n/a	1505.532278	n/a
1507.663867	0.000000	301533	ttl	4	71	n/a	n/a	n/a	n/a	n/a	n/a	n/a	n/a	n/a	n/a	n/a	n/a	n/a	n/a	n/a	n/a	n/a	n/a	n/a	n/a	n/a	1507.663867	n/a
1507.688387	0.000000	301538	ttl	11	71	n/a	n/a	n/a	n/a	n/a	n/a	n/a	n/a	n/a	n/a	n/a	n/a	n/a	n/a	n/a	n/a	n/a	n/a	n/a	n/a	n/a	1507.688387	n/a
1508.230216	1.527027	301646	scene_recognition	n/a	n/a	n/a	71.0	n/a	n/a	n/a	1507.6883874999999	n/a	1.6790412592235953	2	2	3	SB_5_frameB_foil.png	1	7	1511.43628425	0	61	n/a	n/a	intervals/recognition_table	60	1508.230216	1509.757243
1508.230216	0.000000	301646	ttl	1	71	n/a	n/a	n/a	n/a	n/a	n/a	n/a	n/a	n/a	n/a	n/a	n/a	n/a	n/a	n/a	n/a	n/a	n/a	n/a	n/a	n/a	1508.230216	n/a
1509.757243	0.000000	301951	ttl	2	71	n/a	n/a	n/a	n/a	n/a	n/a	n/a	n/a	n/a	n/a	n/a	n/a	n/a	n/a	n/a	n/a	n/a	n/a	n/a	n/a	n/a	1509.757243	n/a
1511.436284	0.000000	302287	ttl	4	71	n/a	n/a	n/a	n/a	n/a	n/a	n/a	n/a	n/a	n/a	n/a	n/a	n/a	n/a	n/a	n/a	n/a	n/a	n/a	n/a	n/a	1511.436284	n/a
1511.441382	0.000000	302288	ttl	11	71	n/a	n/a	n/a	n/a	n/a	n/a	n/a	n/a	n/a	n/a	n/a	n/a	n/a	n/a	n/a	n/a	n/a	n/a	n/a	n/a	n/a	1511.441382	n/a
1511.943225	1.547179	302389	scene_recognition	n/a	n/a	n/a	71.0	n/a	n/a	n/a	1511.4413815	n/a	2.1673966152593493	1	3	3	HB_1_frameA.png	1	7	1515.65780025	1	62	n/a	n/a	intervals/recognition_table	61	1511.943225	1513.490404
1511.943225	0.000000	302389	ttl	1	71	n/a	n/a	n/a	n/a	n/a	n/a	n/a	n/a	n/a	n/a	n/a	n/a	n/a	n/a	n/a	n/a	n/a	n/a	n/a	n/a	n/a	1511.943225	n/a
1513.490404	0.000000	302698	ttl	2	71	n/a	n/a	n/a	n/a	n/a	n/a	n/a	n/a	n/a	n/a	n/a	n/a	n/a	n/a	n/a	n/a	n/a	n/a	n/a	n/a	n/a	1513.490404	n/a
1515.657800	0.000000	303132	ttl	4	71	n/a	n/a	n/a	n/a	n/a	n/a	n/a	n/a	n/a	n/a	n/a	n/a	n/a	n/a	n/a	n/a	n/a	n/a	n/a	n/a	n/a	1515.657800	n/a
1515.672156	0.000000	303134	ttl	11	71	n/a	n/a	n/a	n/a	n/a	n/a	n/a	n/a	n/a	n/a	n/a	n/a	n/a	n/a	n/a	n/a	n/a	n/a	n/a	n/a	n/a	1515.672156	n/a
1516.194065	1.527153	303239	scene_recognition	n/a	n/a	n/a	71.0	n/a	n/a	n/a	1515.6721559999999	n/a	1.9532174679916352	1	2	3	SB_3_frameA.png	1	7	1519.67443525	1	63	n/a	n/a	intervals/recognition_table	62	1516.194065	1517.721218
1516.194065	0.000000	303239	ttl	1	71	n/a	n/a	n/a	n/a	n/a	n/a	n/a	n/a	n/a	n/a	n/a	n/a	n/a	n/a	n/a	n/a	n/a	n/a	n/a	n/a	n/a	1516.194065	n/a
1517.721218	0.000000	303544	ttl	2	71	n/a	n/a	n/a	n/a	n/a	n/a	n/a	n/a	n/a	n/a	n/a	n/a	n/a	n/a	n/a	n/a	n/a	n/a	n/a	n/a	n/a	1517.721218	n/a
1519.674435	0.000000	303935	ttl	4	71	n/a	n/a	n/a	n/a	n/a	n/a	n/a	n/a	n/a	n/a	n/a	n/a	n/a	n/a	n/a	n/a	n/a	n/a	n/a	n/a	n/a	1519.674435	n/a
1519.693656	0.000000	303939	ttl	11	71	n/a	n/a	n/a	n/a	n/a	n/a	n/a	n/a	n/a	n/a	n/a	n/a	n/a	n/a	n/a	n/a	n/a	n/a	n/a	n/a	n/a	1519.693656	n/a
1520.195329	1.527169	304039	scene_recognition	n/a	n/a	n/a	71.0	n/a	n/a	n/a	1519.6936564999999	n/a	1.5701865096343681	1	2	3	SB_9_frameB_foil.png	2	2	1523.29268475	0	64	n/a	n/a	intervals/recognition_table	63	1520.195329	1521.722498
1520.195329	0.000000	304039	ttl	1	71	n/a	n/a	n/a	n/a	n/a	n/a	n/a	n/a	n/a	n/a	n/a	n/a	n/a	n/a	n/a	n/a	n/a	n/a	n/a	n/a	n/a	1520.195329	n/a
1521.722498	0.000000	304344	ttl	2	71	n/a	n/a	n/a	n/a	n/a	n/a	n/a	n/a	n/a	n/a	n/a	n/a	n/a	n/a	n/a	n/a	n/a	n/a	n/a	n/a	n/a	1521.722498	n/a
1523.292685	0.000000	304659	ttl	4	71	n/a	n/a	n/a	n/a	n/a	n/a	n/a	n/a	n/a	n/a	n/a	n/a	n/a	n/a	n/a	n/a	n/a	n/a	n/a	n/a	n/a	1523.292685	n/a
1523.307527	0.000000	304662	ttl	11	71	n/a	n/a	n/a	n/a	n/a	n/a	n/a	n/a	n/a	n/a	n/a	n/a	n/a	n/a	n/a	n/a	n/a	n/a	n/a	n/a	n/a	1523.307527	n/a
1523.849364	1.527202	304770	scene_recognition	n/a	n/a	n/a	71.0	n/a	n/a	n/a	1523.3075267499999	n/a	1.4810121103655547	2	2	3	SB_1_frameB.png	2	2	1526.8575784999998	1	65	n/a	n/a	intervals/recognition_table	64	1523.849364	1525.376566
1523.849364	0.000000	304770	ttl	1	71	n/a	n/a	n/a	n/a	n/a	n/a	n/a	n/a	n/a	n/a	n/a	n/a	n/a	n/a	n/a	n/a	n/a	n/a	n/a	n/a	n/a	1523.849364	n/a
1525.376566	0.000000	305075	ttl	2	71	n/a	n/a	n/a	n/a	n/a	n/a	n/a	n/a	n/a	n/a	n/a	n/a	n/a	n/a	n/a	n/a	n/a	n/a	n/a	n/a	n/a	1525.376566	n/a
1526.857578	0.000000	305372	ttl	4	71	n/a	n/a	n/a	n/a	n/a	n/a	n/a	n/a	n/a	n/a	n/a	n/a	n/a	n/a	n/a	n/a	n/a	n/a	n/a	n/a	n/a	1526.857578	n/a
1526.865854	0.000000	305373	ttl	11	71	n/a	n/a	n/a	n/a	n/a	n/a	n/a	n/a	n/a	n/a	n/a	n/a	n/a	n/a	n/a	n/a	n/a	n/a	n/a	n/a	n/a	1526.865854	n/a
1527.367547	1.527173	305474	scene_recognition	n/a	n/a	n/a	71.0	n/a	n/a	n/a	1526.86585425	n/a	1.599834457738325	1	2	3	SB_8_frameA_foil.png	2	2	1530.4945544999998	0	66	n/a	n/a	intervals/recognition_table	65	1527.367547	1528.894720
1527.367547	0.000000	305474	ttl	1	71	n/a	n/a	n/a	n/a	n/a	n/a	n/a	n/a	n/a	n/a	n/a	n/a	n/a	n/a	n/a	n/a	n/a	n/a	n/a	n/a	n/a	1527.367547	n/a
1528.894720	0.000000	305779	ttl	2	71	n/a	n/a	n/a	n/a	n/a	n/a	n/a	n/a	n/a	n/a	n/a	n/a	n/a	n/a	n/a	n/a	n/a	n/a	n/a	n/a	n/a	1528.894720	n/a
1530.494554	0.000000	306099	ttl	4	71	n/a	n/a	n/a	n/a	n/a	n/a	n/a	n/a	n/a	n/a	n/a	n/a	n/a	n/a	n/a	n/a	n/a	n/a	n/a	n/a	n/a	1530.494554	n/a
1530.508458	0.000000	306102	ttl	11	71	n/a	n/a	n/a	n/a	n/a	n/a	n/a	n/a	n/a	n/a	n/a	n/a	n/a	n/a	n/a	n/a	n/a	n/a	n/a	n/a	n/a	1530.508458	n/a
1531.070356	1.527809	306214	scene_recognition	n/a	n/a	n/a	71.0	n/a	n/a	n/a	1530.50845775	n/a	1.0759239445906132	2	2	3	SB_5_frameA.png	2	2	1533.67408925	1	67	n/a	n/a	intervals/recognition_table	66	1531.070356	1532.598165
1531.070356	0.000000	306214	ttl	1	71	n/a	n/a	n/a	n/a	n/a	n/a	n/a	n/a	n/a	n/a	n/a	n/a	n/a	n/a	n/a	n/a	n/a	n/a	n/a	n/a	n/a	1531.070356	n/a
1532.598165	0.000000	306520	ttl	2	71	n/a	n/a	n/a	n/a	n/a	n/a	n/a	n/a	n/a	n/a	n/a	n/a	n/a	n/a	n/a	n/a	n/a	n/a	n/a	n/a	n/a	1532.598165	n/a
1533.674089	0.000000	306735	ttl	4	71	n/a	n/a	n/a	n/a	n/a	n/a	n/a	n/a	n/a	n/a	n/a	n/a	n/a	n/a	n/a	n/a	n/a	n/a	n/a	n/a	n/a	1533.674089	n/a
1533.689349	0.000000	306738	ttl	11	71	n/a	n/a	n/a	n/a	n/a	n/a	n/a	n/a	n/a	n/a	n/a	n/a	n/a	n/a	n/a	n/a	n/a	n/a	n/a	n/a	n/a	1533.689349	n/a
1534.251354	1.527170	306850	scene_recognition	n/a	n/a	n/a	71.0	n/a	n/a	n/a	1533.6893495	n/a	1.321556868730113	1	1	3	NB_9_frameA_foil.png	2	2	1537.1000804999999	0	68	n/a	n/a	intervals/recognition_table	67	1534.251354	1535.778524
1534.251354	0.000000	306850	ttl	1	71	n/a	n/a	n/a	n/a	n/a	n/a	n/a	n/a	n/a	n/a	n/a	n/a	n/a	n/a	n/a	n/a	n/a	n/a	n/a	n/a	n/a	1534.251354	n/a
1535.778524	0.000000	307156	ttl	2	71	n/a	n/a	n/a	n/a	n/a	n/a	n/a	n/a	n/a	n/a	n/a	n/a	n/a	n/a	n/a	n/a	n/a	n/a	n/a	n/a	n/a	1535.778524	n/a
1537.100080	0.000000	307420	ttl	4	71	n/a	n/a	n/a	n/a	n/a	n/a	n/a	n/a	n/a	n/a	n/a	n/a	n/a	n/a	n/a	n/a	n/a	n/a	n/a	n/a	n/a	1537.100080	n/a
1537.112238	0.000000	307422	ttl	11	71	n/a	n/a	n/a	n/a	n/a	n/a	n/a	n/a	n/a	n/a	n/a	n/a	n/a	n/a	n/a	n/a	n/a	n/a	n/a	n/a	n/a	1537.112238	n/a
1537.674143	1.527153	307535	scene_recognition	n/a	n/a	n/a	71.0	n/a	n/a	n/a	1537.112238	n/a	0.8578841376584023	1	3	3	HB_4_frameB.png	1	7	1540.0591805	1	69	n/a	n/a	intervals/recognition_table	68	1537.674143	1539.201296
1537.674143	0.000000	307535	ttl	1	71	n/a	n/a	n/a	n/a	n/a	n/a	n/a	n/a	n/a	n/a	n/a	n/a	n/a	n/a	n/a	n/a	n/a	n/a	n/a	n/a	n/a	1537.674143	n/a
1539.201296	0.000000	307840	ttl	2	71	n/a	n/a	n/a	n/a	n/a	n/a	n/a	n/a	n/a	n/a	n/a	n/a	n/a	n/a	n/a	n/a	n/a	n/a	n/a	n/a	n/a	1539.201296	n/a
1540.059180	0.000000	308012	ttl	4	71	n/a	n/a	n/a	n/a	n/a	n/a	n/a	n/a	n/a	n/a	n/a	n/a	n/a	n/a	n/a	n/a	n/a	n/a	n/a	n/a	n/a	1540.059180	n/a
1540.083910	0.000000	308017	ttl	11	71	n/a	n/a	n/a	n/a	n/a	n/a	n/a	n/a	n/a	n/a	n/a	n/a	n/a	n/a	n/a	n/a	n/a	n/a	n/a	n/a	n/a	1540.083910	n/a
1540.666064	1.547420	308133	scene_recognition	n/a	n/a	n/a	71.0	n/a	n/a	n/a	1540.0839099999998	n/a	1.696970465942286	2	3	3	HB_4_frameB.png	2	2	1543.9104547499999	1	70	n/a	n/a	intervals/recognition_table	69	1540.666064	1542.213484
1540.666064	0.000000	308133	ttl	1	71	n/a	n/a	n/a	n/a	n/a	n/a	n/a	n/a	n/a	n/a	n/a	n/a	n/a	n/a	n/a	n/a	n/a	n/a	n/a	n/a	n/a	1540.666064	n/a
1542.213484	0.000000	308443	ttl	2	71	n/a	n/a	n/a	n/a	n/a	n/a	n/a	n/a	n/a	n/a	n/a	n/a	n/a	n/a	n/a	n/a	n/a	n/a	n/a	n/a	n/a	1542.213484	n/a
1543.910455	0.000000	308782	ttl	4	71	n/a	n/a	n/a	n/a	n/a	n/a	n/a	n/a	n/a	n/a	n/a	n/a	n/a	n/a	n/a	n/a	n/a	n/a	n/a	n/a	n/a	1543.910455	n/a
1543.920899	0.000000	308784	ttl	11	71	n/a	n/a	n/a	n/a	n/a	n/a	n/a	n/a	n/a	n/a	n/a	n/a	n/a	n/a	n/a	n/a	n/a	n/a	n/a	n/a	n/a	1543.920899	n/a
1544.441190	1.547255	308888	scene_recognition	n/a	n/a	n/a	71.0	n/a	n/a	n/a	1543.920899	n/a	1.5312288698041812	2	1	3	NB_12_frameB_foil.png	1	7	1547.5196744999998	0	71	n/a	n/a	intervals/recognition_table	70	1544.441190	1545.988445
1544.441190	0.000000	308888	ttl	1	71	n/a	n/a	n/a	n/a	n/a	n/a	n/a	n/a	n/a	n/a	n/a	n/a	n/a	n/a	n/a	n/a	n/a	n/a	n/a	n/a	n/a	1544.441190	n/a
1545.988445	0.000000	309198	ttl	2	71	n/a	n/a	n/a	n/a	n/a	n/a	n/a	n/a	n/a	n/a	n/a	n/a	n/a	n/a	n/a	n/a	n/a	n/a	n/a	n/a	n/a	1545.988445	n/a
1547.519674	0.000000	309504	ttl	4	71	n/a	n/a	n/a	n/a	n/a	n/a	n/a	n/a	n/a	n/a	n/a	n/a	n/a	n/a	n/a	n/a	n/a	n/a	n/a	n/a	n/a	1547.519674	n/a
1547.543735	0.000000	309509	ttl	11	71	n/a	n/a	n/a	n/a	n/a	n/a	n/a	n/a	n/a	n/a	n/a	n/a	n/a	n/a	n/a	n/a	n/a	n/a	n/a	n/a	n/a	1547.543735	n/a
1548.045437	1.527187	309609	scene_recognition	n/a	n/a	n/a	71.0	n/a	n/a	n/a	1547.5437355	n/a	1.0910923110786825	2	1	3	NB_25_frameB.png	2	2	1550.6637165	1	72	n/a	n/a	intervals/recognition_table	71	1548.045437	1549.572624
1548.045437	0.000000	309609	ttl	1	71	n/a	n/a	n/a	n/a	n/a	n/a	n/a	n/a	n/a	n/a	n/a	n/a	n/a	n/a	n/a	n/a	n/a	n/a	n/a	n/a	n/a	1548.045437	n/a
1549.572624	0.000000	309915	ttl	2	71	n/a	n/a	n/a	n/a	n/a	n/a	n/a	n/a	n/a	n/a	n/a	n/a	n/a	n/a	n/a	n/a	n/a	n/a	n/a	n/a	n/a	1549.572624	n/a
1550.663716	0.000000	310133	ttl	4	71	n/a	n/a	n/a	n/a	n/a	n/a	n/a	n/a	n/a	n/a	n/a	n/a	n/a	n/a	n/a	n/a	n/a	n/a	n/a	n/a	n/a	1550.663716	n/a
1550.684190	0.000000	310137	ttl	11	71	n/a	n/a	n/a	n/a	n/a	n/a	n/a	n/a	n/a	n/a	n/a	n/a	n/a	n/a	n/a	n/a	n/a	n/a	n/a	n/a	n/a	1550.684190	n/a
1551.266150	1.527173	310253	scene_recognition	n/a	n/a	n/a	71.0	n/a	n/a	n/a	1550.68419025	n/a	1.724474968505092	2	2	3	SB_2_frameA.png	2	2	1554.5177975	1	73	n/a	n/a	intervals/recognition_table	72	1551.266150	1552.793322
1551.266150	0.000000	310253	ttl	1	71	n/a	n/a	n/a	n/a	n/a	n/a	n/a	n/a	n/a	n/a	n/a	n/a	n/a	n/a	n/a	n/a	n/a	n/a	n/a	n/a	n/a	1551.266150	n/a
1552.793322	0.000000	310559	ttl	2	71	n/a	n/a	n/a	n/a	n/a	n/a	n/a	n/a	n/a	n/a	n/a	n/a	n/a	n/a	n/a	n/a	n/a	n/a	n/a	n/a	n/a	1552.793322	n/a
1554.517797	0.000000	310904	ttl	4	71	n/a	n/a	n/a	n/a	n/a	n/a	n/a	n/a	n/a	n/a	n/a	n/a	n/a	n/a	n/a	n/a	n/a	n/a	n/a	n/a	n/a	1554.517797	n/a
1554.539053	0.000000	310908	ttl	11	71	n/a	n/a	n/a	n/a	n/a	n/a	n/a	n/a	n/a	n/a	n/a	n/a	n/a	n/a	n/a	n/a	n/a	n/a	n/a	n/a	n/a	1554.539053	n/a
1555.120885	1.527439	311024	scene_recognition	n/a	n/a	n/a	71.0	n/a	n/a	n/a	1554.539053	n/a	1.3571281711338088	2	1	3	NB_17_frameA_foil.png	1	7	1558.0054524999998	0	74	n/a	n/a	intervals/recognition_table	73	1555.120885	1556.648324
1555.120885	0.000000	311024	ttl	1	71	n/a	n/a	n/a	n/a	n/a	n/a	n/a	n/a	n/a	n/a	n/a	n/a	n/a	n/a	n/a	n/a	n/a	n/a	n/a	n/a	n/a	1555.120885	n/a
1556.648324	0.000000	311330	ttl	2	71	n/a	n/a	n/a	n/a	n/a	n/a	n/a	n/a	n/a	n/a	n/a	n/a	n/a	n/a	n/a	n/a	n/a	n/a	n/a	n/a	n/a	1556.648324	n/a
1558.005452	0.000000	311601	ttl	4	71	n/a	n/a	n/a	n/a	n/a	n/a	n/a	n/a	n/a	n/a	n/a	n/a	n/a	n/a	n/a	n/a	n/a	n/a	n/a	n/a	n/a	1558.005452	n/a
1558.030152	0.000000	311606	ttl	11	71	n/a	n/a	n/a	n/a	n/a	n/a	n/a	n/a	n/a	n/a	n/a	n/a	n/a	n/a	n/a	n/a	n/a	n/a	n/a	n/a	n/a	1558.030152	n/a
1558.571992	1.527219	311714	scene_recognition	n/a	n/a	n/a	71.0	n/a	n/a	n/a	1558.03015175	n/a	2.221684686257504	2	3	3	HB_6_frameB_foil.png	1	7	1562.32089525	0	75	n/a	n/a	intervals/recognition_table	74	1558.571992	1560.099211
1558.571992	0.000000	311714	ttl	1	71	n/a	n/a	n/a	n/a	n/a	n/a	n/a	n/a	n/a	n/a	n/a	n/a	n/a	n/a	n/a	n/a	n/a	n/a	n/a	n/a	n/a	1558.571992	n/a
1560.099211	0.000000	312020	ttl	2	71	n/a	n/a	n/a	n/a	n/a	n/a	n/a	n/a	n/a	n/a	n/a	n/a	n/a	n/a	n/a	n/a	n/a	n/a	n/a	n/a	n/a	1560.099211	n/a
1562.320895	0.000000	312464	ttl	4	71	n/a	n/a	n/a	n/a	n/a	n/a	n/a	n/a	n/a	n/a	n/a	n/a	n/a	n/a	n/a	n/a	n/a	n/a	n/a	n/a	n/a	1562.320895	n/a
1562.335618	0.000000	312467	ttl	11	71	n/a	n/a	n/a	n/a	n/a	n/a	n/a	n/a	n/a	n/a	n/a	n/a	n/a	n/a	n/a	n/a	n/a	n/a	n/a	n/a	n/a	1562.335618	n/a
1562.917732	1.527125	312584	scene_recognition	n/a	n/a	n/a	71.0	n/a	n/a	n/a	1562.3356179999998	n/a	1.375680687604472	2	1	3	NB_7_frameB.png	2	2	1565.82053825	1	76	n/a	n/a	intervals/recognition_table	75	1562.917732	1564.444857
1562.917732	0.000000	312584	ttl	1	71	n/a	n/a	n/a	n/a	n/a	n/a	n/a	n/a	n/a	n/a	n/a	n/a	n/a	n/a	n/a	n/a	n/a	n/a	n/a	n/a	n/a	1562.917732	n/a
1564.444857	0.000000	312889	ttl	2	71	n/a	n/a	n/a	n/a	n/a	n/a	n/a	n/a	n/a	n/a	n/a	n/a	n/a	n/a	n/a	n/a	n/a	n/a	n/a	n/a	n/a	1564.444857	n/a
1565.820538	0.000000	313164	ttl	4	71	n/a	n/a	n/a	n/a	n/a	n/a	n/a	n/a	n/a	n/a	n/a	n/a	n/a	n/a	n/a	n/a	n/a	n/a	n/a	n/a	n/a	1565.820538	n/a
1565.843778	0.000000	313169	ttl	11	71	n/a	n/a	n/a	n/a	n/a	n/a	n/a	n/a	n/a	n/a	n/a	n/a	n/a	n/a	n/a	n/a	n/a	n/a	n/a	n/a	n/a	1565.843778	n/a
1566.365550	1.547120	313273	scene_recognition	n/a	n/a	n/a	71.0	n/a	n/a	n/a	1565.843778	n/a	1.5238148905336857	1	3	3	HB_8_frameA_foil.png	2	2	1569.43648575	0	77	n/a	n/a	intervals/recognition_table	76	1566.365550	1567.912671
1566.365550	0.000000	313273	ttl	1	71	n/a	n/a	n/a	n/a	n/a	n/a	n/a	n/a	n/a	n/a	n/a	n/a	n/a	n/a	n/a	n/a	n/a	n/a	n/a	n/a	n/a	1566.365550	n/a
1567.912671	0.000000	313583	ttl	2	71	n/a	n/a	n/a	n/a	n/a	n/a	n/a	n/a	n/a	n/a	n/a	n/a	n/a	n/a	n/a	n/a	n/a	n/a	n/a	n/a	n/a	1567.912671	n/a
1569.436486	0.000000	313887	ttl	4	71	n/a	n/a	n/a	n/a	n/a	n/a	n/a	n/a	n/a	n/a	n/a	n/a	n/a	n/a	n/a	n/a	n/a	n/a	n/a	n/a	n/a	1569.436486	n/a
1569.459186	0.000000	313892	ttl	11	71	n/a	n/a	n/a	n/a	n/a	n/a	n/a	n/a	n/a	n/a	n/a	n/a	n/a	n/a	n/a	n/a	n/a	n/a	n/a	n/a	n/a	1569.459186	n/a
1569.980939	1.547179	313996	scene_recognition	n/a	n/a	n/a	71.0	n/a	n/a	n/a	1569.4591859999998	n/a	1.5156987432856113	2	2	3	SB_3_frameA_foil.png	1	7	1573.0438172499998	0	78	n/a	n/a	intervals/recognition_table	77	1569.980939	1571.528118
1569.980939	0.000000	313996	ttl	1	71	n/a	n/a	n/a	n/a	n/a	n/a	n/a	n/a	n/a	n/a	n/a	n/a	n/a	n/a	n/a	n/a	n/a	n/a	n/a	n/a	n/a	1569.980939	n/a
1571.528118	0.000000	314306	ttl	2	71	n/a	n/a	n/a	n/a	n/a	n/a	n/a	n/a	n/a	n/a	n/a	n/a	n/a	n/a	n/a	n/a	n/a	n/a	n/a	n/a	n/a	1571.528118	n/a
1573.043817	0.000000	314609	ttl	4	71	n/a	n/a	n/a	n/a	n/a	n/a	n/a	n/a	n/a	n/a	n/a	n/a	n/a	n/a	n/a	n/a	n/a	n/a	n/a	n/a	n/a	1573.043817	n/a
1573.066379	0.000000	314613	ttl	11	71	n/a	n/a	n/a	n/a	n/a	n/a	n/a	n/a	n/a	n/a	n/a	n/a	n/a	n/a	n/a	n/a	n/a	n/a	n/a	n/a	n/a	1573.066379	n/a
1573.648330	1.527801	314730	scene_recognition	n/a	n/a	n/a	71.0	n/a	n/a	n/a	1573.0663789999999	n/a	2.1567805021768436	2	3	3	HB_1_frameB_foil.png	1	7	1577.3329115	0	79	n/a	n/a	intervals/recognition_table	78	1573.648330	1575.176131
1573.648330	0.000000	314730	ttl	1	71	n/a	n/a	n/a	n/a	n/a	n/a	n/a	n/a	n/a	n/a	n/a	n/a	n/a	n/a	n/a	n/a	n/a	n/a	n/a	n/a	n/a	1573.648330	n/a
1575.176131	0.000000	315035	ttl	2	71	n/a	n/a	n/a	n/a	n/a	n/a	n/a	n/a	n/a	n/a	n/a	n/a	n/a	n/a	n/a	n/a	n/a	n/a	n/a	n/a	n/a	1575.176131	n/a
1577.332911	0.000000	315467	ttl	4	71	n/a	n/a	n/a	n/a	n/a	n/a	n/a	n/a	n/a	n/a	n/a	n/a	n/a	n/a	n/a	n/a	n/a	n/a	n/a	n/a	n/a	1577.332911	n/a
1577.346723	0.000000	315469	ttl	11	71	n/a	n/a	n/a	n/a	n/a	n/a	n/a	n/a	n/a	n/a	n/a	n/a	n/a	n/a	n/a	n/a	n/a	n/a	n/a	n/a	n/a	1577.346723	n/a
1577.868510	1.527060	315574	scene_recognition	n/a	n/a	n/a	71.0	n/a	n/a	n/a	1577.34672275	n/a	1.33011639630422	2	3	3	HB_7_frameA_foil.png	1	7	1580.7256862499999	0	80	n/a	n/a	intervals/recognition_table	79	1577.868510	1579.395570
1577.868510	0.000000	315574	ttl	1	71	n/a	n/a	n/a	n/a	n/a	n/a	n/a	n/a	n/a	n/a	n/a	n/a	n/a	n/a	n/a	n/a	n/a	n/a	n/a	n/a	n/a	1577.868510	n/a
1579.395570	0.000000	315879	ttl	2	71	n/a	n/a	n/a	n/a	n/a	n/a	n/a	n/a	n/a	n/a	n/a	n/a	n/a	n/a	n/a	n/a	n/a	n/a	n/a	n/a	n/a	1579.395570	n/a
1580.725686	0.000000	316145	ttl	4	71	n/a	n/a	n/a	n/a	n/a	n/a	n/a	n/a	n/a	n/a	n/a	n/a	n/a	n/a	n/a	n/a	n/a	n/a	n/a	n/a	n/a	1580.725686	n/a
1580.745345	0.000000	316149	ttl	11	71	n/a	n/a	n/a	n/a	n/a	n/a	n/a	n/a	n/a	n/a	n/a	n/a	n/a	n/a	n/a	n/a	n/a	n/a	n/a	n/a	n/a	1580.745345	n/a
1581.246922	1.547312	316249	scene_recognition	n/a	n/a	n/a	71.0	n/a	n/a	n/a	1580.74534525	n/a	1.271451581036672	2	2	3	SB_2_frameA_foil.png	1	7	1584.0656855	0	81	n/a	n/a	intervals/recognition_table	80	1581.246922	1582.794234
1581.246922	0.000000	316249	ttl	1	71	n/a	n/a	n/a	n/a	n/a	n/a	n/a	n/a	n/a	n/a	n/a	n/a	n/a	n/a	n/a	n/a	n/a	n/a	n/a	n/a	n/a	1581.246922	n/a
1582.794234	0.000000	316559	ttl	2	71	n/a	n/a	n/a	n/a	n/a	n/a	n/a	n/a	n/a	n/a	n/a	n/a	n/a	n/a	n/a	n/a	n/a	n/a	n/a	n/a	n/a	1582.794234	n/a
1584.065685	0.000000	316813	ttl	4	71	n/a	n/a	n/a	n/a	n/a	n/a	n/a	n/a	n/a	n/a	n/a	n/a	n/a	n/a	n/a	n/a	n/a	n/a	n/a	n/a	n/a	1584.065685	n/a
1584.081675	0.000000	316816	ttl	11	71	n/a	n/a	n/a	n/a	n/a	n/a	n/a	n/a	n/a	n/a	n/a	n/a	n/a	n/a	n/a	n/a	n/a	n/a	n/a	n/a	n/a	1584.081675	n/a
1584.583328	1.527072	316917	scene_recognition	n/a	n/a	n/a	71.0	n/a	n/a	n/a	1584.081675	n/a	1.4729316676966846	2	2	3	SB_8_frameB.png	2	2	1587.5833317499998	1	82	n/a	n/a	intervals/recognition_table	81	1584.583328	1586.110400
1584.583328	0.000000	316917	ttl	1	71	n/a	n/a	n/a	n/a	n/a	n/a	n/a	n/a	n/a	n/a	n/a	n/a	n/a	n/a	n/a	n/a	n/a	n/a	n/a	n/a	n/a	1584.583328	n/a
1586.110400	0.000000	317222	ttl	2	71	n/a	n/a	n/a	n/a	n/a	n/a	n/a	n/a	n/a	n/a	n/a	n/a	n/a	n/a	n/a	n/a	n/a	n/a	n/a	n/a	n/a	1586.110400	n/a
1587.583332	0.000000	317517	ttl	4	71	n/a	n/a	n/a	n/a	n/a	n/a	n/a	n/a	n/a	n/a	n/a	n/a	n/a	n/a	n/a	n/a	n/a	n/a	n/a	n/a	n/a	1587.583332	n/a
1587.594544	0.000000	317519	ttl	11	71	n/a	n/a	n/a	n/a	n/a	n/a	n/a	n/a	n/a	n/a	n/a	n/a	n/a	n/a	n/a	n/a	n/a	n/a	n/a	n/a	n/a	1587.594544	n/a
1588.116269	1.547202	317623	scene_recognition	n/a	n/a	n/a	71.0	n/a	n/a	n/a	1587.5945445	n/a	1.487493769149296	1	2	3	SB_1_frameA.png	1	7	1591.15096475	1	83	n/a	n/a	intervals/recognition_table	82	1588.116269	1589.663471
1588.116269	0.000000	317623	ttl	1	71	n/a	n/a	n/a	n/a	n/a	n/a	n/a	n/a	n/a	n/a	n/a	n/a	n/a	n/a	n/a	n/a	n/a	n/a	n/a	n/a	n/a	1588.116269	n/a
1589.663471	0.000000	317933	ttl	2	71	n/a	n/a	n/a	n/a	n/a	n/a	n/a	n/a	n/a	n/a	n/a	n/a	n/a	n/a	n/a	n/a	n/a	n/a	n/a	n/a	n/a	1589.663471	n/a
1591.150965	0.000000	318230	ttl	4	71	n/a	n/a	n/a	n/a	n/a	n/a	n/a	n/a	n/a	n/a	n/a	n/a	n/a	n/a	n/a	n/a	n/a	n/a	n/a	n/a	n/a	1591.150965	n/a
1591.172652	0.000000	318235	ttl	11	71	n/a	n/a	n/a	n/a	n/a	n/a	n/a	n/a	n/a	n/a	n/a	n/a	n/a	n/a	n/a	n/a	n/a	n/a	n/a	n/a	n/a	1591.172652	n/a
1591.734539	1.547884	318347	scene_recognition	n/a	n/a	n/a	71.0	n/a	n/a	n/a	1591.172652	n/a	1.7444694420555606	2	1	3	NB_6_frameA.png	2	2	1595.02689275	1	84	n/a	n/a	intervals/recognition_table	83	1591.734539	1593.282423
1591.734539	0.000000	318347	ttl	1	71	n/a	n/a	n/a	n/a	n/a	n/a	n/a	n/a	n/a	n/a	n/a	n/a	n/a	n/a	n/a	n/a	n/a	n/a	n/a	n/a	n/a	1591.734539	n/a
1593.282423	0.000000	318656	ttl	2	71	n/a	n/a	n/a	n/a	n/a	n/a	n/a	n/a	n/a	n/a	n/a	n/a	n/a	n/a	n/a	n/a	n/a	n/a	n/a	n/a	n/a	1593.282423	n/a
1595.026893	0.000000	319005	ttl	4	71	n/a	n/a	n/a	n/a	n/a	n/a	n/a	n/a	n/a	n/a	n/a	n/a	n/a	n/a	n/a	n/a	n/a	n/a	n/a	n/a	n/a	1595.026893	n/a
1595.048231	0.000000	319010	ttl	11	71	n/a	n/a	n/a	n/a	n/a	n/a	n/a	n/a	n/a	n/a	n/a	n/a	n/a	n/a	n/a	n/a	n/a	n/a	n/a	n/a	n/a	1595.048231	n/a
1595.610276	1.547175	319122	scene_recognition	n/a	n/a	n/a	71.0	n/a	n/a	n/a	1595.0482312499998	n/a	1.4961925313109532	2	2	3	SB_4_frameA_foil.png	1	7	1598.653644	0	85	n/a	n/a	intervals/recognition_table	84	1595.610276	1597.157451
1595.610276	0.000000	319122	ttl	1	71	n/a	n/a	n/a	n/a	n/a	n/a	n/a	n/a	n/a	n/a	n/a	n/a	n/a	n/a	n/a	n/a	n/a	n/a	n/a	n/a	n/a	1595.610276	n/a
1597.157451	0.000000	319431	ttl	2	71	n/a	n/a	n/a	n/a	n/a	n/a	n/a	n/a	n/a	n/a	n/a	n/a	n/a	n/a	n/a	n/a	n/a	n/a	n/a	n/a	n/a	1597.157451	n/a
1598.653644	0.000000	319731	ttl	4	71	n/a	n/a	n/a	n/a	n/a	n/a	n/a	n/a	n/a	n/a	n/a	n/a	n/a	n/a	n/a	n/a	n/a	n/a	n/a	n/a	n/a	1598.653644	n/a
1598.672404	0.000000	319734	ttl	11	71	n/a	n/a	n/a	n/a	n/a	n/a	n/a	n/a	n/a	n/a	n/a	n/a	n/a	n/a	n/a	n/a	n/a	n/a	n/a	n/a	n/a	1598.672404	n/a
1599.194196	1.527300	319839	scene_recognition	n/a	n/a	n/a	71.0	n/a	n/a	n/a	1598.67240425	n/a	2.283742468804121	1	3	3	HB_5_frameA_foil.png	2	2	1603.0052385	0	86	n/a	n/a	intervals/recognition_table	85	1599.194196	1600.721496
1599.194196	0.000000	319839	ttl	1	71	n/a	n/a	n/a	n/a	n/a	n/a	n/a	n/a	n/a	n/a	n/a	n/a	n/a	n/a	n/a	n/a	n/a	n/a	n/a	n/a	n/a	1599.194196	n/a
1600.721496	0.000000	320144	ttl	2	71	n/a	n/a	n/a	n/a	n/a	n/a	n/a	n/a	n/a	n/a	n/a	n/a	n/a	n/a	n/a	n/a	n/a	n/a	n/a	n/a	n/a	1600.721496	n/a
1603.005238	0.000000	320601	ttl	4	71	n/a	n/a	n/a	n/a	n/a	n/a	n/a	n/a	n/a	n/a	n/a	n/a	n/a	n/a	n/a	n/a	n/a	n/a	n/a	n/a	n/a	1603.005238	n/a
1603.025834	0.000000	320605	ttl	11	71	n/a	n/a	n/a	n/a	n/a	n/a	n/a	n/a	n/a	n/a	n/a	n/a	n/a	n/a	n/a	n/a	n/a	n/a	n/a	n/a	n/a	1603.025834	n/a
1603.527516	1.547182	320706	scene_recognition	n/a	n/a	n/a	71.0	n/a	n/a	n/a	1603.025834	n/a	1.6999678961001337	1	2	3	SB_6_frameB.png	1	7	1606.7746654999999	1	87	n/a	n/a	intervals/recognition_table	86	1603.527516	1605.074698
1603.527516	0.000000	320706	ttl	1	71	n/a	n/a	n/a	n/a	n/a	n/a	n/a	n/a	n/a	n/a	n/a	n/a	n/a	n/a	n/a	n/a	n/a	n/a	n/a	n/a	n/a	1603.527516	n/a
1605.074698	0.000000	321015	ttl	2	71	n/a	n/a	n/a	n/a	n/a	n/a	n/a	n/a	n/a	n/a	n/a	n/a	n/a	n/a	n/a	n/a	n/a	n/a	n/a	n/a	n/a	1605.074698	n/a
1606.774665	0.000000	321355	ttl	4	71	n/a	n/a	n/a	n/a	n/a	n/a	n/a	n/a	n/a	n/a	n/a	n/a	n/a	n/a	n/a	n/a	n/a	n/a	n/a	n/a	n/a	1606.774665	n/a
1606.796306	0.000000	321359	ttl	11	71	n/a	n/a	n/a	n/a	n/a	n/a	n/a	n/a	n/a	n/a	n/a	n/a	n/a	n/a	n/a	n/a	n/a	n/a	n/a	n/a	n/a	1606.796306	n/a
1607.318068	1.547187	321464	scene_recognition	n/a	n/a	n/a	71.0	n/a	n/a	n/a	1606.7963065	n/a	2.505111540784128	2	3	3	HB_4_frameA_foil.png	1	7	1611.3703675	0	88	n/a	n/a	intervals/recognition_table	87	1607.318068	1608.865256
1607.318068	0.000000	321464	ttl	1	71	n/a	n/a	n/a	n/a	n/a	n/a	n/a	n/a	n/a	n/a	n/a	n/a	n/a	n/a	n/a	n/a	n/a	n/a	n/a	n/a	n/a	1607.318068	n/a
1608.865256	0.000000	321773	ttl	2	71	n/a	n/a	n/a	n/a	n/a	n/a	n/a	n/a	n/a	n/a	n/a	n/a	n/a	n/a	n/a	n/a	n/a	n/a	n/a	n/a	n/a	1608.865256	n/a
1611.370367	0.000000	322274	ttl	4	71	n/a	n/a	n/a	n/a	n/a	n/a	n/a	n/a	n/a	n/a	n/a	n/a	n/a	n/a	n/a	n/a	n/a	n/a	n/a	n/a	n/a	1611.370367	n/a
1611.387191	0.000000	322277	ttl	11	71	n/a	n/a	n/a	n/a	n/a	n/a	n/a	n/a	n/a	n/a	n/a	n/a	n/a	n/a	n/a	n/a	n/a	n/a	n/a	n/a	n/a	1611.387191	n/a
1611.969174	1.567328	322394	scene_recognition	n/a	n/a	n/a	71.0	n/a	n/a	n/a	1611.387191	n/a	2.2189830489223823	2	3	3	HB_4_frameA_foil.png	1	7	1615.7554845	0	89	n/a	n/a	intervals/recognition_table	88	1611.969174	1613.536501
1611.969174	0.000000	322394	ttl	1	71	n/a	n/a	n/a	n/a	n/a	n/a	n/a	n/a	n/a	n/a	n/a	n/a	n/a	n/a	n/a	n/a	n/a	n/a	n/a	n/a	n/a	1611.969174	n/a
1613.536501	0.000000	322707	ttl	2	71	n/a	n/a	n/a	n/a	n/a	n/a	n/a	n/a	n/a	n/a	n/a	n/a	n/a	n/a	n/a	n/a	n/a	n/a	n/a	n/a	n/a	1613.536501	n/a
1615.755484	0.000000	323151	ttl	4	71	n/a	n/a	n/a	n/a	n/a	n/a	n/a	n/a	n/a	n/a	n/a	n/a	n/a	n/a	n/a	n/a	n/a	n/a	n/a	n/a	n/a	1615.755484	n/a
1615.778072	0.000000	323156	ttl	11	71	n/a	n/a	n/a	n/a	n/a	n/a	n/a	n/a	n/a	n/a	n/a	n/a	n/a	n/a	n/a	n/a	n/a	n/a	n/a	n/a	n/a	1615.778072	n/a
1616.279749	1.547064	323256	scene_recognition	n/a	n/a	n/a	71.0	n/a	n/a	n/a	1615.77807175	n/a	1.5017737478483468	2	2	2	SB_2_frameB_foil.png	1	6	1619.328587	0	90	n/a	n/a	intervals/recognition_table	89	1616.279749	1617.826813
1616.279749	0.000000	323256	ttl	1	71	n/a	n/a	n/a	n/a	n/a	n/a	n/a	n/a	n/a	n/a	n/a	n/a	n/a	n/a	n/a	n/a	n/a	n/a	n/a	n/a	n/a	1616.279749	n/a
1617.826813	0.000000	323565	ttl	2	71	n/a	n/a	n/a	n/a	n/a	n/a	n/a	n/a	n/a	n/a	n/a	n/a	n/a	n/a	n/a	n/a	n/a	n/a	n/a	n/a	n/a	1617.826813	n/a
1619.328587	0.000000	323866	ttl	4	71	n/a	n/a	n/a	n/a	n/a	n/a	n/a	n/a	n/a	n/a	n/a	n/a	n/a	n/a	n/a	n/a	n/a	n/a	n/a	n/a	n/a	1619.328587	n/a
1619.346283	0.000000	323869	ttl	11	71	n/a	n/a	n/a	n/a	n/a	n/a	n/a	n/a	n/a	n/a	n/a	n/a	n/a	n/a	n/a	n/a	n/a	n/a	n/a	n/a	n/a	1619.346283	n/a
1619.847949	1.527440	323970	scene_recognition	n/a	n/a	n/a	71.0	n/a	n/a	n/a	1619.3462829999999	n/a	1.7423711806768551	2	3	3	HB_6_frameB_foil.png	1	7	1623.1177595	0	91	n/a	n/a	intervals/recognition_table	90	1619.847949	1621.375388
1619.847949	0.000000	323970	ttl	1	71	n/a	n/a	n/a	n/a	n/a	n/a	n/a	n/a	n/a	n/a	n/a	n/a	n/a	n/a	n/a	n/a	n/a	n/a	n/a	n/a	n/a	1619.847949	n/a
1621.375388	0.000000	324275	ttl	2	71	n/a	n/a	n/a	n/a	n/a	n/a	n/a	n/a	n/a	n/a	n/a	n/a	n/a	n/a	n/a	n/a	n/a	n/a	n/a	n/a	n/a	1621.375388	n/a
1623.117759	0.000000	324624	ttl	4	71	n/a	n/a	n/a	n/a	n/a	n/a	n/a	n/a	n/a	n/a	n/a	n/a	n/a	n/a	n/a	n/a	n/a	n/a	n/a	n/a	n/a	1623.117759	n/a
1623.134059	0.000000	324627	ttl	11	71	n/a	n/a	n/a	n/a	n/a	n/a	n/a	n/a	n/a	n/a	n/a	n/a	n/a	n/a	n/a	n/a	n/a	n/a	n/a	n/a	n/a	1623.134059	n/a
1623.655802	1.547939	324731	scene_recognition	n/a	n/a	n/a	71.0	n/a	n/a	n/a	1623.1340585	n/a	1.8015209168661386	2	1	3	NB_16_frameB_foil.png	1	7	1627.00526225	0	92	n/a	n/a	intervals/recognition_table	91	1623.655802	1625.203741
1623.655802	0.000000	324731	ttl	1	71	n/a	n/a	n/a	n/a	n/a	n/a	n/a	n/a	n/a	n/a	n/a	n/a	n/a	n/a	n/a	n/a	n/a	n/a	n/a	n/a	n/a	1623.655802	n/a
1625.203741	0.000000	325041	ttl	2	71	n/a	n/a	n/a	n/a	n/a	n/a	n/a	n/a	n/a	n/a	n/a	n/a	n/a	n/a	n/a	n/a	n/a	n/a	n/a	n/a	n/a	1625.203741	n/a
1627.005262	0.000000	325401	ttl	4	71	n/a	n/a	n/a	n/a	n/a	n/a	n/a	n/a	n/a	n/a	n/a	n/a	n/a	n/a	n/a	n/a	n/a	n/a	n/a	n/a	n/a	1627.005262	n/a
1627.010754	0.000000	325402	ttl	11	71	n/a	n/a	n/a	n/a	n/a	n/a	n/a	n/a	n/a	n/a	n/a	n/a	n/a	n/a	n/a	n/a	n/a	n/a	n/a	n/a	n/a	1627.010754	n/a
1627.592838	1.547166	325519	scene_recognition	n/a	n/a	n/a	71.0	n/a	n/a	n/a	1627.010754	n/a	1.5002179087605327	2	2	3	SB_5_frameA.png	2	2	1630.64022125	1	93	n/a	n/a	intervals/recognition_table	92	1627.592838	1629.140003
1627.592838	0.000000	325519	ttl	1	71	n/a	n/a	n/a	n/a	n/a	n/a	n/a	n/a	n/a	n/a	n/a	n/a	n/a	n/a	n/a	n/a	n/a	n/a	n/a	n/a	n/a	1627.592838	n/a
1629.140003	0.000000	325828	ttl	2	71	n/a	n/a	n/a	n/a	n/a	n/a	n/a	n/a	n/a	n/a	n/a	n/a	n/a	n/a	n/a	n/a	n/a	n/a	n/a	n/a	n/a	1629.140003	n/a
1630.640221	0.000000	326128	ttl	4	71	n/a	n/a	n/a	n/a	n/a	n/a	n/a	n/a	n/a	n/a	n/a	n/a	n/a	n/a	n/a	n/a	n/a	n/a	n/a	n/a	n/a	1630.640221	n/a
1630.657272	0.000000	326131	ttl	11	71	n/a	n/a	n/a	n/a	n/a	n/a	n/a	n/a	n/a	n/a	n/a	n/a	n/a	n/a	n/a	n/a	n/a	n/a	n/a	n/a	n/a	1630.657272	n/a
1631.158817	1.547304	326232	scene_recognition	n/a	n/a	n/a	71.0	n/a	n/a	n/a	1630.65727225	n/a	1.6781304109608755	1	1	3	NB_20_frameA.png	1	7	1634.38425225	1	94	n/a	n/a	intervals/recognition_table	93	1631.158817	1632.706122
1631.158817	0.000000	326232	ttl	1	71	n/a	n/a	n/a	n/a	n/a	n/a	n/a	n/a	n/a	n/a	n/a	n/a	n/a	n/a	n/a	n/a	n/a	n/a	n/a	n/a	n/a	1631.158817	n/a
1632.706122	0.000000	326541	ttl	2	71	n/a	n/a	n/a	n/a	n/a	n/a	n/a	n/a	n/a	n/a	n/a	n/a	n/a	n/a	n/a	n/a	n/a	n/a	n/a	n/a	n/a	1632.706122	n/a
1634.384252	0.000000	326877	ttl	4	71	n/a	n/a	n/a	n/a	n/a	n/a	n/a	n/a	n/a	n/a	n/a	n/a	n/a	n/a	n/a	n/a	n/a	n/a	n/a	n/a	n/a	1634.384252	n/a
1634.394634	0.000000	326879	ttl	11	71	n/a	n/a	n/a	n/a	n/a	n/a	n/a	n/a	n/a	n/a	n/a	n/a	n/a	n/a	n/a	n/a	n/a	n/a	n/a	n/a	n/a	1634.394634	n/a
1634.936472	1.547571	326987	scene_recognition	n/a	n/a	n/a	71.0	n/a	n/a	n/a	1634.3946342499999	n/a	1.3577445439295843	2	1	3	NB_15_frameB.png	2	2	1637.8417875	1	95	n/a	n/a	intervals/recognition_table	94	1634.936472	1636.484043
1634.936472	0.000000	326987	ttl	1	71	n/a	n/a	n/a	n/a	n/a	n/a	n/a	n/a	n/a	n/a	n/a	n/a	n/a	n/a	n/a	n/a	n/a	n/a	n/a	n/a	n/a	1634.936472	n/a
1636.484043	0.000000	327297	ttl	2	71	n/a	n/a	n/a	n/a	n/a	n/a	n/a	n/a	n/a	n/a	n/a	n/a	n/a	n/a	n/a	n/a	n/a	n/a	n/a	n/a	n/a	1636.484043	n/a
1637.841788	0.000000	327568	ttl	4	71	n/a	n/a	n/a	n/a	n/a	n/a	n/a	n/a	n/a	n/a	n/a	n/a	n/a	n/a	n/a	n/a	n/a	n/a	n/a	n/a	n/a	1637.841788	n/a
1637.847120	0.000000	327569	ttl	11	71	n/a	n/a	n/a	n/a	n/a	n/a	n/a	n/a	n/a	n/a	n/a	n/a	n/a	n/a	n/a	n/a	n/a	n/a	n/a	n/a	n/a	1637.847120	n/a
1638.389079	1.527139	327678	scene_recognition	n/a	n/a	n/a	71.0	n/a	n/a	n/a	1637.8471204999998	n/a	1.3780436494853348	2	1	2	NB_22_frameB_foil.png	1	6	1641.2942624999998	0	96	n/a	n/a	intervals/recognition_table	95	1638.389079	1639.916219
1638.389079	0.000000	327678	ttl	1	71	n/a	n/a	n/a	n/a	n/a	n/a	n/a	n/a	n/a	n/a	n/a	n/a	n/a	n/a	n/a	n/a	n/a	n/a	n/a	n/a	n/a	1638.389079	n/a
1639.916219	0.000000	327983	ttl	2	71	n/a	n/a	n/a	n/a	n/a	n/a	n/a	n/a	n/a	n/a	n/a	n/a	n/a	n/a	n/a	n/a	n/a	n/a	n/a	n/a	n/a	1639.916219	n/a
1641.294262	0.000000	328259	ttl	4	71	n/a	n/a	n/a	n/a	n/a	n/a	n/a	n/a	n/a	n/a	n/a	n/a	n/a	n/a	n/a	n/a	n/a	n/a	n/a	n/a	n/a	1641.294262	n/a
1641.309706	0.000000	328262	ttl	11	71	n/a	n/a	n/a	n/a	n/a	n/a	n/a	n/a	n/a	n/a	n/a	n/a	n/a	n/a	n/a	n/a	n/a	n/a	n/a	n/a	n/a	1641.309706	n/a
1641.851954	1.527000	328370	scene_recognition	n/a	n/a	n/a	71.0	n/a	n/a	n/a	1641.3097065	n/a	1.817405866808258	2	2	3	SB_4_frameB.png	2	2	1645.1963595	1	97	n/a	n/a	intervals/recognition_table	96	1641.851954	1643.378953
1641.851954	0.000000	328370	ttl	1	71	n/a	n/a	n/a	n/a	n/a	n/a	n/a	n/a	n/a	n/a	n/a	n/a	n/a	n/a	n/a	n/a	n/a	n/a	n/a	n/a	n/a	1641.851954	n/a
1643.378953	0.000000	328676	ttl	2	71	n/a	n/a	n/a	n/a	n/a	n/a	n/a	n/a	n/a	n/a	n/a	n/a	n/a	n/a	n/a	n/a	n/a	n/a	n/a	n/a	n/a	1643.378953	n/a
1645.196359	0.000000	329039	ttl	4	71	n/a	n/a	n/a	n/a	n/a	n/a	n/a	n/a	n/a	n/a	n/a	n/a	n/a	n/a	n/a	n/a	n/a	n/a	n/a	n/a	n/a	1645.196359	n/a
1645.209046	0.000000	329042	ttl	11	71	n/a	n/a	n/a	n/a	n/a	n/a	n/a	n/a	n/a	n/a	n/a	n/a	n/a	n/a	n/a	n/a	n/a	n/a	n/a	n/a	n/a	1645.209046	n/a
1645.791516	1.547944	329158	scene_recognition	n/a	n/a	n/a	71.0	n/a	n/a	n/a	1645.2090457499999	n/a	1.8062707023927942	2	3	2	HB_3_frameA_foil.png	1	6	1649.1457305	0	98	n/a	n/a	intervals/recognition_table	97	1645.791516	1647.339460
1645.791516	0.000000	329158	ttl	1	71	n/a	n/a	n/a	n/a	n/a	n/a	n/a	n/a	n/a	n/a	n/a	n/a	n/a	n/a	n/a	n/a	n/a	n/a	n/a	n/a	n/a	1645.791516	n/a
1647.339460	0.000000	329468	ttl	2	71	n/a	n/a	n/a	n/a	n/a	n/a	n/a	n/a	n/a	n/a	n/a	n/a	n/a	n/a	n/a	n/a	n/a	n/a	n/a	n/a	n/a	1647.339460	n/a
1649.145730	0.000000	329829	ttl	4	71	n/a	n/a	n/a	n/a	n/a	n/a	n/a	n/a	n/a	n/a	n/a	n/a	n/a	n/a	n/a	n/a	n/a	n/a	n/a	n/a	n/a	1649.145730	n/a
1649.167602	0.000000	329834	ttl	11	71	n/a	n/a	n/a	n/a	n/a	n/a	n/a	n/a	n/a	n/a	n/a	n/a	n/a	n/a	n/a	n/a	n/a	n/a	n/a	n/a	n/a	1649.167602	n/a
1649.749787	1.527128	329950	scene_recognition	n/a	n/a	n/a	71.0	n/a	n/a	n/a	1649.16760175	n/a	1.5206674821674824	2	3	3	HB_6_frameA.png	2	2	1652.7975824999999	1	99	n/a	n/a	intervals/recognition_table	98	1649.749787	1651.276915
1649.749787	0.000000	329950	ttl	1	71	n/a	n/a	n/a	n/a	n/a	n/a	n/a	n/a	n/a	n/a	n/a	n/a	n/a	n/a	n/a	n/a	n/a	n/a	n/a	n/a	n/a	1649.749787	n/a
1651.276915	0.000000	330255	ttl	2	71	n/a	n/a	n/a	n/a	n/a	n/a	n/a	n/a	n/a	n/a	n/a	n/a	n/a	n/a	n/a	n/a	n/a	n/a	n/a	n/a	n/a	1651.276915	n/a
1652.797582	0.000000	330560	ttl	4	71	n/a	n/a	n/a	n/a	n/a	n/a	n/a	n/a	n/a	n/a	n/a	n/a	n/a	n/a	n/a	n/a	n/a	n/a	n/a	n/a	n/a	1652.797582	n/a
1652.804117	0.000000	330561	ttl	11	71	n/a	n/a	n/a	n/a	n/a	n/a	n/a	n/a	n/a	n/a	n/a	n/a	n/a	n/a	n/a	n/a	n/a	n/a	n/a	n/a	n/a	1652.804117	n/a
1653.366013	1.547478	330673	scene_recognition	n/a	n/a	n/a	71.0	n/a	n/a	n/a	1652.8041167499998	n/a	1.071409435593523	2	1	2	NB_13_frameA_foil.png	1	6	1655.9849	0	100	n/a	n/a	intervals/recognition_table	99	1653.366013	1654.913490
1653.366013	0.000000	330673	ttl	1	71	n/a	n/a	n/a	n/a	n/a	n/a	n/a	n/a	n/a	n/a	n/a	n/a	n/a	n/a	n/a	n/a	n/a	n/a	n/a	n/a	n/a	1653.366013	n/a
1654.913490	0.000000	330983	ttl	2	71	n/a	n/a	n/a	n/a	n/a	n/a	n/a	n/a	n/a	n/a	n/a	n/a	n/a	n/a	n/a	n/a	n/a	n/a	n/a	n/a	n/a	1654.913490	n/a
1655.984900	0.000000	331197	ttl	4	71	n/a	n/a	n/a	n/a	n/a	n/a	n/a	n/a	n/a	n/a	n/a	n/a	n/a	n/a	n/a	n/a	n/a	n/a	n/a	n/a	n/a	1655.984900	n/a
1656.006748	0.000000	331201	ttl	11	71	n/a	n/a	n/a	n/a	n/a	n/a	n/a	n/a	n/a	n/a	n/a	n/a	n/a	n/a	n/a	n/a	n/a	n/a	n/a	n/a	n/a	1656.006748	n/a
1656.588678	1.547201	331318	scene_recognition	n/a	n/a	n/a	71.0	n/a	n/a	n/a	1656.0067482499999	n/a	1.6173870068741962	1	3	3	HB_8_frameB.png	1	7	1659.75326625	1	101	n/a	n/a	intervals/recognition_table	100	1656.588678	1658.135879
1656.588678	0.000000	331318	ttl	1	71	n/a	n/a	n/a	n/a	n/a	n/a	n/a	n/a	n/a	n/a	n/a	n/a	n/a	n/a	n/a	n/a	n/a	n/a	n/a	n/a	n/a	1656.588678	n/a
1658.135879	0.000000	331627	ttl	2	71	n/a	n/a	n/a	n/a	n/a	n/a	n/a	n/a	n/a	n/a	n/a	n/a	n/a	n/a	n/a	n/a	n/a	n/a	n/a	n/a	n/a	1658.135879	n/a
1659.753266	0.000000	331951	ttl	4	71	n/a	n/a	n/a	n/a	n/a	n/a	n/a	n/a	n/a	n/a	n/a	n/a	n/a	n/a	n/a	n/a	n/a	n/a	n/a	n/a	n/a	1659.753266	n/a
1659.768857	0.000000	331954	ttl	11	71	n/a	n/a	n/a	n/a	n/a	n/a	n/a	n/a	n/a	n/a	n/a	n/a	n/a	n/a	n/a	n/a	n/a	n/a	n/a	n/a	n/a	1659.768857	n/a
1660.350821	1.527139	332070	scene_recognition	n/a	n/a	n/a	71.0	n/a	n/a	n/a	1659.768857	n/a	1.8948797557968646	1	1	3	NB_10_frameA.png	1	7	1663.7728405	1	102	n/a	n/a	intervals/recognition_table	101	1660.350821	1661.877961
1660.350821	0.000000	332070	ttl	1	71	n/a	n/a	n/a	n/a	n/a	n/a	n/a	n/a	n/a	n/a	n/a	n/a	n/a	n/a	n/a	n/a	n/a	n/a	n/a	n/a	n/a	1660.350821	n/a
1661.877961	0.000000	332376	ttl	2	71	n/a	n/a	n/a	n/a	n/a	n/a	n/a	n/a	n/a	n/a	n/a	n/a	n/a	n/a	n/a	n/a	n/a	n/a	n/a	n/a	n/a	1661.877961	n/a
1663.772841	0.000000	332755	ttl	4	71	n/a	n/a	n/a	n/a	n/a	n/a	n/a	n/a	n/a	n/a	n/a	n/a	n/a	n/a	n/a	n/a	n/a	n/a	n/a	n/a	n/a	1663.772841	n/a
1663.781524	0.000000	332756	ttl	11	71	n/a	n/a	n/a	n/a	n/a	n/a	n/a	n/a	n/a	n/a	n/a	n/a	n/a	n/a	n/a	n/a	n/a	n/a	n/a	n/a	n/a	1663.781524	n/a
1664.303283	1.527132	332861	scene_recognition	n/a	n/a	n/a	71.0	n/a	n/a	n/a	1663.781524	n/a	0.9296056401217356	1	2	3	SB_2_frameA_foil.png	2	2	1666.7600209999998	0	103	n/a	n/a	intervals/recognition_table	102	1664.303283	1665.830415
1664.303283	0.000000	332861	ttl	1	71	n/a	n/a	n/a	n/a	n/a	n/a	n/a	n/a	n/a	n/a	n/a	n/a	n/a	n/a	n/a	n/a	n/a	n/a	n/a	n/a	n/a	1664.303283	n/a
1665.830415	0.000000	333166	ttl	2	71	n/a	n/a	n/a	n/a	n/a	n/a	n/a	n/a	n/a	n/a	n/a	n/a	n/a	n/a	n/a	n/a	n/a	n/a	n/a	n/a	n/a	1665.830415	n/a
1666.760021	0.000000	333352	ttl	4	71	n/a	n/a	n/a	n/a	n/a	n/a	n/a	n/a	n/a	n/a	n/a	n/a	n/a	n/a	n/a	n/a	n/a	n/a	n/a	n/a	n/a	1666.760021	n/a
1666.778857	0.000000	333356	ttl	11	71	n/a	n/a	n/a	n/a	n/a	n/a	n/a	n/a	n/a	n/a	n/a	n/a	n/a	n/a	n/a	n/a	n/a	n/a	n/a	n/a	n/a	1666.778857	n/a
1667.320695	1.547316	333464	scene_recognition	n/a	n/a	n/a	71.0	n/a	n/a	n/a	1666.7788575	n/a	1.035877848509699	2	1	3	NB_1_frameB.png	2	2	1669.9038894999999	1	104	n/a	n/a	intervals/recognition_table	103	1667.320695	1668.868011
1667.320695	0.000000	333464	ttl	1	71	n/a	n/a	n/a	n/a	n/a	n/a	n/a	n/a	n/a	n/a	n/a	n/a	n/a	n/a	n/a	n/a	n/a	n/a	n/a	n/a	n/a	1667.320695	n/a
1668.868011	0.000000	333774	ttl	2	71	n/a	n/a	n/a	n/a	n/a	n/a	n/a	n/a	n/a	n/a	n/a	n/a	n/a	n/a	n/a	n/a	n/a	n/a	n/a	n/a	n/a	1668.868011	n/a
1669.903889	0.000000	333981	ttl	4	71	n/a	n/a	n/a	n/a	n/a	n/a	n/a	n/a	n/a	n/a	n/a	n/a	n/a	n/a	n/a	n/a	n/a	n/a	n/a	n/a	n/a	1669.903889	n/a
1669.915507	0.000000	333983	ttl	11	71	n/a	n/a	n/a	n/a	n/a	n/a	n/a	n/a	n/a	n/a	n/a	n/a	n/a	n/a	n/a	n/a	n/a	n/a	n/a	n/a	n/a	1669.915507	n/a
1670.477384	1.547206	334095	scene_recognition	n/a	n/a	n/a	71.0	n/a	n/a	n/a	1669.9155074999999	n/a	1.5661022482672706	2	2	3	SB_2_frameB.png	2	2	1673.590692	1	105	n/a	n/a	intervals/recognition_table	104	1670.477384	1672.024590
1670.477384	0.000000	334095	ttl	1	71	n/a	n/a	n/a	n/a	n/a	n/a	n/a	n/a	n/a	n/a	n/a	n/a	n/a	n/a	n/a	n/a	n/a	n/a	n/a	n/a	n/a	1670.477384	n/a
1672.024590	0.000000	334405	ttl	2	71	n/a	n/a	n/a	n/a	n/a	n/a	n/a	n/a	n/a	n/a	n/a	n/a	n/a	n/a	n/a	n/a	n/a	n/a	n/a	n/a	n/a	1672.024590	n/a
1673.590692	0.000000	334718	ttl	4	71	n/a	n/a	n/a	n/a	n/a	n/a	n/a	n/a	n/a	n/a	n/a	n/a	n/a	n/a	n/a	n/a	n/a	n/a	n/a	n/a	n/a	1673.590692	n/a
1673.601645	0.000000	334720	ttl	11	71	n/a	n/a	n/a	n/a	n/a	n/a	n/a	n/a	n/a	n/a	n/a	n/a	n/a	n/a	n/a	n/a	n/a	n/a	n/a	n/a	n/a	1673.601645	n/a
1674.183577	1.527827	334837	scene_recognition	n/a	n/a	n/a	71.0	n/a	n/a	n/a	1673.6016455	n/a	1.760881556198001	2	1	3	NB_5_frameA_foil.png	1	7	1677.47228525	0	106	n/a	n/a	intervals/recognition_table	105	1674.183577	1675.711404
1674.183577	0.000000	334837	ttl	1	71	n/a	n/a	n/a	n/a	n/a	n/a	n/a	n/a	n/a	n/a	n/a	n/a	n/a	n/a	n/a	n/a	n/a	n/a	n/a	n/a	n/a	1674.183577	n/a
1675.711404	0.000000	335142	ttl	2	71	n/a	n/a	n/a	n/a	n/a	n/a	n/a	n/a	n/a	n/a	n/a	n/a	n/a	n/a	n/a	n/a	n/a	n/a	n/a	n/a	n/a	1675.711404	n/a
1677.472285	0.000000	335494	ttl	4	71	n/a	n/a	n/a	n/a	n/a	n/a	n/a	n/a	n/a	n/a	n/a	n/a	n/a	n/a	n/a	n/a	n/a	n/a	n/a	n/a	n/a	1677.472285	n/a
1677.489176	0.000000	335498	ttl	11	71	n/a	n/a	n/a	n/a	n/a	n/a	n/a	n/a	n/a	n/a	n/a	n/a	n/a	n/a	n/a	n/a	n/a	n/a	n/a	n/a	n/a	1677.489176	n/a
1678.071142	1.527189	335614	scene_recognition	n/a	n/a	n/a	71.0	n/a	n/a	n/a	1677.48917625	n/a	1.2258931653341278	1	1	3	NB_2_frameB_foil.png	2	2	1680.8242235	0	107	n/a	n/a	intervals/recognition_table	106	1678.071142	1679.598330
1678.071142	0.000000	335614	ttl	1	71	n/a	n/a	n/a	n/a	n/a	n/a	n/a	n/a	n/a	n/a	n/a	n/a	n/a	n/a	n/a	n/a	n/a	n/a	n/a	n/a	n/a	1678.071142	n/a
1679.598330	0.000000	335920	ttl	2	71	n/a	n/a	n/a	n/a	n/a	n/a	n/a	n/a	n/a	n/a	n/a	n/a	n/a	n/a	n/a	n/a	n/a	n/a	n/a	n/a	n/a	1679.598330	n/a
1680.824224	0.000000	336165	ttl	4	71	n/a	n/a	n/a	n/a	n/a	n/a	n/a	n/a	n/a	n/a	n/a	n/a	n/a	n/a	n/a	n/a	n/a	n/a	n/a	n/a	n/a	1680.824224	n/a
1680.832542	0.000000	336167	ttl	11	71	n/a	n/a	n/a	n/a	n/a	n/a	n/a	n/a	n/a	n/a	n/a	n/a	n/a	n/a	n/a	n/a	n/a	n/a	n/a	n/a	n/a	1680.832542	n/a
1681.394458	1.527105	336279	scene_recognition	n/a	n/a	n/a	71.0	n/a	n/a	n/a	1680.8325419999999	n/a	2.1274109742371365	2	3	3	HB_2_frameA.png	2	2	1685.0489745	1	108	n/a	n/a	intervals/recognition_table	107	1681.394458	1682.921563
1681.394458	0.000000	336279	ttl	1	71	n/a	n/a	n/a	n/a	n/a	n/a	n/a	n/a	n/a	n/a	n/a	n/a	n/a	n/a	n/a	n/a	n/a	n/a	n/a	n/a	n/a	1681.394458	n/a
1682.921563	0.000000	336584	ttl	2	71	n/a	n/a	n/a	n/a	n/a	n/a	n/a	n/a	n/a	n/a	n/a	n/a	n/a	n/a	n/a	n/a	n/a	n/a	n/a	n/a	n/a	1682.921563	n/a
1685.048974	0.000000	337010	ttl	4	71	n/a	n/a	n/a	n/a	n/a	n/a	n/a	n/a	n/a	n/a	n/a	n/a	n/a	n/a	n/a	n/a	n/a	n/a	n/a	n/a	n/a	1685.048974	n/a
1685.069628	0.000000	337014	ttl	11	71	n/a	n/a	n/a	n/a	n/a	n/a	n/a	n/a	n/a	n/a	n/a	n/a	n/a	n/a	n/a	n/a	n/a	n/a	n/a	n/a	n/a	1685.069628	n/a
1685.571372	1.547144	337114	scene_recognition	n/a	n/a	n/a	71.0	n/a	n/a	n/a	1685.069628	n/a	1.8675275997957215	2	3	3	HB_1_frameA_foil.png	1	7	1688.986044	0	109	n/a	n/a	intervals/recognition_table	108	1685.571372	1687.118516
1685.571372	0.000000	337114	ttl	1	71	n/a	n/a	n/a	n/a	n/a	n/a	n/a	n/a	n/a	n/a	n/a	n/a	n/a	n/a	n/a	n/a	n/a	n/a	n/a	n/a	n/a	1685.571372	n/a
1687.118516	0.000000	337424	ttl	2	71	n/a	n/a	n/a	n/a	n/a	n/a	n/a	n/a	n/a	n/a	n/a	n/a	n/a	n/a	n/a	n/a	n/a	n/a	n/a	n/a	n/a	1687.118516	n/a
1688.986044	0.000000	337797	ttl	4	71	n/a	n/a	n/a	n/a	n/a	n/a	n/a	n/a	n/a	n/a	n/a	n/a	n/a	n/a	n/a	n/a	n/a	n/a	n/a	n/a	n/a	1688.986044	n/a
1688.994388	0.000000	337799	ttl	11	71	n/a	n/a	n/a	n/a	n/a	n/a	n/a	n/a	n/a	n/a	n/a	n/a	n/a	n/a	n/a	n/a	n/a	n/a	n/a	n/a	n/a	1688.994388	n/a
1689.536352	1.547198	337907	scene_recognition	n/a	n/a	n/a	71.0	n/a	n/a	n/a	1688.99438825	n/a	1.900395259144716	2	3	3	HB_7_frameB_foil.png	1	7	1692.98394525	0	110	n/a	n/a	intervals/recognition_table	109	1689.536352	1691.083550
1689.536352	0.000000	337907	ttl	1	71	n/a	n/a	n/a	n/a	n/a	n/a	n/a	n/a	n/a	n/a	n/a	n/a	n/a	n/a	n/a	n/a	n/a	n/a	n/a	n/a	n/a	1689.536352	n/a
1691.083550	0.000000	338217	ttl	2	71	n/a	n/a	n/a	n/a	n/a	n/a	n/a	n/a	n/a	n/a	n/a	n/a	n/a	n/a	n/a	n/a	n/a	n/a	n/a	n/a	n/a	1691.083550	n/a
1692.983945	0.000000	338597	ttl	4	71	n/a	n/a	n/a	n/a	n/a	n/a	n/a	n/a	n/a	n/a	n/a	n/a	n/a	n/a	n/a	n/a	n/a	n/a	n/a	n/a	n/a	1692.983945	n/a
1692.996290	0.000000	338599	ttl	11	71	n/a	n/a	n/a	n/a	n/a	n/a	n/a	n/a	n/a	n/a	n/a	n/a	n/a	n/a	n/a	n/a	n/a	n/a	n/a	n/a	n/a	1692.996290	n/a
1693.598344	1.527758	338720	scene_recognition	n/a	n/a	n/a	71.0	n/a	n/a	n/a	1692.9962905	n/a	1.1291212760843337	2	2	3	SB_5_frameA_foil.png	1	7	1696.2552225	0	111	n/a	n/a	intervals/recognition_table	110	1693.598344	1695.126101
1693.598344	0.000000	338720	ttl	1	71	n/a	n/a	n/a	n/a	n/a	n/a	n/a	n/a	n/a	n/a	n/a	n/a	n/a	n/a	n/a	n/a	n/a	n/a	n/a	n/a	n/a	1693.598344	n/a
1695.126101	0.000000	339025	ttl	2	71	n/a	n/a	n/a	n/a	n/a	n/a	n/a	n/a	n/a	n/a	n/a	n/a	n/a	n/a	n/a	n/a	n/a	n/a	n/a	n/a	n/a	1695.126101	n/a
1696.255222	0.000000	339251	ttl	4	71	n/a	n/a	n/a	n/a	n/a	n/a	n/a	n/a	n/a	n/a	n/a	n/a	n/a	n/a	n/a	n/a	n/a	n/a	n/a	n/a	n/a	1696.255222	n/a
1696.271877	0.000000	339254	ttl	11	71	n/a	n/a	n/a	n/a	n/a	n/a	n/a	n/a	n/a	n/a	n/a	n/a	n/a	n/a	n/a	n/a	n/a	n/a	n/a	n/a	n/a	1696.271877	n/a
1696.793428	1.527320	339359	scene_recognition	n/a	n/a	n/a	71.0	n/a	n/a	n/a	1696.271877	n/a	1.525732743786648	2	2	3	SB_2_frameA.png	2	2	1699.8464815	1	112	n/a	n/a	intervals/recognition_table	111	1696.793428	1698.320749
1696.793428	0.000000	339359	ttl	1	71	n/a	n/a	n/a	n/a	n/a	n/a	n/a	n/a	n/a	n/a	n/a	n/a	n/a	n/a	n/a	n/a	n/a	n/a	n/a	n/a	n/a	1696.793428	n/a
1698.320749	0.000000	339664	ttl	2	71	n/a	n/a	n/a	n/a	n/a	n/a	n/a	n/a	n/a	n/a	n/a	n/a	n/a	n/a	n/a	n/a	n/a	n/a	n/a	n/a	n/a	1698.320749	n/a
1699.846481	0.000000	339969	ttl	4	71	n/a	n/a	n/a	n/a	n/a	n/a	n/a	n/a	n/a	n/a	n/a	n/a	n/a	n/a	n/a	n/a	n/a	n/a	n/a	n/a	n/a	1699.846481	n/a
1699.869449	0.000000	339974	ttl	11	71	n/a	n/a	n/a	n/a	n/a	n/a	n/a	n/a	n/a	n/a	n/a	n/a	n/a	n/a	n/a	n/a	n/a	n/a	n/a	n/a	n/a	1699.869449	n/a
1700.411298	1.547089	340082	scene_recognition	n/a	n/a	n/a	71.0	n/a	n/a	n/a	1699.86944875	n/a	1.8455280349589884	2	2	3	SB_9_frameA.png	2	2	1703.8039147499999	1	113	n/a	n/a	intervals/recognition_table	112	1700.411298	1701.958387
1700.411298	0.000000	340082	ttl	1	71	n/a	n/a	n/a	n/a	n/a	n/a	n/a	n/a	n/a	n/a	n/a	n/a	n/a	n/a	n/a	n/a	n/a	n/a	n/a	n/a	n/a	1700.411298	n/a
1701.958387	0.000000	340392	ttl	2	71	n/a	n/a	n/a	n/a	n/a	n/a	n/a	n/a	n/a	n/a	n/a	n/a	n/a	n/a	n/a	n/a	n/a	n/a	n/a	n/a	n/a	1701.958387	n/a
1703.803915	0.000000	340761	ttl	4	71	n/a	n/a	n/a	n/a	n/a	n/a	n/a	n/a	n/a	n/a	n/a	n/a	n/a	n/a	n/a	n/a	n/a	n/a	n/a	n/a	n/a	1703.803915	n/a
1703.812206	0.000000	340762	ttl	11	71	n/a	n/a	n/a	n/a	n/a	n/a	n/a	n/a	n/a	n/a	n/a	n/a	n/a	n/a	n/a	n/a	n/a	n/a	n/a	n/a	n/a	1703.812206	n/a
1704.394600	1.547912	340879	scene_recognition	n/a	n/a	n/a	71.0	n/a	n/a	n/a	1703.81220575	n/a	1.0665519261965528	2	2	3	SB_4_frameB_foil.png	1	7	1707.00906425	0	114	n/a	n/a	intervals/recognition_table	113	1704.394600	1705.942512
1704.394600	0.000000	340879	ttl	1	71	n/a	n/a	n/a	n/a	n/a	n/a	n/a	n/a	n/a	n/a	n/a	n/a	n/a	n/a	n/a	n/a	n/a	n/a	n/a	n/a	n/a	1704.394600	n/a
1705.942512	0.000000	341189	ttl	2	71	n/a	n/a	n/a	n/a	n/a	n/a	n/a	n/a	n/a	n/a	n/a	n/a	n/a	n/a	n/a	n/a	n/a	n/a	n/a	n/a	n/a	1705.942512	n/a
1707.009064	0.000000	341402	ttl	4	71	n/a	n/a	n/a	n/a	n/a	n/a	n/a	n/a	n/a	n/a	n/a	n/a	n/a	n/a	n/a	n/a	n/a	n/a	n/a	n/a	n/a	1707.009064	n/a
1707.028508	0.000000	341406	ttl	11	71	n/a	n/a	n/a	n/a	n/a	n/a	n/a	n/a	n/a	n/a	n/a	n/a	n/a	n/a	n/a	n/a	n/a	n/a	n/a	n/a	n/a	1707.028508	n/a
1707.530172	1.547281	341506	scene_recognition	n/a	n/a	n/a	71.0	n/a	n/a	n/a	1707.02850825	n/a	2.2442058983724564	1	3	3	HB_3_frameB_foil.png	2	2	1711.3216592499998	0	115	n/a	n/a	intervals/recognition_table	114	1707.530172	1709.077453
1707.530172	0.000000	341506	ttl	1	71	n/a	n/a	n/a	n/a	n/a	n/a	n/a	n/a	n/a	n/a	n/a	n/a	n/a	n/a	n/a	n/a	n/a	n/a	n/a	n/a	n/a	1707.530172	n/a
1709.077453	0.000000	341815	ttl	2	71	n/a	n/a	n/a	n/a	n/a	n/a	n/a	n/a	n/a	n/a	n/a	n/a	n/a	n/a	n/a	n/a	n/a	n/a	n/a	n/a	n/a	1709.077453	n/a
1711.321659	0.000000	342264	ttl	4	71	n/a	n/a	n/a	n/a	n/a	n/a	n/a	n/a	n/a	n/a	n/a	n/a	n/a	n/a	n/a	n/a	n/a	n/a	n/a	n/a	n/a	1711.321659	n/a
1711.329233	0.000000	342266	ttl	11	71	n/a	n/a	n/a	n/a	n/a	n/a	n/a	n/a	n/a	n/a	n/a	n/a	n/a	n/a	n/a	n/a	n/a	n/a	n/a	n/a	n/a	1711.329233	n/a
1711.851016	1.547174	342370	scene_recognition	n/a	n/a	n/a	71.0	n/a	n/a	n/a	1711.32923325	n/a	1.4985098303295672	2	2	3	SB_7_frameB_foil.png	1	7	1714.8967002499999	0	116	n/a	n/a	intervals/recognition_table	115	1711.851016	1713.398190
1711.851016	0.000000	342370	ttl	1	71	n/a	n/a	n/a	n/a	n/a	n/a	n/a	n/a	n/a	n/a	n/a	n/a	n/a	n/a	n/a	n/a	n/a	n/a	n/a	n/a	n/a	1711.851016	n/a
1713.398190	0.000000	342680	ttl	2	71	n/a	n/a	n/a	n/a	n/a	n/a	n/a	n/a	n/a	n/a	n/a	n/a	n/a	n/a	n/a	n/a	n/a	n/a	n/a	n/a	n/a	1713.398190	n/a
1714.896700	0.000000	342979	ttl	4	71	n/a	n/a	n/a	n/a	n/a	n/a	n/a	n/a	n/a	n/a	n/a	n/a	n/a	n/a	n/a	n/a	n/a	n/a	n/a	n/a	n/a	1714.896700	n/a
1714.915309	0.000000	342983	ttl	11	71	n/a	n/a	n/a	n/a	n/a	n/a	n/a	n/a	n/a	n/a	n/a	n/a	n/a	n/a	n/a	n/a	n/a	n/a	n/a	n/a	n/a	1714.915309	n/a
1715.437024	1.527374	343087	scene_recognition	n/a	n/a	n/a	71.0	n/a	n/a	n/a	1714.9153092499998	n/a	1.2872509377775714	1	2	3	SB_1_frameA.png	1	7	1718.2516489999998	1	117	n/a	n/a	intervals/recognition_table	116	1715.437024	1716.964398
1715.437024	0.000000	343087	ttl	1	71	n/a	n/a	n/a	n/a	n/a	n/a	n/a	n/a	n/a	n/a	n/a	n/a	n/a	n/a	n/a	n/a	n/a	n/a	n/a	n/a	n/a	1715.437024	n/a
1716.964398	0.000000	343393	ttl	2	71	n/a	n/a	n/a	n/a	n/a	n/a	n/a	n/a	n/a	n/a	n/a	n/a	n/a	n/a	n/a	n/a	n/a	n/a	n/a	n/a	n/a	1716.964398	n/a
1718.251649	0.000000	343650	ttl	4	71	n/a	n/a	n/a	n/a	n/a	n/a	n/a	n/a	n/a	n/a	n/a	n/a	n/a	n/a	n/a	n/a	n/a	n/a	n/a	n/a	n/a	1718.251649	n/a
1718.259577	0.000000	343652	ttl	11	71	n/a	n/a	n/a	n/a	n/a	n/a	n/a	n/a	n/a	n/a	n/a	n/a	n/a	n/a	n/a	n/a	n/a	n/a	n/a	n/a	n/a	1718.259577	n/a
1718.781274	1.527394	343756	scene_recognition	n/a	n/a	n/a	71.0	n/a	n/a	n/a	1718.25957675	n/a	2.107652409002185	1	3	3	HB_2_frameB.png	1	7	1722.4163207499998	1	118	n/a	n/a	intervals/recognition_table	117	1718.781274	1720.308668
1718.781274	0.000000	343756	ttl	1	71	n/a	n/a	n/a	n/a	n/a	n/a	n/a	n/a	n/a	n/a	n/a	n/a	n/a	n/a	n/a	n/a	n/a	n/a	n/a	n/a	n/a	1718.781274	n/a
1720.308668	0.000000	344062	ttl	2	71	n/a	n/a	n/a	n/a	n/a	n/a	n/a	n/a	n/a	n/a	n/a	n/a	n/a	n/a	n/a	n/a	n/a	n/a	n/a	n/a	n/a	1720.308668	n/a
1722.416321	0.000000	344483	ttl	4	71	n/a	n/a	n/a	n/a	n/a	n/a	n/a	n/a	n/a	n/a	n/a	n/a	n/a	n/a	n/a	n/a	n/a	n/a	n/a	n/a	n/a	1722.416321	n/a
1722.433192	0.000000	344487	ttl	11	71	n/a	n/a	n/a	n/a	n/a	n/a	n/a	n/a	n/a	n/a	n/a	n/a	n/a	n/a	n/a	n/a	n/a	n/a	n/a	n/a	n/a	1722.433192	n/a
1722.974993	1.527017	344595	scene_recognition	n/a	n/a	n/a	71.0	n/a	n/a	n/a	1722.4331925	n/a	1.550368093769066	2	1	3	NB_30_frameB_foil.png	1	7	1726.05237875	0	119	n/a	n/a	intervals/recognition_table	118	1722.974993	1724.502010
1722.974993	0.000000	344595	ttl	1	71	n/a	n/a	n/a	n/a	n/a	n/a	n/a	n/a	n/a	n/a	n/a	n/a	n/a	n/a	n/a	n/a	n/a	n/a	n/a	n/a	n/a	1722.974993	n/a
1724.502010	0.000000	344900	ttl	2	71	n/a	n/a	n/a	n/a	n/a	n/a	n/a	n/a	n/a	n/a	n/a	n/a	n/a	n/a	n/a	n/a	n/a	n/a	n/a	n/a	n/a	1724.502010	n/a
1726.052379	0.000000	345210	ttl	4	71	n/a	n/a	n/a	n/a	n/a	n/a	n/a	n/a	n/a	n/a	n/a	n/a	n/a	n/a	n/a	n/a	n/a	n/a	n/a	n/a	n/a	1726.052379	n/a
1726.074288	0.000000	345215	ttl	11	71	n/a	n/a	n/a	n/a	n/a	n/a	n/a	n/a	n/a	n/a	n/a	n/a	n/a	n/a	n/a	n/a	n/a	n/a	n/a	n/a	n/a	1726.074288	n/a
1726.636174	1.547165	345327	scene_recognition	n/a	n/a	n/a	71.0	n/a	n/a	n/a	1726.07428775	n/a	1.6707380244042724	2	2	3	SB_1_frameA_foil.png	1	7	1729.854077	0	120	n/a	n/a	intervals/recognition_table	119	1726.636174	1728.183339
1726.636174	0.000000	345327	ttl	1	71	n/a	n/a	n/a	n/a	n/a	n/a	n/a	n/a	n/a	n/a	n/a	n/a	n/a	n/a	n/a	n/a	n/a	n/a	n/a	n/a	n/a	1726.636174	n/a
1728.183339	0.000000	345637	ttl	2	71	n/a	n/a	n/a	n/a	n/a	n/a	n/a	n/a	n/a	n/a	n/a	n/a	n/a	n/a	n/a	n/a	n/a	n/a	n/a	n/a	n/a	1728.183339	n/a
1729.854077	0.000000	345971	ttl	4	71	n/a	n/a	n/a	n/a	n/a	n/a	n/a	n/a	n/a	n/a	n/a	n/a	n/a	n/a	n/a	n/a	n/a	n/a	n/a	n/a	n/a	1729.854077	n/a
1729.873182	0.000000	345975	ttl	11	71	n/a	n/a	n/a	n/a	n/a	n/a	n/a	n/a	n/a	n/a	n/a	n/a	n/a	n/a	n/a	n/a	n/a	n/a	n/a	n/a	n/a	1729.873182	n/a
1730.414935	1.547260	346083	scene_recognition	n/a	n/a	n/a	71.0	n/a	n/a	n/a	1729.8731819999998	n/a	1.938387744827196	1	3	3	HB_6_frameA_foil.png	2	2	1733.90058275	0	121	n/a	n/a	intervals/recognition_table	120	1730.414935	1731.962195
1730.414935	0.000000	346083	ttl	1	71	n/a	n/a	n/a	n/a	n/a	n/a	n/a	n/a	n/a	n/a	n/a	n/a	n/a	n/a	n/a	n/a	n/a	n/a	n/a	n/a	n/a	1730.414935	n/a
1731.962195	0.000000	346392	ttl	2	71	n/a	n/a	n/a	n/a	n/a	n/a	n/a	n/a	n/a	n/a	n/a	n/a	n/a	n/a	n/a	n/a	n/a	n/a	n/a	n/a	n/a	1731.962195	n/a
1733.900583	0.000000	346780	ttl	4	71	n/a	n/a	n/a	n/a	n/a	n/a	n/a	n/a	n/a	n/a	n/a	n/a	n/a	n/a	n/a	n/a	n/a	n/a	n/a	n/a	n/a	1733.900583	n/a
1733.924337	0.000000	346785	ttl	11	71	n/a	n/a	n/a	n/a	n/a	n/a	n/a	n/a	n/a	n/a	n/a	n/a	n/a	n/a	n/a	n/a	n/a	n/a	n/a	n/a	n/a	1733.924337	n/a
1734.466160	1.527167	346893	scene_recognition	n/a	n/a	n/a	71.0	n/a	n/a	n/a	1733.9243367499998	n/a	1.5475152474828064	2	2	3	SB_6_frameA_foil.png	1	7	1737.5408419999999	0	122	n/a	n/a	intervals/recognition_table	121	1734.466160	1735.993327
1734.466160	0.000000	346893	ttl	1	71	n/a	n/a	n/a	n/a	n/a	n/a	n/a	n/a	n/a	n/a	n/a	n/a	n/a	n/a	n/a	n/a	n/a	n/a	n/a	n/a	n/a	1734.466160	n/a
1735.993327	0.000000	347199	ttl	2	71	n/a	n/a	n/a	n/a	n/a	n/a	n/a	n/a	n/a	n/a	n/a	n/a	n/a	n/a	n/a	n/a	n/a	n/a	n/a	n/a	n/a	1735.993327	n/a
1737.540842	0.000000	347508	ttl	4	71	n/a	n/a	n/a	n/a	n/a	n/a	n/a	n/a	n/a	n/a	n/a	n/a	n/a	n/a	n/a	n/a	n/a	n/a	n/a	n/a	n/a	1737.540842	n/a
1737.562790	0.000000	347513	ttl	11	71	n/a	n/a	n/a	n/a	n/a	n/a	n/a	n/a	n/a	n/a	n/a	n/a	n/a	n/a	n/a	n/a	n/a	n/a	n/a	n/a	n/a	1737.562790	n/a
1738.084551	1.527657	347617	scene_recognition	n/a	n/a	n/a	71.0	n/a	n/a	n/a	1737.56279025	n/a	1.1841322067193687	2	2	3	SB_2_frameB_foil.png	1	7	1740.7963399999999	0	123	n/a	n/a	intervals/recognition_table	122	1738.084551	1739.612208
1738.084551	0.000000	347617	ttl	1	71	n/a	n/a	n/a	n/a	n/a	n/a	n/a	n/a	n/a	n/a	n/a	n/a	n/a	n/a	n/a	n/a	n/a	n/a	n/a	n/a	n/a	1738.084551	n/a
1739.612208	0.000000	347922	ttl	2	71	n/a	n/a	n/a	n/a	n/a	n/a	n/a	n/a	n/a	n/a	n/a	n/a	n/a	n/a	n/a	n/a	n/a	n/a	n/a	n/a	n/a	1739.612208	n/a
1740.796340	0.000000	348159	ttl	4	71	n/a	n/a	n/a	n/a	n/a	n/a	n/a	n/a	n/a	n/a	n/a	n/a	n/a	n/a	n/a	n/a	n/a	n/a	n/a	n/a	n/a	1740.796340	n/a
1740.820190	0.000000	348164	ttl	11	71	n/a	n/a	n/a	n/a	n/a	n/a	n/a	n/a	n/a	n/a	n/a	n/a	n/a	n/a	n/a	n/a	n/a	n/a	n/a	n/a	n/a	1740.820190	n/a
1741.361994	1.527763	348272	scene_recognition	n/a	n/a	n/a	71.0	n/a	n/a	n/a	1740.82019025	n/a	2.3019078015349805	1	3	3	HB_6_frameB.png	1	7	1745.1916649999998	1	124	n/a	n/a	intervals/recognition_table	123	1741.361994	1742.889757
1741.361994	0.000000	348272	ttl	1	71	n/a	n/a	n/a	n/a	n/a	n/a	n/a	n/a	n/a	n/a	n/a	n/a	n/a	n/a	n/a	n/a	n/a	n/a	n/a	n/a	n/a	1741.361994	n/a
1742.889757	0.000000	348578	ttl	2	71	n/a	n/a	n/a	n/a	n/a	n/a	n/a	n/a	n/a	n/a	n/a	n/a	n/a	n/a	n/a	n/a	n/a	n/a	n/a	n/a	n/a	1742.889757	n/a
1745.191665	0.000000	349038	ttl	4	71	n/a	n/a	n/a	n/a	n/a	n/a	n/a	n/a	n/a	n/a	n/a	n/a	n/a	n/a	n/a	n/a	n/a	n/a	n/a	n/a	n/a	1745.191665	n/a
1745.198808	0.000000	349040	ttl	11	71	n/a	n/a	n/a	n/a	n/a	n/a	n/a	n/a	n/a	n/a	n/a	n/a	n/a	n/a	n/a	n/a	n/a	n/a	n/a	n/a	n/a	1745.198808	n/a
1745.720675	1.527660	349144	scene_recognition	n/a	n/a	n/a	71.0	n/a	n/a	n/a	1745.19880825	n/a	1.6182457983959466	1	2	3	SB_9_frameA_foil.png	2	2	1748.86658075	0	125	n/a	n/a	intervals/recognition_table	124	1745.720675	1747.248335
1745.720675	0.000000	349144	ttl	1	71	n/a	n/a	n/a	n/a	n/a	n/a	n/a	n/a	n/a	n/a	n/a	n/a	n/a	n/a	n/a	n/a	n/a	n/a	n/a	n/a	n/a	1745.720675	n/a
1747.248335	0.000000	349450	ttl	2	71	n/a	n/a	n/a	n/a	n/a	n/a	n/a	n/a	n/a	n/a	n/a	n/a	n/a	n/a	n/a	n/a	n/a	n/a	n/a	n/a	n/a	1747.248335	n/a
1748.866581	0.000000	349773	ttl	4	71	n/a	n/a	n/a	n/a	n/a	n/a	n/a	n/a	n/a	n/a	n/a	n/a	n/a	n/a	n/a	n/a	n/a	n/a	n/a	n/a	n/a	1748.866581	n/a
1748.887012	0.000000	349777	ttl	11	71	n/a	n/a	n/a	n/a	n/a	n/a	n/a	n/a	n/a	n/a	n/a	n/a	n/a	n/a	n/a	n/a	n/a	n/a	n/a	n/a	n/a	1748.887012	n/a
1749.469129	1.547781	349894	scene_recognition	n/a	n/a	n/a	71.0	n/a	n/a	n/a	1748.88701225	n/a	1.8597140042111278	1	3	3	HB_3_frameB.png	1	7	1752.87662325	1	126	n/a	n/a	intervals/recognition_table	125	1749.469129	1751.016909
1749.469129	0.000000	349894	ttl	1	71	n/a	n/a	n/a	n/a	n/a	n/a	n/a	n/a	n/a	n/a	n/a	n/a	n/a	n/a	n/a	n/a	n/a	n/a	n/a	n/a	n/a	1749.469129	n/a
1751.016909	0.000000	350203	ttl	2	71	n/a	n/a	n/a	n/a	n/a	n/a	n/a	n/a	n/a	n/a	n/a	n/a	n/a	n/a	n/a	n/a	n/a	n/a	n/a	n/a	n/a	1751.016909	n/a
1752.876623	0.000000	350575	ttl	4	71	n/a	n/a	n/a	n/a	n/a	n/a	n/a	n/a	n/a	n/a	n/a	n/a	n/a	n/a	n/a	n/a	n/a	n/a	n/a	n/a	n/a	1752.876623	n/a
1752.882247	0.000000	350576	ttl	11	71	n/a	n/a	n/a	n/a	n/a	n/a	n/a	n/a	n/a	n/a	n/a	n/a	n/a	n/a	n/a	n/a	n/a	n/a	n/a	n/a	n/a	1752.882247	n/a
1753.424080	1.527672	350685	scene_recognition	n/a	n/a	n/a	71.0	n/a	n/a	n/a	1752.8822472499999	n/a	1.2085110103944317	2	3	3	HB_1_frameB_foil.png	1	7	1756.1602632499998	0	127	n/a	n/a	intervals/recognition_table	126	1753.424080	1754.951752
1753.424080	0.000000	350685	ttl	1	71	n/a	n/a	n/a	n/a	n/a	n/a	n/a	n/a	n/a	n/a	n/a	n/a	n/a	n/a	n/a	n/a	n/a	n/a	n/a	n/a	n/a	1753.424080	n/a
1754.951752	0.000000	350990	ttl	2	71	n/a	n/a	n/a	n/a	n/a	n/a	n/a	n/a	n/a	n/a	n/a	n/a	n/a	n/a	n/a	n/a	n/a	n/a	n/a	n/a	n/a	1754.951752	n/a
1756.160263	0.000000	351232	ttl	4	71	n/a	n/a	n/a	n/a	n/a	n/a	n/a	n/a	n/a	n/a	n/a	n/a	n/a	n/a	n/a	n/a	n/a	n/a	n/a	n/a	n/a	1756.160263	n/a
1756.171992	0.000000	351234	ttl	11	71	n/a	n/a	n/a	n/a	n/a	n/a	n/a	n/a	n/a	n/a	n/a	n/a	n/a	n/a	n/a	n/a	n/a	n/a	n/a	n/a	n/a	1756.171992	n/a
1756.673752	1.527847	351335	scene_recognition	n/a	n/a	n/a	71.0	n/a	n/a	n/a	1756.17199175	n/a	1.6631480293581262	2	2	3	SB_1_frameB_foil.png	1	7	1759.8647469999999	0	128	n/a	n/a	intervals/recognition_table	127	1756.673752	1758.201599
1756.673752	0.000000	351335	ttl	1	71	n/a	n/a	n/a	n/a	n/a	n/a	n/a	n/a	n/a	n/a	n/a	n/a	n/a	n/a	n/a	n/a	n/a	n/a	n/a	n/a	n/a	1756.673752	n/a
1758.201599	0.000000	351640	ttl	2	71	n/a	n/a	n/a	n/a	n/a	n/a	n/a	n/a	n/a	n/a	n/a	n/a	n/a	n/a	n/a	n/a	n/a	n/a	n/a	n/a	n/a	1758.201599	n/a
1759.864747	0.000000	351973	ttl	4	71	n/a	n/a	n/a	n/a	n/a	n/a	n/a	n/a	n/a	n/a	n/a	n/a	n/a	n/a	n/a	n/a	n/a	n/a	n/a	n/a	n/a	1759.864747	n/a
1759.877049	0.000000	351975	ttl	11	71	n/a	n/a	n/a	n/a	n/a	n/a	n/a	n/a	n/a	n/a	n/a	n/a	n/a	n/a	n/a	n/a	n/a	n/a	n/a	n/a	n/a	1759.877049	n/a
1760.459033	1.548278	352092	scene_recognition	n/a	n/a	n/a	71.0	n/a	n/a	n/a	1759.8770487499999	n/a	1.783965166308917	2	3	3	HB_3_frameB_foil.png	1	7	1763.79127625	0	129	n/a	n/a	intervals/recognition_table	128	1760.459033	1762.007311
1760.459033	0.000000	352092	ttl	1	71	n/a	n/a	n/a	n/a	n/a	n/a	n/a	n/a	n/a	n/a	n/a	n/a	n/a	n/a	n/a	n/a	n/a	n/a	n/a	n/a	n/a	1760.459033	n/a
1762.007311	0.000000	352401	ttl	2	71	n/a	n/a	n/a	n/a	n/a	n/a	n/a	n/a	n/a	n/a	n/a	n/a	n/a	n/a	n/a	n/a	n/a	n/a	n/a	n/a	n/a	1762.007311	n/a
1763.791276	0.000000	352758	ttl	4	71	n/a	n/a	n/a	n/a	n/a	n/a	n/a	n/a	n/a	n/a	n/a	n/a	n/a	n/a	n/a	n/a	n/a	n/a	n/a	n/a	n/a	1763.791276	n/a
1763.808907	0.000000	352762	ttl	11	71	n/a	n/a	n/a	n/a	n/a	n/a	n/a	n/a	n/a	n/a	n/a	n/a	n/a	n/a	n/a	n/a	n/a	n/a	n/a	n/a	n/a	1763.808907	n/a
1764.390828	1.527650	352878	scene_recognition	n/a	n/a	n/a	71.0	n/a	n/a	n/a	1763.80890675	n/a	2.728922837646678	2	3	3	HB_3_frameA.png	2	2	1768.647401	1	130	n/a	n/a	intervals/recognition_table	129	1764.390828	1765.918478
1764.390828	0.000000	352878	ttl	1	71	n/a	n/a	n/a	n/a	n/a	n/a	n/a	n/a	n/a	n/a	n/a	n/a	n/a	n/a	n/a	n/a	n/a	n/a	n/a	n/a	n/a	1764.390828	n/a
1765.918478	0.000000	353184	ttl	2	71	n/a	n/a	n/a	n/a	n/a	n/a	n/a	n/a	n/a	n/a	n/a	n/a	n/a	n/a	n/a	n/a	n/a	n/a	n/a	n/a	n/a	1765.918478	n/a
1768.647401	0.000000	353729	ttl	4	71	n/a	n/a	n/a	n/a	n/a	n/a	n/a	n/a	n/a	n/a	n/a	n/a	n/a	n/a	n/a	n/a	n/a	n/a	n/a	n/a	n/a	1768.647401	n/a
1768.670264	0.000000	353734	ttl	11	71	n/a	n/a	n/a	n/a	n/a	n/a	n/a	n/a	n/a	n/a	n/a	n/a	n/a	n/a	n/a	n/a	n/a	n/a	n/a	n/a	n/a	1768.670264	n/a
1769.252235	1.527789	353850	scene_recognition	n/a	n/a	n/a	71.0	n/a	n/a	n/a	1768.67026425	n/a	1.2451332177734002	2	2	3	SB_2_frameB_foil.png	1	7	1772.0251575	0	131	n/a	n/a	intervals/recognition_table	130	1769.252235	1770.780024
1769.252235	0.000000	353850	ttl	1	71	n/a	n/a	n/a	n/a	n/a	n/a	n/a	n/a	n/a	n/a	n/a	n/a	n/a	n/a	n/a	n/a	n/a	n/a	n/a	n/a	n/a	1769.252235	n/a
1770.780024	0.000000	354156	ttl	2	71	n/a	n/a	n/a	n/a	n/a	n/a	n/a	n/a	n/a	n/a	n/a	n/a	n/a	n/a	n/a	n/a	n/a	n/a	n/a	n/a	n/a	1770.780024	n/a
1772.025157	0.000000	354405	ttl	4	71	n/a	n/a	n/a	n/a	n/a	n/a	n/a	n/a	n/a	n/a	n/a	n/a	n/a	n/a	n/a	n/a	n/a	n/a	n/a	n/a	n/a	1772.025157	n/a
1772.040358	0.000000	354408	ttl	11	71	n/a	n/a	n/a	n/a	n/a	n/a	n/a	n/a	n/a	n/a	n/a	n/a	n/a	n/a	n/a	n/a	n/a	n/a	n/a	n/a	n/a	1772.040358	n/a
1772.602254	1.527609	354520	scene_recognition	n/a	n/a	n/a	71.0	n/a	n/a	n/a	1772.0403585	n/a	1.4732118028914556	2	1	3	NB_17_frameB.png	2	2	1775.6030752499998	1	132	n/a	n/a	intervals/recognition_table	131	1772.602254	1774.129863
1772.602254	0.000000	354520	ttl	1	71	n/a	n/a	n/a	n/a	n/a	n/a	n/a	n/a	n/a	n/a	n/a	n/a	n/a	n/a	n/a	n/a	n/a	n/a	n/a	n/a	n/a	1772.602254	n/a
1774.129863	0.000000	354826	ttl	2	71	n/a	n/a	n/a	n/a	n/a	n/a	n/a	n/a	n/a	n/a	n/a	n/a	n/a	n/a	n/a	n/a	n/a	n/a	n/a	n/a	n/a	1774.129863	n/a
1775.603075	0.000000	355121	ttl	4	71	n/a	n/a	n/a	n/a	n/a	n/a	n/a	n/a	n/a	n/a	n/a	n/a	n/a	n/a	n/a	n/a	n/a	n/a	n/a	n/a	n/a	1775.603075	n/a
1775.614590	0.000000	355123	ttl	11	71	n/a	n/a	n/a	n/a	n/a	n/a	n/a	n/a	n/a	n/a	n/a	n/a	n/a	n/a	n/a	n/a	n/a	n/a	n/a	n/a	n/a	1775.614590	n/a
1776.156441	1.547780	355231	scene_recognition	n/a	n/a	n/a	71.0	n/a	n/a	n/a	1775.6145904999998	n/a	1.7495760809397325	2	1	3	NB_2_frameA.png	2	2	1779.4537965	1	133	n/a	n/a	intervals/recognition_table	132	1776.156441	1777.704221
1776.156441	0.000000	355231	ttl	1	71	n/a	n/a	n/a	n/a	n/a	n/a	n/a	n/a	n/a	n/a	n/a	n/a	n/a	n/a	n/a	n/a	n/a	n/a	n/a	n/a	n/a	1776.156441	n/a
1777.704221	0.000000	355541	ttl	2	71	n/a	n/a	n/a	n/a	n/a	n/a	n/a	n/a	n/a	n/a	n/a	n/a	n/a	n/a	n/a	n/a	n/a	n/a	n/a	n/a	n/a	1777.704221	n/a
1779.453796	0.000000	355891	ttl	4	71	n/a	n/a	n/a	n/a	n/a	n/a	n/a	n/a	n/a	n/a	n/a	n/a	n/a	n/a	n/a	n/a	n/a	n/a	n/a	n/a	n/a	1779.453796	n/a
1779.467995	0.000000	355894	ttl	11	71	n/a	n/a	n/a	n/a	n/a	n/a	n/a	n/a	n/a	n/a	n/a	n/a	n/a	n/a	n/a	n/a	n/a	n/a	n/a	n/a	n/a	1779.467995	n/a
1780.049970	1.547424	356010	scene_recognition	n/a	n/a	n/a	71.0	n/a	n/a	n/a	1779.46799475	n/a	1.9151495926780626	1	1	3	NB_11_frameB.png	1	7	1783.51254425	1	134	n/a	n/a	intervals/recognition_table	133	1780.049970	1781.597394
1780.049970	0.000000	356010	ttl	1	71	n/a	n/a	n/a	n/a	n/a	n/a	n/a	n/a	n/a	n/a	n/a	n/a	n/a	n/a	n/a	n/a	n/a	n/a	n/a	n/a	n/a	1780.049970	n/a
1781.597394	0.000000	356319	ttl	2	71	n/a	n/a	n/a	n/a	n/a	n/a	n/a	n/a	n/a	n/a	n/a	n/a	n/a	n/a	n/a	n/a	n/a	n/a	n/a	n/a	n/a	1781.597394	n/a
1783.512544	0.000000	356703	ttl	4	71	n/a	n/a	n/a	n/a	n/a	n/a	n/a	n/a	n/a	n/a	n/a	n/a	n/a	n/a	n/a	n/a	n/a	n/a	n/a	n/a	n/a	1783.512544	n/a
1783.526766	0.000000	356705	ttl	11	71	n/a	n/a	n/a	n/a	n/a	n/a	n/a	n/a	n/a	n/a	n/a	n/a	n/a	n/a	n/a	n/a	n/a	n/a	n/a	n/a	n/a	1783.526766	n/a
1784.048514	1.527844	356810	scene_recognition	n/a	n/a	n/a	71.0	n/a	n/a	n/a	1783.5267665	n/a	1.466789318365045	1	1	3	NB_7_frameA_foil.png	2	2	1787.04314675	0	135	n/a	n/a	intervals/recognition_table	134	1784.048514	1785.576357
1784.048514	0.000000	356810	ttl	1	71	n/a	n/a	n/a	n/a	n/a	n/a	n/a	n/a	n/a	n/a	n/a	n/a	n/a	n/a	n/a	n/a	n/a	n/a	n/a	n/a	n/a	1784.048514	n/a
1785.576357	0.000000	357115	ttl	2	71	n/a	n/a	n/a	n/a	n/a	n/a	n/a	n/a	n/a	n/a	n/a	n/a	n/a	n/a	n/a	n/a	n/a	n/a	n/a	n/a	n/a	1785.576357	n/a
1787.043147	0.000000	357409	ttl	4	71	n/a	n/a	n/a	n/a	n/a	n/a	n/a	n/a	n/a	n/a	n/a	n/a	n/a	n/a	n/a	n/a	n/a	n/a	n/a	n/a	n/a	1787.043147	n/a
1787.051463	0.000000	357410	ttl	11	71	n/a	n/a	n/a	n/a	n/a	n/a	n/a	n/a	n/a	n/a	n/a	n/a	n/a	n/a	n/a	n/a	n/a	n/a	n/a	n/a	n/a	1787.051463	n/a
1787.613469	1.527321	357523	scene_recognition	n/a	n/a	n/a	71.0	n/a	n/a	n/a	1787.0514635	n/a	1.8966245575575158	1	1	3	NB_4_frameB_foil.png	2	2	1791.03741425	0	136	n/a	n/a	intervals/recognition_table	135	1787.613469	1789.140789
1787.613469	0.000000	357523	ttl	1	71	n/a	n/a	n/a	n/a	n/a	n/a	n/a	n/a	n/a	n/a	n/a	n/a	n/a	n/a	n/a	n/a	n/a	n/a	n/a	n/a	n/a	1787.613469	n/a
1789.140789	0.000000	357828	ttl	2	71	n/a	n/a	n/a	n/a	n/a	n/a	n/a	n/a	n/a	n/a	n/a	n/a	n/a	n/a	n/a	n/a	n/a	n/a	n/a	n/a	n/a	1789.140789	n/a
1791.037414	0.000000	358207	ttl	4	71	n/a	n/a	n/a	n/a	n/a	n/a	n/a	n/a	n/a	n/a	n/a	n/a	n/a	n/a	n/a	n/a	n/a	n/a	n/a	n/a	n/a	1791.037414	n/a
1791.058161	0.000000	358212	ttl	11	71	n/a	n/a	n/a	n/a	n/a	n/a	n/a	n/a	n/a	n/a	n/a	n/a	n/a	n/a	n/a	n/a	n/a	n/a	n/a	n/a	n/a	1791.058161	n/a
1791.640277	1.527108	358328	scene_recognition	n/a	n/a	n/a	71.0	n/a	n/a	n/a	1791.05816125	n/a	1.1480247476138175	2	1	3	NB_26_frameB_foil.png	1	7	1794.31540925	0	137	n/a	n/a	intervals/recognition_table	136	1791.640277	1793.167385
1791.640277	0.000000	358328	ttl	1	71	n/a	n/a	n/a	n/a	n/a	n/a	n/a	n/a	n/a	n/a	n/a	n/a	n/a	n/a	n/a	n/a	n/a	n/a	n/a	n/a	n/a	1791.640277	n/a
1793.167385	0.000000	358633	ttl	2	71	n/a	n/a	n/a	n/a	n/a	n/a	n/a	n/a	n/a	n/a	n/a	n/a	n/a	n/a	n/a	n/a	n/a	n/a	n/a	n/a	n/a	1793.167385	n/a
1794.315409	0.000000	358863	ttl	4	71	n/a	n/a	n/a	n/a	n/a	n/a	n/a	n/a	n/a	n/a	n/a	n/a	n/a	n/a	n/a	n/a	n/a	n/a	n/a	n/a	n/a	1794.315409	n/a
1794.321358	0.000000	358864	ttl	11	71	n/a	n/a	n/a	n/a	n/a	n/a	n/a	n/a	n/a	n/a	n/a	n/a	n/a	n/a	n/a	n/a	n/a	n/a	n/a	n/a	n/a	1794.321358	n/a
1794.883253	1.527126	358977	scene_recognition	n/a	n/a	n/a	71.0	n/a	n/a	n/a	1794.3213577499998	n/a	1.1707167127169669	1	1	3	NB_6_frameB_foil.png	2	2	1797.5810952499999	0	138	n/a	n/a	intervals/recognition_table	137	1794.883253	1796.410378
1794.883253	0.000000	358977	ttl	1	71	n/a	n/a	n/a	n/a	n/a	n/a	n/a	n/a	n/a	n/a	n/a	n/a	n/a	n/a	n/a	n/a	n/a	n/a	n/a	n/a	n/a	1794.883253	n/a
1796.410378	0.000000	359282	ttl	2	71	n/a	n/a	n/a	n/a	n/a	n/a	n/a	n/a	n/a	n/a	n/a	n/a	n/a	n/a	n/a	n/a	n/a	n/a	n/a	n/a	n/a	1796.410378	n/a
1797.581095	0.000000	359516	ttl	4	71	n/a	n/a	n/a	n/a	n/a	n/a	n/a	n/a	n/a	n/a	n/a	n/a	n/a	n/a	n/a	n/a	n/a	n/a	n/a	n/a	n/a	1797.581095	n/a
1797.605004	0.000000	359521	ttl	11	71	n/a	n/a	n/a	n/a	n/a	n/a	n/a	n/a	n/a	n/a	n/a	n/a	n/a	n/a	n/a	n/a	n/a	n/a	n/a	n/a	n/a	1797.605004	n/a
1798.207188	1.527250	359641	scene_recognition	n/a	n/a	n/a	71.0	n/a	n/a	n/a	1797.6050042499999	n/a	1.7123697119532153	1	1	3	NB_18_frameA.png	1	7	1801.4468077499998	1	139	n/a	n/a	intervals/recognition_table	138	1798.207188	1799.734438
1798.207188	0.000000	359641	ttl	1	71	n/a	n/a	n/a	n/a	n/a	n/a	n/a	n/a	n/a	n/a	n/a	n/a	n/a	n/a	n/a	n/a	n/a	n/a	n/a	n/a	n/a	1798.207188	n/a
1799.734438	0.000000	359947	ttl	2	71	n/a	n/a	n/a	n/a	n/a	n/a	n/a	n/a	n/a	n/a	n/a	n/a	n/a	n/a	n/a	n/a	n/a	n/a	n/a	n/a	n/a	1799.734438	n/a
1801.446808	0.000000	360289	ttl	4	71	n/a	n/a	n/a	n/a	n/a	n/a	n/a	n/a	n/a	n/a	n/a	n/a	n/a	n/a	n/a	n/a	n/a	n/a	n/a	n/a	n/a	1801.446808	n/a
1801.453608	0.000000	360291	ttl	11	71	n/a	n/a	n/a	n/a	n/a	n/a	n/a	n/a	n/a	n/a	n/a	n/a	n/a	n/a	n/a	n/a	n/a	n/a	n/a	n/a	n/a	1801.453608	n/a
1801.975440	1.527155	360395	scene_recognition	n/a	n/a	n/a	71.0	n/a	n/a	n/a	1801.45360825	n/a	1.6836601475952193	2	1	3	NB_1_frameA_foil.png	1	7	1805.1862555	0	140	n/a	n/a	intervals/recognition_table	139	1801.975440	1803.502595
1801.975440	0.000000	360395	ttl	1	71	n/a	n/a	n/a	n/a	n/a	n/a	n/a	n/a	n/a	n/a	n/a	n/a	n/a	n/a	n/a	n/a	n/a	n/a	n/a	n/a	n/a	1801.975440	n/a
1803.502595	0.000000	360701	ttl	2	71	n/a	n/a	n/a	n/a	n/a	n/a	n/a	n/a	n/a	n/a	n/a	n/a	n/a	n/a	n/a	n/a	n/a	n/a	n/a	n/a	n/a	1803.502595	n/a
1805.186256	0.000000	361037	ttl	4	71	n/a	n/a	n/a	n/a	n/a	n/a	n/a	n/a	n/a	n/a	n/a	n/a	n/a	n/a	n/a	n/a	n/a	n/a	n/a	n/a	n/a	1805.186256	n/a
1805.205575	0.000000	361041	ttl	11	71	n/a	n/a	n/a	n/a	n/a	n/a	n/a	n/a	n/a	n/a	n/a	n/a	n/a	n/a	n/a	n/a	n/a	n/a	n/a	n/a	n/a	1805.205575	n/a
1805.747261	1.527427	361149	scene_recognition	n/a	n/a	n/a	71.0	n/a	n/a	n/a	1805.2055752499998	n/a	1.5772169658448547	2	1	3	NB_28_frameB_foil.png	1	7	1808.8519055	0	141	n/a	n/a	intervals/recognition_table	140	1805.747261	1807.274688
1805.747261	0.000000	361149	ttl	1	71	n/a	n/a	n/a	n/a	n/a	n/a	n/a	n/a	n/a	n/a	n/a	n/a	n/a	n/a	n/a	n/a	n/a	n/a	n/a	n/a	n/a	1805.747261	n/a
1807.274688	0.000000	361455	ttl	2	71	n/a	n/a	n/a	n/a	n/a	n/a	n/a	n/a	n/a	n/a	n/a	n/a	n/a	n/a	n/a	n/a	n/a	n/a	n/a	n/a	n/a	1807.274688	n/a
1808.851905	0.000000	361770	ttl	4	71	n/a	n/a	n/a	n/a	n/a	n/a	n/a	n/a	n/a	n/a	n/a	n/a	n/a	n/a	n/a	n/a	n/a	n/a	n/a	n/a	n/a	1808.851905	n/a
1808.876182	0.000000	361775	ttl	11	71	n/a	n/a	n/a	n/a	n/a	n/a	n/a	n/a	n/a	n/a	n/a	n/a	n/a	n/a	n/a	n/a	n/a	n/a	n/a	n/a	n/a	1808.876182	n/a
1809.438211	1.527210	361888	scene_recognition	n/a	n/a	n/a	71.0	n/a	n/a	n/a	1808.8761815	n/a	1.0899970246246085	2	1	3	NB_14_frameB_foil.png	1	7	1812.055418	0	142	n/a	n/a	intervals/recognition_table	141	1809.438211	1810.965421
1809.438211	0.000000	361888	ttl	1	71	n/a	n/a	n/a	n/a	n/a	n/a	n/a	n/a	n/a	n/a	n/a	n/a	n/a	n/a	n/a	n/a	n/a	n/a	n/a	n/a	n/a	1809.438211	n/a
1810.965421	0.000000	362193	ttl	2	71	n/a	n/a	n/a	n/a	n/a	n/a	n/a	n/a	n/a	n/a	n/a	n/a	n/a	n/a	n/a	n/a	n/a	n/a	n/a	n/a	n/a	1810.965421	n/a
1812.055418	0.000000	362411	ttl	4	71	n/a	n/a	n/a	n/a	n/a	n/a	n/a	n/a	n/a	n/a	n/a	n/a	n/a	n/a	n/a	n/a	n/a	n/a	n/a	n/a	n/a	1812.055418	n/a
1812.073430	0.000000	362415	ttl	11	71	n/a	n/a	n/a	n/a	n/a	n/a	n/a	n/a	n/a	n/a	n/a	n/a	n/a	n/a	n/a	n/a	n/a	n/a	n/a	n/a	n/a	1812.073430	n/a
1812.655379	1.547170	362531	scene_recognition	n/a	n/a	n/a	71.0	n/a	n/a	n/a	1812.0734304999999	n/a	1.331882816273719	1	2	3	SB_3_frameB_foil.png	2	2	1815.5344315	0	143	n/a	n/a	intervals/recognition_table	142	1812.655379	1814.202549
1812.655379	0.000000	362531	ttl	1	71	n/a	n/a	n/a	n/a	n/a	n/a	n/a	n/a	n/a	n/a	n/a	n/a	n/a	n/a	n/a	n/a	n/a	n/a	n/a	n/a	n/a	1812.655379	n/a
1814.202549	0.000000	362841	ttl	2	71	n/a	n/a	n/a	n/a	n/a	n/a	n/a	n/a	n/a	n/a	n/a	n/a	n/a	n/a	n/a	n/a	n/a	n/a	n/a	n/a	n/a	1814.202549	n/a
1815.534431	0.000000	363107	ttl	4	71	n/a	n/a	n/a	n/a	n/a	n/a	n/a	n/a	n/a	n/a	n/a	n/a	n/a	n/a	n/a	n/a	n/a	n/a	n/a	n/a	n/a	1815.534431	n/a
1815.558791	0.000000	363112	ttl	11	71	n/a	n/a	n/a	n/a	n/a	n/a	n/a	n/a	n/a	n/a	n/a	n/a	n/a	n/a	n/a	n/a	n/a	n/a	n/a	n/a	n/a	1815.558791	n/a
1816.080555	1.527149	363216	scene_recognition	n/a	n/a	n/a	71.0	n/a	n/a	n/a	1815.558791	n/a	1.7178039542632177	2	3	3	HB_1_frameA.png	2	2	1819.325508	1	144	n/a	n/a	intervals/recognition_table	143	1816.080555	1817.607704
1816.080555	0.000000	363216	ttl	1	71	n/a	n/a	n/a	n/a	n/a	n/a	n/a	n/a	n/a	n/a	n/a	n/a	n/a	n/a	n/a	n/a	n/a	n/a	n/a	n/a	n/a	1816.080555	n/a
1817.607704	0.000000	363522	ttl	2	71	n/a	n/a	n/a	n/a	n/a	n/a	n/a	n/a	n/a	n/a	n/a	n/a	n/a	n/a	n/a	n/a	n/a	n/a	n/a	n/a	n/a	1817.607704	n/a
1819.325508	0.000000	363865	ttl	4	71	n/a	n/a	n/a	n/a	n/a	n/a	n/a	n/a	n/a	n/a	n/a	n/a	n/a	n/a	n/a	n/a	n/a	n/a	n/a	n/a	n/a	1819.325508	n/a
1819.330481	0.000000	363866	ttl	11	71	n/a	n/a	n/a	n/a	n/a	n/a	n/a	n/a	n/a	n/a	n/a	n/a	n/a	n/a	n/a	n/a	n/a	n/a	n/a	n/a	n/a	1819.330481	n/a
1819.872518	1.527812	363975	scene_recognition	n/a	n/a	n/a	71.0	n/a	n/a	n/a	1819.3304807499999	n/a	1.2625841895351186	1	3	3	HB_2_frameA.png	1	7	1822.6629142499999	1	145	n/a	n/a	intervals/recognition_table	144	1819.872518	1821.400330
1819.872518	0.000000	363975	ttl	1	71	n/a	n/a	n/a	n/a	n/a	n/a	n/a	n/a	n/a	n/a	n/a	n/a	n/a	n/a	n/a	n/a	n/a	n/a	n/a	n/a	n/a	1819.872518	n/a
1821.400330	0.000000	364280	ttl	2	71	n/a	n/a	n/a	n/a	n/a	n/a	n/a	n/a	n/a	n/a	n/a	n/a	n/a	n/a	n/a	n/a	n/a	n/a	n/a	n/a	n/a	1821.400330	n/a
1822.662914	0.000000	364533	ttl	4	71	n/a	n/a	n/a	n/a	n/a	n/a	n/a	n/a	n/a	n/a	n/a	n/a	n/a	n/a	n/a	n/a	n/a	n/a	n/a	n/a	n/a	1822.662914	n/a
1822.686137	0.000000	364537	ttl	11	71	n/a	n/a	n/a	n/a	n/a	n/a	n/a	n/a	n/a	n/a	n/a	n/a	n/a	n/a	n/a	n/a	n/a	n/a	n/a	n/a	n/a	1822.686137	n/a
1823.248443	1.546764	364650	scene_recognition	n/a	n/a	n/a	71.0	n/a	n/a	n/a	1822.6861374999999	n/a	1.9206747645512223	1	3	3	HB_5_frameA.png	1	7	1826.7158809999999	1	146	n/a	n/a	intervals/recognition_table	145	1823.248443	1824.795206
1823.248443	0.000000	364650	ttl	1	71	n/a	n/a	n/a	n/a	n/a	n/a	n/a	n/a	n/a	n/a	n/a	n/a	n/a	n/a	n/a	n/a	n/a	n/a	n/a	n/a	n/a	1823.248443	n/a
1824.795206	0.000000	364959	ttl	2	71	n/a	n/a	n/a	n/a	n/a	n/a	n/a	n/a	n/a	n/a	n/a	n/a	n/a	n/a	n/a	n/a	n/a	n/a	n/a	n/a	n/a	1824.795206	n/a
1826.715881	0.000000	365343	ttl	4	71	n/a	n/a	n/a	n/a	n/a	n/a	n/a	n/a	n/a	n/a	n/a	n/a	n/a	n/a	n/a	n/a	n/a	n/a	n/a	n/a	n/a	1826.715881	n/a
1826.722844	0.000000	365345	ttl	11	71	n/a	n/a	n/a	n/a	n/a	n/a	n/a	n/a	n/a	n/a	n/a	n/a	n/a	n/a	n/a	n/a	n/a	n/a	n/a	n/a	n/a	1826.722844	n/a
1827.304571	1.527389	365461	scene_recognition	n/a	n/a	n/a	71.0	n/a	n/a	n/a	1826.72284425	n/a	1.613492225878872	2	3	3	HB_5_frameB_foil.png	1	7	1830.44545225	0	147	n/a	n/a	intervals/recognition_table	146	1827.304571	1828.831960
1827.304571	0.000000	365461	ttl	1	71	n/a	n/a	n/a	n/a	n/a	n/a	n/a	n/a	n/a	n/a	n/a	n/a	n/a	n/a	n/a	n/a	n/a	n/a	n/a	n/a	n/a	1827.304571	n/a
1828.831960	0.000000	365766	ttl	2	71	n/a	n/a	n/a	n/a	n/a	n/a	n/a	n/a	n/a	n/a	n/a	n/a	n/a	n/a	n/a	n/a	n/a	n/a	n/a	n/a	n/a	1828.831960	n/a
1830.445452	0.000000	366089	ttl	4	71	n/a	n/a	n/a	n/a	n/a	n/a	n/a	n/a	n/a	n/a	n/a	n/a	n/a	n/a	n/a	n/a	n/a	n/a	n/a	n/a	n/a	1830.445452	n/a
1830.462681	0.000000	366093	ttl	11	71	n/a	n/a	n/a	n/a	n/a	n/a	n/a	n/a	n/a	n/a	n/a	n/a	n/a	n/a	n/a	n/a	n/a	n/a	n/a	n/a	n/a	1830.462681	n/a
1831.044628	1.527140	366209	scene_recognition	n/a	n/a	n/a	71.0	n/a	n/a	n/a	1830.4626815	n/a	1.7456051314948127	2	1	3	NB_14_frameA.png	2	2	1834.31737325	1	148	n/a	n/a	intervals/recognition_table	147	1831.044628	1832.571768
1831.044628	0.000000	366209	ttl	1	71	n/a	n/a	n/a	n/a	n/a	n/a	n/a	n/a	n/a	n/a	n/a	n/a	n/a	n/a	n/a	n/a	n/a	n/a	n/a	n/a	n/a	1831.044628	n/a
1832.571768	0.000000	366514	ttl	2	71	n/a	n/a	n/a	n/a	n/a	n/a	n/a	n/a	n/a	n/a	n/a	n/a	n/a	n/a	n/a	n/a	n/a	n/a	n/a	n/a	n/a	1832.571768	n/a
1834.317373	0.000000	366863	ttl	4	71	n/a	n/a	n/a	n/a	n/a	n/a	n/a	n/a	n/a	n/a	n/a	n/a	n/a	n/a	n/a	n/a	n/a	n/a	n/a	n/a	n/a	1834.317373	n/a
1834.338611	0.000000	366868	ttl	11	71	n/a	n/a	n/a	n/a	n/a	n/a	n/a	n/a	n/a	n/a	n/a	n/a	n/a	n/a	n/a	n/a	n/a	n/a	n/a	n/a	n/a	1834.338611	n/a
1834.880426	1.547902	366976	scene_recognition	n/a	n/a	n/a	71.0	n/a	n/a	n/a	1834.338611	n/a	2.233369382331148	2	3	3	HB_4_frameB_foil.png	1	7	1838.6616975	0	149	n/a	n/a	intervals/recognition_table	148	1834.880426	1836.428328
1834.880426	0.000000	366976	ttl	1	71	n/a	n/a	n/a	n/a	n/a	n/a	n/a	n/a	n/a	n/a	n/a	n/a	n/a	n/a	n/a	n/a	n/a	n/a	n/a	n/a	n/a	1834.880426	n/a
1836.428328	0.000000	367286	ttl	2	71	n/a	n/a	n/a	n/a	n/a	n/a	n/a	n/a	n/a	n/a	n/a	n/a	n/a	n/a	n/a	n/a	n/a	n/a	n/a	n/a	n/a	1836.428328	n/a
1838.661697	0.000000	367732	ttl	4	71	n/a	n/a	n/a	n/a	n/a	n/a	n/a	n/a	n/a	n/a	n/a	n/a	n/a	n/a	n/a	n/a	n/a	n/a	n/a	n/a	n/a	1838.661697	n/a
1838.686191	0.000000	367737	ttl	11	71	n/a	n/a	n/a	n/a	n/a	n/a	n/a	n/a	n/a	n/a	n/a	n/a	n/a	n/a	n/a	n/a	n/a	n/a	n/a	n/a	n/a	1838.686191	n/a
1839.248035	1.547916	367850	scene_recognition	n/a	n/a	n/a	71.0	n/a	n/a	n/a	1838.6861915	n/a	2.405949608539231	2	3	3	HB_8_frameA_foil.png	1	7	1843.2019002499999	0	150	n/a	n/a	intervals/recognition_table	149	1839.248035	1840.795951
1839.248035	0.000000	367850	ttl	1	71	n/a	n/a	n/a	n/a	n/a	n/a	n/a	n/a	n/a	n/a	n/a	n/a	n/a	n/a	n/a	n/a	n/a	n/a	n/a	n/a	n/a	1839.248035	n/a
1840.795951	0.000000	368159	ttl	2	71	n/a	n/a	n/a	n/a	n/a	n/a	n/a	n/a	n/a	n/a	n/a	n/a	n/a	n/a	n/a	n/a	n/a	n/a	n/a	n/a	n/a	1840.795951	n/a
1843.201900	0.000000	368640	ttl	4	71	n/a	n/a	n/a	n/a	n/a	n/a	n/a	n/a	n/a	n/a	n/a	n/a	n/a	n/a	n/a	n/a	n/a	n/a	n/a	n/a	n/a	1843.201900	n/a
1843.212662	0.000000	368643	ttl	11	71	n/a	n/a	n/a	n/a	n/a	n/a	n/a	n/a	n/a	n/a	n/a	n/a	n/a	n/a	n/a	n/a	n/a	n/a	n/a	n/a	n/a	1843.212662	n/a
1843.774495	1.527219	368755	scene_recognition	n/a	n/a	n/a	71.0	n/a	n/a	n/a	1843.212662	n/a	1.8064484497299418	1	2	3	SB_1_frameB.png	1	7	1847.10816275	1	151	n/a	n/a	intervals/recognition_table	150	1843.774495	1845.301714
1843.774495	0.000000	368755	ttl	1	71	n/a	n/a	n/a	n/a	n/a	n/a	n/a	n/a	n/a	n/a	n/a	n/a	n/a	n/a	n/a	n/a	n/a	n/a	n/a	n/a	n/a	1843.774495	n/a
1845.301714	0.000000	369060	ttl	2	71	n/a	n/a	n/a	n/a	n/a	n/a	n/a	n/a	n/a	n/a	n/a	n/a	n/a	n/a	n/a	n/a	n/a	n/a	n/a	n/a	n/a	1845.301714	n/a
1847.108163	0.000000	369422	ttl	4	71	n/a	n/a	n/a	n/a	n/a	n/a	n/a	n/a	n/a	n/a	n/a	n/a	n/a	n/a	n/a	n/a	n/a	n/a	n/a	n/a	n/a	1847.108163	n/a
1847.114969	0.000000	369423	ttl	11	71	n/a	n/a	n/a	n/a	n/a	n/a	n/a	n/a	n/a	n/a	n/a	n/a	n/a	n/a	n/a	n/a	n/a	n/a	n/a	n/a	n/a	1847.114969	n/a
1847.656663	1.547284	369531	scene_recognition	n/a	n/a	n/a	71.0	n/a	n/a	n/a	1847.114969	n/a	1.7857311044353992	1	3	3	HB_7_frameB.png	1	7	1850.98967875	1	152	n/a	n/a	intervals/recognition_table	151	1847.656663	1849.203947
1847.656663	0.000000	369531	ttl	1	71	n/a	n/a	n/a	n/a	n/a	n/a	n/a	n/a	n/a	n/a	n/a	n/a	n/a	n/a	n/a	n/a	n/a	n/a	n/a	n/a	n/a	1847.656663	n/a
1849.203947	0.000000	369841	ttl	2	71	n/a	n/a	n/a	n/a	n/a	n/a	n/a	n/a	n/a	n/a	n/a	n/a	n/a	n/a	n/a	n/a	n/a	n/a	n/a	n/a	n/a	1849.203947	n/a
1850.989679	0.000000	370198	ttl	4	71	n/a	n/a	n/a	n/a	n/a	n/a	n/a	n/a	n/a	n/a	n/a	n/a	n/a	n/a	n/a	n/a	n/a	n/a	n/a	n/a	n/a	1850.989679	n/a
1851.014597	0.000000	370203	ttl	11	71	n/a	n/a	n/a	n/a	n/a	n/a	n/a	n/a	n/a	n/a	n/a	n/a	n/a	n/a	n/a	n/a	n/a	n/a	n/a	n/a	n/a	1851.014597	n/a
1851.516279	1.547931	370303	scene_recognition	n/a	n/a	n/a	71.0	n/a	n/a	n/a	1851.01459725	n/a	2.3034281180007383	2	3	3	HB_2_frameA_foil.png	1	7	1855.3676384999999	0	153	n/a	n/a	intervals/recognition_table	152	1851.516279	1853.064210
1851.516279	0.000000	370303	ttl	1	71	n/a	n/a	n/a	n/a	n/a	n/a	n/a	n/a	n/a	n/a	n/a	n/a	n/a	n/a	n/a	n/a	n/a	n/a	n/a	n/a	n/a	1851.516279	n/a
1853.064210	0.000000	370613	ttl	2	71	n/a	n/a	n/a	n/a	n/a	n/a	n/a	n/a	n/a	n/a	n/a	n/a	n/a	n/a	n/a	n/a	n/a	n/a	n/a	n/a	n/a	1853.064210	n/a
1855.367638	0.000000	371074	ttl	4	71	n/a	n/a	n/a	n/a	n/a	n/a	n/a	n/a	n/a	n/a	n/a	n/a	n/a	n/a	n/a	n/a	n/a	n/a	n/a	n/a	n/a	1855.367638	n/a
1855.388587	0.000000	371078	ttl	11	71	n/a	n/a	n/a	n/a	n/a	n/a	n/a	n/a	n/a	n/a	n/a	n/a	n/a	n/a	n/a	n/a	n/a	n/a	n/a	n/a	n/a	1855.388587	n/a
1855.930396	1.527149	371186	scene_recognition	n/a	n/a	n/a	71.0	n/a	n/a	n/a	1855.38858725	n/a	1.3884230012772605	2	2	3	SB_2_frameB.png	2	2	1858.84596775	1	154	n/a	n/a	intervals/recognition_table	153	1855.930396	1857.457545
1855.930396	0.000000	371186	ttl	1	71	n/a	n/a	n/a	n/a	n/a	n/a	n/a	n/a	n/a	n/a	n/a	n/a	n/a	n/a	n/a	n/a	n/a	n/a	n/a	n/a	n/a	1855.930396	n/a
1857.457545	0.000000	371492	ttl	2	71	n/a	n/a	n/a	n/a	n/a	n/a	n/a	n/a	n/a	n/a	n/a	n/a	n/a	n/a	n/a	n/a	n/a	n/a	n/a	n/a	n/a	1857.457545	n/a
1858.845968	0.000000	371769	ttl	4	71	n/a	n/a	n/a	n/a	n/a	n/a	n/a	n/a	n/a	n/a	n/a	n/a	n/a	n/a	n/a	n/a	n/a	n/a	n/a	n/a	n/a	1858.845968	n/a
1858.858226	0.000000	371772	ttl	11	71	n/a	n/a	n/a	n/a	n/a	n/a	n/a	n/a	n/a	n/a	n/a	n/a	n/a	n/a	n/a	n/a	n/a	n/a	n/a	n/a	n/a	1858.858226	n/a
1859.400058	1.547104	371880	scene_recognition	n/a	n/a	n/a	71.0	n/a	n/a	n/a	1858.8582259999998	n/a	1.867075951420702	2	1	3	NB_13_frameB.png	2	2	1862.81423825	1	155	n/a	n/a	intervals/recognition_table	154	1859.400058	1860.947162
1859.400058	0.000000	371880	ttl	1	71	n/a	n/a	n/a	n/a	n/a	n/a	n/a	n/a	n/a	n/a	n/a	n/a	n/a	n/a	n/a	n/a	n/a	n/a	n/a	n/a	n/a	1859.400058	n/a
1860.947162	0.000000	372189	ttl	2	71	n/a	n/a	n/a	n/a	n/a	n/a	n/a	n/a	n/a	n/a	n/a	n/a	n/a	n/a	n/a	n/a	n/a	n/a	n/a	n/a	n/a	1860.947162	n/a
1862.814238	0.000000	372563	ttl	4	71	n/a	n/a	n/a	n/a	n/a	n/a	n/a	n/a	n/a	n/a	n/a	n/a	n/a	n/a	n/a	n/a	n/a	n/a	n/a	n/a	n/a	1862.814238	n/a
1862.826190	0.000000	372565	ttl	11	71	n/a	n/a	n/a	n/a	n/a	n/a	n/a	n/a	n/a	n/a	n/a	n/a	n/a	n/a	n/a	n/a	n/a	n/a	n/a	n/a	n/a	1862.826190	n/a
1863.408324	1.547201	372682	scene_recognition	n/a	n/a	n/a	71.0	n/a	n/a	n/a	1862.82619	n/a	1.5774169493233785	2	1	3	NB_9_frameB.png	2	2	1866.5329419999998	1	156	n/a	n/a	intervals/recognition_table	155	1863.408324	1864.955525
1863.408324	0.000000	372682	ttl	1	71	n/a	n/a	n/a	n/a	n/a	n/a	n/a	n/a	n/a	n/a	n/a	n/a	n/a	n/a	n/a	n/a	n/a	n/a	n/a	n/a	n/a	1863.408324	n/a
1864.955525	0.000000	372991	ttl	2	71	n/a	n/a	n/a	n/a	n/a	n/a	n/a	n/a	n/a	n/a	n/a	n/a	n/a	n/a	n/a	n/a	n/a	n/a	n/a	n/a	n/a	1864.955525	n/a
1866.532942	0.000000	373307	ttl	4	71	n/a	n/a	n/a	n/a	n/a	n/a	n/a	n/a	n/a	n/a	n/a	n/a	n/a	n/a	n/a	n/a	n/a	n/a	n/a	n/a	n/a	1866.532942	n/a
1866.551696	0.000000	373310	ttl	11	71	n/a	n/a	n/a	n/a	n/a	n/a	n/a	n/a	n/a	n/a	n/a	n/a	n/a	n/a	n/a	n/a	n/a	n/a	n/a	n/a	n/a	1866.551696	n/a
1867.073462	1.547228	373415	scene_recognition	n/a	n/a	n/a	71.0	n/a	n/a	n/a	1866.55169575	n/a	1.6660230125999078	2	3	3	HB_1_frameA_foil.png	1	7	1870.286713	0	157	n/a	n/a	intervals/recognition_table	156	1867.073462	1868.620690
1867.073462	0.000000	373415	ttl	1	71	n/a	n/a	n/a	n/a	n/a	n/a	n/a	n/a	n/a	n/a	n/a	n/a	n/a	n/a	n/a	n/a	n/a	n/a	n/a	n/a	n/a	1867.073462	n/a
1868.620690	0.000000	373724	ttl	2	71	n/a	n/a	n/a	n/a	n/a	n/a	n/a	n/a	n/a	n/a	n/a	n/a	n/a	n/a	n/a	n/a	n/a	n/a	n/a	n/a	n/a	1868.620690	n/a
1870.286713	0.000000	374057	ttl	4	71	n/a	n/a	n/a	n/a	n/a	n/a	n/a	n/a	n/a	n/a	n/a	n/a	n/a	n/a	n/a	n/a	n/a	n/a	n/a	n/a	n/a	1870.286713	n/a
1870.300131	0.000000	374060	ttl	11	71	n/a	n/a	n/a	n/a	n/a	n/a	n/a	n/a	n/a	n/a	n/a	n/a	n/a	n/a	n/a	n/a	n/a	n/a	n/a	n/a	n/a	1870.300131	n/a
1870.781871	1.548001	374156	scene_recognition	n/a	n/a	n/a	71.0	n/a	n/a	n/a	1870.3001305	n/a	1.5848916110116988	2	3	3	HB_5_frameA.png	2	2	1873.9147632499999	1	158	n/a	n/a	intervals/recognition_table	157	1870.781871	1872.329872
1870.781871	0.000000	374156	ttl	1	71	n/a	n/a	n/a	n/a	n/a	n/a	n/a	n/a	n/a	n/a	n/a	n/a	n/a	n/a	n/a	n/a	n/a	n/a	n/a	n/a	n/a	1870.781871	n/a
1872.329872	0.000000	374466	ttl	2	71	n/a	n/a	n/a	n/a	n/a	n/a	n/a	n/a	n/a	n/a	n/a	n/a	n/a	n/a	n/a	n/a	n/a	n/a	n/a	n/a	n/a	1872.329872	n/a
1873.914763	0.000000	374783	ttl	4	71	n/a	n/a	n/a	n/a	n/a	n/a	n/a	n/a	n/a	n/a	n/a	n/a	n/a	n/a	n/a	n/a	n/a	n/a	n/a	n/a	n/a	1873.914763	n/a
1873.937551	0.000000	374788	ttl	11	71	n/a	n/a	n/a	n/a	n/a	n/a	n/a	n/a	n/a	n/a	n/a	n/a	n/a	n/a	n/a	n/a	n/a	n/a	n/a	n/a	n/a	1873.937551	n/a
1874.439207	1.547349	374888	scene_recognition	n/a	n/a	n/a	71.0	n/a	n/a	n/a	1873.9375515	n/a	1.489683679305017	1	1	3	NB_27_frameA_foil.png	2	2	1877.4762402499998	0	159	n/a	n/a	intervals/recognition_table	158	1874.439207	1875.986557
1874.439207	0.000000	374888	ttl	1	71	n/a	n/a	n/a	n/a	n/a	n/a	n/a	n/a	n/a	n/a	n/a	n/a	n/a	n/a	n/a	n/a	n/a	n/a	n/a	n/a	n/a	1874.439207	n/a
1875.986557	0.000000	375197	ttl	2	71	n/a	n/a	n/a	n/a	n/a	n/a	n/a	n/a	n/a	n/a	n/a	n/a	n/a	n/a	n/a	n/a	n/a	n/a	n/a	n/a	n/a	1875.986557	n/a
1877.476240	0.000000	375495	ttl	4	71	n/a	n/a	n/a	n/a	n/a	n/a	n/a	n/a	n/a	n/a	n/a	n/a	n/a	n/a	n/a	n/a	n/a	n/a	n/a	n/a	n/a	1877.476240	n/a
1877.483603	0.000000	375497	ttl	11	71	n/a	n/a	n/a	n/a	n/a	n/a	n/a	n/a	n/a	n/a	n/a	n/a	n/a	n/a	n/a	n/a	n/a	n/a	n/a	n/a	n/a	1877.483603	n/a
1878.045467	1.547978	375609	scene_recognition	n/a	n/a	n/a	71.0	n/a	n/a	n/a	1877.48360325	n/a	1.2536109760403633	2	1	3	NB_21_frameB.png	2	2	1880.84705575	1	160	n/a	n/a	intervals/recognition_table	159	1878.045467	1879.593445
1878.045467	0.000000	375609	ttl	1	71	n/a	n/a	n/a	n/a	n/a	n/a	n/a	n/a	n/a	n/a	n/a	n/a	n/a	n/a	n/a	n/a	n/a	n/a	n/a	n/a	n/a	1878.045467	n/a
1879.593445	0.000000	375919	ttl	2	71	n/a	n/a	n/a	n/a	n/a	n/a	n/a	n/a	n/a	n/a	n/a	n/a	n/a	n/a	n/a	n/a	n/a	n/a	n/a	n/a	n/a	1879.593445	n/a
1880.847056	0.000000	376169	ttl	4	71	n/a	n/a	n/a	n/a	n/a	n/a	n/a	n/a	n/a	n/a	n/a	n/a	n/a	n/a	n/a	n/a	n/a	n/a	n/a	n/a	n/a	1880.847056	n/a
1880.867077	0.000000	376173	ttl	11	71	n/a	n/a	n/a	n/a	n/a	n/a	n/a	n/a	n/a	n/a	n/a	n/a	n/a	n/a	n/a	n/a	n/a	n/a	n/a	n/a	n/a	1880.867077	n/a
1881.368708	1.527192	376274	scene_recognition	n/a	n/a	n/a	71.0	n/a	n/a	n/a	1880.8670769999999	n/a	1.685353760025464	1	2	3	SB_3_frameB_foil.png	2	2	1884.581254	0	161	n/a	n/a	intervals/recognition_table	160	1881.368708	1882.895900
1881.368708	0.000000	376274	ttl	1	71	n/a	n/a	n/a	n/a	n/a	n/a	n/a	n/a	n/a	n/a	n/a	n/a	n/a	n/a	n/a	n/a	n/a	n/a	n/a	n/a	n/a	1881.368708	n/a
1882.895900	0.000000	376579	ttl	2	71	n/a	n/a	n/a	n/a	n/a	n/a	n/a	n/a	n/a	n/a	n/a	n/a	n/a	n/a	n/a	n/a	n/a	n/a	n/a	n/a	n/a	1882.895900	n/a
1884.581254	0.000000	376916	ttl	4	71	n/a	n/a	n/a	n/a	n/a	n/a	n/a	n/a	n/a	n/a	n/a	n/a	n/a	n/a	n/a	n/a	n/a	n/a	n/a	n/a	n/a	1884.581254	n/a
1884.603183	0.000000	376921	ttl	11	71	n/a	n/a	n/a	n/a	n/a	n/a	n/a	n/a	n/a	n/a	n/a	n/a	n/a	n/a	n/a	n/a	n/a	n/a	n/a	n/a	n/a	1884.603183	n/a
1885.104713	1.527329	377021	scene_recognition	n/a	n/a	n/a	71.0	n/a	n/a	n/a	1884.6031827499999	n/a	1.4783618396613747	2	1	3	NB_23_frameB.png	2	2	1888.110404	1	162	n/a	n/a	intervals/recognition_table	161	1885.104713	1886.632042
1885.104713	0.000000	377021	ttl	1	71	n/a	n/a	n/a	n/a	n/a	n/a	n/a	n/a	n/a	n/a	n/a	n/a	n/a	n/a	n/a	n/a	n/a	n/a	n/a	n/a	n/a	1885.104713	n/a
1886.632042	0.000000	377326	ttl	2	71	n/a	n/a	n/a	n/a	n/a	n/a	n/a	n/a	n/a	n/a	n/a	n/a	n/a	n/a	n/a	n/a	n/a	n/a	n/a	n/a	n/a	1886.632042	n/a
1888.110404	0.000000	377622	ttl	4	71	n/a	n/a	n/a	n/a	n/a	n/a	n/a	n/a	n/a	n/a	n/a	n/a	n/a	n/a	n/a	n/a	n/a	n/a	n/a	n/a	n/a	1888.110404	n/a
1888.115939	0.000000	377623	ttl	11	71	n/a	n/a	n/a	n/a	n/a	n/a	n/a	n/a	n/a	n/a	n/a	n/a	n/a	n/a	n/a	n/a	n/a	n/a	n/a	n/a	n/a	1888.115939	n/a
1888.678071	1.527184	377736	scene_recognition	n/a	n/a	n/a	71.0	n/a	n/a	n/a	1888.1159395	n/a	1.8296008945908397	2	2	3	SB_9_frameB.png	2	2	1892.034856	1	163	n/a	n/a	intervals/recognition_table	162	1888.678071	1890.205255
1888.678071	0.000000	377736	ttl	1	71	n/a	n/a	n/a	n/a	n/a	n/a	n/a	n/a	n/a	n/a	n/a	n/a	n/a	n/a	n/a	n/a	n/a	n/a	n/a	n/a	n/a	1888.678071	n/a
1890.205255	0.000000	378041	ttl	2	71	n/a	n/a	n/a	n/a	n/a	n/a	n/a	n/a	n/a	n/a	n/a	n/a	n/a	n/a	n/a	n/a	n/a	n/a	n/a	n/a	n/a	1890.205255	n/a
1892.034856	0.000000	378407	ttl	4	71	n/a	n/a	n/a	n/a	n/a	n/a	n/a	n/a	n/a	n/a	n/a	n/a	n/a	n/a	n/a	n/a	n/a	n/a	n/a	n/a	n/a	1892.034856	n/a
1892.042115	0.000000	378408	ttl	11	71	n/a	n/a	n/a	n/a	n/a	n/a	n/a	n/a	n/a	n/a	n/a	n/a	n/a	n/a	n/a	n/a	n/a	n/a	n/a	n/a	n/a	1892.042115	n/a
1892.604007	1.527056	378521	scene_recognition	n/a	n/a	n/a	71.0	n/a	n/a	n/a	1892.042115	n/a	1.1327918653842062	2	3	3	HB_2_frameB_foil.png	1	7	1895.263855	0	164	n/a	n/a	intervals/recognition_table	163	1892.604007	1894.131063
1892.604007	0.000000	378521	ttl	1	71	n/a	n/a	n/a	n/a	n/a	n/a	n/a	n/a	n/a	n/a	n/a	n/a	n/a	n/a	n/a	n/a	n/a	n/a	n/a	n/a	n/a	1892.604007	n/a
1894.131063	0.000000	378826	ttl	2	71	n/a	n/a	n/a	n/a	n/a	n/a	n/a	n/a	n/a	n/a	n/a	n/a	n/a	n/a	n/a	n/a	n/a	n/a	n/a	n/a	n/a	1894.131063	n/a
1895.263855	0.000000	379053	ttl	4	71	n/a	n/a	n/a	n/a	n/a	n/a	n/a	n/a	n/a	n/a	n/a	n/a	n/a	n/a	n/a	n/a	n/a	n/a	n/a	n/a	n/a	1895.263855	n/a
1895.278657	0.000000	379056	ttl	11	71	n/a	n/a	n/a	n/a	n/a	n/a	n/a	n/a	n/a	n/a	n/a	n/a	n/a	n/a	n/a	n/a	n/a	n/a	n/a	n/a	n/a	1895.278657	n/a
1895.800420	1.547162	379160	scene_recognition	n/a	n/a	n/a	71.0	n/a	n/a	n/a	1895.27865725	n/a	1.69590231962502	1	2	3	SB_1_frameA.png	1	7	1899.04348525	1	165	n/a	n/a	intervals/recognition_table	164	1895.800420	1897.347583
1895.800420	0.000000	379160	ttl	1	71	n/a	n/a	n/a	n/a	n/a	n/a	n/a	n/a	n/a	n/a	n/a	n/a	n/a	n/a	n/a	n/a	n/a	n/a	n/a	n/a	n/a	1895.800420	n/a
1897.347583	0.000000	379470	ttl	2	71	n/a	n/a	n/a	n/a	n/a	n/a	n/a	n/a	n/a	n/a	n/a	n/a	n/a	n/a	n/a	n/a	n/a	n/a	n/a	n/a	n/a	1897.347583	n/a
1899.043485	0.000000	379809	ttl	4	71	n/a	n/a	n/a	n/a	n/a	n/a	n/a	n/a	n/a	n/a	n/a	n/a	n/a	n/a	n/a	n/a	n/a	n/a	n/a	n/a	n/a	1899.043485	n/a
1899.048525	0.000000	379810	ttl	11	71	n/a	n/a	n/a	n/a	n/a	n/a	n/a	n/a	n/a	n/a	n/a	n/a	n/a	n/a	n/a	n/a	n/a	n/a	n/a	n/a	n/a	1899.048525	n/a
1899.570444	1.547180	379914	scene_recognition	n/a	n/a	n/a	71.0	n/a	n/a	n/a	1899.048525	n/a	1.6093621287727728	2	3	3	HB_2_frameB_foil.png	1	7	1902.726986	0	166	n/a	n/a	intervals/recognition_table	165	1899.570444	1901.117624
1899.570444	0.000000	379914	ttl	1	71	n/a	n/a	n/a	n/a	n/a	n/a	n/a	n/a	n/a	n/a	n/a	n/a	n/a	n/a	n/a	n/a	n/a	n/a	n/a	n/a	n/a	1899.570444	n/a
1901.117624	0.000000	380224	ttl	2	71	n/a	n/a	n/a	n/a	n/a	n/a	n/a	n/a	n/a	n/a	n/a	n/a	n/a	n/a	n/a	n/a	n/a	n/a	n/a	n/a	n/a	1901.117624	n/a
1902.726986	0.000000	380545	ttl	4	71	n/a	n/a	n/a	n/a	n/a	n/a	n/a	n/a	n/a	n/a	n/a	n/a	n/a	n/a	n/a	n/a	n/a	n/a	n/a	n/a	n/a	1902.726986	n/a
1902.748117	0.000000	380550	ttl	11	71	n/a	n/a	n/a	n/a	n/a	n/a	n/a	n/a	n/a	n/a	n/a	n/a	n/a	n/a	n/a	n/a	n/a	n/a	n/a	n/a	n/a	1902.748117	n/a
1903.269901	1.527141	380654	scene_recognition	n/a	n/a	n/a	71.0	n/a	n/a	n/a	1902.74811675	n/a	1.8170808180002496	2	1	3	NB_25_frameA_foil.png	1	7	1906.614124	0	167	n/a	n/a	intervals/recognition_table	166	1903.269901	1904.797043
1903.269901	0.000000	380654	ttl	1	71	n/a	n/a	n/a	n/a	n/a	n/a	n/a	n/a	n/a	n/a	n/a	n/a	n/a	n/a	n/a	n/a	n/a	n/a	n/a	n/a	n/a	1903.269901	n/a
1904.797043	0.000000	380959	ttl	2	71	n/a	n/a	n/a	n/a	n/a	n/a	n/a	n/a	n/a	n/a	n/a	n/a	n/a	n/a	n/a	n/a	n/a	n/a	n/a	n/a	n/a	1904.797043	n/a
1906.614124	0.000000	381323	ttl	4	71	n/a	n/a	n/a	n/a	n/a	n/a	n/a	n/a	n/a	n/a	n/a	n/a	n/a	n/a	n/a	n/a	n/a	n/a	n/a	n/a	n/a	1906.614124	n/a
1906.621264	0.000000	381324	ttl	11	71	n/a	n/a	n/a	n/a	n/a	n/a	n/a	n/a	n/a	n/a	n/a	n/a	n/a	n/a	n/a	n/a	n/a	n/a	n/a	n/a	n/a	1906.621264	n/a
1907.183430	1.527117	381437	scene_recognition	n/a	n/a	n/a	71.0	n/a	n/a	n/a	1906.62126425	n/a	1.8073711928445846	1	2	3	SB_6_frameA.png	1	7	1910.5179182499999	1	168	n/a	n/a	intervals/recognition_table	167	1907.183430	1908.710547
1907.183430	0.000000	381437	ttl	1	71	n/a	n/a	n/a	n/a	n/a	n/a	n/a	n/a	n/a	n/a	n/a	n/a	n/a	n/a	n/a	n/a	n/a	n/a	n/a	n/a	n/a	1907.183430	n/a
1908.710547	0.000000	381742	ttl	2	71	n/a	n/a	n/a	n/a	n/a	n/a	n/a	n/a	n/a	n/a	n/a	n/a	n/a	n/a	n/a	n/a	n/a	n/a	n/a	n/a	n/a	1908.710547	n/a
1910.517918	0.000000	382104	ttl	4	71	n/a	n/a	n/a	n/a	n/a	n/a	n/a	n/a	n/a	n/a	n/a	n/a	n/a	n/a	n/a	n/a	n/a	n/a	n/a	n/a	n/a	1910.517918	n/a
1910.536296	0.000000	382107	ttl	11	71	n/a	n/a	n/a	n/a	n/a	n/a	n/a	n/a	n/a	n/a	n/a	n/a	n/a	n/a	n/a	n/a	n/a	n/a	n/a	n/a	n/a	1910.536296	n/a
1911.038013	1.527142	382208	scene_recognition	n/a	n/a	n/a	71.0	n/a	n/a	n/a	1910.5362962499999	n/a	1.3648545214673504	1	2	3	SB_1_frameB.png	1	7	1913.9300099999998	1	169	n/a	n/a	intervals/recognition_table	168	1911.038013	1912.565155
1911.038013	0.000000	382208	ttl	1	71	n/a	n/a	n/a	n/a	n/a	n/a	n/a	n/a	n/a	n/a	n/a	n/a	n/a	n/a	n/a	n/a	n/a	n/a	n/a	n/a	n/a	1911.038013	n/a
1912.565155	0.000000	382513	ttl	2	71	n/a	n/a	n/a	n/a	n/a	n/a	n/a	n/a	n/a	n/a	n/a	n/a	n/a	n/a	n/a	n/a	n/a	n/a	n/a	n/a	n/a	1912.565155	n/a
1913.930010	0.000000	382786	ttl	4	71	n/a	n/a	n/a	n/a	n/a	n/a	n/a	n/a	n/a	n/a	n/a	n/a	n/a	n/a	n/a	n/a	n/a	n/a	n/a	n/a	n/a	1913.930010	n/a
1913.945133	0.000000	382789	ttl	11	71	n/a	n/a	n/a	n/a	n/a	n/a	n/a	n/a	n/a	n/a	n/a	n/a	n/a	n/a	n/a	n/a	n/a	n/a	n/a	n/a	n/a	1913.945133	n/a
1914.447043	1.527055	382889	scene_recognition	n/a	n/a	n/a	71.0	n/a	n/a	n/a	1913.945133	n/a	2.507284109480679	1	3	3	HB_3_frameA.png	1	7	1918.4813824999999	1	170	n/a	n/a	intervals/recognition_table	169	1914.447043	1915.974098
1914.447043	0.000000	382889	ttl	1	71	n/a	n/a	n/a	n/a	n/a	n/a	n/a	n/a	n/a	n/a	n/a	n/a	n/a	n/a	n/a	n/a	n/a	n/a	n/a	n/a	n/a	1914.447043	n/a
1915.974098	0.000000	383195	ttl	2	71	n/a	n/a	n/a	n/a	n/a	n/a	n/a	n/a	n/a	n/a	n/a	n/a	n/a	n/a	n/a	n/a	n/a	n/a	n/a	n/a	n/a	1915.974098	n/a
1918.481382	0.000000	383696	ttl	4	71	n/a	n/a	n/a	n/a	n/a	n/a	n/a	n/a	n/a	n/a	n/a	n/a	n/a	n/a	n/a	n/a	n/a	n/a	n/a	n/a	n/a	1918.481382	n/a
1918.500786	0.000000	383700	ttl	11	71	n/a	n/a	n/a	n/a	n/a	n/a	n/a	n/a	n/a	n/a	n/a	n/a	n/a	n/a	n/a	n/a	n/a	n/a	n/a	n/a	n/a	1918.500786	n/a
1919.082787	1.547904	383817	scene_recognition	n/a	n/a	n/a	71.0	n/a	n/a	n/a	1918.50078625	n/a	1.5596588777843863	2	1	3	NB_10_frameB_foil.png	1	7	1922.1903507499999	0	171	n/a	n/a	intervals/recognition_table	170	1919.082787	1920.630692
1919.082787	0.000000	383817	ttl	1	71	n/a	n/a	n/a	n/a	n/a	n/a	n/a	n/a	n/a	n/a	n/a	n/a	n/a	n/a	n/a	n/a	n/a	n/a	n/a	n/a	n/a	1919.082787	n/a
1920.630692	0.000000	384126	ttl	2	71	n/a	n/a	n/a	n/a	n/a	n/a	n/a	n/a	n/a	n/a	n/a	n/a	n/a	n/a	n/a	n/a	n/a	n/a	n/a	n/a	n/a	1920.630692	n/a
1922.190351	0.000000	384438	ttl	4	71	n/a	n/a	n/a	n/a	n/a	n/a	n/a	n/a	n/a	n/a	n/a	n/a	n/a	n/a	n/a	n/a	n/a	n/a	n/a	n/a	n/a	1922.190351	n/a
1922.210180	0.000000	384442	ttl	11	71	n/a	n/a	n/a	n/a	n/a	n/a	n/a	n/a	n/a	n/a	n/a	n/a	n/a	n/a	n/a	n/a	n/a	n/a	n/a	n/a	n/a	1922.210180	n/a
1922.772258	1.547905	384554	scene_recognition	n/a	n/a	n/a	71.0	n/a	n/a	n/a	1922.2101805	n/a	1.5331567802932113	1	1	3	NB_19_frameB.png	1	7	1925.85331925	1	172	n/a	n/a	intervals/recognition_table	171	1922.772258	1924.320162
1922.772258	0.000000	384554	ttl	1	71	n/a	n/a	n/a	n/a	n/a	n/a	n/a	n/a	n/a	n/a	n/a	n/a	n/a	n/a	n/a	n/a	n/a	n/a	n/a	n/a	n/a	1922.772258	n/a
1924.320162	0.000000	384864	ttl	2	71	n/a	n/a	n/a	n/a	n/a	n/a	n/a	n/a	n/a	n/a	n/a	n/a	n/a	n/a	n/a	n/a	n/a	n/a	n/a	n/a	n/a	1924.320162	n/a
1925.853319	0.000000	385171	ttl	4	71	n/a	n/a	n/a	n/a	n/a	n/a	n/a	n/a	n/a	n/a	n/a	n/a	n/a	n/a	n/a	n/a	n/a	n/a	n/a	n/a	n/a	1925.853319	n/a
1925.866651	0.000000	385173	ttl	11	71	n/a	n/a	n/a	n/a	n/a	n/a	n/a	n/a	n/a	n/a	n/a	n/a	n/a	n/a	n/a	n/a	n/a	n/a	n/a	n/a	n/a	1925.866651	n/a
1926.388404	1.547169	385278	scene_recognition	n/a	n/a	n/a	71.0	n/a	n/a	n/a	1925.86665075	n/a	1.6851253670174628	1	2	3	SB_8_frameB_foil.png	2	2	1929.6206985	0	173	n/a	n/a	intervals/recognition_table	172	1926.388404	1927.935573
1926.388404	0.000000	385278	ttl	1	71	n/a	n/a	n/a	n/a	n/a	n/a	n/a	n/a	n/a	n/a	n/a	n/a	n/a	n/a	n/a	n/a	n/a	n/a	n/a	n/a	n/a	1926.388404	n/a
1927.935573	0.000000	385587	ttl	2	71	n/a	n/a	n/a	n/a	n/a	n/a	n/a	n/a	n/a	n/a	n/a	n/a	n/a	n/a	n/a	n/a	n/a	n/a	n/a	n/a	n/a	1927.935573	n/a
1929.620698	0.000000	385924	ttl	4	71	n/a	n/a	n/a	n/a	n/a	n/a	n/a	n/a	n/a	n/a	n/a	n/a	n/a	n/a	n/a	n/a	n/a	n/a	n/a	n/a	n/a	1929.620698	n/a
1929.641382	0.000000	385928	ttl	11	71	n/a	n/a	n/a	n/a	n/a	n/a	n/a	n/a	n/a	n/a	n/a	n/a	n/a	n/a	n/a	n/a	n/a	n/a	n/a	n/a	n/a	1929.641382	n/a
1930.143040	1.527061	386029	scene_recognition	n/a	n/a	n/a	71.0	n/a	n/a	n/a	1929.6413825	n/a	1.8350235791876912	1	2	3	SB_1_frameB_foil.png	2	2	1933.50512575	0	174	n/a	n/a	intervals/recognition_table	173	1930.143040	1931.670102
1930.143040	0.000000	386029	ttl	1	71	n/a	n/a	n/a	n/a	n/a	n/a	n/a	n/a	n/a	n/a	n/a	n/a	n/a	n/a	n/a	n/a	n/a	n/a	n/a	n/a	n/a	1930.143040	n/a
1931.670102	0.000000	386334	ttl	2	71	n/a	n/a	n/a	n/a	n/a	n/a	n/a	n/a	n/a	n/a	n/a	n/a	n/a	n/a	n/a	n/a	n/a	n/a	n/a	n/a	n/a	1931.670102	n/a
1933.505126	0.000000	386701	ttl	4	71	n/a	n/a	n/a	n/a	n/a	n/a	n/a	n/a	n/a	n/a	n/a	n/a	n/a	n/a	n/a	n/a	n/a	n/a	n/a	n/a	n/a	1933.505126	n/a
1933.529909	0.000000	386706	ttl	11	71	n/a	n/a	n/a	n/a	n/a	n/a	n/a	n/a	n/a	n/a	n/a	n/a	n/a	n/a	n/a	n/a	n/a	n/a	n/a	n/a	n/a	1933.529909	n/a
1934.051670	1.527180	386810	scene_recognition	n/a	n/a	n/a	71.0	n/a	n/a	n/a	1933.52990925	n/a	1.6889713271521032	2	1	3	NB_12_frameA.png	2	2	1937.26782125	1	175	n/a	n/a	intervals/recognition_table	174	1934.051670	1935.578850
1934.051670	0.000000	386810	ttl	1	71	n/a	n/a	n/a	n/a	n/a	n/a	n/a	n/a	n/a	n/a	n/a	n/a	n/a	n/a	n/a	n/a	n/a	n/a	n/a	n/a	n/a	1934.051670	n/a
1935.578850	0.000000	387116	ttl	2	71	n/a	n/a	n/a	n/a	n/a	n/a	n/a	n/a	n/a	n/a	n/a	n/a	n/a	n/a	n/a	n/a	n/a	n/a	n/a	n/a	n/a	1935.578850	n/a
1937.267821	0.000000	387454	ttl	4	71	n/a	n/a	n/a	n/a	n/a	n/a	n/a	n/a	n/a	n/a	n/a	n/a	n/a	n/a	n/a	n/a	n/a	n/a	n/a	n/a	n/a	1937.267821	n/a
1937.274500	0.000000	387455	ttl	11	71	n/a	n/a	n/a	n/a	n/a	n/a	n/a	n/a	n/a	n/a	n/a	n/a	n/a	n/a	n/a	n/a	n/a	n/a	n/a	n/a	n/a	1937.274500	n/a
1937.836360	1.547150	387567	scene_recognition	n/a	n/a	n/a	71.0	n/a	n/a	n/a	1937.2745005	n/a	1.7488927103113383	2	2	3	SB_7_frameB.png	2	2	1941.13240275	1	176	n/a	n/a	intervals/recognition_table	175	1937.836360	1939.383510
1937.836360	0.000000	387567	ttl	1	71	n/a	n/a	n/a	n/a	n/a	n/a	n/a	n/a	n/a	n/a	n/a	n/a	n/a	n/a	n/a	n/a	n/a	n/a	n/a	n/a	n/a	1937.836360	n/a
1939.383510	0.000000	387877	ttl	2	71	n/a	n/a	n/a	n/a	n/a	n/a	n/a	n/a	n/a	n/a	n/a	n/a	n/a	n/a	n/a	n/a	n/a	n/a	n/a	n/a	n/a	1939.383510	n/a
1941.132403	0.000000	388226	ttl	4	71	n/a	n/a	n/a	n/a	n/a	n/a	n/a	n/a	n/a	n/a	n/a	n/a	n/a	n/a	n/a	n/a	n/a	n/a	n/a	n/a	n/a	1941.132403	n/a
1941.187917	0.000000	388238	ttl	11	71	n/a	n/a	n/a	n/a	n/a	n/a	n/a	n/a	n/a	n/a	n/a	n/a	n/a	n/a	n/a	n/a	n/a	n/a	n/a	n/a	n/a	1941.187917	n/a
1941.786086	1.524428	388357	scene_recognition	n/a	n/a	n/a	71.0	n/a	n/a	n/a	1941.1879172499998	n/a	1.905414501670748	2	2	3	SB_30_frameA.png	2	2	1945.2159287499999	1	177	n/a	n/a	intervals/recognition_table	176	1941.786086	1943.310514
1941.786086	0.000000	388357	ttl	1	71	n/a	n/a	n/a	n/a	n/a	n/a	n/a	n/a	n/a	n/a	n/a	n/a	n/a	n/a	n/a	n/a	n/a	n/a	n/a	n/a	n/a	1941.786086	n/a
1943.310514	0.000000	388662	ttl	2	71	n/a	n/a	n/a	n/a	n/a	n/a	n/a	n/a	n/a	n/a	n/a	n/a	n/a	n/a	n/a	n/a	n/a	n/a	n/a	n/a	n/a	1943.310514	n/a
1945.215929	0.000000	389043	ttl	4	71	n/a	n/a	n/a	n/a	n/a	n/a	n/a	n/a	n/a	n/a	n/a	n/a	n/a	n/a	n/a	n/a	n/a	n/a	n/a	n/a	n/a	1945.215929	n/a
1945.280920	0.000000	389056	ttl	11	71	n/a	n/a	n/a	n/a	n/a	n/a	n/a	n/a	n/a	n/a	n/a	n/a	n/a	n/a	n/a	n/a	n/a	n/a	n/a	n/a	n/a	1945.280920	n/a
1945.808816	1.517804	389162	scene_recognition	n/a	n/a	n/a	71.0	n/a	n/a	n/a	1945.2809197499998	n/a	1.0655999523587525	2	2	1	SB_30_frameB_foil.png	1	5	1948.3922202499998	0	178	n/a	n/a	intervals/recognition_table	177	1945.808816	1947.326620
1945.808816	0.000000	389162	ttl	1	71	n/a	n/a	n/a	n/a	n/a	n/a	n/a	n/a	n/a	n/a	n/a	n/a	n/a	n/a	n/a	n/a	n/a	n/a	n/a	n/a	n/a	1945.808816	n/a
1947.326620	0.000000	389465	ttl	2	71	n/a	n/a	n/a	n/a	n/a	n/a	n/a	n/a	n/a	n/a	n/a	n/a	n/a	n/a	n/a	n/a	n/a	n/a	n/a	n/a	n/a	1947.326620	n/a
1948.392220	0.000000	389678	ttl	4	71	n/a	n/a	n/a	n/a	n/a	n/a	n/a	n/a	n/a	n/a	n/a	n/a	n/a	n/a	n/a	n/a	n/a	n/a	n/a	n/a	n/a	1948.392220	n/a
1948.464002	0.000000	389693	ttl	11	71	n/a	n/a	n/a	n/a	n/a	n/a	n/a	n/a	n/a	n/a	n/a	n/a	n/a	n/a	n/a	n/a	n/a	n/a	n/a	n/a	n/a	1948.464002	n/a
1948.991943	1.532493	389798	scene_recognition	n/a	n/a	n/a	71.0	n/a	n/a	n/a	1948.4640024999999	n/a	1.9625718246679753	1	3	2	HB_30_frameB.png	1	6	1952.48700825	1	179	n/a	n/a	intervals/recognition_table	178	1948.991943	1950.524436
1948.991943	0.000000	389798	ttl	1	71	n/a	n/a	n/a	n/a	n/a	n/a	n/a	n/a	n/a	n/a	n/a	n/a	n/a	n/a	n/a	n/a	n/a	n/a	n/a	n/a	n/a	1948.991943	n/a
1950.524436	0.000000	390105	ttl	2	71	n/a	n/a	n/a	n/a	n/a	n/a	n/a	n/a	n/a	n/a	n/a	n/a	n/a	n/a	n/a	n/a	n/a	n/a	n/a	n/a	n/a	1950.524436	n/a
1952.487008	0.000000	390497	ttl	4	71	n/a	n/a	n/a	n/a	n/a	n/a	n/a	n/a	n/a	n/a	n/a	n/a	n/a	n/a	n/a	n/a	n/a	n/a	n/a	n/a	n/a	1952.487008	n/a
1952.542483	0.000000	390508	ttl	11	71	n/a	n/a	n/a	n/a	n/a	n/a	n/a	n/a	n/a	n/a	n/a	n/a	n/a	n/a	n/a	n/a	n/a	n/a	n/a	n/a	n/a	1952.542483	n/a
1953.084300	1.545082	390617	scene_recognition	n/a	n/a	n/a	71.0	n/a	n/a	n/a	1952.5424825	n/a	1.5143311311258003	2	3	2	HB_30_frameA_foil.png	1	6	1956.1437134999999	0	180	n/a	n/a	intervals/recognition_table	179	1953.084300	1954.629383
1953.084300	0.000000	390617	ttl	1	71	n/a	n/a	n/a	n/a	n/a	n/a	n/a	n/a	n/a	n/a	n/a	n/a	n/a	n/a	n/a	n/a	n/a	n/a	n/a	n/a	n/a	1953.084300	n/a
1954.629383	0.000000	390926	ttl	2	71	n/a	n/a	n/a	n/a	n/a	n/a	n/a	n/a	n/a	n/a	n/a	n/a	n/a	n/a	n/a	n/a	n/a	n/a	n/a	n/a	n/a	1954.629383	n/a
1956.143713	0.000000	391229	ttl	4	71	n/a	n/a	n/a	n/a	n/a	n/a	n/a	n/a	n/a	n/a	n/a	n/a	n/a	n/a	n/a	n/a	n/a	n/a	n/a	n/a	n/a	1956.143713	n/a
1956.195012	0.000000	391239	ttl	60	71	n/a	n/a	n/a	n/a	n/a	n/a	n/a	n/a	n/a	n/a	n/a	n/a	n/a	n/a	n/a	n/a	n/a	n/a	n/a	n/a	n/a	1956.195012	n/a
2238.583271	0.000000	447717	ttl	61	72	n/a	n/a	n/a	n/a	n/a	n/a	n/a	n/a	n/a	n/a	n/a	n/a	n/a	n/a	n/a	n/a	n/a	n/a	n/a	n/a	n/a	2238.583271	n/a
2238.637966	0.000000	447728	ttl	11	72	n/a	n/a	n/a	n/a	n/a	n/a	n/a	n/a	n/a	n/a	n/a	n/a	n/a	n/a	n/a	n/a	n/a	n/a	n/a	n/a	n/a	2238.637966	n/a
2239.219926	2.054276	447844	time_discrimination	n/a	n/a	n/a	72.0	n/a	n/a	n/a	2238.6379655	n/a	1.6121745099080727	1.0	3	2.0	HB_30_ShortA.png	n/a	6	2242.8863765	n/a	1	2	1	intervals/timediscrimination_table	0	2239.219926	2241.274202
2239.219926	0.000000	447844	ttl	1	72	n/a	n/a	n/a	n/a	n/a	n/a	n/a	n/a	n/a	n/a	n/a	n/a	n/a	n/a	n/a	n/a	n/a	n/a	n/a	n/a	n/a	2239.219926	n/a
2241.274202	0.000000	448255	ttl	2	72	n/a	n/a	n/a	n/a	n/a	n/a	n/a	n/a	n/a	n/a	n/a	n/a	n/a	n/a	n/a	n/a	n/a	n/a	n/a	n/a	n/a	2241.274202	n/a
2242.886377	0.000000	448577	ttl	4	72	n/a	n/a	n/a	n/a	n/a	n/a	n/a	n/a	n/a	n/a	n/a	n/a	n/a	n/a	n/a	n/a	n/a	n/a	n/a	n/a	n/a	2242.886377	n/a
2242.924194	0.000000	448585	ttl	11	72	n/a	n/a	n/a	n/a	n/a	n/a	n/a	n/a	n/a	n/a	n/a	n/a	n/a	n/a	n/a	n/a	n/a	n/a	n/a	n/a	n/a	2242.924194	n/a
2243.586521	2.031689	448717	time_discrimination	n/a	n/a	n/a	72.0	n/a	n/a	n/a	2242.9241945	n/a	1.406766980770044	2.0	1	3.0	NB_1_ShortA.png	n/a	7	2247.024977	n/a	2	2	2	intervals/timediscrimination_table	1	2243.586521	2245.618210
2243.586521	0.000000	448717	ttl	1	72	n/a	n/a	n/a	n/a	n/a	n/a	n/a	n/a	n/a	n/a	n/a	n/a	n/a	n/a	n/a	n/a	n/a	n/a	n/a	n/a	n/a	2243.586521	n/a
2245.618210	0.000000	449124	ttl	2	72	n/a	n/a	n/a	n/a	n/a	n/a	n/a	n/a	n/a	n/a	n/a	n/a	n/a	n/a	n/a	n/a	n/a	n/a	n/a	n/a	n/a	2245.618210	n/a
2247.024977	0.000000	449405	ttl	4	72	n/a	n/a	n/a	n/a	n/a	n/a	n/a	n/a	n/a	n/a	n/a	n/a	n/a	n/a	n/a	n/a	n/a	n/a	n/a	n/a	n/a	2247.024977	n/a
2247.066333	0.000000	449413	ttl	11	72	n/a	n/a	n/a	n/a	n/a	n/a	n/a	n/a	n/a	n/a	n/a	n/a	n/a	n/a	n/a	n/a	n/a	n/a	n/a	n/a	n/a	2247.066333	n/a
2247.628325	2.031739	449526	time_discrimination	n/a	n/a	n/a	72.0	n/a	n/a	n/a	2247.0663335	n/a	1.2428017327329144	2.0	1	3.0	NB_25_ShortA.png	n/a	7	2250.90286525	n/a	3	2	2	intervals/timediscrimination_table	2	2247.628325	2249.660064
2247.628325	0.000000	449526	ttl	1	72	n/a	n/a	n/a	n/a	n/a	n/a	n/a	n/a	n/a	n/a	n/a	n/a	n/a	n/a	n/a	n/a	n/a	n/a	n/a	n/a	n/a	2247.628325	n/a
2249.660064	0.000000	449932	ttl	2	72	n/a	n/a	n/a	n/a	n/a	n/a	n/a	n/a	n/a	n/a	n/a	n/a	n/a	n/a	n/a	n/a	n/a	n/a	n/a	n/a	n/a	2249.660064	n/a
2250.902865	0.000000	450181	ttl	4	72	n/a	n/a	n/a	n/a	n/a	n/a	n/a	n/a	n/a	n/a	n/a	n/a	n/a	n/a	n/a	n/a	n/a	n/a	n/a	n/a	n/a	2250.902865	n/a
2250.910501	0.000000	450182	ttl	11	72	n/a	n/a	n/a	n/a	n/a	n/a	n/a	n/a	n/a	n/a	n/a	n/a	n/a	n/a	n/a	n/a	n/a	n/a	n/a	n/a	n/a	2250.910501	n/a
2251.512683	2.031713	450303	time_discrimination	n/a	n/a	n/a	72.0	n/a	n/a	n/a	2250.9105007499998	n/a	1.4056648897239938	2.0	1	3.0	NB_11_LongA.png	n/a	2	2254.95006075	n/a	4	1	1	intervals/timediscrimination_table	3	2251.512683	2253.544396
2251.512683	0.000000	450303	ttl	1	72	n/a	n/a	n/a	n/a	n/a	n/a	n/a	n/a	n/a	n/a	n/a	n/a	n/a	n/a	n/a	n/a	n/a	n/a	n/a	n/a	n/a	2251.512683	n/a
2253.544396	0.000000	450709	ttl	2	72	n/a	n/a	n/a	n/a	n/a	n/a	n/a	n/a	n/a	n/a	n/a	n/a	n/a	n/a	n/a	n/a	n/a	n/a	n/a	n/a	n/a	2253.544396	n/a
2254.950061	0.000000	450990	ttl	4	72	n/a	n/a	n/a	n/a	n/a	n/a	n/a	n/a	n/a	n/a	n/a	n/a	n/a	n/a	n/a	n/a	n/a	n/a	n/a	n/a	n/a	2254.950061	n/a
2254.962539	0.000000	450993	ttl	11	72	n/a	n/a	n/a	n/a	n/a	n/a	n/a	n/a	n/a	n/a	n/a	n/a	n/a	n/a	n/a	n/a	n/a	n/a	n/a	n/a	n/a	2254.962539	n/a
2255.584638	2.054911	451117	time_discrimination	n/a	n/a	n/a	72.0	n/a	n/a	n/a	2254.96253875	n/a	1.4555022320710123	2.0	1	3.0	NB_29_LongA.png	n/a	7	2259.095051	n/a	5	2	2	intervals/timediscrimination_table	4	2255.584638	2257.639549
2255.584638	0.000000	451117	ttl	1	72	n/a	n/a	n/a	n/a	n/a	n/a	n/a	n/a	n/a	n/a	n/a	n/a	n/a	n/a	n/a	n/a	n/a	n/a	n/a	n/a	n/a	2255.584638	n/a
2257.639549	0.000000	451528	ttl	2	72	n/a	n/a	n/a	n/a	n/a	n/a	n/a	n/a	n/a	n/a	n/a	n/a	n/a	n/a	n/a	n/a	n/a	n/a	n/a	n/a	n/a	2257.639549	n/a
2259.095051	0.000000	451819	ttl	4	72	n/a	n/a	n/a	n/a	n/a	n/a	n/a	n/a	n/a	n/a	n/a	n/a	n/a	n/a	n/a	n/a	n/a	n/a	n/a	n/a	n/a	2259.095051	n/a
2259.122983	0.000000	451825	ttl	11	72	n/a	n/a	n/a	n/a	n/a	n/a	n/a	n/a	n/a	n/a	n/a	n/a	n/a	n/a	n/a	n/a	n/a	n/a	n/a	n/a	n/a	2259.122983	n/a
2259.684654	2.031581	451937	time_discrimination	n/a	n/a	n/a	72.0	n/a	n/a	n/a	2259.1229835	n/a	2.0820285147055984	1.0	3	2.0	HB_40_ShortA.png	n/a	3	2263.7982635	n/a	6	1	2	intervals/timediscrimination_table	5	2259.684654	2261.716235
2259.684654	0.000000	451937	ttl	1	72	n/a	n/a	n/a	n/a	n/a	n/a	n/a	n/a	n/a	n/a	n/a	n/a	n/a	n/a	n/a	n/a	n/a	n/a	n/a	n/a	n/a	2259.684654	n/a
2261.716235	0.000000	452343	ttl	2	72	n/a	n/a	n/a	n/a	n/a	n/a	n/a	n/a	n/a	n/a	n/a	n/a	n/a	n/a	n/a	n/a	n/a	n/a	n/a	n/a	n/a	2261.716235	n/a
2263.798263	0.000000	452760	ttl	4	72	n/a	n/a	n/a	n/a	n/a	n/a	n/a	n/a	n/a	n/a	n/a	n/a	n/a	n/a	n/a	n/a	n/a	n/a	n/a	n/a	n/a	2263.798263	n/a
2263.823523	0.000000	452765	ttl	11	72	n/a	n/a	n/a	n/a	n/a	n/a	n/a	n/a	n/a	n/a	n/a	n/a	n/a	n/a	n/a	n/a	n/a	n/a	n/a	n/a	n/a	2263.823523	n/a
2264.385459	2.031268	452877	time_discrimination	n/a	n/a	n/a	72.0	n/a	n/a	n/a	2263.823523	n/a	1.7664651687955484	2.0	1	3.0	NB_28_ShortA.png	n/a	7	2268.18319225	n/a	7	2	2	intervals/timediscrimination_table	6	2264.385459	2266.416727
2264.385459	0.000000	452877	ttl	1	72	n/a	n/a	n/a	n/a	n/a	n/a	n/a	n/a	n/a	n/a	n/a	n/a	n/a	n/a	n/a	n/a	n/a	n/a	n/a	n/a	n/a	2264.385459	n/a
2266.416727	0.000000	453283	ttl	2	72	n/a	n/a	n/a	n/a	n/a	n/a	n/a	n/a	n/a	n/a	n/a	n/a	n/a	n/a	n/a	n/a	n/a	n/a	n/a	n/a	n/a	2266.416727	n/a
2268.183192	0.000000	453637	ttl	4	72	n/a	n/a	n/a	n/a	n/a	n/a	n/a	n/a	n/a	n/a	n/a	n/a	n/a	n/a	n/a	n/a	n/a	n/a	n/a	n/a	n/a	2268.183192	n/a
2268.204100	0.000000	453641	ttl	11	72	n/a	n/a	n/a	n/a	n/a	n/a	n/a	n/a	n/a	n/a	n/a	n/a	n/a	n/a	n/a	n/a	n/a	n/a	n/a	n/a	n/a	2268.204100	n/a
2268.806106	2.031336	453761	time_discrimination	n/a	n/a	n/a	72.0	n/a	n/a	n/a	2268.20409975	n/a	1.2657138638896868	2.0	2	3.0	SB_10_ShortA.png	n/a	2	2272.1031562499998	n/a	8	1	1	intervals/timediscrimination_table	7	2268.806106	2270.837442
2268.806106	0.000000	453761	ttl	1	72	n/a	n/a	n/a	n/a	n/a	n/a	n/a	n/a	n/a	n/a	n/a	n/a	n/a	n/a	n/a	n/a	n/a	n/a	n/a	n/a	n/a	2268.806106	n/a
2270.837442	0.000000	454167	ttl	2	72	n/a	n/a	n/a	n/a	n/a	n/a	n/a	n/a	n/a	n/a	n/a	n/a	n/a	n/a	n/a	n/a	n/a	n/a	n/a	n/a	n/a	2270.837442	n/a
2272.103156	0.000000	454421	ttl	4	72	n/a	n/a	n/a	n/a	n/a	n/a	n/a	n/a	n/a	n/a	n/a	n/a	n/a	n/a	n/a	n/a	n/a	n/a	n/a	n/a	n/a	2272.103156	n/a
2272.115461	0.000000	454423	ttl	11	72	n/a	n/a	n/a	n/a	n/a	n/a	n/a	n/a	n/a	n/a	n/a	n/a	n/a	n/a	n/a	n/a	n/a	n/a	n/a	n/a	n/a	2272.115461	n/a
2272.697243	2.031557	454539	time_discrimination	n/a	n/a	n/a	72.0	n/a	n/a	n/a	2272.11546075	n/a	1.543761451728642	2.0	2	3.0	SB_52_ShortA.png	n/a	2	2276.2725607499997	n/a	9	1	1	intervals/timediscrimination_table	8	2272.697243	2274.728799
2272.697243	0.000000	454539	ttl	1	72	n/a	n/a	n/a	n/a	n/a	n/a	n/a	n/a	n/a	n/a	n/a	n/a	n/a	n/a	n/a	n/a	n/a	n/a	n/a	n/a	n/a	2272.697243	n/a
2274.728799	0.000000	454946	ttl	2	72	n/a	n/a	n/a	n/a	n/a	n/a	n/a	n/a	n/a	n/a	n/a	n/a	n/a	n/a	n/a	n/a	n/a	n/a	n/a	n/a	n/a	2274.728799	n/a
2276.272561	0.000000	455255	ttl	4	72	n/a	n/a	n/a	n/a	n/a	n/a	n/a	n/a	n/a	n/a	n/a	n/a	n/a	n/a	n/a	n/a	n/a	n/a	n/a	n/a	n/a	2276.272561	n/a
2276.289542	0.000000	455258	ttl	11	72	n/a	n/a	n/a	n/a	n/a	n/a	n/a	n/a	n/a	n/a	n/a	n/a	n/a	n/a	n/a	n/a	n/a	n/a	n/a	n/a	n/a	2276.289542	n/a
2276.891552	2.031194	455378	time_discrimination	n/a	n/a	n/a	72.0	n/a	n/a	n/a	2276.2895424999997	n/a	1.9037465499714017	2.0	2	3.0	SB_50_ShortA.png	n/a	7	2280.82649275	n/a	10	2	2	intervals/timediscrimination_table	9	2276.891552	2278.922746
2276.891552	0.000000	455378	ttl	1	72	n/a	n/a	n/a	n/a	n/a	n/a	n/a	n/a	n/a	n/a	n/a	n/a	n/a	n/a	n/a	n/a	n/a	n/a	n/a	n/a	n/a	2276.891552	n/a
2278.922746	0.000000	455785	ttl	2	72	n/a	n/a	n/a	n/a	n/a	n/a	n/a	n/a	n/a	n/a	n/a	n/a	n/a	n/a	n/a	n/a	n/a	n/a	n/a	n/a	n/a	2278.922746	n/a
2280.826493	0.000000	456165	ttl	4	72	n/a	n/a	n/a	n/a	n/a	n/a	n/a	n/a	n/a	n/a	n/a	n/a	n/a	n/a	n/a	n/a	n/a	n/a	n/a	n/a	n/a	2280.826493	n/a
2280.838303	0.000000	456168	ttl	11	72	n/a	n/a	n/a	n/a	n/a	n/a	n/a	n/a	n/a	n/a	n/a	n/a	n/a	n/a	n/a	n/a	n/a	n/a	n/a	n/a	n/a	2280.838303	n/a
2281.480478	2.031320	456296	time_discrimination	n/a	n/a	n/a	72.0	n/a	n/a	n/a	2280.83830275	n/a	1.3094675582833588	2.0	1	3.0	NB_24_LongA.png	n/a	2	2284.82126625	n/a	11	1	1	intervals/timediscrimination_table	10	2281.480478	2283.511799
2281.480478	0.000000	456296	ttl	1	72	n/a	n/a	n/a	n/a	n/a	n/a	n/a	n/a	n/a	n/a	n/a	n/a	n/a	n/a	n/a	n/a	n/a	n/a	n/a	n/a	n/a	2281.480478	n/a
2283.511799	0.000000	456702	ttl	2	72	n/a	n/a	n/a	n/a	n/a	n/a	n/a	n/a	n/a	n/a	n/a	n/a	n/a	n/a	n/a	n/a	n/a	n/a	n/a	n/a	n/a	2283.511799	n/a
2284.821266	0.000000	456964	ttl	4	72	n/a	n/a	n/a	n/a	n/a	n/a	n/a	n/a	n/a	n/a	n/a	n/a	n/a	n/a	n/a	n/a	n/a	n/a	n/a	n/a	n/a	2284.821266	n/a
2284.844214	0.000000	456969	ttl	11	72	n/a	n/a	n/a	n/a	n/a	n/a	n/a	n/a	n/a	n/a	n/a	n/a	n/a	n/a	n/a	n/a	n/a	n/a	n/a	n/a	n/a	2284.844214	n/a
2285.446195	2.031211	457089	time_discrimination	n/a	n/a	n/a	72.0	n/a	n/a	n/a	2284.84421375	n/a	1.757341254153289	2.0	2	3.0	SB_38_LongA.png	n/a	2	2289.2347474999997	n/a	12	1	1	intervals/timediscrimination_table	11	2285.446195	2287.477406
2285.446195	0.000000	457089	ttl	1	72	n/a	n/a	n/a	n/a	n/a	n/a	n/a	n/a	n/a	n/a	n/a	n/a	n/a	n/a	n/a	n/a	n/a	n/a	n/a	n/a	n/a	2285.446195	n/a
2287.477406	0.000000	457495	ttl	2	72	n/a	n/a	n/a	n/a	n/a	n/a	n/a	n/a	n/a	n/a	n/a	n/a	n/a	n/a	n/a	n/a	n/a	n/a	n/a	n/a	n/a	2287.477406	n/a
2289.234747	0.000000	457847	ttl	4	72	n/a	n/a	n/a	n/a	n/a	n/a	n/a	n/a	n/a	n/a	n/a	n/a	n/a	n/a	n/a	n/a	n/a	n/a	n/a	n/a	n/a	2289.234747	n/a
2289.248280	0.000000	457850	ttl	11	72	n/a	n/a	n/a	n/a	n/a	n/a	n/a	n/a	n/a	n/a	n/a	n/a	n/a	n/a	n/a	n/a	n/a	n/a	n/a	n/a	n/a	2289.248280	n/a
2289.810138	2.031330	457962	time_discrimination	n/a	n/a	n/a	72.0	n/a	n/a	n/a	2289.24828	n/a	2.1451354400487617	1.0	3	2.0	HB_52_ShortA.png	n/a	6	2293.9866035	n/a	13	2	1	intervals/timediscrimination_table	12	2289.810138	2291.841468
2289.810138	0.000000	457962	ttl	1	72	n/a	n/a	n/a	n/a	n/a	n/a	n/a	n/a	n/a	n/a	n/a	n/a	n/a	n/a	n/a	n/a	n/a	n/a	n/a	n/a	n/a	2289.810138	n/a
2291.841468	0.000000	458368	ttl	2	72	n/a	n/a	n/a	n/a	n/a	n/a	n/a	n/a	n/a	n/a	n/a	n/a	n/a	n/a	n/a	n/a	n/a	n/a	n/a	n/a	n/a	2291.841468	n/a
2293.986604	0.000000	458797	ttl	4	72	n/a	n/a	n/a	n/a	n/a	n/a	n/a	n/a	n/a	n/a	n/a	n/a	n/a	n/a	n/a	n/a	n/a	n/a	n/a	n/a	n/a	2293.986604	n/a
2293.995485	0.000000	458799	ttl	11	72	n/a	n/a	n/a	n/a	n/a	n/a	n/a	n/a	n/a	n/a	n/a	n/a	n/a	n/a	n/a	n/a	n/a	n/a	n/a	n/a	n/a	2293.995485	n/a
2294.577440	2.030743	458915	time_discrimination	n/a	n/a	n/a	72.0	n/a	n/a	n/a	2293.995485	n/a	1.2151527061359957	2.0	2	3.0	SB_14_ShortA.png	n/a	7	2297.82333625	n/a	14	2	2	intervals/timediscrimination_table	13	2294.577440	2296.608183
2294.577440	0.000000	458915	ttl	1	72	n/a	n/a	n/a	n/a	n/a	n/a	n/a	n/a	n/a	n/a	n/a	n/a	n/a	n/a	n/a	n/a	n/a	n/a	n/a	n/a	n/a	2294.577440	n/a
2296.608183	0.000000	459322	ttl	2	72	n/a	n/a	n/a	n/a	n/a	n/a	n/a	n/a	n/a	n/a	n/a	n/a	n/a	n/a	n/a	n/a	n/a	n/a	n/a	n/a	n/a	2296.608183	n/a
2297.823336	0.000000	459565	ttl	4	72	n/a	n/a	n/a	n/a	n/a	n/a	n/a	n/a	n/a	n/a	n/a	n/a	n/a	n/a	n/a	n/a	n/a	n/a	n/a	n/a	n/a	2297.823336	n/a
2297.831528	0.000000	459566	ttl	11	72	n/a	n/a	n/a	n/a	n/a	n/a	n/a	n/a	n/a	n/a	n/a	n/a	n/a	n/a	n/a	n/a	n/a	n/a	n/a	n/a	n/a	2297.831528	n/a
2298.493528	2.031139	459699	time_discrimination	n/a	n/a	n/a	72.0	n/a	n/a	n/a	2297.83152775	n/a	2.078934150049463	2.0	2	3.0	SB_45_ShortA.png	n/a	7	2302.60360175	n/a	15	2	2	intervals/timediscrimination_table	14	2298.493528	2300.524668
2298.493528	0.000000	459699	ttl	1	72	n/a	n/a	n/a	n/a	n/a	n/a	n/a	n/a	n/a	n/a	n/a	n/a	n/a	n/a	n/a	n/a	n/a	n/a	n/a	n/a	n/a	2298.493528	n/a
2300.524668	0.000000	460105	ttl	2	72	n/a	n/a	n/a	n/a	n/a	n/a	n/a	n/a	n/a	n/a	n/a	n/a	n/a	n/a	n/a	n/a	n/a	n/a	n/a	n/a	n/a	2300.524668	n/a
2302.603602	0.000000	460521	ttl	4	72	n/a	n/a	n/a	n/a	n/a	n/a	n/a	n/a	n/a	n/a	n/a	n/a	n/a	n/a	n/a	n/a	n/a	n/a	n/a	n/a	n/a	2302.603602	n/a
2302.622521	0.000000	460525	ttl	11	72	n/a	n/a	n/a	n/a	n/a	n/a	n/a	n/a	n/a	n/a	n/a	n/a	n/a	n/a	n/a	n/a	n/a	n/a	n/a	n/a	n/a	2302.622521	n/a
2303.244672	2.031619	460649	time_discrimination	n/a	n/a	n/a	72.0	n/a	n/a	n/a	2302.6225215	n/a	1.4780131047591567	1.0	3	2.0	HB_4_LongA.png	n/a	3	2306.7543035	n/a	16	1	2	intervals/timediscrimination_table	15	2303.244672	2305.276290
2303.244672	0.000000	460649	ttl	1	72	n/a	n/a	n/a	n/a	n/a	n/a	n/a	n/a	n/a	n/a	n/a	n/a	n/a	n/a	n/a	n/a	n/a	n/a	n/a	n/a	n/a	2303.244672	n/a
2305.276290	0.000000	461055	ttl	2	72	n/a	n/a	n/a	n/a	n/a	n/a	n/a	n/a	n/a	n/a	n/a	n/a	n/a	n/a	n/a	n/a	n/a	n/a	n/a	n/a	n/a	2305.276290	n/a
2306.754303	0.000000	461351	ttl	4	72	n/a	n/a	n/a	n/a	n/a	n/a	n/a	n/a	n/a	n/a	n/a	n/a	n/a	n/a	n/a	n/a	n/a	n/a	n/a	n/a	n/a	2306.754303	n/a
2306.764027	0.000000	461353	ttl	11	72	n/a	n/a	n/a	n/a	n/a	n/a	n/a	n/a	n/a	n/a	n/a	n/a	n/a	n/a	n/a	n/a	n/a	n/a	n/a	n/a	n/a	2306.764027	n/a
2307.406118	2.031356	461481	time_discrimination	n/a	n/a	n/a	72.0	n/a	n/a	n/a	2306.76402675	n/a	1.733485296019353	2.0	1	3.0	NB_13_ShortA.png	n/a	7	2311.1709585	n/a	17	2	2	intervals/timediscrimination_table	16	2307.406118	2309.437473
2307.406118	0.000000	461481	ttl	1	72	n/a	n/a	n/a	n/a	n/a	n/a	n/a	n/a	n/a	n/a	n/a	n/a	n/a	n/a	n/a	n/a	n/a	n/a	n/a	n/a	n/a	2307.406118	n/a
2309.437473	0.000000	461887	ttl	2	72	n/a	n/a	n/a	n/a	n/a	n/a	n/a	n/a	n/a	n/a	n/a	n/a	n/a	n/a	n/a	n/a	n/a	n/a	n/a	n/a	n/a	2309.437473	n/a
2311.170958	0.000000	462234	ttl	4	72	n/a	n/a	n/a	n/a	n/a	n/a	n/a	n/a	n/a	n/a	n/a	n/a	n/a	n/a	n/a	n/a	n/a	n/a	n/a	n/a	n/a	2311.170958	n/a
2311.190227	0.000000	462238	ttl	11	72	n/a	n/a	n/a	n/a	n/a	n/a	n/a	n/a	n/a	n/a	n/a	n/a	n/a	n/a	n/a	n/a	n/a	n/a	n/a	n/a	n/a	2311.190227	n/a
2311.752117	2.031363	462350	time_discrimination	n/a	n/a	n/a	72.0	n/a	n/a	n/a	2311.19022675	n/a	1.3476423069369048	2.0	1	3.0	NB_26_ShortA.png	n/a	7	2315.131123	n/a	18	2	2	intervals/timediscrimination_table	17	2311.752117	2313.783481
2311.752117	0.000000	462350	ttl	1	72	n/a	n/a	n/a	n/a	n/a	n/a	n/a	n/a	n/a	n/a	n/a	n/a	n/a	n/a	n/a	n/a	n/a	n/a	n/a	n/a	n/a	2311.752117	n/a
2313.783481	0.000000	462757	ttl	2	72	n/a	n/a	n/a	n/a	n/a	n/a	n/a	n/a	n/a	n/a	n/a	n/a	n/a	n/a	n/a	n/a	n/a	n/a	n/a	n/a	n/a	2313.783481	n/a
2315.131123	0.000000	463026	ttl	4	72	n/a	n/a	n/a	n/a	n/a	n/a	n/a	n/a	n/a	n/a	n/a	n/a	n/a	n/a	n/a	n/a	n/a	n/a	n/a	n/a	n/a	2315.131123	n/a
2315.150176	0.000000	463030	ttl	11	72	n/a	n/a	n/a	n/a	n/a	n/a	n/a	n/a	n/a	n/a	n/a	n/a	n/a	n/a	n/a	n/a	n/a	n/a	n/a	n/a	n/a	2315.150176	n/a
2315.752222	2.031308	463150	time_discrimination	n/a	n/a	n/a	72.0	n/a	n/a	n/a	2315.15017575	n/a	1.9846350844018161	2.0	2	3.0	SB_28_LongA.png	n/a	2	2319.7681654999997	n/a	19	1	1	intervals/timediscrimination_table	18	2315.752222	2317.783530
2315.752222	0.000000	463150	ttl	1	72	n/a	n/a	n/a	n/a	n/a	n/a	n/a	n/a	n/a	n/a	n/a	n/a	n/a	n/a	n/a	n/a	n/a	n/a	n/a	n/a	n/a	2315.752222	n/a
2317.783530	0.000000	463557	ttl	2	72	n/a	n/a	n/a	n/a	n/a	n/a	n/a	n/a	n/a	n/a	n/a	n/a	n/a	n/a	n/a	n/a	n/a	n/a	n/a	n/a	n/a	2317.783530	n/a
2319.768165	0.000000	463954	ttl	4	72	n/a	n/a	n/a	n/a	n/a	n/a	n/a	n/a	n/a	n/a	n/a	n/a	n/a	n/a	n/a	n/a	n/a	n/a	n/a	n/a	n/a	2319.768165	n/a
2319.773161	0.000000	463955	ttl	11	72	n/a	n/a	n/a	n/a	n/a	n/a	n/a	n/a	n/a	n/a	n/a	n/a	n/a	n/a	n/a	n/a	n/a	n/a	n/a	n/a	n/a	2319.773161	n/a
2320.335217	2.031311	464067	time_discrimination	n/a	n/a	n/a	72.0	n/a	n/a	n/a	2319.7731615	n/a	2.0495584467425942	2.0	2	3.0	SB_25_LongA.png	n/a	7	2324.4160872499997	n/a	20	2	2	intervals/timediscrimination_table	19	2320.335217	2322.366529
2320.335217	0.000000	464067	ttl	1	72	n/a	n/a	n/a	n/a	n/a	n/a	n/a	n/a	n/a	n/a	n/a	n/a	n/a	n/a	n/a	n/a	n/a	n/a	n/a	n/a	n/a	2320.335217	n/a
2322.366529	0.000000	464473	ttl	2	72	n/a	n/a	n/a	n/a	n/a	n/a	n/a	n/a	n/a	n/a	n/a	n/a	n/a	n/a	n/a	n/a	n/a	n/a	n/a	n/a	n/a	2322.366529	n/a
2324.416087	0.000000	464883	ttl	4	72	n/a	n/a	n/a	n/a	n/a	n/a	n/a	n/a	n/a	n/a	n/a	n/a	n/a	n/a	n/a	n/a	n/a	n/a	n/a	n/a	n/a	2324.416087	n/a
2324.429700	0.000000	464886	ttl	11	72	n/a	n/a	n/a	n/a	n/a	n/a	n/a	n/a	n/a	n/a	n/a	n/a	n/a	n/a	n/a	n/a	n/a	n/a	n/a	n/a	n/a	2324.429700	n/a
2325.031745	2.031237	465006	time_discrimination	n/a	n/a	n/a	72.0	n/a	n/a	n/a	2324.4297005	n/a	1.5254420574055985	1.0	3	2.0	HB_2_LongA.png	n/a	6	2328.58842425	n/a	21	2	1	intervals/timediscrimination_table	20	2325.031745	2327.062982
2325.031745	0.000000	465006	ttl	1	72	n/a	n/a	n/a	n/a	n/a	n/a	n/a	n/a	n/a	n/a	n/a	n/a	n/a	n/a	n/a	n/a	n/a	n/a	n/a	n/a	n/a	2325.031745	n/a
2327.062982	0.000000	465413	ttl	2	72	n/a	n/a	n/a	n/a	n/a	n/a	n/a	n/a	n/a	n/a	n/a	n/a	n/a	n/a	n/a	n/a	n/a	n/a	n/a	n/a	n/a	2327.062982	n/a
2328.588424	0.000000	465718	ttl	4	72	n/a	n/a	n/a	n/a	n/a	n/a	n/a	n/a	n/a	n/a	n/a	n/a	n/a	n/a	n/a	n/a	n/a	n/a	n/a	n/a	n/a	2328.588424	n/a
2328.595180	0.000000	465719	ttl	11	72	n/a	n/a	n/a	n/a	n/a	n/a	n/a	n/a	n/a	n/a	n/a	n/a	n/a	n/a	n/a	n/a	n/a	n/a	n/a	n/a	n/a	2328.595180	n/a
2329.257464	2.031329	465851	time_discrimination	n/a	n/a	n/a	72.0	n/a	n/a	n/a	2328.5951797499997	n/a	1.7225502191577107	2.0	2	3.0	SB_1_LongA.png	n/a	7	2333.01134375	n/a	22	2	2	intervals/timediscrimination_table	21	2329.257464	2331.288793
2329.257464	0.000000	465851	ttl	1	72	n/a	n/a	n/a	n/a	n/a	n/a	n/a	n/a	n/a	n/a	n/a	n/a	n/a	n/a	n/a	n/a	n/a	n/a	n/a	n/a	n/a	2329.257464	n/a
2331.288793	0.000000	466258	ttl	2	72	n/a	n/a	n/a	n/a	n/a	n/a	n/a	n/a	n/a	n/a	n/a	n/a	n/a	n/a	n/a	n/a	n/a	n/a	n/a	n/a	n/a	2331.288793	n/a
2333.011344	0.000000	466602	ttl	4	72	n/a	n/a	n/a	n/a	n/a	n/a	n/a	n/a	n/a	n/a	n/a	n/a	n/a	n/a	n/a	n/a	n/a	n/a	n/a	n/a	n/a	2333.011344	n/a
2333.033441	0.000000	466607	ttl	11	72	n/a	n/a	n/a	n/a	n/a	n/a	n/a	n/a	n/a	n/a	n/a	n/a	n/a	n/a	n/a	n/a	n/a	n/a	n/a	n/a	n/a	2333.033441	n/a
2333.655521	2.031311	466731	time_discrimination	n/a	n/a	n/a	72.0	n/a	n/a	n/a	2333.0334414999998	n/a	1.9719309335341677	2.0	2	3.0	SB_41_ShortA.png	n/a	2	2337.658763	n/a	23	1	1	intervals/timediscrimination_table	22	2333.655521	2335.686832
2333.655521	0.000000	466731	ttl	1	72	n/a	n/a	n/a	n/a	n/a	n/a	n/a	n/a	n/a	n/a	n/a	n/a	n/a	n/a	n/a	n/a	n/a	n/a	n/a	n/a	n/a	2333.655521	n/a
2335.686832	0.000000	467137	ttl	2	72	n/a	n/a	n/a	n/a	n/a	n/a	n/a	n/a	n/a	n/a	n/a	n/a	n/a	n/a	n/a	n/a	n/a	n/a	n/a	n/a	n/a	2335.686832	n/a
2337.658763	0.000000	467532	ttl	4	72	n/a	n/a	n/a	n/a	n/a	n/a	n/a	n/a	n/a	n/a	n/a	n/a	n/a	n/a	n/a	n/a	n/a	n/a	n/a	n/a	n/a	2337.658763	n/a
2337.674299	0.000000	467535	ttl	11	72	n/a	n/a	n/a	n/a	n/a	n/a	n/a	n/a	n/a	n/a	n/a	n/a	n/a	n/a	n/a	n/a	n/a	n/a	n/a	n/a	n/a	2337.674299	n/a
2338.236131	2.031221	467647	time_discrimination	n/a	n/a	n/a	72.0	n/a	n/a	n/a	2337.6742995	n/a	1.8408894872991368	2.0	1	3.0	NB_9_LongA.png	n/a	7	2342.10824125	n/a	24	2	2	intervals/timediscrimination_table	23	2338.236131	2340.267352
2338.236131	0.000000	467647	ttl	1	72	n/a	n/a	n/a	n/a	n/a	n/a	n/a	n/a	n/a	n/a	n/a	n/a	n/a	n/a	n/a	n/a	n/a	n/a	n/a	n/a	n/a	2338.236131	n/a
2340.267352	0.000000	468053	ttl	2	72	n/a	n/a	n/a	n/a	n/a	n/a	n/a	n/a	n/a	n/a	n/a	n/a	n/a	n/a	n/a	n/a	n/a	n/a	n/a	n/a	n/a	2340.267352	n/a
2342.108241	0.000000	468422	ttl	4	72	n/a	n/a	n/a	n/a	n/a	n/a	n/a	n/a	n/a	n/a	n/a	n/a	n/a	n/a	n/a	n/a	n/a	n/a	n/a	n/a	n/a	2342.108241	n/a
2342.131885	0.000000	468426	ttl	11	72	n/a	n/a	n/a	n/a	n/a	n/a	n/a	n/a	n/a	n/a	n/a	n/a	n/a	n/a	n/a	n/a	n/a	n/a	n/a	n/a	n/a	2342.131885	n/a
2342.774038	2.031321	468555	time_discrimination	n/a	n/a	n/a	72.0	n/a	n/a	n/a	2342.13188525	n/a	1.598572154995054	2.0	1	3.0	NB_23_ShortA.png	n/a	2	2346.403931	n/a	25	1	1	intervals/timediscrimination_table	24	2342.774038	2344.805359
2342.774038	0.000000	468555	ttl	1	72	n/a	n/a	n/a	n/a	n/a	n/a	n/a	n/a	n/a	n/a	n/a	n/a	n/a	n/a	n/a	n/a	n/a	n/a	n/a	n/a	n/a	2342.774038	n/a
2344.805359	0.000000	468961	ttl	2	72	n/a	n/a	n/a	n/a	n/a	n/a	n/a	n/a	n/a	n/a	n/a	n/a	n/a	n/a	n/a	n/a	n/a	n/a	n/a	n/a	n/a	2344.805359	n/a
2346.403931	0.000000	469281	ttl	4	72	n/a	n/a	n/a	n/a	n/a	n/a	n/a	n/a	n/a	n/a	n/a	n/a	n/a	n/a	n/a	n/a	n/a	n/a	n/a	n/a	n/a	2346.403931	n/a
2346.420667	0.000000	469284	ttl	11	72	n/a	n/a	n/a	n/a	n/a	n/a	n/a	n/a	n/a	n/a	n/a	n/a	n/a	n/a	n/a	n/a	n/a	n/a	n/a	n/a	n/a	2346.420667	n/a
2347.002618	2.031372	469401	time_discrimination	n/a	n/a	n/a	72.0	n/a	n/a	n/a	2346.42066675	n/a	1.842249566456303	1.0	3	1.0	HB_51_ShortA.png	n/a	5	2350.87624	n/a	26	2	1	intervals/timediscrimination_table	25	2347.002618	2349.033990
2347.002618	0.000000	469401	ttl	1	72	n/a	n/a	n/a	n/a	n/a	n/a	n/a	n/a	n/a	n/a	n/a	n/a	n/a	n/a	n/a	n/a	n/a	n/a	n/a	n/a	n/a	2347.002618	n/a
2349.033990	0.000000	469807	ttl	2	72	n/a	n/a	n/a	n/a	n/a	n/a	n/a	n/a	n/a	n/a	n/a	n/a	n/a	n/a	n/a	n/a	n/a	n/a	n/a	n/a	n/a	2349.033990	n/a
2350.876240	0.000000	470175	ttl	4	72	n/a	n/a	n/a	n/a	n/a	n/a	n/a	n/a	n/a	n/a	n/a	n/a	n/a	n/a	n/a	n/a	n/a	n/a	n/a	n/a	n/a	2350.876240	n/a
2350.883990	0.000000	470177	ttl	11	72	n/a	n/a	n/a	n/a	n/a	n/a	n/a	n/a	n/a	n/a	n/a	n/a	n/a	n/a	n/a	n/a	n/a	n/a	n/a	n/a	n/a	2350.883990	n/a
2351.485833	2.031318	470297	time_discrimination	n/a	n/a	n/a	72.0	n/a	n/a	n/a	2350.8839897499997	n/a	2.017889261362143	1.0	3	2.0	HB_45_LongA.png	n/a	3	2355.53504075	n/a	27	1	2	intervals/timediscrimination_table	26	2351.485833	2353.517151
2351.485833	0.000000	470297	ttl	1	72	n/a	n/a	n/a	n/a	n/a	n/a	n/a	n/a	n/a	n/a	n/a	n/a	n/a	n/a	n/a	n/a	n/a	n/a	n/a	n/a	n/a	2351.485833	n/a
2353.517151	0.000000	470703	ttl	2	72	n/a	n/a	n/a	n/a	n/a	n/a	n/a	n/a	n/a	n/a	n/a	n/a	n/a	n/a	n/a	n/a	n/a	n/a	n/a	n/a	n/a	2353.517151	n/a
2355.535041	0.000000	471107	ttl	4	72	n/a	n/a	n/a	n/a	n/a	n/a	n/a	n/a	n/a	n/a	n/a	n/a	n/a	n/a	n/a	n/a	n/a	n/a	n/a	n/a	n/a	2355.535041	n/a
2355.548820	0.000000	471110	ttl	11	72	n/a	n/a	n/a	n/a	n/a	n/a	n/a	n/a	n/a	n/a	n/a	n/a	n/a	n/a	n/a	n/a	n/a	n/a	n/a	n/a	n/a	2355.548820	n/a
2356.171071	2.031319	471234	time_discrimination	n/a	n/a	n/a	72.0	n/a	n/a	n/a	2355.54882	n/a	1.5408827780047432	2.0	1	3.0	NB_27_LongA.png	n/a	2	2359.74327375	n/a	28	1	1	intervals/timediscrimination_table	27	2356.171071	2358.202391
2356.171071	0.000000	471234	ttl	1	72	n/a	n/a	n/a	n/a	n/a	n/a	n/a	n/a	n/a	n/a	n/a	n/a	n/a	n/a	n/a	n/a	n/a	n/a	n/a	n/a	n/a	2356.171071	n/a
2358.202391	0.000000	471640	ttl	2	72	n/a	n/a	n/a	n/a	n/a	n/a	n/a	n/a	n/a	n/a	n/a	n/a	n/a	n/a	n/a	n/a	n/a	n/a	n/a	n/a	n/a	2358.202391	n/a
2359.743274	0.000000	471949	ttl	4	72	n/a	n/a	n/a	n/a	n/a	n/a	n/a	n/a	n/a	n/a	n/a	n/a	n/a	n/a	n/a	n/a	n/a	n/a	n/a	n/a	n/a	2359.743274	n/a
2359.754988	0.000000	471951	ttl	11	72	n/a	n/a	n/a	n/a	n/a	n/a	n/a	n/a	n/a	n/a	n/a	n/a	n/a	n/a	n/a	n/a	n/a	n/a	n/a	n/a	n/a	2359.754988	n/a
2360.316814	2.031364	472063	time_discrimination	n/a	n/a	n/a	72.0	n/a	n/a	n/a	2359.7549879999997	n/a	2.500449897488579	1.0	3	2.0	HB_12_ShortA.png	n/a	3	2364.8486275	n/a	29	1	2	intervals/timediscrimination_table	28	2360.316814	2362.348178
2360.316814	0.000000	472063	ttl	1	72	n/a	n/a	n/a	n/a	n/a	n/a	n/a	n/a	n/a	n/a	n/a	n/a	n/a	n/a	n/a	n/a	n/a	n/a	n/a	n/a	n/a	2360.316814	n/a
2362.348178	0.000000	472470	ttl	2	72	n/a	n/a	n/a	n/a	n/a	n/a	n/a	n/a	n/a	n/a	n/a	n/a	n/a	n/a	n/a	n/a	n/a	n/a	n/a	n/a	n/a	2362.348178	n/a
2364.848628	0.000000	472970	ttl	4	72	n/a	n/a	n/a	n/a	n/a	n/a	n/a	n/a	n/a	n/a	n/a	n/a	n/a	n/a	n/a	n/a	n/a	n/a	n/a	n/a	n/a	2364.848628	n/a
2364.866171	0.000000	472973	ttl	11	72	n/a	n/a	n/a	n/a	n/a	n/a	n/a	n/a	n/a	n/a	n/a	n/a	n/a	n/a	n/a	n/a	n/a	n/a	n/a	n/a	n/a	2364.866171	n/a
2365.428017	2.031419	473086	time_discrimination	n/a	n/a	n/a	72.0	n/a	n/a	n/a	2364.86617075	n/a	1.7973344012862071	2.0	2	3.0	SB_16_ShortA.png	n/a	7	2369.25677025	n/a	30	2	2	intervals/timediscrimination_table	29	2365.428017	2367.459436
2365.428017	0.000000	473086	ttl	1	72	n/a	n/a	n/a	n/a	n/a	n/a	n/a	n/a	n/a	n/a	n/a	n/a	n/a	n/a	n/a	n/a	n/a	n/a	n/a	n/a	n/a	2365.428017	n/a
2367.459436	0.000000	473492	ttl	2	72	n/a	n/a	n/a	n/a	n/a	n/a	n/a	n/a	n/a	n/a	n/a	n/a	n/a	n/a	n/a	n/a	n/a	n/a	n/a	n/a	n/a	2367.459436	n/a
2369.256770	0.000000	473851	ttl	4	72	n/a	n/a	n/a	n/a	n/a	n/a	n/a	n/a	n/a	n/a	n/a	n/a	n/a	n/a	n/a	n/a	n/a	n/a	n/a	n/a	n/a	2369.256770	n/a
2369.280221	0.000000	473856	ttl	11	72	n/a	n/a	n/a	n/a	n/a	n/a	n/a	n/a	n/a	n/a	n/a	n/a	n/a	n/a	n/a	n/a	n/a	n/a	n/a	n/a	n/a	2369.280221	n/a
2369.862206	2.031382	473972	time_discrimination	n/a	n/a	n/a	72.0	n/a	n/a	n/a	2369.28022075	n/a	1.2765125533333048	2.0	1	3.0	NB_21_LongA.png	n/a	2	2373.17010075	n/a	31	1	1	intervals/timediscrimination_table	30	2369.862206	2371.893588
2369.862206	0.000000	473972	ttl	1	72	n/a	n/a	n/a	n/a	n/a	n/a	n/a	n/a	n/a	n/a	n/a	n/a	n/a	n/a	n/a	n/a	n/a	n/a	n/a	n/a	n/a	2369.862206	n/a
2371.893588	0.000000	474379	ttl	2	72	n/a	n/a	n/a	n/a	n/a	n/a	n/a	n/a	n/a	n/a	n/a	n/a	n/a	n/a	n/a	n/a	n/a	n/a	n/a	n/a	n/a	2371.893588	n/a
2373.170101	0.000000	474634	ttl	4	72	n/a	n/a	n/a	n/a	n/a	n/a	n/a	n/a	n/a	n/a	n/a	n/a	n/a	n/a	n/a	n/a	n/a	n/a	n/a	n/a	n/a	2373.170101	n/a
2373.181774	0.000000	474636	ttl	11	72	n/a	n/a	n/a	n/a	n/a	n/a	n/a	n/a	n/a	n/a	n/a	n/a	n/a	n/a	n/a	n/a	n/a	n/a	n/a	n/a	n/a	2373.181774	n/a
2373.783783	2.031318	474757	time_discrimination	n/a	n/a	n/a	72.0	n/a	n/a	n/a	2373.1817745	n/a	1.8293636739253998	1.0	3	1.0	HB_46_ShortA.png	n/a	4	2377.64446525	n/a	32	1	2	intervals/timediscrimination_table	31	2373.783783	2375.815101
2373.783783	0.000000	474757	ttl	1	72	n/a	n/a	n/a	n/a	n/a	n/a	n/a	n/a	n/a	n/a	n/a	n/a	n/a	n/a	n/a	n/a	n/a	n/a	n/a	n/a	n/a	2373.783783	n/a
2375.815101	0.000000	475163	ttl	2	72	n/a	n/a	n/a	n/a	n/a	n/a	n/a	n/a	n/a	n/a	n/a	n/a	n/a	n/a	n/a	n/a	n/a	n/a	n/a	n/a	n/a	2375.815101	n/a
2377.644465	0.000000	475529	ttl	4	72	n/a	n/a	n/a	n/a	n/a	n/a	n/a	n/a	n/a	n/a	n/a	n/a	n/a	n/a	n/a	n/a	n/a	n/a	n/a	n/a	n/a	2377.644465	n/a
2377.653485	0.000000	475531	ttl	11	72	n/a	n/a	n/a	n/a	n/a	n/a	n/a	n/a	n/a	n/a	n/a	n/a	n/a	n/a	n/a	n/a	n/a	n/a	n/a	n/a	n/a	2377.653485	n/a
2378.295888	2.031146	475659	time_discrimination	n/a	n/a	n/a	72.0	n/a	n/a	n/a	2377.653485	n/a	1.8117659108247608	2.0	2	3.0	SB_48_LongA.png	n/a	2	2382.1388005	n/a	33	1	1	intervals/timediscrimination_table	32	2378.295888	2380.327035
2378.295888	0.000000	475659	ttl	1	72	n/a	n/a	n/a	n/a	n/a	n/a	n/a	n/a	n/a	n/a	n/a	n/a	n/a	n/a	n/a	n/a	n/a	n/a	n/a	n/a	n/a	2378.295888	n/a
2380.327035	0.000000	476065	ttl	2	72	n/a	n/a	n/a	n/a	n/a	n/a	n/a	n/a	n/a	n/a	n/a	n/a	n/a	n/a	n/a	n/a	n/a	n/a	n/a	n/a	n/a	2380.327035	n/a
2382.138800	0.000000	476428	ttl	4	72	n/a	n/a	n/a	n/a	n/a	n/a	n/a	n/a	n/a	n/a	n/a	n/a	n/a	n/a	n/a	n/a	n/a	n/a	n/a	n/a	n/a	2382.138800	n/a
2382.150988	0.000000	476430	ttl	11	72	n/a	n/a	n/a	n/a	n/a	n/a	n/a	n/a	n/a	n/a	n/a	n/a	n/a	n/a	n/a	n/a	n/a	n/a	n/a	n/a	n/a	2382.150988	n/a
2382.773058	2.031300	476555	time_discrimination	n/a	n/a	n/a	72.0	n/a	n/a	n/a	2382.150988	n/a	1.2917714597424492	1.0	1	3.0	NB_20_LongA.png	n/a	7	2386.096129	n/a	34	2	1	intervals/timediscrimination_table	33	2382.773058	2384.804357
2382.773058	0.000000	476555	ttl	1	72	n/a	n/a	n/a	n/a	n/a	n/a	n/a	n/a	n/a	n/a	n/a	n/a	n/a	n/a	n/a	n/a	n/a	n/a	n/a	n/a	n/a	2382.773058	n/a
2384.804357	0.000000	476961	ttl	2	72	n/a	n/a	n/a	n/a	n/a	n/a	n/a	n/a	n/a	n/a	n/a	n/a	n/a	n/a	n/a	n/a	n/a	n/a	n/a	n/a	n/a	2384.804357	n/a
2386.096129	0.000000	477219	ttl	4	72	n/a	n/a	n/a	n/a	n/a	n/a	n/a	n/a	n/a	n/a	n/a	n/a	n/a	n/a	n/a	n/a	n/a	n/a	n/a	n/a	n/a	2386.096129	n/a
2386.106050	0.000000	477221	ttl	11	72	n/a	n/a	n/a	n/a	n/a	n/a	n/a	n/a	n/a	n/a	n/a	n/a	n/a	n/a	n/a	n/a	n/a	n/a	n/a	n/a	n/a	2386.106050	n/a
2386.708103	2.031292	477342	time_discrimination	n/a	n/a	n/a	72.0	n/a	n/a	n/a	2386.10604975	n/a	1.9708474593935534	1.0	3	2.0	HB_31_LongA.png	n/a	6	2390.71024275	n/a	35	2	1	intervals/timediscrimination_table	34	2386.708103	2388.739395
2386.708103	0.000000	477342	ttl	1	72	n/a	n/a	n/a	n/a	n/a	n/a	n/a	n/a	n/a	n/a	n/a	n/a	n/a	n/a	n/a	n/a	n/a	n/a	n/a	n/a	n/a	2386.708103	n/a
2388.739395	0.000000	477748	ttl	2	72	n/a	n/a	n/a	n/a	n/a	n/a	n/a	n/a	n/a	n/a	n/a	n/a	n/a	n/a	n/a	n/a	n/a	n/a	n/a	n/a	n/a	2388.739395	n/a
2390.710243	0.000000	478142	ttl	4	72	n/a	n/a	n/a	n/a	n/a	n/a	n/a	n/a	n/a	n/a	n/a	n/a	n/a	n/a	n/a	n/a	n/a	n/a	n/a	n/a	n/a	2390.710243	n/a
2390.726729	0.000000	478145	ttl	11	72	n/a	n/a	n/a	n/a	n/a	n/a	n/a	n/a	n/a	n/a	n/a	n/a	n/a	n/a	n/a	n/a	n/a	n/a	n/a	n/a	n/a	2390.726729	n/a
2391.268523	2.031240	478254	time_discrimination	n/a	n/a	n/a	72.0	n/a	n/a	n/a	2390.726729	n/a	1.5218282566638663	1.0	1	3.0	NB_26_LongA.png	n/a	7	2394.82159125	n/a	36	2	1	intervals/timediscrimination_table	35	2391.268523	2393.299763
2391.268523	0.000000	478254	ttl	1	72	n/a	n/a	n/a	n/a	n/a	n/a	n/a	n/a	n/a	n/a	n/a	n/a	n/a	n/a	n/a	n/a	n/a	n/a	n/a	n/a	n/a	2391.268523	n/a
2393.299763	0.000000	478660	ttl	2	72	n/a	n/a	n/a	n/a	n/a	n/a	n/a	n/a	n/a	n/a	n/a	n/a	n/a	n/a	n/a	n/a	n/a	n/a	n/a	n/a	n/a	2393.299763	n/a
2394.821591	0.000000	478964	ttl	4	72	n/a	n/a	n/a	n/a	n/a	n/a	n/a	n/a	n/a	n/a	n/a	n/a	n/a	n/a	n/a	n/a	n/a	n/a	n/a	n/a	n/a	2394.821591	n/a
2394.834511	0.000000	478967	ttl	11	72	n/a	n/a	n/a	n/a	n/a	n/a	n/a	n/a	n/a	n/a	n/a	n/a	n/a	n/a	n/a	n/a	n/a	n/a	n/a	n/a	n/a	2394.834511	n/a
2395.416304	2.031482	479083	time_discrimination	n/a	n/a	n/a	72.0	n/a	n/a	n/a	2394.83451125	n/a	1.5998661214252934	1.0	3	1.0	HB_43_LongA.png	n/a	5	2399.04765225	n/a	37	2	1	intervals/timediscrimination_table	36	2395.416304	2397.447786
2395.416304	0.000000	479083	ttl	1	72	n/a	n/a	n/a	n/a	n/a	n/a	n/a	n/a	n/a	n/a	n/a	n/a	n/a	n/a	n/a	n/a	n/a	n/a	n/a	n/a	n/a	2395.416304	n/a
2397.447786	0.000000	479490	ttl	2	72	n/a	n/a	n/a	n/a	n/a	n/a	n/a	n/a	n/a	n/a	n/a	n/a	n/a	n/a	n/a	n/a	n/a	n/a	n/a	n/a	n/a	2397.447786	n/a
2399.047652	0.000000	479810	ttl	4	72	n/a	n/a	n/a	n/a	n/a	n/a	n/a	n/a	n/a	n/a	n/a	n/a	n/a	n/a	n/a	n/a	n/a	n/a	n/a	n/a	n/a	2399.047652	n/a
2399.057693	0.000000	479812	ttl	11	72	n/a	n/a	n/a	n/a	n/a	n/a	n/a	n/a	n/a	n/a	n/a	n/a	n/a	n/a	n/a	n/a	n/a	n/a	n/a	n/a	n/a	2399.057693	n/a
2399.659711	2.031289	479932	time_discrimination	n/a	n/a	n/a	72.0	n/a	n/a	n/a	2399.05769325	n/a	1.5781508709769696	2.0	2	3.0	SB_43_ShortA.png	n/a	7	2403.26915	n/a	38	2	2	intervals/timediscrimination_table	37	2399.659711	2401.690999
2399.659711	0.000000	479932	ttl	1	72	n/a	n/a	n/a	n/a	n/a	n/a	n/a	n/a	n/a	n/a	n/a	n/a	n/a	n/a	n/a	n/a	n/a	n/a	n/a	n/a	n/a	2399.659711	n/a
2401.690999	0.000000	480338	ttl	2	72	n/a	n/a	n/a	n/a	n/a	n/a	n/a	n/a	n/a	n/a	n/a	n/a	n/a	n/a	n/a	n/a	n/a	n/a	n/a	n/a	n/a	2401.690999	n/a
2403.269150	0.000000	480654	ttl	4	72	n/a	n/a	n/a	n/a	n/a	n/a	n/a	n/a	n/a	n/a	n/a	n/a	n/a	n/a	n/a	n/a	n/a	n/a	n/a	n/a	n/a	2403.269150	n/a
2403.275469	0.000000	480655	ttl	11	72	n/a	n/a	n/a	n/a	n/a	n/a	n/a	n/a	n/a	n/a	n/a	n/a	n/a	n/a	n/a	n/a	n/a	n/a	n/a	n/a	n/a	2403.275469	n/a
2403.837357	2.031250	480767	time_discrimination	n/a	n/a	n/a	72.0	n/a	n/a	n/a	2403.2754689999997	n/a	1.4307632714044303	1.0	3	2.0	HB_57_LongA.png	n/a	6	2407.2993699999997	n/a	39	2	1	intervals/timediscrimination_table	38	2403.837357	2405.868607
2403.837357	0.000000	480767	ttl	1	72	n/a	n/a	n/a	n/a	n/a	n/a	n/a	n/a	n/a	n/a	n/a	n/a	n/a	n/a	n/a	n/a	n/a	n/a	n/a	n/a	n/a	2403.837357	n/a
2405.868607	0.000000	481174	ttl	2	72	n/a	n/a	n/a	n/a	n/a	n/a	n/a	n/a	n/a	n/a	n/a	n/a	n/a	n/a	n/a	n/a	n/a	n/a	n/a	n/a	n/a	2405.868607	n/a
2407.299370	0.000000	481460	ttl	4	72	n/a	n/a	n/a	n/a	n/a	n/a	n/a	n/a	n/a	n/a	n/a	n/a	n/a	n/a	n/a	n/a	n/a	n/a	n/a	n/a	n/a	2407.299370	n/a
2407.306128	0.000000	481461	ttl	11	72	n/a	n/a	n/a	n/a	n/a	n/a	n/a	n/a	n/a	n/a	n/a	n/a	n/a	n/a	n/a	n/a	n/a	n/a	n/a	n/a	n/a	2407.306128	n/a
2407.868167	2.031151	481574	time_discrimination	n/a	n/a	n/a	72.0	n/a	n/a	n/a	2407.3061285	n/a	1.4616370521252975	2.0	2	3.0	SB_47_LongA.png	n/a	2	2411.36095475	n/a	40	1	1	intervals/timediscrimination_table	39	2407.868167	2409.899318
2407.868167	0.000000	481574	ttl	1	72	n/a	n/a	n/a	n/a	n/a	n/a	n/a	n/a	n/a	n/a	n/a	n/a	n/a	n/a	n/a	n/a	n/a	n/a	n/a	n/a	n/a	2407.868167	n/a
2409.899318	0.000000	481980	ttl	2	72	n/a	n/a	n/a	n/a	n/a	n/a	n/a	n/a	n/a	n/a	n/a	n/a	n/a	n/a	n/a	n/a	n/a	n/a	n/a	n/a	n/a	2409.899318	n/a
2411.360955	0.000000	482272	ttl	4	72	n/a	n/a	n/a	n/a	n/a	n/a	n/a	n/a	n/a	n/a	n/a	n/a	n/a	n/a	n/a	n/a	n/a	n/a	n/a	n/a	n/a	2411.360955	n/a
2411.376137	0.000000	482275	ttl	11	72	n/a	n/a	n/a	n/a	n/a	n/a	n/a	n/a	n/a	n/a	n/a	n/a	n/a	n/a	n/a	n/a	n/a	n/a	n/a	n/a	n/a	2411.376137	n/a
2411.958093	2.031285	482392	time_discrimination	n/a	n/a	n/a	72.0	n/a	n/a	n/a	2411.3761365	n/a	1.7677818066440523	1.0	3	1.0	HB_11_LongA.png	n/a	5	2415.75715925	n/a	41	2	1	intervals/timediscrimination_table	40	2411.958093	2413.989378
2411.958093	0.000000	482392	ttl	1	72	n/a	n/a	n/a	n/a	n/a	n/a	n/a	n/a	n/a	n/a	n/a	n/a	n/a	n/a	n/a	n/a	n/a	n/a	n/a	n/a	n/a	2411.958093	n/a
2413.989378	0.000000	482798	ttl	2	72	n/a	n/a	n/a	n/a	n/a	n/a	n/a	n/a	n/a	n/a	n/a	n/a	n/a	n/a	n/a	n/a	n/a	n/a	n/a	n/a	n/a	2413.989378	n/a
2415.757159	0.000000	483151	ttl	4	72	n/a	n/a	n/a	n/a	n/a	n/a	n/a	n/a	n/a	n/a	n/a	n/a	n/a	n/a	n/a	n/a	n/a	n/a	n/a	n/a	n/a	2415.757159	n/a
2415.781176	0.000000	483156	ttl	11	72	n/a	n/a	n/a	n/a	n/a	n/a	n/a	n/a	n/a	n/a	n/a	n/a	n/a	n/a	n/a	n/a	n/a	n/a	n/a	n/a	n/a	2415.781176	n/a
2416.343095	2.031011	483269	time_discrimination	n/a	n/a	n/a	72.0	n/a	n/a	n/a	2415.78117575	n/a	1.8074776162393391	1.0	3	2.0	HB_50_LongA.png	n/a	3	2420.1815834999998	n/a	42	1	2	intervals/timediscrimination_table	41	2416.343095	2418.374106
2416.343095	0.000000	483269	ttl	1	72	n/a	n/a	n/a	n/a	n/a	n/a	n/a	n/a	n/a	n/a	n/a	n/a	n/a	n/a	n/a	n/a	n/a	n/a	n/a	n/a	n/a	2416.343095	n/a
2418.374106	0.000000	483675	ttl	2	72	n/a	n/a	n/a	n/a	n/a	n/a	n/a	n/a	n/a	n/a	n/a	n/a	n/a	n/a	n/a	n/a	n/a	n/a	n/a	n/a	n/a	2418.374106	n/a
2420.181583	0.000000	484036	ttl	4	72	n/a	n/a	n/a	n/a	n/a	n/a	n/a	n/a	n/a	n/a	n/a	n/a	n/a	n/a	n/a	n/a	n/a	n/a	n/a	n/a	n/a	2420.181583	n/a
2420.195562	0.000000	484039	ttl	11	72	n/a	n/a	n/a	n/a	n/a	n/a	n/a	n/a	n/a	n/a	n/a	n/a	n/a	n/a	n/a	n/a	n/a	n/a	n/a	n/a	n/a	2420.195562	n/a
2420.877714	2.031445	484176	time_discrimination	n/a	n/a	n/a	72.0	n/a	n/a	n/a	2420.195562	n/a	1.082034872379154	2.0	2	3.0	SB_53_ShortA.png	n/a	7	2423.99119375	n/a	43	2	2	intervals/timediscrimination_table	42	2420.877714	2422.909159
2420.877714	0.000000	484176	ttl	1	72	n/a	n/a	n/a	n/a	n/a	n/a	n/a	n/a	n/a	n/a	n/a	n/a	n/a	n/a	n/a	n/a	n/a	n/a	n/a	n/a	n/a	2420.877714	n/a
2422.909159	0.000000	484582	ttl	2	72	n/a	n/a	n/a	n/a	n/a	n/a	n/a	n/a	n/a	n/a	n/a	n/a	n/a	n/a	n/a	n/a	n/a	n/a	n/a	n/a	n/a	2422.909159	n/a
2423.991194	0.000000	484798	ttl	4	72	n/a	n/a	n/a	n/a	n/a	n/a	n/a	n/a	n/a	n/a	n/a	n/a	n/a	n/a	n/a	n/a	n/a	n/a	n/a	n/a	n/a	2423.991194	n/a
2424.003233	0.000000	484801	ttl	11	72	n/a	n/a	n/a	n/a	n/a	n/a	n/a	n/a	n/a	n/a	n/a	n/a	n/a	n/a	n/a	n/a	n/a	n/a	n/a	n/a	n/a	2424.003233	n/a
2424.685528	2.031510	484937	time_discrimination	n/a	n/a	n/a	72.0	n/a	n/a	n/a	2424.00323325	n/a	1.4860885554226115	1.0	3	1.0	HB_53_ShortA.png	n/a	4	2428.2031267499997	n/a	44	1	2	intervals/timediscrimination_table	43	2424.685528	2426.717038
2424.685528	0.000000	484937	ttl	1	72	n/a	n/a	n/a	n/a	n/a	n/a	n/a	n/a	n/a	n/a	n/a	n/a	n/a	n/a	n/a	n/a	n/a	n/a	n/a	n/a	n/a	2424.685528	n/a
2426.717038	0.000000	485343	ttl	2	72	n/a	n/a	n/a	n/a	n/a	n/a	n/a	n/a	n/a	n/a	n/a	n/a	n/a	n/a	n/a	n/a	n/a	n/a	n/a	n/a	n/a	2426.717038	n/a
2428.203127	0.000000	485641	ttl	4	72	n/a	n/a	n/a	n/a	n/a	n/a	n/a	n/a	n/a	n/a	n/a	n/a	n/a	n/a	n/a	n/a	n/a	n/a	n/a	n/a	n/a	2428.203127	n/a
2428.227261	0.000000	485645	ttl	11	72	n/a	n/a	n/a	n/a	n/a	n/a	n/a	n/a	n/a	n/a	n/a	n/a	n/a	n/a	n/a	n/a	n/a	n/a	n/a	n/a	n/a	2428.227261	n/a
2428.789329	2.031339	485758	time_discrimination	n/a	n/a	n/a	72.0	n/a	n/a	n/a	2428.22726075	n/a	1.8944263443117961	2.0	1	2.0	NB_5_LongA.png	n/a	3	2432.71509525	n/a	45	1	1	intervals/timediscrimination_table	44	2428.789329	2430.820669
2428.789329	0.000000	485758	ttl	1	72	n/a	n/a	n/a	n/a	n/a	n/a	n/a	n/a	n/a	n/a	n/a	n/a	n/a	n/a	n/a	n/a	n/a	n/a	n/a	n/a	n/a	2428.789329	n/a
2430.820669	0.000000	486164	ttl	2	72	n/a	n/a	n/a	n/a	n/a	n/a	n/a	n/a	n/a	n/a	n/a	n/a	n/a	n/a	n/a	n/a	n/a	n/a	n/a	n/a	n/a	2430.820669	n/a
2432.715095	0.000000	486543	ttl	4	72	n/a	n/a	n/a	n/a	n/a	n/a	n/a	n/a	n/a	n/a	n/a	n/a	n/a	n/a	n/a	n/a	n/a	n/a	n/a	n/a	n/a	2432.715095	n/a
2432.739320	0.000000	486548	ttl	11	72	n/a	n/a	n/a	n/a	n/a	n/a	n/a	n/a	n/a	n/a	n/a	n/a	n/a	n/a	n/a	n/a	n/a	n/a	n/a	n/a	n/a	2432.739320	n/a
2433.301214	2.031301	486660	time_discrimination	n/a	n/a	n/a	72.0	n/a	n/a	n/a	2432.7393202499998	n/a	1.5553933448391035	2.0	2	3.0	SB_58_ShortA.png	n/a	2	2436.887909	n/a	46	1	1	intervals/timediscrimination_table	45	2433.301214	2435.332515
2433.301214	0.000000	486660	ttl	1	72	n/a	n/a	n/a	n/a	n/a	n/a	n/a	n/a	n/a	n/a	n/a	n/a	n/a	n/a	n/a	n/a	n/a	n/a	n/a	n/a	n/a	2433.301214	n/a
2435.332515	0.000000	487067	ttl	2	72	n/a	n/a	n/a	n/a	n/a	n/a	n/a	n/a	n/a	n/a	n/a	n/a	n/a	n/a	n/a	n/a	n/a	n/a	n/a	n/a	n/a	2435.332515	n/a
2436.887909	0.000000	487378	ttl	4	72	n/a	n/a	n/a	n/a	n/a	n/a	n/a	n/a	n/a	n/a	n/a	n/a	n/a	n/a	n/a	n/a	n/a	n/a	n/a	n/a	n/a	2436.887909	n/a
2436.908775	0.000000	487382	ttl	11	72	n/a	n/a	n/a	n/a	n/a	n/a	n/a	n/a	n/a	n/a	n/a	n/a	n/a	n/a	n/a	n/a	n/a	n/a	n/a	n/a	n/a	2436.908775	n/a
2437.691465	2.031110	487538	time_discrimination	n/a	n/a	n/a	72.0	n/a	n/a	n/a	2436.908775	n/a	1.3551368643529713	2.0	2	2.0	SB_54_LongA.png	n/a	3	2441.0777115	n/a	47	1	1	intervals/timediscrimination_table	46	2437.691465	2439.722575
2437.691465	0.000000	487538	ttl	1	72	n/a	n/a	n/a	n/a	n/a	n/a	n/a	n/a	n/a	n/a	n/a	n/a	n/a	n/a	n/a	n/a	n/a	n/a	n/a	n/a	n/a	2437.691465	n/a
2439.722575	0.000000	487945	ttl	2	72	n/a	n/a	n/a	n/a	n/a	n/a	n/a	n/a	n/a	n/a	n/a	n/a	n/a	n/a	n/a	n/a	n/a	n/a	n/a	n/a	n/a	2439.722575	n/a
2441.077712	0.000000	488216	ttl	4	72	n/a	n/a	n/a	n/a	n/a	n/a	n/a	n/a	n/a	n/a	n/a	n/a	n/a	n/a	n/a	n/a	n/a	n/a	n/a	n/a	n/a	2441.077712	n/a
2441.084580	0.000000	488217	ttl	11	72	n/a	n/a	n/a	n/a	n/a	n/a	n/a	n/a	n/a	n/a	n/a	n/a	n/a	n/a	n/a	n/a	n/a	n/a	n/a	n/a	n/a	2441.084580	n/a
2441.666533	2.031142	488333	time_discrimination	n/a	n/a	n/a	72.0	n/a	n/a	n/a	2441.08457975	n/a	1.5915701143676415	1.0	1	2.0	NB_8_ShortA.png	n/a	3	2445.2892444999998	n/a	48	1	2	intervals/timediscrimination_table	47	2441.666533	2443.697674
2441.666533	0.000000	488333	ttl	1	72	n/a	n/a	n/a	n/a	n/a	n/a	n/a	n/a	n/a	n/a	n/a	n/a	n/a	n/a	n/a	n/a	n/a	n/a	n/a	n/a	n/a	2441.666533	n/a
2443.697674	0.000000	488740	ttl	2	72	n/a	n/a	n/a	n/a	n/a	n/a	n/a	n/a	n/a	n/a	n/a	n/a	n/a	n/a	n/a	n/a	n/a	n/a	n/a	n/a	n/a	2443.697674	n/a
2445.289244	0.000000	489058	ttl	4	72	n/a	n/a	n/a	n/a	n/a	n/a	n/a	n/a	n/a	n/a	n/a	n/a	n/a	n/a	n/a	n/a	n/a	n/a	n/a	n/a	n/a	2445.289244	n/a
2445.303862	0.000000	489061	ttl	11	72	n/a	n/a	n/a	n/a	n/a	n/a	n/a	n/a	n/a	n/a	n/a	n/a	n/a	n/a	n/a	n/a	n/a	n/a	n/a	n/a	n/a	2445.303862	n/a
2445.966113	2.031140	489193	time_discrimination	n/a	n/a	n/a	72.0	n/a	n/a	n/a	2445.3038615	n/a	1.3243360874475911	2.0	1	2.0	NB_19_ShortA.png	n/a	3	2449.32158975	n/a	49	1	1	intervals/timediscrimination_table	48	2445.966113	2447.997253
2445.966113	0.000000	489193	ttl	1	72	n/a	n/a	n/a	n/a	n/a	n/a	n/a	n/a	n/a	n/a	n/a	n/a	n/a	n/a	n/a	n/a	n/a	n/a	n/a	n/a	n/a	2445.966113	n/a
2447.997253	0.000000	489599	ttl	2	72	n/a	n/a	n/a	n/a	n/a	n/a	n/a	n/a	n/a	n/a	n/a	n/a	n/a	n/a	n/a	n/a	n/a	n/a	n/a	n/a	n/a	2447.997253	n/a
2449.321590	0.000000	489864	ttl	4	72	n/a	n/a	n/a	n/a	n/a	n/a	n/a	n/a	n/a	n/a	n/a	n/a	n/a	n/a	n/a	n/a	n/a	n/a	n/a	n/a	n/a	2449.321590	n/a
2449.334314	0.000000	489867	ttl	11	72	n/a	n/a	n/a	n/a	n/a	n/a	n/a	n/a	n/a	n/a	n/a	n/a	n/a	n/a	n/a	n/a	n/a	n/a	n/a	n/a	n/a	2449.334314	n/a
2450.016602	2.031128	490003	time_discrimination	n/a	n/a	n/a	72.0	n/a	n/a	n/a	2449.3343145	n/a	2.080721465521492	1.0	3	2.0	HB_25_LongA.png	n/a	6	2454.1284512499997	n/a	50	2	1	intervals/timediscrimination_table	49	2450.016602	2452.047730
2450.016602	0.000000	490003	ttl	1	72	n/a	n/a	n/a	n/a	n/a	n/a	n/a	n/a	n/a	n/a	n/a	n/a	n/a	n/a	n/a	n/a	n/a	n/a	n/a	n/a	n/a	2450.016602	n/a
2452.047730	0.000000	490410	ttl	2	72	n/a	n/a	n/a	n/a	n/a	n/a	n/a	n/a	n/a	n/a	n/a	n/a	n/a	n/a	n/a	n/a	n/a	n/a	n/a	n/a	n/a	2452.047730	n/a
2454.128451	0.000000	490826	ttl	4	72	n/a	n/a	n/a	n/a	n/a	n/a	n/a	n/a	n/a	n/a	n/a	n/a	n/a	n/a	n/a	n/a	n/a	n/a	n/a	n/a	n/a	2454.128451	n/a
2454.142228	0.000000	490828	ttl	11	72	n/a	n/a	n/a	n/a	n/a	n/a	n/a	n/a	n/a	n/a	n/a	n/a	n/a	n/a	n/a	n/a	n/a	n/a	n/a	n/a	n/a	2454.142228	n/a
2454.764346	2.031131	490953	time_discrimination	n/a	n/a	n/a	72.0	n/a	n/a	n/a	2454.1422285	n/a	2.15485223417636	2.0	3	2.0	HB_59_LongA.png	n/a	6	2458.950329	n/a	51	2	2	intervals/timediscrimination_table	50	2454.764346	2456.795477
2454.764346	0.000000	490953	ttl	1	72	n/a	n/a	n/a	n/a	n/a	n/a	n/a	n/a	n/a	n/a	n/a	n/a	n/a	n/a	n/a	n/a	n/a	n/a	n/a	n/a	n/a	2454.764346	n/a
2456.795477	0.000000	491359	ttl	2	72	n/a	n/a	n/a	n/a	n/a	n/a	n/a	n/a	n/a	n/a	n/a	n/a	n/a	n/a	n/a	n/a	n/a	n/a	n/a	n/a	n/a	2456.795477	n/a
2458.950329	0.000000	491790	ttl	4	72	n/a	n/a	n/a	n/a	n/a	n/a	n/a	n/a	n/a	n/a	n/a	n/a	n/a	n/a	n/a	n/a	n/a	n/a	n/a	n/a	n/a	2458.950329	n/a
2458.968611	0.000000	491794	ttl	11	72	n/a	n/a	n/a	n/a	n/a	n/a	n/a	n/a	n/a	n/a	n/a	n/a	n/a	n/a	n/a	n/a	n/a	n/a	n/a	n/a	n/a	2458.968611	n/a
2459.650840	2.031208	491930	time_discrimination	n/a	n/a	n/a	72.0	n/a	n/a	n/a	2458.9686107499997	n/a	1.3239286366151646	2.0	2	3.0	SB_35_LongA.png	n/a	2	2463.0059767499997	n/a	52	1	1	intervals/timediscrimination_table	51	2459.650840	2461.682048
2459.650840	0.000000	491930	ttl	1	72	n/a	n/a	n/a	n/a	n/a	n/a	n/a	n/a	n/a	n/a	n/a	n/a	n/a	n/a	n/a	n/a	n/a	n/a	n/a	n/a	n/a	2459.650840	n/a
2461.682048	0.000000	492336	ttl	2	72	n/a	n/a	n/a	n/a	n/a	n/a	n/a	n/a	n/a	n/a	n/a	n/a	n/a	n/a	n/a	n/a	n/a	n/a	n/a	n/a	n/a	2461.682048	n/a
2463.005977	0.000000	492601	ttl	4	72	n/a	n/a	n/a	n/a	n/a	n/a	n/a	n/a	n/a	n/a	n/a	n/a	n/a	n/a	n/a	n/a	n/a	n/a	n/a	n/a	n/a	2463.005977	n/a
2463.020416	0.000000	492604	ttl	11	72	n/a	n/a	n/a	n/a	n/a	n/a	n/a	n/a	n/a	n/a	n/a	n/a	n/a	n/a	n/a	n/a	n/a	n/a	n/a	n/a	n/a	2463.020416	n/a
2463.682652	2.031150	492737	time_discrimination	n/a	n/a	n/a	72.0	n/a	n/a	n/a	2463.02041625	n/a	1.4652494873153046	2.0	2	2.0	SB_60_ShortA.png	n/a	3	2467.1790512499997	n/a	53	1	1	intervals/timediscrimination_table	52	2463.682652	2465.713802
2463.682652	0.000000	492737	ttl	1	72	n/a	n/a	n/a	n/a	n/a	n/a	n/a	n/a	n/a	n/a	n/a	n/a	n/a	n/a	n/a	n/a	n/a	n/a	n/a	n/a	n/a	2463.682652	n/a
2465.713802	0.000000	493143	ttl	2	72	n/a	n/a	n/a	n/a	n/a	n/a	n/a	n/a	n/a	n/a	n/a	n/a	n/a	n/a	n/a	n/a	n/a	n/a	n/a	n/a	n/a	2465.713802	n/a
2467.179051	0.000000	493436	ttl	4	72	n/a	n/a	n/a	n/a	n/a	n/a	n/a	n/a	n/a	n/a	n/a	n/a	n/a	n/a	n/a	n/a	n/a	n/a	n/a	n/a	n/a	2467.179051	n/a
2467.190588	0.000000	493438	ttl	11	72	n/a	n/a	n/a	n/a	n/a	n/a	n/a	n/a	n/a	n/a	n/a	n/a	n/a	n/a	n/a	n/a	n/a	n/a	n/a	n/a	n/a	2467.190588	n/a
2467.832837	2.031450	493567	time_discrimination	n/a	n/a	n/a	72.0	n/a	n/a	n/a	2467.19058775	n/a	1.7596040919888765	2.0	2	2.0	SB_4_LongA.png	n/a	6	2471.62389075	n/a	54	2	2	intervals/timediscrimination_table	53	2467.832837	2469.864287
2467.832837	0.000000	493567	ttl	1	72	n/a	n/a	n/a	n/a	n/a	n/a	n/a	n/a	n/a	n/a	n/a	n/a	n/a	n/a	n/a	n/a	n/a	n/a	n/a	n/a	n/a	2467.832837	n/a
2469.864287	0.000000	493973	ttl	2	72	n/a	n/a	n/a	n/a	n/a	n/a	n/a	n/a	n/a	n/a	n/a	n/a	n/a	n/a	n/a	n/a	n/a	n/a	n/a	n/a	n/a	2469.864287	n/a
2471.623891	0.000000	494325	ttl	4	72	n/a	n/a	n/a	n/a	n/a	n/a	n/a	n/a	n/a	n/a	n/a	n/a	n/a	n/a	n/a	n/a	n/a	n/a	n/a	n/a	n/a	2471.623891	n/a
2471.632578	0.000000	494327	ttl	11	72	n/a	n/a	n/a	n/a	n/a	n/a	n/a	n/a	n/a	n/a	n/a	n/a	n/a	n/a	n/a	n/a	n/a	n/a	n/a	n/a	n/a	2471.632578	n/a
2472.314888	2.031149	494463	time_discrimination	n/a	n/a	n/a	72.0	n/a	n/a	n/a	2471.63257825	n/a	1.7995076493825763	2.0	1	2.0	NB_4_LongA.png	n/a	3	2476.1455444999997	n/a	55	1	1	intervals/timediscrimination_table	54	2472.314888	2474.346037
2472.314888	0.000000	494463	ttl	1	72	n/a	n/a	n/a	n/a	n/a	n/a	n/a	n/a	n/a	n/a	n/a	n/a	n/a	n/a	n/a	n/a	n/a	n/a	n/a	n/a	n/a	2472.314888	n/a
2474.346037	0.000000	494869	ttl	2	72	n/a	n/a	n/a	n/a	n/a	n/a	n/a	n/a	n/a	n/a	n/a	n/a	n/a	n/a	n/a	n/a	n/a	n/a	n/a	n/a	n/a	2474.346037	n/a
2476.145544	0.000000	495229	ttl	4	72	n/a	n/a	n/a	n/a	n/a	n/a	n/a	n/a	n/a	n/a	n/a	n/a	n/a	n/a	n/a	n/a	n/a	n/a	n/a	n/a	n/a	2476.145544	n/a
2476.170985	0.000000	495234	ttl	11	72	n/a	n/a	n/a	n/a	n/a	n/a	n/a	n/a	n/a	n/a	n/a	n/a	n/a	n/a	n/a	n/a	n/a	n/a	n/a	n/a	n/a	2476.170985	n/a
2476.832998	2.031194	495367	time_discrimination	n/a	n/a	n/a	72.0	n/a	n/a	n/a	2476.17098525	n/a	1.849080933490768	1.0	3	2.0	HB_14_ShortA.png	n/a	6	2480.7132735	n/a	56	2	1	intervals/timediscrimination_table	55	2476.832998	2478.864192
2476.832998	0.000000	495367	ttl	1	72	n/a	n/a	n/a	n/a	n/a	n/a	n/a	n/a	n/a	n/a	n/a	n/a	n/a	n/a	n/a	n/a	n/a	n/a	n/a	n/a	n/a	2476.832998	n/a
2478.864192	0.000000	495773	ttl	2	72	n/a	n/a	n/a	n/a	n/a	n/a	n/a	n/a	n/a	n/a	n/a	n/a	n/a	n/a	n/a	n/a	n/a	n/a	n/a	n/a	n/a	2478.864192	n/a
2480.713274	0.000000	496143	ttl	4	72	n/a	n/a	n/a	n/a	n/a	n/a	n/a	n/a	n/a	n/a	n/a	n/a	n/a	n/a	n/a	n/a	n/a	n/a	n/a	n/a	n/a	2480.713274	n/a
2480.729615	0.000000	496146	ttl	11	72	n/a	n/a	n/a	n/a	n/a	n/a	n/a	n/a	n/a	n/a	n/a	n/a	n/a	n/a	n/a	n/a	n/a	n/a	n/a	n/a	n/a	2480.729615	n/a
2481.392026	2.031217	496278	time_discrimination	n/a	n/a	n/a	72.0	n/a	n/a	n/a	2480.72961475	n/a	1.5508972527459264	1.0	1	2.0	NB_5_ShortA.png	n/a	3	2484.97414075	n/a	57	1	2	intervals/timediscrimination_table	56	2481.392026	2483.423243
2481.392026	0.000000	496278	ttl	1	72	n/a	n/a	n/a	n/a	n/a	n/a	n/a	n/a	n/a	n/a	n/a	n/a	n/a	n/a	n/a	n/a	n/a	n/a	n/a	n/a	n/a	2481.392026	n/a
2483.423243	0.000000	496685	ttl	2	72	n/a	n/a	n/a	n/a	n/a	n/a	n/a	n/a	n/a	n/a	n/a	n/a	n/a	n/a	n/a	n/a	n/a	n/a	n/a	n/a	n/a	2483.423243	n/a
2484.974141	0.000000	496995	ttl	4	72	n/a	n/a	n/a	n/a	n/a	n/a	n/a	n/a	n/a	n/a	n/a	n/a	n/a	n/a	n/a	n/a	n/a	n/a	n/a	n/a	n/a	2484.974141	n/a
2484.984694	0.000000	496997	ttl	11	72	n/a	n/a	n/a	n/a	n/a	n/a	n/a	n/a	n/a	n/a	n/a	n/a	n/a	n/a	n/a	n/a	n/a	n/a	n/a	n/a	n/a	2484.984694	n/a
2485.606807	2.030861	497121	time_discrimination	n/a	n/a	n/a	72.0	n/a	n/a	n/a	2484.9846945	n/a	1.08016650530044	2.0	2	3.0	SB_13_ShortA.png	n/a	7	2488.71783475	n/a	58	2	2	intervals/timediscrimination_table	57	2485.606807	2487.637668
2485.606807	0.000000	497121	ttl	1	72	n/a	n/a	n/a	n/a	n/a	n/a	n/a	n/a	n/a	n/a	n/a	n/a	n/a	n/a	n/a	n/a	n/a	n/a	n/a	n/a	n/a	2485.606807	n/a
2487.637668	0.000000	497528	ttl	2	72	n/a	n/a	n/a	n/a	n/a	n/a	n/a	n/a	n/a	n/a	n/a	n/a	n/a	n/a	n/a	n/a	n/a	n/a	n/a	n/a	n/a	2487.637668	n/a
2488.717835	0.000000	497744	ttl	4	72	n/a	n/a	n/a	n/a	n/a	n/a	n/a	n/a	n/a	n/a	n/a	n/a	n/a	n/a	n/a	n/a	n/a	n/a	n/a	n/a	n/a	2488.717835	n/a
2488.733169	0.000000	497747	ttl	11	72	n/a	n/a	n/a	n/a	n/a	n/a	n/a	n/a	n/a	n/a	n/a	n/a	n/a	n/a	n/a	n/a	n/a	n/a	n/a	n/a	n/a	2488.733169	n/a
2489.373698	2.031409	497875	time_discrimination	n/a	n/a	n/a	72.0	n/a	n/a	n/a	2488.7331692499997	n/a	2.1426551596960053	2.0	3	2.0	HB_6_ShortA.png	n/a	6	2493.54776225	n/a	59	2	2	intervals/timediscrimination_table	58	2489.373698	2491.405107
2489.373698	0.000000	497875	ttl	1	72	n/a	n/a	n/a	n/a	n/a	n/a	n/a	n/a	n/a	n/a	n/a	n/a	n/a	n/a	n/a	n/a	n/a	n/a	n/a	n/a	n/a	2489.373698	n/a
2491.405107	0.000000	498281	ttl	2	72	n/a	n/a	n/a	n/a	n/a	n/a	n/a	n/a	n/a	n/a	n/a	n/a	n/a	n/a	n/a	n/a	n/a	n/a	n/a	n/a	n/a	2491.405107	n/a
2493.547762	0.000000	498710	ttl	4	72	n/a	n/a	n/a	n/a	n/a	n/a	n/a	n/a	n/a	n/a	n/a	n/a	n/a	n/a	n/a	n/a	n/a	n/a	n/a	n/a	n/a	2493.547762	n/a
2493.567871	0.000000	498714	ttl	11	72	n/a	n/a	n/a	n/a	n/a	n/a	n/a	n/a	n/a	n/a	n/a	n/a	n/a	n/a	n/a	n/a	n/a	n/a	n/a	n/a	n/a	2493.567871	n/a
2494.129767	2.031298	498826	time_discrimination	n/a	n/a	n/a	72.0	n/a	n/a	n/a	2493.56787075	n/a	1.5681023752549663	1.0	3	1.0	HB_8_ShortA.png	n/a	4	2497.7291677499998	n/a	60	1	2	intervals/timediscrimination_table	59	2494.129767	2496.161065
2494.129767	0.000000	498826	ttl	1	72	n/a	n/a	n/a	n/a	n/a	n/a	n/a	n/a	n/a	n/a	n/a	n/a	n/a	n/a	n/a	n/a	n/a	n/a	n/a	n/a	n/a	2494.129767	n/a
2496.161065	0.000000	499232	ttl	2	72	n/a	n/a	n/a	n/a	n/a	n/a	n/a	n/a	n/a	n/a	n/a	n/a	n/a	n/a	n/a	n/a	n/a	n/a	n/a	n/a	n/a	2496.161065	n/a
2497.729168	0.000000	499546	ttl	4	72	n/a	n/a	n/a	n/a	n/a	n/a	n/a	n/a	n/a	n/a	n/a	n/a	n/a	n/a	n/a	n/a	n/a	n/a	n/a	n/a	n/a	2497.729168	n/a
2497.754007	0.000000	499551	ttl	11	72	n/a	n/a	n/a	n/a	n/a	n/a	n/a	n/a	n/a	n/a	n/a	n/a	n/a	n/a	n/a	n/a	n/a	n/a	n/a	n/a	n/a	2497.754007	n/a
2498.315816	2.031277	499663	time_discrimination	n/a	n/a	n/a	72.0	n/a	n/a	n/a	2497.75400675	n/a	1.6710338513366878	2.0	2	2.0	SB_17_LongA.png	n/a	3	2502.0181267499997	n/a	61	1	1	intervals/timediscrimination_table	60	2498.315816	2500.347093
2498.315816	0.000000	499663	ttl	1	72	n/a	n/a	n/a	n/a	n/a	n/a	n/a	n/a	n/a	n/a	n/a	n/a	n/a	n/a	n/a	n/a	n/a	n/a	n/a	n/a	n/a	2498.315816	n/a
2500.347093	0.000000	500069	ttl	2	72	n/a	n/a	n/a	n/a	n/a	n/a	n/a	n/a	n/a	n/a	n/a	n/a	n/a	n/a	n/a	n/a	n/a	n/a	n/a	n/a	n/a	2500.347093	n/a
2502.018127	0.000000	500404	ttl	4	72	n/a	n/a	n/a	n/a	n/a	n/a	n/a	n/a	n/a	n/a	n/a	n/a	n/a	n/a	n/a	n/a	n/a	n/a	n/a	n/a	n/a	2502.018127	n/a
2502.032110	0.000000	500406	ttl	11	72	n/a	n/a	n/a	n/a	n/a	n/a	n/a	n/a	n/a	n/a	n/a	n/a	n/a	n/a	n/a	n/a	n/a	n/a	n/a	n/a	n/a	2502.032110	n/a
2502.634277	2.031119	500527	time_discrimination	n/a	n/a	n/a	72.0	n/a	n/a	n/a	2502.03210975	n/a	1.79403100698255	2.0	1	2.0	NB_25_LongA.png	n/a	3	2506.45942725	n/a	62	1	1	intervals/timediscrimination_table	61	2502.634277	2504.665396
2502.634277	0.000000	500527	ttl	1	72	n/a	n/a	n/a	n/a	n/a	n/a	n/a	n/a	n/a	n/a	n/a	n/a	n/a	n/a	n/a	n/a	n/a	n/a	n/a	n/a	n/a	2502.634277	n/a
2504.665396	0.000000	500933	ttl	2	72	n/a	n/a	n/a	n/a	n/a	n/a	n/a	n/a	n/a	n/a	n/a	n/a	n/a	n/a	n/a	n/a	n/a	n/a	n/a	n/a	n/a	2504.665396	n/a
2506.459427	0.000000	501292	ttl	4	72	n/a	n/a	n/a	n/a	n/a	n/a	n/a	n/a	n/a	n/a	n/a	n/a	n/a	n/a	n/a	n/a	n/a	n/a	n/a	n/a	n/a	2506.459427	n/a
2506.478408	0.000000	501296	ttl	11	72	n/a	n/a	n/a	n/a	n/a	n/a	n/a	n/a	n/a	n/a	n/a	n/a	n/a	n/a	n/a	n/a	n/a	n/a	n/a	n/a	n/a	2506.478408	n/a
2507.120576	2.031475	501424	time_discrimination	n/a	n/a	n/a	72.0	n/a	n/a	n/a	2506.47840775	n/a	1.324267967720516	2.0	3	1.0	HB_39_LongA.png	n/a	4	2510.476319	n/a	63	1	1	intervals/timediscrimination_table	62	2507.120576	2509.152051
2507.120576	0.000000	501424	ttl	1	72	n/a	n/a	n/a	n/a	n/a	n/a	n/a	n/a	n/a	n/a	n/a	n/a	n/a	n/a	n/a	n/a	n/a	n/a	n/a	n/a	n/a	2507.120576	n/a
2509.152051	0.000000	501830	ttl	2	72	n/a	n/a	n/a	n/a	n/a	n/a	n/a	n/a	n/a	n/a	n/a	n/a	n/a	n/a	n/a	n/a	n/a	n/a	n/a	n/a	n/a	2509.152051	n/a
2510.476319	0.000000	502095	ttl	4	72	n/a	n/a	n/a	n/a	n/a	n/a	n/a	n/a	n/a	n/a	n/a	n/a	n/a	n/a	n/a	n/a	n/a	n/a	n/a	n/a	n/a	2510.476319	n/a
2510.487795	0.000000	502098	ttl	11	72	n/a	n/a	n/a	n/a	n/a	n/a	n/a	n/a	n/a	n/a	n/a	n/a	n/a	n/a	n/a	n/a	n/a	n/a	n/a	n/a	n/a	2510.487795	n/a
2511.109717	2.030900	502222	time_discrimination	n/a	n/a	n/a	72.0	n/a	n/a	n/a	2510.4877954999997	n/a	1.4799573126947507	2.0	2	2.0	SB_36_ShortA.png	n/a	3	2514.6205742499997	n/a	64	1	1	intervals/timediscrimination_table	63	2511.109717	2513.140617
2511.109717	0.000000	502222	ttl	1	72	n/a	n/a	n/a	n/a	n/a	n/a	n/a	n/a	n/a	n/a	n/a	n/a	n/a	n/a	n/a	n/a	n/a	n/a	n/a	n/a	n/a	2511.109717	n/a
2513.140617	0.000000	502628	ttl	2	72	n/a	n/a	n/a	n/a	n/a	n/a	n/a	n/a	n/a	n/a	n/a	n/a	n/a	n/a	n/a	n/a	n/a	n/a	n/a	n/a	n/a	2513.140617	n/a
2514.620574	0.000000	502924	ttl	4	72	n/a	n/a	n/a	n/a	n/a	n/a	n/a	n/a	n/a	n/a	n/a	n/a	n/a	n/a	n/a	n/a	n/a	n/a	n/a	n/a	n/a	2514.620574	n/a
2514.625536	0.000000	502925	ttl	11	72	n/a	n/a	n/a	n/a	n/a	n/a	n/a	n/a	n/a	n/a	n/a	n/a	n/a	n/a	n/a	n/a	n/a	n/a	n/a	n/a	n/a	2514.625536	n/a
2515.267786	2.031403	503054	time_discrimination	n/a	n/a	n/a	72.0	n/a	n/a	n/a	2514.62553625	n/a	0.9430388166802004	2.0	2	3.0	SB_19_LongA.png	n/a	7	2518.24222775	n/a	65	2	2	intervals/timediscrimination_table	64	2515.267786	2517.299189
2515.267786	0.000000	503054	ttl	1	72	n/a	n/a	n/a	n/a	n/a	n/a	n/a	n/a	n/a	n/a	n/a	n/a	n/a	n/a	n/a	n/a	n/a	n/a	n/a	n/a	n/a	2515.267786	n/a
2517.299189	0.000000	503460	ttl	2	72	n/a	n/a	n/a	n/a	n/a	n/a	n/a	n/a	n/a	n/a	n/a	n/a	n/a	n/a	n/a	n/a	n/a	n/a	n/a	n/a	n/a	2517.299189	n/a
2518.242228	0.000000	503648	ttl	4	72	n/a	n/a	n/a	n/a	n/a	n/a	n/a	n/a	n/a	n/a	n/a	n/a	n/a	n/a	n/a	n/a	n/a	n/a	n/a	n/a	n/a	2518.242228	n/a
2518.255332	0.000000	503651	ttl	11	72	n/a	n/a	n/a	n/a	n/a	n/a	n/a	n/a	n/a	n/a	n/a	n/a	n/a	n/a	n/a	n/a	n/a	n/a	n/a	n/a	n/a	2518.255332	n/a
2518.877414	2.031282	503775	time_discrimination	n/a	n/a	n/a	72.0	n/a	n/a	n/a	2518.2553325	n/a	1.4383108522742987	2.0	1	2.0	NB_18_LongA.png	n/a	3	2522.3470067499998	n/a	66	1	1	intervals/timediscrimination_table	65	2518.877414	2520.908696
2518.877414	0.000000	503775	ttl	1	72	n/a	n/a	n/a	n/a	n/a	n/a	n/a	n/a	n/a	n/a	n/a	n/a	n/a	n/a	n/a	n/a	n/a	n/a	n/a	n/a	n/a	2518.877414	n/a
2520.908696	0.000000	504182	ttl	2	72	n/a	n/a	n/a	n/a	n/a	n/a	n/a	n/a	n/a	n/a	n/a	n/a	n/a	n/a	n/a	n/a	n/a	n/a	n/a	n/a	n/a	2520.908696	n/a
2522.347007	0.000000	504469	ttl	4	72	n/a	n/a	n/a	n/a	n/a	n/a	n/a	n/a	n/a	n/a	n/a	n/a	n/a	n/a	n/a	n/a	n/a	n/a	n/a	n/a	n/a	2522.347007	n/a
2522.369701	0.000000	504474	ttl	11	72	n/a	n/a	n/a	n/a	n/a	n/a	n/a	n/a	n/a	n/a	n/a	n/a	n/a	n/a	n/a	n/a	n/a	n/a	n/a	n/a	n/a	2522.369701	n/a
2522.911365	2.031335	504582	time_discrimination	n/a	n/a	n/a	72.0	n/a	n/a	n/a	2522.3697015	n/a	0.6708901831880212	2.0	2	3.0	SB_29_LongA.png	n/a	2	2525.6135907499997	n/a	67	1	1	intervals/timediscrimination_table	66	2522.911365	2524.942700
2522.911365	0.000000	504582	ttl	1	72	n/a	n/a	n/a	n/a	n/a	n/a	n/a	n/a	n/a	n/a	n/a	n/a	n/a	n/a	n/a	n/a	n/a	n/a	n/a	n/a	n/a	2522.911365	n/a
2524.942700	0.000000	504989	ttl	2	72	n/a	n/a	n/a	n/a	n/a	n/a	n/a	n/a	n/a	n/a	n/a	n/a	n/a	n/a	n/a	n/a	n/a	n/a	n/a	n/a	n/a	2524.942700	n/a
2525.613591	0.000000	505123	ttl	4	72	n/a	n/a	n/a	n/a	n/a	n/a	n/a	n/a	n/a	n/a	n/a	n/a	n/a	n/a	n/a	n/a	n/a	n/a	n/a	n/a	n/a	2525.613591	n/a
2525.629049	0.000000	505126	ttl	11	72	n/a	n/a	n/a	n/a	n/a	n/a	n/a	n/a	n/a	n/a	n/a	n/a	n/a	n/a	n/a	n/a	n/a	n/a	n/a	n/a	n/a	2525.629049	n/a
2526.190898	2.031228	505238	time_discrimination	n/a	n/a	n/a	72.0	n/a	n/a	n/a	2525.6290492499998	n/a	1.3404850064544007	2.0	3	1.0	HB_33_LongA.png	n/a	4	2529.56261125	n/a	68	1	1	intervals/timediscrimination_table	67	2526.190898	2528.222126
2526.190898	0.000000	505238	ttl	1	72	n/a	n/a	n/a	n/a	n/a	n/a	n/a	n/a	n/a	n/a	n/a	n/a	n/a	n/a	n/a	n/a	n/a	n/a	n/a	n/a	n/a	2526.190898	n/a
2528.222126	0.000000	505644	ttl	2	72	n/a	n/a	n/a	n/a	n/a	n/a	n/a	n/a	n/a	n/a	n/a	n/a	n/a	n/a	n/a	n/a	n/a	n/a	n/a	n/a	n/a	2528.222126	n/a
2529.562611	0.000000	505913	ttl	4	72	n/a	n/a	n/a	n/a	n/a	n/a	n/a	n/a	n/a	n/a	n/a	n/a	n/a	n/a	n/a	n/a	n/a	n/a	n/a	n/a	n/a	2529.562611	n/a
2529.575489	0.000000	505915	ttl	11	72	n/a	n/a	n/a	n/a	n/a	n/a	n/a	n/a	n/a	n/a	n/a	n/a	n/a	n/a	n/a	n/a	n/a	n/a	n/a	n/a	n/a	2529.575489	n/a
2530.197351	2.031455	506039	time_discrimination	n/a	n/a	n/a	72.0	n/a	n/a	n/a	2529.575489	n/a	1.9425174979260191	2.0	2	3.0	SB_37_ShortA.png	n/a	2	2534.1713234999997	n/a	69	1	1	intervals/timediscrimination_table	68	2530.197351	2532.228806
2530.197351	0.000000	506039	ttl	1	72	n/a	n/a	n/a	n/a	n/a	n/a	n/a	n/a	n/a	n/a	n/a	n/a	n/a	n/a	n/a	n/a	n/a	n/a	n/a	n/a	n/a	2530.197351	n/a
2532.228806	0.000000	506446	ttl	2	72	n/a	n/a	n/a	n/a	n/a	n/a	n/a	n/a	n/a	n/a	n/a	n/a	n/a	n/a	n/a	n/a	n/a	n/a	n/a	n/a	n/a	2532.228806	n/a
2534.171323	0.000000	506834	ttl	4	72	n/a	n/a	n/a	n/a	n/a	n/a	n/a	n/a	n/a	n/a	n/a	n/a	n/a	n/a	n/a	n/a	n/a	n/a	n/a	n/a	n/a	2534.171323	n/a
2534.188301	0.000000	506838	ttl	11	72	n/a	n/a	n/a	n/a	n/a	n/a	n/a	n/a	n/a	n/a	n/a	n/a	n/a	n/a	n/a	n/a	n/a	n/a	n/a	n/a	n/a	2534.188301	n/a
2534.790327	2.031329	506958	time_discrimination	n/a	n/a	n/a	72.0	n/a	n/a	n/a	2534.1883015	n/a	1.4348117711488158	1.0	2	2.0	SB_34_LongA.png	n/a	3	2538.256468	n/a	70	1	2	intervals/timediscrimination_table	69	2534.790327	2536.821656
2534.790327	0.000000	506958	ttl	1	72	n/a	n/a	n/a	n/a	n/a	n/a	n/a	n/a	n/a	n/a	n/a	n/a	n/a	n/a	n/a	n/a	n/a	n/a	n/a	n/a	n/a	2534.790327	n/a
2536.821656	0.000000	507364	ttl	2	72	n/a	n/a	n/a	n/a	n/a	n/a	n/a	n/a	n/a	n/a	n/a	n/a	n/a	n/a	n/a	n/a	n/a	n/a	n/a	n/a	n/a	2536.821656	n/a
2538.256468	0.000000	507651	ttl	4	72	n/a	n/a	n/a	n/a	n/a	n/a	n/a	n/a	n/a	n/a	n/a	n/a	n/a	n/a	n/a	n/a	n/a	n/a	n/a	n/a	n/a	2538.256468	n/a
2538.280441	0.000000	507656	ttl	11	72	n/a	n/a	n/a	n/a	n/a	n/a	n/a	n/a	n/a	n/a	n/a	n/a	n/a	n/a	n/a	n/a	n/a	n/a	n/a	n/a	n/a	2538.280441	n/a
2538.862396	2.031325	507772	time_discrimination	n/a	n/a	n/a	72.0	n/a	n/a	n/a	2538.28044075	n/a	1.8541643808130175	1.0	2	3.0	SB_49_ShortA.png	n/a	7	2542.7478849999998	n/a	71	2	1	intervals/timediscrimination_table	70	2538.862396	2540.893721
2538.862396	0.000000	507772	ttl	1	72	n/a	n/a	n/a	n/a	n/a	n/a	n/a	n/a	n/a	n/a	n/a	n/a	n/a	n/a	n/a	n/a	n/a	n/a	n/a	n/a	n/a	2538.862396	n/a
2540.893721	0.000000	508179	ttl	2	72	n/a	n/a	n/a	n/a	n/a	n/a	n/a	n/a	n/a	n/a	n/a	n/a	n/a	n/a	n/a	n/a	n/a	n/a	n/a	n/a	n/a	2540.893721	n/a
2542.747885	0.000000	508550	ttl	4	72	n/a	n/a	n/a	n/a	n/a	n/a	n/a	n/a	n/a	n/a	n/a	n/a	n/a	n/a	n/a	n/a	n/a	n/a	n/a	n/a	n/a	2542.747885	n/a
2542.768787	0.000000	508554	ttl	11	72	n/a	n/a	n/a	n/a	n/a	n/a	n/a	n/a	n/a	n/a	n/a	n/a	n/a	n/a	n/a	n/a	n/a	n/a	n/a	n/a	n/a	2542.768787	n/a
2543.330671	2.031415	508666	time_discrimination	n/a	n/a	n/a	72.0	n/a	n/a	n/a	2542.76878725	n/a	1.7070433207554743	2.0	2	3.0	SB_31_LongA.png	n/a	7	2547.069129	n/a	72	2	2	intervals/timediscrimination_table	71	2543.330671	2545.362086
2543.330671	0.000000	508666	ttl	1	72	n/a	n/a	n/a	n/a	n/a	n/a	n/a	n/a	n/a	n/a	n/a	n/a	n/a	n/a	n/a	n/a	n/a	n/a	n/a	n/a	n/a	2543.330671	n/a
2545.362086	0.000000	509072	ttl	2	72	n/a	n/a	n/a	n/a	n/a	n/a	n/a	n/a	n/a	n/a	n/a	n/a	n/a	n/a	n/a	n/a	n/a	n/a	n/a	n/a	n/a	2545.362086	n/a
2547.069129	0.000000	509414	ttl	4	72	n/a	n/a	n/a	n/a	n/a	n/a	n/a	n/a	n/a	n/a	n/a	n/a	n/a	n/a	n/a	n/a	n/a	n/a	n/a	n/a	n/a	2547.069129	n/a
2547.075109	0.000000	509415	ttl	11	72	n/a	n/a	n/a	n/a	n/a	n/a	n/a	n/a	n/a	n/a	n/a	n/a	n/a	n/a	n/a	n/a	n/a	n/a	n/a	n/a	n/a	2547.075109	n/a
2547.657068	2.031182	509531	time_discrimination	n/a	n/a	n/a	72.0	n/a	n/a	n/a	2547.07510875	n/a	1.624328512349166	1.0	1	3.0	NB_2_ShortA.png	n/a	7	2551.31257875	n/a	73	2	1	intervals/timediscrimination_table	72	2547.657068	2549.688250
2547.657068	0.000000	509531	ttl	1	72	n/a	n/a	n/a	n/a	n/a	n/a	n/a	n/a	n/a	n/a	n/a	n/a	n/a	n/a	n/a	n/a	n/a	n/a	n/a	n/a	n/a	2547.657068	n/a
2549.688250	0.000000	509938	ttl	2	72	n/a	n/a	n/a	n/a	n/a	n/a	n/a	n/a	n/a	n/a	n/a	n/a	n/a	n/a	n/a	n/a	n/a	n/a	n/a	n/a	n/a	2549.688250	n/a
2551.312579	0.000000	510263	ttl	4	72	n/a	n/a	n/a	n/a	n/a	n/a	n/a	n/a	n/a	n/a	n/a	n/a	n/a	n/a	n/a	n/a	n/a	n/a	n/a	n/a	n/a	2551.312579	n/a
2551.326703	0.000000	510265	ttl	11	72	n/a	n/a	n/a	n/a	n/a	n/a	n/a	n/a	n/a	n/a	n/a	n/a	n/a	n/a	n/a	n/a	n/a	n/a	n/a	n/a	n/a	2551.326703	n/a
2551.888598	2.031360	510378	time_discrimination	n/a	n/a	n/a	72.0	n/a	n/a	n/a	2551.3267029999997	n/a	1.8502643584506586	1.0	3	2.0	HB_18_LongA.png	n/a	6	2555.77022275	n/a	74	2	1	intervals/timediscrimination_table	73	2551.888598	2553.919958
2551.888598	0.000000	510378	ttl	1	72	n/a	n/a	n/a	n/a	n/a	n/a	n/a	n/a	n/a	n/a	n/a	n/a	n/a	n/a	n/a	n/a	n/a	n/a	n/a	n/a	n/a	2551.888598	n/a
2553.919958	0.000000	510784	ttl	2	72	n/a	n/a	n/a	n/a	n/a	n/a	n/a	n/a	n/a	n/a	n/a	n/a	n/a	n/a	n/a	n/a	n/a	n/a	n/a	n/a	n/a	2553.919958	n/a
2555.770223	0.000000	511154	ttl	4	72	n/a	n/a	n/a	n/a	n/a	n/a	n/a	n/a	n/a	n/a	n/a	n/a	n/a	n/a	n/a	n/a	n/a	n/a	n/a	n/a	n/a	2555.770223	n/a
2555.784571	0.000000	511157	ttl	11	72	n/a	n/a	n/a	n/a	n/a	n/a	n/a	n/a	n/a	n/a	n/a	n/a	n/a	n/a	n/a	n/a	n/a	n/a	n/a	n/a	n/a	2555.784571	n/a
2556.386594	2.031292	511277	time_discrimination	n/a	n/a	n/a	72.0	n/a	n/a	n/a	2555.78457075	n/a	1.3920424384996295	2.0	2	2.0	SB_9_ShortA.png	n/a	3	2559.8099285	n/a	75	1	1	intervals/timediscrimination_table	74	2556.386594	2558.417886
2556.386594	0.000000	511277	ttl	1	72	n/a	n/a	n/a	n/a	n/a	n/a	n/a	n/a	n/a	n/a	n/a	n/a	n/a	n/a	n/a	n/a	n/a	n/a	n/a	n/a	n/a	2556.386594	n/a
2558.417886	0.000000	511684	ttl	2	72	n/a	n/a	n/a	n/a	n/a	n/a	n/a	n/a	n/a	n/a	n/a	n/a	n/a	n/a	n/a	n/a	n/a	n/a	n/a	n/a	n/a	2558.417886	n/a
2559.809928	0.000000	511962	ttl	4	72	n/a	n/a	n/a	n/a	n/a	n/a	n/a	n/a	n/a	n/a	n/a	n/a	n/a	n/a	n/a	n/a	n/a	n/a	n/a	n/a	n/a	2559.809928	n/a
2559.831194	0.000000	511966	ttl	11	72	n/a	n/a	n/a	n/a	n/a	n/a	n/a	n/a	n/a	n/a	n/a	n/a	n/a	n/a	n/a	n/a	n/a	n/a	n/a	n/a	n/a	2559.831194	n/a
2560.413027	2.031383	512083	time_discrimination	n/a	n/a	n/a	72.0	n/a	n/a	n/a	2559.831194	n/a	1.2257907242747024	2.0	1	3.0	NB_11_ShortA.png	n/a	7	2563.67020125	n/a	76	2	2	intervals/timediscrimination_table	75	2560.413027	2562.444410
2560.413027	0.000000	512083	ttl	1	72	n/a	n/a	n/a	n/a	n/a	n/a	n/a	n/a	n/a	n/a	n/a	n/a	n/a	n/a	n/a	n/a	n/a	n/a	n/a	n/a	n/a	2560.413027	n/a
2562.444410	0.000000	512489	ttl	2	72	n/a	n/a	n/a	n/a	n/a	n/a	n/a	n/a	n/a	n/a	n/a	n/a	n/a	n/a	n/a	n/a	n/a	n/a	n/a	n/a	n/a	2562.444410	n/a
2563.670201	0.000000	512734	ttl	4	72	n/a	n/a	n/a	n/a	n/a	n/a	n/a	n/a	n/a	n/a	n/a	n/a	n/a	n/a	n/a	n/a	n/a	n/a	n/a	n/a	n/a	2563.670201	n/a
2563.682712	0.000000	512737	ttl	11	72	n/a	n/a	n/a	n/a	n/a	n/a	n/a	n/a	n/a	n/a	n/a	n/a	n/a	n/a	n/a	n/a	n/a	n/a	n/a	n/a	n/a	2563.682712	n/a
2564.284732	2.031299	512857	time_discrimination	n/a	n/a	n/a	72.0	n/a	n/a	n/a	2563.6827117499997	n/a	1.914453973295167	1.0	2	3.0	SB_46_LongA.png	n/a	7	2568.23048575	n/a	77	2	1	intervals/timediscrimination_table	76	2564.284732	2566.316032
2564.284732	0.000000	512857	ttl	1	72	n/a	n/a	n/a	n/a	n/a	n/a	n/a	n/a	n/a	n/a	n/a	n/a	n/a	n/a	n/a	n/a	n/a	n/a	n/a	n/a	n/a	2564.284732	n/a
2566.316032	0.000000	513263	ttl	2	72	n/a	n/a	n/a	n/a	n/a	n/a	n/a	n/a	n/a	n/a	n/a	n/a	n/a	n/a	n/a	n/a	n/a	n/a	n/a	n/a	n/a	2566.316032	n/a
2568.230486	0.000000	513646	ttl	4	72	n/a	n/a	n/a	n/a	n/a	n/a	n/a	n/a	n/a	n/a	n/a	n/a	n/a	n/a	n/a	n/a	n/a	n/a	n/a	n/a	n/a	2568.230486	n/a
2568.237048	0.000000	513647	ttl	11	72	n/a	n/a	n/a	n/a	n/a	n/a	n/a	n/a	n/a	n/a	n/a	n/a	n/a	n/a	n/a	n/a	n/a	n/a	n/a	n/a	n/a	2568.237048	n/a
2568.839045	2.031353	513768	time_discrimination	n/a	n/a	n/a	72.0	n/a	n/a	n/a	2568.237048	n/a	1.6240019311662763	2.0	3	2.0	HB_58_ShortA.png	n/a	6	2572.4944004999998	n/a	78	2	2	intervals/timediscrimination_table	77	2568.839045	2570.870398
2568.839045	0.000000	513768	ttl	1	72	n/a	n/a	n/a	n/a	n/a	n/a	n/a	n/a	n/a	n/a	n/a	n/a	n/a	n/a	n/a	n/a	n/a	n/a	n/a	n/a	n/a	2568.839045	n/a
2570.870398	0.000000	514174	ttl	2	72	n/a	n/a	n/a	n/a	n/a	n/a	n/a	n/a	n/a	n/a	n/a	n/a	n/a	n/a	n/a	n/a	n/a	n/a	n/a	n/a	n/a	2570.870398	n/a
2572.494400	0.000000	514499	ttl	4	72	n/a	n/a	n/a	n/a	n/a	n/a	n/a	n/a	n/a	n/a	n/a	n/a	n/a	n/a	n/a	n/a	n/a	n/a	n/a	n/a	n/a	2572.494400	n/a
2572.507752	0.000000	514502	ttl	11	72	n/a	n/a	n/a	n/a	n/a	n/a	n/a	n/a	n/a	n/a	n/a	n/a	n/a	n/a	n/a	n/a	n/a	n/a	n/a	n/a	n/a	2572.507752	n/a
2573.150066	2.031087	514630	time_discrimination	n/a	n/a	n/a	72.0	n/a	n/a	n/a	2572.5077524999997	n/a	1.8620493209455162	2.0	3	2.0	HB_15_ShortA.png	n/a	6	2577.04320275	n/a	79	2	2	intervals/timediscrimination_table	78	2573.150066	2575.181153
2573.150066	0.000000	514630	ttl	1	72	n/a	n/a	n/a	n/a	n/a	n/a	n/a	n/a	n/a	n/a	n/a	n/a	n/a	n/a	n/a	n/a	n/a	n/a	n/a	n/a	n/a	2573.150066	n/a
2575.181153	0.000000	515036	ttl	2	72	n/a	n/a	n/a	n/a	n/a	n/a	n/a	n/a	n/a	n/a	n/a	n/a	n/a	n/a	n/a	n/a	n/a	n/a	n/a	n/a	n/a	2575.181153	n/a
2577.043203	0.000000	515409	ttl	4	72	n/a	n/a	n/a	n/a	n/a	n/a	n/a	n/a	n/a	n/a	n/a	n/a	n/a	n/a	n/a	n/a	n/a	n/a	n/a	n/a	n/a	2577.043203	n/a
2577.050182	0.000000	515410	ttl	11	72	n/a	n/a	n/a	n/a	n/a	n/a	n/a	n/a	n/a	n/a	n/a	n/a	n/a	n/a	n/a	n/a	n/a	n/a	n/a	n/a	n/a	2577.050182	n/a
2577.632078	2.031503	515526	time_discrimination	n/a	n/a	n/a	72.0	n/a	n/a	n/a	2577.05018175	n/a	1.9137385598151013	2.0	2	2.0	SB_7_LongA.png	n/a	3	2581.57731975	n/a	80	1	1	intervals/timediscrimination_table	79	2577.632078	2579.663581
2577.632078	0.000000	515526	ttl	1	72	n/a	n/a	n/a	n/a	n/a	n/a	n/a	n/a	n/a	n/a	n/a	n/a	n/a	n/a	n/a	n/a	n/a	n/a	n/a	n/a	n/a	2577.632078	n/a
2579.663581	0.000000	515933	ttl	2	72	n/a	n/a	n/a	n/a	n/a	n/a	n/a	n/a	n/a	n/a	n/a	n/a	n/a	n/a	n/a	n/a	n/a	n/a	n/a	n/a	n/a	2579.663581	n/a
2581.577320	0.000000	516315	ttl	4	72	n/a	n/a	n/a	n/a	n/a	n/a	n/a	n/a	n/a	n/a	n/a	n/a	n/a	n/a	n/a	n/a	n/a	n/a	n/a	n/a	n/a	2581.577320	n/a
2581.583224	0.000000	516317	ttl	11	72	n/a	n/a	n/a	n/a	n/a	n/a	n/a	n/a	n/a	n/a	n/a	n/a	n/a	n/a	n/a	n/a	n/a	n/a	n/a	n/a	n/a	2581.583224	n/a
2582.225494	2.031338	516445	time_discrimination	n/a	n/a	n/a	72.0	n/a	n/a	n/a	2581.583224	n/a	1.6628466041292995	1.0	2	3.0	SB_22_LongA.png	n/a	7	2585.91967825	n/a	81	2	1	intervals/timediscrimination_table	80	2582.225494	2584.256831
2582.225494	0.000000	516445	ttl	1	72	n/a	n/a	n/a	n/a	n/a	n/a	n/a	n/a	n/a	n/a	n/a	n/a	n/a	n/a	n/a	n/a	n/a	n/a	n/a	n/a	n/a	2582.225494	n/a
2584.256831	0.000000	516851	ttl	2	72	n/a	n/a	n/a	n/a	n/a	n/a	n/a	n/a	n/a	n/a	n/a	n/a	n/a	n/a	n/a	n/a	n/a	n/a	n/a	n/a	n/a	2584.256831	n/a
2585.919678	0.000000	517184	ttl	4	72	n/a	n/a	n/a	n/a	n/a	n/a	n/a	n/a	n/a	n/a	n/a	n/a	n/a	n/a	n/a	n/a	n/a	n/a	n/a	n/a	n/a	2585.919678	n/a
2585.926368	0.000000	517185	ttl	11	72	n/a	n/a	n/a	n/a	n/a	n/a	n/a	n/a	n/a	n/a	n/a	n/a	n/a	n/a	n/a	n/a	n/a	n/a	n/a	n/a	n/a	2585.926368	n/a
2586.548463	2.031295	517310	time_discrimination	n/a	n/a	n/a	72.0	n/a	n/a	n/a	2585.92636775	n/a	2.052854821202345	2.0	3	1.0	HB_19_LongA.png	n/a	4	2590.6326125	n/a	82	1	1	intervals/timediscrimination_table	81	2586.548463	2588.579758
2586.548463	0.000000	517310	ttl	1	72	n/a	n/a	n/a	n/a	n/a	n/a	n/a	n/a	n/a	n/a	n/a	n/a	n/a	n/a	n/a	n/a	n/a	n/a	n/a	n/a	n/a	2586.548463	n/a
2588.579758	0.000000	517716	ttl	2	72	n/a	n/a	n/a	n/a	n/a	n/a	n/a	n/a	n/a	n/a	n/a	n/a	n/a	n/a	n/a	n/a	n/a	n/a	n/a	n/a	n/a	2588.579758	n/a
2590.632613	0.000000	518127	ttl	4	72	n/a	n/a	n/a	n/a	n/a	n/a	n/a	n/a	n/a	n/a	n/a	n/a	n/a	n/a	n/a	n/a	n/a	n/a	n/a	n/a	n/a	2590.632613	n/a
2590.637972	0.000000	518128	ttl	11	72	n/a	n/a	n/a	n/a	n/a	n/a	n/a	n/a	n/a	n/a	n/a	n/a	n/a	n/a	n/a	n/a	n/a	n/a	n/a	n/a	n/a	2590.637972	n/a
2591.300336	2.031363	518260	time_discrimination	n/a	n/a	n/a	72.0	n/a	n/a	n/a	2590.637972	n/a	1.8906980925239623	2.0	3	2.0	HB_35_ShortA.png	n/a	6	2595.2223974999997	n/a	83	2	2	intervals/timediscrimination_table	82	2591.300336	2593.331699
2591.300336	0.000000	518260	ttl	1	72	n/a	n/a	n/a	n/a	n/a	n/a	n/a	n/a	n/a	n/a	n/a	n/a	n/a	n/a	n/a	n/a	n/a	n/a	n/a	n/a	n/a	2591.300336	n/a
2593.331699	0.000000	518666	ttl	2	72	n/a	n/a	n/a	n/a	n/a	n/a	n/a	n/a	n/a	n/a	n/a	n/a	n/a	n/a	n/a	n/a	n/a	n/a	n/a	n/a	n/a	2593.331699	n/a
2595.222397	0.000000	519044	ttl	4	72	n/a	n/a	n/a	n/a	n/a	n/a	n/a	n/a	n/a	n/a	n/a	n/a	n/a	n/a	n/a	n/a	n/a	n/a	n/a	n/a	n/a	2595.222397	n/a
2595.228987	0.000000	519046	ttl	11	72	n/a	n/a	n/a	n/a	n/a	n/a	n/a	n/a	n/a	n/a	n/a	n/a	n/a	n/a	n/a	n/a	n/a	n/a	n/a	n/a	n/a	2595.228987	n/a
2595.811155	2.031294	519162	time_discrimination	n/a	n/a	n/a	72.0	n/a	n/a	n/a	2595.2289874999997	n/a	1.9098350125132129	2.0	3	1.0	HB_24_LongA.png	n/a	4	2599.7522845	n/a	84	1	1	intervals/timediscrimination_table	83	2595.811155	2597.842449
2595.811155	0.000000	519162	ttl	1	72	n/a	n/a	n/a	n/a	n/a	n/a	n/a	n/a	n/a	n/a	n/a	n/a	n/a	n/a	n/a	n/a	n/a	n/a	n/a	n/a	n/a	2595.811155	n/a
2597.842449	0.000000	519568	ttl	2	72	n/a	n/a	n/a	n/a	n/a	n/a	n/a	n/a	n/a	n/a	n/a	n/a	n/a	n/a	n/a	n/a	n/a	n/a	n/a	n/a	n/a	2597.842449	n/a
2599.752284	0.000000	519950	ttl	4	72	n/a	n/a	n/a	n/a	n/a	n/a	n/a	n/a	n/a	n/a	n/a	n/a	n/a	n/a	n/a	n/a	n/a	n/a	n/a	n/a	n/a	2599.752284	n/a
2599.768116	0.000000	519954	ttl	11	72	n/a	n/a	n/a	n/a	n/a	n/a	n/a	n/a	n/a	n/a	n/a	n/a	n/a	n/a	n/a	n/a	n/a	n/a	n/a	n/a	n/a	2599.768116	n/a
2600.430362	2.031380	520086	time_discrimination	n/a	n/a	n/a	72.0	n/a	n/a	n/a	2599.7681155	n/a	1.9803640560712665	2.0	2	3.0	SB_30_LongA.png	n/a	7	2604.44210625	n/a	85	2	2	intervals/timediscrimination_table	84	2600.430362	2602.461742
2600.430362	0.000000	520086	ttl	1	72	n/a	n/a	n/a	n/a	n/a	n/a	n/a	n/a	n/a	n/a	n/a	n/a	n/a	n/a	n/a	n/a	n/a	n/a	n/a	n/a	n/a	2600.430362	n/a
2602.461742	0.000000	520492	ttl	2	72	n/a	n/a	n/a	n/a	n/a	n/a	n/a	n/a	n/a	n/a	n/a	n/a	n/a	n/a	n/a	n/a	n/a	n/a	n/a	n/a	n/a	2602.461742	n/a
2604.442106	0.000000	520888	ttl	4	72	n/a	n/a	n/a	n/a	n/a	n/a	n/a	n/a	n/a	n/a	n/a	n/a	n/a	n/a	n/a	n/a	n/a	n/a	n/a	n/a	n/a	2604.442106	n/a
2604.459889	0.000000	520892	ttl	11	72	n/a	n/a	n/a	n/a	n/a	n/a	n/a	n/a	n/a	n/a	n/a	n/a	n/a	n/a	n/a	n/a	n/a	n/a	n/a	n/a	n/a	2604.459889	n/a
2605.081779	2.031123	521016	time_discrimination	n/a	n/a	n/a	72.0	n/a	n/a	n/a	2604.4598895	n/a	1.2178532662801445	2.0	3	2.0	HB_5_ShortA.png	n/a	6	2608.330755	n/a	86	2	2	intervals/timediscrimination_table	85	2605.081779	2607.112902
2605.081779	0.000000	521016	ttl	1	72	n/a	n/a	n/a	n/a	n/a	n/a	n/a	n/a	n/a	n/a	n/a	n/a	n/a	n/a	n/a	n/a	n/a	n/a	n/a	n/a	n/a	2605.081779	n/a
2607.112902	0.000000	521423	ttl	2	72	n/a	n/a	n/a	n/a	n/a	n/a	n/a	n/a	n/a	n/a	n/a	n/a	n/a	n/a	n/a	n/a	n/a	n/a	n/a	n/a	n/a	2607.112902	n/a
2608.330755	0.000000	521666	ttl	4	72	n/a	n/a	n/a	n/a	n/a	n/a	n/a	n/a	n/a	n/a	n/a	n/a	n/a	n/a	n/a	n/a	n/a	n/a	n/a	n/a	n/a	2608.330755	n/a
2608.351383	0.000000	521670	ttl	11	72	n/a	n/a	n/a	n/a	n/a	n/a	n/a	n/a	n/a	n/a	n/a	n/a	n/a	n/a	n/a	n/a	n/a	n/a	n/a	n/a	n/a	2608.351383	n/a
2608.953411	2.031340	521791	time_discrimination	n/a	n/a	n/a	72.0	n/a	n/a	n/a	2608.35138275	n/a	1.570122328470461	2.0	3	2.0	HB_17_LongA.png	n/a	6	2612.55487375	n/a	87	2	2	intervals/timediscrimination_table	86	2608.953411	2610.984751
2608.953411	0.000000	521791	ttl	1	72	n/a	n/a	n/a	n/a	n/a	n/a	n/a	n/a	n/a	n/a	n/a	n/a	n/a	n/a	n/a	n/a	n/a	n/a	n/a	n/a	n/a	2608.953411	n/a
2610.984751	0.000000	522197	ttl	2	72	n/a	n/a	n/a	n/a	n/a	n/a	n/a	n/a	n/a	n/a	n/a	n/a	n/a	n/a	n/a	n/a	n/a	n/a	n/a	n/a	n/a	2610.984751	n/a
2612.554874	0.000000	522511	ttl	4	72	n/a	n/a	n/a	n/a	n/a	n/a	n/a	n/a	n/a	n/a	n/a	n/a	n/a	n/a	n/a	n/a	n/a	n/a	n/a	n/a	n/a	2612.554874	n/a
2612.574850	0.000000	522515	ttl	11	72	n/a	n/a	n/a	n/a	n/a	n/a	n/a	n/a	n/a	n/a	n/a	n/a	n/a	n/a	n/a	n/a	n/a	n/a	n/a	n/a	n/a	2612.574850	n/a
2613.156743	2.031386	522631	time_discrimination	n/a	n/a	n/a	72.0	n/a	n/a	n/a	2612.57484975	n/a	1.7468158744741231	1.0	2	3.0	SB_12_ShortA.png	n/a	7	2616.934945	n/a	88	2	1	intervals/timediscrimination_table	87	2613.156743	2615.188129
2613.156743	0.000000	522631	ttl	1	72	n/a	n/a	n/a	n/a	n/a	n/a	n/a	n/a	n/a	n/a	n/a	n/a	n/a	n/a	n/a	n/a	n/a	n/a	n/a	n/a	n/a	2613.156743	n/a
2615.188129	0.000000	523038	ttl	2	72	n/a	n/a	n/a	n/a	n/a	n/a	n/a	n/a	n/a	n/a	n/a	n/a	n/a	n/a	n/a	n/a	n/a	n/a	n/a	n/a	n/a	2615.188129	n/a
2616.934945	0.000000	523387	ttl	4	72	n/a	n/a	n/a	n/a	n/a	n/a	n/a	n/a	n/a	n/a	n/a	n/a	n/a	n/a	n/a	n/a	n/a	n/a	n/a	n/a	n/a	2616.934945	n/a
2616.943801	0.000000	523389	ttl	11	72	n/a	n/a	n/a	n/a	n/a	n/a	n/a	n/a	n/a	n/a	n/a	n/a	n/a	n/a	n/a	n/a	n/a	n/a	n/a	n/a	n/a	2616.943801	n/a
2617.585974	2.031295	523517	time_discrimination	n/a	n/a	n/a	72.0	n/a	n/a	n/a	2616.94380125	n/a	1.3704034368274733	2.0	1	2.0	NB_12_ShortA.png	n/a	3	2620.98767275	n/a	89	1	1	intervals/timediscrimination_table	88	2617.585974	2619.617269
2617.585974	0.000000	523517	ttl	1	72	n/a	n/a	n/a	n/a	n/a	n/a	n/a	n/a	n/a	n/a	n/a	n/a	n/a	n/a	n/a	n/a	n/a	n/a	n/a	n/a	n/a	2617.585974	n/a
2619.617269	0.000000	523923	ttl	2	72	n/a	n/a	n/a	n/a	n/a	n/a	n/a	n/a	n/a	n/a	n/a	n/a	n/a	n/a	n/a	n/a	n/a	n/a	n/a	n/a	n/a	2619.617269	n/a
2620.987673	0.000000	524198	ttl	4	72	n/a	n/a	n/a	n/a	n/a	n/a	n/a	n/a	n/a	n/a	n/a	n/a	n/a	n/a	n/a	n/a	n/a	n/a	n/a	n/a	n/a	2620.987673	n/a
2621.010215	0.000000	524202	ttl	11	72	n/a	n/a	n/a	n/a	n/a	n/a	n/a	n/a	n/a	n/a	n/a	n/a	n/a	n/a	n/a	n/a	n/a	n/a	n/a	n/a	n/a	2621.010215	n/a
2621.592189	2.031291	524318	time_discrimination	n/a	n/a	n/a	72.0	n/a	n/a	n/a	2621.010215	n/a	1.660686970106326	1.0	3	2.0	HB_23_ShortA.png	n/a	6	2625.28416775	n/a	90	2	1	intervals/timediscrimination_table	89	2621.592189	2623.623481
2621.592189	0.000000	524318	ttl	1	72	n/a	n/a	n/a	n/a	n/a	n/a	n/a	n/a	n/a	n/a	n/a	n/a	n/a	n/a	n/a	n/a	n/a	n/a	n/a	n/a	n/a	2621.592189	n/a
2623.623481	0.000000	524725	ttl	2	72	n/a	n/a	n/a	n/a	n/a	n/a	n/a	n/a	n/a	n/a	n/a	n/a	n/a	n/a	n/a	n/a	n/a	n/a	n/a	n/a	n/a	2623.623481	n/a
2625.284168	0.000000	525057	ttl	4	72	n/a	n/a	n/a	n/a	n/a	n/a	n/a	n/a	n/a	n/a	n/a	n/a	n/a	n/a	n/a	n/a	n/a	n/a	n/a	n/a	n/a	2625.284168	n/a
2625.289760	0.000000	525058	ttl	11	72	n/a	n/a	n/a	n/a	n/a	n/a	n/a	n/a	n/a	n/a	n/a	n/a	n/a	n/a	n/a	n/a	n/a	n/a	n/a	n/a	n/a	2625.289760	n/a
2625.931927	2.031542	525186	time_discrimination	n/a	n/a	n/a	72.0	n/a	n/a	n/a	2625.2897602499997	n/a	2.192500522476621	1.0	3	2.0	HB_36_ShortA.png	n/a	6	2630.15597	n/a	91	2	1	intervals/timediscrimination_table	90	2625.931927	2627.963469
2625.931927	0.000000	525186	ttl	1	72	n/a	n/a	n/a	n/a	n/a	n/a	n/a	n/a	n/a	n/a	n/a	n/a	n/a	n/a	n/a	n/a	n/a	n/a	n/a	n/a	n/a	2625.931927	n/a
2627.963469	0.000000	525593	ttl	2	72	n/a	n/a	n/a	n/a	n/a	n/a	n/a	n/a	n/a	n/a	n/a	n/a	n/a	n/a	n/a	n/a	n/a	n/a	n/a	n/a	n/a	2627.963469	n/a
2630.155970	0.000000	526031	ttl	4	72	n/a	n/a	n/a	n/a	n/a	n/a	n/a	n/a	n/a	n/a	n/a	n/a	n/a	n/a	n/a	n/a	n/a	n/a	n/a	n/a	n/a	2630.155970	n/a
2630.166591	0.000000	526033	ttl	11	72	n/a	n/a	n/a	n/a	n/a	n/a	n/a	n/a	n/a	n/a	n/a	n/a	n/a	n/a	n/a	n/a	n/a	n/a	n/a	n/a	n/a	2630.166591	n/a
2630.748349	2.031520	526150	time_discrimination	n/a	n/a	n/a	72.0	n/a	n/a	n/a	2630.1665915	n/a	1.7510008848039433	1.0	1	2.0	NB_17_ShortA.png	n/a	3	2634.5308704999998	n/a	92	1	2	intervals/timediscrimination_table	91	2630.748349	2632.779870
2630.748349	0.000000	526150	ttl	1	72	n/a	n/a	n/a	n/a	n/a	n/a	n/a	n/a	n/a	n/a	n/a	n/a	n/a	n/a	n/a	n/a	n/a	n/a	n/a	n/a	n/a	2630.748349	n/a
2632.779870	0.000000	526556	ttl	2	72	n/a	n/a	n/a	n/a	n/a	n/a	n/a	n/a	n/a	n/a	n/a	n/a	n/a	n/a	n/a	n/a	n/a	n/a	n/a	n/a	n/a	2632.779870	n/a
2634.530870	0.000000	526906	ttl	4	72	n/a	n/a	n/a	n/a	n/a	n/a	n/a	n/a	n/a	n/a	n/a	n/a	n/a	n/a	n/a	n/a	n/a	n/a	n/a	n/a	n/a	2634.530870	n/a
2634.547681	0.000000	526910	ttl	11	72	n/a	n/a	n/a	n/a	n/a	n/a	n/a	n/a	n/a	n/a	n/a	n/a	n/a	n/a	n/a	n/a	n/a	n/a	n/a	n/a	n/a	2634.547681	n/a
2635.189765	2.031387	527038	time_discrimination	n/a	n/a	n/a	72.0	n/a	n/a	n/a	2634.54768075	n/a	1.7847740012221038	2.0	3	2.0	HB_56_LongA.png	n/a	6	2639.005926	n/a	93	2	2	intervals/timediscrimination_table	92	2635.189765	2637.221152
2635.189765	0.000000	527038	ttl	1	72	n/a	n/a	n/a	n/a	n/a	n/a	n/a	n/a	n/a	n/a	n/a	n/a	n/a	n/a	n/a	n/a	n/a	n/a	n/a	n/a	n/a	2635.189765	n/a
2637.221152	0.000000	527444	ttl	2	72	n/a	n/a	n/a	n/a	n/a	n/a	n/a	n/a	n/a	n/a	n/a	n/a	n/a	n/a	n/a	n/a	n/a	n/a	n/a	n/a	n/a	2637.221152	n/a
2639.005926	0.000000	527801	ttl	4	72	n/a	n/a	n/a	n/a	n/a	n/a	n/a	n/a	n/a	n/a	n/a	n/a	n/a	n/a	n/a	n/a	n/a	n/a	n/a	n/a	n/a	2639.005926	n/a
2639.026656	0.000000	527805	ttl	11	72	n/a	n/a	n/a	n/a	n/a	n/a	n/a	n/a	n/a	n/a	n/a	n/a	n/a	n/a	n/a	n/a	n/a	n/a	n/a	n/a	n/a	2639.026656	n/a
2639.608582	2.031330	527922	time_discrimination	n/a	n/a	n/a	72.0	n/a	n/a	n/a	2639.02665575	n/a	1.8837365028448403	1.0	2	3.0	SB_56_LongA.png	n/a	7	2643.5236487499997	n/a	94	2	1	intervals/timediscrimination_table	93	2639.608582	2641.639912
2639.608582	0.000000	527922	ttl	1	72	n/a	n/a	n/a	n/a	n/a	n/a	n/a	n/a	n/a	n/a	n/a	n/a	n/a	n/a	n/a	n/a	n/a	n/a	n/a	n/a	n/a	2639.608582	n/a
2641.639912	0.000000	528328	ttl	2	72	n/a	n/a	n/a	n/a	n/a	n/a	n/a	n/a	n/a	n/a	n/a	n/a	n/a	n/a	n/a	n/a	n/a	n/a	n/a	n/a	n/a	2641.639912	n/a
2643.523649	0.000000	528705	ttl	4	72	n/a	n/a	n/a	n/a	n/a	n/a	n/a	n/a	n/a	n/a	n/a	n/a	n/a	n/a	n/a	n/a	n/a	n/a	n/a	n/a	n/a	2643.523649	n/a
2643.541214	0.000000	528708	ttl	11	72	n/a	n/a	n/a	n/a	n/a	n/a	n/a	n/a	n/a	n/a	n/a	n/a	n/a	n/a	n/a	n/a	n/a	n/a	n/a	n/a	n/a	2643.541214	n/a
2644.183414	2.031180	528837	time_discrimination	n/a	n/a	n/a	72.0	n/a	n/a	n/a	2643.5412137499998	n/a	1.255000663921237	1.0	3	2.0	HB_37_ShortA.png	n/a	3	2647.46959475	n/a	95	1	2	intervals/timediscrimination_table	94	2644.183414	2646.214594
2644.183414	0.000000	528837	ttl	1	72	n/a	n/a	n/a	n/a	n/a	n/a	n/a	n/a	n/a	n/a	n/a	n/a	n/a	n/a	n/a	n/a	n/a	n/a	n/a	n/a	n/a	2644.183414	n/a
2646.214594	0.000000	529243	ttl	2	72	n/a	n/a	n/a	n/a	n/a	n/a	n/a	n/a	n/a	n/a	n/a	n/a	n/a	n/a	n/a	n/a	n/a	n/a	n/a	n/a	n/a	2646.214594	n/a
2647.469595	0.000000	529494	ttl	4	72	n/a	n/a	n/a	n/a	n/a	n/a	n/a	n/a	n/a	n/a	n/a	n/a	n/a	n/a	n/a	n/a	n/a	n/a	n/a	n/a	n/a	2647.469595	n/a
2647.493797	0.000000	529499	ttl	11	72	n/a	n/a	n/a	n/a	n/a	n/a	n/a	n/a	n/a	n/a	n/a	n/a	n/a	n/a	n/a	n/a	n/a	n/a	n/a	n/a	n/a	2647.493797	n/a
2648.095859	2.031328	529619	time_discrimination	n/a	n/a	n/a	72.0	n/a	n/a	n/a	2647.493797	n/a	1.710145961958915	2.0	1	3.0	NB_6_LongA.png	n/a	7	2651.83733325	n/a	96	2	2	intervals/timediscrimination_table	95	2648.095859	2650.127187
2648.095859	0.000000	529619	ttl	1	72	n/a	n/a	n/a	n/a	n/a	n/a	n/a	n/a	n/a	n/a	n/a	n/a	n/a	n/a	n/a	n/a	n/a	n/a	n/a	n/a	n/a	2648.095859	n/a
2650.127187	0.000000	530025	ttl	2	72	n/a	n/a	n/a	n/a	n/a	n/a	n/a	n/a	n/a	n/a	n/a	n/a	n/a	n/a	n/a	n/a	n/a	n/a	n/a	n/a	n/a	2650.127187	n/a
2651.837333	0.000000	530367	ttl	4	72	n/a	n/a	n/a	n/a	n/a	n/a	n/a	n/a	n/a	n/a	n/a	n/a	n/a	n/a	n/a	n/a	n/a	n/a	n/a	n/a	n/a	2651.837333	n/a
2651.844476	0.000000	530369	ttl	11	72	n/a	n/a	n/a	n/a	n/a	n/a	n/a	n/a	n/a	n/a	n/a	n/a	n/a	n/a	n/a	n/a	n/a	n/a	n/a	n/a	n/a	2651.844476	n/a
2652.466599	2.030901	530493	time_discrimination	n/a	n/a	n/a	72.0	n/a	n/a	n/a	2651.8444757499997	n/a	1.8761149633210152	1.0	1	3.0	NB_29_ShortA.png	n/a	2	2656.37361525	n/a	97	1	2	intervals/timediscrimination_table	96	2652.466599	2654.497500
2652.466599	0.000000	530493	ttl	1	72	n/a	n/a	n/a	n/a	n/a	n/a	n/a	n/a	n/a	n/a	n/a	n/a	n/a	n/a	n/a	n/a	n/a	n/a	n/a	n/a	n/a	2652.466599	n/a
2654.497500	0.000000	530900	ttl	2	72	n/a	n/a	n/a	n/a	n/a	n/a	n/a	n/a	n/a	n/a	n/a	n/a	n/a	n/a	n/a	n/a	n/a	n/a	n/a	n/a	n/a	2654.497500	n/a
2656.373615	0.000000	531275	ttl	4	72	n/a	n/a	n/a	n/a	n/a	n/a	n/a	n/a	n/a	n/a	n/a	n/a	n/a	n/a	n/a	n/a	n/a	n/a	n/a	n/a	n/a	2656.373615	n/a
2656.387787	0.000000	531278	ttl	11	72	n/a	n/a	n/a	n/a	n/a	n/a	n/a	n/a	n/a	n/a	n/a	n/a	n/a	n/a	n/a	n/a	n/a	n/a	n/a	n/a	n/a	2656.387787	n/a
2657.009730	2.031567	531402	time_discrimination	n/a	n/a	n/a	72.0	n/a	n/a	n/a	2656.3877872499997	n/a	1.1615871454123408	1.0	2	3.0	SB_55_LongA.png	n/a	7	2660.2028837499997	n/a	98	2	1	intervals/timediscrimination_table	97	2657.009730	2659.041297
2657.009730	0.000000	531402	ttl	1	72	n/a	n/a	n/a	n/a	n/a	n/a	n/a	n/a	n/a	n/a	n/a	n/a	n/a	n/a	n/a	n/a	n/a	n/a	n/a	n/a	n/a	2657.009730	n/a
2659.041297	0.000000	531808	ttl	2	72	n/a	n/a	n/a	n/a	n/a	n/a	n/a	n/a	n/a	n/a	n/a	n/a	n/a	n/a	n/a	n/a	n/a	n/a	n/a	n/a	n/a	2659.041297	n/a
2660.202884	0.000000	532041	ttl	4	72	n/a	n/a	n/a	n/a	n/a	n/a	n/a	n/a	n/a	n/a	n/a	n/a	n/a	n/a	n/a	n/a	n/a	n/a	n/a	n/a	n/a	2660.202884	n/a
2660.220696	0.000000	532044	ttl	11	72	n/a	n/a	n/a	n/a	n/a	n/a	n/a	n/a	n/a	n/a	n/a	n/a	n/a	n/a	n/a	n/a	n/a	n/a	n/a	n/a	n/a	2660.220696	n/a
2660.762555	2.031282	532153	time_discrimination	n/a	n/a	n/a	72.0	n/a	n/a	n/a	2660.22069575	n/a	2.0112819911446422	1.0	2	3.0	SB_11_LongA.png	n/a	2	2664.805119	n/a	99	1	2	intervals/timediscrimination_table	98	2660.762555	2662.793837
2660.762555	0.000000	532153	ttl	1	72	n/a	n/a	n/a	n/a	n/a	n/a	n/a	n/a	n/a	n/a	n/a	n/a	n/a	n/a	n/a	n/a	n/a	n/a	n/a	n/a	n/a	2660.762555	n/a
2662.793837	0.000000	532559	ttl	2	72	n/a	n/a	n/a	n/a	n/a	n/a	n/a	n/a	n/a	n/a	n/a	n/a	n/a	n/a	n/a	n/a	n/a	n/a	n/a	n/a	n/a	2662.793837	n/a
2664.805119	0.000000	532961	ttl	4	72	n/a	n/a	n/a	n/a	n/a	n/a	n/a	n/a	n/a	n/a	n/a	n/a	n/a	n/a	n/a	n/a	n/a	n/a	n/a	n/a	n/a	2664.805119	n/a
2664.814172	0.000000	532963	ttl	11	72	n/a	n/a	n/a	n/a	n/a	n/a	n/a	n/a	n/a	n/a	n/a	n/a	n/a	n/a	n/a	n/a	n/a	n/a	n/a	n/a	n/a	2664.814172	n/a
2665.396081	2.031647	533079	time_discrimination	n/a	n/a	n/a	72.0	n/a	n/a	n/a	2664.81417225	n/a	1.703425837913528	2.0	1	3.0	NB_21_ShortA.png	n/a	7	2669.13115375	n/a	100	2	2	intervals/timediscrimination_table	99	2665.396081	2667.427728
2665.396081	0.000000	533079	ttl	1	72	n/a	n/a	n/a	n/a	n/a	n/a	n/a	n/a	n/a	n/a	n/a	n/a	n/a	n/a	n/a	n/a	n/a	n/a	n/a	n/a	n/a	2665.396081	n/a
2667.427728	0.000000	533486	ttl	2	72	n/a	n/a	n/a	n/a	n/a	n/a	n/a	n/a	n/a	n/a	n/a	n/a	n/a	n/a	n/a	n/a	n/a	n/a	n/a	n/a	n/a	2667.427728	n/a
2669.131154	0.000000	533826	ttl	4	72	n/a	n/a	n/a	n/a	n/a	n/a	n/a	n/a	n/a	n/a	n/a	n/a	n/a	n/a	n/a	n/a	n/a	n/a	n/a	n/a	n/a	2669.131154	n/a
2669.141646	0.000000	533828	ttl	11	72	n/a	n/a	n/a	n/a	n/a	n/a	n/a	n/a	n/a	n/a	n/a	n/a	n/a	n/a	n/a	n/a	n/a	n/a	n/a	n/a	n/a	2669.141646	n/a
2669.743836	2.030675	533949	time_discrimination	n/a	n/a	n/a	72.0	n/a	n/a	n/a	2669.1416464999998	n/a	2.2221475071273744	2.0	3	2.0	HB_55_ShortA.png	n/a	3	2673.996659	n/a	101	1	1	intervals/timediscrimination_table	100	2669.743836	2671.774511
2669.743836	0.000000	533949	ttl	1	72	n/a	n/a	n/a	n/a	n/a	n/a	n/a	n/a	n/a	n/a	n/a	n/a	n/a	n/a	n/a	n/a	n/a	n/a	n/a	n/a	n/a	2669.743836	n/a
2671.774511	0.000000	534355	ttl	2	72	n/a	n/a	n/a	n/a	n/a	n/a	n/a	n/a	n/a	n/a	n/a	n/a	n/a	n/a	n/a	n/a	n/a	n/a	n/a	n/a	n/a	2671.774511	n/a
2673.996659	0.000000	534799	ttl	4	72	n/a	n/a	n/a	n/a	n/a	n/a	n/a	n/a	n/a	n/a	n/a	n/a	n/a	n/a	n/a	n/a	n/a	n/a	n/a	n/a	n/a	2673.996659	n/a
2674.013539	0.000000	534803	ttl	11	72	n/a	n/a	n/a	n/a	n/a	n/a	n/a	n/a	n/a	n/a	n/a	n/a	n/a	n/a	n/a	n/a	n/a	n/a	n/a	n/a	n/a	2674.013539	n/a
2674.675751	2.031259	534935	time_discrimination	n/a	n/a	n/a	72.0	n/a	n/a	n/a	2674.0135392499997	n/a	1.6218829059507698	2.0	1	3.0	NB_18_ShortA.png	n/a	2	2678.3288924999997	n/a	102	1	1	intervals/timediscrimination_table	101	2674.675751	2676.707009
2674.675751	0.000000	534935	ttl	1	72	n/a	n/a	n/a	n/a	n/a	n/a	n/a	n/a	n/a	n/a	n/a	n/a	n/a	n/a	n/a	n/a	n/a	n/a	n/a	n/a	n/a	2674.675751	n/a
2676.707009	0.000000	535341	ttl	2	72	n/a	n/a	n/a	n/a	n/a	n/a	n/a	n/a	n/a	n/a	n/a	n/a	n/a	n/a	n/a	n/a	n/a	n/a	n/a	n/a	n/a	2676.707009	n/a
2678.328892	0.000000	535666	ttl	4	72	n/a	n/a	n/a	n/a	n/a	n/a	n/a	n/a	n/a	n/a	n/a	n/a	n/a	n/a	n/a	n/a	n/a	n/a	n/a	n/a	n/a	2678.328892	n/a
2678.347203	0.000000	535669	ttl	11	72	n/a	n/a	n/a	n/a	n/a	n/a	n/a	n/a	n/a	n/a	n/a	n/a	n/a	n/a	n/a	n/a	n/a	n/a	n/a	n/a	n/a	2678.347203	n/a
2679.009456	2.031158	535802	time_discrimination	n/a	n/a	n/a	72.0	n/a	n/a	n/a	2678.347203	n/a	0.9385677926475182	2.0	2	3.0	SB_15_ShortA.png	n/a	7	2681.97918175	n/a	103	2	2	intervals/timediscrimination_table	102	2679.009456	2681.040614
2679.009456	0.000000	535802	ttl	1	72	n/a	n/a	n/a	n/a	n/a	n/a	n/a	n/a	n/a	n/a	n/a	n/a	n/a	n/a	n/a	n/a	n/a	n/a	n/a	n/a	n/a	2679.009456	n/a
2681.040614	0.000000	536208	ttl	2	72	n/a	n/a	n/a	n/a	n/a	n/a	n/a	n/a	n/a	n/a	n/a	n/a	n/a	n/a	n/a	n/a	n/a	n/a	n/a	n/a	n/a	2681.040614	n/a
2681.979182	0.000000	536396	ttl	4	72	n/a	n/a	n/a	n/a	n/a	n/a	n/a	n/a	n/a	n/a	n/a	n/a	n/a	n/a	n/a	n/a	n/a	n/a	n/a	n/a	n/a	2681.979182	n/a
2682.001369	0.000000	536400	ttl	11	72	n/a	n/a	n/a	n/a	n/a	n/a	n/a	n/a	n/a	n/a	n/a	n/a	n/a	n/a	n/a	n/a	n/a	n/a	n/a	n/a	n/a	2682.001369	n/a
2682.643590	2.031274	536529	time_discrimination	n/a	n/a	n/a	72.0	n/a	n/a	n/a	2682.0013695	n/a	1.7592342752031982	2.0	1	3.0	NB_15_ShortA.png	n/a	2	2686.43409775	n/a	104	1	1	intervals/timediscrimination_table	103	2682.643590	2684.674863
2682.643590	0.000000	536529	ttl	1	72	n/a	n/a	n/a	n/a	n/a	n/a	n/a	n/a	n/a	n/a	n/a	n/a	n/a	n/a	n/a	n/a	n/a	n/a	n/a	n/a	n/a	2682.643590	n/a
2684.674863	0.000000	536935	ttl	2	72	n/a	n/a	n/a	n/a	n/a	n/a	n/a	n/a	n/a	n/a	n/a	n/a	n/a	n/a	n/a	n/a	n/a	n/a	n/a	n/a	n/a	2684.674863	n/a
2686.434098	0.000000	537287	ttl	4	72	n/a	n/a	n/a	n/a	n/a	n/a	n/a	n/a	n/a	n/a	n/a	n/a	n/a	n/a	n/a	n/a	n/a	n/a	n/a	n/a	n/a	2686.434098	n/a
2686.445184	0.000000	537289	ttl	11	72	n/a	n/a	n/a	n/a	n/a	n/a	n/a	n/a	n/a	n/a	n/a	n/a	n/a	n/a	n/a	n/a	n/a	n/a	n/a	n/a	n/a	2686.445184	n/a
2687.007104	2.031347	537401	time_discrimination	n/a	n/a	n/a	72.0	n/a	n/a	n/a	2686.4451839999997	n/a	1.7764482542406768	2.0	1	3.0	NB_24_ShortA.png	n/a	2	2690.8149	n/a	105	1	1	intervals/timediscrimination_table	104	2687.007104	2689.038452
2687.007104	0.000000	537401	ttl	1	72	n/a	n/a	n/a	n/a	n/a	n/a	n/a	n/a	n/a	n/a	n/a	n/a	n/a	n/a	n/a	n/a	n/a	n/a	n/a	n/a	n/a	2687.007104	n/a
2689.038452	0.000000	537808	ttl	2	72	n/a	n/a	n/a	n/a	n/a	n/a	n/a	n/a	n/a	n/a	n/a	n/a	n/a	n/a	n/a	n/a	n/a	n/a	n/a	n/a	n/a	2689.038452	n/a
2690.814900	0.000000	538163	ttl	4	72	n/a	n/a	n/a	n/a	n/a	n/a	n/a	n/a	n/a	n/a	n/a	n/a	n/a	n/a	n/a	n/a	n/a	n/a	n/a	n/a	n/a	2690.814900	n/a
2690.823183	0.000000	538165	ttl	11	72	n/a	n/a	n/a	n/a	n/a	n/a	n/a	n/a	n/a	n/a	n/a	n/a	n/a	n/a	n/a	n/a	n/a	n/a	n/a	n/a	n/a	2690.823183	n/a
2691.405086	2.031302	538281	time_discrimination	n/a	n/a	n/a	72.0	n/a	n/a	n/a	2690.8231834999997	n/a	1.8591852642130107	2.0	1	3.0	NB_3_ShortA.png	n/a	7	2695.2955737499997	n/a	106	2	2	intervals/timediscrimination_table	105	2691.405086	2693.436388
2691.405086	0.000000	538281	ttl	1	72	n/a	n/a	n/a	n/a	n/a	n/a	n/a	n/a	n/a	n/a	n/a	n/a	n/a	n/a	n/a	n/a	n/a	n/a	n/a	n/a	n/a	2691.405086	n/a
2693.436388	0.000000	538687	ttl	2	72	n/a	n/a	n/a	n/a	n/a	n/a	n/a	n/a	n/a	n/a	n/a	n/a	n/a	n/a	n/a	n/a	n/a	n/a	n/a	n/a	n/a	2693.436388	n/a
2695.295574	0.000000	539059	ttl	4	72	n/a	n/a	n/a	n/a	n/a	n/a	n/a	n/a	n/a	n/a	n/a	n/a	n/a	n/a	n/a	n/a	n/a	n/a	n/a	n/a	n/a	2695.295574	n/a
2695.320731	0.000000	539064	ttl	11	72	n/a	n/a	n/a	n/a	n/a	n/a	n/a	n/a	n/a	n/a	n/a	n/a	n/a	n/a	n/a	n/a	n/a	n/a	n/a	n/a	n/a	2695.320731	n/a
2695.922802	2.031335	539185	time_discrimination	n/a	n/a	n/a	72.0	n/a	n/a	n/a	2695.3207307499997	n/a	1.8768818505341187	1.0	3	2.0	HB_54_ShortA.png	n/a	6	2699.8310187499997	n/a	107	2	1	intervals/timediscrimination_table	106	2695.922802	2697.954137
2695.922802	0.000000	539185	ttl	1	72	n/a	n/a	n/a	n/a	n/a	n/a	n/a	n/a	n/a	n/a	n/a	n/a	n/a	n/a	n/a	n/a	n/a	n/a	n/a	n/a	n/a	2695.922802	n/a
2697.954137	0.000000	539591	ttl	2	72	n/a	n/a	n/a	n/a	n/a	n/a	n/a	n/a	n/a	n/a	n/a	n/a	n/a	n/a	n/a	n/a	n/a	n/a	n/a	n/a	n/a	2697.954137	n/a
2699.831019	0.000000	539966	ttl	4	72	n/a	n/a	n/a	n/a	n/a	n/a	n/a	n/a	n/a	n/a	n/a	n/a	n/a	n/a	n/a	n/a	n/a	n/a	n/a	n/a	n/a	2699.831019	n/a
2699.855809	0.000000	539971	ttl	11	72	n/a	n/a	n/a	n/a	n/a	n/a	n/a	n/a	n/a	n/a	n/a	n/a	n/a	n/a	n/a	n/a	n/a	n/a	n/a	n/a	n/a	2699.855809	n/a
2700.477951	2.031340	540096	time_discrimination	n/a	n/a	n/a	72.0	n/a	n/a	n/a	2699.85580875	n/a	1.7327363995136693	2.0	3	2.0	HB_49_LongA.png	n/a	6	2704.2420275	n/a	108	2	2	intervals/timediscrimination_table	107	2700.477951	2702.509291
2700.477951	0.000000	540096	ttl	1	72	n/a	n/a	n/a	n/a	n/a	n/a	n/a	n/a	n/a	n/a	n/a	n/a	n/a	n/a	n/a	n/a	n/a	n/a	n/a	n/a	n/a	2700.477951	n/a
2702.509291	0.000000	540502	ttl	2	72	n/a	n/a	n/a	n/a	n/a	n/a	n/a	n/a	n/a	n/a	n/a	n/a	n/a	n/a	n/a	n/a	n/a	n/a	n/a	n/a	n/a	2702.509291	n/a
2704.242027	0.000000	540848	ttl	4	72	n/a	n/a	n/a	n/a	n/a	n/a	n/a	n/a	n/a	n/a	n/a	n/a	n/a	n/a	n/a	n/a	n/a	n/a	n/a	n/a	n/a	2704.242027	n/a
2704.263804	0.000000	540853	ttl	11	72	n/a	n/a	n/a	n/a	n/a	n/a	n/a	n/a	n/a	n/a	n/a	n/a	n/a	n/a	n/a	n/a	n/a	n/a	n/a	n/a	n/a	2704.263804	n/a
2704.885897	2.031322	540977	time_discrimination	n/a	n/a	n/a	72.0	n/a	n/a	n/a	2704.26380425	n/a	1.9722333131358027	2.0	1	3.0	NB_10_ShortA.png	n/a	7	2708.8894525	n/a	109	2	2	intervals/timediscrimination_table	108	2704.885897	2706.917219
2704.885897	0.000000	540977	ttl	1	72	n/a	n/a	n/a	n/a	n/a	n/a	n/a	n/a	n/a	n/a	n/a	n/a	n/a	n/a	n/a	n/a	n/a	n/a	n/a	n/a	n/a	2704.885897	n/a
2706.917219	0.000000	541383	ttl	2	72	n/a	n/a	n/a	n/a	n/a	n/a	n/a	n/a	n/a	n/a	n/a	n/a	n/a	n/a	n/a	n/a	n/a	n/a	n/a	n/a	n/a	2706.917219	n/a
2708.889453	0.000000	541778	ttl	4	72	n/a	n/a	n/a	n/a	n/a	n/a	n/a	n/a	n/a	n/a	n/a	n/a	n/a	n/a	n/a	n/a	n/a	n/a	n/a	n/a	n/a	2708.889453	n/a
2708.909720	0.000000	541782	ttl	11	72	n/a	n/a	n/a	n/a	n/a	n/a	n/a	n/a	n/a	n/a	n/a	n/a	n/a	n/a	n/a	n/a	n/a	n/a	n/a	n/a	n/a	2708.909720	n/a
2709.471604	2.031335	541894	time_discrimination	n/a	n/a	n/a	72.0	n/a	n/a	n/a	2708.90971975	n/a	1.4158622209215537	1.0	2	2.0	SB_26_ShortA.png	n/a	3	2712.9188015	n/a	110	1	2	intervals/timediscrimination_table	109	2709.471604	2711.502939
2709.471604	0.000000	541894	ttl	1	72	n/a	n/a	n/a	n/a	n/a	n/a	n/a	n/a	n/a	n/a	n/a	n/a	n/a	n/a	n/a	n/a	n/a	n/a	n/a	n/a	n/a	2709.471604	n/a
2711.502939	0.000000	542301	ttl	2	72	n/a	n/a	n/a	n/a	n/a	n/a	n/a	n/a	n/a	n/a	n/a	n/a	n/a	n/a	n/a	n/a	n/a	n/a	n/a	n/a	n/a	2711.502939	n/a
2712.918801	0.000000	542584	ttl	4	72	n/a	n/a	n/a	n/a	n/a	n/a	n/a	n/a	n/a	n/a	n/a	n/a	n/a	n/a	n/a	n/a	n/a	n/a	n/a	n/a	n/a	2712.918801	n/a
2712.941432	0.000000	542588	ttl	11	72	n/a	n/a	n/a	n/a	n/a	n/a	n/a	n/a	n/a	n/a	n/a	n/a	n/a	n/a	n/a	n/a	n/a	n/a	n/a	n/a	n/a	2712.941432	n/a
2713.543310	2.031419	542709	time_discrimination	n/a	n/a	n/a	72.0	n/a	n/a	n/a	2712.941432	n/a	1.7659184410003945	2.0	1	2.0	NB_3_LongA.png	n/a	3	2717.34064775	n/a	111	1	1	intervals/timediscrimination_table	110	2713.543310	2715.574729
2713.543310	0.000000	542709	ttl	1	72	n/a	n/a	n/a	n/a	n/a	n/a	n/a	n/a	n/a	n/a	n/a	n/a	n/a	n/a	n/a	n/a	n/a	n/a	n/a	n/a	n/a	2713.543310	n/a
2715.574729	0.000000	543115	ttl	2	72	n/a	n/a	n/a	n/a	n/a	n/a	n/a	n/a	n/a	n/a	n/a	n/a	n/a	n/a	n/a	n/a	n/a	n/a	n/a	n/a	n/a	2715.574729	n/a
2717.340648	0.000000	543468	ttl	4	72	n/a	n/a	n/a	n/a	n/a	n/a	n/a	n/a	n/a	n/a	n/a	n/a	n/a	n/a	n/a	n/a	n/a	n/a	n/a	n/a	n/a	2717.340648	n/a
2717.351701	0.000000	543470	ttl	11	72	n/a	n/a	n/a	n/a	n/a	n/a	n/a	n/a	n/a	n/a	n/a	n/a	n/a	n/a	n/a	n/a	n/a	n/a	n/a	n/a	n/a	2717.351701	n/a
2717.973794	2.031217	543595	time_discrimination	n/a	n/a	n/a	72.0	n/a	n/a	n/a	2717.351701	n/a	1.538483900949359	2.0	1	3.0	NB_4_ShortA.png	n/a	7	2721.54349475	n/a	112	2	2	intervals/timediscrimination_table	111	2717.973794	2720.005011
2717.973794	0.000000	543595	ttl	1	72	n/a	n/a	n/a	n/a	n/a	n/a	n/a	n/a	n/a	n/a	n/a	n/a	n/a	n/a	n/a	n/a	n/a	n/a	n/a	n/a	n/a	2717.973794	n/a
2720.005011	0.000000	544001	ttl	2	72	n/a	n/a	n/a	n/a	n/a	n/a	n/a	n/a	n/a	n/a	n/a	n/a	n/a	n/a	n/a	n/a	n/a	n/a	n/a	n/a	n/a	2720.005011	n/a
2721.543495	0.000000	544309	ttl	4	72	n/a	n/a	n/a	n/a	n/a	n/a	n/a	n/a	n/a	n/a	n/a	n/a	n/a	n/a	n/a	n/a	n/a	n/a	n/a	n/a	n/a	2721.543495	n/a
2721.563646	0.000000	544313	ttl	11	72	n/a	n/a	n/a	n/a	n/a	n/a	n/a	n/a	n/a	n/a	n/a	n/a	n/a	n/a	n/a	n/a	n/a	n/a	n/a	n/a	n/a	2721.563646	n/a
2722.205815	2.031316	544441	time_discrimination	n/a	n/a	n/a	72.0	n/a	n/a	n/a	2721.56364575	n/a	1.8348566729109734	2.0	2	3.0	SB_57_ShortA.png	n/a	2	2726.0719885	n/a	113	1	1	intervals/timediscrimination_table	112	2722.205815	2724.237132
2722.205815	0.000000	544441	ttl	1	72	n/a	n/a	n/a	n/a	n/a	n/a	n/a	n/a	n/a	n/a	n/a	n/a	n/a	n/a	n/a	n/a	n/a	n/a	n/a	n/a	n/a	2722.205815	n/a
2724.237132	0.000000	544847	ttl	2	72	n/a	n/a	n/a	n/a	n/a	n/a	n/a	n/a	n/a	n/a	n/a	n/a	n/a	n/a	n/a	n/a	n/a	n/a	n/a	n/a	n/a	2724.237132	n/a
2726.071988	0.000000	545214	ttl	4	72	n/a	n/a	n/a	n/a	n/a	n/a	n/a	n/a	n/a	n/a	n/a	n/a	n/a	n/a	n/a	n/a	n/a	n/a	n/a	n/a	n/a	2726.071988	n/a
2726.084172	0.000000	545217	ttl	11	72	n/a	n/a	n/a	n/a	n/a	n/a	n/a	n/a	n/a	n/a	n/a	n/a	n/a	n/a	n/a	n/a	n/a	n/a	n/a	n/a	n/a	2726.084172	n/a
2726.666016	2.031431	545333	time_discrimination	n/a	n/a	n/a	72.0	n/a	n/a	n/a	2726.0841717499998	n/a	1.5827490157680586	1.0	3	2.0	HB_10_ShortA.png	n/a	6	2730.28019575	n/a	114	2	1	intervals/timediscrimination_table	113	2726.666016	2728.697447
2726.666016	0.000000	545333	ttl	1	72	n/a	n/a	n/a	n/a	n/a	n/a	n/a	n/a	n/a	n/a	n/a	n/a	n/a	n/a	n/a	n/a	n/a	n/a	n/a	n/a	n/a	2726.666016	n/a
2728.697447	0.000000	545739	ttl	2	72	n/a	n/a	n/a	n/a	n/a	n/a	n/a	n/a	n/a	n/a	n/a	n/a	n/a	n/a	n/a	n/a	n/a	n/a	n/a	n/a	n/a	2728.697447	n/a
2730.280196	0.000000	546056	ttl	4	72	n/a	n/a	n/a	n/a	n/a	n/a	n/a	n/a	n/a	n/a	n/a	n/a	n/a	n/a	n/a	n/a	n/a	n/a	n/a	n/a	n/a	2730.280196	n/a
2730.302196	0.000000	546060	ttl	11	72	n/a	n/a	n/a	n/a	n/a	n/a	n/a	n/a	n/a	n/a	n/a	n/a	n/a	n/a	n/a	n/a	n/a	n/a	n/a	n/a	n/a	2730.302196	n/a
2730.864088	2.031163	546173	time_discrimination	n/a	n/a	n/a	72.0	n/a	n/a	n/a	2730.3021965	n/a	1.2454261380480602	1.0	1	3.0	NB_13_LongA.png	n/a	2	2734.1406764999997	n/a	115	1	2	intervals/timediscrimination_table	114	2730.864088	2732.895250
2730.864088	0.000000	546173	ttl	1	72	n/a	n/a	n/a	n/a	n/a	n/a	n/a	n/a	n/a	n/a	n/a	n/a	n/a	n/a	n/a	n/a	n/a	n/a	n/a	n/a	n/a	2730.864088	n/a
2732.895250	0.000000	546579	ttl	2	72	n/a	n/a	n/a	n/a	n/a	n/a	n/a	n/a	n/a	n/a	n/a	n/a	n/a	n/a	n/a	n/a	n/a	n/a	n/a	n/a	n/a	2732.895250	n/a
2734.140676	0.000000	546828	ttl	4	72	n/a	n/a	n/a	n/a	n/a	n/a	n/a	n/a	n/a	n/a	n/a	n/a	n/a	n/a	n/a	n/a	n/a	n/a	n/a	n/a	n/a	2734.140676	n/a
2734.159512	0.000000	546832	ttl	11	72	n/a	n/a	n/a	n/a	n/a	n/a	n/a	n/a	n/a	n/a	n/a	n/a	n/a	n/a	n/a	n/a	n/a	n/a	n/a	n/a	n/a	2734.159512	n/a
2734.741472	2.031219	546948	time_discrimination	n/a	n/a	n/a	72.0	n/a	n/a	n/a	2734.1595115	n/a	1.411525365198031	2.0	1	3.0	NB_16_ShortA.png	n/a	7	2738.1842165	n/a	116	2	2	intervals/timediscrimination_table	115	2734.741472	2736.772691
2734.741472	0.000000	546948	ttl	1	72	n/a	n/a	n/a	n/a	n/a	n/a	n/a	n/a	n/a	n/a	n/a	n/a	n/a	n/a	n/a	n/a	n/a	n/a	n/a	n/a	n/a	2734.741472	n/a
2736.772691	0.000000	547355	ttl	2	72	n/a	n/a	n/a	n/a	n/a	n/a	n/a	n/a	n/a	n/a	n/a	n/a	n/a	n/a	n/a	n/a	n/a	n/a	n/a	n/a	n/a	2736.772691	n/a
2738.184216	0.000000	547637	ttl	4	72	n/a	n/a	n/a	n/a	n/a	n/a	n/a	n/a	n/a	n/a	n/a	n/a	n/a	n/a	n/a	n/a	n/a	n/a	n/a	n/a	n/a	2738.184216	n/a
2738.200299	0.000000	547640	ttl	11	72	n/a	n/a	n/a	n/a	n/a	n/a	n/a	n/a	n/a	n/a	n/a	n/a	n/a	n/a	n/a	n/a	n/a	n/a	n/a	n/a	n/a	2738.200299	n/a
2738.741994	2.031355	547748	time_discrimination	n/a	n/a	n/a	72.0	n/a	n/a	n/a	2738.200299	n/a	1.3719653607113287	1.0	1	3.0	NB_2_LongA.png	n/a	7	2742.145314	n/a	117	2	1	intervals/timediscrimination_table	116	2738.741994	2740.773349
2738.741994	0.000000	547748	ttl	1	72	n/a	n/a	n/a	n/a	n/a	n/a	n/a	n/a	n/a	n/a	n/a	n/a	n/a	n/a	n/a	n/a	n/a	n/a	n/a	n/a	n/a	2738.741994	n/a
2740.773349	0.000000	548155	ttl	2	72	n/a	n/a	n/a	n/a	n/a	n/a	n/a	n/a	n/a	n/a	n/a	n/a	n/a	n/a	n/a	n/a	n/a	n/a	n/a	n/a	n/a	2740.773349	n/a
2742.145314	0.000000	548429	ttl	4	72	n/a	n/a	n/a	n/a	n/a	n/a	n/a	n/a	n/a	n/a	n/a	n/a	n/a	n/a	n/a	n/a	n/a	n/a	n/a	n/a	n/a	2742.145314	n/a
2742.167012	0.000000	548433	ttl	11	72	n/a	n/a	n/a	n/a	n/a	n/a	n/a	n/a	n/a	n/a	n/a	n/a	n/a	n/a	n/a	n/a	n/a	n/a	n/a	n/a	n/a	2742.167012	n/a
2742.809184	2.031316	548562	time_discrimination	n/a	n/a	n/a	72.0	n/a	n/a	n/a	2742.16701175	n/a	2.092000363743864	2.0	3	3.0	HB_34_ShortA.png	n/a	2	2746.93250125	n/a	118	1	1	intervals/timediscrimination_table	117	2742.809184	2744.840501
2742.809184	0.000000	548562	ttl	1	72	n/a	n/a	n/a	n/a	n/a	n/a	n/a	n/a	n/a	n/a	n/a	n/a	n/a	n/a	n/a	n/a	n/a	n/a	n/a	n/a	n/a	2742.809184	n/a
2744.840501	0.000000	548968	ttl	2	72	n/a	n/a	n/a	n/a	n/a	n/a	n/a	n/a	n/a	n/a	n/a	n/a	n/a	n/a	n/a	n/a	n/a	n/a	n/a	n/a	n/a	2744.840501	n/a
2746.932501	0.000000	549387	ttl	4	72	n/a	n/a	n/a	n/a	n/a	n/a	n/a	n/a	n/a	n/a	n/a	n/a	n/a	n/a	n/a	n/a	n/a	n/a	n/a	n/a	n/a	2746.932501	n/a
2746.942438	0.000000	549388	ttl	11	72	n/a	n/a	n/a	n/a	n/a	n/a	n/a	n/a	n/a	n/a	n/a	n/a	n/a	n/a	n/a	n/a	n/a	n/a	n/a	n/a	n/a	2746.942438	n/a
2747.564551	2.031449	549513	time_discrimination	n/a	n/a	n/a	72.0	n/a	n/a	n/a	2746.94243775	n/a	1.474190274020657	1.0	3	3.0	HB_47_ShortA.png	n/a	7	2751.070191	n/a	119	2	1	intervals/timediscrimination_table	118	2747.564551	2749.596001
2747.564551	0.000000	549513	ttl	1	72	n/a	n/a	n/a	n/a	n/a	n/a	n/a	n/a	n/a	n/a	n/a	n/a	n/a	n/a	n/a	n/a	n/a	n/a	n/a	n/a	n/a	2747.564551	n/a
2749.596001	0.000000	549919	ttl	2	72	n/a	n/a	n/a	n/a	n/a	n/a	n/a	n/a	n/a	n/a	n/a	n/a	n/a	n/a	n/a	n/a	n/a	n/a	n/a	n/a	n/a	2749.596001	n/a
2751.070191	0.000000	550214	ttl	4	72	n/a	n/a	n/a	n/a	n/a	n/a	n/a	n/a	n/a	n/a	n/a	n/a	n/a	n/a	n/a	n/a	n/a	n/a	n/a	n/a	n/a	2751.070191	n/a
2751.085905	0.000000	550217	ttl	11	72	n/a	n/a	n/a	n/a	n/a	n/a	n/a	n/a	n/a	n/a	n/a	n/a	n/a	n/a	n/a	n/a	n/a	n/a	n/a	n/a	n/a	2751.085905	n/a
2751.647809	2.031300	550330	time_discrimination	n/a	n/a	n/a	72.0	n/a	n/a	n/a	2751.08590475	n/a	1.426856306497939	1.0	2	3.0	SB_51_LongA.png	n/a	7	2755.1059655	n/a	120	2	1	intervals/timediscrimination_table	119	2751.647809	2753.679109
2751.647809	0.000000	550330	ttl	1	72	n/a	n/a	n/a	n/a	n/a	n/a	n/a	n/a	n/a	n/a	n/a	n/a	n/a	n/a	n/a	n/a	n/a	n/a	n/a	n/a	n/a	2751.647809	n/a
2753.679109	0.000000	550736	ttl	2	72	n/a	n/a	n/a	n/a	n/a	n/a	n/a	n/a	n/a	n/a	n/a	n/a	n/a	n/a	n/a	n/a	n/a	n/a	n/a	n/a	n/a	2753.679109	n/a
2755.105965	0.000000	551021	ttl	4	72	n/a	n/a	n/a	n/a	n/a	n/a	n/a	n/a	n/a	n/a	n/a	n/a	n/a	n/a	n/a	n/a	n/a	n/a	n/a	n/a	n/a	2755.105965	n/a
2755.113007	0.000000	551023	ttl	11	72	n/a	n/a	n/a	n/a	n/a	n/a	n/a	n/a	n/a	n/a	n/a	n/a	n/a	n/a	n/a	n/a	n/a	n/a	n/a	n/a	n/a	2755.113007	n/a
2755.715159	2.031231	551143	time_discrimination	n/a	n/a	n/a	72.0	n/a	n/a	n/a	2755.113007	n/a	1.4362996323034167	2.0	1	2.0	NB_30_LongA.png	n/a	3	2759.18268925	n/a	121	1	1	intervals/timediscrimination_table	120	2755.715159	2757.746390
2755.715159	0.000000	551143	ttl	1	72	n/a	n/a	n/a	n/a	n/a	n/a	n/a	n/a	n/a	n/a	n/a	n/a	n/a	n/a	n/a	n/a	n/a	n/a	n/a	n/a	n/a	2755.715159	n/a
2757.746390	0.000000	551549	ttl	2	72	n/a	n/a	n/a	n/a	n/a	n/a	n/a	n/a	n/a	n/a	n/a	n/a	n/a	n/a	n/a	n/a	n/a	n/a	n/a	n/a	n/a	2757.746390	n/a
2759.182689	0.000000	551837	ttl	4	72	n/a	n/a	n/a	n/a	n/a	n/a	n/a	n/a	n/a	n/a	n/a	n/a	n/a	n/a	n/a	n/a	n/a	n/a	n/a	n/a	n/a	2759.182689	n/a
2759.201629	0.000000	551840	ttl	11	72	n/a	n/a	n/a	n/a	n/a	n/a	n/a	n/a	n/a	n/a	n/a	n/a	n/a	n/a	n/a	n/a	n/a	n/a	n/a	n/a	n/a	2759.201629	n/a
2759.823791	2.031235	551965	time_discrimination	n/a	n/a	n/a	72.0	n/a	n/a	n/a	2759.20162875	n/a	1.7794124119682238	2.0	2	2.0	SB_8_ShortA.png	n/a	3	2763.634438	n/a	122	1	1	intervals/timediscrimination_table	121	2759.823791	2761.855026
2759.823791	0.000000	551965	ttl	1	72	n/a	n/a	n/a	n/a	n/a	n/a	n/a	n/a	n/a	n/a	n/a	n/a	n/a	n/a	n/a	n/a	n/a	n/a	n/a	n/a	n/a	2759.823791	n/a
2761.855026	0.000000	552371	ttl	2	72	n/a	n/a	n/a	n/a	n/a	n/a	n/a	n/a	n/a	n/a	n/a	n/a	n/a	n/a	n/a	n/a	n/a	n/a	n/a	n/a	n/a	2761.855026	n/a
2763.634438	0.000000	552727	ttl	4	72	n/a	n/a	n/a	n/a	n/a	n/a	n/a	n/a	n/a	n/a	n/a	n/a	n/a	n/a	n/a	n/a	n/a	n/a	n/a	n/a	n/a	2763.634438	n/a
2763.640982	0.000000	552728	ttl	11	72	n/a	n/a	n/a	n/a	n/a	n/a	n/a	n/a	n/a	n/a	n/a	n/a	n/a	n/a	n/a	n/a	n/a	n/a	n/a	n/a	n/a	2763.640982	n/a
2764.222997	2.031279	552845	time_discrimination	n/a	n/a	n/a	72.0	n/a	n/a	n/a	2763.64098175	n/a	2.3868420649087057	1.0	3	3.0	HB_9_LongA.png	n/a	7	2768.64111775	n/a	123	2	1	intervals/timediscrimination_table	122	2764.222997	2766.254276
2764.222997	0.000000	552845	ttl	1	72	n/a	n/a	n/a	n/a	n/a	n/a	n/a	n/a	n/a	n/a	n/a	n/a	n/a	n/a	n/a	n/a	n/a	n/a	n/a	n/a	n/a	2764.222997	n/a
2766.254276	0.000000	553251	ttl	2	72	n/a	n/a	n/a	n/a	n/a	n/a	n/a	n/a	n/a	n/a	n/a	n/a	n/a	n/a	n/a	n/a	n/a	n/a	n/a	n/a	n/a	2766.254276	n/a
2768.641118	0.000000	553728	ttl	4	72	n/a	n/a	n/a	n/a	n/a	n/a	n/a	n/a	n/a	n/a	n/a	n/a	n/a	n/a	n/a	n/a	n/a	n/a	n/a	n/a	n/a	2768.641118	n/a
2768.653478	0.000000	553731	ttl	11	72	n/a	n/a	n/a	n/a	n/a	n/a	n/a	n/a	n/a	n/a	n/a	n/a	n/a	n/a	n/a	n/a	n/a	n/a	n/a	n/a	n/a	2768.653478	n/a
2769.235463	2.031184	553847	time_discrimination	n/a	n/a	n/a	72.0	n/a	n/a	n/a	2768.65347775	n/a	1.8177789285546169	2.0	2	3.0	SB_40_ShortA.png	n/a	7	2773.0844267499997	n/a	124	2	2	intervals/timediscrimination_table	123	2769.235463	2771.266648
2769.235463	0.000000	553847	ttl	1	72	n/a	n/a	n/a	n/a	n/a	n/a	n/a	n/a	n/a	n/a	n/a	n/a	n/a	n/a	n/a	n/a	n/a	n/a	n/a	n/a	n/a	2769.235463	n/a
2771.266648	0.000000	554253	ttl	2	72	n/a	n/a	n/a	n/a	n/a	n/a	n/a	n/a	n/a	n/a	n/a	n/a	n/a	n/a	n/a	n/a	n/a	n/a	n/a	n/a	n/a	2771.266648	n/a
2773.084427	0.000000	554617	ttl	4	72	n/a	n/a	n/a	n/a	n/a	n/a	n/a	n/a	n/a	n/a	n/a	n/a	n/a	n/a	n/a	n/a	n/a	n/a	n/a	n/a	n/a	2773.084427	n/a
2773.106134	0.000000	554621	ttl	11	72	n/a	n/a	n/a	n/a	n/a	n/a	n/a	n/a	n/a	n/a	n/a	n/a	n/a	n/a	n/a	n/a	n/a	n/a	n/a	n/a	n/a	2773.106134	n/a
2773.748302	2.031228	554750	time_discrimination	n/a	n/a	n/a	72.0	n/a	n/a	n/a	2773.1061342499997	n/a	1.3607689490308985	1.0	2	3.0	SB_20_LongA.png	n/a	2	2777.1402992499998	n/a	125	1	2	intervals/timediscrimination_table	124	2773.748302	2775.779530
2773.748302	0.000000	554750	ttl	1	72	n/a	n/a	n/a	n/a	n/a	n/a	n/a	n/a	n/a	n/a	n/a	n/a	n/a	n/a	n/a	n/a	n/a	n/a	n/a	n/a	n/a	2773.748302	n/a
2775.779530	0.000000	555156	ttl	2	72	n/a	n/a	n/a	n/a	n/a	n/a	n/a	n/a	n/a	n/a	n/a	n/a	n/a	n/a	n/a	n/a	n/a	n/a	n/a	n/a	n/a	2775.779530	n/a
2777.140299	0.000000	555428	ttl	4	72	n/a	n/a	n/a	n/a	n/a	n/a	n/a	n/a	n/a	n/a	n/a	n/a	n/a	n/a	n/a	n/a	n/a	n/a	n/a	n/a	n/a	2777.140299	n/a
2777.159907	0.000000	555432	ttl	11	72	n/a	n/a	n/a	n/a	n/a	n/a	n/a	n/a	n/a	n/a	n/a	n/a	n/a	n/a	n/a	n/a	n/a	n/a	n/a	n/a	n/a	2777.159907	n/a
2777.782006	2.031256	555556	time_discrimination	n/a	n/a	n/a	72.0	n/a	n/a	n/a	2777.1599075	n/a	1.8998964256606996	1.0	2	3.0	SB_23_shortA.png	n/a	7	2781.7131582499997	n/a	126	2	1	intervals/timediscrimination_table	125	2777.782006	2779.813262
2777.782006	0.000000	555556	ttl	1	72	n/a	n/a	n/a	n/a	n/a	n/a	n/a	n/a	n/a	n/a	n/a	n/a	n/a	n/a	n/a	n/a	n/a	n/a	n/a	n/a	n/a	2777.782006	n/a
2779.813262	0.000000	555963	ttl	2	72	n/a	n/a	n/a	n/a	n/a	n/a	n/a	n/a	n/a	n/a	n/a	n/a	n/a	n/a	n/a	n/a	n/a	n/a	n/a	n/a	n/a	2779.813262	n/a
2781.713158	0.000000	556343	ttl	4	72	n/a	n/a	n/a	n/a	n/a	n/a	n/a	n/a	n/a	n/a	n/a	n/a	n/a	n/a	n/a	n/a	n/a	n/a	n/a	n/a	n/a	2781.713158	n/a
2781.718797	0.000000	556344	ttl	11	72	n/a	n/a	n/a	n/a	n/a	n/a	n/a	n/a	n/a	n/a	n/a	n/a	n/a	n/a	n/a	n/a	n/a	n/a	n/a	n/a	n/a	2781.718797	n/a
2782.340653	2.031505	556468	time_discrimination	n/a	n/a	n/a	72.0	n/a	n/a	n/a	2781.71879675	n/a	1.9429395362967625	2.0	1	3.0	NB_12_LongA.png	n/a	7	2786.3150969999997	n/a	127	2	2	intervals/timediscrimination_table	126	2782.340653	2784.372157
2782.340653	0.000000	556468	ttl	1	72	n/a	n/a	n/a	n/a	n/a	n/a	n/a	n/a	n/a	n/a	n/a	n/a	n/a	n/a	n/a	n/a	n/a	n/a	n/a	n/a	n/a	2782.340653	n/a
2784.372157	0.000000	556874	ttl	2	72	n/a	n/a	n/a	n/a	n/a	n/a	n/a	n/a	n/a	n/a	n/a	n/a	n/a	n/a	n/a	n/a	n/a	n/a	n/a	n/a	n/a	2784.372157	n/a
2786.315097	0.000000	557263	ttl	4	72	n/a	n/a	n/a	n/a	n/a	n/a	n/a	n/a	n/a	n/a	n/a	n/a	n/a	n/a	n/a	n/a	n/a	n/a	n/a	n/a	n/a	2786.315097	n/a
2786.334156	0.000000	557267	ttl	11	72	n/a	n/a	n/a	n/a	n/a	n/a	n/a	n/a	n/a	n/a	n/a	n/a	n/a	n/a	n/a	n/a	n/a	n/a	n/a	n/a	n/a	2786.334156	n/a
2786.956186	2.031383	557391	time_discrimination	n/a	n/a	n/a	72.0	n/a	n/a	n/a	2786.33415625	n/a	1.6733377275522798	1.0	3	3.0	HB_7_LongA.png	n/a	7	2790.660907	n/a	128	2	1	intervals/timediscrimination_table	127	2786.956186	2788.987569
2786.956186	0.000000	557391	ttl	1	72	n/a	n/a	n/a	n/a	n/a	n/a	n/a	n/a	n/a	n/a	n/a	n/a	n/a	n/a	n/a	n/a	n/a	n/a	n/a	n/a	n/a	2786.956186	n/a
2788.987569	0.000000	557798	ttl	2	72	n/a	n/a	n/a	n/a	n/a	n/a	n/a	n/a	n/a	n/a	n/a	n/a	n/a	n/a	n/a	n/a	n/a	n/a	n/a	n/a	n/a	2788.987569	n/a
2790.660907	0.000000	558132	ttl	4	72	n/a	n/a	n/a	n/a	n/a	n/a	n/a	n/a	n/a	n/a	n/a	n/a	n/a	n/a	n/a	n/a	n/a	n/a	n/a	n/a	n/a	2790.660907	n/a
2790.679502	0.000000	558136	ttl	11	72	n/a	n/a	n/a	n/a	n/a	n/a	n/a	n/a	n/a	n/a	n/a	n/a	n/a	n/a	n/a	n/a	n/a	n/a	n/a	n/a	n/a	2790.679502	n/a
2791.261492	2.031312	558252	time_discrimination	n/a	n/a	n/a	72.0	n/a	n/a	n/a	2790.67950225	n/a	1.347608091775328	1.0	1	3.0	NB_28_LongA.png	n/a	7	2794.6404117499997	n/a	129	2	1	intervals/timediscrimination_table	128	2791.261492	2793.292804
2791.261492	0.000000	558252	ttl	1	72	n/a	n/a	n/a	n/a	n/a	n/a	n/a	n/a	n/a	n/a	n/a	n/a	n/a	n/a	n/a	n/a	n/a	n/a	n/a	n/a	n/a	2791.261492	n/a
2793.292804	0.000000	558659	ttl	2	72	n/a	n/a	n/a	n/a	n/a	n/a	n/a	n/a	n/a	n/a	n/a	n/a	n/a	n/a	n/a	n/a	n/a	n/a	n/a	n/a	n/a	2793.292804	n/a
2794.640412	0.000000	558928	ttl	4	72	n/a	n/a	n/a	n/a	n/a	n/a	n/a	n/a	n/a	n/a	n/a	n/a	n/a	n/a	n/a	n/a	n/a	n/a	n/a	n/a	n/a	2794.640412	n/a
2794.656911	0.000000	558931	ttl	11	72	n/a	n/a	n/a	n/a	n/a	n/a	n/a	n/a	n/a	n/a	n/a	n/a	n/a	n/a	n/a	n/a	n/a	n/a	n/a	n/a	n/a	2794.656911	n/a
2795.218641	2.031377	559044	time_discrimination	n/a	n/a	n/a	72.0	n/a	n/a	n/a	2794.6569114999998	n/a	1.4359813495539129	2.0	3	2.0	HB_3_LongA.png	n/a	3	2798.6859987499997	n/a	130	1	1	intervals/timediscrimination_table	129	2795.218641	2797.250018
2795.218641	0.000000	559044	ttl	1	72	n/a	n/a	n/a	n/a	n/a	n/a	n/a	n/a	n/a	n/a	n/a	n/a	n/a	n/a	n/a	n/a	n/a	n/a	n/a	n/a	n/a	2795.218641	n/a
2797.250018	0.000000	559450	ttl	2	72	n/a	n/a	n/a	n/a	n/a	n/a	n/a	n/a	n/a	n/a	n/a	n/a	n/a	n/a	n/a	n/a	n/a	n/a	n/a	n/a	n/a	2797.250018	n/a
2798.685999	0.000000	559737	ttl	4	72	n/a	n/a	n/a	n/a	n/a	n/a	n/a	n/a	n/a	n/a	n/a	n/a	n/a	n/a	n/a	n/a	n/a	n/a	n/a	n/a	n/a	2798.685999	n/a
2798.709667	0.000000	559742	ttl	11	72	n/a	n/a	n/a	n/a	n/a	n/a	n/a	n/a	n/a	n/a	n/a	n/a	n/a	n/a	n/a	n/a	n/a	n/a	n/a	n/a	n/a	2798.709667	n/a
2799.331748	2.031313	559866	time_discrimination	n/a	n/a	n/a	72.0	n/a	n/a	n/a	2798.7096675	n/a	1.7439840864390135	1.0	1	3.0	NB_27_ShortA.png	n/a	7	2803.1070455	n/a	131	2	1	intervals/timediscrimination_table	130	2799.331748	2801.363061
2799.331748	0.000000	559866	ttl	1	72	n/a	n/a	n/a	n/a	n/a	n/a	n/a	n/a	n/a	n/a	n/a	n/a	n/a	n/a	n/a	n/a	n/a	n/a	n/a	n/a	n/a	2799.331748	n/a
2801.363061	0.000000	560273	ttl	2	72	n/a	n/a	n/a	n/a	n/a	n/a	n/a	n/a	n/a	n/a	n/a	n/a	n/a	n/a	n/a	n/a	n/a	n/a	n/a	n/a	n/a	2801.363061	n/a
2803.107045	0.000000	560621	ttl	4	72	n/a	n/a	n/a	n/a	n/a	n/a	n/a	n/a	n/a	n/a	n/a	n/a	n/a	n/a	n/a	n/a	n/a	n/a	n/a	n/a	n/a	2803.107045	n/a
2803.117397	0.000000	560623	ttl	11	72	n/a	n/a	n/a	n/a	n/a	n/a	n/a	n/a	n/a	n/a	n/a	n/a	n/a	n/a	n/a	n/a	n/a	n/a	n/a	n/a	n/a	2803.117397	n/a
2803.739499	2.031217	560748	time_discrimination	n/a	n/a	n/a	72.0	n/a	n/a	n/a	2803.1173974999997	n/a	1.2062488353112713	2.0	1	3.0	NB_10_LongA.png	n/a	7	2806.976965	n/a	132	2	2	intervals/timediscrimination_table	131	2803.739499	2805.770716
2803.739499	0.000000	560748	ttl	1	72	n/a	n/a	n/a	n/a	n/a	n/a	n/a	n/a	n/a	n/a	n/a	n/a	n/a	n/a	n/a	n/a	n/a	n/a	n/a	n/a	n/a	2803.739499	n/a
2805.770716	0.000000	561154	ttl	2	72	n/a	n/a	n/a	n/a	n/a	n/a	n/a	n/a	n/a	n/a	n/a	n/a	n/a	n/a	n/a	n/a	n/a	n/a	n/a	n/a	n/a	2805.770716	n/a
2806.976965	0.000000	561395	ttl	4	72	n/a	n/a	n/a	n/a	n/a	n/a	n/a	n/a	n/a	n/a	n/a	n/a	n/a	n/a	n/a	n/a	n/a	n/a	n/a	n/a	n/a	2806.976965	n/a
2806.988701	0.000000	561398	ttl	11	72	n/a	n/a	n/a	n/a	n/a	n/a	n/a	n/a	n/a	n/a	n/a	n/a	n/a	n/a	n/a	n/a	n/a	n/a	n/a	n/a	n/a	2806.988701	n/a
2807.610796	2.031160	561522	time_discrimination	n/a	n/a	n/a	72.0	n/a	n/a	n/a	2806.9887007499997	n/a	1.3212447038386017	2.0	3	3.0	HB_32_LongA.png	n/a	7	2810.96320075	n/a	133	2	2	intervals/timediscrimination_table	132	2807.610796	2809.641956
2807.610796	0.000000	561522	ttl	1	72	n/a	n/a	n/a	n/a	n/a	n/a	n/a	n/a	n/a	n/a	n/a	n/a	n/a	n/a	n/a	n/a	n/a	n/a	n/a	n/a	n/a	2807.610796	n/a
2809.641956	0.000000	561928	ttl	2	72	n/a	n/a	n/a	n/a	n/a	n/a	n/a	n/a	n/a	n/a	n/a	n/a	n/a	n/a	n/a	n/a	n/a	n/a	n/a	n/a	n/a	2809.641956	n/a
2810.963201	0.000000	562193	ttl	4	72	n/a	n/a	n/a	n/a	n/a	n/a	n/a	n/a	n/a	n/a	n/a	n/a	n/a	n/a	n/a	n/a	n/a	n/a	n/a	n/a	n/a	2810.963201	n/a
2810.971308	0.000000	562194	ttl	11	72	n/a	n/a	n/a	n/a	n/a	n/a	n/a	n/a	n/a	n/a	n/a	n/a	n/a	n/a	n/a	n/a	n/a	n/a	n/a	n/a	n/a	2810.971308	n/a
2811.513057	2.031396	562303	time_discrimination	n/a	n/a	n/a	72.0	n/a	n/a	n/a	2810.97130775	n/a	1.501662407652475	1.0	1	3.0	NB_8_LongA.png	n/a	7	2815.04611625	n/a	134	2	1	intervals/timediscrimination_table	133	2811.513057	2813.544454
2811.513057	0.000000	562303	ttl	1	72	n/a	n/a	n/a	n/a	n/a	n/a	n/a	n/a	n/a	n/a	n/a	n/a	n/a	n/a	n/a	n/a	n/a	n/a	n/a	n/a	n/a	2811.513057	n/a
2813.544454	0.000000	562709	ttl	2	72	n/a	n/a	n/a	n/a	n/a	n/a	n/a	n/a	n/a	n/a	n/a	n/a	n/a	n/a	n/a	n/a	n/a	n/a	n/a	n/a	n/a	2813.544454	n/a
2815.046116	0.000000	563009	ttl	4	72	n/a	n/a	n/a	n/a	n/a	n/a	n/a	n/a	n/a	n/a	n/a	n/a	n/a	n/a	n/a	n/a	n/a	n/a	n/a	n/a	n/a	2815.046116	n/a
2815.054089	0.000000	563011	ttl	11	72	n/a	n/a	n/a	n/a	n/a	n/a	n/a	n/a	n/a	n/a	n/a	n/a	n/a	n/a	n/a	n/a	n/a	n/a	n/a	n/a	n/a	2815.054089	n/a
2815.676201	2.031253	563135	time_discrimination	n/a	n/a	n/a	72.0	n/a	n/a	n/a	2815.05408925	n/a	1.6339065976208076	1.0	3	2.0	HB_28_ShortA.png	n/a	3	2819.3413605	n/a	135	1	2	intervals/timediscrimination_table	134	2815.676201	2817.707454
2815.676201	0.000000	563135	ttl	1	72	n/a	n/a	n/a	n/a	n/a	n/a	n/a	n/a	n/a	n/a	n/a	n/a	n/a	n/a	n/a	n/a	n/a	n/a	n/a	n/a	n/a	2815.676201	n/a
2817.707454	0.000000	563541	ttl	2	72	n/a	n/a	n/a	n/a	n/a	n/a	n/a	n/a	n/a	n/a	n/a	n/a	n/a	n/a	n/a	n/a	n/a	n/a	n/a	n/a	n/a	2817.707454	n/a
2819.341361	0.000000	563868	ttl	4	72	n/a	n/a	n/a	n/a	n/a	n/a	n/a	n/a	n/a	n/a	n/a	n/a	n/a	n/a	n/a	n/a	n/a	n/a	n/a	n/a	n/a	2819.341361	n/a
2819.351932	0.000000	563870	ttl	11	72	n/a	n/a	n/a	n/a	n/a	n/a	n/a	n/a	n/a	n/a	n/a	n/a	n/a	n/a	n/a	n/a	n/a	n/a	n/a	n/a	n/a	2819.351932	n/a
2819.994002	2.031296	563999	time_discrimination	n/a	n/a	n/a	72.0	n/a	n/a	n/a	2819.3519322499997	n/a	1.703472911962308	1.0	2	2.0	SB_42_ShortA.png	n/a	3	2823.7287712499997	n/a	136	1	2	intervals/timediscrimination_table	135	2819.994002	2822.025298
2819.994002	0.000000	563999	ttl	1	72	n/a	n/a	n/a	n/a	n/a	n/a	n/a	n/a	n/a	n/a	n/a	n/a	n/a	n/a	n/a	n/a	n/a	n/a	n/a	n/a	n/a	2819.994002	n/a
2822.025298	0.000000	564405	ttl	2	72	n/a	n/a	n/a	n/a	n/a	n/a	n/a	n/a	n/a	n/a	n/a	n/a	n/a	n/a	n/a	n/a	n/a	n/a	n/a	n/a	n/a	2822.025298	n/a
2823.728771	0.000000	564746	ttl	4	72	n/a	n/a	n/a	n/a	n/a	n/a	n/a	n/a	n/a	n/a	n/a	n/a	n/a	n/a	n/a	n/a	n/a	n/a	n/a	n/a	n/a	2823.728771	n/a
2823.746634	0.000000	564749	ttl	11	72	n/a	n/a	n/a	n/a	n/a	n/a	n/a	n/a	n/a	n/a	n/a	n/a	n/a	n/a	n/a	n/a	n/a	n/a	n/a	n/a	n/a	2823.746634	n/a
2824.368704	2.031361	564874	time_discrimination	n/a	n/a	n/a	72.0	n/a	n/a	n/a	2823.7466345	n/a	1.7425748218083754	2.0	3	3.0	HB_29_ShortA.png	n/a	7	2828.14263975	n/a	137	2	2	intervals/timediscrimination_table	136	2824.368704	2826.400065
2824.368704	0.000000	564874	ttl	1	72	n/a	n/a	n/a	n/a	n/a	n/a	n/a	n/a	n/a	n/a	n/a	n/a	n/a	n/a	n/a	n/a	n/a	n/a	n/a	n/a	n/a	2824.368704	n/a
2826.400065	0.000000	565280	ttl	2	72	n/a	n/a	n/a	n/a	n/a	n/a	n/a	n/a	n/a	n/a	n/a	n/a	n/a	n/a	n/a	n/a	n/a	n/a	n/a	n/a	n/a	2826.400065	n/a
2828.142640	0.000000	565629	ttl	4	72	n/a	n/a	n/a	n/a	n/a	n/a	n/a	n/a	n/a	n/a	n/a	n/a	n/a	n/a	n/a	n/a	n/a	n/a	n/a	n/a	n/a	2828.142640	n/a
2828.153967	0.000000	565631	ttl	11	72	n/a	n/a	n/a	n/a	n/a	n/a	n/a	n/a	n/a	n/a	n/a	n/a	n/a	n/a	n/a	n/a	n/a	n/a	n/a	n/a	n/a	2828.153967	n/a
2828.755826	2.031362	565751	time_discrimination	n/a	n/a	n/a	72.0	n/a	n/a	n/a	2828.1539669999997	n/a	1.6133565944619477	2.0	3	3.0	HB_16_ShortA.png	n/a	7	2832.4005445	n/a	138	2	2	intervals/timediscrimination_table	137	2828.755826	2830.787188
2828.755826	0.000000	565751	ttl	1	72	n/a	n/a	n/a	n/a	n/a	n/a	n/a	n/a	n/a	n/a	n/a	n/a	n/a	n/a	n/a	n/a	n/a	n/a	n/a	n/a	n/a	2828.755826	n/a
2830.787188	0.000000	566157	ttl	2	72	n/a	n/a	n/a	n/a	n/a	n/a	n/a	n/a	n/a	n/a	n/a	n/a	n/a	n/a	n/a	n/a	n/a	n/a	n/a	n/a	n/a	2830.787188	n/a
2832.400544	0.000000	566480	ttl	4	72	n/a	n/a	n/a	n/a	n/a	n/a	n/a	n/a	n/a	n/a	n/a	n/a	n/a	n/a	n/a	n/a	n/a	n/a	n/a	n/a	n/a	2832.400544	n/a
2832.412819	0.000000	566483	ttl	11	72	n/a	n/a	n/a	n/a	n/a	n/a	n/a	n/a	n/a	n/a	n/a	n/a	n/a	n/a	n/a	n/a	n/a	n/a	n/a	n/a	n/a	2832.412819	n/a
2833.034912	2.031306	566607	time_discrimination	n/a	n/a	n/a	72.0	n/a	n/a	n/a	2832.4128195	n/a	1.6184672773815691	1.0	2	3.0	SB_44_LongA.png	n/a	2	2836.684686	n/a	139	1	2	intervals/timediscrimination_table	138	2833.034912	2835.066219
2833.034912	0.000000	566607	ttl	1	72	n/a	n/a	n/a	n/a	n/a	n/a	n/a	n/a	n/a	n/a	n/a	n/a	n/a	n/a	n/a	n/a	n/a	n/a	n/a	n/a	n/a	2833.034912	n/a
2835.066219	0.000000	567013	ttl	2	72	n/a	n/a	n/a	n/a	n/a	n/a	n/a	n/a	n/a	n/a	n/a	n/a	n/a	n/a	n/a	n/a	n/a	n/a	n/a	n/a	n/a	2835.066219	n/a
2836.684686	0.000000	567337	ttl	4	72	n/a	n/a	n/a	n/a	n/a	n/a	n/a	n/a	n/a	n/a	n/a	n/a	n/a	n/a	n/a	n/a	n/a	n/a	n/a	n/a	n/a	2836.684686	n/a
2836.694568	0.000000	567339	ttl	11	72	n/a	n/a	n/a	n/a	n/a	n/a	n/a	n/a	n/a	n/a	n/a	n/a	n/a	n/a	n/a	n/a	n/a	n/a	n/a	n/a	n/a	2836.694568	n/a
2837.296615	2.030816	567459	time_discrimination	n/a	n/a	n/a	72.0	n/a	n/a	n/a	2836.694568	n/a	1.5139815981965512	2.0	3	3.0	HB_21_ShortA.png	n/a	7	2840.8414129999996	n/a	140	2	2	intervals/timediscrimination_table	139	2837.296615	2839.327431
2837.296615	0.000000	567459	ttl	1	72	n/a	n/a	n/a	n/a	n/a	n/a	n/a	n/a	n/a	n/a	n/a	n/a	n/a	n/a	n/a	n/a	n/a	n/a	n/a	n/a	n/a	2837.296615	n/a
2839.327431	0.000000	567865	ttl	2	72	n/a	n/a	n/a	n/a	n/a	n/a	n/a	n/a	n/a	n/a	n/a	n/a	n/a	n/a	n/a	n/a	n/a	n/a	n/a	n/a	n/a	2839.327431	n/a
2840.841413	0.000000	568168	ttl	4	72	n/a	n/a	n/a	n/a	n/a	n/a	n/a	n/a	n/a	n/a	n/a	n/a	n/a	n/a	n/a	n/a	n/a	n/a	n/a	n/a	n/a	2840.841413	n/a
2840.858512	0.000000	568172	ttl	11	72	n/a	n/a	n/a	n/a	n/a	n/a	n/a	n/a	n/a	n/a	n/a	n/a	n/a	n/a	n/a	n/a	n/a	n/a	n/a	n/a	n/a	2840.858512	n/a
2841.460565	2.031274	568292	time_discrimination	n/a	n/a	n/a	72.0	n/a	n/a	n/a	2840.85851225	n/a	1.8986240720842034	1.0	3	3.0	HB_27_ShortA.png	n/a	7	2845.3904629999997	n/a	141	2	1	intervals/timediscrimination_table	140	2841.460565	2843.491839
2841.460565	0.000000	568292	ttl	1	72	n/a	n/a	n/a	n/a	n/a	n/a	n/a	n/a	n/a	n/a	n/a	n/a	n/a	n/a	n/a	n/a	n/a	n/a	n/a	n/a	n/a	2841.460565	n/a
2843.491839	0.000000	568698	ttl	2	72	n/a	n/a	n/a	n/a	n/a	n/a	n/a	n/a	n/a	n/a	n/a	n/a	n/a	n/a	n/a	n/a	n/a	n/a	n/a	n/a	n/a	2843.491839	n/a
2845.390463	0.000000	569078	ttl	4	72	n/a	n/a	n/a	n/a	n/a	n/a	n/a	n/a	n/a	n/a	n/a	n/a	n/a	n/a	n/a	n/a	n/a	n/a	n/a	n/a	n/a	2845.390463	n/a
2845.409608	0.000000	569082	ttl	11	72	n/a	n/a	n/a	n/a	n/a	n/a	n/a	n/a	n/a	n/a	n/a	n/a	n/a	n/a	n/a	n/a	n/a	n/a	n/a	n/a	n/a	2845.409608	n/a
2846.011410	2.031831	569202	time_discrimination	n/a	n/a	n/a	72.0	n/a	n/a	n/a	2845.4096084999996	n/a	1.4956232444383204	2.0	3	3.0	HB_42_LongA.png	n/a	7	2849.53886475	n/a	142	2	2	intervals/timediscrimination_table	141	2846.011410	2848.043242
2846.011410	0.000000	569202	ttl	1	72	n/a	n/a	n/a	n/a	n/a	n/a	n/a	n/a	n/a	n/a	n/a	n/a	n/a	n/a	n/a	n/a	n/a	n/a	n/a	n/a	n/a	2846.011410	n/a
2848.043242	0.000000	569609	ttl	2	72	n/a	n/a	n/a	n/a	n/a	n/a	n/a	n/a	n/a	n/a	n/a	n/a	n/a	n/a	n/a	n/a	n/a	n/a	n/a	n/a	n/a	2848.043242	n/a
2849.538865	0.000000	569908	ttl	4	72	n/a	n/a	n/a	n/a	n/a	n/a	n/a	n/a	n/a	n/a	n/a	n/a	n/a	n/a	n/a	n/a	n/a	n/a	n/a	n/a	n/a	2849.538865	n/a
2849.553589	0.000000	569911	ttl	11	72	n/a	n/a	n/a	n/a	n/a	n/a	n/a	n/a	n/a	n/a	n/a	n/a	n/a	n/a	n/a	n/a	n/a	n/a	n/a	n/a	n/a	2849.553589	n/a
2850.115486	2.031315	570023	time_discrimination	n/a	n/a	n/a	72.0	n/a	n/a	n/a	2849.5535892499997	n/a	1.955772515386343	1.0	2	3.0	SB_39_LongA.png	n/a	2	2854.1025735	n/a	143	1	2	intervals/timediscrimination_table	142	2850.115486	2852.146801
2850.115486	0.000000	570023	ttl	1	72	n/a	n/a	n/a	n/a	n/a	n/a	n/a	n/a	n/a	n/a	n/a	n/a	n/a	n/a	n/a	n/a	n/a	n/a	n/a	n/a	n/a	2850.115486	n/a
2852.146801	0.000000	570429	ttl	2	72	n/a	n/a	n/a	n/a	n/a	n/a	n/a	n/a	n/a	n/a	n/a	n/a	n/a	n/a	n/a	n/a	n/a	n/a	n/a	n/a	n/a	2852.146801	n/a
2854.102573	0.000000	570821	ttl	4	72	n/a	n/a	n/a	n/a	n/a	n/a	n/a	n/a	n/a	n/a	n/a	n/a	n/a	n/a	n/a	n/a	n/a	n/a	n/a	n/a	n/a	2854.102573	n/a
2854.124767	0.000000	570825	ttl	11	72	n/a	n/a	n/a	n/a	n/a	n/a	n/a	n/a	n/a	n/a	n/a	n/a	n/a	n/a	n/a	n/a	n/a	n/a	n/a	n/a	n/a	2854.124767	n/a
2854.746894	2.031273	570949	time_discrimination	n/a	n/a	n/a	72.0	n/a	n/a	n/a	2854.124767	n/a	1.8110478996532038	1.0	3	3.0	HB_60_LongA.png	n/a	7	2858.58921475	n/a	144	2	1	intervals/timediscrimination_table	143	2854.746894	2856.778167
2854.746894	0.000000	570949	ttl	1	72	n/a	n/a	n/a	n/a	n/a	n/a	n/a	n/a	n/a	n/a	n/a	n/a	n/a	n/a	n/a	n/a	n/a	n/a	n/a	n/a	n/a	2854.746894	n/a
2856.778167	0.000000	571356	ttl	2	72	n/a	n/a	n/a	n/a	n/a	n/a	n/a	n/a	n/a	n/a	n/a	n/a	n/a	n/a	n/a	n/a	n/a	n/a	n/a	n/a	n/a	2856.778167	n/a
2858.589215	0.000000	571718	ttl	4	72	n/a	n/a	n/a	n/a	n/a	n/a	n/a	n/a	n/a	n/a	n/a	n/a	n/a	n/a	n/a	n/a	n/a	n/a	n/a	n/a	n/a	2858.589215	n/a
2858.610279	0.000000	571722	ttl	11	72	n/a	n/a	n/a	n/a	n/a	n/a	n/a	n/a	n/a	n/a	n/a	n/a	n/a	n/a	n/a	n/a	n/a	n/a	n/a	n/a	n/a	2858.610279	n/a
2859.192258	2.031272	571838	time_discrimination	n/a	n/a	n/a	72.0	n/a	n/a	n/a	2858.61027875	n/a	1.6481623124564067	2.0	3	3.0	HB_38_LongA.png	n/a	7	2862.87169275	n/a	145	2	2	intervals/timediscrimination_table	144	2859.192258	2861.223530
2859.192258	0.000000	571838	ttl	1	72	n/a	n/a	n/a	n/a	n/a	n/a	n/a	n/a	n/a	n/a	n/a	n/a	n/a	n/a	n/a	n/a	n/a	n/a	n/a	n/a	n/a	2859.192258	n/a
2861.223530	0.000000	572245	ttl	2	72	n/a	n/a	n/a	n/a	n/a	n/a	n/a	n/a	n/a	n/a	n/a	n/a	n/a	n/a	n/a	n/a	n/a	n/a	n/a	n/a	n/a	2861.223530	n/a
2862.871693	0.000000	572574	ttl	4	72	n/a	n/a	n/a	n/a	n/a	n/a	n/a	n/a	n/a	n/a	n/a	n/a	n/a	n/a	n/a	n/a	n/a	n/a	n/a	n/a	n/a	2862.871693	n/a
2862.882742	0.000000	572577	ttl	11	72	n/a	n/a	n/a	n/a	n/a	n/a	n/a	n/a	n/a	n/a	n/a	n/a	n/a	n/a	n/a	n/a	n/a	n/a	n/a	n/a	n/a	2862.882742	n/a
2863.484783	2.031184	572697	time_discrimination	n/a	n/a	n/a	72.0	n/a	n/a	n/a	2862.88274225	n/a	1.9187495746882632	2.0	3	3.0	HB_22_LongA.png	n/a	2	2867.43471625	n/a	146	1	1	intervals/timediscrimination_table	145	2863.484783	2865.515967
2863.484783	0.000000	572697	ttl	1	72	n/a	n/a	n/a	n/a	n/a	n/a	n/a	n/a	n/a	n/a	n/a	n/a	n/a	n/a	n/a	n/a	n/a	n/a	n/a	n/a	n/a	2863.484783	n/a
2865.515967	0.000000	573103	ttl	2	72	n/a	n/a	n/a	n/a	n/a	n/a	n/a	n/a	n/a	n/a	n/a	n/a	n/a	n/a	n/a	n/a	n/a	n/a	n/a	n/a	n/a	2865.515967	n/a
2867.434716	0.000000	573487	ttl	4	72	n/a	n/a	n/a	n/a	n/a	n/a	n/a	n/a	n/a	n/a	n/a	n/a	n/a	n/a	n/a	n/a	n/a	n/a	n/a	n/a	n/a	2867.434716	n/a
2867.451804	0.000000	573490	ttl	11	72	n/a	n/a	n/a	n/a	n/a	n/a	n/a	n/a	n/a	n/a	n/a	n/a	n/a	n/a	n/a	n/a	n/a	n/a	n/a	n/a	n/a	2867.451804	n/a
2868.033770	2.031293	573607	time_discrimination	n/a	n/a	n/a	72.0	n/a	n/a	n/a	2867.45180425	n/a	1.5561943413922563	1.0	1	3.0	NB_20_ShortA.png	n/a	7	2871.621257	n/a	147	2	1	intervals/timediscrimination_table	146	2868.033770	2870.065062
2868.033770	0.000000	573607	ttl	1	72	n/a	n/a	n/a	n/a	n/a	n/a	n/a	n/a	n/a	n/a	n/a	n/a	n/a	n/a	n/a	n/a	n/a	n/a	n/a	n/a	n/a	2868.033770	n/a
2870.065062	0.000000	574013	ttl	2	72	n/a	n/a	n/a	n/a	n/a	n/a	n/a	n/a	n/a	n/a	n/a	n/a	n/a	n/a	n/a	n/a	n/a	n/a	n/a	n/a	n/a	2870.065062	n/a
2871.621257	0.000000	574324	ttl	4	72	n/a	n/a	n/a	n/a	n/a	n/a	n/a	n/a	n/a	n/a	n/a	n/a	n/a	n/a	n/a	n/a	n/a	n/a	n/a	n/a	n/a	2871.621257	n/a
2871.639734	0.000000	574328	ttl	11	72	n/a	n/a	n/a	n/a	n/a	n/a	n/a	n/a	n/a	n/a	n/a	n/a	n/a	n/a	n/a	n/a	n/a	n/a	n/a	n/a	n/a	2871.639734	n/a
2872.241757	2.031288	574448	time_discrimination	n/a	n/a	n/a	72.0	n/a	n/a	n/a	2871.63973375	n/a	1.436495607951656	2.0	1	3.0	NB_7_ShortA.png	n/a	7	2875.7095415	n/a	148	2	2	intervals/timediscrimination_table	147	2872.241757	2874.273046
2872.241757	0.000000	574448	ttl	1	72	n/a	n/a	n/a	n/a	n/a	n/a	n/a	n/a	n/a	n/a	n/a	n/a	n/a	n/a	n/a	n/a	n/a	n/a	n/a	n/a	n/a	2872.241757	n/a
2874.273046	0.000000	574855	ttl	2	72	n/a	n/a	n/a	n/a	n/a	n/a	n/a	n/a	n/a	n/a	n/a	n/a	n/a	n/a	n/a	n/a	n/a	n/a	n/a	n/a	n/a	2874.273046	n/a
2875.709541	0.000000	575142	ttl	4	72	n/a	n/a	n/a	n/a	n/a	n/a	n/a	n/a	n/a	n/a	n/a	n/a	n/a	n/a	n/a	n/a	n/a	n/a	n/a	n/a	n/a	2875.709541	n/a
2875.719804	0.000000	575144	ttl	11	72	n/a	n/a	n/a	n/a	n/a	n/a	n/a	n/a	n/a	n/a	n/a	n/a	n/a	n/a	n/a	n/a	n/a	n/a	n/a	n/a	n/a	2875.719804	n/a
2876.301790	2.031178	575260	time_discrimination	n/a	n/a	n/a	72.0	n/a	n/a	n/a	2875.7198037499998	n/a	1.5332257805857807	2.0	2	3.0	SB_6_LongA.png	n/a	2	2879.86619425	n/a	149	1	1	intervals/timediscrimination_table	148	2876.301790	2878.332968
2876.301790	0.000000	575260	ttl	1	72	n/a	n/a	n/a	n/a	n/a	n/a	n/a	n/a	n/a	n/a	n/a	n/a	n/a	n/a	n/a	n/a	n/a	n/a	n/a	n/a	n/a	2876.301790	n/a
2878.332968	0.000000	575667	ttl	2	72	n/a	n/a	n/a	n/a	n/a	n/a	n/a	n/a	n/a	n/a	n/a	n/a	n/a	n/a	n/a	n/a	n/a	n/a	n/a	n/a	n/a	2878.332968	n/a
2879.866194	0.000000	575973	ttl	4	72	n/a	n/a	n/a	n/a	n/a	n/a	n/a	n/a	n/a	n/a	n/a	n/a	n/a	n/a	n/a	n/a	n/a	n/a	n/a	n/a	n/a	2879.866194	n/a
2879.873616	0.000000	575975	ttl	11	72	n/a	n/a	n/a	n/a	n/a	n/a	n/a	n/a	n/a	n/a	n/a	n/a	n/a	n/a	n/a	n/a	n/a	n/a	n/a	n/a	n/a	2879.873616	n/a
2880.475596	2.031230	576095	time_discrimination	n/a	n/a	n/a	72.0	n/a	n/a	n/a	2879.873616	n/a	1.8301288724178448	1.0	1	3.0	NB_14_LongA.png	n/a	7	2884.3369545	n/a	150	2	1	intervals/timediscrimination_table	149	2880.475596	2882.506825
2880.475596	0.000000	576095	ttl	1	72	n/a	n/a	n/a	n/a	n/a	n/a	n/a	n/a	n/a	n/a	n/a	n/a	n/a	n/a	n/a	n/a	n/a	n/a	n/a	n/a	n/a	2880.475596	n/a
2882.506825	0.000000	576501	ttl	2	72	n/a	n/a	n/a	n/a	n/a	n/a	n/a	n/a	n/a	n/a	n/a	n/a	n/a	n/a	n/a	n/a	n/a	n/a	n/a	n/a	n/a	2882.506825	n/a
2884.336955	0.000000	576867	ttl	4	72	n/a	n/a	n/a	n/a	n/a	n/a	n/a	n/a	n/a	n/a	n/a	n/a	n/a	n/a	n/a	n/a	n/a	n/a	n/a	n/a	n/a	2884.336955	n/a
2884.342665	0.000000	576869	ttl	11	72	n/a	n/a	n/a	n/a	n/a	n/a	n/a	n/a	n/a	n/a	n/a	n/a	n/a	n/a	n/a	n/a	n/a	n/a	n/a	n/a	n/a	2884.342665	n/a
2884.964722	2.031366	576993	time_discrimination	n/a	n/a	n/a	72.0	n/a	n/a	n/a	2884.3426655	n/a	1.4938268332043663	2.0	1	3.0	NB_17_LongA.png	n/a	7	2888.4899155	n/a	151	2	2	intervals/timediscrimination_table	150	2884.964722	2886.996089
2884.964722	0.000000	576993	ttl	1	72	n/a	n/a	n/a	n/a	n/a	n/a	n/a	n/a	n/a	n/a	n/a	n/a	n/a	n/a	n/a	n/a	n/a	n/a	n/a	n/a	n/a	2884.964722	n/a
2886.996089	0.000000	577399	ttl	2	72	n/a	n/a	n/a	n/a	n/a	n/a	n/a	n/a	n/a	n/a	n/a	n/a	n/a	n/a	n/a	n/a	n/a	n/a	n/a	n/a	n/a	2886.996089	n/a
2888.489915	0.000000	577698	ttl	4	72	n/a	n/a	n/a	n/a	n/a	n/a	n/a	n/a	n/a	n/a	n/a	n/a	n/a	n/a	n/a	n/a	n/a	n/a	n/a	n/a	n/a	2888.489915	n/a
2888.507646	0.000000	577702	ttl	11	72	n/a	n/a	n/a	n/a	n/a	n/a	n/a	n/a	n/a	n/a	n/a	n/a	n/a	n/a	n/a	n/a	n/a	n/a	n/a	n/a	n/a	2888.507646	n/a
2889.149881	2.031284	577830	time_discrimination	n/a	n/a	n/a	72.0	n/a	n/a	n/a	2888.50764575	n/a	1.2155886869877577	2.0	2	3.0	SB_2_LongA.png	n/a	2	2892.3967545	n/a	152	1	1	intervals/timediscrimination_table	151	2889.149881	2891.181166
2889.149881	0.000000	577830	ttl	1	72	n/a	n/a	n/a	n/a	n/a	n/a	n/a	n/a	n/a	n/a	n/a	n/a	n/a	n/a	n/a	n/a	n/a	n/a	n/a	n/a	n/a	2889.149881	n/a
2891.181166	0.000000	578236	ttl	2	72	n/a	n/a	n/a	n/a	n/a	n/a	n/a	n/a	n/a	n/a	n/a	n/a	n/a	n/a	n/a	n/a	n/a	n/a	n/a	n/a	n/a	2891.181166	n/a
2892.396755	0.000000	578479	ttl	4	72	n/a	n/a	n/a	n/a	n/a	n/a	n/a	n/a	n/a	n/a	n/a	n/a	n/a	n/a	n/a	n/a	n/a	n/a	n/a	n/a	n/a	2892.396755	n/a
2892.406171	0.000000	578481	ttl	11	72	n/a	n/a	n/a	n/a	n/a	n/a	n/a	n/a	n/a	n/a	n/a	n/a	n/a	n/a	n/a	n/a	n/a	n/a	n/a	n/a	n/a	2892.406171	n/a
2893.048334	2.031193	578610	time_discrimination	n/a	n/a	n/a	72.0	n/a	n/a	n/a	2892.4061715	n/a	1.259394661639817	1.0	3	3.0	HB_48_ShortA.png	n/a	7	2896.33892175	n/a	153	2	1	intervals/timediscrimination_table	152	2893.048334	2895.079527
2893.048334	0.000000	578610	ttl	1	72	n/a	n/a	n/a	n/a	n/a	n/a	n/a	n/a	n/a	n/a	n/a	n/a	n/a	n/a	n/a	n/a	n/a	n/a	n/a	n/a	n/a	2893.048334	n/a
2895.079527	0.000000	579016	ttl	2	72	n/a	n/a	n/a	n/a	n/a	n/a	n/a	n/a	n/a	n/a	n/a	n/a	n/a	n/a	n/a	n/a	n/a	n/a	n/a	n/a	n/a	2895.079527	n/a
2896.338922	0.000000	579268	ttl	4	72	n/a	n/a	n/a	n/a	n/a	n/a	n/a	n/a	n/a	n/a	n/a	n/a	n/a	n/a	n/a	n/a	n/a	n/a	n/a	n/a	n/a	2896.338922	n/a
2896.349123	0.000000	579270	ttl	11	72	n/a	n/a	n/a	n/a	n/a	n/a	n/a	n/a	n/a	n/a	n/a	n/a	n/a	n/a	n/a	n/a	n/a	n/a	n/a	n/a	n/a	2896.349123	n/a
2896.991276	2.031277	579398	time_discrimination	n/a	n/a	n/a	72.0	n/a	n/a	n/a	2896.34912325	n/a	1.8336019865237176	2.0	2	3.0	SB_24_LongA.png	n/a	7	2900.8561554999997	n/a	154	2	2	intervals/timediscrimination_table	153	2896.991276	2899.022553
2896.991276	0.000000	579398	ttl	1	72	n/a	n/a	n/a	n/a	n/a	n/a	n/a	n/a	n/a	n/a	n/a	n/a	n/a	n/a	n/a	n/a	n/a	n/a	n/a	n/a	n/a	2896.991276	n/a
2899.022553	0.000000	579805	ttl	2	72	n/a	n/a	n/a	n/a	n/a	n/a	n/a	n/a	n/a	n/a	n/a	n/a	n/a	n/a	n/a	n/a	n/a	n/a	n/a	n/a	n/a	2899.022553	n/a
2900.856155	0.000000	580171	ttl	4	72	n/a	n/a	n/a	n/a	n/a	n/a	n/a	n/a	n/a	n/a	n/a	n/a	n/a	n/a	n/a	n/a	n/a	n/a	n/a	n/a	n/a	2900.856155	n/a
2900.877231	0.000000	580175	ttl	11	72	n/a	n/a	n/a	n/a	n/a	n/a	n/a	n/a	n/a	n/a	n/a	n/a	n/a	n/a	n/a	n/a	n/a	n/a	n/a	n/a	n/a	2900.877231	n/a
2901.419056	2.030787	580284	time_discrimination	n/a	n/a	n/a	72.0	n/a	n/a	n/a	2900.87723075	n/a	1.8863679241621867	2.0	1	3.0	NB_22_LongA.png	n/a	7	2905.33621025	n/a	155	2	2	intervals/timediscrimination_table	154	2901.419056	2903.449842
2901.419056	0.000000	580284	ttl	1	72	n/a	n/a	n/a	n/a	n/a	n/a	n/a	n/a	n/a	n/a	n/a	n/a	n/a	n/a	n/a	n/a	n/a	n/a	n/a	n/a	n/a	2901.419056	n/a
2903.449842	0.000000	580690	ttl	2	72	n/a	n/a	n/a	n/a	n/a	n/a	n/a	n/a	n/a	n/a	n/a	n/a	n/a	n/a	n/a	n/a	n/a	n/a	n/a	n/a	n/a	2903.449842	n/a
2905.336210	0.000000	581067	ttl	4	72	n/a	n/a	n/a	n/a	n/a	n/a	n/a	n/a	n/a	n/a	n/a	n/a	n/a	n/a	n/a	n/a	n/a	n/a	n/a	n/a	n/a	2905.336210	n/a
2905.354117	0.000000	581071	ttl	11	72	n/a	n/a	n/a	n/a	n/a	n/a	n/a	n/a	n/a	n/a	n/a	n/a	n/a	n/a	n/a	n/a	n/a	n/a	n/a	n/a	n/a	2905.354117	n/a
2905.956012	2.031435	581191	time_discrimination	n/a	n/a	n/a	72.0	n/a	n/a	n/a	2905.354117	n/a	1.410563828307204	1.0	1	3.0	NB_19_LongA.png	n/a	2	2909.3980109999998	n/a	156	1	2	intervals/timediscrimination_table	155	2905.956012	2907.987447
2905.956012	0.000000	581191	ttl	1	72	n/a	n/a	n/a	n/a	n/a	n/a	n/a	n/a	n/a	n/a	n/a	n/a	n/a	n/a	n/a	n/a	n/a	n/a	n/a	n/a	n/a	2905.956012	n/a
2907.987447	0.000000	581597	ttl	2	72	n/a	n/a	n/a	n/a	n/a	n/a	n/a	n/a	n/a	n/a	n/a	n/a	n/a	n/a	n/a	n/a	n/a	n/a	n/a	n/a	n/a	2907.987447	n/a
2909.398011	0.000000	581880	ttl	4	72	n/a	n/a	n/a	n/a	n/a	n/a	n/a	n/a	n/a	n/a	n/a	n/a	n/a	n/a	n/a	n/a	n/a	n/a	n/a	n/a	n/a	2909.398011	n/a
2909.406078	0.000000	581881	ttl	11	72	n/a	n/a	n/a	n/a	n/a	n/a	n/a	n/a	n/a	n/a	n/a	n/a	n/a	n/a	n/a	n/a	n/a	n/a	n/a	n/a	n/a	2909.406078	n/a
2909.967938	2.030752	581994	time_discrimination	n/a	n/a	n/a	72.0	n/a	n/a	n/a	2909.406078	n/a	1.8828192411456257	2.0	2	3.0	SB_21_LongA.png	n/a	7	2913.8815084999997	n/a	157	2	2	intervals/timediscrimination_table	156	2909.967938	2911.998689
2909.967938	0.000000	581994	ttl	1	72	n/a	n/a	n/a	n/a	n/a	n/a	n/a	n/a	n/a	n/a	n/a	n/a	n/a	n/a	n/a	n/a	n/a	n/a	n/a	n/a	n/a	2909.967938	n/a
2911.998689	0.000000	582400	ttl	2	72	n/a	n/a	n/a	n/a	n/a	n/a	n/a	n/a	n/a	n/a	n/a	n/a	n/a	n/a	n/a	n/a	n/a	n/a	n/a	n/a	n/a	2911.998689	n/a
2913.881508	0.000000	582776	ttl	4	72	n/a	n/a	n/a	n/a	n/a	n/a	n/a	n/a	n/a	n/a	n/a	n/a	n/a	n/a	n/a	n/a	n/a	n/a	n/a	n/a	n/a	2913.881508	n/a
2913.889782	0.000000	582778	ttl	11	72	n/a	n/a	n/a	n/a	n/a	n/a	n/a	n/a	n/a	n/a	n/a	n/a	n/a	n/a	n/a	n/a	n/a	n/a	n/a	n/a	n/a	2913.889782	n/a
2914.471718	2.031346	582894	time_discrimination	n/a	n/a	n/a	72.0	n/a	n/a	n/a	2913.8897819999997	n/a	2.016597167472355	1.0	3	3.0	HB_20_LongA.png	n/a	7	2918.519661	n/a	158	2	1	intervals/timediscrimination_table	157	2914.471718	2916.503064
2914.471718	0.000000	582894	ttl	1	72	n/a	n/a	n/a	n/a	n/a	n/a	n/a	n/a	n/a	n/a	n/a	n/a	n/a	n/a	n/a	n/a	n/a	n/a	n/a	n/a	n/a	2914.471718	n/a
2916.503064	0.000000	583301	ttl	2	72	n/a	n/a	n/a	n/a	n/a	n/a	n/a	n/a	n/a	n/a	n/a	n/a	n/a	n/a	n/a	n/a	n/a	n/a	n/a	n/a	n/a	2916.503064	n/a
2918.519661	0.000000	583704	ttl	4	72	n/a	n/a	n/a	n/a	n/a	n/a	n/a	n/a	n/a	n/a	n/a	n/a	n/a	n/a	n/a	n/a	n/a	n/a	n/a	n/a	n/a	2918.519661	n/a
2918.541792	0.000000	583708	ttl	11	72	n/a	n/a	n/a	n/a	n/a	n/a	n/a	n/a	n/a	n/a	n/a	n/a	n/a	n/a	n/a	n/a	n/a	n/a	n/a	n/a	n/a	2918.541792	n/a
2919.183957	2.031277	583837	time_discrimination	n/a	n/a	n/a	72.0	n/a	n/a	n/a	2918.54179175	n/a	1.2803836297243834	2.0	1	3.0	NB_14_ShortA.png	n/a	2	2922.4956172499997	n/a	159	1	1	intervals/timediscrimination_table	158	2919.183957	2921.215234
2919.183957	0.000000	583837	ttl	1	72	n/a	n/a	n/a	n/a	n/a	n/a	n/a	n/a	n/a	n/a	n/a	n/a	n/a	n/a	n/a	n/a	n/a	n/a	n/a	n/a	n/a	2919.183957	n/a
2921.215234	0.000000	584243	ttl	2	72	n/a	n/a	n/a	n/a	n/a	n/a	n/a	n/a	n/a	n/a	n/a	n/a	n/a	n/a	n/a	n/a	n/a	n/a	n/a	n/a	n/a	2921.215234	n/a
2922.495617	0.000000	584499	ttl	4	72	n/a	n/a	n/a	n/a	n/a	n/a	n/a	n/a	n/a	n/a	n/a	n/a	n/a	n/a	n/a	n/a	n/a	n/a	n/a	n/a	n/a	2922.495617	n/a
2922.518695	0.000000	584504	ttl	11	72	n/a	n/a	n/a	n/a	n/a	n/a	n/a	n/a	n/a	n/a	n/a	n/a	n/a	n/a	n/a	n/a	n/a	n/a	n/a	n/a	n/a	2922.518695	n/a
2923.140796	2.031288	584628	time_discrimination	n/a	n/a	n/a	72.0	n/a	n/a	n/a	2922.5186947499997	n/a	1.7286212648032233	2.0	1	3.0	NB_15_LongA.png	n/a	7	2926.900706	n/a	160	2	2	intervals/timediscrimination_table	159	2923.140796	2925.172085
2923.140796	0.000000	584628	ttl	1	72	n/a	n/a	n/a	n/a	n/a	n/a	n/a	n/a	n/a	n/a	n/a	n/a	n/a	n/a	n/a	n/a	n/a	n/a	n/a	n/a	n/a	2923.140796	n/a
2925.172085	0.000000	585034	ttl	2	72	n/a	n/a	n/a	n/a	n/a	n/a	n/a	n/a	n/a	n/a	n/a	n/a	n/a	n/a	n/a	n/a	n/a	n/a	n/a	n/a	n/a	2925.172085	n/a
2926.900706	0.000000	585380	ttl	4	72	n/a	n/a	n/a	n/a	n/a	n/a	n/a	n/a	n/a	n/a	n/a	n/a	n/a	n/a	n/a	n/a	n/a	n/a	n/a	n/a	n/a	2926.900706	n/a
2926.906662	0.000000	585381	ttl	11	72	n/a	n/a	n/a	n/a	n/a	n/a	n/a	n/a	n/a	n/a	n/a	n/a	n/a	n/a	n/a	n/a	n/a	n/a	n/a	n/a	n/a	2926.906662	n/a
2927.548862	2.031296	585510	time_discrimination	n/a	n/a	n/a	72.0	n/a	n/a	n/a	2926.90666175	n/a	2.050183376763016	1.0	1	3.0	NB_1_LongA.png	n/a	7	2931.63034175	n/a	161	2	1	intervals/timediscrimination_table	160	2927.548862	2929.580158
2927.548862	0.000000	585510	ttl	1	72	n/a	n/a	n/a	n/a	n/a	n/a	n/a	n/a	n/a	n/a	n/a	n/a	n/a	n/a	n/a	n/a	n/a	n/a	n/a	n/a	n/a	2927.548862	n/a
2929.580158	0.000000	585916	ttl	2	72	n/a	n/a	n/a	n/a	n/a	n/a	n/a	n/a	n/a	n/a	n/a	n/a	n/a	n/a	n/a	n/a	n/a	n/a	n/a	n/a	n/a	2929.580158	n/a
2931.630342	0.000000	586326	ttl	4	72	n/a	n/a	n/a	n/a	n/a	n/a	n/a	n/a	n/a	n/a	n/a	n/a	n/a	n/a	n/a	n/a	n/a	n/a	n/a	n/a	n/a	2931.630342	n/a
2931.636964	0.000000	586327	ttl	11	72	n/a	n/a	n/a	n/a	n/a	n/a	n/a	n/a	n/a	n/a	n/a	n/a	n/a	n/a	n/a	n/a	n/a	n/a	n/a	n/a	n/a	2931.636964	n/a
2932.198698	2.031339	586440	time_discrimination	n/a	n/a	n/a	72.0	n/a	n/a	n/a	2931.6369635	n/a	1.9112907949602231	2.0	1	3.0	NB_6_ShortA.png	n/a	7	2936.1413285	n/a	162	2	2	intervals/timediscrimination_table	161	2932.198698	2934.230038
2932.198698	0.000000	586440	ttl	1	72	n/a	n/a	n/a	n/a	n/a	n/a	n/a	n/a	n/a	n/a	n/a	n/a	n/a	n/a	n/a	n/a	n/a	n/a	n/a	n/a	n/a	2932.198698	n/a
2934.230038	0.000000	586846	ttl	2	72	n/a	n/a	n/a	n/a	n/a	n/a	n/a	n/a	n/a	n/a	n/a	n/a	n/a	n/a	n/a	n/a	n/a	n/a	n/a	n/a	n/a	2934.230038	n/a
2936.141328	0.000000	587228	ttl	4	72	n/a	n/a	n/a	n/a	n/a	n/a	n/a	n/a	n/a	n/a	n/a	n/a	n/a	n/a	n/a	n/a	n/a	n/a	n/a	n/a	n/a	2936.141328	n/a
2936.154824	0.000000	587231	ttl	11	72	n/a	n/a	n/a	n/a	n/a	n/a	n/a	n/a	n/a	n/a	n/a	n/a	n/a	n/a	n/a	n/a	n/a	n/a	n/a	n/a	n/a	2936.154824	n/a
2936.716914	2.031266	587343	time_discrimination	n/a	n/a	n/a	72.0	n/a	n/a	n/a	2936.1548239999997	n/a	1.4182413909584284	2.0	3	3.0	HB_41_ShortA.png	n/a	2	2940.1664217499997	n/a	163	1	1	intervals/timediscrimination_table	162	2936.716914	2938.748180
2936.716914	0.000000	587343	ttl	1	72	n/a	n/a	n/a	n/a	n/a	n/a	n/a	n/a	n/a	n/a	n/a	n/a	n/a	n/a	n/a	n/a	n/a	n/a	n/a	n/a	n/a	2936.716914	n/a
2938.748180	0.000000	587750	ttl	2	72	n/a	n/a	n/a	n/a	n/a	n/a	n/a	n/a	n/a	n/a	n/a	n/a	n/a	n/a	n/a	n/a	n/a	n/a	n/a	n/a	n/a	2938.748180	n/a
2940.166422	0.000000	588033	ttl	4	72	n/a	n/a	n/a	n/a	n/a	n/a	n/a	n/a	n/a	n/a	n/a	n/a	n/a	n/a	n/a	n/a	n/a	n/a	n/a	n/a	n/a	2940.166422	n/a
2940.188716	0.000000	588038	ttl	11	72	n/a	n/a	n/a	n/a	n/a	n/a	n/a	n/a	n/a	n/a	n/a	n/a	n/a	n/a	n/a	n/a	n/a	n/a	n/a	n/a	n/a	2940.188716	n/a
2940.850669	2.031565	588170	time_discrimination	n/a	n/a	n/a	72.0	n/a	n/a	n/a	2940.1887162499997	n/a	1.300811910070479	2.0	2	3.0	SB_27_ShortA.png	n/a	2	2944.1830465	n/a	164	1	1	intervals/timediscrimination_table	163	2940.850669	2942.882234
2940.850669	0.000000	588170	ttl	1	72	n/a	n/a	n/a	n/a	n/a	n/a	n/a	n/a	n/a	n/a	n/a	n/a	n/a	n/a	n/a	n/a	n/a	n/a	n/a	n/a	n/a	2940.850669	n/a
2942.882234	0.000000	588576	ttl	2	72	n/a	n/a	n/a	n/a	n/a	n/a	n/a	n/a	n/a	n/a	n/a	n/a	n/a	n/a	n/a	n/a	n/a	n/a	n/a	n/a	n/a	2942.882234	n/a
2944.183046	0.000000	588837	ttl	4	72	n/a	n/a	n/a	n/a	n/a	n/a	n/a	n/a	n/a	n/a	n/a	n/a	n/a	n/a	n/a	n/a	n/a	n/a	n/a	n/a	n/a	2944.183046	n/a
2944.200745	0.000000	588840	ttl	11	72	n/a	n/a	n/a	n/a	n/a	n/a	n/a	n/a	n/a	n/a	n/a	n/a	n/a	n/a	n/a	n/a	n/a	n/a	n/a	n/a	n/a	2944.200745	n/a
2944.762778	2.031271	588953	time_discrimination	n/a	n/a	n/a	72.0	n/a	n/a	n/a	2944.2007449999996	n/a	1.845595408580266	1.0	1	3.0	NB_7_LongA.png	n/a	7	2948.6396445	n/a	165	2	1	intervals/timediscrimination_table	164	2944.762778	2946.794049
2944.762778	0.000000	588953	ttl	1	72	n/a	n/a	n/a	n/a	n/a	n/a	n/a	n/a	n/a	n/a	n/a	n/a	n/a	n/a	n/a	n/a	n/a	n/a	n/a	n/a	n/a	2944.762778	n/a
2946.794049	0.000000	589359	ttl	2	72	n/a	n/a	n/a	n/a	n/a	n/a	n/a	n/a	n/a	n/a	n/a	n/a	n/a	n/a	n/a	n/a	n/a	n/a	n/a	n/a	n/a	2946.794049	n/a
2948.639645	0.000000	589728	ttl	4	72	n/a	n/a	n/a	n/a	n/a	n/a	n/a	n/a	n/a	n/a	n/a	n/a	n/a	n/a	n/a	n/a	n/a	n/a	n/a	n/a	n/a	2948.639645	n/a
2948.649709	0.000000	589730	ttl	11	72	n/a	n/a	n/a	n/a	n/a	n/a	n/a	n/a	n/a	n/a	n/a	n/a	n/a	n/a	n/a	n/a	n/a	n/a	n/a	n/a	n/a	2948.649709	n/a
2949.251738	2.031291	589850	time_discrimination	n/a	n/a	n/a	72.0	n/a	n/a	n/a	2948.6497085	n/a	1.4721209106501192	2.0	3	3.0	HB_44_LongA.png	n/a	7	2952.75515025	n/a	166	2	2	intervals/timediscrimination_table	165	2949.251738	2951.283029
2949.251738	0.000000	589850	ttl	1	72	n/a	n/a	n/a	n/a	n/a	n/a	n/a	n/a	n/a	n/a	n/a	n/a	n/a	n/a	n/a	n/a	n/a	n/a	n/a	n/a	n/a	2949.251738	n/a
2951.283029	0.000000	590257	ttl	2	72	n/a	n/a	n/a	n/a	n/a	n/a	n/a	n/a	n/a	n/a	n/a	n/a	n/a	n/a	n/a	n/a	n/a	n/a	n/a	n/a	n/a	2951.283029	n/a
2952.755150	0.000000	590551	ttl	4	72	n/a	n/a	n/a	n/a	n/a	n/a	n/a	n/a	n/a	n/a	n/a	n/a	n/a	n/a	n/a	n/a	n/a	n/a	n/a	n/a	n/a	2952.755150	n/a
2952.775941	0.000000	590555	ttl	11	72	n/a	n/a	n/a	n/a	n/a	n/a	n/a	n/a	n/a	n/a	n/a	n/a	n/a	n/a	n/a	n/a	n/a	n/a	n/a	n/a	n/a	2952.775941	n/a
2953.418239	2.031235	590684	time_discrimination	n/a	n/a	n/a	72.0	n/a	n/a	n/a	2952.77594075	n/a	2.156219614087604	1.0	2	3.0	SB_5_ShortA.png	n/a	2	2957.605694	n/a	167	1	2	intervals/timediscrimination_table	166	2953.418239	2955.449474
2953.418239	0.000000	590684	ttl	1	72	n/a	n/a	n/a	n/a	n/a	n/a	n/a	n/a	n/a	n/a	n/a	n/a	n/a	n/a	n/a	n/a	n/a	n/a	n/a	n/a	n/a	2953.418239	n/a
2955.449474	0.000000	591090	ttl	2	72	n/a	n/a	n/a	n/a	n/a	n/a	n/a	n/a	n/a	n/a	n/a	n/a	n/a	n/a	n/a	n/a	n/a	n/a	n/a	n/a	n/a	2955.449474	n/a
2957.605694	0.000000	591521	ttl	4	72	n/a	n/a	n/a	n/a	n/a	n/a	n/a	n/a	n/a	n/a	n/a	n/a	n/a	n/a	n/a	n/a	n/a	n/a	n/a	n/a	n/a	2957.605694	n/a
2957.629701	0.000000	591526	ttl	11	72	n/a	n/a	n/a	n/a	n/a	n/a	n/a	n/a	n/a	n/a	n/a	n/a	n/a	n/a	n/a	n/a	n/a	n/a	n/a	n/a	n/a	2957.629701	n/a
2958.271483	2.031259	591654	time_discrimination	n/a	n/a	n/a	72.0	n/a	n/a	n/a	2957.62970125	n/a	2.0323892823653296	2.0	3	3.0	HB_1_ShortA.png	n/a	7	2962.33513125	n/a	168	2	2	intervals/timediscrimination_table	167	2958.271483	2960.302742
2958.271483	0.000000	591654	ttl	1	72	n/a	n/a	n/a	n/a	n/a	n/a	n/a	n/a	n/a	n/a	n/a	n/a	n/a	n/a	n/a	n/a	n/a	n/a	n/a	n/a	n/a	2958.271483	n/a
2960.302742	0.000000	592061	ttl	2	72	n/a	n/a	n/a	n/a	n/a	n/a	n/a	n/a	n/a	n/a	n/a	n/a	n/a	n/a	n/a	n/a	n/a	n/a	n/a	n/a	n/a	2960.302742	n/a
2962.335131	0.000000	592467	ttl	4	72	n/a	n/a	n/a	n/a	n/a	n/a	n/a	n/a	n/a	n/a	n/a	n/a	n/a	n/a	n/a	n/a	n/a	n/a	n/a	n/a	n/a	2962.335131	n/a
2962.348930	0.000000	592470	ttl	11	72	n/a	n/a	n/a	n/a	n/a	n/a	n/a	n/a	n/a	n/a	n/a	n/a	n/a	n/a	n/a	n/a	n/a	n/a	n/a	n/a	n/a	2962.348930	n/a
2963.011150	2.031309	592602	time_discrimination	n/a	n/a	n/a	72.0	n/a	n/a	n/a	2962.34892975	n/a	1.7390836850972846	1.0	1	3.0	NB_30_ShortA.png	n/a	7	2966.78154275	n/a	169	2	1	intervals/timediscrimination_table	168	2963.011150	2965.042459
2963.011150	0.000000	592602	ttl	1	72	n/a	n/a	n/a	n/a	n/a	n/a	n/a	n/a	n/a	n/a	n/a	n/a	n/a	n/a	n/a	n/a	n/a	n/a	n/a	n/a	n/a	2963.011150	n/a
2965.042459	0.000000	593008	ttl	2	72	n/a	n/a	n/a	n/a	n/a	n/a	n/a	n/a	n/a	n/a	n/a	n/a	n/a	n/a	n/a	n/a	n/a	n/a	n/a	n/a	n/a	2965.042459	n/a
2966.781543	0.000000	593356	ttl	4	72	n/a	n/a	n/a	n/a	n/a	n/a	n/a	n/a	n/a	n/a	n/a	n/a	n/a	n/a	n/a	n/a	n/a	n/a	n/a	n/a	n/a	2966.781543	n/a
2966.800404	0.000000	593360	ttl	11	72	n/a	n/a	n/a	n/a	n/a	n/a	n/a	n/a	n/a	n/a	n/a	n/a	n/a	n/a	n/a	n/a	n/a	n/a	n/a	n/a	n/a	2966.800404	n/a
2967.362319	2.031365	593472	time_discrimination	n/a	n/a	n/a	72.0	n/a	n/a	n/a	2966.800404	n/a	1.9975964687764645	2.0	1	3.0	NB_16_LongA.png	n/a	7	2971.39128075	n/a	170	2	2	intervals/timediscrimination_table	169	2967.362319	2969.393684
2967.362319	0.000000	593472	ttl	1	72	n/a	n/a	n/a	n/a	n/a	n/a	n/a	n/a	n/a	n/a	n/a	n/a	n/a	n/a	n/a	n/a	n/a	n/a	n/a	n/a	n/a	2967.362319	n/a
2969.393684	0.000000	593879	ttl	2	72	n/a	n/a	n/a	n/a	n/a	n/a	n/a	n/a	n/a	n/a	n/a	n/a	n/a	n/a	n/a	n/a	n/a	n/a	n/a	n/a	n/a	2969.393684	n/a
2971.391281	0.000000	594278	ttl	4	72	n/a	n/a	n/a	n/a	n/a	n/a	n/a	n/a	n/a	n/a	n/a	n/a	n/a	n/a	n/a	n/a	n/a	n/a	n/a	n/a	n/a	2971.391281	n/a
2971.398968	0.000000	594280	ttl	11	72	n/a	n/a	n/a	n/a	n/a	n/a	n/a	n/a	n/a	n/a	n/a	n/a	n/a	n/a	n/a	n/a	n/a	n/a	n/a	n/a	n/a	2971.398968	n/a
2971.940660	2.031326	594388	time_discrimination	n/a	n/a	n/a	72.0	n/a	n/a	n/a	2971.39896825	n/a	1.1757545059081167	1.0	2	3.0	SB_3_ShortA.png	n/a	2	2975.1477407499997	n/a	171	1	2	intervals/timediscrimination_table	170	2971.940660	2973.971986
2971.940660	0.000000	594388	ttl	1	72	n/a	n/a	n/a	n/a	n/a	n/a	n/a	n/a	n/a	n/a	n/a	n/a	n/a	n/a	n/a	n/a	n/a	n/a	n/a	n/a	n/a	2971.940660	n/a
2973.971986	0.000000	594794	ttl	2	72	n/a	n/a	n/a	n/a	n/a	n/a	n/a	n/a	n/a	n/a	n/a	n/a	n/a	n/a	n/a	n/a	n/a	n/a	n/a	n/a	n/a	2973.971986	n/a
2975.147741	0.000000	595030	ttl	4	72	n/a	n/a	n/a	n/a	n/a	n/a	n/a	n/a	n/a	n/a	n/a	n/a	n/a	n/a	n/a	n/a	n/a	n/a	n/a	n/a	n/a	2975.147741	n/a
2975.157663	0.000000	595032	ttl	11	72	n/a	n/a	n/a	n/a	n/a	n/a	n/a	n/a	n/a	n/a	n/a	n/a	n/a	n/a	n/a	n/a	n/a	n/a	n/a	n/a	n/a	2975.157663	n/a
2975.739625	2.031323	595148	time_discrimination	n/a	n/a	n/a	72.0	n/a	n/a	n/a	2975.1576634999997	n/a	1.2734783149790019	2.0	2	3.0	SB_33_ShortA.png	n/a	2	2979.0444264999996	n/a	172	1	1	intervals/timediscrimination_table	171	2975.739625	2977.770948
2975.739625	0.000000	595148	ttl	1	72	n/a	n/a	n/a	n/a	n/a	n/a	n/a	n/a	n/a	n/a	n/a	n/a	n/a	n/a	n/a	n/a	n/a	n/a	n/a	n/a	n/a	2975.739625	n/a
2977.770948	0.000000	595554	ttl	2	72	n/a	n/a	n/a	n/a	n/a	n/a	n/a	n/a	n/a	n/a	n/a	n/a	n/a	n/a	n/a	n/a	n/a	n/a	n/a	n/a	n/a	2977.770948	n/a
2979.044426	0.000000	595809	ttl	4	72	n/a	n/a	n/a	n/a	n/a	n/a	n/a	n/a	n/a	n/a	n/a	n/a	n/a	n/a	n/a	n/a	n/a	n/a	n/a	n/a	n/a	2979.044426	n/a
2979.060672	0.000000	595812	ttl	11	72	n/a	n/a	n/a	n/a	n/a	n/a	n/a	n/a	n/a	n/a	n/a	n/a	n/a	n/a	n/a	n/a	n/a	n/a	n/a	n/a	n/a	2979.060672	n/a
2979.682748	2.031336	595937	time_discrimination	n/a	n/a	n/a	72.0	n/a	n/a	n/a	2979.060672	n/a	1.806236830772832	2.0	2	3.0	SB_18_ShortA.png	n/a	2	2983.520321	n/a	173	1	1	intervals/timediscrimination_table	172	2979.682748	2981.714084
2979.682748	0.000000	595937	ttl	1	72	n/a	n/a	n/a	n/a	n/a	n/a	n/a	n/a	n/a	n/a	n/a	n/a	n/a	n/a	n/a	n/a	n/a	n/a	n/a	n/a	n/a	2979.682748	n/a
2981.714084	0.000000	596343	ttl	2	72	n/a	n/a	n/a	n/a	n/a	n/a	n/a	n/a	n/a	n/a	n/a	n/a	n/a	n/a	n/a	n/a	n/a	n/a	n/a	n/a	n/a	2981.714084	n/a
2983.520321	0.000000	596704	ttl	4	72	n/a	n/a	n/a	n/a	n/a	n/a	n/a	n/a	n/a	n/a	n/a	n/a	n/a	n/a	n/a	n/a	n/a	n/a	n/a	n/a	n/a	2983.520321	n/a
2983.529919	0.000000	596706	ttl	11	72	n/a	n/a	n/a	n/a	n/a	n/a	n/a	n/a	n/a	n/a	n/a	n/a	n/a	n/a	n/a	n/a	n/a	n/a	n/a	n/a	n/a	2983.529919	n/a
2984.171933	2.031403	596834	time_discrimination	n/a	n/a	n/a	72.0	n/a	n/a	n/a	2983.5299192499997	n/a	1.920055702328682	2.0	1	3.0	NB_9_ShortA.png	n/a	7	2988.1233915	n/a	174	2	2	intervals/timediscrimination_table	173	2984.171933	2986.203336
2984.171933	0.000000	596834	ttl	1	72	n/a	n/a	n/a	n/a	n/a	n/a	n/a	n/a	n/a	n/a	n/a	n/a	n/a	n/a	n/a	n/a	n/a	n/a	n/a	n/a	n/a	2984.171933	n/a
2986.203336	0.000000	597241	ttl	2	72	n/a	n/a	n/a	n/a	n/a	n/a	n/a	n/a	n/a	n/a	n/a	n/a	n/a	n/a	n/a	n/a	n/a	n/a	n/a	n/a	n/a	2986.203336	n/a
2988.123391	0.000000	597625	ttl	4	72	n/a	n/a	n/a	n/a	n/a	n/a	n/a	n/a	n/a	n/a	n/a	n/a	n/a	n/a	n/a	n/a	n/a	n/a	n/a	n/a	n/a	2988.123391	n/a
2988.128894	0.000000	597626	ttl	11	72	n/a	n/a	n/a	n/a	n/a	n/a	n/a	n/a	n/a	n/a	n/a	n/a	n/a	n/a	n/a	n/a	n/a	n/a	n/a	n/a	n/a	2988.128894	n/a
2988.771178	2.031186	597754	time_discrimination	n/a	n/a	n/a	72.0	n/a	n/a	n/a	2988.1288944999997	n/a	2.246610363596119	2.0	3	3.0	HB_26_LongA.png	n/a	7	2993.0489749999997	n/a	175	2	2	intervals/timediscrimination_table	174	2988.771178	2990.802364
2988.771178	0.000000	597754	ttl	1	72	n/a	n/a	n/a	n/a	n/a	n/a	n/a	n/a	n/a	n/a	n/a	n/a	n/a	n/a	n/a	n/a	n/a	n/a	n/a	n/a	n/a	2988.771178	n/a
2990.802364	0.000000	598160	ttl	2	72	n/a	n/a	n/a	n/a	n/a	n/a	n/a	n/a	n/a	n/a	n/a	n/a	n/a	n/a	n/a	n/a	n/a	n/a	n/a	n/a	n/a	2990.802364	n/a
2993.048975	0.000000	598610	ttl	4	72	n/a	n/a	n/a	n/a	n/a	n/a	n/a	n/a	n/a	n/a	n/a	n/a	n/a	n/a	n/a	n/a	n/a	n/a	n/a	n/a	n/a	2993.048975	n/a
2993.061000	0.000000	598612	ttl	11	72	n/a	n/a	n/a	n/a	n/a	n/a	n/a	n/a	n/a	n/a	n/a	n/a	n/a	n/a	n/a	n/a	n/a	n/a	n/a	n/a	n/a	2993.061000	n/a
2993.642925	2.031297	598729	time_discrimination	n/a	n/a	n/a	72.0	n/a	n/a	n/a	2993.06100025	n/a	1.6014214713359252	2.0	3	3.0	HB_13_LongA.png	n/a	7	2997.2756437499997	n/a	176	2	2	intervals/timediscrimination_table	175	2993.642925	2995.674222
2993.642925	0.000000	598729	ttl	1	72	n/a	n/a	n/a	n/a	n/a	n/a	n/a	n/a	n/a	n/a	n/a	n/a	n/a	n/a	n/a	n/a	n/a	n/a	n/a	n/a	n/a	2993.642925	n/a
2995.674222	0.000000	599135	ttl	2	72	n/a	n/a	n/a	n/a	n/a	n/a	n/a	n/a	n/a	n/a	n/a	n/a	n/a	n/a	n/a	n/a	n/a	n/a	n/a	n/a	n/a	2995.674222	n/a
2997.275644	0.000000	599455	ttl	4	72	n/a	n/a	n/a	n/a	n/a	n/a	n/a	n/a	n/a	n/a	n/a	n/a	n/a	n/a	n/a	n/a	n/a	n/a	n/a	n/a	n/a	2997.275644	n/a
2997.281000	0.000000	599456	ttl	11	72	n/a	n/a	n/a	n/a	n/a	n/a	n/a	n/a	n/a	n/a	n/a	n/a	n/a	n/a	n/a	n/a	n/a	n/a	n/a	n/a	n/a	2997.281000	n/a
2997.863074	2.031272	599573	time_discrimination	n/a	n/a	n/a	72.0	n/a	n/a	n/a	2997.281	n/a	1.4982788105262443	1.0	1	3.0	NB_22_ShortA.png	n/a	7	3001.3926242499997	n/a	177	2	1	intervals/timediscrimination_table	176	2997.863074	2999.894345
2997.863074	0.000000	599573	ttl	1	72	n/a	n/a	n/a	n/a	n/a	n/a	n/a	n/a	n/a	n/a	n/a	n/a	n/a	n/a	n/a	n/a	n/a	n/a	n/a	n/a	n/a	2997.863074	n/a
2999.894345	0.000000	599979	ttl	2	72	n/a	n/a	n/a	n/a	n/a	n/a	n/a	n/a	n/a	n/a	n/a	n/a	n/a	n/a	n/a	n/a	n/a	n/a	n/a	n/a	n/a	2999.894345	n/a
3001.392624	0.000000	600279	ttl	4	72	n/a	n/a	n/a	n/a	n/a	n/a	n/a	n/a	n/a	n/a	n/a	n/a	n/a	n/a	n/a	n/a	n/a	n/a	n/a	n/a	n/a	3001.392624	n/a
3001.402702	0.000000	600281	ttl	11	72	n/a	n/a	n/a	n/a	n/a	n/a	n/a	n/a	n/a	n/a	n/a	n/a	n/a	n/a	n/a	n/a	n/a	n/a	n/a	n/a	n/a	3001.402702	n/a
3001.984630	2.031332	600397	time_discrimination	n/a	n/a	n/a	72.0	n/a	n/a	n/a	3001.40270225	n/a	1.612845262279734	2.0	1	3.0	NB_23_LongA.png	n/a	7	3005.6288072499997	n/a	178	2	2	intervals/timediscrimination_table	177	3001.984630	3004.015962
3001.984630	0.000000	600397	ttl	1	72	n/a	n/a	n/a	n/a	n/a	n/a	n/a	n/a	n/a	n/a	n/a	n/a	n/a	n/a	n/a	n/a	n/a	n/a	n/a	n/a	n/a	3001.984630	n/a
3004.015962	0.000000	600803	ttl	2	72	n/a	n/a	n/a	n/a	n/a	n/a	n/a	n/a	n/a	n/a	n/a	n/a	n/a	n/a	n/a	n/a	n/a	n/a	n/a	n/a	n/a	3004.015962	n/a
3005.628807	0.000000	601126	ttl	4	72	n/a	n/a	n/a	n/a	n/a	n/a	n/a	n/a	n/a	n/a	n/a	n/a	n/a	n/a	n/a	n/a	n/a	n/a	n/a	n/a	n/a	3005.628807	n/a
3005.699421	0.000000	601140	ttl	11	72	n/a	n/a	n/a	n/a	n/a	n/a	n/a	n/a	n/a	n/a	n/a	n/a	n/a	n/a	n/a	n/a	n/a	n/a	n/a	n/a	n/a	3005.699421	n/a
3006.254426	2.040623	601251	time_discrimination	n/a	n/a	n/a	72.0	n/a	n/a	n/a	3005.6994207499997	n/a	0.7768753474811092	1.0	2	3.0	SB_30_ShortA.png	n/a	7	3009.07192425	n/a	179	2	1	intervals/timediscrimination_table	178	3006.254426	3008.295049
3006.254426	0.000000	601251	ttl	1	72	n/a	n/a	n/a	n/a	n/a	n/a	n/a	n/a	n/a	n/a	n/a	n/a	n/a	n/a	n/a	n/a	n/a	n/a	n/a	n/a	n/a	3006.254426	n/a
3008.295049	0.000000	601659	ttl	2	72	n/a	n/a	n/a	n/a	n/a	n/a	n/a	n/a	n/a	n/a	n/a	n/a	n/a	n/a	n/a	n/a	n/a	n/a	n/a	n/a	n/a	3008.295049	n/a
3009.071924	0.000000	601814	ttl	4	72	n/a	n/a	n/a	n/a	n/a	n/a	n/a	n/a	n/a	n/a	n/a	n/a	n/a	n/a	n/a	n/a	n/a	n/a	n/a	n/a	n/a	3009.071924	n/a
3009.100126	0.000000	601820	ttl	11	72	n/a	n/a	n/a	n/a	n/a	n/a	n/a	n/a	n/a	n/a	n/a	n/a	n/a	n/a	n/a	n/a	n/a	n/a	n/a	n/a	n/a	3009.100126	n/a
3009.687991	2.067500	601938	time_discrimination	n/a	n/a	n/a	72.0	n/a	n/a	n/a	3009.1001265	n/a	1.0962555239675567	1.0	2	2.0	SB_30_LongA.png	n/a	3	3012.8517457499997	n/a	180	1	2	intervals/timediscrimination_table	179	3009.687991	3011.755490
3009.687991	0.000000	601938	ttl	1	72	n/a	n/a	n/a	n/a	n/a	n/a	n/a	n/a	n/a	n/a	n/a	n/a	n/a	n/a	n/a	n/a	n/a	n/a	n/a	n/a	n/a	3009.687991	n/a
3011.755490	0.000000	602351	ttl	2	72	n/a	n/a	n/a	n/a	n/a	n/a	n/a	n/a	n/a	n/a	n/a	n/a	n/a	n/a	n/a	n/a	n/a	n/a	n/a	n/a	n/a	3011.755490	n/a
3012.851746	0.000000	602570	ttl	4	72	n/a	n/a	n/a	n/a	n/a	n/a	n/a	n/a	n/a	n/a	n/a	n/a	n/a	n/a	n/a	n/a	n/a	n/a	n/a	n/a	n/a	3012.851746	n/a
3012.901865	0.000000	602580	ttl	60	72	n/a	n/a	n/a	n/a	n/a	n/a	n/a	n/a	n/a	n/a	n/a	n/a	n/a	n/a	n/a	n/a	n/a	n/a	n/a	n/a	n/a	3012.901865	n/a
