onset	duration	sample	trial_type	value	experiment_id	Clip_name	ExperimentID	boundary1_time	boundary2_time	boundary3_time	fixcross_time	stimCategory	RT	accuracy	boundary_type	confidence	frameName	old_new	resp_value	source_response_time	stimuli_type	trial_num	leftright	resp_key	source_table	source_row_id	source_start_time	source_stop_time
0.000000	0.000000	0	ttl	61	70	n/a	n/a	n/a	n/a	n/a	n/a	n/a	n/a	n/a	n/a	n/a	n/a	n/a	n/a	n/a	n/a	n/a	n/a	n/a	n/a	n/a	0.000000	n/a
0.054456	0.000000	11	ttl	11	70	n/a	n/a	n/a	n/a	n/a	n/a	n/a	n/a	n/a	n/a	n/a	n/a	n/a	n/a	n/a	n/a	n/a	n/a	n/a	n/a	n/a	0.054456	n/a
1.130216	8.028683	226	encoding	n/a	n/a	HB_28.mp4	70.0	5.13021575	n/a	n/a	0.05445575	2	n/a	n/a	n/a	n/a	n/a	n/a	n/a	n/a	n/a	n/a	n/a	n/a	intervals/encoding_table	0	1.130216	9.158899
1.130216	0.000000	226	ttl	1	70	n/a	n/a	n/a	n/a	n/a	n/a	n/a	n/a	n/a	n/a	n/a	n/a	n/a	n/a	n/a	n/a	n/a	n/a	n/a	n/a	n/a	1.130216	n/a
9.158899	0.000000	1832	ttl	2	70	n/a	n/a	n/a	n/a	n/a	n/a	n/a	n/a	n/a	n/a	n/a	n/a	n/a	n/a	n/a	n/a	n/a	n/a	n/a	n/a	n/a	9.158899	n/a
9.175425	0.000000	1835	ttl	11	70	n/a	n/a	n/a	n/a	n/a	n/a	n/a	n/a	n/a	n/a	n/a	n/a	n/a	n/a	n/a	n/a	n/a	n/a	n/a	n/a	n/a	9.175425	n/a
10.197371	7.530918	2039	encoding	n/a	n/a	NB_15.mp4	70.0	14.197370999999999	n/a	n/a	9.1754245	0	n/a	n/a	n/a	n/a	n/a	n/a	n/a	n/a	n/a	n/a	n/a	n/a	intervals/encoding_table	1	10.197371	17.728289
10.197371	0.000000	2039	ttl	1	70	n/a	n/a	n/a	n/a	n/a	n/a	n/a	n/a	n/a	n/a	n/a	n/a	n/a	n/a	n/a	n/a	n/a	n/a	n/a	n/a	n/a	10.197371	n/a
17.728289	0.000000	3546	ttl	2	70	n/a	n/a	n/a	n/a	n/a	n/a	n/a	n/a	n/a	n/a	n/a	n/a	n/a	n/a	n/a	n/a	n/a	n/a	n/a	n/a	n/a	17.728289	n/a
17.746686	0.000000	3549	ttl	11	70	n/a	n/a	n/a	n/a	n/a	n/a	n/a	n/a	n/a	n/a	n/a	n/a	n/a	n/a	n/a	n/a	n/a	n/a	n/a	n/a	n/a	17.746686	n/a
18.840239	7.113588	3768	encoding	n/a	n/a	NB_25.mp4	70.0	22.84023925	n/a	n/a	17.746686	0	n/a	n/a	n/a	n/a	n/a	n/a	n/a	n/a	n/a	n/a	n/a	n/a	intervals/encoding_table	2	18.840239	25.953828
18.840239	0.000000	3768	ttl	1	70	n/a	n/a	n/a	n/a	n/a	n/a	n/a	n/a	n/a	n/a	n/a	n/a	n/a	n/a	n/a	n/a	n/a	n/a	n/a	n/a	n/a	18.840239	n/a
25.953828	0.000000	5191	ttl	2	70	n/a	n/a	n/a	n/a	n/a	n/a	n/a	n/a	n/a	n/a	n/a	n/a	n/a	n/a	n/a	n/a	n/a	n/a	n/a	n/a	n/a	25.953828	n/a
25.972372	0.000000	5194	ttl	11	70	n/a	n/a	n/a	n/a	n/a	n/a	n/a	n/a	n/a	n/a	n/a	n/a	n/a	n/a	n/a	n/a	n/a	n/a	n/a	n/a	n/a	25.972372	n/a
26.999199	8.197017	5400	encoding	n/a	n/a	NB_18.mp4	70.0	30.9991995	n/a	n/a	25.972372	0	n/a	n/a	n/a	n/a	n/a	n/a	n/a	n/a	n/a	n/a	n/a	n/a	intervals/encoding_table	3	26.999199	35.196216
26.999199	0.000000	5400	ttl	1	70	n/a	n/a	n/a	n/a	n/a	n/a	n/a	n/a	n/a	n/a	n/a	n/a	n/a	n/a	n/a	n/a	n/a	n/a	n/a	n/a	n/a	26.999199	n/a
35.196216	0.000000	7039	ttl	2	70	n/a	n/a	n/a	n/a	n/a	n/a	n/a	n/a	n/a	n/a	n/a	n/a	n/a	n/a	n/a	n/a	n/a	n/a	n/a	n/a	n/a	35.196216	n/a
35.214292	0.000000	7043	ttl	11	70	n/a	n/a	n/a	n/a	n/a	n/a	n/a	n/a	n/a	n/a	n/a	n/a	n/a	n/a	n/a	n/a	n/a	n/a	n/a	n/a	n/a	35.214292	n/a
36.269745	8.064234	7254	encoding	n/a	n/a	HB_16.mp4	70.0	40.269745	n/a	n/a	35.21429225	2	n/a	n/a	n/a	n/a	n/a	n/a	n/a	n/a	n/a	n/a	n/a	n/a	intervals/encoding_table	4	36.269745	44.333979
36.269745	0.000000	7254	ttl	1	70	n/a	n/a	n/a	n/a	n/a	n/a	n/a	n/a	n/a	n/a	n/a	n/a	n/a	n/a	n/a	n/a	n/a	n/a	n/a	n/a	n/a	36.269745	n/a
44.333979	0.000000	8867	ttl	2	70	n/a	n/a	n/a	n/a	n/a	n/a	n/a	n/a	n/a	n/a	n/a	n/a	n/a	n/a	n/a	n/a	n/a	n/a	n/a	n/a	n/a	44.333979	n/a
44.348962	0.000000	8870	ttl	11	70	n/a	n/a	n/a	n/a	n/a	n/a	n/a	n/a	n/a	n/a	n/a	n/a	n/a	n/a	n/a	n/a	n/a	n/a	n/a	n/a	n/a	44.348962	n/a
45.428662	8.032867	9086	encoding	n/a	n/a	NB_24.mp4	70.0	49.428662499999994	n/a	n/a	44.34896175	0	n/a	n/a	n/a	n/a	n/a	n/a	n/a	n/a	n/a	n/a	n/a	n/a	intervals/encoding_table	5	45.428662	53.461530
45.428662	0.000000	9086	ttl	1	70	n/a	n/a	n/a	n/a	n/a	n/a	n/a	n/a	n/a	n/a	n/a	n/a	n/a	n/a	n/a	n/a	n/a	n/a	n/a	n/a	n/a	45.428662	n/a
53.461530	0.000000	10692	ttl	2	70	n/a	n/a	n/a	n/a	n/a	n/a	n/a	n/a	n/a	n/a	n/a	n/a	n/a	n/a	n/a	n/a	n/a	n/a	n/a	n/a	n/a	53.461530	n/a
100.515957	0.000000	20103	ttl	11	70	n/a	n/a	n/a	n/a	n/a	n/a	n/a	n/a	n/a	n/a	n/a	n/a	n/a	n/a	n/a	n/a	n/a	n/a	n/a	n/a	n/a	100.515957	n/a
101.461270	6.871071	20292	encoding	n/a	n/a	NB_4.mp4	70.0	105.4612705	n/a	n/a	100.51595725	0	n/a	n/a	n/a	n/a	n/a	n/a	n/a	n/a	n/a	n/a	n/a	n/a	intervals/encoding_table	6	101.461270	108.332341
101.461270	0.000000	20292	ttl	1	70	n/a	n/a	n/a	n/a	n/a	n/a	n/a	n/a	n/a	n/a	n/a	n/a	n/a	n/a	n/a	n/a	n/a	n/a	n/a	n/a	n/a	101.461270	n/a
108.332341	0.000000	21666	ttl	2	70	n/a	n/a	n/a	n/a	n/a	n/a	n/a	n/a	n/a	n/a	n/a	n/a	n/a	n/a	n/a	n/a	n/a	n/a	n/a	n/a	n/a	108.332341	n/a
108.350053	0.000000	21670	ttl	11	70	n/a	n/a	n/a	n/a	n/a	n/a	n/a	n/a	n/a	n/a	n/a	n/a	n/a	n/a	n/a	n/a	n/a	n/a	n/a	n/a	n/a	108.350053	n/a
109.270306	8.197238	21854	encoding	n/a	n/a	HB_19.mp4	70.0	113.27030624999999	n/a	n/a	108.35005299999999	2	n/a	n/a	n/a	n/a	n/a	n/a	n/a	n/a	n/a	n/a	n/a	n/a	intervals/encoding_table	7	109.270306	117.467545
109.270306	0.000000	21854	ttl	1	70	n/a	n/a	n/a	n/a	n/a	n/a	n/a	n/a	n/a	n/a	n/a	n/a	n/a	n/a	n/a	n/a	n/a	n/a	n/a	n/a	n/a	109.270306	n/a
117.467545	0.000000	23494	ttl	2	70	n/a	n/a	n/a	n/a	n/a	n/a	n/a	n/a	n/a	n/a	n/a	n/a	n/a	n/a	n/a	n/a	n/a	n/a	n/a	n/a	n/a	117.467545	n/a
117.486648	0.000000	23497	ttl	11	70	n/a	n/a	n/a	n/a	n/a	n/a	n/a	n/a	n/a	n/a	n/a	n/a	n/a	n/a	n/a	n/a	n/a	n/a	n/a	n/a	n/a	117.486648	n/a
118.552300	7.998689	23710	encoding	n/a	n/a	SB_24.mp4	70.0	121.42028649999999	122.51262924999999	n/a	117.48664799999999	1	n/a	n/a	n/a	n/a	n/a	n/a	n/a	n/a	n/a	n/a	n/a	n/a	intervals/encoding_table	8	118.552300	126.550989
118.552300	0.000000	23710	ttl	1	70	n/a	n/a	n/a	n/a	n/a	n/a	n/a	n/a	n/a	n/a	n/a	n/a	n/a	n/a	n/a	n/a	n/a	n/a	n/a	n/a	n/a	118.552300	n/a
126.550989	0.000000	25310	ttl	2	70	n/a	n/a	n/a	n/a	n/a	n/a	n/a	n/a	n/a	n/a	n/a	n/a	n/a	n/a	n/a	n/a	n/a	n/a	n/a	n/a	n/a	126.550989	n/a
126.569956	0.000000	25314	ttl	11	70	n/a	n/a	n/a	n/a	n/a	n/a	n/a	n/a	n/a	n/a	n/a	n/a	n/a	n/a	n/a	n/a	n/a	n/a	n/a	n/a	n/a	126.569956	n/a
127.554851	7.966480	25511	encoding	n/a	n/a	SB_7.mp4	70.0	129.9473415	n/a	n/a	126.56995649999999	1	n/a	n/a	n/a	n/a	n/a	n/a	n/a	n/a	n/a	n/a	n/a	n/a	intervals/encoding_table	9	127.554851	135.521330
127.554851	0.000000	25511	ttl	1	70	n/a	n/a	n/a	n/a	n/a	n/a	n/a	n/a	n/a	n/a	n/a	n/a	n/a	n/a	n/a	n/a	n/a	n/a	n/a	n/a	n/a	127.554851	n/a
135.521330	0.000000	27104	ttl	2	70	n/a	n/a	n/a	n/a	n/a	n/a	n/a	n/a	n/a	n/a	n/a	n/a	n/a	n/a	n/a	n/a	n/a	n/a	n/a	n/a	n/a	135.521330	n/a
135.540162	0.000000	27108	ttl	11	70	n/a	n/a	n/a	n/a	n/a	n/a	n/a	n/a	n/a	n/a	n/a	n/a	n/a	n/a	n/a	n/a	n/a	n/a	n/a	n/a	n/a	135.540162	n/a
136.585581	8.263464	27317	encoding	n/a	n/a	NB_10.mp4	70.0	140.5855815	n/a	n/a	135.54016224999998	0	n/a	n/a	n/a	n/a	n/a	n/a	n/a	n/a	n/a	n/a	n/a	n/a	intervals/encoding_table	10	136.585581	144.849046
136.585581	0.000000	27317	ttl	1	70	n/a	n/a	n/a	n/a	n/a	n/a	n/a	n/a	n/a	n/a	n/a	n/a	n/a	n/a	n/a	n/a	n/a	n/a	n/a	n/a	n/a	136.585581	n/a
144.849046	0.000000	28970	ttl	2	70	n/a	n/a	n/a	n/a	n/a	n/a	n/a	n/a	n/a	n/a	n/a	n/a	n/a	n/a	n/a	n/a	n/a	n/a	n/a	n/a	n/a	144.849046	n/a
198.227485	0.000000	39645	ttl	11	70	n/a	n/a	n/a	n/a	n/a	n/a	n/a	n/a	n/a	n/a	n/a	n/a	n/a	n/a	n/a	n/a	n/a	n/a	n/a	n/a	n/a	198.227485	n/a
199.314835	8.397275	39863	encoding	n/a	n/a	HB_3.mp4	70.0	203.31483475	201.62503074999998	n/a	198.227485	2	n/a	n/a	n/a	n/a	n/a	n/a	n/a	n/a	n/a	n/a	n/a	n/a	intervals/encoding_table	11	199.314835	207.712110
199.314835	0.000000	39863	ttl	1	70	n/a	n/a	n/a	n/a	n/a	n/a	n/a	n/a	n/a	n/a	n/a	n/a	n/a	n/a	n/a	n/a	n/a	n/a	n/a	n/a	n/a	199.314835	n/a
207.712110	0.000000	41542	ttl	2	70	n/a	n/a	n/a	n/a	n/a	n/a	n/a	n/a	n/a	n/a	n/a	n/a	n/a	n/a	n/a	n/a	n/a	n/a	n/a	n/a	n/a	207.712110	n/a
207.730989	0.000000	41546	ttl	11	70	n/a	n/a	n/a	n/a	n/a	n/a	n/a	n/a	n/a	n/a	n/a	n/a	n/a	n/a	n/a	n/a	n/a	n/a	n/a	n/a	n/a	207.730989	n/a
208.690296	8.033321	41738	encoding	n/a	n/a	HB_9.mp4	70.0	212.690296	211.15346549999998	214.564943	207.7309895	2	n/a	n/a	n/a	n/a	n/a	n/a	n/a	n/a	n/a	n/a	n/a	n/a	intervals/encoding_table	12	208.690296	216.723617
208.690296	0.000000	41738	ttl	1	70	n/a	n/a	n/a	n/a	n/a	n/a	n/a	n/a	n/a	n/a	n/a	n/a	n/a	n/a	n/a	n/a	n/a	n/a	n/a	n/a	n/a	208.690296	n/a
216.723617	0.000000	43345	ttl	2	70	n/a	n/a	n/a	n/a	n/a	n/a	n/a	n/a	n/a	n/a	n/a	n/a	n/a	n/a	n/a	n/a	n/a	n/a	n/a	n/a	n/a	216.723617	n/a
216.742774	0.000000	43349	ttl	11	70	n/a	n/a	n/a	n/a	n/a	n/a	n/a	n/a	n/a	n/a	n/a	n/a	n/a	n/a	n/a	n/a	n/a	n/a	n/a	n/a	n/a	216.742774	n/a
217.705214	8.031266	43541	encoding	n/a	n/a	NB_1.mp4	70.0	221.70521374999998	n/a	n/a	216.74277375	0	n/a	n/a	n/a	n/a	n/a	n/a	n/a	n/a	n/a	n/a	n/a	n/a	intervals/encoding_table	13	217.705214	225.736480
217.705214	0.000000	43541	ttl	1	70	n/a	n/a	n/a	n/a	n/a	n/a	n/a	n/a	n/a	n/a	n/a	n/a	n/a	n/a	n/a	n/a	n/a	n/a	n/a	n/a	n/a	217.705214	n/a
225.736480	0.000000	45147	ttl	2	70	n/a	n/a	n/a	n/a	n/a	n/a	n/a	n/a	n/a	n/a	n/a	n/a	n/a	n/a	n/a	n/a	n/a	n/a	n/a	n/a	n/a	225.736480	n/a
225.755413	0.000000	45151	ttl	11	70	n/a	n/a	n/a	n/a	n/a	n/a	n/a	n/a	n/a	n/a	n/a	n/a	n/a	n/a	n/a	n/a	n/a	n/a	n/a	n/a	n/a	225.755413	n/a
226.765352	8.062029	45353	encoding	n/a	n/a	SB_12.mp4	70.0	232.61831625	n/a	n/a	225.75541299999998	1	n/a	n/a	n/a	n/a	n/a	n/a	n/a	n/a	n/a	n/a	n/a	n/a	intervals/encoding_table	14	226.765352	234.827381
226.765352	0.000000	45353	ttl	1	70	n/a	n/a	n/a	n/a	n/a	n/a	n/a	n/a	n/a	n/a	n/a	n/a	n/a	n/a	n/a	n/a	n/a	n/a	n/a	n/a	n/a	226.765352	n/a
234.827381	0.000000	46965	ttl	2	70	n/a	n/a	n/a	n/a	n/a	n/a	n/a	n/a	n/a	n/a	n/a	n/a	n/a	n/a	n/a	n/a	n/a	n/a	n/a	n/a	n/a	234.827381	n/a
234.845925	0.000000	46969	ttl	11	70	n/a	n/a	n/a	n/a	n/a	n/a	n/a	n/a	n/a	n/a	n/a	n/a	n/a	n/a	n/a	n/a	n/a	n/a	n/a	n/a	n/a	234.845925	n/a
235.856441	8.097941	47171	encoding	n/a	n/a	HB_25.mp4	70.0	239.85644125	n/a	n/a	234.84592475	2	n/a	n/a	n/a	n/a	n/a	n/a	n/a	n/a	n/a	n/a	n/a	n/a	intervals/encoding_table	15	235.856441	243.954383
235.856441	0.000000	47171	ttl	1	70	n/a	n/a	n/a	n/a	n/a	n/a	n/a	n/a	n/a	n/a	n/a	n/a	n/a	n/a	n/a	n/a	n/a	n/a	n/a	n/a	n/a	235.856441	n/a
243.954383	0.000000	48791	ttl	2	70	n/a	n/a	n/a	n/a	n/a	n/a	n/a	n/a	n/a	n/a	n/a	n/a	n/a	n/a	n/a	n/a	n/a	n/a	n/a	n/a	n/a	243.954383	n/a
243.973360	0.000000	48795	ttl	11	70	n/a	n/a	n/a	n/a	n/a	n/a	n/a	n/a	n/a	n/a	n/a	n/a	n/a	n/a	n/a	n/a	n/a	n/a	n/a	n/a	n/a	243.973360	n/a
245.001441	8.032343	49000	encoding	n/a	n/a	SB_17.mp4	70.0	246.84496299999998	249.33122799999998	n/a	243.97336049999998	1	n/a	n/a	n/a	n/a	n/a	n/a	n/a	n/a	n/a	n/a	n/a	n/a	intervals/encoding_table	16	245.001441	253.033783
245.001441	0.000000	49000	ttl	1	70	n/a	n/a	n/a	n/a	n/a	n/a	n/a	n/a	n/a	n/a	n/a	n/a	n/a	n/a	n/a	n/a	n/a	n/a	n/a	n/a	n/a	245.001441	n/a
253.033783	0.000000	50607	ttl	2	70	n/a	n/a	n/a	n/a	n/a	n/a	n/a	n/a	n/a	n/a	n/a	n/a	n/a	n/a	n/a	n/a	n/a	n/a	n/a	n/a	n/a	253.033783	n/a
253.052744	0.000000	50611	ttl	11	70	n/a	n/a	n/a	n/a	n/a	n/a	n/a	n/a	n/a	n/a	n/a	n/a	n/a	n/a	n/a	n/a	n/a	n/a	n/a	n/a	n/a	253.052744	n/a
254.072074	8.332489	50814	encoding	n/a	n/a	HB_26.mp4	70.0	258.07207425	n/a	n/a	253.0527445	2	n/a	n/a	n/a	n/a	n/a	n/a	n/a	n/a	n/a	n/a	n/a	n/a	intervals/encoding_table	17	254.072074	262.404564
254.072074	0.000000	50814	ttl	1	70	n/a	n/a	n/a	n/a	n/a	n/a	n/a	n/a	n/a	n/a	n/a	n/a	n/a	n/a	n/a	n/a	n/a	n/a	n/a	n/a	n/a	254.072074	n/a
262.404564	0.000000	52481	ttl	2	70	n/a	n/a	n/a	n/a	n/a	n/a	n/a	n/a	n/a	n/a	n/a	n/a	n/a	n/a	n/a	n/a	n/a	n/a	n/a	n/a	n/a	262.404564	n/a
282.009751	0.000000	56402	ttl	11	70	n/a	n/a	n/a	n/a	n/a	n/a	n/a	n/a	n/a	n/a	n/a	n/a	n/a	n/a	n/a	n/a	n/a	n/a	n/a	n/a	n/a	282.009751	n/a
282.941986	7.931876	56588	encoding	n/a	n/a	HB_13.mp4	70.0	286.941986	285.20687875	289.14912849999996	282.009751	2	n/a	n/a	n/a	n/a	n/a	n/a	n/a	n/a	n/a	n/a	n/a	n/a	intervals/encoding_table	18	282.941986	290.873862
282.941986	0.000000	56588	ttl	1	70	n/a	n/a	n/a	n/a	n/a	n/a	n/a	n/a	n/a	n/a	n/a	n/a	n/a	n/a	n/a	n/a	n/a	n/a	n/a	n/a	n/a	282.941986	n/a
290.873862	0.000000	58175	ttl	2	70	n/a	n/a	n/a	n/a	n/a	n/a	n/a	n/a	n/a	n/a	n/a	n/a	n/a	n/a	n/a	n/a	n/a	n/a	n/a	n/a	n/a	290.873862	n/a
290.893106	0.000000	58179	ttl	11	70	n/a	n/a	n/a	n/a	n/a	n/a	n/a	n/a	n/a	n/a	n/a	n/a	n/a	n/a	n/a	n/a	n/a	n/a	n/a	n/a	n/a	290.893106	n/a
291.876688	8.050064	58375	encoding	n/a	n/a	HB_1.mp4	70.0	295.8766875	293.42873775	n/a	290.89310574999996	2	n/a	n/a	n/a	n/a	n/a	n/a	n/a	n/a	n/a	n/a	n/a	n/a	intervals/encoding_table	19	291.876688	299.926751
291.876688	0.000000	58375	ttl	1	70	n/a	n/a	n/a	n/a	n/a	n/a	n/a	n/a	n/a	n/a	n/a	n/a	n/a	n/a	n/a	n/a	n/a	n/a	n/a	n/a	n/a	291.876688	n/a
299.926751	0.000000	59985	ttl	2	70	n/a	n/a	n/a	n/a	n/a	n/a	n/a	n/a	n/a	n/a	n/a	n/a	n/a	n/a	n/a	n/a	n/a	n/a	n/a	n/a	n/a	299.926751	n/a
299.945825	0.000000	59989	ttl	11	70	n/a	n/a	n/a	n/a	n/a	n/a	n/a	n/a	n/a	n/a	n/a	n/a	n/a	n/a	n/a	n/a	n/a	n/a	n/a	n/a	n/a	299.945825	n/a
300.919635	7.964256	60184	encoding	n/a	n/a	HB_24.mp4	70.0	304.91963549999997	n/a	n/a	299.9458245	2	n/a	n/a	n/a	n/a	n/a	n/a	n/a	n/a	n/a	n/a	n/a	n/a	intervals/encoding_table	20	300.919635	308.883891
300.919635	0.000000	60184	ttl	1	70	n/a	n/a	n/a	n/a	n/a	n/a	n/a	n/a	n/a	n/a	n/a	n/a	n/a	n/a	n/a	n/a	n/a	n/a	n/a	n/a	n/a	300.919635	n/a
308.883891	0.000000	61777	ttl	2	70	n/a	n/a	n/a	n/a	n/a	n/a	n/a	n/a	n/a	n/a	n/a	n/a	n/a	n/a	n/a	n/a	n/a	n/a	n/a	n/a	n/a	308.883891	n/a
308.902712	0.000000	61781	ttl	11	70	n/a	n/a	n/a	n/a	n/a	n/a	n/a	n/a	n/a	n/a	n/a	n/a	n/a	n/a	n/a	n/a	n/a	n/a	n/a	n/a	n/a	308.902712	n/a
309.818765	8.034107	61964	encoding	n/a	n/a	NB_12.mp4	70.0	313.818765	n/a	n/a	308.902712	0	n/a	n/a	n/a	n/a	n/a	n/a	n/a	n/a	n/a	n/a	n/a	n/a	intervals/encoding_table	21	309.818765	317.852871
309.818765	0.000000	61964	ttl	1	70	n/a	n/a	n/a	n/a	n/a	n/a	n/a	n/a	n/a	n/a	n/a	n/a	n/a	n/a	n/a	n/a	n/a	n/a	n/a	n/a	n/a	309.818765	n/a
317.852871	0.000000	63571	ttl	2	70	n/a	n/a	n/a	n/a	n/a	n/a	n/a	n/a	n/a	n/a	n/a	n/a	n/a	n/a	n/a	n/a	n/a	n/a	n/a	n/a	n/a	317.852871	n/a
317.871816	0.000000	63574	ttl	11	70	n/a	n/a	n/a	n/a	n/a	n/a	n/a	n/a	n/a	n/a	n/a	n/a	n/a	n/a	n/a	n/a	n/a	n/a	n/a	n/a	n/a	317.871816	n/a
318.819077	8.099931	63764	encoding	n/a	n/a	NB_17.mp4	70.0	322.81907724999996	n/a	n/a	317.87181575	0	n/a	n/a	n/a	n/a	n/a	n/a	n/a	n/a	n/a	n/a	n/a	n/a	intervals/encoding_table	22	318.819077	326.919008
318.819077	0.000000	63764	ttl	1	70	n/a	n/a	n/a	n/a	n/a	n/a	n/a	n/a	n/a	n/a	n/a	n/a	n/a	n/a	n/a	n/a	n/a	n/a	n/a	n/a	n/a	318.819077	n/a
326.919008	0.000000	65384	ttl	2	70	n/a	n/a	n/a	n/a	n/a	n/a	n/a	n/a	n/a	n/a	n/a	n/a	n/a	n/a	n/a	n/a	n/a	n/a	n/a	n/a	n/a	326.919008	n/a
336.852135	0.000000	67370	ttl	11	70	n/a	n/a	n/a	n/a	n/a	n/a	n/a	n/a	n/a	n/a	n/a	n/a	n/a	n/a	n/a	n/a	n/a	n/a	n/a	n/a	n/a	336.852135	n/a
337.951003	8.163070	67590	encoding	n/a	n/a	NB_7.mp4	70.0	341.95100325	n/a	n/a	336.85213525	0	n/a	n/a	n/a	n/a	n/a	n/a	n/a	n/a	n/a	n/a	n/a	n/a	intervals/encoding_table	23	337.951003	346.114073
337.951003	0.000000	67590	ttl	1	70	n/a	n/a	n/a	n/a	n/a	n/a	n/a	n/a	n/a	n/a	n/a	n/a	n/a	n/a	n/a	n/a	n/a	n/a	n/a	n/a	n/a	337.951003	n/a
346.114073	0.000000	69223	ttl	2	70	n/a	n/a	n/a	n/a	n/a	n/a	n/a	n/a	n/a	n/a	n/a	n/a	n/a	n/a	n/a	n/a	n/a	n/a	n/a	n/a	n/a	346.114073	n/a
346.133240	0.000000	69227	ttl	11	70	n/a	n/a	n/a	n/a	n/a	n/a	n/a	n/a	n/a	n/a	n/a	n/a	n/a	n/a	n/a	n/a	n/a	n/a	n/a	n/a	n/a	346.133240	n/a
347.215101	7.983272	69443	encoding	n/a	n/a	NB_11.mp4	70.0	351.215101	n/a	n/a	346.13324025	0	n/a	n/a	n/a	n/a	n/a	n/a	n/a	n/a	n/a	n/a	n/a	n/a	intervals/encoding_table	24	347.215101	355.198373
347.215101	0.000000	69443	ttl	1	70	n/a	n/a	n/a	n/a	n/a	n/a	n/a	n/a	n/a	n/a	n/a	n/a	n/a	n/a	n/a	n/a	n/a	n/a	n/a	n/a	n/a	347.215101	n/a
355.198373	0.000000	71040	ttl	2	70	n/a	n/a	n/a	n/a	n/a	n/a	n/a	n/a	n/a	n/a	n/a	n/a	n/a	n/a	n/a	n/a	n/a	n/a	n/a	n/a	n/a	355.198373	n/a
355.217622	0.000000	71044	ttl	11	70	n/a	n/a	n/a	n/a	n/a	n/a	n/a	n/a	n/a	n/a	n/a	n/a	n/a	n/a	n/a	n/a	n/a	n/a	n/a	n/a	n/a	355.217622	n/a
356.275779	7.832155	71255	encoding	n/a	n/a	HB_29.mp4	70.0	360.27577875	n/a	n/a	355.2176215	2	n/a	n/a	n/a	n/a	n/a	n/a	n/a	n/a	n/a	n/a	n/a	n/a	intervals/encoding_table	25	356.275779	364.107934
356.275779	0.000000	71255	ttl	1	70	n/a	n/a	n/a	n/a	n/a	n/a	n/a	n/a	n/a	n/a	n/a	n/a	n/a	n/a	n/a	n/a	n/a	n/a	n/a	n/a	n/a	356.275779	n/a
364.107934	0.000000	72822	ttl	2	70	n/a	n/a	n/a	n/a	n/a	n/a	n/a	n/a	n/a	n/a	n/a	n/a	n/a	n/a	n/a	n/a	n/a	n/a	n/a	n/a	n/a	364.107934	n/a
364.126853	0.000000	72825	ttl	11	70	n/a	n/a	n/a	n/a	n/a	n/a	n/a	n/a	n/a	n/a	n/a	n/a	n/a	n/a	n/a	n/a	n/a	n/a	n/a	n/a	n/a	364.126853	n/a
365.053882	7.166065	73011	encoding	n/a	n/a	NB_20.mp4	70.0	369.0538825	n/a	n/a	364.12685325	0	n/a	n/a	n/a	n/a	n/a	n/a	n/a	n/a	n/a	n/a	n/a	n/a	intervals/encoding_table	26	365.053882	372.219948
365.053882	0.000000	73011	ttl	1	70	n/a	n/a	n/a	n/a	n/a	n/a	n/a	n/a	n/a	n/a	n/a	n/a	n/a	n/a	n/a	n/a	n/a	n/a	n/a	n/a	n/a	365.053882	n/a
372.219948	0.000000	74444	ttl	2	70	n/a	n/a	n/a	n/a	n/a	n/a	n/a	n/a	n/a	n/a	n/a	n/a	n/a	n/a	n/a	n/a	n/a	n/a	n/a	n/a	n/a	372.219948	n/a
372.238875	0.000000	74448	ttl	11	70	n/a	n/a	n/a	n/a	n/a	n/a	n/a	n/a	n/a	n/a	n/a	n/a	n/a	n/a	n/a	n/a	n/a	n/a	n/a	n/a	n/a	372.238875	n/a
373.248943	7.796445	74650	encoding	n/a	n/a	HB_6.mp4	70.0	377.24894274999997	375.494853	379.52858849999996	372.23887475	2	n/a	n/a	n/a	n/a	n/a	n/a	n/a	n/a	n/a	n/a	n/a	n/a	intervals/encoding_table	27	373.248943	381.045388
373.248943	0.000000	74650	ttl	1	70	n/a	n/a	n/a	n/a	n/a	n/a	n/a	n/a	n/a	n/a	n/a	n/a	n/a	n/a	n/a	n/a	n/a	n/a	n/a	n/a	n/a	373.248943	n/a
381.045388	0.000000	76209	ttl	2	70	n/a	n/a	n/a	n/a	n/a	n/a	n/a	n/a	n/a	n/a	n/a	n/a	n/a	n/a	n/a	n/a	n/a	n/a	n/a	n/a	n/a	381.045388	n/a
381.064314	0.000000	76213	ttl	11	70	n/a	n/a	n/a	n/a	n/a	n/a	n/a	n/a	n/a	n/a	n/a	n/a	n/a	n/a	n/a	n/a	n/a	n/a	n/a	n/a	n/a	381.064314	n/a
381.975082	8.031005	76395	encoding	n/a	n/a	HB_21.mp4	70.0	385.975082	n/a	n/a	381.06431425	2	n/a	n/a	n/a	n/a	n/a	n/a	n/a	n/a	n/a	n/a	n/a	n/a	intervals/encoding_table	28	381.975082	390.006087
381.975082	0.000000	76395	ttl	1	70	n/a	n/a	n/a	n/a	n/a	n/a	n/a	n/a	n/a	n/a	n/a	n/a	n/a	n/a	n/a	n/a	n/a	n/a	n/a	n/a	n/a	381.975082	n/a
390.006087	0.000000	78001	ttl	2	70	n/a	n/a	n/a	n/a	n/a	n/a	n/a	n/a	n/a	n/a	n/a	n/a	n/a	n/a	n/a	n/a	n/a	n/a	n/a	n/a	n/a	390.006087	n/a
413.146356	0.000000	82629	ttl	11	70	n/a	n/a	n/a	n/a	n/a	n/a	n/a	n/a	n/a	n/a	n/a	n/a	n/a	n/a	n/a	n/a	n/a	n/a	n/a	n/a	n/a	413.146356	n/a
414.181667	7.947296	82836	encoding	n/a	n/a	HB_2.mp4	70.0	418.181667	416.54107224999996	n/a	413.14635625	2	n/a	n/a	n/a	n/a	n/a	n/a	n/a	n/a	n/a	n/a	n/a	n/a	intervals/encoding_table	29	414.181667	422.128963
414.181667	0.000000	82836	ttl	1	70	n/a	n/a	n/a	n/a	n/a	n/a	n/a	n/a	n/a	n/a	n/a	n/a	n/a	n/a	n/a	n/a	n/a	n/a	n/a	n/a	n/a	414.181667	n/a
422.128963	0.000000	84426	ttl	2	70	n/a	n/a	n/a	n/a	n/a	n/a	n/a	n/a	n/a	n/a	n/a	n/a	n/a	n/a	n/a	n/a	n/a	n/a	n/a	n/a	n/a	422.128963	n/a
422.147956	0.000000	84430	ttl	11	70	n/a	n/a	n/a	n/a	n/a	n/a	n/a	n/a	n/a	n/a	n/a	n/a	n/a	n/a	n/a	n/a	n/a	n/a	n/a	n/a	n/a	422.147956	n/a
423.212412	7.966349	84642	encoding	n/a	n/a	NB_27.mp4	70.0	427.21241249999997	n/a	n/a	422.14795625	0	n/a	n/a	n/a	n/a	n/a	n/a	n/a	n/a	n/a	n/a	n/a	n/a	intervals/encoding_table	30	423.212412	431.178762
423.212412	0.000000	84642	ttl	1	70	n/a	n/a	n/a	n/a	n/a	n/a	n/a	n/a	n/a	n/a	n/a	n/a	n/a	n/a	n/a	n/a	n/a	n/a	n/a	n/a	n/a	423.212412	n/a
431.178762	0.000000	86236	ttl	2	70	n/a	n/a	n/a	n/a	n/a	n/a	n/a	n/a	n/a	n/a	n/a	n/a	n/a	n/a	n/a	n/a	n/a	n/a	n/a	n/a	n/a	431.178762	n/a
431.197697	0.000000	86240	ttl	11	70	n/a	n/a	n/a	n/a	n/a	n/a	n/a	n/a	n/a	n/a	n/a	n/a	n/a	n/a	n/a	n/a	n/a	n/a	n/a	n/a	n/a	431.197697	n/a
432.279977	7.965894	86456	encoding	n/a	n/a	SB_27.mp4	70.0	433.82222049999996	435.39455799999996	436.84014425	431.197697	1	n/a	n/a	n/a	n/a	n/a	n/a	n/a	n/a	n/a	n/a	n/a	n/a	intervals/encoding_table	31	432.279977	440.245872
432.279977	0.000000	86456	ttl	1	70	n/a	n/a	n/a	n/a	n/a	n/a	n/a	n/a	n/a	n/a	n/a	n/a	n/a	n/a	n/a	n/a	n/a	n/a	n/a	n/a	n/a	432.279977	n/a
440.245872	0.000000	88049	ttl	2	70	n/a	n/a	n/a	n/a	n/a	n/a	n/a	n/a	n/a	n/a	n/a	n/a	n/a	n/a	n/a	n/a	n/a	n/a	n/a	n/a	n/a	440.245872	n/a
440.264698	0.000000	88053	ttl	11	70	n/a	n/a	n/a	n/a	n/a	n/a	n/a	n/a	n/a	n/a	n/a	n/a	n/a	n/a	n/a	n/a	n/a	n/a	n/a	n/a	n/a	440.264698	n/a
441.194139	9.165865	88239	encoding	n/a	n/a	SB_22.mp4	70.0	442.2655625	443.32922824999997	n/a	440.26469825	1	n/a	n/a	n/a	n/a	n/a	n/a	n/a	n/a	n/a	n/a	n/a	n/a	intervals/encoding_table	32	441.194139	450.360004
441.194139	0.000000	88239	ttl	1	70	n/a	n/a	n/a	n/a	n/a	n/a	n/a	n/a	n/a	n/a	n/a	n/a	n/a	n/a	n/a	n/a	n/a	n/a	n/a	n/a	n/a	441.194139	n/a
450.360004	0.000000	90072	ttl	2	70	n/a	n/a	n/a	n/a	n/a	n/a	n/a	n/a	n/a	n/a	n/a	n/a	n/a	n/a	n/a	n/a	n/a	n/a	n/a	n/a	n/a	450.360004	n/a
450.378749	0.000000	90076	ttl	11	70	n/a	n/a	n/a	n/a	n/a	n/a	n/a	n/a	n/a	n/a	n/a	n/a	n/a	n/a	n/a	n/a	n/a	n/a	n/a	n/a	n/a	450.378749	n/a
451.339721	7.980225	90268	encoding	n/a	n/a	HB_5.mp4	70.0	455.3397215	457.39922025	n/a	450.37874899999997	2	n/a	n/a	n/a	n/a	n/a	n/a	n/a	n/a	n/a	n/a	n/a	n/a	intervals/encoding_table	33	451.339721	459.319946
451.339721	0.000000	90268	ttl	1	70	n/a	n/a	n/a	n/a	n/a	n/a	n/a	n/a	n/a	n/a	n/a	n/a	n/a	n/a	n/a	n/a	n/a	n/a	n/a	n/a	n/a	451.339721	n/a
459.319946	0.000000	91864	ttl	2	70	n/a	n/a	n/a	n/a	n/a	n/a	n/a	n/a	n/a	n/a	n/a	n/a	n/a	n/a	n/a	n/a	n/a	n/a	n/a	n/a	n/a	459.319946	n/a
459.338817	0.000000	91868	ttl	11	70	n/a	n/a	n/a	n/a	n/a	n/a	n/a	n/a	n/a	n/a	n/a	n/a	n/a	n/a	n/a	n/a	n/a	n/a	n/a	n/a	n/a	459.338817	n/a
460.394791	7.298875	92079	encoding	n/a	n/a	SB_8.mp4	70.0	464.12919899999997	n/a	n/a	459.338817	1	n/a	n/a	n/a	n/a	n/a	n/a	n/a	n/a	n/a	n/a	n/a	n/a	intervals/encoding_table	34	460.394791	467.693667
460.394791	0.000000	92079	ttl	1	70	n/a	n/a	n/a	n/a	n/a	n/a	n/a	n/a	n/a	n/a	n/a	n/a	n/a	n/a	n/a	n/a	n/a	n/a	n/a	n/a	n/a	460.394791	n/a
467.693667	0.000000	93539	ttl	2	70	n/a	n/a	n/a	n/a	n/a	n/a	n/a	n/a	n/a	n/a	n/a	n/a	n/a	n/a	n/a	n/a	n/a	n/a	n/a	n/a	n/a	467.693667	n/a
474.836631	0.000000	94967	ttl	11	70	n/a	n/a	n/a	n/a	n/a	n/a	n/a	n/a	n/a	n/a	n/a	n/a	n/a	n/a	n/a	n/a	n/a	n/a	n/a	n/a	n/a	474.836631	n/a
475.834077	7.931666	95167	encoding	n/a	n/a	HB_23.mp4	70.0	479.834077	n/a	n/a	474.83663125	2	n/a	n/a	n/a	n/a	n/a	n/a	n/a	n/a	n/a	n/a	n/a	n/a	intervals/encoding_table	35	475.834077	483.765743
475.834077	0.000000	95167	ttl	1	70	n/a	n/a	n/a	n/a	n/a	n/a	n/a	n/a	n/a	n/a	n/a	n/a	n/a	n/a	n/a	n/a	n/a	n/a	n/a	n/a	n/a	475.834077	n/a
483.765743	0.000000	96753	ttl	2	70	n/a	n/a	n/a	n/a	n/a	n/a	n/a	n/a	n/a	n/a	n/a	n/a	n/a	n/a	n/a	n/a	n/a	n/a	n/a	n/a	n/a	483.765743	n/a
483.784658	0.000000	96757	ttl	11	70	n/a	n/a	n/a	n/a	n/a	n/a	n/a	n/a	n/a	n/a	n/a	n/a	n/a	n/a	n/a	n/a	n/a	n/a	n/a	n/a	n/a	483.784658	n/a
484.794493	7.929911	96959	encoding	n/a	n/a	NB_3.mp4	70.0	488.794493	n/a	n/a	483.78465824999995	0	n/a	n/a	n/a	n/a	n/a	n/a	n/a	n/a	n/a	n/a	n/a	n/a	intervals/encoding_table	36	484.794493	492.724403
484.794493	0.000000	96959	ttl	1	70	n/a	n/a	n/a	n/a	n/a	n/a	n/a	n/a	n/a	n/a	n/a	n/a	n/a	n/a	n/a	n/a	n/a	n/a	n/a	n/a	n/a	484.794493	n/a
492.724403	0.000000	98545	ttl	2	70	n/a	n/a	n/a	n/a	n/a	n/a	n/a	n/a	n/a	n/a	n/a	n/a	n/a	n/a	n/a	n/a	n/a	n/a	n/a	n/a	n/a	492.724403	n/a
492.743351	0.000000	98549	ttl	11	70	n/a	n/a	n/a	n/a	n/a	n/a	n/a	n/a	n/a	n/a	n/a	n/a	n/a	n/a	n/a	n/a	n/a	n/a	n/a	n/a	n/a	492.743351	n/a
493.818994	7.933830	98764	encoding	n/a	n/a	SB_1.mp4	70.0	498.892613	n/a	n/a	492.74335125	1	n/a	n/a	n/a	n/a	n/a	n/a	n/a	n/a	n/a	n/a	n/a	n/a	intervals/encoding_table	37	493.818994	501.752824
493.818994	0.000000	98764	ttl	1	70	n/a	n/a	n/a	n/a	n/a	n/a	n/a	n/a	n/a	n/a	n/a	n/a	n/a	n/a	n/a	n/a	n/a	n/a	n/a	n/a	n/a	493.818994	n/a
501.752824	0.000000	100351	ttl	2	70	n/a	n/a	n/a	n/a	n/a	n/a	n/a	n/a	n/a	n/a	n/a	n/a	n/a	n/a	n/a	n/a	n/a	n/a	n/a	n/a	n/a	501.752824	n/a
501.772196	0.000000	100354	ttl	11	70	n/a	n/a	n/a	n/a	n/a	n/a	n/a	n/a	n/a	n/a	n/a	n/a	n/a	n/a	n/a	n/a	n/a	n/a	n/a	n/a	n/a	501.772196	n/a
502.869854	7.932586	100574	encoding	n/a	n/a	SB_9.mp4	70.0	508.65738825	n/a	n/a	501.77219575	1	n/a	n/a	n/a	n/a	n/a	n/a	n/a	n/a	n/a	n/a	n/a	n/a	intervals/encoding_table	38	502.869854	510.802440
502.869854	0.000000	100574	ttl	1	70	n/a	n/a	n/a	n/a	n/a	n/a	n/a	n/a	n/a	n/a	n/a	n/a	n/a	n/a	n/a	n/a	n/a	n/a	n/a	n/a	n/a	502.869854	n/a
510.802440	0.000000	102160	ttl	2	70	n/a	n/a	n/a	n/a	n/a	n/a	n/a	n/a	n/a	n/a	n/a	n/a	n/a	n/a	n/a	n/a	n/a	n/a	n/a	n/a	n/a	510.802440	n/a
510.821265	0.000000	102164	ttl	11	70	n/a	n/a	n/a	n/a	n/a	n/a	n/a	n/a	n/a	n/a	n/a	n/a	n/a	n/a	n/a	n/a	n/a	n/a	n/a	n/a	n/a	510.821265	n/a
511.725095	8.232361	102345	encoding	n/a	n/a	SB_29.mp4	70.0	513.650428	515.843228	517.55259275	510.82126474999995	1	n/a	n/a	n/a	n/a	n/a	n/a	n/a	n/a	n/a	n/a	n/a	n/a	intervals/encoding_table	39	511.725095	519.957456
511.725095	0.000000	102345	ttl	1	70	n/a	n/a	n/a	n/a	n/a	n/a	n/a	n/a	n/a	n/a	n/a	n/a	n/a	n/a	n/a	n/a	n/a	n/a	n/a	n/a	n/a	511.725095	n/a
519.957456	0.000000	103991	ttl	2	70	n/a	n/a	n/a	n/a	n/a	n/a	n/a	n/a	n/a	n/a	n/a	n/a	n/a	n/a	n/a	n/a	n/a	n/a	n/a	n/a	n/a	519.957456	n/a
519.976550	0.000000	103995	ttl	11	70	n/a	n/a	n/a	n/a	n/a	n/a	n/a	n/a	n/a	n/a	n/a	n/a	n/a	n/a	n/a	n/a	n/a	n/a	n/a	n/a	n/a	519.976550	n/a
520.946815	8.064111	104189	encoding	n/a	n/a	SB_15.mp4	70.0	525.948217	n/a	n/a	519.97655	1	n/a	n/a	n/a	n/a	n/a	n/a	n/a	n/a	n/a	n/a	n/a	n/a	intervals/encoding_table	40	520.946815	529.010926
520.946815	0.000000	104189	ttl	1	70	n/a	n/a	n/a	n/a	n/a	n/a	n/a	n/a	n/a	n/a	n/a	n/a	n/a	n/a	n/a	n/a	n/a	n/a	n/a	n/a	n/a	520.946815	n/a
529.010926	0.000000	105802	ttl	2	70	n/a	n/a	n/a	n/a	n/a	n/a	n/a	n/a	n/a	n/a	n/a	n/a	n/a	n/a	n/a	n/a	n/a	n/a	n/a	n/a	n/a	529.010926	n/a
529.029837	0.000000	105806	ttl	11	70	n/a	n/a	n/a	n/a	n/a	n/a	n/a	n/a	n/a	n/a	n/a	n/a	n/a	n/a	n/a	n/a	n/a	n/a	n/a	n/a	n/a	529.029837	n/a
530.036767	7.596189	106007	encoding	n/a	n/a	SB_28.mp4	70.0	531.012416	533.16069125	534.80700425	529.02983725	1	n/a	n/a	n/a	n/a	n/a	n/a	n/a	n/a	n/a	n/a	n/a	n/a	intervals/encoding_table	41	530.036767	537.632956
530.036767	0.000000	106007	ttl	1	70	n/a	n/a	n/a	n/a	n/a	n/a	n/a	n/a	n/a	n/a	n/a	n/a	n/a	n/a	n/a	n/a	n/a	n/a	n/a	n/a	n/a	530.036767	n/a
537.632956	0.000000	107527	ttl	2	70	n/a	n/a	n/a	n/a	n/a	n/a	n/a	n/a	n/a	n/a	n/a	n/a	n/a	n/a	n/a	n/a	n/a	n/a	n/a	n/a	n/a	537.632956	n/a
540.560613	0.000000	108112	ttl	11	70	n/a	n/a	n/a	n/a	n/a	n/a	n/a	n/a	n/a	n/a	n/a	n/a	n/a	n/a	n/a	n/a	n/a	n/a	n/a	n/a	n/a	540.560613	n/a
541.610177	7.299609	108322	encoding	n/a	n/a	NB_28.mp4	70.0	545.61017725	n/a	n/a	540.5606134999999	0	n/a	n/a	n/a	n/a	n/a	n/a	n/a	n/a	n/a	n/a	n/a	n/a	intervals/encoding_table	42	541.610177	548.909786
541.610177	0.000000	108322	ttl	1	70	n/a	n/a	n/a	n/a	n/a	n/a	n/a	n/a	n/a	n/a	n/a	n/a	n/a	n/a	n/a	n/a	n/a	n/a	n/a	n/a	n/a	541.610177	n/a
548.909786	0.000000	109782	ttl	2	70	n/a	n/a	n/a	n/a	n/a	n/a	n/a	n/a	n/a	n/a	n/a	n/a	n/a	n/a	n/a	n/a	n/a	n/a	n/a	n/a	n/a	548.909786	n/a
548.928819	0.000000	109786	ttl	11	70	n/a	n/a	n/a	n/a	n/a	n/a	n/a	n/a	n/a	n/a	n/a	n/a	n/a	n/a	n/a	n/a	n/a	n/a	n/a	n/a	n/a	548.928819	n/a
550.022822	7.895964	110005	encoding	n/a	n/a	HB_30.mp4	70.0	554.0228217499999	n/a	n/a	548.92881925	2	n/a	n/a	n/a	n/a	n/a	n/a	n/a	n/a	n/a	n/a	n/a	n/a	intervals/encoding_table	43	550.022822	557.918786
550.022822	0.000000	110005	ttl	1	70	n/a	n/a	n/a	n/a	n/a	n/a	n/a	n/a	n/a	n/a	n/a	n/a	n/a	n/a	n/a	n/a	n/a	n/a	n/a	n/a	n/a	550.022822	n/a
557.918786	0.000000	111584	ttl	2	70	n/a	n/a	n/a	n/a	n/a	n/a	n/a	n/a	n/a	n/a	n/a	n/a	n/a	n/a	n/a	n/a	n/a	n/a	n/a	n/a	n/a	557.918786	n/a
557.937766	0.000000	111588	ttl	11	70	n/a	n/a	n/a	n/a	n/a	n/a	n/a	n/a	n/a	n/a	n/a	n/a	n/a	n/a	n/a	n/a	n/a	n/a	n/a	n/a	n/a	557.937766	n/a
558.976794	8.030660	111795	encoding	n/a	n/a	HB_8.mp4	70.0	562.97679425	560.8277585	564.8461065	557.9377657499999	2	n/a	n/a	n/a	n/a	n/a	n/a	n/a	n/a	n/a	n/a	n/a	n/a	intervals/encoding_table	44	558.976794	567.007454
558.976794	0.000000	111795	ttl	1	70	n/a	n/a	n/a	n/a	n/a	n/a	n/a	n/a	n/a	n/a	n/a	n/a	n/a	n/a	n/a	n/a	n/a	n/a	n/a	n/a	n/a	558.976794	n/a
567.007454	0.000000	113401	ttl	2	70	n/a	n/a	n/a	n/a	n/a	n/a	n/a	n/a	n/a	n/a	n/a	n/a	n/a	n/a	n/a	n/a	n/a	n/a	n/a	n/a	n/a	567.007454	n/a
567.026585	0.000000	113405	ttl	11	70	n/a	n/a	n/a	n/a	n/a	n/a	n/a	n/a	n/a	n/a	n/a	n/a	n/a	n/a	n/a	n/a	n/a	n/a	n/a	n/a	n/a	567.026585	n/a
567.981238	8.033365	113596	encoding	n/a	n/a	HB_14.mp4	70.0	571.981238	570.72892975	573.9030005	567.0265845	2	n/a	n/a	n/a	n/a	n/a	n/a	n/a	n/a	n/a	n/a	n/a	n/a	intervals/encoding_table	45	567.981238	576.014603
567.981238	0.000000	113596	ttl	1	70	n/a	n/a	n/a	n/a	n/a	n/a	n/a	n/a	n/a	n/a	n/a	n/a	n/a	n/a	n/a	n/a	n/a	n/a	n/a	n/a	n/a	567.981238	n/a
576.014603	0.000000	115203	ttl	2	70	n/a	n/a	n/a	n/a	n/a	n/a	n/a	n/a	n/a	n/a	n/a	n/a	n/a	n/a	n/a	n/a	n/a	n/a	n/a	n/a	n/a	576.014603	n/a
576.033469	0.000000	115207	ttl	11	70	n/a	n/a	n/a	n/a	n/a	n/a	n/a	n/a	n/a	n/a	n/a	n/a	n/a	n/a	n/a	n/a	n/a	n/a	n/a	n/a	n/a	576.033469	n/a
577.123696	8.667447	115425	encoding	n/a	n/a	NB_6.mp4	70.0	581.1236964999999	n/a	n/a	576.033469	0	n/a	n/a	n/a	n/a	n/a	n/a	n/a	n/a	n/a	n/a	n/a	n/a	intervals/encoding_table	46	577.123696	585.791143
577.123696	0.000000	115425	ttl	1	70	n/a	n/a	n/a	n/a	n/a	n/a	n/a	n/a	n/a	n/a	n/a	n/a	n/a	n/a	n/a	n/a	n/a	n/a	n/a	n/a	n/a	577.123696	n/a
585.791143	0.000000	117158	ttl	2	70	n/a	n/a	n/a	n/a	n/a	n/a	n/a	n/a	n/a	n/a	n/a	n/a	n/a	n/a	n/a	n/a	n/a	n/a	n/a	n/a	n/a	585.791143	n/a
591.528811	0.000000	118306	ttl	11	70	n/a	n/a	n/a	n/a	n/a	n/a	n/a	n/a	n/a	n/a	n/a	n/a	n/a	n/a	n/a	n/a	n/a	n/a	n/a	n/a	n/a	591.528811	n/a
592.610345	8.031820	118522	encoding	n/a	n/a	HB_11.mp4	70.0	596.61034525	595.488513	598.830704	591.528811	2	n/a	n/a	n/a	n/a	n/a	n/a	n/a	n/a	n/a	n/a	n/a	n/a	intervals/encoding_table	47	592.610345	600.642165
592.610345	0.000000	118522	ttl	1	70	n/a	n/a	n/a	n/a	n/a	n/a	n/a	n/a	n/a	n/a	n/a	n/a	n/a	n/a	n/a	n/a	n/a	n/a	n/a	n/a	n/a	592.610345	n/a
600.642165	0.000000	120128	ttl	2	70	n/a	n/a	n/a	n/a	n/a	n/a	n/a	n/a	n/a	n/a	n/a	n/a	n/a	n/a	n/a	n/a	n/a	n/a	n/a	n/a	n/a	600.642165	n/a
600.661500	0.000000	120132	ttl	11	70	n/a	n/a	n/a	n/a	n/a	n/a	n/a	n/a	n/a	n/a	n/a	n/a	n/a	n/a	n/a	n/a	n/a	n/a	n/a	n/a	n/a	600.661500	n/a
601.652985	8.097790	120331	encoding	n/a	n/a	SB_10.mp4	70.0	607.47742775	n/a	n/a	600.6614999999999	1	n/a	n/a	n/a	n/a	n/a	n/a	n/a	n/a	n/a	n/a	n/a	n/a	intervals/encoding_table	48	601.652985	609.750775
601.652985	0.000000	120331	ttl	1	70	n/a	n/a	n/a	n/a	n/a	n/a	n/a	n/a	n/a	n/a	n/a	n/a	n/a	n/a	n/a	n/a	n/a	n/a	n/a	n/a	n/a	601.652985	n/a
609.750775	0.000000	121950	ttl	2	70	n/a	n/a	n/a	n/a	n/a	n/a	n/a	n/a	n/a	n/a	n/a	n/a	n/a	n/a	n/a	n/a	n/a	n/a	n/a	n/a	n/a	609.750775	n/a
609.769685	0.000000	121954	ttl	11	70	n/a	n/a	n/a	n/a	n/a	n/a	n/a	n/a	n/a	n/a	n/a	n/a	n/a	n/a	n/a	n/a	n/a	n/a	n/a	n/a	n/a	609.769685	n/a
610.816319	7.998744	122163	encoding	n/a	n/a	NB_9.mp4	70.0	614.8163195	n/a	n/a	609.76968525	0	n/a	n/a	n/a	n/a	n/a	n/a	n/a	n/a	n/a	n/a	n/a	n/a	intervals/encoding_table	49	610.816319	618.815063
610.816319	0.000000	122163	ttl	1	70	n/a	n/a	n/a	n/a	n/a	n/a	n/a	n/a	n/a	n/a	n/a	n/a	n/a	n/a	n/a	n/a	n/a	n/a	n/a	n/a	n/a	610.816319	n/a
618.815063	0.000000	123763	ttl	2	70	n/a	n/a	n/a	n/a	n/a	n/a	n/a	n/a	n/a	n/a	n/a	n/a	n/a	n/a	n/a	n/a	n/a	n/a	n/a	n/a	n/a	618.815063	n/a
618.833973	0.000000	123767	ttl	11	70	n/a	n/a	n/a	n/a	n/a	n/a	n/a	n/a	n/a	n/a	n/a	n/a	n/a	n/a	n/a	n/a	n/a	n/a	n/a	n/a	n/a	618.833973	n/a
619.845621	8.930501	123969	encoding	n/a	n/a	SB_18.mp4	70.0	622.6770917499999	624.46154575	n/a	618.8339727499999	1	n/a	n/a	n/a	n/a	n/a	n/a	n/a	n/a	n/a	n/a	n/a	n/a	intervals/encoding_table	50	619.845621	628.776122
619.845621	0.000000	123969	ttl	1	70	n/a	n/a	n/a	n/a	n/a	n/a	n/a	n/a	n/a	n/a	n/a	n/a	n/a	n/a	n/a	n/a	n/a	n/a	n/a	n/a	n/a	619.845621	n/a
628.776122	0.000000	125755	ttl	2	70	n/a	n/a	n/a	n/a	n/a	n/a	n/a	n/a	n/a	n/a	n/a	n/a	n/a	n/a	n/a	n/a	n/a	n/a	n/a	n/a	n/a	628.776122	n/a
628.795279	0.000000	125759	ttl	11	70	n/a	n/a	n/a	n/a	n/a	n/a	n/a	n/a	n/a	n/a	n/a	n/a	n/a	n/a	n/a	n/a	n/a	n/a	n/a	n/a	n/a	628.795279	n/a
629.894059	8.433393	125979	encoding	n/a	n/a	SB_25.mp4	70.0	632.2515287499999	633.44579225	n/a	628.7952795	1	n/a	n/a	n/a	n/a	n/a	n/a	n/a	n/a	n/a	n/a	n/a	n/a	intervals/encoding_table	51	629.894059	638.327452
629.894059	0.000000	125979	ttl	1	70	n/a	n/a	n/a	n/a	n/a	n/a	n/a	n/a	n/a	n/a	n/a	n/a	n/a	n/a	n/a	n/a	n/a	n/a	n/a	n/a	n/a	629.894059	n/a
638.327452	0.000000	127665	ttl	2	70	n/a	n/a	n/a	n/a	n/a	n/a	n/a	n/a	n/a	n/a	n/a	n/a	n/a	n/a	n/a	n/a	n/a	n/a	n/a	n/a	n/a	638.327452	n/a
638.346378	0.000000	127669	ttl	11	70	n/a	n/a	n/a	n/a	n/a	n/a	n/a	n/a	n/a	n/a	n/a	n/a	n/a	n/a	n/a	n/a	n/a	n/a	n/a	n/a	n/a	638.346378	n/a
639.324238	8.664400	127865	encoding	n/a	n/a	SB_20.mp4	70.0	642.2432225	643.585596	n/a	638.34637775	1	n/a	n/a	n/a	n/a	n/a	n/a	n/a	n/a	n/a	n/a	n/a	n/a	intervals/encoding_table	52	639.324238	647.988637
639.324238	0.000000	127865	ttl	1	70	n/a	n/a	n/a	n/a	n/a	n/a	n/a	n/a	n/a	n/a	n/a	n/a	n/a	n/a	n/a	n/a	n/a	n/a	n/a	n/a	n/a	639.324238	n/a
647.988637	0.000000	129598	ttl	2	70	n/a	n/a	n/a	n/a	n/a	n/a	n/a	n/a	n/a	n/a	n/a	n/a	n/a	n/a	n/a	n/a	n/a	n/a	n/a	n/a	n/a	647.988637	n/a
648.007577	0.000000	129602	ttl	11	70	n/a	n/a	n/a	n/a	n/a	n/a	n/a	n/a	n/a	n/a	n/a	n/a	n/a	n/a	n/a	n/a	n/a	n/a	n/a	n/a	n/a	648.007577	n/a
649.083913	8.366701	129817	encoding	n/a	n/a	NB_29.mp4	70.0	653.08391325	n/a	n/a	648.0075765	0	n/a	n/a	n/a	n/a	n/a	n/a	n/a	n/a	n/a	n/a	n/a	n/a	intervals/encoding_table	53	649.083913	657.450614
649.083913	0.000000	129817	ttl	1	70	n/a	n/a	n/a	n/a	n/a	n/a	n/a	n/a	n/a	n/a	n/a	n/a	n/a	n/a	n/a	n/a	n/a	n/a	n/a	n/a	n/a	649.083913	n/a
657.450614	0.000000	131490	ttl	2	70	n/a	n/a	n/a	n/a	n/a	n/a	n/a	n/a	n/a	n/a	n/a	n/a	n/a	n/a	n/a	n/a	n/a	n/a	n/a	n/a	n/a	657.450614	n/a
661.482771	0.000000	132297	ttl	11	70	n/a	n/a	n/a	n/a	n/a	n/a	n/a	n/a	n/a	n/a	n/a	n/a	n/a	n/a	n/a	n/a	n/a	n/a	n/a	n/a	n/a	661.482771	n/a
662.561425	8.229759	132512	encoding	n/a	n/a	NB_26.mp4	70.0	666.561425	n/a	n/a	661.4827712499999	0	n/a	n/a	n/a	n/a	n/a	n/a	n/a	n/a	n/a	n/a	n/a	n/a	intervals/encoding_table	54	662.561425	670.791183
662.561425	0.000000	132512	ttl	1	70	n/a	n/a	n/a	n/a	n/a	n/a	n/a	n/a	n/a	n/a	n/a	n/a	n/a	n/a	n/a	n/a	n/a	n/a	n/a	n/a	n/a	662.561425	n/a
670.791183	0.000000	134158	ttl	2	70	n/a	n/a	n/a	n/a	n/a	n/a	n/a	n/a	n/a	n/a	n/a	n/a	n/a	n/a	n/a	n/a	n/a	n/a	n/a	n/a	n/a	670.791183	n/a
670.810080	0.000000	134162	ttl	11	70	n/a	n/a	n/a	n/a	n/a	n/a	n/a	n/a	n/a	n/a	n/a	n/a	n/a	n/a	n/a	n/a	n/a	n/a	n/a	n/a	n/a	670.810080	n/a
671.787280	7.530962	134357	encoding	n/a	n/a	SB_3.mp4	70.0	673.42221375	n/a	n/a	670.81008	1	n/a	n/a	n/a	n/a	n/a	n/a	n/a	n/a	n/a	n/a	n/a	n/a	intervals/encoding_table	55	671.787280	679.318241
671.787280	0.000000	134357	ttl	1	70	n/a	n/a	n/a	n/a	n/a	n/a	n/a	n/a	n/a	n/a	n/a	n/a	n/a	n/a	n/a	n/a	n/a	n/a	n/a	n/a	n/a	671.787280	n/a
679.318241	0.000000	135864	ttl	2	70	n/a	n/a	n/a	n/a	n/a	n/a	n/a	n/a	n/a	n/a	n/a	n/a	n/a	n/a	n/a	n/a	n/a	n/a	n/a	n/a	n/a	679.318241	n/a
679.337411	0.000000	135867	ttl	11	70	n/a	n/a	n/a	n/a	n/a	n/a	n/a	n/a	n/a	n/a	n/a	n/a	n/a	n/a	n/a	n/a	n/a	n/a	n/a	n/a	n/a	679.337411	n/a
680.382921	7.996710	136077	encoding	n/a	n/a	NB_2.mp4	70.0	684.38292125	n/a	n/a	679.33741125	0	n/a	n/a	n/a	n/a	n/a	n/a	n/a	n/a	n/a	n/a	n/a	n/a	intervals/encoding_table	56	680.382921	688.379631
680.382921	0.000000	136077	ttl	1	70	n/a	n/a	n/a	n/a	n/a	n/a	n/a	n/a	n/a	n/a	n/a	n/a	n/a	n/a	n/a	n/a	n/a	n/a	n/a	n/a	n/a	680.382921	n/a
688.379631	0.000000	137676	ttl	2	70	n/a	n/a	n/a	n/a	n/a	n/a	n/a	n/a	n/a	n/a	n/a	n/a	n/a	n/a	n/a	n/a	n/a	n/a	n/a	n/a	n/a	688.379631	n/a
688.398530	0.000000	137680	ttl	11	70	n/a	n/a	n/a	n/a	n/a	n/a	n/a	n/a	n/a	n/a	n/a	n/a	n/a	n/a	n/a	n/a	n/a	n/a	n/a	n/a	n/a	688.398530	n/a
689.481061	8.066316	137896	encoding	n/a	n/a	HB_20.mp4	70.0	693.4810605	n/a	n/a	688.3985305	2	n/a	n/a	n/a	n/a	n/a	n/a	n/a	n/a	n/a	n/a	n/a	n/a	intervals/encoding_table	57	689.481061	697.547376
689.481061	0.000000	137896	ttl	1	70	n/a	n/a	n/a	n/a	n/a	n/a	n/a	n/a	n/a	n/a	n/a	n/a	n/a	n/a	n/a	n/a	n/a	n/a	n/a	n/a	n/a	689.481061	n/a
697.547376	0.000000	139509	ttl	2	70	n/a	n/a	n/a	n/a	n/a	n/a	n/a	n/a	n/a	n/a	n/a	n/a	n/a	n/a	n/a	n/a	n/a	n/a	n/a	n/a	n/a	697.547376	n/a
697.566500	0.000000	139513	ttl	11	70	n/a	n/a	n/a	n/a	n/a	n/a	n/a	n/a	n/a	n/a	n/a	n/a	n/a	n/a	n/a	n/a	n/a	n/a	n/a	n/a	n/a	697.566500	n/a
698.647326	8.104574	139729	encoding	n/a	n/a	SB_30.mp4	70.0	699.19899475	700.47930375	702.2339905	697.56650025	1	n/a	n/a	n/a	n/a	n/a	n/a	n/a	n/a	n/a	n/a	n/a	n/a	intervals/encoding_table	58	698.647326	706.751900
698.647326	0.000000	139729	ttl	1	70	n/a	n/a	n/a	n/a	n/a	n/a	n/a	n/a	n/a	n/a	n/a	n/a	n/a	n/a	n/a	n/a	n/a	n/a	n/a	n/a	n/a	698.647326	n/a
706.751900	0.000000	141350	ttl	2	70	n/a	n/a	n/a	n/a	n/a	n/a	n/a	n/a	n/a	n/a	n/a	n/a	n/a	n/a	n/a	n/a	n/a	n/a	n/a	n/a	n/a	706.751900	n/a
706.770828	0.000000	141354	ttl	11	70	n/a	n/a	n/a	n/a	n/a	n/a	n/a	n/a	n/a	n/a	n/a	n/a	n/a	n/a	n/a	n/a	n/a	n/a	n/a	n/a	n/a	706.770828	n/a
707.687119	8.064874	141537	encoding	n/a	n/a	SB_21.mp4	70.0	709.99860025	712.41069225	n/a	706.77082825	1	n/a	n/a	n/a	n/a	n/a	n/a	n/a	n/a	n/a	n/a	n/a	n/a	intervals/encoding_table	59	707.687119	715.751993
707.687119	0.000000	141537	ttl	1	70	n/a	n/a	n/a	n/a	n/a	n/a	n/a	n/a	n/a	n/a	n/a	n/a	n/a	n/a	n/a	n/a	n/a	n/a	n/a	n/a	n/a	707.687119	n/a
715.751993	0.000000	143150	ttl	2	70	n/a	n/a	n/a	n/a	n/a	n/a	n/a	n/a	n/a	n/a	n/a	n/a	n/a	n/a	n/a	n/a	n/a	n/a	n/a	n/a	n/a	715.751993	n/a
715.771408	0.000000	143154	ttl	11	70	n/a	n/a	n/a	n/a	n/a	n/a	n/a	n/a	n/a	n/a	n/a	n/a	n/a	n/a	n/a	n/a	n/a	n/a	n/a	n/a	n/a	715.771408	n/a
716.678076	7.629768	143336	encoding	n/a	n/a	SB_16.mp4	70.0	717.9618489999999	720.4773292499999	n/a	715.771408	1	n/a	n/a	n/a	n/a	n/a	n/a	n/a	n/a	n/a	n/a	n/a	n/a	intervals/encoding_table	60	716.678076	724.307844
716.678076	0.000000	143336	ttl	1	70	n/a	n/a	n/a	n/a	n/a	n/a	n/a	n/a	n/a	n/a	n/a	n/a	n/a	n/a	n/a	n/a	n/a	n/a	n/a	n/a	n/a	716.678076	n/a
724.307844	0.000000	144862	ttl	2	70	n/a	n/a	n/a	n/a	n/a	n/a	n/a	n/a	n/a	n/a	n/a	n/a	n/a	n/a	n/a	n/a	n/a	n/a	n/a	n/a	n/a	724.307844	n/a
750.836689	0.000000	150167	ttl	11	70	n/a	n/a	n/a	n/a	n/a	n/a	n/a	n/a	n/a	n/a	n/a	n/a	n/a	n/a	n/a	n/a	n/a	n/a	n/a	n/a	n/a	750.836689	n/a
751.851171	8.265986	150370	encoding	n/a	n/a	NB_21.mp4	70.0	755.85117125	n/a	n/a	750.8366894999999	0	n/a	n/a	n/a	n/a	n/a	n/a	n/a	n/a	n/a	n/a	n/a	n/a	intervals/encoding_table	61	751.851171	760.117157
751.851171	0.000000	150370	ttl	1	70	n/a	n/a	n/a	n/a	n/a	n/a	n/a	n/a	n/a	n/a	n/a	n/a	n/a	n/a	n/a	n/a	n/a	n/a	n/a	n/a	n/a	751.851171	n/a
760.117157	0.000000	152023	ttl	2	70	n/a	n/a	n/a	n/a	n/a	n/a	n/a	n/a	n/a	n/a	n/a	n/a	n/a	n/a	n/a	n/a	n/a	n/a	n/a	n/a	n/a	760.117157	n/a
760.136165	0.000000	152027	ttl	11	70	n/a	n/a	n/a	n/a	n/a	n/a	n/a	n/a	n/a	n/a	n/a	n/a	n/a	n/a	n/a	n/a	n/a	n/a	n/a	n/a	n/a	760.136165	n/a
761.038023	8.197553	152208	encoding	n/a	n/a	HB_10.mp4	70.0	765.03802275	762.5975525	766.966777	760.1361647499999	2	n/a	n/a	n/a	n/a	n/a	n/a	n/a	n/a	n/a	n/a	n/a	n/a	intervals/encoding_table	62	761.038023	769.235576
761.038023	0.000000	152208	ttl	1	70	n/a	n/a	n/a	n/a	n/a	n/a	n/a	n/a	n/a	n/a	n/a	n/a	n/a	n/a	n/a	n/a	n/a	n/a	n/a	n/a	n/a	761.038023	n/a
769.235576	0.000000	153847	ttl	2	70	n/a	n/a	n/a	n/a	n/a	n/a	n/a	n/a	n/a	n/a	n/a	n/a	n/a	n/a	n/a	n/a	n/a	n/a	n/a	n/a	n/a	769.235576	n/a
769.254569	0.000000	153851	ttl	11	70	n/a	n/a	n/a	n/a	n/a	n/a	n/a	n/a	n/a	n/a	n/a	n/a	n/a	n/a	n/a	n/a	n/a	n/a	n/a	n/a	n/a	769.254569	n/a
770.194234	8.333005	154039	encoding	n/a	n/a	SB_11.mp4	70.0	771.9822997499999	n/a	n/a	769.25456875	1	n/a	n/a	n/a	n/a	n/a	n/a	n/a	n/a	n/a	n/a	n/a	n/a	intervals/encoding_table	63	770.194234	778.527239
770.194234	0.000000	154039	ttl	1	70	n/a	n/a	n/a	n/a	n/a	n/a	n/a	n/a	n/a	n/a	n/a	n/a	n/a	n/a	n/a	n/a	n/a	n/a	n/a	n/a	n/a	770.194234	n/a
778.527239	0.000000	155705	ttl	2	70	n/a	n/a	n/a	n/a	n/a	n/a	n/a	n/a	n/a	n/a	n/a	n/a	n/a	n/a	n/a	n/a	n/a	n/a	n/a	n/a	n/a	778.527239	n/a
778.546140	0.000000	155709	ttl	11	70	n/a	n/a	n/a	n/a	n/a	n/a	n/a	n/a	n/a	n/a	n/a	n/a	n/a	n/a	n/a	n/a	n/a	n/a	n/a	n/a	n/a	778.546140	n/a
779.450276	7.932216	155890	encoding	n/a	n/a	SB_23.mp4	70.0	782.14853475	783.70238075	n/a	778.5461399999999	1	n/a	n/a	n/a	n/a	n/a	n/a	n/a	n/a	n/a	n/a	n/a	n/a	intervals/encoding_table	64	779.450276	787.382492
779.450276	0.000000	155890	ttl	1	70	n/a	n/a	n/a	n/a	n/a	n/a	n/a	n/a	n/a	n/a	n/a	n/a	n/a	n/a	n/a	n/a	n/a	n/a	n/a	n/a	n/a	779.450276	n/a
787.382492	0.000000	157476	ttl	2	70	n/a	n/a	n/a	n/a	n/a	n/a	n/a	n/a	n/a	n/a	n/a	n/a	n/a	n/a	n/a	n/a	n/a	n/a	n/a	n/a	n/a	787.382492	n/a
787.401408	0.000000	157480	ttl	11	70	n/a	n/a	n/a	n/a	n/a	n/a	n/a	n/a	n/a	n/a	n/a	n/a	n/a	n/a	n/a	n/a	n/a	n/a	n/a	n/a	n/a	787.401408	n/a
788.459862	8.030431	157692	encoding	n/a	n/a	HB_17.mp4	70.0	792.4598625	n/a	n/a	787.4014082499999	2	n/a	n/a	n/a	n/a	n/a	n/a	n/a	n/a	n/a	n/a	n/a	n/a	intervals/encoding_table	65	788.459862	796.490294
788.459862	0.000000	157692	ttl	1	70	n/a	n/a	n/a	n/a	n/a	n/a	n/a	n/a	n/a	n/a	n/a	n/a	n/a	n/a	n/a	n/a	n/a	n/a	n/a	n/a	n/a	788.459862	n/a
796.490294	0.000000	159298	ttl	2	70	n/a	n/a	n/a	n/a	n/a	n/a	n/a	n/a	n/a	n/a	n/a	n/a	n/a	n/a	n/a	n/a	n/a	n/a	n/a	n/a	n/a	796.490294	n/a
800.823531	0.000000	160165	ttl	11	70	n/a	n/a	n/a	n/a	n/a	n/a	n/a	n/a	n/a	n/a	n/a	n/a	n/a	n/a	n/a	n/a	n/a	n/a	n/a	n/a	n/a	800.823531	n/a
801.761697	8.064697	160352	encoding	n/a	n/a	HB_18.mp4	70.0	805.7616969999999	n/a	n/a	800.82353125	2	n/a	n/a	n/a	n/a	n/a	n/a	n/a	n/a	n/a	n/a	n/a	n/a	intervals/encoding_table	66	801.761697	809.826393
801.761697	0.000000	160352	ttl	1	70	n/a	n/a	n/a	n/a	n/a	n/a	n/a	n/a	n/a	n/a	n/a	n/a	n/a	n/a	n/a	n/a	n/a	n/a	n/a	n/a	n/a	801.761697	n/a
809.826393	0.000000	161965	ttl	2	70	n/a	n/a	n/a	n/a	n/a	n/a	n/a	n/a	n/a	n/a	n/a	n/a	n/a	n/a	n/a	n/a	n/a	n/a	n/a	n/a	n/a	809.826393	n/a
809.845108	0.000000	161969	ttl	11	70	n/a	n/a	n/a	n/a	n/a	n/a	n/a	n/a	n/a	n/a	n/a	n/a	n/a	n/a	n/a	n/a	n/a	n/a	n/a	n/a	n/a	809.845108	n/a
810.935524	8.145238	162187	encoding	n/a	n/a	SB_14.mp4	70.0	814.36240275	n/a	n/a	809.845108	1	n/a	n/a	n/a	n/a	n/a	n/a	n/a	n/a	n/a	n/a	n/a	n/a	intervals/encoding_table	67	810.935524	819.080762
810.935524	0.000000	162187	ttl	1	70	n/a	n/a	n/a	n/a	n/a	n/a	n/a	n/a	n/a	n/a	n/a	n/a	n/a	n/a	n/a	n/a	n/a	n/a	n/a	n/a	n/a	810.935524	n/a
819.080762	0.000000	163816	ttl	2	70	n/a	n/a	n/a	n/a	n/a	n/a	n/a	n/a	n/a	n/a	n/a	n/a	n/a	n/a	n/a	n/a	n/a	n/a	n/a	n/a	n/a	819.080762	n/a
819.099676	0.000000	163820	ttl	11	70	n/a	n/a	n/a	n/a	n/a	n/a	n/a	n/a	n/a	n/a	n/a	n/a	n/a	n/a	n/a	n/a	n/a	n/a	n/a	n/a	n/a	819.099676	n/a
820.153721	7.930957	164031	encoding	n/a	n/a	NB_16.mp4	70.0	824.15372125	n/a	n/a	819.0996759999999	0	n/a	n/a	n/a	n/a	n/a	n/a	n/a	n/a	n/a	n/a	n/a	n/a	intervals/encoding_table	68	820.153721	828.084678
820.153721	0.000000	164031	ttl	1	70	n/a	n/a	n/a	n/a	n/a	n/a	n/a	n/a	n/a	n/a	n/a	n/a	n/a	n/a	n/a	n/a	n/a	n/a	n/a	n/a	n/a	820.153721	n/a
828.084678	0.000000	165617	ttl	2	70	n/a	n/a	n/a	n/a	n/a	n/a	n/a	n/a	n/a	n/a	n/a	n/a	n/a	n/a	n/a	n/a	n/a	n/a	n/a	n/a	n/a	828.084678	n/a
828.103884	0.000000	165621	ttl	11	70	n/a	n/a	n/a	n/a	n/a	n/a	n/a	n/a	n/a	n/a	n/a	n/a	n/a	n/a	n/a	n/a	n/a	n/a	n/a	n/a	n/a	828.103884	n/a
829.167198	8.464249	165833	encoding	n/a	n/a	SB_26.mp4	70.0	830.90238525	832.56050175	834.0502662499999	828.1038837499999	1	n/a	n/a	n/a	n/a	n/a	n/a	n/a	n/a	n/a	n/a	n/a	n/a	intervals/encoding_table	69	829.167198	837.631447
829.167198	0.000000	165833	ttl	1	70	n/a	n/a	n/a	n/a	n/a	n/a	n/a	n/a	n/a	n/a	n/a	n/a	n/a	n/a	n/a	n/a	n/a	n/a	n/a	n/a	n/a	829.167198	n/a
837.631447	0.000000	167526	ttl	2	70	n/a	n/a	n/a	n/a	n/a	n/a	n/a	n/a	n/a	n/a	n/a	n/a	n/a	n/a	n/a	n/a	n/a	n/a	n/a	n/a	n/a	837.631447	n/a
837.650368	0.000000	167530	ttl	11	70	n/a	n/a	n/a	n/a	n/a	n/a	n/a	n/a	n/a	n/a	n/a	n/a	n/a	n/a	n/a	n/a	n/a	n/a	n/a	n/a	n/a	837.650368	n/a
838.635577	8.064830	167727	encoding	n/a	n/a	NB_22.mp4	70.0	842.6355775	n/a	n/a	837.6503675	0	n/a	n/a	n/a	n/a	n/a	n/a	n/a	n/a	n/a	n/a	n/a	n/a	intervals/encoding_table	70	838.635577	846.700407
838.635577	0.000000	167727	ttl	1	70	n/a	n/a	n/a	n/a	n/a	n/a	n/a	n/a	n/a	n/a	n/a	n/a	n/a	n/a	n/a	n/a	n/a	n/a	n/a	n/a	n/a	838.635577	n/a
846.700407	0.000000	169340	ttl	2	70	n/a	n/a	n/a	n/a	n/a	n/a	n/a	n/a	n/a	n/a	n/a	n/a	n/a	n/a	n/a	n/a	n/a	n/a	n/a	n/a	n/a	846.700407	n/a
846.719329	0.000000	169344	ttl	11	70	n/a	n/a	n/a	n/a	n/a	n/a	n/a	n/a	n/a	n/a	n/a	n/a	n/a	n/a	n/a	n/a	n/a	n/a	n/a	n/a	n/a	846.719329	n/a
847.679372	8.062697	169536	encoding	n/a	n/a	SB_5.mp4	70.0	851.8411685	n/a	n/a	846.7193287499999	1	n/a	n/a	n/a	n/a	n/a	n/a	n/a	n/a	n/a	n/a	n/a	n/a	intervals/encoding_table	71	847.679372	855.742069
847.679372	0.000000	169536	ttl	1	70	n/a	n/a	n/a	n/a	n/a	n/a	n/a	n/a	n/a	n/a	n/a	n/a	n/a	n/a	n/a	n/a	n/a	n/a	n/a	n/a	n/a	847.679372	n/a
855.742069	0.000000	171148	ttl	2	70	n/a	n/a	n/a	n/a	n/a	n/a	n/a	n/a	n/a	n/a	n/a	n/a	n/a	n/a	n/a	n/a	n/a	n/a	n/a	n/a	n/a	855.742069	n/a
855.761030	0.000000	171152	ttl	11	70	n/a	n/a	n/a	n/a	n/a	n/a	n/a	n/a	n/a	n/a	n/a	n/a	n/a	n/a	n/a	n/a	n/a	n/a	n/a	n/a	n/a	855.761030	n/a
856.797088	7.764467	171359	encoding	n/a	n/a	NB_23.mp4	70.0	860.79708775	n/a	n/a	855.7610297499999	0	n/a	n/a	n/a	n/a	n/a	n/a	n/a	n/a	n/a	n/a	n/a	n/a	intervals/encoding_table	72	856.797088	864.561554
856.797088	0.000000	171359	ttl	1	70	n/a	n/a	n/a	n/a	n/a	n/a	n/a	n/a	n/a	n/a	n/a	n/a	n/a	n/a	n/a	n/a	n/a	n/a	n/a	n/a	n/a	856.797088	n/a
864.561554	0.000000	172912	ttl	2	70	n/a	n/a	n/a	n/a	n/a	n/a	n/a	n/a	n/a	n/a	n/a	n/a	n/a	n/a	n/a	n/a	n/a	n/a	n/a	n/a	n/a	864.561554	n/a
871.323180	0.000000	174265	ttl	11	70	n/a	n/a	n/a	n/a	n/a	n/a	n/a	n/a	n/a	n/a	n/a	n/a	n/a	n/a	n/a	n/a	n/a	n/a	n/a	n/a	n/a	871.323180	n/a
872.394884	8.026347	174479	encoding	n/a	n/a	HB_4.mp4	70.0	876.39488375	878.4761894999999	n/a	871.3231804999999	2	n/a	n/a	n/a	n/a	n/a	n/a	n/a	n/a	n/a	n/a	n/a	n/a	intervals/encoding_table	73	872.394884	880.421231
872.394884	0.000000	174479	ttl	1	70	n/a	n/a	n/a	n/a	n/a	n/a	n/a	n/a	n/a	n/a	n/a	n/a	n/a	n/a	n/a	n/a	n/a	n/a	n/a	n/a	n/a	872.394884	n/a
880.421231	0.000000	176084	ttl	2	70	n/a	n/a	n/a	n/a	n/a	n/a	n/a	n/a	n/a	n/a	n/a	n/a	n/a	n/a	n/a	n/a	n/a	n/a	n/a	n/a	n/a	880.421231	n/a
880.440026	0.000000	176088	ttl	11	70	n/a	n/a	n/a	n/a	n/a	n/a	n/a	n/a	n/a	n/a	n/a	n/a	n/a	n/a	n/a	n/a	n/a	n/a	n/a	n/a	n/a	880.440026	n/a
881.514385	8.432882	176303	encoding	n/a	n/a	HB_22.mp4	70.0	885.51438475	n/a	n/a	880.440026	2	n/a	n/a	n/a	n/a	n/a	n/a	n/a	n/a	n/a	n/a	n/a	n/a	intervals/encoding_table	74	881.514385	889.947267
881.514385	0.000000	176303	ttl	1	70	n/a	n/a	n/a	n/a	n/a	n/a	n/a	n/a	n/a	n/a	n/a	n/a	n/a	n/a	n/a	n/a	n/a	n/a	n/a	n/a	n/a	881.514385	n/a
889.947267	0.000000	177989	ttl	2	70	n/a	n/a	n/a	n/a	n/a	n/a	n/a	n/a	n/a	n/a	n/a	n/a	n/a	n/a	n/a	n/a	n/a	n/a	n/a	n/a	n/a	889.947267	n/a
889.966367	0.000000	177993	ttl	11	70	n/a	n/a	n/a	n/a	n/a	n/a	n/a	n/a	n/a	n/a	n/a	n/a	n/a	n/a	n/a	n/a	n/a	n/a	n/a	n/a	n/a	889.966367	n/a
891.045780	8.966253	178209	encoding	n/a	n/a	HB_7.mp4	70.0	895.04577975	894.44513975	897.1193875	889.96636725	2	n/a	n/a	n/a	n/a	n/a	n/a	n/a	n/a	n/a	n/a	n/a	n/a	intervals/encoding_table	75	891.045780	900.012033
891.045780	0.000000	178209	ttl	1	70	n/a	n/a	n/a	n/a	n/a	n/a	n/a	n/a	n/a	n/a	n/a	n/a	n/a	n/a	n/a	n/a	n/a	n/a	n/a	n/a	n/a	891.045780	n/a
900.012033	0.000000	180002	ttl	2	70	n/a	n/a	n/a	n/a	n/a	n/a	n/a	n/a	n/a	n/a	n/a	n/a	n/a	n/a	n/a	n/a	n/a	n/a	n/a	n/a	n/a	900.012033	n/a
900.031000	0.000000	180006	ttl	11	70	n/a	n/a	n/a	n/a	n/a	n/a	n/a	n/a	n/a	n/a	n/a	n/a	n/a	n/a	n/a	n/a	n/a	n/a	n/a	n/a	n/a	900.031000	n/a
901.099717	8.197424	180220	encoding	n/a	n/a	SB_6.mp4	70.0	902.587419	n/a	n/a	900.03099975	1	n/a	n/a	n/a	n/a	n/a	n/a	n/a	n/a	n/a	n/a	n/a	n/a	intervals/encoding_table	76	901.099717	909.297141
901.099717	0.000000	180220	ttl	1	70	n/a	n/a	n/a	n/a	n/a	n/a	n/a	n/a	n/a	n/a	n/a	n/a	n/a	n/a	n/a	n/a	n/a	n/a	n/a	n/a	n/a	901.099717	n/a
909.297141	0.000000	181859	ttl	2	70	n/a	n/a	n/a	n/a	n/a	n/a	n/a	n/a	n/a	n/a	n/a	n/a	n/a	n/a	n/a	n/a	n/a	n/a	n/a	n/a	n/a	909.297141	n/a
909.316074	0.000000	181863	ttl	11	70	n/a	n/a	n/a	n/a	n/a	n/a	n/a	n/a	n/a	n/a	n/a	n/a	n/a	n/a	n/a	n/a	n/a	n/a	n/a	n/a	n/a	909.316074	n/a
910.313104	7.996109	182063	encoding	n/a	n/a	NB_19.mp4	70.0	914.313104	n/a	n/a	909.31607375	0	n/a	n/a	n/a	n/a	n/a	n/a	n/a	n/a	n/a	n/a	n/a	n/a	intervals/encoding_table	77	910.313104	918.309213
910.313104	0.000000	182063	ttl	1	70	n/a	n/a	n/a	n/a	n/a	n/a	n/a	n/a	n/a	n/a	n/a	n/a	n/a	n/a	n/a	n/a	n/a	n/a	n/a	n/a	n/a	910.313104	n/a
918.309213	0.000000	183662	ttl	2	70	n/a	n/a	n/a	n/a	n/a	n/a	n/a	n/a	n/a	n/a	n/a	n/a	n/a	n/a	n/a	n/a	n/a	n/a	n/a	n/a	n/a	918.309213	n/a
918.328562	0.000000	183666	ttl	11	70	n/a	n/a	n/a	n/a	n/a	n/a	n/a	n/a	n/a	n/a	n/a	n/a	n/a	n/a	n/a	n/a	n/a	n/a	n/a	n/a	n/a	918.328562	n/a
919.326270	7.863858	183865	encoding	n/a	n/a	SB_4.mp4	70.0	924.8931497499999	n/a	n/a	918.32856225	1	n/a	n/a	n/a	n/a	n/a	n/a	n/a	n/a	n/a	n/a	n/a	n/a	intervals/encoding_table	78	919.326270	927.190129
919.326270	0.000000	183865	ttl	1	70	n/a	n/a	n/a	n/a	n/a	n/a	n/a	n/a	n/a	n/a	n/a	n/a	n/a	n/a	n/a	n/a	n/a	n/a	n/a	n/a	n/a	919.326270	n/a
927.190129	0.000000	185438	ttl	2	70	n/a	n/a	n/a	n/a	n/a	n/a	n/a	n/a	n/a	n/a	n/a	n/a	n/a	n/a	n/a	n/a	n/a	n/a	n/a	n/a	n/a	927.190129	n/a
932.547018	0.000000	186509	ttl	11	70	n/a	n/a	n/a	n/a	n/a	n/a	n/a	n/a	n/a	n/a	n/a	n/a	n/a	n/a	n/a	n/a	n/a	n/a	n/a	n/a	n/a	932.547018	n/a
933.460085	8.198643	186692	encoding	n/a	n/a	NB_13.mp4	70.0	937.46008475	n/a	n/a	932.547018	0	n/a	n/a	n/a	n/a	n/a	n/a	n/a	n/a	n/a	n/a	n/a	n/a	intervals/encoding_table	79	933.460085	941.658727
933.460085	0.000000	186692	ttl	1	70	n/a	n/a	n/a	n/a	n/a	n/a	n/a	n/a	n/a	n/a	n/a	n/a	n/a	n/a	n/a	n/a	n/a	n/a	n/a	n/a	n/a	933.460085	n/a
941.658727	0.000000	188332	ttl	2	70	n/a	n/a	n/a	n/a	n/a	n/a	n/a	n/a	n/a	n/a	n/a	n/a	n/a	n/a	n/a	n/a	n/a	n/a	n/a	n/a	n/a	941.658727	n/a
941.677858	0.000000	188336	ttl	11	70	n/a	n/a	n/a	n/a	n/a	n/a	n/a	n/a	n/a	n/a	n/a	n/a	n/a	n/a	n/a	n/a	n/a	n/a	n/a	n/a	n/a	941.677858	n/a
942.669254	7.997698	188534	encoding	n/a	n/a	NB_30.mp4	70.0	946.66925425	n/a	n/a	941.6778579999999	0	n/a	n/a	n/a	n/a	n/a	n/a	n/a	n/a	n/a	n/a	n/a	n/a	intervals/encoding_table	80	942.669254	950.666952
942.669254	0.000000	188534	ttl	1	70	n/a	n/a	n/a	n/a	n/a	n/a	n/a	n/a	n/a	n/a	n/a	n/a	n/a	n/a	n/a	n/a	n/a	n/a	n/a	n/a	n/a	942.669254	n/a
950.666952	0.000000	190133	ttl	2	70	n/a	n/a	n/a	n/a	n/a	n/a	n/a	n/a	n/a	n/a	n/a	n/a	n/a	n/a	n/a	n/a	n/a	n/a	n/a	n/a	n/a	950.666952	n/a
950.685905	0.000000	190137	ttl	11	70	n/a	n/a	n/a	n/a	n/a	n/a	n/a	n/a	n/a	n/a	n/a	n/a	n/a	n/a	n/a	n/a	n/a	n/a	n/a	n/a	n/a	950.685905	n/a
951.705016	8.065747	190341	encoding	n/a	n/a	HB_15.mp4	70.0	955.705016	954.93227425	957.9696477499999	950.6859049999999	2	n/a	n/a	n/a	n/a	n/a	n/a	n/a	n/a	n/a	n/a	n/a	n/a	intervals/encoding_table	81	951.705016	959.770763
951.705016	0.000000	190341	ttl	1	70	n/a	n/a	n/a	n/a	n/a	n/a	n/a	n/a	n/a	n/a	n/a	n/a	n/a	n/a	n/a	n/a	n/a	n/a	n/a	n/a	n/a	951.705016	n/a
959.770763	0.000000	191954	ttl	2	70	n/a	n/a	n/a	n/a	n/a	n/a	n/a	n/a	n/a	n/a	n/a	n/a	n/a	n/a	n/a	n/a	n/a	n/a	n/a	n/a	n/a	959.770763	n/a
959.789685	0.000000	191958	ttl	11	70	n/a	n/a	n/a	n/a	n/a	n/a	n/a	n/a	n/a	n/a	n/a	n/a	n/a	n/a	n/a	n/a	n/a	n/a	n/a	n/a	n/a	959.789685	n/a
960.711702	7.998757	192142	encoding	n/a	n/a	NB_14.mp4	70.0	964.71170175	n/a	n/a	959.7896852499999	0	n/a	n/a	n/a	n/a	n/a	n/a	n/a	n/a	n/a	n/a	n/a	n/a	intervals/encoding_table	82	960.711702	968.710459
960.711702	0.000000	192142	ttl	1	70	n/a	n/a	n/a	n/a	n/a	n/a	n/a	n/a	n/a	n/a	n/a	n/a	n/a	n/a	n/a	n/a	n/a	n/a	n/a	n/a	n/a	960.711702	n/a
968.710459	0.000000	193742	ttl	2	70	n/a	n/a	n/a	n/a	n/a	n/a	n/a	n/a	n/a	n/a	n/a	n/a	n/a	n/a	n/a	n/a	n/a	n/a	n/a	n/a	n/a	968.710459	n/a
968.729372	0.000000	193746	ttl	11	70	n/a	n/a	n/a	n/a	n/a	n/a	n/a	n/a	n/a	n/a	n/a	n/a	n/a	n/a	n/a	n/a	n/a	n/a	n/a	n/a	n/a	968.729372	n/a
969.698129	8.099815	193940	encoding	n/a	n/a	NB_5.mp4	70.0	973.69812925	n/a	n/a	968.7293725	0	n/a	n/a	n/a	n/a	n/a	n/a	n/a	n/a	n/a	n/a	n/a	n/a	intervals/encoding_table	83	969.698129	977.797945
969.698129	0.000000	193940	ttl	1	70	n/a	n/a	n/a	n/a	n/a	n/a	n/a	n/a	n/a	n/a	n/a	n/a	n/a	n/a	n/a	n/a	n/a	n/a	n/a	n/a	n/a	969.698129	n/a
977.797945	0.000000	195560	ttl	2	70	n/a	n/a	n/a	n/a	n/a	n/a	n/a	n/a	n/a	n/a	n/a	n/a	n/a	n/a	n/a	n/a	n/a	n/a	n/a	n/a	n/a	977.797945	n/a
983.837121	0.000000	196767	ttl	11	70	n/a	n/a	n/a	n/a	n/a	n/a	n/a	n/a	n/a	n/a	n/a	n/a	n/a	n/a	n/a	n/a	n/a	n/a	n/a	n/a	n/a	983.837121	n/a
984.789934	8.265128	196958	encoding	n/a	n/a	HB_27.mp4	70.0	988.78993425	n/a	n/a	983.83712125	2	n/a	n/a	n/a	n/a	n/a	n/a	n/a	n/a	n/a	n/a	n/a	n/a	intervals/encoding_table	84	984.789934	993.055062
984.789934	0.000000	196958	ttl	1	70	n/a	n/a	n/a	n/a	n/a	n/a	n/a	n/a	n/a	n/a	n/a	n/a	n/a	n/a	n/a	n/a	n/a	n/a	n/a	n/a	n/a	984.789934	n/a
993.055062	0.000000	198611	ttl	2	70	n/a	n/a	n/a	n/a	n/a	n/a	n/a	n/a	n/a	n/a	n/a	n/a	n/a	n/a	n/a	n/a	n/a	n/a	n/a	n/a	n/a	993.055062	n/a
993.073986	0.000000	198615	ttl	11	70	n/a	n/a	n/a	n/a	n/a	n/a	n/a	n/a	n/a	n/a	n/a	n/a	n/a	n/a	n/a	n/a	n/a	n/a	n/a	n/a	n/a	993.073986	n/a
994.090022	8.165859	198818	encoding	n/a	n/a	SB_2.mp4	70.0	999.6189814999999	n/a	n/a	993.0739857499999	1	n/a	n/a	n/a	n/a	n/a	n/a	n/a	n/a	n/a	n/a	n/a	n/a	intervals/encoding_table	85	994.090022	1002.255881
994.090022	0.000000	198818	ttl	1	70	n/a	n/a	n/a	n/a	n/a	n/a	n/a	n/a	n/a	n/a	n/a	n/a	n/a	n/a	n/a	n/a	n/a	n/a	n/a	n/a	n/a	994.090022	n/a
1002.255881	0.000000	200451	ttl	2	70	n/a	n/a	n/a	n/a	n/a	n/a	n/a	n/a	n/a	n/a	n/a	n/a	n/a	n/a	n/a	n/a	n/a	n/a	n/a	n/a	n/a	1002.255881	n/a
1002.274630	0.000000	200455	ttl	11	70	n/a	n/a	n/a	n/a	n/a	n/a	n/a	n/a	n/a	n/a	n/a	n/a	n/a	n/a	n/a	n/a	n/a	n/a	n/a	n/a	n/a	1002.274630	n/a
1003.261708	7.965875	200652	encoding	n/a	n/a	NB_8.mp4	70.0	1007.26170825	n/a	n/a	1002.27463025	0	n/a	n/a	n/a	n/a	n/a	n/a	n/a	n/a	n/a	n/a	n/a	n/a	intervals/encoding_table	86	1003.261708	1011.227583
1003.261708	0.000000	200652	ttl	1	70	n/a	n/a	n/a	n/a	n/a	n/a	n/a	n/a	n/a	n/a	n/a	n/a	n/a	n/a	n/a	n/a	n/a	n/a	n/a	n/a	n/a	1003.261708	n/a
1011.227583	0.000000	202246	ttl	2	70	n/a	n/a	n/a	n/a	n/a	n/a	n/a	n/a	n/a	n/a	n/a	n/a	n/a	n/a	n/a	n/a	n/a	n/a	n/a	n/a	n/a	1011.227583	n/a
1011.245891	0.000000	202249	ttl	11	70	n/a	n/a	n/a	n/a	n/a	n/a	n/a	n/a	n/a	n/a	n/a	n/a	n/a	n/a	n/a	n/a	n/a	n/a	n/a	n/a	n/a	1011.245891	n/a
1012.228911	8.232906	202446	encoding	n/a	n/a	SB_19.mp4	70.0	1014.81332575	1017.1242814999999	n/a	1011.24589075	1	n/a	n/a	n/a	n/a	n/a	n/a	n/a	n/a	n/a	n/a	n/a	n/a	intervals/encoding_table	87	1012.228911	1020.461817
1012.228911	0.000000	202446	ttl	1	70	n/a	n/a	n/a	n/a	n/a	n/a	n/a	n/a	n/a	n/a	n/a	n/a	n/a	n/a	n/a	n/a	n/a	n/a	n/a	n/a	n/a	1012.228911	n/a
1020.461817	0.000000	204092	ttl	2	70	n/a	n/a	n/a	n/a	n/a	n/a	n/a	n/a	n/a	n/a	n/a	n/a	n/a	n/a	n/a	n/a	n/a	n/a	n/a	n/a	n/a	1020.461817	n/a
1020.480718	0.000000	204096	ttl	11	70	n/a	n/a	n/a	n/a	n/a	n/a	n/a	n/a	n/a	n/a	n/a	n/a	n/a	n/a	n/a	n/a	n/a	n/a	n/a	n/a	n/a	1020.480718	n/a
1021.391561	8.033506	204278	encoding	n/a	n/a	HB_12.mp4	70.0	1025.39156125	1023.0292989999999	1027.31870225	1020.4807185	2	n/a	n/a	n/a	n/a	n/a	n/a	n/a	n/a	n/a	n/a	n/a	n/a	intervals/encoding_table	88	1021.391561	1029.425068
1021.391561	0.000000	204278	ttl	1	70	n/a	n/a	n/a	n/a	n/a	n/a	n/a	n/a	n/a	n/a	n/a	n/a	n/a	n/a	n/a	n/a	n/a	n/a	n/a	n/a	n/a	1021.391561	n/a
1029.425068	0.000000	205885	ttl	2	70	n/a	n/a	n/a	n/a	n/a	n/a	n/a	n/a	n/a	n/a	n/a	n/a	n/a	n/a	n/a	n/a	n/a	n/a	n/a	n/a	n/a	1029.425068	n/a
1031.942544	0.000000	206389	ttl	11	70	n/a	n/a	n/a	n/a	n/a	n/a	n/a	n/a	n/a	n/a	n/a	n/a	n/a	n/a	n/a	n/a	n/a	n/a	n/a	n/a	n/a	1031.942544	n/a
1032.894484	8.034264	206579	encoding	n/a	n/a	SB_13.mp4	70.0	1038.6803184999999	n/a	n/a	1031.9425445	1	n/a	n/a	n/a	n/a	n/a	n/a	n/a	n/a	n/a	n/a	n/a	n/a	intervals/encoding_table	89	1032.894484	1040.928748
1032.894484	0.000000	206579	ttl	1	70	n/a	n/a	n/a	n/a	n/a	n/a	n/a	n/a	n/a	n/a	n/a	n/a	n/a	n/a	n/a	n/a	n/a	n/a	n/a	n/a	n/a	1032.894484	n/a
1040.928748	0.000000	208186	ttl	2	70	n/a	n/a	n/a	n/a	n/a	n/a	n/a	n/a	n/a	n/a	n/a	n/a	n/a	n/a	n/a	n/a	n/a	n/a	n/a	n/a	n/a	1040.928748	n/a
1040.985211	0.000000	208197	ttl	60	70	n/a	n/a	n/a	n/a	n/a	n/a	n/a	n/a	n/a	n/a	n/a	n/a	n/a	n/a	n/a	n/a	n/a	n/a	n/a	n/a	n/a	1040.985211	n/a
1348.670880	0.000000	269734	ttl	61	71	n/a	n/a	n/a	n/a	n/a	n/a	n/a	n/a	n/a	n/a	n/a	n/a	n/a	n/a	n/a	n/a	n/a	n/a	n/a	n/a	n/a	1348.670880	n/a
1348.728427	0.000000	269746	ttl	11	71	n/a	n/a	n/a	n/a	n/a	n/a	n/a	n/a	n/a	n/a	n/a	n/a	n/a	n/a	n/a	n/a	n/a	n/a	n/a	n/a	n/a	1348.728427	n/a
1349.250089	1.555503	269850	scene_recognition	n/a	n/a	n/a	71.0	n/a	n/a	n/a	1348.7284272499999	n/a	1.022813982839125	2	1	2	NB_6_frameA.png	2	3	1351.8284059999999	1	1	n/a	n/a	intervals/recognition_table	0	1349.250089	1350.805592
1349.250089	0.000000	269850	ttl	1	71	n/a	n/a	n/a	n/a	n/a	n/a	n/a	n/a	n/a	n/a	n/a	n/a	n/a	n/a	n/a	n/a	n/a	n/a	n/a	n/a	n/a	1349.250089	n/a
1350.805592	0.000000	270161	ttl	2	71	n/a	n/a	n/a	n/a	n/a	n/a	n/a	n/a	n/a	n/a	n/a	n/a	n/a	n/a	n/a	n/a	n/a	n/a	n/a	n/a	n/a	1350.805592	n/a
1351.828406	0.000000	270366	ttl	4	71	n/a	n/a	n/a	n/a	n/a	n/a	n/a	n/a	n/a	n/a	n/a	n/a	n/a	n/a	n/a	n/a	n/a	n/a	n/a	n/a	n/a	1351.828406	n/a
1351.846111	0.000000	270369	ttl	11	71	n/a	n/a	n/a	n/a	n/a	n/a	n/a	n/a	n/a	n/a	n/a	n/a	n/a	n/a	n/a	n/a	n/a	n/a	n/a	n/a	n/a	1351.846111	n/a
1352.408212	1.527568	270482	scene_recognition	n/a	n/a	n/a	71.0	n/a	n/a	n/a	1351.84611075	n/a	3.835040723847669	2	3	2	HB_1_frameA_foil.png	1	6	1357.77082075	0	2	n/a	n/a	intervals/recognition_table	1	1352.408212	1353.935780
1352.408212	0.000000	270482	ttl	1	71	n/a	n/a	n/a	n/a	n/a	n/a	n/a	n/a	n/a	n/a	n/a	n/a	n/a	n/a	n/a	n/a	n/a	n/a	n/a	n/a	n/a	1352.408212	n/a
1353.935780	0.000000	270787	ttl	2	71	n/a	n/a	n/a	n/a	n/a	n/a	n/a	n/a	n/a	n/a	n/a	n/a	n/a	n/a	n/a	n/a	n/a	n/a	n/a	n/a	n/a	1353.935780	n/a
1357.770821	0.000000	271554	ttl	4	71	n/a	n/a	n/a	n/a	n/a	n/a	n/a	n/a	n/a	n/a	n/a	n/a	n/a	n/a	n/a	n/a	n/a	n/a	n/a	n/a	n/a	1357.770821	n/a
1357.797577	0.000000	271560	ttl	11	71	n/a	n/a	n/a	n/a	n/a	n/a	n/a	n/a	n/a	n/a	n/a	n/a	n/a	n/a	n/a	n/a	n/a	n/a	n/a	n/a	n/a	1357.797577	n/a
1358.379515	1.547663	271676	scene_recognition	n/a	n/a	n/a	71.0	n/a	n/a	n/a	1357.797577	n/a	0.9111487520051469	2	3	3	HB_2_frameB_foil.png	1	7	1360.838327	0	3	n/a	n/a	intervals/recognition_table	2	1358.379515	1359.927178
1358.379515	0.000000	271676	ttl	1	71	n/a	n/a	n/a	n/a	n/a	n/a	n/a	n/a	n/a	n/a	n/a	n/a	n/a	n/a	n/a	n/a	n/a	n/a	n/a	n/a	n/a	1358.379515	n/a
1359.927178	0.000000	271985	ttl	2	71	n/a	n/a	n/a	n/a	n/a	n/a	n/a	n/a	n/a	n/a	n/a	n/a	n/a	n/a	n/a	n/a	n/a	n/a	n/a	n/a	n/a	1359.927178	n/a
1360.838327	0.000000	272168	ttl	4	71	n/a	n/a	n/a	n/a	n/a	n/a	n/a	n/a	n/a	n/a	n/a	n/a	n/a	n/a	n/a	n/a	n/a	n/a	n/a	n/a	n/a	1360.838327	n/a
1360.855165	0.000000	272171	ttl	11	71	n/a	n/a	n/a	n/a	n/a	n/a	n/a	n/a	n/a	n/a	n/a	n/a	n/a	n/a	n/a	n/a	n/a	n/a	n/a	n/a	n/a	1360.855165	n/a
1361.437192	1.530711	272287	scene_recognition	n/a	n/a	n/a	71.0	n/a	n/a	n/a	1360.8551654999999	n/a	1.3934272486153532	2	2	3	SB_4_frameB.png	2	2	1364.3613297499999	1	4	n/a	n/a	intervals/recognition_table	3	1361.437192	1362.967903
1361.437192	0.000000	272287	ttl	1	71	n/a	n/a	n/a	n/a	n/a	n/a	n/a	n/a	n/a	n/a	n/a	n/a	n/a	n/a	n/a	n/a	n/a	n/a	n/a	n/a	n/a	1361.437192	n/a
1362.967903	0.000000	272594	ttl	2	71	n/a	n/a	n/a	n/a	n/a	n/a	n/a	n/a	n/a	n/a	n/a	n/a	n/a	n/a	n/a	n/a	n/a	n/a	n/a	n/a	n/a	1362.967903	n/a
1364.361330	0.000000	272872	ttl	4	71	n/a	n/a	n/a	n/a	n/a	n/a	n/a	n/a	n/a	n/a	n/a	n/a	n/a	n/a	n/a	n/a	n/a	n/a	n/a	n/a	n/a	1364.361330	n/a
1364.383776	0.000000	272877	ttl	11	71	n/a	n/a	n/a	n/a	n/a	n/a	n/a	n/a	n/a	n/a	n/a	n/a	n/a	n/a	n/a	n/a	n/a	n/a	n/a	n/a	n/a	1364.383776	n/a
1364.925684	1.550855	272985	scene_recognition	n/a	n/a	n/a	71.0	n/a	n/a	n/a	1364.38377575	n/a	1.7226981270180204	2	2	3	SB_4_frameA_foil.png	1	7	1368.19923675	0	5	n/a	n/a	intervals/recognition_table	4	1364.925684	1366.476538
1364.925684	0.000000	272985	ttl	1	71	n/a	n/a	n/a	n/a	n/a	n/a	n/a	n/a	n/a	n/a	n/a	n/a	n/a	n/a	n/a	n/a	n/a	n/a	n/a	n/a	n/a	1364.925684	n/a
1366.476538	0.000000	273295	ttl	2	71	n/a	n/a	n/a	n/a	n/a	n/a	n/a	n/a	n/a	n/a	n/a	n/a	n/a	n/a	n/a	n/a	n/a	n/a	n/a	n/a	n/a	1366.476538	n/a
1368.199237	0.000000	273640	ttl	4	71	n/a	n/a	n/a	n/a	n/a	n/a	n/a	n/a	n/a	n/a	n/a	n/a	n/a	n/a	n/a	n/a	n/a	n/a	n/a	n/a	n/a	1368.199237	n/a
1368.223235	0.000000	273645	ttl	11	71	n/a	n/a	n/a	n/a	n/a	n/a	n/a	n/a	n/a	n/a	n/a	n/a	n/a	n/a	n/a	n/a	n/a	n/a	n/a	n/a	n/a	1368.223235	n/a
1368.785226	1.527394	273757	scene_recognition	n/a	n/a	n/a	71.0	n/a	n/a	n/a	1368.223235	n/a	1.7041169969052135	2	1	3	NB_28_frameA.png	2	2	1372.016737	1	6	n/a	n/a	intervals/recognition_table	5	1368.785226	1370.312620
1368.785226	0.000000	273757	ttl	1	71	n/a	n/a	n/a	n/a	n/a	n/a	n/a	n/a	n/a	n/a	n/a	n/a	n/a	n/a	n/a	n/a	n/a	n/a	n/a	n/a	n/a	1368.785226	n/a
1370.312620	0.000000	274063	ttl	2	71	n/a	n/a	n/a	n/a	n/a	n/a	n/a	n/a	n/a	n/a	n/a	n/a	n/a	n/a	n/a	n/a	n/a	n/a	n/a	n/a	n/a	1370.312620	n/a
1372.016737	0.000000	274403	ttl	4	71	n/a	n/a	n/a	n/a	n/a	n/a	n/a	n/a	n/a	n/a	n/a	n/a	n/a	n/a	n/a	n/a	n/a	n/a	n/a	n/a	n/a	1372.016737	n/a
1372.033562	0.000000	274407	ttl	11	71	n/a	n/a	n/a	n/a	n/a	n/a	n/a	n/a	n/a	n/a	n/a	n/a	n/a	n/a	n/a	n/a	n/a	n/a	n/a	n/a	n/a	1372.033562	n/a
1372.575440	1.547834	274515	scene_recognition	n/a	n/a	n/a	71.0	n/a	n/a	n/a	1372.0335619999998	n/a	0.9656309177134972	2	2	3	SB_9_frameB_foil.png	1	7	1375.08890425	0	7	n/a	n/a	intervals/recognition_table	6	1372.575440	1374.123273
1372.575440	0.000000	274515	ttl	1	71	n/a	n/a	n/a	n/a	n/a	n/a	n/a	n/a	n/a	n/a	n/a	n/a	n/a	n/a	n/a	n/a	n/a	n/a	n/a	n/a	n/a	1372.575440	n/a
1374.123273	0.000000	274825	ttl	2	71	n/a	n/a	n/a	n/a	n/a	n/a	n/a	n/a	n/a	n/a	n/a	n/a	n/a	n/a	n/a	n/a	n/a	n/a	n/a	n/a	n/a	1374.123273	n/a
1375.088904	0.000000	275018	ttl	4	71	n/a	n/a	n/a	n/a	n/a	n/a	n/a	n/a	n/a	n/a	n/a	n/a	n/a	n/a	n/a	n/a	n/a	n/a	n/a	n/a	n/a	1375.088904	n/a
1375.106432	0.000000	275021	ttl	11	71	n/a	n/a	n/a	n/a	n/a	n/a	n/a	n/a	n/a	n/a	n/a	n/a	n/a	n/a	n/a	n/a	n/a	n/a	n/a	n/a	n/a	1375.106432	n/a
1375.688417	1.527246	275138	scene_recognition	n/a	n/a	n/a	71.0	n/a	n/a	n/a	1375.10643225	n/a	2.4409077052932844	2	3	2	HB_4_frameA_foil.png	1	6	1379.6565712499998	0	8	n/a	n/a	intervals/recognition_table	7	1375.688417	1377.215663
1375.688417	0.000000	275138	ttl	1	71	n/a	n/a	n/a	n/a	n/a	n/a	n/a	n/a	n/a	n/a	n/a	n/a	n/a	n/a	n/a	n/a	n/a	n/a	n/a	n/a	n/a	1375.688417	n/a
1377.215663	0.000000	275443	ttl	2	71	n/a	n/a	n/a	n/a	n/a	n/a	n/a	n/a	n/a	n/a	n/a	n/a	n/a	n/a	n/a	n/a	n/a	n/a	n/a	n/a	n/a	1377.215663	n/a
1379.656571	0.000000	275931	ttl	4	71	n/a	n/a	n/a	n/a	n/a	n/a	n/a	n/a	n/a	n/a	n/a	n/a	n/a	n/a	n/a	n/a	n/a	n/a	n/a	n/a	n/a	1379.656571	n/a
1379.678925	0.000000	275936	ttl	11	71	n/a	n/a	n/a	n/a	n/a	n/a	n/a	n/a	n/a	n/a	n/a	n/a	n/a	n/a	n/a	n/a	n/a	n/a	n/a	n/a	n/a	1379.678925	n/a
1380.200660	1.527857	276040	scene_recognition	n/a	n/a	n/a	71.0	n/a	n/a	n/a	1379.6789254999999	n/a	1.7661237659315248	2	2	2	SB_2_frameB_foil.png	1	6	1383.49464075	0	9	n/a	n/a	intervals/recognition_table	8	1380.200660	1381.728517
1380.200660	0.000000	276040	ttl	1	71	n/a	n/a	n/a	n/a	n/a	n/a	n/a	n/a	n/a	n/a	n/a	n/a	n/a	n/a	n/a	n/a	n/a	n/a	n/a	n/a	n/a	1380.200660	n/a
1381.728517	0.000000	276346	ttl	2	71	n/a	n/a	n/a	n/a	n/a	n/a	n/a	n/a	n/a	n/a	n/a	n/a	n/a	n/a	n/a	n/a	n/a	n/a	n/a	n/a	n/a	1381.728517	n/a
1383.494641	0.000000	276699	ttl	4	71	n/a	n/a	n/a	n/a	n/a	n/a	n/a	n/a	n/a	n/a	n/a	n/a	n/a	n/a	n/a	n/a	n/a	n/a	n/a	n/a	n/a	1383.494641	n/a
1383.507669	0.000000	276702	ttl	11	71	n/a	n/a	n/a	n/a	n/a	n/a	n/a	n/a	n/a	n/a	n/a	n/a	n/a	n/a	n/a	n/a	n/a	n/a	n/a	n/a	n/a	1383.507669	n/a
1384.089614	1.547934	276818	scene_recognition	n/a	n/a	n/a	71.0	n/a	n/a	n/a	1383.5076689999999	n/a	0.0	1	3	0	HB_1_frameA_foil.png	0	1	1385.6385475	0	10	n/a	n/a	intervals/recognition_table	9	1384.089614	1385.637547
1384.089614	0.000000	276818	ttl	1	71	n/a	n/a	n/a	n/a	n/a	n/a	n/a	n/a	n/a	n/a	n/a	n/a	n/a	n/a	n/a	n/a	n/a	n/a	n/a	n/a	n/a	1384.089614	n/a
1385.637547	0.000000	277128	ttl	2	71	n/a	n/a	n/a	n/a	n/a	n/a	n/a	n/a	n/a	n/a	n/a	n/a	n/a	n/a	n/a	n/a	n/a	n/a	n/a	n/a	n/a	1385.637547	n/a
1385.709126	0.000000	277142	ttl	11	71	n/a	n/a	n/a	n/a	n/a	n/a	n/a	n/a	n/a	n/a	n/a	n/a	n/a	n/a	n/a	n/a	n/a	n/a	n/a	n/a	n/a	1385.709126	n/a
1386.311155	1.527344	277262	scene_recognition	n/a	n/a	n/a	71.0	n/a	n/a	n/a	1385.7091255	n/a	4.43794652456495	2	3	3	HB_2_frameA.png	2	2	1392.2764459999999	1	11	n/a	n/a	intervals/recognition_table	10	1386.311155	1387.838499
1386.311155	0.000000	277262	ttl	1	71	n/a	n/a	n/a	n/a	n/a	n/a	n/a	n/a	n/a	n/a	n/a	n/a	n/a	n/a	n/a	n/a	n/a	n/a	n/a	n/a	n/a	1386.311155	n/a
1387.838499	0.000000	277568	ttl	2	71	n/a	n/a	n/a	n/a	n/a	n/a	n/a	n/a	n/a	n/a	n/a	n/a	n/a	n/a	n/a	n/a	n/a	n/a	n/a	n/a	n/a	1387.838499	n/a
1392.276446	0.000000	278455	ttl	4	71	n/a	n/a	n/a	n/a	n/a	n/a	n/a	n/a	n/a	n/a	n/a	n/a	n/a	n/a	n/a	n/a	n/a	n/a	n/a	n/a	n/a	1392.276446	n/a
1392.288309	0.000000	278458	ttl	11	71	n/a	n/a	n/a	n/a	n/a	n/a	n/a	n/a	n/a	n/a	n/a	n/a	n/a	n/a	n/a	n/a	n/a	n/a	n/a	n/a	n/a	1392.288309	n/a
1392.810121	1.547935	278562	scene_recognition	n/a	n/a	n/a	71.0	n/a	n/a	n/a	1392.28830875	n/a	1.6998897711862355	2	3	2	HB_1_frameB.png	2	3	1396.0579452499999	1	12	n/a	n/a	intervals/recognition_table	11	1392.810121	1394.358055
1392.810121	0.000000	278562	ttl	1	71	n/a	n/a	n/a	n/a	n/a	n/a	n/a	n/a	n/a	n/a	n/a	n/a	n/a	n/a	n/a	n/a	n/a	n/a	n/a	n/a	n/a	1392.810121	n/a
1394.358055	0.000000	278872	ttl	2	71	n/a	n/a	n/a	n/a	n/a	n/a	n/a	n/a	n/a	n/a	n/a	n/a	n/a	n/a	n/a	n/a	n/a	n/a	n/a	n/a	n/a	1394.358055	n/a
1396.057945	0.000000	279212	ttl	4	71	n/a	n/a	n/a	n/a	n/a	n/a	n/a	n/a	n/a	n/a	n/a	n/a	n/a	n/a	n/a	n/a	n/a	n/a	n/a	n/a	n/a	1396.057945	n/a
1396.071022	0.000000	279214	ttl	11	71	n/a	n/a	n/a	n/a	n/a	n/a	n/a	n/a	n/a	n/a	n/a	n/a	n/a	n/a	n/a	n/a	n/a	n/a	n/a	n/a	n/a	1396.071022	n/a
1396.652992	1.547247	279331	scene_recognition	n/a	n/a	n/a	71.0	n/a	n/a	n/a	1396.07102175	n/a	1.1732208626281135	2	2	3	SB_3_frameA.png	2	2	1399.37346	1	13	n/a	n/a	intervals/recognition_table	12	1396.652992	1398.200239
1396.652992	0.000000	279331	ttl	1	71	n/a	n/a	n/a	n/a	n/a	n/a	n/a	n/a	n/a	n/a	n/a	n/a	n/a	n/a	n/a	n/a	n/a	n/a	n/a	n/a	n/a	1396.652992	n/a
1398.200239	0.000000	279640	ttl	2	71	n/a	n/a	n/a	n/a	n/a	n/a	n/a	n/a	n/a	n/a	n/a	n/a	n/a	n/a	n/a	n/a	n/a	n/a	n/a	n/a	n/a	1398.200239	n/a
1399.373460	0.000000	279875	ttl	4	71	n/a	n/a	n/a	n/a	n/a	n/a	n/a	n/a	n/a	n/a	n/a	n/a	n/a	n/a	n/a	n/a	n/a	n/a	n/a	n/a	n/a	1399.373460	n/a
1399.390146	0.000000	279878	ttl	11	71	n/a	n/a	n/a	n/a	n/a	n/a	n/a	n/a	n/a	n/a	n/a	n/a	n/a	n/a	n/a	n/a	n/a	n/a	n/a	n/a	n/a	1399.390146	n/a
1399.972098	1.530066	279994	scene_recognition	n/a	n/a	n/a	71.0	n/a	n/a	n/a	1399.390146	n/a	0.0	1	3	0	HB_9_frameB_foil.png	0	1	1401.5031645	0	14	n/a	n/a	intervals/recognition_table	13	1399.972098	1401.502164
1399.972098	0.000000	279994	ttl	1	71	n/a	n/a	n/a	n/a	n/a	n/a	n/a	n/a	n/a	n/a	n/a	n/a	n/a	n/a	n/a	n/a	n/a	n/a	n/a	n/a	n/a	1399.972098	n/a
1401.502164	0.000000	280300	ttl	2	71	n/a	n/a	n/a	n/a	n/a	n/a	n/a	n/a	n/a	n/a	n/a	n/a	n/a	n/a	n/a	n/a	n/a	n/a	n/a	n/a	n/a	1401.502164	n/a
1404.824380	0.000000	280965	ttl	11	71	n/a	n/a	n/a	n/a	n/a	n/a	n/a	n/a	n/a	n/a	n/a	n/a	n/a	n/a	n/a	n/a	n/a	n/a	n/a	n/a	n/a	1404.824380	n/a
1405.426433	1.547196	281085	scene_recognition	n/a	n/a	n/a	71.0	n/a	n/a	n/a	1404.82438	n/a	1.5312111294340411	2	2	3	SB_6_frameB_foil.png	1	7	1408.50483975	0	15	n/a	n/a	intervals/recognition_table	14	1405.426433	1406.973628
1405.426433	0.000000	281085	ttl	1	71	n/a	n/a	n/a	n/a	n/a	n/a	n/a	n/a	n/a	n/a	n/a	n/a	n/a	n/a	n/a	n/a	n/a	n/a	n/a	n/a	n/a	1405.426433	n/a
1406.973628	0.000000	281395	ttl	2	71	n/a	n/a	n/a	n/a	n/a	n/a	n/a	n/a	n/a	n/a	n/a	n/a	n/a	n/a	n/a	n/a	n/a	n/a	n/a	n/a	n/a	1406.973628	n/a
1408.504840	0.000000	281701	ttl	4	71	n/a	n/a	n/a	n/a	n/a	n/a	n/a	n/a	n/a	n/a	n/a	n/a	n/a	n/a	n/a	n/a	n/a	n/a	n/a	n/a	n/a	1408.504840	n/a
1408.512270	0.000000	281702	ttl	11	71	n/a	n/a	n/a	n/a	n/a	n/a	n/a	n/a	n/a	n/a	n/a	n/a	n/a	n/a	n/a	n/a	n/a	n/a	n/a	n/a	n/a	1408.512270	n/a
1409.054171	1.527233	281811	scene_recognition	n/a	n/a	n/a	71.0	n/a	n/a	n/a	1408.5122695	n/a	2.0134485359717473	2	1	3	NB_20_frameB_foil.png	1	7	1412.5948525	0	16	n/a	n/a	intervals/recognition_table	15	1409.054171	1410.581404
1409.054171	0.000000	281811	ttl	1	71	n/a	n/a	n/a	n/a	n/a	n/a	n/a	n/a	n/a	n/a	n/a	n/a	n/a	n/a	n/a	n/a	n/a	n/a	n/a	n/a	n/a	1409.054171	n/a
1410.581404	0.000000	282116	ttl	2	71	n/a	n/a	n/a	n/a	n/a	n/a	n/a	n/a	n/a	n/a	n/a	n/a	n/a	n/a	n/a	n/a	n/a	n/a	n/a	n/a	n/a	1410.581404	n/a
1412.594852	0.000000	282519	ttl	4	71	n/a	n/a	n/a	n/a	n/a	n/a	n/a	n/a	n/a	n/a	n/a	n/a	n/a	n/a	n/a	n/a	n/a	n/a	n/a	n/a	n/a	1412.594852	n/a
1412.601835	0.000000	282520	ttl	11	71	n/a	n/a	n/a	n/a	n/a	n/a	n/a	n/a	n/a	n/a	n/a	n/a	n/a	n/a	n/a	n/a	n/a	n/a	n/a	n/a	n/a	1412.601835	n/a
1413.163668	1.547210	282633	scene_recognition	n/a	n/a	n/a	71.0	n/a	n/a	n/a	1412.6018347499999	n/a	2.7605384021826467	2	3	3	HB_4_frameB_foil.png	1	7	1417.4714172499998	0	17	n/a	n/a	intervals/recognition_table	16	1413.163668	1414.710879
1413.163668	0.000000	282633	ttl	1	71	n/a	n/a	n/a	n/a	n/a	n/a	n/a	n/a	n/a	n/a	n/a	n/a	n/a	n/a	n/a	n/a	n/a	n/a	n/a	n/a	n/a	1413.163668	n/a
1414.710879	0.000000	282942	ttl	2	71	n/a	n/a	n/a	n/a	n/a	n/a	n/a	n/a	n/a	n/a	n/a	n/a	n/a	n/a	n/a	n/a	n/a	n/a	n/a	n/a	n/a	1414.710879	n/a
1417.471417	0.000000	283494	ttl	4	71	n/a	n/a	n/a	n/a	n/a	n/a	n/a	n/a	n/a	n/a	n/a	n/a	n/a	n/a	n/a	n/a	n/a	n/a	n/a	n/a	n/a	1417.471417	n/a
1417.491700	0.000000	283498	ttl	11	71	n/a	n/a	n/a	n/a	n/a	n/a	n/a	n/a	n/a	n/a	n/a	n/a	n/a	n/a	n/a	n/a	n/a	n/a	n/a	n/a	n/a	1417.491700	n/a
1417.993434	1.527820	283599	scene_recognition	n/a	n/a	n/a	71.0	n/a	n/a	n/a	1417.49169975	n/a	1.6754217109862566	2	3	3	HB_7_frameB_foil.png	1	7	1421.19667575	0	18	n/a	n/a	intervals/recognition_table	17	1417.993434	1419.521254
1417.993434	0.000000	283599	ttl	1	71	n/a	n/a	n/a	n/a	n/a	n/a	n/a	n/a	n/a	n/a	n/a	n/a	n/a	n/a	n/a	n/a	n/a	n/a	n/a	n/a	n/a	1417.993434	n/a
1419.521254	0.000000	283904	ttl	2	71	n/a	n/a	n/a	n/a	n/a	n/a	n/a	n/a	n/a	n/a	n/a	n/a	n/a	n/a	n/a	n/a	n/a	n/a	n/a	n/a	n/a	1419.521254	n/a
1421.196676	0.000000	284239	ttl	4	71	n/a	n/a	n/a	n/a	n/a	n/a	n/a	n/a	n/a	n/a	n/a	n/a	n/a	n/a	n/a	n/a	n/a	n/a	n/a	n/a	n/a	1421.196676	n/a
1421.212567	0.000000	284243	ttl	11	71	n/a	n/a	n/a	n/a	n/a	n/a	n/a	n/a	n/a	n/a	n/a	n/a	n/a	n/a	n/a	n/a	n/a	n/a	n/a	n/a	n/a	1421.212567	n/a
1421.754356	1.527823	284351	scene_recognition	n/a	n/a	n/a	71.0	n/a	n/a	n/a	1421.212567	n/a	1.8854119398436069	2	1	3	NB_12_frameB_foil.png	1	7	1425.1675914999998	0	19	n/a	n/a	intervals/recognition_table	18	1421.754356	1423.282180
1421.754356	0.000000	284351	ttl	1	71	n/a	n/a	n/a	n/a	n/a	n/a	n/a	n/a	n/a	n/a	n/a	n/a	n/a	n/a	n/a	n/a	n/a	n/a	n/a	n/a	n/a	1421.754356	n/a
1423.282180	0.000000	284656	ttl	2	71	n/a	n/a	n/a	n/a	n/a	n/a	n/a	n/a	n/a	n/a	n/a	n/a	n/a	n/a	n/a	n/a	n/a	n/a	n/a	n/a	n/a	1423.282180	n/a
1425.167591	0.000000	285034	ttl	4	71	n/a	n/a	n/a	n/a	n/a	n/a	n/a	n/a	n/a	n/a	n/a	n/a	n/a	n/a	n/a	n/a	n/a	n/a	n/a	n/a	n/a	1425.167591	n/a
1425.186555	0.000000	285037	ttl	11	71	n/a	n/a	n/a	n/a	n/a	n/a	n/a	n/a	n/a	n/a	n/a	n/a	n/a	n/a	n/a	n/a	n/a	n/a	n/a	n/a	n/a	1425.186555	n/a
1425.788545	1.527415	285158	scene_recognition	n/a	n/a	n/a	71.0	n/a	n/a	n/a	1425.1865552499999	n/a	1.667055144588403	2	2	3	SB_8_frameB.png	2	2	1428.9830155	1	20	n/a	n/a	intervals/recognition_table	19	1425.788545	1427.315960
1425.788545	0.000000	285158	ttl	1	71	n/a	n/a	n/a	n/a	n/a	n/a	n/a	n/a	n/a	n/a	n/a	n/a	n/a	n/a	n/a	n/a	n/a	n/a	n/a	n/a	n/a	1425.788545	n/a
1427.315960	0.000000	285463	ttl	2	71	n/a	n/a	n/a	n/a	n/a	n/a	n/a	n/a	n/a	n/a	n/a	n/a	n/a	n/a	n/a	n/a	n/a	n/a	n/a	n/a	n/a	1427.315960	n/a
1428.983015	0.000000	285797	ttl	4	71	n/a	n/a	n/a	n/a	n/a	n/a	n/a	n/a	n/a	n/a	n/a	n/a	n/a	n/a	n/a	n/a	n/a	n/a	n/a	n/a	n/a	1428.983015	n/a
1429.002304	0.000000	285800	ttl	11	71	n/a	n/a	n/a	n/a	n/a	n/a	n/a	n/a	n/a	n/a	n/a	n/a	n/a	n/a	n/a	n/a	n/a	n/a	n/a	n/a	n/a	1429.002304	n/a
1429.563967	1.547721	285913	scene_recognition	n/a	n/a	n/a	71.0	n/a	n/a	n/a	1429.00230425	n/a	2.1251411831322002	2	3	2	HB_2_frameB_foil.png	1	6	1433.23682975	0	21	n/a	n/a	intervals/recognition_table	20	1429.563967	1431.111688
1429.563967	0.000000	285913	ttl	1	71	n/a	n/a	n/a	n/a	n/a	n/a	n/a	n/a	n/a	n/a	n/a	n/a	n/a	n/a	n/a	n/a	n/a	n/a	n/a	n/a	n/a	1429.563967	n/a
1431.111688	0.000000	286222	ttl	2	71	n/a	n/a	n/a	n/a	n/a	n/a	n/a	n/a	n/a	n/a	n/a	n/a	n/a	n/a	n/a	n/a	n/a	n/a	n/a	n/a	n/a	1431.111688	n/a
1433.236830	0.000000	286647	ttl	4	71	n/a	n/a	n/a	n/a	n/a	n/a	n/a	n/a	n/a	n/a	n/a	n/a	n/a	n/a	n/a	n/a	n/a	n/a	n/a	n/a	n/a	1433.236830	n/a
1433.242074	0.000000	286648	ttl	11	71	n/a	n/a	n/a	n/a	n/a	n/a	n/a	n/a	n/a	n/a	n/a	n/a	n/a	n/a	n/a	n/a	n/a	n/a	n/a	n/a	n/a	1433.242074	n/a
1433.804183	1.527323	286761	scene_recognition	n/a	n/a	n/a	71.0	n/a	n/a	n/a	1433.242074	n/a	0.821139009276294	2	3	2	HB_1_frameB_foil.png	1	6	1436.1526445	0	22	n/a	n/a	intervals/recognition_table	21	1433.804183	1435.331506
1433.804183	0.000000	286761	ttl	1	71	n/a	n/a	n/a	n/a	n/a	n/a	n/a	n/a	n/a	n/a	n/a	n/a	n/a	n/a	n/a	n/a	n/a	n/a	n/a	n/a	n/a	1433.804183	n/a
1435.331506	0.000000	287066	ttl	2	71	n/a	n/a	n/a	n/a	n/a	n/a	n/a	n/a	n/a	n/a	n/a	n/a	n/a	n/a	n/a	n/a	n/a	n/a	n/a	n/a	n/a	1435.331506	n/a
1436.152644	0.000000	287231	ttl	4	71	n/a	n/a	n/a	n/a	n/a	n/a	n/a	n/a	n/a	n/a	n/a	n/a	n/a	n/a	n/a	n/a	n/a	n/a	n/a	n/a	n/a	1436.152644	n/a
1436.160565	0.000000	287232	ttl	11	71	n/a	n/a	n/a	n/a	n/a	n/a	n/a	n/a	n/a	n/a	n/a	n/a	n/a	n/a	n/a	n/a	n/a	n/a	n/a	n/a	n/a	1436.160565	n/a
1436.702438	1.527755	287340	scene_recognition	n/a	n/a	n/a	71.0	n/a	n/a	n/a	1436.16056475	n/a	1.7770437786555249	2	1	2	NB_22_frameB_foil.png	1	6	1440.007237	0	23	n/a	n/a	intervals/recognition_table	22	1436.702438	1438.230193
1436.702438	0.000000	287340	ttl	1	71	n/a	n/a	n/a	n/a	n/a	n/a	n/a	n/a	n/a	n/a	n/a	n/a	n/a	n/a	n/a	n/a	n/a	n/a	n/a	n/a	n/a	1436.702438	n/a
1438.230193	0.000000	287646	ttl	2	71	n/a	n/a	n/a	n/a	n/a	n/a	n/a	n/a	n/a	n/a	n/a	n/a	n/a	n/a	n/a	n/a	n/a	n/a	n/a	n/a	n/a	1438.230193	n/a
1440.007237	0.000000	288001	ttl	4	71	n/a	n/a	n/a	n/a	n/a	n/a	n/a	n/a	n/a	n/a	n/a	n/a	n/a	n/a	n/a	n/a	n/a	n/a	n/a	n/a	n/a	1440.007237	n/a
1440.012815	0.000000	288003	ttl	11	71	n/a	n/a	n/a	n/a	n/a	n/a	n/a	n/a	n/a	n/a	n/a	n/a	n/a	n/a	n/a	n/a	n/a	n/a	n/a	n/a	n/a	1440.012815	n/a
1440.594924	1.547362	288119	scene_recognition	n/a	n/a	n/a	71.0	n/a	n/a	n/a	1440.01281525	n/a	1.278983443782863	2	2	3	SB_4_frameB.png	2	2	1443.42126975	1	24	n/a	n/a	intervals/recognition_table	23	1440.594924	1442.142286
1440.594924	0.000000	288119	ttl	1	71	n/a	n/a	n/a	n/a	n/a	n/a	n/a	n/a	n/a	n/a	n/a	n/a	n/a	n/a	n/a	n/a	n/a	n/a	n/a	n/a	n/a	1440.594924	n/a
1442.142286	0.000000	288428	ttl	2	71	n/a	n/a	n/a	n/a	n/a	n/a	n/a	n/a	n/a	n/a	n/a	n/a	n/a	n/a	n/a	n/a	n/a	n/a	n/a	n/a	n/a	1442.142286	n/a
1443.421270	0.000000	288684	ttl	4	71	n/a	n/a	n/a	n/a	n/a	n/a	n/a	n/a	n/a	n/a	n/a	n/a	n/a	n/a	n/a	n/a	n/a	n/a	n/a	n/a	n/a	1443.421270	n/a
1443.431834	0.000000	288686	ttl	11	71	n/a	n/a	n/a	n/a	n/a	n/a	n/a	n/a	n/a	n/a	n/a	n/a	n/a	n/a	n/a	n/a	n/a	n/a	n/a	n/a	n/a	1443.431834	n/a
1443.993866	1.547255	288799	scene_recognition	n/a	n/a	n/a	71.0	n/a	n/a	n/a	1443.4318335	n/a	0.0	1	1	0	NB_18_frameB_foil.png	0	1	1445.5421205	0	25	n/a	n/a	intervals/recognition_table	24	1443.993866	1445.541121
1443.993866	0.000000	288799	ttl	1	71	n/a	n/a	n/a	n/a	n/a	n/a	n/a	n/a	n/a	n/a	n/a	n/a	n/a	n/a	n/a	n/a	n/a	n/a	n/a	n/a	n/a	1443.993866	n/a
1445.541121	0.000000	289108	ttl	2	71	n/a	n/a	n/a	n/a	n/a	n/a	n/a	n/a	n/a	n/a	n/a	n/a	n/a	n/a	n/a	n/a	n/a	n/a	n/a	n/a	n/a	1445.541121	n/a
1447.528377	0.000000	289506	ttl	11	71	n/a	n/a	n/a	n/a	n/a	n/a	n/a	n/a	n/a	n/a	n/a	n/a	n/a	n/a	n/a	n/a	n/a	n/a	n/a	n/a	n/a	1447.528377	n/a
1448.130418	1.547205	289626	scene_recognition	n/a	n/a	n/a	71.0	n/a	n/a	n/a	1447.52837725	n/a	0.0	1	3	0	HB_6_frameA.png	0	1	1449.678623	1	26	n/a	n/a	intervals/recognition_table	25	1448.130418	1449.677623
1448.130418	0.000000	289626	ttl	1	71	n/a	n/a	n/a	n/a	n/a	n/a	n/a	n/a	n/a	n/a	n/a	n/a	n/a	n/a	n/a	n/a	n/a	n/a	n/a	n/a	n/a	1448.130418	n/a
1449.677623	0.000000	289936	ttl	2	71	n/a	n/a	n/a	n/a	n/a	n/a	n/a	n/a	n/a	n/a	n/a	n/a	n/a	n/a	n/a	n/a	n/a	n/a	n/a	n/a	n/a	1449.677623	n/a
1451.538710	0.000000	290308	ttl	11	71	n/a	n/a	n/a	n/a	n/a	n/a	n/a	n/a	n/a	n/a	n/a	n/a	n/a	n/a	n/a	n/a	n/a	n/a	n/a	n/a	n/a	1451.538710	n/a
1452.140758	1.527527	290428	scene_recognition	n/a	n/a	n/a	71.0	n/a	n/a	n/a	1451.53870975	n/a	0.0	1	3	0	HB_2_frameA.png	0	1	1453.6692847499999	1	27	n/a	n/a	intervals/recognition_table	26	1452.140758	1453.668285
1452.140758	0.000000	290428	ttl	1	71	n/a	n/a	n/a	n/a	n/a	n/a	n/a	n/a	n/a	n/a	n/a	n/a	n/a	n/a	n/a	n/a	n/a	n/a	n/a	n/a	n/a	1452.140758	n/a
1453.668285	0.000000	290734	ttl	2	71	n/a	n/a	n/a	n/a	n/a	n/a	n/a	n/a	n/a	n/a	n/a	n/a	n/a	n/a	n/a	n/a	n/a	n/a	n/a	n/a	n/a	1453.668285	n/a
1456.562694	0.000000	291313	ttl	11	71	n/a	n/a	n/a	n/a	n/a	n/a	n/a	n/a	n/a	n/a	n/a	n/a	n/a	n/a	n/a	n/a	n/a	n/a	n/a	n/a	n/a	1456.562694	n/a
1457.104495	1.547155	291421	scene_recognition	n/a	n/a	n/a	71.0	n/a	n/a	n/a	1456.5626942499998	n/a	0.9416113499237326	2	3	2	HB_2_frameA.png	2	3	1459.5932619999999	1	28	n/a	n/a	intervals/recognition_table	27	1457.104495	1458.651650
1457.104495	0.000000	291421	ttl	1	71	n/a	n/a	n/a	n/a	n/a	n/a	n/a	n/a	n/a	n/a	n/a	n/a	n/a	n/a	n/a	n/a	n/a	n/a	n/a	n/a	n/a	1457.104495	n/a
1458.651650	0.000000	291730	ttl	2	71	n/a	n/a	n/a	n/a	n/a	n/a	n/a	n/a	n/a	n/a	n/a	n/a	n/a	n/a	n/a	n/a	n/a	n/a	n/a	n/a	n/a	1458.651650	n/a
1459.593262	0.000000	291919	ttl	4	71	n/a	n/a	n/a	n/a	n/a	n/a	n/a	n/a	n/a	n/a	n/a	n/a	n/a	n/a	n/a	n/a	n/a	n/a	n/a	n/a	n/a	1459.593262	n/a
1459.607951	0.000000	291922	ttl	11	71	n/a	n/a	n/a	n/a	n/a	n/a	n/a	n/a	n/a	n/a	n/a	n/a	n/a	n/a	n/a	n/a	n/a	n/a	n/a	n/a	n/a	1459.607951	n/a
1460.149553	1.547380	292030	scene_recognition	n/a	n/a	n/a	71.0	n/a	n/a	n/a	1459.6079515	n/a	1.3765699022667377	2	1	2	NB_30_frameB_foil.png	1	6	1463.0735029999998	0	29	n/a	n/a	intervals/recognition_table	28	1460.149553	1461.696933
1460.149553	0.000000	292030	ttl	1	71	n/a	n/a	n/a	n/a	n/a	n/a	n/a	n/a	n/a	n/a	n/a	n/a	n/a	n/a	n/a	n/a	n/a	n/a	n/a	n/a	n/a	1460.149553	n/a
1461.696933	0.000000	292339	ttl	2	71	n/a	n/a	n/a	n/a	n/a	n/a	n/a	n/a	n/a	n/a	n/a	n/a	n/a	n/a	n/a	n/a	n/a	n/a	n/a	n/a	n/a	1461.696933	n/a
1463.073503	0.000000	292615	ttl	4	71	n/a	n/a	n/a	n/a	n/a	n/a	n/a	n/a	n/a	n/a	n/a	n/a	n/a	n/a	n/a	n/a	n/a	n/a	n/a	n/a	n/a	1463.073503	n/a
1463.078837	0.000000	292616	ttl	11	71	n/a	n/a	n/a	n/a	n/a	n/a	n/a	n/a	n/a	n/a	n/a	n/a	n/a	n/a	n/a	n/a	n/a	n/a	n/a	n/a	n/a	1463.078837	n/a
1463.600603	1.527396	292720	scene_recognition	n/a	n/a	n/a	71.0	n/a	n/a	n/a	1463.0788375	n/a	2.0328734424851973	2	1	3	NB_7_frameB.png	2	2	1467.16087275	1	30	n/a	n/a	intervals/recognition_table	29	1463.600603	1465.127999
1463.600603	0.000000	292720	ttl	1	71	n/a	n/a	n/a	n/a	n/a	n/a	n/a	n/a	n/a	n/a	n/a	n/a	n/a	n/a	n/a	n/a	n/a	n/a	n/a	n/a	n/a	1463.600603	n/a
1465.127999	0.000000	293026	ttl	2	71	n/a	n/a	n/a	n/a	n/a	n/a	n/a	n/a	n/a	n/a	n/a	n/a	n/a	n/a	n/a	n/a	n/a	n/a	n/a	n/a	n/a	1465.127999	n/a
1467.160873	0.000000	293432	ttl	4	71	n/a	n/a	n/a	n/a	n/a	n/a	n/a	n/a	n/a	n/a	n/a	n/a	n/a	n/a	n/a	n/a	n/a	n/a	n/a	n/a	n/a	1467.160873	n/a
1467.180374	0.000000	293436	ttl	11	71	n/a	n/a	n/a	n/a	n/a	n/a	n/a	n/a	n/a	n/a	n/a	n/a	n/a	n/a	n/a	n/a	n/a	n/a	n/a	n/a	n/a	1467.180374	n/a
1467.702063	1.527418	293540	scene_recognition	n/a	n/a	n/a	71.0	n/a	n/a	n/a	1467.1803742499999	n/a	2.0620735491650066	2	2	3	SB_1_frameB.png	2	2	1471.29155425	1	31	n/a	n/a	intervals/recognition_table	30	1467.702063	1469.229481
1467.702063	0.000000	293540	ttl	1	71	n/a	n/a	n/a	n/a	n/a	n/a	n/a	n/a	n/a	n/a	n/a	n/a	n/a	n/a	n/a	n/a	n/a	n/a	n/a	n/a	n/a	1467.702063	n/a
1469.229481	0.000000	293846	ttl	2	71	n/a	n/a	n/a	n/a	n/a	n/a	n/a	n/a	n/a	n/a	n/a	n/a	n/a	n/a	n/a	n/a	n/a	n/a	n/a	n/a	n/a	1469.229481	n/a
1471.291554	0.000000	294258	ttl	4	71	n/a	n/a	n/a	n/a	n/a	n/a	n/a	n/a	n/a	n/a	n/a	n/a	n/a	n/a	n/a	n/a	n/a	n/a	n/a	n/a	n/a	1471.291554	n/a
1471.297808	0.000000	294260	ttl	11	71	n/a	n/a	n/a	n/a	n/a	n/a	n/a	n/a	n/a	n/a	n/a	n/a	n/a	n/a	n/a	n/a	n/a	n/a	n/a	n/a	n/a	1471.297808	n/a
1471.839625	1.527361	294368	scene_recognition	n/a	n/a	n/a	71.0	n/a	n/a	n/a	1471.2978085	n/a	1.990692403082221	2	1	3	NB_4_frameB_foil.png	1	7	1475.3576779999999	0	32	n/a	n/a	intervals/recognition_table	31	1471.839625	1473.366986
1471.839625	0.000000	294368	ttl	1	71	n/a	n/a	n/a	n/a	n/a	n/a	n/a	n/a	n/a	n/a	n/a	n/a	n/a	n/a	n/a	n/a	n/a	n/a	n/a	n/a	n/a	1471.839625	n/a
1473.366986	0.000000	294673	ttl	2	71	n/a	n/a	n/a	n/a	n/a	n/a	n/a	n/a	n/a	n/a	n/a	n/a	n/a	n/a	n/a	n/a	n/a	n/a	n/a	n/a	n/a	1473.366986	n/a
1475.357678	0.000000	295072	ttl	4	71	n/a	n/a	n/a	n/a	n/a	n/a	n/a	n/a	n/a	n/a	n/a	n/a	n/a	n/a	n/a	n/a	n/a	n/a	n/a	n/a	n/a	1475.357678	n/a
1475.365562	0.000000	295073	ttl	11	71	n/a	n/a	n/a	n/a	n/a	n/a	n/a	n/a	n/a	n/a	n/a	n/a	n/a	n/a	n/a	n/a	n/a	n/a	n/a	n/a	n/a	1475.365562	n/a
1475.947532	1.547938	295190	scene_recognition	n/a	n/a	n/a	71.0	n/a	n/a	n/a	1475.36556225	n/a	0.5538024226279958	2	1	3	NB_2_frameB_foil.png	1	7	1478.04927325	0	33	n/a	n/a	intervals/recognition_table	32	1475.947532	1477.495471
1475.947532	0.000000	295190	ttl	1	71	n/a	n/a	n/a	n/a	n/a	n/a	n/a	n/a	n/a	n/a	n/a	n/a	n/a	n/a	n/a	n/a	n/a	n/a	n/a	n/a	n/a	1475.947532	n/a
1477.495471	0.000000	295499	ttl	2	71	n/a	n/a	n/a	n/a	n/a	n/a	n/a	n/a	n/a	n/a	n/a	n/a	n/a	n/a	n/a	n/a	n/a	n/a	n/a	n/a	n/a	1477.495471	n/a
1478.049273	0.000000	295610	ttl	4	71	n/a	n/a	n/a	n/a	n/a	n/a	n/a	n/a	n/a	n/a	n/a	n/a	n/a	n/a	n/a	n/a	n/a	n/a	n/a	n/a	n/a	1478.049273	n/a
1478.068871	0.000000	295614	ttl	11	71	n/a	n/a	n/a	n/a	n/a	n/a	n/a	n/a	n/a	n/a	n/a	n/a	n/a	n/a	n/a	n/a	n/a	n/a	n/a	n/a	n/a	1478.068871	n/a
1478.570537	1.547944	295714	scene_recognition	n/a	n/a	n/a	71.0	n/a	n/a	n/a	1478.06887125	n/a	1.4007778949892327	2	2	2	SB_1_frameB_foil.png	1	6	1481.519259	0	34	n/a	n/a	intervals/recognition_table	33	1478.570537	1480.118481
1478.570537	0.000000	295714	ttl	1	71	n/a	n/a	n/a	n/a	n/a	n/a	n/a	n/a	n/a	n/a	n/a	n/a	n/a	n/a	n/a	n/a	n/a	n/a	n/a	n/a	n/a	1478.570537	n/a
1480.118481	0.000000	296024	ttl	2	71	n/a	n/a	n/a	n/a	n/a	n/a	n/a	n/a	n/a	n/a	n/a	n/a	n/a	n/a	n/a	n/a	n/a	n/a	n/a	n/a	n/a	1480.118481	n/a
1481.519259	0.000000	296304	ttl	4	71	n/a	n/a	n/a	n/a	n/a	n/a	n/a	n/a	n/a	n/a	n/a	n/a	n/a	n/a	n/a	n/a	n/a	n/a	n/a	n/a	n/a	1481.519259	n/a
1481.534167	0.000000	296307	ttl	11	71	n/a	n/a	n/a	n/a	n/a	n/a	n/a	n/a	n/a	n/a	n/a	n/a	n/a	n/a	n/a	n/a	n/a	n/a	n/a	n/a	n/a	1481.534167	n/a
1482.096086	1.547274	296419	scene_recognition	n/a	n/a	n/a	71.0	n/a	n/a	n/a	1481.5341675	n/a	0.8938215434620815	2	3	3	HB_1_frameA_foil.png	1	7	1484.5371814999999	0	35	n/a	n/a	intervals/recognition_table	34	1482.096086	1483.643360
1482.096086	0.000000	296419	ttl	1	71	n/a	n/a	n/a	n/a	n/a	n/a	n/a	n/a	n/a	n/a	n/a	n/a	n/a	n/a	n/a	n/a	n/a	n/a	n/a	n/a	n/a	1482.096086	n/a
1483.643360	0.000000	296729	ttl	2	71	n/a	n/a	n/a	n/a	n/a	n/a	n/a	n/a	n/a	n/a	n/a	n/a	n/a	n/a	n/a	n/a	n/a	n/a	n/a	n/a	n/a	1483.643360	n/a
1484.537181	0.000000	296907	ttl	4	71	n/a	n/a	n/a	n/a	n/a	n/a	n/a	n/a	n/a	n/a	n/a	n/a	n/a	n/a	n/a	n/a	n/a	n/a	n/a	n/a	n/a	1484.537181	n/a
1484.558504	0.000000	296912	ttl	11	71	n/a	n/a	n/a	n/a	n/a	n/a	n/a	n/a	n/a	n/a	n/a	n/a	n/a	n/a	n/a	n/a	n/a	n/a	n/a	n/a	n/a	1484.558504	n/a
1485.080262	1.527240	297016	scene_recognition	n/a	n/a	n/a	71.0	n/a	n/a	n/a	1484.5585039999999	n/a	1.4018764211821235	2	3	2	HB_8_frameA_foil.png	1	6	1488.0093785	0	36	n/a	n/a	intervals/recognition_table	35	1485.080262	1486.607502
1485.080262	0.000000	297016	ttl	1	71	n/a	n/a	n/a	n/a	n/a	n/a	n/a	n/a	n/a	n/a	n/a	n/a	n/a	n/a	n/a	n/a	n/a	n/a	n/a	n/a	n/a	1485.080262	n/a
1486.607502	0.000000	297322	ttl	2	71	n/a	n/a	n/a	n/a	n/a	n/a	n/a	n/a	n/a	n/a	n/a	n/a	n/a	n/a	n/a	n/a	n/a	n/a	n/a	n/a	n/a	1486.607502	n/a
1488.009378	0.000000	297602	ttl	4	71	n/a	n/a	n/a	n/a	n/a	n/a	n/a	n/a	n/a	n/a	n/a	n/a	n/a	n/a	n/a	n/a	n/a	n/a	n/a	n/a	n/a	1488.009378	n/a
1488.027210	0.000000	297605	ttl	11	71	n/a	n/a	n/a	n/a	n/a	n/a	n/a	n/a	n/a	n/a	n/a	n/a	n/a	n/a	n/a	n/a	n/a	n/a	n/a	n/a	n/a	1488.027210	n/a
1488.589132	1.527364	297718	scene_recognition	n/a	n/a	n/a	71.0	n/a	n/a	n/a	1488.0272102499998	n/a	1.1997388525976476	2	1	3	NB_13_frameB.png	2	2	1491.316235	1	37	n/a	n/a	intervals/recognition_table	36	1488.589132	1490.116496
1488.589132	0.000000	297718	ttl	1	71	n/a	n/a	n/a	n/a	n/a	n/a	n/a	n/a	n/a	n/a	n/a	n/a	n/a	n/a	n/a	n/a	n/a	n/a	n/a	n/a	n/a	1488.589132	n/a
1490.116496	0.000000	298023	ttl	2	71	n/a	n/a	n/a	n/a	n/a	n/a	n/a	n/a	n/a	n/a	n/a	n/a	n/a	n/a	n/a	n/a	n/a	n/a	n/a	n/a	n/a	1490.116496	n/a
1491.316235	0.000000	298263	ttl	4	71	n/a	n/a	n/a	n/a	n/a	n/a	n/a	n/a	n/a	n/a	n/a	n/a	n/a	n/a	n/a	n/a	n/a	n/a	n/a	n/a	n/a	1491.316235	n/a
1491.337511	0.000000	298268	ttl	11	71	n/a	n/a	n/a	n/a	n/a	n/a	n/a	n/a	n/a	n/a	n/a	n/a	n/a	n/a	n/a	n/a	n/a	n/a	n/a	n/a	n/a	1491.337511	n/a
1491.839146	1.547301	298368	scene_recognition	n/a	n/a	n/a	71.0	n/a	n/a	n/a	1491.3375107499999	n/a	2.745461725147834	2	3	3	HB_1_frameB_foil.png	1	7	1496.1319095	0	38	n/a	n/a	intervals/recognition_table	37	1491.839146	1493.386448
1491.839146	0.000000	298368	ttl	1	71	n/a	n/a	n/a	n/a	n/a	n/a	n/a	n/a	n/a	n/a	n/a	n/a	n/a	n/a	n/a	n/a	n/a	n/a	n/a	n/a	n/a	1491.839146	n/a
1493.386448	0.000000	298677	ttl	2	71	n/a	n/a	n/a	n/a	n/a	n/a	n/a	n/a	n/a	n/a	n/a	n/a	n/a	n/a	n/a	n/a	n/a	n/a	n/a	n/a	n/a	1493.386448	n/a
1496.131909	0.000000	299226	ttl	4	71	n/a	n/a	n/a	n/a	n/a	n/a	n/a	n/a	n/a	n/a	n/a	n/a	n/a	n/a	n/a	n/a	n/a	n/a	n/a	n/a	n/a	1496.131909	n/a
1496.149223	0.000000	299230	ttl	11	71	n/a	n/a	n/a	n/a	n/a	n/a	n/a	n/a	n/a	n/a	n/a	n/a	n/a	n/a	n/a	n/a	n/a	n/a	n/a	n/a	n/a	1496.149223	n/a
1496.711090	1.527310	299342	scene_recognition	n/a	n/a	n/a	71.0	n/a	n/a	n/a	1496.1492234999998	n/a	2.2025746610524948	2	1	3	NB_23_frameB.png	2	2	1500.44097475	1	39	n/a	n/a	intervals/recognition_table	38	1496.711090	1498.238400
1496.711090	0.000000	299342	ttl	1	71	n/a	n/a	n/a	n/a	n/a	n/a	n/a	n/a	n/a	n/a	n/a	n/a	n/a	n/a	n/a	n/a	n/a	n/a	n/a	n/a	n/a	1496.711090	n/a
1498.238400	0.000000	299648	ttl	2	71	n/a	n/a	n/a	n/a	n/a	n/a	n/a	n/a	n/a	n/a	n/a	n/a	n/a	n/a	n/a	n/a	n/a	n/a	n/a	n/a	n/a	1498.238400	n/a
1500.440975	0.000000	300088	ttl	4	71	n/a	n/a	n/a	n/a	n/a	n/a	n/a	n/a	n/a	n/a	n/a	n/a	n/a	n/a	n/a	n/a	n/a	n/a	n/a	n/a	n/a	1500.440975	n/a
1500.449525	0.000000	300090	ttl	11	71	n/a	n/a	n/a	n/a	n/a	n/a	n/a	n/a	n/a	n/a	n/a	n/a	n/a	n/a	n/a	n/a	n/a	n/a	n/a	n/a	n/a	1500.449525	n/a
1501.031567	1.547937	300206	scene_recognition	n/a	n/a	n/a	71.0	n/a	n/a	n/a	1500.44952475	n/a	0.315818680277971	2	3	2	HB_3_frameA.png	2	3	1502.8953235	1	40	n/a	n/a	intervals/recognition_table	39	1501.031567	1502.579505
1501.031567	0.000000	300206	ttl	1	71	n/a	n/a	n/a	n/a	n/a	n/a	n/a	n/a	n/a	n/a	n/a	n/a	n/a	n/a	n/a	n/a	n/a	n/a	n/a	n/a	n/a	1501.031567	n/a
1502.579505	0.000000	300516	ttl	2	71	n/a	n/a	n/a	n/a	n/a	n/a	n/a	n/a	n/a	n/a	n/a	n/a	n/a	n/a	n/a	n/a	n/a	n/a	n/a	n/a	n/a	1502.579505	n/a
1502.895323	0.000000	300579	ttl	4	71	n/a	n/a	n/a	n/a	n/a	n/a	n/a	n/a	n/a	n/a	n/a	n/a	n/a	n/a	n/a	n/a	n/a	n/a	n/a	n/a	n/a	1502.895323	n/a
1502.907083	0.000000	300581	ttl	11	71	n/a	n/a	n/a	n/a	n/a	n/a	n/a	n/a	n/a	n/a	n/a	n/a	n/a	n/a	n/a	n/a	n/a	n/a	n/a	n/a	n/a	1502.907083	n/a
1503.448732	1.527654	300690	scene_recognition	n/a	n/a	n/a	71.0	n/a	n/a	n/a	1502.9070829999998	n/a	1.3578209800141394	2	2	2	SB_7_frameB.png	2	3	1506.33420725	1	41	n/a	n/a	intervals/recognition_table	40	1503.448732	1504.976386
1503.448732	0.000000	300690	ttl	1	71	n/a	n/a	n/a	n/a	n/a	n/a	n/a	n/a	n/a	n/a	n/a	n/a	n/a	n/a	n/a	n/a	n/a	n/a	n/a	n/a	n/a	1503.448732	n/a
1504.976386	0.000000	300995	ttl	2	71	n/a	n/a	n/a	n/a	n/a	n/a	n/a	n/a	n/a	n/a	n/a	n/a	n/a	n/a	n/a	n/a	n/a	n/a	n/a	n/a	n/a	1504.976386	n/a
1506.334207	0.000000	301267	ttl	4	71	n/a	n/a	n/a	n/a	n/a	n/a	n/a	n/a	n/a	n/a	n/a	n/a	n/a	n/a	n/a	n/a	n/a	n/a	n/a	n/a	n/a	1506.334207	n/a
1506.342686	0.000000	301269	ttl	11	71	n/a	n/a	n/a	n/a	n/a	n/a	n/a	n/a	n/a	n/a	n/a	n/a	n/a	n/a	n/a	n/a	n/a	n/a	n/a	n/a	n/a	1506.342686	n/a
1506.924608	1.547178	301385	scene_recognition	n/a	n/a	n/a	71.0	n/a	n/a	n/a	1506.3426865	n/a	1.841245042943683	2	2	3	SB_4_frameB_foil.png	1	7	1510.313031	0	42	n/a	n/a	intervals/recognition_table	41	1506.924608	1508.471786
1506.924608	0.000000	301385	ttl	1	71	n/a	n/a	n/a	n/a	n/a	n/a	n/a	n/a	n/a	n/a	n/a	n/a	n/a	n/a	n/a	n/a	n/a	n/a	n/a	n/a	n/a	1506.924608	n/a
1508.471786	0.000000	301694	ttl	2	71	n/a	n/a	n/a	n/a	n/a	n/a	n/a	n/a	n/a	n/a	n/a	n/a	n/a	n/a	n/a	n/a	n/a	n/a	n/a	n/a	n/a	1508.471786	n/a
1510.313031	0.000000	302063	ttl	4	71	n/a	n/a	n/a	n/a	n/a	n/a	n/a	n/a	n/a	n/a	n/a	n/a	n/a	n/a	n/a	n/a	n/a	n/a	n/a	n/a	n/a	1510.313031	n/a
1510.321824	0.000000	302064	ttl	11	71	n/a	n/a	n/a	n/a	n/a	n/a	n/a	n/a	n/a	n/a	n/a	n/a	n/a	n/a	n/a	n/a	n/a	n/a	n/a	n/a	n/a	1510.321824	n/a
1510.863638	1.547886	302173	scene_recognition	n/a	n/a	n/a	71.0	n/a	n/a	n/a	1510.3218239999999	n/a	2.077561959482182	2	2	2	SB_5_frameB_foil.png	1	6	1514.4890854999999	0	43	n/a	n/a	intervals/recognition_table	42	1510.863638	1512.411523
1510.863638	0.000000	302173	ttl	1	71	n/a	n/a	n/a	n/a	n/a	n/a	n/a	n/a	n/a	n/a	n/a	n/a	n/a	n/a	n/a	n/a	n/a	n/a	n/a	n/a	n/a	1510.863638	n/a
1512.411523	0.000000	302482	ttl	2	71	n/a	n/a	n/a	n/a	n/a	n/a	n/a	n/a	n/a	n/a	n/a	n/a	n/a	n/a	n/a	n/a	n/a	n/a	n/a	n/a	n/a	1512.411523	n/a
1514.489085	0.000000	302898	ttl	4	71	n/a	n/a	n/a	n/a	n/a	n/a	n/a	n/a	n/a	n/a	n/a	n/a	n/a	n/a	n/a	n/a	n/a	n/a	n/a	n/a	n/a	1514.489085	n/a
1514.507092	0.000000	302901	ttl	11	71	n/a	n/a	n/a	n/a	n/a	n/a	n/a	n/a	n/a	n/a	n/a	n/a	n/a	n/a	n/a	n/a	n/a	n/a	n/a	n/a	n/a	1514.507092	n/a
1515.088955	1.547314	303018	scene_recognition	n/a	n/a	n/a	71.0	n/a	n/a	n/a	1514.50709225	n/a	0.2240348937195904	2	3	3	HB_6_frameA.png	2	2	1516.86030425	1	44	n/a	n/a	intervals/recognition_table	43	1515.088955	1516.636269
1515.088955	0.000000	303018	ttl	1	71	n/a	n/a	n/a	n/a	n/a	n/a	n/a	n/a	n/a	n/a	n/a	n/a	n/a	n/a	n/a	n/a	n/a	n/a	n/a	n/a	n/a	1515.088955	n/a
1516.636269	0.000000	303327	ttl	2	71	n/a	n/a	n/a	n/a	n/a	n/a	n/a	n/a	n/a	n/a	n/a	n/a	n/a	n/a	n/a	n/a	n/a	n/a	n/a	n/a	n/a	1516.636269	n/a
1516.860304	0.000000	303372	ttl	4	71	n/a	n/a	n/a	n/a	n/a	n/a	n/a	n/a	n/a	n/a	n/a	n/a	n/a	n/a	n/a	n/a	n/a	n/a	n/a	n/a	n/a	1516.860304	n/a
1516.877225	0.000000	303375	ttl	11	71	n/a	n/a	n/a	n/a	n/a	n/a	n/a	n/a	n/a	n/a	n/a	n/a	n/a	n/a	n/a	n/a	n/a	n/a	n/a	n/a	n/a	1516.877225	n/a
1517.418999	1.547987	303484	scene_recognition	n/a	n/a	n/a	71.0	n/a	n/a	n/a	1516.8772255	n/a	1.2821123958963199	2	3	2	HB_8_frameB.png	2	3	1520.24909875	1	45	n/a	n/a	intervals/recognition_table	44	1517.418999	1518.966986
1517.418999	0.000000	303484	ttl	1	71	n/a	n/a	n/a	n/a	n/a	n/a	n/a	n/a	n/a	n/a	n/a	n/a	n/a	n/a	n/a	n/a	n/a	n/a	n/a	n/a	n/a	1517.418999	n/a
1518.966986	0.000000	303793	ttl	2	71	n/a	n/a	n/a	n/a	n/a	n/a	n/a	n/a	n/a	n/a	n/a	n/a	n/a	n/a	n/a	n/a	n/a	n/a	n/a	n/a	n/a	1518.966986	n/a
1520.249099	0.000000	304050	ttl	4	71	n/a	n/a	n/a	n/a	n/a	n/a	n/a	n/a	n/a	n/a	n/a	n/a	n/a	n/a	n/a	n/a	n/a	n/a	n/a	n/a	n/a	1520.249099	n/a
1520.259052	0.000000	304052	ttl	11	71	n/a	n/a	n/a	n/a	n/a	n/a	n/a	n/a	n/a	n/a	n/a	n/a	n/a	n/a	n/a	n/a	n/a	n/a	n/a	n/a	n/a	1520.259052	n/a
1520.840926	1.527374	304168	scene_recognition	n/a	n/a	n/a	71.0	n/a	n/a	n/a	1520.25905225	n/a	1.6564772807689678	2	2	2	SB_9_frameA_foil.png	1	6	1524.0247775	0	46	n/a	n/a	intervals/recognition_table	45	1520.840926	1522.368300
1520.840926	0.000000	304168	ttl	1	71	n/a	n/a	n/a	n/a	n/a	n/a	n/a	n/a	n/a	n/a	n/a	n/a	n/a	n/a	n/a	n/a	n/a	n/a	n/a	n/a	n/a	1520.840926	n/a
1522.368300	0.000000	304474	ttl	2	71	n/a	n/a	n/a	n/a	n/a	n/a	n/a	n/a	n/a	n/a	n/a	n/a	n/a	n/a	n/a	n/a	n/a	n/a	n/a	n/a	n/a	1522.368300	n/a
1524.024778	0.000000	304805	ttl	4	71	n/a	n/a	n/a	n/a	n/a	n/a	n/a	n/a	n/a	n/a	n/a	n/a	n/a	n/a	n/a	n/a	n/a	n/a	n/a	n/a	n/a	1524.024778	n/a
1524.037234	0.000000	304807	ttl	11	71	n/a	n/a	n/a	n/a	n/a	n/a	n/a	n/a	n/a	n/a	n/a	n/a	n/a	n/a	n/a	n/a	n/a	n/a	n/a	n/a	n/a	1524.037234	n/a
1524.579141	1.527227	304916	scene_recognition	n/a	n/a	n/a	71.0	n/a	n/a	n/a	1524.03723425	n/a	1.342941657822621	2	1	2	NB_16_frameA.png	2	3	1527.44931	1	47	n/a	n/a	intervals/recognition_table	46	1524.579141	1526.106368
1524.579141	0.000000	304916	ttl	1	71	n/a	n/a	n/a	n/a	n/a	n/a	n/a	n/a	n/a	n/a	n/a	n/a	n/a	n/a	n/a	n/a	n/a	n/a	n/a	n/a	n/a	1524.579141	n/a
1526.106368	0.000000	305221	ttl	2	71	n/a	n/a	n/a	n/a	n/a	n/a	n/a	n/a	n/a	n/a	n/a	n/a	n/a	n/a	n/a	n/a	n/a	n/a	n/a	n/a	n/a	1526.106368	n/a
1527.449310	0.000000	305490	ttl	4	71	n/a	n/a	n/a	n/a	n/a	n/a	n/a	n/a	n/a	n/a	n/a	n/a	n/a	n/a	n/a	n/a	n/a	n/a	n/a	n/a	n/a	1527.449310	n/a
1527.455957	0.000000	305491	ttl	11	71	n/a	n/a	n/a	n/a	n/a	n/a	n/a	n/a	n/a	n/a	n/a	n/a	n/a	n/a	n/a	n/a	n/a	n/a	n/a	n/a	n/a	1527.455957	n/a
1528.017707	1.548270	305604	scene_recognition	n/a	n/a	n/a	71.0	n/a	n/a	n/a	1527.4559574999998	n/a	1.3183645134317885	2	3	2	HB_9_frameB.png	2	3	1530.884341	1	48	n/a	n/a	intervals/recognition_table	47	1528.017707	1529.565977
1528.017707	0.000000	305604	ttl	1	71	n/a	n/a	n/a	n/a	n/a	n/a	n/a	n/a	n/a	n/a	n/a	n/a	n/a	n/a	n/a	n/a	n/a	n/a	n/a	n/a	n/a	1528.017707	n/a
1529.565977	0.000000	305913	ttl	2	71	n/a	n/a	n/a	n/a	n/a	n/a	n/a	n/a	n/a	n/a	n/a	n/a	n/a	n/a	n/a	n/a	n/a	n/a	n/a	n/a	n/a	1529.565977	n/a
1530.884341	0.000000	306177	ttl	4	71	n/a	n/a	n/a	n/a	n/a	n/a	n/a	n/a	n/a	n/a	n/a	n/a	n/a	n/a	n/a	n/a	n/a	n/a	n/a	n/a	n/a	1530.884341	n/a
1530.898950	0.000000	306180	ttl	11	71	n/a	n/a	n/a	n/a	n/a	n/a	n/a	n/a	n/a	n/a	n/a	n/a	n/a	n/a	n/a	n/a	n/a	n/a	n/a	n/a	n/a	1530.898950	n/a
1531.400651	1.527366	306280	scene_recognition	n/a	n/a	n/a	71.0	n/a	n/a	n/a	1530.8989505	n/a	2.647600594781352	2	3	3	HB_2_frameB.png	2	2	1535.5756175	1	49	n/a	n/a	intervals/recognition_table	48	1531.400651	1532.928017
1531.400651	0.000000	306280	ttl	1	71	n/a	n/a	n/a	n/a	n/a	n/a	n/a	n/a	n/a	n/a	n/a	n/a	n/a	n/a	n/a	n/a	n/a	n/a	n/a	n/a	n/a	1531.400651	n/a
1532.928017	0.000000	306586	ttl	2	71	n/a	n/a	n/a	n/a	n/a	n/a	n/a	n/a	n/a	n/a	n/a	n/a	n/a	n/a	n/a	n/a	n/a	n/a	n/a	n/a	n/a	1532.928017	n/a
1535.575617	0.000000	307115	ttl	4	71	n/a	n/a	n/a	n/a	n/a	n/a	n/a	n/a	n/a	n/a	n/a	n/a	n/a	n/a	n/a	n/a	n/a	n/a	n/a	n/a	n/a	1535.575617	n/a
1535.590739	0.000000	307118	ttl	11	71	n/a	n/a	n/a	n/a	n/a	n/a	n/a	n/a	n/a	n/a	n/a	n/a	n/a	n/a	n/a	n/a	n/a	n/a	n/a	n/a	n/a	1535.590739	n/a
1536.192757	1.527282	307239	scene_recognition	n/a	n/a	n/a	71.0	n/a	n/a	n/a	1535.590739	n/a	3.186634950738835	2	3	3	HB_6_frameB_foil.png	1	7	1540.9066739999998	0	50	n/a	n/a	intervals/recognition_table	49	1536.192757	1537.720039
1536.192757	0.000000	307239	ttl	1	71	n/a	n/a	n/a	n/a	n/a	n/a	n/a	n/a	n/a	n/a	n/a	n/a	n/a	n/a	n/a	n/a	n/a	n/a	n/a	n/a	n/a	1536.192757	n/a
1537.720039	0.000000	307544	ttl	2	71	n/a	n/a	n/a	n/a	n/a	n/a	n/a	n/a	n/a	n/a	n/a	n/a	n/a	n/a	n/a	n/a	n/a	n/a	n/a	n/a	n/a	1537.720039	n/a
1540.906674	0.000000	308181	ttl	4	71	n/a	n/a	n/a	n/a	n/a	n/a	n/a	n/a	n/a	n/a	n/a	n/a	n/a	n/a	n/a	n/a	n/a	n/a	n/a	n/a	n/a	1540.906674	n/a
1540.923338	0.000000	308185	ttl	11	71	n/a	n/a	n/a	n/a	n/a	n/a	n/a	n/a	n/a	n/a	n/a	n/a	n/a	n/a	n/a	n/a	n/a	n/a	n/a	n/a	n/a	1540.923338	n/a
1541.465222	1.527210	308293	scene_recognition	n/a	n/a	n/a	71.0	n/a	n/a	n/a	1540.9233379999998	n/a	1.1754485875981118	2	1	3	NB_17_frameA_foil.png	1	7	1544.16788075	0	51	n/a	n/a	intervals/recognition_table	50	1541.465222	1542.992432
1541.465222	0.000000	308293	ttl	1	71	n/a	n/a	n/a	n/a	n/a	n/a	n/a	n/a	n/a	n/a	n/a	n/a	n/a	n/a	n/a	n/a	n/a	n/a	n/a	n/a	n/a	1541.465222	n/a
1542.992432	0.000000	308598	ttl	2	71	n/a	n/a	n/a	n/a	n/a	n/a	n/a	n/a	n/a	n/a	n/a	n/a	n/a	n/a	n/a	n/a	n/a	n/a	n/a	n/a	n/a	1542.992432	n/a
1544.167881	0.000000	308834	ttl	4	71	n/a	n/a	n/a	n/a	n/a	n/a	n/a	n/a	n/a	n/a	n/a	n/a	n/a	n/a	n/a	n/a	n/a	n/a	n/a	n/a	n/a	1544.167881	n/a
1544.187149	0.000000	308837	ttl	11	71	n/a	n/a	n/a	n/a	n/a	n/a	n/a	n/a	n/a	n/a	n/a	n/a	n/a	n/a	n/a	n/a	n/a	n/a	n/a	n/a	n/a	1544.187149	n/a
1544.768991	1.548193	308954	scene_recognition	n/a	n/a	n/a	71.0	n/a	n/a	n/a	1544.1871489999999	n/a	0.20248625870112846	2	3	3	HB_2_frameB_foil.png	1	7	1546.5196704999998	0	52	n/a	n/a	intervals/recognition_table	51	1544.768991	1546.317184
1544.768991	0.000000	308954	ttl	1	71	n/a	n/a	n/a	n/a	n/a	n/a	n/a	n/a	n/a	n/a	n/a	n/a	n/a	n/a	n/a	n/a	n/a	n/a	n/a	n/a	n/a	1544.768991	n/a
1546.317184	0.000000	309263	ttl	2	71	n/a	n/a	n/a	n/a	n/a	n/a	n/a	n/a	n/a	n/a	n/a	n/a	n/a	n/a	n/a	n/a	n/a	n/a	n/a	n/a	n/a	1546.317184	n/a
1546.519670	0.000000	309304	ttl	4	71	n/a	n/a	n/a	n/a	n/a	n/a	n/a	n/a	n/a	n/a	n/a	n/a	n/a	n/a	n/a	n/a	n/a	n/a	n/a	n/a	n/a	1546.519670	n/a
1546.536371	0.000000	309307	ttl	11	71	n/a	n/a	n/a	n/a	n/a	n/a	n/a	n/a	n/a	n/a	n/a	n/a	n/a	n/a	n/a	n/a	n/a	n/a	n/a	n/a	n/a	1546.536371	n/a
1547.138326	1.527245	309428	scene_recognition	n/a	n/a	n/a	71.0	n/a	n/a	n/a	1546.5363714999999	n/a	1.4118490996281707	2	1	3	NB_26_frameB_foil.png	1	7	1550.0774205	0	53	n/a	n/a	intervals/recognition_table	52	1547.138326	1548.665571
1547.138326	0.000000	309428	ttl	1	71	n/a	n/a	n/a	n/a	n/a	n/a	n/a	n/a	n/a	n/a	n/a	n/a	n/a	n/a	n/a	n/a	n/a	n/a	n/a	n/a	n/a	1547.138326	n/a
1548.665571	0.000000	309733	ttl	2	71	n/a	n/a	n/a	n/a	n/a	n/a	n/a	n/a	n/a	n/a	n/a	n/a	n/a	n/a	n/a	n/a	n/a	n/a	n/a	n/a	n/a	1548.665571	n/a
1550.077421	0.000000	310015	ttl	4	71	n/a	n/a	n/a	n/a	n/a	n/a	n/a	n/a	n/a	n/a	n/a	n/a	n/a	n/a	n/a	n/a	n/a	n/a	n/a	n/a	n/a	1550.077421	n/a
1550.096155	0.000000	310019	ttl	11	71	n/a	n/a	n/a	n/a	n/a	n/a	n/a	n/a	n/a	n/a	n/a	n/a	n/a	n/a	n/a	n/a	n/a	n/a	n/a	n/a	n/a	1550.096155	n/a
1550.658008	1.527416	310132	scene_recognition	n/a	n/a	n/a	71.0	n/a	n/a	n/a	1550.0961555	n/a	2.192188528036013	2	1	3	NB_14_frameB_foil.png	1	7	1554.37761275	0	54	n/a	n/a	intervals/recognition_table	53	1550.658008	1552.185424
1550.658008	0.000000	310132	ttl	1	71	n/a	n/a	n/a	n/a	n/a	n/a	n/a	n/a	n/a	n/a	n/a	n/a	n/a	n/a	n/a	n/a	n/a	n/a	n/a	n/a	n/a	1550.658008	n/a
1552.185424	0.000000	310437	ttl	2	71	n/a	n/a	n/a	n/a	n/a	n/a	n/a	n/a	n/a	n/a	n/a	n/a	n/a	n/a	n/a	n/a	n/a	n/a	n/a	n/a	n/a	1552.185424	n/a
1554.377613	0.000000	310876	ttl	4	71	n/a	n/a	n/a	n/a	n/a	n/a	n/a	n/a	n/a	n/a	n/a	n/a	n/a	n/a	n/a	n/a	n/a	n/a	n/a	n/a	n/a	1554.377613	n/a
1554.389146	0.000000	310878	ttl	11	71	n/a	n/a	n/a	n/a	n/a	n/a	n/a	n/a	n/a	n/a	n/a	n/a	n/a	n/a	n/a	n/a	n/a	n/a	n/a	n/a	n/a	1554.389146	n/a
1554.910889	1.527379	310982	scene_recognition	n/a	n/a	n/a	71.0	n/a	n/a	n/a	1554.389146	n/a	0.7537672222717902	2	1	3	NB_16_frameB_foil.png	1	7	1557.19203525	0	55	n/a	n/a	intervals/recognition_table	54	1554.910889	1556.438268
1554.910889	0.000000	310982	ttl	1	71	n/a	n/a	n/a	n/a	n/a	n/a	n/a	n/a	n/a	n/a	n/a	n/a	n/a	n/a	n/a	n/a	n/a	n/a	n/a	n/a	n/a	1554.910889	n/a
1556.438268	0.000000	311288	ttl	2	71	n/a	n/a	n/a	n/a	n/a	n/a	n/a	n/a	n/a	n/a	n/a	n/a	n/a	n/a	n/a	n/a	n/a	n/a	n/a	n/a	n/a	1556.438268	n/a
1557.192035	0.000000	311438	ttl	4	71	n/a	n/a	n/a	n/a	n/a	n/a	n/a	n/a	n/a	n/a	n/a	n/a	n/a	n/a	n/a	n/a	n/a	n/a	n/a	n/a	n/a	1557.192035	n/a
1557.213555	0.000000	311443	ttl	11	71	n/a	n/a	n/a	n/a	n/a	n/a	n/a	n/a	n/a	n/a	n/a	n/a	n/a	n/a	n/a	n/a	n/a	n/a	n/a	n/a	n/a	1557.213555	n/a
1557.795496	1.528020	311559	scene_recognition	n/a	n/a	n/a	71.0	n/a	n/a	n/a	1557.21355475	n/a	1.2025848575278815	2	2	3	SB_7_frameA_foil.png	1	7	1560.526101	0	56	n/a	n/a	intervals/recognition_table	55	1557.795496	1559.323516
1557.795496	0.000000	311559	ttl	1	71	n/a	n/a	n/a	n/a	n/a	n/a	n/a	n/a	n/a	n/a	n/a	n/a	n/a	n/a	n/a	n/a	n/a	n/a	n/a	n/a	n/a	1557.795496	n/a
1559.323516	0.000000	311865	ttl	2	71	n/a	n/a	n/a	n/a	n/a	n/a	n/a	n/a	n/a	n/a	n/a	n/a	n/a	n/a	n/a	n/a	n/a	n/a	n/a	n/a	n/a	1559.323516	n/a
1560.526101	0.000000	312105	ttl	4	71	n/a	n/a	n/a	n/a	n/a	n/a	n/a	n/a	n/a	n/a	n/a	n/a	n/a	n/a	n/a	n/a	n/a	n/a	n/a	n/a	n/a	1560.526101	n/a
1560.536734	0.000000	312107	ttl	11	71	n/a	n/a	n/a	n/a	n/a	n/a	n/a	n/a	n/a	n/a	n/a	n/a	n/a	n/a	n/a	n/a	n/a	n/a	n/a	n/a	n/a	1560.536734	n/a
1561.058608	1.547256	312212	scene_recognition	n/a	n/a	n/a	71.0	n/a	n/a	n/a	1560.536734	n/a	1.9754368077044546	2	2	3	SB_8_frameB_foil.png	1	7	1564.5813007499999	0	57	n/a	n/a	intervals/recognition_table	56	1561.058608	1562.605864
1561.058608	0.000000	312212	ttl	1	71	n/a	n/a	n/a	n/a	n/a	n/a	n/a	n/a	n/a	n/a	n/a	n/a	n/a	n/a	n/a	n/a	n/a	n/a	n/a	n/a	n/a	1561.058608	n/a
1562.605864	0.000000	312521	ttl	2	71	n/a	n/a	n/a	n/a	n/a	n/a	n/a	n/a	n/a	n/a	n/a	n/a	n/a	n/a	n/a	n/a	n/a	n/a	n/a	n/a	n/a	1562.605864	n/a
1564.581301	0.000000	312916	ttl	4	71	n/a	n/a	n/a	n/a	n/a	n/a	n/a	n/a	n/a	n/a	n/a	n/a	n/a	n/a	n/a	n/a	n/a	n/a	n/a	n/a	n/a	1564.581301	n/a
1564.589041	0.000000	312918	ttl	11	71	n/a	n/a	n/a	n/a	n/a	n/a	n/a	n/a	n/a	n/a	n/a	n/a	n/a	n/a	n/a	n/a	n/a	n/a	n/a	n/a	n/a	1564.589041	n/a
1565.110774	1.527813	313022	scene_recognition	n/a	n/a	n/a	71.0	n/a	n/a	n/a	1564.589041	n/a	2.095109903764751	2	1	3	NB_24_frameA.png	2	2	1568.73369675	1	58	n/a	n/a	intervals/recognition_table	57	1565.110774	1566.638587
1565.110774	0.000000	313022	ttl	1	71	n/a	n/a	n/a	n/a	n/a	n/a	n/a	n/a	n/a	n/a	n/a	n/a	n/a	n/a	n/a	n/a	n/a	n/a	n/a	n/a	n/a	1565.110774	n/a
1566.638587	0.000000	313328	ttl	2	71	n/a	n/a	n/a	n/a	n/a	n/a	n/a	n/a	n/a	n/a	n/a	n/a	n/a	n/a	n/a	n/a	n/a	n/a	n/a	n/a	n/a	1566.638587	n/a
1568.733697	0.000000	313747	ttl	4	71	n/a	n/a	n/a	n/a	n/a	n/a	n/a	n/a	n/a	n/a	n/a	n/a	n/a	n/a	n/a	n/a	n/a	n/a	n/a	n/a	n/a	1568.733697	n/a
1568.745829	0.000000	313749	ttl	11	71	n/a	n/a	n/a	n/a	n/a	n/a	n/a	n/a	n/a	n/a	n/a	n/a	n/a	n/a	n/a	n/a	n/a	n/a	n/a	n/a	n/a	1568.745829	n/a
1569.307701	1.527299	313862	scene_recognition	n/a	n/a	n/a	71.0	n/a	n/a	n/a	1568.74582925	n/a	1.3126833390192587	2	2	2	SB_2_frameA.png	2	3	1572.147683	1	59	n/a	n/a	intervals/recognition_table	58	1569.307701	1570.834999
1569.307701	0.000000	313862	ttl	1	71	n/a	n/a	n/a	n/a	n/a	n/a	n/a	n/a	n/a	n/a	n/a	n/a	n/a	n/a	n/a	n/a	n/a	n/a	n/a	n/a	n/a	1569.307701	n/a
1570.834999	0.000000	314167	ttl	2	71	n/a	n/a	n/a	n/a	n/a	n/a	n/a	n/a	n/a	n/a	n/a	n/a	n/a	n/a	n/a	n/a	n/a	n/a	n/a	n/a	n/a	1570.834999	n/a
1572.147683	0.000000	314430	ttl	4	71	n/a	n/a	n/a	n/a	n/a	n/a	n/a	n/a	n/a	n/a	n/a	n/a	n/a	n/a	n/a	n/a	n/a	n/a	n/a	n/a	n/a	1572.147683	n/a
1572.169355	0.000000	314434	ttl	11	71	n/a	n/a	n/a	n/a	n/a	n/a	n/a	n/a	n/a	n/a	n/a	n/a	n/a	n/a	n/a	n/a	n/a	n/a	n/a	n/a	n/a	1572.169355	n/a
1572.690967	1.548124	314538	scene_recognition	n/a	n/a	n/a	71.0	n/a	n/a	n/a	1572.1693552499999	n/a	2.1076979707254395	2	1	2	NB_11_frameA_foil.png	1	6	1576.346789	0	60	n/a	n/a	intervals/recognition_table	59	1572.690967	1574.239091
1572.690967	0.000000	314538	ttl	1	71	n/a	n/a	n/a	n/a	n/a	n/a	n/a	n/a	n/a	n/a	n/a	n/a	n/a	n/a	n/a	n/a	n/a	n/a	n/a	n/a	n/a	1572.690967	n/a
1574.239091	0.000000	314848	ttl	2	71	n/a	n/a	n/a	n/a	n/a	n/a	n/a	n/a	n/a	n/a	n/a	n/a	n/a	n/a	n/a	n/a	n/a	n/a	n/a	n/a	n/a	1574.239091	n/a
1576.346789	0.000000	315269	ttl	4	71	n/a	n/a	n/a	n/a	n/a	n/a	n/a	n/a	n/a	n/a	n/a	n/a	n/a	n/a	n/a	n/a	n/a	n/a	n/a	n/a	n/a	1576.346789	n/a
1576.366229	0.000000	315273	ttl	11	71	n/a	n/a	n/a	n/a	n/a	n/a	n/a	n/a	n/a	n/a	n/a	n/a	n/a	n/a	n/a	n/a	n/a	n/a	n/a	n/a	n/a	1576.366229	n/a
1576.948185	1.527203	315390	scene_recognition	n/a	n/a	n/a	71.0	n/a	n/a	n/a	1576.3662285	n/a	1.9167189623121885	2	1	3	NB_5_frameB.png	2	2	1580.39210675	1	61	n/a	n/a	intervals/recognition_table	60	1576.948185	1578.475388
1576.948185	0.000000	315390	ttl	1	71	n/a	n/a	n/a	n/a	n/a	n/a	n/a	n/a	n/a	n/a	n/a	n/a	n/a	n/a	n/a	n/a	n/a	n/a	n/a	n/a	n/a	1576.948185	n/a
1578.475388	0.000000	315695	ttl	2	71	n/a	n/a	n/a	n/a	n/a	n/a	n/a	n/a	n/a	n/a	n/a	n/a	n/a	n/a	n/a	n/a	n/a	n/a	n/a	n/a	n/a	1578.475388	n/a
1580.392107	0.000000	316078	ttl	4	71	n/a	n/a	n/a	n/a	n/a	n/a	n/a	n/a	n/a	n/a	n/a	n/a	n/a	n/a	n/a	n/a	n/a	n/a	n/a	n/a	n/a	1580.392107	n/a
1580.397759	0.000000	316080	ttl	11	71	n/a	n/a	n/a	n/a	n/a	n/a	n/a	n/a	n/a	n/a	n/a	n/a	n/a	n/a	n/a	n/a	n/a	n/a	n/a	n/a	n/a	1580.397759	n/a
1580.959777	1.527280	316192	scene_recognition	n/a	n/a	n/a	71.0	n/a	n/a	n/a	1580.3977585	n/a	1.152309129693549	2	1	3	NB_29_frameB.png	2	2	1583.6393672499999	1	62	n/a	n/a	intervals/recognition_table	61	1580.959777	1582.487058
1580.959777	0.000000	316192	ttl	1	71	n/a	n/a	n/a	n/a	n/a	n/a	n/a	n/a	n/a	n/a	n/a	n/a	n/a	n/a	n/a	n/a	n/a	n/a	n/a	n/a	n/a	1580.959777	n/a
1582.487058	0.000000	316497	ttl	2	71	n/a	n/a	n/a	n/a	n/a	n/a	n/a	n/a	n/a	n/a	n/a	n/a	n/a	n/a	n/a	n/a	n/a	n/a	n/a	n/a	n/a	1582.487058	n/a
1583.639367	0.000000	316728	ttl	4	71	n/a	n/a	n/a	n/a	n/a	n/a	n/a	n/a	n/a	n/a	n/a	n/a	n/a	n/a	n/a	n/a	n/a	n/a	n/a	n/a	n/a	1583.639367	n/a
1583.662724	0.000000	316733	ttl	11	71	n/a	n/a	n/a	n/a	n/a	n/a	n/a	n/a	n/a	n/a	n/a	n/a	n/a	n/a	n/a	n/a	n/a	n/a	n/a	n/a	n/a	1583.662724	n/a
1584.264752	1.547845	316853	scene_recognition	n/a	n/a	n/a	71.0	n/a	n/a	n/a	1583.6627245	n/a	0.9640455678268154	2	3	3	HB_6_frameB.png	2	2	1586.7766427499998	1	63	n/a	n/a	intervals/recognition_table	62	1584.264752	1585.812597
1584.264752	0.000000	316853	ttl	1	71	n/a	n/a	n/a	n/a	n/a	n/a	n/a	n/a	n/a	n/a	n/a	n/a	n/a	n/a	n/a	n/a	n/a	n/a	n/a	n/a	n/a	1584.264752	n/a
1585.812597	0.000000	317163	ttl	2	71	n/a	n/a	n/a	n/a	n/a	n/a	n/a	n/a	n/a	n/a	n/a	n/a	n/a	n/a	n/a	n/a	n/a	n/a	n/a	n/a	n/a	1585.812597	n/a
1586.776643	0.000000	317355	ttl	4	71	n/a	n/a	n/a	n/a	n/a	n/a	n/a	n/a	n/a	n/a	n/a	n/a	n/a	n/a	n/a	n/a	n/a	n/a	n/a	n/a	n/a	1586.776643	n/a
1586.783945	0.000000	317357	ttl	11	71	n/a	n/a	n/a	n/a	n/a	n/a	n/a	n/a	n/a	n/a	n/a	n/a	n/a	n/a	n/a	n/a	n/a	n/a	n/a	n/a	n/a	1586.783945	n/a
1587.385964	1.527340	317477	scene_recognition	n/a	n/a	n/a	71.0	n/a	n/a	n/a	1586.7839454999998	n/a	0.499401966813366	2	3	2	HB_5_frameB.png	2	3	1589.4127065	1	64	n/a	n/a	intervals/recognition_table	63	1587.385964	1588.913304
1587.385964	0.000000	317477	ttl	1	71	n/a	n/a	n/a	n/a	n/a	n/a	n/a	n/a	n/a	n/a	n/a	n/a	n/a	n/a	n/a	n/a	n/a	n/a	n/a	n/a	n/a	1587.385964	n/a
1588.913304	0.000000	317783	ttl	2	71	n/a	n/a	n/a	n/a	n/a	n/a	n/a	n/a	n/a	n/a	n/a	n/a	n/a	n/a	n/a	n/a	n/a	n/a	n/a	n/a	n/a	1588.913304	n/a
1589.412707	0.000000	317883	ttl	4	71	n/a	n/a	n/a	n/a	n/a	n/a	n/a	n/a	n/a	n/a	n/a	n/a	n/a	n/a	n/a	n/a	n/a	n/a	n/a	n/a	n/a	1589.412707	n/a
1589.434931	0.000000	317887	ttl	11	71	n/a	n/a	n/a	n/a	n/a	n/a	n/a	n/a	n/a	n/a	n/a	n/a	n/a	n/a	n/a	n/a	n/a	n/a	n/a	n/a	n/a	1589.434931	n/a
1590.036945	1.527292	318007	scene_recognition	n/a	n/a	n/a	71.0	n/a	n/a	n/a	1589.434931	n/a	0.8436518169678493	2	2	3	SB_2_frameA.png	2	2	1592.4078882499998	1	65	n/a	n/a	intervals/recognition_table	64	1590.036945	1591.564236
1590.036945	0.000000	318007	ttl	1	71	n/a	n/a	n/a	n/a	n/a	n/a	n/a	n/a	n/a	n/a	n/a	n/a	n/a	n/a	n/a	n/a	n/a	n/a	n/a	n/a	n/a	1590.036945	n/a
1591.564236	0.000000	318313	ttl	2	71	n/a	n/a	n/a	n/a	n/a	n/a	n/a	n/a	n/a	n/a	n/a	n/a	n/a	n/a	n/a	n/a	n/a	n/a	n/a	n/a	n/a	1591.564236	n/a
1592.407888	0.000000	318482	ttl	4	71	n/a	n/a	n/a	n/a	n/a	n/a	n/a	n/a	n/a	n/a	n/a	n/a	n/a	n/a	n/a	n/a	n/a	n/a	n/a	n/a	n/a	1592.407888	n/a
1592.418686	0.000000	318484	ttl	11	71	n/a	n/a	n/a	n/a	n/a	n/a	n/a	n/a	n/a	n/a	n/a	n/a	n/a	n/a	n/a	n/a	n/a	n/a	n/a	n/a	n/a	1592.418686	n/a
1592.980561	1.547378	318596	scene_recognition	n/a	n/a	n/a	71.0	n/a	n/a	n/a	1592.4186865	n/a	0.019091459415903955	2	3	3	HB_1_frameA.png	2	2	1594.54703025	1	66	n/a	n/a	intervals/recognition_table	65	1592.980561	1594.527939
1592.980561	0.000000	318596	ttl	1	71	n/a	n/a	n/a	n/a	n/a	n/a	n/a	n/a	n/a	n/a	n/a	n/a	n/a	n/a	n/a	n/a	n/a	n/a	n/a	n/a	n/a	1592.980561	n/a
1594.527939	0.000000	318906	ttl	2	71	n/a	n/a	n/a	n/a	n/a	n/a	n/a	n/a	n/a	n/a	n/a	n/a	n/a	n/a	n/a	n/a	n/a	n/a	n/a	n/a	n/a	1594.527939	n/a
1594.547030	0.000000	318909	ttl	4	71	n/a	n/a	n/a	n/a	n/a	n/a	n/a	n/a	n/a	n/a	n/a	n/a	n/a	n/a	n/a	n/a	n/a	n/a	n/a	n/a	n/a	1594.547030	n/a
1594.555051	0.000000	318911	ttl	11	71	n/a	n/a	n/a	n/a	n/a	n/a	n/a	n/a	n/a	n/a	n/a	n/a	n/a	n/a	n/a	n/a	n/a	n/a	n/a	n/a	n/a	1594.555051	n/a
1595.096810	1.527399	319019	scene_recognition	n/a	n/a	n/a	71.0	n/a	n/a	n/a	1594.55505075	n/a	0.8376408845924743	2	1	2	NB_11_frameB.png	2	3	1597.4618497499998	1	67	n/a	n/a	intervals/recognition_table	66	1595.096810	1596.624209
1595.096810	0.000000	319019	ttl	1	71	n/a	n/a	n/a	n/a	n/a	n/a	n/a	n/a	n/a	n/a	n/a	n/a	n/a	n/a	n/a	n/a	n/a	n/a	n/a	n/a	n/a	1595.096810	n/a
1596.624209	0.000000	319325	ttl	2	71	n/a	n/a	n/a	n/a	n/a	n/a	n/a	n/a	n/a	n/a	n/a	n/a	n/a	n/a	n/a	n/a	n/a	n/a	n/a	n/a	n/a	1596.624209	n/a
1597.461850	0.000000	319492	ttl	4	71	n/a	n/a	n/a	n/a	n/a	n/a	n/a	n/a	n/a	n/a	n/a	n/a	n/a	n/a	n/a	n/a	n/a	n/a	n/a	n/a	n/a	1597.461850	n/a
1597.466759	0.000000	319493	ttl	11	71	n/a	n/a	n/a	n/a	n/a	n/a	n/a	n/a	n/a	n/a	n/a	n/a	n/a	n/a	n/a	n/a	n/a	n/a	n/a	n/a	n/a	1597.466759	n/a
1598.068983	1.527271	319614	scene_recognition	n/a	n/a	n/a	71.0	n/a	n/a	n/a	1597.4667587499998	n/a	0.10772153579546284	2	3	3	HB_6_frameB_foil.png	1	7	1599.70397575	0	68	n/a	n/a	intervals/recognition_table	67	1598.068983	1599.596254
1598.068983	0.000000	319614	ttl	1	71	n/a	n/a	n/a	n/a	n/a	n/a	n/a	n/a	n/a	n/a	n/a	n/a	n/a	n/a	n/a	n/a	n/a	n/a	n/a	n/a	n/a	1598.068983	n/a
1599.596254	0.000000	319919	ttl	2	71	n/a	n/a	n/a	n/a	n/a	n/a	n/a	n/a	n/a	n/a	n/a	n/a	n/a	n/a	n/a	n/a	n/a	n/a	n/a	n/a	n/a	1599.596254	n/a
1599.703976	0.000000	319941	ttl	4	71	n/a	n/a	n/a	n/a	n/a	n/a	n/a	n/a	n/a	n/a	n/a	n/a	n/a	n/a	n/a	n/a	n/a	n/a	n/a	n/a	n/a	1599.703976	n/a
1599.718891	0.000000	319944	ttl	11	71	n/a	n/a	n/a	n/a	n/a	n/a	n/a	n/a	n/a	n/a	n/a	n/a	n/a	n/a	n/a	n/a	n/a	n/a	n/a	n/a	n/a	1599.718891	n/a
1600.320901	1.547389	320064	scene_recognition	n/a	n/a	n/a	71.0	n/a	n/a	n/a	1599.718891	n/a	2.1804498103383594	2	1	3	NB_28_frameB_foil.png	1	7	1604.0487397499999	0	69	n/a	n/a	intervals/recognition_table	68	1600.320901	1601.868290
1600.320901	0.000000	320064	ttl	1	71	n/a	n/a	n/a	n/a	n/a	n/a	n/a	n/a	n/a	n/a	n/a	n/a	n/a	n/a	n/a	n/a	n/a	n/a	n/a	n/a	n/a	1600.320901	n/a
1601.868290	0.000000	320374	ttl	2	71	n/a	n/a	n/a	n/a	n/a	n/a	n/a	n/a	n/a	n/a	n/a	n/a	n/a	n/a	n/a	n/a	n/a	n/a	n/a	n/a	n/a	1601.868290	n/a
1604.048740	0.000000	320810	ttl	4	71	n/a	n/a	n/a	n/a	n/a	n/a	n/a	n/a	n/a	n/a	n/a	n/a	n/a	n/a	n/a	n/a	n/a	n/a	n/a	n/a	n/a	1604.048740	n/a
1604.072494	0.000000	320814	ttl	11	71	n/a	n/a	n/a	n/a	n/a	n/a	n/a	n/a	n/a	n/a	n/a	n/a	n/a	n/a	n/a	n/a	n/a	n/a	n/a	n/a	n/a	1604.072494	n/a
1604.694579	1.527270	320939	scene_recognition	n/a	n/a	n/a	71.0	n/a	n/a	n/a	1604.0724945	n/a	1.8510687670250263	2	1	3	NB_29_frameA_foil.png	1	7	1608.072917	0	70	n/a	n/a	intervals/recognition_table	69	1604.694579	1606.221848
1604.694579	0.000000	320939	ttl	1	71	n/a	n/a	n/a	n/a	n/a	n/a	n/a	n/a	n/a	n/a	n/a	n/a	n/a	n/a	n/a	n/a	n/a	n/a	n/a	n/a	n/a	1604.694579	n/a
1606.221848	0.000000	321244	ttl	2	71	n/a	n/a	n/a	n/a	n/a	n/a	n/a	n/a	n/a	n/a	n/a	n/a	n/a	n/a	n/a	n/a	n/a	n/a	n/a	n/a	n/a	1606.221848	n/a
1608.072917	0.000000	321615	ttl	4	71	n/a	n/a	n/a	n/a	n/a	n/a	n/a	n/a	n/a	n/a	n/a	n/a	n/a	n/a	n/a	n/a	n/a	n/a	n/a	n/a	n/a	1608.072917	n/a
1608.094874	0.000000	321619	ttl	11	71	n/a	n/a	n/a	n/a	n/a	n/a	n/a	n/a	n/a	n/a	n/a	n/a	n/a	n/a	n/a	n/a	n/a	n/a	n/a	n/a	n/a	1608.094874	n/a
1608.656973	1.527354	321731	scene_recognition	n/a	n/a	n/a	71.0	n/a	n/a	n/a	1608.0948744999998	n/a	1.5651742652307803	2	3	3	HB_2_frameA.png	2	2	1611.74950075	1	71	n/a	n/a	intervals/recognition_table	70	1608.656973	1610.184326
1608.656973	0.000000	321731	ttl	1	71	n/a	n/a	n/a	n/a	n/a	n/a	n/a	n/a	n/a	n/a	n/a	n/a	n/a	n/a	n/a	n/a	n/a	n/a	n/a	n/a	n/a	1608.656973	n/a
1610.184326	0.000000	322037	ttl	2	71	n/a	n/a	n/a	n/a	n/a	n/a	n/a	n/a	n/a	n/a	n/a	n/a	n/a	n/a	n/a	n/a	n/a	n/a	n/a	n/a	n/a	1610.184326	n/a
1611.749501	0.000000	322350	ttl	4	71	n/a	n/a	n/a	n/a	n/a	n/a	n/a	n/a	n/a	n/a	n/a	n/a	n/a	n/a	n/a	n/a	n/a	n/a	n/a	n/a	n/a	1611.749501	n/a
1611.772395	0.000000	322354	ttl	11	71	n/a	n/a	n/a	n/a	n/a	n/a	n/a	n/a	n/a	n/a	n/a	n/a	n/a	n/a	n/a	n/a	n/a	n/a	n/a	n/a	n/a	1611.772395	n/a
1612.334283	1.527575	322467	scene_recognition	n/a	n/a	n/a	71.0	n/a	n/a	n/a	1611.7723945	n/a	1.2242873243139911	2	2	3	SB_6_frameB.png	2	2	1615.0861452499998	1	72	n/a	n/a	intervals/recognition_table	71	1612.334283	1613.861858
1612.334283	0.000000	322467	ttl	1	71	n/a	n/a	n/a	n/a	n/a	n/a	n/a	n/a	n/a	n/a	n/a	n/a	n/a	n/a	n/a	n/a	n/a	n/a	n/a	n/a	n/a	1612.334283	n/a
1613.861858	0.000000	322772	ttl	2	71	n/a	n/a	n/a	n/a	n/a	n/a	n/a	n/a	n/a	n/a	n/a	n/a	n/a	n/a	n/a	n/a	n/a	n/a	n/a	n/a	n/a	1613.861858	n/a
1615.086145	0.000000	323017	ttl	4	71	n/a	n/a	n/a	n/a	n/a	n/a	n/a	n/a	n/a	n/a	n/a	n/a	n/a	n/a	n/a	n/a	n/a	n/a	n/a	n/a	n/a	1615.086145	n/a
1615.110499	0.000000	323022	ttl	11	71	n/a	n/a	n/a	n/a	n/a	n/a	n/a	n/a	n/a	n/a	n/a	n/a	n/a	n/a	n/a	n/a	n/a	n/a	n/a	n/a	n/a	1615.110499	n/a
1615.692455	1.527241	323138	scene_recognition	n/a	n/a	n/a	71.0	n/a	n/a	n/a	1615.1104994999998	n/a	2.159895488442089	2	2	3	SB_1_frameA_foil.png	1	7	1619.3795914999998	0	73	n/a	n/a	intervals/recognition_table	72	1615.692455	1617.219696
1615.692455	0.000000	323138	ttl	1	71	n/a	n/a	n/a	n/a	n/a	n/a	n/a	n/a	n/a	n/a	n/a	n/a	n/a	n/a	n/a	n/a	n/a	n/a	n/a	n/a	n/a	1615.692455	n/a
1617.219696	0.000000	323444	ttl	2	71	n/a	n/a	n/a	n/a	n/a	n/a	n/a	n/a	n/a	n/a	n/a	n/a	n/a	n/a	n/a	n/a	n/a	n/a	n/a	n/a	n/a	1617.219696	n/a
1619.379591	0.000000	323876	ttl	4	71	n/a	n/a	n/a	n/a	n/a	n/a	n/a	n/a	n/a	n/a	n/a	n/a	n/a	n/a	n/a	n/a	n/a	n/a	n/a	n/a	n/a	1619.379591	n/a
1619.398344	0.000000	323880	ttl	11	71	n/a	n/a	n/a	n/a	n/a	n/a	n/a	n/a	n/a	n/a	n/a	n/a	n/a	n/a	n/a	n/a	n/a	n/a	n/a	n/a	n/a	1619.398344	n/a
1619.940167	1.547238	323988	scene_recognition	n/a	n/a	n/a	71.0	n/a	n/a	n/a	1619.3983435	n/a	2.3509955288595847	2	2	3	SB_3_frameB_foil.png	1	7	1623.83840025	0	74	n/a	n/a	intervals/recognition_table	73	1619.940167	1621.487405
1619.940167	0.000000	323988	ttl	1	71	n/a	n/a	n/a	n/a	n/a	n/a	n/a	n/a	n/a	n/a	n/a	n/a	n/a	n/a	n/a	n/a	n/a	n/a	n/a	n/a	n/a	1619.940167	n/a
1621.487405	0.000000	324297	ttl	2	71	n/a	n/a	n/a	n/a	n/a	n/a	n/a	n/a	n/a	n/a	n/a	n/a	n/a	n/a	n/a	n/a	n/a	n/a	n/a	n/a	n/a	1621.487405	n/a
1623.838400	0.000000	324768	ttl	4	71	n/a	n/a	n/a	n/a	n/a	n/a	n/a	n/a	n/a	n/a	n/a	n/a	n/a	n/a	n/a	n/a	n/a	n/a	n/a	n/a	n/a	1623.838400	n/a
1623.846760	0.000000	324769	ttl	11	71	n/a	n/a	n/a	n/a	n/a	n/a	n/a	n/a	n/a	n/a	n/a	n/a	n/a	n/a	n/a	n/a	n/a	n/a	n/a	n/a	n/a	1623.846760	n/a
1624.388565	1.547197	324878	scene_recognition	n/a	n/a	n/a	71.0	n/a	n/a	n/a	1623.84676	n/a	1.1126908697201543	2	3	3	HB_3_frameB_foil.png	1	7	1627.04845275	0	75	n/a	n/a	intervals/recognition_table	74	1624.388565	1625.935762
1624.388565	0.000000	324878	ttl	1	71	n/a	n/a	n/a	n/a	n/a	n/a	n/a	n/a	n/a	n/a	n/a	n/a	n/a	n/a	n/a	n/a	n/a	n/a	n/a	n/a	n/a	1624.388565	n/a
1625.935762	0.000000	325187	ttl	2	71	n/a	n/a	n/a	n/a	n/a	n/a	n/a	n/a	n/a	n/a	n/a	n/a	n/a	n/a	n/a	n/a	n/a	n/a	n/a	n/a	n/a	1625.935762	n/a
1627.048453	0.000000	325410	ttl	4	71	n/a	n/a	n/a	n/a	n/a	n/a	n/a	n/a	n/a	n/a	n/a	n/a	n/a	n/a	n/a	n/a	n/a	n/a	n/a	n/a	n/a	1627.048453	n/a
1627.065077	0.000000	325413	ttl	11	71	n/a	n/a	n/a	n/a	n/a	n/a	n/a	n/a	n/a	n/a	n/a	n/a	n/a	n/a	n/a	n/a	n/a	n/a	n/a	n/a	n/a	1627.065077	n/a
1627.667109	1.527245	325533	scene_recognition	n/a	n/a	n/a	71.0	n/a	n/a	n/a	1627.065077	n/a	1.6705533720405583	2	2	3	SB_4_frameA_foil.png	1	7	1630.8649082499999	0	76	n/a	n/a	intervals/recognition_table	75	1627.667109	1629.194355
1627.667109	0.000000	325533	ttl	1	71	n/a	n/a	n/a	n/a	n/a	n/a	n/a	n/a	n/a	n/a	n/a	n/a	n/a	n/a	n/a	n/a	n/a	n/a	n/a	n/a	n/a	1627.667109	n/a
1629.194355	0.000000	325839	ttl	2	71	n/a	n/a	n/a	n/a	n/a	n/a	n/a	n/a	n/a	n/a	n/a	n/a	n/a	n/a	n/a	n/a	n/a	n/a	n/a	n/a	n/a	1629.194355	n/a
1630.864908	0.000000	326173	ttl	4	71	n/a	n/a	n/a	n/a	n/a	n/a	n/a	n/a	n/a	n/a	n/a	n/a	n/a	n/a	n/a	n/a	n/a	n/a	n/a	n/a	n/a	1630.864908	n/a
1630.889955	0.000000	326178	ttl	11	71	n/a	n/a	n/a	n/a	n/a	n/a	n/a	n/a	n/a	n/a	n/a	n/a	n/a	n/a	n/a	n/a	n/a	n/a	n/a	n/a	n/a	1630.889955	n/a
1631.471935	1.547204	326294	scene_recognition	n/a	n/a	n/a	71.0	n/a	n/a	n/a	1630.8899549999999	n/a	3.921103560219308	2	3	3	HB_7_frameA.png	2	2	1636.94024225	1	77	n/a	n/a	intervals/recognition_table	76	1631.471935	1633.019139
1631.471935	0.000000	326294	ttl	1	71	n/a	n/a	n/a	n/a	n/a	n/a	n/a	n/a	n/a	n/a	n/a	n/a	n/a	n/a	n/a	n/a	n/a	n/a	n/a	n/a	n/a	1631.471935	n/a
1633.019139	0.000000	326604	ttl	2	71	n/a	n/a	n/a	n/a	n/a	n/a	n/a	n/a	n/a	n/a	n/a	n/a	n/a	n/a	n/a	n/a	n/a	n/a	n/a	n/a	n/a	1633.019139	n/a
1636.940242	0.000000	327388	ttl	4	71	n/a	n/a	n/a	n/a	n/a	n/a	n/a	n/a	n/a	n/a	n/a	n/a	n/a	n/a	n/a	n/a	n/a	n/a	n/a	n/a	n/a	1636.940242	n/a
1636.945218	0.000000	327389	ttl	11	71	n/a	n/a	n/a	n/a	n/a	n/a	n/a	n/a	n/a	n/a	n/a	n/a	n/a	n/a	n/a	n/a	n/a	n/a	n/a	n/a	n/a	1636.945218	n/a
1637.467234	1.547931	327493	scene_recognition	n/a	n/a	n/a	71.0	n/a	n/a	n/a	1636.94521775	n/a	1.6251146331283053	2	2	3	SB_2_frameB.png	2	2	1640.6402805	1	78	n/a	n/a	intervals/recognition_table	77	1637.467234	1639.015166
1637.467234	0.000000	327493	ttl	1	71	n/a	n/a	n/a	n/a	n/a	n/a	n/a	n/a	n/a	n/a	n/a	n/a	n/a	n/a	n/a	n/a	n/a	n/a	n/a	n/a	n/a	1637.467234	n/a
1639.015166	0.000000	327803	ttl	2	71	n/a	n/a	n/a	n/a	n/a	n/a	n/a	n/a	n/a	n/a	n/a	n/a	n/a	n/a	n/a	n/a	n/a	n/a	n/a	n/a	n/a	1639.015166	n/a
1640.640281	0.000000	328128	ttl	4	71	n/a	n/a	n/a	n/a	n/a	n/a	n/a	n/a	n/a	n/a	n/a	n/a	n/a	n/a	n/a	n/a	n/a	n/a	n/a	n/a	n/a	1640.640281	n/a
1640.657596	0.000000	328132	ttl	11	71	n/a	n/a	n/a	n/a	n/a	n/a	n/a	n/a	n/a	n/a	n/a	n/a	n/a	n/a	n/a	n/a	n/a	n/a	n/a	n/a	n/a	1640.657596	n/a
1641.199349	1.527425	328240	scene_recognition	n/a	n/a	n/a	71.0	n/a	n/a	n/a	1640.6575965	n/a	0.9341327735528466	2	2	3	SB_5_frameA.png	2	2	1643.660907	1	79	n/a	n/a	intervals/recognition_table	78	1641.199349	1642.726774
1641.199349	0.000000	328240	ttl	1	71	n/a	n/a	n/a	n/a	n/a	n/a	n/a	n/a	n/a	n/a	n/a	n/a	n/a	n/a	n/a	n/a	n/a	n/a	n/a	n/a	n/a	1641.199349	n/a
1642.726774	0.000000	328545	ttl	2	71	n/a	n/a	n/a	n/a	n/a	n/a	n/a	n/a	n/a	n/a	n/a	n/a	n/a	n/a	n/a	n/a	n/a	n/a	n/a	n/a	n/a	1642.726774	n/a
1643.660907	0.000000	328732	ttl	4	71	n/a	n/a	n/a	n/a	n/a	n/a	n/a	n/a	n/a	n/a	n/a	n/a	n/a	n/a	n/a	n/a	n/a	n/a	n/a	n/a	n/a	1643.660907	n/a
1643.667332	0.000000	328733	ttl	11	71	n/a	n/a	n/a	n/a	n/a	n/a	n/a	n/a	n/a	n/a	n/a	n/a	n/a	n/a	n/a	n/a	n/a	n/a	n/a	n/a	n/a	1643.667332	n/a
1644.168826	1.527485	328834	scene_recognition	n/a	n/a	n/a	71.0	n/a	n/a	n/a	1643.66733175	n/a	1.6614315717124555	2	1	3	NB_9_frameA_foil.png	1	7	1647.35774225	0	80	n/a	n/a	intervals/recognition_table	79	1644.168826	1645.696310
1644.168826	0.000000	328834	ttl	1	71	n/a	n/a	n/a	n/a	n/a	n/a	n/a	n/a	n/a	n/a	n/a	n/a	n/a	n/a	n/a	n/a	n/a	n/a	n/a	n/a	n/a	1644.168826	n/a
1645.696310	0.000000	329139	ttl	2	71	n/a	n/a	n/a	n/a	n/a	n/a	n/a	n/a	n/a	n/a	n/a	n/a	n/a	n/a	n/a	n/a	n/a	n/a	n/a	n/a	n/a	1645.696310	n/a
1647.357742	0.000000	329472	ttl	4	71	n/a	n/a	n/a	n/a	n/a	n/a	n/a	n/a	n/a	n/a	n/a	n/a	n/a	n/a	n/a	n/a	n/a	n/a	n/a	n/a	n/a	1647.357742	n/a
1647.368129	0.000000	329474	ttl	11	71	n/a	n/a	n/a	n/a	n/a	n/a	n/a	n/a	n/a	n/a	n/a	n/a	n/a	n/a	n/a	n/a	n/a	n/a	n/a	n/a	n/a	1647.368129	n/a
1647.889889	1.527282	329578	scene_recognition	n/a	n/a	n/a	71.0	n/a	n/a	n/a	1647.36812925	n/a	0.928078320964687	2	2	3	SB_1_frameB_foil.png	1	7	1650.34525025	0	81	n/a	n/a	intervals/recognition_table	80	1647.889889	1649.417172
1647.889889	0.000000	329578	ttl	1	71	n/a	n/a	n/a	n/a	n/a	n/a	n/a	n/a	n/a	n/a	n/a	n/a	n/a	n/a	n/a	n/a	n/a	n/a	n/a	n/a	n/a	1647.889889	n/a
1649.417172	0.000000	329883	ttl	2	71	n/a	n/a	n/a	n/a	n/a	n/a	n/a	n/a	n/a	n/a	n/a	n/a	n/a	n/a	n/a	n/a	n/a	n/a	n/a	n/a	n/a	1649.417172	n/a
1650.345250	0.000000	330069	ttl	4	71	n/a	n/a	n/a	n/a	n/a	n/a	n/a	n/a	n/a	n/a	n/a	n/a	n/a	n/a	n/a	n/a	n/a	n/a	n/a	n/a	n/a	1650.345250	n/a
1650.355183	0.000000	330071	ttl	11	71	n/a	n/a	n/a	n/a	n/a	n/a	n/a	n/a	n/a	n/a	n/a	n/a	n/a	n/a	n/a	n/a	n/a	n/a	n/a	n/a	n/a	1650.355183	n/a
1650.916957	1.527462	330183	scene_recognition	n/a	n/a	n/a	71.0	n/a	n/a	n/a	1650.3551827499998	n/a	2.714375280617787	1	3	3	HB_1_frameB.png	1	7	1655.158794	1	82	n/a	n/a	intervals/recognition_table	81	1650.916957	1652.444419
1650.916957	0.000000	330183	ttl	1	71	n/a	n/a	n/a	n/a	n/a	n/a	n/a	n/a	n/a	n/a	n/a	n/a	n/a	n/a	n/a	n/a	n/a	n/a	n/a	n/a	n/a	1650.916957	n/a
1652.444419	0.000000	330489	ttl	2	71	n/a	n/a	n/a	n/a	n/a	n/a	n/a	n/a	n/a	n/a	n/a	n/a	n/a	n/a	n/a	n/a	n/a	n/a	n/a	n/a	n/a	1652.444419	n/a
1655.158794	0.000000	331032	ttl	4	71	n/a	n/a	n/a	n/a	n/a	n/a	n/a	n/a	n/a	n/a	n/a	n/a	n/a	n/a	n/a	n/a	n/a	n/a	n/a	n/a	n/a	1655.158794	n/a
1655.172888	0.000000	331035	ttl	11	71	n/a	n/a	n/a	n/a	n/a	n/a	n/a	n/a	n/a	n/a	n/a	n/a	n/a	n/a	n/a	n/a	n/a	n/a	n/a	n/a	n/a	1655.172888	n/a
1655.774750	1.527353	331155	scene_recognition	n/a	n/a	n/a	71.0	n/a	n/a	n/a	1655.1728885	n/a	1.70011179462972	2	1	3	NB_19_frameA_foil.png	1	7	1659.0022152499998	0	83	n/a	n/a	intervals/recognition_table	82	1655.774750	1657.302103
1655.774750	0.000000	331155	ttl	1	71	n/a	n/a	n/a	n/a	n/a	n/a	n/a	n/a	n/a	n/a	n/a	n/a	n/a	n/a	n/a	n/a	n/a	n/a	n/a	n/a	n/a	1655.774750	n/a
1657.302103	0.000000	331460	ttl	2	71	n/a	n/a	n/a	n/a	n/a	n/a	n/a	n/a	n/a	n/a	n/a	n/a	n/a	n/a	n/a	n/a	n/a	n/a	n/a	n/a	n/a	1657.302103	n/a
1659.002215	0.000000	331800	ttl	4	71	n/a	n/a	n/a	n/a	n/a	n/a	n/a	n/a	n/a	n/a	n/a	n/a	n/a	n/a	n/a	n/a	n/a	n/a	n/a	n/a	n/a	1659.002215	n/a
1659.017817	0.000000	331804	ttl	11	71	n/a	n/a	n/a	n/a	n/a	n/a	n/a	n/a	n/a	n/a	n/a	n/a	n/a	n/a	n/a	n/a	n/a	n/a	n/a	n/a	n/a	1659.017817	n/a
1659.559842	1.527274	331912	scene_recognition	n/a	n/a	n/a	71.0	n/a	n/a	n/a	1659.01781725	n/a	1.6507330160334277	1	3	3	HB_2_frameB_foil.png	2	2	1662.7378494999998	0	84	n/a	n/a	intervals/recognition_table	83	1659.559842	1661.087116
1659.559842	0.000000	331912	ttl	1	71	n/a	n/a	n/a	n/a	n/a	n/a	n/a	n/a	n/a	n/a	n/a	n/a	n/a	n/a	n/a	n/a	n/a	n/a	n/a	n/a	n/a	1659.559842	n/a
1661.087116	0.000000	332217	ttl	2	71	n/a	n/a	n/a	n/a	n/a	n/a	n/a	n/a	n/a	n/a	n/a	n/a	n/a	n/a	n/a	n/a	n/a	n/a	n/a	n/a	n/a	1661.087116	n/a
1662.737849	0.000000	332548	ttl	4	71	n/a	n/a	n/a	n/a	n/a	n/a	n/a	n/a	n/a	n/a	n/a	n/a	n/a	n/a	n/a	n/a	n/a	n/a	n/a	n/a	n/a	1662.737849	n/a
1662.756305	0.000000	332551	ttl	11	71	n/a	n/a	n/a	n/a	n/a	n/a	n/a	n/a	n/a	n/a	n/a	n/a	n/a	n/a	n/a	n/a	n/a	n/a	n/a	n/a	n/a	1662.756305	n/a
1663.278188	1.527328	332656	scene_recognition	n/a	n/a	n/a	71.0	n/a	n/a	n/a	1662.75630475	n/a	1.8677386260392268	2	2	3	SB_8_frameA_foil.png	1	7	1666.67325525	0	85	n/a	n/a	intervals/recognition_table	84	1663.278188	1664.805516
1663.278188	0.000000	332656	ttl	1	71	n/a	n/a	n/a	n/a	n/a	n/a	n/a	n/a	n/a	n/a	n/a	n/a	n/a	n/a	n/a	n/a	n/a	n/a	n/a	n/a	n/a	1663.278188	n/a
1664.805516	0.000000	332961	ttl	2	71	n/a	n/a	n/a	n/a	n/a	n/a	n/a	n/a	n/a	n/a	n/a	n/a	n/a	n/a	n/a	n/a	n/a	n/a	n/a	n/a	n/a	1664.805516	n/a
1666.673255	0.000000	333335	ttl	4	71	n/a	n/a	n/a	n/a	n/a	n/a	n/a	n/a	n/a	n/a	n/a	n/a	n/a	n/a	n/a	n/a	n/a	n/a	n/a	n/a	n/a	1666.673255	n/a
1666.680618	0.000000	333336	ttl	11	71	n/a	n/a	n/a	n/a	n/a	n/a	n/a	n/a	n/a	n/a	n/a	n/a	n/a	n/a	n/a	n/a	n/a	n/a	n/a	n/a	n/a	1666.680618	n/a
1667.202388	1.527250	333440	scene_recognition	n/a	n/a	n/a	71.0	n/a	n/a	n/a	1666.68061775	n/a	0.03723956587373323	2	3	2	HB_3_frameB_foil.png	1	6	1668.7668772499999	0	86	n/a	n/a	intervals/recognition_table	85	1667.202388	1668.729638
1667.202388	0.000000	333440	ttl	1	71	n/a	n/a	n/a	n/a	n/a	n/a	n/a	n/a	n/a	n/a	n/a	n/a	n/a	n/a	n/a	n/a	n/a	n/a	n/a	n/a	n/a	1667.202388	n/a
1668.729638	0.000000	333746	ttl	2	71	n/a	n/a	n/a	n/a	n/a	n/a	n/a	n/a	n/a	n/a	n/a	n/a	n/a	n/a	n/a	n/a	n/a	n/a	n/a	n/a	n/a	1668.729638	n/a
1668.766877	0.000000	333753	ttl	4	71	n/a	n/a	n/a	n/a	n/a	n/a	n/a	n/a	n/a	n/a	n/a	n/a	n/a	n/a	n/a	n/a	n/a	n/a	n/a	n/a	n/a	1668.766877	n/a
1668.787076	0.000000	333757	ttl	11	71	n/a	n/a	n/a	n/a	n/a	n/a	n/a	n/a	n/a	n/a	n/a	n/a	n/a	n/a	n/a	n/a	n/a	n/a	n/a	n/a	n/a	1668.787076	n/a
1669.288747	1.527288	333858	scene_recognition	n/a	n/a	n/a	71.0	n/a	n/a	n/a	1668.7870759999998	n/a	1.4988591728902065	2	2	3	SB_5_frameB.png	2	2	1672.3148945	1	87	n/a	n/a	intervals/recognition_table	86	1669.288747	1670.816035
1669.288747	0.000000	333858	ttl	1	71	n/a	n/a	n/a	n/a	n/a	n/a	n/a	n/a	n/a	n/a	n/a	n/a	n/a	n/a	n/a	n/a	n/a	n/a	n/a	n/a	n/a	1669.288747	n/a
1670.816035	0.000000	334163	ttl	2	71	n/a	n/a	n/a	n/a	n/a	n/a	n/a	n/a	n/a	n/a	n/a	n/a	n/a	n/a	n/a	n/a	n/a	n/a	n/a	n/a	n/a	1670.816035	n/a
1672.314895	0.000000	334463	ttl	4	71	n/a	n/a	n/a	n/a	n/a	n/a	n/a	n/a	n/a	n/a	n/a	n/a	n/a	n/a	n/a	n/a	n/a	n/a	n/a	n/a	n/a	1672.314895	n/a
1672.339005	0.000000	334468	ttl	11	71	n/a	n/a	n/a	n/a	n/a	n/a	n/a	n/a	n/a	n/a	n/a	n/a	n/a	n/a	n/a	n/a	n/a	n/a	n/a	n/a	n/a	1672.339005	n/a
1672.921108	1.547963	334584	scene_recognition	n/a	n/a	n/a	71.0	n/a	n/a	n/a	1672.33900475	n/a	1.3030038721631172	2	2	3	SB_3_frameA.png	2	2	1675.7720749999999	1	88	n/a	n/a	intervals/recognition_table	87	1672.921108	1674.469071
1672.921108	0.000000	334584	ttl	1	71	n/a	n/a	n/a	n/a	n/a	n/a	n/a	n/a	n/a	n/a	n/a	n/a	n/a	n/a	n/a	n/a	n/a	n/a	n/a	n/a	n/a	1672.921108	n/a
1674.469071	0.000000	334894	ttl	2	71	n/a	n/a	n/a	n/a	n/a	n/a	n/a	n/a	n/a	n/a	n/a	n/a	n/a	n/a	n/a	n/a	n/a	n/a	n/a	n/a	n/a	1674.469071	n/a
1675.772075	0.000000	335154	ttl	4	71	n/a	n/a	n/a	n/a	n/a	n/a	n/a	n/a	n/a	n/a	n/a	n/a	n/a	n/a	n/a	n/a	n/a	n/a	n/a	n/a	n/a	1675.772075	n/a
1675.787830	0.000000	335158	ttl	11	71	n/a	n/a	n/a	n/a	n/a	n/a	n/a	n/a	n/a	n/a	n/a	n/a	n/a	n/a	n/a	n/a	n/a	n/a	n/a	n/a	n/a	1675.787830	n/a
1676.329512	1.548215	335266	scene_recognition	n/a	n/a	n/a	71.0	n/a	n/a	n/a	1675.78782975	n/a	1.9055299884480519	2	3	3	HB_7_frameA_foil.png	1	7	1679.78325625	0	89	n/a	n/a	intervals/recognition_table	88	1676.329512	1677.877726
1676.329512	0.000000	335266	ttl	1	71	n/a	n/a	n/a	n/a	n/a	n/a	n/a	n/a	n/a	n/a	n/a	n/a	n/a	n/a	n/a	n/a	n/a	n/a	n/a	n/a	n/a	1676.329512	n/a
1677.877726	0.000000	335576	ttl	2	71	n/a	n/a	n/a	n/a	n/a	n/a	n/a	n/a	n/a	n/a	n/a	n/a	n/a	n/a	n/a	n/a	n/a	n/a	n/a	n/a	n/a	1677.877726	n/a
1679.783256	0.000000	335957	ttl	4	71	n/a	n/a	n/a	n/a	n/a	n/a	n/a	n/a	n/a	n/a	n/a	n/a	n/a	n/a	n/a	n/a	n/a	n/a	n/a	n/a	n/a	1679.783256	n/a
1679.799419	0.000000	335960	ttl	11	71	n/a	n/a	n/a	n/a	n/a	n/a	n/a	n/a	n/a	n/a	n/a	n/a	n/a	n/a	n/a	n/a	n/a	n/a	n/a	n/a	n/a	1679.799419	n/a
1680.341189	1.548256	336068	scene_recognition	n/a	n/a	n/a	71.0	n/a	n/a	n/a	1679.7994187499999	n/a	1.3982986152154808	2	2	3	SB_2_frameA_foil.png	1	7	1683.2877435	0	90	n/a	n/a	intervals/recognition_table	89	1680.341189	1681.889445
1680.341189	0.000000	336068	ttl	1	71	n/a	n/a	n/a	n/a	n/a	n/a	n/a	n/a	n/a	n/a	n/a	n/a	n/a	n/a	n/a	n/a	n/a	n/a	n/a	n/a	n/a	1680.341189	n/a
1681.889445	0.000000	336378	ttl	2	71	n/a	n/a	n/a	n/a	n/a	n/a	n/a	n/a	n/a	n/a	n/a	n/a	n/a	n/a	n/a	n/a	n/a	n/a	n/a	n/a	n/a	1681.889445	n/a
1683.287744	0.000000	336658	ttl	4	71	n/a	n/a	n/a	n/a	n/a	n/a	n/a	n/a	n/a	n/a	n/a	n/a	n/a	n/a	n/a	n/a	n/a	n/a	n/a	n/a	n/a	1683.287744	n/a
1683.304159	0.000000	336661	ttl	11	71	n/a	n/a	n/a	n/a	n/a	n/a	n/a	n/a	n/a	n/a	n/a	n/a	n/a	n/a	n/a	n/a	n/a	n/a	n/a	n/a	n/a	1683.304159	n/a
1683.805848	1.547128	336761	scene_recognition	n/a	n/a	n/a	71.0	n/a	n/a	n/a	1683.3041592499999	n/a	1.8495379483124452	2	1	3	NB_26_frameA.png	2	2	1687.20251375	1	91	n/a	n/a	intervals/recognition_table	90	1683.805848	1685.352976
1683.805848	0.000000	336761	ttl	1	71	n/a	n/a	n/a	n/a	n/a	n/a	n/a	n/a	n/a	n/a	n/a	n/a	n/a	n/a	n/a	n/a	n/a	n/a	n/a	n/a	n/a	1683.805848	n/a
1685.352976	0.000000	337071	ttl	2	71	n/a	n/a	n/a	n/a	n/a	n/a	n/a	n/a	n/a	n/a	n/a	n/a	n/a	n/a	n/a	n/a	n/a	n/a	n/a	n/a	n/a	1685.352976	n/a
1687.202514	0.000000	337441	ttl	4	71	n/a	n/a	n/a	n/a	n/a	n/a	n/a	n/a	n/a	n/a	n/a	n/a	n/a	n/a	n/a	n/a	n/a	n/a	n/a	n/a	n/a	1687.202514	n/a
1687.215510	0.000000	337443	ttl	11	71	n/a	n/a	n/a	n/a	n/a	n/a	n/a	n/a	n/a	n/a	n/a	n/a	n/a	n/a	n/a	n/a	n/a	n/a	n/a	n/a	n/a	1687.215510	n/a
1687.797415	1.527848	337559	scene_recognition	n/a	n/a	n/a	71.0	n/a	n/a	n/a	1687.21551	n/a	1.4165483299966581	2	2	3	SB_3_frameA_foil.png	1	7	1690.7418109999999	0	92	n/a	n/a	intervals/recognition_table	91	1687.797415	1689.325263
1687.797415	0.000000	337559	ttl	1	71	n/a	n/a	n/a	n/a	n/a	n/a	n/a	n/a	n/a	n/a	n/a	n/a	n/a	n/a	n/a	n/a	n/a	n/a	n/a	n/a	n/a	1687.797415	n/a
1689.325263	0.000000	337865	ttl	2	71	n/a	n/a	n/a	n/a	n/a	n/a	n/a	n/a	n/a	n/a	n/a	n/a	n/a	n/a	n/a	n/a	n/a	n/a	n/a	n/a	n/a	1689.325263	n/a
1690.741811	0.000000	338148	ttl	4	71	n/a	n/a	n/a	n/a	n/a	n/a	n/a	n/a	n/a	n/a	n/a	n/a	n/a	n/a	n/a	n/a	n/a	n/a	n/a	n/a	n/a	1690.741811	n/a
1690.763841	0.000000	338153	ttl	11	71	n/a	n/a	n/a	n/a	n/a	n/a	n/a	n/a	n/a	n/a	n/a	n/a	n/a	n/a	n/a	n/a	n/a	n/a	n/a	n/a	n/a	1690.763841	n/a
1691.365919	1.527259	338273	scene_recognition	n/a	n/a	n/a	71.0	n/a	n/a	n/a	1690.7638405	n/a	1.5452154098998108	2	2	3	SB_1_frameA.png	2	2	1694.43839325	1	93	n/a	n/a	intervals/recognition_table	92	1691.365919	1692.893178
1691.365919	0.000000	338273	ttl	1	71	n/a	n/a	n/a	n/a	n/a	n/a	n/a	n/a	n/a	n/a	n/a	n/a	n/a	n/a	n/a	n/a	n/a	n/a	n/a	n/a	n/a	1691.365919	n/a
1692.893178	0.000000	338579	ttl	2	71	n/a	n/a	n/a	n/a	n/a	n/a	n/a	n/a	n/a	n/a	n/a	n/a	n/a	n/a	n/a	n/a	n/a	n/a	n/a	n/a	n/a	1692.893178	n/a
1694.438393	0.000000	338888	ttl	4	71	n/a	n/a	n/a	n/a	n/a	n/a	n/a	n/a	n/a	n/a	n/a	n/a	n/a	n/a	n/a	n/a	n/a	n/a	n/a	n/a	n/a	1694.438393	n/a
1694.445420	0.000000	338889	ttl	11	71	n/a	n/a	n/a	n/a	n/a	n/a	n/a	n/a	n/a	n/a	n/a	n/a	n/a	n/a	n/a	n/a	n/a	n/a	n/a	n/a	n/a	1694.445420	n/a
1695.047268	1.527382	339009	scene_recognition	n/a	n/a	n/a	71.0	n/a	n/a	n/a	1694.4454202499999	n/a	1.821849360422675	2	1	3	NB_19_frameB.png	2	2	1698.3964987499999	1	94	n/a	n/a	intervals/recognition_table	93	1695.047268	1696.574649
1695.047268	0.000000	339009	ttl	1	71	n/a	n/a	n/a	n/a	n/a	n/a	n/a	n/a	n/a	n/a	n/a	n/a	n/a	n/a	n/a	n/a	n/a	n/a	n/a	n/a	n/a	1695.047268	n/a
1696.574649	0.000000	339315	ttl	2	71	n/a	n/a	n/a	n/a	n/a	n/a	n/a	n/a	n/a	n/a	n/a	n/a	n/a	n/a	n/a	n/a	n/a	n/a	n/a	n/a	n/a	1696.574649	n/a
1698.396499	0.000000	339679	ttl	4	71	n/a	n/a	n/a	n/a	n/a	n/a	n/a	n/a	n/a	n/a	n/a	n/a	n/a	n/a	n/a	n/a	n/a	n/a	n/a	n/a	n/a	1698.396499	n/a
1698.421025	0.000000	339684	ttl	11	71	n/a	n/a	n/a	n/a	n/a	n/a	n/a	n/a	n/a	n/a	n/a	n/a	n/a	n/a	n/a	n/a	n/a	n/a	n/a	n/a	n/a	1698.421025	n/a
1699.022880	1.547556	339805	scene_recognition	n/a	n/a	n/a	71.0	n/a	n/a	n/a	1698.4210254999998	n/a	2.16906014265669	1	3	2	HB_8_frameB.png	1	6	1702.739496	1	95	n/a	n/a	intervals/recognition_table	94	1699.022880	1700.570436
1699.022880	0.000000	339805	ttl	1	71	n/a	n/a	n/a	n/a	n/a	n/a	n/a	n/a	n/a	n/a	n/a	n/a	n/a	n/a	n/a	n/a	n/a	n/a	n/a	n/a	n/a	1699.022880	n/a
1700.570436	0.000000	340114	ttl	2	71	n/a	n/a	n/a	n/a	n/a	n/a	n/a	n/a	n/a	n/a	n/a	n/a	n/a	n/a	n/a	n/a	n/a	n/a	n/a	n/a	n/a	1700.570436	n/a
1702.739496	0.000000	340548	ttl	4	71	n/a	n/a	n/a	n/a	n/a	n/a	n/a	n/a	n/a	n/a	n/a	n/a	n/a	n/a	n/a	n/a	n/a	n/a	n/a	n/a	n/a	1702.739496	n/a
1702.763871	0.000000	340553	ttl	11	71	n/a	n/a	n/a	n/a	n/a	n/a	n/a	n/a	n/a	n/a	n/a	n/a	n/a	n/a	n/a	n/a	n/a	n/a	n/a	n/a	n/a	1702.763871	n/a
1703.325550	1.527508	340665	scene_recognition	n/a	n/a	n/a	71.0	n/a	n/a	n/a	1702.7638714999998	n/a	2.3058269758312235	2	3	3	HB_3_frameB.png	2	2	1707.15888525	1	96	n/a	n/a	intervals/recognition_table	95	1703.325550	1704.853058
1703.325550	0.000000	340665	ttl	1	71	n/a	n/a	n/a	n/a	n/a	n/a	n/a	n/a	n/a	n/a	n/a	n/a	n/a	n/a	n/a	n/a	n/a	n/a	n/a	n/a	n/a	1703.325550	n/a
1704.853058	0.000000	340971	ttl	2	71	n/a	n/a	n/a	n/a	n/a	n/a	n/a	n/a	n/a	n/a	n/a	n/a	n/a	n/a	n/a	n/a	n/a	n/a	n/a	n/a	n/a	1704.853058	n/a
1707.158885	0.000000	341432	ttl	4	71	n/a	n/a	n/a	n/a	n/a	n/a	n/a	n/a	n/a	n/a	n/a	n/a	n/a	n/a	n/a	n/a	n/a	n/a	n/a	n/a	n/a	1707.158885	n/a
1707.165204	0.000000	341433	ttl	11	71	n/a	n/a	n/a	n/a	n/a	n/a	n/a	n/a	n/a	n/a	n/a	n/a	n/a	n/a	n/a	n/a	n/a	n/a	n/a	n/a	n/a	1707.165204	n/a
1707.667050	1.527372	341533	scene_recognition	n/a	n/a	n/a	71.0	n/a	n/a	n/a	1707.1652037499998	n/a	2.3691617278609556	2	1	2	NB_22_frameA.png	2	3	1711.5635845	1	97	n/a	n/a	intervals/recognition_table	96	1707.667050	1709.194423
1707.667050	0.000000	341533	ttl	1	71	n/a	n/a	n/a	n/a	n/a	n/a	n/a	n/a	n/a	n/a	n/a	n/a	n/a	n/a	n/a	n/a	n/a	n/a	n/a	n/a	n/a	1707.667050	n/a
1709.194423	0.000000	341839	ttl	2	71	n/a	n/a	n/a	n/a	n/a	n/a	n/a	n/a	n/a	n/a	n/a	n/a	n/a	n/a	n/a	n/a	n/a	n/a	n/a	n/a	n/a	1709.194423	n/a
1711.563584	0.000000	342313	ttl	4	71	n/a	n/a	n/a	n/a	n/a	n/a	n/a	n/a	n/a	n/a	n/a	n/a	n/a	n/a	n/a	n/a	n/a	n/a	n/a	n/a	n/a	1711.563584	n/a
1711.572383	0.000000	342314	ttl	11	71	n/a	n/a	n/a	n/a	n/a	n/a	n/a	n/a	n/a	n/a	n/a	n/a	n/a	n/a	n/a	n/a	n/a	n/a	n/a	n/a	n/a	1711.572383	n/a
1712.134283	1.547384	342427	scene_recognition	n/a	n/a	n/a	71.0	n/a	n/a	n/a	1711.57238325	n/a	2.017309899909378	2	1	3	NB_18_frameA.png	2	2	1715.6989772499999	1	98	n/a	n/a	intervals/recognition_table	97	1712.134283	1713.681668
1712.134283	0.000000	342427	ttl	1	71	n/a	n/a	n/a	n/a	n/a	n/a	n/a	n/a	n/a	n/a	n/a	n/a	n/a	n/a	n/a	n/a	n/a	n/a	n/a	n/a	n/a	1712.134283	n/a
1713.681668	0.000000	342736	ttl	2	71	n/a	n/a	n/a	n/a	n/a	n/a	n/a	n/a	n/a	n/a	n/a	n/a	n/a	n/a	n/a	n/a	n/a	n/a	n/a	n/a	n/a	1713.681668	n/a
1715.698977	0.000000	343140	ttl	4	71	n/a	n/a	n/a	n/a	n/a	n/a	n/a	n/a	n/a	n/a	n/a	n/a	n/a	n/a	n/a	n/a	n/a	n/a	n/a	n/a	n/a	1715.698977	n/a
1715.723623	0.000000	343145	ttl	11	71	n/a	n/a	n/a	n/a	n/a	n/a	n/a	n/a	n/a	n/a	n/a	n/a	n/a	n/a	n/a	n/a	n/a	n/a	n/a	n/a	n/a	1715.723623	n/a
1716.305530	1.527245	343261	scene_recognition	n/a	n/a	n/a	71.0	n/a	n/a	n/a	1715.72362325	n/a	1.1877400484295322	2	2	3	SB_7_frameA.png	2	2	1719.020515	1	99	n/a	n/a	intervals/recognition_table	98	1716.305530	1717.832775
1716.305530	0.000000	343261	ttl	1	71	n/a	n/a	n/a	n/a	n/a	n/a	n/a	n/a	n/a	n/a	n/a	n/a	n/a	n/a	n/a	n/a	n/a	n/a	n/a	n/a	n/a	1716.305530	n/a
1717.832775	0.000000	343567	ttl	2	71	n/a	n/a	n/a	n/a	n/a	n/a	n/a	n/a	n/a	n/a	n/a	n/a	n/a	n/a	n/a	n/a	n/a	n/a	n/a	n/a	n/a	1717.832775	n/a
1719.020515	0.000000	343804	ttl	4	71	n/a	n/a	n/a	n/a	n/a	n/a	n/a	n/a	n/a	n/a	n/a	n/a	n/a	n/a	n/a	n/a	n/a	n/a	n/a	n/a	n/a	1719.020515	n/a
1719.033229	0.000000	343807	ttl	11	71	n/a	n/a	n/a	n/a	n/a	n/a	n/a	n/a	n/a	n/a	n/a	n/a	n/a	n/a	n/a	n/a	n/a	n/a	n/a	n/a	n/a	1719.033229	n/a
1719.615200	1.547245	343923	scene_recognition	n/a	n/a	n/a	71.0	n/a	n/a	n/a	1719.033229	n/a	1.638591873576388	2	1	3	NB_24_frameB_foil.png	1	7	1722.8010375	0	100	n/a	n/a	intervals/recognition_table	99	1719.615200	1721.162445
1719.615200	0.000000	343923	ttl	1	71	n/a	n/a	n/a	n/a	n/a	n/a	n/a	n/a	n/a	n/a	n/a	n/a	n/a	n/a	n/a	n/a	n/a	n/a	n/a	n/a	n/a	1719.615200	n/a
1721.162445	0.000000	344232	ttl	2	71	n/a	n/a	n/a	n/a	n/a	n/a	n/a	n/a	n/a	n/a	n/a	n/a	n/a	n/a	n/a	n/a	n/a	n/a	n/a	n/a	n/a	1721.162445	n/a
1722.801037	0.000000	344560	ttl	4	71	n/a	n/a	n/a	n/a	n/a	n/a	n/a	n/a	n/a	n/a	n/a	n/a	n/a	n/a	n/a	n/a	n/a	n/a	n/a	n/a	n/a	1722.801037	n/a
1722.824537	0.000000	344565	ttl	11	71	n/a	n/a	n/a	n/a	n/a	n/a	n/a	n/a	n/a	n/a	n/a	n/a	n/a	n/a	n/a	n/a	n/a	n/a	n/a	n/a	n/a	1722.824537	n/a
1723.406340	1.547635	344681	scene_recognition	n/a	n/a	n/a	71.0	n/a	n/a	n/a	1722.8245365	n/a	2.2256559319866938	2	1	2	NB_4_frameA.png	2	3	1727.17963075	1	101	n/a	n/a	intervals/recognition_table	100	1723.406340	1724.953975
1723.406340	0.000000	344681	ttl	1	71	n/a	n/a	n/a	n/a	n/a	n/a	n/a	n/a	n/a	n/a	n/a	n/a	n/a	n/a	n/a	n/a	n/a	n/a	n/a	n/a	n/a	1723.406340	n/a
1724.953975	0.000000	344991	ttl	2	71	n/a	n/a	n/a	n/a	n/a	n/a	n/a	n/a	n/a	n/a	n/a	n/a	n/a	n/a	n/a	n/a	n/a	n/a	n/a	n/a	n/a	1724.953975	n/a
1727.179631	0.000000	345436	ttl	4	71	n/a	n/a	n/a	n/a	n/a	n/a	n/a	n/a	n/a	n/a	n/a	n/a	n/a	n/a	n/a	n/a	n/a	n/a	n/a	n/a	n/a	1727.179631	n/a
1727.196860	0.000000	345439	ttl	11	71	n/a	n/a	n/a	n/a	n/a	n/a	n/a	n/a	n/a	n/a	n/a	n/a	n/a	n/a	n/a	n/a	n/a	n/a	n/a	n/a	n/a	1727.196860	n/a
1727.778822	1.547420	345556	scene_recognition	n/a	n/a	n/a	71.0	n/a	n/a	n/a	1727.1968605	n/a	1.668134013537383	2	2	3	SB_1_frameA.png	2	2	1730.9943759999999	1	102	n/a	n/a	intervals/recognition_table	101	1727.778822	1729.326242
1727.778822	0.000000	345556	ttl	1	71	n/a	n/a	n/a	n/a	n/a	n/a	n/a	n/a	n/a	n/a	n/a	n/a	n/a	n/a	n/a	n/a	n/a	n/a	n/a	n/a	n/a	1727.778822	n/a
1729.326242	0.000000	345865	ttl	2	71	n/a	n/a	n/a	n/a	n/a	n/a	n/a	n/a	n/a	n/a	n/a	n/a	n/a	n/a	n/a	n/a	n/a	n/a	n/a	n/a	n/a	1729.326242	n/a
1730.994376	0.000000	346199	ttl	4	71	n/a	n/a	n/a	n/a	n/a	n/a	n/a	n/a	n/a	n/a	n/a	n/a	n/a	n/a	n/a	n/a	n/a	n/a	n/a	n/a	n/a	1730.994376	n/a
1731.001202	0.000000	346200	ttl	11	71	n/a	n/a	n/a	n/a	n/a	n/a	n/a	n/a	n/a	n/a	n/a	n/a	n/a	n/a	n/a	n/a	n/a	n/a	n/a	n/a	n/a	1731.001202	n/a
1731.563155	1.547241	346313	scene_recognition	n/a	n/a	n/a	71.0	n/a	n/a	n/a	1731.001202	n/a	1.1753083789844823	2	3	3	HB_1_frameB.png	2	2	1734.28570425	1	103	n/a	n/a	intervals/recognition_table	102	1731.563155	1733.110396
1731.563155	0.000000	346313	ttl	1	71	n/a	n/a	n/a	n/a	n/a	n/a	n/a	n/a	n/a	n/a	n/a	n/a	n/a	n/a	n/a	n/a	n/a	n/a	n/a	n/a	n/a	1731.563155	n/a
1733.110396	0.000000	346622	ttl	2	71	n/a	n/a	n/a	n/a	n/a	n/a	n/a	n/a	n/a	n/a	n/a	n/a	n/a	n/a	n/a	n/a	n/a	n/a	n/a	n/a	n/a	1733.110396	n/a
1734.285704	0.000000	346857	ttl	4	71	n/a	n/a	n/a	n/a	n/a	n/a	n/a	n/a	n/a	n/a	n/a	n/a	n/a	n/a	n/a	n/a	n/a	n/a	n/a	n/a	n/a	1734.285704	n/a
1734.297049	0.000000	346859	ttl	11	71	n/a	n/a	n/a	n/a	n/a	n/a	n/a	n/a	n/a	n/a	n/a	n/a	n/a	n/a	n/a	n/a	n/a	n/a	n/a	n/a	n/a	1734.297049	n/a
1734.838880	1.527780	346968	scene_recognition	n/a	n/a	n/a	71.0	n/a	n/a	n/a	1734.2970495	n/a	1.6936983079522179	2	2	3	SB_8_frameA.png	2	2	1738.0603585	1	104	n/a	n/a	intervals/recognition_table	103	1734.838880	1736.366660
1734.838880	0.000000	346968	ttl	1	71	n/a	n/a	n/a	n/a	n/a	n/a	n/a	n/a	n/a	n/a	n/a	n/a	n/a	n/a	n/a	n/a	n/a	n/a	n/a	n/a	n/a	1734.838880	n/a
1736.366660	0.000000	347273	ttl	2	71	n/a	n/a	n/a	n/a	n/a	n/a	n/a	n/a	n/a	n/a	n/a	n/a	n/a	n/a	n/a	n/a	n/a	n/a	n/a	n/a	n/a	1736.366660	n/a
1738.060358	0.000000	347612	ttl	4	71	n/a	n/a	n/a	n/a	n/a	n/a	n/a	n/a	n/a	n/a	n/a	n/a	n/a	n/a	n/a	n/a	n/a	n/a	n/a	n/a	n/a	1738.060358	n/a
1738.076655	0.000000	347615	ttl	11	71	n/a	n/a	n/a	n/a	n/a	n/a	n/a	n/a	n/a	n/a	n/a	n/a	n/a	n/a	n/a	n/a	n/a	n/a	n/a	n/a	n/a	1738.076655	n/a
1738.618468	1.527446	347724	scene_recognition	n/a	n/a	n/a	71.0	n/a	n/a	n/a	1738.07665475	n/a	2.8297542079926643	2	1	2	NB_10_frameA.png	2	3	1742.97566825	1	105	n/a	n/a	intervals/recognition_table	104	1738.618468	1740.145914
1738.618468	0.000000	347724	ttl	1	71	n/a	n/a	n/a	n/a	n/a	n/a	n/a	n/a	n/a	n/a	n/a	n/a	n/a	n/a	n/a	n/a	n/a	n/a	n/a	n/a	n/a	1738.618468	n/a
1740.145914	0.000000	348029	ttl	2	71	n/a	n/a	n/a	n/a	n/a	n/a	n/a	n/a	n/a	n/a	n/a	n/a	n/a	n/a	n/a	n/a	n/a	n/a	n/a	n/a	n/a	1740.145914	n/a
1742.975668	0.000000	348595	ttl	4	71	n/a	n/a	n/a	n/a	n/a	n/a	n/a	n/a	n/a	n/a	n/a	n/a	n/a	n/a	n/a	n/a	n/a	n/a	n/a	n/a	n/a	1742.975668	n/a
1742.981782	0.000000	348596	ttl	11	71	n/a	n/a	n/a	n/a	n/a	n/a	n/a	n/a	n/a	n/a	n/a	n/a	n/a	n/a	n/a	n/a	n/a	n/a	n/a	n/a	n/a	1742.981782	n/a
1743.503524	1.547181	348701	scene_recognition	n/a	n/a	n/a	71.0	n/a	n/a	n/a	1742.98178175	n/a	1.8955138687238104	2	2	3	SB_1_frameB_foil.png	1	7	1746.94621825	0	106	n/a	n/a	intervals/recognition_table	105	1743.503524	1745.050704
1743.503524	0.000000	348701	ttl	1	71	n/a	n/a	n/a	n/a	n/a	n/a	n/a	n/a	n/a	n/a	n/a	n/a	n/a	n/a	n/a	n/a	n/a	n/a	n/a	n/a	n/a	1743.503524	n/a
1745.050704	0.000000	349010	ttl	2	71	n/a	n/a	n/a	n/a	n/a	n/a	n/a	n/a	n/a	n/a	n/a	n/a	n/a	n/a	n/a	n/a	n/a	n/a	n/a	n/a	n/a	1745.050704	n/a
1746.946218	0.000000	349389	ttl	4	71	n/a	n/a	n/a	n/a	n/a	n/a	n/a	n/a	n/a	n/a	n/a	n/a	n/a	n/a	n/a	n/a	n/a	n/a	n/a	n/a	n/a	1746.946218	n/a
1746.957932	0.000000	349392	ttl	11	71	n/a	n/a	n/a	n/a	n/a	n/a	n/a	n/a	n/a	n/a	n/a	n/a	n/a	n/a	n/a	n/a	n/a	n/a	n/a	n/a	n/a	1746.957932	n/a
1747.479852	1.547270	349496	scene_recognition	n/a	n/a	n/a	71.0	n/a	n/a	n/a	1746.9579325	n/a	1.7470348767483301	2	1	3	NB_25_frameA_foil.png	1	7	1750.7741569999998	0	107	n/a	n/a	intervals/recognition_table	106	1747.479852	1749.027122
1747.479852	0.000000	349496	ttl	1	71	n/a	n/a	n/a	n/a	n/a	n/a	n/a	n/a	n/a	n/a	n/a	n/a	n/a	n/a	n/a	n/a	n/a	n/a	n/a	n/a	n/a	1747.479852	n/a
1749.027122	0.000000	349805	ttl	2	71	n/a	n/a	n/a	n/a	n/a	n/a	n/a	n/a	n/a	n/a	n/a	n/a	n/a	n/a	n/a	n/a	n/a	n/a	n/a	n/a	n/a	1749.027122	n/a
1750.774157	0.000000	350155	ttl	4	71	n/a	n/a	n/a	n/a	n/a	n/a	n/a	n/a	n/a	n/a	n/a	n/a	n/a	n/a	n/a	n/a	n/a	n/a	n/a	n/a	n/a	1750.774157	n/a
1750.794449	0.000000	350159	ttl	11	71	n/a	n/a	n/a	n/a	n/a	n/a	n/a	n/a	n/a	n/a	n/a	n/a	n/a	n/a	n/a	n/a	n/a	n/a	n/a	n/a	n/a	1750.794449	n/a
1751.336338	1.547224	350267	scene_recognition	n/a	n/a	n/a	71.0	n/a	n/a	n/a	1750.79444875	n/a	0.2927907463190422	1	3	2	HB_1_frameA.png	1	6	1753.1763525	1	108	n/a	n/a	intervals/recognition_table	107	1751.336338	1752.883562
1751.336338	0.000000	350267	ttl	1	71	n/a	n/a	n/a	n/a	n/a	n/a	n/a	n/a	n/a	n/a	n/a	n/a	n/a	n/a	n/a	n/a	n/a	n/a	n/a	n/a	n/a	1751.336338	n/a
1752.883562	0.000000	350577	ttl	2	71	n/a	n/a	n/a	n/a	n/a	n/a	n/a	n/a	n/a	n/a	n/a	n/a	n/a	n/a	n/a	n/a	n/a	n/a	n/a	n/a	n/a	1752.883562	n/a
1753.176352	0.000000	350635	ttl	4	71	n/a	n/a	n/a	n/a	n/a	n/a	n/a	n/a	n/a	n/a	n/a	n/a	n/a	n/a	n/a	n/a	n/a	n/a	n/a	n/a	n/a	1753.176352	n/a
1753.200790	0.000000	350640	ttl	11	71	n/a	n/a	n/a	n/a	n/a	n/a	n/a	n/a	n/a	n/a	n/a	n/a	n/a	n/a	n/a	n/a	n/a	n/a	n/a	n/a	n/a	1753.200790	n/a
1753.782646	1.527288	350757	scene_recognition	n/a	n/a	n/a	71.0	n/a	n/a	n/a	1753.2007899999999	n/a	3.8694763815306032	2	3	2	HB_4_frameA.png	2	3	1759.17941075	1	109	n/a	n/a	intervals/recognition_table	108	1753.782646	1755.309934
1753.782646	0.000000	350757	ttl	1	71	n/a	n/a	n/a	n/a	n/a	n/a	n/a	n/a	n/a	n/a	n/a	n/a	n/a	n/a	n/a	n/a	n/a	n/a	n/a	n/a	n/a	1753.782646	n/a
1755.309934	0.000000	351062	ttl	2	71	n/a	n/a	n/a	n/a	n/a	n/a	n/a	n/a	n/a	n/a	n/a	n/a	n/a	n/a	n/a	n/a	n/a	n/a	n/a	n/a	n/a	1755.309934	n/a
1759.179411	0.000000	351836	ttl	4	71	n/a	n/a	n/a	n/a	n/a	n/a	n/a	n/a	n/a	n/a	n/a	n/a	n/a	n/a	n/a	n/a	n/a	n/a	n/a	n/a	n/a	1759.179411	n/a
1759.188153	0.000000	351838	ttl	11	71	n/a	n/a	n/a	n/a	n/a	n/a	n/a	n/a	n/a	n/a	n/a	n/a	n/a	n/a	n/a	n/a	n/a	n/a	n/a	n/a	n/a	1759.188153	n/a
1759.790147	1.527239	351958	scene_recognition	n/a	n/a	n/a	71.0	n/a	n/a	n/a	1759.18815275	n/a	0.9220358300904081	1	3	3	HB_9_frameA.png	1	7	1762.2394224999998	1	110	n/a	n/a	intervals/recognition_table	109	1759.790147	1761.317387
1759.790147	0.000000	351958	ttl	1	71	n/a	n/a	n/a	n/a	n/a	n/a	n/a	n/a	n/a	n/a	n/a	n/a	n/a	n/a	n/a	n/a	n/a	n/a	n/a	n/a	n/a	1759.790147	n/a
1761.317387	0.000000	352263	ttl	2	71	n/a	n/a	n/a	n/a	n/a	n/a	n/a	n/a	n/a	n/a	n/a	n/a	n/a	n/a	n/a	n/a	n/a	n/a	n/a	n/a	n/a	1761.317387	n/a
1762.239422	0.000000	352448	ttl	4	71	n/a	n/a	n/a	n/a	n/a	n/a	n/a	n/a	n/a	n/a	n/a	n/a	n/a	n/a	n/a	n/a	n/a	n/a	n/a	n/a	n/a	1762.239422	n/a
1762.247902	0.000000	352450	ttl	11	71	n/a	n/a	n/a	n/a	n/a	n/a	n/a	n/a	n/a	n/a	n/a	n/a	n/a	n/a	n/a	n/a	n/a	n/a	n/a	n/a	n/a	1762.247902	n/a
1762.830051	1.527300	352566	scene_recognition	n/a	n/a	n/a	71.0	n/a	n/a	n/a	1762.2479019999998	n/a	1.4056525736555159	2	2	2	SB_2_frameB.png	2	3	1765.7630037499998	1	111	n/a	n/a	intervals/recognition_table	110	1762.830051	1764.357351
1762.830051	0.000000	352566	ttl	1	71	n/a	n/a	n/a	n/a	n/a	n/a	n/a	n/a	n/a	n/a	n/a	n/a	n/a	n/a	n/a	n/a	n/a	n/a	n/a	n/a	n/a	1762.830051	n/a
1764.357351	0.000000	352871	ttl	2	71	n/a	n/a	n/a	n/a	n/a	n/a	n/a	n/a	n/a	n/a	n/a	n/a	n/a	n/a	n/a	n/a	n/a	n/a	n/a	n/a	n/a	1764.357351	n/a
1765.763004	0.000000	353153	ttl	4	71	n/a	n/a	n/a	n/a	n/a	n/a	n/a	n/a	n/a	n/a	n/a	n/a	n/a	n/a	n/a	n/a	n/a	n/a	n/a	n/a	n/a	1765.763004	n/a
1765.781346	0.000000	353156	ttl	11	71	n/a	n/a	n/a	n/a	n/a	n/a	n/a	n/a	n/a	n/a	n/a	n/a	n/a	n/a	n/a	n/a	n/a	n/a	n/a	n/a	n/a	1765.781346	n/a
1766.343119	1.548139	353269	scene_recognition	n/a	n/a	n/a	71.0	n/a	n/a	n/a	1765.781346	n/a	2.177281702647633	2	2	3	SB_2_frameA.png	2	2	1770.0685394999998	1	112	n/a	n/a	intervals/recognition_table	111	1766.343119	1767.891258
1766.343119	0.000000	353269	ttl	1	71	n/a	n/a	n/a	n/a	n/a	n/a	n/a	n/a	n/a	n/a	n/a	n/a	n/a	n/a	n/a	n/a	n/a	n/a	n/a	n/a	n/a	1766.343119	n/a
1767.891258	0.000000	353578	ttl	2	71	n/a	n/a	n/a	n/a	n/a	n/a	n/a	n/a	n/a	n/a	n/a	n/a	n/a	n/a	n/a	n/a	n/a	n/a	n/a	n/a	n/a	1767.891258	n/a
1770.068539	0.000000	354014	ttl	4	71	n/a	n/a	n/a	n/a	n/a	n/a	n/a	n/a	n/a	n/a	n/a	n/a	n/a	n/a	n/a	n/a	n/a	n/a	n/a	n/a	n/a	1770.068539	n/a
1770.079069	0.000000	354016	ttl	11	71	n/a	n/a	n/a	n/a	n/a	n/a	n/a	n/a	n/a	n/a	n/a	n/a	n/a	n/a	n/a	n/a	n/a	n/a	n/a	n/a	n/a	1770.079069	n/a
1770.640959	1.547607	354128	scene_recognition	n/a	n/a	n/a	71.0	n/a	n/a	n/a	1770.079069	n/a	2.2319060390118466	2	1	3	NB_8_frameB_foil.png	1	7	1774.4204714999998	0	113	n/a	n/a	intervals/recognition_table	112	1770.640959	1772.188565
1770.640959	0.000000	354128	ttl	1	71	n/a	n/a	n/a	n/a	n/a	n/a	n/a	n/a	n/a	n/a	n/a	n/a	n/a	n/a	n/a	n/a	n/a	n/a	n/a	n/a	n/a	1770.640959	n/a
1772.188565	0.000000	354438	ttl	2	71	n/a	n/a	n/a	n/a	n/a	n/a	n/a	n/a	n/a	n/a	n/a	n/a	n/a	n/a	n/a	n/a	n/a	n/a	n/a	n/a	n/a	1772.188565	n/a
1774.420471	0.000000	354884	ttl	4	71	n/a	n/a	n/a	n/a	n/a	n/a	n/a	n/a	n/a	n/a	n/a	n/a	n/a	n/a	n/a	n/a	n/a	n/a	n/a	n/a	n/a	1774.420471	n/a
1774.430858	0.000000	354886	ttl	11	71	n/a	n/a	n/a	n/a	n/a	n/a	n/a	n/a	n/a	n/a	n/a	n/a	n/a	n/a	n/a	n/a	n/a	n/a	n/a	n/a	n/a	1774.430858	n/a
1774.952611	1.527326	354991	scene_recognition	n/a	n/a	n/a	71.0	n/a	n/a	n/a	1774.43085825	n/a	0.8626273113682146	2	1	3	NB_15_frameA_foil.png	1	7	1777.3425647499998	0	114	n/a	n/a	intervals/recognition_table	113	1774.952611	1776.479937
1774.952611	0.000000	354991	ttl	1	71	n/a	n/a	n/a	n/a	n/a	n/a	n/a	n/a	n/a	n/a	n/a	n/a	n/a	n/a	n/a	n/a	n/a	n/a	n/a	n/a	n/a	1774.952611	n/a
1776.479937	0.000000	355296	ttl	2	71	n/a	n/a	n/a	n/a	n/a	n/a	n/a	n/a	n/a	n/a	n/a	n/a	n/a	n/a	n/a	n/a	n/a	n/a	n/a	n/a	n/a	1776.479937	n/a
1777.342565	0.000000	355469	ttl	4	71	n/a	n/a	n/a	n/a	n/a	n/a	n/a	n/a	n/a	n/a	n/a	n/a	n/a	n/a	n/a	n/a	n/a	n/a	n/a	n/a	n/a	1777.342565	n/a
1777.366976	0.000000	355473	ttl	11	71	n/a	n/a	n/a	n/a	n/a	n/a	n/a	n/a	n/a	n/a	n/a	n/a	n/a	n/a	n/a	n/a	n/a	n/a	n/a	n/a	n/a	1777.366976	n/a
1777.888728	1.527351	355578	scene_recognition	n/a	n/a	n/a	71.0	n/a	n/a	n/a	1777.3669762499999	n/a	2.337591468831306	2	1	2	NB_1_frameB.png	2	3	1781.7536705	1	115	n/a	n/a	intervals/recognition_table	114	1777.888728	1779.416079
1777.888728	0.000000	355578	ttl	1	71	n/a	n/a	n/a	n/a	n/a	n/a	n/a	n/a	n/a	n/a	n/a	n/a	n/a	n/a	n/a	n/a	n/a	n/a	n/a	n/a	n/a	1777.888728	n/a
1779.416079	0.000000	355883	ttl	2	71	n/a	n/a	n/a	n/a	n/a	n/a	n/a	n/a	n/a	n/a	n/a	n/a	n/a	n/a	n/a	n/a	n/a	n/a	n/a	n/a	n/a	1779.416079	n/a
1781.753670	0.000000	356351	ttl	4	71	n/a	n/a	n/a	n/a	n/a	n/a	n/a	n/a	n/a	n/a	n/a	n/a	n/a	n/a	n/a	n/a	n/a	n/a	n/a	n/a	n/a	1781.753670	n/a
1781.758733	0.000000	356352	ttl	11	71	n/a	n/a	n/a	n/a	n/a	n/a	n/a	n/a	n/a	n/a	n/a	n/a	n/a	n/a	n/a	n/a	n/a	n/a	n/a	n/a	n/a	1781.758733	n/a
1782.300732	1.547263	356460	scene_recognition	n/a	n/a	n/a	71.0	n/a	n/a	n/a	1781.7587327499998	n/a	1.4686977756437045	2	2	3	SB_5_frameA_foil.png	1	7	1785.3166924999998	0	116	n/a	n/a	intervals/recognition_table	115	1782.300732	1783.847995
1782.300732	0.000000	356460	ttl	1	71	n/a	n/a	n/a	n/a	n/a	n/a	n/a	n/a	n/a	n/a	n/a	n/a	n/a	n/a	n/a	n/a	n/a	n/a	n/a	n/a	n/a	1782.300732	n/a
1783.847995	0.000000	356770	ttl	2	71	n/a	n/a	n/a	n/a	n/a	n/a	n/a	n/a	n/a	n/a	n/a	n/a	n/a	n/a	n/a	n/a	n/a	n/a	n/a	n/a	n/a	1783.847995	n/a
1785.316692	0.000000	357063	ttl	4	71	n/a	n/a	n/a	n/a	n/a	n/a	n/a	n/a	n/a	n/a	n/a	n/a	n/a	n/a	n/a	n/a	n/a	n/a	n/a	n/a	n/a	1785.316692	n/a
1785.327331	0.000000	357065	ttl	11	71	n/a	n/a	n/a	n/a	n/a	n/a	n/a	n/a	n/a	n/a	n/a	n/a	n/a	n/a	n/a	n/a	n/a	n/a	n/a	n/a	n/a	1785.327331	n/a
1785.849086	1.547229	357170	scene_recognition	n/a	n/a	n/a	71.0	n/a	n/a	n/a	1785.3273312499998	n/a	1.789084295041448	2	2	3	SB_6_frameA.png	2	2	1789.18540025	1	117	n/a	n/a	intervals/recognition_table	116	1785.849086	1787.396316
1785.849086	0.000000	357170	ttl	1	71	n/a	n/a	n/a	n/a	n/a	n/a	n/a	n/a	n/a	n/a	n/a	n/a	n/a	n/a	n/a	n/a	n/a	n/a	n/a	n/a	n/a	1785.849086	n/a
1787.396316	0.000000	357479	ttl	2	71	n/a	n/a	n/a	n/a	n/a	n/a	n/a	n/a	n/a	n/a	n/a	n/a	n/a	n/a	n/a	n/a	n/a	n/a	n/a	n/a	n/a	1787.396316	n/a
1789.185400	0.000000	357837	ttl	4	71	n/a	n/a	n/a	n/a	n/a	n/a	n/a	n/a	n/a	n/a	n/a	n/a	n/a	n/a	n/a	n/a	n/a	n/a	n/a	n/a	n/a	1789.185400	n/a
1789.199828	0.000000	357840	ttl	11	71	n/a	n/a	n/a	n/a	n/a	n/a	n/a	n/a	n/a	n/a	n/a	n/a	n/a	n/a	n/a	n/a	n/a	n/a	n/a	n/a	n/a	1789.199828	n/a
1789.761692	1.527258	357952	scene_recognition	n/a	n/a	n/a	71.0	n/a	n/a	n/a	1789.1998282499999	n/a	1.2073155486195901	2	1	3	NB_9_frameB.png	2	2	1792.4962652499999	1	118	n/a	n/a	intervals/recognition_table	117	1789.761692	1791.288950
1789.761692	0.000000	357952	ttl	1	71	n/a	n/a	n/a	n/a	n/a	n/a	n/a	n/a	n/a	n/a	n/a	n/a	n/a	n/a	n/a	n/a	n/a	n/a	n/a	n/a	n/a	1789.761692	n/a
1791.288950	0.000000	358258	ttl	2	71	n/a	n/a	n/a	n/a	n/a	n/a	n/a	n/a	n/a	n/a	n/a	n/a	n/a	n/a	n/a	n/a	n/a	n/a	n/a	n/a	n/a	1791.288950	n/a
1792.496265	0.000000	358499	ttl	4	71	n/a	n/a	n/a	n/a	n/a	n/a	n/a	n/a	n/a	n/a	n/a	n/a	n/a	n/a	n/a	n/a	n/a	n/a	n/a	n/a	n/a	1792.496265	n/a
1792.517069	0.000000	358503	ttl	11	71	n/a	n/a	n/a	n/a	n/a	n/a	n/a	n/a	n/a	n/a	n/a	n/a	n/a	n/a	n/a	n/a	n/a	n/a	n/a	n/a	n/a	1792.517069	n/a
1793.099017	1.527321	358620	scene_recognition	n/a	n/a	n/a	71.0	n/a	n/a	n/a	1792.517069	n/a	1.422221476244431	1	2	3	SB_9_frameA.png	1	7	1796.0485597499999	1	119	n/a	n/a	intervals/recognition_table	118	1793.099017	1794.626338
1793.099017	0.000000	358620	ttl	1	71	n/a	n/a	n/a	n/a	n/a	n/a	n/a	n/a	n/a	n/a	n/a	n/a	n/a	n/a	n/a	n/a	n/a	n/a	n/a	n/a	n/a	1793.099017	n/a
1794.626338	0.000000	358925	ttl	2	71	n/a	n/a	n/a	n/a	n/a	n/a	n/a	n/a	n/a	n/a	n/a	n/a	n/a	n/a	n/a	n/a	n/a	n/a	n/a	n/a	n/a	1794.626338	n/a
1796.048560	0.000000	359210	ttl	4	71	n/a	n/a	n/a	n/a	n/a	n/a	n/a	n/a	n/a	n/a	n/a	n/a	n/a	n/a	n/a	n/a	n/a	n/a	n/a	n/a	n/a	1796.048560	n/a
1796.069537	0.000000	359214	ttl	11	71	n/a	n/a	n/a	n/a	n/a	n/a	n/a	n/a	n/a	n/a	n/a	n/a	n/a	n/a	n/a	n/a	n/a	n/a	n/a	n/a	n/a	1796.069537	n/a
1796.631419	1.527847	359326	scene_recognition	n/a	n/a	n/a	71.0	n/a	n/a	n/a	1796.06953675	n/a	1.359155357120926	2	1	3	NB_14_frameA.png	2	2	1799.5184215	1	120	n/a	n/a	intervals/recognition_table	119	1796.631419	1798.159266
1796.631419	0.000000	359326	ttl	1	71	n/a	n/a	n/a	n/a	n/a	n/a	n/a	n/a	n/a	n/a	n/a	n/a	n/a	n/a	n/a	n/a	n/a	n/a	n/a	n/a	n/a	1796.631419	n/a
1798.159266	0.000000	359632	ttl	2	71	n/a	n/a	n/a	n/a	n/a	n/a	n/a	n/a	n/a	n/a	n/a	n/a	n/a	n/a	n/a	n/a	n/a	n/a	n/a	n/a	n/a	1798.159266	n/a
1799.518421	0.000000	359904	ttl	4	71	n/a	n/a	n/a	n/a	n/a	n/a	n/a	n/a	n/a	n/a	n/a	n/a	n/a	n/a	n/a	n/a	n/a	n/a	n/a	n/a	n/a	1799.518421	n/a
1799.535835	0.000000	359907	ttl	11	71	n/a	n/a	n/a	n/a	n/a	n/a	n/a	n/a	n/a	n/a	n/a	n/a	n/a	n/a	n/a	n/a	n/a	n/a	n/a	n/a	n/a	1799.535835	n/a
1800.077646	1.527587	360016	scene_recognition	n/a	n/a	n/a	71.0	n/a	n/a	n/a	1799.5358347499998	n/a	2.221000232876122	2	2	3	SB_4_frameA.png	2	2	1803.82623375	1	121	n/a	n/a	intervals/recognition_table	120	1800.077646	1801.605233
1800.077646	0.000000	360016	ttl	1	71	n/a	n/a	n/a	n/a	n/a	n/a	n/a	n/a	n/a	n/a	n/a	n/a	n/a	n/a	n/a	n/a	n/a	n/a	n/a	n/a	n/a	1800.077646	n/a
1801.605233	0.000000	360321	ttl	2	71	n/a	n/a	n/a	n/a	n/a	n/a	n/a	n/a	n/a	n/a	n/a	n/a	n/a	n/a	n/a	n/a	n/a	n/a	n/a	n/a	n/a	1801.605233	n/a
1803.826234	0.000000	360765	ttl	4	71	n/a	n/a	n/a	n/a	n/a	n/a	n/a	n/a	n/a	n/a	n/a	n/a	n/a	n/a	n/a	n/a	n/a	n/a	n/a	n/a	n/a	1803.826234	n/a
1803.834856	0.000000	360767	ttl	11	71	n/a	n/a	n/a	n/a	n/a	n/a	n/a	n/a	n/a	n/a	n/a	n/a	n/a	n/a	n/a	n/a	n/a	n/a	n/a	n/a	n/a	1803.834856	n/a
1804.436907	1.527167	360887	scene_recognition	n/a	n/a	n/a	71.0	n/a	n/a	n/a	1803.8348555	n/a	2.031427183445885	2	1	3	NB_27_frameB.png	2	2	1807.99550125	1	122	n/a	n/a	intervals/recognition_table	121	1804.436907	1805.964074
1804.436907	0.000000	360887	ttl	1	71	n/a	n/a	n/a	n/a	n/a	n/a	n/a	n/a	n/a	n/a	n/a	n/a	n/a	n/a	n/a	n/a	n/a	n/a	n/a	n/a	n/a	1804.436907	n/a
1805.964074	0.000000	361193	ttl	2	71	n/a	n/a	n/a	n/a	n/a	n/a	n/a	n/a	n/a	n/a	n/a	n/a	n/a	n/a	n/a	n/a	n/a	n/a	n/a	n/a	n/a	1805.964074	n/a
1807.995501	0.000000	361599	ttl	4	71	n/a	n/a	n/a	n/a	n/a	n/a	n/a	n/a	n/a	n/a	n/a	n/a	n/a	n/a	n/a	n/a	n/a	n/a	n/a	n/a	n/a	1807.995501	n/a
1808.017649	0.000000	361604	ttl	11	71	n/a	n/a	n/a	n/a	n/a	n/a	n/a	n/a	n/a	n/a	n/a	n/a	n/a	n/a	n/a	n/a	n/a	n/a	n/a	n/a	n/a	1808.017649	n/a
1808.619519	1.527426	361724	scene_recognition	n/a	n/a	n/a	71.0	n/a	n/a	n/a	1808.0176487499998	n/a	1.312919306396907	2	1	2	NB_13_frameA_foil.png	1	6	1811.45986475	0	123	n/a	n/a	intervals/recognition_table	122	1808.619519	1810.146945
1808.619519	0.000000	361724	ttl	1	71	n/a	n/a	n/a	n/a	n/a	n/a	n/a	n/a	n/a	n/a	n/a	n/a	n/a	n/a	n/a	n/a	n/a	n/a	n/a	n/a	n/a	1808.619519	n/a
1810.146945	0.000000	362029	ttl	2	71	n/a	n/a	n/a	n/a	n/a	n/a	n/a	n/a	n/a	n/a	n/a	n/a	n/a	n/a	n/a	n/a	n/a	n/a	n/a	n/a	n/a	1810.146945	n/a
1811.459865	0.000000	362292	ttl	4	71	n/a	n/a	n/a	n/a	n/a	n/a	n/a	n/a	n/a	n/a	n/a	n/a	n/a	n/a	n/a	n/a	n/a	n/a	n/a	n/a	n/a	1811.459865	n/a
1811.469479	0.000000	362294	ttl	11	71	n/a	n/a	n/a	n/a	n/a	n/a	n/a	n/a	n/a	n/a	n/a	n/a	n/a	n/a	n/a	n/a	n/a	n/a	n/a	n/a	n/a	1811.469479	n/a
1812.011229	1.547959	362402	scene_recognition	n/a	n/a	n/a	71.0	n/a	n/a	n/a	1811.4694794999998	n/a	1.7474598179851455	1	3	1	HB_5_frameA.png	1	5	1815.3066474999998	1	124	n/a	n/a	intervals/recognition_table	123	1812.011229	1813.559188
1812.011229	0.000000	362402	ttl	1	71	n/a	n/a	n/a	n/a	n/a	n/a	n/a	n/a	n/a	n/a	n/a	n/a	n/a	n/a	n/a	n/a	n/a	n/a	n/a	n/a	n/a	1812.011229	n/a
1813.559188	0.000000	362712	ttl	2	71	n/a	n/a	n/a	n/a	n/a	n/a	n/a	n/a	n/a	n/a	n/a	n/a	n/a	n/a	n/a	n/a	n/a	n/a	n/a	n/a	n/a	1813.559188	n/a
1815.306647	0.000000	363061	ttl	4	71	n/a	n/a	n/a	n/a	n/a	n/a	n/a	n/a	n/a	n/a	n/a	n/a	n/a	n/a	n/a	n/a	n/a	n/a	n/a	n/a	n/a	1815.306647	n/a
1815.319343	0.000000	363064	ttl	11	71	n/a	n/a	n/a	n/a	n/a	n/a	n/a	n/a	n/a	n/a	n/a	n/a	n/a	n/a	n/a	n/a	n/a	n/a	n/a	n/a	n/a	1815.319343	n/a
1815.921380	1.527230	363184	scene_recognition	n/a	n/a	n/a	71.0	n/a	n/a	n/a	1815.31934325	n/a	1.4150864695184282	2	2	3	SB_5_frameB_foil.png	1	7	1818.86369625	0	125	n/a	n/a	intervals/recognition_table	124	1815.921380	1817.448610
1815.921380	0.000000	363184	ttl	1	71	n/a	n/a	n/a	n/a	n/a	n/a	n/a	n/a	n/a	n/a	n/a	n/a	n/a	n/a	n/a	n/a	n/a	n/a	n/a	n/a	n/a	1815.921380	n/a
1817.448610	0.000000	363490	ttl	2	71	n/a	n/a	n/a	n/a	n/a	n/a	n/a	n/a	n/a	n/a	n/a	n/a	n/a	n/a	n/a	n/a	n/a	n/a	n/a	n/a	n/a	1817.448610	n/a
1818.863696	0.000000	363773	ttl	4	71	n/a	n/a	n/a	n/a	n/a	n/a	n/a	n/a	n/a	n/a	n/a	n/a	n/a	n/a	n/a	n/a	n/a	n/a	n/a	n/a	n/a	1818.863696	n/a
1818.884432	0.000000	363777	ttl	11	71	n/a	n/a	n/a	n/a	n/a	n/a	n/a	n/a	n/a	n/a	n/a	n/a	n/a	n/a	n/a	n/a	n/a	n/a	n/a	n/a	n/a	1818.884432	n/a
1819.486229	1.527478	363897	scene_recognition	n/a	n/a	n/a	71.0	n/a	n/a	n/a	1818.88443175	n/a	1.9334754389797126	1	2	3	SB_1_frameB.png	1	7	1822.9471824999998	1	126	n/a	n/a	intervals/recognition_table	125	1819.486229	1821.013707
1819.486229	0.000000	363897	ttl	1	71	n/a	n/a	n/a	n/a	n/a	n/a	n/a	n/a	n/a	n/a	n/a	n/a	n/a	n/a	n/a	n/a	n/a	n/a	n/a	n/a	n/a	1819.486229	n/a
1821.013707	0.000000	364203	ttl	2	71	n/a	n/a	n/a	n/a	n/a	n/a	n/a	n/a	n/a	n/a	n/a	n/a	n/a	n/a	n/a	n/a	n/a	n/a	n/a	n/a	n/a	1821.013707	n/a
1822.947182	0.000000	364589	ttl	4	71	n/a	n/a	n/a	n/a	n/a	n/a	n/a	n/a	n/a	n/a	n/a	n/a	n/a	n/a	n/a	n/a	n/a	n/a	n/a	n/a	n/a	1822.947182	n/a
1822.970576	0.000000	364594	ttl	11	71	n/a	n/a	n/a	n/a	n/a	n/a	n/a	n/a	n/a	n/a	n/a	n/a	n/a	n/a	n/a	n/a	n/a	n/a	n/a	n/a	n/a	1822.970576	n/a
1823.572791	1.547307	364715	scene_recognition	n/a	n/a	n/a	71.0	n/a	n/a	n/a	1822.9705764999999	n/a	0.14595705101555723	2	1	3	NB_21_frameB.png	2	2	1825.26605475	1	127	n/a	n/a	intervals/recognition_table	126	1823.572791	1825.120098
1823.572791	0.000000	364715	ttl	1	71	n/a	n/a	n/a	n/a	n/a	n/a	n/a	n/a	n/a	n/a	n/a	n/a	n/a	n/a	n/a	n/a	n/a	n/a	n/a	n/a	n/a	1823.572791	n/a
1825.120098	0.000000	365024	ttl	2	71	n/a	n/a	n/a	n/a	n/a	n/a	n/a	n/a	n/a	n/a	n/a	n/a	n/a	n/a	n/a	n/a	n/a	n/a	n/a	n/a	n/a	1825.120098	n/a
1825.266055	0.000000	365053	ttl	4	71	n/a	n/a	n/a	n/a	n/a	n/a	n/a	n/a	n/a	n/a	n/a	n/a	n/a	n/a	n/a	n/a	n/a	n/a	n/a	n/a	n/a	1825.266055	n/a
1825.281390	0.000000	365056	ttl	11	71	n/a	n/a	n/a	n/a	n/a	n/a	n/a	n/a	n/a	n/a	n/a	n/a	n/a	n/a	n/a	n/a	n/a	n/a	n/a	n/a	n/a	1825.281390	n/a
1825.843263	1.527292	365169	scene_recognition	n/a	n/a	n/a	71.0	n/a	n/a	n/a	1825.2813904999998	n/a	1.4594873723312958	2	2	3	SB_5_frameA.png	2	2	1828.8300427499998	1	128	n/a	n/a	intervals/recognition_table	127	1825.843263	1827.370555
1825.843263	0.000000	365169	ttl	1	71	n/a	n/a	n/a	n/a	n/a	n/a	n/a	n/a	n/a	n/a	n/a	n/a	n/a	n/a	n/a	n/a	n/a	n/a	n/a	n/a	n/a	1825.843263	n/a
1827.370555	0.000000	365474	ttl	2	71	n/a	n/a	n/a	n/a	n/a	n/a	n/a	n/a	n/a	n/a	n/a	n/a	n/a	n/a	n/a	n/a	n/a	n/a	n/a	n/a	n/a	1827.370555	n/a
1828.830043	0.000000	365766	ttl	4	71	n/a	n/a	n/a	n/a	n/a	n/a	n/a	n/a	n/a	n/a	n/a	n/a	n/a	n/a	n/a	n/a	n/a	n/a	n/a	n/a	n/a	1828.830043	n/a
1828.845129	0.000000	365769	ttl	11	71	n/a	n/a	n/a	n/a	n/a	n/a	n/a	n/a	n/a	n/a	n/a	n/a	n/a	n/a	n/a	n/a	n/a	n/a	n/a	n/a	n/a	1828.845129	n/a
1829.406836	1.527442	365881	scene_recognition	n/a	n/a	n/a	71.0	n/a	n/a	n/a	1828.84512875	n/a	0.2739476950396238	2	1	3	NB_12_frameA.png	2	2	1831.2082262499998	1	129	n/a	n/a	intervals/recognition_table	128	1829.406836	1830.934278
1829.406836	0.000000	365881	ttl	1	71	n/a	n/a	n/a	n/a	n/a	n/a	n/a	n/a	n/a	n/a	n/a	n/a	n/a	n/a	n/a	n/a	n/a	n/a	n/a	n/a	n/a	1829.406836	n/a
1830.934278	0.000000	366187	ttl	2	71	n/a	n/a	n/a	n/a	n/a	n/a	n/a	n/a	n/a	n/a	n/a	n/a	n/a	n/a	n/a	n/a	n/a	n/a	n/a	n/a	n/a	1830.934278	n/a
1831.208226	0.000000	366242	ttl	4	71	n/a	n/a	n/a	n/a	n/a	n/a	n/a	n/a	n/a	n/a	n/a	n/a	n/a	n/a	n/a	n/a	n/a	n/a	n/a	n/a	n/a	1831.208226	n/a
1831.215365	0.000000	366243	ttl	11	71	n/a	n/a	n/a	n/a	n/a	n/a	n/a	n/a	n/a	n/a	n/a	n/a	n/a	n/a	n/a	n/a	n/a	n/a	n/a	n/a	n/a	1831.215365	n/a
1831.797310	1.527272	366359	scene_recognition	n/a	n/a	n/a	71.0	n/a	n/a	n/a	1831.2153652499999	n/a	2.6523229386411913	2	3	3	HB_8_frameA_foil.png	1	7	1835.97690425	0	130	n/a	n/a	intervals/recognition_table	129	1831.797310	1833.324581
1831.797310	0.000000	366359	ttl	1	71	n/a	n/a	n/a	n/a	n/a	n/a	n/a	n/a	n/a	n/a	n/a	n/a	n/a	n/a	n/a	n/a	n/a	n/a	n/a	n/a	n/a	1831.797310	n/a
1833.324581	0.000000	366665	ttl	2	71	n/a	n/a	n/a	n/a	n/a	n/a	n/a	n/a	n/a	n/a	n/a	n/a	n/a	n/a	n/a	n/a	n/a	n/a	n/a	n/a	n/a	1833.324581	n/a
1835.976904	0.000000	367195	ttl	4	71	n/a	n/a	n/a	n/a	n/a	n/a	n/a	n/a	n/a	n/a	n/a	n/a	n/a	n/a	n/a	n/a	n/a	n/a	n/a	n/a	n/a	1835.976904	n/a
1835.987802	0.000000	367198	ttl	11	71	n/a	n/a	n/a	n/a	n/a	n/a	n/a	n/a	n/a	n/a	n/a	n/a	n/a	n/a	n/a	n/a	n/a	n/a	n/a	n/a	n/a	1835.987802	n/a
1836.529642	1.547278	367306	scene_recognition	n/a	n/a	n/a	71.0	n/a	n/a	n/a	1835.9878019999999	n/a	1.723691650372075	1	3	2	HB_7_frameB.png	1	6	1839.8006114999998	1	131	n/a	n/a	intervals/recognition_table	130	1836.529642	1838.076920
1836.529642	0.000000	367306	ttl	1	71	n/a	n/a	n/a	n/a	n/a	n/a	n/a	n/a	n/a	n/a	n/a	n/a	n/a	n/a	n/a	n/a	n/a	n/a	n/a	n/a	n/a	1836.529642	n/a
1838.076920	0.000000	367615	ttl	2	71	n/a	n/a	n/a	n/a	n/a	n/a	n/a	n/a	n/a	n/a	n/a	n/a	n/a	n/a	n/a	n/a	n/a	n/a	n/a	n/a	n/a	1838.076920	n/a
1839.800611	0.000000	367960	ttl	4	71	n/a	n/a	n/a	n/a	n/a	n/a	n/a	n/a	n/a	n/a	n/a	n/a	n/a	n/a	n/a	n/a	n/a	n/a	n/a	n/a	n/a	1839.800611	n/a
1839.815866	0.000000	367963	ttl	11	71	n/a	n/a	n/a	n/a	n/a	n/a	n/a	n/a	n/a	n/a	n/a	n/a	n/a	n/a	n/a	n/a	n/a	n/a	n/a	n/a	n/a	1839.815866	n/a
1840.377774	1.527438	368076	scene_recognition	n/a	n/a	n/a	71.0	n/a	n/a	n/a	1839.8158664999999	n/a	0.6690092901703792	2	1	3	NB_6_frameB_foil.png	1	7	1842.57422075	0	132	n/a	n/a	intervals/recognition_table	131	1840.377774	1841.905211
1840.377774	0.000000	368076	ttl	1	71	n/a	n/a	n/a	n/a	n/a	n/a	n/a	n/a	n/a	n/a	n/a	n/a	n/a	n/a	n/a	n/a	n/a	n/a	n/a	n/a	n/a	1840.377774	n/a
1841.905211	0.000000	368381	ttl	2	71	n/a	n/a	n/a	n/a	n/a	n/a	n/a	n/a	n/a	n/a	n/a	n/a	n/a	n/a	n/a	n/a	n/a	n/a	n/a	n/a	n/a	1841.905211	n/a
1842.574221	0.000000	368515	ttl	4	71	n/a	n/a	n/a	n/a	n/a	n/a	n/a	n/a	n/a	n/a	n/a	n/a	n/a	n/a	n/a	n/a	n/a	n/a	n/a	n/a	n/a	1842.574221	n/a
1842.597465	0.000000	368519	ttl	11	71	n/a	n/a	n/a	n/a	n/a	n/a	n/a	n/a	n/a	n/a	n/a	n/a	n/a	n/a	n/a	n/a	n/a	n/a	n/a	n/a	n/a	1842.597465	n/a
1843.199478	1.527884	368640	scene_recognition	n/a	n/a	n/a	71.0	n/a	n/a	n/a	1842.5974655	n/a	0.618647419932131	1	3	2	HB_5_frameB_foil.png	2	3	1845.34600925	0	133	n/a	n/a	intervals/recognition_table	132	1843.199478	1844.727362
1843.199478	0.000000	368640	ttl	1	71	n/a	n/a	n/a	n/a	n/a	n/a	n/a	n/a	n/a	n/a	n/a	n/a	n/a	n/a	n/a	n/a	n/a	n/a	n/a	n/a	n/a	1843.199478	n/a
1844.727362	0.000000	368945	ttl	2	71	n/a	n/a	n/a	n/a	n/a	n/a	n/a	n/a	n/a	n/a	n/a	n/a	n/a	n/a	n/a	n/a	n/a	n/a	n/a	n/a	n/a	1844.727362	n/a
1845.346009	0.000000	369069	ttl	4	71	n/a	n/a	n/a	n/a	n/a	n/a	n/a	n/a	n/a	n/a	n/a	n/a	n/a	n/a	n/a	n/a	n/a	n/a	n/a	n/a	n/a	1845.346009	n/a
1845.355640	0.000000	369071	ttl	11	71	n/a	n/a	n/a	n/a	n/a	n/a	n/a	n/a	n/a	n/a	n/a	n/a	n/a	n/a	n/a	n/a	n/a	n/a	n/a	n/a	n/a	1845.355640	n/a
1845.897469	1.527275	369179	scene_recognition	n/a	n/a	n/a	71.0	n/a	n/a	n/a	1845.35563975	n/a	3.9636754040470805	2	3	1	HB_3_frameA.png	2	4	1851.38842	1	134	n/a	n/a	intervals/recognition_table	133	1845.897469	1847.424744
1845.897469	0.000000	369179	ttl	1	71	n/a	n/a	n/a	n/a	n/a	n/a	n/a	n/a	n/a	n/a	n/a	n/a	n/a	n/a	n/a	n/a	n/a	n/a	n/a	n/a	n/a	1845.897469	n/a
1847.424744	0.000000	369485	ttl	2	71	n/a	n/a	n/a	n/a	n/a	n/a	n/a	n/a	n/a	n/a	n/a	n/a	n/a	n/a	n/a	n/a	n/a	n/a	n/a	n/a	n/a	1847.424744	n/a
1851.388420	0.000000	370278	ttl	4	71	n/a	n/a	n/a	n/a	n/a	n/a	n/a	n/a	n/a	n/a	n/a	n/a	n/a	n/a	n/a	n/a	n/a	n/a	n/a	n/a	n/a	1851.388420	n/a
1851.404560	0.000000	370281	ttl	11	71	n/a	n/a	n/a	n/a	n/a	n/a	n/a	n/a	n/a	n/a	n/a	n/a	n/a	n/a	n/a	n/a	n/a	n/a	n/a	n/a	n/a	1851.404560	n/a
1851.966453	1.527346	370393	scene_recognition	n/a	n/a	n/a	71.0	n/a	n/a	n/a	1851.4045597499999	n/a	1.9396644365083375	2	2	2	SB_1_frameA_foil.png	1	6	1855.4334635	0	135	n/a	n/a	intervals/recognition_table	134	1851.966453	1853.493799
1851.966453	0.000000	370393	ttl	1	71	n/a	n/a	n/a	n/a	n/a	n/a	n/a	n/a	n/a	n/a	n/a	n/a	n/a	n/a	n/a	n/a	n/a	n/a	n/a	n/a	n/a	1851.966453	n/a
1853.493799	0.000000	370699	ttl	2	71	n/a	n/a	n/a	n/a	n/a	n/a	n/a	n/a	n/a	n/a	n/a	n/a	n/a	n/a	n/a	n/a	n/a	n/a	n/a	n/a	n/a	1853.493799	n/a
1855.433464	0.000000	371087	ttl	4	71	n/a	n/a	n/a	n/a	n/a	n/a	n/a	n/a	n/a	n/a	n/a	n/a	n/a	n/a	n/a	n/a	n/a	n/a	n/a	n/a	n/a	1855.433464	n/a
1855.453576	0.000000	371091	ttl	11	71	n/a	n/a	n/a	n/a	n/a	n/a	n/a	n/a	n/a	n/a	n/a	n/a	n/a	n/a	n/a	n/a	n/a	n/a	n/a	n/a	n/a	1855.453576	n/a
1856.055595	1.527793	371211	scene_recognition	n/a	n/a	n/a	71.0	n/a	n/a	n/a	1855.4535759999999	n/a	1.9936332209563261	2	2	2	SB_1_frameA.png	2	3	1859.5770215	1	136	n/a	n/a	intervals/recognition_table	135	1856.055595	1857.583388
1856.055595	0.000000	371211	ttl	1	71	n/a	n/a	n/a	n/a	n/a	n/a	n/a	n/a	n/a	n/a	n/a	n/a	n/a	n/a	n/a	n/a	n/a	n/a	n/a	n/a	n/a	1856.055595	n/a
1857.583388	0.000000	371517	ttl	2	71	n/a	n/a	n/a	n/a	n/a	n/a	n/a	n/a	n/a	n/a	n/a	n/a	n/a	n/a	n/a	n/a	n/a	n/a	n/a	n/a	n/a	1857.583388	n/a
1859.577022	0.000000	371915	ttl	4	71	n/a	n/a	n/a	n/a	n/a	n/a	n/a	n/a	n/a	n/a	n/a	n/a	n/a	n/a	n/a	n/a	n/a	n/a	n/a	n/a	n/a	1859.577022	n/a
1859.582006	0.000000	371916	ttl	11	71	n/a	n/a	n/a	n/a	n/a	n/a	n/a	n/a	n/a	n/a	n/a	n/a	n/a	n/a	n/a	n/a	n/a	n/a	n/a	n/a	n/a	1859.582006	n/a
1860.184185	1.527380	372037	scene_recognition	n/a	n/a	n/a	71.0	n/a	n/a	n/a	1859.5820059999999	n/a	1.9406251636314664	1	1	2	NB_27_frameA_foil.png	2	3	1863.6521894999998	0	137	n/a	n/a	intervals/recognition_table	136	1860.184185	1861.711564
1860.184185	0.000000	372037	ttl	1	71	n/a	n/a	n/a	n/a	n/a	n/a	n/a	n/a	n/a	n/a	n/a	n/a	n/a	n/a	n/a	n/a	n/a	n/a	n/a	n/a	n/a	1860.184185	n/a
1861.711564	0.000000	372342	ttl	2	71	n/a	n/a	n/a	n/a	n/a	n/a	n/a	n/a	n/a	n/a	n/a	n/a	n/a	n/a	n/a	n/a	n/a	n/a	n/a	n/a	n/a	1861.711564	n/a
1863.652189	0.000000	372730	ttl	4	71	n/a	n/a	n/a	n/a	n/a	n/a	n/a	n/a	n/a	n/a	n/a	n/a	n/a	n/a	n/a	n/a	n/a	n/a	n/a	n/a	n/a	1863.652189	n/a
1863.676448	0.000000	372735	ttl	11	71	n/a	n/a	n/a	n/a	n/a	n/a	n/a	n/a	n/a	n/a	n/a	n/a	n/a	n/a	n/a	n/a	n/a	n/a	n/a	n/a	n/a	1863.676448	n/a
1864.278466	1.547948	372856	scene_recognition	n/a	n/a	n/a	71.0	n/a	n/a	n/a	1863.676448	n/a	1.5320509138027774	2	2	2	SB_6_frameA_foil.png	1	6	1867.3584652499999	0	138	n/a	n/a	intervals/recognition_table	137	1864.278466	1865.826414
1864.278466	0.000000	372856	ttl	1	71	n/a	n/a	n/a	n/a	n/a	n/a	n/a	n/a	n/a	n/a	n/a	n/a	n/a	n/a	n/a	n/a	n/a	n/a	n/a	n/a	n/a	1864.278466	n/a
1865.826414	0.000000	373165	ttl	2	71	n/a	n/a	n/a	n/a	n/a	n/a	n/a	n/a	n/a	n/a	n/a	n/a	n/a	n/a	n/a	n/a	n/a	n/a	n/a	n/a	n/a	1865.826414	n/a
1867.358465	0.000000	373472	ttl	4	71	n/a	n/a	n/a	n/a	n/a	n/a	n/a	n/a	n/a	n/a	n/a	n/a	n/a	n/a	n/a	n/a	n/a	n/a	n/a	n/a	n/a	1867.358465	n/a
1867.372505	0.000000	373475	ttl	11	71	n/a	n/a	n/a	n/a	n/a	n/a	n/a	n/a	n/a	n/a	n/a	n/a	n/a	n/a	n/a	n/a	n/a	n/a	n/a	n/a	n/a	1867.372505	n/a
1867.954498	1.527317	373591	scene_recognition	n/a	n/a	n/a	71.0	n/a	n/a	n/a	1867.37250525	n/a	1.467757405689099	2	2	2	SB_7_frameB_foil.png	1	6	1870.9495722499998	0	139	n/a	n/a	intervals/recognition_table	138	1867.954498	1869.481815
1867.954498	0.000000	373591	ttl	1	71	n/a	n/a	n/a	n/a	n/a	n/a	n/a	n/a	n/a	n/a	n/a	n/a	n/a	n/a	n/a	n/a	n/a	n/a	n/a	n/a	n/a	1867.954498	n/a
1869.481815	0.000000	373896	ttl	2	71	n/a	n/a	n/a	n/a	n/a	n/a	n/a	n/a	n/a	n/a	n/a	n/a	n/a	n/a	n/a	n/a	n/a	n/a	n/a	n/a	n/a	1869.481815	n/a
1870.949572	0.000000	374190	ttl	4	71	n/a	n/a	n/a	n/a	n/a	n/a	n/a	n/a	n/a	n/a	n/a	n/a	n/a	n/a	n/a	n/a	n/a	n/a	n/a	n/a	n/a	1870.949572	n/a
1870.956610	0.000000	374191	ttl	11	71	n/a	n/a	n/a	n/a	n/a	n/a	n/a	n/a	n/a	n/a	n/a	n/a	n/a	n/a	n/a	n/a	n/a	n/a	n/a	n/a	n/a	1870.956610	n/a
1871.538695	1.527872	374308	scene_recognition	n/a	n/a	n/a	71.0	n/a	n/a	n/a	1870.9566095	n/a	1.383601935965089	2	2	3	SB_3_frameB_foil.png	1	7	1874.450169	0	140	n/a	n/a	intervals/recognition_table	139	1871.538695	1873.066567
1871.538695	0.000000	374308	ttl	1	71	n/a	n/a	n/a	n/a	n/a	n/a	n/a	n/a	n/a	n/a	n/a	n/a	n/a	n/a	n/a	n/a	n/a	n/a	n/a	n/a	n/a	1871.538695	n/a
1873.066567	0.000000	374613	ttl	2	71	n/a	n/a	n/a	n/a	n/a	n/a	n/a	n/a	n/a	n/a	n/a	n/a	n/a	n/a	n/a	n/a	n/a	n/a	n/a	n/a	n/a	1873.066567	n/a
1874.450169	0.000000	374890	ttl	4	71	n/a	n/a	n/a	n/a	n/a	n/a	n/a	n/a	n/a	n/a	n/a	n/a	n/a	n/a	n/a	n/a	n/a	n/a	n/a	n/a	n/a	1874.450169	n/a
1874.457430	0.000000	374891	ttl	11	71	n/a	n/a	n/a	n/a	n/a	n/a	n/a	n/a	n/a	n/a	n/a	n/a	n/a	n/a	n/a	n/a	n/a	n/a	n/a	n/a	n/a	1874.457430	n/a
1875.059656	1.527357	375012	scene_recognition	n/a	n/a	n/a	71.0	n/a	n/a	n/a	1874.45743	n/a	2.1916298602095594	2	3	2	HB_9_frameA_foil.png	1	6	1878.7786429999999	0	141	n/a	n/a	intervals/recognition_table	140	1875.059656	1876.587013
1875.059656	0.000000	375012	ttl	1	71	n/a	n/a	n/a	n/a	n/a	n/a	n/a	n/a	n/a	n/a	n/a	n/a	n/a	n/a	n/a	n/a	n/a	n/a	n/a	n/a	n/a	1875.059656	n/a
1876.587013	0.000000	375317	ttl	2	71	n/a	n/a	n/a	n/a	n/a	n/a	n/a	n/a	n/a	n/a	n/a	n/a	n/a	n/a	n/a	n/a	n/a	n/a	n/a	n/a	n/a	1876.587013	n/a
1878.778643	0.000000	375756	ttl	4	71	n/a	n/a	n/a	n/a	n/a	n/a	n/a	n/a	n/a	n/a	n/a	n/a	n/a	n/a	n/a	n/a	n/a	n/a	n/a	n/a	n/a	1878.778643	n/a
1878.786337	0.000000	375757	ttl	11	71	n/a	n/a	n/a	n/a	n/a	n/a	n/a	n/a	n/a	n/a	n/a	n/a	n/a	n/a	n/a	n/a	n/a	n/a	n/a	n/a	n/a	1878.786337	n/a
1879.328246	1.527454	375866	scene_recognition	n/a	n/a	n/a	71.0	n/a	n/a	n/a	1878.7863372499999	n/a	1.52059503213286	1	2	3	SB_2_frameB_foil.png	2	2	1882.3762944999999	0	142	n/a	n/a	intervals/recognition_table	141	1879.328246	1880.855699
1879.328246	0.000000	375866	ttl	1	71	n/a	n/a	n/a	n/a	n/a	n/a	n/a	n/a	n/a	n/a	n/a	n/a	n/a	n/a	n/a	n/a	n/a	n/a	n/a	n/a	n/a	1879.328246	n/a
1880.855699	0.000000	376171	ttl	2	71	n/a	n/a	n/a	n/a	n/a	n/a	n/a	n/a	n/a	n/a	n/a	n/a	n/a	n/a	n/a	n/a	n/a	n/a	n/a	n/a	n/a	1880.855699	n/a
1882.376294	0.000000	376475	ttl	4	71	n/a	n/a	n/a	n/a	n/a	n/a	n/a	n/a	n/a	n/a	n/a	n/a	n/a	n/a	n/a	n/a	n/a	n/a	n/a	n/a	n/a	1882.376294	n/a
1882.394593	0.000000	376479	ttl	11	71	n/a	n/a	n/a	n/a	n/a	n/a	n/a	n/a	n/a	n/a	n/a	n/a	n/a	n/a	n/a	n/a	n/a	n/a	n/a	n/a	n/a	1882.394593	n/a
1882.936401	1.527299	376587	scene_recognition	n/a	n/a	n/a	71.0	n/a	n/a	n/a	1882.3945935	n/a	1.2530529176583514	1	1	2	NB_3_frameA_foil.png	2	3	1885.71675225	0	143	n/a	n/a	intervals/recognition_table	142	1882.936401	1884.463699
1882.936401	0.000000	376587	ttl	1	71	n/a	n/a	n/a	n/a	n/a	n/a	n/a	n/a	n/a	n/a	n/a	n/a	n/a	n/a	n/a	n/a	n/a	n/a	n/a	n/a	n/a	1882.936401	n/a
1884.463699	0.000000	376893	ttl	2	71	n/a	n/a	n/a	n/a	n/a	n/a	n/a	n/a	n/a	n/a	n/a	n/a	n/a	n/a	n/a	n/a	n/a	n/a	n/a	n/a	n/a	1884.463699	n/a
1885.716752	0.000000	377143	ttl	4	71	n/a	n/a	n/a	n/a	n/a	n/a	n/a	n/a	n/a	n/a	n/a	n/a	n/a	n/a	n/a	n/a	n/a	n/a	n/a	n/a	n/a	1885.716752	n/a
1885.731998	0.000000	377146	ttl	11	71	n/a	n/a	n/a	n/a	n/a	n/a	n/a	n/a	n/a	n/a	n/a	n/a	n/a	n/a	n/a	n/a	n/a	n/a	n/a	n/a	n/a	1885.731998	n/a
1886.293760	1.547344	377259	scene_recognition	n/a	n/a	n/a	71.0	n/a	n/a	n/a	1885.731998	n/a	2.341763260710195	2	3	3	HB_3_frameA_foil.png	1	7	1890.18286675	0	144	n/a	n/a	intervals/recognition_table	143	1886.293760	1887.841103
1886.293760	0.000000	377259	ttl	1	71	n/a	n/a	n/a	n/a	n/a	n/a	n/a	n/a	n/a	n/a	n/a	n/a	n/a	n/a	n/a	n/a	n/a	n/a	n/a	n/a	n/a	1886.293760	n/a
1887.841103	0.000000	377568	ttl	2	71	n/a	n/a	n/a	n/a	n/a	n/a	n/a	n/a	n/a	n/a	n/a	n/a	n/a	n/a	n/a	n/a	n/a	n/a	n/a	n/a	n/a	1887.841103	n/a
1890.182867	0.000000	378037	ttl	4	71	n/a	n/a	n/a	n/a	n/a	n/a	n/a	n/a	n/a	n/a	n/a	n/a	n/a	n/a	n/a	n/a	n/a	n/a	n/a	n/a	n/a	1890.182867	n/a
1890.201777	0.000000	378040	ttl	11	71	n/a	n/a	n/a	n/a	n/a	n/a	n/a	n/a	n/a	n/a	n/a	n/a	n/a	n/a	n/a	n/a	n/a	n/a	n/a	n/a	n/a	1890.201777	n/a
1890.743379	1.527570	378149	scene_recognition	n/a	n/a	n/a	71.0	n/a	n/a	n/a	1890.20177675	n/a	1.362250309319279	1	1	3	NB_5_frameA_foil.png	2	2	1893.6331994999998	0	145	n/a	n/a	intervals/recognition_table	144	1890.743379	1892.270949
1890.743379	0.000000	378149	ttl	1	71	n/a	n/a	n/a	n/a	n/a	n/a	n/a	n/a	n/a	n/a	n/a	n/a	n/a	n/a	n/a	n/a	n/a	n/a	n/a	n/a	n/a	1890.743379	n/a
1892.270949	0.000000	378454	ttl	2	71	n/a	n/a	n/a	n/a	n/a	n/a	n/a	n/a	n/a	n/a	n/a	n/a	n/a	n/a	n/a	n/a	n/a	n/a	n/a	n/a	n/a	1892.270949	n/a
1893.633199	0.000000	378727	ttl	4	71	n/a	n/a	n/a	n/a	n/a	n/a	n/a	n/a	n/a	n/a	n/a	n/a	n/a	n/a	n/a	n/a	n/a	n/a	n/a	n/a	n/a	1893.633199	n/a
1893.642791	0.000000	378729	ttl	11	71	n/a	n/a	n/a	n/a	n/a	n/a	n/a	n/a	n/a	n/a	n/a	n/a	n/a	n/a	n/a	n/a	n/a	n/a	n/a	n/a	n/a	1893.642791	n/a
1894.204679	1.527799	378841	scene_recognition	n/a	n/a	n/a	71.0	n/a	n/a	n/a	1893.6427915	n/a	1.4313861781038213	1	2	2	SB_6_frameB.png	1	6	1897.16386425	1	146	n/a	n/a	intervals/recognition_table	145	1894.204679	1895.732478
1894.204679	0.000000	378841	ttl	1	71	n/a	n/a	n/a	n/a	n/a	n/a	n/a	n/a	n/a	n/a	n/a	n/a	n/a	n/a	n/a	n/a	n/a	n/a	n/a	n/a	n/a	1894.204679	n/a
1895.732478	0.000000	379146	ttl	2	71	n/a	n/a	n/a	n/a	n/a	n/a	n/a	n/a	n/a	n/a	n/a	n/a	n/a	n/a	n/a	n/a	n/a	n/a	n/a	n/a	n/a	1895.732478	n/a
1897.163864	0.000000	379433	ttl	4	71	n/a	n/a	n/a	n/a	n/a	n/a	n/a	n/a	n/a	n/a	n/a	n/a	n/a	n/a	n/a	n/a	n/a	n/a	n/a	n/a	n/a	1897.163864	n/a
1897.179604	0.000000	379436	ttl	11	71	n/a	n/a	n/a	n/a	n/a	n/a	n/a	n/a	n/a	n/a	n/a	n/a	n/a	n/a	n/a	n/a	n/a	n/a	n/a	n/a	n/a	1897.179604	n/a
1897.721286	1.547373	379544	scene_recognition	n/a	n/a	n/a	71.0	n/a	n/a	n/a	1897.17960425	n/a	0.8729193052226947	1	1	3	NB_30_frameA.png	1	7	1900.141578	1	147	n/a	n/a	intervals/recognition_table	146	1897.721286	1899.268658
1897.721286	0.000000	379544	ttl	1	71	n/a	n/a	n/a	n/a	n/a	n/a	n/a	n/a	n/a	n/a	n/a	n/a	n/a	n/a	n/a	n/a	n/a	n/a	n/a	n/a	n/a	1897.721286	n/a
1899.268658	0.000000	379854	ttl	2	71	n/a	n/a	n/a	n/a	n/a	n/a	n/a	n/a	n/a	n/a	n/a	n/a	n/a	n/a	n/a	n/a	n/a	n/a	n/a	n/a	n/a	1899.268658	n/a
1900.141578	0.000000	380028	ttl	4	71	n/a	n/a	n/a	n/a	n/a	n/a	n/a	n/a	n/a	n/a	n/a	n/a	n/a	n/a	n/a	n/a	n/a	n/a	n/a	n/a	n/a	1900.141578	n/a
1900.156686	0.000000	380031	ttl	11	71	n/a	n/a	n/a	n/a	n/a	n/a	n/a	n/a	n/a	n/a	n/a	n/a	n/a	n/a	n/a	n/a	n/a	n/a	n/a	n/a	n/a	1900.156686	n/a
1900.678575	1.527870	380136	scene_recognition	n/a	n/a	n/a	71.0	n/a	n/a	n/a	1900.1566859999998	n/a	2.817626813589868	1	1	3	NB_23_frameA_foil.png	2	2	1905.0240709999998	0	148	n/a	n/a	intervals/recognition_table	147	1900.678575	1902.206444
1900.678575	0.000000	380136	ttl	1	71	n/a	n/a	n/a	n/a	n/a	n/a	n/a	n/a	n/a	n/a	n/a	n/a	n/a	n/a	n/a	n/a	n/a	n/a	n/a	n/a	n/a	1900.678575	n/a
1902.206444	0.000000	380441	ttl	2	71	n/a	n/a	n/a	n/a	n/a	n/a	n/a	n/a	n/a	n/a	n/a	n/a	n/a	n/a	n/a	n/a	n/a	n/a	n/a	n/a	n/a	1902.206444	n/a
1905.024071	0.000000	381005	ttl	4	71	n/a	n/a	n/a	n/a	n/a	n/a	n/a	n/a	n/a	n/a	n/a	n/a	n/a	n/a	n/a	n/a	n/a	n/a	n/a	n/a	n/a	1905.024071	n/a
1905.048121	0.000000	381010	ttl	11	71	n/a	n/a	n/a	n/a	n/a	n/a	n/a	n/a	n/a	n/a	n/a	n/a	n/a	n/a	n/a	n/a	n/a	n/a	n/a	n/a	n/a	1905.048121	n/a
1905.650138	1.527240	381130	scene_recognition	n/a	n/a	n/a	71.0	n/a	n/a	n/a	1905.04812125	n/a	3.7830096407665224	2	3	3	HB_5_frameA_foil.png	1	7	1910.960388	0	149	n/a	n/a	intervals/recognition_table	148	1905.650138	1907.177378
1905.650138	0.000000	381130	ttl	1	71	n/a	n/a	n/a	n/a	n/a	n/a	n/a	n/a	n/a	n/a	n/a	n/a	n/a	n/a	n/a	n/a	n/a	n/a	n/a	n/a	n/a	1905.650138	n/a
1907.177378	0.000000	381435	ttl	2	71	n/a	n/a	n/a	n/a	n/a	n/a	n/a	n/a	n/a	n/a	n/a	n/a	n/a	n/a	n/a	n/a	n/a	n/a	n/a	n/a	n/a	1907.177378	n/a
1910.960388	0.000000	382192	ttl	4	71	n/a	n/a	n/a	n/a	n/a	n/a	n/a	n/a	n/a	n/a	n/a	n/a	n/a	n/a	n/a	n/a	n/a	n/a	n/a	n/a	n/a	1910.960388	n/a
1910.982103	0.000000	382196	ttl	11	71	n/a	n/a	n/a	n/a	n/a	n/a	n/a	n/a	n/a	n/a	n/a	n/a	n/a	n/a	n/a	n/a	n/a	n/a	n/a	n/a	n/a	1910.982103	n/a
1911.564004	1.527255	382313	scene_recognition	n/a	n/a	n/a	71.0	n/a	n/a	n/a	1910.98210275	n/a	1.4217937388871178	1	1	3	NB_15_frameB.png	1	7	1914.5130527499998	1	150	n/a	n/a	intervals/recognition_table	149	1911.564004	1913.091259
1911.564004	0.000000	382313	ttl	1	71	n/a	n/a	n/a	n/a	n/a	n/a	n/a	n/a	n/a	n/a	n/a	n/a	n/a	n/a	n/a	n/a	n/a	n/a	n/a	n/a	n/a	1911.564004	n/a
1913.091259	0.000000	382618	ttl	2	71	n/a	n/a	n/a	n/a	n/a	n/a	n/a	n/a	n/a	n/a	n/a	n/a	n/a	n/a	n/a	n/a	n/a	n/a	n/a	n/a	n/a	1913.091259	n/a
1914.513053	0.000000	382903	ttl	4	71	n/a	n/a	n/a	n/a	n/a	n/a	n/a	n/a	n/a	n/a	n/a	n/a	n/a	n/a	n/a	n/a	n/a	n/a	n/a	n/a	n/a	1914.513053	n/a
1914.523429	0.000000	382905	ttl	11	71	n/a	n/a	n/a	n/a	n/a	n/a	n/a	n/a	n/a	n/a	n/a	n/a	n/a	n/a	n/a	n/a	n/a	n/a	n/a	n/a	n/a	1914.523429	n/a
1915.065276	1.527304	383013	scene_recognition	n/a	n/a	n/a	71.0	n/a	n/a	n/a	1914.52342925	n/a	1.5006176749893712	1	3	2	HB_4_frameA_foil.png	2	3	1918.09319725	0	151	n/a	n/a	intervals/recognition_table	150	1915.065276	1916.592580
1915.065276	0.000000	383013	ttl	1	71	n/a	n/a	n/a	n/a	n/a	n/a	n/a	n/a	n/a	n/a	n/a	n/a	n/a	n/a	n/a	n/a	n/a	n/a	n/a	n/a	n/a	1915.065276	n/a
1916.592580	0.000000	383319	ttl	2	71	n/a	n/a	n/a	n/a	n/a	n/a	n/a	n/a	n/a	n/a	n/a	n/a	n/a	n/a	n/a	n/a	n/a	n/a	n/a	n/a	n/a	1916.592580	n/a
1918.093197	0.000000	383619	ttl	4	71	n/a	n/a	n/a	n/a	n/a	n/a	n/a	n/a	n/a	n/a	n/a	n/a	n/a	n/a	n/a	n/a	n/a	n/a	n/a	n/a	n/a	1918.093197	n/a
1918.111835	0.000000	383622	ttl	11	71	n/a	n/a	n/a	n/a	n/a	n/a	n/a	n/a	n/a	n/a	n/a	n/a	n/a	n/a	n/a	n/a	n/a	n/a	n/a	n/a	n/a	1918.111835	n/a
1918.653513	1.548048	383731	scene_recognition	n/a	n/a	n/a	71.0	n/a	n/a	n/a	1918.111835	n/a	1.5295583194565552	2	3	3	HB_4_frameB.png	2	2	1921.73112	1	152	n/a	n/a	intervals/recognition_table	151	1918.653513	1920.201562
1918.653513	0.000000	383731	ttl	1	71	n/a	n/a	n/a	n/a	n/a	n/a	n/a	n/a	n/a	n/a	n/a	n/a	n/a	n/a	n/a	n/a	n/a	n/a	n/a	n/a	n/a	1918.653513	n/a
1920.201562	0.000000	384040	ttl	2	71	n/a	n/a	n/a	n/a	n/a	n/a	n/a	n/a	n/a	n/a	n/a	n/a	n/a	n/a	n/a	n/a	n/a	n/a	n/a	n/a	n/a	1920.201562	n/a
1921.731120	0.000000	384346	ttl	4	71	n/a	n/a	n/a	n/a	n/a	n/a	n/a	n/a	n/a	n/a	n/a	n/a	n/a	n/a	n/a	n/a	n/a	n/a	n/a	n/a	n/a	1921.731120	n/a
1921.755135	0.000000	384351	ttl	11	71	n/a	n/a	n/a	n/a	n/a	n/a	n/a	n/a	n/a	n/a	n/a	n/a	n/a	n/a	n/a	n/a	n/a	n/a	n/a	n/a	n/a	1921.755135	n/a
1922.317011	1.527495	384463	scene_recognition	n/a	n/a	n/a	71.0	n/a	n/a	n/a	1921.75513475	n/a	1.0499540528458056	2	1	3	NB_25_frameB.png	2	2	1924.8944602499998	1	153	n/a	n/a	intervals/recognition_table	152	1922.317011	1923.844506
1922.317011	0.000000	384463	ttl	1	71	n/a	n/a	n/a	n/a	n/a	n/a	n/a	n/a	n/a	n/a	n/a	n/a	n/a	n/a	n/a	n/a	n/a	n/a	n/a	n/a	n/a	1922.317011	n/a
1923.844506	0.000000	384769	ttl	2	71	n/a	n/a	n/a	n/a	n/a	n/a	n/a	n/a	n/a	n/a	n/a	n/a	n/a	n/a	n/a	n/a	n/a	n/a	n/a	n/a	n/a	1923.844506	n/a
1924.894460	0.000000	384979	ttl	4	71	n/a	n/a	n/a	n/a	n/a	n/a	n/a	n/a	n/a	n/a	n/a	n/a	n/a	n/a	n/a	n/a	n/a	n/a	n/a	n/a	n/a	1924.894460	n/a
1924.909651	0.000000	384982	ttl	11	71	n/a	n/a	n/a	n/a	n/a	n/a	n/a	n/a	n/a	n/a	n/a	n/a	n/a	n/a	n/a	n/a	n/a	n/a	n/a	n/a	n/a	1924.909651	n/a
1925.511737	1.548047	385102	scene_recognition	n/a	n/a	n/a	71.0	n/a	n/a	n/a	1924.909651	n/a	0.897186816420799	1	2	2	SB_2_frameB_foil.png	2	3	1927.95697125	0	154	n/a	n/a	intervals/recognition_table	153	1925.511737	1927.059784
1925.511737	0.000000	385102	ttl	1	71	n/a	n/a	n/a	n/a	n/a	n/a	n/a	n/a	n/a	n/a	n/a	n/a	n/a	n/a	n/a	n/a	n/a	n/a	n/a	n/a	n/a	1925.511737	n/a
1927.059784	0.000000	385412	ttl	2	71	n/a	n/a	n/a	n/a	n/a	n/a	n/a	n/a	n/a	n/a	n/a	n/a	n/a	n/a	n/a	n/a	n/a	n/a	n/a	n/a	n/a	1927.059784	n/a
1927.956971	0.000000	385591	ttl	4	71	n/a	n/a	n/a	n/a	n/a	n/a	n/a	n/a	n/a	n/a	n/a	n/a	n/a	n/a	n/a	n/a	n/a	n/a	n/a	n/a	n/a	1927.956971	n/a
1927.980962	0.000000	385596	ttl	11	71	n/a	n/a	n/a	n/a	n/a	n/a	n/a	n/a	n/a	n/a	n/a	n/a	n/a	n/a	n/a	n/a	n/a	n/a	n/a	n/a	n/a	1927.980962	n/a
1928.562940	1.547282	385713	scene_recognition	n/a	n/a	n/a	71.0	n/a	n/a	n/a	1927.98096175	n/a	1.7511786391332862	2	1	3	NB_10_frameB_foil.png	1	7	1931.86140125	0	155	n/a	n/a	intervals/recognition_table	154	1928.562940	1930.110222
1928.562940	0.000000	385713	ttl	1	71	n/a	n/a	n/a	n/a	n/a	n/a	n/a	n/a	n/a	n/a	n/a	n/a	n/a	n/a	n/a	n/a	n/a	n/a	n/a	n/a	n/a	1928.562940	n/a
1930.110222	0.000000	386022	ttl	2	71	n/a	n/a	n/a	n/a	n/a	n/a	n/a	n/a	n/a	n/a	n/a	n/a	n/a	n/a	n/a	n/a	n/a	n/a	n/a	n/a	n/a	1930.110222	n/a
1931.861401	0.000000	386372	ttl	4	71	n/a	n/a	n/a	n/a	n/a	n/a	n/a	n/a	n/a	n/a	n/a	n/a	n/a	n/a	n/a	n/a	n/a	n/a	n/a	n/a	n/a	1931.861401	n/a
1931.869419	0.000000	386374	ttl	11	71	n/a	n/a	n/a	n/a	n/a	n/a	n/a	n/a	n/a	n/a	n/a	n/a	n/a	n/a	n/a	n/a	n/a	n/a	n/a	n/a	n/a	1931.869419	n/a
1932.431283	1.527804	386486	scene_recognition	n/a	n/a	n/a	71.0	n/a	n/a	n/a	1931.86941875	n/a	0.5461373661928519	1	1	3	NB_2_frameA.png	1	7	1934.50522525	1	156	n/a	n/a	intervals/recognition_table	155	1932.431283	1933.959088
1932.431283	0.000000	386486	ttl	1	71	n/a	n/a	n/a	n/a	n/a	n/a	n/a	n/a	n/a	n/a	n/a	n/a	n/a	n/a	n/a	n/a	n/a	n/a	n/a	n/a	n/a	1932.431283	n/a
1933.959088	0.000000	386792	ttl	2	71	n/a	n/a	n/a	n/a	n/a	n/a	n/a	n/a	n/a	n/a	n/a	n/a	n/a	n/a	n/a	n/a	n/a	n/a	n/a	n/a	n/a	1933.959088	n/a
1934.505225	0.000000	386901	ttl	4	71	n/a	n/a	n/a	n/a	n/a	n/a	n/a	n/a	n/a	n/a	n/a	n/a	n/a	n/a	n/a	n/a	n/a	n/a	n/a	n/a	n/a	1934.505225	n/a
1934.524590	0.000000	386905	ttl	11	71	n/a	n/a	n/a	n/a	n/a	n/a	n/a	n/a	n/a	n/a	n/a	n/a	n/a	n/a	n/a	n/a	n/a	n/a	n/a	n/a	n/a	1934.524590	n/a
1935.106544	1.527353	387021	scene_recognition	n/a	n/a	n/a	71.0	n/a	n/a	n/a	1934.52458975	n/a	1.4908630163863563	1	2	3	SB_6_frameA_foil.png	2	2	1938.1247604999999	0	157	n/a	n/a	intervals/recognition_table	156	1935.106544	1936.633897
1935.106544	0.000000	387021	ttl	1	71	n/a	n/a	n/a	n/a	n/a	n/a	n/a	n/a	n/a	n/a	n/a	n/a	n/a	n/a	n/a	n/a	n/a	n/a	n/a	n/a	n/a	1935.106544	n/a
1936.633897	0.000000	387327	ttl	2	71	n/a	n/a	n/a	n/a	n/a	n/a	n/a	n/a	n/a	n/a	n/a	n/a	n/a	n/a	n/a	n/a	n/a	n/a	n/a	n/a	n/a	1936.633897	n/a
1938.124760	0.000000	387625	ttl	4	71	n/a	n/a	n/a	n/a	n/a	n/a	n/a	n/a	n/a	n/a	n/a	n/a	n/a	n/a	n/a	n/a	n/a	n/a	n/a	n/a	n/a	1938.124760	n/a
1938.136149	0.000000	387627	ttl	11	71	n/a	n/a	n/a	n/a	n/a	n/a	n/a	n/a	n/a	n/a	n/a	n/a	n/a	n/a	n/a	n/a	n/a	n/a	n/a	n/a	n/a	1938.136149	n/a
1938.698102	1.527230	387740	scene_recognition	n/a	n/a	n/a	71.0	n/a	n/a	n/a	1938.1361494999999	n/a	0.8275007230536175	2	3	3	HB_2_frameA_foil.png	1	7	1941.05283225	0	158	n/a	n/a	intervals/recognition_table	157	1938.698102	1940.225331
1938.698102	0.000000	387740	ttl	1	71	n/a	n/a	n/a	n/a	n/a	n/a	n/a	n/a	n/a	n/a	n/a	n/a	n/a	n/a	n/a	n/a	n/a	n/a	n/a	n/a	n/a	1938.698102	n/a
1940.225331	0.000000	388045	ttl	2	71	n/a	n/a	n/a	n/a	n/a	n/a	n/a	n/a	n/a	n/a	n/a	n/a	n/a	n/a	n/a	n/a	n/a	n/a	n/a	n/a	n/a	1940.225331	n/a
1941.052832	0.000000	388211	ttl	4	71	n/a	n/a	n/a	n/a	n/a	n/a	n/a	n/a	n/a	n/a	n/a	n/a	n/a	n/a	n/a	n/a	n/a	n/a	n/a	n/a	n/a	1941.052832	n/a
1941.069195	0.000000	388214	ttl	11	71	n/a	n/a	n/a	n/a	n/a	n/a	n/a	n/a	n/a	n/a	n/a	n/a	n/a	n/a	n/a	n/a	n/a	n/a	n/a	n/a	n/a	1941.069195	n/a
1941.631210	1.527289	388326	scene_recognition	n/a	n/a	n/a	71.0	n/a	n/a	n/a	1941.06919525	n/a	5.072018967084205	2	3	1	HB_1_frameA_foil.png	1	5	1948.23051775	0	159	n/a	n/a	intervals/recognition_table	158	1941.631210	1943.158499
1941.631210	0.000000	388326	ttl	1	71	n/a	n/a	n/a	n/a	n/a	n/a	n/a	n/a	n/a	n/a	n/a	n/a	n/a	n/a	n/a	n/a	n/a	n/a	n/a	n/a	n/a	1941.631210	n/a
1943.158499	0.000000	388632	ttl	2	71	n/a	n/a	n/a	n/a	n/a	n/a	n/a	n/a	n/a	n/a	n/a	n/a	n/a	n/a	n/a	n/a	n/a	n/a	n/a	n/a	n/a	1943.158499	n/a
1948.230518	0.000000	389646	ttl	4	71	n/a	n/a	n/a	n/a	n/a	n/a	n/a	n/a	n/a	n/a	n/a	n/a	n/a	n/a	n/a	n/a	n/a	n/a	n/a	n/a	n/a	1948.230518	n/a
1948.245541	0.000000	389649	ttl	11	71	n/a	n/a	n/a	n/a	n/a	n/a	n/a	n/a	n/a	n/a	n/a	n/a	n/a	n/a	n/a	n/a	n/a	n/a	n/a	n/a	n/a	1948.245541	n/a
1948.767275	1.527809	389753	scene_recognition	n/a	n/a	n/a	71.0	n/a	n/a	n/a	1948.2455415	n/a	1.2371844442154725	1	1	3	NB_17_frameB.png	1	7	1951.5322684999999	1	160	n/a	n/a	intervals/recognition_table	159	1948.767275	1950.295084
1948.767275	0.000000	389753	ttl	1	71	n/a	n/a	n/a	n/a	n/a	n/a	n/a	n/a	n/a	n/a	n/a	n/a	n/a	n/a	n/a	n/a	n/a	n/a	n/a	n/a	n/a	1948.767275	n/a
1950.295084	0.000000	390059	ttl	2	71	n/a	n/a	n/a	n/a	n/a	n/a	n/a	n/a	n/a	n/a	n/a	n/a	n/a	n/a	n/a	n/a	n/a	n/a	n/a	n/a	n/a	1950.295084	n/a
1951.532268	0.000000	390306	ttl	4	71	n/a	n/a	n/a	n/a	n/a	n/a	n/a	n/a	n/a	n/a	n/a	n/a	n/a	n/a	n/a	n/a	n/a	n/a	n/a	n/a	n/a	1951.532268	n/a
1951.541839	0.000000	390308	ttl	11	71	n/a	n/a	n/a	n/a	n/a	n/a	n/a	n/a	n/a	n/a	n/a	n/a	n/a	n/a	n/a	n/a	n/a	n/a	n/a	n/a	n/a	1951.541839	n/a
1952.083601	1.527319	390417	scene_recognition	n/a	n/a	n/a	71.0	n/a	n/a	n/a	1951.541839	n/a	1.6985188079834188	1	2	3	SB_9_frameB.png	1	7	1955.3094389999999	1	161	n/a	n/a	intervals/recognition_table	160	1952.083601	1953.610920
1952.083601	0.000000	390417	ttl	1	71	n/a	n/a	n/a	n/a	n/a	n/a	n/a	n/a	n/a	n/a	n/a	n/a	n/a	n/a	n/a	n/a	n/a	n/a	n/a	n/a	n/a	1952.083601	n/a
1953.610920	0.000000	390722	ttl	2	71	n/a	n/a	n/a	n/a	n/a	n/a	n/a	n/a	n/a	n/a	n/a	n/a	n/a	n/a	n/a	n/a	n/a	n/a	n/a	n/a	n/a	1953.610920	n/a
1955.309439	0.000000	391062	ttl	4	71	n/a	n/a	n/a	n/a	n/a	n/a	n/a	n/a	n/a	n/a	n/a	n/a	n/a	n/a	n/a	n/a	n/a	n/a	n/a	n/a	n/a	1955.309439	n/a
1955.318424	0.000000	391064	ttl	11	71	n/a	n/a	n/a	n/a	n/a	n/a	n/a	n/a	n/a	n/a	n/a	n/a	n/a	n/a	n/a	n/a	n/a	n/a	n/a	n/a	n/a	1955.318424	n/a
1955.920449	1.547916	391184	scene_recognition	n/a	n/a	n/a	71.0	n/a	n/a	n/a	1955.31842425	n/a	3.9450619854674187	1	3	3	HB_5_frameB_foil.png	2	2	1961.413427	0	162	n/a	n/a	intervals/recognition_table	161	1955.920449	1957.468365
1955.920449	0.000000	391184	ttl	1	71	n/a	n/a	n/a	n/a	n/a	n/a	n/a	n/a	n/a	n/a	n/a	n/a	n/a	n/a	n/a	n/a	n/a	n/a	n/a	n/a	n/a	1955.920449	n/a
1957.468365	0.000000	391494	ttl	2	71	n/a	n/a	n/a	n/a	n/a	n/a	n/a	n/a	n/a	n/a	n/a	n/a	n/a	n/a	n/a	n/a	n/a	n/a	n/a	n/a	n/a	1957.468365	n/a
1961.413427	0.000000	392283	ttl	4	71	n/a	n/a	n/a	n/a	n/a	n/a	n/a	n/a	n/a	n/a	n/a	n/a	n/a	n/a	n/a	n/a	n/a	n/a	n/a	n/a	n/a	1961.413427	n/a
1961.422869	0.000000	392285	ttl	11	71	n/a	n/a	n/a	n/a	n/a	n/a	n/a	n/a	n/a	n/a	n/a	n/a	n/a	n/a	n/a	n/a	n/a	n/a	n/a	n/a	n/a	1961.422869	n/a
1961.964688	1.547367	392393	scene_recognition	n/a	n/a	n/a	71.0	n/a	n/a	n/a	1961.42286875	n/a	1.6405324565489536	1	3	1	HB_4_frameB.png	1	5	1965.1525875	1	163	n/a	n/a	intervals/recognition_table	162	1961.964688	1963.512055
1961.964688	0.000000	392393	ttl	1	71	n/a	n/a	n/a	n/a	n/a	n/a	n/a	n/a	n/a	n/a	n/a	n/a	n/a	n/a	n/a	n/a	n/a	n/a	n/a	n/a	n/a	1961.964688	n/a
1963.512055	0.000000	392702	ttl	2	71	n/a	n/a	n/a	n/a	n/a	n/a	n/a	n/a	n/a	n/a	n/a	n/a	n/a	n/a	n/a	n/a	n/a	n/a	n/a	n/a	n/a	1963.512055	n/a
1965.152587	0.000000	393031	ttl	4	71	n/a	n/a	n/a	n/a	n/a	n/a	n/a	n/a	n/a	n/a	n/a	n/a	n/a	n/a	n/a	n/a	n/a	n/a	n/a	n/a	n/a	1965.152587	n/a
1965.158962	0.000000	393032	ttl	11	71	n/a	n/a	n/a	n/a	n/a	n/a	n/a	n/a	n/a	n/a	n/a	n/a	n/a	n/a	n/a	n/a	n/a	n/a	n/a	n/a	n/a	1965.158962	n/a
1965.700716	1.527912	393140	scene_recognition	n/a	n/a	n/a	71.0	n/a	n/a	n/a	1965.15896175	n/a	1.6461696730343647	1	1	2	NB_8_frameA.png	1	6	1968.8747972499998	1	164	n/a	n/a	intervals/recognition_table	163	1965.700716	1967.228628
1965.700716	0.000000	393140	ttl	1	71	n/a	n/a	n/a	n/a	n/a	n/a	n/a	n/a	n/a	n/a	n/a	n/a	n/a	n/a	n/a	n/a	n/a	n/a	n/a	n/a	n/a	1965.700716	n/a
1967.228628	0.000000	393446	ttl	2	71	n/a	n/a	n/a	n/a	n/a	n/a	n/a	n/a	n/a	n/a	n/a	n/a	n/a	n/a	n/a	n/a	n/a	n/a	n/a	n/a	n/a	1967.228628	n/a
1968.874797	0.000000	393775	ttl	4	71	n/a	n/a	n/a	n/a	n/a	n/a	n/a	n/a	n/a	n/a	n/a	n/a	n/a	n/a	n/a	n/a	n/a	n/a	n/a	n/a	n/a	1968.874797	n/a
1968.888053	0.000000	393778	ttl	11	71	n/a	n/a	n/a	n/a	n/a	n/a	n/a	n/a	n/a	n/a	n/a	n/a	n/a	n/a	n/a	n/a	n/a	n/a	n/a	n/a	n/a	1968.888053	n/a
1969.450019	1.527192	393890	scene_recognition	n/a	n/a	n/a	71.0	n/a	n/a	n/a	1968.88805325	n/a	2.956859029388852	1	1	2	NB_20_frameA.png	1	6	1973.9340707499998	1	165	n/a	n/a	intervals/recognition_table	164	1969.450019	1970.977212
1969.450019	0.000000	393890	ttl	1	71	n/a	n/a	n/a	n/a	n/a	n/a	n/a	n/a	n/a	n/a	n/a	n/a	n/a	n/a	n/a	n/a	n/a	n/a	n/a	n/a	n/a	1969.450019	n/a
1970.977212	0.000000	394195	ttl	2	71	n/a	n/a	n/a	n/a	n/a	n/a	n/a	n/a	n/a	n/a	n/a	n/a	n/a	n/a	n/a	n/a	n/a	n/a	n/a	n/a	n/a	1970.977212	n/a
1973.934071	0.000000	394787	ttl	4	71	n/a	n/a	n/a	n/a	n/a	n/a	n/a	n/a	n/a	n/a	n/a	n/a	n/a	n/a	n/a	n/a	n/a	n/a	n/a	n/a	n/a	1973.934071	n/a
1973.946821	0.000000	394789	ttl	11	71	n/a	n/a	n/a	n/a	n/a	n/a	n/a	n/a	n/a	n/a	n/a	n/a	n/a	n/a	n/a	n/a	n/a	n/a	n/a	n/a	n/a	1973.946821	n/a
1974.508673	1.527357	394902	scene_recognition	n/a	n/a	n/a	71.0	n/a	n/a	n/a	1973.9468212499999	n/a	1.3332130527587651	2	3	2	HB_5_frameA.png	2	3	1977.369244	1	166	n/a	n/a	intervals/recognition_table	165	1974.508673	1976.036031
1974.508673	0.000000	394902	ttl	1	71	n/a	n/a	n/a	n/a	n/a	n/a	n/a	n/a	n/a	n/a	n/a	n/a	n/a	n/a	n/a	n/a	n/a	n/a	n/a	n/a	n/a	1974.508673	n/a
1976.036031	0.000000	395207	ttl	2	71	n/a	n/a	n/a	n/a	n/a	n/a	n/a	n/a	n/a	n/a	n/a	n/a	n/a	n/a	n/a	n/a	n/a	n/a	n/a	n/a	n/a	1976.036031	n/a
1977.369244	0.000000	395474	ttl	4	71	n/a	n/a	n/a	n/a	n/a	n/a	n/a	n/a	n/a	n/a	n/a	n/a	n/a	n/a	n/a	n/a	n/a	n/a	n/a	n/a	n/a	1977.369244	n/a
1977.389815	0.000000	395478	ttl	11	71	n/a	n/a	n/a	n/a	n/a	n/a	n/a	n/a	n/a	n/a	n/a	n/a	n/a	n/a	n/a	n/a	n/a	n/a	n/a	n/a	n/a	1977.389815	n/a
1977.991663	1.567898	395598	scene_recognition	n/a	n/a	n/a	71.0	n/a	n/a	n/a	1977.3898152499999	n/a	1.777681446794304	1	1	3	NB_21_frameA_foil.png	2	2	1981.33724175	0	167	n/a	n/a	intervals/recognition_table	166	1977.991663	1979.559560
1977.991663	0.000000	395598	ttl	1	71	n/a	n/a	n/a	n/a	n/a	n/a	n/a	n/a	n/a	n/a	n/a	n/a	n/a	n/a	n/a	n/a	n/a	n/a	n/a	n/a	n/a	1977.991663	n/a
1979.559560	0.000000	395912	ttl	2	71	n/a	n/a	n/a	n/a	n/a	n/a	n/a	n/a	n/a	n/a	n/a	n/a	n/a	n/a	n/a	n/a	n/a	n/a	n/a	n/a	n/a	1979.559560	n/a
1981.337242	0.000000	396267	ttl	4	71	n/a	n/a	n/a	n/a	n/a	n/a	n/a	n/a	n/a	n/a	n/a	n/a	n/a	n/a	n/a	n/a	n/a	n/a	n/a	n/a	n/a	1981.337242	n/a
1981.343499	0.000000	396269	ttl	11	71	n/a	n/a	n/a	n/a	n/a	n/a	n/a	n/a	n/a	n/a	n/a	n/a	n/a	n/a	n/a	n/a	n/a	n/a	n/a	n/a	n/a	1981.343499	n/a
1981.905497	1.527812	396381	scene_recognition	n/a	n/a	n/a	71.0	n/a	n/a	n/a	1981.3434989999998	n/a	1.7873614577688386	2	1	1	NB_3_frameB.png	2	4	1985.22067075	1	168	n/a	n/a	intervals/recognition_table	167	1981.905497	1983.433309
1981.905497	0.000000	396381	ttl	1	71	n/a	n/a	n/a	n/a	n/a	n/a	n/a	n/a	n/a	n/a	n/a	n/a	n/a	n/a	n/a	n/a	n/a	n/a	n/a	n/a	n/a	1981.905497	n/a
1983.433309	0.000000	396687	ttl	2	71	n/a	n/a	n/a	n/a	n/a	n/a	n/a	n/a	n/a	n/a	n/a	n/a	n/a	n/a	n/a	n/a	n/a	n/a	n/a	n/a	n/a	1983.433309	n/a
1985.220671	0.000000	397044	ttl	4	71	n/a	n/a	n/a	n/a	n/a	n/a	n/a	n/a	n/a	n/a	n/a	n/a	n/a	n/a	n/a	n/a	n/a	n/a	n/a	n/a	n/a	1985.220671	n/a
1985.237399	0.000000	397047	ttl	11	71	n/a	n/a	n/a	n/a	n/a	n/a	n/a	n/a	n/a	n/a	n/a	n/a	n/a	n/a	n/a	n/a	n/a	n/a	n/a	n/a	n/a	1985.237399	n/a
1985.819361	1.527565	397164	scene_recognition	n/a	n/a	n/a	71.0	n/a	n/a	n/a	1985.23739925	n/a	0.5475466206985402	1	3	3	HB_1_frameB.png	1	7	1987.8944725	1	169	n/a	n/a	intervals/recognition_table	168	1985.819361	1987.346926
1985.819361	0.000000	397164	ttl	1	71	n/a	n/a	n/a	n/a	n/a	n/a	n/a	n/a	n/a	n/a	n/a	n/a	n/a	n/a	n/a	n/a	n/a	n/a	n/a	n/a	n/a	1985.819361	n/a
1987.346926	0.000000	397469	ttl	2	71	n/a	n/a	n/a	n/a	n/a	n/a	n/a	n/a	n/a	n/a	n/a	n/a	n/a	n/a	n/a	n/a	n/a	n/a	n/a	n/a	n/a	1987.346926	n/a
1987.894472	0.000000	397579	ttl	4	71	n/a	n/a	n/a	n/a	n/a	n/a	n/a	n/a	n/a	n/a	n/a	n/a	n/a	n/a	n/a	n/a	n/a	n/a	n/a	n/a	n/a	1987.894472	n/a
1987.911818	0.000000	397582	ttl	11	71	n/a	n/a	n/a	n/a	n/a	n/a	n/a	n/a	n/a	n/a	n/a	n/a	n/a	n/a	n/a	n/a	n/a	n/a	n/a	n/a	n/a	1987.911818	n/a
1988.493857	1.527405	397699	scene_recognition	n/a	n/a	n/a	71.0	n/a	n/a	n/a	1987.9118179999998	n/a	1.3132359719415945	2	2	3	SB_3_frameB.png	2	2	1991.33449875	1	170	n/a	n/a	intervals/recognition_table	169	1988.493857	1990.021263
1988.493857	0.000000	397699	ttl	1	71	n/a	n/a	n/a	n/a	n/a	n/a	n/a	n/a	n/a	n/a	n/a	n/a	n/a	n/a	n/a	n/a	n/a	n/a	n/a	n/a	n/a	1988.493857	n/a
1990.021263	0.000000	398004	ttl	2	71	n/a	n/a	n/a	n/a	n/a	n/a	n/a	n/a	n/a	n/a	n/a	n/a	n/a	n/a	n/a	n/a	n/a	n/a	n/a	n/a	n/a	1990.021263	n/a
1991.334499	0.000000	398267	ttl	4	71	n/a	n/a	n/a	n/a	n/a	n/a	n/a	n/a	n/a	n/a	n/a	n/a	n/a	n/a	n/a	n/a	n/a	n/a	n/a	n/a	n/a	1991.334499	n/a
1991.344646	0.000000	398269	ttl	11	71	n/a	n/a	n/a	n/a	n/a	n/a	n/a	n/a	n/a	n/a	n/a	n/a	n/a	n/a	n/a	n/a	n/a	n/a	n/a	n/a	n/a	1991.344646	n/a
1991.866369	1.527290	398373	scene_recognition	n/a	n/a	n/a	71.0	n/a	n/a	n/a	1991.3446462499999	n/a	1.3533582261438823	2	2	1	SB_1_frameA_foil.png	1	5	1994.747017	0	171	n/a	n/a	intervals/recognition_table	170	1991.866369	1993.393659
1991.866369	0.000000	398373	ttl	1	71	n/a	n/a	n/a	n/a	n/a	n/a	n/a	n/a	n/a	n/a	n/a	n/a	n/a	n/a	n/a	n/a	n/a	n/a	n/a	n/a	n/a	1991.866369	n/a
1993.393659	0.000000	398679	ttl	2	71	n/a	n/a	n/a	n/a	n/a	n/a	n/a	n/a	n/a	n/a	n/a	n/a	n/a	n/a	n/a	n/a	n/a	n/a	n/a	n/a	n/a	1993.393659	n/a
1994.747017	0.000000	398949	ttl	4	71	n/a	n/a	n/a	n/a	n/a	n/a	n/a	n/a	n/a	n/a	n/a	n/a	n/a	n/a	n/a	n/a	n/a	n/a	n/a	n/a	n/a	1994.747017	n/a
1994.767360	0.000000	398953	ttl	11	71	n/a	n/a	n/a	n/a	n/a	n/a	n/a	n/a	n/a	n/a	n/a	n/a	n/a	n/a	n/a	n/a	n/a	n/a	n/a	n/a	n/a	1994.767360	n/a
1995.349315	1.527691	399070	scene_recognition	n/a	n/a	n/a	71.0	n/a	n/a	n/a	1994.76735975	n/a	1.3670787958808432	2	2	2	SB_2_frameA_foil.png	1	6	1998.24408525	0	172	n/a	n/a	intervals/recognition_table	171	1995.349315	1996.877006
1995.349315	0.000000	399070	ttl	1	71	n/a	n/a	n/a	n/a	n/a	n/a	n/a	n/a	n/a	n/a	n/a	n/a	n/a	n/a	n/a	n/a	n/a	n/a	n/a	n/a	n/a	1995.349315	n/a
1996.877006	0.000000	399375	ttl	2	71	n/a	n/a	n/a	n/a	n/a	n/a	n/a	n/a	n/a	n/a	n/a	n/a	n/a	n/a	n/a	n/a	n/a	n/a	n/a	n/a	n/a	1996.877006	n/a
1998.244085	0.000000	399649	ttl	4	71	n/a	n/a	n/a	n/a	n/a	n/a	n/a	n/a	n/a	n/a	n/a	n/a	n/a	n/a	n/a	n/a	n/a	n/a	n/a	n/a	n/a	1998.244085	n/a
1998.262920	0.000000	399653	ttl	11	71	n/a	n/a	n/a	n/a	n/a	n/a	n/a	n/a	n/a	n/a	n/a	n/a	n/a	n/a	n/a	n/a	n/a	n/a	n/a	n/a	n/a	1998.262920	n/a
1998.804639	1.527501	399761	scene_recognition	n/a	n/a	n/a	71.0	n/a	n/a	n/a	1998.2629204999998	n/a	2.09361758609748	2	1	2	NB_1_frameA_foil.png	1	6	2002.4257579999999	0	173	n/a	n/a	intervals/recognition_table	172	1998.804639	2000.332140
1998.804639	0.000000	399761	ttl	1	71	n/a	n/a	n/a	n/a	n/a	n/a	n/a	n/a	n/a	n/a	n/a	n/a	n/a	n/a	n/a	n/a	n/a	n/a	n/a	n/a	n/a	1998.804639	n/a
2000.332140	0.000000	400066	ttl	2	71	n/a	n/a	n/a	n/a	n/a	n/a	n/a	n/a	n/a	n/a	n/a	n/a	n/a	n/a	n/a	n/a	n/a	n/a	n/a	n/a	n/a	2000.332140	n/a
2002.425758	0.000000	400485	ttl	4	71	n/a	n/a	n/a	n/a	n/a	n/a	n/a	n/a	n/a	n/a	n/a	n/a	n/a	n/a	n/a	n/a	n/a	n/a	n/a	n/a	n/a	2002.425758	n/a
2002.449782	0.000000	400490	ttl	11	71	n/a	n/a	n/a	n/a	n/a	n/a	n/a	n/a	n/a	n/a	n/a	n/a	n/a	n/a	n/a	n/a	n/a	n/a	n/a	n/a	n/a	2002.449782	n/a
2003.011602	1.547355	400602	scene_recognition	n/a	n/a	n/a	71.0	n/a	n/a	n/a	2002.4497824999999	n/a	2.265488132475639	1	1	3	NB_7_frameA_foil.png	2	2	2006.8244452499998	0	174	n/a	n/a	intervals/recognition_table	173	2003.011602	2004.558957
2003.011602	0.000000	400602	ttl	1	71	n/a	n/a	n/a	n/a	n/a	n/a	n/a	n/a	n/a	n/a	n/a	n/a	n/a	n/a	n/a	n/a	n/a	n/a	n/a	n/a	n/a	2003.011602	n/a
2004.558957	0.000000	400912	ttl	2	71	n/a	n/a	n/a	n/a	n/a	n/a	n/a	n/a	n/a	n/a	n/a	n/a	n/a	n/a	n/a	n/a	n/a	n/a	n/a	n/a	n/a	2004.558957	n/a
2006.824445	0.000000	401365	ttl	4	71	n/a	n/a	n/a	n/a	n/a	n/a	n/a	n/a	n/a	n/a	n/a	n/a	n/a	n/a	n/a	n/a	n/a	n/a	n/a	n/a	n/a	2006.824445	n/a
2006.844772	0.000000	401369	ttl	11	71	n/a	n/a	n/a	n/a	n/a	n/a	n/a	n/a	n/a	n/a	n/a	n/a	n/a	n/a	n/a	n/a	n/a	n/a	n/a	n/a	n/a	2006.844772	n/a
2007.366455	1.527696	401473	scene_recognition	n/a	n/a	n/a	71.0	n/a	n/a	n/a	2006.8447717499998	n/a	3.827017087701279	2	3	2	HB_6_frameA_foil.png	1	6	2012.7211687499998	0	175	n/a	n/a	intervals/recognition_table	174	2007.366455	2008.894152
2007.366455	0.000000	401473	ttl	1	71	n/a	n/a	n/a	n/a	n/a	n/a	n/a	n/a	n/a	n/a	n/a	n/a	n/a	n/a	n/a	n/a	n/a	n/a	n/a	n/a	n/a	2007.366455	n/a
2008.894152	0.000000	401779	ttl	2	71	n/a	n/a	n/a	n/a	n/a	n/a	n/a	n/a	n/a	n/a	n/a	n/a	n/a	n/a	n/a	n/a	n/a	n/a	n/a	n/a	n/a	2008.894152	n/a
2012.721169	0.000000	402544	ttl	4	71	n/a	n/a	n/a	n/a	n/a	n/a	n/a	n/a	n/a	n/a	n/a	n/a	n/a	n/a	n/a	n/a	n/a	n/a	n/a	n/a	n/a	2012.721169	n/a
2012.733587	0.000000	402547	ttl	11	71	n/a	n/a	n/a	n/a	n/a	n/a	n/a	n/a	n/a	n/a	n/a	n/a	n/a	n/a	n/a	n/a	n/a	n/a	n/a	n/a	n/a	2012.733587	n/a
2013.295518	1.547160	402659	scene_recognition	n/a	n/a	n/a	71.0	n/a	n/a	n/a	2012.7335865	n/a	1.576261706470632	1	2	1	SB_1_frameB.png	1	5	2016.41893975	1	176	n/a	n/a	intervals/recognition_table	175	2013.295518	2014.842678
2013.295518	0.000000	402659	ttl	1	71	n/a	n/a	n/a	n/a	n/a	n/a	n/a	n/a	n/a	n/a	n/a	n/a	n/a	n/a	n/a	n/a	n/a	n/a	n/a	n/a	n/a	2013.295518	n/a
2014.842678	0.000000	402969	ttl	2	71	n/a	n/a	n/a	n/a	n/a	n/a	n/a	n/a	n/a	n/a	n/a	n/a	n/a	n/a	n/a	n/a	n/a	n/a	n/a	n/a	n/a	2014.842678	n/a
2016.418940	0.000000	403284	ttl	4	71	n/a	n/a	n/a	n/a	n/a	n/a	n/a	n/a	n/a	n/a	n/a	n/a	n/a	n/a	n/a	n/a	n/a	n/a	n/a	n/a	n/a	2016.418940	n/a
2016.437985	0.000000	403288	ttl	11	71	n/a	n/a	n/a	n/a	n/a	n/a	n/a	n/a	n/a	n/a	n/a	n/a	n/a	n/a	n/a	n/a	n/a	n/a	n/a	n/a	n/a	2016.437985	n/a
2016.937991	1.544569	403388	scene_recognition	n/a	n/a	n/a	71.0	n/a	n/a	n/a	2016.4379852499999	n/a	1.2889998923724306	1	2	3	SB_30_frameA.png	1	7	2019.77156025	1	177	n/a	n/a	intervals/recognition_table	176	2016.937991	2018.482560
2016.937991	0.000000	403388	ttl	1	71	n/a	n/a	n/a	n/a	n/a	n/a	n/a	n/a	n/a	n/a	n/a	n/a	n/a	n/a	n/a	n/a	n/a	n/a	n/a	n/a	n/a	2016.937991	n/a
2018.482560	0.000000	403697	ttl	2	71	n/a	n/a	n/a	n/a	n/a	n/a	n/a	n/a	n/a	n/a	n/a	n/a	n/a	n/a	n/a	n/a	n/a	n/a	n/a	n/a	n/a	2018.482560	n/a
2019.771560	0.000000	403954	ttl	4	71	n/a	n/a	n/a	n/a	n/a	n/a	n/a	n/a	n/a	n/a	n/a	n/a	n/a	n/a	n/a	n/a	n/a	n/a	n/a	n/a	n/a	2019.771560	n/a
2019.799520	0.000000	403960	ttl	11	71	n/a	n/a	n/a	n/a	n/a	n/a	n/a	n/a	n/a	n/a	n/a	n/a	n/a	n/a	n/a	n/a	n/a	n/a	n/a	n/a	n/a	2019.799520	n/a
2020.320387	1.526699	404064	scene_recognition	n/a	n/a	n/a	71.0	n/a	n/a	n/a	2019.79951975	n/a	1.131639657870437	2	2	2	SB_30_frameB_foil.png	1	6	2022.9787259999998	0	178	n/a	n/a	intervals/recognition_table	177	2020.320387	2021.847086
2020.320387	0.000000	404064	ttl	1	71	n/a	n/a	n/a	n/a	n/a	n/a	n/a	n/a	n/a	n/a	n/a	n/a	n/a	n/a	n/a	n/a	n/a	n/a	n/a	n/a	n/a	2020.320387	n/a
2021.847086	0.000000	404369	ttl	2	71	n/a	n/a	n/a	n/a	n/a	n/a	n/a	n/a	n/a	n/a	n/a	n/a	n/a	n/a	n/a	n/a	n/a	n/a	n/a	n/a	n/a	2021.847086	n/a
2022.978726	0.000000	404596	ttl	4	71	n/a	n/a	n/a	n/a	n/a	n/a	n/a	n/a	n/a	n/a	n/a	n/a	n/a	n/a	n/a	n/a	n/a	n/a	n/a	n/a	n/a	2022.978726	n/a
2023.025406	0.000000	404605	ttl	11	71	n/a	n/a	n/a	n/a	n/a	n/a	n/a	n/a	n/a	n/a	n/a	n/a	n/a	n/a	n/a	n/a	n/a	n/a	n/a	n/a	n/a	2023.025406	n/a
2023.542937	1.508512	404709	scene_recognition	n/a	n/a	n/a	71.0	n/a	n/a	n/a	2023.02540575	n/a	0.5490880101583571	1	3	2	HB_30_frameB.png	1	6	2025.60053725	1	179	n/a	n/a	intervals/recognition_table	178	2023.542937	2025.051449
2023.542937	0.000000	404709	ttl	1	71	n/a	n/a	n/a	n/a	n/a	n/a	n/a	n/a	n/a	n/a	n/a	n/a	n/a	n/a	n/a	n/a	n/a	n/a	n/a	n/a	n/a	2023.542937	n/a
2025.051449	0.000000	405010	ttl	2	71	n/a	n/a	n/a	n/a	n/a	n/a	n/a	n/a	n/a	n/a	n/a	n/a	n/a	n/a	n/a	n/a	n/a	n/a	n/a	n/a	n/a	2025.051449	n/a
2025.600537	0.000000	405120	ttl	4	71	n/a	n/a	n/a	n/a	n/a	n/a	n/a	n/a	n/a	n/a	n/a	n/a	n/a	n/a	n/a	n/a	n/a	n/a	n/a	n/a	n/a	2025.600537	n/a
2025.624881	0.000000	405125	ttl	11	71	n/a	n/a	n/a	n/a	n/a	n/a	n/a	n/a	n/a	n/a	n/a	n/a	n/a	n/a	n/a	n/a	n/a	n/a	n/a	n/a	n/a	2025.624881	n/a
2026.172719	1.530699	405235	scene_recognition	n/a	n/a	n/a	71.0	n/a	n/a	n/a	2025.6248815	n/a	0.48130140760849827	2	3	2	HB_30_frameA_foil.png	1	6	2028.1847194999998	0	180	n/a	n/a	intervals/recognition_table	179	2026.172719	2027.703418
2026.172719	0.000000	405235	ttl	1	71	n/a	n/a	n/a	n/a	n/a	n/a	n/a	n/a	n/a	n/a	n/a	n/a	n/a	n/a	n/a	n/a	n/a	n/a	n/a	n/a	n/a	2026.172719	n/a
2027.703418	0.000000	405541	ttl	2	71	n/a	n/a	n/a	n/a	n/a	n/a	n/a	n/a	n/a	n/a	n/a	n/a	n/a	n/a	n/a	n/a	n/a	n/a	n/a	n/a	n/a	2027.703418	n/a
2028.184719	0.000000	405637	ttl	4	71	n/a	n/a	n/a	n/a	n/a	n/a	n/a	n/a	n/a	n/a	n/a	n/a	n/a	n/a	n/a	n/a	n/a	n/a	n/a	n/a	n/a	2028.184719	n/a
2028.237480	0.000000	405647	ttl	60	71	n/a	n/a	n/a	n/a	n/a	n/a	n/a	n/a	n/a	n/a	n/a	n/a	n/a	n/a	n/a	n/a	n/a	n/a	n/a	n/a	n/a	2028.237480	n/a
2321.885709	0.000000	464377	ttl	61	72	n/a	n/a	n/a	n/a	n/a	n/a	n/a	n/a	n/a	n/a	n/a	n/a	n/a	n/a	n/a	n/a	n/a	n/a	n/a	n/a	n/a	2321.885709	n/a
2321.942260	0.000000	464388	ttl	11	72	n/a	n/a	n/a	n/a	n/a	n/a	n/a	n/a	n/a	n/a	n/a	n/a	n/a	n/a	n/a	n/a	n/a	n/a	n/a	n/a	n/a	2321.942260	n/a
2322.523958	2.054349	464505	time_discrimination	n/a	n/a	n/a	72.0	n/a	n/a	n/a	2321.94226	n/a	0.0	2.0	3	0.0	HB_41_ShortA.png	n/a	1	2324.5793074999997	n/a	1	1	1	intervals/timediscrimination_table	0	2322.523958	2324.578307
2322.523958	0.000000	464505	ttl	1	72	n/a	n/a	n/a	n/a	n/a	n/a	n/a	n/a	n/a	n/a	n/a	n/a	n/a	n/a	n/a	n/a	n/a	n/a	n/a	n/a	n/a	2322.523958	n/a
2324.578307	0.000000	464916	ttl	2	72	n/a	n/a	n/a	n/a	n/a	n/a	n/a	n/a	n/a	n/a	n/a	n/a	n/a	n/a	n/a	n/a	n/a	n/a	n/a	n/a	n/a	2324.578307	n/a
2327.251001	0.000000	465450	ttl	11	72	n/a	n/a	n/a	n/a	n/a	n/a	n/a	n/a	n/a	n/a	n/a	n/a	n/a	n/a	n/a	n/a	n/a	n/a	n/a	n/a	n/a	2327.251001	n/a
2327.832944	2.031876	465567	time_discrimination	n/a	n/a	n/a	72.0	n/a	n/a	n/a	2327.2510015	n/a	2.4513452797896207	2.0	2	3.0	SB_57_LongA.png	n/a	2	2332.3161649999997	n/a	2	1	1	intervals/timediscrimination_table	1	2327.832944	2329.864820
2327.832944	0.000000	465567	ttl	1	72	n/a	n/a	n/a	n/a	n/a	n/a	n/a	n/a	n/a	n/a	n/a	n/a	n/a	n/a	n/a	n/a	n/a	n/a	n/a	n/a	n/a	2327.832944	n/a
2329.864820	0.000000	465973	ttl	2	72	n/a	n/a	n/a	n/a	n/a	n/a	n/a	n/a	n/a	n/a	n/a	n/a	n/a	n/a	n/a	n/a	n/a	n/a	n/a	n/a	n/a	2329.864820	n/a
2332.316165	0.000000	466463	ttl	4	72	n/a	n/a	n/a	n/a	n/a	n/a	n/a	n/a	n/a	n/a	n/a	n/a	n/a	n/a	n/a	n/a	n/a	n/a	n/a	n/a	n/a	2332.316165	n/a
2332.342297	0.000000	466468	ttl	11	72	n/a	n/a	n/a	n/a	n/a	n/a	n/a	n/a	n/a	n/a	n/a	n/a	n/a	n/a	n/a	n/a	n/a	n/a	n/a	n/a	n/a	2332.342297	n/a
2332.924246	2.031693	466585	time_discrimination	n/a	n/a	n/a	72.0	n/a	n/a	n/a	2332.3422975	n/a	1.7667751010167194	2.0	2	3.0	SB_21_ShortA.png	n/a	2	2336.722714	n/a	3	1	1	intervals/timediscrimination_table	2	2332.924246	2334.955939
2332.924246	0.000000	466585	ttl	1	72	n/a	n/a	n/a	n/a	n/a	n/a	n/a	n/a	n/a	n/a	n/a	n/a	n/a	n/a	n/a	n/a	n/a	n/a	n/a	n/a	n/a	2332.924246	n/a
2334.955939	0.000000	466991	ttl	2	72	n/a	n/a	n/a	n/a	n/a	n/a	n/a	n/a	n/a	n/a	n/a	n/a	n/a	n/a	n/a	n/a	n/a	n/a	n/a	n/a	n/a	2334.955939	n/a
2336.722714	0.000000	467345	ttl	4	72	n/a	n/a	n/a	n/a	n/a	n/a	n/a	n/a	n/a	n/a	n/a	n/a	n/a	n/a	n/a	n/a	n/a	n/a	n/a	n/a	n/a	2336.722714	n/a
2336.751975	0.000000	467350	ttl	11	72	n/a	n/a	n/a	n/a	n/a	n/a	n/a	n/a	n/a	n/a	n/a	n/a	n/a	n/a	n/a	n/a	n/a	n/a	n/a	n/a	n/a	2336.751975	n/a
2337.354001	2.031765	467471	time_discrimination	n/a	n/a	n/a	72.0	n/a	n/a	n/a	2336.7519755	n/a	1.0996337821907218	2.0	2	3.0	SB_10_ShortA.png	n/a	2	2340.48539975	n/a	4	1	1	intervals/timediscrimination_table	3	2337.354001	2339.385766
2337.354001	0.000000	467471	ttl	1	72	n/a	n/a	n/a	n/a	n/a	n/a	n/a	n/a	n/a	n/a	n/a	n/a	n/a	n/a	n/a	n/a	n/a	n/a	n/a	n/a	n/a	2337.354001	n/a
2339.385766	0.000000	467877	ttl	2	72	n/a	n/a	n/a	n/a	n/a	n/a	n/a	n/a	n/a	n/a	n/a	n/a	n/a	n/a	n/a	n/a	n/a	n/a	n/a	n/a	n/a	2339.385766	n/a
2340.485400	0.000000	468097	ttl	4	72	n/a	n/a	n/a	n/a	n/a	n/a	n/a	n/a	n/a	n/a	n/a	n/a	n/a	n/a	n/a	n/a	n/a	n/a	n/a	n/a	n/a	2340.485400	n/a
2340.501637	0.000000	468100	ttl	11	72	n/a	n/a	n/a	n/a	n/a	n/a	n/a	n/a	n/a	n/a	n/a	n/a	n/a	n/a	n/a	n/a	n/a	n/a	n/a	n/a	n/a	2340.501637	n/a
2341.183849	2.055043	468237	time_discrimination	n/a	n/a	n/a	72.0	n/a	n/a	n/a	2340.5016367499998	n/a	1.5626478636318097	2.0	2	3.0	SB_7_ShortA.png	n/a	7	2344.80154025	n/a	5	2	2	intervals/timediscrimination_table	4	2341.183849	2343.238892
2341.183849	0.000000	468237	ttl	1	72	n/a	n/a	n/a	n/a	n/a	n/a	n/a	n/a	n/a	n/a	n/a	n/a	n/a	n/a	n/a	n/a	n/a	n/a	n/a	n/a	n/a	2341.183849	n/a
2343.238892	0.000000	468648	ttl	2	72	n/a	n/a	n/a	n/a	n/a	n/a	n/a	n/a	n/a	n/a	n/a	n/a	n/a	n/a	n/a	n/a	n/a	n/a	n/a	n/a	n/a	2343.238892	n/a
2344.801540	0.000000	468960	ttl	4	72	n/a	n/a	n/a	n/a	n/a	n/a	n/a	n/a	n/a	n/a	n/a	n/a	n/a	n/a	n/a	n/a	n/a	n/a	n/a	n/a	n/a	2344.801540	n/a
2344.828273	0.000000	468966	ttl	11	72	n/a	n/a	n/a	n/a	n/a	n/a	n/a	n/a	n/a	n/a	n/a	n/a	n/a	n/a	n/a	n/a	n/a	n/a	n/a	n/a	n/a	2344.828273	n/a
2345.450321	2.031344	469090	time_discrimination	n/a	n/a	n/a	72.0	n/a	n/a	n/a	2344.8282732499997	n/a	2.4219817964399226	2.0	2	3.0	SB_44_ShortA.png	n/a	7	2349.9036465	n/a	6	2	2	intervals/timediscrimination_table	5	2345.450321	2347.481665
2345.450321	0.000000	469090	ttl	1	72	n/a	n/a	n/a	n/a	n/a	n/a	n/a	n/a	n/a	n/a	n/a	n/a	n/a	n/a	n/a	n/a	n/a	n/a	n/a	n/a	n/a	2345.450321	n/a
2347.481665	0.000000	469496	ttl	2	72	n/a	n/a	n/a	n/a	n/a	n/a	n/a	n/a	n/a	n/a	n/a	n/a	n/a	n/a	n/a	n/a	n/a	n/a	n/a	n/a	n/a	2347.481665	n/a
2349.903646	0.000000	469981	ttl	4	72	n/a	n/a	n/a	n/a	n/a	n/a	n/a	n/a	n/a	n/a	n/a	n/a	n/a	n/a	n/a	n/a	n/a	n/a	n/a	n/a	n/a	2349.903646	n/a
2349.921166	0.000000	469984	ttl	11	72	n/a	n/a	n/a	n/a	n/a	n/a	n/a	n/a	n/a	n/a	n/a	n/a	n/a	n/a	n/a	n/a	n/a	n/a	n/a	n/a	n/a	2349.921166	n/a
2350.583461	2.031197	470117	time_discrimination	n/a	n/a	n/a	72.0	n/a	n/a	n/a	2349.921166	n/a	2.553524889628079	2.0	3	2.0	HB_12_LongA.png	n/a	6	2355.1681825	n/a	7	2	2	intervals/timediscrimination_table	6	2350.583461	2352.614657
2350.583461	0.000000	470117	ttl	1	72	n/a	n/a	n/a	n/a	n/a	n/a	n/a	n/a	n/a	n/a	n/a	n/a	n/a	n/a	n/a	n/a	n/a	n/a	n/a	n/a	n/a	2350.583461	n/a
2352.614657	0.000000	470523	ttl	2	72	n/a	n/a	n/a	n/a	n/a	n/a	n/a	n/a	n/a	n/a	n/a	n/a	n/a	n/a	n/a	n/a	n/a	n/a	n/a	n/a	n/a	2352.614657	n/a
2355.168183	0.000000	471034	ttl	4	72	n/a	n/a	n/a	n/a	n/a	n/a	n/a	n/a	n/a	n/a	n/a	n/a	n/a	n/a	n/a	n/a	n/a	n/a	n/a	n/a	n/a	2355.168183	n/a
2355.179113	0.000000	471036	ttl	11	72	n/a	n/a	n/a	n/a	n/a	n/a	n/a	n/a	n/a	n/a	n/a	n/a	n/a	n/a	n/a	n/a	n/a	n/a	n/a	n/a	n/a	2355.179113	n/a
2355.781431	2.031319	471156	time_discrimination	n/a	n/a	n/a	72.0	n/a	n/a	n/a	2355.17911325	n/a	1.6354934393430085	2.0	1	3.0	NB_3_ShortA.png	n/a	7	2359.4482435	n/a	8	2	2	intervals/timediscrimination_table	7	2355.781431	2357.812750
2355.781431	0.000000	471156	ttl	1	72	n/a	n/a	n/a	n/a	n/a	n/a	n/a	n/a	n/a	n/a	n/a	n/a	n/a	n/a	n/a	n/a	n/a	n/a	n/a	n/a	n/a	2355.781431	n/a
2357.812750	0.000000	471563	ttl	2	72	n/a	n/a	n/a	n/a	n/a	n/a	n/a	n/a	n/a	n/a	n/a	n/a	n/a	n/a	n/a	n/a	n/a	n/a	n/a	n/a	n/a	2357.812750	n/a
2359.448243	0.000000	471890	ttl	4	72	n/a	n/a	n/a	n/a	n/a	n/a	n/a	n/a	n/a	n/a	n/a	n/a	n/a	n/a	n/a	n/a	n/a	n/a	n/a	n/a	n/a	2359.448243	n/a
2359.462256	0.000000	471892	ttl	11	72	n/a	n/a	n/a	n/a	n/a	n/a	n/a	n/a	n/a	n/a	n/a	n/a	n/a	n/a	n/a	n/a	n/a	n/a	n/a	n/a	n/a	2359.462256	n/a
2360.104581	2.031181	472021	time_discrimination	n/a	n/a	n/a	72.0	n/a	n/a	n/a	2359.46225625	n/a	1.5560472260831375	2.0	1	3.0	NB_11_LongA.png	n/a	2	2363.6918097499997	n/a	9	1	1	intervals/timediscrimination_table	8	2360.104581	2362.135763
2360.104581	0.000000	472021	ttl	1	72	n/a	n/a	n/a	n/a	n/a	n/a	n/a	n/a	n/a	n/a	n/a	n/a	n/a	n/a	n/a	n/a	n/a	n/a	n/a	n/a	n/a	2360.104581	n/a
2362.135763	0.000000	472427	ttl	2	72	n/a	n/a	n/a	n/a	n/a	n/a	n/a	n/a	n/a	n/a	n/a	n/a	n/a	n/a	n/a	n/a	n/a	n/a	n/a	n/a	n/a	2362.135763	n/a
2363.691810	0.000000	472738	ttl	4	72	n/a	n/a	n/a	n/a	n/a	n/a	n/a	n/a	n/a	n/a	n/a	n/a	n/a	n/a	n/a	n/a	n/a	n/a	n/a	n/a	n/a	2363.691810	n/a
2363.703777	0.000000	472741	ttl	11	72	n/a	n/a	n/a	n/a	n/a	n/a	n/a	n/a	n/a	n/a	n/a	n/a	n/a	n/a	n/a	n/a	n/a	n/a	n/a	n/a	n/a	2363.703777	n/a
2364.285730	2.031307	472857	time_discrimination	n/a	n/a	n/a	72.0	n/a	n/a	n/a	2363.7037765	n/a	0.7783317203325169	2.0	2	3.0	SB_47_ShortA.png	n/a	2	2367.095368	n/a	10	1	1	intervals/timediscrimination_table	9	2364.285730	2366.317037
2364.285730	0.000000	472857	ttl	1	72	n/a	n/a	n/a	n/a	n/a	n/a	n/a	n/a	n/a	n/a	n/a	n/a	n/a	n/a	n/a	n/a	n/a	n/a	n/a	n/a	n/a	2364.285730	n/a
2366.317037	0.000000	473263	ttl	2	72	n/a	n/a	n/a	n/a	n/a	n/a	n/a	n/a	n/a	n/a	n/a	n/a	n/a	n/a	n/a	n/a	n/a	n/a	n/a	n/a	n/a	2366.317037	n/a
2367.095368	0.000000	473419	ttl	4	72	n/a	n/a	n/a	n/a	n/a	n/a	n/a	n/a	n/a	n/a	n/a	n/a	n/a	n/a	n/a	n/a	n/a	n/a	n/a	n/a	n/a	2367.095368	n/a
2367.117505	0.000000	473424	ttl	11	72	n/a	n/a	n/a	n/a	n/a	n/a	n/a	n/a	n/a	n/a	n/a	n/a	n/a	n/a	n/a	n/a	n/a	n/a	n/a	n/a	n/a	2367.117505	n/a
2367.699501	2.031339	473540	time_discrimination	n/a	n/a	n/a	72.0	n/a	n/a	n/a	2367.1175055	n/a	1.6328998854073689	2.0	1	3.0	NB_26_ShortA.png	n/a	7	2371.3637397499997	n/a	11	2	2	intervals/timediscrimination_table	10	2367.699501	2369.730840
2367.699501	0.000000	473540	ttl	1	72	n/a	n/a	n/a	n/a	n/a	n/a	n/a	n/a	n/a	n/a	n/a	n/a	n/a	n/a	n/a	n/a	n/a	n/a	n/a	n/a	n/a	2367.699501	n/a
2369.730840	0.000000	473946	ttl	2	72	n/a	n/a	n/a	n/a	n/a	n/a	n/a	n/a	n/a	n/a	n/a	n/a	n/a	n/a	n/a	n/a	n/a	n/a	n/a	n/a	n/a	2369.730840	n/a
2371.363740	0.000000	474273	ttl	4	72	n/a	n/a	n/a	n/a	n/a	n/a	n/a	n/a	n/a	n/a	n/a	n/a	n/a	n/a	n/a	n/a	n/a	n/a	n/a	n/a	n/a	2371.363740	n/a
2371.379684	0.000000	474276	ttl	11	72	n/a	n/a	n/a	n/a	n/a	n/a	n/a	n/a	n/a	n/a	n/a	n/a	n/a	n/a	n/a	n/a	n/a	n/a	n/a	n/a	n/a	2371.379684	n/a
2371.961536	2.031468	474392	time_discrimination	n/a	n/a	n/a	72.0	n/a	n/a	n/a	2371.3796844999997	n/a	1.0470616993034128	2.0	1	3.0	NB_25_ShortA.png	n/a	7	2375.040066	n/a	12	2	2	intervals/timediscrimination_table	11	2371.961536	2373.993004
2371.961536	0.000000	474392	ttl	1	72	n/a	n/a	n/a	n/a	n/a	n/a	n/a	n/a	n/a	n/a	n/a	n/a	n/a	n/a	n/a	n/a	n/a	n/a	n/a	n/a	n/a	2371.961536	n/a
2373.993004	0.000000	474799	ttl	2	72	n/a	n/a	n/a	n/a	n/a	n/a	n/a	n/a	n/a	n/a	n/a	n/a	n/a	n/a	n/a	n/a	n/a	n/a	n/a	n/a	n/a	2373.993004	n/a
2375.040066	0.000000	475008	ttl	4	72	n/a	n/a	n/a	n/a	n/a	n/a	n/a	n/a	n/a	n/a	n/a	n/a	n/a	n/a	n/a	n/a	n/a	n/a	n/a	n/a	n/a	2375.040066	n/a
2375.046878	0.000000	475009	ttl	11	72	n/a	n/a	n/a	n/a	n/a	n/a	n/a	n/a	n/a	n/a	n/a	n/a	n/a	n/a	n/a	n/a	n/a	n/a	n/a	n/a	n/a	2375.046878	n/a
2375.628700	2.031429	475126	time_discrimination	n/a	n/a	n/a	72.0	n/a	n/a	n/a	2375.0468785	n/a	3.612561879979239	2.0	2	3.0	SB_41_LongA.png	n/a	2	2381.2726909999997	n/a	13	1	1	intervals/timediscrimination_table	12	2375.628700	2377.660129
2375.628700	0.000000	475126	ttl	1	72	n/a	n/a	n/a	n/a	n/a	n/a	n/a	n/a	n/a	n/a	n/a	n/a	n/a	n/a	n/a	n/a	n/a	n/a	n/a	n/a	n/a	2375.628700	n/a
2377.660129	0.000000	475532	ttl	2	72	n/a	n/a	n/a	n/a	n/a	n/a	n/a	n/a	n/a	n/a	n/a	n/a	n/a	n/a	n/a	n/a	n/a	n/a	n/a	n/a	n/a	2377.660129	n/a
2381.272691	0.000000	476255	ttl	4	72	n/a	n/a	n/a	n/a	n/a	n/a	n/a	n/a	n/a	n/a	n/a	n/a	n/a	n/a	n/a	n/a	n/a	n/a	n/a	n/a	n/a	2381.272691	n/a
2381.285150	0.000000	476257	ttl	11	72	n/a	n/a	n/a	n/a	n/a	n/a	n/a	n/a	n/a	n/a	n/a	n/a	n/a	n/a	n/a	n/a	n/a	n/a	n/a	n/a	n/a	2381.285150	n/a
2381.887167	2.031209	476377	time_discrimination	n/a	n/a	n/a	72.0	n/a	n/a	n/a	2381.28515025	n/a	3.978068764675754	2.0	2	3.0	SB_6_ShortA.png	n/a	7	2387.896445	n/a	14	2	2	intervals/timediscrimination_table	13	2381.887167	2383.918376
2381.887167	0.000000	476377	ttl	1	72	n/a	n/a	n/a	n/a	n/a	n/a	n/a	n/a	n/a	n/a	n/a	n/a	n/a	n/a	n/a	n/a	n/a	n/a	n/a	n/a	n/a	2381.887167	n/a
2383.918376	0.000000	476784	ttl	2	72	n/a	n/a	n/a	n/a	n/a	n/a	n/a	n/a	n/a	n/a	n/a	n/a	n/a	n/a	n/a	n/a	n/a	n/a	n/a	n/a	n/a	2383.918376	n/a
2387.896445	0.000000	477579	ttl	4	72	n/a	n/a	n/a	n/a	n/a	n/a	n/a	n/a	n/a	n/a	n/a	n/a	n/a	n/a	n/a	n/a	n/a	n/a	n/a	n/a	n/a	2387.896445	n/a
2387.915440	0.000000	477583	ttl	11	72	n/a	n/a	n/a	n/a	n/a	n/a	n/a	n/a	n/a	n/a	n/a	n/a	n/a	n/a	n/a	n/a	n/a	n/a	n/a	n/a	n/a	2387.915440	n/a
2388.477267	2.031377	477695	time_discrimination	n/a	n/a	n/a	72.0	n/a	n/a	n/a	2387.9154399999998	n/a	0.8003526896009134	2.0	2	3.0	SB_35_LongA.png	n/a	2	2391.3089965	n/a	15	1	1	intervals/timediscrimination_table	14	2388.477267	2390.508644
2388.477267	0.000000	477695	ttl	1	72	n/a	n/a	n/a	n/a	n/a	n/a	n/a	n/a	n/a	n/a	n/a	n/a	n/a	n/a	n/a	n/a	n/a	n/a	n/a	n/a	n/a	2388.477267	n/a
2390.508644	0.000000	478102	ttl	2	72	n/a	n/a	n/a	n/a	n/a	n/a	n/a	n/a	n/a	n/a	n/a	n/a	n/a	n/a	n/a	n/a	n/a	n/a	n/a	n/a	n/a	2390.508644	n/a
2391.308996	0.000000	478262	ttl	4	72	n/a	n/a	n/a	n/a	n/a	n/a	n/a	n/a	n/a	n/a	n/a	n/a	n/a	n/a	n/a	n/a	n/a	n/a	n/a	n/a	n/a	2391.308996	n/a
2391.315945	0.000000	478263	ttl	11	72	n/a	n/a	n/a	n/a	n/a	n/a	n/a	n/a	n/a	n/a	n/a	n/a	n/a	n/a	n/a	n/a	n/a	n/a	n/a	n/a	n/a	2391.315945	n/a
2391.958104	2.031258	478392	time_discrimination	n/a	n/a	n/a	72.0	n/a	n/a	n/a	2391.3159447499997	n/a	1.3524844764724548	2.0	1	3.0	NB_14_ShortA.png	n/a	2	2395.3418469999997	n/a	16	1	1	intervals/timediscrimination_table	15	2391.958104	2393.989362
2391.958104	0.000000	478392	ttl	1	72	n/a	n/a	n/a	n/a	n/a	n/a	n/a	n/a	n/a	n/a	n/a	n/a	n/a	n/a	n/a	n/a	n/a	n/a	n/a	n/a	n/a	2391.958104	n/a
2393.989362	0.000000	478798	ttl	2	72	n/a	n/a	n/a	n/a	n/a	n/a	n/a	n/a	n/a	n/a	n/a	n/a	n/a	n/a	n/a	n/a	n/a	n/a	n/a	n/a	n/a	2393.989362	n/a
2395.341847	0.000000	479068	ttl	4	72	n/a	n/a	n/a	n/a	n/a	n/a	n/a	n/a	n/a	n/a	n/a	n/a	n/a	n/a	n/a	n/a	n/a	n/a	n/a	n/a	n/a	2395.341847	n/a
2395.348382	0.000000	479070	ttl	11	72	n/a	n/a	n/a	n/a	n/a	n/a	n/a	n/a	n/a	n/a	n/a	n/a	n/a	n/a	n/a	n/a	n/a	n/a	n/a	n/a	n/a	2395.348382	n/a
2395.990522	2.031354	479198	time_discrimination	n/a	n/a	n/a	72.0	n/a	n/a	n/a	2395.3483825	n/a	1.2651022693630694	2.0	2	3.0	SB_19_ShortA.png	n/a	7	2399.2869785	n/a	17	2	2	intervals/timediscrimination_table	16	2395.990522	2398.021876
2395.990522	0.000000	479198	ttl	1	72	n/a	n/a	n/a	n/a	n/a	n/a	n/a	n/a	n/a	n/a	n/a	n/a	n/a	n/a	n/a	n/a	n/a	n/a	n/a	n/a	n/a	2395.990522	n/a
2398.021876	0.000000	479604	ttl	2	72	n/a	n/a	n/a	n/a	n/a	n/a	n/a	n/a	n/a	n/a	n/a	n/a	n/a	n/a	n/a	n/a	n/a	n/a	n/a	n/a	n/a	2398.021876	n/a
2399.286978	0.000000	479857	ttl	4	72	n/a	n/a	n/a	n/a	n/a	n/a	n/a	n/a	n/a	n/a	n/a	n/a	n/a	n/a	n/a	n/a	n/a	n/a	n/a	n/a	n/a	2399.286978	n/a
2399.311852	0.000000	479862	ttl	11	72	n/a	n/a	n/a	n/a	n/a	n/a	n/a	n/a	n/a	n/a	n/a	n/a	n/a	n/a	n/a	n/a	n/a	n/a	n/a	n/a	n/a	2399.311852	n/a
2399.873621	2.031326	479975	time_discrimination	n/a	n/a	n/a	72.0	n/a	n/a	n/a	2399.311852	n/a	2.248417768751551	2.0	2	3.0	SB_46_LongA.png	n/a	2	2404.15336425	n/a	18	1	1	intervals/timediscrimination_table	17	2399.873621	2401.904946
2399.873621	0.000000	479975	ttl	1	72	n/a	n/a	n/a	n/a	n/a	n/a	n/a	n/a	n/a	n/a	n/a	n/a	n/a	n/a	n/a	n/a	n/a	n/a	n/a	n/a	n/a	2399.873621	n/a
2401.904946	0.000000	480381	ttl	2	72	n/a	n/a	n/a	n/a	n/a	n/a	n/a	n/a	n/a	n/a	n/a	n/a	n/a	n/a	n/a	n/a	n/a	n/a	n/a	n/a	n/a	2401.904946	n/a
2404.153364	0.000000	480831	ttl	4	72	n/a	n/a	n/a	n/a	n/a	n/a	n/a	n/a	n/a	n/a	n/a	n/a	n/a	n/a	n/a	n/a	n/a	n/a	n/a	n/a	n/a	2404.153364	n/a
2404.164939	0.000000	480833	ttl	11	72	n/a	n/a	n/a	n/a	n/a	n/a	n/a	n/a	n/a	n/a	n/a	n/a	n/a	n/a	n/a	n/a	n/a	n/a	n/a	n/a	n/a	2404.164939	n/a
2404.807103	2.031292	480961	time_discrimination	n/a	n/a	n/a	72.0	n/a	n/a	n/a	2404.1649395	n/a	1.8541885368608746	2.0	1	3.0	NB_14_LongA.png	n/a	7	2408.69258375	n/a	19	2	2	intervals/timediscrimination_table	18	2404.807103	2406.838395
2404.807103	0.000000	480961	ttl	1	72	n/a	n/a	n/a	n/a	n/a	n/a	n/a	n/a	n/a	n/a	n/a	n/a	n/a	n/a	n/a	n/a	n/a	n/a	n/a	n/a	n/a	2404.807103	n/a
2406.838395	0.000000	481368	ttl	2	72	n/a	n/a	n/a	n/a	n/a	n/a	n/a	n/a	n/a	n/a	n/a	n/a	n/a	n/a	n/a	n/a	n/a	n/a	n/a	n/a	n/a	2406.838395	n/a
2408.692584	0.000000	481739	ttl	4	72	n/a	n/a	n/a	n/a	n/a	n/a	n/a	n/a	n/a	n/a	n/a	n/a	n/a	n/a	n/a	n/a	n/a	n/a	n/a	n/a	n/a	2408.692584	n/a
2408.714864	0.000000	481743	ttl	11	72	n/a	n/a	n/a	n/a	n/a	n/a	n/a	n/a	n/a	n/a	n/a	n/a	n/a	n/a	n/a	n/a	n/a	n/a	n/a	n/a	n/a	2408.714864	n/a
2409.336963	2.031272	481867	time_discrimination	n/a	n/a	n/a	72.0	n/a	n/a	n/a	2408.714864	n/a	1.0794926272283192	2.0	3	2.0	HB_3_ShortA.png	n/a	6	2412.4477282499997	n/a	20	2	2	intervals/timediscrimination_table	19	2409.336963	2411.368236
2409.336963	0.000000	481867	ttl	1	72	n/a	n/a	n/a	n/a	n/a	n/a	n/a	n/a	n/a	n/a	n/a	n/a	n/a	n/a	n/a	n/a	n/a	n/a	n/a	n/a	n/a	2409.336963	n/a
2411.368236	0.000000	482274	ttl	2	72	n/a	n/a	n/a	n/a	n/a	n/a	n/a	n/a	n/a	n/a	n/a	n/a	n/a	n/a	n/a	n/a	n/a	n/a	n/a	n/a	n/a	2411.368236	n/a
2412.447728	0.000000	482490	ttl	4	72	n/a	n/a	n/a	n/a	n/a	n/a	n/a	n/a	n/a	n/a	n/a	n/a	n/a	n/a	n/a	n/a	n/a	n/a	n/a	n/a	n/a	2412.447728	n/a
2412.464953	0.000000	482493	ttl	11	72	n/a	n/a	n/a	n/a	n/a	n/a	n/a	n/a	n/a	n/a	n/a	n/a	n/a	n/a	n/a	n/a	n/a	n/a	n/a	n/a	n/a	2412.464953	n/a
2413.066902	2.031501	482613	time_discrimination	n/a	n/a	n/a	72.0	n/a	n/a	n/a	2412.46495275	n/a	0.9347538256479311	2.0	3	2.0	HB_55_LongA.png	n/a	3	2416.03315625	n/a	21	1	1	intervals/timediscrimination_table	20	2413.066902	2415.098402
2413.066902	0.000000	482613	ttl	1	72	n/a	n/a	n/a	n/a	n/a	n/a	n/a	n/a	n/a	n/a	n/a	n/a	n/a	n/a	n/a	n/a	n/a	n/a	n/a	n/a	n/a	2413.066902	n/a
2415.098402	0.000000	483020	ttl	2	72	n/a	n/a	n/a	n/a	n/a	n/a	n/a	n/a	n/a	n/a	n/a	n/a	n/a	n/a	n/a	n/a	n/a	n/a	n/a	n/a	n/a	2415.098402	n/a
2416.033156	0.000000	483207	ttl	4	72	n/a	n/a	n/a	n/a	n/a	n/a	n/a	n/a	n/a	n/a	n/a	n/a	n/a	n/a	n/a	n/a	n/a	n/a	n/a	n/a	n/a	2416.033156	n/a
2416.053404	0.000000	483211	ttl	11	72	n/a	n/a	n/a	n/a	n/a	n/a	n/a	n/a	n/a	n/a	n/a	n/a	n/a	n/a	n/a	n/a	n/a	n/a	n/a	n/a	n/a	2416.053404	n/a
2416.695574	2.031314	483339	time_discrimination	n/a	n/a	n/a	72.0	n/a	n/a	n/a	2416.0534035	n/a	2.0680852064529063	2.0	1	3.0	NB_30_LongA.png	n/a	2	2420.79497325	n/a	22	1	1	intervals/timediscrimination_table	21	2416.695574	2418.726888
2416.695574	0.000000	483339	ttl	1	72	n/a	n/a	n/a	n/a	n/a	n/a	n/a	n/a	n/a	n/a	n/a	n/a	n/a	n/a	n/a	n/a	n/a	n/a	n/a	n/a	n/a	2416.695574	n/a
2418.726888	0.000000	483745	ttl	2	72	n/a	n/a	n/a	n/a	n/a	n/a	n/a	n/a	n/a	n/a	n/a	n/a	n/a	n/a	n/a	n/a	n/a	n/a	n/a	n/a	n/a	2418.726888	n/a
2420.794973	0.000000	484159	ttl	4	72	n/a	n/a	n/a	n/a	n/a	n/a	n/a	n/a	n/a	n/a	n/a	n/a	n/a	n/a	n/a	n/a	n/a	n/a	n/a	n/a	n/a	2420.794973	n/a
2420.810466	0.000000	484162	ttl	11	72	n/a	n/a	n/a	n/a	n/a	n/a	n/a	n/a	n/a	n/a	n/a	n/a	n/a	n/a	n/a	n/a	n/a	n/a	n/a	n/a	n/a	2420.810466	n/a
2421.412476	2.031279	484282	time_discrimination	n/a	n/a	n/a	72.0	n/a	n/a	n/a	2420.81046575	n/a	1.4969322750316678	2.0	1	3.0	NB_27_LongA.png	n/a	7	2424.9406879999997	n/a	23	2	2	intervals/timediscrimination_table	22	2421.412476	2423.443756
2421.412476	0.000000	484282	ttl	1	72	n/a	n/a	n/a	n/a	n/a	n/a	n/a	n/a	n/a	n/a	n/a	n/a	n/a	n/a	n/a	n/a	n/a	n/a	n/a	n/a	n/a	2421.412476	n/a
2423.443756	0.000000	484689	ttl	2	72	n/a	n/a	n/a	n/a	n/a	n/a	n/a	n/a	n/a	n/a	n/a	n/a	n/a	n/a	n/a	n/a	n/a	n/a	n/a	n/a	n/a	2423.443756	n/a
2424.940688	0.000000	484988	ttl	4	72	n/a	n/a	n/a	n/a	n/a	n/a	n/a	n/a	n/a	n/a	n/a	n/a	n/a	n/a	n/a	n/a	n/a	n/a	n/a	n/a	n/a	2424.940688	n/a
2424.953366	0.000000	484991	ttl	11	72	n/a	n/a	n/a	n/a	n/a	n/a	n/a	n/a	n/a	n/a	n/a	n/a	n/a	n/a	n/a	n/a	n/a	n/a	n/a	n/a	n/a	2424.953366	n/a
2425.595588	2.031317	485119	time_discrimination	n/a	n/a	n/a	72.0	n/a	n/a	n/a	2424.95336625	n/a	2.8349447136529307	2.0	1	3.0	NB_17_ShortA.png	n/a	2	2430.4618499999997	n/a	24	1	1	intervals/timediscrimination_table	23	2425.595588	2427.626905
2425.595588	0.000000	485119	ttl	1	72	n/a	n/a	n/a	n/a	n/a	n/a	n/a	n/a	n/a	n/a	n/a	n/a	n/a	n/a	n/a	n/a	n/a	n/a	n/a	n/a	n/a	2425.595588	n/a
2427.626905	0.000000	485525	ttl	2	72	n/a	n/a	n/a	n/a	n/a	n/a	n/a	n/a	n/a	n/a	n/a	n/a	n/a	n/a	n/a	n/a	n/a	n/a	n/a	n/a	n/a	2427.626905	n/a
2430.461850	0.000000	486092	ttl	4	72	n/a	n/a	n/a	n/a	n/a	n/a	n/a	n/a	n/a	n/a	n/a	n/a	n/a	n/a	n/a	n/a	n/a	n/a	n/a	n/a	n/a	2430.461850	n/a
2430.482051	0.000000	486096	ttl	11	72	n/a	n/a	n/a	n/a	n/a	n/a	n/a	n/a	n/a	n/a	n/a	n/a	n/a	n/a	n/a	n/a	n/a	n/a	n/a	n/a	n/a	2430.482051	n/a
2431.043941	2.031321	486209	time_discrimination	n/a	n/a	n/a	72.0	n/a	n/a	n/a	2430.4820514999997	n/a	2.1769771014660364	2.0	2	3.0	SB_3_LongA.png	n/a	7	2435.25223875	n/a	25	2	2	intervals/timediscrimination_table	24	2431.043941	2433.075262
2431.043941	0.000000	486209	ttl	1	72	n/a	n/a	n/a	n/a	n/a	n/a	n/a	n/a	n/a	n/a	n/a	n/a	n/a	n/a	n/a	n/a	n/a	n/a	n/a	n/a	n/a	2431.043941	n/a
2433.075262	0.000000	486615	ttl	2	72	n/a	n/a	n/a	n/a	n/a	n/a	n/a	n/a	n/a	n/a	n/a	n/a	n/a	n/a	n/a	n/a	n/a	n/a	n/a	n/a	n/a	2433.075262	n/a
2435.252239	0.000000	487050	ttl	4	72	n/a	n/a	n/a	n/a	n/a	n/a	n/a	n/a	n/a	n/a	n/a	n/a	n/a	n/a	n/a	n/a	n/a	n/a	n/a	n/a	n/a	2435.252239	n/a
2435.267974	0.000000	487054	ttl	11	72	n/a	n/a	n/a	n/a	n/a	n/a	n/a	n/a	n/a	n/a	n/a	n/a	n/a	n/a	n/a	n/a	n/a	n/a	n/a	n/a	n/a	2435.267974	n/a
2435.849997	2.031310	487170	time_discrimination	n/a	n/a	n/a	72.0	n/a	n/a	n/a	2435.26797375	n/a	1.0553992543900677	2.0	1	3.0	NB_26_LongA.png	n/a	7	2438.9367064999997	n/a	26	2	2	intervals/timediscrimination_table	25	2435.849997	2437.881307
2435.849997	0.000000	487170	ttl	1	72	n/a	n/a	n/a	n/a	n/a	n/a	n/a	n/a	n/a	n/a	n/a	n/a	n/a	n/a	n/a	n/a	n/a	n/a	n/a	n/a	n/a	2435.849997	n/a
2437.881307	0.000000	487576	ttl	2	72	n/a	n/a	n/a	n/a	n/a	n/a	n/a	n/a	n/a	n/a	n/a	n/a	n/a	n/a	n/a	n/a	n/a	n/a	n/a	n/a	n/a	2437.881307	n/a
2438.936706	0.000000	487787	ttl	4	72	n/a	n/a	n/a	n/a	n/a	n/a	n/a	n/a	n/a	n/a	n/a	n/a	n/a	n/a	n/a	n/a	n/a	n/a	n/a	n/a	n/a	2438.936706	n/a
2438.947704	0.000000	487790	ttl	11	72	n/a	n/a	n/a	n/a	n/a	n/a	n/a	n/a	n/a	n/a	n/a	n/a	n/a	n/a	n/a	n/a	n/a	n/a	n/a	n/a	n/a	2438.947704	n/a
2439.529647	2.031367	487906	time_discrimination	n/a	n/a	n/a	72.0	n/a	n/a	n/a	2438.94770425	n/a	0.8634745477729666	2.0	1	3.0	NB_30_ShortA.png	n/a	2	2442.42448925	n/a	27	1	1	intervals/timediscrimination_table	26	2439.529647	2441.561015
2439.529647	0.000000	487906	ttl	1	72	n/a	n/a	n/a	n/a	n/a	n/a	n/a	n/a	n/a	n/a	n/a	n/a	n/a	n/a	n/a	n/a	n/a	n/a	n/a	n/a	n/a	2439.529647	n/a
2441.561015	0.000000	488312	ttl	2	72	n/a	n/a	n/a	n/a	n/a	n/a	n/a	n/a	n/a	n/a	n/a	n/a	n/a	n/a	n/a	n/a	n/a	n/a	n/a	n/a	n/a	2441.561015	n/a
2442.424489	0.000000	488485	ttl	4	72	n/a	n/a	n/a	n/a	n/a	n/a	n/a	n/a	n/a	n/a	n/a	n/a	n/a	n/a	n/a	n/a	n/a	n/a	n/a	n/a	n/a	2442.424489	n/a
2442.448241	0.000000	488490	ttl	11	72	n/a	n/a	n/a	n/a	n/a	n/a	n/a	n/a	n/a	n/a	n/a	n/a	n/a	n/a	n/a	n/a	n/a	n/a	n/a	n/a	n/a	2442.448241	n/a
2443.070360	2.030786	488614	time_discrimination	n/a	n/a	n/a	72.0	n/a	n/a	n/a	2442.4482412499997	n/a	3.028522531306862	2.0	3	1.0	HB_5_ShortA.png	n/a	5	2448.1296695	n/a	28	2	2	intervals/timediscrimination_table	27	2443.070360	2445.101147
2443.070360	0.000000	488614	ttl	1	72	n/a	n/a	n/a	n/a	n/a	n/a	n/a	n/a	n/a	n/a	n/a	n/a	n/a	n/a	n/a	n/a	n/a	n/a	n/a	n/a	n/a	2443.070360	n/a
2445.101147	0.000000	489020	ttl	2	72	n/a	n/a	n/a	n/a	n/a	n/a	n/a	n/a	n/a	n/a	n/a	n/a	n/a	n/a	n/a	n/a	n/a	n/a	n/a	n/a	n/a	2445.101147	n/a
2448.129670	0.000000	489626	ttl	4	72	n/a	n/a	n/a	n/a	n/a	n/a	n/a	n/a	n/a	n/a	n/a	n/a	n/a	n/a	n/a	n/a	n/a	n/a	n/a	n/a	n/a	2448.129670	n/a
2448.135841	0.000000	489627	ttl	11	72	n/a	n/a	n/a	n/a	n/a	n/a	n/a	n/a	n/a	n/a	n/a	n/a	n/a	n/a	n/a	n/a	n/a	n/a	n/a	n/a	n/a	2448.135841	n/a
2448.717860	2.031469	489744	time_discrimination	n/a	n/a	n/a	72.0	n/a	n/a	n/a	2448.1358405	n/a	2.1601004462631863	2.0	3	2.0	HB_48_LongA.png	n/a	3	2452.909429	n/a	29	1	1	intervals/timediscrimination_table	28	2448.717860	2450.749329
2448.717860	0.000000	489744	ttl	1	72	n/a	n/a	n/a	n/a	n/a	n/a	n/a	n/a	n/a	n/a	n/a	n/a	n/a	n/a	n/a	n/a	n/a	n/a	n/a	n/a	n/a	2448.717860	n/a
2450.749329	0.000000	490150	ttl	2	72	n/a	n/a	n/a	n/a	n/a	n/a	n/a	n/a	n/a	n/a	n/a	n/a	n/a	n/a	n/a	n/a	n/a	n/a	n/a	n/a	n/a	2450.749329	n/a
2452.909429	0.000000	490582	ttl	4	72	n/a	n/a	n/a	n/a	n/a	n/a	n/a	n/a	n/a	n/a	n/a	n/a	n/a	n/a	n/a	n/a	n/a	n/a	n/a	n/a	n/a	2452.909429	n/a
2452.922188	0.000000	490584	ttl	11	72	n/a	n/a	n/a	n/a	n/a	n/a	n/a	n/a	n/a	n/a	n/a	n/a	n/a	n/a	n/a	n/a	n/a	n/a	n/a	n/a	n/a	2452.922188	n/a
2453.504147	2.031320	490701	time_discrimination	n/a	n/a	n/a	72.0	n/a	n/a	n/a	2452.9221884999997	n/a	2.049471854978947	2.0	3	2.0	HB_31_LongA.png	n/a	6	2457.58493925	n/a	30	2	2	intervals/timediscrimination_table	29	2453.504147	2455.535467
2453.504147	0.000000	490701	ttl	1	72	n/a	n/a	n/a	n/a	n/a	n/a	n/a	n/a	n/a	n/a	n/a	n/a	n/a	n/a	n/a	n/a	n/a	n/a	n/a	n/a	n/a	2453.504147	n/a
2455.535467	0.000000	491107	ttl	2	72	n/a	n/a	n/a	n/a	n/a	n/a	n/a	n/a	n/a	n/a	n/a	n/a	n/a	n/a	n/a	n/a	n/a	n/a	n/a	n/a	n/a	2455.535467	n/a
2457.584939	0.000000	491517	ttl	4	72	n/a	n/a	n/a	n/a	n/a	n/a	n/a	n/a	n/a	n/a	n/a	n/a	n/a	n/a	n/a	n/a	n/a	n/a	n/a	n/a	n/a	2457.584939	n/a
2457.595693	0.000000	491519	ttl	11	72	n/a	n/a	n/a	n/a	n/a	n/a	n/a	n/a	n/a	n/a	n/a	n/a	n/a	n/a	n/a	n/a	n/a	n/a	n/a	n/a	n/a	2457.595693	n/a
2458.237873	2.030869	491648	time_discrimination	n/a	n/a	n/a	72.0	n/a	n/a	n/a	2457.5956929999998	n/a	2.62461728354765	2.0	1	3.0	NB_24_LongA.png	n/a	2	2462.8933595	n/a	31	1	1	intervals/timediscrimination_table	30	2458.237873	2460.268742
2458.237873	0.000000	491648	ttl	1	72	n/a	n/a	n/a	n/a	n/a	n/a	n/a	n/a	n/a	n/a	n/a	n/a	n/a	n/a	n/a	n/a	n/a	n/a	n/a	n/a	n/a	2458.237873	n/a
2460.268742	0.000000	492054	ttl	2	72	n/a	n/a	n/a	n/a	n/a	n/a	n/a	n/a	n/a	n/a	n/a	n/a	n/a	n/a	n/a	n/a	n/a	n/a	n/a	n/a	n/a	2460.268742	n/a
2462.893359	0.000000	492579	ttl	4	72	n/a	n/a	n/a	n/a	n/a	n/a	n/a	n/a	n/a	n/a	n/a	n/a	n/a	n/a	n/a	n/a	n/a	n/a	n/a	n/a	n/a	2462.893359	n/a
2462.910065	0.000000	492582	ttl	11	72	n/a	n/a	n/a	n/a	n/a	n/a	n/a	n/a	n/a	n/a	n/a	n/a	n/a	n/a	n/a	n/a	n/a	n/a	n/a	n/a	n/a	2462.910065	n/a
2463.552344	2.031181	492710	time_discrimination	n/a	n/a	n/a	72.0	n/a	n/a	n/a	2462.9100654999997	n/a	2.498279226728755	2.0	3	2.0	HB_33_ShortA.png	n/a	6	2468.08180375	n/a	32	2	2	intervals/timediscrimination_table	31	2463.552344	2465.583524
2463.552344	0.000000	492710	ttl	1	72	n/a	n/a	n/a	n/a	n/a	n/a	n/a	n/a	n/a	n/a	n/a	n/a	n/a	n/a	n/a	n/a	n/a	n/a	n/a	n/a	n/a	2463.552344	n/a
2465.583524	0.000000	493117	ttl	2	72	n/a	n/a	n/a	n/a	n/a	n/a	n/a	n/a	n/a	n/a	n/a	n/a	n/a	n/a	n/a	n/a	n/a	n/a	n/a	n/a	n/a	2465.583524	n/a
2468.081804	0.000000	493616	ttl	4	72	n/a	n/a	n/a	n/a	n/a	n/a	n/a	n/a	n/a	n/a	n/a	n/a	n/a	n/a	n/a	n/a	n/a	n/a	n/a	n/a	n/a	2468.081804	n/a
2468.094496	0.000000	493619	ttl	11	72	n/a	n/a	n/a	n/a	n/a	n/a	n/a	n/a	n/a	n/a	n/a	n/a	n/a	n/a	n/a	n/a	n/a	n/a	n/a	n/a	n/a	2468.094496	n/a
2468.676461	2.031322	493735	time_discrimination	n/a	n/a	n/a	72.0	n/a	n/a	n/a	2468.09449625	n/a	3.371406699437557	2.0	2	3.0	SB_33_ShortA.png	n/a	2	2474.07919	n/a	33	1	1	intervals/timediscrimination_table	32	2468.676461	2470.707783
2468.676461	0.000000	493735	ttl	1	72	n/a	n/a	n/a	n/a	n/a	n/a	n/a	n/a	n/a	n/a	n/a	n/a	n/a	n/a	n/a	n/a	n/a	n/a	n/a	n/a	n/a	2468.676461	n/a
2470.707783	0.000000	494142	ttl	2	72	n/a	n/a	n/a	n/a	n/a	n/a	n/a	n/a	n/a	n/a	n/a	n/a	n/a	n/a	n/a	n/a	n/a	n/a	n/a	n/a	n/a	2470.707783	n/a
2474.079190	0.000000	494816	ttl	4	72	n/a	n/a	n/a	n/a	n/a	n/a	n/a	n/a	n/a	n/a	n/a	n/a	n/a	n/a	n/a	n/a	n/a	n/a	n/a	n/a	n/a	2474.079190	n/a
2474.096533	0.000000	494819	ttl	11	72	n/a	n/a	n/a	n/a	n/a	n/a	n/a	n/a	n/a	n/a	n/a	n/a	n/a	n/a	n/a	n/a	n/a	n/a	n/a	n/a	n/a	2474.096533	n/a
2474.698569	2.031308	494940	time_discrimination	n/a	n/a	n/a	72.0	n/a	n/a	n/a	2474.096533	n/a	2.0938172845180816	2.0	3	2.0	HB_7_ShortA.png	n/a	3	2478.8236945	n/a	34	1	1	intervals/timediscrimination_table	33	2474.698569	2476.729877
2474.698569	0.000000	494940	ttl	1	72	n/a	n/a	n/a	n/a	n/a	n/a	n/a	n/a	n/a	n/a	n/a	n/a	n/a	n/a	n/a	n/a	n/a	n/a	n/a	n/a	n/a	2474.698569	n/a
2476.729877	0.000000	495346	ttl	2	72	n/a	n/a	n/a	n/a	n/a	n/a	n/a	n/a	n/a	n/a	n/a	n/a	n/a	n/a	n/a	n/a	n/a	n/a	n/a	n/a	n/a	2476.729877	n/a
2478.823694	0.000000	495765	ttl	4	72	n/a	n/a	n/a	n/a	n/a	n/a	n/a	n/a	n/a	n/a	n/a	n/a	n/a	n/a	n/a	n/a	n/a	n/a	n/a	n/a	n/a	2478.823694	n/a
2478.835128	0.000000	495767	ttl	11	72	n/a	n/a	n/a	n/a	n/a	n/a	n/a	n/a	n/a	n/a	n/a	n/a	n/a	n/a	n/a	n/a	n/a	n/a	n/a	n/a	n/a	2478.835128	n/a
2479.457234	2.031380	495891	time_discrimination	n/a	n/a	n/a	72.0	n/a	n/a	n/a	2478.83512775	n/a	1.1080594057925737	2.0	1	3.0	NB_25_LongA.png	n/a	7	2482.59667275	n/a	35	2	2	intervals/timediscrimination_table	34	2479.457234	2481.488613
2479.457234	0.000000	495891	ttl	1	72	n/a	n/a	n/a	n/a	n/a	n/a	n/a	n/a	n/a	n/a	n/a	n/a	n/a	n/a	n/a	n/a	n/a	n/a	n/a	n/a	n/a	2479.457234	n/a
2481.488613	0.000000	496298	ttl	2	72	n/a	n/a	n/a	n/a	n/a	n/a	n/a	n/a	n/a	n/a	n/a	n/a	n/a	n/a	n/a	n/a	n/a	n/a	n/a	n/a	n/a	2481.488613	n/a
2482.596673	0.000000	496519	ttl	4	72	n/a	n/a	n/a	n/a	n/a	n/a	n/a	n/a	n/a	n/a	n/a	n/a	n/a	n/a	n/a	n/a	n/a	n/a	n/a	n/a	n/a	2482.596673	n/a
2482.605294	0.000000	496521	ttl	11	72	n/a	n/a	n/a	n/a	n/a	n/a	n/a	n/a	n/a	n/a	n/a	n/a	n/a	n/a	n/a	n/a	n/a	n/a	n/a	n/a	n/a	2482.605294	n/a
2483.207327	2.031074	496641	time_discrimination	n/a	n/a	n/a	72.0	n/a	n/a	n/a	2482.6052944999997	n/a	1.5450770547486172	2.0	1	3.0	NB_6_LongA.png	n/a	2	2486.7834785	n/a	36	1	1	intervals/timediscrimination_table	35	2483.207327	2485.238401
2483.207327	0.000000	496641	ttl	1	72	n/a	n/a	n/a	n/a	n/a	n/a	n/a	n/a	n/a	n/a	n/a	n/a	n/a	n/a	n/a	n/a	n/a	n/a	n/a	n/a	n/a	2483.207327	n/a
2485.238401	0.000000	497048	ttl	2	72	n/a	n/a	n/a	n/a	n/a	n/a	n/a	n/a	n/a	n/a	n/a	n/a	n/a	n/a	n/a	n/a	n/a	n/a	n/a	n/a	n/a	2485.238401	n/a
2486.783479	0.000000	497357	ttl	4	72	n/a	n/a	n/a	n/a	n/a	n/a	n/a	n/a	n/a	n/a	n/a	n/a	n/a	n/a	n/a	n/a	n/a	n/a	n/a	n/a	n/a	2486.783479	n/a
2486.795319	0.000000	497359	ttl	11	72	n/a	n/a	n/a	n/a	n/a	n/a	n/a	n/a	n/a	n/a	n/a	n/a	n/a	n/a	n/a	n/a	n/a	n/a	n/a	n/a	n/a	2486.795319	n/a
2487.417384	2.031291	497483	time_discrimination	n/a	n/a	n/a	72.0	n/a	n/a	n/a	2486.7953187499998	n/a	0.0	2.0	2	0.0	SB_38_LongA.png	n/a	1	2489.44967525	n/a	37	1	1	intervals/timediscrimination_table	36	2487.417384	2489.448675
2487.417384	0.000000	497483	ttl	1	72	n/a	n/a	n/a	n/a	n/a	n/a	n/a	n/a	n/a	n/a	n/a	n/a	n/a	n/a	n/a	n/a	n/a	n/a	n/a	n/a	n/a	2487.417384	n/a
2489.448675	0.000000	497890	ttl	2	72	n/a	n/a	n/a	n/a	n/a	n/a	n/a	n/a	n/a	n/a	n/a	n/a	n/a	n/a	n/a	n/a	n/a	n/a	n/a	n/a	n/a	2489.448675	n/a
2491.064457	0.000000	498213	ttl	11	72	n/a	n/a	n/a	n/a	n/a	n/a	n/a	n/a	n/a	n/a	n/a	n/a	n/a	n/a	n/a	n/a	n/a	n/a	n/a	n/a	n/a	2491.064457	n/a
2491.666590	2.031209	498333	time_discrimination	n/a	n/a	n/a	72.0	n/a	n/a	n/a	2491.0644574999997	n/a	2.3601284395549555	1.0	3	1.0	HB_27_LongA.png	n/a	5	2496.0579275	n/a	38	2	1	intervals/timediscrimination_table	37	2491.666590	2493.697799
2491.666590	0.000000	498333	ttl	1	72	n/a	n/a	n/a	n/a	n/a	n/a	n/a	n/a	n/a	n/a	n/a	n/a	n/a	n/a	n/a	n/a	n/a	n/a	n/a	n/a	n/a	2491.666590	n/a
2493.697799	0.000000	498740	ttl	2	72	n/a	n/a	n/a	n/a	n/a	n/a	n/a	n/a	n/a	n/a	n/a	n/a	n/a	n/a	n/a	n/a	n/a	n/a	n/a	n/a	n/a	2493.697799	n/a
2496.057928	0.000000	499212	ttl	4	72	n/a	n/a	n/a	n/a	n/a	n/a	n/a	n/a	n/a	n/a	n/a	n/a	n/a	n/a	n/a	n/a	n/a	n/a	n/a	n/a	n/a	2496.057928	n/a
2496.071901	0.000000	499214	ttl	11	72	n/a	n/a	n/a	n/a	n/a	n/a	n/a	n/a	n/a	n/a	n/a	n/a	n/a	n/a	n/a	n/a	n/a	n/a	n/a	n/a	n/a	2496.071901	n/a
2496.673929	2.031472	499335	time_discrimination	n/a	n/a	n/a	72.0	n/a	n/a	n/a	2496.071901	n/a	1.070148684796095	2.0	1	3.0	NB_8_LongA.png	n/a	7	2499.77555	n/a	39	2	2	intervals/timediscrimination_table	38	2496.673929	2498.705401
2496.673929	0.000000	499335	ttl	1	72	n/a	n/a	n/a	n/a	n/a	n/a	n/a	n/a	n/a	n/a	n/a	n/a	n/a	n/a	n/a	n/a	n/a	n/a	n/a	n/a	n/a	2496.673929	n/a
2498.705401	0.000000	499741	ttl	2	72	n/a	n/a	n/a	n/a	n/a	n/a	n/a	n/a	n/a	n/a	n/a	n/a	n/a	n/a	n/a	n/a	n/a	n/a	n/a	n/a	n/a	2498.705401	n/a
2499.775550	0.000000	499955	ttl	4	72	n/a	n/a	n/a	n/a	n/a	n/a	n/a	n/a	n/a	n/a	n/a	n/a	n/a	n/a	n/a	n/a	n/a	n/a	n/a	n/a	n/a	2499.775550	n/a
2499.781628	0.000000	499956	ttl	11	72	n/a	n/a	n/a	n/a	n/a	n/a	n/a	n/a	n/a	n/a	n/a	n/a	n/a	n/a	n/a	n/a	n/a	n/a	n/a	n/a	n/a	2499.781628	n/a
2500.383630	2.031342	500077	time_discrimination	n/a	n/a	n/a	72.0	n/a	n/a	n/a	2499.7816279999997	n/a	0.9624359658473622	2.0	1	3.0	NB_28_LongA.png	n/a	7	2503.3774085	n/a	40	2	2	intervals/timediscrimination_table	39	2500.383630	2502.414972
2500.383630	0.000000	500077	ttl	1	72	n/a	n/a	n/a	n/a	n/a	n/a	n/a	n/a	n/a	n/a	n/a	n/a	n/a	n/a	n/a	n/a	n/a	n/a	n/a	n/a	n/a	2500.383630	n/a
2502.414972	0.000000	500483	ttl	2	72	n/a	n/a	n/a	n/a	n/a	n/a	n/a	n/a	n/a	n/a	n/a	n/a	n/a	n/a	n/a	n/a	n/a	n/a	n/a	n/a	n/a	2502.414972	n/a
2503.377409	0.000000	500675	ttl	4	72	n/a	n/a	n/a	n/a	n/a	n/a	n/a	n/a	n/a	n/a	n/a	n/a	n/a	n/a	n/a	n/a	n/a	n/a	n/a	n/a	n/a	2503.377409	n/a
2503.393422	0.000000	500679	ttl	11	72	n/a	n/a	n/a	n/a	n/a	n/a	n/a	n/a	n/a	n/a	n/a	n/a	n/a	n/a	n/a	n/a	n/a	n/a	n/a	n/a	n/a	2503.393422	n/a
2504.055625	2.031306	500811	time_discrimination	n/a	n/a	n/a	72.0	n/a	n/a	n/a	2503.393422	n/a	3.625887627132215	2.0	2	3.0	SB_53_shortA.png	n/a	7	2509.712819	n/a	41	2	2	intervals/timediscrimination_table	40	2504.055625	2506.086931
2504.055625	0.000000	500811	ttl	1	72	n/a	n/a	n/a	n/a	n/a	n/a	n/a	n/a	n/a	n/a	n/a	n/a	n/a	n/a	n/a	n/a	n/a	n/a	n/a	n/a	n/a	2504.055625	n/a
2506.086931	0.000000	501217	ttl	2	72	n/a	n/a	n/a	n/a	n/a	n/a	n/a	n/a	n/a	n/a	n/a	n/a	n/a	n/a	n/a	n/a	n/a	n/a	n/a	n/a	n/a	2506.086931	n/a
2509.712819	0.000000	501943	ttl	4	72	n/a	n/a	n/a	n/a	n/a	n/a	n/a	n/a	n/a	n/a	n/a	n/a	n/a	n/a	n/a	n/a	n/a	n/a	n/a	n/a	n/a	2509.712819	n/a
2509.719875	0.000000	501944	ttl	11	72	n/a	n/a	n/a	n/a	n/a	n/a	n/a	n/a	n/a	n/a	n/a	n/a	n/a	n/a	n/a	n/a	n/a	n/a	n/a	n/a	n/a	2509.719875	n/a
2510.301724	2.031466	502060	time_discrimination	n/a	n/a	n/a	72.0	n/a	n/a	n/a	2509.7198745	n/a	2.5725383507851802	1.0	3	1.0	HB_11_LongA.png	n/a	5	2514.9057285	n/a	42	2	1	intervals/timediscrimination_table	41	2510.301724	2512.333190
2510.301724	0.000000	502060	ttl	1	72	n/a	n/a	n/a	n/a	n/a	n/a	n/a	n/a	n/a	n/a	n/a	n/a	n/a	n/a	n/a	n/a	n/a	n/a	n/a	n/a	n/a	2510.301724	n/a
2512.333190	0.000000	502467	ttl	2	72	n/a	n/a	n/a	n/a	n/a	n/a	n/a	n/a	n/a	n/a	n/a	n/a	n/a	n/a	n/a	n/a	n/a	n/a	n/a	n/a	n/a	2512.333190	n/a
2514.905728	0.000000	502981	ttl	4	72	n/a	n/a	n/a	n/a	n/a	n/a	n/a	n/a	n/a	n/a	n/a	n/a	n/a	n/a	n/a	n/a	n/a	n/a	n/a	n/a	n/a	2514.905728	n/a
2514.917606	0.000000	502984	ttl	11	72	n/a	n/a	n/a	n/a	n/a	n/a	n/a	n/a	n/a	n/a	n/a	n/a	n/a	n/a	n/a	n/a	n/a	n/a	n/a	n/a	n/a	2514.917606	n/a
2515.499787	2.031296	503100	time_discrimination	n/a	n/a	n/a	72.0	n/a	n/a	n/a	2514.917606	n/a	0.8380492121150382	1.0	3	2.0	HB_40_ShortA.png	n/a	6	2518.36913225	n/a	43	2	1	intervals/timediscrimination_table	42	2515.499787	2517.531083
2515.499787	0.000000	503100	ttl	1	72	n/a	n/a	n/a	n/a	n/a	n/a	n/a	n/a	n/a	n/a	n/a	n/a	n/a	n/a	n/a	n/a	n/a	n/a	n/a	n/a	n/a	2515.499787	n/a
2517.531083	0.000000	503506	ttl	2	72	n/a	n/a	n/a	n/a	n/a	n/a	n/a	n/a	n/a	n/a	n/a	n/a	n/a	n/a	n/a	n/a	n/a	n/a	n/a	n/a	n/a	2517.531083	n/a
2518.369132	0.000000	503674	ttl	4	72	n/a	n/a	n/a	n/a	n/a	n/a	n/a	n/a	n/a	n/a	n/a	n/a	n/a	n/a	n/a	n/a	n/a	n/a	n/a	n/a	n/a	2518.369132	n/a
2518.383199	0.000000	503677	ttl	11	72	n/a	n/a	n/a	n/a	n/a	n/a	n/a	n/a	n/a	n/a	n/a	n/a	n/a	n/a	n/a	n/a	n/a	n/a	n/a	n/a	n/a	2518.383199	n/a
2519.005109	2.031490	503801	time_discrimination	n/a	n/a	n/a	72.0	n/a	n/a	n/a	2518.38319925	n/a	2.195265458675749	1.0	3	2.0	HB_52_ShortA.png	n/a	6	2523.2318645	n/a	44	2	1	intervals/timediscrimination_table	43	2519.005109	2521.036599
2519.005109	0.000000	503801	ttl	1	72	n/a	n/a	n/a	n/a	n/a	n/a	n/a	n/a	n/a	n/a	n/a	n/a	n/a	n/a	n/a	n/a	n/a	n/a	n/a	n/a	n/a	2519.005109	n/a
2521.036599	0.000000	504207	ttl	2	72	n/a	n/a	n/a	n/a	n/a	n/a	n/a	n/a	n/a	n/a	n/a	n/a	n/a	n/a	n/a	n/a	n/a	n/a	n/a	n/a	n/a	2521.036599	n/a
2523.231865	0.000000	504646	ttl	4	72	n/a	n/a	n/a	n/a	n/a	n/a	n/a	n/a	n/a	n/a	n/a	n/a	n/a	n/a	n/a	n/a	n/a	n/a	n/a	n/a	n/a	2523.231865	n/a
2523.250647	0.000000	504650	ttl	11	72	n/a	n/a	n/a	n/a	n/a	n/a	n/a	n/a	n/a	n/a	n/a	n/a	n/a	n/a	n/a	n/a	n/a	n/a	n/a	n/a	n/a	2523.250647	n/a
2523.892796	2.031318	504779	time_discrimination	n/a	n/a	n/a	72.0	n/a	n/a	n/a	2523.25064725	n/a	2.1515712545115093	1.0	3	3.0	HB_57_LongA.png	n/a	7	2528.0756862499998	n/a	45	2	1	intervals/timediscrimination_table	44	2523.892796	2525.924115
2523.892796	0.000000	504779	ttl	1	72	n/a	n/a	n/a	n/a	n/a	n/a	n/a	n/a	n/a	n/a	n/a	n/a	n/a	n/a	n/a	n/a	n/a	n/a	n/a	n/a	n/a	2523.892796	n/a
2525.924115	0.000000	505185	ttl	2	72	n/a	n/a	n/a	n/a	n/a	n/a	n/a	n/a	n/a	n/a	n/a	n/a	n/a	n/a	n/a	n/a	n/a	n/a	n/a	n/a	n/a	2525.924115	n/a
2528.075686	0.000000	505615	ttl	4	72	n/a	n/a	n/a	n/a	n/a	n/a	n/a	n/a	n/a	n/a	n/a	n/a	n/a	n/a	n/a	n/a	n/a	n/a	n/a	n/a	n/a	2528.075686	n/a
2528.093270	0.000000	505619	ttl	11	72	n/a	n/a	n/a	n/a	n/a	n/a	n/a	n/a	n/a	n/a	n/a	n/a	n/a	n/a	n/a	n/a	n/a	n/a	n/a	n/a	n/a	2528.093270	n/a
2528.755496	2.031350	505751	time_discrimination	n/a	n/a	n/a	72.0	n/a	n/a	n/a	2528.0932697499998	n/a	2.519063273226948	1.0	3	2.0	HB_1_LongA.png	n/a	3	2533.3059085	n/a	46	1	2	intervals/timediscrimination_table	45	2528.755496	2530.786845
2528.755496	0.000000	505751	ttl	1	72	n/a	n/a	n/a	n/a	n/a	n/a	n/a	n/a	n/a	n/a	n/a	n/a	n/a	n/a	n/a	n/a	n/a	n/a	n/a	n/a	n/a	2528.755496	n/a
2530.786845	0.000000	506157	ttl	2	72	n/a	n/a	n/a	n/a	n/a	n/a	n/a	n/a	n/a	n/a	n/a	n/a	n/a	n/a	n/a	n/a	n/a	n/a	n/a	n/a	n/a	2530.786845	n/a
2533.305908	0.000000	506661	ttl	4	72	n/a	n/a	n/a	n/a	n/a	n/a	n/a	n/a	n/a	n/a	n/a	n/a	n/a	n/a	n/a	n/a	n/a	n/a	n/a	n/a	n/a	2533.305908	n/a
2533.325874	0.000000	506665	ttl	11	72	n/a	n/a	n/a	n/a	n/a	n/a	n/a	n/a	n/a	n/a	n/a	n/a	n/a	n/a	n/a	n/a	n/a	n/a	n/a	n/a	n/a	2533.325874	n/a
2533.968018	2.031334	506794	time_discrimination	n/a	n/a	n/a	72.0	n/a	n/a	n/a	2533.3258745	n/a	1.1991832580220034	2.0	1	3.0	NB_18_ShortA.png	n/a	2	2537.1985354999997	n/a	47	1	1	intervals/timediscrimination_table	46	2533.968018	2535.999352
2533.968018	0.000000	506794	ttl	1	72	n/a	n/a	n/a	n/a	n/a	n/a	n/a	n/a	n/a	n/a	n/a	n/a	n/a	n/a	n/a	n/a	n/a	n/a	n/a	n/a	n/a	2533.968018	n/a
2535.999352	0.000000	507200	ttl	2	72	n/a	n/a	n/a	n/a	n/a	n/a	n/a	n/a	n/a	n/a	n/a	n/a	n/a	n/a	n/a	n/a	n/a	n/a	n/a	n/a	n/a	2535.999352	n/a
2537.198535	0.000000	507440	ttl	4	72	n/a	n/a	n/a	n/a	n/a	n/a	n/a	n/a	n/a	n/a	n/a	n/a	n/a	n/a	n/a	n/a	n/a	n/a	n/a	n/a	n/a	2537.198535	n/a
2537.212513	0.000000	507443	ttl	11	72	n/a	n/a	n/a	n/a	n/a	n/a	n/a	n/a	n/a	n/a	n/a	n/a	n/a	n/a	n/a	n/a	n/a	n/a	n/a	n/a	n/a	2537.212513	n/a
2537.794356	2.031443	507559	time_discrimination	n/a	n/a	n/a	72.0	n/a	n/a	n/a	2537.21251275	n/a	0.671477950213557	2.0	2	3.0	SB_15_ShortA.png	n/a	2	2540.4972764999998	n/a	48	1	1	intervals/timediscrimination_table	47	2537.794356	2539.825799
2537.794356	0.000000	507559	ttl	1	72	n/a	n/a	n/a	n/a	n/a	n/a	n/a	n/a	n/a	n/a	n/a	n/a	n/a	n/a	n/a	n/a	n/a	n/a	n/a	n/a	n/a	2537.794356	n/a
2539.825799	0.000000	507965	ttl	2	72	n/a	n/a	n/a	n/a	n/a	n/a	n/a	n/a	n/a	n/a	n/a	n/a	n/a	n/a	n/a	n/a	n/a	n/a	n/a	n/a	n/a	2539.825799	n/a
2540.497276	0.000000	508099	ttl	4	72	n/a	n/a	n/a	n/a	n/a	n/a	n/a	n/a	n/a	n/a	n/a	n/a	n/a	n/a	n/a	n/a	n/a	n/a	n/a	n/a	n/a	2540.497276	n/a
2540.518450	0.000000	508104	ttl	11	72	n/a	n/a	n/a	n/a	n/a	n/a	n/a	n/a	n/a	n/a	n/a	n/a	n/a	n/a	n/a	n/a	n/a	n/a	n/a	n/a	n/a	2540.518450	n/a
2541.160611	2.031339	508232	time_discrimination	n/a	n/a	n/a	72.0	n/a	n/a	n/a	2540.5184504999997	n/a	1.784717766248832	2.0	2	3.0	SB_40_LongA.png	n/a	2	2544.976668	n/a	49	1	1	intervals/timediscrimination_table	48	2541.160611	2543.191950
2541.160611	0.000000	508232	ttl	1	72	n/a	n/a	n/a	n/a	n/a	n/a	n/a	n/a	n/a	n/a	n/a	n/a	n/a	n/a	n/a	n/a	n/a	n/a	n/a	n/a	n/a	2541.160611	n/a
2543.191950	0.000000	508638	ttl	2	72	n/a	n/a	n/a	n/a	n/a	n/a	n/a	n/a	n/a	n/a	n/a	n/a	n/a	n/a	n/a	n/a	n/a	n/a	n/a	n/a	n/a	2543.191950	n/a
2544.976668	0.000000	508995	ttl	4	72	n/a	n/a	n/a	n/a	n/a	n/a	n/a	n/a	n/a	n/a	n/a	n/a	n/a	n/a	n/a	n/a	n/a	n/a	n/a	n/a	n/a	2544.976668	n/a
2544.993361	0.000000	508999	ttl	11	72	n/a	n/a	n/a	n/a	n/a	n/a	n/a	n/a	n/a	n/a	n/a	n/a	n/a	n/a	n/a	n/a	n/a	n/a	n/a	n/a	n/a	2544.993361	n/a
2545.655499	2.030945	509131	time_discrimination	n/a	n/a	n/a	72.0	n/a	n/a	n/a	2544.99336125	n/a	1.5605899801557825	2.0	1	2.0	NB_21_ShortA.png	n/a	6	2549.24703375	n/a	50	2	2	intervals/timediscrimination_table	49	2545.655499	2547.686444
2545.655499	0.000000	509131	ttl	1	72	n/a	n/a	n/a	n/a	n/a	n/a	n/a	n/a	n/a	n/a	n/a	n/a	n/a	n/a	n/a	n/a	n/a	n/a	n/a	n/a	n/a	2545.655499	n/a
2547.686444	0.000000	509537	ttl	2	72	n/a	n/a	n/a	n/a	n/a	n/a	n/a	n/a	n/a	n/a	n/a	n/a	n/a	n/a	n/a	n/a	n/a	n/a	n/a	n/a	n/a	2547.686444	n/a
2549.247034	0.000000	509849	ttl	4	72	n/a	n/a	n/a	n/a	n/a	n/a	n/a	n/a	n/a	n/a	n/a	n/a	n/a	n/a	n/a	n/a	n/a	n/a	n/a	n/a	n/a	2549.247034	n/a
2549.269621	0.000000	509854	ttl	11	72	n/a	n/a	n/a	n/a	n/a	n/a	n/a	n/a	n/a	n/a	n/a	n/a	n/a	n/a	n/a	n/a	n/a	n/a	n/a	n/a	n/a	2549.269621	n/a
2549.950288	2.031499	509990	time_discrimination	n/a	n/a	n/a	72.0	n/a	n/a	n/a	2549.26962125	n/a	2.4370428529446144	1.0	3	3.0	HB_19_ShortA.png	n/a	7	2554.41883	n/a	51	2	1	intervals/timediscrimination_table	50	2549.950288	2551.981787
2549.950288	0.000000	509990	ttl	1	72	n/a	n/a	n/a	n/a	n/a	n/a	n/a	n/a	n/a	n/a	n/a	n/a	n/a	n/a	n/a	n/a	n/a	n/a	n/a	n/a	n/a	2549.950288	n/a
2551.981787	0.000000	510396	ttl	2	72	n/a	n/a	n/a	n/a	n/a	n/a	n/a	n/a	n/a	n/a	n/a	n/a	n/a	n/a	n/a	n/a	n/a	n/a	n/a	n/a	n/a	2551.981787	n/a
2554.418830	0.000000	510884	ttl	4	72	n/a	n/a	n/a	n/a	n/a	n/a	n/a	n/a	n/a	n/a	n/a	n/a	n/a	n/a	n/a	n/a	n/a	n/a	n/a	n/a	n/a	2554.418830	n/a
2554.442154	0.000000	510888	ttl	11	72	n/a	n/a	n/a	n/a	n/a	n/a	n/a	n/a	n/a	n/a	n/a	n/a	n/a	n/a	n/a	n/a	n/a	n/a	n/a	n/a	n/a	2554.442154	n/a
2555.003974	2.031328	511001	time_discrimination	n/a	n/a	n/a	72.0	n/a	n/a	n/a	2554.44215425	n/a	2.0804247232995294	2.0	2	3.0	SB_52_LongA.png	n/a	2	2559.1157264999997	n/a	52	1	1	intervals/timediscrimination_table	51	2555.003974	2557.035302
2555.003974	0.000000	511001	ttl	1	72	n/a	n/a	n/a	n/a	n/a	n/a	n/a	n/a	n/a	n/a	n/a	n/a	n/a	n/a	n/a	n/a	n/a	n/a	n/a	n/a	n/a	2555.003974	n/a
2557.035302	0.000000	511407	ttl	2	72	n/a	n/a	n/a	n/a	n/a	n/a	n/a	n/a	n/a	n/a	n/a	n/a	n/a	n/a	n/a	n/a	n/a	n/a	n/a	n/a	n/a	2557.035302	n/a
2559.115726	0.000000	511823	ttl	4	72	n/a	n/a	n/a	n/a	n/a	n/a	n/a	n/a	n/a	n/a	n/a	n/a	n/a	n/a	n/a	n/a	n/a	n/a	n/a	n/a	n/a	2559.115726	n/a
2559.125518	0.000000	511825	ttl	11	72	n/a	n/a	n/a	n/a	n/a	n/a	n/a	n/a	n/a	n/a	n/a	n/a	n/a	n/a	n/a	n/a	n/a	n/a	n/a	n/a	n/a	2559.125518	n/a
2559.747416	2.031556	511949	time_discrimination	n/a	n/a	n/a	72.0	n/a	n/a	n/a	2559.125518	n/a	1.148442441534371	2.0	3	2.0	HB_25_ShortA.png	n/a	3	2562.9274145	n/a	53	1	1	intervals/timediscrimination_table	52	2559.747416	2561.778972
2559.747416	0.000000	511949	ttl	1	72	n/a	n/a	n/a	n/a	n/a	n/a	n/a	n/a	n/a	n/a	n/a	n/a	n/a	n/a	n/a	n/a	n/a	n/a	n/a	n/a	n/a	2559.747416	n/a
2561.778972	0.000000	512356	ttl	2	72	n/a	n/a	n/a	n/a	n/a	n/a	n/a	n/a	n/a	n/a	n/a	n/a	n/a	n/a	n/a	n/a	n/a	n/a	n/a	n/a	n/a	2561.778972	n/a
2562.927414	0.000000	512585	ttl	4	72	n/a	n/a	n/a	n/a	n/a	n/a	n/a	n/a	n/a	n/a	n/a	n/a	n/a	n/a	n/a	n/a	n/a	n/a	n/a	n/a	n/a	2562.927414	n/a
2562.939457	0.000000	512588	ttl	11	72	n/a	n/a	n/a	n/a	n/a	n/a	n/a	n/a	n/a	n/a	n/a	n/a	n/a	n/a	n/a	n/a	n/a	n/a	n/a	n/a	n/a	2562.939457	n/a
2563.561732	2.031008	512712	time_discrimination	n/a	n/a	n/a	72.0	n/a	n/a	n/a	2562.939457	n/a	1.3919831509092546	2.0	1	2.0	NB_8_ShortA.png	n/a	3	2566.9847232499997	n/a	54	1	1	intervals/timediscrimination_table	53	2563.561732	2565.592740
2563.561732	0.000000	512712	ttl	1	72	n/a	n/a	n/a	n/a	n/a	n/a	n/a	n/a	n/a	n/a	n/a	n/a	n/a	n/a	n/a	n/a	n/a	n/a	n/a	n/a	n/a	2563.561732	n/a
2565.592740	0.000000	513119	ttl	2	72	n/a	n/a	n/a	n/a	n/a	n/a	n/a	n/a	n/a	n/a	n/a	n/a	n/a	n/a	n/a	n/a	n/a	n/a	n/a	n/a	n/a	2565.592740	n/a
2566.984723	0.000000	513397	ttl	4	72	n/a	n/a	n/a	n/a	n/a	n/a	n/a	n/a	n/a	n/a	n/a	n/a	n/a	n/a	n/a	n/a	n/a	n/a	n/a	n/a	n/a	2566.984723	n/a
2566.998363	0.000000	513400	ttl	11	72	n/a	n/a	n/a	n/a	n/a	n/a	n/a	n/a	n/a	n/a	n/a	n/a	n/a	n/a	n/a	n/a	n/a	n/a	n/a	n/a	n/a	2566.998363	n/a
2567.620439	2.031221	513524	time_discrimination	n/a	n/a	n/a	72.0	n/a	n/a	n/a	2566.9983629999997	n/a	2.2927376000761797	1.0	3	3.0	HB_24_ShortA.png	n/a	2	2571.9443982499997	n/a	55	1	2	intervals/timediscrimination_table	54	2567.620439	2569.651661
2567.620439	0.000000	513524	ttl	1	72	n/a	n/a	n/a	n/a	n/a	n/a	n/a	n/a	n/a	n/a	n/a	n/a	n/a	n/a	n/a	n/a	n/a	n/a	n/a	n/a	n/a	2567.620439	n/a
2569.651661	0.000000	513930	ttl	2	72	n/a	n/a	n/a	n/a	n/a	n/a	n/a	n/a	n/a	n/a	n/a	n/a	n/a	n/a	n/a	n/a	n/a	n/a	n/a	n/a	n/a	2569.651661	n/a
2571.944398	0.000000	514389	ttl	4	72	n/a	n/a	n/a	n/a	n/a	n/a	n/a	n/a	n/a	n/a	n/a	n/a	n/a	n/a	n/a	n/a	n/a	n/a	n/a	n/a	n/a	2571.944398	n/a
2571.957914	0.000000	514392	ttl	11	72	n/a	n/a	n/a	n/a	n/a	n/a	n/a	n/a	n/a	n/a	n/a	n/a	n/a	n/a	n/a	n/a	n/a	n/a	n/a	n/a	n/a	2571.957914	n/a
2572.620277	2.031316	514524	time_discrimination	n/a	n/a	n/a	72.0	n/a	n/a	n/a	2571.9579145	n/a	1.35120361112331	1.0	3	3.0	HB_53_ShortA.png	n/a	2	2576.002797	n/a	56	1	2	intervals/timediscrimination_table	55	2572.620277	2574.651593
2572.620277	0.000000	514524	ttl	1	72	n/a	n/a	n/a	n/a	n/a	n/a	n/a	n/a	n/a	n/a	n/a	n/a	n/a	n/a	n/a	n/a	n/a	n/a	n/a	n/a	n/a	2572.620277	n/a
2574.651593	0.000000	514930	ttl	2	72	n/a	n/a	n/a	n/a	n/a	n/a	n/a	n/a	n/a	n/a	n/a	n/a	n/a	n/a	n/a	n/a	n/a	n/a	n/a	n/a	n/a	2574.651593	n/a
2576.002797	0.000000	515201	ttl	4	72	n/a	n/a	n/a	n/a	n/a	n/a	n/a	n/a	n/a	n/a	n/a	n/a	n/a	n/a	n/a	n/a	n/a	n/a	n/a	n/a	n/a	2576.002797	n/a
2576.012964	0.000000	515203	ttl	11	72	n/a	n/a	n/a	n/a	n/a	n/a	n/a	n/a	n/a	n/a	n/a	n/a	n/a	n/a	n/a	n/a	n/a	n/a	n/a	n/a	n/a	2576.012964	n/a
2576.574778	2.031693	515315	time_discrimination	n/a	n/a	n/a	72.0	n/a	n/a	n/a	2576.01296375	n/a	2.170299353163955	2.0	1	2.0	NB_22_ShortA.png	n/a	3	2580.77677025	n/a	57	1	1	intervals/timediscrimination_table	56	2576.574778	2578.606471
2576.574778	0.000000	515315	ttl	1	72	n/a	n/a	n/a	n/a	n/a	n/a	n/a	n/a	n/a	n/a	n/a	n/a	n/a	n/a	n/a	n/a	n/a	n/a	n/a	n/a	n/a	2576.574778	n/a
2578.606471	0.000000	515721	ttl	2	72	n/a	n/a	n/a	n/a	n/a	n/a	n/a	n/a	n/a	n/a	n/a	n/a	n/a	n/a	n/a	n/a	n/a	n/a	n/a	n/a	n/a	2578.606471	n/a
2580.776770	0.000000	516155	ttl	4	72	n/a	n/a	n/a	n/a	n/a	n/a	n/a	n/a	n/a	n/a	n/a	n/a	n/a	n/a	n/a	n/a	n/a	n/a	n/a	n/a	n/a	2580.776770	n/a
2580.801187	0.000000	516160	ttl	11	72	n/a	n/a	n/a	n/a	n/a	n/a	n/a	n/a	n/a	n/a	n/a	n/a	n/a	n/a	n/a	n/a	n/a	n/a	n/a	n/a	n/a	2580.801187	n/a
2581.382806	2.031509	516277	time_discrimination	n/a	n/a	n/a	72.0	n/a	n/a	n/a	2580.8011874999997	n/a	1.8882117853954696	1.0	3	3.0	HB_18_ShortA.png	n/a	7	2585.3025275	n/a	58	2	1	intervals/timediscrimination_table	57	2581.382806	2583.414316
2581.382806	0.000000	516277	ttl	1	72	n/a	n/a	n/a	n/a	n/a	n/a	n/a	n/a	n/a	n/a	n/a	n/a	n/a	n/a	n/a	n/a	n/a	n/a	n/a	n/a	n/a	2581.382806	n/a
2583.414316	0.000000	516683	ttl	2	72	n/a	n/a	n/a	n/a	n/a	n/a	n/a	n/a	n/a	n/a	n/a	n/a	n/a	n/a	n/a	n/a	n/a	n/a	n/a	n/a	n/a	2583.414316	n/a
2585.302527	0.000000	517061	ttl	4	72	n/a	n/a	n/a	n/a	n/a	n/a	n/a	n/a	n/a	n/a	n/a	n/a	n/a	n/a	n/a	n/a	n/a	n/a	n/a	n/a	n/a	2585.302527	n/a
2585.322990	0.000000	517065	ttl	11	72	n/a	n/a	n/a	n/a	n/a	n/a	n/a	n/a	n/a	n/a	n/a	n/a	n/a	n/a	n/a	n/a	n/a	n/a	n/a	n/a	n/a	2585.322990	n/a
2585.905091	2.031126	517181	time_discrimination	n/a	n/a	n/a	72.0	n/a	n/a	n/a	2585.3229899999997	n/a	1.409287816545202	2.0	1	2.0	NB_13_LongA.png	n/a	3	2589.34550525	n/a	59	1	1	intervals/timediscrimination_table	58	2585.905091	2587.936217
2585.905091	0.000000	517181	ttl	1	72	n/a	n/a	n/a	n/a	n/a	n/a	n/a	n/a	n/a	n/a	n/a	n/a	n/a	n/a	n/a	n/a	n/a	n/a	n/a	n/a	n/a	2585.905091	n/a
2587.936217	0.000000	517587	ttl	2	72	n/a	n/a	n/a	n/a	n/a	n/a	n/a	n/a	n/a	n/a	n/a	n/a	n/a	n/a	n/a	n/a	n/a	n/a	n/a	n/a	n/a	2587.936217	n/a
2589.345505	0.000000	517869	ttl	4	72	n/a	n/a	n/a	n/a	n/a	n/a	n/a	n/a	n/a	n/a	n/a	n/a	n/a	n/a	n/a	n/a	n/a	n/a	n/a	n/a	n/a	2589.345505	n/a
2589.367560	0.000000	517874	ttl	11	72	n/a	n/a	n/a	n/a	n/a	n/a	n/a	n/a	n/a	n/a	n/a	n/a	n/a	n/a	n/a	n/a	n/a	n/a	n/a	n/a	n/a	2589.367560	n/a
2589.989780	2.031314	517998	time_discrimination	n/a	n/a	n/a	72.0	n/a	n/a	n/a	2589.3675605	n/a	2.4081925389600656	2.0	1	3.0	NB_19_LongA.png	n/a	7	2594.429286	n/a	60	2	2	intervals/timediscrimination_table	59	2589.989780	2592.021094
2589.989780	0.000000	517998	ttl	1	72	n/a	n/a	n/a	n/a	n/a	n/a	n/a	n/a	n/a	n/a	n/a	n/a	n/a	n/a	n/a	n/a	n/a	n/a	n/a	n/a	n/a	2589.989780	n/a
2592.021094	0.000000	518404	ttl	2	72	n/a	n/a	n/a	n/a	n/a	n/a	n/a	n/a	n/a	n/a	n/a	n/a	n/a	n/a	n/a	n/a	n/a	n/a	n/a	n/a	n/a	2592.021094	n/a
2594.429286	0.000000	518886	ttl	4	72	n/a	n/a	n/a	n/a	n/a	n/a	n/a	n/a	n/a	n/a	n/a	n/a	n/a	n/a	n/a	n/a	n/a	n/a	n/a	n/a	n/a	2594.429286	n/a
2594.447175	0.000000	518889	ttl	11	72	n/a	n/a	n/a	n/a	n/a	n/a	n/a	n/a	n/a	n/a	n/a	n/a	n/a	n/a	n/a	n/a	n/a	n/a	n/a	n/a	n/a	2594.447175	n/a
2595.069354	2.031325	519014	time_discrimination	n/a	n/a	n/a	72.0	n/a	n/a	n/a	2594.4471755	n/a	0.5110718167779851	2.0	2	3.0	SB_60_ShortA.png	n/a	2	2597.6117504999997	n/a	61	1	1	intervals/timediscrimination_table	60	2595.069354	2597.100679
2595.069354	0.000000	519014	ttl	1	72	n/a	n/a	n/a	n/a	n/a	n/a	n/a	n/a	n/a	n/a	n/a	n/a	n/a	n/a	n/a	n/a	n/a	n/a	n/a	n/a	n/a	2595.069354	n/a
2597.100679	0.000000	519420	ttl	2	72	n/a	n/a	n/a	n/a	n/a	n/a	n/a	n/a	n/a	n/a	n/a	n/a	n/a	n/a	n/a	n/a	n/a	n/a	n/a	n/a	n/a	2597.100679	n/a
2597.611750	0.000000	519522	ttl	4	72	n/a	n/a	n/a	n/a	n/a	n/a	n/a	n/a	n/a	n/a	n/a	n/a	n/a	n/a	n/a	n/a	n/a	n/a	n/a	n/a	n/a	2597.611750	n/a
2597.634614	0.000000	519527	ttl	11	72	n/a	n/a	n/a	n/a	n/a	n/a	n/a	n/a	n/a	n/a	n/a	n/a	n/a	n/a	n/a	n/a	n/a	n/a	n/a	n/a	n/a	2597.634614	n/a
2598.216560	2.031322	519643	time_discrimination	n/a	n/a	n/a	72.0	n/a	n/a	n/a	2597.63461375	n/a	1.7589845160205186	2.0	2	3.0	SB_59_LongA.png	n/a	2	2602.00686625	n/a	62	1	1	intervals/timediscrimination_table	61	2598.216560	2600.247882
2598.216560	0.000000	519643	ttl	1	72	n/a	n/a	n/a	n/a	n/a	n/a	n/a	n/a	n/a	n/a	n/a	n/a	n/a	n/a	n/a	n/a	n/a	n/a	n/a	n/a	n/a	2598.216560	n/a
2600.247882	0.000000	520050	ttl	2	72	n/a	n/a	n/a	n/a	n/a	n/a	n/a	n/a	n/a	n/a	n/a	n/a	n/a	n/a	n/a	n/a	n/a	n/a	n/a	n/a	n/a	2600.247882	n/a
2602.006866	0.000000	520401	ttl	4	72	n/a	n/a	n/a	n/a	n/a	n/a	n/a	n/a	n/a	n/a	n/a	n/a	n/a	n/a	n/a	n/a	n/a	n/a	n/a	n/a	n/a	2602.006866	n/a
2602.029084	0.000000	520406	ttl	11	72	n/a	n/a	n/a	n/a	n/a	n/a	n/a	n/a	n/a	n/a	n/a	n/a	n/a	n/a	n/a	n/a	n/a	n/a	n/a	n/a	n/a	2602.029084	n/a
2602.651176	2.031166	520530	time_discrimination	n/a	n/a	n/a	72.0	n/a	n/a	n/a	2602.0290845	n/a	1.1702318793059021	2.0	1	2.0	NB_18_LongA.png	n/a	3	2605.852574	n/a	63	1	1	intervals/timediscrimination_table	62	2602.651176	2604.682342
2602.651176	0.000000	520530	ttl	1	72	n/a	n/a	n/a	n/a	n/a	n/a	n/a	n/a	n/a	n/a	n/a	n/a	n/a	n/a	n/a	n/a	n/a	n/a	n/a	n/a	n/a	2602.651176	n/a
2604.682342	0.000000	520936	ttl	2	72	n/a	n/a	n/a	n/a	n/a	n/a	n/a	n/a	n/a	n/a	n/a	n/a	n/a	n/a	n/a	n/a	n/a	n/a	n/a	n/a	n/a	2604.682342	n/a
2605.852574	0.000000	521171	ttl	4	72	n/a	n/a	n/a	n/a	n/a	n/a	n/a	n/a	n/a	n/a	n/a	n/a	n/a	n/a	n/a	n/a	n/a	n/a	n/a	n/a	n/a	2605.852574	n/a
2605.863593	0.000000	521173	ttl	11	72	n/a	n/a	n/a	n/a	n/a	n/a	n/a	n/a	n/a	n/a	n/a	n/a	n/a	n/a	n/a	n/a	n/a	n/a	n/a	n/a	n/a	2605.863593	n/a
2606.505728	2.031321	521301	time_discrimination	n/a	n/a	n/a	72.0	n/a	n/a	n/a	2605.8635932499997	n/a	2.2708744389010462	2.0	3	2.0	HB_42_ShortA.png	n/a	3	2610.8079235	n/a	64	1	1	intervals/timediscrimination_table	63	2606.505728	2608.537049
2606.505728	0.000000	521301	ttl	1	72	n/a	n/a	n/a	n/a	n/a	n/a	n/a	n/a	n/a	n/a	n/a	n/a	n/a	n/a	n/a	n/a	n/a	n/a	n/a	n/a	n/a	2606.505728	n/a
2608.537049	0.000000	521707	ttl	2	72	n/a	n/a	n/a	n/a	n/a	n/a	n/a	n/a	n/a	n/a	n/a	n/a	n/a	n/a	n/a	n/a	n/a	n/a	n/a	n/a	n/a	2608.537049	n/a
2610.807924	0.000000	522162	ttl	4	72	n/a	n/a	n/a	n/a	n/a	n/a	n/a	n/a	n/a	n/a	n/a	n/a	n/a	n/a	n/a	n/a	n/a	n/a	n/a	n/a	n/a	2610.807924	n/a
2610.823516	0.000000	522165	ttl	11	72	n/a	n/a	n/a	n/a	n/a	n/a	n/a	n/a	n/a	n/a	n/a	n/a	n/a	n/a	n/a	n/a	n/a	n/a	n/a	n/a	n/a	2610.823516	n/a
2611.425573	2.031039	522285	time_discrimination	n/a	n/a	n/a	72.0	n/a	n/a	n/a	2610.82351625	n/a	2.9781374990398035	2.0	3	3.0	HB_35_ShortA.png	n/a	7	2616.4347494999997	n/a	65	2	2	intervals/timediscrimination_table	64	2611.425573	2613.456612
2611.425573	0.000000	522285	ttl	1	72	n/a	n/a	n/a	n/a	n/a	n/a	n/a	n/a	n/a	n/a	n/a	n/a	n/a	n/a	n/a	n/a	n/a	n/a	n/a	n/a	n/a	2611.425573	n/a
2613.456612	0.000000	522691	ttl	2	72	n/a	n/a	n/a	n/a	n/a	n/a	n/a	n/a	n/a	n/a	n/a	n/a	n/a	n/a	n/a	n/a	n/a	n/a	n/a	n/a	n/a	2613.456612	n/a
2616.434749	0.000000	523287	ttl	4	72	n/a	n/a	n/a	n/a	n/a	n/a	n/a	n/a	n/a	n/a	n/a	n/a	n/a	n/a	n/a	n/a	n/a	n/a	n/a	n/a	n/a	2616.434749	n/a
2616.444390	0.000000	523289	ttl	11	72	n/a	n/a	n/a	n/a	n/a	n/a	n/a	n/a	n/a	n/a	n/a	n/a	n/a	n/a	n/a	n/a	n/a	n/a	n/a	n/a	n/a	2616.444390	n/a
2617.086424	2.031403	523417	time_discrimination	n/a	n/a	n/a	72.0	n/a	n/a	n/a	2616.4443905	n/a	2.569821160252104	2.0	3	2.0	HB_60_ShortA.png	n/a	3	2621.6876485	n/a	66	1	1	intervals/timediscrimination_table	65	2617.086424	2619.117827
2617.086424	0.000000	523417	ttl	1	72	n/a	n/a	n/a	n/a	n/a	n/a	n/a	n/a	n/a	n/a	n/a	n/a	n/a	n/a	n/a	n/a	n/a	n/a	n/a	n/a	n/a	2617.086424	n/a
2619.117827	0.000000	523824	ttl	2	72	n/a	n/a	n/a	n/a	n/a	n/a	n/a	n/a	n/a	n/a	n/a	n/a	n/a	n/a	n/a	n/a	n/a	n/a	n/a	n/a	n/a	2619.117827	n/a
2621.687648	0.000000	524338	ttl	4	72	n/a	n/a	n/a	n/a	n/a	n/a	n/a	n/a	n/a	n/a	n/a	n/a	n/a	n/a	n/a	n/a	n/a	n/a	n/a	n/a	n/a	2621.687648	n/a
2621.700302	0.000000	524340	ttl	11	72	n/a	n/a	n/a	n/a	n/a	n/a	n/a	n/a	n/a	n/a	n/a	n/a	n/a	n/a	n/a	n/a	n/a	n/a	n/a	n/a	n/a	2621.700302	n/a
2622.362743	2.031329	524473	time_discrimination	n/a	n/a	n/a	72.0	n/a	n/a	n/a	2621.70030225	n/a	0.0	2.0	2	0.0	SB_34_ShortA.png	n/a	1	2624.39507225	n/a	67	1	1	intervals/timediscrimination_table	66	2622.362743	2624.394072
2622.362743	0.000000	524473	ttl	1	72	n/a	n/a	n/a	n/a	n/a	n/a	n/a	n/a	n/a	n/a	n/a	n/a	n/a	n/a	n/a	n/a	n/a	n/a	n/a	n/a	n/a	2622.362743	n/a
2624.394072	0.000000	524879	ttl	2	72	n/a	n/a	n/a	n/a	n/a	n/a	n/a	n/a	n/a	n/a	n/a	n/a	n/a	n/a	n/a	n/a	n/a	n/a	n/a	n/a	n/a	2624.394072	n/a
2625.774327	0.000000	525155	ttl	11	72	n/a	n/a	n/a	n/a	n/a	n/a	n/a	n/a	n/a	n/a	n/a	n/a	n/a	n/a	n/a	n/a	n/a	n/a	n/a	n/a	n/a	2625.774327	n/a
2626.376231	2.031537	525275	time_discrimination	n/a	n/a	n/a	72.0	n/a	n/a	n/a	2625.77432675	n/a	2.730117274760687	2.0	2	3.0	SB_29_LongA.png	n/a	7	2631.13788475	n/a	68	2	2	intervals/timediscrimination_table	67	2626.376231	2628.407767
2626.376231	0.000000	525275	ttl	1	72	n/a	n/a	n/a	n/a	n/a	n/a	n/a	n/a	n/a	n/a	n/a	n/a	n/a	n/a	n/a	n/a	n/a	n/a	n/a	n/a	n/a	2626.376231	n/a
2628.407767	0.000000	525682	ttl	2	72	n/a	n/a	n/a	n/a	n/a	n/a	n/a	n/a	n/a	n/a	n/a	n/a	n/a	n/a	n/a	n/a	n/a	n/a	n/a	n/a	n/a	2628.407767	n/a
2631.137885	0.000000	526228	ttl	4	72	n/a	n/a	n/a	n/a	n/a	n/a	n/a	n/a	n/a	n/a	n/a	n/a	n/a	n/a	n/a	n/a	n/a	n/a	n/a	n/a	n/a	2631.137885	n/a
2631.149190	0.000000	526230	ttl	11	72	n/a	n/a	n/a	n/a	n/a	n/a	n/a	n/a	n/a	n/a	n/a	n/a	n/a	n/a	n/a	n/a	n/a	n/a	n/a	n/a	n/a	2631.149190	n/a
2631.771606	2.031041	526354	time_discrimination	n/a	n/a	n/a	72.0	n/a	n/a	n/a	2631.1491905	n/a	2.4049619220904788	2.0	3	2.0	HB_4_LongA.png	n/a	3	2636.2076092499997	n/a	69	1	1	intervals/timediscrimination_table	68	2631.771606	2633.802647
2631.771606	0.000000	526354	ttl	1	72	n/a	n/a	n/a	n/a	n/a	n/a	n/a	n/a	n/a	n/a	n/a	n/a	n/a	n/a	n/a	n/a	n/a	n/a	n/a	n/a	n/a	2631.771606	n/a
2633.802647	0.000000	526761	ttl	2	72	n/a	n/a	n/a	n/a	n/a	n/a	n/a	n/a	n/a	n/a	n/a	n/a	n/a	n/a	n/a	n/a	n/a	n/a	n/a	n/a	n/a	2633.802647	n/a
2636.207609	0.000000	527242	ttl	4	72	n/a	n/a	n/a	n/a	n/a	n/a	n/a	n/a	n/a	n/a	n/a	n/a	n/a	n/a	n/a	n/a	n/a	n/a	n/a	n/a	n/a	2636.207609	n/a
2636.223943	0.000000	527245	ttl	11	72	n/a	n/a	n/a	n/a	n/a	n/a	n/a	n/a	n/a	n/a	n/a	n/a	n/a	n/a	n/a	n/a	n/a	n/a	n/a	n/a	n/a	2636.223943	n/a
2636.825968	2.031319	527365	time_discrimination	n/a	n/a	n/a	72.0	n/a	n/a	n/a	2636.223943	n/a	0.0	1.0	2	0.0	SB_30_ShortA.png	n/a	1	2638.8582874999997	n/a	70	1	2	intervals/timediscrimination_table	69	2636.825968	2638.857287
2636.825968	0.000000	527365	ttl	1	72	n/a	n/a	n/a	n/a	n/a	n/a	n/a	n/a	n/a	n/a	n/a	n/a	n/a	n/a	n/a	n/a	n/a	n/a	n/a	n/a	n/a	2636.825968	n/a
2638.857287	0.000000	527771	ttl	2	72	n/a	n/a	n/a	n/a	n/a	n/a	n/a	n/a	n/a	n/a	n/a	n/a	n/a	n/a	n/a	n/a	n/a	n/a	n/a	n/a	n/a	2638.857287	n/a
2641.223677	0.000000	528245	ttl	11	72	n/a	n/a	n/a	n/a	n/a	n/a	n/a	n/a	n/a	n/a	n/a	n/a	n/a	n/a	n/a	n/a	n/a	n/a	n/a	n/a	n/a	2641.223677	n/a
2641.886078	2.031315	528377	time_discrimination	n/a	n/a	n/a	72.0	n/a	n/a	n/a	2641.2236774999997	n/a	0.7339151343276171	2.0	1	3.0	NB_29_LongA.png	n/a	2	2644.6513084999997	n/a	71	1	1	intervals/timediscrimination_table	70	2641.886078	2643.917393
2641.886078	0.000000	528377	ttl	1	72	n/a	n/a	n/a	n/a	n/a	n/a	n/a	n/a	n/a	n/a	n/a	n/a	n/a	n/a	n/a	n/a	n/a	n/a	n/a	n/a	n/a	2641.886078	n/a
2643.917393	0.000000	528783	ttl	2	72	n/a	n/a	n/a	n/a	n/a	n/a	n/a	n/a	n/a	n/a	n/a	n/a	n/a	n/a	n/a	n/a	n/a	n/a	n/a	n/a	n/a	2643.917393	n/a
2644.651308	0.000000	528930	ttl	4	72	n/a	n/a	n/a	n/a	n/a	n/a	n/a	n/a	n/a	n/a	n/a	n/a	n/a	n/a	n/a	n/a	n/a	n/a	n/a	n/a	n/a	2644.651308	n/a
2644.656768	0.000000	528931	ttl	11	72	n/a	n/a	n/a	n/a	n/a	n/a	n/a	n/a	n/a	n/a	n/a	n/a	n/a	n/a	n/a	n/a	n/a	n/a	n/a	n/a	n/a	2644.656768	n/a
2645.258947	2.031305	529052	time_discrimination	n/a	n/a	n/a	72.0	n/a	n/a	n/a	2644.6567677499997	n/a	1.8315462927880617	2.0	1	3.0	NB_2_ShortA.png	n/a	2	2649.12179875	n/a	72	1	1	intervals/timediscrimination_table	71	2645.258947	2647.290252
2645.258947	0.000000	529052	ttl	1	72	n/a	n/a	n/a	n/a	n/a	n/a	n/a	n/a	n/a	n/a	n/a	n/a	n/a	n/a	n/a	n/a	n/a	n/a	n/a	n/a	n/a	2645.258947	n/a
2647.290252	0.000000	529458	ttl	2	72	n/a	n/a	n/a	n/a	n/a	n/a	n/a	n/a	n/a	n/a	n/a	n/a	n/a	n/a	n/a	n/a	n/a	n/a	n/a	n/a	n/a	2647.290252	n/a
2649.121799	0.000000	529824	ttl	4	72	n/a	n/a	n/a	n/a	n/a	n/a	n/a	n/a	n/a	n/a	n/a	n/a	n/a	n/a	n/a	n/a	n/a	n/a	n/a	n/a	n/a	2649.121799	n/a
2649.138280	0.000000	529828	ttl	11	72	n/a	n/a	n/a	n/a	n/a	n/a	n/a	n/a	n/a	n/a	n/a	n/a	n/a	n/a	n/a	n/a	n/a	n/a	n/a	n/a	n/a	2649.138280	n/a
2649.780404	2.030794	529956	time_discrimination	n/a	n/a	n/a	72.0	n/a	n/a	n/a	2649.13827975	n/a	3.941514576185	2.0	2	3.0	SB_54_ShortA.png	n/a	2	2655.75271225	n/a	73	1	1	intervals/timediscrimination_table	72	2649.780404	2651.811198
2649.780404	0.000000	529956	ttl	1	72	n/a	n/a	n/a	n/a	n/a	n/a	n/a	n/a	n/a	n/a	n/a	n/a	n/a	n/a	n/a	n/a	n/a	n/a	n/a	n/a	n/a	2649.780404	n/a
2651.811198	0.000000	530362	ttl	2	72	n/a	n/a	n/a	n/a	n/a	n/a	n/a	n/a	n/a	n/a	n/a	n/a	n/a	n/a	n/a	n/a	n/a	n/a	n/a	n/a	n/a	2651.811198	n/a
2655.752712	0.000000	531151	ttl	4	72	n/a	n/a	n/a	n/a	n/a	n/a	n/a	n/a	n/a	n/a	n/a	n/a	n/a	n/a	n/a	n/a	n/a	n/a	n/a	n/a	n/a	2655.752712	n/a
2655.766205	0.000000	531153	ttl	11	72	n/a	n/a	n/a	n/a	n/a	n/a	n/a	n/a	n/a	n/a	n/a	n/a	n/a	n/a	n/a	n/a	n/a	n/a	n/a	n/a	n/a	2655.766205	n/a
2656.368203	2.031342	531274	time_discrimination	n/a	n/a	n/a	72.0	n/a	n/a	n/a	2655.76620525	n/a	2.438480284086836	2.0	1	3.0	NB_17_LongA.png	n/a	2	2660.838025	n/a	74	1	1	intervals/timediscrimination_table	73	2656.368203	2658.399545
2656.368203	0.000000	531274	ttl	1	72	n/a	n/a	n/a	n/a	n/a	n/a	n/a	n/a	n/a	n/a	n/a	n/a	n/a	n/a	n/a	n/a	n/a	n/a	n/a	n/a	n/a	2656.368203	n/a
2658.399545	0.000000	531680	ttl	2	72	n/a	n/a	n/a	n/a	n/a	n/a	n/a	n/a	n/a	n/a	n/a	n/a	n/a	n/a	n/a	n/a	n/a	n/a	n/a	n/a	n/a	2658.399545	n/a
2660.838025	0.000000	532168	ttl	4	72	n/a	n/a	n/a	n/a	n/a	n/a	n/a	n/a	n/a	n/a	n/a	n/a	n/a	n/a	n/a	n/a	n/a	n/a	n/a	n/a	n/a	2660.838025	n/a
2660.848430	0.000000	532170	ttl	11	72	n/a	n/a	n/a	n/a	n/a	n/a	n/a	n/a	n/a	n/a	n/a	n/a	n/a	n/a	n/a	n/a	n/a	n/a	n/a	n/a	n/a	2660.848430	n/a
2661.430300	2.030845	532286	time_discrimination	n/a	n/a	n/a	72.0	n/a	n/a	n/a	2660.84842975	n/a	2.8984428918479352	2.0	2	3.0	SB_32_LongA.png	n/a	2	2666.35958825	n/a	75	1	1	intervals/timediscrimination_table	74	2661.430300	2663.461145
2661.430300	0.000000	532286	ttl	1	72	n/a	n/a	n/a	n/a	n/a	n/a	n/a	n/a	n/a	n/a	n/a	n/a	n/a	n/a	n/a	n/a	n/a	n/a	n/a	n/a	n/a	2661.430300	n/a
2663.461145	0.000000	532692	ttl	2	72	n/a	n/a	n/a	n/a	n/a	n/a	n/a	n/a	n/a	n/a	n/a	n/a	n/a	n/a	n/a	n/a	n/a	n/a	n/a	n/a	n/a	2663.461145	n/a
2666.359588	0.000000	533272	ttl	4	72	n/a	n/a	n/a	n/a	n/a	n/a	n/a	n/a	n/a	n/a	n/a	n/a	n/a	n/a	n/a	n/a	n/a	n/a	n/a	n/a	n/a	2666.359588	n/a
2666.365290	0.000000	533273	ttl	11	72	n/a	n/a	n/a	n/a	n/a	n/a	n/a	n/a	n/a	n/a	n/a	n/a	n/a	n/a	n/a	n/a	n/a	n/a	n/a	n/a	n/a	2666.365290	n/a
2667.007314	2.031346	533401	time_discrimination	n/a	n/a	n/a	72.0	n/a	n/a	n/a	2666.36529025	n/a	0.9985462239733351	1.0	3	2.0	HB_21_LongA.png	n/a	3	2670.0372067499998	n/a	76	1	2	intervals/timediscrimination_table	75	2667.007314	2669.038660
2667.007314	0.000000	533401	ttl	1	72	n/a	n/a	n/a	n/a	n/a	n/a	n/a	n/a	n/a	n/a	n/a	n/a	n/a	n/a	n/a	n/a	n/a	n/a	n/a	n/a	n/a	2667.007314	n/a
2669.038660	0.000000	533808	ttl	2	72	n/a	n/a	n/a	n/a	n/a	n/a	n/a	n/a	n/a	n/a	n/a	n/a	n/a	n/a	n/a	n/a	n/a	n/a	n/a	n/a	n/a	2669.038660	n/a
2670.037207	0.000000	534007	ttl	4	72	n/a	n/a	n/a	n/a	n/a	n/a	n/a	n/a	n/a	n/a	n/a	n/a	n/a	n/a	n/a	n/a	n/a	n/a	n/a	n/a	n/a	2670.037207	n/a
2670.048663	0.000000	534010	ttl	11	72	n/a	n/a	n/a	n/a	n/a	n/a	n/a	n/a	n/a	n/a	n/a	n/a	n/a	n/a	n/a	n/a	n/a	n/a	n/a	n/a	n/a	2670.048663	n/a
2670.731023	2.031133	534146	time_discrimination	n/a	n/a	n/a	72.0	n/a	n/a	n/a	2670.048663	n/a	2.2754255843196916	1.0	3	3.0	HB_28_LongA.png	n/a	2	2675.0375827499997	n/a	77	1	2	intervals/timediscrimination_table	76	2670.731023	2672.762157
2670.731023	0.000000	534146	ttl	1	72	n/a	n/a	n/a	n/a	n/a	n/a	n/a	n/a	n/a	n/a	n/a	n/a	n/a	n/a	n/a	n/a	n/a	n/a	n/a	n/a	n/a	2670.731023	n/a
2672.762157	0.000000	534552	ttl	2	72	n/a	n/a	n/a	n/a	n/a	n/a	n/a	n/a	n/a	n/a	n/a	n/a	n/a	n/a	n/a	n/a	n/a	n/a	n/a	n/a	n/a	2672.762157	n/a
2675.037583	0.000000	535008	ttl	4	72	n/a	n/a	n/a	n/a	n/a	n/a	n/a	n/a	n/a	n/a	n/a	n/a	n/a	n/a	n/a	n/a	n/a	n/a	n/a	n/a	n/a	2675.037583	n/a
2675.059618	0.000000	535012	ttl	11	72	n/a	n/a	n/a	n/a	n/a	n/a	n/a	n/a	n/a	n/a	n/a	n/a	n/a	n/a	n/a	n/a	n/a	n/a	n/a	n/a	n/a	2675.059618	n/a
2675.641441	2.031354	535128	time_discrimination	n/a	n/a	n/a	72.0	n/a	n/a	n/a	2675.05961825	n/a	0.0	1.0	1	0.0	NB_12_LongA.png	n/a	1	2677.6737945	n/a	78	1	2	intervals/timediscrimination_table	77	2675.641441	2677.672794
2675.641441	0.000000	535128	ttl	1	72	n/a	n/a	n/a	n/a	n/a	n/a	n/a	n/a	n/a	n/a	n/a	n/a	n/a	n/a	n/a	n/a	n/a	n/a	n/a	n/a	n/a	2675.641441	n/a
2677.672794	0.000000	535535	ttl	2	72	n/a	n/a	n/a	n/a	n/a	n/a	n/a	n/a	n/a	n/a	n/a	n/a	n/a	n/a	n/a	n/a	n/a	n/a	n/a	n/a	n/a	2677.672794	n/a
2679.207707	0.000000	535842	ttl	11	72	n/a	n/a	n/a	n/a	n/a	n/a	n/a	n/a	n/a	n/a	n/a	n/a	n/a	n/a	n/a	n/a	n/a	n/a	n/a	n/a	n/a	2679.207707	n/a
2679.809731	2.031359	535962	time_discrimination	n/a	n/a	n/a	72.0	n/a	n/a	n/a	2679.20770675	n/a	1.8121354840695858	2.0	2	3.0	SB_16_ShortA.png	n/a	2	2683.65322575	n/a	79	1	1	intervals/timediscrimination_table	78	2679.809731	2681.841090
2679.809731	0.000000	535962	ttl	1	72	n/a	n/a	n/a	n/a	n/a	n/a	n/a	n/a	n/a	n/a	n/a	n/a	n/a	n/a	n/a	n/a	n/a	n/a	n/a	n/a	n/a	2679.809731	n/a
2681.841090	0.000000	536368	ttl	2	72	n/a	n/a	n/a	n/a	n/a	n/a	n/a	n/a	n/a	n/a	n/a	n/a	n/a	n/a	n/a	n/a	n/a	n/a	n/a	n/a	n/a	2681.841090	n/a
2683.653226	0.000000	536731	ttl	4	72	n/a	n/a	n/a	n/a	n/a	n/a	n/a	n/a	n/a	n/a	n/a	n/a	n/a	n/a	n/a	n/a	n/a	n/a	n/a	n/a	n/a	2683.653226	n/a
2683.659394	0.000000	536732	ttl	11	72	n/a	n/a	n/a	n/a	n/a	n/a	n/a	n/a	n/a	n/a	n/a	n/a	n/a	n/a	n/a	n/a	n/a	n/a	n/a	n/a	n/a	2683.659394	n/a
2684.281478	2.031443	536856	time_discrimination	n/a	n/a	n/a	72.0	n/a	n/a	n/a	2683.6593935	n/a	2.388213697088304	2.0	1	2.0	NB_20_LongA.png	n/a	3	2688.7011345	n/a	80	1	1	intervals/timediscrimination_table	79	2684.281478	2686.312921
2684.281478	0.000000	536856	ttl	1	72	n/a	n/a	n/a	n/a	n/a	n/a	n/a	n/a	n/a	n/a	n/a	n/a	n/a	n/a	n/a	n/a	n/a	n/a	n/a	n/a	n/a	2684.281478	n/a
2686.312921	0.000000	537263	ttl	2	72	n/a	n/a	n/a	n/a	n/a	n/a	n/a	n/a	n/a	n/a	n/a	n/a	n/a	n/a	n/a	n/a	n/a	n/a	n/a	n/a	n/a	2686.312921	n/a
2688.701135	0.000000	537740	ttl	4	72	n/a	n/a	n/a	n/a	n/a	n/a	n/a	n/a	n/a	n/a	n/a	n/a	n/a	n/a	n/a	n/a	n/a	n/a	n/a	n/a	n/a	2688.701135	n/a
2688.716292	0.000000	537743	ttl	11	72	n/a	n/a	n/a	n/a	n/a	n/a	n/a	n/a	n/a	n/a	n/a	n/a	n/a	n/a	n/a	n/a	n/a	n/a	n/a	n/a	n/a	2688.716292	n/a
2689.318264	2.031351	537864	time_discrimination	n/a	n/a	n/a	72.0	n/a	n/a	n/a	2688.716292	n/a	1.5129016872256216	2.0	1	2.0	NB_5_LongA.png	n/a	3	2692.862517	n/a	81	1	1	intervals/timediscrimination_table	80	2689.318264	2691.349615
2689.318264	0.000000	537864	ttl	1	72	n/a	n/a	n/a	n/a	n/a	n/a	n/a	n/a	n/a	n/a	n/a	n/a	n/a	n/a	n/a	n/a	n/a	n/a	n/a	n/a	n/a	2689.318264	n/a
2691.349615	0.000000	538270	ttl	2	72	n/a	n/a	n/a	n/a	n/a	n/a	n/a	n/a	n/a	n/a	n/a	n/a	n/a	n/a	n/a	n/a	n/a	n/a	n/a	n/a	n/a	2691.349615	n/a
2692.862517	0.000000	538573	ttl	4	72	n/a	n/a	n/a	n/a	n/a	n/a	n/a	n/a	n/a	n/a	n/a	n/a	n/a	n/a	n/a	n/a	n/a	n/a	n/a	n/a	n/a	2692.862517	n/a
2692.870789	0.000000	538574	ttl	11	72	n/a	n/a	n/a	n/a	n/a	n/a	n/a	n/a	n/a	n/a	n/a	n/a	n/a	n/a	n/a	n/a	n/a	n/a	n/a	n/a	n/a	2692.870789	n/a
2693.532937	2.031438	538707	time_discrimination	n/a	n/a	n/a	72.0	n/a	n/a	n/a	2692.870789	n/a	1.2825091122058438	1.0	1	2.0	NB_5_ShortA.png	n/a	3	2696.84688475	n/a	82	1	2	intervals/timediscrimination_table	81	2693.532937	2695.564376
2693.532937	0.000000	538707	ttl	1	72	n/a	n/a	n/a	n/a	n/a	n/a	n/a	n/a	n/a	n/a	n/a	n/a	n/a	n/a	n/a	n/a	n/a	n/a	n/a	n/a	n/a	2693.532937	n/a
2695.564376	0.000000	539113	ttl	2	72	n/a	n/a	n/a	n/a	n/a	n/a	n/a	n/a	n/a	n/a	n/a	n/a	n/a	n/a	n/a	n/a	n/a	n/a	n/a	n/a	n/a	2695.564376	n/a
2696.846885	0.000000	539369	ttl	4	72	n/a	n/a	n/a	n/a	n/a	n/a	n/a	n/a	n/a	n/a	n/a	n/a	n/a	n/a	n/a	n/a	n/a	n/a	n/a	n/a	n/a	2696.846885	n/a
2696.860232	0.000000	539372	ttl	11	72	n/a	n/a	n/a	n/a	n/a	n/a	n/a	n/a	n/a	n/a	n/a	n/a	n/a	n/a	n/a	n/a	n/a	n/a	n/a	n/a	n/a	2696.860232	n/a
2697.482322	2.031318	539496	time_discrimination	n/a	n/a	n/a	72.0	n/a	n/a	n/a	2696.860232	n/a	3.1590892430544955	2.0	3	3.0	HB_32_ShortA.png	n/a	2	2702.6727284999997	n/a	83	1	1	intervals/timediscrimination_table	82	2697.482322	2699.513639
2697.482322	0.000000	539496	ttl	1	72	n/a	n/a	n/a	n/a	n/a	n/a	n/a	n/a	n/a	n/a	n/a	n/a	n/a	n/a	n/a	n/a	n/a	n/a	n/a	n/a	n/a	2697.482322	n/a
2699.513639	0.000000	539903	ttl	2	72	n/a	n/a	n/a	n/a	n/a	n/a	n/a	n/a	n/a	n/a	n/a	n/a	n/a	n/a	n/a	n/a	n/a	n/a	n/a	n/a	n/a	2699.513639	n/a
2702.672728	0.000000	540535	ttl	4	72	n/a	n/a	n/a	n/a	n/a	n/a	n/a	n/a	n/a	n/a	n/a	n/a	n/a	n/a	n/a	n/a	n/a	n/a	n/a	n/a	n/a	2702.672728	n/a
2702.679593	0.000000	540536	ttl	11	72	n/a	n/a	n/a	n/a	n/a	n/a	n/a	n/a	n/a	n/a	n/a	n/a	n/a	n/a	n/a	n/a	n/a	n/a	n/a	n/a	n/a	2702.679593	n/a
2703.281557	2.031373	540656	time_discrimination	n/a	n/a	n/a	72.0	n/a	n/a	n/a	2702.6795927499998	n/a	0.42234123671505586	2.0	3	3.0	HB_46_LongA.png	n/a	2	2705.73527125	n/a	84	1	1	intervals/timediscrimination_table	83	2703.281557	2705.312930
2703.281557	0.000000	540656	ttl	1	72	n/a	n/a	n/a	n/a	n/a	n/a	n/a	n/a	n/a	n/a	n/a	n/a	n/a	n/a	n/a	n/a	n/a	n/a	n/a	n/a	n/a	2703.281557	n/a
2705.312930	0.000000	541063	ttl	2	72	n/a	n/a	n/a	n/a	n/a	n/a	n/a	n/a	n/a	n/a	n/a	n/a	n/a	n/a	n/a	n/a	n/a	n/a	n/a	n/a	n/a	2705.312930	n/a
2705.735271	0.000000	541147	ttl	4	72	n/a	n/a	n/a	n/a	n/a	n/a	n/a	n/a	n/a	n/a	n/a	n/a	n/a	n/a	n/a	n/a	n/a	n/a	n/a	n/a	n/a	2705.735271	n/a
2705.744007	0.000000	541149	ttl	11	72	n/a	n/a	n/a	n/a	n/a	n/a	n/a	n/a	n/a	n/a	n/a	n/a	n/a	n/a	n/a	n/a	n/a	n/a	n/a	n/a	n/a	2705.744007	n/a
2706.306036	2.031174	541261	time_discrimination	n/a	n/a	n/a	72.0	n/a	n/a	n/a	2705.7440065	n/a	2.567625863452122	2.0	3	1.0	HB_58_LongA.png	n/a	4	2710.90483525	n/a	85	1	1	intervals/timediscrimination_table	84	2706.306036	2708.337209
2706.306036	0.000000	541261	ttl	1	72	n/a	n/a	n/a	n/a	n/a	n/a	n/a	n/a	n/a	n/a	n/a	n/a	n/a	n/a	n/a	n/a	n/a	n/a	n/a	n/a	n/a	2706.306036	n/a
2708.337209	0.000000	541667	ttl	2	72	n/a	n/a	n/a	n/a	n/a	n/a	n/a	n/a	n/a	n/a	n/a	n/a	n/a	n/a	n/a	n/a	n/a	n/a	n/a	n/a	n/a	2708.337209	n/a
2710.904835	0.000000	542181	ttl	4	72	n/a	n/a	n/a	n/a	n/a	n/a	n/a	n/a	n/a	n/a	n/a	n/a	n/a	n/a	n/a	n/a	n/a	n/a	n/a	n/a	n/a	2710.904835	n/a
2710.927577	0.000000	542186	ttl	11	72	n/a	n/a	n/a	n/a	n/a	n/a	n/a	n/a	n/a	n/a	n/a	n/a	n/a	n/a	n/a	n/a	n/a	n/a	n/a	n/a	n/a	2710.927577	n/a
2711.549518	2.031424	542310	time_discrimination	n/a	n/a	n/a	72.0	n/a	n/a	n/a	2710.92757675	n/a	0.9239859253389113	2.0	1	2.0	NB_11_ShortA.png	n/a	6	2714.5049277499998	n/a	86	2	2	intervals/timediscrimination_table	85	2711.549518	2713.580942
2711.549518	0.000000	542310	ttl	1	72	n/a	n/a	n/a	n/a	n/a	n/a	n/a	n/a	n/a	n/a	n/a	n/a	n/a	n/a	n/a	n/a	n/a	n/a	n/a	n/a	n/a	2711.549518	n/a
2713.580942	0.000000	542716	ttl	2	72	n/a	n/a	n/a	n/a	n/a	n/a	n/a	n/a	n/a	n/a	n/a	n/a	n/a	n/a	n/a	n/a	n/a	n/a	n/a	n/a	n/a	2713.580942	n/a
2714.504928	0.000000	542901	ttl	4	72	n/a	n/a	n/a	n/a	n/a	n/a	n/a	n/a	n/a	n/a	n/a	n/a	n/a	n/a	n/a	n/a	n/a	n/a	n/a	n/a	n/a	2714.504928	n/a
2714.515659	0.000000	542903	ttl	11	72	n/a	n/a	n/a	n/a	n/a	n/a	n/a	n/a	n/a	n/a	n/a	n/a	n/a	n/a	n/a	n/a	n/a	n/a	n/a	n/a	n/a	2714.515659	n/a
2715.157997	2.031635	543032	time_discrimination	n/a	n/a	n/a	72.0	n/a	n/a	n/a	2714.5156592499998	n/a	0.13578681719081942	2.0	3	2.0	HB_54_LongA.png	n/a	6	2717.325418	n/a	87	2	2	intervals/timediscrimination_table	86	2715.157997	2717.189631
2715.157997	0.000000	543032	ttl	1	72	n/a	n/a	n/a	n/a	n/a	n/a	n/a	n/a	n/a	n/a	n/a	n/a	n/a	n/a	n/a	n/a	n/a	n/a	n/a	n/a	n/a	2715.157997	n/a
2717.189631	0.000000	543438	ttl	2	72	n/a	n/a	n/a	n/a	n/a	n/a	n/a	n/a	n/a	n/a	n/a	n/a	n/a	n/a	n/a	n/a	n/a	n/a	n/a	n/a	n/a	2717.189631	n/a
2717.325418	0.000000	543465	ttl	4	72	n/a	n/a	n/a	n/a	n/a	n/a	n/a	n/a	n/a	n/a	n/a	n/a	n/a	n/a	n/a	n/a	n/a	n/a	n/a	n/a	n/a	2717.325418	n/a
2717.333726	0.000000	543467	ttl	11	72	n/a	n/a	n/a	n/a	n/a	n/a	n/a	n/a	n/a	n/a	n/a	n/a	n/a	n/a	n/a	n/a	n/a	n/a	n/a	n/a	n/a	2717.333726	n/a
2717.976030	2.031149	543595	time_discrimination	n/a	n/a	n/a	72.0	n/a	n/a	n/a	2717.3337257499998	n/a	0.6461170817619859	2.0	2	3.0	SB_20_LongA.png	n/a	2	2720.6532952499997	n/a	88	1	1	intervals/timediscrimination_table	87	2717.976030	2720.007178
2717.976030	0.000000	543595	ttl	1	72	n/a	n/a	n/a	n/a	n/a	n/a	n/a	n/a	n/a	n/a	n/a	n/a	n/a	n/a	n/a	n/a	n/a	n/a	n/a	n/a	n/a	2717.976030	n/a
2720.007178	0.000000	544001	ttl	2	72	n/a	n/a	n/a	n/a	n/a	n/a	n/a	n/a	n/a	n/a	n/a	n/a	n/a	n/a	n/a	n/a	n/a	n/a	n/a	n/a	n/a	2720.007178	n/a
2720.653295	0.000000	544131	ttl	4	72	n/a	n/a	n/a	n/a	n/a	n/a	n/a	n/a	n/a	n/a	n/a	n/a	n/a	n/a	n/a	n/a	n/a	n/a	n/a	n/a	n/a	2720.653295	n/a
2720.674699	0.000000	544135	ttl	11	72	n/a	n/a	n/a	n/a	n/a	n/a	n/a	n/a	n/a	n/a	n/a	n/a	n/a	n/a	n/a	n/a	n/a	n/a	n/a	n/a	n/a	2720.674699	n/a
2721.316830	2.031340	544263	time_discrimination	n/a	n/a	n/a	72.0	n/a	n/a	n/a	2720.67469925	n/a	2.2907594638013506	1.0	1	3.0	NB_16_LongA.png	n/a	7	2725.6389302499997	n/a	89	2	1	intervals/timediscrimination_table	88	2721.316830	2723.348171
2721.316830	0.000000	544263	ttl	1	72	n/a	n/a	n/a	n/a	n/a	n/a	n/a	n/a	n/a	n/a	n/a	n/a	n/a	n/a	n/a	n/a	n/a	n/a	n/a	n/a	n/a	2721.316830	n/a
2723.348171	0.000000	544670	ttl	2	72	n/a	n/a	n/a	n/a	n/a	n/a	n/a	n/a	n/a	n/a	n/a	n/a	n/a	n/a	n/a	n/a	n/a	n/a	n/a	n/a	n/a	2723.348171	n/a
2725.638930	0.000000	545128	ttl	4	72	n/a	n/a	n/a	n/a	n/a	n/a	n/a	n/a	n/a	n/a	n/a	n/a	n/a	n/a	n/a	n/a	n/a	n/a	n/a	n/a	n/a	2725.638930	n/a
2725.650385	0.000000	545130	ttl	11	72	n/a	n/a	n/a	n/a	n/a	n/a	n/a	n/a	n/a	n/a	n/a	n/a	n/a	n/a	n/a	n/a	n/a	n/a	n/a	n/a	n/a	2725.650385	n/a
2726.292567	2.031334	545259	time_discrimination	n/a	n/a	n/a	72.0	n/a	n/a	n/a	2725.650385	n/a	1.9292877168395535	1.0	3	3.0	HB_10_LongA.png	n/a	7	2730.2531894999997	n/a	90	2	1	intervals/timediscrimination_table	89	2726.292567	2728.323902
2726.292567	0.000000	545259	ttl	1	72	n/a	n/a	n/a	n/a	n/a	n/a	n/a	n/a	n/a	n/a	n/a	n/a	n/a	n/a	n/a	n/a	n/a	n/a	n/a	n/a	n/a	2726.292567	n/a
2728.323902	0.000000	545665	ttl	2	72	n/a	n/a	n/a	n/a	n/a	n/a	n/a	n/a	n/a	n/a	n/a	n/a	n/a	n/a	n/a	n/a	n/a	n/a	n/a	n/a	n/a	2728.323902	n/a
2730.253189	0.000000	546051	ttl	4	72	n/a	n/a	n/a	n/a	n/a	n/a	n/a	n/a	n/a	n/a	n/a	n/a	n/a	n/a	n/a	n/a	n/a	n/a	n/a	n/a	n/a	2730.253189	n/a
2730.272803	0.000000	546055	ttl	11	72	n/a	n/a	n/a	n/a	n/a	n/a	n/a	n/a	n/a	n/a	n/a	n/a	n/a	n/a	n/a	n/a	n/a	n/a	n/a	n/a	n/a	2730.272803	n/a
2730.874831	2.031088	546175	time_discrimination	n/a	n/a	n/a	72.0	n/a	n/a	n/a	2730.27280325	n/a	0.8900137176856333	2.0	1	3.0	NB_15_LongA.png	n/a	7	2733.79593275	n/a	91	2	2	intervals/timediscrimination_table	90	2730.874831	2732.905919
2730.874831	0.000000	546175	ttl	1	72	n/a	n/a	n/a	n/a	n/a	n/a	n/a	n/a	n/a	n/a	n/a	n/a	n/a	n/a	n/a	n/a	n/a	n/a	n/a	n/a	n/a	2730.874831	n/a
2732.905919	0.000000	546581	ttl	2	72	n/a	n/a	n/a	n/a	n/a	n/a	n/a	n/a	n/a	n/a	n/a	n/a	n/a	n/a	n/a	n/a	n/a	n/a	n/a	n/a	n/a	2732.905919	n/a
2733.795933	0.000000	546759	ttl	4	72	n/a	n/a	n/a	n/a	n/a	n/a	n/a	n/a	n/a	n/a	n/a	n/a	n/a	n/a	n/a	n/a	n/a	n/a	n/a	n/a	n/a	2733.795933	n/a
2733.809406	0.000000	546762	ttl	11	72	n/a	n/a	n/a	n/a	n/a	n/a	n/a	n/a	n/a	n/a	n/a	n/a	n/a	n/a	n/a	n/a	n/a	n/a	n/a	n/a	n/a	2733.809406	n/a
2734.471804	2.030993	546894	time_discrimination	n/a	n/a	n/a	72.0	n/a	n/a	n/a	2733.809406	n/a	1.5275966072204028	2.0	2	3.0	SB_4_LongA.png	n/a	2	2738.03039325	n/a	92	1	1	intervals/timediscrimination_table	91	2734.471804	2736.502796
2734.471804	0.000000	546894	ttl	1	72	n/a	n/a	n/a	n/a	n/a	n/a	n/a	n/a	n/a	n/a	n/a	n/a	n/a	n/a	n/a	n/a	n/a	n/a	n/a	n/a	n/a	2734.471804	n/a
2736.502796	0.000000	547301	ttl	2	72	n/a	n/a	n/a	n/a	n/a	n/a	n/a	n/a	n/a	n/a	n/a	n/a	n/a	n/a	n/a	n/a	n/a	n/a	n/a	n/a	n/a	2736.502796	n/a
2738.030393	0.000000	547606	ttl	4	72	n/a	n/a	n/a	n/a	n/a	n/a	n/a	n/a	n/a	n/a	n/a	n/a	n/a	n/a	n/a	n/a	n/a	n/a	n/a	n/a	n/a	2738.030393	n/a
2738.054395	0.000000	547611	ttl	11	72	n/a	n/a	n/a	n/a	n/a	n/a	n/a	n/a	n/a	n/a	n/a	n/a	n/a	n/a	n/a	n/a	n/a	n/a	n/a	n/a	n/a	2738.054395	n/a
2738.696530	2.031287	547739	time_discrimination	n/a	n/a	n/a	72.0	n/a	n/a	n/a	2738.0543955	n/a	1.4639031506285392	2.0	1	2.0	NB_4_ShortA.png	n/a	3	2742.1917197499997	n/a	93	1	1	intervals/timediscrimination_table	92	2738.696530	2740.727816
2738.696530	0.000000	547739	ttl	1	72	n/a	n/a	n/a	n/a	n/a	n/a	n/a	n/a	n/a	n/a	n/a	n/a	n/a	n/a	n/a	n/a	n/a	n/a	n/a	n/a	n/a	2738.696530	n/a
2740.727816	0.000000	548146	ttl	2	72	n/a	n/a	n/a	n/a	n/a	n/a	n/a	n/a	n/a	n/a	n/a	n/a	n/a	n/a	n/a	n/a	n/a	n/a	n/a	n/a	n/a	2740.727816	n/a
2742.191720	0.000000	548438	ttl	4	72	n/a	n/a	n/a	n/a	n/a	n/a	n/a	n/a	n/a	n/a	n/a	n/a	n/a	n/a	n/a	n/a	n/a	n/a	n/a	n/a	n/a	2742.191720	n/a
2742.210069	0.000000	548442	ttl	11	72	n/a	n/a	n/a	n/a	n/a	n/a	n/a	n/a	n/a	n/a	n/a	n/a	n/a	n/a	n/a	n/a	n/a	n/a	n/a	n/a	n/a	2742.210069	n/a
2742.852134	2.031086	548570	time_discrimination	n/a	n/a	n/a	72.0	n/a	n/a	n/a	2742.2100685	n/a	2.514422951908273	2.0	3	2.0	HB_6_LongA.png	n/a	3	2747.39764375	n/a	94	1	1	intervals/timediscrimination_table	93	2742.852134	2744.883221
2742.852134	0.000000	548570	ttl	1	72	n/a	n/a	n/a	n/a	n/a	n/a	n/a	n/a	n/a	n/a	n/a	n/a	n/a	n/a	n/a	n/a	n/a	n/a	n/a	n/a	n/a	2742.852134	n/a
2744.883221	0.000000	548977	ttl	2	72	n/a	n/a	n/a	n/a	n/a	n/a	n/a	n/a	n/a	n/a	n/a	n/a	n/a	n/a	n/a	n/a	n/a	n/a	n/a	n/a	n/a	2744.883221	n/a
2747.397644	0.000000	549480	ttl	4	72	n/a	n/a	n/a	n/a	n/a	n/a	n/a	n/a	n/a	n/a	n/a	n/a	n/a	n/a	n/a	n/a	n/a	n/a	n/a	n/a	n/a	2747.397644	n/a
2747.413489	0.000000	549483	ttl	11	72	n/a	n/a	n/a	n/a	n/a	n/a	n/a	n/a	n/a	n/a	n/a	n/a	n/a	n/a	n/a	n/a	n/a	n/a	n/a	n/a	n/a	2747.413489	n/a
2748.075673	2.031311	549615	time_discrimination	n/a	n/a	n/a	72.0	n/a	n/a	n/a	2747.4134894999997	n/a	0.7521977618416713	1.0	2	3.0	SB_5_ShortA.png	n/a	2	2750.85918225	n/a	95	1	2	intervals/timediscrimination_table	94	2748.075673	2750.106984
2748.075673	0.000000	549615	ttl	1	72	n/a	n/a	n/a	n/a	n/a	n/a	n/a	n/a	n/a	n/a	n/a	n/a	n/a	n/a	n/a	n/a	n/a	n/a	n/a	n/a	n/a	2748.075673	n/a
2750.106984	0.000000	550021	ttl	2	72	n/a	n/a	n/a	n/a	n/a	n/a	n/a	n/a	n/a	n/a	n/a	n/a	n/a	n/a	n/a	n/a	n/a	n/a	n/a	n/a	n/a	2750.106984	n/a
2750.859182	0.000000	550172	ttl	4	72	n/a	n/a	n/a	n/a	n/a	n/a	n/a	n/a	n/a	n/a	n/a	n/a	n/a	n/a	n/a	n/a	n/a	n/a	n/a	n/a	n/a	2750.859182	n/a
2750.868448	0.000000	550174	ttl	11	72	n/a	n/a	n/a	n/a	n/a	n/a	n/a	n/a	n/a	n/a	n/a	n/a	n/a	n/a	n/a	n/a	n/a	n/a	n/a	n/a	n/a	2750.868448	n/a
2751.470235	2.031543	550294	time_discrimination	n/a	n/a	n/a	72.0	n/a	n/a	n/a	2750.8684479999997	n/a	0.763387729178703	2.0	3	2.0	HB_44_LongA.png	n/a	3	2754.2651665	n/a	96	1	1	intervals/timediscrimination_table	95	2751.470235	2753.501779
2751.470235	0.000000	550294	ttl	1	72	n/a	n/a	n/a	n/a	n/a	n/a	n/a	n/a	n/a	n/a	n/a	n/a	n/a	n/a	n/a	n/a	n/a	n/a	n/a	n/a	n/a	2751.470235	n/a
2753.501779	0.000000	550700	ttl	2	72	n/a	n/a	n/a	n/a	n/a	n/a	n/a	n/a	n/a	n/a	n/a	n/a	n/a	n/a	n/a	n/a	n/a	n/a	n/a	n/a	n/a	2753.501779	n/a
2754.265166	0.000000	550853	ttl	4	72	n/a	n/a	n/a	n/a	n/a	n/a	n/a	n/a	n/a	n/a	n/a	n/a	n/a	n/a	n/a	n/a	n/a	n/a	n/a	n/a	n/a	2754.265166	n/a
2754.278351	0.000000	550856	ttl	11	72	n/a	n/a	n/a	n/a	n/a	n/a	n/a	n/a	n/a	n/a	n/a	n/a	n/a	n/a	n/a	n/a	n/a	n/a	n/a	n/a	n/a	2754.278351	n/a
2754.920501	2.030706	550984	time_discrimination	n/a	n/a	n/a	72.0	n/a	n/a	n/a	2754.27835125	n/a	2.8150060895577553	1.0	3	2.0	HB_16_ShortA.png	n/a	3	2759.76621325	n/a	97	1	2	intervals/timediscrimination_table	96	2754.920501	2756.951207
2754.920501	0.000000	550984	ttl	1	72	n/a	n/a	n/a	n/a	n/a	n/a	n/a	n/a	n/a	n/a	n/a	n/a	n/a	n/a	n/a	n/a	n/a	n/a	n/a	n/a	n/a	2754.920501	n/a
2756.951207	0.000000	551390	ttl	2	72	n/a	n/a	n/a	n/a	n/a	n/a	n/a	n/a	n/a	n/a	n/a	n/a	n/a	n/a	n/a	n/a	n/a	n/a	n/a	n/a	n/a	2756.951207	n/a
2759.766213	0.000000	551953	ttl	4	72	n/a	n/a	n/a	n/a	n/a	n/a	n/a	n/a	n/a	n/a	n/a	n/a	n/a	n/a	n/a	n/a	n/a	n/a	n/a	n/a	n/a	2759.766213	n/a
2759.774456	0.000000	551955	ttl	11	72	n/a	n/a	n/a	n/a	n/a	n/a	n/a	n/a	n/a	n/a	n/a	n/a	n/a	n/a	n/a	n/a	n/a	n/a	n/a	n/a	n/a	2759.774456	n/a
2760.416665	2.031263	552083	time_discrimination	n/a	n/a	n/a	72.0	n/a	n/a	n/a	2759.77445575	n/a	4.593635807657392	1.0	2	3.0	SB_9_LongA.png	n/a	2	2767.0415635	n/a	98	1	2	intervals/timediscrimination_table	97	2760.416665	2762.447928
2760.416665	0.000000	552083	ttl	1	72	n/a	n/a	n/a	n/a	n/a	n/a	n/a	n/a	n/a	n/a	n/a	n/a	n/a	n/a	n/a	n/a	n/a	n/a	n/a	n/a	n/a	2760.416665	n/a
2762.447928	0.000000	552490	ttl	2	72	n/a	n/a	n/a	n/a	n/a	n/a	n/a	n/a	n/a	n/a	n/a	n/a	n/a	n/a	n/a	n/a	n/a	n/a	n/a	n/a	n/a	2762.447928	n/a
2767.041563	0.000000	553408	ttl	4	72	n/a	n/a	n/a	n/a	n/a	n/a	n/a	n/a	n/a	n/a	n/a	n/a	n/a	n/a	n/a	n/a	n/a	n/a	n/a	n/a	n/a	2767.041563	n/a
2767.057271	0.000000	553411	ttl	11	72	n/a	n/a	n/a	n/a	n/a	n/a	n/a	n/a	n/a	n/a	n/a	n/a	n/a	n/a	n/a	n/a	n/a	n/a	n/a	n/a	n/a	2767.057271	n/a
2767.739501	2.031365	553548	time_discrimination	n/a	n/a	n/a	72.0	n/a	n/a	n/a	2767.0572709999997	n/a	1.7809454322368765	1.0	2	3.0	SB_11_LongA.png	n/a	2	2771.55181175	n/a	99	1	2	intervals/timediscrimination_table	98	2767.739501	2769.770867
2767.739501	0.000000	553548	ttl	1	72	n/a	n/a	n/a	n/a	n/a	n/a	n/a	n/a	n/a	n/a	n/a	n/a	n/a	n/a	n/a	n/a	n/a	n/a	n/a	n/a	n/a	2767.739501	n/a
2769.770867	0.000000	553954	ttl	2	72	n/a	n/a	n/a	n/a	n/a	n/a	n/a	n/a	n/a	n/a	n/a	n/a	n/a	n/a	n/a	n/a	n/a	n/a	n/a	n/a	n/a	2769.770867	n/a
2771.551812	0.000000	554310	ttl	4	72	n/a	n/a	n/a	n/a	n/a	n/a	n/a	n/a	n/a	n/a	n/a	n/a	n/a	n/a	n/a	n/a	n/a	n/a	n/a	n/a	n/a	2771.551812	n/a
2771.559341	0.000000	554312	ttl	11	72	n/a	n/a	n/a	n/a	n/a	n/a	n/a	n/a	n/a	n/a	n/a	n/a	n/a	n/a	n/a	n/a	n/a	n/a	n/a	n/a	n/a	2771.559341	n/a
2772.141142	2.031526	554428	time_discrimination	n/a	n/a	n/a	72.0	n/a	n/a	n/a	2771.55934075	n/a	2.352141102258429	2.0	3	2.0	HB_38_LongA.png	n/a	3	2776.52480975	n/a	100	1	1	intervals/timediscrimination_table	99	2772.141142	2774.172668
2772.141142	0.000000	554428	ttl	1	72	n/a	n/a	n/a	n/a	n/a	n/a	n/a	n/a	n/a	n/a	n/a	n/a	n/a	n/a	n/a	n/a	n/a	n/a	n/a	n/a	n/a	2772.141142	n/a
2774.172668	0.000000	554835	ttl	2	72	n/a	n/a	n/a	n/a	n/a	n/a	n/a	n/a	n/a	n/a	n/a	n/a	n/a	n/a	n/a	n/a	n/a	n/a	n/a	n/a	n/a	2774.172668	n/a
2776.524810	0.000000	555305	ttl	4	72	n/a	n/a	n/a	n/a	n/a	n/a	n/a	n/a	n/a	n/a	n/a	n/a	n/a	n/a	n/a	n/a	n/a	n/a	n/a	n/a	n/a	2776.524810	n/a
2776.532322	0.000000	555306	ttl	11	72	n/a	n/a	n/a	n/a	n/a	n/a	n/a	n/a	n/a	n/a	n/a	n/a	n/a	n/a	n/a	n/a	n/a	n/a	n/a	n/a	n/a	2776.532322	n/a
2777.114282	2.031523	555423	time_discrimination	n/a	n/a	n/a	72.0	n/a	n/a	n/a	2776.5323222499997	n/a	1.1957340610188112	2.0	1	2.0	NB_12_ShortA.png	n/a	3	2780.34153925	n/a	101	1	1	intervals/timediscrimination_table	100	2777.114282	2779.145805
2777.114282	0.000000	555423	ttl	1	72	n/a	n/a	n/a	n/a	n/a	n/a	n/a	n/a	n/a	n/a	n/a	n/a	n/a	n/a	n/a	n/a	n/a	n/a	n/a	n/a	n/a	2777.114282	n/a
2779.145805	0.000000	555829	ttl	2	72	n/a	n/a	n/a	n/a	n/a	n/a	n/a	n/a	n/a	n/a	n/a	n/a	n/a	n/a	n/a	n/a	n/a	n/a	n/a	n/a	n/a	2779.145805	n/a
2780.341539	0.000000	556068	ttl	4	72	n/a	n/a	n/a	n/a	n/a	n/a	n/a	n/a	n/a	n/a	n/a	n/a	n/a	n/a	n/a	n/a	n/a	n/a	n/a	n/a	n/a	2780.341539	n/a
2780.348184	0.000000	556070	ttl	11	72	n/a	n/a	n/a	n/a	n/a	n/a	n/a	n/a	n/a	n/a	n/a	n/a	n/a	n/a	n/a	n/a	n/a	n/a	n/a	n/a	n/a	2780.348184	n/a
2780.970410	2.031310	556194	time_discrimination	n/a	n/a	n/a	72.0	n/a	n/a	n/a	2780.3481844999997	n/a	2.1438100695108915	1.0	2	3.0	SB_51_ShortA.png	n/a	2	2785.1455295	n/a	102	1	2	intervals/timediscrimination_table	101	2780.970410	2783.001720
2780.970410	0.000000	556194	ttl	1	72	n/a	n/a	n/a	n/a	n/a	n/a	n/a	n/a	n/a	n/a	n/a	n/a	n/a	n/a	n/a	n/a	n/a	n/a	n/a	n/a	n/a	2780.970410	n/a
2783.001720	0.000000	556600	ttl	2	72	n/a	n/a	n/a	n/a	n/a	n/a	n/a	n/a	n/a	n/a	n/a	n/a	n/a	n/a	n/a	n/a	n/a	n/a	n/a	n/a	n/a	2783.001720	n/a
2785.145530	0.000000	557029	ttl	4	72	n/a	n/a	n/a	n/a	n/a	n/a	n/a	n/a	n/a	n/a	n/a	n/a	n/a	n/a	n/a	n/a	n/a	n/a	n/a	n/a	n/a	2785.145530	n/a
2785.162850	0.000000	557033	ttl	11	72	n/a	n/a	n/a	n/a	n/a	n/a	n/a	n/a	n/a	n/a	n/a	n/a	n/a	n/a	n/a	n/a	n/a	n/a	n/a	n/a	n/a	2785.162850	n/a
2785.744849	2.031073	557149	time_discrimination	n/a	n/a	n/a	72.0	n/a	n/a	n/a	2785.1628499999997	n/a	2.9808476861421696	1.0	3	3.0	HB_51_ShortA.png	n/a	2	2790.75677	n/a	103	1	2	intervals/timediscrimination_table	102	2785.744849	2787.775922
2785.744849	0.000000	557149	ttl	1	72	n/a	n/a	n/a	n/a	n/a	n/a	n/a	n/a	n/a	n/a	n/a	n/a	n/a	n/a	n/a	n/a	n/a	n/a	n/a	n/a	n/a	2785.744849	n/a
2787.775922	0.000000	557555	ttl	2	72	n/a	n/a	n/a	n/a	n/a	n/a	n/a	n/a	n/a	n/a	n/a	n/a	n/a	n/a	n/a	n/a	n/a	n/a	n/a	n/a	n/a	2787.775922	n/a
2790.756770	0.000000	558151	ttl	4	72	n/a	n/a	n/a	n/a	n/a	n/a	n/a	n/a	n/a	n/a	n/a	n/a	n/a	n/a	n/a	n/a	n/a	n/a	n/a	n/a	n/a	2790.756770	n/a
2790.773527	0.000000	558155	ttl	11	72	n/a	n/a	n/a	n/a	n/a	n/a	n/a	n/a	n/a	n/a	n/a	n/a	n/a	n/a	n/a	n/a	n/a	n/a	n/a	n/a	n/a	2790.773527	n/a
2791.335366	2.031078	558267	time_discrimination	n/a	n/a	n/a	72.0	n/a	n/a	n/a	2790.7735267499997	n/a	2.588155899296453	1.0	3	2.0	HB_47_LongA.png	n/a	3	2795.9545995	n/a	104	1	2	intervals/timediscrimination_table	103	2791.335366	2793.366444
2791.335366	0.000000	558267	ttl	1	72	n/a	n/a	n/a	n/a	n/a	n/a	n/a	n/a	n/a	n/a	n/a	n/a	n/a	n/a	n/a	n/a	n/a	n/a	n/a	n/a	n/a	2791.335366	n/a
2793.366444	0.000000	558673	ttl	2	72	n/a	n/a	n/a	n/a	n/a	n/a	n/a	n/a	n/a	n/a	n/a	n/a	n/a	n/a	n/a	n/a	n/a	n/a	n/a	n/a	n/a	2793.366444	n/a
2795.954599	0.000000	559191	ttl	4	72	n/a	n/a	n/a	n/a	n/a	n/a	n/a	n/a	n/a	n/a	n/a	n/a	n/a	n/a	n/a	n/a	n/a	n/a	n/a	n/a	n/a	2795.954599	n/a
2795.976520	0.000000	559195	ttl	11	72	n/a	n/a	n/a	n/a	n/a	n/a	n/a	n/a	n/a	n/a	n/a	n/a	n/a	n/a	n/a	n/a	n/a	n/a	n/a	n/a	n/a	2795.976520	n/a
2796.578542	2.031415	559316	time_discrimination	n/a	n/a	n/a	72.0	n/a	n/a	n/a	2795.9765199999997	n/a	1.8119035012132372	1.0	3	2.0	HB_20_LongA.png	n/a	3	2800.42185975	n/a	105	1	2	intervals/timediscrimination_table	104	2796.578542	2798.609956
2796.578542	0.000000	559316	ttl	1	72	n/a	n/a	n/a	n/a	n/a	n/a	n/a	n/a	n/a	n/a	n/a	n/a	n/a	n/a	n/a	n/a	n/a	n/a	n/a	n/a	n/a	2796.578542	n/a
2798.609956	0.000000	559722	ttl	2	72	n/a	n/a	n/a	n/a	n/a	n/a	n/a	n/a	n/a	n/a	n/a	n/a	n/a	n/a	n/a	n/a	n/a	n/a	n/a	n/a	n/a	2798.609956	n/a
2800.421860	0.000000	560084	ttl	4	72	n/a	n/a	n/a	n/a	n/a	n/a	n/a	n/a	n/a	n/a	n/a	n/a	n/a	n/a	n/a	n/a	n/a	n/a	n/a	n/a	n/a	2800.421860	n/a
2800.444189	0.000000	560089	ttl	11	72	n/a	n/a	n/a	n/a	n/a	n/a	n/a	n/a	n/a	n/a	n/a	n/a	n/a	n/a	n/a	n/a	n/a	n/a	n/a	n/a	n/a	2800.444189	n/a
2801.046372	2.031111	560209	time_discrimination	n/a	n/a	n/a	72.0	n/a	n/a	n/a	2800.4441887499997	n/a	2.4540359583693316	1.0	3	1.0	HB_2_ShortA.png	n/a	4	2805.5315195	n/a	106	1	2	intervals/timediscrimination_table	105	2801.046372	2803.077483
2801.046372	0.000000	560209	ttl	1	72	n/a	n/a	n/a	n/a	n/a	n/a	n/a	n/a	n/a	n/a	n/a	n/a	n/a	n/a	n/a	n/a	n/a	n/a	n/a	n/a	n/a	2801.046372	n/a
2803.077483	0.000000	560615	ttl	2	72	n/a	n/a	n/a	n/a	n/a	n/a	n/a	n/a	n/a	n/a	n/a	n/a	n/a	n/a	n/a	n/a	n/a	n/a	n/a	n/a	n/a	2803.077483	n/a
2805.531519	0.000000	561106	ttl	4	72	n/a	n/a	n/a	n/a	n/a	n/a	n/a	n/a	n/a	n/a	n/a	n/a	n/a	n/a	n/a	n/a	n/a	n/a	n/a	n/a	n/a	2805.531519	n/a
2805.548036	0.000000	561110	ttl	11	72	n/a	n/a	n/a	n/a	n/a	n/a	n/a	n/a	n/a	n/a	n/a	n/a	n/a	n/a	n/a	n/a	n/a	n/a	n/a	n/a	n/a	2805.548036	n/a
2806.129974	2.031303	561226	time_discrimination	n/a	n/a	n/a	72.0	n/a	n/a	n/a	2805.54803575	n/a	1.1993354858664134	1.0	1	3.0	NB_27_ShortA.png	n/a	2	2809.360612	n/a	107	1	2	intervals/timediscrimination_table	106	2806.129974	2808.161276
2806.129974	0.000000	561226	ttl	1	72	n/a	n/a	n/a	n/a	n/a	n/a	n/a	n/a	n/a	n/a	n/a	n/a	n/a	n/a	n/a	n/a	n/a	n/a	n/a	n/a	n/a	2806.129974	n/a
2808.161276	0.000000	561632	ttl	2	72	n/a	n/a	n/a	n/a	n/a	n/a	n/a	n/a	n/a	n/a	n/a	n/a	n/a	n/a	n/a	n/a	n/a	n/a	n/a	n/a	n/a	2808.161276	n/a
2809.360612	0.000000	561872	ttl	4	72	n/a	n/a	n/a	n/a	n/a	n/a	n/a	n/a	n/a	n/a	n/a	n/a	n/a	n/a	n/a	n/a	n/a	n/a	n/a	n/a	n/a	2809.360612	n/a
2809.380324	0.000000	561876	ttl	11	72	n/a	n/a	n/a	n/a	n/a	n/a	n/a	n/a	n/a	n/a	n/a	n/a	n/a	n/a	n/a	n/a	n/a	n/a	n/a	n/a	n/a	2809.380324	n/a
2809.982481	2.031316	561996	time_discrimination	n/a	n/a	n/a	72.0	n/a	n/a	n/a	2809.3803239999997	n/a	2.168081234125566	2.0	2	3.0	SB_18_LongA.png	n/a	2	2814.181878	n/a	108	1	1	intervals/timediscrimination_table	107	2809.982481	2812.013797
2809.982481	0.000000	561996	ttl	1	72	n/a	n/a	n/a	n/a	n/a	n/a	n/a	n/a	n/a	n/a	n/a	n/a	n/a	n/a	n/a	n/a	n/a	n/a	n/a	n/a	n/a	2809.982481	n/a
2812.013797	0.000000	562403	ttl	2	72	n/a	n/a	n/a	n/a	n/a	n/a	n/a	n/a	n/a	n/a	n/a	n/a	n/a	n/a	n/a	n/a	n/a	n/a	n/a	n/a	n/a	2812.013797	n/a
2814.181878	0.000000	562836	ttl	4	72	n/a	n/a	n/a	n/a	n/a	n/a	n/a	n/a	n/a	n/a	n/a	n/a	n/a	n/a	n/a	n/a	n/a	n/a	n/a	n/a	n/a	2814.181878	n/a
2814.202460	0.000000	562840	ttl	11	72	n/a	n/a	n/a	n/a	n/a	n/a	n/a	n/a	n/a	n/a	n/a	n/a	n/a	n/a	n/a	n/a	n/a	n/a	n/a	n/a	n/a	2814.202460	n/a
2814.804470	2.030993	562961	time_discrimination	n/a	n/a	n/a	72.0	n/a	n/a	n/a	2814.20246025	n/a	1.4890867799963416	2.0	1	3.0	NB_3_LongA.png	n/a	7	2818.32455	n/a	109	2	2	intervals/timediscrimination_table	108	2814.804470	2816.835463
2814.804470	0.000000	562961	ttl	1	72	n/a	n/a	n/a	n/a	n/a	n/a	n/a	n/a	n/a	n/a	n/a	n/a	n/a	n/a	n/a	n/a	n/a	n/a	n/a	n/a	n/a	2814.804470	n/a
2816.835463	0.000000	563367	ttl	2	72	n/a	n/a	n/a	n/a	n/a	n/a	n/a	n/a	n/a	n/a	n/a	n/a	n/a	n/a	n/a	n/a	n/a	n/a	n/a	n/a	n/a	2816.835463	n/a
2818.324550	0.000000	563665	ttl	4	72	n/a	n/a	n/a	n/a	n/a	n/a	n/a	n/a	n/a	n/a	n/a	n/a	n/a	n/a	n/a	n/a	n/a	n/a	n/a	n/a	n/a	2818.324550	n/a
2818.337287	0.000000	563667	ttl	11	72	n/a	n/a	n/a	n/a	n/a	n/a	n/a	n/a	n/a	n/a	n/a	n/a	n/a	n/a	n/a	n/a	n/a	n/a	n/a	n/a	n/a	2818.337287	n/a
2818.959265	2.031174	563792	time_discrimination	n/a	n/a	n/a	72.0	n/a	n/a	n/a	2818.3372867499997	n/a	1.5501797196352527	2.0	2	3.0	SB_27_ShortA.png	n/a	7	2822.540619	n/a	110	2	2	intervals/timediscrimination_table	109	2818.959265	2820.990439
2818.959265	0.000000	563792	ttl	1	72	n/a	n/a	n/a	n/a	n/a	n/a	n/a	n/a	n/a	n/a	n/a	n/a	n/a	n/a	n/a	n/a	n/a	n/a	n/a	n/a	n/a	2818.959265	n/a
2820.990439	0.000000	564198	ttl	2	72	n/a	n/a	n/a	n/a	n/a	n/a	n/a	n/a	n/a	n/a	n/a	n/a	n/a	n/a	n/a	n/a	n/a	n/a	n/a	n/a	n/a	2820.990439	n/a
2822.540619	0.000000	564508	ttl	4	72	n/a	n/a	n/a	n/a	n/a	n/a	n/a	n/a	n/a	n/a	n/a	n/a	n/a	n/a	n/a	n/a	n/a	n/a	n/a	n/a	n/a	2822.540619	n/a
2822.564827	0.000000	564513	ttl	11	72	n/a	n/a	n/a	n/a	n/a	n/a	n/a	n/a	n/a	n/a	n/a	n/a	n/a	n/a	n/a	n/a	n/a	n/a	n/a	n/a	n/a	2822.564827	n/a
2823.206964	2.031280	564641	time_discrimination	n/a	n/a	n/a	72.0	n/a	n/a	n/a	2822.56482725	n/a	1.7418355368904486	1.0	1	3.0	NB_22_LongA.png	n/a	7	2826.98008025	n/a	111	2	1	intervals/timediscrimination_table	110	2823.206964	2825.238245
2823.206964	0.000000	564641	ttl	1	72	n/a	n/a	n/a	n/a	n/a	n/a	n/a	n/a	n/a	n/a	n/a	n/a	n/a	n/a	n/a	n/a	n/a	n/a	n/a	n/a	n/a	2823.206964	n/a
2825.238245	0.000000	565048	ttl	2	72	n/a	n/a	n/a	n/a	n/a	n/a	n/a	n/a	n/a	n/a	n/a	n/a	n/a	n/a	n/a	n/a	n/a	n/a	n/a	n/a	n/a	2825.238245	n/a
2826.980080	0.000000	565396	ttl	4	72	n/a	n/a	n/a	n/a	n/a	n/a	n/a	n/a	n/a	n/a	n/a	n/a	n/a	n/a	n/a	n/a	n/a	n/a	n/a	n/a	n/a	2826.980080	n/a
2826.987261	0.000000	565397	ttl	11	72	n/a	n/a	n/a	n/a	n/a	n/a	n/a	n/a	n/a	n/a	n/a	n/a	n/a	n/a	n/a	n/a	n/a	n/a	n/a	n/a	n/a	2826.987261	n/a
2827.629411	2.031784	565526	time_discrimination	n/a	n/a	n/a	72.0	n/a	n/a	n/a	2826.9872605	n/a	1.7967089566877803	1.0	1	2.0	NB_29_ShortA.png	n/a	3	2831.45790425	n/a	112	1	2	intervals/timediscrimination_table	111	2827.629411	2829.661195
2827.629411	0.000000	565526	ttl	1	72	n/a	n/a	n/a	n/a	n/a	n/a	n/a	n/a	n/a	n/a	n/a	n/a	n/a	n/a	n/a	n/a	n/a	n/a	n/a	n/a	n/a	2827.629411	n/a
2829.661195	0.000000	565932	ttl	2	72	n/a	n/a	n/a	n/a	n/a	n/a	n/a	n/a	n/a	n/a	n/a	n/a	n/a	n/a	n/a	n/a	n/a	n/a	n/a	n/a	n/a	2829.661195	n/a
2831.457904	0.000000	566292	ttl	4	72	n/a	n/a	n/a	n/a	n/a	n/a	n/a	n/a	n/a	n/a	n/a	n/a	n/a	n/a	n/a	n/a	n/a	n/a	n/a	n/a	n/a	2831.457904	n/a
2831.467976	0.000000	566294	ttl	11	72	n/a	n/a	n/a	n/a	n/a	n/a	n/a	n/a	n/a	n/a	n/a	n/a	n/a	n/a	n/a	n/a	n/a	n/a	n/a	n/a	n/a	2831.467976	n/a
2832.029868	2.031622	566406	time_discrimination	n/a	n/a	n/a	72.0	n/a	n/a	n/a	2831.46797625	n/a	0.5374563641066743	2.0	2	3.0	SB_42_ShortA.png	n/a	2	2834.59894675	n/a	113	1	1	intervals/timediscrimination_table	112	2832.029868	2834.061490
2832.029868	0.000000	566406	ttl	1	72	n/a	n/a	n/a	n/a	n/a	n/a	n/a	n/a	n/a	n/a	n/a	n/a	n/a	n/a	n/a	n/a	n/a	n/a	n/a	n/a	n/a	2832.029868	n/a
2834.061490	0.000000	566812	ttl	2	72	n/a	n/a	n/a	n/a	n/a	n/a	n/a	n/a	n/a	n/a	n/a	n/a	n/a	n/a	n/a	n/a	n/a	n/a	n/a	n/a	n/a	2834.061490	n/a
2834.598947	0.000000	566920	ttl	4	72	n/a	n/a	n/a	n/a	n/a	n/a	n/a	n/a	n/a	n/a	n/a	n/a	n/a	n/a	n/a	n/a	n/a	n/a	n/a	n/a	n/a	2834.598947	n/a
2834.614819	0.000000	566923	ttl	11	72	n/a	n/a	n/a	n/a	n/a	n/a	n/a	n/a	n/a	n/a	n/a	n/a	n/a	n/a	n/a	n/a	n/a	n/a	n/a	n/a	n/a	2834.614819	n/a
2835.277041	2.031322	567055	time_discrimination	n/a	n/a	n/a	72.0	n/a	n/a	n/a	2834.614819	n/a	2.1662739373582554	2.0	3	2.0	HB_13_LongA.png	n/a	3	2839.4746375	n/a	114	1	1	intervals/timediscrimination_table	113	2835.277041	2837.308363
2835.277041	0.000000	567055	ttl	1	72	n/a	n/a	n/a	n/a	n/a	n/a	n/a	n/a	n/a	n/a	n/a	n/a	n/a	n/a	n/a	n/a	n/a	n/a	n/a	n/a	n/a	2835.277041	n/a
2837.308363	0.000000	567462	ttl	2	72	n/a	n/a	n/a	n/a	n/a	n/a	n/a	n/a	n/a	n/a	n/a	n/a	n/a	n/a	n/a	n/a	n/a	n/a	n/a	n/a	n/a	2837.308363	n/a
2839.474637	0.000000	567895	ttl	4	72	n/a	n/a	n/a	n/a	n/a	n/a	n/a	n/a	n/a	n/a	n/a	n/a	n/a	n/a	n/a	n/a	n/a	n/a	n/a	n/a	n/a	2839.474637	n/a
2839.483279	0.000000	567897	ttl	11	72	n/a	n/a	n/a	n/a	n/a	n/a	n/a	n/a	n/a	n/a	n/a	n/a	n/a	n/a	n/a	n/a	n/a	n/a	n/a	n/a	n/a	2839.483279	n/a
2840.125444	2.030945	568025	time_discrimination	n/a	n/a	n/a	72.0	n/a	n/a	n/a	2839.48327875	n/a	1.1571706823137902	1.0	1	2.0	NB_1_ShortA.png	n/a	3	2843.31356	n/a	115	1	2	intervals/timediscrimination_table	114	2840.125444	2842.156389
2840.125444	0.000000	568025	ttl	1	72	n/a	n/a	n/a	n/a	n/a	n/a	n/a	n/a	n/a	n/a	n/a	n/a	n/a	n/a	n/a	n/a	n/a	n/a	n/a	n/a	n/a	2840.125444	n/a
2842.156389	0.000000	568431	ttl	2	72	n/a	n/a	n/a	n/a	n/a	n/a	n/a	n/a	n/a	n/a	n/a	n/a	n/a	n/a	n/a	n/a	n/a	n/a	n/a	n/a	n/a	2842.156389	n/a
2843.313560	0.000000	568663	ttl	4	72	n/a	n/a	n/a	n/a	n/a	n/a	n/a	n/a	n/a	n/a	n/a	n/a	n/a	n/a	n/a	n/a	n/a	n/a	n/a	n/a	n/a	2843.313560	n/a
2843.318630	0.000000	568664	ttl	11	72	n/a	n/a	n/a	n/a	n/a	n/a	n/a	n/a	n/a	n/a	n/a	n/a	n/a	n/a	n/a	n/a	n/a	n/a	n/a	n/a	n/a	2843.318630	n/a
2843.981035	2.031307	568796	time_discrimination	n/a	n/a	n/a	72.0	n/a	n/a	n/a	2843.31863025	n/a	0.6113478498050426	2.0	3	2.0	HB_29_ShortA.png	n/a	3	2846.6236905	n/a	116	1	1	intervals/timediscrimination_table	115	2843.981035	2846.012343
2843.981035	0.000000	568796	ttl	1	72	n/a	n/a	n/a	n/a	n/a	n/a	n/a	n/a	n/a	n/a	n/a	n/a	n/a	n/a	n/a	n/a	n/a	n/a	n/a	n/a	n/a	2843.981035	n/a
2846.012343	0.000000	569202	ttl	2	72	n/a	n/a	n/a	n/a	n/a	n/a	n/a	n/a	n/a	n/a	n/a	n/a	n/a	n/a	n/a	n/a	n/a	n/a	n/a	n/a	n/a	2846.012343	n/a
2846.623691	0.000000	569325	ttl	4	72	n/a	n/a	n/a	n/a	n/a	n/a	n/a	n/a	n/a	n/a	n/a	n/a	n/a	n/a	n/a	n/a	n/a	n/a	n/a	n/a	n/a	2846.623691	n/a
2846.632888	0.000000	569327	ttl	11	72	n/a	n/a	n/a	n/a	n/a	n/a	n/a	n/a	n/a	n/a	n/a	n/a	n/a	n/a	n/a	n/a	n/a	n/a	n/a	n/a	n/a	2846.632888	n/a
2847.255011	2.030994	569451	time_discrimination	n/a	n/a	n/a	72.0	n/a	n/a	n/a	2846.632888	n/a	1.858714214444717	1.0	1	2.0	NB_2_LongA.png	n/a	3	2851.14471875	n/a	117	1	2	intervals/timediscrimination_table	116	2847.255011	2849.286004
2847.255011	0.000000	569451	ttl	1	72	n/a	n/a	n/a	n/a	n/a	n/a	n/a	n/a	n/a	n/a	n/a	n/a	n/a	n/a	n/a	n/a	n/a	n/a	n/a	n/a	n/a	2847.255011	n/a
2849.286004	0.000000	569857	ttl	2	72	n/a	n/a	n/a	n/a	n/a	n/a	n/a	n/a	n/a	n/a	n/a	n/a	n/a	n/a	n/a	n/a	n/a	n/a	n/a	n/a	n/a	2849.286004	n/a
2851.144719	0.000000	570229	ttl	4	72	n/a	n/a	n/a	n/a	n/a	n/a	n/a	n/a	n/a	n/a	n/a	n/a	n/a	n/a	n/a	n/a	n/a	n/a	n/a	n/a	n/a	2851.144719	n/a
2851.150361	0.000000	570230	ttl	11	72	n/a	n/a	n/a	n/a	n/a	n/a	n/a	n/a	n/a	n/a	n/a	n/a	n/a	n/a	n/a	n/a	n/a	n/a	n/a	n/a	n/a	2851.150361	n/a
2851.752403	2.031223	570350	time_discrimination	n/a	n/a	n/a	72.0	n/a	n/a	n/a	2851.150361	n/a	4.230603491598686	1.0	2	3.0	SB_23_LongA.png	n/a	2	2858.01423025	n/a	118	1	2	intervals/timediscrimination_table	117	2851.752403	2853.783627
2851.752403	0.000000	570350	ttl	1	72	n/a	n/a	n/a	n/a	n/a	n/a	n/a	n/a	n/a	n/a	n/a	n/a	n/a	n/a	n/a	n/a	n/a	n/a	n/a	n/a	n/a	2851.752403	n/a
2853.783627	0.000000	570757	ttl	2	72	n/a	n/a	n/a	n/a	n/a	n/a	n/a	n/a	n/a	n/a	n/a	n/a	n/a	n/a	n/a	n/a	n/a	n/a	n/a	n/a	n/a	2853.783627	n/a
2858.014230	0.000000	571603	ttl	4	72	n/a	n/a	n/a	n/a	n/a	n/a	n/a	n/a	n/a	n/a	n/a	n/a	n/a	n/a	n/a	n/a	n/a	n/a	n/a	n/a	n/a	2858.014230	n/a
2858.033005	0.000000	571607	ttl	11	72	n/a	n/a	n/a	n/a	n/a	n/a	n/a	n/a	n/a	n/a	n/a	n/a	n/a	n/a	n/a	n/a	n/a	n/a	n/a	n/a	n/a	2858.033005	n/a
2858.655071	2.031076	571731	time_discrimination	n/a	n/a	n/a	72.0	n/a	n/a	n/a	2858.0330055	n/a	2.464595661690055	1.0	3	2.0	HB_30_LongA.png	n/a	3	2863.1507429999997	n/a	119	1	2	intervals/timediscrimination_table	118	2858.655071	2860.686147
2858.655071	0.000000	571731	ttl	1	72	n/a	n/a	n/a	n/a	n/a	n/a	n/a	n/a	n/a	n/a	n/a	n/a	n/a	n/a	n/a	n/a	n/a	n/a	n/a	n/a	n/a	2858.655071	n/a
2860.686147	0.000000	572137	ttl	2	72	n/a	n/a	n/a	n/a	n/a	n/a	n/a	n/a	n/a	n/a	n/a	n/a	n/a	n/a	n/a	n/a	n/a	n/a	n/a	n/a	n/a	2860.686147	n/a
2863.150743	0.000000	572630	ttl	4	72	n/a	n/a	n/a	n/a	n/a	n/a	n/a	n/a	n/a	n/a	n/a	n/a	n/a	n/a	n/a	n/a	n/a	n/a	n/a	n/a	n/a	2863.150743	n/a
2863.175037	0.000000	572635	ttl	11	72	n/a	n/a	n/a	n/a	n/a	n/a	n/a	n/a	n/a	n/a	n/a	n/a	n/a	n/a	n/a	n/a	n/a	n/a	n/a	n/a	n/a	2863.175037	n/a
2863.837123	2.031273	572767	time_discrimination	n/a	n/a	n/a	72.0	n/a	n/a	n/a	2863.17503675	n/a	2.464132885545496	1.0	3	2.0	HB_43_LongA.png	n/a	3	2868.33252975	n/a	120	1	2	intervals/timediscrimination_table	119	2863.837123	2865.868397
2863.837123	0.000000	572767	ttl	1	72	n/a	n/a	n/a	n/a	n/a	n/a	n/a	n/a	n/a	n/a	n/a	n/a	n/a	n/a	n/a	n/a	n/a	n/a	n/a	n/a	n/a	2863.837123	n/a
2865.868397	0.000000	573174	ttl	2	72	n/a	n/a	n/a	n/a	n/a	n/a	n/a	n/a	n/a	n/a	n/a	n/a	n/a	n/a	n/a	n/a	n/a	n/a	n/a	n/a	n/a	2865.868397	n/a
2868.332530	0.000000	573667	ttl	4	72	n/a	n/a	n/a	n/a	n/a	n/a	n/a	n/a	n/a	n/a	n/a	n/a	n/a	n/a	n/a	n/a	n/a	n/a	n/a	n/a	n/a	2868.332530	n/a
2868.340790	0.000000	573668	ttl	11	72	n/a	n/a	n/a	n/a	n/a	n/a	n/a	n/a	n/a	n/a	n/a	n/a	n/a	n/a	n/a	n/a	n/a	n/a	n/a	n/a	n/a	2868.340790	n/a
2869.002949	2.031083	573801	time_discrimination	n/a	n/a	n/a	72.0	n/a	n/a	n/a	2868.3407905	n/a	2.536142545649909	2.0	3	2.0	HB_50_LongA.png	n/a	3	2873.570175	n/a	121	1	1	intervals/timediscrimination_table	120	2869.002949	2871.034032
2869.002949	0.000000	573801	ttl	1	72	n/a	n/a	n/a	n/a	n/a	n/a	n/a	n/a	n/a	n/a	n/a	n/a	n/a	n/a	n/a	n/a	n/a	n/a	n/a	n/a	n/a	2869.002949	n/a
2871.034032	0.000000	574207	ttl	2	72	n/a	n/a	n/a	n/a	n/a	n/a	n/a	n/a	n/a	n/a	n/a	n/a	n/a	n/a	n/a	n/a	n/a	n/a	n/a	n/a	n/a	2871.034032	n/a
2873.570175	0.000000	574714	ttl	4	72	n/a	n/a	n/a	n/a	n/a	n/a	n/a	n/a	n/a	n/a	n/a	n/a	n/a	n/a	n/a	n/a	n/a	n/a	n/a	n/a	n/a	2873.570175	n/a
2873.587783	0.000000	574718	ttl	11	72	n/a	n/a	n/a	n/a	n/a	n/a	n/a	n/a	n/a	n/a	n/a	n/a	n/a	n/a	n/a	n/a	n/a	n/a	n/a	n/a	n/a	2873.587783	n/a
2874.270210	2.030924	574854	time_discrimination	n/a	n/a	n/a	72.0	n/a	n/a	n/a	2873.58778275	n/a	2.1237255069399907	1.0	2	3.0	SB_45_ShortA.png	n/a	2	2878.42485975	n/a	122	1	2	intervals/timediscrimination_table	121	2874.270210	2876.301134
2874.270210	0.000000	574854	ttl	1	72	n/a	n/a	n/a	n/a	n/a	n/a	n/a	n/a	n/a	n/a	n/a	n/a	n/a	n/a	n/a	n/a	n/a	n/a	n/a	n/a	n/a	2874.270210	n/a
2876.301134	0.000000	575260	ttl	2	72	n/a	n/a	n/a	n/a	n/a	n/a	n/a	n/a	n/a	n/a	n/a	n/a	n/a	n/a	n/a	n/a	n/a	n/a	n/a	n/a	n/a	2876.301134	n/a
2878.424860	0.000000	575685	ttl	4	72	n/a	n/a	n/a	n/a	n/a	n/a	n/a	n/a	n/a	n/a	n/a	n/a	n/a	n/a	n/a	n/a	n/a	n/a	n/a	n/a	n/a	2878.424860	n/a
2878.449020	0.000000	575690	ttl	11	72	n/a	n/a	n/a	n/a	n/a	n/a	n/a	n/a	n/a	n/a	n/a	n/a	n/a	n/a	n/a	n/a	n/a	n/a	n/a	n/a	n/a	2878.449020	n/a
2879.131304	2.030822	575826	time_discrimination	n/a	n/a	n/a	72.0	n/a	n/a	n/a	2878.4490204999997	n/a	1.9618235161483426	1.0	1	2.0	NB_21_LongA.png	n/a	3	2883.12394975	n/a	123	1	2	intervals/timediscrimination_table	122	2879.131304	2881.162126
2879.131304	0.000000	575826	ttl	1	72	n/a	n/a	n/a	n/a	n/a	n/a	n/a	n/a	n/a	n/a	n/a	n/a	n/a	n/a	n/a	n/a	n/a	n/a	n/a	n/a	n/a	2879.131304	n/a
2881.162126	0.000000	576232	ttl	2	72	n/a	n/a	n/a	n/a	n/a	n/a	n/a	n/a	n/a	n/a	n/a	n/a	n/a	n/a	n/a	n/a	n/a	n/a	n/a	n/a	n/a	2881.162126	n/a
2883.123950	0.000000	576625	ttl	4	72	n/a	n/a	n/a	n/a	n/a	n/a	n/a	n/a	n/a	n/a	n/a	n/a	n/a	n/a	n/a	n/a	n/a	n/a	n/a	n/a	n/a	2883.123950	n/a
2883.132580	0.000000	576627	ttl	11	72	n/a	n/a	n/a	n/a	n/a	n/a	n/a	n/a	n/a	n/a	n/a	n/a	n/a	n/a	n/a	n/a	n/a	n/a	n/a	n/a	n/a	2883.132580	n/a
2883.815089	2.031197	576763	time_discrimination	n/a	n/a	n/a	72.0	n/a	n/a	n/a	2883.1325804999997	n/a	0.7209257677673122	1.0	2	3.0	SB_12_LongA.png	n/a	2	2886.5672114999998	n/a	124	1	2	intervals/timediscrimination_table	123	2883.815089	2885.846286
2883.815089	0.000000	576763	ttl	1	72	n/a	n/a	n/a	n/a	n/a	n/a	n/a	n/a	n/a	n/a	n/a	n/a	n/a	n/a	n/a	n/a	n/a	n/a	n/a	n/a	n/a	2883.815089	n/a
2885.846286	0.000000	577169	ttl	2	72	n/a	n/a	n/a	n/a	n/a	n/a	n/a	n/a	n/a	n/a	n/a	n/a	n/a	n/a	n/a	n/a	n/a	n/a	n/a	n/a	n/a	2885.846286	n/a
2886.567211	0.000000	577313	ttl	4	72	n/a	n/a	n/a	n/a	n/a	n/a	n/a	n/a	n/a	n/a	n/a	n/a	n/a	n/a	n/a	n/a	n/a	n/a	n/a	n/a	n/a	2886.567211	n/a
2886.586438	0.000000	577317	ttl	11	72	n/a	n/a	n/a	n/a	n/a	n/a	n/a	n/a	n/a	n/a	n/a	n/a	n/a	n/a	n/a	n/a	n/a	n/a	n/a	n/a	n/a	2886.586438	n/a
2887.228601	2.031299	577446	time_discrimination	n/a	n/a	n/a	72.0	n/a	n/a	n/a	2886.5864385	n/a	1.5739926593428208	1.0	1	2.0	NB_28_ShortA.png	n/a	3	2890.833893	n/a	125	1	2	intervals/timediscrimination_table	124	2887.228601	2889.259900
2887.228601	0.000000	577446	ttl	1	72	n/a	n/a	n/a	n/a	n/a	n/a	n/a	n/a	n/a	n/a	n/a	n/a	n/a	n/a	n/a	n/a	n/a	n/a	n/a	n/a	n/a	2887.228601	n/a
2889.259900	0.000000	577852	ttl	2	72	n/a	n/a	n/a	n/a	n/a	n/a	n/a	n/a	n/a	n/a	n/a	n/a	n/a	n/a	n/a	n/a	n/a	n/a	n/a	n/a	n/a	2889.259900	n/a
2890.833893	0.000000	578167	ttl	4	72	n/a	n/a	n/a	n/a	n/a	n/a	n/a	n/a	n/a	n/a	n/a	n/a	n/a	n/a	n/a	n/a	n/a	n/a	n/a	n/a	n/a	2890.833893	n/a
2890.851258	0.000000	578170	ttl	11	72	n/a	n/a	n/a	n/a	n/a	n/a	n/a	n/a	n/a	n/a	n/a	n/a	n/a	n/a	n/a	n/a	n/a	n/a	n/a	n/a	n/a	2890.851258	n/a
2891.473424	2.031346	578295	time_discrimination	n/a	n/a	n/a	72.0	n/a	n/a	n/a	2890.8512579999997	n/a	2.2769348212627847	2.0	3	3.0	HB_9_ShortA.png	n/a	7	2895.78170525	n/a	126	2	2	intervals/timediscrimination_table	125	2891.473424	2893.504770
2891.473424	0.000000	578295	ttl	1	72	n/a	n/a	n/a	n/a	n/a	n/a	n/a	n/a	n/a	n/a	n/a	n/a	n/a	n/a	n/a	n/a	n/a	n/a	n/a	n/a	n/a	2891.473424	n/a
2893.504770	0.000000	578701	ttl	2	72	n/a	n/a	n/a	n/a	n/a	n/a	n/a	n/a	n/a	n/a	n/a	n/a	n/a	n/a	n/a	n/a	n/a	n/a	n/a	n/a	n/a	2893.504770	n/a
2895.781705	0.000000	579156	ttl	4	72	n/a	n/a	n/a	n/a	n/a	n/a	n/a	n/a	n/a	n/a	n/a	n/a	n/a	n/a	n/a	n/a	n/a	n/a	n/a	n/a	n/a	2895.781705	n/a
2895.802213	0.000000	579160	ttl	11	72	n/a	n/a	n/a	n/a	n/a	n/a	n/a	n/a	n/a	n/a	n/a	n/a	n/a	n/a	n/a	n/a	n/a	n/a	n/a	n/a	n/a	2895.802213	n/a
2896.404246	2.031287	579281	time_discrimination	n/a	n/a	n/a	72.0	n/a	n/a	n/a	2895.80221325	n/a	2.084571470092669	1.0	3	3.0	HB_23_ShortA.png	n/a	7	2900.52010475	n/a	127	2	1	intervals/timediscrimination_table	126	2896.404246	2898.435533
2896.404246	0.000000	579281	ttl	1	72	n/a	n/a	n/a	n/a	n/a	n/a	n/a	n/a	n/a	n/a	n/a	n/a	n/a	n/a	n/a	n/a	n/a	n/a	n/a	n/a	n/a	2896.404246	n/a
2898.435533	0.000000	579687	ttl	2	72	n/a	n/a	n/a	n/a	n/a	n/a	n/a	n/a	n/a	n/a	n/a	n/a	n/a	n/a	n/a	n/a	n/a	n/a	n/a	n/a	n/a	2898.435533	n/a
2900.520105	0.000000	580104	ttl	4	72	n/a	n/a	n/a	n/a	n/a	n/a	n/a	n/a	n/a	n/a	n/a	n/a	n/a	n/a	n/a	n/a	n/a	n/a	n/a	n/a	n/a	2900.520105	n/a
2900.530559	0.000000	580106	ttl	11	72	n/a	n/a	n/a	n/a	n/a	n/a	n/a	n/a	n/a	n/a	n/a	n/a	n/a	n/a	n/a	n/a	n/a	n/a	n/a	n/a	n/a	2900.530559	n/a
2901.132625	2.031283	580227	time_discrimination	n/a	n/a	n/a	72.0	n/a	n/a	n/a	2900.5305595	n/a	1.5224933849995068	1.0	1	3.0	NB_23_LongA.png	n/a	7	2904.68640125	n/a	128	2	1	intervals/timediscrimination_table	127	2901.132625	2903.163908
2901.132625	0.000000	580227	ttl	1	72	n/a	n/a	n/a	n/a	n/a	n/a	n/a	n/a	n/a	n/a	n/a	n/a	n/a	n/a	n/a	n/a	n/a	n/a	n/a	n/a	n/a	2901.132625	n/a
2903.163908	0.000000	580633	ttl	2	72	n/a	n/a	n/a	n/a	n/a	n/a	n/a	n/a	n/a	n/a	n/a	n/a	n/a	n/a	n/a	n/a	n/a	n/a	n/a	n/a	n/a	2903.163908	n/a
2904.686401	0.000000	580937	ttl	4	72	n/a	n/a	n/a	n/a	n/a	n/a	n/a	n/a	n/a	n/a	n/a	n/a	n/a	n/a	n/a	n/a	n/a	n/a	n/a	n/a	n/a	2904.686401	n/a
2904.707707	0.000000	580942	ttl	11	72	n/a	n/a	n/a	n/a	n/a	n/a	n/a	n/a	n/a	n/a	n/a	n/a	n/a	n/a	n/a	n/a	n/a	n/a	n/a	n/a	n/a	2904.707707	n/a
2905.329807	2.031316	581066	time_discrimination	n/a	n/a	n/a	72.0	n/a	n/a	n/a	2904.7077072499997	n/a	0.05261668963521515	2.0	3	3.0	HB_17_ShortA.png	n/a	7	2907.41374	n/a	129	2	2	intervals/timediscrimination_table	128	2905.329807	2907.361123
2905.329807	0.000000	581066	ttl	1	72	n/a	n/a	n/a	n/a	n/a	n/a	n/a	n/a	n/a	n/a	n/a	n/a	n/a	n/a	n/a	n/a	n/a	n/a	n/a	n/a	n/a	2905.329807	n/a
2907.361123	0.000000	581472	ttl	2	72	n/a	n/a	n/a	n/a	n/a	n/a	n/a	n/a	n/a	n/a	n/a	n/a	n/a	n/a	n/a	n/a	n/a	n/a	n/a	n/a	n/a	2907.361123	n/a
2907.413740	0.000000	581483	ttl	4	72	n/a	n/a	n/a	n/a	n/a	n/a	n/a	n/a	n/a	n/a	n/a	n/a	n/a	n/a	n/a	n/a	n/a	n/a	n/a	n/a	n/a	2907.413740	n/a
2907.432134	0.000000	581486	ttl	11	72	n/a	n/a	n/a	n/a	n/a	n/a	n/a	n/a	n/a	n/a	n/a	n/a	n/a	n/a	n/a	n/a	n/a	n/a	n/a	n/a	n/a	2907.432134	n/a
2908.014105	2.031244	581603	time_discrimination	n/a	n/a	n/a	72.0	n/a	n/a	n/a	2907.43213375	n/a	0.9412665758068215	2.0	1	3.0	NB_6_ShortA.png	n/a	7	2910.9866155	n/a	130	2	2	intervals/timediscrimination_table	129	2908.014105	2910.045349
2908.014105	0.000000	581603	ttl	1	72	n/a	n/a	n/a	n/a	n/a	n/a	n/a	n/a	n/a	n/a	n/a	n/a	n/a	n/a	n/a	n/a	n/a	n/a	n/a	n/a	n/a	2908.014105	n/a
2910.045349	0.000000	582009	ttl	2	72	n/a	n/a	n/a	n/a	n/a	n/a	n/a	n/a	n/a	n/a	n/a	n/a	n/a	n/a	n/a	n/a	n/a	n/a	n/a	n/a	n/a	2910.045349	n/a
2910.986615	0.000000	582197	ttl	4	72	n/a	n/a	n/a	n/a	n/a	n/a	n/a	n/a	n/a	n/a	n/a	n/a	n/a	n/a	n/a	n/a	n/a	n/a	n/a	n/a	n/a	2910.986615	n/a
2911.011440	0.000000	582202	ttl	11	72	n/a	n/a	n/a	n/a	n/a	n/a	n/a	n/a	n/a	n/a	n/a	n/a	n/a	n/a	n/a	n/a	n/a	n/a	n/a	n/a	n/a	2911.011440	n/a
2911.633526	2.031296	582327	time_discrimination	n/a	n/a	n/a	72.0	n/a	n/a	n/a	2911.0114399999998	n/a	1.840689251758704	1.0	1	3.0	NB_7_ShortA.png	n/a	7	2915.5055115	n/a	131	2	1	intervals/timediscrimination_table	130	2911.633526	2913.664822
2911.633526	0.000000	582327	ttl	1	72	n/a	n/a	n/a	n/a	n/a	n/a	n/a	n/a	n/a	n/a	n/a	n/a	n/a	n/a	n/a	n/a	n/a	n/a	n/a	n/a	n/a	2911.633526	n/a
2913.664822	0.000000	582733	ttl	2	72	n/a	n/a	n/a	n/a	n/a	n/a	n/a	n/a	n/a	n/a	n/a	n/a	n/a	n/a	n/a	n/a	n/a	n/a	n/a	n/a	n/a	2913.664822	n/a
2915.505512	0.000000	583101	ttl	4	72	n/a	n/a	n/a	n/a	n/a	n/a	n/a	n/a	n/a	n/a	n/a	n/a	n/a	n/a	n/a	n/a	n/a	n/a	n/a	n/a	n/a	2915.505512	n/a
2915.511233	0.000000	583102	ttl	11	72	n/a	n/a	n/a	n/a	n/a	n/a	n/a	n/a	n/a	n/a	n/a	n/a	n/a	n/a	n/a	n/a	n/a	n/a	n/a	n/a	n/a	2915.511233	n/a
2916.193568	2.031297	583239	time_discrimination	n/a	n/a	n/a	72.0	n/a	n/a	n/a	2915.51123275	n/a	1.4105458287458532	1.0	2	3.0	SB_22_LongA.png	n/a	7	2919.6354115	n/a	132	2	1	intervals/timediscrimination_table	131	2916.193568	2918.224865
2916.193568	0.000000	583239	ttl	1	72	n/a	n/a	n/a	n/a	n/a	n/a	n/a	n/a	n/a	n/a	n/a	n/a	n/a	n/a	n/a	n/a	n/a	n/a	n/a	n/a	n/a	2916.193568	n/a
2918.224865	0.000000	583645	ttl	2	72	n/a	n/a	n/a	n/a	n/a	n/a	n/a	n/a	n/a	n/a	n/a	n/a	n/a	n/a	n/a	n/a	n/a	n/a	n/a	n/a	n/a	2918.224865	n/a
2919.635411	0.000000	583927	ttl	4	72	n/a	n/a	n/a	n/a	n/a	n/a	n/a	n/a	n/a	n/a	n/a	n/a	n/a	n/a	n/a	n/a	n/a	n/a	n/a	n/a	n/a	2919.635411	n/a
2919.656836	0.000000	583931	ttl	11	72	n/a	n/a	n/a	n/a	n/a	n/a	n/a	n/a	n/a	n/a	n/a	n/a	n/a	n/a	n/a	n/a	n/a	n/a	n/a	n/a	n/a	2919.656836	n/a
2920.319026	2.031443	584064	time_discrimination	n/a	n/a	n/a	72.0	n/a	n/a	n/a	2919.6568362499997	n/a	3.471593492345164	2.0	3	3.0	HB_59_LongA.png	n/a	7	2925.82206225	n/a	133	2	2	intervals/timediscrimination_table	132	2920.319026	2922.350469
2920.319026	0.000000	584064	ttl	1	72	n/a	n/a	n/a	n/a	n/a	n/a	n/a	n/a	n/a	n/a	n/a	n/a	n/a	n/a	n/a	n/a	n/a	n/a	n/a	n/a	n/a	2920.319026	n/a
2922.350469	0.000000	584470	ttl	2	72	n/a	n/a	n/a	n/a	n/a	n/a	n/a	n/a	n/a	n/a	n/a	n/a	n/a	n/a	n/a	n/a	n/a	n/a	n/a	n/a	n/a	2922.350469	n/a
2925.822062	0.000000	585164	ttl	4	72	n/a	n/a	n/a	n/a	n/a	n/a	n/a	n/a	n/a	n/a	n/a	n/a	n/a	n/a	n/a	n/a	n/a	n/a	n/a	n/a	n/a	2925.822062	n/a
2925.842360	0.000000	585168	ttl	11	72	n/a	n/a	n/a	n/a	n/a	n/a	n/a	n/a	n/a	n/a	n/a	n/a	n/a	n/a	n/a	n/a	n/a	n/a	n/a	n/a	n/a	2925.842360	n/a
2926.524640	2.031317	585305	time_discrimination	n/a	n/a	n/a	72.0	n/a	n/a	n/a	2925.8423599999996	n/a	3.6253897829028574	2.0	2	3.0	SB_25_ShortA.png	n/a	7	2932.1813465	n/a	134	2	2	intervals/timediscrimination_table	133	2926.524640	2928.555957
2926.524640	0.000000	585305	ttl	1	72	n/a	n/a	n/a	n/a	n/a	n/a	n/a	n/a	n/a	n/a	n/a	n/a	n/a	n/a	n/a	n/a	n/a	n/a	n/a	n/a	n/a	2926.524640	n/a
2928.555957	0.000000	585711	ttl	2	72	n/a	n/a	n/a	n/a	n/a	n/a	n/a	n/a	n/a	n/a	n/a	n/a	n/a	n/a	n/a	n/a	n/a	n/a	n/a	n/a	n/a	2928.555957	n/a
2932.181347	0.000000	586436	ttl	4	72	n/a	n/a	n/a	n/a	n/a	n/a	n/a	n/a	n/a	n/a	n/a	n/a	n/a	n/a	n/a	n/a	n/a	n/a	n/a	n/a	n/a	2932.181347	n/a
2932.186342	0.000000	586437	ttl	11	72	n/a	n/a	n/a	n/a	n/a	n/a	n/a	n/a	n/a	n/a	n/a	n/a	n/a	n/a	n/a	n/a	n/a	n/a	n/a	n/a	n/a	2932.186342	n/a
2932.808648	2.031321	586562	time_discrimination	n/a	n/a	n/a	72.0	n/a	n/a	n/a	2932.18634175	n/a	2.6313576301831745	1.0	1	3.0	NB_4_LongA.png	n/a	7	2937.4713267499997	n/a	135	2	1	intervals/timediscrimination_table	134	2932.808648	2934.839969
2932.808648	0.000000	586562	ttl	1	72	n/a	n/a	n/a	n/a	n/a	n/a	n/a	n/a	n/a	n/a	n/a	n/a	n/a	n/a	n/a	n/a	n/a	n/a	n/a	n/a	n/a	2932.808648	n/a
2934.839969	0.000000	586968	ttl	2	72	n/a	n/a	n/a	n/a	n/a	n/a	n/a	n/a	n/a	n/a	n/a	n/a	n/a	n/a	n/a	n/a	n/a	n/a	n/a	n/a	n/a	2934.839969	n/a
2937.471327	0.000000	587494	ttl	4	72	n/a	n/a	n/a	n/a	n/a	n/a	n/a	n/a	n/a	n/a	n/a	n/a	n/a	n/a	n/a	n/a	n/a	n/a	n/a	n/a	n/a	2937.471327	n/a
2937.494707	0.000000	587499	ttl	11	72	n/a	n/a	n/a	n/a	n/a	n/a	n/a	n/a	n/a	n/a	n/a	n/a	n/a	n/a	n/a	n/a	n/a	n/a	n/a	n/a	n/a	2937.494707	n/a
2938.116779	2.030741	587623	time_discrimination	n/a	n/a	n/a	72.0	n/a	n/a	n/a	2937.49470725	n/a	2.1004168631948232	1.0	1	2.0	NB_23_ShortA.png	n/a	3	2942.24793675	n/a	136	1	2	intervals/timediscrimination_table	135	2938.116779	2940.147520
2938.116779	0.000000	587623	ttl	1	72	n/a	n/a	n/a	n/a	n/a	n/a	n/a	n/a	n/a	n/a	n/a	n/a	n/a	n/a	n/a	n/a	n/a	n/a	n/a	n/a	n/a	2938.116779	n/a
2940.147520	0.000000	588030	ttl	2	72	n/a	n/a	n/a	n/a	n/a	n/a	n/a	n/a	n/a	n/a	n/a	n/a	n/a	n/a	n/a	n/a	n/a	n/a	n/a	n/a	n/a	2940.147520	n/a
2942.247937	0.000000	588450	ttl	4	72	n/a	n/a	n/a	n/a	n/a	n/a	n/a	n/a	n/a	n/a	n/a	n/a	n/a	n/a	n/a	n/a	n/a	n/a	n/a	n/a	n/a	2942.247937	n/a
2942.260361	0.000000	588452	ttl	11	72	n/a	n/a	n/a	n/a	n/a	n/a	n/a	n/a	n/a	n/a	n/a	n/a	n/a	n/a	n/a	n/a	n/a	n/a	n/a	n/a	n/a	2942.260361	n/a
2942.842344	2.031295	588568	time_discrimination	n/a	n/a	n/a	72.0	n/a	n/a	n/a	2942.2603615	n/a	1.4137013310873954	2.0	3	3.0	HB_14_ShortA.png	n/a	7	2946.28734125	n/a	137	2	2	intervals/timediscrimination_table	136	2942.842344	2944.873640
2942.842344	0.000000	588568	ttl	1	72	n/a	n/a	n/a	n/a	n/a	n/a	n/a	n/a	n/a	n/a	n/a	n/a	n/a	n/a	n/a	n/a	n/a	n/a	n/a	n/a	n/a	2942.842344	n/a
2944.873640	0.000000	588975	ttl	2	72	n/a	n/a	n/a	n/a	n/a	n/a	n/a	n/a	n/a	n/a	n/a	n/a	n/a	n/a	n/a	n/a	n/a	n/a	n/a	n/a	n/a	2944.873640	n/a
2946.287341	0.000000	589257	ttl	4	72	n/a	n/a	n/a	n/a	n/a	n/a	n/a	n/a	n/a	n/a	n/a	n/a	n/a	n/a	n/a	n/a	n/a	n/a	n/a	n/a	n/a	2946.287341	n/a
2946.295229	0.000000	589259	ttl	11	72	n/a	n/a	n/a	n/a	n/a	n/a	n/a	n/a	n/a	n/a	n/a	n/a	n/a	n/a	n/a	n/a	n/a	n/a	n/a	n/a	n/a	2946.295229	n/a
2946.917302	2.031012	589383	time_discrimination	n/a	n/a	n/a	72.0	n/a	n/a	n/a	2946.295229	n/a	1.5889328918851788	2.0	1	2.0	NB_16_ShortA.png	n/a	3	2950.5372467499997	n/a	138	1	1	intervals/timediscrimination_table	137	2946.917302	2948.948314
2946.917302	0.000000	589383	ttl	1	72	n/a	n/a	n/a	n/a	n/a	n/a	n/a	n/a	n/a	n/a	n/a	n/a	n/a	n/a	n/a	n/a	n/a	n/a	n/a	n/a	n/a	2946.917302	n/a
2948.948314	0.000000	589790	ttl	2	72	n/a	n/a	n/a	n/a	n/a	n/a	n/a	n/a	n/a	n/a	n/a	n/a	n/a	n/a	n/a	n/a	n/a	n/a	n/a	n/a	n/a	2948.948314	n/a
2950.537247	0.000000	590107	ttl	4	72	n/a	n/a	n/a	n/a	n/a	n/a	n/a	n/a	n/a	n/a	n/a	n/a	n/a	n/a	n/a	n/a	n/a	n/a	n/a	n/a	n/a	2950.537247	n/a
2950.558322	0.000000	590112	ttl	11	72	n/a	n/a	n/a	n/a	n/a	n/a	n/a	n/a	n/a	n/a	n/a	n/a	n/a	n/a	n/a	n/a	n/a	n/a	n/a	n/a	n/a	2950.558322	n/a
2951.140283	2.031407	590228	time_discrimination	n/a	n/a	n/a	72.0	n/a	n/a	n/a	2950.55832175	n/a	1.5834550871327338	1.0	3	2.0	HB_26_LongA.png	n/a	3	2954.755145	n/a	139	1	2	intervals/timediscrimination_table	138	2951.140283	2953.171690
2951.140283	0.000000	590228	ttl	1	72	n/a	n/a	n/a	n/a	n/a	n/a	n/a	n/a	n/a	n/a	n/a	n/a	n/a	n/a	n/a	n/a	n/a	n/a	n/a	n/a	n/a	2951.140283	n/a
2953.171690	0.000000	590634	ttl	2	72	n/a	n/a	n/a	n/a	n/a	n/a	n/a	n/a	n/a	n/a	n/a	n/a	n/a	n/a	n/a	n/a	n/a	n/a	n/a	n/a	n/a	2953.171690	n/a
2954.755145	0.000000	590951	ttl	4	72	n/a	n/a	n/a	n/a	n/a	n/a	n/a	n/a	n/a	n/a	n/a	n/a	n/a	n/a	n/a	n/a	n/a	n/a	n/a	n/a	n/a	2954.755145	n/a
2954.776349	0.000000	590955	ttl	11	72	n/a	n/a	n/a	n/a	n/a	n/a	n/a	n/a	n/a	n/a	n/a	n/a	n/a	n/a	n/a	n/a	n/a	n/a	n/a	n/a	n/a	2954.776349	n/a
2955.338060	2.031541	591068	time_discrimination	n/a	n/a	n/a	72.0	n/a	n/a	n/a	2954.7763489999998	n/a	2.876670826521149	1.0	3	2.0	HB_34_LongA.png	n/a	3	2960.24627175	n/a	140	1	2	intervals/timediscrimination_table	139	2955.338060	2957.369601
2955.338060	0.000000	591068	ttl	1	72	n/a	n/a	n/a	n/a	n/a	n/a	n/a	n/a	n/a	n/a	n/a	n/a	n/a	n/a	n/a	n/a	n/a	n/a	n/a	n/a	n/a	2955.338060	n/a
2957.369601	0.000000	591474	ttl	2	72	n/a	n/a	n/a	n/a	n/a	n/a	n/a	n/a	n/a	n/a	n/a	n/a	n/a	n/a	n/a	n/a	n/a	n/a	n/a	n/a	n/a	2957.369601	n/a
2960.246272	0.000000	592049	ttl	4	72	n/a	n/a	n/a	n/a	n/a	n/a	n/a	n/a	n/a	n/a	n/a	n/a	n/a	n/a	n/a	n/a	n/a	n/a	n/a	n/a	n/a	2960.246272	n/a
2960.261597	0.000000	592052	ttl	11	72	n/a	n/a	n/a	n/a	n/a	n/a	n/a	n/a	n/a	n/a	n/a	n/a	n/a	n/a	n/a	n/a	n/a	n/a	n/a	n/a	n/a	2960.261597	n/a
2960.923760	2.031378	592185	time_discrimination	n/a	n/a	n/a	72.0	n/a	n/a	n/a	2960.26159675	n/a	1.87575955823786	2.0	2	2.0	SB_58_LongA.png	n/a	3	2964.83089775	n/a	141	1	1	intervals/timediscrimination_table	140	2960.923760	2962.955138
2960.923760	0.000000	592185	ttl	1	72	n/a	n/a	n/a	n/a	n/a	n/a	n/a	n/a	n/a	n/a	n/a	n/a	n/a	n/a	n/a	n/a	n/a	n/a	n/a	n/a	n/a	2960.923760	n/a
2962.955138	0.000000	592591	ttl	2	72	n/a	n/a	n/a	n/a	n/a	n/a	n/a	n/a	n/a	n/a	n/a	n/a	n/a	n/a	n/a	n/a	n/a	n/a	n/a	n/a	n/a	2962.955138	n/a
2964.830898	0.000000	592966	ttl	4	72	n/a	n/a	n/a	n/a	n/a	n/a	n/a	n/a	n/a	n/a	n/a	n/a	n/a	n/a	n/a	n/a	n/a	n/a	n/a	n/a	n/a	2964.830898	n/a
2964.855325	0.000000	592971	ttl	11	72	n/a	n/a	n/a	n/a	n/a	n/a	n/a	n/a	n/a	n/a	n/a	n/a	n/a	n/a	n/a	n/a	n/a	n/a	n/a	n/a	n/a	2964.855325	n/a
2965.517548	2.031504	593104	time_discrimination	n/a	n/a	n/a	72.0	n/a	n/a	n/a	2964.855325	n/a	1.7115466459713389	1.0	3	2.0	HB_39_LongA.png	n/a	3	2969.260598	n/a	142	1	2	intervals/timediscrimination_table	141	2965.517548	2967.549051
2965.517548	0.000000	593104	ttl	1	72	n/a	n/a	n/a	n/a	n/a	n/a	n/a	n/a	n/a	n/a	n/a	n/a	n/a	n/a	n/a	n/a	n/a	n/a	n/a	n/a	n/a	2965.517548	n/a
2967.549051	0.000000	593510	ttl	2	72	n/a	n/a	n/a	n/a	n/a	n/a	n/a	n/a	n/a	n/a	n/a	n/a	n/a	n/a	n/a	n/a	n/a	n/a	n/a	n/a	n/a	2967.549051	n/a
2969.260598	0.000000	593852	ttl	4	72	n/a	n/a	n/a	n/a	n/a	n/a	n/a	n/a	n/a	n/a	n/a	n/a	n/a	n/a	n/a	n/a	n/a	n/a	n/a	n/a	n/a	2969.260598	n/a
2969.271446	0.000000	593854	ttl	11	72	n/a	n/a	n/a	n/a	n/a	n/a	n/a	n/a	n/a	n/a	n/a	n/a	n/a	n/a	n/a	n/a	n/a	n/a	n/a	n/a	n/a	2969.271446	n/a
2969.893539	2.031277	593979	time_discrimination	n/a	n/a	n/a	72.0	n/a	n/a	n/a	2969.27144625	n/a	1.9982210869952723	2.0	1	3.0	NB_9_LongA.png	n/a	2	2973.9230374999997	n/a	143	1	1	intervals/timediscrimination_table	142	2969.893539	2971.924816
2969.893539	0.000000	593979	ttl	1	72	n/a	n/a	n/a	n/a	n/a	n/a	n/a	n/a	n/a	n/a	n/a	n/a	n/a	n/a	n/a	n/a	n/a	n/a	n/a	n/a	n/a	2969.893539	n/a
2971.924816	0.000000	594385	ttl	2	72	n/a	n/a	n/a	n/a	n/a	n/a	n/a	n/a	n/a	n/a	n/a	n/a	n/a	n/a	n/a	n/a	n/a	n/a	n/a	n/a	n/a	2971.924816	n/a
2973.923037	0.000000	594785	ttl	4	72	n/a	n/a	n/a	n/a	n/a	n/a	n/a	n/a	n/a	n/a	n/a	n/a	n/a	n/a	n/a	n/a	n/a	n/a	n/a	n/a	n/a	2973.923037	n/a
2973.941541	0.000000	594788	ttl	11	72	n/a	n/a	n/a	n/a	n/a	n/a	n/a	n/a	n/a	n/a	n/a	n/a	n/a	n/a	n/a	n/a	n/a	n/a	n/a	n/a	n/a	2973.941541	n/a
2974.603743	2.031084	594921	time_discrimination	n/a	n/a	n/a	72.0	n/a	n/a	n/a	2973.9415409999997	n/a	1.9042062392491061	1.0	2	3.0	SB_14_ShortA.png	n/a	7	2978.539034	n/a	144	2	1	intervals/timediscrimination_table	143	2974.603743	2976.634828
2974.603743	0.000000	594921	ttl	1	72	n/a	n/a	n/a	n/a	n/a	n/a	n/a	n/a	n/a	n/a	n/a	n/a	n/a	n/a	n/a	n/a	n/a	n/a	n/a	n/a	n/a	2974.603743	n/a
2976.634828	0.000000	595327	ttl	2	72	n/a	n/a	n/a	n/a	n/a	n/a	n/a	n/a	n/a	n/a	n/a	n/a	n/a	n/a	n/a	n/a	n/a	n/a	n/a	n/a	n/a	2976.634828	n/a
2978.539034	0.000000	595708	ttl	4	72	n/a	n/a	n/a	n/a	n/a	n/a	n/a	n/a	n/a	n/a	n/a	n/a	n/a	n/a	n/a	n/a	n/a	n/a	n/a	n/a	n/a	2978.539034	n/a
2978.557969	0.000000	595712	ttl	11	72	n/a	n/a	n/a	n/a	n/a	n/a	n/a	n/a	n/a	n/a	n/a	n/a	n/a	n/a	n/a	n/a	n/a	n/a	n/a	n/a	n/a	2978.557969	n/a
2979.200072	2.031307	595840	time_discrimination	n/a	n/a	n/a	72.0	n/a	n/a	n/a	2978.55796925	n/a	1.35147332732231	2.0	3	3.0	HB_22_ShortA.png	n/a	7	2982.5828524999997	n/a	145	2	2	intervals/timediscrimination_table	144	2979.200072	2981.231379
2979.200072	0.000000	595840	ttl	1	72	n/a	n/a	n/a	n/a	n/a	n/a	n/a	n/a	n/a	n/a	n/a	n/a	n/a	n/a	n/a	n/a	n/a	n/a	n/a	n/a	n/a	2979.200072	n/a
2981.231379	0.000000	596246	ttl	2	72	n/a	n/a	n/a	n/a	n/a	n/a	n/a	n/a	n/a	n/a	n/a	n/a	n/a	n/a	n/a	n/a	n/a	n/a	n/a	n/a	n/a	2981.231379	n/a
2982.582852	0.000000	596517	ttl	4	72	n/a	n/a	n/a	n/a	n/a	n/a	n/a	n/a	n/a	n/a	n/a	n/a	n/a	n/a	n/a	n/a	n/a	n/a	n/a	n/a	n/a	2982.582852	n/a
2982.588195	0.000000	596518	ttl	11	72	n/a	n/a	n/a	n/a	n/a	n/a	n/a	n/a	n/a	n/a	n/a	n/a	n/a	n/a	n/a	n/a	n/a	n/a	n/a	n/a	n/a	2982.588195	n/a
2983.230460	2.031364	596646	time_discrimination	n/a	n/a	n/a	72.0	n/a	n/a	n/a	2982.5881955	n/a	1.766557821515562	2.0	1	3.0	NB_9_ShortA.png	n/a	7	2987.0283815	n/a	146	2	2	intervals/timediscrimination_table	145	2983.230460	2985.261824
2983.230460	0.000000	596646	ttl	1	72	n/a	n/a	n/a	n/a	n/a	n/a	n/a	n/a	n/a	n/a	n/a	n/a	n/a	n/a	n/a	n/a	n/a	n/a	n/a	n/a	n/a	2983.230460	n/a
2985.261824	0.000000	597052	ttl	2	72	n/a	n/a	n/a	n/a	n/a	n/a	n/a	n/a	n/a	n/a	n/a	n/a	n/a	n/a	n/a	n/a	n/a	n/a	n/a	n/a	n/a	2985.261824	n/a
2987.028381	0.000000	597406	ttl	4	72	n/a	n/a	n/a	n/a	n/a	n/a	n/a	n/a	n/a	n/a	n/a	n/a	n/a	n/a	n/a	n/a	n/a	n/a	n/a	n/a	n/a	2987.028381	n/a
2987.040176	0.000000	597408	ttl	11	72	n/a	n/a	n/a	n/a	n/a	n/a	n/a	n/a	n/a	n/a	n/a	n/a	n/a	n/a	n/a	n/a	n/a	n/a	n/a	n/a	n/a	2987.040176	n/a
2987.702393	2.031047	597540	time_discrimination	n/a	n/a	n/a	72.0	n/a	n/a	n/a	2987.04017575	n/a	1.2762550822999401	2.0	2	3.0	SB_26_LongA.png	n/a	7	2991.0096949999997	n/a	147	2	2	intervals/timediscrimination_table	146	2987.702393	2989.733440
2987.702393	0.000000	597540	ttl	1	72	n/a	n/a	n/a	n/a	n/a	n/a	n/a	n/a	n/a	n/a	n/a	n/a	n/a	n/a	n/a	n/a	n/a	n/a	n/a	n/a	n/a	2987.702393	n/a
2989.733440	0.000000	597947	ttl	2	72	n/a	n/a	n/a	n/a	n/a	n/a	n/a	n/a	n/a	n/a	n/a	n/a	n/a	n/a	n/a	n/a	n/a	n/a	n/a	n/a	n/a	2989.733440	n/a
2991.009695	0.000000	598202	ttl	4	72	n/a	n/a	n/a	n/a	n/a	n/a	n/a	n/a	n/a	n/a	n/a	n/a	n/a	n/a	n/a	n/a	n/a	n/a	n/a	n/a	n/a	2991.009695	n/a
2991.017978	0.000000	598204	ttl	11	72	n/a	n/a	n/a	n/a	n/a	n/a	n/a	n/a	n/a	n/a	n/a	n/a	n/a	n/a	n/a	n/a	n/a	n/a	n/a	n/a	n/a	2991.017978	n/a
2991.639893	2.030948	598328	time_discrimination	n/a	n/a	n/a	72.0	n/a	n/a	n/a	2991.01797775	n/a	0.16768006753272857	2.0	2	3.0	SB_17_LongA.png	n/a	7	2993.8385212499998	n/a	148	2	2	intervals/timediscrimination_table	147	2991.639893	2993.670841
2991.639893	0.000000	598328	ttl	1	72	n/a	n/a	n/a	n/a	n/a	n/a	n/a	n/a	n/a	n/a	n/a	n/a	n/a	n/a	n/a	n/a	n/a	n/a	n/a	n/a	n/a	2991.639893	n/a
2993.670841	0.000000	598734	ttl	2	72	n/a	n/a	n/a	n/a	n/a	n/a	n/a	n/a	n/a	n/a	n/a	n/a	n/a	n/a	n/a	n/a	n/a	n/a	n/a	n/a	n/a	2993.670841	n/a
2993.838521	0.000000	598768	ttl	4	72	n/a	n/a	n/a	n/a	n/a	n/a	n/a	n/a	n/a	n/a	n/a	n/a	n/a	n/a	n/a	n/a	n/a	n/a	n/a	n/a	n/a	2993.838521	n/a
2993.855851	0.000000	598771	ttl	11	72	n/a	n/a	n/a	n/a	n/a	n/a	n/a	n/a	n/a	n/a	n/a	n/a	n/a	n/a	n/a	n/a	n/a	n/a	n/a	n/a	n/a	2993.855851	n/a
2994.457769	2.031447	598892	time_discrimination	n/a	n/a	n/a	72.0	n/a	n/a	n/a	2993.8558505	n/a	0.8242266461252257	1.0	2	3.0	SB_2_LongA.png	n/a	7	2997.3134422499998	n/a	149	2	1	intervals/timediscrimination_table	148	2994.457769	2996.489216
2994.457769	0.000000	598892	ttl	1	72	n/a	n/a	n/a	n/a	n/a	n/a	n/a	n/a	n/a	n/a	n/a	n/a	n/a	n/a	n/a	n/a	n/a	n/a	n/a	n/a	n/a	2994.457769	n/a
2996.489216	0.000000	599298	ttl	2	72	n/a	n/a	n/a	n/a	n/a	n/a	n/a	n/a	n/a	n/a	n/a	n/a	n/a	n/a	n/a	n/a	n/a	n/a	n/a	n/a	n/a	2996.489216	n/a
2997.313442	0.000000	599463	ttl	4	72	n/a	n/a	n/a	n/a	n/a	n/a	n/a	n/a	n/a	n/a	n/a	n/a	n/a	n/a	n/a	n/a	n/a	n/a	n/a	n/a	n/a	2997.313442	n/a
2997.325022	0.000000	599465	ttl	11	72	n/a	n/a	n/a	n/a	n/a	n/a	n/a	n/a	n/a	n/a	n/a	n/a	n/a	n/a	n/a	n/a	n/a	n/a	n/a	n/a	n/a	2997.325022	n/a
2997.926930	2.031481	599585	time_discrimination	n/a	n/a	n/a	72.0	n/a	n/a	n/a	2997.325022	n/a	0.6330294133886127	2.0	2	3.0	SB_36_ShortA.png	n/a	7	3000.591441	n/a	150	2	2	intervals/timediscrimination_table	149	2997.926930	2999.958411
2997.926930	0.000000	599585	ttl	1	72	n/a	n/a	n/a	n/a	n/a	n/a	n/a	n/a	n/a	n/a	n/a	n/a	n/a	n/a	n/a	n/a	n/a	n/a	n/a	n/a	n/a	2997.926930	n/a
2999.958411	0.000000	599992	ttl	2	72	n/a	n/a	n/a	n/a	n/a	n/a	n/a	n/a	n/a	n/a	n/a	n/a	n/a	n/a	n/a	n/a	n/a	n/a	n/a	n/a	n/a	2999.958411	n/a
3000.591441	0.000000	600118	ttl	4	72	n/a	n/a	n/a	n/a	n/a	n/a	n/a	n/a	n/a	n/a	n/a	n/a	n/a	n/a	n/a	n/a	n/a	n/a	n/a	n/a	n/a	3000.591441	n/a
3000.615306	0.000000	600123	ttl	11	72	n/a	n/a	n/a	n/a	n/a	n/a	n/a	n/a	n/a	n/a	n/a	n/a	n/a	n/a	n/a	n/a	n/a	n/a	n/a	n/a	n/a	3000.615306	n/a
3001.237148	2.031575	600247	time_discrimination	n/a	n/a	n/a	72.0	n/a	n/a	n/a	3000.61530625	n/a	2.7166837576701255	2.0	3	2.0	HB_37_LongA.png	n/a	3	3005.98540675	n/a	151	1	1	intervals/timediscrimination_table	150	3001.237148	3003.268723
3001.237148	0.000000	600247	ttl	1	72	n/a	n/a	n/a	n/a	n/a	n/a	n/a	n/a	n/a	n/a	n/a	n/a	n/a	n/a	n/a	n/a	n/a	n/a	n/a	n/a	n/a	3001.237148	n/a
3003.268723	0.000000	600654	ttl	2	72	n/a	n/a	n/a	n/a	n/a	n/a	n/a	n/a	n/a	n/a	n/a	n/a	n/a	n/a	n/a	n/a	n/a	n/a	n/a	n/a	n/a	3003.268723	n/a
3005.985407	0.000000	601197	ttl	4	72	n/a	n/a	n/a	n/a	n/a	n/a	n/a	n/a	n/a	n/a	n/a	n/a	n/a	n/a	n/a	n/a	n/a	n/a	n/a	n/a	n/a	3005.985407	n/a
3006.007968	0.000000	601202	ttl	11	72	n/a	n/a	n/a	n/a	n/a	n/a	n/a	n/a	n/a	n/a	n/a	n/a	n/a	n/a	n/a	n/a	n/a	n/a	n/a	n/a	n/a	3006.007968	n/a
3006.610014	2.031309	601322	time_discrimination	n/a	n/a	n/a	72.0	n/a	n/a	n/a	3006.00796825	n/a	1.7739346177145308	2.0	2	3.0	SB_49_ShortA.png	n/a	2	3010.4152575	n/a	152	1	1	intervals/timediscrimination_table	151	3006.610014	3008.641323
3006.610014	0.000000	601322	ttl	1	72	n/a	n/a	n/a	n/a	n/a	n/a	n/a	n/a	n/a	n/a	n/a	n/a	n/a	n/a	n/a	n/a	n/a	n/a	n/a	n/a	n/a	3006.610014	n/a
3008.641323	0.000000	601728	ttl	2	72	n/a	n/a	n/a	n/a	n/a	n/a	n/a	n/a	n/a	n/a	n/a	n/a	n/a	n/a	n/a	n/a	n/a	n/a	n/a	n/a	n/a	3008.641323	n/a
3010.415257	0.000000	602083	ttl	4	72	n/a	n/a	n/a	n/a	n/a	n/a	n/a	n/a	n/a	n/a	n/a	n/a	n/a	n/a	n/a	n/a	n/a	n/a	n/a	n/a	n/a	3010.415257	n/a
3010.435131	0.000000	602087	ttl	11	72	n/a	n/a	n/a	n/a	n/a	n/a	n/a	n/a	n/a	n/a	n/a	n/a	n/a	n/a	n/a	n/a	n/a	n/a	n/a	n/a	n/a	3010.435131	n/a
3011.017125	2.031150	602203	time_discrimination	n/a	n/a	n/a	72.0	n/a	n/a	n/a	3010.4351307499996	n/a	1.876264279555926	1.0	2	3.0	SB_43_ShortA.png	n/a	7	3014.9245392499997	n/a	153	2	1	intervals/timediscrimination_table	152	3011.017125	3013.048275
3011.017125	0.000000	602203	ttl	1	72	n/a	n/a	n/a	n/a	n/a	n/a	n/a	n/a	n/a	n/a	n/a	n/a	n/a	n/a	n/a	n/a	n/a	n/a	n/a	n/a	n/a	3011.017125	n/a
3013.048275	0.000000	602610	ttl	2	72	n/a	n/a	n/a	n/a	n/a	n/a	n/a	n/a	n/a	n/a	n/a	n/a	n/a	n/a	n/a	n/a	n/a	n/a	n/a	n/a	n/a	3013.048275	n/a
3014.924539	0.000000	602985	ttl	4	72	n/a	n/a	n/a	n/a	n/a	n/a	n/a	n/a	n/a	n/a	n/a	n/a	n/a	n/a	n/a	n/a	n/a	n/a	n/a	n/a	n/a	3014.924539	n/a
3014.939273	0.000000	602988	ttl	11	72	n/a	n/a	n/a	n/a	n/a	n/a	n/a	n/a	n/a	n/a	n/a	n/a	n/a	n/a	n/a	n/a	n/a	n/a	n/a	n/a	n/a	3014.939273	n/a
3015.541426	2.030979	603108	time_discrimination	n/a	n/a	n/a	72.0	n/a	n/a	n/a	3014.93927325	n/a	1.9716542926225884	1.0	3	3.0	HB_36_LongA.png	n/a	7	3019.54405975	n/a	154	2	1	intervals/timediscrimination_table	153	3015.541426	3017.572406
3015.541426	0.000000	603108	ttl	1	72	n/a	n/a	n/a	n/a	n/a	n/a	n/a	n/a	n/a	n/a	n/a	n/a	n/a	n/a	n/a	n/a	n/a	n/a	n/a	n/a	n/a	3015.541426	n/a
3017.572406	0.000000	603514	ttl	2	72	n/a	n/a	n/a	n/a	n/a	n/a	n/a	n/a	n/a	n/a	n/a	n/a	n/a	n/a	n/a	n/a	n/a	n/a	n/a	n/a	n/a	3017.572406	n/a
3019.544060	0.000000	603909	ttl	4	72	n/a	n/a	n/a	n/a	n/a	n/a	n/a	n/a	n/a	n/a	n/a	n/a	n/a	n/a	n/a	n/a	n/a	n/a	n/a	n/a	n/a	3019.544060	n/a
3019.560833	0.000000	603912	ttl	11	72	n/a	n/a	n/a	n/a	n/a	n/a	n/a	n/a	n/a	n/a	n/a	n/a	n/a	n/a	n/a	n/a	n/a	n/a	n/a	n/a	n/a	3019.560833	n/a
3020.202953	2.031074	604041	time_discrimination	n/a	n/a	n/a	72.0	n/a	n/a	n/a	3019.560833	n/a	1.2494839806081472	1.0	3	3.0	HB_8_ShortA.png	n/a	7	3023.483511	n/a	155	2	1	intervals/timediscrimination_table	154	3020.202953	3022.234027
3020.202953	0.000000	604041	ttl	1	72	n/a	n/a	n/a	n/a	n/a	n/a	n/a	n/a	n/a	n/a	n/a	n/a	n/a	n/a	n/a	n/a	n/a	n/a	n/a	n/a	n/a	3020.202953	n/a
3022.234027	0.000000	604447	ttl	2	72	n/a	n/a	n/a	n/a	n/a	n/a	n/a	n/a	n/a	n/a	n/a	n/a	n/a	n/a	n/a	n/a	n/a	n/a	n/a	n/a	n/a	3022.234027	n/a
3023.483511	0.000000	604697	ttl	4	72	n/a	n/a	n/a	n/a	n/a	n/a	n/a	n/a	n/a	n/a	n/a	n/a	n/a	n/a	n/a	n/a	n/a	n/a	n/a	n/a	n/a	3023.483511	n/a
3023.505656	0.000000	604701	ttl	11	72	n/a	n/a	n/a	n/a	n/a	n/a	n/a	n/a	n/a	n/a	n/a	n/a	n/a	n/a	n/a	n/a	n/a	n/a	n/a	n/a	n/a	3023.505656	n/a
3024.127859	2.031308	604826	time_discrimination	n/a	n/a	n/a	72.0	n/a	n/a	n/a	3023.50565625	n/a	1.4654206284917564	1.0	2	2.0	SB_39_ShortA.png	n/a	6	3027.6245867499997	n/a	156	2	1	intervals/timediscrimination_table	155	3024.127859	3026.159166
3024.127859	0.000000	604826	ttl	1	72	n/a	n/a	n/a	n/a	n/a	n/a	n/a	n/a	n/a	n/a	n/a	n/a	n/a	n/a	n/a	n/a	n/a	n/a	n/a	n/a	n/a	3024.127859	n/a
3026.159166	0.000000	605232	ttl	2	72	n/a	n/a	n/a	n/a	n/a	n/a	n/a	n/a	n/a	n/a	n/a	n/a	n/a	n/a	n/a	n/a	n/a	n/a	n/a	n/a	n/a	3026.159166	n/a
3027.624587	0.000000	605525	ttl	4	72	n/a	n/a	n/a	n/a	n/a	n/a	n/a	n/a	n/a	n/a	n/a	n/a	n/a	n/a	n/a	n/a	n/a	n/a	n/a	n/a	n/a	3027.624587	n/a
3027.646001	0.000000	605529	ttl	11	72	n/a	n/a	n/a	n/a	n/a	n/a	n/a	n/a	n/a	n/a	n/a	n/a	n/a	n/a	n/a	n/a	n/a	n/a	n/a	n/a	n/a	3027.646001	n/a
3028.268039	2.031282	605654	time_discrimination	n/a	n/a	n/a	72.0	n/a	n/a	n/a	3027.64600075	n/a	1.9960866752599031	1.0	1	2.0	NB_10_ShortA.png	n/a	6	3032.295408	n/a	157	2	1	intervals/timediscrimination_table	156	3028.268039	3030.299321
3028.268039	0.000000	605654	ttl	1	72	n/a	n/a	n/a	n/a	n/a	n/a	n/a	n/a	n/a	n/a	n/a	n/a	n/a	n/a	n/a	n/a	n/a	n/a	n/a	n/a	n/a	3028.268039	n/a
3030.299321	0.000000	606060	ttl	2	72	n/a	n/a	n/a	n/a	n/a	n/a	n/a	n/a	n/a	n/a	n/a	n/a	n/a	n/a	n/a	n/a	n/a	n/a	n/a	n/a	n/a	3030.299321	n/a
3032.295408	0.000000	606459	ttl	4	72	n/a	n/a	n/a	n/a	n/a	n/a	n/a	n/a	n/a	n/a	n/a	n/a	n/a	n/a	n/a	n/a	n/a	n/a	n/a	n/a	n/a	3032.295408	n/a
3032.305422	0.000000	606461	ttl	11	72	n/a	n/a	n/a	n/a	n/a	n/a	n/a	n/a	n/a	n/a	n/a	n/a	n/a	n/a	n/a	n/a	n/a	n/a	n/a	n/a	n/a	3032.305422	n/a
3032.887239	2.031511	606577	time_discrimination	n/a	n/a	n/a	72.0	n/a	n/a	n/a	3032.30542175	n/a	3.554459508500713	2.0	3	2.0	HB_45_ShortA.png	n/a	3	3038.4732089999998	n/a	158	1	1	intervals/timediscrimination_table	157	3032.887239	3034.918749
3032.887239	0.000000	606577	ttl	1	72	n/a	n/a	n/a	n/a	n/a	n/a	n/a	n/a	n/a	n/a	n/a	n/a	n/a	n/a	n/a	n/a	n/a	n/a	n/a	n/a	n/a	3032.887239	n/a
3034.918749	0.000000	606984	ttl	2	72	n/a	n/a	n/a	n/a	n/a	n/a	n/a	n/a	n/a	n/a	n/a	n/a	n/a	n/a	n/a	n/a	n/a	n/a	n/a	n/a	n/a	3034.918749	n/a
3038.473209	0.000000	607695	ttl	4	72	n/a	n/a	n/a	n/a	n/a	n/a	n/a	n/a	n/a	n/a	n/a	n/a	n/a	n/a	n/a	n/a	n/a	n/a	n/a	n/a	n/a	3038.473209	n/a
3038.496214	0.000000	607699	ttl	11	72	n/a	n/a	n/a	n/a	n/a	n/a	n/a	n/a	n/a	n/a	n/a	n/a	n/a	n/a	n/a	n/a	n/a	n/a	n/a	n/a	n/a	3038.496214	n/a
3039.118011	2.031160	607824	time_discrimination	n/a	n/a	n/a	72.0	n/a	n/a	n/a	3038.49621425	n/a	1.9277727316834898	2.0	3	1.0	HB_49_ShortA.png	n/a	4	3043.076944	n/a	159	1	1	intervals/timediscrimination_table	158	3039.118011	3041.149171
3039.118011	0.000000	607824	ttl	1	72	n/a	n/a	n/a	n/a	n/a	n/a	n/a	n/a	n/a	n/a	n/a	n/a	n/a	n/a	n/a	n/a	n/a	n/a	n/a	n/a	n/a	3039.118011	n/a
3041.149171	0.000000	608230	ttl	2	72	n/a	n/a	n/a	n/a	n/a	n/a	n/a	n/a	n/a	n/a	n/a	n/a	n/a	n/a	n/a	n/a	n/a	n/a	n/a	n/a	n/a	3041.149171	n/a
3043.076944	0.000000	608615	ttl	4	72	n/a	n/a	n/a	n/a	n/a	n/a	n/a	n/a	n/a	n/a	n/a	n/a	n/a	n/a	n/a	n/a	n/a	n/a	n/a	n/a	n/a	3043.076944	n/a
3043.101837	0.000000	608620	ttl	11	72	n/a	n/a	n/a	n/a	n/a	n/a	n/a	n/a	n/a	n/a	n/a	n/a	n/a	n/a	n/a	n/a	n/a	n/a	n/a	n/a	n/a	3043.101837	n/a
3043.743810	2.031268	608749	time_discrimination	n/a	n/a	n/a	72.0	n/a	n/a	n/a	3043.1018369999997	n/a	2.576054242635564	2.0	2	2.0	SB_56_LongA.png	n/a	3	3048.35113225	n/a	160	1	1	intervals/timediscrimination_table	159	3043.743810	3045.775078
3043.743810	0.000000	608749	ttl	1	72	n/a	n/a	n/a	n/a	n/a	n/a	n/a	n/a	n/a	n/a	n/a	n/a	n/a	n/a	n/a	n/a	n/a	n/a	n/a	n/a	n/a	3043.743810	n/a
3045.775078	0.000000	609155	ttl	2	72	n/a	n/a	n/a	n/a	n/a	n/a	n/a	n/a	n/a	n/a	n/a	n/a	n/a	n/a	n/a	n/a	n/a	n/a	n/a	n/a	n/a	3045.775078	n/a
3048.351132	0.000000	609670	ttl	4	72	n/a	n/a	n/a	n/a	n/a	n/a	n/a	n/a	n/a	n/a	n/a	n/a	n/a	n/a	n/a	n/a	n/a	n/a	n/a	n/a	n/a	3048.351132	n/a
3048.361291	0.000000	609672	ttl	11	72	n/a	n/a	n/a	n/a	n/a	n/a	n/a	n/a	n/a	n/a	n/a	n/a	n/a	n/a	n/a	n/a	n/a	n/a	n/a	n/a	n/a	3048.361291	n/a
3049.003439	2.031314	609801	time_discrimination	n/a	n/a	n/a	72.0	n/a	n/a	n/a	3048.3612915	n/a	1.5388170089681807	2.0	3	1.0	HB_15_ShortA.png	n/a	4	3052.57356975	n/a	161	1	1	intervals/timediscrimination_table	160	3049.003439	3051.034753
3049.003439	0.000000	609801	ttl	1	72	n/a	n/a	n/a	n/a	n/a	n/a	n/a	n/a	n/a	n/a	n/a	n/a	n/a	n/a	n/a	n/a	n/a	n/a	n/a	n/a	n/a	3049.003439	n/a
3051.034753	0.000000	610207	ttl	2	72	n/a	n/a	n/a	n/a	n/a	n/a	n/a	n/a	n/a	n/a	n/a	n/a	n/a	n/a	n/a	n/a	n/a	n/a	n/a	n/a	n/a	3051.034753	n/a
3052.573570	0.000000	610515	ttl	4	72	n/a	n/a	n/a	n/a	n/a	n/a	n/a	n/a	n/a	n/a	n/a	n/a	n/a	n/a	n/a	n/a	n/a	n/a	n/a	n/a	n/a	3052.573570	n/a
3052.598851	0.000000	610520	ttl	11	72	n/a	n/a	n/a	n/a	n/a	n/a	n/a	n/a	n/a	n/a	n/a	n/a	n/a	n/a	n/a	n/a	n/a	n/a	n/a	n/a	n/a	3052.598851	n/a
3053.180658	2.031412	610636	time_discrimination	n/a	n/a	n/a	72.0	n/a	n/a	n/a	3052.59885125	n/a	1.264291152765054	1.0	2	2.0	SB_48_ShortA.png	n/a	3	3056.476361	n/a	162	1	2	intervals/timediscrimination_table	161	3053.180658	3055.212070
3053.180658	0.000000	610636	ttl	1	72	n/a	n/a	n/a	n/a	n/a	n/a	n/a	n/a	n/a	n/a	n/a	n/a	n/a	n/a	n/a	n/a	n/a	n/a	n/a	n/a	n/a	3053.180658	n/a
3055.212070	0.000000	611042	ttl	2	72	n/a	n/a	n/a	n/a	n/a	n/a	n/a	n/a	n/a	n/a	n/a	n/a	n/a	n/a	n/a	n/a	n/a	n/a	n/a	n/a	n/a	3055.212070	n/a
3056.476361	0.000000	611295	ttl	4	72	n/a	n/a	n/a	n/a	n/a	n/a	n/a	n/a	n/a	n/a	n/a	n/a	n/a	n/a	n/a	n/a	n/a	n/a	n/a	n/a	n/a	3056.476361	n/a
3056.488271	0.000000	611298	ttl	11	72	n/a	n/a	n/a	n/a	n/a	n/a	n/a	n/a	n/a	n/a	n/a	n/a	n/a	n/a	n/a	n/a	n/a	n/a	n/a	n/a	n/a	3056.488271	n/a
3057.130554	2.031158	611426	time_discrimination	n/a	n/a	n/a	72.0	n/a	n/a	n/a	3056.48827075	n/a	1.9721041621100994	2.0	2	3.0	SB_28_LongA.png	n/a	7	3061.1338162499997	n/a	163	2	2	intervals/timediscrimination_table	162	3057.130554	3059.161712
3057.130554	0.000000	611426	ttl	1	72	n/a	n/a	n/a	n/a	n/a	n/a	n/a	n/a	n/a	n/a	n/a	n/a	n/a	n/a	n/a	n/a	n/a	n/a	n/a	n/a	n/a	3057.130554	n/a
3059.161712	0.000000	611832	ttl	2	72	n/a	n/a	n/a	n/a	n/a	n/a	n/a	n/a	n/a	n/a	n/a	n/a	n/a	n/a	n/a	n/a	n/a	n/a	n/a	n/a	n/a	3059.161712	n/a
3061.133816	0.000000	612227	ttl	4	72	n/a	n/a	n/a	n/a	n/a	n/a	n/a	n/a	n/a	n/a	n/a	n/a	n/a	n/a	n/a	n/a	n/a	n/a	n/a	n/a	n/a	3061.133816	n/a
3061.143122	0.000000	612229	ttl	11	72	n/a	n/a	n/a	n/a	n/a	n/a	n/a	n/a	n/a	n/a	n/a	n/a	n/a	n/a	n/a	n/a	n/a	n/a	n/a	n/a	n/a	3061.143122	n/a
3061.785290	2.031434	612357	time_discrimination	n/a	n/a	n/a	72.0	n/a	n/a	n/a	3061.1431224999997	n/a	1.729961401492801	2.0	1	3.0	NB_7_LongA.png	n/a	7	3065.54668525	n/a	164	2	2	intervals/timediscrimination_table	163	3061.785290	3063.816724
3061.785290	0.000000	612357	ttl	1	72	n/a	n/a	n/a	n/a	n/a	n/a	n/a	n/a	n/a	n/a	n/a	n/a	n/a	n/a	n/a	n/a	n/a	n/a	n/a	n/a	n/a	3061.785290	n/a
3063.816724	0.000000	612763	ttl	2	72	n/a	n/a	n/a	n/a	n/a	n/a	n/a	n/a	n/a	n/a	n/a	n/a	n/a	n/a	n/a	n/a	n/a	n/a	n/a	n/a	n/a	3063.816724	n/a
3065.546685	0.000000	613109	ttl	4	72	n/a	n/a	n/a	n/a	n/a	n/a	n/a	n/a	n/a	n/a	n/a	n/a	n/a	n/a	n/a	n/a	n/a	n/a	n/a	n/a	n/a	3065.546685	n/a
3065.558759	0.000000	613112	ttl	11	72	n/a	n/a	n/a	n/a	n/a	n/a	n/a	n/a	n/a	n/a	n/a	n/a	n/a	n/a	n/a	n/a	n/a	n/a	n/a	n/a	n/a	3065.558759	n/a
3066.221132	2.031317	613244	time_discrimination	n/a	n/a	n/a	72.0	n/a	n/a	n/a	3065.55875875	n/a	1.6626590041259988	2.0	1	3.0	NB_24_ShortA.png	n/a	2	3069.9151085	n/a	165	1	1	intervals/timediscrimination_table	164	3066.221132	3068.252449
3066.221132	0.000000	613244	ttl	1	72	n/a	n/a	n/a	n/a	n/a	n/a	n/a	n/a	n/a	n/a	n/a	n/a	n/a	n/a	n/a	n/a	n/a	n/a	n/a	n/a	n/a	3066.221132	n/a
3068.252449	0.000000	613650	ttl	2	72	n/a	n/a	n/a	n/a	n/a	n/a	n/a	n/a	n/a	n/a	n/a	n/a	n/a	n/a	n/a	n/a	n/a	n/a	n/a	n/a	n/a	3068.252449	n/a
3069.915108	0.000000	613983	ttl	4	72	n/a	n/a	n/a	n/a	n/a	n/a	n/a	n/a	n/a	n/a	n/a	n/a	n/a	n/a	n/a	n/a	n/a	n/a	n/a	n/a	n/a	3069.915108	n/a
3069.924907	0.000000	613985	ttl	11	72	n/a	n/a	n/a	n/a	n/a	n/a	n/a	n/a	n/a	n/a	n/a	n/a	n/a	n/a	n/a	n/a	n/a	n/a	n/a	n/a	n/a	3069.924907	n/a
3070.526750	2.031526	614105	time_discrimination	n/a	n/a	n/a	72.0	n/a	n/a	n/a	3069.924907	n/a	2.5980187110822044	1.0	1	1.0	NB_19_ShortA.png	n/a	4	3075.15629425	n/a	166	1	2	intervals/timediscrimination_table	165	3070.526750	3072.558276
3070.526750	0.000000	614105	ttl	1	72	n/a	n/a	n/a	n/a	n/a	n/a	n/a	n/a	n/a	n/a	n/a	n/a	n/a	n/a	n/a	n/a	n/a	n/a	n/a	n/a	n/a	3070.526750	n/a
3072.558276	0.000000	614512	ttl	2	72	n/a	n/a	n/a	n/a	n/a	n/a	n/a	n/a	n/a	n/a	n/a	n/a	n/a	n/a	n/a	n/a	n/a	n/a	n/a	n/a	n/a	3072.558276	n/a
3075.156294	0.000000	615031	ttl	4	72	n/a	n/a	n/a	n/a	n/a	n/a	n/a	n/a	n/a	n/a	n/a	n/a	n/a	n/a	n/a	n/a	n/a	n/a	n/a	n/a	n/a	3075.156294	n/a
3075.172446	0.000000	615034	ttl	11	72	n/a	n/a	n/a	n/a	n/a	n/a	n/a	n/a	n/a	n/a	n/a	n/a	n/a	n/a	n/a	n/a	n/a	n/a	n/a	n/a	n/a	3075.172446	n/a
3075.794642	2.031294	615159	time_discrimination	n/a	n/a	n/a	72.0	n/a	n/a	n/a	3075.17244575	n/a	1.7299049107332394	1.0	1	2.0	NB_10_LongA.png	n/a	3	3079.55584075	n/a	167	1	2	intervals/timediscrimination_table	166	3075.794642	3077.825936
3075.794642	0.000000	615159	ttl	1	72	n/a	n/a	n/a	n/a	n/a	n/a	n/a	n/a	n/a	n/a	n/a	n/a	n/a	n/a	n/a	n/a	n/a	n/a	n/a	n/a	n/a	3075.794642	n/a
3077.825936	0.000000	615565	ttl	2	72	n/a	n/a	n/a	n/a	n/a	n/a	n/a	n/a	n/a	n/a	n/a	n/a	n/a	n/a	n/a	n/a	n/a	n/a	n/a	n/a	n/a	3077.825936	n/a
3079.555841	0.000000	615911	ttl	4	72	n/a	n/a	n/a	n/a	n/a	n/a	n/a	n/a	n/a	n/a	n/a	n/a	n/a	n/a	n/a	n/a	n/a	n/a	n/a	n/a	n/a	3079.555841	n/a
3079.576511	0.000000	615915	ttl	11	72	n/a	n/a	n/a	n/a	n/a	n/a	n/a	n/a	n/a	n/a	n/a	n/a	n/a	n/a	n/a	n/a	n/a	n/a	n/a	n/a	n/a	3079.576511	n/a
3080.198619	2.031020	616040	time_discrimination	n/a	n/a	n/a	72.0	n/a	n/a	n/a	3079.5765115	n/a	2.034878043334629	2.0	1	2.0	NB_15_ShortA.png	n/a	3	3084.2645172499997	n/a	168	1	1	intervals/timediscrimination_table	167	3080.198619	3082.229639
3080.198619	0.000000	616040	ttl	1	72	n/a	n/a	n/a	n/a	n/a	n/a	n/a	n/a	n/a	n/a	n/a	n/a	n/a	n/a	n/a	n/a	n/a	n/a	n/a	n/a	n/a	3080.198619	n/a
3082.229639	0.000000	616446	ttl	2	72	n/a	n/a	n/a	n/a	n/a	n/a	n/a	n/a	n/a	n/a	n/a	n/a	n/a	n/a	n/a	n/a	n/a	n/a	n/a	n/a	n/a	3082.229639	n/a
3084.264517	0.000000	616853	ttl	4	72	n/a	n/a	n/a	n/a	n/a	n/a	n/a	n/a	n/a	n/a	n/a	n/a	n/a	n/a	n/a	n/a	n/a	n/a	n/a	n/a	n/a	3084.264517	n/a
3084.274236	0.000000	616855	ttl	11	72	n/a	n/a	n/a	n/a	n/a	n/a	n/a	n/a	n/a	n/a	n/a	n/a	n/a	n/a	n/a	n/a	n/a	n/a	n/a	n/a	n/a	3084.274236	n/a
3084.876089	2.031468	616975	time_discrimination	n/a	n/a	n/a	72.0	n/a	n/a	n/a	3084.2742365	n/a	0.6316761216207851	1.0	2	1.0	SB_13_LongA.png	n/a	4	3087.53923325	n/a	169	1	2	intervals/timediscrimination_table	168	3084.876089	3086.907557
3084.876089	0.000000	616975	ttl	1	72	n/a	n/a	n/a	n/a	n/a	n/a	n/a	n/a	n/a	n/a	n/a	n/a	n/a	n/a	n/a	n/a	n/a	n/a	n/a	n/a	n/a	3084.876089	n/a
3086.907557	0.000000	617382	ttl	2	72	n/a	n/a	n/a	n/a	n/a	n/a	n/a	n/a	n/a	n/a	n/a	n/a	n/a	n/a	n/a	n/a	n/a	n/a	n/a	n/a	n/a	3086.907557	n/a
3087.539233	0.000000	617508	ttl	4	72	n/a	n/a	n/a	n/a	n/a	n/a	n/a	n/a	n/a	n/a	n/a	n/a	n/a	n/a	n/a	n/a	n/a	n/a	n/a	n/a	n/a	3087.539233	n/a
3087.563074	0.000000	617513	ttl	11	72	n/a	n/a	n/a	n/a	n/a	n/a	n/a	n/a	n/a	n/a	n/a	n/a	n/a	n/a	n/a	n/a	n/a	n/a	n/a	n/a	n/a	3087.563074	n/a
3088.185089	2.031295	617637	time_discrimination	n/a	n/a	n/a	72.0	n/a	n/a	n/a	3087.5630745	n/a	0.4920462815734936	2.0	2	2.0	SB_1_ShortA.png	n/a	3	3090.7084302499998	n/a	170	1	1	intervals/timediscrimination_table	169	3088.185089	3090.216384
3088.185089	0.000000	617637	ttl	1	72	n/a	n/a	n/a	n/a	n/a	n/a	n/a	n/a	n/a	n/a	n/a	n/a	n/a	n/a	n/a	n/a	n/a	n/a	n/a	n/a	n/a	3088.185089	n/a
3090.216384	0.000000	618043	ttl	2	72	n/a	n/a	n/a	n/a	n/a	n/a	n/a	n/a	n/a	n/a	n/a	n/a	n/a	n/a	n/a	n/a	n/a	n/a	n/a	n/a	n/a	3090.216384	n/a
3090.708430	0.000000	618142	ttl	4	72	n/a	n/a	n/a	n/a	n/a	n/a	n/a	n/a	n/a	n/a	n/a	n/a	n/a	n/a	n/a	n/a	n/a	n/a	n/a	n/a	n/a	3090.708430	n/a
3090.719886	0.000000	618144	ttl	11	72	n/a	n/a	n/a	n/a	n/a	n/a	n/a	n/a	n/a	n/a	n/a	n/a	n/a	n/a	n/a	n/a	n/a	n/a	n/a	n/a	n/a	3090.719886	n/a
3091.342003	2.031295	618268	time_discrimination	n/a	n/a	n/a	72.0	n/a	n/a	n/a	3090.719886	n/a	2.1175120632624385	1.0	1	2.0	NB_1_LongA.png	n/a	3	3095.49081	n/a	171	1	2	intervals/timediscrimination_table	170	3091.342003	3093.373298
3091.342003	0.000000	618268	ttl	1	72	n/a	n/a	n/a	n/a	n/a	n/a	n/a	n/a	n/a	n/a	n/a	n/a	n/a	n/a	n/a	n/a	n/a	n/a	n/a	n/a	n/a	3091.342003	n/a
3093.373298	0.000000	618675	ttl	2	72	n/a	n/a	n/a	n/a	n/a	n/a	n/a	n/a	n/a	n/a	n/a	n/a	n/a	n/a	n/a	n/a	n/a	n/a	n/a	n/a	n/a	3093.373298	n/a
3095.490810	0.000000	619098	ttl	4	72	n/a	n/a	n/a	n/a	n/a	n/a	n/a	n/a	n/a	n/a	n/a	n/a	n/a	n/a	n/a	n/a	n/a	n/a	n/a	n/a	n/a	3095.490810	n/a
3095.508918	0.000000	619102	ttl	11	72	n/a	n/a	n/a	n/a	n/a	n/a	n/a	n/a	n/a	n/a	n/a	n/a	n/a	n/a	n/a	n/a	n/a	n/a	n/a	n/a	n/a	3095.508918	n/a
3096.151057	2.031334	619230	time_discrimination	n/a	n/a	n/a	72.0	n/a	n/a	n/a	3095.50891825	n/a	1.3299601190874455	1.0	2	3.0	SB_8_ShortA.png	n/a	2	3099.5123507499998	n/a	172	1	2	intervals/timediscrimination_table	171	3096.151057	3098.182391
3096.151057	0.000000	619230	ttl	1	72	n/a	n/a	n/a	n/a	n/a	n/a	n/a	n/a	n/a	n/a	n/a	n/a	n/a	n/a	n/a	n/a	n/a	n/a	n/a	n/a	n/a	3096.151057	n/a
3098.182391	0.000000	619636	ttl	2	72	n/a	n/a	n/a	n/a	n/a	n/a	n/a	n/a	n/a	n/a	n/a	n/a	n/a	n/a	n/a	n/a	n/a	n/a	n/a	n/a	n/a	3098.182391	n/a
3099.512351	0.000000	619902	ttl	4	72	n/a	n/a	n/a	n/a	n/a	n/a	n/a	n/a	n/a	n/a	n/a	n/a	n/a	n/a	n/a	n/a	n/a	n/a	n/a	n/a	n/a	3099.512351	n/a
3099.534950	0.000000	619907	ttl	11	72	n/a	n/a	n/a	n/a	n/a	n/a	n/a	n/a	n/a	n/a	n/a	n/a	n/a	n/a	n/a	n/a	n/a	n/a	n/a	n/a	n/a	3099.534950	n/a
3100.136981	2.031302	620027	time_discrimination	n/a	n/a	n/a	72.0	n/a	n/a	n/a	3099.5349499999998	n/a	2.4424245414506913	1.0	1	3.0	NB_13_ShortA.png	n/a	2	3104.61070775	n/a	173	1	2	intervals/timediscrimination_table	172	3100.136981	3102.168283
3100.136981	0.000000	620027	ttl	1	72	n/a	n/a	n/a	n/a	n/a	n/a	n/a	n/a	n/a	n/a	n/a	n/a	n/a	n/a	n/a	n/a	n/a	n/a	n/a	n/a	n/a	3100.136981	n/a
3102.168283	0.000000	620434	ttl	2	72	n/a	n/a	n/a	n/a	n/a	n/a	n/a	n/a	n/a	n/a	n/a	n/a	n/a	n/a	n/a	n/a	n/a	n/a	n/a	n/a	n/a	3102.168283	n/a
3104.610708	0.000000	620922	ttl	4	72	n/a	n/a	n/a	n/a	n/a	n/a	n/a	n/a	n/a	n/a	n/a	n/a	n/a	n/a	n/a	n/a	n/a	n/a	n/a	n/a	n/a	3104.610708	n/a
3104.622843	0.000000	620925	ttl	11	72	n/a	n/a	n/a	n/a	n/a	n/a	n/a	n/a	n/a	n/a	n/a	n/a	n/a	n/a	n/a	n/a	n/a	n/a	n/a	n/a	n/a	3104.622843	n/a
3105.305188	2.031282	621061	time_discrimination	n/a	n/a	n/a	72.0	n/a	n/a	n/a	3104.6228432499997	n/a	1.0559568005469373	1.0	3	3.0	HB_56_ShortA.png	n/a	2	3108.3924265	n/a	174	1	2	intervals/timediscrimination_table	173	3105.305188	3107.336470
3105.305188	0.000000	621061	ttl	1	72	n/a	n/a	n/a	n/a	n/a	n/a	n/a	n/a	n/a	n/a	n/a	n/a	n/a	n/a	n/a	n/a	n/a	n/a	n/a	n/a	n/a	3105.305188	n/a
3107.336470	0.000000	621467	ttl	2	72	n/a	n/a	n/a	n/a	n/a	n/a	n/a	n/a	n/a	n/a	n/a	n/a	n/a	n/a	n/a	n/a	n/a	n/a	n/a	n/a	n/a	3107.336470	n/a
3108.392427	0.000000	621678	ttl	4	72	n/a	n/a	n/a	n/a	n/a	n/a	n/a	n/a	n/a	n/a	n/a	n/a	n/a	n/a	n/a	n/a	n/a	n/a	n/a	n/a	n/a	3108.392427	n/a
3108.410496	0.000000	621682	ttl	11	72	n/a	n/a	n/a	n/a	n/a	n/a	n/a	n/a	n/a	n/a	n/a	n/a	n/a	n/a	n/a	n/a	n/a	n/a	n/a	n/a	n/a	3108.410496	n/a
3109.032603	2.031074	621807	time_discrimination	n/a	n/a	n/a	72.0	n/a	n/a	n/a	3108.41049625	n/a	2.6897118249107734	2.0	2	3.0	SB_24_LongA.png	n/a	2	3113.75338925	n/a	175	1	1	intervals/timediscrimination_table	174	3109.032603	3111.063677
3109.032603	0.000000	621807	ttl	1	72	n/a	n/a	n/a	n/a	n/a	n/a	n/a	n/a	n/a	n/a	n/a	n/a	n/a	n/a	n/a	n/a	n/a	n/a	n/a	n/a	n/a	3109.032603	n/a
3111.063677	0.000000	622213	ttl	2	72	n/a	n/a	n/a	n/a	n/a	n/a	n/a	n/a	n/a	n/a	n/a	n/a	n/a	n/a	n/a	n/a	n/a	n/a	n/a	n/a	n/a	3111.063677	n/a
3113.753389	0.000000	622751	ttl	4	72	n/a	n/a	n/a	n/a	n/a	n/a	n/a	n/a	n/a	n/a	n/a	n/a	n/a	n/a	n/a	n/a	n/a	n/a	n/a	n/a	n/a	3113.753389	n/a
3113.773011	0.000000	622755	ttl	11	72	n/a	n/a	n/a	n/a	n/a	n/a	n/a	n/a	n/a	n/a	n/a	n/a	n/a	n/a	n/a	n/a	n/a	n/a	n/a	n/a	n/a	3113.773011	n/a
3114.375200	2.031252	622875	time_discrimination	n/a	n/a	n/a	72.0	n/a	n/a	n/a	3113.7730107499997	n/a	1.564874746766236	1.0	1	3.0	NB_20_ShortA.png	n/a	2	3117.9713275	n/a	176	1	2	intervals/timediscrimination_table	175	3114.375200	3116.406453
3114.375200	0.000000	622875	ttl	1	72	n/a	n/a	n/a	n/a	n/a	n/a	n/a	n/a	n/a	n/a	n/a	n/a	n/a	n/a	n/a	n/a	n/a	n/a	n/a	n/a	n/a	3114.375200	n/a
3116.406453	0.000000	623281	ttl	2	72	n/a	n/a	n/a	n/a	n/a	n/a	n/a	n/a	n/a	n/a	n/a	n/a	n/a	n/a	n/a	n/a	n/a	n/a	n/a	n/a	n/a	3116.406453	n/a
3117.971327	0.000000	623594	ttl	4	72	n/a	n/a	n/a	n/a	n/a	n/a	n/a	n/a	n/a	n/a	n/a	n/a	n/a	n/a	n/a	n/a	n/a	n/a	n/a	n/a	n/a	3117.971327	n/a
3117.985004	0.000000	623597	ttl	11	72	n/a	n/a	n/a	n/a	n/a	n/a	n/a	n/a	n/a	n/a	n/a	n/a	n/a	n/a	n/a	n/a	n/a	n/a	n/a	n/a	n/a	3117.985004	n/a
3118.607118	2.031298	623721	time_discrimination	n/a	n/a	n/a	72.0	n/a	n/a	n/a	3117.9850039999997	n/a	1.9231028421863812	1.0	2	3.0	SB_37_LongA.png	n/a	7	3122.5615184999997	n/a	177	2	1	intervals/timediscrimination_table	176	3118.607118	3120.638416
3118.607118	0.000000	623721	ttl	1	72	n/a	n/a	n/a	n/a	n/a	n/a	n/a	n/a	n/a	n/a	n/a	n/a	n/a	n/a	n/a	n/a	n/a	n/a	n/a	n/a	n/a	3118.607118	n/a
3120.638416	0.000000	624128	ttl	2	72	n/a	n/a	n/a	n/a	n/a	n/a	n/a	n/a	n/a	n/a	n/a	n/a	n/a	n/a	n/a	n/a	n/a	n/a	n/a	n/a	n/a	3120.638416	n/a
3122.561518	0.000000	624512	ttl	4	72	n/a	n/a	n/a	n/a	n/a	n/a	n/a	n/a	n/a	n/a	n/a	n/a	n/a	n/a	n/a	n/a	n/a	n/a	n/a	n/a	n/a	3122.561518	n/a
3122.574113	0.000000	624515	ttl	11	72	n/a	n/a	n/a	n/a	n/a	n/a	n/a	n/a	n/a	n/a	n/a	n/a	n/a	n/a	n/a	n/a	n/a	n/a	n/a	n/a	n/a	3122.574113	n/a
3123.156203	2.031195	624631	time_discrimination	n/a	n/a	n/a	72.0	n/a	n/a	n/a	3122.5741135	n/a	2.0490496058450844	1.0	2	2.0	SB_50_LongA.png	n/a	6	3127.23644775	n/a	178	2	1	intervals/timediscrimination_table	177	3123.156203	3125.187398
3123.156203	0.000000	624631	ttl	1	72	n/a	n/a	n/a	n/a	n/a	n/a	n/a	n/a	n/a	n/a	n/a	n/a	n/a	n/a	n/a	n/a	n/a	n/a	n/a	n/a	n/a	3123.156203	n/a
3125.187398	0.000000	625037	ttl	2	72	n/a	n/a	n/a	n/a	n/a	n/a	n/a	n/a	n/a	n/a	n/a	n/a	n/a	n/a	n/a	n/a	n/a	n/a	n/a	n/a	n/a	3125.187398	n/a
3127.236448	0.000000	625447	ttl	4	72	n/a	n/a	n/a	n/a	n/a	n/a	n/a	n/a	n/a	n/a	n/a	n/a	n/a	n/a	n/a	n/a	n/a	n/a	n/a	n/a	n/a	3127.236448	n/a
3127.253070	0.000000	625451	ttl	11	72	n/a	n/a	n/a	n/a	n/a	n/a	n/a	n/a	n/a	n/a	n/a	n/a	n/a	n/a	n/a	n/a	n/a	n/a	n/a	n/a	n/a	3127.253070	n/a
3127.856385	2.029485	625571	time_discrimination	n/a	n/a	n/a	72.0	n/a	n/a	n/a	3127.2530695	n/a	0.8233528920218305	1.0	2	1.0	SB_30_ShortA.png	n/a	5	3130.7092227499998	n/a	179	2	1	intervals/timediscrimination_table	178	3127.856385	3129.885870
3127.856385	0.000000	625571	ttl	1	72	n/a	n/a	n/a	n/a	n/a	n/a	n/a	n/a	n/a	n/a	n/a	n/a	n/a	n/a	n/a	n/a	n/a	n/a	n/a	n/a	n/a	3127.856385	n/a
3129.885870	0.000000	625977	ttl	2	72	n/a	n/a	n/a	n/a	n/a	n/a	n/a	n/a	n/a	n/a	n/a	n/a	n/a	n/a	n/a	n/a	n/a	n/a	n/a	n/a	n/a	3129.885870	n/a
3130.709223	0.000000	626142	ttl	4	72	n/a	n/a	n/a	n/a	n/a	n/a	n/a	n/a	n/a	n/a	n/a	n/a	n/a	n/a	n/a	n/a	n/a	n/a	n/a	n/a	n/a	3130.709223	n/a
3130.731338	0.000000	626146	ttl	11	72	n/a	n/a	n/a	n/a	n/a	n/a	n/a	n/a	n/a	n/a	n/a	n/a	n/a	n/a	n/a	n/a	n/a	n/a	n/a	n/a	n/a	3130.731338	n/a
3131.268094	2.085148	626254	time_discrimination	n/a	n/a	n/a	72.0	n/a	n/a	n/a	3130.73133775	n/a	0.8506575529936526	1.0	2	3.0	SB_30_LongA.png	n/a	2	3134.2038992499997	n/a	180	1	2	intervals/timediscrimination_table	179	3131.268094	3133.353242
3131.268094	0.000000	626254	ttl	1	72	n/a	n/a	n/a	n/a	n/a	n/a	n/a	n/a	n/a	n/a	n/a	n/a	n/a	n/a	n/a	n/a	n/a	n/a	n/a	n/a	n/a	3131.268094	n/a
3133.353242	0.000000	626671	ttl	2	72	n/a	n/a	n/a	n/a	n/a	n/a	n/a	n/a	n/a	n/a	n/a	n/a	n/a	n/a	n/a	n/a	n/a	n/a	n/a	n/a	n/a	3133.353242	n/a
3134.203899	0.000000	626841	ttl	4	72	n/a	n/a	n/a	n/a	n/a	n/a	n/a	n/a	n/a	n/a	n/a	n/a	n/a	n/a	n/a	n/a	n/a	n/a	n/a	n/a	n/a	3134.203899	n/a
3134.255525	0.000000	626851	ttl	60	72	n/a	n/a	n/a	n/a	n/a	n/a	n/a	n/a	n/a	n/a	n/a	n/a	n/a	n/a	n/a	n/a	n/a	n/a	n/a	n/a	n/a	3134.255525	n/a
