onset	duration	sample	trial_type	value	experiment_id	Clip_name	ExperimentID	boundary1_time	boundary2_time	boundary3_time	fixcross_time	stimCategory	RT	accuracy	boundary_type	confidence	frameName	old_new	resp_value	source_response_time	stimuli_type	trial_num	leftright	resp_key	source_table	source_row_id	source_start_time	source_stop_time
0.000000	0.000000	0	ttl	61	70	n/a	n/a	n/a	n/a	n/a	n/a	n/a	n/a	n/a	n/a	n/a	n/a	n/a	n/a	n/a	n/a	n/a	n/a	n/a	n/a	n/a	0.000000	n/a
0.058909	0.000000	12	ttl	11	70	n/a	n/a	n/a	n/a	n/a	n/a	n/a	n/a	n/a	n/a	n/a	n/a	n/a	n/a	n/a	n/a	n/a	n/a	n/a	n/a	n/a	0.058909	n/a
1.156479	8.232906	231	encoding	n/a	n/a	SB_19.mp4	70.0	3.7408942499999998	6.05185	n/a	0.058908999999999996	1	n/a	n/a	n/a	n/a	n/a	n/a	n/a	n/a	n/a	n/a	n/a	n/a	intervals/encoding_table	0	1.156479	9.389385
1.156479	0.000000	231	ttl	1	70	n/a	n/a	n/a	n/a	n/a	n/a	n/a	n/a	n/a	n/a	n/a	n/a	n/a	n/a	n/a	n/a	n/a	n/a	n/a	n/a	n/a	1.156479	n/a
9.389385	0.000000	1878	ttl	2	70	n/a	n/a	n/a	n/a	n/a	n/a	n/a	n/a	n/a	n/a	n/a	n/a	n/a	n/a	n/a	n/a	n/a	n/a	n/a	n/a	n/a	9.389385	n/a
9.402876	0.000000	1881	ttl	11	70	n/a	n/a	n/a	n/a	n/a	n/a	n/a	n/a	n/a	n/a	n/a	n/a	n/a	n/a	n/a	n/a	n/a	n/a	n/a	n/a	n/a	9.402876	n/a
10.379891	6.871071	2076	encoding	n/a	n/a	NB_4.mp4	70.0	14.379890999999999	n/a	n/a	9.402876	0	n/a	n/a	n/a	n/a	n/a	n/a	n/a	n/a	n/a	n/a	n/a	n/a	intervals/encoding_table	1	10.379891	17.250961
10.379891	0.000000	2076	ttl	1	70	n/a	n/a	n/a	n/a	n/a	n/a	n/a	n/a	n/a	n/a	n/a	n/a	n/a	n/a	n/a	n/a	n/a	n/a	n/a	n/a	n/a	10.379891	n/a
17.250961	0.000000	3450	ttl	2	70	n/a	n/a	n/a	n/a	n/a	n/a	n/a	n/a	n/a	n/a	n/a	n/a	n/a	n/a	n/a	n/a	n/a	n/a	n/a	n/a	n/a	17.250961	n/a
17.264950	0.000000	3453	ttl	11	70	n/a	n/a	n/a	n/a	n/a	n/a	n/a	n/a	n/a	n/a	n/a	n/a	n/a	n/a	n/a	n/a	n/a	n/a	n/a	n/a	n/a	17.264950	n/a
18.353597	8.064696	3671	encoding	n/a	n/a	HB_18.mp4	70.0	22.35359725	n/a	n/a	17.26495025	2	n/a	n/a	n/a	n/a	n/a	n/a	n/a	n/a	n/a	n/a	n/a	n/a	intervals/encoding_table	2	18.353597	26.418293
18.353597	0.000000	3671	ttl	1	70	n/a	n/a	n/a	n/a	n/a	n/a	n/a	n/a	n/a	n/a	n/a	n/a	n/a	n/a	n/a	n/a	n/a	n/a	n/a	n/a	n/a	18.353597	n/a
26.418293	0.000000	5284	ttl	2	70	n/a	n/a	n/a	n/a	n/a	n/a	n/a	n/a	n/a	n/a	n/a	n/a	n/a	n/a	n/a	n/a	n/a	n/a	n/a	n/a	n/a	26.418293	n/a
26.432585	0.000000	5287	ttl	11	70	n/a	n/a	n/a	n/a	n/a	n/a	n/a	n/a	n/a	n/a	n/a	n/a	n/a	n/a	n/a	n/a	n/a	n/a	n/a	n/a	n/a	26.432585	n/a
27.365985	7.299609	5473	encoding	n/a	n/a	NB_28.mp4	70.0	31.365985	n/a	n/a	26.43258475	0	n/a	n/a	n/a	n/a	n/a	n/a	n/a	n/a	n/a	n/a	n/a	n/a	intervals/encoding_table	3	27.365985	34.665594
27.365985	0.000000	5473	ttl	1	70	n/a	n/a	n/a	n/a	n/a	n/a	n/a	n/a	n/a	n/a	n/a	n/a	n/a	n/a	n/a	n/a	n/a	n/a	n/a	n/a	n/a	27.365985	n/a
34.665594	0.000000	6933	ttl	2	70	n/a	n/a	n/a	n/a	n/a	n/a	n/a	n/a	n/a	n/a	n/a	n/a	n/a	n/a	n/a	n/a	n/a	n/a	n/a	n/a	n/a	34.665594	n/a
34.681364	0.000000	6936	ttl	11	70	n/a	n/a	n/a	n/a	n/a	n/a	n/a	n/a	n/a	n/a	n/a	n/a	n/a	n/a	n/a	n/a	n/a	n/a	n/a	n/a	n/a	34.681364	n/a
35.766365	8.050064	7153	encoding	n/a	n/a	HB_1.mp4	70.0	39.766365	37.31841525	n/a	34.68136425	2	n/a	n/a	n/a	n/a	n/a	n/a	n/a	n/a	n/a	n/a	n/a	n/a	intervals/encoding_table	4	35.766365	43.816429
35.766365	0.000000	7153	ttl	1	70	n/a	n/a	n/a	n/a	n/a	n/a	n/a	n/a	n/a	n/a	n/a	n/a	n/a	n/a	n/a	n/a	n/a	n/a	n/a	n/a	n/a	35.766365	n/a
43.816429	0.000000	8763	ttl	2	70	n/a	n/a	n/a	n/a	n/a	n/a	n/a	n/a	n/a	n/a	n/a	n/a	n/a	n/a	n/a	n/a	n/a	n/a	n/a	n/a	n/a	43.816429	n/a
43.827169	0.000000	8765	ttl	11	70	n/a	n/a	n/a	n/a	n/a	n/a	n/a	n/a	n/a	n/a	n/a	n/a	n/a	n/a	n/a	n/a	n/a	n/a	n/a	n/a	n/a	43.827169	n/a
44.878037	8.664399	8976	encoding	n/a	n/a	SB_20.mp4	70.0	47.79702125	49.13939475	n/a	43.827169	1	n/a	n/a	n/a	n/a	n/a	n/a	n/a	n/a	n/a	n/a	n/a	n/a	intervals/encoding_table	5	44.878037	53.542436
44.878037	0.000000	8976	ttl	1	70	n/a	n/a	n/a	n/a	n/a	n/a	n/a	n/a	n/a	n/a	n/a	n/a	n/a	n/a	n/a	n/a	n/a	n/a	n/a	n/a	n/a	44.878037	n/a
53.542436	0.000000	10708	ttl	2	70	n/a	n/a	n/a	n/a	n/a	n/a	n/a	n/a	n/a	n/a	n/a	n/a	n/a	n/a	n/a	n/a	n/a	n/a	n/a	n/a	n/a	53.542436	n/a
57.638773	0.000000	11528	ttl	11	70	n/a	n/a	n/a	n/a	n/a	n/a	n/a	n/a	n/a	n/a	n/a	n/a	n/a	n/a	n/a	n/a	n/a	n/a	n/a	n/a	n/a	57.638773	n/a
58.710093	8.062697	11742	encoding	n/a	n/a	SB_5.mp4	70.0	62.871889499999995	n/a	n/a	57.6387735	1	n/a	n/a	n/a	n/a	n/a	n/a	n/a	n/a	n/a	n/a	n/a	n/a	intervals/encoding_table	6	58.710093	66.772790
58.710093	0.000000	11742	ttl	1	70	n/a	n/a	n/a	n/a	n/a	n/a	n/a	n/a	n/a	n/a	n/a	n/a	n/a	n/a	n/a	n/a	n/a	n/a	n/a	n/a	n/a	58.710093	n/a
66.772790	0.000000	13355	ttl	2	70	n/a	n/a	n/a	n/a	n/a	n/a	n/a	n/a	n/a	n/a	n/a	n/a	n/a	n/a	n/a	n/a	n/a	n/a	n/a	n/a	n/a	66.772790	n/a
66.788224	0.000000	13358	ttl	11	70	n/a	n/a	n/a	n/a	n/a	n/a	n/a	n/a	n/a	n/a	n/a	n/a	n/a	n/a	n/a	n/a	n/a	n/a	n/a	n/a	n/a	66.788224	n/a
67.808702	7.965874	13562	encoding	n/a	n/a	NB_8.mp4	70.0	71.80870175	n/a	n/a	66.7882245	0	n/a	n/a	n/a	n/a	n/a	n/a	n/a	n/a	n/a	n/a	n/a	n/a	intervals/encoding_table	7	67.808702	75.774576
67.808702	0.000000	13562	ttl	1	70	n/a	n/a	n/a	n/a	n/a	n/a	n/a	n/a	n/a	n/a	n/a	n/a	n/a	n/a	n/a	n/a	n/a	n/a	n/a	n/a	n/a	67.808702	n/a
75.774576	0.000000	15155	ttl	2	70	n/a	n/a	n/a	n/a	n/a	n/a	n/a	n/a	n/a	n/a	n/a	n/a	n/a	n/a	n/a	n/a	n/a	n/a	n/a	n/a	n/a	75.774576	n/a
75.789577	0.000000	15158	ttl	11	70	n/a	n/a	n/a	n/a	n/a	n/a	n/a	n/a	n/a	n/a	n/a	n/a	n/a	n/a	n/a	n/a	n/a	n/a	n/a	n/a	n/a	75.789577	n/a
76.711050	7.996710	15342	encoding	n/a	n/a	NB_2.mp4	70.0	80.71105025	n/a	n/a	75.789577	0	n/a	n/a	n/a	n/a	n/a	n/a	n/a	n/a	n/a	n/a	n/a	n/a	intervals/encoding_table	8	76.711050	84.707760
76.711050	0.000000	15342	ttl	1	70	n/a	n/a	n/a	n/a	n/a	n/a	n/a	n/a	n/a	n/a	n/a	n/a	n/a	n/a	n/a	n/a	n/a	n/a	n/a	n/a	n/a	76.711050	n/a
84.707760	0.000000	16942	ttl	2	70	n/a	n/a	n/a	n/a	n/a	n/a	n/a	n/a	n/a	n/a	n/a	n/a	n/a	n/a	n/a	n/a	n/a	n/a	n/a	n/a	n/a	84.707760	n/a
84.722644	0.000000	16945	ttl	11	70	n/a	n/a	n/a	n/a	n/a	n/a	n/a	n/a	n/a	n/a	n/a	n/a	n/a	n/a	n/a	n/a	n/a	n/a	n/a	n/a	n/a	84.722644	n/a
85.713739	7.933830	17143	encoding	n/a	n/a	SB_1.mp4	70.0	90.78735725	n/a	n/a	84.72264425	1	n/a	n/a	n/a	n/a	n/a	n/a	n/a	n/a	n/a	n/a	n/a	n/a	intervals/encoding_table	9	85.713739	93.647569
85.713739	0.000000	17143	ttl	1	70	n/a	n/a	n/a	n/a	n/a	n/a	n/a	n/a	n/a	n/a	n/a	n/a	n/a	n/a	n/a	n/a	n/a	n/a	n/a	n/a	n/a	85.713739	n/a
93.647569	0.000000	18730	ttl	2	70	n/a	n/a	n/a	n/a	n/a	n/a	n/a	n/a	n/a	n/a	n/a	n/a	n/a	n/a	n/a	n/a	n/a	n/a	n/a	n/a	n/a	93.647569	n/a
93.662274	0.000000	18732	ttl	11	70	n/a	n/a	n/a	n/a	n/a	n/a	n/a	n/a	n/a	n/a	n/a	n/a	n/a	n/a	n/a	n/a	n/a	n/a	n/a	n/a	n/a	93.662274	n/a
94.693192	8.197424	18939	encoding	n/a	n/a	SB_6.mp4	70.0	96.18089375	n/a	n/a	93.66227375	1	n/a	n/a	n/a	n/a	n/a	n/a	n/a	n/a	n/a	n/a	n/a	n/a	intervals/encoding_table	10	94.693192	102.890615
94.693192	0.000000	18939	ttl	1	70	n/a	n/a	n/a	n/a	n/a	n/a	n/a	n/a	n/a	n/a	n/a	n/a	n/a	n/a	n/a	n/a	n/a	n/a	n/a	n/a	n/a	94.693192	n/a
102.890615	0.000000	20578	ttl	2	70	n/a	n/a	n/a	n/a	n/a	n/a	n/a	n/a	n/a	n/a	n/a	n/a	n/a	n/a	n/a	n/a	n/a	n/a	n/a	n/a	n/a	102.890615	n/a
102.905242	0.000000	20581	ttl	11	70	n/a	n/a	n/a	n/a	n/a	n/a	n/a	n/a	n/a	n/a	n/a	n/a	n/a	n/a	n/a	n/a	n/a	n/a	n/a	n/a	n/a	102.905242	n/a
103.816749	8.333005	20763	encoding	n/a	n/a	SB_11.mp4	70.0	105.60481449999999	n/a	n/a	102.9052425	1	n/a	n/a	n/a	n/a	n/a	n/a	n/a	n/a	n/a	n/a	n/a	n/a	intervals/encoding_table	11	103.816749	112.149754
103.816749	0.000000	20763	ttl	1	70	n/a	n/a	n/a	n/a	n/a	n/a	n/a	n/a	n/a	n/a	n/a	n/a	n/a	n/a	n/a	n/a	n/a	n/a	n/a	n/a	n/a	103.816749	n/a
112.149754	0.000000	22430	ttl	2	70	n/a	n/a	n/a	n/a	n/a	n/a	n/a	n/a	n/a	n/a	n/a	n/a	n/a	n/a	n/a	n/a	n/a	n/a	n/a	n/a	n/a	112.149754	n/a
119.378994	0.000000	23876	ttl	11	70	n/a	n/a	n/a	n/a	n/a	n/a	n/a	n/a	n/a	n/a	n/a	n/a	n/a	n/a	n/a	n/a	n/a	n/a	n/a	n/a	n/a	119.378994	n/a
120.283247	7.596189	24057	encoding	n/a	n/a	SB_28.mp4	70.0	121.25889649999999	123.40717174999999	125.05348475	119.37899449999999	1	n/a	n/a	n/a	n/a	n/a	n/a	n/a	n/a	n/a	n/a	n/a	n/a	intervals/encoding_table	12	120.283247	127.879436
120.283247	0.000000	24057	ttl	1	70	n/a	n/a	n/a	n/a	n/a	n/a	n/a	n/a	n/a	n/a	n/a	n/a	n/a	n/a	n/a	n/a	n/a	n/a	n/a	n/a	n/a	120.283247	n/a
127.879436	0.000000	25576	ttl	2	70	n/a	n/a	n/a	n/a	n/a	n/a	n/a	n/a	n/a	n/a	n/a	n/a	n/a	n/a	n/a	n/a	n/a	n/a	n/a	n/a	n/a	127.879436	n/a
127.893876	0.000000	25579	ttl	11	70	n/a	n/a	n/a	n/a	n/a	n/a	n/a	n/a	n/a	n/a	n/a	n/a	n/a	n/a	n/a	n/a	n/a	n/a	n/a	n/a	n/a	127.893876	n/a
128.851836	7.931666	25770	encoding	n/a	n/a	HB_23.mp4	70.0	132.8518365	n/a	n/a	127.89387624999999	2	n/a	n/a	n/a	n/a	n/a	n/a	n/a	n/a	n/a	n/a	n/a	n/a	intervals/encoding_table	13	128.851836	136.783503
128.851836	0.000000	25770	ttl	1	70	n/a	n/a	n/a	n/a	n/a	n/a	n/a	n/a	n/a	n/a	n/a	n/a	n/a	n/a	n/a	n/a	n/a	n/a	n/a	n/a	n/a	128.851836	n/a
136.783503	0.000000	27357	ttl	2	70	n/a	n/a	n/a	n/a	n/a	n/a	n/a	n/a	n/a	n/a	n/a	n/a	n/a	n/a	n/a	n/a	n/a	n/a	n/a	n/a	n/a	136.783503	n/a
136.799383	0.000000	27360	ttl	11	70	n/a	n/a	n/a	n/a	n/a	n/a	n/a	n/a	n/a	n/a	n/a	n/a	n/a	n/a	n/a	n/a	n/a	n/a	n/a	n/a	n/a	136.799383	n/a
137.885679	8.265986	27577	encoding	n/a	n/a	NB_21.mp4	70.0	141.88567874999998	n/a	n/a	136.799383	0	n/a	n/a	n/a	n/a	n/a	n/a	n/a	n/a	n/a	n/a	n/a	n/a	intervals/encoding_table	14	137.885679	146.151665
137.885679	0.000000	27577	ttl	1	70	n/a	n/a	n/a	n/a	n/a	n/a	n/a	n/a	n/a	n/a	n/a	n/a	n/a	n/a	n/a	n/a	n/a	n/a	n/a	n/a	n/a	137.885679	n/a
146.151665	0.000000	29230	ttl	2	70	n/a	n/a	n/a	n/a	n/a	n/a	n/a	n/a	n/a	n/a	n/a	n/a	n/a	n/a	n/a	n/a	n/a	n/a	n/a	n/a	n/a	146.151665	n/a
146.166134	0.000000	29233	ttl	11	70	n/a	n/a	n/a	n/a	n/a	n/a	n/a	n/a	n/a	n/a	n/a	n/a	n/a	n/a	n/a	n/a	n/a	n/a	n/a	n/a	n/a	146.166134	n/a
147.168938	7.832155	29434	encoding	n/a	n/a	HB_29.mp4	70.0	151.16893825	n/a	n/a	146.16613425	2	n/a	n/a	n/a	n/a	n/a	n/a	n/a	n/a	n/a	n/a	n/a	n/a	intervals/encoding_table	15	147.168938	155.001093
147.168938	0.000000	29434	ttl	1	70	n/a	n/a	n/a	n/a	n/a	n/a	n/a	n/a	n/a	n/a	n/a	n/a	n/a	n/a	n/a	n/a	n/a	n/a	n/a	n/a	n/a	147.168938	n/a
155.001093	0.000000	31000	ttl	2	70	n/a	n/a	n/a	n/a	n/a	n/a	n/a	n/a	n/a	n/a	n/a	n/a	n/a	n/a	n/a	n/a	n/a	n/a	n/a	n/a	n/a	155.001093	n/a
155.017050	0.000000	31003	ttl	11	70	n/a	n/a	n/a	n/a	n/a	n/a	n/a	n/a	n/a	n/a	n/a	n/a	n/a	n/a	n/a	n/a	n/a	n/a	n/a	n/a	n/a	155.017050	n/a
156.092110	8.097790	31218	encoding	n/a	n/a	SB_10.mp4	70.0	161.91655275	n/a	n/a	155.01705049999998	1	n/a	n/a	n/a	n/a	n/a	n/a	n/a	n/a	n/a	n/a	n/a	n/a	intervals/encoding_table	16	156.092110	164.189900
156.092110	0.000000	31218	ttl	1	70	n/a	n/a	n/a	n/a	n/a	n/a	n/a	n/a	n/a	n/a	n/a	n/a	n/a	n/a	n/a	n/a	n/a	n/a	n/a	n/a	n/a	156.092110	n/a
164.189900	0.000000	32838	ttl	2	70	n/a	n/a	n/a	n/a	n/a	n/a	n/a	n/a	n/a	n/a	n/a	n/a	n/a	n/a	n/a	n/a	n/a	n/a	n/a	n/a	n/a	164.189900	n/a
164.204668	0.000000	32841	ttl	11	70	n/a	n/a	n/a	n/a	n/a	n/a	n/a	n/a	n/a	n/a	n/a	n/a	n/a	n/a	n/a	n/a	n/a	n/a	n/a	n/a	n/a	164.204668	n/a
165.180288	8.030660	33036	encoding	n/a	n/a	HB_8.mp4	70.0	169.18028825	167.0312525	171.0496005	164.2046685	2	n/a	n/a	n/a	n/a	n/a	n/a	n/a	n/a	n/a	n/a	n/a	n/a	intervals/encoding_table	17	165.180288	173.210948
165.180288	0.000000	33036	ttl	1	70	n/a	n/a	n/a	n/a	n/a	n/a	n/a	n/a	n/a	n/a	n/a	n/a	n/a	n/a	n/a	n/a	n/a	n/a	n/a	n/a	n/a	165.180288	n/a
173.210948	0.000000	34642	ttl	2	70	n/a	n/a	n/a	n/a	n/a	n/a	n/a	n/a	n/a	n/a	n/a	n/a	n/a	n/a	n/a	n/a	n/a	n/a	n/a	n/a	n/a	173.210948	n/a
187.638615	0.000000	37528	ttl	11	70	n/a	n/a	n/a	n/a	n/a	n/a	n/a	n/a	n/a	n/a	n/a	n/a	n/a	n/a	n/a	n/a	n/a	n/a	n/a	n/a	n/a	187.638615	n/a
188.715517	8.066316	37743	encoding	n/a	n/a	HB_20.mp4	70.0	192.71551725	n/a	n/a	187.638615	2	n/a	n/a	n/a	n/a	n/a	n/a	n/a	n/a	n/a	n/a	n/a	n/a	intervals/encoding_table	18	188.715517	196.781833
188.715517	0.000000	37743	ttl	1	70	n/a	n/a	n/a	n/a	n/a	n/a	n/a	n/a	n/a	n/a	n/a	n/a	n/a	n/a	n/a	n/a	n/a	n/a	n/a	n/a	n/a	188.715517	n/a
196.781833	0.000000	39356	ttl	2	70	n/a	n/a	n/a	n/a	n/a	n/a	n/a	n/a	n/a	n/a	n/a	n/a	n/a	n/a	n/a	n/a	n/a	n/a	n/a	n/a	n/a	196.781833	n/a
196.796631	0.000000	39359	ttl	11	70	n/a	n/a	n/a	n/a	n/a	n/a	n/a	n/a	n/a	n/a	n/a	n/a	n/a	n/a	n/a	n/a	n/a	n/a	n/a	n/a	n/a	196.796631	n/a
197.803586	8.033321	39561	encoding	n/a	n/a	HB_9.mp4	70.0	201.80358625	200.26675575	203.67823324999998	196.7966315	2	n/a	n/a	n/a	n/a	n/a	n/a	n/a	n/a	n/a	n/a	n/a	n/a	intervals/encoding_table	19	197.803586	205.836908
197.803586	0.000000	39561	ttl	1	70	n/a	n/a	n/a	n/a	n/a	n/a	n/a	n/a	n/a	n/a	n/a	n/a	n/a	n/a	n/a	n/a	n/a	n/a	n/a	n/a	n/a	197.803586	n/a
205.836908	0.000000	41167	ttl	2	70	n/a	n/a	n/a	n/a	n/a	n/a	n/a	n/a	n/a	n/a	n/a	n/a	n/a	n/a	n/a	n/a	n/a	n/a	n/a	n/a	n/a	205.836908	n/a
205.852955	0.000000	41171	ttl	11	70	n/a	n/a	n/a	n/a	n/a	n/a	n/a	n/a	n/a	n/a	n/a	n/a	n/a	n/a	n/a	n/a	n/a	n/a	n/a	n/a	n/a	205.852955	n/a
206.931476	8.433393	41386	encoding	n/a	n/a	SB_25.mp4	70.0	209.28894599999998	210.4832095	n/a	205.85295524999998	1	n/a	n/a	n/a	n/a	n/a	n/a	n/a	n/a	n/a	n/a	n/a	n/a	intervals/encoding_table	20	206.931476	215.364869
206.931476	0.000000	41386	ttl	1	70	n/a	n/a	n/a	n/a	n/a	n/a	n/a	n/a	n/a	n/a	n/a	n/a	n/a	n/a	n/a	n/a	n/a	n/a	n/a	n/a	n/a	206.931476	n/a
215.364869	0.000000	43073	ttl	2	70	n/a	n/a	n/a	n/a	n/a	n/a	n/a	n/a	n/a	n/a	n/a	n/a	n/a	n/a	n/a	n/a	n/a	n/a	n/a	n/a	n/a	215.364869	n/a
215.380307	0.000000	43076	ttl	11	70	n/a	n/a	n/a	n/a	n/a	n/a	n/a	n/a	n/a	n/a	n/a	n/a	n/a	n/a	n/a	n/a	n/a	n/a	n/a	n/a	n/a	215.380307	n/a
216.300860	8.197553	43260	encoding	n/a	n/a	HB_10.mp4	70.0	220.30086	217.86038975	222.22961425	215.38030725	2	n/a	n/a	n/a	n/a	n/a	n/a	n/a	n/a	n/a	n/a	n/a	n/a	intervals/encoding_table	21	216.300860	224.498413
216.300860	0.000000	43260	ttl	1	70	n/a	n/a	n/a	n/a	n/a	n/a	n/a	n/a	n/a	n/a	n/a	n/a	n/a	n/a	n/a	n/a	n/a	n/a	n/a	n/a	n/a	216.300860	n/a
224.498413	0.000000	44900	ttl	2	70	n/a	n/a	n/a	n/a	n/a	n/a	n/a	n/a	n/a	n/a	n/a	n/a	n/a	n/a	n/a	n/a	n/a	n/a	n/a	n/a	n/a	224.498413	n/a
224.513216	0.000000	44903	ttl	11	70	n/a	n/a	n/a	n/a	n/a	n/a	n/a	n/a	n/a	n/a	n/a	n/a	n/a	n/a	n/a	n/a	n/a	n/a	n/a	n/a	n/a	224.513216	n/a
225.455625	7.629768	45091	encoding	n/a	n/a	SB_16.mp4	70.0	226.739398	229.25487825	n/a	224.513216	1	n/a	n/a	n/a	n/a	n/a	n/a	n/a	n/a	n/a	n/a	n/a	n/a	intervals/encoding_table	22	225.455625	233.085393
225.455625	0.000000	45091	ttl	1	70	n/a	n/a	n/a	n/a	n/a	n/a	n/a	n/a	n/a	n/a	n/a	n/a	n/a	n/a	n/a	n/a	n/a	n/a	n/a	n/a	n/a	225.455625	n/a
233.085393	0.000000	46617	ttl	2	70	n/a	n/a	n/a	n/a	n/a	n/a	n/a	n/a	n/a	n/a	n/a	n/a	n/a	n/a	n/a	n/a	n/a	n/a	n/a	n/a	n/a	233.085393	n/a
238.181849	0.000000	47636	ttl	11	70	n/a	n/a	n/a	n/a	n/a	n/a	n/a	n/a	n/a	n/a	n/a	n/a	n/a	n/a	n/a	n/a	n/a	n/a	n/a	n/a	n/a	238.181849	n/a
239.222170	8.034264	47844	encoding	n/a	n/a	SB_13.mp4	70.0	245.008005	n/a	n/a	238.18184925	1	n/a	n/a	n/a	n/a	n/a	n/a	n/a	n/a	n/a	n/a	n/a	n/a	intervals/encoding_table	23	239.222170	247.256434
239.222170	0.000000	47844	ttl	1	70	n/a	n/a	n/a	n/a	n/a	n/a	n/a	n/a	n/a	n/a	n/a	n/a	n/a	n/a	n/a	n/a	n/a	n/a	n/a	n/a	n/a	239.222170	n/a
247.256434	0.000000	49451	ttl	2	70	n/a	n/a	n/a	n/a	n/a	n/a	n/a	n/a	n/a	n/a	n/a	n/a	n/a	n/a	n/a	n/a	n/a	n/a	n/a	n/a	n/a	247.256434	n/a
247.271427	0.000000	49454	ttl	11	70	n/a	n/a	n/a	n/a	n/a	n/a	n/a	n/a	n/a	n/a	n/a	n/a	n/a	n/a	n/a	n/a	n/a	n/a	n/a	n/a	n/a	247.271427	n/a
248.243698	8.263464	49649	encoding	n/a	n/a	NB_10.mp4	70.0	252.24369775	n/a	n/a	247.2714275	0	n/a	n/a	n/a	n/a	n/a	n/a	n/a	n/a	n/a	n/a	n/a	n/a	intervals/encoding_table	24	248.243698	256.507162
248.243698	0.000000	49649	ttl	1	70	n/a	n/a	n/a	n/a	n/a	n/a	n/a	n/a	n/a	n/a	n/a	n/a	n/a	n/a	n/a	n/a	n/a	n/a	n/a	n/a	n/a	248.243698	n/a
256.507162	0.000000	51301	ttl	2	70	n/a	n/a	n/a	n/a	n/a	n/a	n/a	n/a	n/a	n/a	n/a	n/a	n/a	n/a	n/a	n/a	n/a	n/a	n/a	n/a	n/a	256.507162	n/a
256.522048	0.000000	51304	ttl	11	70	n/a	n/a	n/a	n/a	n/a	n/a	n/a	n/a	n/a	n/a	n/a	n/a	n/a	n/a	n/a	n/a	n/a	n/a	n/a	n/a	n/a	256.522048	n/a
257.422327	8.064111	51484	encoding	n/a	n/a	SB_15.mp4	70.0	262.423729	n/a	n/a	256.52204775	1	n/a	n/a	n/a	n/a	n/a	n/a	n/a	n/a	n/a	n/a	n/a	n/a	intervals/encoding_table	25	257.422327	265.486438
257.422327	0.000000	51484	ttl	1	70	n/a	n/a	n/a	n/a	n/a	n/a	n/a	n/a	n/a	n/a	n/a	n/a	n/a	n/a	n/a	n/a	n/a	n/a	n/a	n/a	n/a	257.422327	n/a
265.486438	0.000000	53097	ttl	2	70	n/a	n/a	n/a	n/a	n/a	n/a	n/a	n/a	n/a	n/a	n/a	n/a	n/a	n/a	n/a	n/a	n/a	n/a	n/a	n/a	n/a	265.486438	n/a
265.500998	0.000000	53100	ttl	11	70	n/a	n/a	n/a	n/a	n/a	n/a	n/a	n/a	n/a	n/a	n/a	n/a	n/a	n/a	n/a	n/a	n/a	n/a	n/a	n/a	n/a	265.500998	n/a
266.477860	7.980225	53296	encoding	n/a	n/a	HB_5.mp4	70.0	270.47785975	272.5373585	n/a	265.50099825	2	n/a	n/a	n/a	n/a	n/a	n/a	n/a	n/a	n/a	n/a	n/a	n/a	intervals/encoding_table	26	266.477860	274.458085
266.477860	0.000000	53296	ttl	1	70	n/a	n/a	n/a	n/a	n/a	n/a	n/a	n/a	n/a	n/a	n/a	n/a	n/a	n/a	n/a	n/a	n/a	n/a	n/a	n/a	n/a	266.477860	n/a
274.458085	0.000000	54892	ttl	2	70	n/a	n/a	n/a	n/a	n/a	n/a	n/a	n/a	n/a	n/a	n/a	n/a	n/a	n/a	n/a	n/a	n/a	n/a	n/a	n/a	n/a	274.458085	n/a
274.472824	0.000000	54895	ttl	11	70	n/a	n/a	n/a	n/a	n/a	n/a	n/a	n/a	n/a	n/a	n/a	n/a	n/a	n/a	n/a	n/a	n/a	n/a	n/a	n/a	n/a	274.472824	n/a
275.436853	7.764466	55087	encoding	n/a	n/a	NB_23.mp4	70.0	279.43685275	n/a	n/a	274.47282425	0	n/a	n/a	n/a	n/a	n/a	n/a	n/a	n/a	n/a	n/a	n/a	n/a	intervals/encoding_table	27	275.436853	283.201319
275.436853	0.000000	55087	ttl	1	70	n/a	n/a	n/a	n/a	n/a	n/a	n/a	n/a	n/a	n/a	n/a	n/a	n/a	n/a	n/a	n/a	n/a	n/a	n/a	n/a	n/a	275.436853	n/a
283.201319	0.000000	56640	ttl	2	70	n/a	n/a	n/a	n/a	n/a	n/a	n/a	n/a	n/a	n/a	n/a	n/a	n/a	n/a	n/a	n/a	n/a	n/a	n/a	n/a	n/a	283.201319	n/a
283.216216	0.000000	56643	ttl	11	70	n/a	n/a	n/a	n/a	n/a	n/a	n/a	n/a	n/a	n/a	n/a	n/a	n/a	n/a	n/a	n/a	n/a	n/a	n/a	n/a	n/a	283.216216	n/a
284.194885	7.932216	56839	encoding	n/a	n/a	SB_23.mp4	70.0	286.893144	288.44698999999997	n/a	283.21621625	1	n/a	n/a	n/a	n/a	n/a	n/a	n/a	n/a	n/a	n/a	n/a	n/a	intervals/encoding_table	28	284.194885	292.127101
284.194885	0.000000	56839	ttl	1	70	n/a	n/a	n/a	n/a	n/a	n/a	n/a	n/a	n/a	n/a	n/a	n/a	n/a	n/a	n/a	n/a	n/a	n/a	n/a	n/a	n/a	284.194885	n/a
292.127101	0.000000	58425	ttl	2	70	n/a	n/a	n/a	n/a	n/a	n/a	n/a	n/a	n/a	n/a	n/a	n/a	n/a	n/a	n/a	n/a	n/a	n/a	n/a	n/a	n/a	292.127101	n/a
292.141999	0.000000	58428	ttl	11	70	n/a	n/a	n/a	n/a	n/a	n/a	n/a	n/a	n/a	n/a	n/a	n/a	n/a	n/a	n/a	n/a	n/a	n/a	n/a	n/a	n/a	292.141999	n/a
293.078249	8.104574	58616	encoding	n/a	n/a	SB_30.mp4	70.0	293.6299185	294.91022749999996	296.66491425	292.14199924999997	1	n/a	n/a	n/a	n/a	n/a	n/a	n/a	n/a	n/a	n/a	n/a	n/a	intervals/encoding_table	29	293.078249	301.182824
293.078249	0.000000	58616	ttl	1	70	n/a	n/a	n/a	n/a	n/a	n/a	n/a	n/a	n/a	n/a	n/a	n/a	n/a	n/a	n/a	n/a	n/a	n/a	n/a	n/a	n/a	293.078249	n/a
301.182824	0.000000	60237	ttl	2	70	n/a	n/a	n/a	n/a	n/a	n/a	n/a	n/a	n/a	n/a	n/a	n/a	n/a	n/a	n/a	n/a	n/a	n/a	n/a	n/a	n/a	301.182824	n/a
307.679753	0.000000	61536	ttl	11	70	n/a	n/a	n/a	n/a	n/a	n/a	n/a	n/a	n/a	n/a	n/a	n/a	n/a	n/a	n/a	n/a	n/a	n/a	n/a	n/a	n/a	307.679753	n/a
308.621628	8.163070	61724	encoding	n/a	n/a	NB_7.mp4	70.0	312.6216285	n/a	n/a	307.67975325	0	n/a	n/a	n/a	n/a	n/a	n/a	n/a	n/a	n/a	n/a	n/a	n/a	intervals/encoding_table	30	308.621628	316.784698
308.621628	0.000000	61724	ttl	1	70	n/a	n/a	n/a	n/a	n/a	n/a	n/a	n/a	n/a	n/a	n/a	n/a	n/a	n/a	n/a	n/a	n/a	n/a	n/a	n/a	n/a	308.621628	n/a
316.784698	0.000000	63357	ttl	2	70	n/a	n/a	n/a	n/a	n/a	n/a	n/a	n/a	n/a	n/a	n/a	n/a	n/a	n/a	n/a	n/a	n/a	n/a	n/a	n/a	n/a	316.784698	n/a
316.799532	0.000000	63360	ttl	11	70	n/a	n/a	n/a	n/a	n/a	n/a	n/a	n/a	n/a	n/a	n/a	n/a	n/a	n/a	n/a	n/a	n/a	n/a	n/a	n/a	n/a	316.799532	n/a
317.818277	7.298875	63564	encoding	n/a	n/a	SB_8.mp4	70.0	321.55268424999997	n/a	n/a	316.79953174999997	1	n/a	n/a	n/a	n/a	n/a	n/a	n/a	n/a	n/a	n/a	n/a	n/a	intervals/encoding_table	31	317.818277	325.117152
317.818277	0.000000	63564	ttl	1	70	n/a	n/a	n/a	n/a	n/a	n/a	n/a	n/a	n/a	n/a	n/a	n/a	n/a	n/a	n/a	n/a	n/a	n/a	n/a	n/a	n/a	317.818277	n/a
325.117152	0.000000	65023	ttl	2	70	n/a	n/a	n/a	n/a	n/a	n/a	n/a	n/a	n/a	n/a	n/a	n/a	n/a	n/a	n/a	n/a	n/a	n/a	n/a	n/a	n/a	325.117152	n/a
325.131950	0.000000	65026	ttl	11	70	n/a	n/a	n/a	n/a	n/a	n/a	n/a	n/a	n/a	n/a	n/a	n/a	n/a	n/a	n/a	n/a	n/a	n/a	n/a	n/a	n/a	325.131950	n/a
326.150843	8.930501	65230	encoding	n/a	n/a	SB_18.mp4	70.0	328.98231425	330.76676825	n/a	325.13194999999996	1	n/a	n/a	n/a	n/a	n/a	n/a	n/a	n/a	n/a	n/a	n/a	n/a	intervals/encoding_table	32	326.150843	335.081345
326.150843	0.000000	65230	ttl	1	70	n/a	n/a	n/a	n/a	n/a	n/a	n/a	n/a	n/a	n/a	n/a	n/a	n/a	n/a	n/a	n/a	n/a	n/a	n/a	n/a	n/a	326.150843	n/a
335.081345	0.000000	67016	ttl	2	70	n/a	n/a	n/a	n/a	n/a	n/a	n/a	n/a	n/a	n/a	n/a	n/a	n/a	n/a	n/a	n/a	n/a	n/a	n/a	n/a	n/a	335.081345	n/a
335.096031	0.000000	67019	ttl	11	70	n/a	n/a	n/a	n/a	n/a	n/a	n/a	n/a	n/a	n/a	n/a	n/a	n/a	n/a	n/a	n/a	n/a	n/a	n/a	n/a	n/a	335.096031	n/a
336.030525	7.930957	67206	encoding	n/a	n/a	NB_16.mp4	70.0	340.030525	n/a	n/a	335.096031	0	n/a	n/a	n/a	n/a	n/a	n/a	n/a	n/a	n/a	n/a	n/a	n/a	intervals/encoding_table	33	336.030525	343.961482
336.030525	0.000000	67206	ttl	1	70	n/a	n/a	n/a	n/a	n/a	n/a	n/a	n/a	n/a	n/a	n/a	n/a	n/a	n/a	n/a	n/a	n/a	n/a	n/a	n/a	n/a	336.030525	n/a
343.961482	0.000000	68792	ttl	2	70	n/a	n/a	n/a	n/a	n/a	n/a	n/a	n/a	n/a	n/a	n/a	n/a	n/a	n/a	n/a	n/a	n/a	n/a	n/a	n/a	n/a	343.961482	n/a
343.976327	0.000000	68795	ttl	11	70	n/a	n/a	n/a	n/a	n/a	n/a	n/a	n/a	n/a	n/a	n/a	n/a	n/a	n/a	n/a	n/a	n/a	n/a	n/a	n/a	n/a	343.976327	n/a
345.062927	7.166065	69013	encoding	n/a	n/a	NB_20.mp4	70.0	349.062927	n/a	n/a	343.97632675	0	n/a	n/a	n/a	n/a	n/a	n/a	n/a	n/a	n/a	n/a	n/a	n/a	intervals/encoding_table	34	345.062927	352.228992
345.062927	0.000000	69013	ttl	1	70	n/a	n/a	n/a	n/a	n/a	n/a	n/a	n/a	n/a	n/a	n/a	n/a	n/a	n/a	n/a	n/a	n/a	n/a	n/a	n/a	n/a	345.062927	n/a
352.228992	0.000000	70446	ttl	2	70	n/a	n/a	n/a	n/a	n/a	n/a	n/a	n/a	n/a	n/a	n/a	n/a	n/a	n/a	n/a	n/a	n/a	n/a	n/a	n/a	n/a	352.228992	n/a
360.808781	0.000000	72162	ttl	11	70	n/a	n/a	n/a	n/a	n/a	n/a	n/a	n/a	n/a	n/a	n/a	n/a	n/a	n/a	n/a	n/a	n/a	n/a	n/a	n/a	n/a	360.808781	n/a
361.720024	7.964256	72344	encoding	n/a	n/a	HB_24.mp4	70.0	365.72002425	n/a	n/a	360.808781	2	n/a	n/a	n/a	n/a	n/a	n/a	n/a	n/a	n/a	n/a	n/a	n/a	intervals/encoding_table	35	361.720024	369.684280
361.720024	0.000000	72344	ttl	1	70	n/a	n/a	n/a	n/a	n/a	n/a	n/a	n/a	n/a	n/a	n/a	n/a	n/a	n/a	n/a	n/a	n/a	n/a	n/a	n/a	n/a	361.720024	n/a
369.684280	0.000000	73937	ttl	2	70	n/a	n/a	n/a	n/a	n/a	n/a	n/a	n/a	n/a	n/a	n/a	n/a	n/a	n/a	n/a	n/a	n/a	n/a	n/a	n/a	n/a	369.684280	n/a
369.699164	0.000000	73940	ttl	11	70	n/a	n/a	n/a	n/a	n/a	n/a	n/a	n/a	n/a	n/a	n/a	n/a	n/a	n/a	n/a	n/a	n/a	n/a	n/a	n/a	n/a	369.699164	n/a
370.639509	8.065747	74128	encoding	n/a	n/a	HB_15.mp4	70.0	374.63950875	373.866767	376.9041405	369.699164	2	n/a	n/a	n/a	n/a	n/a	n/a	n/a	n/a	n/a	n/a	n/a	n/a	intervals/encoding_table	36	370.639509	378.705256
370.639509	0.000000	74128	ttl	1	70	n/a	n/a	n/a	n/a	n/a	n/a	n/a	n/a	n/a	n/a	n/a	n/a	n/a	n/a	n/a	n/a	n/a	n/a	n/a	n/a	n/a	370.639509	n/a
378.705256	0.000000	75741	ttl	2	70	n/a	n/a	n/a	n/a	n/a	n/a	n/a	n/a	n/a	n/a	n/a	n/a	n/a	n/a	n/a	n/a	n/a	n/a	n/a	n/a	n/a	378.705256	n/a
378.720953	0.000000	75744	ttl	11	70	n/a	n/a	n/a	n/a	n/a	n/a	n/a	n/a	n/a	n/a	n/a	n/a	n/a	n/a	n/a	n/a	n/a	n/a	n/a	n/a	n/a	378.720953	n/a
379.722603	8.099815	75945	encoding	n/a	n/a	NB_5.mp4	70.0	383.722603	n/a	n/a	378.7209525	0	n/a	n/a	n/a	n/a	n/a	n/a	n/a	n/a	n/a	n/a	n/a	n/a	intervals/encoding_table	37	379.722603	387.822418
379.722603	0.000000	75945	ttl	1	70	n/a	n/a	n/a	n/a	n/a	n/a	n/a	n/a	n/a	n/a	n/a	n/a	n/a	n/a	n/a	n/a	n/a	n/a	n/a	n/a	n/a	379.722603	n/a
387.822418	0.000000	77564	ttl	2	70	n/a	n/a	n/a	n/a	n/a	n/a	n/a	n/a	n/a	n/a	n/a	n/a	n/a	n/a	n/a	n/a	n/a	n/a	n/a	n/a	n/a	387.822418	n/a
387.837187	0.000000	77567	ttl	11	70	n/a	n/a	n/a	n/a	n/a	n/a	n/a	n/a	n/a	n/a	n/a	n/a	n/a	n/a	n/a	n/a	n/a	n/a	n/a	n/a	n/a	387.837187	n/a
388.889030	8.031005	77778	encoding	n/a	n/a	HB_21.mp4	70.0	392.88903	n/a	n/a	387.837187	2	n/a	n/a	n/a	n/a	n/a	n/a	n/a	n/a	n/a	n/a	n/a	n/a	intervals/encoding_table	38	388.889030	396.920035
388.889030	0.000000	77778	ttl	1	70	n/a	n/a	n/a	n/a	n/a	n/a	n/a	n/a	n/a	n/a	n/a	n/a	n/a	n/a	n/a	n/a	n/a	n/a	n/a	n/a	n/a	388.889030	n/a
396.920035	0.000000	79384	ttl	2	70	n/a	n/a	n/a	n/a	n/a	n/a	n/a	n/a	n/a	n/a	n/a	n/a	n/a	n/a	n/a	n/a	n/a	n/a	n/a	n/a	n/a	396.920035	n/a
396.934873	0.000000	79387	ttl	11	70	n/a	n/a	n/a	n/a	n/a	n/a	n/a	n/a	n/a	n/a	n/a	n/a	n/a	n/a	n/a	n/a	n/a	n/a	n/a	n/a	n/a	396.934873	n/a
397.864083	8.232362	79573	encoding	n/a	n/a	SB_29.mp4	70.0	399.78941625	401.98221624999996	403.691581	396.934873	1	n/a	n/a	n/a	n/a	n/a	n/a	n/a	n/a	n/a	n/a	n/a	n/a	intervals/encoding_table	39	397.864083	406.096445
397.864083	0.000000	79573	ttl	1	70	n/a	n/a	n/a	n/a	n/a	n/a	n/a	n/a	n/a	n/a	n/a	n/a	n/a	n/a	n/a	n/a	n/a	n/a	n/a	n/a	n/a	397.864083	n/a
406.096445	0.000000	81219	ttl	2	70	n/a	n/a	n/a	n/a	n/a	n/a	n/a	n/a	n/a	n/a	n/a	n/a	n/a	n/a	n/a	n/a	n/a	n/a	n/a	n/a	n/a	406.096445	n/a
412.708984	0.000000	82542	ttl	11	70	n/a	n/a	n/a	n/a	n/a	n/a	n/a	n/a	n/a	n/a	n/a	n/a	n/a	n/a	n/a	n/a	n/a	n/a	n/a	n/a	n/a	412.708984	n/a
413.795199	7.929910	82759	encoding	n/a	n/a	NB_3.mp4	70.0	417.79519925	n/a	n/a	412.7089845	0	n/a	n/a	n/a	n/a	n/a	n/a	n/a	n/a	n/a	n/a	n/a	n/a	intervals/encoding_table	40	413.795199	421.725109
413.795199	0.000000	82759	ttl	1	70	n/a	n/a	n/a	n/a	n/a	n/a	n/a	n/a	n/a	n/a	n/a	n/a	n/a	n/a	n/a	n/a	n/a	n/a	n/a	n/a	n/a	413.795199	n/a
421.725109	0.000000	84345	ttl	2	70	n/a	n/a	n/a	n/a	n/a	n/a	n/a	n/a	n/a	n/a	n/a	n/a	n/a	n/a	n/a	n/a	n/a	n/a	n/a	n/a	n/a	421.725109	n/a
421.739852	0.000000	84348	ttl	11	70	n/a	n/a	n/a	n/a	n/a	n/a	n/a	n/a	n/a	n/a	n/a	n/a	n/a	n/a	n/a	n/a	n/a	n/a	n/a	n/a	n/a	421.739852	n/a
422.724242	8.464248	84545	encoding	n/a	n/a	SB_26.mp4	70.0	424.45942825	426.11754475	427.60730924999996	421.73985174999996	1	n/a	n/a	n/a	n/a	n/a	n/a	n/a	n/a	n/a	n/a	n/a	n/a	intervals/encoding_table	41	422.724242	431.188490
422.724242	0.000000	84545	ttl	1	70	n/a	n/a	n/a	n/a	n/a	n/a	n/a	n/a	n/a	n/a	n/a	n/a	n/a	n/a	n/a	n/a	n/a	n/a	n/a	n/a	n/a	422.724242	n/a
431.188490	0.000000	86238	ttl	2	70	n/a	n/a	n/a	n/a	n/a	n/a	n/a	n/a	n/a	n/a	n/a	n/a	n/a	n/a	n/a	n/a	n/a	n/a	n/a	n/a	n/a	431.188490	n/a
431.203285	0.000000	86241	ttl	11	70	n/a	n/a	n/a	n/a	n/a	n/a	n/a	n/a	n/a	n/a	n/a	n/a	n/a	n/a	n/a	n/a	n/a	n/a	n/a	n/a	n/a	431.203285	n/a
432.114585	7.796445	86423	encoding	n/a	n/a	HB_6.mp4	70.0	436.11458525	434.36049549999996	438.394231	431.2032855	2	n/a	n/a	n/a	n/a	n/a	n/a	n/a	n/a	n/a	n/a	n/a	n/a	intervals/encoding_table	42	432.114585	439.911030
432.114585	0.000000	86423	ttl	1	70	n/a	n/a	n/a	n/a	n/a	n/a	n/a	n/a	n/a	n/a	n/a	n/a	n/a	n/a	n/a	n/a	n/a	n/a	n/a	n/a	n/a	432.114585	n/a
439.911030	0.000000	87982	ttl	2	70	n/a	n/a	n/a	n/a	n/a	n/a	n/a	n/a	n/a	n/a	n/a	n/a	n/a	n/a	n/a	n/a	n/a	n/a	n/a	n/a	n/a	439.911030	n/a
439.925785	0.000000	87985	ttl	11	70	n/a	n/a	n/a	n/a	n/a	n/a	n/a	n/a	n/a	n/a	n/a	n/a	n/a	n/a	n/a	n/a	n/a	n/a	n/a	n/a	n/a	439.925785	n/a
440.960626	8.032867	88192	encoding	n/a	n/a	NB_24.mp4	70.0	444.96062574999996	n/a	n/a	439.92578549999996	0	n/a	n/a	n/a	n/a	n/a	n/a	n/a	n/a	n/a	n/a	n/a	n/a	intervals/encoding_table	43	440.960626	448.993493
440.960626	0.000000	88192	ttl	1	70	n/a	n/a	n/a	n/a	n/a	n/a	n/a	n/a	n/a	n/a	n/a	n/a	n/a	n/a	n/a	n/a	n/a	n/a	n/a	n/a	n/a	440.960626	n/a
448.993493	0.000000	89799	ttl	2	70	n/a	n/a	n/a	n/a	n/a	n/a	n/a	n/a	n/a	n/a	n/a	n/a	n/a	n/a	n/a	n/a	n/a	n/a	n/a	n/a	n/a	448.993493	n/a
449.008240	0.000000	89802	ttl	11	70	n/a	n/a	n/a	n/a	n/a	n/a	n/a	n/a	n/a	n/a	n/a	n/a	n/a	n/a	n/a	n/a	n/a	n/a	n/a	n/a	n/a	449.008240	n/a
449.964202	7.530961	89993	encoding	n/a	n/a	SB_3.mp4	70.0	451.59913624999996	n/a	n/a	449.0082405	1	n/a	n/a	n/a	n/a	n/a	n/a	n/a	n/a	n/a	n/a	n/a	n/a	intervals/encoding_table	44	449.964202	457.495164
449.964202	0.000000	89993	ttl	1	70	n/a	n/a	n/a	n/a	n/a	n/a	n/a	n/a	n/a	n/a	n/a	n/a	n/a	n/a	n/a	n/a	n/a	n/a	n/a	n/a	n/a	449.964202	n/a
457.495164	0.000000	91499	ttl	2	70	n/a	n/a	n/a	n/a	n/a	n/a	n/a	n/a	n/a	n/a	n/a	n/a	n/a	n/a	n/a	n/a	n/a	n/a	n/a	n/a	n/a	457.495164	n/a
460.410596	0.000000	92082	ttl	11	70	n/a	n/a	n/a	n/a	n/a	n/a	n/a	n/a	n/a	n/a	n/a	n/a	n/a	n/a	n/a	n/a	n/a	n/a	n/a	n/a	n/a	460.410596	n/a
461.466613	7.113589	92293	encoding	n/a	n/a	NB_25.mp4	70.0	465.46661324999997	n/a	n/a	460.410596	0	n/a	n/a	n/a	n/a	n/a	n/a	n/a	n/a	n/a	n/a	n/a	n/a	intervals/encoding_table	45	461.466613	468.580202
461.466613	0.000000	92293	ttl	1	70	n/a	n/a	n/a	n/a	n/a	n/a	n/a	n/a	n/a	n/a	n/a	n/a	n/a	n/a	n/a	n/a	n/a	n/a	n/a	n/a	n/a	461.466613	n/a
468.580202	0.000000	93716	ttl	2	70	n/a	n/a	n/a	n/a	n/a	n/a	n/a	n/a	n/a	n/a	n/a	n/a	n/a	n/a	n/a	n/a	n/a	n/a	n/a	n/a	n/a	468.580202	n/a
468.594946	0.000000	93719	ttl	11	70	n/a	n/a	n/a	n/a	n/a	n/a	n/a	n/a	n/a	n/a	n/a	n/a	n/a	n/a	n/a	n/a	n/a	n/a	n/a	n/a	n/a	468.594946	n/a
469.687515	7.965894	93938	encoding	n/a	n/a	SB_27.mp4	70.0	471.22975775	472.80209525	474.2476815	468.5949465	1	n/a	n/a	n/a	n/a	n/a	n/a	n/a	n/a	n/a	n/a	n/a	n/a	intervals/encoding_table	46	469.687515	477.653409
469.687515	0.000000	93938	ttl	1	70	n/a	n/a	n/a	n/a	n/a	n/a	n/a	n/a	n/a	n/a	n/a	n/a	n/a	n/a	n/a	n/a	n/a	n/a	n/a	n/a	n/a	469.687515	n/a
477.653409	0.000000	95531	ttl	2	70	n/a	n/a	n/a	n/a	n/a	n/a	n/a	n/a	n/a	n/a	n/a	n/a	n/a	n/a	n/a	n/a	n/a	n/a	n/a	n/a	n/a	477.653409	n/a
477.668161	0.000000	95534	ttl	11	70	n/a	n/a	n/a	n/a	n/a	n/a	n/a	n/a	n/a	n/a	n/a	n/a	n/a	n/a	n/a	n/a	n/a	n/a	n/a	n/a	n/a	477.668161	n/a
478.705810	7.983272	95741	encoding	n/a	n/a	NB_11.mp4	70.0	482.70581	n/a	n/a	477.668161	0	n/a	n/a	n/a	n/a	n/a	n/a	n/a	n/a	n/a	n/a	n/a	n/a	intervals/encoding_table	47	478.705810	486.689082
478.705810	0.000000	95741	ttl	1	70	n/a	n/a	n/a	n/a	n/a	n/a	n/a	n/a	n/a	n/a	n/a	n/a	n/a	n/a	n/a	n/a	n/a	n/a	n/a	n/a	n/a	478.705810	n/a
486.689082	0.000000	97338	ttl	2	70	n/a	n/a	n/a	n/a	n/a	n/a	n/a	n/a	n/a	n/a	n/a	n/a	n/a	n/a	n/a	n/a	n/a	n/a	n/a	n/a	n/a	486.689082	n/a
486.703747	0.000000	97341	ttl	11	70	n/a	n/a	n/a	n/a	n/a	n/a	n/a	n/a	n/a	n/a	n/a	n/a	n/a	n/a	n/a	n/a	n/a	n/a	n/a	n/a	n/a	486.703747	n/a
487.703432	8.145238	97541	encoding	n/a	n/a	SB_14.mp4	70.0	491.13031025	n/a	n/a	486.70374749999996	1	n/a	n/a	n/a	n/a	n/a	n/a	n/a	n/a	n/a	n/a	n/a	n/a	intervals/encoding_table	48	487.703432	495.848669
487.703432	0.000000	97541	ttl	1	70	n/a	n/a	n/a	n/a	n/a	n/a	n/a	n/a	n/a	n/a	n/a	n/a	n/a	n/a	n/a	n/a	n/a	n/a	n/a	n/a	n/a	487.703432	n/a
495.848669	0.000000	99170	ttl	2	70	n/a	n/a	n/a	n/a	n/a	n/a	n/a	n/a	n/a	n/a	n/a	n/a	n/a	n/a	n/a	n/a	n/a	n/a	n/a	n/a	n/a	495.848669	n/a
495.863268	0.000000	99173	ttl	11	70	n/a	n/a	n/a	n/a	n/a	n/a	n/a	n/a	n/a	n/a	n/a	n/a	n/a	n/a	n/a	n/a	n/a	n/a	n/a	n/a	n/a	495.863268	n/a
496.783074	8.197017	99357	encoding	n/a	n/a	NB_18.mp4	70.0	500.78307424999997	n/a	n/a	495.86326775	0	n/a	n/a	n/a	n/a	n/a	n/a	n/a	n/a	n/a	n/a	n/a	n/a	intervals/encoding_table	49	496.783074	504.980091
496.783074	0.000000	99357	ttl	1	70	n/a	n/a	n/a	n/a	n/a	n/a	n/a	n/a	n/a	n/a	n/a	n/a	n/a	n/a	n/a	n/a	n/a	n/a	n/a	n/a	n/a	496.783074	n/a
504.980091	0.000000	100996	ttl	2	70	n/a	n/a	n/a	n/a	n/a	n/a	n/a	n/a	n/a	n/a	n/a	n/a	n/a	n/a	n/a	n/a	n/a	n/a	n/a	n/a	n/a	504.980091	n/a
504.994951	0.000000	100999	ttl	11	70	n/a	n/a	n/a	n/a	n/a	n/a	n/a	n/a	n/a	n/a	n/a	n/a	n/a	n/a	n/a	n/a	n/a	n/a	n/a	n/a	n/a	504.994951	n/a
505.952501	7.998689	101191	encoding	n/a	n/a	SB_24.mp4	70.0	508.82048799999995	509.91283074999996	n/a	504.99495125	1	n/a	n/a	n/a	n/a	n/a	n/a	n/a	n/a	n/a	n/a	n/a	n/a	intervals/encoding_table	50	505.952501	513.951190
505.952501	0.000000	101191	ttl	1	70	n/a	n/a	n/a	n/a	n/a	n/a	n/a	n/a	n/a	n/a	n/a	n/a	n/a	n/a	n/a	n/a	n/a	n/a	n/a	n/a	n/a	505.952501	n/a
513.951190	0.000000	102790	ttl	2	70	n/a	n/a	n/a	n/a	n/a	n/a	n/a	n/a	n/a	n/a	n/a	n/a	n/a	n/a	n/a	n/a	n/a	n/a	n/a	n/a	n/a	513.951190	n/a
513.965904	0.000000	102793	ttl	11	70	n/a	n/a	n/a	n/a	n/a	n/a	n/a	n/a	n/a	n/a	n/a	n/a	n/a	n/a	n/a	n/a	n/a	n/a	n/a	n/a	n/a	513.965904	n/a
514.973526	8.966253	102995	encoding	n/a	n/a	HB_7.mp4	70.0	518.973526	518.372886	521.04713375	513.9659037499999	2	n/a	n/a	n/a	n/a	n/a	n/a	n/a	n/a	n/a	n/a	n/a	n/a	intervals/encoding_table	51	514.973526	523.939779
514.973526	0.000000	102995	ttl	1	70	n/a	n/a	n/a	n/a	n/a	n/a	n/a	n/a	n/a	n/a	n/a	n/a	n/a	n/a	n/a	n/a	n/a	n/a	n/a	n/a	n/a	514.973526	n/a
523.939779	0.000000	104788	ttl	2	70	n/a	n/a	n/a	n/a	n/a	n/a	n/a	n/a	n/a	n/a	n/a	n/a	n/a	n/a	n/a	n/a	n/a	n/a	n/a	n/a	n/a	523.939779	n/a
527.952329	0.000000	105590	ttl	11	70	n/a	n/a	n/a	n/a	n/a	n/a	n/a	n/a	n/a	n/a	n/a	n/a	n/a	n/a	n/a	n/a	n/a	n/a	n/a	n/a	n/a	527.952329	n/a
528.854595	7.947296	105771	encoding	n/a	n/a	HB_2.mp4	70.0	532.8545947499999	531.2139999999999	n/a	527.95232875	2	n/a	n/a	n/a	n/a	n/a	n/a	n/a	n/a	n/a	n/a	n/a	n/a	intervals/encoding_table	52	528.854595	536.801891
528.854595	0.000000	105771	ttl	1	70	n/a	n/a	n/a	n/a	n/a	n/a	n/a	n/a	n/a	n/a	n/a	n/a	n/a	n/a	n/a	n/a	n/a	n/a	n/a	n/a	n/a	528.854595	n/a
536.801891	0.000000	107360	ttl	2	70	n/a	n/a	n/a	n/a	n/a	n/a	n/a	n/a	n/a	n/a	n/a	n/a	n/a	n/a	n/a	n/a	n/a	n/a	n/a	n/a	n/a	536.801891	n/a
536.816561	0.000000	107363	ttl	11	70	n/a	n/a	n/a	n/a	n/a	n/a	n/a	n/a	n/a	n/a	n/a	n/a	n/a	n/a	n/a	n/a	n/a	n/a	n/a	n/a	n/a	536.816561	n/a
537.773130	8.064234	107555	encoding	n/a	n/a	HB_16.mp4	70.0	541.7731299999999	n/a	n/a	536.81656125	2	n/a	n/a	n/a	n/a	n/a	n/a	n/a	n/a	n/a	n/a	n/a	n/a	intervals/encoding_table	53	537.773130	545.837364
537.773130	0.000000	107555	ttl	1	70	n/a	n/a	n/a	n/a	n/a	n/a	n/a	n/a	n/a	n/a	n/a	n/a	n/a	n/a	n/a	n/a	n/a	n/a	n/a	n/a	n/a	537.773130	n/a
545.837364	0.000000	109167	ttl	2	70	n/a	n/a	n/a	n/a	n/a	n/a	n/a	n/a	n/a	n/a	n/a	n/a	n/a	n/a	n/a	n/a	n/a	n/a	n/a	n/a	n/a	545.837364	n/a
545.851918	0.000000	109170	ttl	11	70	n/a	n/a	n/a	n/a	n/a	n/a	n/a	n/a	n/a	n/a	n/a	n/a	n/a	n/a	n/a	n/a	n/a	n/a	n/a	n/a	n/a	545.851918	n/a
546.869832	8.026347	109374	encoding	n/a	n/a	HB_4.mp4	70.0	550.86983175	552.9511375	n/a	545.8519175	2	n/a	n/a	n/a	n/a	n/a	n/a	n/a	n/a	n/a	n/a	n/a	n/a	intervals/encoding_table	54	546.869832	554.896179
546.869832	0.000000	109374	ttl	1	70	n/a	n/a	n/a	n/a	n/a	n/a	n/a	n/a	n/a	n/a	n/a	n/a	n/a	n/a	n/a	n/a	n/a	n/a	n/a	n/a	n/a	546.869832	n/a
554.896179	0.000000	110979	ttl	2	70	n/a	n/a	n/a	n/a	n/a	n/a	n/a	n/a	n/a	n/a	n/a	n/a	n/a	n/a	n/a	n/a	n/a	n/a	n/a	n/a	n/a	554.896179	n/a
554.910959	0.000000	110982	ttl	11	70	n/a	n/a	n/a	n/a	n/a	n/a	n/a	n/a	n/a	n/a	n/a	n/a	n/a	n/a	n/a	n/a	n/a	n/a	n/a	n/a	n/a	554.910959	n/a
555.845369	8.062028	111169	encoding	n/a	n/a	SB_12.mp4	70.0	561.6983329999999	n/a	n/a	554.9109595	1	n/a	n/a	n/a	n/a	n/a	n/a	n/a	n/a	n/a	n/a	n/a	n/a	intervals/encoding_table	55	555.845369	563.907398
555.845369	0.000000	111169	ttl	1	70	n/a	n/a	n/a	n/a	n/a	n/a	n/a	n/a	n/a	n/a	n/a	n/a	n/a	n/a	n/a	n/a	n/a	n/a	n/a	n/a	n/a	555.845369	n/a
563.907398	0.000000	112781	ttl	2	70	n/a	n/a	n/a	n/a	n/a	n/a	n/a	n/a	n/a	n/a	n/a	n/a	n/a	n/a	n/a	n/a	n/a	n/a	n/a	n/a	n/a	563.907398	n/a
563.921977	0.000000	112784	ttl	11	70	n/a	n/a	n/a	n/a	n/a	n/a	n/a	n/a	n/a	n/a	n/a	n/a	n/a	n/a	n/a	n/a	n/a	n/a	n/a	n/a	n/a	563.921977	n/a
564.855996	7.931877	112971	encoding	n/a	n/a	HB_13.mp4	70.0	568.85599625	567.1208889999999	571.06313875	563.92197675	2	n/a	n/a	n/a	n/a	n/a	n/a	n/a	n/a	n/a	n/a	n/a	n/a	intervals/encoding_table	56	564.855996	572.787873
564.855996	0.000000	112971	ttl	1	70	n/a	n/a	n/a	n/a	n/a	n/a	n/a	n/a	n/a	n/a	n/a	n/a	n/a	n/a	n/a	n/a	n/a	n/a	n/a	n/a	n/a	564.855996	n/a
572.787873	0.000000	114558	ttl	2	70	n/a	n/a	n/a	n/a	n/a	n/a	n/a	n/a	n/a	n/a	n/a	n/a	n/a	n/a	n/a	n/a	n/a	n/a	n/a	n/a	n/a	572.787873	n/a
572.802449	0.000000	114560	ttl	11	70	n/a	n/a	n/a	n/a	n/a	n/a	n/a	n/a	n/a	n/a	n/a	n/a	n/a	n/a	n/a	n/a	n/a	n/a	n/a	n/a	n/a	572.802449	n/a
573.837717	8.064830	114768	encoding	n/a	n/a	NB_22.mp4	70.0	577.83771725	n/a	n/a	572.8024487499999	0	n/a	n/a	n/a	n/a	n/a	n/a	n/a	n/a	n/a	n/a	n/a	n/a	intervals/encoding_table	57	573.837717	581.902547
573.837717	0.000000	114768	ttl	1	70	n/a	n/a	n/a	n/a	n/a	n/a	n/a	n/a	n/a	n/a	n/a	n/a	n/a	n/a	n/a	n/a	n/a	n/a	n/a	n/a	n/a	573.837717	n/a
581.902547	0.000000	116381	ttl	2	70	n/a	n/a	n/a	n/a	n/a	n/a	n/a	n/a	n/a	n/a	n/a	n/a	n/a	n/a	n/a	n/a	n/a	n/a	n/a	n/a	n/a	581.902547	n/a
581.917267	0.000000	116383	ttl	11	70	n/a	n/a	n/a	n/a	n/a	n/a	n/a	n/a	n/a	n/a	n/a	n/a	n/a	n/a	n/a	n/a	n/a	n/a	n/a	n/a	n/a	581.917267	n/a
582.931186	7.932586	116586	encoding	n/a	n/a	SB_9.mp4	70.0	588.71872	n/a	n/a	581.91726675	1	n/a	n/a	n/a	n/a	n/a	n/a	n/a	n/a	n/a	n/a	n/a	n/a	intervals/encoding_table	58	582.931186	590.863772
582.931186	0.000000	116586	ttl	1	70	n/a	n/a	n/a	n/a	n/a	n/a	n/a	n/a	n/a	n/a	n/a	n/a	n/a	n/a	n/a	n/a	n/a	n/a	n/a	n/a	n/a	582.931186	n/a
590.863772	0.000000	118173	ttl	2	70	n/a	n/a	n/a	n/a	n/a	n/a	n/a	n/a	n/a	n/a	n/a	n/a	n/a	n/a	n/a	n/a	n/a	n/a	n/a	n/a	n/a	590.863772	n/a
621.054649	0.000000	124211	ttl	11	70	n/a	n/a	n/a	n/a	n/a	n/a	n/a	n/a	n/a	n/a	n/a	n/a	n/a	n/a	n/a	n/a	n/a	n/a	n/a	n/a	n/a	621.054649	n/a
622.064983	8.265128	124413	encoding	n/a	n/a	HB_27.mp4	70.0	626.06498325	n/a	n/a	621.05464925	2	n/a	n/a	n/a	n/a	n/a	n/a	n/a	n/a	n/a	n/a	n/a	n/a	intervals/encoding_table	59	622.064983	630.330111
622.064983	0.000000	124413	ttl	1	70	n/a	n/a	n/a	n/a	n/a	n/a	n/a	n/a	n/a	n/a	n/a	n/a	n/a	n/a	n/a	n/a	n/a	n/a	n/a	n/a	n/a	622.064983	n/a
630.330111	0.000000	126066	ttl	2	70	n/a	n/a	n/a	n/a	n/a	n/a	n/a	n/a	n/a	n/a	n/a	n/a	n/a	n/a	n/a	n/a	n/a	n/a	n/a	n/a	n/a	630.330111	n/a
630.345877	0.000000	126069	ttl	11	70	n/a	n/a	n/a	n/a	n/a	n/a	n/a	n/a	n/a	n/a	n/a	n/a	n/a	n/a	n/a	n/a	n/a	n/a	n/a	n/a	n/a	630.345877	n/a
631.439366	7.895964	126288	encoding	n/a	n/a	HB_30.mp4	70.0	635.4393655	n/a	n/a	630.34587725	2	n/a	n/a	n/a	n/a	n/a	n/a	n/a	n/a	n/a	n/a	n/a	n/a	intervals/encoding_table	60	631.439366	639.335329
631.439366	0.000000	126288	ttl	1	70	n/a	n/a	n/a	n/a	n/a	n/a	n/a	n/a	n/a	n/a	n/a	n/a	n/a	n/a	n/a	n/a	n/a	n/a	n/a	n/a	n/a	631.439366	n/a
639.335329	0.000000	127867	ttl	2	70	n/a	n/a	n/a	n/a	n/a	n/a	n/a	n/a	n/a	n/a	n/a	n/a	n/a	n/a	n/a	n/a	n/a	n/a	n/a	n/a	n/a	639.335329	n/a
639.350254	0.000000	127870	ttl	11	70	n/a	n/a	n/a	n/a	n/a	n/a	n/a	n/a	n/a	n/a	n/a	n/a	n/a	n/a	n/a	n/a	n/a	n/a	n/a	n/a	n/a	639.350254	n/a
640.375938	9.165865	128075	encoding	n/a	n/a	SB_22.mp4	70.0	641.44736125	642.511027	n/a	639.35025375	1	n/a	n/a	n/a	n/a	n/a	n/a	n/a	n/a	n/a	n/a	n/a	n/a	intervals/encoding_table	61	640.375938	649.541803
640.375938	0.000000	128075	ttl	1	70	n/a	n/a	n/a	n/a	n/a	n/a	n/a	n/a	n/a	n/a	n/a	n/a	n/a	n/a	n/a	n/a	n/a	n/a	n/a	n/a	n/a	640.375938	n/a
649.541803	0.000000	129908	ttl	2	70	n/a	n/a	n/a	n/a	n/a	n/a	n/a	n/a	n/a	n/a	n/a	n/a	n/a	n/a	n/a	n/a	n/a	n/a	n/a	n/a	n/a	649.541803	n/a
649.556623	0.000000	129911	ttl	11	70	n/a	n/a	n/a	n/a	n/a	n/a	n/a	n/a	n/a	n/a	n/a	n/a	n/a	n/a	n/a	n/a	n/a	n/a	n/a	n/a	n/a	649.556623	n/a
650.521533	8.197238	130104	encoding	n/a	n/a	HB_19.mp4	70.0	654.521533	n/a	n/a	649.556623	2	n/a	n/a	n/a	n/a	n/a	n/a	n/a	n/a	n/a	n/a	n/a	n/a	intervals/encoding_table	62	650.521533	658.718771
650.521533	0.000000	130104	ttl	1	70	n/a	n/a	n/a	n/a	n/a	n/a	n/a	n/a	n/a	n/a	n/a	n/a	n/a	n/a	n/a	n/a	n/a	n/a	n/a	n/a	n/a	650.521533	n/a
658.718771	0.000000	131744	ttl	2	70	n/a	n/a	n/a	n/a	n/a	n/a	n/a	n/a	n/a	n/a	n/a	n/a	n/a	n/a	n/a	n/a	n/a	n/a	n/a	n/a	n/a	658.718771	n/a
658.733458	0.000000	131747	ttl	11	70	n/a	n/a	n/a	n/a	n/a	n/a	n/a	n/a	n/a	n/a	n/a	n/a	n/a	n/a	n/a	n/a	n/a	n/a	n/a	n/a	n/a	658.733458	n/a
659.737661	8.030431	131948	encoding	n/a	n/a	HB_17.mp4	70.0	663.7376615	n/a	n/a	658.73345825	2	n/a	n/a	n/a	n/a	n/a	n/a	n/a	n/a	n/a	n/a	n/a	n/a	intervals/encoding_table	63	659.737661	667.768092
659.737661	0.000000	131948	ttl	1	70	n/a	n/a	n/a	n/a	n/a	n/a	n/a	n/a	n/a	n/a	n/a	n/a	n/a	n/a	n/a	n/a	n/a	n/a	n/a	n/a	n/a	659.737661	n/a
667.768092	0.000000	133554	ttl	2	70	n/a	n/a	n/a	n/a	n/a	n/a	n/a	n/a	n/a	n/a	n/a	n/a	n/a	n/a	n/a	n/a	n/a	n/a	n/a	n/a	n/a	667.768092	n/a
667.782847	0.000000	133557	ttl	11	70	n/a	n/a	n/a	n/a	n/a	n/a	n/a	n/a	n/a	n/a	n/a	n/a	n/a	n/a	n/a	n/a	n/a	n/a	n/a	n/a	n/a	667.782847	n/a
668.855834	7.530918	133771	encoding	n/a	n/a	NB_15.mp4	70.0	672.85583375	n/a	n/a	667.7828465	0	n/a	n/a	n/a	n/a	n/a	n/a	n/a	n/a	n/a	n/a	n/a	n/a	intervals/encoding_table	64	668.855834	676.386752
668.855834	0.000000	133771	ttl	1	70	n/a	n/a	n/a	n/a	n/a	n/a	n/a	n/a	n/a	n/a	n/a	n/a	n/a	n/a	n/a	n/a	n/a	n/a	n/a	n/a	n/a	668.855834	n/a
676.386752	0.000000	135277	ttl	2	70	n/a	n/a	n/a	n/a	n/a	n/a	n/a	n/a	n/a	n/a	n/a	n/a	n/a	n/a	n/a	n/a	n/a	n/a	n/a	n/a	n/a	676.386752	n/a
676.401631	0.000000	135280	ttl	11	70	n/a	n/a	n/a	n/a	n/a	n/a	n/a	n/a	n/a	n/a	n/a	n/a	n/a	n/a	n/a	n/a	n/a	n/a	n/a	n/a	n/a	676.401631	n/a
677.500452	7.997698	135500	encoding	n/a	n/a	NB_30.mp4	70.0	681.5004524999999	n/a	n/a	676.40163075	0	n/a	n/a	n/a	n/a	n/a	n/a	n/a	n/a	n/a	n/a	n/a	n/a	intervals/encoding_table	65	677.500452	685.498150
677.500452	0.000000	135500	ttl	1	70	n/a	n/a	n/a	n/a	n/a	n/a	n/a	n/a	n/a	n/a	n/a	n/a	n/a	n/a	n/a	n/a	n/a	n/a	n/a	n/a	n/a	677.500452	n/a
685.498150	0.000000	137100	ttl	2	70	n/a	n/a	n/a	n/a	n/a	n/a	n/a	n/a	n/a	n/a	n/a	n/a	n/a	n/a	n/a	n/a	n/a	n/a	n/a	n/a	n/a	685.498150	n/a
691.662937	0.000000	138333	ttl	11	70	n/a	n/a	n/a	n/a	n/a	n/a	n/a	n/a	n/a	n/a	n/a	n/a	n/a	n/a	n/a	n/a	n/a	n/a	n/a	n/a	n/a	691.662937	n/a
692.730634	8.031266	138546	encoding	n/a	n/a	NB_1.mp4	70.0	696.73063425	n/a	n/a	691.66293675	0	n/a	n/a	n/a	n/a	n/a	n/a	n/a	n/a	n/a	n/a	n/a	n/a	intervals/encoding_table	66	692.730634	700.761901
692.730634	0.000000	138546	ttl	1	70	n/a	n/a	n/a	n/a	n/a	n/a	n/a	n/a	n/a	n/a	n/a	n/a	n/a	n/a	n/a	n/a	n/a	n/a	n/a	n/a	n/a	692.730634	n/a
700.761901	0.000000	140152	ttl	2	70	n/a	n/a	n/a	n/a	n/a	n/a	n/a	n/a	n/a	n/a	n/a	n/a	n/a	n/a	n/a	n/a	n/a	n/a	n/a	n/a	n/a	700.761901	n/a
700.776574	0.000000	140155	ttl	11	70	n/a	n/a	n/a	n/a	n/a	n/a	n/a	n/a	n/a	n/a	n/a	n/a	n/a	n/a	n/a	n/a	n/a	n/a	n/a	n/a	n/a	700.776574	n/a
701.746054	8.034107	140349	encoding	n/a	n/a	NB_12.mp4	70.0	705.7460535	n/a	n/a	700.776574	0	n/a	n/a	n/a	n/a	n/a	n/a	n/a	n/a	n/a	n/a	n/a	n/a	intervals/encoding_table	67	701.746054	709.780160
701.746054	0.000000	140349	ttl	1	70	n/a	n/a	n/a	n/a	n/a	n/a	n/a	n/a	n/a	n/a	n/a	n/a	n/a	n/a	n/a	n/a	n/a	n/a	n/a	n/a	n/a	701.746054	n/a
709.780160	0.000000	141956	ttl	2	70	n/a	n/a	n/a	n/a	n/a	n/a	n/a	n/a	n/a	n/a	n/a	n/a	n/a	n/a	n/a	n/a	n/a	n/a	n/a	n/a	n/a	709.780160	n/a
709.795262	0.000000	141959	ttl	11	70	n/a	n/a	n/a	n/a	n/a	n/a	n/a	n/a	n/a	n/a	n/a	n/a	n/a	n/a	n/a	n/a	n/a	n/a	n/a	n/a	n/a	709.795262	n/a
710.845144	8.165859	142169	encoding	n/a	n/a	SB_2.mp4	70.0	716.37410375	n/a	n/a	709.795262	1	n/a	n/a	n/a	n/a	n/a	n/a	n/a	n/a	n/a	n/a	n/a	n/a	intervals/encoding_table	68	710.845144	719.011003
710.845144	0.000000	142169	ttl	1	70	n/a	n/a	n/a	n/a	n/a	n/a	n/a	n/a	n/a	n/a	n/a	n/a	n/a	n/a	n/a	n/a	n/a	n/a	n/a	n/a	n/a	710.845144	n/a
719.011003	0.000000	143802	ttl	2	70	n/a	n/a	n/a	n/a	n/a	n/a	n/a	n/a	n/a	n/a	n/a	n/a	n/a	n/a	n/a	n/a	n/a	n/a	n/a	n/a	n/a	719.011003	n/a
719.025944	0.000000	143805	ttl	11	70	n/a	n/a	n/a	n/a	n/a	n/a	n/a	n/a	n/a	n/a	n/a	n/a	n/a	n/a	n/a	n/a	n/a	n/a	n/a	n/a	n/a	719.025944	n/a
720.113826	8.198643	144023	encoding	n/a	n/a	NB_13.mp4	70.0	724.1138265	n/a	n/a	719.025944	0	n/a	n/a	n/a	n/a	n/a	n/a	n/a	n/a	n/a	n/a	n/a	n/a	intervals/encoding_table	69	720.113826	728.312469
720.113826	0.000000	144023	ttl	1	70	n/a	n/a	n/a	n/a	n/a	n/a	n/a	n/a	n/a	n/a	n/a	n/a	n/a	n/a	n/a	n/a	n/a	n/a	n/a	n/a	n/a	720.113826	n/a
728.312469	0.000000	145662	ttl	2	70	n/a	n/a	n/a	n/a	n/a	n/a	n/a	n/a	n/a	n/a	n/a	n/a	n/a	n/a	n/a	n/a	n/a	n/a	n/a	n/a	n/a	728.312469	n/a
728.327180	0.000000	145665	ttl	11	70	n/a	n/a	n/a	n/a	n/a	n/a	n/a	n/a	n/a	n/a	n/a	n/a	n/a	n/a	n/a	n/a	n/a	n/a	n/a	n/a	n/a	728.327180	n/a
729.360797	8.229759	145872	encoding	n/a	n/a	NB_26.mp4	70.0	733.36079675	n/a	n/a	728.3271804999999	0	n/a	n/a	n/a	n/a	n/a	n/a	n/a	n/a	n/a	n/a	n/a	n/a	intervals/encoding_table	70	729.360797	737.590555
729.360797	0.000000	145872	ttl	1	70	n/a	n/a	n/a	n/a	n/a	n/a	n/a	n/a	n/a	n/a	n/a	n/a	n/a	n/a	n/a	n/a	n/a	n/a	n/a	n/a	n/a	729.360797	n/a
737.590555	0.000000	147518	ttl	2	70	n/a	n/a	n/a	n/a	n/a	n/a	n/a	n/a	n/a	n/a	n/a	n/a	n/a	n/a	n/a	n/a	n/a	n/a	n/a	n/a	n/a	737.590555	n/a
740.970565	0.000000	148194	ttl	11	70	n/a	n/a	n/a	n/a	n/a	n/a	n/a	n/a	n/a	n/a	n/a	n/a	n/a	n/a	n/a	n/a	n/a	n/a	n/a	n/a	n/a	740.970565	n/a
741.966805	8.064875	148393	encoding	n/a	n/a	SB_21.mp4	70.0	744.2782864999999	746.6903785	n/a	740.9705645	1	n/a	n/a	n/a	n/a	n/a	n/a	n/a	n/a	n/a	n/a	n/a	n/a	intervals/encoding_table	71	741.966805	750.031680
741.966805	0.000000	148393	ttl	1	70	n/a	n/a	n/a	n/a	n/a	n/a	n/a	n/a	n/a	n/a	n/a	n/a	n/a	n/a	n/a	n/a	n/a	n/a	n/a	n/a	n/a	741.966805	n/a
750.031680	0.000000	150006	ttl	2	70	n/a	n/a	n/a	n/a	n/a	n/a	n/a	n/a	n/a	n/a	n/a	n/a	n/a	n/a	n/a	n/a	n/a	n/a	n/a	n/a	n/a	750.031680	n/a
750.047403	0.000000	150009	ttl	11	70	n/a	n/a	n/a	n/a	n/a	n/a	n/a	n/a	n/a	n/a	n/a	n/a	n/a	n/a	n/a	n/a	n/a	n/a	n/a	n/a	n/a	750.047403	n/a
751.004635	8.667447	150201	encoding	n/a	n/a	NB_6.mp4	70.0	755.0046355	n/a	n/a	750.0474029999999	0	n/a	n/a	n/a	n/a	n/a	n/a	n/a	n/a	n/a	n/a	n/a	n/a	intervals/encoding_table	72	751.004635	759.672082
751.004635	0.000000	150201	ttl	1	70	n/a	n/a	n/a	n/a	n/a	n/a	n/a	n/a	n/a	n/a	n/a	n/a	n/a	n/a	n/a	n/a	n/a	n/a	n/a	n/a	n/a	751.004635	n/a
759.672082	0.000000	151934	ttl	2	70	n/a	n/a	n/a	n/a	n/a	n/a	n/a	n/a	n/a	n/a	n/a	n/a	n/a	n/a	n/a	n/a	n/a	n/a	n/a	n/a	n/a	759.672082	n/a
759.686892	0.000000	151937	ttl	11	70	n/a	n/a	n/a	n/a	n/a	n/a	n/a	n/a	n/a	n/a	n/a	n/a	n/a	n/a	n/a	n/a	n/a	n/a	n/a	n/a	n/a	759.686892	n/a
760.705923	8.033507	152141	encoding	n/a	n/a	HB_12.mp4	70.0	764.70592325	762.343661	766.63306425	759.686892	2	n/a	n/a	n/a	n/a	n/a	n/a	n/a	n/a	n/a	n/a	n/a	n/a	intervals/encoding_table	73	760.705923	768.739430
760.705923	0.000000	152141	ttl	1	70	n/a	n/a	n/a	n/a	n/a	n/a	n/a	n/a	n/a	n/a	n/a	n/a	n/a	n/a	n/a	n/a	n/a	n/a	n/a	n/a	n/a	760.705923	n/a
768.739430	0.000000	153748	ttl	2	70	n/a	n/a	n/a	n/a	n/a	n/a	n/a	n/a	n/a	n/a	n/a	n/a	n/a	n/a	n/a	n/a	n/a	n/a	n/a	n/a	n/a	768.739430	n/a
768.754039	0.000000	153751	ttl	11	70	n/a	n/a	n/a	n/a	n/a	n/a	n/a	n/a	n/a	n/a	n/a	n/a	n/a	n/a	n/a	n/a	n/a	n/a	n/a	n/a	n/a	768.754039	n/a
769.721321	7.998743	153944	encoding	n/a	n/a	NB_9.mp4	70.0	773.72132075	n/a	n/a	768.75403925	0	n/a	n/a	n/a	n/a	n/a	n/a	n/a	n/a	n/a	n/a	n/a	n/a	intervals/encoding_table	74	769.721321	777.720064
769.721321	0.000000	153944	ttl	1	70	n/a	n/a	n/a	n/a	n/a	n/a	n/a	n/a	n/a	n/a	n/a	n/a	n/a	n/a	n/a	n/a	n/a	n/a	n/a	n/a	n/a	769.721321	n/a
777.720064	0.000000	155544	ttl	2	70	n/a	n/a	n/a	n/a	n/a	n/a	n/a	n/a	n/a	n/a	n/a	n/a	n/a	n/a	n/a	n/a	n/a	n/a	n/a	n/a	n/a	777.720064	n/a
777.734761	0.000000	155547	ttl	11	70	n/a	n/a	n/a	n/a	n/a	n/a	n/a	n/a	n/a	n/a	n/a	n/a	n/a	n/a	n/a	n/a	n/a	n/a	n/a	n/a	n/a	777.734761	n/a
778.826671	8.032343	155765	encoding	n/a	n/a	SB_17.mp4	70.0	780.6701939999999	783.1564589999999	n/a	777.73476125	1	n/a	n/a	n/a	n/a	n/a	n/a	n/a	n/a	n/a	n/a	n/a	n/a	intervals/encoding_table	75	778.826671	786.859014
778.826671	0.000000	155765	ttl	1	70	n/a	n/a	n/a	n/a	n/a	n/a	n/a	n/a	n/a	n/a	n/a	n/a	n/a	n/a	n/a	n/a	n/a	n/a	n/a	n/a	n/a	778.826671	n/a
786.859014	0.000000	157372	ttl	2	70	n/a	n/a	n/a	n/a	n/a	n/a	n/a	n/a	n/a	n/a	n/a	n/a	n/a	n/a	n/a	n/a	n/a	n/a	n/a	n/a	n/a	786.859014	n/a
786.873853	0.000000	157375	ttl	11	70	n/a	n/a	n/a	n/a	n/a	n/a	n/a	n/a	n/a	n/a	n/a	n/a	n/a	n/a	n/a	n/a	n/a	n/a	n/a	n/a	n/a	786.873853	n/a
787.862268	8.332489	157572	encoding	n/a	n/a	HB_26.mp4	70.0	791.86226775	n/a	n/a	786.87385275	2	n/a	n/a	n/a	n/a	n/a	n/a	n/a	n/a	n/a	n/a	n/a	n/a	intervals/encoding_table	76	787.862268	796.194757
787.862268	0.000000	157572	ttl	1	70	n/a	n/a	n/a	n/a	n/a	n/a	n/a	n/a	n/a	n/a	n/a	n/a	n/a	n/a	n/a	n/a	n/a	n/a	n/a	n/a	n/a	787.862268	n/a
796.194757	0.000000	159239	ttl	2	70	n/a	n/a	n/a	n/a	n/a	n/a	n/a	n/a	n/a	n/a	n/a	n/a	n/a	n/a	n/a	n/a	n/a	n/a	n/a	n/a	n/a	796.194757	n/a
802.906927	0.000000	160581	ttl	11	70	n/a	n/a	n/a	n/a	n/a	n/a	n/a	n/a	n/a	n/a	n/a	n/a	n/a	n/a	n/a	n/a	n/a	n/a	n/a	n/a	n/a	802.906927	n/a
803.999327	7.966349	160800	encoding	n/a	n/a	NB_27.mp4	70.0	807.9993267499999	n/a	n/a	802.9069274999999	0	n/a	n/a	n/a	n/a	n/a	n/a	n/a	n/a	n/a	n/a	n/a	n/a	intervals/encoding_table	77	803.999327	811.965676
803.999327	0.000000	160800	ttl	1	70	n/a	n/a	n/a	n/a	n/a	n/a	n/a	n/a	n/a	n/a	n/a	n/a	n/a	n/a	n/a	n/a	n/a	n/a	n/a	n/a	n/a	803.999327	n/a
811.965676	0.000000	162393	ttl	2	70	n/a	n/a	n/a	n/a	n/a	n/a	n/a	n/a	n/a	n/a	n/a	n/a	n/a	n/a	n/a	n/a	n/a	n/a	n/a	n/a	n/a	811.965676	n/a
811.981016	0.000000	162396	ttl	11	70	n/a	n/a	n/a	n/a	n/a	n/a	n/a	n/a	n/a	n/a	n/a	n/a	n/a	n/a	n/a	n/a	n/a	n/a	n/a	n/a	n/a	811.981016	n/a
813.016293	7.996109	162603	encoding	n/a	n/a	NB_19.mp4	70.0	817.016293	n/a	n/a	811.9810162499999	0	n/a	n/a	n/a	n/a	n/a	n/a	n/a	n/a	n/a	n/a	n/a	n/a	intervals/encoding_table	78	813.016293	821.012402
813.016293	0.000000	162603	ttl	1	70	n/a	n/a	n/a	n/a	n/a	n/a	n/a	n/a	n/a	n/a	n/a	n/a	n/a	n/a	n/a	n/a	n/a	n/a	n/a	n/a	n/a	813.016293	n/a
821.012402	0.000000	164202	ttl	2	70	n/a	n/a	n/a	n/a	n/a	n/a	n/a	n/a	n/a	n/a	n/a	n/a	n/a	n/a	n/a	n/a	n/a	n/a	n/a	n/a	n/a	821.012402	n/a
821.027111	0.000000	164205	ttl	11	70	n/a	n/a	n/a	n/a	n/a	n/a	n/a	n/a	n/a	n/a	n/a	n/a	n/a	n/a	n/a	n/a	n/a	n/a	n/a	n/a	n/a	821.027111	n/a
822.068327	7.998757	164414	encoding	n/a	n/a	NB_14.mp4	70.0	826.068327	n/a	n/a	821.0271114999999	0	n/a	n/a	n/a	n/a	n/a	n/a	n/a	n/a	n/a	n/a	n/a	n/a	intervals/encoding_table	79	822.068327	830.067084
822.068327	0.000000	164414	ttl	1	70	n/a	n/a	n/a	n/a	n/a	n/a	n/a	n/a	n/a	n/a	n/a	n/a	n/a	n/a	n/a	n/a	n/a	n/a	n/a	n/a	n/a	822.068327	n/a
830.067084	0.000000	166013	ttl	2	70	n/a	n/a	n/a	n/a	n/a	n/a	n/a	n/a	n/a	n/a	n/a	n/a	n/a	n/a	n/a	n/a	n/a	n/a	n/a	n/a	n/a	830.067084	n/a
830.082044	0.000000	166016	ttl	11	70	n/a	n/a	n/a	n/a	n/a	n/a	n/a	n/a	n/a	n/a	n/a	n/a	n/a	n/a	n/a	n/a	n/a	n/a	n/a	n/a	n/a	830.082044	n/a
831.173583	8.033364	166235	encoding	n/a	n/a	HB_14.mp4	70.0	835.1735827499999	833.9212745	837.0953452499999	830.08204425	2	n/a	n/a	n/a	n/a	n/a	n/a	n/a	n/a	n/a	n/a	n/a	n/a	intervals/encoding_table	80	831.173583	839.206947
831.173583	0.000000	166235	ttl	1	70	n/a	n/a	n/a	n/a	n/a	n/a	n/a	n/a	n/a	n/a	n/a	n/a	n/a	n/a	n/a	n/a	n/a	n/a	n/a	n/a	n/a	831.173583	n/a
839.206947	0.000000	167841	ttl	2	70	n/a	n/a	n/a	n/a	n/a	n/a	n/a	n/a	n/a	n/a	n/a	n/a	n/a	n/a	n/a	n/a	n/a	n/a	n/a	n/a	n/a	839.206947	n/a
839.221518	0.000000	167844	ttl	11	70	n/a	n/a	n/a	n/a	n/a	n/a	n/a	n/a	n/a	n/a	n/a	n/a	n/a	n/a	n/a	n/a	n/a	n/a	n/a	n/a	n/a	839.221518	n/a
840.309494	8.432882	168062	encoding	n/a	n/a	HB_22.mp4	70.0	844.30949375	n/a	n/a	839.2215182499999	2	n/a	n/a	n/a	n/a	n/a	n/a	n/a	n/a	n/a	n/a	n/a	n/a	intervals/encoding_table	81	840.309494	848.742375
840.309494	0.000000	168062	ttl	1	70	n/a	n/a	n/a	n/a	n/a	n/a	n/a	n/a	n/a	n/a	n/a	n/a	n/a	n/a	n/a	n/a	n/a	n/a	n/a	n/a	n/a	840.309494	n/a
848.742375	0.000000	169748	ttl	2	70	n/a	n/a	n/a	n/a	n/a	n/a	n/a	n/a	n/a	n/a	n/a	n/a	n/a	n/a	n/a	n/a	n/a	n/a	n/a	n/a	n/a	848.742375	n/a
848.757189	0.000000	169751	ttl	11	70	n/a	n/a	n/a	n/a	n/a	n/a	n/a	n/a	n/a	n/a	n/a	n/a	n/a	n/a	n/a	n/a	n/a	n/a	n/a	n/a	n/a	848.757189	n/a
849.823941	8.031820	169965	encoding	n/a	n/a	HB_11.mp4	70.0	853.823941	852.70210875	856.0442997499999	848.7571895	2	n/a	n/a	n/a	n/a	n/a	n/a	n/a	n/a	n/a	n/a	n/a	n/a	intervals/encoding_table	82	849.823941	857.855761
849.823941	0.000000	169965	ttl	1	70	n/a	n/a	n/a	n/a	n/a	n/a	n/a	n/a	n/a	n/a	n/a	n/a	n/a	n/a	n/a	n/a	n/a	n/a	n/a	n/a	n/a	849.823941	n/a
857.855761	0.000000	171571	ttl	2	70	n/a	n/a	n/a	n/a	n/a	n/a	n/a	n/a	n/a	n/a	n/a	n/a	n/a	n/a	n/a	n/a	n/a	n/a	n/a	n/a	n/a	857.855761	n/a
857.870492	0.000000	171574	ttl	11	70	n/a	n/a	n/a	n/a	n/a	n/a	n/a	n/a	n/a	n/a	n/a	n/a	n/a	n/a	n/a	n/a	n/a	n/a	n/a	n/a	n/a	857.870492	n/a
858.801541	8.028684	171760	encoding	n/a	n/a	HB_28.mp4	70.0	862.80154075	n/a	n/a	857.8704925	2	n/a	n/a	n/a	n/a	n/a	n/a	n/a	n/a	n/a	n/a	n/a	n/a	intervals/encoding_table	83	858.801541	866.830224
858.801541	0.000000	171760	ttl	1	70	n/a	n/a	n/a	n/a	n/a	n/a	n/a	n/a	n/a	n/a	n/a	n/a	n/a	n/a	n/a	n/a	n/a	n/a	n/a	n/a	n/a	858.801541	n/a
866.830224	0.000000	173366	ttl	2	70	n/a	n/a	n/a	n/a	n/a	n/a	n/a	n/a	n/a	n/a	n/a	n/a	n/a	n/a	n/a	n/a	n/a	n/a	n/a	n/a	n/a	866.830224	n/a
869.409951	0.000000	173882	ttl	11	70	n/a	n/a	n/a	n/a	n/a	n/a	n/a	n/a	n/a	n/a	n/a	n/a	n/a	n/a	n/a	n/a	n/a	n/a	n/a	n/a	n/a	869.409951	n/a
870.476037	8.366701	174095	encoding	n/a	n/a	NB_29.mp4	70.0	874.4760375	n/a	n/a	869.409951	0	n/a	n/a	n/a	n/a	n/a	n/a	n/a	n/a	n/a	n/a	n/a	n/a	intervals/encoding_table	84	870.476037	878.842738
870.476037	0.000000	174095	ttl	1	70	n/a	n/a	n/a	n/a	n/a	n/a	n/a	n/a	n/a	n/a	n/a	n/a	n/a	n/a	n/a	n/a	n/a	n/a	n/a	n/a	n/a	870.476037	n/a
878.842738	0.000000	175769	ttl	2	70	n/a	n/a	n/a	n/a	n/a	n/a	n/a	n/a	n/a	n/a	n/a	n/a	n/a	n/a	n/a	n/a	n/a	n/a	n/a	n/a	n/a	878.842738	n/a
878.857318	0.000000	175771	ttl	11	70	n/a	n/a	n/a	n/a	n/a	n/a	n/a	n/a	n/a	n/a	n/a	n/a	n/a	n/a	n/a	n/a	n/a	n/a	n/a	n/a	n/a	878.857318	n/a
879.850146	8.397275	175970	encoding	n/a	n/a	HB_3.mp4	70.0	883.85014625	882.16034225	n/a	878.8573182499999	2	n/a	n/a	n/a	n/a	n/a	n/a	n/a	n/a	n/a	n/a	n/a	n/a	intervals/encoding_table	85	879.850146	888.247421
879.850146	0.000000	175970	ttl	1	70	n/a	n/a	n/a	n/a	n/a	n/a	n/a	n/a	n/a	n/a	n/a	n/a	n/a	n/a	n/a	n/a	n/a	n/a	n/a	n/a	n/a	879.850146	n/a
888.247421	0.000000	177649	ttl	2	70	n/a	n/a	n/a	n/a	n/a	n/a	n/a	n/a	n/a	n/a	n/a	n/a	n/a	n/a	n/a	n/a	n/a	n/a	n/a	n/a	n/a	888.247421	n/a
888.263031	0.000000	177653	ttl	11	70	n/a	n/a	n/a	n/a	n/a	n/a	n/a	n/a	n/a	n/a	n/a	n/a	n/a	n/a	n/a	n/a	n/a	n/a	n/a	n/a	n/a	888.263031	n/a
889.222768	7.966479	177845	encoding	n/a	n/a	SB_7.mp4	70.0	891.6152595	n/a	n/a	888.26303075	1	n/a	n/a	n/a	n/a	n/a	n/a	n/a	n/a	n/a	n/a	n/a	n/a	intervals/encoding_table	86	889.222768	897.189248
889.222768	0.000000	177845	ttl	1	70	n/a	n/a	n/a	n/a	n/a	n/a	n/a	n/a	n/a	n/a	n/a	n/a	n/a	n/a	n/a	n/a	n/a	n/a	n/a	n/a	n/a	889.222768	n/a
897.189248	0.000000	179438	ttl	2	70	n/a	n/a	n/a	n/a	n/a	n/a	n/a	n/a	n/a	n/a	n/a	n/a	n/a	n/a	n/a	n/a	n/a	n/a	n/a	n/a	n/a	897.189248	n/a
897.204968	0.000000	179441	ttl	11	70	n/a	n/a	n/a	n/a	n/a	n/a	n/a	n/a	n/a	n/a	n/a	n/a	n/a	n/a	n/a	n/a	n/a	n/a	n/a	n/a	n/a	897.204968	n/a
898.209629	8.099931	179642	encoding	n/a	n/a	NB_17.mp4	70.0	902.209629	n/a	n/a	897.204968	0	n/a	n/a	n/a	n/a	n/a	n/a	n/a	n/a	n/a	n/a	n/a	n/a	intervals/encoding_table	87	898.209629	906.309560
898.209629	0.000000	179642	ttl	1	70	n/a	n/a	n/a	n/a	n/a	n/a	n/a	n/a	n/a	n/a	n/a	n/a	n/a	n/a	n/a	n/a	n/a	n/a	n/a	n/a	n/a	898.209629	n/a
906.309560	0.000000	181262	ttl	2	70	n/a	n/a	n/a	n/a	n/a	n/a	n/a	n/a	n/a	n/a	n/a	n/a	n/a	n/a	n/a	n/a	n/a	n/a	n/a	n/a	n/a	906.309560	n/a
906.324229	0.000000	181265	ttl	11	70	n/a	n/a	n/a	n/a	n/a	n/a	n/a	n/a	n/a	n/a	n/a	n/a	n/a	n/a	n/a	n/a	n/a	n/a	n/a	n/a	n/a	906.324229	n/a
907.390555	8.097942	181478	encoding	n/a	n/a	HB_25.mp4	70.0	911.390555	n/a	n/a	906.324229	2	n/a	n/a	n/a	n/a	n/a	n/a	n/a	n/a	n/a	n/a	n/a	n/a	intervals/encoding_table	88	907.390555	915.488497
907.390555	0.000000	181478	ttl	1	70	n/a	n/a	n/a	n/a	n/a	n/a	n/a	n/a	n/a	n/a	n/a	n/a	n/a	n/a	n/a	n/a	n/a	n/a	n/a	n/a	n/a	907.390555	n/a
915.488497	0.000000	183098	ttl	2	70	n/a	n/a	n/a	n/a	n/a	n/a	n/a	n/a	n/a	n/a	n/a	n/a	n/a	n/a	n/a	n/a	n/a	n/a	n/a	n/a	n/a	915.488497	n/a
916.719763	0.000000	183344	ttl	11	70	n/a	n/a	n/a	n/a	n/a	n/a	n/a	n/a	n/a	n/a	n/a	n/a	n/a	n/a	n/a	n/a	n/a	n/a	n/a	n/a	n/a	916.719763	n/a
917.727590	7.863858	183546	encoding	n/a	n/a	SB_4.mp4	70.0	923.2944689999999	n/a	n/a	916.7197635	1	n/a	n/a	n/a	n/a	n/a	n/a	n/a	n/a	n/a	n/a	n/a	n/a	intervals/encoding_table	89	917.727590	925.591448
917.727590	0.000000	183546	ttl	1	70	n/a	n/a	n/a	n/a	n/a	n/a	n/a	n/a	n/a	n/a	n/a	n/a	n/a	n/a	n/a	n/a	n/a	n/a	n/a	n/a	n/a	917.727590	n/a
925.591448	0.000000	185118	ttl	2	70	n/a	n/a	n/a	n/a	n/a	n/a	n/a	n/a	n/a	n/a	n/a	n/a	n/a	n/a	n/a	n/a	n/a	n/a	n/a	n/a	n/a	925.591448	n/a
925.651041	0.000000	185130	ttl	60	70	n/a	n/a	n/a	n/a	n/a	n/a	n/a	n/a	n/a	n/a	n/a	n/a	n/a	n/a	n/a	n/a	n/a	n/a	n/a	n/a	n/a	925.651041	n/a
1204.149836	0.000000	240830	ttl	61	71	n/a	n/a	n/a	n/a	n/a	n/a	n/a	n/a	n/a	n/a	n/a	n/a	n/a	n/a	n/a	n/a	n/a	n/a	n/a	n/a	n/a	1204.149836	n/a
1204.201223	0.000000	240840	ttl	11	71	n/a	n/a	n/a	n/a	n/a	n/a	n/a	n/a	n/a	n/a	n/a	n/a	n/a	n/a	n/a	n/a	n/a	n/a	n/a	n/a	n/a	1204.201223	n/a
1204.751106	1.554098	240950	scene_recognition	n/a	n/a	n/a	71.0	n/a	n/a	n/a	1204.20122275	n/a	3.786946331623767	2	2	3	SB_1_frameA.png	2	2	1210.09215025	1	1	n/a	n/a	intervals/recognition_table	0	1204.751106	1206.305204
1204.751106	0.000000	240950	ttl	1	71	n/a	n/a	n/a	n/a	n/a	n/a	n/a	n/a	n/a	n/a	n/a	n/a	n/a	n/a	n/a	n/a	n/a	n/a	n/a	n/a	n/a	1204.751106	n/a
1206.305204	0.000000	241261	ttl	2	71	n/a	n/a	n/a	n/a	n/a	n/a	n/a	n/a	n/a	n/a	n/a	n/a	n/a	n/a	n/a	n/a	n/a	n/a	n/a	n/a	n/a	1206.305204	n/a
1210.092150	0.000000	242018	ttl	4	71	n/a	n/a	n/a	n/a	n/a	n/a	n/a	n/a	n/a	n/a	n/a	n/a	n/a	n/a	n/a	n/a	n/a	n/a	n/a	n/a	n/a	1210.092150	n/a
1210.102103	0.000000	242020	ttl	11	71	n/a	n/a	n/a	n/a	n/a	n/a	n/a	n/a	n/a	n/a	n/a	n/a	n/a	n/a	n/a	n/a	n/a	n/a	n/a	n/a	n/a	1210.102103	n/a
1210.635330	1.534451	242127	scene_recognition	n/a	n/a	n/a	71.0	n/a	n/a	n/a	1210.102103	n/a	3.2071070741221774	2	2	2	SB_5_frameB_foil.png	1	6	1215.3768874999998	0	2	n/a	n/a	intervals/recognition_table	1	1210.635330	1212.169780
1210.635330	0.000000	242127	ttl	1	71	n/a	n/a	n/a	n/a	n/a	n/a	n/a	n/a	n/a	n/a	n/a	n/a	n/a	n/a	n/a	n/a	n/a	n/a	n/a	n/a	n/a	1210.635330	n/a
1212.169780	0.000000	242434	ttl	2	71	n/a	n/a	n/a	n/a	n/a	n/a	n/a	n/a	n/a	n/a	n/a	n/a	n/a	n/a	n/a	n/a	n/a	n/a	n/a	n/a	n/a	1212.169780	n/a
1215.376887	0.000000	243075	ttl	4	71	n/a	n/a	n/a	n/a	n/a	n/a	n/a	n/a	n/a	n/a	n/a	n/a	n/a	n/a	n/a	n/a	n/a	n/a	n/a	n/a	n/a	1215.376887	n/a
1215.394714	0.000000	243079	ttl	11	71	n/a	n/a	n/a	n/a	n/a	n/a	n/a	n/a	n/a	n/a	n/a	n/a	n/a	n/a	n/a	n/a	n/a	n/a	n/a	n/a	n/a	1215.394714	n/a
1215.861281	1.552005	243172	scene_recognition	n/a	n/a	n/a	71.0	n/a	n/a	n/a	1215.3947145	n/a	1.7313486964339972	2	1	3	NB_23_frameA_foil.png	1	7	1219.144634	0	3	n/a	n/a	intervals/recognition_table	2	1215.861281	1217.413285
1215.861281	0.000000	243172	ttl	1	71	n/a	n/a	n/a	n/a	n/a	n/a	n/a	n/a	n/a	n/a	n/a	n/a	n/a	n/a	n/a	n/a	n/a	n/a	n/a	n/a	n/a	1215.861281	n/a
1217.413285	0.000000	243483	ttl	2	71	n/a	n/a	n/a	n/a	n/a	n/a	n/a	n/a	n/a	n/a	n/a	n/a	n/a	n/a	n/a	n/a	n/a	n/a	n/a	n/a	n/a	1217.413285	n/a
1219.144634	0.000000	243829	ttl	4	71	n/a	n/a	n/a	n/a	n/a	n/a	n/a	n/a	n/a	n/a	n/a	n/a	n/a	n/a	n/a	n/a	n/a	n/a	n/a	n/a	n/a	1219.144634	n/a
1219.152830	0.000000	243831	ttl	11	71	n/a	n/a	n/a	n/a	n/a	n/a	n/a	n/a	n/a	n/a	n/a	n/a	n/a	n/a	n/a	n/a	n/a	n/a	n/a	n/a	n/a	1219.152830	n/a
1219.619401	1.534861	243924	scene_recognition	n/a	n/a	n/a	71.0	n/a	n/a	n/a	1219.1528305	n/a	0.5373028158719535	2	2	3	SB_2_frameA.png	2	2	1221.6915649999999	1	4	n/a	n/a	intervals/recognition_table	3	1219.619401	1221.154262
1219.619401	0.000000	243924	ttl	1	71	n/a	n/a	n/a	n/a	n/a	n/a	n/a	n/a	n/a	n/a	n/a	n/a	n/a	n/a	n/a	n/a	n/a	n/a	n/a	n/a	n/a	1219.619401	n/a
1221.154262	0.000000	244231	ttl	2	71	n/a	n/a	n/a	n/a	n/a	n/a	n/a	n/a	n/a	n/a	n/a	n/a	n/a	n/a	n/a	n/a	n/a	n/a	n/a	n/a	n/a	1221.154262	n/a
1221.691565	0.000000	244338	ttl	4	71	n/a	n/a	n/a	n/a	n/a	n/a	n/a	n/a	n/a	n/a	n/a	n/a	n/a	n/a	n/a	n/a	n/a	n/a	n/a	n/a	n/a	1221.691565	n/a
1221.696409	0.000000	244339	ttl	11	71	n/a	n/a	n/a	n/a	n/a	n/a	n/a	n/a	n/a	n/a	n/a	n/a	n/a	n/a	n/a	n/a	n/a	n/a	n/a	n/a	n/a	1221.696409	n/a
1222.246281	1.553084	244449	scene_recognition	n/a	n/a	n/a	71.0	n/a	n/a	n/a	1221.696409	n/a	0.4591455057961866	2	1	3	NB_3_frameA_foil.png	1	7	1224.258511	0	5	n/a	n/a	intervals/recognition_table	4	1222.246281	1223.799366
1222.246281	0.000000	244449	ttl	1	71	n/a	n/a	n/a	n/a	n/a	n/a	n/a	n/a	n/a	n/a	n/a	n/a	n/a	n/a	n/a	n/a	n/a	n/a	n/a	n/a	n/a	1222.246281	n/a
1223.799366	0.000000	244760	ttl	2	71	n/a	n/a	n/a	n/a	n/a	n/a	n/a	n/a	n/a	n/a	n/a	n/a	n/a	n/a	n/a	n/a	n/a	n/a	n/a	n/a	n/a	1223.799366	n/a
1224.258511	0.000000	244852	ttl	4	71	n/a	n/a	n/a	n/a	n/a	n/a	n/a	n/a	n/a	n/a	n/a	n/a	n/a	n/a	n/a	n/a	n/a	n/a	n/a	n/a	n/a	1224.258511	n/a
1224.267494	0.000000	244853	ttl	11	71	n/a	n/a	n/a	n/a	n/a	n/a	n/a	n/a	n/a	n/a	n/a	n/a	n/a	n/a	n/a	n/a	n/a	n/a	n/a	n/a	n/a	1224.267494	n/a
1224.867367	1.534903	244973	scene_recognition	n/a	n/a	n/a	71.0	n/a	n/a	n/a	1224.2674944999999	n/a	0.0	1	1	0	NB_10_frameA.png	0	1	1226.40326975	1	6	n/a	n/a	intervals/recognition_table	5	1224.867367	1226.402270
1224.867367	0.000000	244973	ttl	1	71	n/a	n/a	n/a	n/a	n/a	n/a	n/a	n/a	n/a	n/a	n/a	n/a	n/a	n/a	n/a	n/a	n/a	n/a	n/a	n/a	n/a	1224.867367	n/a
1226.402270	0.000000	245280	ttl	2	71	n/a	n/a	n/a	n/a	n/a	n/a	n/a	n/a	n/a	n/a	n/a	n/a	n/a	n/a	n/a	n/a	n/a	n/a	n/a	n/a	n/a	1226.402270	n/a
1227.825473	0.000000	245565	ttl	11	71	n/a	n/a	n/a	n/a	n/a	n/a	n/a	n/a	n/a	n/a	n/a	n/a	n/a	n/a	n/a	n/a	n/a	n/a	n/a	n/a	n/a	1227.825473	n/a
1228.308715	1.534353	245662	scene_recognition	n/a	n/a	n/a	71.0	n/a	n/a	n/a	1227.8254729999999	n/a	1.5813025284514879	1	3	2	HB_8_frameB.png	1	6	1231.42437075	1	7	n/a	n/a	intervals/recognition_table	6	1228.308715	1229.843068
1228.308715	0.000000	245662	ttl	1	71	n/a	n/a	n/a	n/a	n/a	n/a	n/a	n/a	n/a	n/a	n/a	n/a	n/a	n/a	n/a	n/a	n/a	n/a	n/a	n/a	n/a	1228.308715	n/a
1229.843068	0.000000	245969	ttl	2	71	n/a	n/a	n/a	n/a	n/a	n/a	n/a	n/a	n/a	n/a	n/a	n/a	n/a	n/a	n/a	n/a	n/a	n/a	n/a	n/a	n/a	1229.843068	n/a
1231.424371	0.000000	246285	ttl	4	71	n/a	n/a	n/a	n/a	n/a	n/a	n/a	n/a	n/a	n/a	n/a	n/a	n/a	n/a	n/a	n/a	n/a	n/a	n/a	n/a	n/a	1231.424371	n/a
1231.432198	0.000000	246286	ttl	11	71	n/a	n/a	n/a	n/a	n/a	n/a	n/a	n/a	n/a	n/a	n/a	n/a	n/a	n/a	n/a	n/a	n/a	n/a	n/a	n/a	n/a	1231.432198	n/a
1231.998742	1.533684	246400	scene_recognition	n/a	n/a	n/a	71.0	n/a	n/a	n/a	1231.43219825	n/a	2.7391399191037635	2	1	3	NB_19_frameB.png	2	2	1236.27156625	1	8	n/a	n/a	intervals/recognition_table	7	1231.998742	1233.532426
1231.998742	0.000000	246400	ttl	1	71	n/a	n/a	n/a	n/a	n/a	n/a	n/a	n/a	n/a	n/a	n/a	n/a	n/a	n/a	n/a	n/a	n/a	n/a	n/a	n/a	n/a	1231.998742	n/a
1233.532426	0.000000	246706	ttl	2	71	n/a	n/a	n/a	n/a	n/a	n/a	n/a	n/a	n/a	n/a	n/a	n/a	n/a	n/a	n/a	n/a	n/a	n/a	n/a	n/a	n/a	1233.532426	n/a
1236.271566	0.000000	247254	ttl	4	71	n/a	n/a	n/a	n/a	n/a	n/a	n/a	n/a	n/a	n/a	n/a	n/a	n/a	n/a	n/a	n/a	n/a	n/a	n/a	n/a	n/a	1236.271566	n/a
1236.279007	0.000000	247256	ttl	11	71	n/a	n/a	n/a	n/a	n/a	n/a	n/a	n/a	n/a	n/a	n/a	n/a	n/a	n/a	n/a	n/a	n/a	n/a	n/a	n/a	n/a	1236.279007	n/a
1236.762242	1.533984	247352	scene_recognition	n/a	n/a	n/a	71.0	n/a	n/a	n/a	1236.27900675	n/a	2.2297691820931504	1	3	3	HB_4_frameB_foil.png	2	2	1240.525995	0	9	n/a	n/a	intervals/recognition_table	8	1236.762242	1238.296226
1236.762242	0.000000	247352	ttl	1	71	n/a	n/a	n/a	n/a	n/a	n/a	n/a	n/a	n/a	n/a	n/a	n/a	n/a	n/a	n/a	n/a	n/a	n/a	n/a	n/a	n/a	1236.762242	n/a
1238.296226	0.000000	247659	ttl	2	71	n/a	n/a	n/a	n/a	n/a	n/a	n/a	n/a	n/a	n/a	n/a	n/a	n/a	n/a	n/a	n/a	n/a	n/a	n/a	n/a	n/a	1238.296226	n/a
1240.525995	0.000000	248105	ttl	4	71	n/a	n/a	n/a	n/a	n/a	n/a	n/a	n/a	n/a	n/a	n/a	n/a	n/a	n/a	n/a	n/a	n/a	n/a	n/a	n/a	n/a	1240.525995	n/a
1240.531716	0.000000	248106	ttl	11	71	n/a	n/a	n/a	n/a	n/a	n/a	n/a	n/a	n/a	n/a	n/a	n/a	n/a	n/a	n/a	n/a	n/a	n/a	n/a	n/a	n/a	1240.531716	n/a
1241.064902	1.533784	248213	scene_recognition	n/a	n/a	n/a	71.0	n/a	n/a	n/a	1240.5317155	n/a	0.1502228733515949	2	3	3	HB_7_frameB.png	2	2	1242.7489094999999	1	10	n/a	n/a	intervals/recognition_table	9	1241.064902	1242.598686
1241.064902	0.000000	248213	ttl	1	71	n/a	n/a	n/a	n/a	n/a	n/a	n/a	n/a	n/a	n/a	n/a	n/a	n/a	n/a	n/a	n/a	n/a	n/a	n/a	n/a	n/a	1241.064902	n/a
1242.598686	0.000000	248520	ttl	2	71	n/a	n/a	n/a	n/a	n/a	n/a	n/a	n/a	n/a	n/a	n/a	n/a	n/a	n/a	n/a	n/a	n/a	n/a	n/a	n/a	n/a	1242.598686	n/a
1242.748909	0.000000	248550	ttl	4	71	n/a	n/a	n/a	n/a	n/a	n/a	n/a	n/a	n/a	n/a	n/a	n/a	n/a	n/a	n/a	n/a	n/a	n/a	n/a	n/a	n/a	1242.748909	n/a
1242.763715	0.000000	248553	ttl	11	71	n/a	n/a	n/a	n/a	n/a	n/a	n/a	n/a	n/a	n/a	n/a	n/a	n/a	n/a	n/a	n/a	n/a	n/a	n/a	n/a	n/a	1242.763715	n/a
1243.280275	1.534738	248656	scene_recognition	n/a	n/a	n/a	71.0	n/a	n/a	n/a	1242.7637155	n/a	0.8802009810096934	2	3	3	HB_6_frameA.png	2	2	1245.6952139999999	1	11	n/a	n/a	intervals/recognition_table	10	1243.280275	1244.815013
1243.280275	0.000000	248656	ttl	1	71	n/a	n/a	n/a	n/a	n/a	n/a	n/a	n/a	n/a	n/a	n/a	n/a	n/a	n/a	n/a	n/a	n/a	n/a	n/a	n/a	n/a	1243.280275	n/a
1244.815013	0.000000	248963	ttl	2	71	n/a	n/a	n/a	n/a	n/a	n/a	n/a	n/a	n/a	n/a	n/a	n/a	n/a	n/a	n/a	n/a	n/a	n/a	n/a	n/a	n/a	1244.815013	n/a
1245.695214	0.000000	249139	ttl	4	71	n/a	n/a	n/a	n/a	n/a	n/a	n/a	n/a	n/a	n/a	n/a	n/a	n/a	n/a	n/a	n/a	n/a	n/a	n/a	n/a	n/a	1245.695214	n/a
1245.713552	0.000000	249143	ttl	11	71	n/a	n/a	n/a	n/a	n/a	n/a	n/a	n/a	n/a	n/a	n/a	n/a	n/a	n/a	n/a	n/a	n/a	n/a	n/a	n/a	n/a	1245.713552	n/a
1246.230099	1.533839	249246	scene_recognition	n/a	n/a	n/a	71.0	n/a	n/a	n/a	1245.7135524999999	n/a	0.9550784531820682	2	2	2	SB_5_frameB_foil.png	1	6	1248.719016	0	12	n/a	n/a	intervals/recognition_table	11	1246.230099	1247.763937
1246.230099	0.000000	249246	ttl	1	71	n/a	n/a	n/a	n/a	n/a	n/a	n/a	n/a	n/a	n/a	n/a	n/a	n/a	n/a	n/a	n/a	n/a	n/a	n/a	n/a	n/a	1246.230099	n/a
1247.763937	0.000000	249553	ttl	2	71	n/a	n/a	n/a	n/a	n/a	n/a	n/a	n/a	n/a	n/a	n/a	n/a	n/a	n/a	n/a	n/a	n/a	n/a	n/a	n/a	n/a	1247.763937	n/a
1248.719016	0.000000	249744	ttl	4	71	n/a	n/a	n/a	n/a	n/a	n/a	n/a	n/a	n/a	n/a	n/a	n/a	n/a	n/a	n/a	n/a	n/a	n/a	n/a	n/a	n/a	1248.719016	n/a
1248.732268	0.000000	249746	ttl	11	71	n/a	n/a	n/a	n/a	n/a	n/a	n/a	n/a	n/a	n/a	n/a	n/a	n/a	n/a	n/a	n/a	n/a	n/a	n/a	n/a	n/a	1248.732268	n/a
1249.198831	1.534353	249840	scene_recognition	n/a	n/a	n/a	71.0	n/a	n/a	n/a	1248.73226775	n/a	3.1106232005986385	2	2	3	SB_2_frameB.png	2	2	1253.8438079999999	1	13	n/a	n/a	intervals/recognition_table	12	1249.198831	1250.733185
1249.198831	0.000000	249840	ttl	1	71	n/a	n/a	n/a	n/a	n/a	n/a	n/a	n/a	n/a	n/a	n/a	n/a	n/a	n/a	n/a	n/a	n/a	n/a	n/a	n/a	n/a	1249.198831	n/a
1250.733185	0.000000	250147	ttl	2	71	n/a	n/a	n/a	n/a	n/a	n/a	n/a	n/a	n/a	n/a	n/a	n/a	n/a	n/a	n/a	n/a	n/a	n/a	n/a	n/a	n/a	1250.733185	n/a
1253.843808	0.000000	250769	ttl	4	71	n/a	n/a	n/a	n/a	n/a	n/a	n/a	n/a	n/a	n/a	n/a	n/a	n/a	n/a	n/a	n/a	n/a	n/a	n/a	n/a	n/a	1253.843808	n/a
1253.859695	0.000000	250772	ttl	11	71	n/a	n/a	n/a	n/a	n/a	n/a	n/a	n/a	n/a	n/a	n/a	n/a	n/a	n/a	n/a	n/a	n/a	n/a	n/a	n/a	n/a	1253.859695	n/a
1254.376247	1.533827	250875	scene_recognition	n/a	n/a	n/a	71.0	n/a	n/a	n/a	1253.8596949999999	n/a	0.7237839796289336	1	2	3	SB_6_frameA_foil.png	2	2	1256.63385725	0	14	n/a	n/a	intervals/recognition_table	13	1254.376247	1255.910073
1254.376247	0.000000	250875	ttl	1	71	n/a	n/a	n/a	n/a	n/a	n/a	n/a	n/a	n/a	n/a	n/a	n/a	n/a	n/a	n/a	n/a	n/a	n/a	n/a	n/a	n/a	1254.376247	n/a
1255.910073	0.000000	251182	ttl	2	71	n/a	n/a	n/a	n/a	n/a	n/a	n/a	n/a	n/a	n/a	n/a	n/a	n/a	n/a	n/a	n/a	n/a	n/a	n/a	n/a	n/a	1255.910073	n/a
1256.633857	0.000000	251327	ttl	4	71	n/a	n/a	n/a	n/a	n/a	n/a	n/a	n/a	n/a	n/a	n/a	n/a	n/a	n/a	n/a	n/a	n/a	n/a	n/a	n/a	n/a	1256.633857	n/a
1256.650236	0.000000	251330	ttl	11	71	n/a	n/a	n/a	n/a	n/a	n/a	n/a	n/a	n/a	n/a	n/a	n/a	n/a	n/a	n/a	n/a	n/a	n/a	n/a	n/a	n/a	1256.650236	n/a
1257.116808	1.534443	251423	scene_recognition	n/a	n/a	n/a	71.0	n/a	n/a	n/a	1256.65023625	n/a	0.8799191368379979	2	3	3	HB_4_frameB.png	2	2	1259.5311702499998	1	15	n/a	n/a	intervals/recognition_table	14	1257.116808	1258.651251
1257.116808	0.000000	251423	ttl	1	71	n/a	n/a	n/a	n/a	n/a	n/a	n/a	n/a	n/a	n/a	n/a	n/a	n/a	n/a	n/a	n/a	n/a	n/a	n/a	n/a	n/a	1257.116808	n/a
1258.651251	0.000000	251730	ttl	2	71	n/a	n/a	n/a	n/a	n/a	n/a	n/a	n/a	n/a	n/a	n/a	n/a	n/a	n/a	n/a	n/a	n/a	n/a	n/a	n/a	n/a	1258.651251	n/a
1259.531170	0.000000	251906	ttl	4	71	n/a	n/a	n/a	n/a	n/a	n/a	n/a	n/a	n/a	n/a	n/a	n/a	n/a	n/a	n/a	n/a	n/a	n/a	n/a	n/a	n/a	1259.531170	n/a
1259.541011	0.000000	251908	ttl	11	71	n/a	n/a	n/a	n/a	n/a	n/a	n/a	n/a	n/a	n/a	n/a	n/a	n/a	n/a	n/a	n/a	n/a	n/a	n/a	n/a	n/a	1259.541011	n/a
1260.090911	1.533965	252018	scene_recognition	n/a	n/a	n/a	71.0	n/a	n/a	n/a	1259.541011	n/a	1.1058944677206455	2	3	3	HB_6_frameB_foil.png	1	7	1262.73077075	0	16	n/a	n/a	intervals/recognition_table	15	1260.090911	1261.624876
1260.090911	0.000000	252018	ttl	1	71	n/a	n/a	n/a	n/a	n/a	n/a	n/a	n/a	n/a	n/a	n/a	n/a	n/a	n/a	n/a	n/a	n/a	n/a	n/a	n/a	n/a	1260.090911	n/a
1261.624876	0.000000	252325	ttl	2	71	n/a	n/a	n/a	n/a	n/a	n/a	n/a	n/a	n/a	n/a	n/a	n/a	n/a	n/a	n/a	n/a	n/a	n/a	n/a	n/a	n/a	1261.624876	n/a
1262.730771	0.000000	252546	ttl	4	71	n/a	n/a	n/a	n/a	n/a	n/a	n/a	n/a	n/a	n/a	n/a	n/a	n/a	n/a	n/a	n/a	n/a	n/a	n/a	n/a	n/a	1262.730771	n/a
1262.740029	0.000000	252548	ttl	11	71	n/a	n/a	n/a	n/a	n/a	n/a	n/a	n/a	n/a	n/a	n/a	n/a	n/a	n/a	n/a	n/a	n/a	n/a	n/a	n/a	n/a	1262.740029	n/a
1263.289906	1.534721	252658	scene_recognition	n/a	n/a	n/a	71.0	n/a	n/a	n/a	1262.7400295	n/a	2.8766791140078567	2	1	2	NB_3_frameB.png	2	3	1267.70130625	1	17	n/a	n/a	intervals/recognition_table	16	1263.289906	1264.824627
1263.289906	0.000000	252658	ttl	1	71	n/a	n/a	n/a	n/a	n/a	n/a	n/a	n/a	n/a	n/a	n/a	n/a	n/a	n/a	n/a	n/a	n/a	n/a	n/a	n/a	n/a	1263.289906	n/a
1264.824627	0.000000	252965	ttl	2	71	n/a	n/a	n/a	n/a	n/a	n/a	n/a	n/a	n/a	n/a	n/a	n/a	n/a	n/a	n/a	n/a	n/a	n/a	n/a	n/a	n/a	1264.824627	n/a
1267.701306	0.000000	253540	ttl	4	71	n/a	n/a	n/a	n/a	n/a	n/a	n/a	n/a	n/a	n/a	n/a	n/a	n/a	n/a	n/a	n/a	n/a	n/a	n/a	n/a	n/a	1267.701306	n/a
1267.707579	0.000000	253542	ttl	11	71	n/a	n/a	n/a	n/a	n/a	n/a	n/a	n/a	n/a	n/a	n/a	n/a	n/a	n/a	n/a	n/a	n/a	n/a	n/a	n/a	n/a	1267.707579	n/a
1268.274123	1.534822	253655	scene_recognition	n/a	n/a	n/a	71.0	n/a	n/a	n/a	1267.70757925	n/a	1.3150781432486838	2	3	2	HB_1_frameA_foil.png	1	6	1271.12402325	0	18	n/a	n/a	intervals/recognition_table	17	1268.274123	1269.808945
1268.274123	0.000000	253655	ttl	1	71	n/a	n/a	n/a	n/a	n/a	n/a	n/a	n/a	n/a	n/a	n/a	n/a	n/a	n/a	n/a	n/a	n/a	n/a	n/a	n/a	n/a	1268.274123	n/a
1269.808945	0.000000	253962	ttl	2	71	n/a	n/a	n/a	n/a	n/a	n/a	n/a	n/a	n/a	n/a	n/a	n/a	n/a	n/a	n/a	n/a	n/a	n/a	n/a	n/a	n/a	1269.808945	n/a
1271.124023	0.000000	254225	ttl	4	71	n/a	n/a	n/a	n/a	n/a	n/a	n/a	n/a	n/a	n/a	n/a	n/a	n/a	n/a	n/a	n/a	n/a	n/a	n/a	n/a	n/a	1271.124023	n/a
1271.130871	0.000000	254226	ttl	11	71	n/a	n/a	n/a	n/a	n/a	n/a	n/a	n/a	n/a	n/a	n/a	n/a	n/a	n/a	n/a	n/a	n/a	n/a	n/a	n/a	n/a	1271.130871	n/a
1271.647438	1.534823	254329	scene_recognition	n/a	n/a	n/a	71.0	n/a	n/a	n/a	1271.13087125	n/a	1.2141900987626286	2	2	3	SB_1_frameB_foil.png	1	7	1274.3964509999998	0	19	n/a	n/a	intervals/recognition_table	18	1271.647438	1273.182261
1271.647438	0.000000	254329	ttl	1	71	n/a	n/a	n/a	n/a	n/a	n/a	n/a	n/a	n/a	n/a	n/a	n/a	n/a	n/a	n/a	n/a	n/a	n/a	n/a	n/a	n/a	1271.647438	n/a
1273.182261	0.000000	254636	ttl	2	71	n/a	n/a	n/a	n/a	n/a	n/a	n/a	n/a	n/a	n/a	n/a	n/a	n/a	n/a	n/a	n/a	n/a	n/a	n/a	n/a	n/a	1273.182261	n/a
1274.396451	0.000000	254879	ttl	4	71	n/a	n/a	n/a	n/a	n/a	n/a	n/a	n/a	n/a	n/a	n/a	n/a	n/a	n/a	n/a	n/a	n/a	n/a	n/a	n/a	n/a	1274.396451	n/a
1274.403666	0.000000	254881	ttl	11	71	n/a	n/a	n/a	n/a	n/a	n/a	n/a	n/a	n/a	n/a	n/a	n/a	n/a	n/a	n/a	n/a	n/a	n/a	n/a	n/a	n/a	1274.403666	n/a
1274.853569	1.534016	254971	scene_recognition	n/a	n/a	n/a	71.0	n/a	n/a	n/a	1274.4036664999999	n/a	0.7388104771525832	2	3	3	HB_1_frameB.png	2	2	1277.1263955	1	20	n/a	n/a	intervals/recognition_table	19	1274.853569	1276.387585
1274.853569	0.000000	254971	ttl	1	71	n/a	n/a	n/a	n/a	n/a	n/a	n/a	n/a	n/a	n/a	n/a	n/a	n/a	n/a	n/a	n/a	n/a	n/a	n/a	n/a	n/a	1274.853569	n/a
1276.387585	0.000000	255278	ttl	2	71	n/a	n/a	n/a	n/a	n/a	n/a	n/a	n/a	n/a	n/a	n/a	n/a	n/a	n/a	n/a	n/a	n/a	n/a	n/a	n/a	n/a	1276.387585	n/a
1277.126395	0.000000	255425	ttl	4	71	n/a	n/a	n/a	n/a	n/a	n/a	n/a	n/a	n/a	n/a	n/a	n/a	n/a	n/a	n/a	n/a	n/a	n/a	n/a	n/a	n/a	1277.126395	n/a
1277.143971	0.000000	255429	ttl	11	71	n/a	n/a	n/a	n/a	n/a	n/a	n/a	n/a	n/a	n/a	n/a	n/a	n/a	n/a	n/a	n/a	n/a	n/a	n/a	n/a	n/a	1277.143971	n/a
1277.693860	1.533615	255539	scene_recognition	n/a	n/a	n/a	71.0	n/a	n/a	n/a	1277.1439707499999	n/a	1.5722097708494402	2	1	3	NB_28_frameB_foil.png	1	7	1280.79968425	0	21	n/a	n/a	intervals/recognition_table	20	1277.693860	1279.227474
1277.693860	0.000000	255539	ttl	1	71	n/a	n/a	n/a	n/a	n/a	n/a	n/a	n/a	n/a	n/a	n/a	n/a	n/a	n/a	n/a	n/a	n/a	n/a	n/a	n/a	n/a	1277.693860	n/a
1279.227474	0.000000	255845	ttl	2	71	n/a	n/a	n/a	n/a	n/a	n/a	n/a	n/a	n/a	n/a	n/a	n/a	n/a	n/a	n/a	n/a	n/a	n/a	n/a	n/a	n/a	1279.227474	n/a
1280.799684	0.000000	256160	ttl	4	71	n/a	n/a	n/a	n/a	n/a	n/a	n/a	n/a	n/a	n/a	n/a	n/a	n/a	n/a	n/a	n/a	n/a	n/a	n/a	n/a	n/a	1280.799684	n/a
1280.804492	0.000000	256161	ttl	11	71	n/a	n/a	n/a	n/a	n/a	n/a	n/a	n/a	n/a	n/a	n/a	n/a	n/a	n/a	n/a	n/a	n/a	n/a	n/a	n/a	n/a	1280.804492	n/a
1281.271070	1.534250	256254	scene_recognition	n/a	n/a	n/a	71.0	n/a	n/a	n/a	1280.8044925	n/a	3.0065627721487544	2	1	3	NB_26_frameA.png	2	2	1285.81188325	1	22	n/a	n/a	intervals/recognition_table	21	1281.271070	1282.805320
1281.271070	0.000000	256254	ttl	1	71	n/a	n/a	n/a	n/a	n/a	n/a	n/a	n/a	n/a	n/a	n/a	n/a	n/a	n/a	n/a	n/a	n/a	n/a	n/a	n/a	n/a	1281.271070	n/a
1282.805320	0.000000	256561	ttl	2	71	n/a	n/a	n/a	n/a	n/a	n/a	n/a	n/a	n/a	n/a	n/a	n/a	n/a	n/a	n/a	n/a	n/a	n/a	n/a	n/a	n/a	1282.805320	n/a
1285.811883	0.000000	257162	ttl	4	71	n/a	n/a	n/a	n/a	n/a	n/a	n/a	n/a	n/a	n/a	n/a	n/a	n/a	n/a	n/a	n/a	n/a	n/a	n/a	n/a	n/a	1285.811883	n/a
1285.816345	0.000000	257163	ttl	11	71	n/a	n/a	n/a	n/a	n/a	n/a	n/a	n/a	n/a	n/a	n/a	n/a	n/a	n/a	n/a	n/a	n/a	n/a	n/a	n/a	n/a	1285.816345	n/a
1286.349531	1.534049	257270	scene_recognition	n/a	n/a	n/a	71.0	n/a	n/a	n/a	1285.816345	n/a	0.6781278954222216	2	2	2	SB_4_frameB.png	2	3	1288.56170825	1	23	n/a	n/a	intervals/recognition_table	22	1286.349531	1287.883580
1286.349531	0.000000	257270	ttl	1	71	n/a	n/a	n/a	n/a	n/a	n/a	n/a	n/a	n/a	n/a	n/a	n/a	n/a	n/a	n/a	n/a	n/a	n/a	n/a	n/a	n/a	1286.349531	n/a
1287.883580	0.000000	257577	ttl	2	71	n/a	n/a	n/a	n/a	n/a	n/a	n/a	n/a	n/a	n/a	n/a	n/a	n/a	n/a	n/a	n/a	n/a	n/a	n/a	n/a	n/a	1287.883580	n/a
1288.561708	0.000000	257712	ttl	4	71	n/a	n/a	n/a	n/a	n/a	n/a	n/a	n/a	n/a	n/a	n/a	n/a	n/a	n/a	n/a	n/a	n/a	n/a	n/a	n/a	n/a	1288.561708	n/a
1288.565920	0.000000	257713	ttl	11	71	n/a	n/a	n/a	n/a	n/a	n/a	n/a	n/a	n/a	n/a	n/a	n/a	n/a	n/a	n/a	n/a	n/a	n/a	n/a	n/a	n/a	1288.565920	n/a
1289.082480	1.535099	257816	scene_recognition	n/a	n/a	n/a	71.0	n/a	n/a	n/a	1288.5659205	n/a	1.2661241750538466	1	3	3	HB_7_frameA_foil.png	2	2	1291.88370325	0	24	n/a	n/a	intervals/recognition_table	23	1289.082480	1290.617579
1289.082480	0.000000	257816	ttl	1	71	n/a	n/a	n/a	n/a	n/a	n/a	n/a	n/a	n/a	n/a	n/a	n/a	n/a	n/a	n/a	n/a	n/a	n/a	n/a	n/a	n/a	1289.082480	n/a
1290.617579	0.000000	258124	ttl	2	71	n/a	n/a	n/a	n/a	n/a	n/a	n/a	n/a	n/a	n/a	n/a	n/a	n/a	n/a	n/a	n/a	n/a	n/a	n/a	n/a	n/a	1290.617579	n/a
1291.883703	0.000000	258377	ttl	4	71	n/a	n/a	n/a	n/a	n/a	n/a	n/a	n/a	n/a	n/a	n/a	n/a	n/a	n/a	n/a	n/a	n/a	n/a	n/a	n/a	n/a	1291.883703	n/a
1291.901523	0.000000	258380	ttl	11	71	n/a	n/a	n/a	n/a	n/a	n/a	n/a	n/a	n/a	n/a	n/a	n/a	n/a	n/a	n/a	n/a	n/a	n/a	n/a	n/a	n/a	1291.901523	n/a
1292.418081	1.535108	258484	scene_recognition	n/a	n/a	n/a	71.0	n/a	n/a	n/a	1291.901523	n/a	2.2455342863686383	2	3	3	HB_5_frameA.png	2	2	1296.19872375	1	25	n/a	n/a	intervals/recognition_table	24	1292.418081	1293.953190
1292.418081	0.000000	258484	ttl	1	71	n/a	n/a	n/a	n/a	n/a	n/a	n/a	n/a	n/a	n/a	n/a	n/a	n/a	n/a	n/a	n/a	n/a	n/a	n/a	n/a	n/a	1292.418081	n/a
1293.953190	0.000000	258791	ttl	2	71	n/a	n/a	n/a	n/a	n/a	n/a	n/a	n/a	n/a	n/a	n/a	n/a	n/a	n/a	n/a	n/a	n/a	n/a	n/a	n/a	n/a	1293.953190	n/a
1296.198724	0.000000	259240	ttl	4	71	n/a	n/a	n/a	n/a	n/a	n/a	n/a	n/a	n/a	n/a	n/a	n/a	n/a	n/a	n/a	n/a	n/a	n/a	n/a	n/a	n/a	1296.198724	n/a
1296.201817	0.000000	259240	ttl	11	71	n/a	n/a	n/a	n/a	n/a	n/a	n/a	n/a	n/a	n/a	n/a	n/a	n/a	n/a	n/a	n/a	n/a	n/a	n/a	n/a	n/a	1296.201817	n/a
1296.685057	1.535062	259337	scene_recognition	n/a	n/a	n/a	71.0	n/a	n/a	n/a	1296.201817	n/a	1.9267593154581846	2	1	2	NB_21_frameA_foil.png	1	6	1300.146878	0	26	n/a	n/a	intervals/recognition_table	25	1296.685057	1298.220119
1296.685057	0.000000	259337	ttl	1	71	n/a	n/a	n/a	n/a	n/a	n/a	n/a	n/a	n/a	n/a	n/a	n/a	n/a	n/a	n/a	n/a	n/a	n/a	n/a	n/a	n/a	1296.685057	n/a
1298.220119	0.000000	259644	ttl	2	71	n/a	n/a	n/a	n/a	n/a	n/a	n/a	n/a	n/a	n/a	n/a	n/a	n/a	n/a	n/a	n/a	n/a	n/a	n/a	n/a	n/a	1298.220119	n/a
1300.146878	0.000000	260029	ttl	4	71	n/a	n/a	n/a	n/a	n/a	n/a	n/a	n/a	n/a	n/a	n/a	n/a	n/a	n/a	n/a	n/a	n/a	n/a	n/a	n/a	n/a	1300.146878	n/a
1300.151580	0.000000	260030	ttl	11	71	n/a	n/a	n/a	n/a	n/a	n/a	n/a	n/a	n/a	n/a	n/a	n/a	n/a	n/a	n/a	n/a	n/a	n/a	n/a	n/a	n/a	1300.151580	n/a
1300.668168	1.534618	260134	scene_recognition	n/a	n/a	n/a	71.0	n/a	n/a	n/a	1300.15158	n/a	1.920505736823543	2	2	2	SB_1_frameB_foil.png	1	6	1304.123292	0	27	n/a	n/a	intervals/recognition_table	26	1300.668168	1302.202786
1300.668168	0.000000	260134	ttl	1	71	n/a	n/a	n/a	n/a	n/a	n/a	n/a	n/a	n/a	n/a	n/a	n/a	n/a	n/a	n/a	n/a	n/a	n/a	n/a	n/a	n/a	1300.668168	n/a
1302.202786	0.000000	260441	ttl	2	71	n/a	n/a	n/a	n/a	n/a	n/a	n/a	n/a	n/a	n/a	n/a	n/a	n/a	n/a	n/a	n/a	n/a	n/a	n/a	n/a	n/a	1302.202786	n/a
1304.123292	0.000000	260825	ttl	4	71	n/a	n/a	n/a	n/a	n/a	n/a	n/a	n/a	n/a	n/a	n/a	n/a	n/a	n/a	n/a	n/a	n/a	n/a	n/a	n/a	n/a	1304.123292	n/a
1304.126225	0.000000	260825	ttl	11	71	n/a	n/a	n/a	n/a	n/a	n/a	n/a	n/a	n/a	n/a	n/a	n/a	n/a	n/a	n/a	n/a	n/a	n/a	n/a	n/a	n/a	1304.126225	n/a
1304.609472	1.533763	260922	scene_recognition	n/a	n/a	n/a	71.0	n/a	n/a	n/a	1304.1262245	n/a	1.5799002877174644	2	3	3	HB_2_frameB_foil.png	1	7	1307.7231355	0	28	n/a	n/a	intervals/recognition_table	27	1304.609472	1306.143235
1304.609472	0.000000	260922	ttl	1	71	n/a	n/a	n/a	n/a	n/a	n/a	n/a	n/a	n/a	n/a	n/a	n/a	n/a	n/a	n/a	n/a	n/a	n/a	n/a	n/a	n/a	1304.609472	n/a
1306.143235	0.000000	261229	ttl	2	71	n/a	n/a	n/a	n/a	n/a	n/a	n/a	n/a	n/a	n/a	n/a	n/a	n/a	n/a	n/a	n/a	n/a	n/a	n/a	n/a	n/a	1306.143235	n/a
1307.723135	0.000000	261545	ttl	4	71	n/a	n/a	n/a	n/a	n/a	n/a	n/a	n/a	n/a	n/a	n/a	n/a	n/a	n/a	n/a	n/a	n/a	n/a	n/a	n/a	n/a	1307.723135	n/a
1307.740341	0.000000	261548	ttl	11	71	n/a	n/a	n/a	n/a	n/a	n/a	n/a	n/a	n/a	n/a	n/a	n/a	n/a	n/a	n/a	n/a	n/a	n/a	n/a	n/a	n/a	1307.740341	n/a
1308.223572	1.533700	261645	scene_recognition	n/a	n/a	n/a	71.0	n/a	n/a	n/a	1307.7403405	n/a	2.864051526579715	2	2	2	SB_6_frameA.png	2	3	1312.6213237499999	1	29	n/a	n/a	intervals/recognition_table	28	1308.223572	1309.757272
1308.223572	0.000000	261645	ttl	1	71	n/a	n/a	n/a	n/a	n/a	n/a	n/a	n/a	n/a	n/a	n/a	n/a	n/a	n/a	n/a	n/a	n/a	n/a	n/a	n/a	n/a	1308.223572	n/a
1309.757272	0.000000	261951	ttl	2	71	n/a	n/a	n/a	n/a	n/a	n/a	n/a	n/a	n/a	n/a	n/a	n/a	n/a	n/a	n/a	n/a	n/a	n/a	n/a	n/a	n/a	1309.757272	n/a
1312.621324	0.000000	262524	ttl	4	71	n/a	n/a	n/a	n/a	n/a	n/a	n/a	n/a	n/a	n/a	n/a	n/a	n/a	n/a	n/a	n/a	n/a	n/a	n/a	n/a	n/a	1312.621324	n/a
1312.629068	0.000000	262526	ttl	11	71	n/a	n/a	n/a	n/a	n/a	n/a	n/a	n/a	n/a	n/a	n/a	n/a	n/a	n/a	n/a	n/a	n/a	n/a	n/a	n/a	n/a	1312.629068	n/a
1313.128975	1.533694	262626	scene_recognition	n/a	n/a	n/a	71.0	n/a	n/a	n/a	1312.6290685	n/a	0.4487308219759143	2	2	2	SB_6_frameA_foil.png	1	6	1315.111399	0	30	n/a	n/a	intervals/recognition_table	29	1313.128975	1314.662668
1313.128975	0.000000	262626	ttl	1	71	n/a	n/a	n/a	n/a	n/a	n/a	n/a	n/a	n/a	n/a	n/a	n/a	n/a	n/a	n/a	n/a	n/a	n/a	n/a	n/a	n/a	1313.128975	n/a
1314.662668	0.000000	262933	ttl	2	71	n/a	n/a	n/a	n/a	n/a	n/a	n/a	n/a	n/a	n/a	n/a	n/a	n/a	n/a	n/a	n/a	n/a	n/a	n/a	n/a	n/a	1314.662668	n/a
1315.111399	0.000000	263022	ttl	4	71	n/a	n/a	n/a	n/a	n/a	n/a	n/a	n/a	n/a	n/a	n/a	n/a	n/a	n/a	n/a	n/a	n/a	n/a	n/a	n/a	n/a	1315.111399	n/a
1315.129600	0.000000	263026	ttl	11	71	n/a	n/a	n/a	n/a	n/a	n/a	n/a	n/a	n/a	n/a	n/a	n/a	n/a	n/a	n/a	n/a	n/a	n/a	n/a	n/a	n/a	1315.129600	n/a
1315.579452	1.534076	263116	scene_recognition	n/a	n/a	n/a	71.0	n/a	n/a	n/a	1315.1295995	n/a	2.0519384679064387	2	1	2	NB_7_frameB.png	2	3	1319.165467	1	31	n/a	n/a	intervals/recognition_table	30	1315.579452	1317.113529
1315.579452	0.000000	263116	ttl	1	71	n/a	n/a	n/a	n/a	n/a	n/a	n/a	n/a	n/a	n/a	n/a	n/a	n/a	n/a	n/a	n/a	n/a	n/a	n/a	n/a	n/a	1315.579452	n/a
1317.113529	0.000000	263423	ttl	2	71	n/a	n/a	n/a	n/a	n/a	n/a	n/a	n/a	n/a	n/a	n/a	n/a	n/a	n/a	n/a	n/a	n/a	n/a	n/a	n/a	n/a	1317.113529	n/a
1319.165467	0.000000	263833	ttl	4	71	n/a	n/a	n/a	n/a	n/a	n/a	n/a	n/a	n/a	n/a	n/a	n/a	n/a	n/a	n/a	n/a	n/a	n/a	n/a	n/a	n/a	1319.165467	n/a
1319.170782	0.000000	263834	ttl	11	71	n/a	n/a	n/a	n/a	n/a	n/a	n/a	n/a	n/a	n/a	n/a	n/a	n/a	n/a	n/a	n/a	n/a	n/a	n/a	n/a	n/a	1319.170782	n/a
1319.654025	1.533889	263931	scene_recognition	n/a	n/a	n/a	71.0	n/a	n/a	n/a	1319.17078225	n/a	1.9148215637542307	2	1	2	NB_1_frameA_foil.png	1	6	1323.1027367499998	0	32	n/a	n/a	intervals/recognition_table	31	1319.654025	1321.187915
1319.654025	0.000000	263931	ttl	1	71	n/a	n/a	n/a	n/a	n/a	n/a	n/a	n/a	n/a	n/a	n/a	n/a	n/a	n/a	n/a	n/a	n/a	n/a	n/a	n/a	n/a	1319.654025	n/a
1321.187915	0.000000	264238	ttl	2	71	n/a	n/a	n/a	n/a	n/a	n/a	n/a	n/a	n/a	n/a	n/a	n/a	n/a	n/a	n/a	n/a	n/a	n/a	n/a	n/a	n/a	1321.187915	n/a
1323.102737	0.000000	264621	ttl	4	71	n/a	n/a	n/a	n/a	n/a	n/a	n/a	n/a	n/a	n/a	n/a	n/a	n/a	n/a	n/a	n/a	n/a	n/a	n/a	n/a	n/a	1323.102737	n/a
1323.121146	0.000000	264624	ttl	11	71	n/a	n/a	n/a	n/a	n/a	n/a	n/a	n/a	n/a	n/a	n/a	n/a	n/a	n/a	n/a	n/a	n/a	n/a	n/a	n/a	n/a	1323.121146	n/a
1323.654365	1.535012	264731	scene_recognition	n/a	n/a	n/a	71.0	n/a	n/a	n/a	1323.12114625	n/a	0.6022740393236745	2	2	2	SB_6_frameB_foil.png	1	6	1325.7916504999998	0	33	n/a	n/a	intervals/recognition_table	32	1323.654365	1325.189376
1323.654365	0.000000	264731	ttl	1	71	n/a	n/a	n/a	n/a	n/a	n/a	n/a	n/a	n/a	n/a	n/a	n/a	n/a	n/a	n/a	n/a	n/a	n/a	n/a	n/a	n/a	1323.654365	n/a
1325.189376	0.000000	265038	ttl	2	71	n/a	n/a	n/a	n/a	n/a	n/a	n/a	n/a	n/a	n/a	n/a	n/a	n/a	n/a	n/a	n/a	n/a	n/a	n/a	n/a	n/a	1325.189376	n/a
1325.791650	0.000000	265158	ttl	4	71	n/a	n/a	n/a	n/a	n/a	n/a	n/a	n/a	n/a	n/a	n/a	n/a	n/a	n/a	n/a	n/a	n/a	n/a	n/a	n/a	n/a	1325.791650	n/a
1325.804236	0.000000	265161	ttl	11	71	n/a	n/a	n/a	n/a	n/a	n/a	n/a	n/a	n/a	n/a	n/a	n/a	n/a	n/a	n/a	n/a	n/a	n/a	n/a	n/a	n/a	1325.804236	n/a
1326.304136	1.534243	265261	scene_recognition	n/a	n/a	n/a	71.0	n/a	n/a	n/a	1325.8042355	n/a	0.9703346955138841	2	1	3	NB_6_frameA.png	2	2	1328.80871275	1	34	n/a	n/a	intervals/recognition_table	33	1326.304136	1327.838378
1326.304136	0.000000	265261	ttl	1	71	n/a	n/a	n/a	n/a	n/a	n/a	n/a	n/a	n/a	n/a	n/a	n/a	n/a	n/a	n/a	n/a	n/a	n/a	n/a	n/a	n/a	1326.304136	n/a
1327.838378	0.000000	265568	ttl	2	71	n/a	n/a	n/a	n/a	n/a	n/a	n/a	n/a	n/a	n/a	n/a	n/a	n/a	n/a	n/a	n/a	n/a	n/a	n/a	n/a	n/a	1327.838378	n/a
1328.808713	0.000000	265762	ttl	4	71	n/a	n/a	n/a	n/a	n/a	n/a	n/a	n/a	n/a	n/a	n/a	n/a	n/a	n/a	n/a	n/a	n/a	n/a	n/a	n/a	n/a	1328.808713	n/a
1328.816664	0.000000	265763	ttl	11	71	n/a	n/a	n/a	n/a	n/a	n/a	n/a	n/a	n/a	n/a	n/a	n/a	n/a	n/a	n/a	n/a	n/a	n/a	n/a	n/a	n/a	1328.816664	n/a
1329.316523	1.534300	265863	scene_recognition	n/a	n/a	n/a	71.0	n/a	n/a	n/a	1328.816664	n/a	2.6897615638226853	2	2	3	SB_1_frameB.png	2	2	1333.5405845	1	35	n/a	n/a	intervals/recognition_table	34	1329.316523	1330.850823
1329.316523	0.000000	265863	ttl	1	71	n/a	n/a	n/a	n/a	n/a	n/a	n/a	n/a	n/a	n/a	n/a	n/a	n/a	n/a	n/a	n/a	n/a	n/a	n/a	n/a	n/a	1329.316523	n/a
1330.850823	0.000000	266170	ttl	2	71	n/a	n/a	n/a	n/a	n/a	n/a	n/a	n/a	n/a	n/a	n/a	n/a	n/a	n/a	n/a	n/a	n/a	n/a	n/a	n/a	n/a	1330.850823	n/a
1333.540585	0.000000	266708	ttl	4	71	n/a	n/a	n/a	n/a	n/a	n/a	n/a	n/a	n/a	n/a	n/a	n/a	n/a	n/a	n/a	n/a	n/a	n/a	n/a	n/a	n/a	1333.540585	n/a
1333.547039	0.000000	266709	ttl	11	71	n/a	n/a	n/a	n/a	n/a	n/a	n/a	n/a	n/a	n/a	n/a	n/a	n/a	n/a	n/a	n/a	n/a	n/a	n/a	n/a	n/a	1333.547039	n/a
1334.096919	1.533907	266819	scene_recognition	n/a	n/a	n/a	71.0	n/a	n/a	n/a	1333.54703875	n/a	1.5903870013717096	2	1	3	NB_12_frameA.png	2	2	1337.2212124999999	1	36	n/a	n/a	intervals/recognition_table	35	1334.096919	1335.630825
1334.096919	0.000000	266819	ttl	1	71	n/a	n/a	n/a	n/a	n/a	n/a	n/a	n/a	n/a	n/a	n/a	n/a	n/a	n/a	n/a	n/a	n/a	n/a	n/a	n/a	n/a	1334.096919	n/a
1335.630825	0.000000	267126	ttl	2	71	n/a	n/a	n/a	n/a	n/a	n/a	n/a	n/a	n/a	n/a	n/a	n/a	n/a	n/a	n/a	n/a	n/a	n/a	n/a	n/a	n/a	1335.630825	n/a
1337.221212	0.000000	267444	ttl	4	71	n/a	n/a	n/a	n/a	n/a	n/a	n/a	n/a	n/a	n/a	n/a	n/a	n/a	n/a	n/a	n/a	n/a	n/a	n/a	n/a	n/a	1337.221212	n/a
1337.223762	0.000000	267445	ttl	11	71	n/a	n/a	n/a	n/a	n/a	n/a	n/a	n/a	n/a	n/a	n/a	n/a	n/a	n/a	n/a	n/a	n/a	n/a	n/a	n/a	n/a	1337.223762	n/a
1337.757037	1.567444	267551	scene_recognition	n/a	n/a	n/a	71.0	n/a	n/a	n/a	1337.22376225	n/a	3.7746277624100912	2	2	3	SB_5_frameA_foil.png	1	7	1343.09910975	0	37	n/a	n/a	intervals/recognition_table	36	1337.757037	1339.324482
1337.757037	0.000000	267551	ttl	1	71	n/a	n/a	n/a	n/a	n/a	n/a	n/a	n/a	n/a	n/a	n/a	n/a	n/a	n/a	n/a	n/a	n/a	n/a	n/a	n/a	n/a	1337.757037	n/a
1339.324482	0.000000	267865	ttl	2	71	n/a	n/a	n/a	n/a	n/a	n/a	n/a	n/a	n/a	n/a	n/a	n/a	n/a	n/a	n/a	n/a	n/a	n/a	n/a	n/a	n/a	1339.324482	n/a
1343.099110	0.000000	268620	ttl	4	71	n/a	n/a	n/a	n/a	n/a	n/a	n/a	n/a	n/a	n/a	n/a	n/a	n/a	n/a	n/a	n/a	n/a	n/a	n/a	n/a	n/a	1343.099110	n/a
1343.101526	0.000000	268620	ttl	11	71	n/a	n/a	n/a	n/a	n/a	n/a	n/a	n/a	n/a	n/a	n/a	n/a	n/a	n/a	n/a	n/a	n/a	n/a	n/a	n/a	n/a	1343.101526	n/a
1343.601429	1.533892	268720	scene_recognition	n/a	n/a	n/a	71.0	n/a	n/a	n/a	1343.1015264999999	n/a	1.879890726566373	1	1	3	NB_6_frameB_foil.png	2	2	1347.0152122499999	0	38	n/a	n/a	intervals/recognition_table	37	1343.601429	1345.135321
1343.601429	0.000000	268720	ttl	1	71	n/a	n/a	n/a	n/a	n/a	n/a	n/a	n/a	n/a	n/a	n/a	n/a	n/a	n/a	n/a	n/a	n/a	n/a	n/a	n/a	n/a	1343.601429	n/a
1345.135321	0.000000	269027	ttl	2	71	n/a	n/a	n/a	n/a	n/a	n/a	n/a	n/a	n/a	n/a	n/a	n/a	n/a	n/a	n/a	n/a	n/a	n/a	n/a	n/a	n/a	1345.135321	n/a
1347.015212	0.000000	269403	ttl	4	71	n/a	n/a	n/a	n/a	n/a	n/a	n/a	n/a	n/a	n/a	n/a	n/a	n/a	n/a	n/a	n/a	n/a	n/a	n/a	n/a	n/a	1347.015212	n/a
1347.032792	0.000000	269407	ttl	11	71	n/a	n/a	n/a	n/a	n/a	n/a	n/a	n/a	n/a	n/a	n/a	n/a	n/a	n/a	n/a	n/a	n/a	n/a	n/a	n/a	n/a	1347.032792	n/a
1347.582693	1.534801	269517	scene_recognition	n/a	n/a	n/a	71.0	n/a	n/a	n/a	1347.03279175	n/a	2.480799630691763	1	1	3	NB_9_frameA_foil.png	2	2	1351.5982932499999	0	39	n/a	n/a	intervals/recognition_table	38	1347.582693	1349.117493
1347.582693	0.000000	269517	ttl	1	71	n/a	n/a	n/a	n/a	n/a	n/a	n/a	n/a	n/a	n/a	n/a	n/a	n/a	n/a	n/a	n/a	n/a	n/a	n/a	n/a	n/a	1347.582693	n/a
1349.117493	0.000000	269823	ttl	2	71	n/a	n/a	n/a	n/a	n/a	n/a	n/a	n/a	n/a	n/a	n/a	n/a	n/a	n/a	n/a	n/a	n/a	n/a	n/a	n/a	n/a	1349.117493	n/a
1351.598293	0.000000	270320	ttl	4	71	n/a	n/a	n/a	n/a	n/a	n/a	n/a	n/a	n/a	n/a	n/a	n/a	n/a	n/a	n/a	n/a	n/a	n/a	n/a	n/a	n/a	1351.598293	n/a
1351.612522	0.000000	270323	ttl	11	71	n/a	n/a	n/a	n/a	n/a	n/a	n/a	n/a	n/a	n/a	n/a	n/a	n/a	n/a	n/a	n/a	n/a	n/a	n/a	n/a	n/a	1351.612522	n/a
1352.095766	1.534466	270419	scene_recognition	n/a	n/a	n/a	71.0	n/a	n/a	n/a	1351.61252225	n/a	0.8998352321796119	1	1	3	NB_30_frameA.png	1	7	1354.5300674999999	1	40	n/a	n/a	intervals/recognition_table	39	1352.095766	1353.630232
1352.095766	0.000000	270419	ttl	1	71	n/a	n/a	n/a	n/a	n/a	n/a	n/a	n/a	n/a	n/a	n/a	n/a	n/a	n/a	n/a	n/a	n/a	n/a	n/a	n/a	n/a	1352.095766	n/a
1353.630232	0.000000	270726	ttl	2	71	n/a	n/a	n/a	n/a	n/a	n/a	n/a	n/a	n/a	n/a	n/a	n/a	n/a	n/a	n/a	n/a	n/a	n/a	n/a	n/a	n/a	1353.630232	n/a
1354.530067	0.000000	270906	ttl	4	71	n/a	n/a	n/a	n/a	n/a	n/a	n/a	n/a	n/a	n/a	n/a	n/a	n/a	n/a	n/a	n/a	n/a	n/a	n/a	n/a	n/a	1354.530067	n/a
1354.548586	0.000000	270910	ttl	11	71	n/a	n/a	n/a	n/a	n/a	n/a	n/a	n/a	n/a	n/a	n/a	n/a	n/a	n/a	n/a	n/a	n/a	n/a	n/a	n/a	n/a	1354.548586	n/a
1355.065154	1.533881	271013	scene_recognition	n/a	n/a	n/a	71.0	n/a	n/a	n/a	1354.54858625	n/a	1.0758287857897813	2	3	2	HB_2_frameB_foil.png	1	6	1357.6748639999998	0	41	n/a	n/a	intervals/recognition_table	40	1355.065154	1356.599035
1355.065154	0.000000	271013	ttl	1	71	n/a	n/a	n/a	n/a	n/a	n/a	n/a	n/a	n/a	n/a	n/a	n/a	n/a	n/a	n/a	n/a	n/a	n/a	n/a	n/a	n/a	1355.065154	n/a
1356.599035	0.000000	271320	ttl	2	71	n/a	n/a	n/a	n/a	n/a	n/a	n/a	n/a	n/a	n/a	n/a	n/a	n/a	n/a	n/a	n/a	n/a	n/a	n/a	n/a	n/a	1356.599035	n/a
1357.674864	0.000000	271535	ttl	4	71	n/a	n/a	n/a	n/a	n/a	n/a	n/a	n/a	n/a	n/a	n/a	n/a	n/a	n/a	n/a	n/a	n/a	n/a	n/a	n/a	n/a	1357.674864	n/a
1357.682075	0.000000	271536	ttl	11	71	n/a	n/a	n/a	n/a	n/a	n/a	n/a	n/a	n/a	n/a	n/a	n/a	n/a	n/a	n/a	n/a	n/a	n/a	n/a	n/a	n/a	1357.682075	n/a
1358.215308	1.533895	271643	scene_recognition	n/a	n/a	n/a	71.0	n/a	n/a	n/a	1357.6820747499999	n/a	2.687864265702956	2	2	2	SB_1_frameA.png	2	3	1362.43706725	1	42	n/a	n/a	intervals/recognition_table	41	1358.215308	1359.749203
1358.215308	0.000000	271643	ttl	1	71	n/a	n/a	n/a	n/a	n/a	n/a	n/a	n/a	n/a	n/a	n/a	n/a	n/a	n/a	n/a	n/a	n/a	n/a	n/a	n/a	n/a	1358.215308	n/a
1359.749203	0.000000	271950	ttl	2	71	n/a	n/a	n/a	n/a	n/a	n/a	n/a	n/a	n/a	n/a	n/a	n/a	n/a	n/a	n/a	n/a	n/a	n/a	n/a	n/a	n/a	1359.749203	n/a
1362.437067	0.000000	272487	ttl	4	71	n/a	n/a	n/a	n/a	n/a	n/a	n/a	n/a	n/a	n/a	n/a	n/a	n/a	n/a	n/a	n/a	n/a	n/a	n/a	n/a	n/a	1362.437067	n/a
1362.452985	0.000000	272491	ttl	11	71	n/a	n/a	n/a	n/a	n/a	n/a	n/a	n/a	n/a	n/a	n/a	n/a	n/a	n/a	n/a	n/a	n/a	n/a	n/a	n/a	n/a	1362.452985	n/a
1362.919549	1.533692	272584	scene_recognition	n/a	n/a	n/a	71.0	n/a	n/a	n/a	1362.45298525	n/a	0.6455347983282991	1	1	3	NB_2_frameB_foil.png	2	2	1365.09877575	0	43	n/a	n/a	intervals/recognition_table	42	1362.919549	1364.453241
1362.919549	0.000000	272584	ttl	1	71	n/a	n/a	n/a	n/a	n/a	n/a	n/a	n/a	n/a	n/a	n/a	n/a	n/a	n/a	n/a	n/a	n/a	n/a	n/a	n/a	n/a	1362.919549	n/a
1364.453241	0.000000	272891	ttl	2	71	n/a	n/a	n/a	n/a	n/a	n/a	n/a	n/a	n/a	n/a	n/a	n/a	n/a	n/a	n/a	n/a	n/a	n/a	n/a	n/a	n/a	1364.453241	n/a
1365.098776	0.000000	273020	ttl	4	71	n/a	n/a	n/a	n/a	n/a	n/a	n/a	n/a	n/a	n/a	n/a	n/a	n/a	n/a	n/a	n/a	n/a	n/a	n/a	n/a	n/a	1365.098776	n/a
1365.102226	0.000000	273020	ttl	11	71	n/a	n/a	n/a	n/a	n/a	n/a	n/a	n/a	n/a	n/a	n/a	n/a	n/a	n/a	n/a	n/a	n/a	n/a	n/a	n/a	n/a	1365.102226	n/a
1365.618782	1.534167	273124	scene_recognition	n/a	n/a	n/a	71.0	n/a	n/a	n/a	1365.1022255	n/a	1.7064002962506493	2	3	2	HB_6_frameB_foil.png	1	6	1368.85934925	0	44	n/a	n/a	intervals/recognition_table	43	1365.618782	1367.152949
1365.618782	0.000000	273124	ttl	1	71	n/a	n/a	n/a	n/a	n/a	n/a	n/a	n/a	n/a	n/a	n/a	n/a	n/a	n/a	n/a	n/a	n/a	n/a	n/a	n/a	n/a	1365.618782	n/a
1367.152949	0.000000	273431	ttl	2	71	n/a	n/a	n/a	n/a	n/a	n/a	n/a	n/a	n/a	n/a	n/a	n/a	n/a	n/a	n/a	n/a	n/a	n/a	n/a	n/a	n/a	1367.152949	n/a
1368.859349	0.000000	273772	ttl	4	71	n/a	n/a	n/a	n/a	n/a	n/a	n/a	n/a	n/a	n/a	n/a	n/a	n/a	n/a	n/a	n/a	n/a	n/a	n/a	n/a	n/a	1368.859349	n/a
1368.874237	0.000000	273775	ttl	11	71	n/a	n/a	n/a	n/a	n/a	n/a	n/a	n/a	n/a	n/a	n/a	n/a	n/a	n/a	n/a	n/a	n/a	n/a	n/a	n/a	n/a	1368.874237	n/a
1369.357446	1.534121	273871	scene_recognition	n/a	n/a	n/a	71.0	n/a	n/a	n/a	1368.874237	n/a	0.6468429725355236	2	2	3	SB_4_frameA.png	2	2	1371.53840975	1	45	n/a	n/a	intervals/recognition_table	44	1369.357446	1370.891567
1369.357446	0.000000	273871	ttl	1	71	n/a	n/a	n/a	n/a	n/a	n/a	n/a	n/a	n/a	n/a	n/a	n/a	n/a	n/a	n/a	n/a	n/a	n/a	n/a	n/a	n/a	1369.357446	n/a
1370.891567	0.000000	274178	ttl	2	71	n/a	n/a	n/a	n/a	n/a	n/a	n/a	n/a	n/a	n/a	n/a	n/a	n/a	n/a	n/a	n/a	n/a	n/a	n/a	n/a	n/a	1370.891567	n/a
1371.538410	0.000000	274308	ttl	4	71	n/a	n/a	n/a	n/a	n/a	n/a	n/a	n/a	n/a	n/a	n/a	n/a	n/a	n/a	n/a	n/a	n/a	n/a	n/a	n/a	n/a	1371.538410	n/a
1371.556417	0.000000	274311	ttl	11	71	n/a	n/a	n/a	n/a	n/a	n/a	n/a	n/a	n/a	n/a	n/a	n/a	n/a	n/a	n/a	n/a	n/a	n/a	n/a	n/a	n/a	1371.556417	n/a
1372.089514	1.534805	274418	scene_recognition	n/a	n/a	n/a	71.0	n/a	n/a	n/a	1371.556417	n/a	1.2238940952156554	2	2	3	SB_4_frameB.png	2	2	1374.848213	1	46	n/a	n/a	intervals/recognition_table	45	1372.089514	1373.624319
1372.089514	0.000000	274418	ttl	1	71	n/a	n/a	n/a	n/a	n/a	n/a	n/a	n/a	n/a	n/a	n/a	n/a	n/a	n/a	n/a	n/a	n/a	n/a	n/a	n/a	n/a	1372.089514	n/a
1373.624319	0.000000	274725	ttl	2	71	n/a	n/a	n/a	n/a	n/a	n/a	n/a	n/a	n/a	n/a	n/a	n/a	n/a	n/a	n/a	n/a	n/a	n/a	n/a	n/a	n/a	1373.624319	n/a
1374.848213	0.000000	274970	ttl	4	71	n/a	n/a	n/a	n/a	n/a	n/a	n/a	n/a	n/a	n/a	n/a	n/a	n/a	n/a	n/a	n/a	n/a	n/a	n/a	n/a	n/a	1374.848213	n/a
1374.866647	0.000000	274973	ttl	11	71	n/a	n/a	n/a	n/a	n/a	n/a	n/a	n/a	n/a	n/a	n/a	n/a	n/a	n/a	n/a	n/a	n/a	n/a	n/a	n/a	n/a	1374.866647	n/a
1375.366532	1.533634	275073	scene_recognition	n/a	n/a	n/a	71.0	n/a	n/a	n/a	1374.8666469999998	n/a	1.8933181930624414	2	3	3	HB_6_frameA_foil.png	1	7	1378.79348425	0	47	n/a	n/a	intervals/recognition_table	46	1375.366532	1376.900166
1375.366532	0.000000	275073	ttl	1	71	n/a	n/a	n/a	n/a	n/a	n/a	n/a	n/a	n/a	n/a	n/a	n/a	n/a	n/a	n/a	n/a	n/a	n/a	n/a	n/a	n/a	1375.366532	n/a
1376.900166	0.000000	275380	ttl	2	71	n/a	n/a	n/a	n/a	n/a	n/a	n/a	n/a	n/a	n/a	n/a	n/a	n/a	n/a	n/a	n/a	n/a	n/a	n/a	n/a	n/a	1376.900166	n/a
1378.793484	0.000000	275759	ttl	4	71	n/a	n/a	n/a	n/a	n/a	n/a	n/a	n/a	n/a	n/a	n/a	n/a	n/a	n/a	n/a	n/a	n/a	n/a	n/a	n/a	n/a	1378.793484	n/a
1378.797192	0.000000	275759	ttl	11	71	n/a	n/a	n/a	n/a	n/a	n/a	n/a	n/a	n/a	n/a	n/a	n/a	n/a	n/a	n/a	n/a	n/a	n/a	n/a	n/a	n/a	1378.797192	n/a
1379.263754	1.534700	275853	scene_recognition	n/a	n/a	n/a	71.0	n/a	n/a	n/a	1378.797192	n/a	1.773049934192386	1	2	3	SB_7_frameA.png	1	7	1382.57150375	1	48	n/a	n/a	intervals/recognition_table	47	1379.263754	1380.798454
1379.263754	0.000000	275853	ttl	1	71	n/a	n/a	n/a	n/a	n/a	n/a	n/a	n/a	n/a	n/a	n/a	n/a	n/a	n/a	n/a	n/a	n/a	n/a	n/a	n/a	n/a	1379.263754	n/a
1380.798454	0.000000	276160	ttl	2	71	n/a	n/a	n/a	n/a	n/a	n/a	n/a	n/a	n/a	n/a	n/a	n/a	n/a	n/a	n/a	n/a	n/a	n/a	n/a	n/a	n/a	1380.798454	n/a
1382.571504	0.000000	276514	ttl	4	71	n/a	n/a	n/a	n/a	n/a	n/a	n/a	n/a	n/a	n/a	n/a	n/a	n/a	n/a	n/a	n/a	n/a	n/a	n/a	n/a	n/a	1382.571504	n/a
1382.585074	0.000000	276517	ttl	11	71	n/a	n/a	n/a	n/a	n/a	n/a	n/a	n/a	n/a	n/a	n/a	n/a	n/a	n/a	n/a	n/a	n/a	n/a	n/a	n/a	n/a	1382.585074	n/a
1383.084925	1.533747	276617	scene_recognition	n/a	n/a	n/a	71.0	n/a	n/a	n/a	1382.5850739999998	n/a	0.07444879188551567	2	3	2	HB_1_frameA_foil.png	1	6	1384.6931204999998	0	49	n/a	n/a	intervals/recognition_table	48	1383.084925	1384.618672
1383.084925	0.000000	276617	ttl	1	71	n/a	n/a	n/a	n/a	n/a	n/a	n/a	n/a	n/a	n/a	n/a	n/a	n/a	n/a	n/a	n/a	n/a	n/a	n/a	n/a	n/a	1383.084925	n/a
1384.618672	0.000000	276924	ttl	2	71	n/a	n/a	n/a	n/a	n/a	n/a	n/a	n/a	n/a	n/a	n/a	n/a	n/a	n/a	n/a	n/a	n/a	n/a	n/a	n/a	n/a	1384.618672	n/a
1384.693120	0.000000	276939	ttl	4	71	n/a	n/a	n/a	n/a	n/a	n/a	n/a	n/a	n/a	n/a	n/a	n/a	n/a	n/a	n/a	n/a	n/a	n/a	n/a	n/a	n/a	1384.693120	n/a
1384.709334	0.000000	276942	ttl	11	71	n/a	n/a	n/a	n/a	n/a	n/a	n/a	n/a	n/a	n/a	n/a	n/a	n/a	n/a	n/a	n/a	n/a	n/a	n/a	n/a	n/a	1384.709334	n/a
1385.209224	1.534889	277042	scene_recognition	n/a	n/a	n/a	71.0	n/a	n/a	n/a	1384.70933425	n/a	1.3299511405275553	2	3	2	HB_5_frameA_foil.png	1	6	1388.074064	0	50	n/a	n/a	intervals/recognition_table	49	1385.209224	1386.744113
1385.209224	0.000000	277042	ttl	1	71	n/a	n/a	n/a	n/a	n/a	n/a	n/a	n/a	n/a	n/a	n/a	n/a	n/a	n/a	n/a	n/a	n/a	n/a	n/a	n/a	n/a	1385.209224	n/a
1386.744113	0.000000	277349	ttl	2	71	n/a	n/a	n/a	n/a	n/a	n/a	n/a	n/a	n/a	n/a	n/a	n/a	n/a	n/a	n/a	n/a	n/a	n/a	n/a	n/a	n/a	1386.744113	n/a
1388.074064	0.000000	277615	ttl	4	71	n/a	n/a	n/a	n/a	n/a	n/a	n/a	n/a	n/a	n/a	n/a	n/a	n/a	n/a	n/a	n/a	n/a	n/a	n/a	n/a	n/a	1388.074064	n/a
1388.080177	0.000000	277616	ttl	11	71	n/a	n/a	n/a	n/a	n/a	n/a	n/a	n/a	n/a	n/a	n/a	n/a	n/a	n/a	n/a	n/a	n/a	n/a	n/a	n/a	n/a	1388.080177	n/a
1388.530087	1.533801	277706	scene_recognition	n/a	n/a	n/a	71.0	n/a	n/a	n/a	1388.08017675	n/a	3.0242165071031195	2	3	2	HB_1_frameB_foil.png	1	6	1393.08810425	0	51	n/a	n/a	intervals/recognition_table	50	1388.530087	1390.063888
1388.530087	0.000000	277706	ttl	1	71	n/a	n/a	n/a	n/a	n/a	n/a	n/a	n/a	n/a	n/a	n/a	n/a	n/a	n/a	n/a	n/a	n/a	n/a	n/a	n/a	n/a	1388.530087	n/a
1390.063888	0.000000	278013	ttl	2	71	n/a	n/a	n/a	n/a	n/a	n/a	n/a	n/a	n/a	n/a	n/a	n/a	n/a	n/a	n/a	n/a	n/a	n/a	n/a	n/a	n/a	1390.063888	n/a
1393.088104	0.000000	278618	ttl	4	71	n/a	n/a	n/a	n/a	n/a	n/a	n/a	n/a	n/a	n/a	n/a	n/a	n/a	n/a	n/a	n/a	n/a	n/a	n/a	n/a	n/a	1393.088104	n/a
1393.106286	0.000000	278621	ttl	11	71	n/a	n/a	n/a	n/a	n/a	n/a	n/a	n/a	n/a	n/a	n/a	n/a	n/a	n/a	n/a	n/a	n/a	n/a	n/a	n/a	n/a	1393.106286	n/a
1393.606184	1.533817	278721	scene_recognition	n/a	n/a	n/a	71.0	n/a	n/a	n/a	1393.10628625	n/a	2.6617887936954503	2	1	2	NB_24_frameB_foil.png	1	6	1397.80179	0	52	n/a	n/a	intervals/recognition_table	51	1393.606184	1395.140001
1393.606184	0.000000	278721	ttl	1	71	n/a	n/a	n/a	n/a	n/a	n/a	n/a	n/a	n/a	n/a	n/a	n/a	n/a	n/a	n/a	n/a	n/a	n/a	n/a	n/a	n/a	1393.606184	n/a
1395.140001	0.000000	279028	ttl	2	71	n/a	n/a	n/a	n/a	n/a	n/a	n/a	n/a	n/a	n/a	n/a	n/a	n/a	n/a	n/a	n/a	n/a	n/a	n/a	n/a	n/a	1395.140001	n/a
1397.801790	0.000000	279560	ttl	4	71	n/a	n/a	n/a	n/a	n/a	n/a	n/a	n/a	n/a	n/a	n/a	n/a	n/a	n/a	n/a	n/a	n/a	n/a	n/a	n/a	n/a	1397.801790	n/a
1397.815526	0.000000	279563	ttl	11	71	n/a	n/a	n/a	n/a	n/a	n/a	n/a	n/a	n/a	n/a	n/a	n/a	n/a	n/a	n/a	n/a	n/a	n/a	n/a	n/a	n/a	1397.815526	n/a
1398.332089	1.534414	279666	scene_recognition	n/a	n/a	n/a	71.0	n/a	n/a	n/a	1397.81552575	n/a	2.0006371480121743	2	1	3	NB_22_frameB_foil.png	1	7	1401.86714025	0	53	n/a	n/a	intervals/recognition_table	52	1398.332089	1399.866503
1398.332089	0.000000	279666	ttl	1	71	n/a	n/a	n/a	n/a	n/a	n/a	n/a	n/a	n/a	n/a	n/a	n/a	n/a	n/a	n/a	n/a	n/a	n/a	n/a	n/a	n/a	1398.332089	n/a
1399.866503	0.000000	279973	ttl	2	71	n/a	n/a	n/a	n/a	n/a	n/a	n/a	n/a	n/a	n/a	n/a	n/a	n/a	n/a	n/a	n/a	n/a	n/a	n/a	n/a	n/a	1399.866503	n/a
1401.867140	0.000000	280373	ttl	4	71	n/a	n/a	n/a	n/a	n/a	n/a	n/a	n/a	n/a	n/a	n/a	n/a	n/a	n/a	n/a	n/a	n/a	n/a	n/a	n/a	n/a	1401.867140	n/a
1401.874299	0.000000	280375	ttl	11	71	n/a	n/a	n/a	n/a	n/a	n/a	n/a	n/a	n/a	n/a	n/a	n/a	n/a	n/a	n/a	n/a	n/a	n/a	n/a	n/a	n/a	1401.874299	n/a
1402.390844	1.533627	280478	scene_recognition	n/a	n/a	n/a	71.0	n/a	n/a	n/a	1401.8742989999998	n/a	1.511957588023506	2	3	2	HB_1_frameA_foil.png	1	6	1405.4364289999999	0	54	n/a	n/a	intervals/recognition_table	53	1402.390844	1403.924471
1402.390844	0.000000	280478	ttl	1	71	n/a	n/a	n/a	n/a	n/a	n/a	n/a	n/a	n/a	n/a	n/a	n/a	n/a	n/a	n/a	n/a	n/a	n/a	n/a	n/a	n/a	1402.390844	n/a
1403.924471	0.000000	280785	ttl	2	71	n/a	n/a	n/a	n/a	n/a	n/a	n/a	n/a	n/a	n/a	n/a	n/a	n/a	n/a	n/a	n/a	n/a	n/a	n/a	n/a	n/a	1403.924471	n/a
1405.436429	0.000000	281087	ttl	4	71	n/a	n/a	n/a	n/a	n/a	n/a	n/a	n/a	n/a	n/a	n/a	n/a	n/a	n/a	n/a	n/a	n/a	n/a	n/a	n/a	n/a	1405.436429	n/a
1405.451415	0.000000	281090	ttl	11	71	n/a	n/a	n/a	n/a	n/a	n/a	n/a	n/a	n/a	n/a	n/a	n/a	n/a	n/a	n/a	n/a	n/a	n/a	n/a	n/a	n/a	1405.451415	n/a
1406.034611	1.533882	281207	scene_recognition	n/a	n/a	n/a	71.0	n/a	n/a	n/a	1405.451415	n/a	1.6099931532953633	2	1	3	NB_17_frameB.png	2	2	1409.1784865	1	55	n/a	n/a	intervals/recognition_table	54	1406.034611	1407.568493
1406.034611	0.000000	281207	ttl	1	71	n/a	n/a	n/a	n/a	n/a	n/a	n/a	n/a	n/a	n/a	n/a	n/a	n/a	n/a	n/a	n/a	n/a	n/a	n/a	n/a	n/a	1406.034611	n/a
1407.568493	0.000000	281514	ttl	2	71	n/a	n/a	n/a	n/a	n/a	n/a	n/a	n/a	n/a	n/a	n/a	n/a	n/a	n/a	n/a	n/a	n/a	n/a	n/a	n/a	n/a	1407.568493	n/a
1409.178486	0.000000	281836	ttl	4	71	n/a	n/a	n/a	n/a	n/a	n/a	n/a	n/a	n/a	n/a	n/a	n/a	n/a	n/a	n/a	n/a	n/a	n/a	n/a	n/a	n/a	1409.178486	n/a
1409.187372	0.000000	281837	ttl	11	71	n/a	n/a	n/a	n/a	n/a	n/a	n/a	n/a	n/a	n/a	n/a	n/a	n/a	n/a	n/a	n/a	n/a	n/a	n/a	n/a	n/a	1409.187372	n/a
1409.753923	1.533881	281951	scene_recognition	n/a	n/a	n/a	71.0	n/a	n/a	n/a	1409.18737225	n/a	1.4264558300055796	1	2	2	SB_7_frameB_foil.png	2	3	1412.7142597499999	0	56	n/a	n/a	intervals/recognition_table	55	1409.753923	1411.287804
1409.753923	0.000000	281951	ttl	1	71	n/a	n/a	n/a	n/a	n/a	n/a	n/a	n/a	n/a	n/a	n/a	n/a	n/a	n/a	n/a	n/a	n/a	n/a	n/a	n/a	n/a	1409.753923	n/a
1411.287804	0.000000	282258	ttl	2	71	n/a	n/a	n/a	n/a	n/a	n/a	n/a	n/a	n/a	n/a	n/a	n/a	n/a	n/a	n/a	n/a	n/a	n/a	n/a	n/a	n/a	1411.287804	n/a
1412.714260	0.000000	282543	ttl	4	71	n/a	n/a	n/a	n/a	n/a	n/a	n/a	n/a	n/a	n/a	n/a	n/a	n/a	n/a	n/a	n/a	n/a	n/a	n/a	n/a	n/a	1412.714260	n/a
1412.721967	0.000000	282544	ttl	11	71	n/a	n/a	n/a	n/a	n/a	n/a	n/a	n/a	n/a	n/a	n/a	n/a	n/a	n/a	n/a	n/a	n/a	n/a	n/a	n/a	n/a	1412.721967	n/a
1413.205190	1.533921	282641	scene_recognition	n/a	n/a	n/a	71.0	n/a	n/a	n/a	1412.721967	n/a	1.884249960690795	1	1	2	NB_8_frameB_foil.png	2	3	1416.623361	0	57	n/a	n/a	intervals/recognition_table	56	1413.205190	1414.739111
1413.205190	0.000000	282641	ttl	1	71	n/a	n/a	n/a	n/a	n/a	n/a	n/a	n/a	n/a	n/a	n/a	n/a	n/a	n/a	n/a	n/a	n/a	n/a	n/a	n/a	n/a	1413.205190	n/a
1414.739111	0.000000	282948	ttl	2	71	n/a	n/a	n/a	n/a	n/a	n/a	n/a	n/a	n/a	n/a	n/a	n/a	n/a	n/a	n/a	n/a	n/a	n/a	n/a	n/a	n/a	1414.739111	n/a
1416.623361	0.000000	283325	ttl	4	71	n/a	n/a	n/a	n/a	n/a	n/a	n/a	n/a	n/a	n/a	n/a	n/a	n/a	n/a	n/a	n/a	n/a	n/a	n/a	n/a	n/a	1416.623361	n/a
1416.627474	0.000000	283325	ttl	11	71	n/a	n/a	n/a	n/a	n/a	n/a	n/a	n/a	n/a	n/a	n/a	n/a	n/a	n/a	n/a	n/a	n/a	n/a	n/a	n/a	n/a	1416.627474	n/a
1417.094050	1.534946	283419	scene_recognition	n/a	n/a	n/a	71.0	n/a	n/a	n/a	1416.62747375	n/a	1.6039990758363274	1	3	3	HB_6_frameB.png	1	7	1420.2329955	1	58	n/a	n/a	intervals/recognition_table	57	1417.094050	1418.628996
1417.094050	0.000000	283419	ttl	1	71	n/a	n/a	n/a	n/a	n/a	n/a	n/a	n/a	n/a	n/a	n/a	n/a	n/a	n/a	n/a	n/a	n/a	n/a	n/a	n/a	n/a	1417.094050	n/a
1418.628996	0.000000	283726	ttl	2	71	n/a	n/a	n/a	n/a	n/a	n/a	n/a	n/a	n/a	n/a	n/a	n/a	n/a	n/a	n/a	n/a	n/a	n/a	n/a	n/a	n/a	1418.628996	n/a
1420.232996	0.000000	284047	ttl	4	71	n/a	n/a	n/a	n/a	n/a	n/a	n/a	n/a	n/a	n/a	n/a	n/a	n/a	n/a	n/a	n/a	n/a	n/a	n/a	n/a	n/a	1420.232996	n/a
1420.241304	0.000000	284048	ttl	11	71	n/a	n/a	n/a	n/a	n/a	n/a	n/a	n/a	n/a	n/a	n/a	n/a	n/a	n/a	n/a	n/a	n/a	n/a	n/a	n/a	n/a	1420.241304	n/a
1420.724540	1.534320	284145	scene_recognition	n/a	n/a	n/a	71.0	n/a	n/a	n/a	1420.24130375	n/a	0.5634338163436041	2	2	2	SB_2_frameB_foil.png	1	6	1422.8222939999998	0	59	n/a	n/a	intervals/recognition_table	58	1420.724540	1422.258860
1420.724540	0.000000	284145	ttl	1	71	n/a	n/a	n/a	n/a	n/a	n/a	n/a	n/a	n/a	n/a	n/a	n/a	n/a	n/a	n/a	n/a	n/a	n/a	n/a	n/a	n/a	1420.724540	n/a
1422.258860	0.000000	284452	ttl	2	71	n/a	n/a	n/a	n/a	n/a	n/a	n/a	n/a	n/a	n/a	n/a	n/a	n/a	n/a	n/a	n/a	n/a	n/a	n/a	n/a	n/a	1422.258860	n/a
1422.822294	0.000000	284564	ttl	4	71	n/a	n/a	n/a	n/a	n/a	n/a	n/a	n/a	n/a	n/a	n/a	n/a	n/a	n/a	n/a	n/a	n/a	n/a	n/a	n/a	n/a	1422.822294	n/a
1422.833245	0.000000	284567	ttl	11	71	n/a	n/a	n/a	n/a	n/a	n/a	n/a	n/a	n/a	n/a	n/a	n/a	n/a	n/a	n/a	n/a	n/a	n/a	n/a	n/a	n/a	1422.833245	n/a
1423.333139	1.533756	284667	scene_recognition	n/a	n/a	n/a	71.0	n/a	n/a	n/a	1422.833245	n/a	2.7025219708521035	1	3	3	HB_3_frameA_foil.png	2	2	1427.56941775	0	60	n/a	n/a	intervals/recognition_table	59	1423.333139	1424.866896
1423.333139	0.000000	284667	ttl	1	71	n/a	n/a	n/a	n/a	n/a	n/a	n/a	n/a	n/a	n/a	n/a	n/a	n/a	n/a	n/a	n/a	n/a	n/a	n/a	n/a	n/a	1423.333139	n/a
1424.866896	0.000000	284973	ttl	2	71	n/a	n/a	n/a	n/a	n/a	n/a	n/a	n/a	n/a	n/a	n/a	n/a	n/a	n/a	n/a	n/a	n/a	n/a	n/a	n/a	n/a	1424.866896	n/a
1427.569418	0.000000	285514	ttl	4	71	n/a	n/a	n/a	n/a	n/a	n/a	n/a	n/a	n/a	n/a	n/a	n/a	n/a	n/a	n/a	n/a	n/a	n/a	n/a	n/a	n/a	1427.569418	n/a
1427.578945	0.000000	285516	ttl	11	71	n/a	n/a	n/a	n/a	n/a	n/a	n/a	n/a	n/a	n/a	n/a	n/a	n/a	n/a	n/a	n/a	n/a	n/a	n/a	n/a	n/a	1427.578945	n/a
1428.078847	1.533862	285616	scene_recognition	n/a	n/a	n/a	71.0	n/a	n/a	n/a	1427.578945	n/a	2.4787766883091535	1	1	3	NB_16_frameB_foil.png	2	2	1432.09148575	0	61	n/a	n/a	intervals/recognition_table	60	1428.078847	1429.612709
1428.078847	0.000000	285616	ttl	1	71	n/a	n/a	n/a	n/a	n/a	n/a	n/a	n/a	n/a	n/a	n/a	n/a	n/a	n/a	n/a	n/a	n/a	n/a	n/a	n/a	n/a	1428.078847	n/a
1429.612709	0.000000	285923	ttl	2	71	n/a	n/a	n/a	n/a	n/a	n/a	n/a	n/a	n/a	n/a	n/a	n/a	n/a	n/a	n/a	n/a	n/a	n/a	n/a	n/a	n/a	1429.612709	n/a
1432.091486	0.000000	286418	ttl	4	71	n/a	n/a	n/a	n/a	n/a	n/a	n/a	n/a	n/a	n/a	n/a	n/a	n/a	n/a	n/a	n/a	n/a	n/a	n/a	n/a	n/a	1432.091486	n/a
1432.101709	0.000000	286420	ttl	11	71	n/a	n/a	n/a	n/a	n/a	n/a	n/a	n/a	n/a	n/a	n/a	n/a	n/a	n/a	n/a	n/a	n/a	n/a	n/a	n/a	n/a	1432.101709	n/a
1432.568274	1.534306	286514	scene_recognition	n/a	n/a	n/a	71.0	n/a	n/a	n/a	1432.1017095	n/a	0.522559432865819	2	3	2	HB_2_frameB_foil.png	1	6	1434.62514025	0	62	n/a	n/a	intervals/recognition_table	61	1432.568274	1434.102581
1432.568274	0.000000	286514	ttl	1	71	n/a	n/a	n/a	n/a	n/a	n/a	n/a	n/a	n/a	n/a	n/a	n/a	n/a	n/a	n/a	n/a	n/a	n/a	n/a	n/a	n/a	1432.568274	n/a
1434.102581	0.000000	286821	ttl	2	71	n/a	n/a	n/a	n/a	n/a	n/a	n/a	n/a	n/a	n/a	n/a	n/a	n/a	n/a	n/a	n/a	n/a	n/a	n/a	n/a	n/a	1434.102581	n/a
1434.625140	0.000000	286925	ttl	4	71	n/a	n/a	n/a	n/a	n/a	n/a	n/a	n/a	n/a	n/a	n/a	n/a	n/a	n/a	n/a	n/a	n/a	n/a	n/a	n/a	n/a	1434.625140	n/a
1434.641093	0.000000	286928	ttl	11	71	n/a	n/a	n/a	n/a	n/a	n/a	n/a	n/a	n/a	n/a	n/a	n/a	n/a	n/a	n/a	n/a	n/a	n/a	n/a	n/a	n/a	1434.641093	n/a
1435.124353	1.533958	287025	scene_recognition	n/a	n/a	n/a	71.0	n/a	n/a	n/a	1434.6410925	n/a	1.196034038955986	2	2	2	SB_3_frameA.png	2	3	1437.85434575	1	63	n/a	n/a	intervals/recognition_table	62	1435.124353	1436.658312
1435.124353	0.000000	287025	ttl	1	71	n/a	n/a	n/a	n/a	n/a	n/a	n/a	n/a	n/a	n/a	n/a	n/a	n/a	n/a	n/a	n/a	n/a	n/a	n/a	n/a	n/a	1435.124353	n/a
1436.658312	0.000000	287332	ttl	2	71	n/a	n/a	n/a	n/a	n/a	n/a	n/a	n/a	n/a	n/a	n/a	n/a	n/a	n/a	n/a	n/a	n/a	n/a	n/a	n/a	n/a	1436.658312	n/a
1437.854346	0.000000	287571	ttl	4	71	n/a	n/a	n/a	n/a	n/a	n/a	n/a	n/a	n/a	n/a	n/a	n/a	n/a	n/a	n/a	n/a	n/a	n/a	n/a	n/a	n/a	1437.854346	n/a
1437.864487	0.000000	287573	ttl	11	71	n/a	n/a	n/a	n/a	n/a	n/a	n/a	n/a	n/a	n/a	n/a	n/a	n/a	n/a	n/a	n/a	n/a	n/a	n/a	n/a	n/a	1437.864487	n/a
1438.364391	1.535084	287673	scene_recognition	n/a	n/a	n/a	71.0	n/a	n/a	n/a	1437.8644875	n/a	3.0528934463945916	1	2	3	SB_9_frameA_foil.png	2	2	1442.9523685	0	64	n/a	n/a	intervals/recognition_table	63	1438.364391	1439.899475
1438.364391	0.000000	287673	ttl	1	71	n/a	n/a	n/a	n/a	n/a	n/a	n/a	n/a	n/a	n/a	n/a	n/a	n/a	n/a	n/a	n/a	n/a	n/a	n/a	n/a	n/a	1438.364391	n/a
1439.899475	0.000000	287980	ttl	2	71	n/a	n/a	n/a	n/a	n/a	n/a	n/a	n/a	n/a	n/a	n/a	n/a	n/a	n/a	n/a	n/a	n/a	n/a	n/a	n/a	n/a	1439.899475	n/a
1442.952368	0.000000	288590	ttl	4	71	n/a	n/a	n/a	n/a	n/a	n/a	n/a	n/a	n/a	n/a	n/a	n/a	n/a	n/a	n/a	n/a	n/a	n/a	n/a	n/a	n/a	1442.952368	n/a
1442.965018	0.000000	288593	ttl	11	71	n/a	n/a	n/a	n/a	n/a	n/a	n/a	n/a	n/a	n/a	n/a	n/a	n/a	n/a	n/a	n/a	n/a	n/a	n/a	n/a	n/a	1442.965018	n/a
1443.548227	1.534341	288710	scene_recognition	n/a	n/a	n/a	71.0	n/a	n/a	n/a	1442.96501825	n/a	2.844419590663165	2	2	2	SB_7_frameA_foil.png	1	6	1447.9269875	0	65	n/a	n/a	intervals/recognition_table	64	1443.548227	1445.082568
1443.548227	0.000000	288710	ttl	1	71	n/a	n/a	n/a	n/a	n/a	n/a	n/a	n/a	n/a	n/a	n/a	n/a	n/a	n/a	n/a	n/a	n/a	n/a	n/a	n/a	n/a	1443.548227	n/a
1445.082568	0.000000	289017	ttl	2	71	n/a	n/a	n/a	n/a	n/a	n/a	n/a	n/a	n/a	n/a	n/a	n/a	n/a	n/a	n/a	n/a	n/a	n/a	n/a	n/a	n/a	1445.082568	n/a
1447.926987	0.000000	289585	ttl	4	71	n/a	n/a	n/a	n/a	n/a	n/a	n/a	n/a	n/a	n/a	n/a	n/a	n/a	n/a	n/a	n/a	n/a	n/a	n/a	n/a	n/a	1447.926987	n/a
1447.938397	0.000000	289588	ttl	11	71	n/a	n/a	n/a	n/a	n/a	n/a	n/a	n/a	n/a	n/a	n/a	n/a	n/a	n/a	n/a	n/a	n/a	n/a	n/a	n/a	n/a	1447.938397	n/a
1448.454955	1.535173	289691	scene_recognition	n/a	n/a	n/a	71.0	n/a	n/a	n/a	1447.93839675	n/a	2.359273008914897	1	2	2	SB_1_frameA.png	1	6	1452.3494014999999	1	66	n/a	n/a	intervals/recognition_table	65	1448.454955	1449.990128
1448.454955	0.000000	289691	ttl	1	71	n/a	n/a	n/a	n/a	n/a	n/a	n/a	n/a	n/a	n/a	n/a	n/a	n/a	n/a	n/a	n/a	n/a	n/a	n/a	n/a	n/a	1448.454955	n/a
1449.990128	0.000000	289998	ttl	2	71	n/a	n/a	n/a	n/a	n/a	n/a	n/a	n/a	n/a	n/a	n/a	n/a	n/a	n/a	n/a	n/a	n/a	n/a	n/a	n/a	n/a	1449.990128	n/a
1452.349401	0.000000	290470	ttl	4	71	n/a	n/a	n/a	n/a	n/a	n/a	n/a	n/a	n/a	n/a	n/a	n/a	n/a	n/a	n/a	n/a	n/a	n/a	n/a	n/a	n/a	1452.349401	n/a
1452.361007	0.000000	290472	ttl	11	71	n/a	n/a	n/a	n/a	n/a	n/a	n/a	n/a	n/a	n/a	n/a	n/a	n/a	n/a	n/a	n/a	n/a	n/a	n/a	n/a	n/a	1452.361007	n/a
1452.844198	1.534204	290569	scene_recognition	n/a	n/a	n/a	71.0	n/a	n/a	n/a	1452.3610065	n/a	0.5633821751835058	2	1	3	NB_11_frameB.png	2	2	1454.9417845	1	67	n/a	n/a	intervals/recognition_table	66	1452.844198	1454.378402
1452.844198	0.000000	290569	ttl	1	71	n/a	n/a	n/a	n/a	n/a	n/a	n/a	n/a	n/a	n/a	n/a	n/a	n/a	n/a	n/a	n/a	n/a	n/a	n/a	n/a	n/a	1452.844198	n/a
1454.378402	0.000000	290876	ttl	2	71	n/a	n/a	n/a	n/a	n/a	n/a	n/a	n/a	n/a	n/a	n/a	n/a	n/a	n/a	n/a	n/a	n/a	n/a	n/a	n/a	n/a	1454.378402	n/a
1454.941785	0.000000	290988	ttl	4	71	n/a	n/a	n/a	n/a	n/a	n/a	n/a	n/a	n/a	n/a	n/a	n/a	n/a	n/a	n/a	n/a	n/a	n/a	n/a	n/a	n/a	1454.941785	n/a
1454.956687	0.000000	290991	ttl	11	71	n/a	n/a	n/a	n/a	n/a	n/a	n/a	n/a	n/a	n/a	n/a	n/a	n/a	n/a	n/a	n/a	n/a	n/a	n/a	n/a	n/a	1454.956687	n/a
1455.456572	1.534470	291091	scene_recognition	n/a	n/a	n/a	71.0	n/a	n/a	n/a	1454.95668675	n/a	1.7838691655124421	2	1	3	NB_21_frameB.png	2	2	1458.7749119999999	1	68	n/a	n/a	intervals/recognition_table	67	1455.456572	1456.991043
1455.456572	0.000000	291091	ttl	1	71	n/a	n/a	n/a	n/a	n/a	n/a	n/a	n/a	n/a	n/a	n/a	n/a	n/a	n/a	n/a	n/a	n/a	n/a	n/a	n/a	n/a	1455.456572	n/a
1456.991043	0.000000	291398	ttl	2	71	n/a	n/a	n/a	n/a	n/a	n/a	n/a	n/a	n/a	n/a	n/a	n/a	n/a	n/a	n/a	n/a	n/a	n/a	n/a	n/a	n/a	1456.991043	n/a
1458.774912	0.000000	291755	ttl	4	71	n/a	n/a	n/a	n/a	n/a	n/a	n/a	n/a	n/a	n/a	n/a	n/a	n/a	n/a	n/a	n/a	n/a	n/a	n/a	n/a	n/a	1458.774912	n/a
1458.787596	0.000000	291758	ttl	11	71	n/a	n/a	n/a	n/a	n/a	n/a	n/a	n/a	n/a	n/a	n/a	n/a	n/a	n/a	n/a	n/a	n/a	n/a	n/a	n/a	n/a	1458.787596	n/a
1459.320819	1.534889	291864	scene_recognition	n/a	n/a	n/a	71.0	n/a	n/a	n/a	1458.78759575	n/a	0.27857273178960895	1	1	3	NB_5_frameA_foil.png	2	2	1461.13428125	0	69	n/a	n/a	intervals/recognition_table	68	1459.320819	1460.855708
1459.320819	0.000000	291864	ttl	1	71	n/a	n/a	n/a	n/a	n/a	n/a	n/a	n/a	n/a	n/a	n/a	n/a	n/a	n/a	n/a	n/a	n/a	n/a	n/a	n/a	n/a	1459.320819	n/a
1460.855708	0.000000	292171	ttl	2	71	n/a	n/a	n/a	n/a	n/a	n/a	n/a	n/a	n/a	n/a	n/a	n/a	n/a	n/a	n/a	n/a	n/a	n/a	n/a	n/a	n/a	1460.855708	n/a
1461.134281	0.000000	292227	ttl	4	71	n/a	n/a	n/a	n/a	n/a	n/a	n/a	n/a	n/a	n/a	n/a	n/a	n/a	n/a	n/a	n/a	n/a	n/a	n/a	n/a	n/a	1461.134281	n/a
1461.144829	0.000000	292229	ttl	11	71	n/a	n/a	n/a	n/a	n/a	n/a	n/a	n/a	n/a	n/a	n/a	n/a	n/a	n/a	n/a	n/a	n/a	n/a	n/a	n/a	n/a	1461.144829	n/a
1461.744704	1.534913	292349	scene_recognition	n/a	n/a	n/a	71.0	n/a	n/a	n/a	1461.14482925	n/a	2.135641293913068	2	3	2	HB_5_frameB_foil.png	1	6	1465.4152582499999	0	70	n/a	n/a	intervals/recognition_table	69	1461.744704	1463.279617
1461.744704	0.000000	292349	ttl	1	71	n/a	n/a	n/a	n/a	n/a	n/a	n/a	n/a	n/a	n/a	n/a	n/a	n/a	n/a	n/a	n/a	n/a	n/a	n/a	n/a	n/a	1461.744704	n/a
1463.279617	0.000000	292656	ttl	2	71	n/a	n/a	n/a	n/a	n/a	n/a	n/a	n/a	n/a	n/a	n/a	n/a	n/a	n/a	n/a	n/a	n/a	n/a	n/a	n/a	n/a	1463.279617	n/a
1465.415258	0.000000	293083	ttl	4	71	n/a	n/a	n/a	n/a	n/a	n/a	n/a	n/a	n/a	n/a	n/a	n/a	n/a	n/a	n/a	n/a	n/a	n/a	n/a	n/a	n/a	1465.415258	n/a
1465.429181	0.000000	293086	ttl	11	71	n/a	n/a	n/a	n/a	n/a	n/a	n/a	n/a	n/a	n/a	n/a	n/a	n/a	n/a	n/a	n/a	n/a	n/a	n/a	n/a	n/a	1465.429181	n/a
1465.895743	1.534876	293179	scene_recognition	n/a	n/a	n/a	71.0	n/a	n/a	n/a	1465.4291812499998	n/a	1.5328570948986453	2	1	2	NB_29_frameA_foil.png	1	6	1468.9634764999998	0	71	n/a	n/a	intervals/recognition_table	70	1465.895743	1467.430619
1465.895743	0.000000	293179	ttl	1	71	n/a	n/a	n/a	n/a	n/a	n/a	n/a	n/a	n/a	n/a	n/a	n/a	n/a	n/a	n/a	n/a	n/a	n/a	n/a	n/a	n/a	1465.895743	n/a
1467.430619	0.000000	293486	ttl	2	71	n/a	n/a	n/a	n/a	n/a	n/a	n/a	n/a	n/a	n/a	n/a	n/a	n/a	n/a	n/a	n/a	n/a	n/a	n/a	n/a	n/a	1467.430619	n/a
1468.963476	0.000000	293793	ttl	4	71	n/a	n/a	n/a	n/a	n/a	n/a	n/a	n/a	n/a	n/a	n/a	n/a	n/a	n/a	n/a	n/a	n/a	n/a	n/a	n/a	n/a	1468.963476	n/a
1468.980656	0.000000	293796	ttl	11	71	n/a	n/a	n/a	n/a	n/a	n/a	n/a	n/a	n/a	n/a	n/a	n/a	n/a	n/a	n/a	n/a	n/a	n/a	n/a	n/a	n/a	1468.980656	n/a
1469.530549	1.534797	293906	scene_recognition	n/a	n/a	n/a	71.0	n/a	n/a	n/a	1468.980656	n/a	0.7802037173096323	2	2	3	SB_5_frameA.png	2	2	1471.8455494999998	1	72	n/a	n/a	intervals/recognition_table	71	1469.530549	1471.065346
1469.530549	0.000000	293906	ttl	1	71	n/a	n/a	n/a	n/a	n/a	n/a	n/a	n/a	n/a	n/a	n/a	n/a	n/a	n/a	n/a	n/a	n/a	n/a	n/a	n/a	n/a	1469.530549	n/a
1471.065346	0.000000	294213	ttl	2	71	n/a	n/a	n/a	n/a	n/a	n/a	n/a	n/a	n/a	n/a	n/a	n/a	n/a	n/a	n/a	n/a	n/a	n/a	n/a	n/a	n/a	1471.065346	n/a
1471.845549	0.000000	294369	ttl	4	71	n/a	n/a	n/a	n/a	n/a	n/a	n/a	n/a	n/a	n/a	n/a	n/a	n/a	n/a	n/a	n/a	n/a	n/a	n/a	n/a	n/a	1471.845549	n/a
1471.853794	0.000000	294371	ttl	11	71	n/a	n/a	n/a	n/a	n/a	n/a	n/a	n/a	n/a	n/a	n/a	n/a	n/a	n/a	n/a	n/a	n/a	n/a	n/a	n/a	n/a	1471.853794	n/a
1472.353684	1.533756	294471	scene_recognition	n/a	n/a	n/a	71.0	n/a	n/a	n/a	1471.85379425	n/a	0.5631533363412018	2	2	2	SB_9_frameB.png	2	3	1474.4505932499999	1	73	n/a	n/a	intervals/recognition_table	72	1472.353684	1473.887440
1472.353684	0.000000	294471	ttl	1	71	n/a	n/a	n/a	n/a	n/a	n/a	n/a	n/a	n/a	n/a	n/a	n/a	n/a	n/a	n/a	n/a	n/a	n/a	n/a	n/a	n/a	1472.353684	n/a
1473.887440	0.000000	294777	ttl	2	71	n/a	n/a	n/a	n/a	n/a	n/a	n/a	n/a	n/a	n/a	n/a	n/a	n/a	n/a	n/a	n/a	n/a	n/a	n/a	n/a	n/a	1473.887440	n/a
1474.450593	0.000000	294890	ttl	4	71	n/a	n/a	n/a	n/a	n/a	n/a	n/a	n/a	n/a	n/a	n/a	n/a	n/a	n/a	n/a	n/a	n/a	n/a	n/a	n/a	n/a	1474.450593	n/a
1474.468827	0.000000	294894	ttl	11	71	n/a	n/a	n/a	n/a	n/a	n/a	n/a	n/a	n/a	n/a	n/a	n/a	n/a	n/a	n/a	n/a	n/a	n/a	n/a	n/a	n/a	1474.468827	n/a
1474.918706	1.534917	294984	scene_recognition	n/a	n/a	n/a	71.0	n/a	n/a	n/a	1474.46882725	n/a	2.1588626030206797	1	2	2	SB_1_frameB.png	1	6	1478.6124854999998	1	74	n/a	n/a	intervals/recognition_table	73	1474.918706	1476.453623
1474.918706	0.000000	294984	ttl	1	71	n/a	n/a	n/a	n/a	n/a	n/a	n/a	n/a	n/a	n/a	n/a	n/a	n/a	n/a	n/a	n/a	n/a	n/a	n/a	n/a	n/a	1474.918706	n/a
1476.453623	0.000000	295291	ttl	2	71	n/a	n/a	n/a	n/a	n/a	n/a	n/a	n/a	n/a	n/a	n/a	n/a	n/a	n/a	n/a	n/a	n/a	n/a	n/a	n/a	n/a	1476.453623	n/a
1478.612485	0.000000	295722	ttl	4	71	n/a	n/a	n/a	n/a	n/a	n/a	n/a	n/a	n/a	n/a	n/a	n/a	n/a	n/a	n/a	n/a	n/a	n/a	n/a	n/a	n/a	1478.612485	n/a
1478.622198	0.000000	295724	ttl	11	71	n/a	n/a	n/a	n/a	n/a	n/a	n/a	n/a	n/a	n/a	n/a	n/a	n/a	n/a	n/a	n/a	n/a	n/a	n/a	n/a	n/a	1478.622198	n/a
1479.122090	1.534254	295824	scene_recognition	n/a	n/a	n/a	71.0	n/a	n/a	n/a	1478.6221982499999	n/a	1.5005353488595574	2	1	3	NB_24_frameA.png	2	2	1482.15687975	1	75	n/a	n/a	intervals/recognition_table	74	1479.122090	1480.656344
1479.122090	0.000000	295824	ttl	1	71	n/a	n/a	n/a	n/a	n/a	n/a	n/a	n/a	n/a	n/a	n/a	n/a	n/a	n/a	n/a	n/a	n/a	n/a	n/a	n/a	n/a	1479.122090	n/a
1480.656344	0.000000	296131	ttl	2	71	n/a	n/a	n/a	n/a	n/a	n/a	n/a	n/a	n/a	n/a	n/a	n/a	n/a	n/a	n/a	n/a	n/a	n/a	n/a	n/a	n/a	1480.656344	n/a
1482.156880	0.000000	296431	ttl	4	71	n/a	n/a	n/a	n/a	n/a	n/a	n/a	n/a	n/a	n/a	n/a	n/a	n/a	n/a	n/a	n/a	n/a	n/a	n/a	n/a	n/a	1482.156880	n/a
1482.161886	0.000000	296432	ttl	11	71	n/a	n/a	n/a	n/a	n/a	n/a	n/a	n/a	n/a	n/a	n/a	n/a	n/a	n/a	n/a	n/a	n/a	n/a	n/a	n/a	n/a	1482.161886	n/a
1482.711761	1.534368	296542	scene_recognition	n/a	n/a	n/a	71.0	n/a	n/a	n/a	1482.16188625	n/a	1.2261187816257006	2	3	2	HB_8_frameB.png	2	3	1485.4722485	1	76	n/a	n/a	intervals/recognition_table	75	1482.711761	1484.246129
1482.711761	0.000000	296542	ttl	1	71	n/a	n/a	n/a	n/a	n/a	n/a	n/a	n/a	n/a	n/a	n/a	n/a	n/a	n/a	n/a	n/a	n/a	n/a	n/a	n/a	n/a	1482.711761	n/a
1484.246129	0.000000	296849	ttl	2	71	n/a	n/a	n/a	n/a	n/a	n/a	n/a	n/a	n/a	n/a	n/a	n/a	n/a	n/a	n/a	n/a	n/a	n/a	n/a	n/a	n/a	1484.246129	n/a
1485.472248	0.000000	297094	ttl	4	71	n/a	n/a	n/a	n/a	n/a	n/a	n/a	n/a	n/a	n/a	n/a	n/a	n/a	n/a	n/a	n/a	n/a	n/a	n/a	n/a	n/a	1485.472248	n/a
1485.482313	0.000000	297096	ttl	11	71	n/a	n/a	n/a	n/a	n/a	n/a	n/a	n/a	n/a	n/a	n/a	n/a	n/a	n/a	n/a	n/a	n/a	n/a	n/a	n/a	n/a	1485.482313	n/a
1486.065528	1.533772	297213	scene_recognition	n/a	n/a	n/a	71.0	n/a	n/a	n/a	1485.482313	n/a	0.08683848907094216	2	2	3	SB_2_frameB.png	2	2	1487.68613925	1	77	n/a	n/a	intervals/recognition_table	76	1486.065528	1487.599301
1486.065528	0.000000	297213	ttl	1	71	n/a	n/a	n/a	n/a	n/a	n/a	n/a	n/a	n/a	n/a	n/a	n/a	n/a	n/a	n/a	n/a	n/a	n/a	n/a	n/a	n/a	1486.065528	n/a
1487.599301	0.000000	297520	ttl	2	71	n/a	n/a	n/a	n/a	n/a	n/a	n/a	n/a	n/a	n/a	n/a	n/a	n/a	n/a	n/a	n/a	n/a	n/a	n/a	n/a	n/a	1487.599301	n/a
1487.686139	0.000000	297537	ttl	4	71	n/a	n/a	n/a	n/a	n/a	n/a	n/a	n/a	n/a	n/a	n/a	n/a	n/a	n/a	n/a	n/a	n/a	n/a	n/a	n/a	n/a	1487.686139	n/a
1487.689473	0.000000	297538	ttl	11	71	n/a	n/a	n/a	n/a	n/a	n/a	n/a	n/a	n/a	n/a	n/a	n/a	n/a	n/a	n/a	n/a	n/a	n/a	n/a	n/a	n/a	1487.689473	n/a
1488.222687	1.534514	297645	scene_recognition	n/a	n/a	n/a	71.0	n/a	n/a	n/a	1487.6894727499998	n/a	2.5477993003005395	2	1	2	NB_12_frameB_foil.png	1	6	1492.305001	0	78	n/a	n/a	intervals/recognition_table	77	1488.222687	1489.757202
1488.222687	0.000000	297645	ttl	1	71	n/a	n/a	n/a	n/a	n/a	n/a	n/a	n/a	n/a	n/a	n/a	n/a	n/a	n/a	n/a	n/a	n/a	n/a	n/a	n/a	n/a	1488.222687	n/a
1489.757202	0.000000	297951	ttl	2	71	n/a	n/a	n/a	n/a	n/a	n/a	n/a	n/a	n/a	n/a	n/a	n/a	n/a	n/a	n/a	n/a	n/a	n/a	n/a	n/a	n/a	1489.757202	n/a
1492.305001	0.000000	298461	ttl	4	71	n/a	n/a	n/a	n/a	n/a	n/a	n/a	n/a	n/a	n/a	n/a	n/a	n/a	n/a	n/a	n/a	n/a	n/a	n/a	n/a	n/a	1492.305001	n/a
1492.311047	0.000000	298462	ttl	11	71	n/a	n/a	n/a	n/a	n/a	n/a	n/a	n/a	n/a	n/a	n/a	n/a	n/a	n/a	n/a	n/a	n/a	n/a	n/a	n/a	n/a	1492.311047	n/a
1492.844256	1.533824	298569	scene_recognition	n/a	n/a	n/a	71.0	n/a	n/a	n/a	1492.31104725	n/a	0.7528449263118091	1	1	2	NB_25_frameA_foil.png	2	3	1495.13092425	0	79	n/a	n/a	intervals/recognition_table	78	1492.844256	1494.378080
1492.844256	0.000000	298569	ttl	1	71	n/a	n/a	n/a	n/a	n/a	n/a	n/a	n/a	n/a	n/a	n/a	n/a	n/a	n/a	n/a	n/a	n/a	n/a	n/a	n/a	n/a	1492.844256	n/a
1494.378080	0.000000	298876	ttl	2	71	n/a	n/a	n/a	n/a	n/a	n/a	n/a	n/a	n/a	n/a	n/a	n/a	n/a	n/a	n/a	n/a	n/a	n/a	n/a	n/a	n/a	1494.378080	n/a
1495.130924	0.000000	299026	ttl	4	71	n/a	n/a	n/a	n/a	n/a	n/a	n/a	n/a	n/a	n/a	n/a	n/a	n/a	n/a	n/a	n/a	n/a	n/a	n/a	n/a	n/a	1495.130924	n/a
1495.146968	0.000000	299029	ttl	11	71	n/a	n/a	n/a	n/a	n/a	n/a	n/a	n/a	n/a	n/a	n/a	n/a	n/a	n/a	n/a	n/a	n/a	n/a	n/a	n/a	n/a	1495.146968	n/a
1495.646857	1.533658	299129	scene_recognition	n/a	n/a	n/a	71.0	n/a	n/a	n/a	1495.1469685	n/a	0.9781810032727662	1	2	3	SB_2_frameA_foil.png	2	2	1498.1586955	0	80	n/a	n/a	intervals/recognition_table	79	1495.646857	1497.180514
1495.646857	0.000000	299129	ttl	1	71	n/a	n/a	n/a	n/a	n/a	n/a	n/a	n/a	n/a	n/a	n/a	n/a	n/a	n/a	n/a	n/a	n/a	n/a	n/a	n/a	n/a	1495.646857	n/a
1497.180514	0.000000	299436	ttl	2	71	n/a	n/a	n/a	n/a	n/a	n/a	n/a	n/a	n/a	n/a	n/a	n/a	n/a	n/a	n/a	n/a	n/a	n/a	n/a	n/a	n/a	1497.180514	n/a
1498.158696	0.000000	299632	ttl	4	71	n/a	n/a	n/a	n/a	n/a	n/a	n/a	n/a	n/a	n/a	n/a	n/a	n/a	n/a	n/a	n/a	n/a	n/a	n/a	n/a	n/a	1498.158696	n/a
1498.163028	0.000000	299633	ttl	11	71	n/a	n/a	n/a	n/a	n/a	n/a	n/a	n/a	n/a	n/a	n/a	n/a	n/a	n/a	n/a	n/a	n/a	n/a	n/a	n/a	n/a	1498.163028	n/a
1498.696240	1.534843	299739	scene_recognition	n/a	n/a	n/a	71.0	n/a	n/a	n/a	1498.16302825	n/a	1.6613972910490702	1	3	3	HB_2_frameB.png	1	7	1501.8924802499998	1	81	n/a	n/a	intervals/recognition_table	80	1498.696240	1500.231083
1498.696240	0.000000	299739	ttl	1	71	n/a	n/a	n/a	n/a	n/a	n/a	n/a	n/a	n/a	n/a	n/a	n/a	n/a	n/a	n/a	n/a	n/a	n/a	n/a	n/a	n/a	1498.696240	n/a
1500.231083	0.000000	300046	ttl	2	71	n/a	n/a	n/a	n/a	n/a	n/a	n/a	n/a	n/a	n/a	n/a	n/a	n/a	n/a	n/a	n/a	n/a	n/a	n/a	n/a	n/a	1500.231083	n/a
1501.892480	0.000000	300378	ttl	4	71	n/a	n/a	n/a	n/a	n/a	n/a	n/a	n/a	n/a	n/a	n/a	n/a	n/a	n/a	n/a	n/a	n/a	n/a	n/a	n/a	n/a	1501.892480	n/a
1501.896151	0.000000	300379	ttl	11	71	n/a	n/a	n/a	n/a	n/a	n/a	n/a	n/a	n/a	n/a	n/a	n/a	n/a	n/a	n/a	n/a	n/a	n/a	n/a	n/a	n/a	1501.896151	n/a
1502.396149	1.533913	300479	scene_recognition	n/a	n/a	n/a	71.0	n/a	n/a	n/a	1501.896151	n/a	1.904804960700858	1	1	3	NB_20_frameA.png	1	7	1505.83486675	1	82	n/a	n/a	intervals/recognition_table	81	1502.396149	1503.930062
1502.396149	0.000000	300479	ttl	1	71	n/a	n/a	n/a	n/a	n/a	n/a	n/a	n/a	n/a	n/a	n/a	n/a	n/a	n/a	n/a	n/a	n/a	n/a	n/a	n/a	n/a	1502.396149	n/a
1503.930062	0.000000	300786	ttl	2	71	n/a	n/a	n/a	n/a	n/a	n/a	n/a	n/a	n/a	n/a	n/a	n/a	n/a	n/a	n/a	n/a	n/a	n/a	n/a	n/a	n/a	1503.930062	n/a
1505.834867	0.000000	301167	ttl	4	71	n/a	n/a	n/a	n/a	n/a	n/a	n/a	n/a	n/a	n/a	n/a	n/a	n/a	n/a	n/a	n/a	n/a	n/a	n/a	n/a	n/a	1505.834867	n/a
1505.841089	0.000000	301168	ttl	11	71	n/a	n/a	n/a	n/a	n/a	n/a	n/a	n/a	n/a	n/a	n/a	n/a	n/a	n/a	n/a	n/a	n/a	n/a	n/a	n/a	n/a	1505.841089	n/a
1506.324334	1.534836	301265	scene_recognition	n/a	n/a	n/a	71.0	n/a	n/a	n/a	1505.8410892499999	n/a	2.2740850782211055	2	1	3	NB_17_frameA_foil.png	1	7	1510.1332547499999	0	83	n/a	n/a	intervals/recognition_table	82	1506.324334	1507.859170
1506.324334	0.000000	301265	ttl	1	71	n/a	n/a	n/a	n/a	n/a	n/a	n/a	n/a	n/a	n/a	n/a	n/a	n/a	n/a	n/a	n/a	n/a	n/a	n/a	n/a	n/a	1506.324334	n/a
1507.859170	0.000000	301572	ttl	2	71	n/a	n/a	n/a	n/a	n/a	n/a	n/a	n/a	n/a	n/a	n/a	n/a	n/a	n/a	n/a	n/a	n/a	n/a	n/a	n/a	n/a	1507.859170	n/a
1510.133255	0.000000	302027	ttl	4	71	n/a	n/a	n/a	n/a	n/a	n/a	n/a	n/a	n/a	n/a	n/a	n/a	n/a	n/a	n/a	n/a	n/a	n/a	n/a	n/a	n/a	1510.133255	n/a
1510.147677	0.000000	302030	ttl	11	71	n/a	n/a	n/a	n/a	n/a	n/a	n/a	n/a	n/a	n/a	n/a	n/a	n/a	n/a	n/a	n/a	n/a	n/a	n/a	n/a	n/a	1510.147677	n/a
1510.680850	1.534338	302136	scene_recognition	n/a	n/a	n/a	71.0	n/a	n/a	n/a	1510.1476774999999	n/a	1.9393738055077847	2	3	3	HB_2_frameA.png	2	2	1514.15456125	1	84	n/a	n/a	intervals/recognition_table	83	1510.680850	1512.215187
1510.680850	0.000000	302136	ttl	1	71	n/a	n/a	n/a	n/a	n/a	n/a	n/a	n/a	n/a	n/a	n/a	n/a	n/a	n/a	n/a	n/a	n/a	n/a	n/a	n/a	n/a	1510.680850	n/a
1512.215187	0.000000	302443	ttl	2	71	n/a	n/a	n/a	n/a	n/a	n/a	n/a	n/a	n/a	n/a	n/a	n/a	n/a	n/a	n/a	n/a	n/a	n/a	n/a	n/a	n/a	1512.215187	n/a
1514.154561	0.000000	302831	ttl	4	71	n/a	n/a	n/a	n/a	n/a	n/a	n/a	n/a	n/a	n/a	n/a	n/a	n/a	n/a	n/a	n/a	n/a	n/a	n/a	n/a	n/a	1514.154561	n/a
1514.165450	0.000000	302833	ttl	11	71	n/a	n/a	n/a	n/a	n/a	n/a	n/a	n/a	n/a	n/a	n/a	n/a	n/a	n/a	n/a	n/a	n/a	n/a	n/a	n/a	n/a	1514.165450	n/a
1514.615348	1.533923	302923	scene_recognition	n/a	n/a	n/a	71.0	n/a	n/a	n/a	1514.1654505	n/a	1.304190242983168	1	3	2	HB_2_frameA.png	1	6	1517.45346225	1	85	n/a	n/a	intervals/recognition_table	84	1514.615348	1516.149272
1514.615348	0.000000	302923	ttl	1	71	n/a	n/a	n/a	n/a	n/a	n/a	n/a	n/a	n/a	n/a	n/a	n/a	n/a	n/a	n/a	n/a	n/a	n/a	n/a	n/a	n/a	1514.615348	n/a
1516.149272	0.000000	303230	ttl	2	71	n/a	n/a	n/a	n/a	n/a	n/a	n/a	n/a	n/a	n/a	n/a	n/a	n/a	n/a	n/a	n/a	n/a	n/a	n/a	n/a	n/a	1516.149272	n/a
1517.453462	0.000000	303491	ttl	4	71	n/a	n/a	n/a	n/a	n/a	n/a	n/a	n/a	n/a	n/a	n/a	n/a	n/a	n/a	n/a	n/a	n/a	n/a	n/a	n/a	n/a	1517.453462	n/a
1517.463851	0.000000	303493	ttl	11	71	n/a	n/a	n/a	n/a	n/a	n/a	n/a	n/a	n/a	n/a	n/a	n/a	n/a	n/a	n/a	n/a	n/a	n/a	n/a	n/a	n/a	1517.463851	n/a
1517.997064	1.533603	303599	scene_recognition	n/a	n/a	n/a	71.0	n/a	n/a	n/a	1517.4638505	n/a	0.9684880145214265	2	3	3	HB_9_frameA.png	2	2	1520.4991552499998	1	86	n/a	n/a	intervals/recognition_table	85	1517.997064	1519.530667
1517.997064	0.000000	303599	ttl	1	71	n/a	n/a	n/a	n/a	n/a	n/a	n/a	n/a	n/a	n/a	n/a	n/a	n/a	n/a	n/a	n/a	n/a	n/a	n/a	n/a	n/a	1517.997064	n/a
1519.530667	0.000000	303906	ttl	2	71	n/a	n/a	n/a	n/a	n/a	n/a	n/a	n/a	n/a	n/a	n/a	n/a	n/a	n/a	n/a	n/a	n/a	n/a	n/a	n/a	n/a	1519.530667	n/a
1520.499155	0.000000	304100	ttl	4	71	n/a	n/a	n/a	n/a	n/a	n/a	n/a	n/a	n/a	n/a	n/a	n/a	n/a	n/a	n/a	n/a	n/a	n/a	n/a	n/a	n/a	1520.499155	n/a
1520.504194	0.000000	304101	ttl	11	71	n/a	n/a	n/a	n/a	n/a	n/a	n/a	n/a	n/a	n/a	n/a	n/a	n/a	n/a	n/a	n/a	n/a	n/a	n/a	n/a	n/a	1520.504194	n/a
1521.037421	1.533819	304207	scene_recognition	n/a	n/a	n/a	71.0	n/a	n/a	n/a	1520.5041939999999	n/a	0.7780687626582221	2	1	2	NB_30_frameB_foil.png	1	6	1523.349309	0	87	n/a	n/a	intervals/recognition_table	86	1521.037421	1522.571240
1521.037421	0.000000	304207	ttl	1	71	n/a	n/a	n/a	n/a	n/a	n/a	n/a	n/a	n/a	n/a	n/a	n/a	n/a	n/a	n/a	n/a	n/a	n/a	n/a	n/a	n/a	1521.037421	n/a
1522.571240	0.000000	304514	ttl	2	71	n/a	n/a	n/a	n/a	n/a	n/a	n/a	n/a	n/a	n/a	n/a	n/a	n/a	n/a	n/a	n/a	n/a	n/a	n/a	n/a	n/a	1522.571240	n/a
1523.349309	0.000000	304670	ttl	4	71	n/a	n/a	n/a	n/a	n/a	n/a	n/a	n/a	n/a	n/a	n/a	n/a	n/a	n/a	n/a	n/a	n/a	n/a	n/a	n/a	n/a	1523.349309	n/a
1523.364473	0.000000	304673	ttl	11	71	n/a	n/a	n/a	n/a	n/a	n/a	n/a	n/a	n/a	n/a	n/a	n/a	n/a	n/a	n/a	n/a	n/a	n/a	n/a	n/a	n/a	1523.364473	n/a
1523.914347	1.533658	304783	scene_recognition	n/a	n/a	n/a	71.0	n/a	n/a	n/a	1523.3644729999999	n/a	3.11420071041357	1	2	2	SB_4_frameA_foil.png	2	3	1528.5622055	0	88	n/a	n/a	intervals/recognition_table	87	1523.914347	1525.448005
1523.914347	0.000000	304783	ttl	1	71	n/a	n/a	n/a	n/a	n/a	n/a	n/a	n/a	n/a	n/a	n/a	n/a	n/a	n/a	n/a	n/a	n/a	n/a	n/a	n/a	n/a	1523.914347	n/a
1525.448005	0.000000	305090	ttl	2	71	n/a	n/a	n/a	n/a	n/a	n/a	n/a	n/a	n/a	n/a	n/a	n/a	n/a	n/a	n/a	n/a	n/a	n/a	n/a	n/a	n/a	1525.448005	n/a
1528.562205	0.000000	305712	ttl	4	71	n/a	n/a	n/a	n/a	n/a	n/a	n/a	n/a	n/a	n/a	n/a	n/a	n/a	n/a	n/a	n/a	n/a	n/a	n/a	n/a	n/a	1528.562205	n/a
1528.564241	0.000000	305713	ttl	11	71	n/a	n/a	n/a	n/a	n/a	n/a	n/a	n/a	n/a	n/a	n/a	n/a	n/a	n/a	n/a	n/a	n/a	n/a	n/a	n/a	n/a	1528.564241	n/a
1529.030837	1.534290	305806	scene_recognition	n/a	n/a	n/a	71.0	n/a	n/a	n/a	1528.564241	n/a	1.6944188623747323	2	1	2	NB_11_frameA_foil.png	1	6	1532.2595462499999	0	89	n/a	n/a	intervals/recognition_table	88	1529.030837	1530.565128
1529.030837	0.000000	305806	ttl	1	71	n/a	n/a	n/a	n/a	n/a	n/a	n/a	n/a	n/a	n/a	n/a	n/a	n/a	n/a	n/a	n/a	n/a	n/a	n/a	n/a	n/a	1529.030837	n/a
1530.565128	0.000000	306113	ttl	2	71	n/a	n/a	n/a	n/a	n/a	n/a	n/a	n/a	n/a	n/a	n/a	n/a	n/a	n/a	n/a	n/a	n/a	n/a	n/a	n/a	n/a	1530.565128	n/a
1532.259546	0.000000	306452	ttl	4	71	n/a	n/a	n/a	n/a	n/a	n/a	n/a	n/a	n/a	n/a	n/a	n/a	n/a	n/a	n/a	n/a	n/a	n/a	n/a	n/a	n/a	1532.259546	n/a
1532.267517	0.000000	306454	ttl	11	71	n/a	n/a	n/a	n/a	n/a	n/a	n/a	n/a	n/a	n/a	n/a	n/a	n/a	n/a	n/a	n/a	n/a	n/a	n/a	n/a	n/a	1532.267517	n/a
1532.767404	1.534078	306553	scene_recognition	n/a	n/a	n/a	71.0	n/a	n/a	n/a	1532.2675172499999	n/a	1.4578786593410769	2	1	3	NB_8_frameA.png	2	2	1535.7593605	1	90	n/a	n/a	intervals/recognition_table	89	1532.767404	1534.301482
1532.767404	0.000000	306553	ttl	1	71	n/a	n/a	n/a	n/a	n/a	n/a	n/a	n/a	n/a	n/a	n/a	n/a	n/a	n/a	n/a	n/a	n/a	n/a	n/a	n/a	n/a	1532.767404	n/a
1534.301482	0.000000	306860	ttl	2	71	n/a	n/a	n/a	n/a	n/a	n/a	n/a	n/a	n/a	n/a	n/a	n/a	n/a	n/a	n/a	n/a	n/a	n/a	n/a	n/a	n/a	1534.301482	n/a
1535.759360	0.000000	307152	ttl	4	71	n/a	n/a	n/a	n/a	n/a	n/a	n/a	n/a	n/a	n/a	n/a	n/a	n/a	n/a	n/a	n/a	n/a	n/a	n/a	n/a	n/a	1535.759360	n/a
1535.764550	0.000000	307153	ttl	11	71	n/a	n/a	n/a	n/a	n/a	n/a	n/a	n/a	n/a	n/a	n/a	n/a	n/a	n/a	n/a	n/a	n/a	n/a	n/a	n/a	n/a	1535.764550	n/a
1536.297773	1.533698	307260	scene_recognition	n/a	n/a	n/a	71.0	n/a	n/a	n/a	1535.7645499999999	n/a	1.9702232086710865	1	3	3	HB_2_frameB_foil.png	2	2	1539.801694	0	91	n/a	n/a	intervals/recognition_table	90	1536.297773	1537.831471
1536.297773	0.000000	307260	ttl	1	71	n/a	n/a	n/a	n/a	n/a	n/a	n/a	n/a	n/a	n/a	n/a	n/a	n/a	n/a	n/a	n/a	n/a	n/a	n/a	n/a	n/a	1536.297773	n/a
1537.831471	0.000000	307566	ttl	2	71	n/a	n/a	n/a	n/a	n/a	n/a	n/a	n/a	n/a	n/a	n/a	n/a	n/a	n/a	n/a	n/a	n/a	n/a	n/a	n/a	n/a	1537.831471	n/a
1539.801694	0.000000	307960	ttl	4	71	n/a	n/a	n/a	n/a	n/a	n/a	n/a	n/a	n/a	n/a	n/a	n/a	n/a	n/a	n/a	n/a	n/a	n/a	n/a	n/a	n/a	1539.801694	n/a
1539.819498	0.000000	307964	ttl	11	71	n/a	n/a	n/a	n/a	n/a	n/a	n/a	n/a	n/a	n/a	n/a	n/a	n/a	n/a	n/a	n/a	n/a	n/a	n/a	n/a	n/a	1539.819498	n/a
1540.336088	1.533764	308067	scene_recognition	n/a	n/a	n/a	71.0	n/a	n/a	n/a	1539.81949825	n/a	1.2575844728999073	1	1	2	NB_28_frameA.png	1	6	1543.12743675	1	92	n/a	n/a	intervals/recognition_table	91	1540.336088	1541.869852
1540.336088	0.000000	308067	ttl	1	71	n/a	n/a	n/a	n/a	n/a	n/a	n/a	n/a	n/a	n/a	n/a	n/a	n/a	n/a	n/a	n/a	n/a	n/a	n/a	n/a	n/a	1540.336088	n/a
1541.869852	0.000000	308374	ttl	2	71	n/a	n/a	n/a	n/a	n/a	n/a	n/a	n/a	n/a	n/a	n/a	n/a	n/a	n/a	n/a	n/a	n/a	n/a	n/a	n/a	n/a	1541.869852	n/a
1543.127437	0.000000	308625	ttl	4	71	n/a	n/a	n/a	n/a	n/a	n/a	n/a	n/a	n/a	n/a	n/a	n/a	n/a	n/a	n/a	n/a	n/a	n/a	n/a	n/a	n/a	1543.127437	n/a
1543.133961	0.000000	308627	ttl	11	71	n/a	n/a	n/a	n/a	n/a	n/a	n/a	n/a	n/a	n/a	n/a	n/a	n/a	n/a	n/a	n/a	n/a	n/a	n/a	n/a	n/a	1543.133961	n/a
1543.717176	1.533706	308743	scene_recognition	n/a	n/a	n/a	71.0	n/a	n/a	n/a	1543.133961	n/a	2.700959614739986	2	2	2	SB_8_frameB_foil.png	1	6	1547.9518415	0	93	n/a	n/a	intervals/recognition_table	92	1543.717176	1545.250882
1543.717176	0.000000	308743	ttl	1	71	n/a	n/a	n/a	n/a	n/a	n/a	n/a	n/a	n/a	n/a	n/a	n/a	n/a	n/a	n/a	n/a	n/a	n/a	n/a	n/a	n/a	1543.717176	n/a
1545.250882	0.000000	309050	ttl	2	71	n/a	n/a	n/a	n/a	n/a	n/a	n/a	n/a	n/a	n/a	n/a	n/a	n/a	n/a	n/a	n/a	n/a	n/a	n/a	n/a	n/a	1545.250882	n/a
1547.951842	0.000000	309590	ttl	4	71	n/a	n/a	n/a	n/a	n/a	n/a	n/a	n/a	n/a	n/a	n/a	n/a	n/a	n/a	n/a	n/a	n/a	n/a	n/a	n/a	n/a	1547.951842	n/a
1547.968683	0.000000	309594	ttl	11	71	n/a	n/a	n/a	n/a	n/a	n/a	n/a	n/a	n/a	n/a	n/a	n/a	n/a	n/a	n/a	n/a	n/a	n/a	n/a	n/a	n/a	1547.968683	n/a
1548.518569	1.535106	309704	scene_recognition	n/a	n/a	n/a	71.0	n/a	n/a	n/a	1547.96868325	n/a	0.8500074586918345	2	2	3	SB_2_frameA.png	2	2	1550.90368275	1	94	n/a	n/a	intervals/recognition_table	93	1548.518569	1550.053675
1548.518569	0.000000	309704	ttl	1	71	n/a	n/a	n/a	n/a	n/a	n/a	n/a	n/a	n/a	n/a	n/a	n/a	n/a	n/a	n/a	n/a	n/a	n/a	n/a	n/a	n/a	1548.518569	n/a
1550.053675	0.000000	310011	ttl	2	71	n/a	n/a	n/a	n/a	n/a	n/a	n/a	n/a	n/a	n/a	n/a	n/a	n/a	n/a	n/a	n/a	n/a	n/a	n/a	n/a	n/a	1550.053675	n/a
1550.903683	0.000000	310181	ttl	4	71	n/a	n/a	n/a	n/a	n/a	n/a	n/a	n/a	n/a	n/a	n/a	n/a	n/a	n/a	n/a	n/a	n/a	n/a	n/a	n/a	n/a	1550.903683	n/a
1550.917037	0.000000	310183	ttl	11	71	n/a	n/a	n/a	n/a	n/a	n/a	n/a	n/a	n/a	n/a	n/a	n/a	n/a	n/a	n/a	n/a	n/a	n/a	n/a	n/a	n/a	1550.917037	n/a
1551.466931	1.533845	310293	scene_recognition	n/a	n/a	n/a	71.0	n/a	n/a	n/a	1550.91703725	n/a	1.3705426150118	1	3	2	HB_3_frameB_foil.png	2	3	1554.37131875	0	95	n/a	n/a	intervals/recognition_table	94	1551.466931	1553.000776
1551.466931	0.000000	310293	ttl	1	71	n/a	n/a	n/a	n/a	n/a	n/a	n/a	n/a	n/a	n/a	n/a	n/a	n/a	n/a	n/a	n/a	n/a	n/a	n/a	n/a	n/a	1551.466931	n/a
1553.000776	0.000000	310600	ttl	2	71	n/a	n/a	n/a	n/a	n/a	n/a	n/a	n/a	n/a	n/a	n/a	n/a	n/a	n/a	n/a	n/a	n/a	n/a	n/a	n/a	n/a	1553.000776	n/a
1554.371319	0.000000	310874	ttl	4	71	n/a	n/a	n/a	n/a	n/a	n/a	n/a	n/a	n/a	n/a	n/a	n/a	n/a	n/a	n/a	n/a	n/a	n/a	n/a	n/a	n/a	1554.371319	n/a
1554.380594	0.000000	310876	ttl	11	71	n/a	n/a	n/a	n/a	n/a	n/a	n/a	n/a	n/a	n/a	n/a	n/a	n/a	n/a	n/a	n/a	n/a	n/a	n/a	n/a	n/a	1554.380594	n/a
1554.847153	1.533889	310969	scene_recognition	n/a	n/a	n/a	71.0	n/a	n/a	n/a	1554.38059375	n/a	1.8472178805604926	2	2	2	SB_4_frameA_foil.png	1	6	1558.22826075	0	96	n/a	n/a	intervals/recognition_table	95	1554.847153	1556.381043
1554.847153	0.000000	310969	ttl	1	71	n/a	n/a	n/a	n/a	n/a	n/a	n/a	n/a	n/a	n/a	n/a	n/a	n/a	n/a	n/a	n/a	n/a	n/a	n/a	n/a	n/a	1554.847153	n/a
1556.381043	0.000000	311276	ttl	2	71	n/a	n/a	n/a	n/a	n/a	n/a	n/a	n/a	n/a	n/a	n/a	n/a	n/a	n/a	n/a	n/a	n/a	n/a	n/a	n/a	n/a	1556.381043	n/a
1558.228261	0.000000	311646	ttl	4	71	n/a	n/a	n/a	n/a	n/a	n/a	n/a	n/a	n/a	n/a	n/a	n/a	n/a	n/a	n/a	n/a	n/a	n/a	n/a	n/a	n/a	1558.228261	n/a
1558.236766	0.000000	311647	ttl	11	71	n/a	n/a	n/a	n/a	n/a	n/a	n/a	n/a	n/a	n/a	n/a	n/a	n/a	n/a	n/a	n/a	n/a	n/a	n/a	n/a	n/a	1558.236766	n/a
1558.753329	1.534030	311751	scene_recognition	n/a	n/a	n/a	71.0	n/a	n/a	n/a	1558.2367665	n/a	0.965643929586804	1	1	2	NB_22_frameA.png	1	6	1561.2530024999999	1	97	n/a	n/a	intervals/recognition_table	96	1558.753329	1560.287358
1558.753329	0.000000	311751	ttl	1	71	n/a	n/a	n/a	n/a	n/a	n/a	n/a	n/a	n/a	n/a	n/a	n/a	n/a	n/a	n/a	n/a	n/a	n/a	n/a	n/a	n/a	1558.753329	n/a
1560.287358	0.000000	312057	ttl	2	71	n/a	n/a	n/a	n/a	n/a	n/a	n/a	n/a	n/a	n/a	n/a	n/a	n/a	n/a	n/a	n/a	n/a	n/a	n/a	n/a	n/a	1560.287358	n/a
1561.253002	0.000000	312251	ttl	4	71	n/a	n/a	n/a	n/a	n/a	n/a	n/a	n/a	n/a	n/a	n/a	n/a	n/a	n/a	n/a	n/a	n/a	n/a	n/a	n/a	n/a	1561.253002	n/a
1561.260532	0.000000	312252	ttl	11	71	n/a	n/a	n/a	n/a	n/a	n/a	n/a	n/a	n/a	n/a	n/a	n/a	n/a	n/a	n/a	n/a	n/a	n/a	n/a	n/a	n/a	1561.260532	n/a
1561.777073	1.533666	312355	scene_recognition	n/a	n/a	n/a	71.0	n/a	n/a	n/a	1561.2605322499999	n/a	0.3714494331579772	2	2	3	SB_5_frameA.png	2	2	1563.68218875	1	98	n/a	n/a	intervals/recognition_table	97	1561.777073	1563.310739
1561.777073	0.000000	312355	ttl	1	71	n/a	n/a	n/a	n/a	n/a	n/a	n/a	n/a	n/a	n/a	n/a	n/a	n/a	n/a	n/a	n/a	n/a	n/a	n/a	n/a	n/a	1561.777073	n/a
1563.310739	0.000000	312662	ttl	2	71	n/a	n/a	n/a	n/a	n/a	n/a	n/a	n/a	n/a	n/a	n/a	n/a	n/a	n/a	n/a	n/a	n/a	n/a	n/a	n/a	n/a	1563.310739	n/a
1563.682189	0.000000	312736	ttl	4	71	n/a	n/a	n/a	n/a	n/a	n/a	n/a	n/a	n/a	n/a	n/a	n/a	n/a	n/a	n/a	n/a	n/a	n/a	n/a	n/a	n/a	1563.682189	n/a
1563.692948	0.000000	312739	ttl	11	71	n/a	n/a	n/a	n/a	n/a	n/a	n/a	n/a	n/a	n/a	n/a	n/a	n/a	n/a	n/a	n/a	n/a	n/a	n/a	n/a	n/a	1563.692948	n/a
1564.176178	1.534747	312835	scene_recognition	n/a	n/a	n/a	71.0	n/a	n/a	n/a	1563.69294825	n/a	0.19736242472572485	2	2	2	SB_6_frameB.png	2	3	1565.9082872499998	1	99	n/a	n/a	intervals/recognition_table	98	1564.176178	1565.710925
1564.176178	0.000000	312835	ttl	1	71	n/a	n/a	n/a	n/a	n/a	n/a	n/a	n/a	n/a	n/a	n/a	n/a	n/a	n/a	n/a	n/a	n/a	n/a	n/a	n/a	n/a	1564.176178	n/a
1565.710925	0.000000	313142	ttl	2	71	n/a	n/a	n/a	n/a	n/a	n/a	n/a	n/a	n/a	n/a	n/a	n/a	n/a	n/a	n/a	n/a	n/a	n/a	n/a	n/a	n/a	1565.710925	n/a
1565.908287	0.000000	313182	ttl	4	71	n/a	n/a	n/a	n/a	n/a	n/a	n/a	n/a	n/a	n/a	n/a	n/a	n/a	n/a	n/a	n/a	n/a	n/a	n/a	n/a	n/a	1565.908287	n/a
1565.926013	0.000000	313185	ttl	11	71	n/a	n/a	n/a	n/a	n/a	n/a	n/a	n/a	n/a	n/a	n/a	n/a	n/a	n/a	n/a	n/a	n/a	n/a	n/a	n/a	n/a	1565.926013	n/a
1566.442569	1.534279	313289	scene_recognition	n/a	n/a	n/a	71.0	n/a	n/a	n/a	1565.926013	n/a	1.5521963467181195	1	3	2	HB_4_frameA_foil.png	2	3	1569.529045	0	100	n/a	n/a	intervals/recognition_table	99	1566.442569	1567.976849
1566.442569	0.000000	313289	ttl	1	71	n/a	n/a	n/a	n/a	n/a	n/a	n/a	n/a	n/a	n/a	n/a	n/a	n/a	n/a	n/a	n/a	n/a	n/a	n/a	n/a	n/a	1566.442569	n/a
1567.976849	0.000000	313595	ttl	2	71	n/a	n/a	n/a	n/a	n/a	n/a	n/a	n/a	n/a	n/a	n/a	n/a	n/a	n/a	n/a	n/a	n/a	n/a	n/a	n/a	n/a	1567.976849	n/a
1569.529045	0.000000	313906	ttl	4	71	n/a	n/a	n/a	n/a	n/a	n/a	n/a	n/a	n/a	n/a	n/a	n/a	n/a	n/a	n/a	n/a	n/a	n/a	n/a	n/a	n/a	1569.529045	n/a
1569.541084	0.000000	313908	ttl	11	71	n/a	n/a	n/a	n/a	n/a	n/a	n/a	n/a	n/a	n/a	n/a	n/a	n/a	n/a	n/a	n/a	n/a	n/a	n/a	n/a	n/a	1569.541084	n/a
1570.007650	1.533837	314002	scene_recognition	n/a	n/a	n/a	71.0	n/a	n/a	n/a	1569.54108425	n/a	1.0379004165806691	1	2	2	SB_9_frameB_foil.png	2	3	1572.57938825	0	101	n/a	n/a	intervals/recognition_table	100	1570.007650	1571.541488
1570.007650	0.000000	314002	ttl	1	71	n/a	n/a	n/a	n/a	n/a	n/a	n/a	n/a	n/a	n/a	n/a	n/a	n/a	n/a	n/a	n/a	n/a	n/a	n/a	n/a	n/a	1570.007650	n/a
1571.541488	0.000000	314308	ttl	2	71	n/a	n/a	n/a	n/a	n/a	n/a	n/a	n/a	n/a	n/a	n/a	n/a	n/a	n/a	n/a	n/a	n/a	n/a	n/a	n/a	n/a	1571.541488	n/a
1572.579388	0.000000	314516	ttl	4	71	n/a	n/a	n/a	n/a	n/a	n/a	n/a	n/a	n/a	n/a	n/a	n/a	n/a	n/a	n/a	n/a	n/a	n/a	n/a	n/a	n/a	1572.579388	n/a
1572.593265	0.000000	314519	ttl	11	71	n/a	n/a	n/a	n/a	n/a	n/a	n/a	n/a	n/a	n/a	n/a	n/a	n/a	n/a	n/a	n/a	n/a	n/a	n/a	n/a	n/a	1572.593265	n/a
1573.109837	1.535160	314622	scene_recognition	n/a	n/a	n/a	71.0	n/a	n/a	n/a	1572.593265	n/a	0.5236495906574419	2	2	3	SB_8_frameA.png	2	2	1575.1686467499999	1	102	n/a	n/a	intervals/recognition_table	101	1573.109837	1574.644997
1573.109837	0.000000	314622	ttl	1	71	n/a	n/a	n/a	n/a	n/a	n/a	n/a	n/a	n/a	n/a	n/a	n/a	n/a	n/a	n/a	n/a	n/a	n/a	n/a	n/a	n/a	1573.109837	n/a
1574.644997	0.000000	314929	ttl	2	71	n/a	n/a	n/a	n/a	n/a	n/a	n/a	n/a	n/a	n/a	n/a	n/a	n/a	n/a	n/a	n/a	n/a	n/a	n/a	n/a	n/a	1574.644997	n/a
1575.168647	0.000000	315034	ttl	4	71	n/a	n/a	n/a	n/a	n/a	n/a	n/a	n/a	n/a	n/a	n/a	n/a	n/a	n/a	n/a	n/a	n/a	n/a	n/a	n/a	n/a	1575.168647	n/a
1575.185796	0.000000	315037	ttl	11	71	n/a	n/a	n/a	n/a	n/a	n/a	n/a	n/a	n/a	n/a	n/a	n/a	n/a	n/a	n/a	n/a	n/a	n/a	n/a	n/a	n/a	1575.185796	n/a
1575.702354	1.534056	315140	scene_recognition	n/a	n/a	n/a	71.0	n/a	n/a	n/a	1575.18579575	n/a	0.8180254761900869	2	1	3	NB_2_frameA.png	2	2	1578.05443475	1	103	n/a	n/a	intervals/recognition_table	102	1575.702354	1577.236409
1575.702354	0.000000	315140	ttl	1	71	n/a	n/a	n/a	n/a	n/a	n/a	n/a	n/a	n/a	n/a	n/a	n/a	n/a	n/a	n/a	n/a	n/a	n/a	n/a	n/a	n/a	1575.702354	n/a
1577.236409	0.000000	315447	ttl	2	71	n/a	n/a	n/a	n/a	n/a	n/a	n/a	n/a	n/a	n/a	n/a	n/a	n/a	n/a	n/a	n/a	n/a	n/a	n/a	n/a	n/a	1577.236409	n/a
1578.054435	0.000000	315611	ttl	4	71	n/a	n/a	n/a	n/a	n/a	n/a	n/a	n/a	n/a	n/a	n/a	n/a	n/a	n/a	n/a	n/a	n/a	n/a	n/a	n/a	n/a	1578.054435	n/a
1578.064788	0.000000	315613	ttl	11	71	n/a	n/a	n/a	n/a	n/a	n/a	n/a	n/a	n/a	n/a	n/a	n/a	n/a	n/a	n/a	n/a	n/a	n/a	n/a	n/a	n/a	1578.064788	n/a
1578.564655	1.533975	315713	scene_recognition	n/a	n/a	n/a	71.0	n/a	n/a	n/a	1578.064788	n/a	0.3630034733287175	1	1	3	NB_5_frameB.png	1	7	1580.4616334999998	1	104	n/a	n/a	intervals/recognition_table	103	1578.564655	1580.098630
1578.564655	0.000000	315713	ttl	1	71	n/a	n/a	n/a	n/a	n/a	n/a	n/a	n/a	n/a	n/a	n/a	n/a	n/a	n/a	n/a	n/a	n/a	n/a	n/a	n/a	n/a	1578.564655	n/a
1580.098630	0.000000	316020	ttl	2	71	n/a	n/a	n/a	n/a	n/a	n/a	n/a	n/a	n/a	n/a	n/a	n/a	n/a	n/a	n/a	n/a	n/a	n/a	n/a	n/a	n/a	1580.098630	n/a
1580.461633	0.000000	316092	ttl	4	71	n/a	n/a	n/a	n/a	n/a	n/a	n/a	n/a	n/a	n/a	n/a	n/a	n/a	n/a	n/a	n/a	n/a	n/a	n/a	n/a	n/a	1580.461633	n/a
1580.468439	0.000000	316094	ttl	11	71	n/a	n/a	n/a	n/a	n/a	n/a	n/a	n/a	n/a	n/a	n/a	n/a	n/a	n/a	n/a	n/a	n/a	n/a	n/a	n/a	n/a	1580.468439	n/a
1580.918315	1.534970	316184	scene_recognition	n/a	n/a	n/a	71.0	n/a	n/a	n/a	1580.4684392499998	n/a	0.9970874542123056	2	1	3	NB_14_frameB_foil.png	1	7	1583.4503727499998	0	105	n/a	n/a	intervals/recognition_table	104	1580.918315	1582.453285
1580.918315	0.000000	316184	ttl	1	71	n/a	n/a	n/a	n/a	n/a	n/a	n/a	n/a	n/a	n/a	n/a	n/a	n/a	n/a	n/a	n/a	n/a	n/a	n/a	n/a	n/a	1580.918315	n/a
1582.453285	0.000000	316491	ttl	2	71	n/a	n/a	n/a	n/a	n/a	n/a	n/a	n/a	n/a	n/a	n/a	n/a	n/a	n/a	n/a	n/a	n/a	n/a	n/a	n/a	n/a	1582.453285	n/a
1583.450373	0.000000	316690	ttl	4	71	n/a	n/a	n/a	n/a	n/a	n/a	n/a	n/a	n/a	n/a	n/a	n/a	n/a	n/a	n/a	n/a	n/a	n/a	n/a	n/a	n/a	1583.450373	n/a
1583.467022	0.000000	316693	ttl	11	71	n/a	n/a	n/a	n/a	n/a	n/a	n/a	n/a	n/a	n/a	n/a	n/a	n/a	n/a	n/a	n/a	n/a	n/a	n/a	n/a	n/a	1583.467022	n/a
1584.033589	1.535095	316807	scene_recognition	n/a	n/a	n/a	71.0	n/a	n/a	n/a	1583.4670225	n/a	4.030100907082669	2	2	3	SB_1_frameA_foil.png	1	7	1589.598785	0	106	n/a	n/a	intervals/recognition_table	105	1584.033589	1585.568684
1584.033589	0.000000	316807	ttl	1	71	n/a	n/a	n/a	n/a	n/a	n/a	n/a	n/a	n/a	n/a	n/a	n/a	n/a	n/a	n/a	n/a	n/a	n/a	n/a	n/a	n/a	1584.033589	n/a
1585.568684	0.000000	317114	ttl	2	71	n/a	n/a	n/a	n/a	n/a	n/a	n/a	n/a	n/a	n/a	n/a	n/a	n/a	n/a	n/a	n/a	n/a	n/a	n/a	n/a	n/a	1585.568684	n/a
1589.598785	0.000000	317920	ttl	4	71	n/a	n/a	n/a	n/a	n/a	n/a	n/a	n/a	n/a	n/a	n/a	n/a	n/a	n/a	n/a	n/a	n/a	n/a	n/a	n/a	n/a	1589.598785	n/a
1589.604708	0.000000	317921	ttl	11	71	n/a	n/a	n/a	n/a	n/a	n/a	n/a	n/a	n/a	n/a	n/a	n/a	n/a	n/a	n/a	n/a	n/a	n/a	n/a	n/a	n/a	1589.604708	n/a
1590.071283	1.534651	318014	scene_recognition	n/a	n/a	n/a	71.0	n/a	n/a	n/a	1589.60470775	n/a	1.9345149231521646	1	3	2	HB_7_frameB_foil.png	2	3	1593.54044875	0	107	n/a	n/a	intervals/recognition_table	106	1590.071283	1591.605934
1590.071283	0.000000	318014	ttl	1	71	n/a	n/a	n/a	n/a	n/a	n/a	n/a	n/a	n/a	n/a	n/a	n/a	n/a	n/a	n/a	n/a	n/a	n/a	n/a	n/a	n/a	1590.071283	n/a
1591.605934	0.000000	318321	ttl	2	71	n/a	n/a	n/a	n/a	n/a	n/a	n/a	n/a	n/a	n/a	n/a	n/a	n/a	n/a	n/a	n/a	n/a	n/a	n/a	n/a	n/a	1591.605934	n/a
1593.540449	0.000000	318708	ttl	4	71	n/a	n/a	n/a	n/a	n/a	n/a	n/a	n/a	n/a	n/a	n/a	n/a	n/a	n/a	n/a	n/a	n/a	n/a	n/a	n/a	n/a	1593.540449	n/a
1593.544966	0.000000	318709	ttl	11	71	n/a	n/a	n/a	n/a	n/a	n/a	n/a	n/a	n/a	n/a	n/a	n/a	n/a	n/a	n/a	n/a	n/a	n/a	n/a	n/a	n/a	1593.544966	n/a
1594.028172	1.535351	318806	scene_recognition	n/a	n/a	n/a	71.0	n/a	n/a	n/a	1593.5449657499998	n/a	0.5771030689284089	2	1	3	NB_7_frameA_foil.png	1	7	1596.1406259999999	0	108	n/a	n/a	intervals/recognition_table	107	1594.028172	1595.563523
1594.028172	0.000000	318806	ttl	1	71	n/a	n/a	n/a	n/a	n/a	n/a	n/a	n/a	n/a	n/a	n/a	n/a	n/a	n/a	n/a	n/a	n/a	n/a	n/a	n/a	n/a	1594.028172	n/a
1595.563523	0.000000	319113	ttl	2	71	n/a	n/a	n/a	n/a	n/a	n/a	n/a	n/a	n/a	n/a	n/a	n/a	n/a	n/a	n/a	n/a	n/a	n/a	n/a	n/a	n/a	1595.563523	n/a
1596.140626	0.000000	319228	ttl	4	71	n/a	n/a	n/a	n/a	n/a	n/a	n/a	n/a	n/a	n/a	n/a	n/a	n/a	n/a	n/a	n/a	n/a	n/a	n/a	n/a	n/a	1596.140626	n/a
1596.146669	0.000000	319229	ttl	11	71	n/a	n/a	n/a	n/a	n/a	n/a	n/a	n/a	n/a	n/a	n/a	n/a	n/a	n/a	n/a	n/a	n/a	n/a	n/a	n/a	n/a	1596.146669	n/a
1596.613202	1.534695	319323	scene_recognition	n/a	n/a	n/a	71.0	n/a	n/a	n/a	1596.1466685	n/a	1.3724666256457567	2	1	3	NB_25_frameB.png	2	2	1599.52036375	1	109	n/a	n/a	intervals/recognition_table	108	1596.613202	1598.147897
1596.613202	0.000000	319323	ttl	1	71	n/a	n/a	n/a	n/a	n/a	n/a	n/a	n/a	n/a	n/a	n/a	n/a	n/a	n/a	n/a	n/a	n/a	n/a	n/a	n/a	n/a	1596.613202	n/a
1598.147897	0.000000	319630	ttl	2	71	n/a	n/a	n/a	n/a	n/a	n/a	n/a	n/a	n/a	n/a	n/a	n/a	n/a	n/a	n/a	n/a	n/a	n/a	n/a	n/a	n/a	1598.147897	n/a
1599.520364	0.000000	319904	ttl	4	71	n/a	n/a	n/a	n/a	n/a	n/a	n/a	n/a	n/a	n/a	n/a	n/a	n/a	n/a	n/a	n/a	n/a	n/a	n/a	n/a	n/a	1599.520364	n/a
1599.525784	0.000000	319905	ttl	11	71	n/a	n/a	n/a	n/a	n/a	n/a	n/a	n/a	n/a	n/a	n/a	n/a	n/a	n/a	n/a	n/a	n/a	n/a	n/a	n/a	n/a	1599.525784	n/a
1600.075675	1.534301	320015	scene_recognition	n/a	n/a	n/a	71.0	n/a	n/a	n/a	1599.52578425	n/a	2.0445948575943476	2	2	3	SB_8_frameA_foil.png	1	7	1603.6545715	0	110	n/a	n/a	intervals/recognition_table	109	1600.075675	1601.609976
1600.075675	0.000000	320015	ttl	1	71	n/a	n/a	n/a	n/a	n/a	n/a	n/a	n/a	n/a	n/a	n/a	n/a	n/a	n/a	n/a	n/a	n/a	n/a	n/a	n/a	n/a	1600.075675	n/a
1601.609976	0.000000	320322	ttl	2	71	n/a	n/a	n/a	n/a	n/a	n/a	n/a	n/a	n/a	n/a	n/a	n/a	n/a	n/a	n/a	n/a	n/a	n/a	n/a	n/a	n/a	1601.609976	n/a
1603.654571	0.000000	320731	ttl	4	71	n/a	n/a	n/a	n/a	n/a	n/a	n/a	n/a	n/a	n/a	n/a	n/a	n/a	n/a	n/a	n/a	n/a	n/a	n/a	n/a	n/a	1603.654571	n/a
1603.670312	0.000000	320734	ttl	11	71	n/a	n/a	n/a	n/a	n/a	n/a	n/a	n/a	n/a	n/a	n/a	n/a	n/a	n/a	n/a	n/a	n/a	n/a	n/a	n/a	n/a	1603.670312	n/a
1604.153541	1.534242	320831	scene_recognition	n/a	n/a	n/a	71.0	n/a	n/a	n/a	1603.6703125	n/a	2.8223002092854585	2	1	3	NB_1_frameB.png	2	2	1608.510083	1	111	n/a	n/a	intervals/recognition_table	110	1604.153541	1605.687783
1604.153541	0.000000	320831	ttl	1	71	n/a	n/a	n/a	n/a	n/a	n/a	n/a	n/a	n/a	n/a	n/a	n/a	n/a	n/a	n/a	n/a	n/a	n/a	n/a	n/a	n/a	1604.153541	n/a
1605.687783	0.000000	321138	ttl	2	71	n/a	n/a	n/a	n/a	n/a	n/a	n/a	n/a	n/a	n/a	n/a	n/a	n/a	n/a	n/a	n/a	n/a	n/a	n/a	n/a	n/a	1605.687783	n/a
1608.510083	0.000000	321702	ttl	4	71	n/a	n/a	n/a	n/a	n/a	n/a	n/a	n/a	n/a	n/a	n/a	n/a	n/a	n/a	n/a	n/a	n/a	n/a	n/a	n/a	n/a	1608.510083	n/a
1608.526945	0.000000	321705	ttl	11	71	n/a	n/a	n/a	n/a	n/a	n/a	n/a	n/a	n/a	n/a	n/a	n/a	n/a	n/a	n/a	n/a	n/a	n/a	n/a	n/a	n/a	1608.526945	n/a
1608.993533	1.534813	321799	scene_recognition	n/a	n/a	n/a	71.0	n/a	n/a	n/a	1608.52694525	n/a	1.1474010936217383	1	1	3	NB_4_frameB_foil.png	2	2	1611.67574675	0	112	n/a	n/a	intervals/recognition_table	111	1608.993533	1610.528346
1608.993533	0.000000	321799	ttl	1	71	n/a	n/a	n/a	n/a	n/a	n/a	n/a	n/a	n/a	n/a	n/a	n/a	n/a	n/a	n/a	n/a	n/a	n/a	n/a	n/a	n/a	1608.993533	n/a
1610.528346	0.000000	322106	ttl	2	71	n/a	n/a	n/a	n/a	n/a	n/a	n/a	n/a	n/a	n/a	n/a	n/a	n/a	n/a	n/a	n/a	n/a	n/a	n/a	n/a	n/a	1610.528346	n/a
1611.675747	0.000000	322335	ttl	4	71	n/a	n/a	n/a	n/a	n/a	n/a	n/a	n/a	n/a	n/a	n/a	n/a	n/a	n/a	n/a	n/a	n/a	n/a	n/a	n/a	n/a	1611.675747	n/a
1611.685397	0.000000	322337	ttl	11	71	n/a	n/a	n/a	n/a	n/a	n/a	n/a	n/a	n/a	n/a	n/a	n/a	n/a	n/a	n/a	n/a	n/a	n/a	n/a	n/a	n/a	1611.685397	n/a
1612.151921	1.535024	322430	scene_recognition	n/a	n/a	n/a	71.0	n/a	n/a	n/a	1611.6853972499998	n/a	0.22868181692319922	2	2	3	SB_3_frameB.png	2	2	1613.91562675	1	113	n/a	n/a	intervals/recognition_table	112	1612.151921	1613.686945
1612.151921	0.000000	322430	ttl	1	71	n/a	n/a	n/a	n/a	n/a	n/a	n/a	n/a	n/a	n/a	n/a	n/a	n/a	n/a	n/a	n/a	n/a	n/a	n/a	n/a	n/a	1612.151921	n/a
1613.686945	0.000000	322737	ttl	2	71	n/a	n/a	n/a	n/a	n/a	n/a	n/a	n/a	n/a	n/a	n/a	n/a	n/a	n/a	n/a	n/a	n/a	n/a	n/a	n/a	n/a	1613.686945	n/a
1613.915627	0.000000	322783	ttl	4	71	n/a	n/a	n/a	n/a	n/a	n/a	n/a	n/a	n/a	n/a	n/a	n/a	n/a	n/a	n/a	n/a	n/a	n/a	n/a	n/a	n/a	1613.915627	n/a
1613.921165	0.000000	322784	ttl	11	71	n/a	n/a	n/a	n/a	n/a	n/a	n/a	n/a	n/a	n/a	n/a	n/a	n/a	n/a	n/a	n/a	n/a	n/a	n/a	n/a	n/a	1613.921165	n/a
1614.387738	1.534032	322878	scene_recognition	n/a	n/a	n/a	71.0	n/a	n/a	n/a	1613.92116475	n/a	2.2883312956691952	2	1	3	NB_4_frameA.png	2	2	1618.21010125	1	114	n/a	n/a	intervals/recognition_table	113	1614.387738	1615.921770
1614.387738	0.000000	322878	ttl	1	71	n/a	n/a	n/a	n/a	n/a	n/a	n/a	n/a	n/a	n/a	n/a	n/a	n/a	n/a	n/a	n/a	n/a	n/a	n/a	n/a	n/a	1614.387738	n/a
1615.921770	0.000000	323184	ttl	2	71	n/a	n/a	n/a	n/a	n/a	n/a	n/a	n/a	n/a	n/a	n/a	n/a	n/a	n/a	n/a	n/a	n/a	n/a	n/a	n/a	n/a	1615.921770	n/a
1618.210101	0.000000	323642	ttl	4	71	n/a	n/a	n/a	n/a	n/a	n/a	n/a	n/a	n/a	n/a	n/a	n/a	n/a	n/a	n/a	n/a	n/a	n/a	n/a	n/a	n/a	1618.210101	n/a
1618.226247	0.000000	323645	ttl	11	71	n/a	n/a	n/a	n/a	n/a	n/a	n/a	n/a	n/a	n/a	n/a	n/a	n/a	n/a	n/a	n/a	n/a	n/a	n/a	n/a	n/a	1618.226247	n/a
1618.776135	1.533750	323755	scene_recognition	n/a	n/a	n/a	71.0	n/a	n/a	n/a	1618.2262475	n/a	2.1734518665034557	2	3	2	HB_4_frameA_foil.png	1	6	1622.4833365	0	115	n/a	n/a	intervals/recognition_table	114	1618.776135	1620.309884
1618.776135	0.000000	323755	ttl	1	71	n/a	n/a	n/a	n/a	n/a	n/a	n/a	n/a	n/a	n/a	n/a	n/a	n/a	n/a	n/a	n/a	n/a	n/a	n/a	n/a	n/a	1618.776135	n/a
1620.309884	0.000000	324062	ttl	2	71	n/a	n/a	n/a	n/a	n/a	n/a	n/a	n/a	n/a	n/a	n/a	n/a	n/a	n/a	n/a	n/a	n/a	n/a	n/a	n/a	n/a	1620.309884	n/a
1622.483336	0.000000	324497	ttl	4	71	n/a	n/a	n/a	n/a	n/a	n/a	n/a	n/a	n/a	n/a	n/a	n/a	n/a	n/a	n/a	n/a	n/a	n/a	n/a	n/a	n/a	1622.483336	n/a
1622.492947	0.000000	324499	ttl	11	71	n/a	n/a	n/a	n/a	n/a	n/a	n/a	n/a	n/a	n/a	n/a	n/a	n/a	n/a	n/a	n/a	n/a	n/a	n/a	n/a	n/a	1622.492947	n/a
1622.976191	1.534016	324595	scene_recognition	n/a	n/a	n/a	71.0	n/a	n/a	n/a	1622.4929465	n/a	1.8531019710135297	2	1	2	NB_26_frameB_foil.png	1	6	1626.3633089999998	0	116	n/a	n/a	intervals/recognition_table	115	1622.976191	1624.510207
1622.976191	0.000000	324595	ttl	1	71	n/a	n/a	n/a	n/a	n/a	n/a	n/a	n/a	n/a	n/a	n/a	n/a	n/a	n/a	n/a	n/a	n/a	n/a	n/a	n/a	n/a	1622.976191	n/a
1624.510207	0.000000	324902	ttl	2	71	n/a	n/a	n/a	n/a	n/a	n/a	n/a	n/a	n/a	n/a	n/a	n/a	n/a	n/a	n/a	n/a	n/a	n/a	n/a	n/a	n/a	1624.510207	n/a
1626.363309	0.000000	325273	ttl	4	71	n/a	n/a	n/a	n/a	n/a	n/a	n/a	n/a	n/a	n/a	n/a	n/a	n/a	n/a	n/a	n/a	n/a	n/a	n/a	n/a	n/a	1626.363309	n/a
1626.370861	0.000000	325274	ttl	11	71	n/a	n/a	n/a	n/a	n/a	n/a	n/a	n/a	n/a	n/a	n/a	n/a	n/a	n/a	n/a	n/a	n/a	n/a	n/a	n/a	n/a	1626.370861	n/a
1626.937416	1.534535	325387	scene_recognition	n/a	n/a	n/a	71.0	n/a	n/a	n/a	1626.37086125	n/a	1.311972146439075	2	2	3	SB_2_frameA.png	2	2	1629.7839227499999	1	117	n/a	n/a	intervals/recognition_table	116	1626.937416	1628.471951
1626.937416	0.000000	325387	ttl	1	71	n/a	n/a	n/a	n/a	n/a	n/a	n/a	n/a	n/a	n/a	n/a	n/a	n/a	n/a	n/a	n/a	n/a	n/a	n/a	n/a	n/a	1626.937416	n/a
1628.471951	0.000000	325694	ttl	2	71	n/a	n/a	n/a	n/a	n/a	n/a	n/a	n/a	n/a	n/a	n/a	n/a	n/a	n/a	n/a	n/a	n/a	n/a	n/a	n/a	n/a	1628.471951	n/a
1629.783923	0.000000	325957	ttl	4	71	n/a	n/a	n/a	n/a	n/a	n/a	n/a	n/a	n/a	n/a	n/a	n/a	n/a	n/a	n/a	n/a	n/a	n/a	n/a	n/a	n/a	1629.783923	n/a
1629.798584	0.000000	325960	ttl	11	71	n/a	n/a	n/a	n/a	n/a	n/a	n/a	n/a	n/a	n/a	n/a	n/a	n/a	n/a	n/a	n/a	n/a	n/a	n/a	n/a	n/a	1629.798584	n/a
1630.315153	1.534288	326063	scene_recognition	n/a	n/a	n/a	71.0	n/a	n/a	n/a	1629.7985844999998	n/a	2.6994299558136845	1	2	3	SB_2_frameB_foil.png	2	2	1634.5488707499999	0	118	n/a	n/a	intervals/recognition_table	117	1630.315153	1631.849441
1630.315153	0.000000	326063	ttl	1	71	n/a	n/a	n/a	n/a	n/a	n/a	n/a	n/a	n/a	n/a	n/a	n/a	n/a	n/a	n/a	n/a	n/a	n/a	n/a	n/a	n/a	1630.315153	n/a
1631.849441	0.000000	326370	ttl	2	71	n/a	n/a	n/a	n/a	n/a	n/a	n/a	n/a	n/a	n/a	n/a	n/a	n/a	n/a	n/a	n/a	n/a	n/a	n/a	n/a	n/a	1631.849441	n/a
1634.548871	0.000000	326910	ttl	4	71	n/a	n/a	n/a	n/a	n/a	n/a	n/a	n/a	n/a	n/a	n/a	n/a	n/a	n/a	n/a	n/a	n/a	n/a	n/a	n/a	n/a	1634.548871	n/a
1634.553293	0.000000	326911	ttl	11	71	n/a	n/a	n/a	n/a	n/a	n/a	n/a	n/a	n/a	n/a	n/a	n/a	n/a	n/a	n/a	n/a	n/a	n/a	n/a	n/a	n/a	1634.553293	n/a
1635.069856	1.534698	327014	scene_recognition	n/a	n/a	n/a	71.0	n/a	n/a	n/a	1634.553293	n/a	1.2724360185675323	2	3	3	HB_2_frameA.png	2	2	1637.8769895	1	119	n/a	n/a	intervals/recognition_table	118	1635.069856	1636.604553
1635.069856	0.000000	327014	ttl	1	71	n/a	n/a	n/a	n/a	n/a	n/a	n/a	n/a	n/a	n/a	n/a	n/a	n/a	n/a	n/a	n/a	n/a	n/a	n/a	n/a	n/a	1635.069856	n/a
1636.604553	0.000000	327321	ttl	2	71	n/a	n/a	n/a	n/a	n/a	n/a	n/a	n/a	n/a	n/a	n/a	n/a	n/a	n/a	n/a	n/a	n/a	n/a	n/a	n/a	n/a	1636.604553	n/a
1637.876990	0.000000	327575	ttl	4	71	n/a	n/a	n/a	n/a	n/a	n/a	n/a	n/a	n/a	n/a	n/a	n/a	n/a	n/a	n/a	n/a	n/a	n/a	n/a	n/a	n/a	1637.876990	n/a
1637.882880	0.000000	327577	ttl	11	71	n/a	n/a	n/a	n/a	n/a	n/a	n/a	n/a	n/a	n/a	n/a	n/a	n/a	n/a	n/a	n/a	n/a	n/a	n/a	n/a	n/a	1637.882880	n/a
1638.416098	1.535018	327683	scene_recognition	n/a	n/a	n/a	71.0	n/a	n/a	n/a	1637.8828804999998	n/a	0.704146512063744	2	3	2	HB_8_frameA_foil.png	1	6	1640.65526275	0	120	n/a	n/a	intervals/recognition_table	119	1638.416098	1639.951116
1638.416098	0.000000	327683	ttl	1	71	n/a	n/a	n/a	n/a	n/a	n/a	n/a	n/a	n/a	n/a	n/a	n/a	n/a	n/a	n/a	n/a	n/a	n/a	n/a	n/a	n/a	1638.416098	n/a
1639.951116	0.000000	327990	ttl	2	71	n/a	n/a	n/a	n/a	n/a	n/a	n/a	n/a	n/a	n/a	n/a	n/a	n/a	n/a	n/a	n/a	n/a	n/a	n/a	n/a	n/a	1639.951116	n/a
1640.655263	0.000000	328131	ttl	4	71	n/a	n/a	n/a	n/a	n/a	n/a	n/a	n/a	n/a	n/a	n/a	n/a	n/a	n/a	n/a	n/a	n/a	n/a	n/a	n/a	n/a	1640.655263	n/a
1640.668683	0.000000	328134	ttl	11	71	n/a	n/a	n/a	n/a	n/a	n/a	n/a	n/a	n/a	n/a	n/a	n/a	n/a	n/a	n/a	n/a	n/a	n/a	n/a	n/a	n/a	1640.668683	n/a
1641.151909	1.534255	328230	scene_recognition	n/a	n/a	n/a	71.0	n/a	n/a	n/a	1640.66868325	n/a	1.8010088323644595	2	3	2	HB_9_frameB_foil.png	1	6	1644.4871732499998	0	121	n/a	n/a	intervals/recognition_table	120	1641.151909	1642.686164
1641.151909	0.000000	328230	ttl	1	71	n/a	n/a	n/a	n/a	n/a	n/a	n/a	n/a	n/a	n/a	n/a	n/a	n/a	n/a	n/a	n/a	n/a	n/a	n/a	n/a	n/a	1641.151909	n/a
1642.686164	0.000000	328537	ttl	2	71	n/a	n/a	n/a	n/a	n/a	n/a	n/a	n/a	n/a	n/a	n/a	n/a	n/a	n/a	n/a	n/a	n/a	n/a	n/a	n/a	n/a	1642.686164	n/a
1644.487173	0.000000	328897	ttl	4	71	n/a	n/a	n/a	n/a	n/a	n/a	n/a	n/a	n/a	n/a	n/a	n/a	n/a	n/a	n/a	n/a	n/a	n/a	n/a	n/a	n/a	1644.487173	n/a
1644.496333	0.000000	328899	ttl	11	71	n/a	n/a	n/a	n/a	n/a	n/a	n/a	n/a	n/a	n/a	n/a	n/a	n/a	n/a	n/a	n/a	n/a	n/a	n/a	n/a	n/a	1644.496333	n/a
1645.012889	1.534623	329003	scene_recognition	n/a	n/a	n/a	71.0	n/a	n/a	n/a	1644.49633325	n/a	1.0727942953817546	2	2	2	SB_1_frameA_foil.png	1	6	1647.6203065	0	122	n/a	n/a	intervals/recognition_table	121	1645.012889	1646.547512
1645.012889	0.000000	329003	ttl	1	71	n/a	n/a	n/a	n/a	n/a	n/a	n/a	n/a	n/a	n/a	n/a	n/a	n/a	n/a	n/a	n/a	n/a	n/a	n/a	n/a	n/a	1645.012889	n/a
1646.547512	0.000000	329310	ttl	2	71	n/a	n/a	n/a	n/a	n/a	n/a	n/a	n/a	n/a	n/a	n/a	n/a	n/a	n/a	n/a	n/a	n/a	n/a	n/a	n/a	n/a	1646.547512	n/a
1647.620306	0.000000	329524	ttl	4	71	n/a	n/a	n/a	n/a	n/a	n/a	n/a	n/a	n/a	n/a	n/a	n/a	n/a	n/a	n/a	n/a	n/a	n/a	n/a	n/a	n/a	1647.620306	n/a
1647.623715	0.000000	329525	ttl	11	71	n/a	n/a	n/a	n/a	n/a	n/a	n/a	n/a	n/a	n/a	n/a	n/a	n/a	n/a	n/a	n/a	n/a	n/a	n/a	n/a	n/a	1647.623715	n/a
1648.106896	1.533820	329621	scene_recognition	n/a	n/a	n/a	71.0	n/a	n/a	n/a	1647.6237145	n/a	2.4942545422454714	1	3	2	HB_1_frameB.png	1	6	1652.13497125	1	123	n/a	n/a	intervals/recognition_table	122	1648.106896	1649.640717
1648.106896	0.000000	329621	ttl	1	71	n/a	n/a	n/a	n/a	n/a	n/a	n/a	n/a	n/a	n/a	n/a	n/a	n/a	n/a	n/a	n/a	n/a	n/a	n/a	n/a	n/a	1648.106896	n/a
1649.640717	0.000000	329928	ttl	2	71	n/a	n/a	n/a	n/a	n/a	n/a	n/a	n/a	n/a	n/a	n/a	n/a	n/a	n/a	n/a	n/a	n/a	n/a	n/a	n/a	n/a	1649.640717	n/a
1652.134971	0.000000	330427	ttl	4	71	n/a	n/a	n/a	n/a	n/a	n/a	n/a	n/a	n/a	n/a	n/a	n/a	n/a	n/a	n/a	n/a	n/a	n/a	n/a	n/a	n/a	1652.134971	n/a
1652.140736	0.000000	330428	ttl	11	71	n/a	n/a	n/a	n/a	n/a	n/a	n/a	n/a	n/a	n/a	n/a	n/a	n/a	n/a	n/a	n/a	n/a	n/a	n/a	n/a	n/a	1652.140736	n/a
1652.657299	1.534208	330531	scene_recognition	n/a	n/a	n/a	71.0	n/a	n/a	n/a	1652.14073625	n/a	0.9810420789508498	1	3	2	HB_4_frameA.png	1	6	1655.17254875	1	124	n/a	n/a	intervals/recognition_table	123	1652.657299	1654.191507
1652.657299	0.000000	330531	ttl	1	71	n/a	n/a	n/a	n/a	n/a	n/a	n/a	n/a	n/a	n/a	n/a	n/a	n/a	n/a	n/a	n/a	n/a	n/a	n/a	n/a	n/a	1652.657299	n/a
1654.191507	0.000000	330838	ttl	2	71	n/a	n/a	n/a	n/a	n/a	n/a	n/a	n/a	n/a	n/a	n/a	n/a	n/a	n/a	n/a	n/a	n/a	n/a	n/a	n/a	n/a	1654.191507	n/a
1655.172549	0.000000	331035	ttl	4	71	n/a	n/a	n/a	n/a	n/a	n/a	n/a	n/a	n/a	n/a	n/a	n/a	n/a	n/a	n/a	n/a	n/a	n/a	n/a	n/a	n/a	1655.172549	n/a
1655.177031	0.000000	331035	ttl	11	71	n/a	n/a	n/a	n/a	n/a	n/a	n/a	n/a	n/a	n/a	n/a	n/a	n/a	n/a	n/a	n/a	n/a	n/a	n/a	n/a	n/a	1655.177031	n/a
1655.626908	1.533991	331125	scene_recognition	n/a	n/a	n/a	71.0	n/a	n/a	n/a	1655.1770305	n/a	2.629246491691447	2	1	3	NB_13_frameB.png	2	2	1659.7901447499999	1	125	n/a	n/a	intervals/recognition_table	124	1655.626908	1657.160898
1655.626908	0.000000	331125	ttl	1	71	n/a	n/a	n/a	n/a	n/a	n/a	n/a	n/a	n/a	n/a	n/a	n/a	n/a	n/a	n/a	n/a	n/a	n/a	n/a	n/a	n/a	1655.626908	n/a
1657.160898	0.000000	331432	ttl	2	71	n/a	n/a	n/a	n/a	n/a	n/a	n/a	n/a	n/a	n/a	n/a	n/a	n/a	n/a	n/a	n/a	n/a	n/a	n/a	n/a	n/a	1657.160898	n/a
1659.790145	0.000000	331958	ttl	4	71	n/a	n/a	n/a	n/a	n/a	n/a	n/a	n/a	n/a	n/a	n/a	n/a	n/a	n/a	n/a	n/a	n/a	n/a	n/a	n/a	n/a	1659.790145	n/a
1659.802608	0.000000	331961	ttl	11	71	n/a	n/a	n/a	n/a	n/a	n/a	n/a	n/a	n/a	n/a	n/a	n/a	n/a	n/a	n/a	n/a	n/a	n/a	n/a	n/a	n/a	1659.802608	n/a
1660.252527	1.534227	332051	scene_recognition	n/a	n/a	n/a	71.0	n/a	n/a	n/a	1659.8026077499999	n/a	0.9923613530409057	2	2	3	SB_5_frameB.png	2	2	1662.77911475	1	126	n/a	n/a	intervals/recognition_table	125	1660.252527	1661.786754
1660.252527	0.000000	332051	ttl	1	71	n/a	n/a	n/a	n/a	n/a	n/a	n/a	n/a	n/a	n/a	n/a	n/a	n/a	n/a	n/a	n/a	n/a	n/a	n/a	n/a	n/a	1660.252527	n/a
1661.786754	0.000000	332357	ttl	2	71	n/a	n/a	n/a	n/a	n/a	n/a	n/a	n/a	n/a	n/a	n/a	n/a	n/a	n/a	n/a	n/a	n/a	n/a	n/a	n/a	n/a	1661.786754	n/a
1662.779115	0.000000	332556	ttl	4	71	n/a	n/a	n/a	n/a	n/a	n/a	n/a	n/a	n/a	n/a	n/a	n/a	n/a	n/a	n/a	n/a	n/a	n/a	n/a	n/a	n/a	1662.779115	n/a
1662.791269	0.000000	332558	ttl	11	71	n/a	n/a	n/a	n/a	n/a	n/a	n/a	n/a	n/a	n/a	n/a	n/a	n/a	n/a	n/a	n/a	n/a	n/a	n/a	n/a	n/a	1662.791269	n/a
1663.257840	1.534126	332652	scene_recognition	n/a	n/a	n/a	71.0	n/a	n/a	n/a	1662.7912695	n/a	1.4081711285325582	1	1	2	NB_10_frameB_foil.png	2	3	1666.2001377499998	0	127	n/a	n/a	intervals/recognition_table	126	1663.257840	1664.791966
1663.257840	0.000000	332652	ttl	1	71	n/a	n/a	n/a	n/a	n/a	n/a	n/a	n/a	n/a	n/a	n/a	n/a	n/a	n/a	n/a	n/a	n/a	n/a	n/a	n/a	n/a	1663.257840	n/a
1664.791966	0.000000	332958	ttl	2	71	n/a	n/a	n/a	n/a	n/a	n/a	n/a	n/a	n/a	n/a	n/a	n/a	n/a	n/a	n/a	n/a	n/a	n/a	n/a	n/a	n/a	1664.791966	n/a
1666.200138	0.000000	333240	ttl	4	71	n/a	n/a	n/a	n/a	n/a	n/a	n/a	n/a	n/a	n/a	n/a	n/a	n/a	n/a	n/a	n/a	n/a	n/a	n/a	n/a	n/a	1666.200138	n/a
1666.205275	0.000000	333241	ttl	11	71	n/a	n/a	n/a	n/a	n/a	n/a	n/a	n/a	n/a	n/a	n/a	n/a	n/a	n/a	n/a	n/a	n/a	n/a	n/a	n/a	n/a	1666.205275	n/a
1666.755164	1.534878	333351	scene_recognition	n/a	n/a	n/a	71.0	n/a	n/a	n/a	1666.20527475	n/a	1.8584679586056154	2	3	3	HB_3_frameB_foil.png	1	7	1670.14851075	0	128	n/a	n/a	intervals/recognition_table	127	1666.755164	1668.290043
1666.755164	0.000000	333351	ttl	1	71	n/a	n/a	n/a	n/a	n/a	n/a	n/a	n/a	n/a	n/a	n/a	n/a	n/a	n/a	n/a	n/a	n/a	n/a	n/a	n/a	n/a	1666.755164	n/a
1668.290043	0.000000	333658	ttl	2	71	n/a	n/a	n/a	n/a	n/a	n/a	n/a	n/a	n/a	n/a	n/a	n/a	n/a	n/a	n/a	n/a	n/a	n/a	n/a	n/a	n/a	1668.290043	n/a
1670.148511	0.000000	334030	ttl	4	71	n/a	n/a	n/a	n/a	n/a	n/a	n/a	n/a	n/a	n/a	n/a	n/a	n/a	n/a	n/a	n/a	n/a	n/a	n/a	n/a	n/a	1670.148511	n/a
1670.155915	0.000000	334031	ttl	11	71	n/a	n/a	n/a	n/a	n/a	n/a	n/a	n/a	n/a	n/a	n/a	n/a	n/a	n/a	n/a	n/a	n/a	n/a	n/a	n/a	n/a	1670.155915	n/a
1670.722467	1.534279	334144	scene_recognition	n/a	n/a	n/a	71.0	n/a	n/a	n/a	1670.1559155	n/a	2.575553808826953	2	3	3	HB_7_frameA.png	2	2	1674.83230025	1	129	n/a	n/a	intervals/recognition_table	128	1670.722467	1672.256746
1670.722467	0.000000	334144	ttl	1	71	n/a	n/a	n/a	n/a	n/a	n/a	n/a	n/a	n/a	n/a	n/a	n/a	n/a	n/a	n/a	n/a	n/a	n/a	n/a	n/a	n/a	1670.722467	n/a
1672.256746	0.000000	334451	ttl	2	71	n/a	n/a	n/a	n/a	n/a	n/a	n/a	n/a	n/a	n/a	n/a	n/a	n/a	n/a	n/a	n/a	n/a	n/a	n/a	n/a	n/a	1672.256746	n/a
1674.832300	0.000000	334966	ttl	4	71	n/a	n/a	n/a	n/a	n/a	n/a	n/a	n/a	n/a	n/a	n/a	n/a	n/a	n/a	n/a	n/a	n/a	n/a	n/a	n/a	n/a	1674.832300	n/a
1674.837273	0.000000	334967	ttl	11	71	n/a	n/a	n/a	n/a	n/a	n/a	n/a	n/a	n/a	n/a	n/a	n/a	n/a	n/a	n/a	n/a	n/a	n/a	n/a	n/a	n/a	1674.837273	n/a
1675.287167	1.534806	335057	scene_recognition	n/a	n/a	n/a	71.0	n/a	n/a	n/a	1674.83727325	n/a	1.4099235083194799	1	3	2	HB_1_frameB.png	1	6	1678.23189675	1	130	n/a	n/a	intervals/recognition_table	129	1675.287167	1676.821973
1675.287167	0.000000	335057	ttl	1	71	n/a	n/a	n/a	n/a	n/a	n/a	n/a	n/a	n/a	n/a	n/a	n/a	n/a	n/a	n/a	n/a	n/a	n/a	n/a	n/a	n/a	1675.287167	n/a
1676.821973	0.000000	335364	ttl	2	71	n/a	n/a	n/a	n/a	n/a	n/a	n/a	n/a	n/a	n/a	n/a	n/a	n/a	n/a	n/a	n/a	n/a	n/a	n/a	n/a	n/a	1676.821973	n/a
1678.231897	0.000000	335646	ttl	4	71	n/a	n/a	n/a	n/a	n/a	n/a	n/a	n/a	n/a	n/a	n/a	n/a	n/a	n/a	n/a	n/a	n/a	n/a	n/a	n/a	n/a	1678.231897	n/a
1678.239446	0.000000	335648	ttl	11	71	n/a	n/a	n/a	n/a	n/a	n/a	n/a	n/a	n/a	n/a	n/a	n/a	n/a	n/a	n/a	n/a	n/a	n/a	n/a	n/a	n/a	1678.239446	n/a
1678.789317	1.535044	335758	scene_recognition	n/a	n/a	n/a	71.0	n/a	n/a	n/a	1678.23944575	n/a	1.7261016338161426	2	3	2	HB_1_frameB_foil.png	1	6	1682.05046275	0	131	n/a	n/a	intervals/recognition_table	130	1678.789317	1680.324361
1678.789317	0.000000	335758	ttl	1	71	n/a	n/a	n/a	n/a	n/a	n/a	n/a	n/a	n/a	n/a	n/a	n/a	n/a	n/a	n/a	n/a	n/a	n/a	n/a	n/a	n/a	1678.789317	n/a
1680.324361	0.000000	336065	ttl	2	71	n/a	n/a	n/a	n/a	n/a	n/a	n/a	n/a	n/a	n/a	n/a	n/a	n/a	n/a	n/a	n/a	n/a	n/a	n/a	n/a	n/a	1680.324361	n/a
1682.050463	0.000000	336410	ttl	4	71	n/a	n/a	n/a	n/a	n/a	n/a	n/a	n/a	n/a	n/a	n/a	n/a	n/a	n/a	n/a	n/a	n/a	n/a	n/a	n/a	n/a	1682.050463	n/a
1682.064193	0.000000	336413	ttl	11	71	n/a	n/a	n/a	n/a	n/a	n/a	n/a	n/a	n/a	n/a	n/a	n/a	n/a	n/a	n/a	n/a	n/a	n/a	n/a	n/a	n/a	1682.064193	n/a
1682.530755	1.534837	336506	scene_recognition	n/a	n/a	n/a	71.0	n/a	n/a	n/a	1682.06419325	n/a	2.4374429134913953	2	2	2	SB_3_frameA_foil.png	1	6	1686.5030352499998	0	132	n/a	n/a	intervals/recognition_table	131	1682.530755	1684.065592
1682.530755	0.000000	336506	ttl	1	71	n/a	n/a	n/a	n/a	n/a	n/a	n/a	n/a	n/a	n/a	n/a	n/a	n/a	n/a	n/a	n/a	n/a	n/a	n/a	n/a	n/a	1682.530755	n/a
1684.065592	0.000000	336813	ttl	2	71	n/a	n/a	n/a	n/a	n/a	n/a	n/a	n/a	n/a	n/a	n/a	n/a	n/a	n/a	n/a	n/a	n/a	n/a	n/a	n/a	n/a	1684.065592	n/a
1686.503035	0.000000	337301	ttl	4	71	n/a	n/a	n/a	n/a	n/a	n/a	n/a	n/a	n/a	n/a	n/a	n/a	n/a	n/a	n/a	n/a	n/a	n/a	n/a	n/a	n/a	1686.503035	n/a
1686.514222	0.000000	337303	ttl	11	71	n/a	n/a	n/a	n/a	n/a	n/a	n/a	n/a	n/a	n/a	n/a	n/a	n/a	n/a	n/a	n/a	n/a	n/a	n/a	n/a	n/a	1686.514222	n/a
1687.047442	1.534277	337409	scene_recognition	n/a	n/a	n/a	71.0	n/a	n/a	n/a	1686.5142225	n/a	1.3805595543672098	2	3	3	HB_6_frameA.png	2	2	1689.96227875	1	133	n/a	n/a	intervals/recognition_table	132	1687.047442	1688.581719
1687.047442	0.000000	337409	ttl	1	71	n/a	n/a	n/a	n/a	n/a	n/a	n/a	n/a	n/a	n/a	n/a	n/a	n/a	n/a	n/a	n/a	n/a	n/a	n/a	n/a	n/a	1687.047442	n/a
1688.581719	0.000000	337716	ttl	2	71	n/a	n/a	n/a	n/a	n/a	n/a	n/a	n/a	n/a	n/a	n/a	n/a	n/a	n/a	n/a	n/a	n/a	n/a	n/a	n/a	n/a	1688.581719	n/a
1689.962279	0.000000	337992	ttl	4	71	n/a	n/a	n/a	n/a	n/a	n/a	n/a	n/a	n/a	n/a	n/a	n/a	n/a	n/a	n/a	n/a	n/a	n/a	n/a	n/a	n/a	1689.962279	n/a
1689.975587	0.000000	337995	ttl	11	71	n/a	n/a	n/a	n/a	n/a	n/a	n/a	n/a	n/a	n/a	n/a	n/a	n/a	n/a	n/a	n/a	n/a	n/a	n/a	n/a	n/a	1689.975587	n/a
1690.492143	1.534223	338098	scene_recognition	n/a	n/a	n/a	71.0	n/a	n/a	n/a	1689.9755874999998	n/a	0.7421653843848617	1	3	2	HB_5_frameB_foil.png	2	3	1692.76853125	0	134	n/a	n/a	intervals/recognition_table	133	1690.492143	1692.026366
1690.492143	0.000000	338098	ttl	1	71	n/a	n/a	n/a	n/a	n/a	n/a	n/a	n/a	n/a	n/a	n/a	n/a	n/a	n/a	n/a	n/a	n/a	n/a	n/a	n/a	n/a	1690.492143	n/a
1692.026366	0.000000	338405	ttl	2	71	n/a	n/a	n/a	n/a	n/a	n/a	n/a	n/a	n/a	n/a	n/a	n/a	n/a	n/a	n/a	n/a	n/a	n/a	n/a	n/a	n/a	1692.026366	n/a
1692.768531	0.000000	338554	ttl	4	71	n/a	n/a	n/a	n/a	n/a	n/a	n/a	n/a	n/a	n/a	n/a	n/a	n/a	n/a	n/a	n/a	n/a	n/a	n/a	n/a	n/a	1692.768531	n/a
1692.781024	0.000000	338556	ttl	11	71	n/a	n/a	n/a	n/a	n/a	n/a	n/a	n/a	n/a	n/a	n/a	n/a	n/a	n/a	n/a	n/a	n/a	n/a	n/a	n/a	n/a	1692.781024	n/a
1693.330914	1.533979	338666	scene_recognition	n/a	n/a	n/a	71.0	n/a	n/a	n/a	1692.78102425	n/a	3.4395203125313856	2	2	2	SB_3_frameA.png	2	3	1698.30441325	1	135	n/a	n/a	intervals/recognition_table	134	1693.330914	1694.864893
1693.330914	0.000000	338666	ttl	1	71	n/a	n/a	n/a	n/a	n/a	n/a	n/a	n/a	n/a	n/a	n/a	n/a	n/a	n/a	n/a	n/a	n/a	n/a	n/a	n/a	n/a	1693.330914	n/a
1694.864893	0.000000	338973	ttl	2	71	n/a	n/a	n/a	n/a	n/a	n/a	n/a	n/a	n/a	n/a	n/a	n/a	n/a	n/a	n/a	n/a	n/a	n/a	n/a	n/a	n/a	1694.864893	n/a
1698.304413	0.000000	339661	ttl	4	71	n/a	n/a	n/a	n/a	n/a	n/a	n/a	n/a	n/a	n/a	n/a	n/a	n/a	n/a	n/a	n/a	n/a	n/a	n/a	n/a	n/a	1698.304413	n/a
1698.307236	0.000000	339661	ttl	11	71	n/a	n/a	n/a	n/a	n/a	n/a	n/a	n/a	n/a	n/a	n/a	n/a	n/a	n/a	n/a	n/a	n/a	n/a	n/a	n/a	n/a	1698.307236	n/a
1698.757147	1.533804	339751	scene_recognition	n/a	n/a	n/a	71.0	n/a	n/a	n/a	1698.3072359999999	n/a	2.567898572582635	2	2	2	SB_8_frameB.png	2	3	1702.8588499999998	1	136	n/a	n/a	intervals/recognition_table	135	1698.757147	1700.290951
1698.757147	0.000000	339751	ttl	1	71	n/a	n/a	n/a	n/a	n/a	n/a	n/a	n/a	n/a	n/a	n/a	n/a	n/a	n/a	n/a	n/a	n/a	n/a	n/a	n/a	n/a	1698.757147	n/a
1700.290951	0.000000	340058	ttl	2	71	n/a	n/a	n/a	n/a	n/a	n/a	n/a	n/a	n/a	n/a	n/a	n/a	n/a	n/a	n/a	n/a	n/a	n/a	n/a	n/a	n/a	1700.290951	n/a
1702.858850	0.000000	340572	ttl	4	71	n/a	n/a	n/a	n/a	n/a	n/a	n/a	n/a	n/a	n/a	n/a	n/a	n/a	n/a	n/a	n/a	n/a	n/a	n/a	n/a	n/a	1702.858850	n/a
1702.862757	0.000000	340573	ttl	11	71	n/a	n/a	n/a	n/a	n/a	n/a	n/a	n/a	n/a	n/a	n/a	n/a	n/a	n/a	n/a	n/a	n/a	n/a	n/a	n/a	n/a	1702.862757	n/a
1703.379324	1.533666	340676	scene_recognition	n/a	n/a	n/a	71.0	n/a	n/a	n/a	1702.86275725	n/a	0.8392571911681443	2	3	2	HB_2_frameA.png	2	3	1705.7522467499998	1	137	n/a	n/a	intervals/recognition_table	136	1703.379324	1704.912989
1703.379324	0.000000	340676	ttl	1	71	n/a	n/a	n/a	n/a	n/a	n/a	n/a	n/a	n/a	n/a	n/a	n/a	n/a	n/a	n/a	n/a	n/a	n/a	n/a	n/a	n/a	1703.379324	n/a
1704.912989	0.000000	340983	ttl	2	71	n/a	n/a	n/a	n/a	n/a	n/a	n/a	n/a	n/a	n/a	n/a	n/a	n/a	n/a	n/a	n/a	n/a	n/a	n/a	n/a	n/a	1704.912989	n/a
1705.752247	0.000000	341150	ttl	4	71	n/a	n/a	n/a	n/a	n/a	n/a	n/a	n/a	n/a	n/a	n/a	n/a	n/a	n/a	n/a	n/a	n/a	n/a	n/a	n/a	n/a	1705.752247	n/a
1705.756227	0.000000	341151	ttl	11	71	n/a	n/a	n/a	n/a	n/a	n/a	n/a	n/a	n/a	n/a	n/a	n/a	n/a	n/a	n/a	n/a	n/a	n/a	n/a	n/a	n/a	1705.756227	n/a
1706.256118	1.534665	341251	scene_recognition	n/a	n/a	n/a	71.0	n/a	n/a	n/a	1705.75622725	n/a	0.502326455716684	1	3	2	HB_3_frameB.png	1	6	1708.293109	1	138	n/a	n/a	intervals/recognition_table	137	1706.256118	1707.790782
1706.256118	0.000000	341251	ttl	1	71	n/a	n/a	n/a	n/a	n/a	n/a	n/a	n/a	n/a	n/a	n/a	n/a	n/a	n/a	n/a	n/a	n/a	n/a	n/a	n/a	n/a	1706.256118	n/a
1707.790782	0.000000	341558	ttl	2	71	n/a	n/a	n/a	n/a	n/a	n/a	n/a	n/a	n/a	n/a	n/a	n/a	n/a	n/a	n/a	n/a	n/a	n/a	n/a	n/a	n/a	1707.790782	n/a
1708.293109	0.000000	341659	ttl	4	71	n/a	n/a	n/a	n/a	n/a	n/a	n/a	n/a	n/a	n/a	n/a	n/a	n/a	n/a	n/a	n/a	n/a	n/a	n/a	n/a	n/a	1708.293109	n/a
1708.304293	0.000000	341661	ttl	11	71	n/a	n/a	n/a	n/a	n/a	n/a	n/a	n/a	n/a	n/a	n/a	n/a	n/a	n/a	n/a	n/a	n/a	n/a	n/a	n/a	n/a	1708.304293	n/a
1708.787496	1.533896	341757	scene_recognition	n/a	n/a	n/a	71.0	n/a	n/a	n/a	1708.30429325	n/a	1.3352269271490513	2	3	2	HB_1_frameA.png	2	3	1711.65661975	1	139	n/a	n/a	intervals/recognition_table	138	1708.787496	1710.321393
1708.787496	0.000000	341757	ttl	1	71	n/a	n/a	n/a	n/a	n/a	n/a	n/a	n/a	n/a	n/a	n/a	n/a	n/a	n/a	n/a	n/a	n/a	n/a	n/a	n/a	n/a	1708.787496	n/a
1710.321393	0.000000	342064	ttl	2	71	n/a	n/a	n/a	n/a	n/a	n/a	n/a	n/a	n/a	n/a	n/a	n/a	n/a	n/a	n/a	n/a	n/a	n/a	n/a	n/a	n/a	1710.321393	n/a
1711.656620	0.000000	342331	ttl	4	71	n/a	n/a	n/a	n/a	n/a	n/a	n/a	n/a	n/a	n/a	n/a	n/a	n/a	n/a	n/a	n/a	n/a	n/a	n/a	n/a	n/a	1711.656620	n/a
1711.664954	0.000000	342333	ttl	11	71	n/a	n/a	n/a	n/a	n/a	n/a	n/a	n/a	n/a	n/a	n/a	n/a	n/a	n/a	n/a	n/a	n/a	n/a	n/a	n/a	n/a	1711.664954	n/a
1712.181523	1.533997	342436	scene_recognition	n/a	n/a	n/a	71.0	n/a	n/a	n/a	1711.66495375	n/a	2.8801183286268497	2	3	2	HB_9_frameB.png	2	3	1716.5956385	1	140	n/a	n/a	intervals/recognition_table	139	1712.181523	1713.715520
1712.181523	0.000000	342436	ttl	1	71	n/a	n/a	n/a	n/a	n/a	n/a	n/a	n/a	n/a	n/a	n/a	n/a	n/a	n/a	n/a	n/a	n/a	n/a	n/a	n/a	n/a	1712.181523	n/a
1713.715520	0.000000	342743	ttl	2	71	n/a	n/a	n/a	n/a	n/a	n/a	n/a	n/a	n/a	n/a	n/a	n/a	n/a	n/a	n/a	n/a	n/a	n/a	n/a	n/a	n/a	1713.715520	n/a
1716.595638	0.000000	343319	ttl	4	71	n/a	n/a	n/a	n/a	n/a	n/a	n/a	n/a	n/a	n/a	n/a	n/a	n/a	n/a	n/a	n/a	n/a	n/a	n/a	n/a	n/a	1716.595638	n/a
1716.602759	0.000000	343321	ttl	11	71	n/a	n/a	n/a	n/a	n/a	n/a	n/a	n/a	n/a	n/a	n/a	n/a	n/a	n/a	n/a	n/a	n/a	n/a	n/a	n/a	n/a	1716.602759	n/a
1717.119321	1.534031	343424	scene_recognition	n/a	n/a	n/a	71.0	n/a	n/a	n/a	1716.6027594999998	n/a	1.3245367894560331	1	1	2	NB_13_frameA_foil.png	2	3	1719.97788875	0	141	n/a	n/a	intervals/recognition_table	140	1717.119321	1718.653352
1717.119321	0.000000	343424	ttl	1	71	n/a	n/a	n/a	n/a	n/a	n/a	n/a	n/a	n/a	n/a	n/a	n/a	n/a	n/a	n/a	n/a	n/a	n/a	n/a	n/a	n/a	1717.119321	n/a
1718.653352	0.000000	343731	ttl	2	71	n/a	n/a	n/a	n/a	n/a	n/a	n/a	n/a	n/a	n/a	n/a	n/a	n/a	n/a	n/a	n/a	n/a	n/a	n/a	n/a	n/a	1718.653352	n/a
1719.977889	0.000000	343996	ttl	4	71	n/a	n/a	n/a	n/a	n/a	n/a	n/a	n/a	n/a	n/a	n/a	n/a	n/a	n/a	n/a	n/a	n/a	n/a	n/a	n/a	n/a	1719.977889	n/a
1719.987676	0.000000	343998	ttl	11	71	n/a	n/a	n/a	n/a	n/a	n/a	n/a	n/a	n/a	n/a	n/a	n/a	n/a	n/a	n/a	n/a	n/a	n/a	n/a	n/a	n/a	1719.987676	n/a
1720.470918	1.534146	344094	scene_recognition	n/a	n/a	n/a	71.0	n/a	n/a	n/a	1719.9876757499999	n/a	1.6501869969069958	1	3	3	HB_2_frameA_foil.png	2	2	1723.6552507499998	0	142	n/a	n/a	intervals/recognition_table	141	1720.470918	1722.005064
1720.470918	0.000000	344094	ttl	1	71	n/a	n/a	n/a	n/a	n/a	n/a	n/a	n/a	n/a	n/a	n/a	n/a	n/a	n/a	n/a	n/a	n/a	n/a	n/a	n/a	n/a	1720.470918	n/a
1722.005064	0.000000	344401	ttl	2	71	n/a	n/a	n/a	n/a	n/a	n/a	n/a	n/a	n/a	n/a	n/a	n/a	n/a	n/a	n/a	n/a	n/a	n/a	n/a	n/a	n/a	1722.005064	n/a
1723.655251	0.000000	344731	ttl	4	71	n/a	n/a	n/a	n/a	n/a	n/a	n/a	n/a	n/a	n/a	n/a	n/a	n/a	n/a	n/a	n/a	n/a	n/a	n/a	n/a	n/a	1723.655251	n/a
1723.670445	0.000000	344734	ttl	11	71	n/a	n/a	n/a	n/a	n/a	n/a	n/a	n/a	n/a	n/a	n/a	n/a	n/a	n/a	n/a	n/a	n/a	n/a	n/a	n/a	n/a	1723.670445	n/a
1724.120347	1.534345	344824	scene_recognition	n/a	n/a	n/a	71.0	n/a	n/a	n/a	1723.6704452499998	n/a	2.7431052162355627	2	3	3	HB_3_frameA.png	2	2	1728.397798	1	143	n/a	n/a	intervals/recognition_table	142	1724.120347	1725.654693
1724.120347	0.000000	344824	ttl	1	71	n/a	n/a	n/a	n/a	n/a	n/a	n/a	n/a	n/a	n/a	n/a	n/a	n/a	n/a	n/a	n/a	n/a	n/a	n/a	n/a	n/a	1724.120347	n/a
1725.654693	0.000000	345131	ttl	2	71	n/a	n/a	n/a	n/a	n/a	n/a	n/a	n/a	n/a	n/a	n/a	n/a	n/a	n/a	n/a	n/a	n/a	n/a	n/a	n/a	n/a	1725.654693	n/a
1728.397798	0.000000	345680	ttl	4	71	n/a	n/a	n/a	n/a	n/a	n/a	n/a	n/a	n/a	n/a	n/a	n/a	n/a	n/a	n/a	n/a	n/a	n/a	n/a	n/a	n/a	1728.397798	n/a
1728.408636	0.000000	345682	ttl	11	71	n/a	n/a	n/a	n/a	n/a	n/a	n/a	n/a	n/a	n/a	n/a	n/a	n/a	n/a	n/a	n/a	n/a	n/a	n/a	n/a	n/a	1728.408636	n/a
1728.925182	1.533838	345785	scene_recognition	n/a	n/a	n/a	71.0	n/a	n/a	n/a	1728.40863625	n/a	1.516741726307373	1	2	3	SB_3_frameB_foil.png	2	2	1731.975762	0	144	n/a	n/a	intervals/recognition_table	143	1728.925182	1730.459020
1728.925182	0.000000	345785	ttl	1	71	n/a	n/a	n/a	n/a	n/a	n/a	n/a	n/a	n/a	n/a	n/a	n/a	n/a	n/a	n/a	n/a	n/a	n/a	n/a	n/a	n/a	1728.925182	n/a
1730.459020	0.000000	346092	ttl	2	71	n/a	n/a	n/a	n/a	n/a	n/a	n/a	n/a	n/a	n/a	n/a	n/a	n/a	n/a	n/a	n/a	n/a	n/a	n/a	n/a	n/a	1730.459020	n/a
1731.975762	0.000000	346395	ttl	4	71	n/a	n/a	n/a	n/a	n/a	n/a	n/a	n/a	n/a	n/a	n/a	n/a	n/a	n/a	n/a	n/a	n/a	n/a	n/a	n/a	n/a	1731.975762	n/a
1731.988507	0.000000	346398	ttl	11	71	n/a	n/a	n/a	n/a	n/a	n/a	n/a	n/a	n/a	n/a	n/a	n/a	n/a	n/a	n/a	n/a	n/a	n/a	n/a	n/a	n/a	1731.988507	n/a
1732.471760	1.534124	346494	scene_recognition	n/a	n/a	n/a	71.0	n/a	n/a	n/a	1731.9885072499999	n/a	1.2778638820236665	1	1	3	NB_15_frameA_foil.png	2	2	1735.28374725	0	145	n/a	n/a	intervals/recognition_table	144	1732.471760	1734.005883
1732.471760	0.000000	346494	ttl	1	71	n/a	n/a	n/a	n/a	n/a	n/a	n/a	n/a	n/a	n/a	n/a	n/a	n/a	n/a	n/a	n/a	n/a	n/a	n/a	n/a	n/a	1732.471760	n/a
1734.005883	0.000000	346801	ttl	2	71	n/a	n/a	n/a	n/a	n/a	n/a	n/a	n/a	n/a	n/a	n/a	n/a	n/a	n/a	n/a	n/a	n/a	n/a	n/a	n/a	n/a	1734.005883	n/a
1735.283747	0.000000	347057	ttl	4	71	n/a	n/a	n/a	n/a	n/a	n/a	n/a	n/a	n/a	n/a	n/a	n/a	n/a	n/a	n/a	n/a	n/a	n/a	n/a	n/a	n/a	1735.283747	n/a
1735.301295	0.000000	347060	ttl	11	71	n/a	n/a	n/a	n/a	n/a	n/a	n/a	n/a	n/a	n/a	n/a	n/a	n/a	n/a	n/a	n/a	n/a	n/a	n/a	n/a	n/a	1735.301295	n/a
1735.834525	1.534731	347167	scene_recognition	n/a	n/a	n/a	71.0	n/a	n/a	n/a	1735.301295	n/a	0.7631244709045859	2	3	2	HB_1_frameA_foil.png	1	6	1738.1323814999998	0	146	n/a	n/a	intervals/recognition_table	145	1735.834525	1737.369257
1735.834525	0.000000	347167	ttl	1	71	n/a	n/a	n/a	n/a	n/a	n/a	n/a	n/a	n/a	n/a	n/a	n/a	n/a	n/a	n/a	n/a	n/a	n/a	n/a	n/a	n/a	1735.834525	n/a
1737.369257	0.000000	347474	ttl	2	71	n/a	n/a	n/a	n/a	n/a	n/a	n/a	n/a	n/a	n/a	n/a	n/a	n/a	n/a	n/a	n/a	n/a	n/a	n/a	n/a	n/a	1737.369257	n/a
1738.132381	0.000000	347626	ttl	4	71	n/a	n/a	n/a	n/a	n/a	n/a	n/a	n/a	n/a	n/a	n/a	n/a	n/a	n/a	n/a	n/a	n/a	n/a	n/a	n/a	n/a	1738.132381	n/a
1738.141172	0.000000	347628	ttl	11	71	n/a	n/a	n/a	n/a	n/a	n/a	n/a	n/a	n/a	n/a	n/a	n/a	n/a	n/a	n/a	n/a	n/a	n/a	n/a	n/a	n/a	1738.141172	n/a
1738.641068	1.533885	347728	scene_recognition	n/a	n/a	n/a	71.0	n/a	n/a	n/a	1738.14117225	n/a	0.31845737107505556	2	1	3	NB_29_frameB.png	2	2	1740.4934107499998	1	147	n/a	n/a	intervals/recognition_table	146	1738.641068	1740.174953
1738.641068	0.000000	347728	ttl	1	71	n/a	n/a	n/a	n/a	n/a	n/a	n/a	n/a	n/a	n/a	n/a	n/a	n/a	n/a	n/a	n/a	n/a	n/a	n/a	n/a	n/a	1738.641068	n/a
1740.174953	0.000000	348035	ttl	2	71	n/a	n/a	n/a	n/a	n/a	n/a	n/a	n/a	n/a	n/a	n/a	n/a	n/a	n/a	n/a	n/a	n/a	n/a	n/a	n/a	n/a	1740.174953	n/a
1740.493411	0.000000	348099	ttl	4	71	n/a	n/a	n/a	n/a	n/a	n/a	n/a	n/a	n/a	n/a	n/a	n/a	n/a	n/a	n/a	n/a	n/a	n/a	n/a	n/a	n/a	1740.493411	n/a
1740.504378	0.000000	348101	ttl	11	71	n/a	n/a	n/a	n/a	n/a	n/a	n/a	n/a	n/a	n/a	n/a	n/a	n/a	n/a	n/a	n/a	n/a	n/a	n/a	n/a	n/a	1740.504378	n/a
1741.054261	1.533734	348211	scene_recognition	n/a	n/a	n/a	71.0	n/a	n/a	n/a	1740.5043779999999	n/a	1.0754976542448276	2	3	3	HB_9_frameA_foil.png	1	7	1743.66349225	0	148	n/a	n/a	intervals/recognition_table	147	1741.054261	1742.587995
1741.054261	0.000000	348211	ttl	1	71	n/a	n/a	n/a	n/a	n/a	n/a	n/a	n/a	n/a	n/a	n/a	n/a	n/a	n/a	n/a	n/a	n/a	n/a	n/a	n/a	n/a	1741.054261	n/a
1742.587995	0.000000	348518	ttl	2	71	n/a	n/a	n/a	n/a	n/a	n/a	n/a	n/a	n/a	n/a	n/a	n/a	n/a	n/a	n/a	n/a	n/a	n/a	n/a	n/a	n/a	1742.587995	n/a
1743.663492	0.000000	348733	ttl	4	71	n/a	n/a	n/a	n/a	n/a	n/a	n/a	n/a	n/a	n/a	n/a	n/a	n/a	n/a	n/a	n/a	n/a	n/a	n/a	n/a	n/a	1743.663492	n/a
1743.670316	0.000000	348734	ttl	11	71	n/a	n/a	n/a	n/a	n/a	n/a	n/a	n/a	n/a	n/a	n/a	n/a	n/a	n/a	n/a	n/a	n/a	n/a	n/a	n/a	n/a	1743.670316	n/a
1744.153554	1.533926	348831	scene_recognition	n/a	n/a	n/a	71.0	n/a	n/a	n/a	1743.6703162499998	n/a	3.2429463538646814	2	1	3	NB_15_frameB.png	2	2	1748.93042625	1	149	n/a	n/a	intervals/recognition_table	148	1744.153554	1745.687480
1744.153554	0.000000	348831	ttl	1	71	n/a	n/a	n/a	n/a	n/a	n/a	n/a	n/a	n/a	n/a	n/a	n/a	n/a	n/a	n/a	n/a	n/a	n/a	n/a	n/a	n/a	1744.153554	n/a
1745.687480	0.000000	349137	ttl	2	71	n/a	n/a	n/a	n/a	n/a	n/a	n/a	n/a	n/a	n/a	n/a	n/a	n/a	n/a	n/a	n/a	n/a	n/a	n/a	n/a	n/a	1745.687480	n/a
1748.930426	0.000000	349786	ttl	4	71	n/a	n/a	n/a	n/a	n/a	n/a	n/a	n/a	n/a	n/a	n/a	n/a	n/a	n/a	n/a	n/a	n/a	n/a	n/a	n/a	n/a	1748.930426	n/a
1748.945114	0.000000	349789	ttl	11	71	n/a	n/a	n/a	n/a	n/a	n/a	n/a	n/a	n/a	n/a	n/a	n/a	n/a	n/a	n/a	n/a	n/a	n/a	n/a	n/a	n/a	1748.945114	n/a
1749.478330	1.534496	349896	scene_recognition	n/a	n/a	n/a	71.0	n/a	n/a	n/a	1748.94511375	n/a	2.082841741248558	1	2	3	SB_3_frameB_foil.png	2	2	1753.095668	0	150	n/a	n/a	intervals/recognition_table	149	1749.478330	1751.012826
1749.478330	0.000000	349896	ttl	1	71	n/a	n/a	n/a	n/a	n/a	n/a	n/a	n/a	n/a	n/a	n/a	n/a	n/a	n/a	n/a	n/a	n/a	n/a	n/a	n/a	n/a	1749.478330	n/a
1751.012826	0.000000	350203	ttl	2	71	n/a	n/a	n/a	n/a	n/a	n/a	n/a	n/a	n/a	n/a	n/a	n/a	n/a	n/a	n/a	n/a	n/a	n/a	n/a	n/a	n/a	1751.012826	n/a
1753.095668	0.000000	350619	ttl	4	71	n/a	n/a	n/a	n/a	n/a	n/a	n/a	n/a	n/a	n/a	n/a	n/a	n/a	n/a	n/a	n/a	n/a	n/a	n/a	n/a	n/a	1753.095668	n/a
1753.098721	0.000000	350620	ttl	11	71	n/a	n/a	n/a	n/a	n/a	n/a	n/a	n/a	n/a	n/a	n/a	n/a	n/a	n/a	n/a	n/a	n/a	n/a	n/a	n/a	n/a	1753.098721	n/a
1753.598695	1.534817	350720	scene_recognition	n/a	n/a	n/a	71.0	n/a	n/a	n/a	1753.09872125	n/a	2.82637432008778	2	3	2	HB_1_frameB.png	2	3	1757.95988675	1	151	n/a	n/a	intervals/recognition_table	150	1753.598695	1755.133512
1753.598695	0.000000	350720	ttl	1	71	n/a	n/a	n/a	n/a	n/a	n/a	n/a	n/a	n/a	n/a	n/a	n/a	n/a	n/a	n/a	n/a	n/a	n/a	n/a	n/a	n/a	1753.598695	n/a
1755.133512	0.000000	351027	ttl	2	71	n/a	n/a	n/a	n/a	n/a	n/a	n/a	n/a	n/a	n/a	n/a	n/a	n/a	n/a	n/a	n/a	n/a	n/a	n/a	n/a	n/a	1755.133512	n/a
1757.959887	0.000000	351592	ttl	4	71	n/a	n/a	n/a	n/a	n/a	n/a	n/a	n/a	n/a	n/a	n/a	n/a	n/a	n/a	n/a	n/a	n/a	n/a	n/a	n/a	n/a	1757.959887	n/a
1757.970736	0.000000	351594	ttl	11	71	n/a	n/a	n/a	n/a	n/a	n/a	n/a	n/a	n/a	n/a	n/a	n/a	n/a	n/a	n/a	n/a	n/a	n/a	n/a	n/a	n/a	1757.970736	n/a
1758.470642	1.534111	351694	scene_recognition	n/a	n/a	n/a	71.0	n/a	n/a	n/a	1757.970736	n/a	1.3552999884050223	2	2	2	SB_9_frameA.png	2	3	1761.3600534999998	1	152	n/a	n/a	intervals/recognition_table	151	1758.470642	1760.004753
1758.470642	0.000000	351694	ttl	1	71	n/a	n/a	n/a	n/a	n/a	n/a	n/a	n/a	n/a	n/a	n/a	n/a	n/a	n/a	n/a	n/a	n/a	n/a	n/a	n/a	n/a	1758.470642	n/a
1760.004753	0.000000	352001	ttl	2	71	n/a	n/a	n/a	n/a	n/a	n/a	n/a	n/a	n/a	n/a	n/a	n/a	n/a	n/a	n/a	n/a	n/a	n/a	n/a	n/a	n/a	1760.004753	n/a
1761.360053	0.000000	352272	ttl	4	71	n/a	n/a	n/a	n/a	n/a	n/a	n/a	n/a	n/a	n/a	n/a	n/a	n/a	n/a	n/a	n/a	n/a	n/a	n/a	n/a	n/a	1761.360053	n/a
1761.373015	0.000000	352275	ttl	11	71	n/a	n/a	n/a	n/a	n/a	n/a	n/a	n/a	n/a	n/a	n/a	n/a	n/a	n/a	n/a	n/a	n/a	n/a	n/a	n/a	n/a	1761.373015	n/a
1761.939555	1.533597	352388	scene_recognition	n/a	n/a	n/a	71.0	n/a	n/a	n/a	1761.3730147499998	n/a	0.4018270321539603	1	3	2	HB_3_frameA.png	1	6	1763.874979	1	153	n/a	n/a	intervals/recognition_table	152	1761.939555	1763.473152
1761.939555	0.000000	352388	ttl	1	71	n/a	n/a	n/a	n/a	n/a	n/a	n/a	n/a	n/a	n/a	n/a	n/a	n/a	n/a	n/a	n/a	n/a	n/a	n/a	n/a	n/a	1761.939555	n/a
1763.473152	0.000000	352695	ttl	2	71	n/a	n/a	n/a	n/a	n/a	n/a	n/a	n/a	n/a	n/a	n/a	n/a	n/a	n/a	n/a	n/a	n/a	n/a	n/a	n/a	n/a	1763.473152	n/a
1763.874979	0.000000	352775	ttl	4	71	n/a	n/a	n/a	n/a	n/a	n/a	n/a	n/a	n/a	n/a	n/a	n/a	n/a	n/a	n/a	n/a	n/a	n/a	n/a	n/a	n/a	1763.874979	n/a
1763.887982	0.000000	352778	ttl	11	71	n/a	n/a	n/a	n/a	n/a	n/a	n/a	n/a	n/a	n/a	n/a	n/a	n/a	n/a	n/a	n/a	n/a	n/a	n/a	n/a	n/a	1763.887982	n/a
1764.437867	1.533830	352888	scene_recognition	n/a	n/a	n/a	71.0	n/a	n/a	n/a	1763.887982	n/a	0.12992193930404028	2	1	3	NB_16_frameA.png	2	2	1766.10161875	1	154	n/a	n/a	intervals/recognition_table	153	1764.437867	1765.971697
1764.437867	0.000000	352888	ttl	1	71	n/a	n/a	n/a	n/a	n/a	n/a	n/a	n/a	n/a	n/a	n/a	n/a	n/a	n/a	n/a	n/a	n/a	n/a	n/a	n/a	n/a	1764.437867	n/a
1765.971697	0.000000	353194	ttl	2	71	n/a	n/a	n/a	n/a	n/a	n/a	n/a	n/a	n/a	n/a	n/a	n/a	n/a	n/a	n/a	n/a	n/a	n/a	n/a	n/a	n/a	1765.971697	n/a
1766.101619	0.000000	353220	ttl	4	71	n/a	n/a	n/a	n/a	n/a	n/a	n/a	n/a	n/a	n/a	n/a	n/a	n/a	n/a	n/a	n/a	n/a	n/a	n/a	n/a	n/a	1766.101619	n/a
1766.109383	0.000000	353222	ttl	11	71	n/a	n/a	n/a	n/a	n/a	n/a	n/a	n/a	n/a	n/a	n/a	n/a	n/a	n/a	n/a	n/a	n/a	n/a	n/a	n/a	n/a	1766.109383	n/a
1766.642611	1.533687	353329	scene_recognition	n/a	n/a	n/a	71.0	n/a	n/a	n/a	1766.1093832499998	n/a	1.3024287969747093	1	1	2	NB_27_frameA_foil.png	2	3	1769.478727	0	155	n/a	n/a	intervals/recognition_table	154	1766.642611	1768.176298
1766.642611	0.000000	353329	ttl	1	71	n/a	n/a	n/a	n/a	n/a	n/a	n/a	n/a	n/a	n/a	n/a	n/a	n/a	n/a	n/a	n/a	n/a	n/a	n/a	n/a	n/a	1766.642611	n/a
1768.176298	0.000000	353635	ttl	2	71	n/a	n/a	n/a	n/a	n/a	n/a	n/a	n/a	n/a	n/a	n/a	n/a	n/a	n/a	n/a	n/a	n/a	n/a	n/a	n/a	n/a	1768.176298	n/a
1769.478727	0.000000	353896	ttl	4	71	n/a	n/a	n/a	n/a	n/a	n/a	n/a	n/a	n/a	n/a	n/a	n/a	n/a	n/a	n/a	n/a	n/a	n/a	n/a	n/a	n/a	1769.478727	n/a
1769.485777	0.000000	353897	ttl	11	71	n/a	n/a	n/a	n/a	n/a	n/a	n/a	n/a	n/a	n/a	n/a	n/a	n/a	n/a	n/a	n/a	n/a	n/a	n/a	n/a	n/a	1769.485777	n/a
1770.018869	1.534477	354004	scene_recognition	n/a	n/a	n/a	71.0	n/a	n/a	n/a	1769.48577675	n/a	0.6791101083217654	2	2	2	SB_2_frameB_foil.png	1	6	1772.232456	0	156	n/a	n/a	intervals/recognition_table	155	1770.018869	1771.553346
1770.018869	0.000000	354004	ttl	1	71	n/a	n/a	n/a	n/a	n/a	n/a	n/a	n/a	n/a	n/a	n/a	n/a	n/a	n/a	n/a	n/a	n/a	n/a	n/a	n/a	n/a	1770.018869	n/a
1771.553346	0.000000	354311	ttl	2	71	n/a	n/a	n/a	n/a	n/a	n/a	n/a	n/a	n/a	n/a	n/a	n/a	n/a	n/a	n/a	n/a	n/a	n/a	n/a	n/a	n/a	1771.553346	n/a
1772.232456	0.000000	354446	ttl	4	71	n/a	n/a	n/a	n/a	n/a	n/a	n/a	n/a	n/a	n/a	n/a	n/a	n/a	n/a	n/a	n/a	n/a	n/a	n/a	n/a	n/a	1772.232456	n/a
1772.237042	0.000000	354447	ttl	11	71	n/a	n/a	n/a	n/a	n/a	n/a	n/a	n/a	n/a	n/a	n/a	n/a	n/a	n/a	n/a	n/a	n/a	n/a	n/a	n/a	n/a	1772.237042	n/a
1772.736943	1.533856	354547	scene_recognition	n/a	n/a	n/a	71.0	n/a	n/a	n/a	1772.237042	n/a	1.0842294681278872	2	1	2	NB_19_frameA_foil.png	1	6	1775.3550285	0	157	n/a	n/a	intervals/recognition_table	156	1772.736943	1774.270799
1772.736943	0.000000	354547	ttl	1	71	n/a	n/a	n/a	n/a	n/a	n/a	n/a	n/a	n/a	n/a	n/a	n/a	n/a	n/a	n/a	n/a	n/a	n/a	n/a	n/a	n/a	1772.736943	n/a
1774.270799	0.000000	354854	ttl	2	71	n/a	n/a	n/a	n/a	n/a	n/a	n/a	n/a	n/a	n/a	n/a	n/a	n/a	n/a	n/a	n/a	n/a	n/a	n/a	n/a	n/a	1774.270799	n/a
1775.355028	0.000000	355071	ttl	4	71	n/a	n/a	n/a	n/a	n/a	n/a	n/a	n/a	n/a	n/a	n/a	n/a	n/a	n/a	n/a	n/a	n/a	n/a	n/a	n/a	n/a	1775.355028	n/a
1775.370513	0.000000	355074	ttl	11	71	n/a	n/a	n/a	n/a	n/a	n/a	n/a	n/a	n/a	n/a	n/a	n/a	n/a	n/a	n/a	n/a	n/a	n/a	n/a	n/a	n/a	1775.370513	n/a
1775.870307	1.534907	355174	scene_recognition	n/a	n/a	n/a	71.0	n/a	n/a	n/a	1775.37051325	n/a	1.4802668366392027	2	1	2	NB_18_frameB_foil.png	1	6	1778.885481	0	158	n/a	n/a	intervals/recognition_table	157	1775.870307	1777.405214
1775.870307	0.000000	355174	ttl	1	71	n/a	n/a	n/a	n/a	n/a	n/a	n/a	n/a	n/a	n/a	n/a	n/a	n/a	n/a	n/a	n/a	n/a	n/a	n/a	n/a	n/a	1775.870307	n/a
1777.405214	0.000000	355481	ttl	2	71	n/a	n/a	n/a	n/a	n/a	n/a	n/a	n/a	n/a	n/a	n/a	n/a	n/a	n/a	n/a	n/a	n/a	n/a	n/a	n/a	n/a	1777.405214	n/a
1778.885481	0.000000	355777	ttl	4	71	n/a	n/a	n/a	n/a	n/a	n/a	n/a	n/a	n/a	n/a	n/a	n/a	n/a	n/a	n/a	n/a	n/a	n/a	n/a	n/a	n/a	1778.885481	n/a
1778.895368	0.000000	355779	ttl	11	71	n/a	n/a	n/a	n/a	n/a	n/a	n/a	n/a	n/a	n/a	n/a	n/a	n/a	n/a	n/a	n/a	n/a	n/a	n/a	n/a	n/a	1778.895368	n/a
1779.411927	1.533761	355882	scene_recognition	n/a	n/a	n/a	71.0	n/a	n/a	n/a	1778.8953677499999	n/a	0.12616397541569313	2	1	2	NB_14_frameA.png	2	3	1781.0718519999998	1	159	n/a	n/a	intervals/recognition_table	158	1779.411927	1780.945688
1779.411927	0.000000	355882	ttl	1	71	n/a	n/a	n/a	n/a	n/a	n/a	n/a	n/a	n/a	n/a	n/a	n/a	n/a	n/a	n/a	n/a	n/a	n/a	n/a	n/a	n/a	1779.411927	n/a
1780.945688	0.000000	356189	ttl	2	71	n/a	n/a	n/a	n/a	n/a	n/a	n/a	n/a	n/a	n/a	n/a	n/a	n/a	n/a	n/a	n/a	n/a	n/a	n/a	n/a	n/a	1780.945688	n/a
1781.071852	0.000000	356214	ttl	4	71	n/a	n/a	n/a	n/a	n/a	n/a	n/a	n/a	n/a	n/a	n/a	n/a	n/a	n/a	n/a	n/a	n/a	n/a	n/a	n/a	n/a	1781.071852	n/a
1781.079773	0.000000	356216	ttl	11	71	n/a	n/a	n/a	n/a	n/a	n/a	n/a	n/a	n/a	n/a	n/a	n/a	n/a	n/a	n/a	n/a	n/a	n/a	n/a	n/a	n/a	1781.079773	n/a
1781.579676	1.533968	356316	scene_recognition	n/a	n/a	n/a	71.0	n/a	n/a	n/a	1781.0797734999999	n/a	2.114583867631154	2	1	3	NB_18_frameA.png	2	2	1785.228228	1	160	n/a	n/a	intervals/recognition_table	159	1781.579676	1783.113644
1781.579676	0.000000	356316	ttl	1	71	n/a	n/a	n/a	n/a	n/a	n/a	n/a	n/a	n/a	n/a	n/a	n/a	n/a	n/a	n/a	n/a	n/a	n/a	n/a	n/a	n/a	1781.579676	n/a
1783.113644	0.000000	356623	ttl	2	71	n/a	n/a	n/a	n/a	n/a	n/a	n/a	n/a	n/a	n/a	n/a	n/a	n/a	n/a	n/a	n/a	n/a	n/a	n/a	n/a	n/a	1783.113644	n/a
1785.228228	0.000000	357046	ttl	4	71	n/a	n/a	n/a	n/a	n/a	n/a	n/a	n/a	n/a	n/a	n/a	n/a	n/a	n/a	n/a	n/a	n/a	n/a	n/a	n/a	n/a	1785.228228	n/a
1785.237322	0.000000	357047	ttl	11	71	n/a	n/a	n/a	n/a	n/a	n/a	n/a	n/a	n/a	n/a	n/a	n/a	n/a	n/a	n/a	n/a	n/a	n/a	n/a	n/a	n/a	1785.237322	n/a
1785.753831	1.533777	357151	scene_recognition	n/a	n/a	n/a	71.0	n/a	n/a	n/a	1785.2373222499998	n/a	1.3751357998407912	2	1	3	NB_9_frameB.png	2	2	1788.66274375	1	161	n/a	n/a	intervals/recognition_table	160	1785.753831	1787.287608
1785.753831	0.000000	357151	ttl	1	71	n/a	n/a	n/a	n/a	n/a	n/a	n/a	n/a	n/a	n/a	n/a	n/a	n/a	n/a	n/a	n/a	n/a	n/a	n/a	n/a	n/a	1785.753831	n/a
1787.287608	0.000000	357458	ttl	2	71	n/a	n/a	n/a	n/a	n/a	n/a	n/a	n/a	n/a	n/a	n/a	n/a	n/a	n/a	n/a	n/a	n/a	n/a	n/a	n/a	n/a	1787.287608	n/a
1788.662744	0.000000	357733	ttl	4	71	n/a	n/a	n/a	n/a	n/a	n/a	n/a	n/a	n/a	n/a	n/a	n/a	n/a	n/a	n/a	n/a	n/a	n/a	n/a	n/a	n/a	1788.662744	n/a
1788.672350	0.000000	357734	ttl	11	71	n/a	n/a	n/a	n/a	n/a	n/a	n/a	n/a	n/a	n/a	n/a	n/a	n/a	n/a	n/a	n/a	n/a	n/a	n/a	n/a	n/a	1788.672350	n/a
1789.222231	1.534789	357844	scene_recognition	n/a	n/a	n/a	71.0	n/a	n/a	n/a	1788.6723505	n/a	0.4450830136120203	2	3	3	HB_4_frameB.png	2	2	1791.2021029999999	1	162	n/a	n/a	intervals/recognition_table	161	1789.222231	1790.757020
1789.222231	0.000000	357844	ttl	1	71	n/a	n/a	n/a	n/a	n/a	n/a	n/a	n/a	n/a	n/a	n/a	n/a	n/a	n/a	n/a	n/a	n/a	n/a	n/a	n/a	n/a	1789.222231	n/a
1790.757020	0.000000	358151	ttl	2	71	n/a	n/a	n/a	n/a	n/a	n/a	n/a	n/a	n/a	n/a	n/a	n/a	n/a	n/a	n/a	n/a	n/a	n/a	n/a	n/a	n/a	1790.757020	n/a
1791.202103	0.000000	358240	ttl	4	71	n/a	n/a	n/a	n/a	n/a	n/a	n/a	n/a	n/a	n/a	n/a	n/a	n/a	n/a	n/a	n/a	n/a	n/a	n/a	n/a	n/a	1791.202103	n/a
1791.218173	0.000000	358244	ttl	11	71	n/a	n/a	n/a	n/a	n/a	n/a	n/a	n/a	n/a	n/a	n/a	n/a	n/a	n/a	n/a	n/a	n/a	n/a	n/a	n/a	n/a	1791.218173	n/a
1791.684738	1.534017	358337	scene_recognition	n/a	n/a	n/a	71.0	n/a	n/a	n/a	1791.2181735	n/a	0.3776901782111963	2	2	3	SB_1_frameA_foil.png	1	7	1793.5964454999998	0	163	n/a	n/a	intervals/recognition_table	162	1791.684738	1793.218755
1791.684738	0.000000	358337	ttl	1	71	n/a	n/a	n/a	n/a	n/a	n/a	n/a	n/a	n/a	n/a	n/a	n/a	n/a	n/a	n/a	n/a	n/a	n/a	n/a	n/a	n/a	1791.684738	n/a
1793.218755	0.000000	358644	ttl	2	71	n/a	n/a	n/a	n/a	n/a	n/a	n/a	n/a	n/a	n/a	n/a	n/a	n/a	n/a	n/a	n/a	n/a	n/a	n/a	n/a	n/a	1793.218755	n/a
1793.596445	0.000000	358719	ttl	4	71	n/a	n/a	n/a	n/a	n/a	n/a	n/a	n/a	n/a	n/a	n/a	n/a	n/a	n/a	n/a	n/a	n/a	n/a	n/a	n/a	n/a	1793.596445	n/a
1793.605652	0.000000	358721	ttl	11	71	n/a	n/a	n/a	n/a	n/a	n/a	n/a	n/a	n/a	n/a	n/a	n/a	n/a	n/a	n/a	n/a	n/a	n/a	n/a	n/a	n/a	1793.605652	n/a
1794.122175	1.533762	358824	scene_recognition	n/a	n/a	n/a	71.0	n/a	n/a	n/a	1793.6056515	n/a	3.031980596584617	2	3	3	HB_8_frameA_foil.png	1	7	1798.6879167499999	0	164	n/a	n/a	intervals/recognition_table	163	1794.122175	1795.655936
1794.122175	0.000000	358824	ttl	1	71	n/a	n/a	n/a	n/a	n/a	n/a	n/a	n/a	n/a	n/a	n/a	n/a	n/a	n/a	n/a	n/a	n/a	n/a	n/a	n/a	n/a	1794.122175	n/a
1795.655936	0.000000	359131	ttl	2	71	n/a	n/a	n/a	n/a	n/a	n/a	n/a	n/a	n/a	n/a	n/a	n/a	n/a	n/a	n/a	n/a	n/a	n/a	n/a	n/a	n/a	1795.655936	n/a
1798.687917	0.000000	359738	ttl	4	71	n/a	n/a	n/a	n/a	n/a	n/a	n/a	n/a	n/a	n/a	n/a	n/a	n/a	n/a	n/a	n/a	n/a	n/a	n/a	n/a	n/a	1798.687917	n/a
1798.694248	0.000000	359739	ttl	11	71	n/a	n/a	n/a	n/a	n/a	n/a	n/a	n/a	n/a	n/a	n/a	n/a	n/a	n/a	n/a	n/a	n/a	n/a	n/a	n/a	n/a	1798.694248	n/a
1799.177482	1.533787	359835	scene_recognition	n/a	n/a	n/a	71.0	n/a	n/a	n/a	1798.694248	n/a	0.19595232830033638	1	2	2	SB_2_frameA_foil.png	2	3	1800.90722175	0	165	n/a	n/a	intervals/recognition_table	164	1799.177482	1800.711269
1799.177482	0.000000	359835	ttl	1	71	n/a	n/a	n/a	n/a	n/a	n/a	n/a	n/a	n/a	n/a	n/a	n/a	n/a	n/a	n/a	n/a	n/a	n/a	n/a	n/a	n/a	1799.177482	n/a
1800.711269	0.000000	360142	ttl	2	71	n/a	n/a	n/a	n/a	n/a	n/a	n/a	n/a	n/a	n/a	n/a	n/a	n/a	n/a	n/a	n/a	n/a	n/a	n/a	n/a	n/a	1800.711269	n/a
1800.907222	0.000000	360181	ttl	4	71	n/a	n/a	n/a	n/a	n/a	n/a	n/a	n/a	n/a	n/a	n/a	n/a	n/a	n/a	n/a	n/a	n/a	n/a	n/a	n/a	n/a	1800.907222	n/a
1800.916628	0.000000	360183	ttl	11	71	n/a	n/a	n/a	n/a	n/a	n/a	n/a	n/a	n/a	n/a	n/a	n/a	n/a	n/a	n/a	n/a	n/a	n/a	n/a	n/a	n/a	1800.916628	n/a
1801.416518	1.534327	360283	scene_recognition	n/a	n/a	n/a	71.0	n/a	n/a	n/a	1800.9166285	n/a	1.207963232533075	2	1	3	NB_27_frameB.png	2	2	1804.1588084999999	1	166	n/a	n/a	intervals/recognition_table	165	1801.416518	1802.950845
1801.416518	0.000000	360283	ttl	1	71	n/a	n/a	n/a	n/a	n/a	n/a	n/a	n/a	n/a	n/a	n/a	n/a	n/a	n/a	n/a	n/a	n/a	n/a	n/a	n/a	n/a	1801.416518	n/a
1802.950845	0.000000	360590	ttl	2	71	n/a	n/a	n/a	n/a	n/a	n/a	n/a	n/a	n/a	n/a	n/a	n/a	n/a	n/a	n/a	n/a	n/a	n/a	n/a	n/a	n/a	1802.950845	n/a
1804.158808	0.000000	360832	ttl	4	71	n/a	n/a	n/a	n/a	n/a	n/a	n/a	n/a	n/a	n/a	n/a	n/a	n/a	n/a	n/a	n/a	n/a	n/a	n/a	n/a	n/a	1804.158808	n/a
1804.166734	0.000000	360833	ttl	11	71	n/a	n/a	n/a	n/a	n/a	n/a	n/a	n/a	n/a	n/a	n/a	n/a	n/a	n/a	n/a	n/a	n/a	n/a	n/a	n/a	n/a	1804.166734	n/a
1804.733284	1.533916	360947	scene_recognition	n/a	n/a	n/a	71.0	n/a	n/a	n/a	1804.1667337499998	n/a	0.10726249535218813	1	2	2	SB_7_frameB.png	1	6	1806.3744629999999	1	167	n/a	n/a	intervals/recognition_table	166	1804.733284	1806.267200
1804.733284	0.000000	360947	ttl	1	71	n/a	n/a	n/a	n/a	n/a	n/a	n/a	n/a	n/a	n/a	n/a	n/a	n/a	n/a	n/a	n/a	n/a	n/a	n/a	n/a	n/a	1804.733284	n/a
1806.267200	0.000000	361253	ttl	2	71	n/a	n/a	n/a	n/a	n/a	n/a	n/a	n/a	n/a	n/a	n/a	n/a	n/a	n/a	n/a	n/a	n/a	n/a	n/a	n/a	n/a	1806.267200	n/a
1806.374463	0.000000	361275	ttl	4	71	n/a	n/a	n/a	n/a	n/a	n/a	n/a	n/a	n/a	n/a	n/a	n/a	n/a	n/a	n/a	n/a	n/a	n/a	n/a	n/a	n/a	1806.374463	n/a
1806.385256	0.000000	361277	ttl	11	71	n/a	n/a	n/a	n/a	n/a	n/a	n/a	n/a	n/a	n/a	n/a	n/a	n/a	n/a	n/a	n/a	n/a	n/a	n/a	n/a	n/a	1806.385256	n/a
1806.885160	1.533858	361377	scene_recognition	n/a	n/a	n/a	71.0	n/a	n/a	n/a	1806.38525575	n/a	2.2387160437647253	2	3	2	HB_5_frameA.png	2	3	1810.65773475	1	168	n/a	n/a	intervals/recognition_table	167	1806.885160	1808.419018
1806.885160	0.000000	361377	ttl	1	71	n/a	n/a	n/a	n/a	n/a	n/a	n/a	n/a	n/a	n/a	n/a	n/a	n/a	n/a	n/a	n/a	n/a	n/a	n/a	n/a	n/a	1806.885160	n/a
1808.419018	0.000000	361684	ttl	2	71	n/a	n/a	n/a	n/a	n/a	n/a	n/a	n/a	n/a	n/a	n/a	n/a	n/a	n/a	n/a	n/a	n/a	n/a	n/a	n/a	n/a	1808.419018	n/a
1810.657735	0.000000	362132	ttl	4	71	n/a	n/a	n/a	n/a	n/a	n/a	n/a	n/a	n/a	n/a	n/a	n/a	n/a	n/a	n/a	n/a	n/a	n/a	n/a	n/a	n/a	1810.657735	n/a
1810.670913	0.000000	362134	ttl	11	71	n/a	n/a	n/a	n/a	n/a	n/a	n/a	n/a	n/a	n/a	n/a	n/a	n/a	n/a	n/a	n/a	n/a	n/a	n/a	n/a	n/a	1810.670913	n/a
1811.187469	1.533467	362237	scene_recognition	n/a	n/a	n/a	71.0	n/a	n/a	n/a	1810.6709127499998	n/a	2.693369276363228	2	1	2	NB_23_frameB.png	2	3	1815.4143055	1	169	n/a	n/a	intervals/recognition_table	168	1811.187469	1812.720936
1811.187469	0.000000	362237	ttl	1	71	n/a	n/a	n/a	n/a	n/a	n/a	n/a	n/a	n/a	n/a	n/a	n/a	n/a	n/a	n/a	n/a	n/a	n/a	n/a	n/a	n/a	1811.187469	n/a
1812.720936	0.000000	362544	ttl	2	71	n/a	n/a	n/a	n/a	n/a	n/a	n/a	n/a	n/a	n/a	n/a	n/a	n/a	n/a	n/a	n/a	n/a	n/a	n/a	n/a	n/a	1812.720936	n/a
1815.414305	0.000000	363083	ttl	4	71	n/a	n/a	n/a	n/a	n/a	n/a	n/a	n/a	n/a	n/a	n/a	n/a	n/a	n/a	n/a	n/a	n/a	n/a	n/a	n/a	n/a	1815.414305	n/a
1815.420811	0.000000	363084	ttl	11	71	n/a	n/a	n/a	n/a	n/a	n/a	n/a	n/a	n/a	n/a	n/a	n/a	n/a	n/a	n/a	n/a	n/a	n/a	n/a	n/a	n/a	1815.420811	n/a
1815.920715	1.534760	363184	scene_recognition	n/a	n/a	n/a	71.0	n/a	n/a	n/a	1815.420811	n/a	1.651360389223555	2	3	2	HB_1_frameA.png	2	3	1819.10683525	1	170	n/a	n/a	intervals/recognition_table	169	1815.920715	1817.455475
1815.920715	0.000000	363184	ttl	1	71	n/a	n/a	n/a	n/a	n/a	n/a	n/a	n/a	n/a	n/a	n/a	n/a	n/a	n/a	n/a	n/a	n/a	n/a	n/a	n/a	n/a	1815.920715	n/a
1817.455475	0.000000	363491	ttl	2	71	n/a	n/a	n/a	n/a	n/a	n/a	n/a	n/a	n/a	n/a	n/a	n/a	n/a	n/a	n/a	n/a	n/a	n/a	n/a	n/a	n/a	1817.455475	n/a
1819.106835	0.000000	363821	ttl	4	71	n/a	n/a	n/a	n/a	n/a	n/a	n/a	n/a	n/a	n/a	n/a	n/a	n/a	n/a	n/a	n/a	n/a	n/a	n/a	n/a	n/a	1819.106835	n/a
1819.123367	0.000000	363825	ttl	11	71	n/a	n/a	n/a	n/a	n/a	n/a	n/a	n/a	n/a	n/a	n/a	n/a	n/a	n/a	n/a	n/a	n/a	n/a	n/a	n/a	n/a	1819.123367	n/a
1819.589942	1.533780	363918	scene_recognition	n/a	n/a	n/a	71.0	n/a	n/a	n/a	1819.12336725	n/a	0.0	1	2	0	SB_6_frameB.png	0	1	1821.124722	1	171	n/a	n/a	intervals/recognition_table	170	1819.589942	1821.123722
1819.589942	0.000000	363918	ttl	1	71	n/a	n/a	n/a	n/a	n/a	n/a	n/a	n/a	n/a	n/a	n/a	n/a	n/a	n/a	n/a	n/a	n/a	n/a	n/a	n/a	n/a	1819.589942	n/a
1821.123722	0.000000	364225	ttl	2	71	n/a	n/a	n/a	n/a	n/a	n/a	n/a	n/a	n/a	n/a	n/a	n/a	n/a	n/a	n/a	n/a	n/a	n/a	n/a	n/a	n/a	1821.123722	n/a
1822.492843	0.000000	364499	ttl	11	71	n/a	n/a	n/a	n/a	n/a	n/a	n/a	n/a	n/a	n/a	n/a	n/a	n/a	n/a	n/a	n/a	n/a	n/a	n/a	n/a	n/a	1822.492843	n/a
1823.009384	1.534566	364602	scene_recognition	n/a	n/a	n/a	71.0	n/a	n/a	n/a	1822.49284275	n/a	0.0	1	2	0	SB_1_frameB_foil.png	0	1	1824.5449502499998	0	172	n/a	n/a	intervals/recognition_table	171	1823.009384	1824.543950
1823.009384	0.000000	364602	ttl	1	71	n/a	n/a	n/a	n/a	n/a	n/a	n/a	n/a	n/a	n/a	n/a	n/a	n/a	n/a	n/a	n/a	n/a	n/a	n/a	n/a	n/a	1823.009384	n/a
1824.543950	0.000000	364909	ttl	2	71	n/a	n/a	n/a	n/a	n/a	n/a	n/a	n/a	n/a	n/a	n/a	n/a	n/a	n/a	n/a	n/a	n/a	n/a	n/a	n/a	n/a	1824.543950	n/a
1825.484960	0.000000	365097	ttl	11	71	n/a	n/a	n/a	n/a	n/a	n/a	n/a	n/a	n/a	n/a	n/a	n/a	n/a	n/a	n/a	n/a	n/a	n/a	n/a	n/a	n/a	1825.484960	n/a
1826.001518	1.533753	365200	scene_recognition	n/a	n/a	n/a	71.0	n/a	n/a	n/a	1825.48495975	n/a	0.0	1	2	0	SB_4_frameB_foil.png	0	1	1827.5362714999999	0	173	n/a	n/a	intervals/recognition_table	172	1826.001518	1827.535271
1826.001518	0.000000	365200	ttl	1	71	n/a	n/a	n/a	n/a	n/a	n/a	n/a	n/a	n/a	n/a	n/a	n/a	n/a	n/a	n/a	n/a	n/a	n/a	n/a	n/a	n/a	1826.001518	n/a
1827.535271	0.000000	365507	ttl	2	71	n/a	n/a	n/a	n/a	n/a	n/a	n/a	n/a	n/a	n/a	n/a	n/a	n/a	n/a	n/a	n/a	n/a	n/a	n/a	n/a	n/a	1827.535271	n/a
1828.688532	0.000000	365738	ttl	11	71	n/a	n/a	n/a	n/a	n/a	n/a	n/a	n/a	n/a	n/a	n/a	n/a	n/a	n/a	n/a	n/a	n/a	n/a	n/a	n/a	n/a	1828.688532	n/a
1829.238420	1.534833	365848	scene_recognition	n/a	n/a	n/a	71.0	n/a	n/a	n/a	1828.688532	n/a	0.0	1	3	0	HB_5_frameB.png	0	1	1830.7742535	1	174	n/a	n/a	intervals/recognition_table	173	1829.238420	1830.773254
1829.238420	0.000000	365848	ttl	1	71	n/a	n/a	n/a	n/a	n/a	n/a	n/a	n/a	n/a	n/a	n/a	n/a	n/a	n/a	n/a	n/a	n/a	n/a	n/a	n/a	n/a	1829.238420	n/a
1830.773254	0.000000	366155	ttl	2	71	n/a	n/a	n/a	n/a	n/a	n/a	n/a	n/a	n/a	n/a	n/a	n/a	n/a	n/a	n/a	n/a	n/a	n/a	n/a	n/a	n/a	1830.773254	n/a
1832.306028	0.000000	366461	ttl	11	71	n/a	n/a	n/a	n/a	n/a	n/a	n/a	n/a	n/a	n/a	n/a	n/a	n/a	n/a	n/a	n/a	n/a	n/a	n/a	n/a	n/a	1832.306028	n/a
1832.805928	1.550295	366561	scene_recognition	n/a	n/a	n/a	71.0	n/a	n/a	n/a	1832.306028	n/a	2.0211138669619686	1	1	1	NB_20_frameB_foil.png	2	4	1836.377337	0	175	n/a	n/a	intervals/recognition_table	174	1832.805928	1834.356223
1832.805928	0.000000	366561	ttl	1	71	n/a	n/a	n/a	n/a	n/a	n/a	n/a	n/a	n/a	n/a	n/a	n/a	n/a	n/a	n/a	n/a	n/a	n/a	n/a	n/a	n/a	1832.805928	n/a
1834.356223	0.000000	366871	ttl	2	71	n/a	n/a	n/a	n/a	n/a	n/a	n/a	n/a	n/a	n/a	n/a	n/a	n/a	n/a	n/a	n/a	n/a	n/a	n/a	n/a	n/a	1834.356223	n/a
1836.377337	0.000000	367275	ttl	4	71	n/a	n/a	n/a	n/a	n/a	n/a	n/a	n/a	n/a	n/a	n/a	n/a	n/a	n/a	n/a	n/a	n/a	n/a	n/a	n/a	n/a	1836.377337	n/a
1836.391832	0.000000	367278	ttl	11	71	n/a	n/a	n/a	n/a	n/a	n/a	n/a	n/a	n/a	n/a	n/a	n/a	n/a	n/a	n/a	n/a	n/a	n/a	n/a	n/a	n/a	1836.391832	n/a
1836.925016	1.533734	367385	scene_recognition	n/a	n/a	n/a	71.0	n/a	n/a	n/a	1836.3918325	n/a	0.8481380215016543	2	2	2	SB_1_frameB.png	2	3	1839.3068885	1	176	n/a	n/a	intervals/recognition_table	175	1836.925016	1838.458750
1836.925016	0.000000	367385	ttl	1	71	n/a	n/a	n/a	n/a	n/a	n/a	n/a	n/a	n/a	n/a	n/a	n/a	n/a	n/a	n/a	n/a	n/a	n/a	n/a	n/a	n/a	1836.925016	n/a
1838.458750	0.000000	367692	ttl	2	71	n/a	n/a	n/a	n/a	n/a	n/a	n/a	n/a	n/a	n/a	n/a	n/a	n/a	n/a	n/a	n/a	n/a	n/a	n/a	n/a	n/a	1838.458750	n/a
1839.306889	0.000000	367861	ttl	4	71	n/a	n/a	n/a	n/a	n/a	n/a	n/a	n/a	n/a	n/a	n/a	n/a	n/a	n/a	n/a	n/a	n/a	n/a	n/a	n/a	n/a	1839.306889	n/a
1839.330169	0.000000	367866	ttl	11	71	n/a	n/a	n/a	n/a	n/a	n/a	n/a	n/a	n/a	n/a	n/a	n/a	n/a	n/a	n/a	n/a	n/a	n/a	n/a	n/a	n/a	1839.330169	n/a
1839.906729	1.499682	367981	scene_recognition	n/a	n/a	n/a	71.0	n/a	n/a	n/a	1839.3301689999998	n/a	0.937102339536068	2	2	3	SB_30_frameA.png	2	2	1842.3435144999999	1	177	n/a	n/a	intervals/recognition_table	176	1839.906729	1841.406412
1839.906729	0.000000	367981	ttl	1	71	n/a	n/a	n/a	n/a	n/a	n/a	n/a	n/a	n/a	n/a	n/a	n/a	n/a	n/a	n/a	n/a	n/a	n/a	n/a	n/a	n/a	1839.906729	n/a
1841.406412	0.000000	368281	ttl	2	71	n/a	n/a	n/a	n/a	n/a	n/a	n/a	n/a	n/a	n/a	n/a	n/a	n/a	n/a	n/a	n/a	n/a	n/a	n/a	n/a	n/a	1841.406412	n/a
1842.343514	0.000000	368469	ttl	4	71	n/a	n/a	n/a	n/a	n/a	n/a	n/a	n/a	n/a	n/a	n/a	n/a	n/a	n/a	n/a	n/a	n/a	n/a	n/a	n/a	n/a	1842.343514	n/a
1842.373208	0.000000	368475	ttl	11	71	n/a	n/a	n/a	n/a	n/a	n/a	n/a	n/a	n/a	n/a	n/a	n/a	n/a	n/a	n/a	n/a	n/a	n/a	n/a	n/a	n/a	1842.373208	n/a
1842.949044	1.514272	368590	scene_recognition	n/a	n/a	n/a	71.0	n/a	n/a	n/a	1842.373208	n/a	0.002232480968814343	2	2	2	SB_30_frameB_foil.png	1	6	1844.46554825	0	178	n/a	n/a	intervals/recognition_table	177	1842.949044	1844.463316
1842.949044	0.000000	368590	ttl	1	71	n/a	n/a	n/a	n/a	n/a	n/a	n/a	n/a	n/a	n/a	n/a	n/a	n/a	n/a	n/a	n/a	n/a	n/a	n/a	n/a	n/a	1842.949044	n/a
1844.463316	0.000000	368893	ttl	2	71	n/a	n/a	n/a	n/a	n/a	n/a	n/a	n/a	n/a	n/a	n/a	n/a	n/a	n/a	n/a	n/a	n/a	n/a	n/a	n/a	n/a	1844.463316	n/a
1844.465548	0.000000	368893	ttl	4	71	n/a	n/a	n/a	n/a	n/a	n/a	n/a	n/a	n/a	n/a	n/a	n/a	n/a	n/a	n/a	n/a	n/a	n/a	n/a	n/a	n/a	1844.465548	n/a
1844.525589	0.000000	368905	ttl	11	71	n/a	n/a	n/a	n/a	n/a	n/a	n/a	n/a	n/a	n/a	n/a	n/a	n/a	n/a	n/a	n/a	n/a	n/a	n/a	n/a	n/a	1844.525589	n/a
1845.088365	1.511585	369018	scene_recognition	n/a	n/a	n/a	71.0	n/a	n/a	n/a	1844.52558875	n/a	2.3414041016440024	2	3	3	HB_30_frameB.png	2	2	1848.9413545	1	179	n/a	n/a	intervals/recognition_table	178	1845.088365	1846.599950
1845.088365	0.000000	369018	ttl	1	71	n/a	n/a	n/a	n/a	n/a	n/a	n/a	n/a	n/a	n/a	n/a	n/a	n/a	n/a	n/a	n/a	n/a	n/a	n/a	n/a	n/a	1845.088365	n/a
1846.599950	0.000000	369320	ttl	2	71	n/a	n/a	n/a	n/a	n/a	n/a	n/a	n/a	n/a	n/a	n/a	n/a	n/a	n/a	n/a	n/a	n/a	n/a	n/a	n/a	n/a	1846.599950	n/a
1848.941354	0.000000	369788	ttl	4	71	n/a	n/a	n/a	n/a	n/a	n/a	n/a	n/a	n/a	n/a	n/a	n/a	n/a	n/a	n/a	n/a	n/a	n/a	n/a	n/a	n/a	1848.941354	n/a
1848.995849	0.000000	369799	ttl	11	71	n/a	n/a	n/a	n/a	n/a	n/a	n/a	n/a	n/a	n/a	n/a	n/a	n/a	n/a	n/a	n/a	n/a	n/a	n/a	n/a	n/a	1848.995849	n/a
1849.574001	1.527723	369915	scene_recognition	n/a	n/a	n/a	71.0	n/a	n/a	n/a	1848.9958494999998	n/a	1.9765340813755756	1	3	3	HB_30_frameA_foil.png	2	2	1853.0782585	0	180	n/a	n/a	intervals/recognition_table	179	1849.574001	1851.101724
1849.574001	0.000000	369915	ttl	1	71	n/a	n/a	n/a	n/a	n/a	n/a	n/a	n/a	n/a	n/a	n/a	n/a	n/a	n/a	n/a	n/a	n/a	n/a	n/a	n/a	n/a	1849.574001	n/a
1851.101724	0.000000	370220	ttl	2	71	n/a	n/a	n/a	n/a	n/a	n/a	n/a	n/a	n/a	n/a	n/a	n/a	n/a	n/a	n/a	n/a	n/a	n/a	n/a	n/a	n/a	1851.101724	n/a
1853.078258	0.000000	370616	ttl	4	71	n/a	n/a	n/a	n/a	n/a	n/a	n/a	n/a	n/a	n/a	n/a	n/a	n/a	n/a	n/a	n/a	n/a	n/a	n/a	n/a	n/a	1853.078258	n/a
1853.129751	0.000000	370626	ttl	60	71	n/a	n/a	n/a	n/a	n/a	n/a	n/a	n/a	n/a	n/a	n/a	n/a	n/a	n/a	n/a	n/a	n/a	n/a	n/a	n/a	n/a	1853.129751	n/a
2067.686767	0.000000	413537	ttl	61	72	n/a	n/a	n/a	n/a	n/a	n/a	n/a	n/a	n/a	n/a	n/a	n/a	n/a	n/a	n/a	n/a	n/a	n/a	n/a	n/a	n/a	2067.686767	n/a
2067.745174	0.000000	413549	ttl	11	72	n/a	n/a	n/a	n/a	n/a	n/a	n/a	n/a	n/a	n/a	n/a	n/a	n/a	n/a	n/a	n/a	n/a	n/a	n/a	n/a	n/a	2067.745174	n/a
2068.328391	2.034701	413666	time_discrimination	n/a	n/a	n/a	72.0	n/a	n/a	n/a	2067.745174	n/a	3.1404428993046167	2.0	2	3.0	SB_10_LongA.png	n/a	2	2073.50353425	n/a	1	1	1	intervals/timediscrimination_table	0	2068.328391	2070.363091
2068.328391	0.000000	413666	ttl	1	72	n/a	n/a	n/a	n/a	n/a	n/a	n/a	n/a	n/a	n/a	n/a	n/a	n/a	n/a	n/a	n/a	n/a	n/a	n/a	n/a	n/a	2068.328391	n/a
2070.363091	0.000000	414073	ttl	2	72	n/a	n/a	n/a	n/a	n/a	n/a	n/a	n/a	n/a	n/a	n/a	n/a	n/a	n/a	n/a	n/a	n/a	n/a	n/a	n/a	n/a	2070.363091	n/a
2073.503534	0.000000	414701	ttl	4	72	n/a	n/a	n/a	n/a	n/a	n/a	n/a	n/a	n/a	n/a	n/a	n/a	n/a	n/a	n/a	n/a	n/a	n/a	n/a	n/a	n/a	2073.503534	n/a
2073.524680	0.000000	414705	ttl	11	72	n/a	n/a	n/a	n/a	n/a	n/a	n/a	n/a	n/a	n/a	n/a	n/a	n/a	n/a	n/a	n/a	n/a	n/a	n/a	n/a	n/a	2073.524680	n/a
2074.041236	2.033606	414808	time_discrimination	n/a	n/a	n/a	72.0	n/a	n/a	n/a	2073.52468	n/a	2.4526963827447616	1.0	1	2.0	NB_22_LongA.png	n/a	6	2078.5275385	n/a	2	2	1	intervals/timediscrimination_table	1	2074.041236	2076.074842
2074.041236	0.000000	414808	ttl	1	72	n/a	n/a	n/a	n/a	n/a	n/a	n/a	n/a	n/a	n/a	n/a	n/a	n/a	n/a	n/a	n/a	n/a	n/a	n/a	n/a	n/a	2074.041236	n/a
2076.074842	0.000000	415215	ttl	2	72	n/a	n/a	n/a	n/a	n/a	n/a	n/a	n/a	n/a	n/a	n/a	n/a	n/a	n/a	n/a	n/a	n/a	n/a	n/a	n/a	n/a	2076.074842	n/a
2078.527538	0.000000	415706	ttl	4	72	n/a	n/a	n/a	n/a	n/a	n/a	n/a	n/a	n/a	n/a	n/a	n/a	n/a	n/a	n/a	n/a	n/a	n/a	n/a	n/a	n/a	2078.527538	n/a
2078.543772	0.000000	415709	ttl	11	72	n/a	n/a	n/a	n/a	n/a	n/a	n/a	n/a	n/a	n/a	n/a	n/a	n/a	n/a	n/a	n/a	n/a	n/a	n/a	n/a	n/a	2078.543772	n/a
2079.110315	2.033992	415822	time_discrimination	n/a	n/a	n/a	72.0	n/a	n/a	n/a	2078.5437724999997	n/a	1.5514889466576278	1.0	3	2.0	HB_18_LongA.png	n/a	6	2082.6957955	n/a	3	2	1	intervals/timediscrimination_table	2	2079.110315	2081.144307
2079.110315	0.000000	415822	ttl	1	72	n/a	n/a	n/a	n/a	n/a	n/a	n/a	n/a	n/a	n/a	n/a	n/a	n/a	n/a	n/a	n/a	n/a	n/a	n/a	n/a	n/a	2079.110315	n/a
2081.144307	0.000000	416229	ttl	2	72	n/a	n/a	n/a	n/a	n/a	n/a	n/a	n/a	n/a	n/a	n/a	n/a	n/a	n/a	n/a	n/a	n/a	n/a	n/a	n/a	n/a	2081.144307	n/a
2082.695795	0.000000	416539	ttl	4	72	n/a	n/a	n/a	n/a	n/a	n/a	n/a	n/a	n/a	n/a	n/a	n/a	n/a	n/a	n/a	n/a	n/a	n/a	n/a	n/a	n/a	2082.695795	n/a
2082.708258	0.000000	416542	ttl	11	72	n/a	n/a	n/a	n/a	n/a	n/a	n/a	n/a	n/a	n/a	n/a	n/a	n/a	n/a	n/a	n/a	n/a	n/a	n/a	n/a	n/a	2082.708258	n/a
2083.191486	2.033783	416638	time_discrimination	n/a	n/a	n/a	72.0	n/a	n/a	n/a	2082.7082585	n/a	0.0	1.0	2	0.0	SB_43_LongA.png	n/a	1	2085.22626925	n/a	4	1	2	intervals/timediscrimination_table	3	2083.191486	2085.225269
2083.191486	0.000000	416638	ttl	1	72	n/a	n/a	n/a	n/a	n/a	n/a	n/a	n/a	n/a	n/a	n/a	n/a	n/a	n/a	n/a	n/a	n/a	n/a	n/a	n/a	n/a	2083.191486	n/a
2085.225269	0.000000	417045	ttl	2	72	n/a	n/a	n/a	n/a	n/a	n/a	n/a	n/a	n/a	n/a	n/a	n/a	n/a	n/a	n/a	n/a	n/a	n/a	n/a	n/a	n/a	2085.225269	n/a
2085.446838	0.000000	417089	ttl	11	72	n/a	n/a	n/a	n/a	n/a	n/a	n/a	n/a	n/a	n/a	n/a	n/a	n/a	n/a	n/a	n/a	n/a	n/a	n/a	n/a	n/a	2085.446838	n/a
2086.063385	2.034654	417213	time_discrimination	n/a	n/a	n/a	72.0	n/a	n/a	n/a	2085.4468377499998	n/a	2.0583662850040128	2.0	2	3.0	SB_3_LongA.png	n/a	7	2090.15640575	n/a	5	2	2	intervals/timediscrimination_table	4	2086.063385	2088.098039
2086.063385	0.000000	417213	ttl	1	72	n/a	n/a	n/a	n/a	n/a	n/a	n/a	n/a	n/a	n/a	n/a	n/a	n/a	n/a	n/a	n/a	n/a	n/a	n/a	n/a	n/a	2086.063385	n/a
2088.098039	0.000000	417620	ttl	2	72	n/a	n/a	n/a	n/a	n/a	n/a	n/a	n/a	n/a	n/a	n/a	n/a	n/a	n/a	n/a	n/a	n/a	n/a	n/a	n/a	n/a	2088.098039	n/a
2090.156406	0.000000	418031	ttl	4	72	n/a	n/a	n/a	n/a	n/a	n/a	n/a	n/a	n/a	n/a	n/a	n/a	n/a	n/a	n/a	n/a	n/a	n/a	n/a	n/a	n/a	2090.156406	n/a
2090.161856	0.000000	418032	ttl	11	72	n/a	n/a	n/a	n/a	n/a	n/a	n/a	n/a	n/a	n/a	n/a	n/a	n/a	n/a	n/a	n/a	n/a	n/a	n/a	n/a	n/a	2090.161856	n/a
2090.761719	2.033487	418152	time_discrimination	n/a	n/a	n/a	72.0	n/a	n/a	n/a	2090.1618559999997	n/a	1.6931276914838236	2.0	2	3.0	SB_41_ShortA.png	n/a	2	2094.4883335	n/a	6	1	1	intervals/timediscrimination_table	5	2090.761719	2092.795206
2090.761719	0.000000	418152	ttl	1	72	n/a	n/a	n/a	n/a	n/a	n/a	n/a	n/a	n/a	n/a	n/a	n/a	n/a	n/a	n/a	n/a	n/a	n/a	n/a	n/a	n/a	2090.761719	n/a
2092.795206	0.000000	418559	ttl	2	72	n/a	n/a	n/a	n/a	n/a	n/a	n/a	n/a	n/a	n/a	n/a	n/a	n/a	n/a	n/a	n/a	n/a	n/a	n/a	n/a	n/a	2092.795206	n/a
2094.488333	0.000000	418898	ttl	4	72	n/a	n/a	n/a	n/a	n/a	n/a	n/a	n/a	n/a	n/a	n/a	n/a	n/a	n/a	n/a	n/a	n/a	n/a	n/a	n/a	n/a	2094.488333	n/a
2094.503929	0.000000	418901	ttl	11	72	n/a	n/a	n/a	n/a	n/a	n/a	n/a	n/a	n/a	n/a	n/a	n/a	n/a	n/a	n/a	n/a	n/a	n/a	n/a	n/a	n/a	2094.503929	n/a
2095.053818	2.034879	419011	time_discrimination	n/a	n/a	n/a	72.0	n/a	n/a	n/a	2094.5039294999997	n/a	2.2929865872574737	1.0	1	3.0	NB_16_LongA.png	n/a	2	2099.381684	n/a	7	1	2	intervals/timediscrimination_table	6	2095.053818	2097.088697
2095.053818	0.000000	419011	ttl	1	72	n/a	n/a	n/a	n/a	n/a	n/a	n/a	n/a	n/a	n/a	n/a	n/a	n/a	n/a	n/a	n/a	n/a	n/a	n/a	n/a	n/a	2095.053818	n/a
2097.088697	0.000000	419418	ttl	2	72	n/a	n/a	n/a	n/a	n/a	n/a	n/a	n/a	n/a	n/a	n/a	n/a	n/a	n/a	n/a	n/a	n/a	n/a	n/a	n/a	n/a	2097.088697	n/a
2099.381684	0.000000	419876	ttl	4	72	n/a	n/a	n/a	n/a	n/a	n/a	n/a	n/a	n/a	n/a	n/a	n/a	n/a	n/a	n/a	n/a	n/a	n/a	n/a	n/a	n/a	2099.381684	n/a
2099.397154	0.000000	419879	ttl	11	72	n/a	n/a	n/a	n/a	n/a	n/a	n/a	n/a	n/a	n/a	n/a	n/a	n/a	n/a	n/a	n/a	n/a	n/a	n/a	n/a	n/a	2099.397154	n/a
2099.980368	2.033692	419996	time_discrimination	n/a	n/a	n/a	72.0	n/a	n/a	n/a	2099.3971537499997	n/a	1.7628643271673354	2.0	1	3.0	NB_22_ShortA.png	n/a	2	2103.7769245	n/a	8	1	1	intervals/timediscrimination_table	7	2099.980368	2102.014060
2099.980368	0.000000	419996	ttl	1	72	n/a	n/a	n/a	n/a	n/a	n/a	n/a	n/a	n/a	n/a	n/a	n/a	n/a	n/a	n/a	n/a	n/a	n/a	n/a	n/a	n/a	2099.980368	n/a
2102.014060	0.000000	420403	ttl	2	72	n/a	n/a	n/a	n/a	n/a	n/a	n/a	n/a	n/a	n/a	n/a	n/a	n/a	n/a	n/a	n/a	n/a	n/a	n/a	n/a	n/a	2102.014060	n/a
2103.776924	0.000000	420755	ttl	4	72	n/a	n/a	n/a	n/a	n/a	n/a	n/a	n/a	n/a	n/a	n/a	n/a	n/a	n/a	n/a	n/a	n/a	n/a	n/a	n/a	n/a	2103.776924	n/a
2103.791719	0.000000	420758	ttl	11	72	n/a	n/a	n/a	n/a	n/a	n/a	n/a	n/a	n/a	n/a	n/a	n/a	n/a	n/a	n/a	n/a	n/a	n/a	n/a	n/a	n/a	2103.791719	n/a
2104.291625	2.033320	420858	time_discrimination	n/a	n/a	n/a	72.0	n/a	n/a	n/a	2103.7917185	n/a	1.7452536551936646	2.0	3	2.0	HB_33_LongA.png	n/a	6	2108.07019775	n/a	9	2	2	intervals/timediscrimination_table	8	2104.291625	2106.324944
2104.291625	0.000000	420858	ttl	1	72	n/a	n/a	n/a	n/a	n/a	n/a	n/a	n/a	n/a	n/a	n/a	n/a	n/a	n/a	n/a	n/a	n/a	n/a	n/a	n/a	n/a	2104.291625	n/a
2106.324944	0.000000	421265	ttl	2	72	n/a	n/a	n/a	n/a	n/a	n/a	n/a	n/a	n/a	n/a	n/a	n/a	n/a	n/a	n/a	n/a	n/a	n/a	n/a	n/a	n/a	2106.324944	n/a
2108.070198	0.000000	421614	ttl	4	72	n/a	n/a	n/a	n/a	n/a	n/a	n/a	n/a	n/a	n/a	n/a	n/a	n/a	n/a	n/a	n/a	n/a	n/a	n/a	n/a	n/a	2108.070198	n/a
2108.077077	0.000000	421615	ttl	11	72	n/a	n/a	n/a	n/a	n/a	n/a	n/a	n/a	n/a	n/a	n/a	n/a	n/a	n/a	n/a	n/a	n/a	n/a	n/a	n/a	n/a	2108.077077	n/a
2108.593634	2.033517	421719	time_discrimination	n/a	n/a	n/a	72.0	n/a	n/a	n/a	2108.077077	n/a	0.0	1.0	3	0.0	HB_24_LongA.png	n/a	1	2110.62815125	n/a	10	1	2	intervals/timediscrimination_table	9	2108.593634	2110.627151
2108.593634	0.000000	421719	ttl	1	72	n/a	n/a	n/a	n/a	n/a	n/a	n/a	n/a	n/a	n/a	n/a	n/a	n/a	n/a	n/a	n/a	n/a	n/a	n/a	n/a	n/a	2108.593634	n/a
2110.627151	0.000000	422125	ttl	2	72	n/a	n/a	n/a	n/a	n/a	n/a	n/a	n/a	n/a	n/a	n/a	n/a	n/a	n/a	n/a	n/a	n/a	n/a	n/a	n/a	n/a	2110.627151	n/a
2114.323041	0.000000	422865	ttl	11	72	n/a	n/a	n/a	n/a	n/a	n/a	n/a	n/a	n/a	n/a	n/a	n/a	n/a	n/a	n/a	n/a	n/a	n/a	n/a	n/a	n/a	2114.323041	n/a
2114.856264	2.033689	422971	time_discrimination	n/a	n/a	n/a	72.0	n/a	n/a	n/a	2114.32304075	n/a	4.7002887702401495	2.0	3	2.0	HB_38_LongA.png	n/a	6	2121.59024225	n/a	11	2	2	intervals/timediscrimination_table	10	2114.856264	2116.889954
2114.856264	0.000000	422971	ttl	1	72	n/a	n/a	n/a	n/a	n/a	n/a	n/a	n/a	n/a	n/a	n/a	n/a	n/a	n/a	n/a	n/a	n/a	n/a	n/a	n/a	n/a	2114.856264	n/a
2116.889954	0.000000	423378	ttl	2	72	n/a	n/a	n/a	n/a	n/a	n/a	n/a	n/a	n/a	n/a	n/a	n/a	n/a	n/a	n/a	n/a	n/a	n/a	n/a	n/a	n/a	2116.889954	n/a
2121.590242	0.000000	424318	ttl	4	72	n/a	n/a	n/a	n/a	n/a	n/a	n/a	n/a	n/a	n/a	n/a	n/a	n/a	n/a	n/a	n/a	n/a	n/a	n/a	n/a	n/a	2121.590242	n/a
2121.604884	0.000000	424321	ttl	11	72	n/a	n/a	n/a	n/a	n/a	n/a	n/a	n/a	n/a	n/a	n/a	n/a	n/a	n/a	n/a	n/a	n/a	n/a	n/a	n/a	n/a	2121.604884	n/a
2122.071465	2.033554	424414	time_discrimination	n/a	n/a	n/a	72.0	n/a	n/a	n/a	2121.6048837499998	n/a	1.1409409903208143	2.0	1	2.0	NB_26_ShortA.png	n/a	3	2125.2459599999997	n/a	12	1	1	intervals/timediscrimination_table	11	2122.071465	2124.105019
2122.071465	0.000000	424414	ttl	1	72	n/a	n/a	n/a	n/a	n/a	n/a	n/a	n/a	n/a	n/a	n/a	n/a	n/a	n/a	n/a	n/a	n/a	n/a	n/a	n/a	n/a	2122.071465	n/a
2124.105019	0.000000	424821	ttl	2	72	n/a	n/a	n/a	n/a	n/a	n/a	n/a	n/a	n/a	n/a	n/a	n/a	n/a	n/a	n/a	n/a	n/a	n/a	n/a	n/a	n/a	2124.105019	n/a
2125.245960	0.000000	425049	ttl	4	72	n/a	n/a	n/a	n/a	n/a	n/a	n/a	n/a	n/a	n/a	n/a	n/a	n/a	n/a	n/a	n/a	n/a	n/a	n/a	n/a	n/a	2125.245960	n/a
2125.256434	0.000000	425051	ttl	11	72	n/a	n/a	n/a	n/a	n/a	n/a	n/a	n/a	n/a	n/a	n/a	n/a	n/a	n/a	n/a	n/a	n/a	n/a	n/a	n/a	n/a	2125.256434	n/a
2125.872962	2.033349	425175	time_discrimination	n/a	n/a	n/a	72.0	n/a	n/a	n/a	2125.25643425	n/a	1.028473821876105	2.0	2	3.0	SB_27_LongA.png	n/a	7	2128.9347855	n/a	13	2	2	intervals/timediscrimination_table	12	2125.872962	2127.906312
2125.872962	0.000000	425175	ttl	1	72	n/a	n/a	n/a	n/a	n/a	n/a	n/a	n/a	n/a	n/a	n/a	n/a	n/a	n/a	n/a	n/a	n/a	n/a	n/a	n/a	n/a	2125.872962	n/a
2127.906312	0.000000	425581	ttl	2	72	n/a	n/a	n/a	n/a	n/a	n/a	n/a	n/a	n/a	n/a	n/a	n/a	n/a	n/a	n/a	n/a	n/a	n/a	n/a	n/a	n/a	2127.906312	n/a
2128.934786	0.000000	425787	ttl	4	72	n/a	n/a	n/a	n/a	n/a	n/a	n/a	n/a	n/a	n/a	n/a	n/a	n/a	n/a	n/a	n/a	n/a	n/a	n/a	n/a	n/a	2128.934786	n/a
2128.938732	0.000000	425788	ttl	11	72	n/a	n/a	n/a	n/a	n/a	n/a	n/a	n/a	n/a	n/a	n/a	n/a	n/a	n/a	n/a	n/a	n/a	n/a	n/a	n/a	n/a	2128.938732	n/a
2129.521943	2.033512	425904	time_discrimination	n/a	n/a	n/a	72.0	n/a	n/a	n/a	2128.938732	n/a	1.8729204893024871	2.0	2	3.0	SB_52_ShortA.png	n/a	2	2133.42837525	n/a	14	1	1	intervals/timediscrimination_table	13	2129.521943	2131.555455
2129.521943	0.000000	425904	ttl	1	72	n/a	n/a	n/a	n/a	n/a	n/a	n/a	n/a	n/a	n/a	n/a	n/a	n/a	n/a	n/a	n/a	n/a	n/a	n/a	n/a	n/a	2129.521943	n/a
2131.555455	0.000000	426311	ttl	2	72	n/a	n/a	n/a	n/a	n/a	n/a	n/a	n/a	n/a	n/a	n/a	n/a	n/a	n/a	n/a	n/a	n/a	n/a	n/a	n/a	n/a	2131.555455	n/a
2133.428375	0.000000	426686	ttl	4	72	n/a	n/a	n/a	n/a	n/a	n/a	n/a	n/a	n/a	n/a	n/a	n/a	n/a	n/a	n/a	n/a	n/a	n/a	n/a	n/a	n/a	2133.428375	n/a
2133.440681	0.000000	426688	ttl	11	72	n/a	n/a	n/a	n/a	n/a	n/a	n/a	n/a	n/a	n/a	n/a	n/a	n/a	n/a	n/a	n/a	n/a	n/a	n/a	n/a	n/a	2133.440681	n/a
2133.973913	2.033526	426795	time_discrimination	n/a	n/a	n/a	72.0	n/a	n/a	n/a	2133.440681	n/a	3.5917010895718704	1.0	3	2.0	HB_41_LongA.png	n/a	3	2139.59914075	n/a	15	1	2	intervals/timediscrimination_table	14	2133.973913	2136.007440
2133.973913	0.000000	426795	ttl	1	72	n/a	n/a	n/a	n/a	n/a	n/a	n/a	n/a	n/a	n/a	n/a	n/a	n/a	n/a	n/a	n/a	n/a	n/a	n/a	n/a	n/a	2133.973913	n/a
2136.007440	0.000000	427201	ttl	2	72	n/a	n/a	n/a	n/a	n/a	n/a	n/a	n/a	n/a	n/a	n/a	n/a	n/a	n/a	n/a	n/a	n/a	n/a	n/a	n/a	n/a	2136.007440	n/a
2139.599141	0.000000	427920	ttl	4	72	n/a	n/a	n/a	n/a	n/a	n/a	n/a	n/a	n/a	n/a	n/a	n/a	n/a	n/a	n/a	n/a	n/a	n/a	n/a	n/a	n/a	2139.599141	n/a
2139.611560	0.000000	427922	ttl	11	72	n/a	n/a	n/a	n/a	n/a	n/a	n/a	n/a	n/a	n/a	n/a	n/a	n/a	n/a	n/a	n/a	n/a	n/a	n/a	n/a	n/a	2139.611560	n/a
2140.211425	2.033621	428042	time_discrimination	n/a	n/a	n/a	72.0	n/a	n/a	n/a	2139.61156	n/a	0.11584799375123112	2.0	1	3.0	NB_21_LongA.png	n/a	2	2142.36089425	n/a	16	1	1	intervals/timediscrimination_table	15	2140.211425	2142.245046
2140.211425	0.000000	428042	ttl	1	72	n/a	n/a	n/a	n/a	n/a	n/a	n/a	n/a	n/a	n/a	n/a	n/a	n/a	n/a	n/a	n/a	n/a	n/a	n/a	n/a	n/a	2140.211425	n/a
2142.245046	0.000000	428449	ttl	2	72	n/a	n/a	n/a	n/a	n/a	n/a	n/a	n/a	n/a	n/a	n/a	n/a	n/a	n/a	n/a	n/a	n/a	n/a	n/a	n/a	n/a	2142.245046	n/a
2142.360894	0.000000	428472	ttl	4	72	n/a	n/a	n/a	n/a	n/a	n/a	n/a	n/a	n/a	n/a	n/a	n/a	n/a	n/a	n/a	n/a	n/a	n/a	n/a	n/a	n/a	2142.360894	n/a
2142.376749	0.000000	428475	ttl	11	72	n/a	n/a	n/a	n/a	n/a	n/a	n/a	n/a	n/a	n/a	n/a	n/a	n/a	n/a	n/a	n/a	n/a	n/a	n/a	n/a	n/a	2142.376749	n/a
2142.943295	2.033712	428589	time_discrimination	n/a	n/a	n/a	72.0	n/a	n/a	n/a	2142.376749	n/a	4.5860469053077395	1.0	3	2.0	HB_8_LongA.png	n/a	6	2149.56305425	n/a	17	2	1	intervals/timediscrimination_table	16	2142.943295	2144.977008
2142.943295	0.000000	428589	ttl	1	72	n/a	n/a	n/a	n/a	n/a	n/a	n/a	n/a	n/a	n/a	n/a	n/a	n/a	n/a	n/a	n/a	n/a	n/a	n/a	n/a	n/a	2142.943295	n/a
2144.977008	0.000000	428995	ttl	2	72	n/a	n/a	n/a	n/a	n/a	n/a	n/a	n/a	n/a	n/a	n/a	n/a	n/a	n/a	n/a	n/a	n/a	n/a	n/a	n/a	n/a	2144.977008	n/a
2149.563054	0.000000	429913	ttl	4	72	n/a	n/a	n/a	n/a	n/a	n/a	n/a	n/a	n/a	n/a	n/a	n/a	n/a	n/a	n/a	n/a	n/a	n/a	n/a	n/a	n/a	2149.563054	n/a
2149.580522	0.000000	429916	ttl	11	72	n/a	n/a	n/a	n/a	n/a	n/a	n/a	n/a	n/a	n/a	n/a	n/a	n/a	n/a	n/a	n/a	n/a	n/a	n/a	n/a	n/a	2149.580522	n/a
2150.080419	2.033428	430016	time_discrimination	n/a	n/a	n/a	72.0	n/a	n/a	n/a	2149.58052225	n/a	1.3562198612635257	2.0	2	3.0	SB_51_LongA.png	n/a	7	2153.4700669999997	n/a	18	2	2	intervals/timediscrimination_table	17	2150.080419	2152.113847
2150.080419	0.000000	430016	ttl	1	72	n/a	n/a	n/a	n/a	n/a	n/a	n/a	n/a	n/a	n/a	n/a	n/a	n/a	n/a	n/a	n/a	n/a	n/a	n/a	n/a	n/a	2150.080419	n/a
2152.113847	0.000000	430423	ttl	2	72	n/a	n/a	n/a	n/a	n/a	n/a	n/a	n/a	n/a	n/a	n/a	n/a	n/a	n/a	n/a	n/a	n/a	n/a	n/a	n/a	n/a	2152.113847	n/a
2153.470067	0.000000	430694	ttl	4	72	n/a	n/a	n/a	n/a	n/a	n/a	n/a	n/a	n/a	n/a	n/a	n/a	n/a	n/a	n/a	n/a	n/a	n/a	n/a	n/a	n/a	2153.470067	n/a
2153.476264	0.000000	430695	ttl	11	72	n/a	n/a	n/a	n/a	n/a	n/a	n/a	n/a	n/a	n/a	n/a	n/a	n/a	n/a	n/a	n/a	n/a	n/a	n/a	n/a	n/a	2153.476264	n/a
2154.042807	2.033840	430809	time_discrimination	n/a	n/a	n/a	72.0	n/a	n/a	n/a	2153.476264	n/a	0.3966000450964202	2.0	2	2.0	SB_17_ShortA.png	n/a	3	2156.473247	n/a	19	1	1	intervals/timediscrimination_table	18	2154.042807	2156.076647
2154.042807	0.000000	430809	ttl	1	72	n/a	n/a	n/a	n/a	n/a	n/a	n/a	n/a	n/a	n/a	n/a	n/a	n/a	n/a	n/a	n/a	n/a	n/a	n/a	n/a	n/a	2154.042807	n/a
2156.076647	0.000000	431215	ttl	2	72	n/a	n/a	n/a	n/a	n/a	n/a	n/a	n/a	n/a	n/a	n/a	n/a	n/a	n/a	n/a	n/a	n/a	n/a	n/a	n/a	n/a	2156.076647	n/a
2156.473247	0.000000	431295	ttl	4	72	n/a	n/a	n/a	n/a	n/a	n/a	n/a	n/a	n/a	n/a	n/a	n/a	n/a	n/a	n/a	n/a	n/a	n/a	n/a	n/a	n/a	2156.473247	n/a
2156.476828	0.000000	431295	ttl	11	72	n/a	n/a	n/a	n/a	n/a	n/a	n/a	n/a	n/a	n/a	n/a	n/a	n/a	n/a	n/a	n/a	n/a	n/a	n/a	n/a	n/a	2156.476828	n/a
2156.993377	2.033666	431399	time_discrimination	n/a	n/a	n/a	72.0	n/a	n/a	n/a	2156.476828	n/a	0.8465440016661887	2.0	2	3.0	SB_37_shortA.png	n/a	7	2159.8735865	n/a	20	2	2	intervals/timediscrimination_table	19	2156.993377	2159.027042
2156.993377	0.000000	431399	ttl	1	72	n/a	n/a	n/a	n/a	n/a	n/a	n/a	n/a	n/a	n/a	n/a	n/a	n/a	n/a	n/a	n/a	n/a	n/a	n/a	n/a	n/a	2156.993377	n/a
2159.027042	0.000000	431805	ttl	2	72	n/a	n/a	n/a	n/a	n/a	n/a	n/a	n/a	n/a	n/a	n/a	n/a	n/a	n/a	n/a	n/a	n/a	n/a	n/a	n/a	n/a	2159.027042	n/a
2159.873586	0.000000	431975	ttl	4	72	n/a	n/a	n/a	n/a	n/a	n/a	n/a	n/a	n/a	n/a	n/a	n/a	n/a	n/a	n/a	n/a	n/a	n/a	n/a	n/a	n/a	2159.873586	n/a
2159.891061	0.000000	431978	ttl	11	72	n/a	n/a	n/a	n/a	n/a	n/a	n/a	n/a	n/a	n/a	n/a	n/a	n/a	n/a	n/a	n/a	n/a	n/a	n/a	n/a	n/a	2159.891061	n/a
2160.390959	2.033444	432078	time_discrimination	n/a	n/a	n/a	72.0	n/a	n/a	n/a	2159.8910605	n/a	0.6803147566461121	2.0	2	3.0	SB_18_LongA.png	n/a	7	2163.104718	n/a	21	2	2	intervals/timediscrimination_table	20	2160.390959	2162.424403
2160.390959	0.000000	432078	ttl	1	72	n/a	n/a	n/a	n/a	n/a	n/a	n/a	n/a	n/a	n/a	n/a	n/a	n/a	n/a	n/a	n/a	n/a	n/a	n/a	n/a	n/a	2160.390959	n/a
2162.424403	0.000000	432485	ttl	2	72	n/a	n/a	n/a	n/a	n/a	n/a	n/a	n/a	n/a	n/a	n/a	n/a	n/a	n/a	n/a	n/a	n/a	n/a	n/a	n/a	n/a	2162.424403	n/a
2163.104718	0.000000	432621	ttl	4	72	n/a	n/a	n/a	n/a	n/a	n/a	n/a	n/a	n/a	n/a	n/a	n/a	n/a	n/a	n/a	n/a	n/a	n/a	n/a	n/a	n/a	2163.104718	n/a
2163.120482	0.000000	432624	ttl	11	72	n/a	n/a	n/a	n/a	n/a	n/a	n/a	n/a	n/a	n/a	n/a	n/a	n/a	n/a	n/a	n/a	n/a	n/a	n/a	n/a	n/a	2163.120482	n/a
2163.653715	2.033491	432731	time_discrimination	n/a	n/a	n/a	72.0	n/a	n/a	n/a	2163.1204825	n/a	0.7608611165487673	2.0	1	2.0	NB_18_ShortA.png	n/a	6	2166.44806775	n/a	22	2	2	intervals/timediscrimination_table	21	2163.653715	2165.687207
2163.653715	0.000000	432731	ttl	1	72	n/a	n/a	n/a	n/a	n/a	n/a	n/a	n/a	n/a	n/a	n/a	n/a	n/a	n/a	n/a	n/a	n/a	n/a	n/a	n/a	n/a	2163.653715	n/a
2165.687207	0.000000	433137	ttl	2	72	n/a	n/a	n/a	n/a	n/a	n/a	n/a	n/a	n/a	n/a	n/a	n/a	n/a	n/a	n/a	n/a	n/a	n/a	n/a	n/a	n/a	2165.687207	n/a
2166.448068	0.000000	433290	ttl	4	72	n/a	n/a	n/a	n/a	n/a	n/a	n/a	n/a	n/a	n/a	n/a	n/a	n/a	n/a	n/a	n/a	n/a	n/a	n/a	n/a	n/a	2166.448068	n/a
2166.465893	0.000000	433293	ttl	11	72	n/a	n/a	n/a	n/a	n/a	n/a	n/a	n/a	n/a	n/a	n/a	n/a	n/a	n/a	n/a	n/a	n/a	n/a	n/a	n/a	n/a	2166.465893	n/a
2167.049105	2.033720	433410	time_discrimination	n/a	n/a	n/a	72.0	n/a	n/a	n/a	2166.4658934999998	n/a	1.6428860660889768	1.0	3	2.0	HB_10_LongA.png	n/a	6	2170.725711	n/a	23	2	1	intervals/timediscrimination_table	22	2167.049105	2169.082825
2167.049105	0.000000	433410	ttl	1	72	n/a	n/a	n/a	n/a	n/a	n/a	n/a	n/a	n/a	n/a	n/a	n/a	n/a	n/a	n/a	n/a	n/a	n/a	n/a	n/a	n/a	2167.049105	n/a
2169.082825	0.000000	433817	ttl	2	72	n/a	n/a	n/a	n/a	n/a	n/a	n/a	n/a	n/a	n/a	n/a	n/a	n/a	n/a	n/a	n/a	n/a	n/a	n/a	n/a	n/a	2169.082825	n/a
2170.725711	0.000000	434145	ttl	4	72	n/a	n/a	n/a	n/a	n/a	n/a	n/a	n/a	n/a	n/a	n/a	n/a	n/a	n/a	n/a	n/a	n/a	n/a	n/a	n/a	n/a	2170.725711	n/a
2170.743981	0.000000	434149	ttl	11	72	n/a	n/a	n/a	n/a	n/a	n/a	n/a	n/a	n/a	n/a	n/a	n/a	n/a	n/a	n/a	n/a	n/a	n/a	n/a	n/a	n/a	2170.743981	n/a
2171.260550	2.033432	434252	time_discrimination	n/a	n/a	n/a	72.0	n/a	n/a	n/a	2170.7439812499997	n/a	0.4136233100143727	1.0	3	2.0	HB_31_LongA.png	n/a	3	2173.7076052499997	n/a	24	1	2	intervals/timediscrimination_table	23	2171.260550	2173.293982
2171.260550	0.000000	434252	ttl	1	72	n/a	n/a	n/a	n/a	n/a	n/a	n/a	n/a	n/a	n/a	n/a	n/a	n/a	n/a	n/a	n/a	n/a	n/a	n/a	n/a	n/a	2171.260550	n/a
2173.293982	0.000000	434659	ttl	2	72	n/a	n/a	n/a	n/a	n/a	n/a	n/a	n/a	n/a	n/a	n/a	n/a	n/a	n/a	n/a	n/a	n/a	n/a	n/a	n/a	n/a	2173.293982	n/a
2173.707605	0.000000	434742	ttl	4	72	n/a	n/a	n/a	n/a	n/a	n/a	n/a	n/a	n/a	n/a	n/a	n/a	n/a	n/a	n/a	n/a	n/a	n/a	n/a	n/a	n/a	2173.707605	n/a
2173.717878	0.000000	434744	ttl	11	72	n/a	n/a	n/a	n/a	n/a	n/a	n/a	n/a	n/a	n/a	n/a	n/a	n/a	n/a	n/a	n/a	n/a	n/a	n/a	n/a	n/a	2173.717878	n/a
2174.301095	2.033669	434860	time_discrimination	n/a	n/a	n/a	72.0	n/a	n/a	n/a	2173.71787825	n/a	1.1461156984587433	1.0	1	2.0	NB_8_ShortA.png	n/a	6	2177.4808795	n/a	25	2	1	intervals/timediscrimination_table	24	2174.301095	2176.334764
2174.301095	0.000000	434860	ttl	1	72	n/a	n/a	n/a	n/a	n/a	n/a	n/a	n/a	n/a	n/a	n/a	n/a	n/a	n/a	n/a	n/a	n/a	n/a	n/a	n/a	n/a	2174.301095	n/a
2176.334764	0.000000	435267	ttl	2	72	n/a	n/a	n/a	n/a	n/a	n/a	n/a	n/a	n/a	n/a	n/a	n/a	n/a	n/a	n/a	n/a	n/a	n/a	n/a	n/a	n/a	2176.334764	n/a
2177.480879	0.000000	435496	ttl	4	72	n/a	n/a	n/a	n/a	n/a	n/a	n/a	n/a	n/a	n/a	n/a	n/a	n/a	n/a	n/a	n/a	n/a	n/a	n/a	n/a	n/a	2177.480879	n/a
2177.493997	0.000000	435499	ttl	11	72	n/a	n/a	n/a	n/a	n/a	n/a	n/a	n/a	n/a	n/a	n/a	n/a	n/a	n/a	n/a	n/a	n/a	n/a	n/a	n/a	n/a	2177.493997	n/a
2178.110544	2.033695	435622	time_discrimination	n/a	n/a	n/a	72.0	n/a	n/a	n/a	2177.49399675	n/a	0.748837487968558	2.0	2	3.0	SB_39_LongA.png	n/a	2	2180.8930769999997	n/a	26	1	1	intervals/timediscrimination_table	25	2178.110544	2180.144239
2178.110544	0.000000	435622	ttl	1	72	n/a	n/a	n/a	n/a	n/a	n/a	n/a	n/a	n/a	n/a	n/a	n/a	n/a	n/a	n/a	n/a	n/a	n/a	n/a	n/a	n/a	2178.110544	n/a
2180.144239	0.000000	436029	ttl	2	72	n/a	n/a	n/a	n/a	n/a	n/a	n/a	n/a	n/a	n/a	n/a	n/a	n/a	n/a	n/a	n/a	n/a	n/a	n/a	n/a	n/a	2180.144239	n/a
2180.893077	0.000000	436179	ttl	4	72	n/a	n/a	n/a	n/a	n/a	n/a	n/a	n/a	n/a	n/a	n/a	n/a	n/a	n/a	n/a	n/a	n/a	n/a	n/a	n/a	n/a	2180.893077	n/a
2180.902114	0.000000	436180	ttl	11	72	n/a	n/a	n/a	n/a	n/a	n/a	n/a	n/a	n/a	n/a	n/a	n/a	n/a	n/a	n/a	n/a	n/a	n/a	n/a	n/a	n/a	2180.902114	n/a
2181.435335	2.033470	436287	time_discrimination	n/a	n/a	n/a	72.0	n/a	n/a	n/a	2180.9021144999997	n/a	1.467558462449233	1.0	1	2.0	NB_20_LongA.png	n/a	3	2184.9363639999997	n/a	27	1	2	intervals/timediscrimination_table	26	2181.435335	2183.468805
2181.435335	0.000000	436287	ttl	1	72	n/a	n/a	n/a	n/a	n/a	n/a	n/a	n/a	n/a	n/a	n/a	n/a	n/a	n/a	n/a	n/a	n/a	n/a	n/a	n/a	n/a	2181.435335	n/a
2183.468805	0.000000	436694	ttl	2	72	n/a	n/a	n/a	n/a	n/a	n/a	n/a	n/a	n/a	n/a	n/a	n/a	n/a	n/a	n/a	n/a	n/a	n/a	n/a	n/a	n/a	2183.468805	n/a
2184.936364	0.000000	436987	ttl	4	72	n/a	n/a	n/a	n/a	n/a	n/a	n/a	n/a	n/a	n/a	n/a	n/a	n/a	n/a	n/a	n/a	n/a	n/a	n/a	n/a	n/a	2184.936364	n/a
2184.959553	0.000000	436992	ttl	11	72	n/a	n/a	n/a	n/a	n/a	n/a	n/a	n/a	n/a	n/a	n/a	n/a	n/a	n/a	n/a	n/a	n/a	n/a	n/a	n/a	n/a	2184.959553	n/a
2185.559421	2.033439	437112	time_discrimination	n/a	n/a	n/a	72.0	n/a	n/a	n/a	2184.95955275	n/a	1.831339764110453	1.0	3	2.0	HB_5_ShortA.png	n/a	6	2189.4242005	n/a	28	2	1	intervals/timediscrimination_table	27	2185.559421	2187.592861
2185.559421	0.000000	437112	ttl	1	72	n/a	n/a	n/a	n/a	n/a	n/a	n/a	n/a	n/a	n/a	n/a	n/a	n/a	n/a	n/a	n/a	n/a	n/a	n/a	n/a	n/a	2185.559421	n/a
2187.592861	0.000000	437519	ttl	2	72	n/a	n/a	n/a	n/a	n/a	n/a	n/a	n/a	n/a	n/a	n/a	n/a	n/a	n/a	n/a	n/a	n/a	n/a	n/a	n/a	n/a	2187.592861	n/a
2189.424201	0.000000	437885	ttl	4	72	n/a	n/a	n/a	n/a	n/a	n/a	n/a	n/a	n/a	n/a	n/a	n/a	n/a	n/a	n/a	n/a	n/a	n/a	n/a	n/a	n/a	2189.424201	n/a
2189.439613	0.000000	437888	ttl	11	72	n/a	n/a	n/a	n/a	n/a	n/a	n/a	n/a	n/a	n/a	n/a	n/a	n/a	n/a	n/a	n/a	n/a	n/a	n/a	n/a	n/a	2189.439613	n/a
2190.006156	2.034285	438001	time_discrimination	n/a	n/a	n/a	72.0	n/a	n/a	n/a	2189.4396134999997	n/a	0.9707372458433383	1.0	3	2.0	HB_59_ShortA.png	n/a	3	2193.01117825	n/a	29	1	2	intervals/timediscrimination_table	28	2190.006156	2192.040441
2190.006156	0.000000	438001	ttl	1	72	n/a	n/a	n/a	n/a	n/a	n/a	n/a	n/a	n/a	n/a	n/a	n/a	n/a	n/a	n/a	n/a	n/a	n/a	n/a	n/a	n/a	2190.006156	n/a
2192.040441	0.000000	438408	ttl	2	72	n/a	n/a	n/a	n/a	n/a	n/a	n/a	n/a	n/a	n/a	n/a	n/a	n/a	n/a	n/a	n/a	n/a	n/a	n/a	n/a	n/a	2192.040441	n/a
2193.011178	0.000000	438602	ttl	4	72	n/a	n/a	n/a	n/a	n/a	n/a	n/a	n/a	n/a	n/a	n/a	n/a	n/a	n/a	n/a	n/a	n/a	n/a	n/a	n/a	n/a	2193.011178	n/a
2193.020594	0.000000	438604	ttl	11	72	n/a	n/a	n/a	n/a	n/a	n/a	n/a	n/a	n/a	n/a	n/a	n/a	n/a	n/a	n/a	n/a	n/a	n/a	n/a	n/a	n/a	2193.020594	n/a
2193.603820	2.033678	438721	time_discrimination	n/a	n/a	n/a	72.0	n/a	n/a	n/a	2193.020594	n/a	1.5445672744244803	2.0	2	3.0	SB_56_LongA.png	n/a	7	2197.1820654999997	n/a	30	2	2	intervals/timediscrimination_table	29	2193.603820	2195.637498
2193.603820	0.000000	438721	ttl	1	72	n/a	n/a	n/a	n/a	n/a	n/a	n/a	n/a	n/a	n/a	n/a	n/a	n/a	n/a	n/a	n/a	n/a	n/a	n/a	n/a	n/a	2193.603820	n/a
2195.637498	0.000000	439127	ttl	2	72	n/a	n/a	n/a	n/a	n/a	n/a	n/a	n/a	n/a	n/a	n/a	n/a	n/a	n/a	n/a	n/a	n/a	n/a	n/a	n/a	n/a	2195.637498	n/a
2197.182065	0.000000	439436	ttl	4	72	n/a	n/a	n/a	n/a	n/a	n/a	n/a	n/a	n/a	n/a	n/a	n/a	n/a	n/a	n/a	n/a	n/a	n/a	n/a	n/a	n/a	2197.182065	n/a
2197.186304	0.000000	439437	ttl	11	72	n/a	n/a	n/a	n/a	n/a	n/a	n/a	n/a	n/a	n/a	n/a	n/a	n/a	n/a	n/a	n/a	n/a	n/a	n/a	n/a	n/a	2197.186304	n/a
2197.736188	2.034549	439547	time_discrimination	n/a	n/a	n/a	72.0	n/a	n/a	n/a	2197.18630425	n/a	1.888423032942228	2.0	2	2.0	SB_15_LongA.png	n/a	3	2201.65915975	n/a	31	1	1	intervals/timediscrimination_table	30	2197.736188	2199.770737
2197.736188	0.000000	439547	ttl	1	72	n/a	n/a	n/a	n/a	n/a	n/a	n/a	n/a	n/a	n/a	n/a	n/a	n/a	n/a	n/a	n/a	n/a	n/a	n/a	n/a	n/a	2197.736188	n/a
2199.770737	0.000000	439954	ttl	2	72	n/a	n/a	n/a	n/a	n/a	n/a	n/a	n/a	n/a	n/a	n/a	n/a	n/a	n/a	n/a	n/a	n/a	n/a	n/a	n/a	n/a	2199.770737	n/a
2201.659160	0.000000	440332	ttl	4	72	n/a	n/a	n/a	n/a	n/a	n/a	n/a	n/a	n/a	n/a	n/a	n/a	n/a	n/a	n/a	n/a	n/a	n/a	n/a	n/a	n/a	2201.659160	n/a
2201.676804	0.000000	440335	ttl	11	72	n/a	n/a	n/a	n/a	n/a	n/a	n/a	n/a	n/a	n/a	n/a	n/a	n/a	n/a	n/a	n/a	n/a	n/a	n/a	n/a	n/a	2201.676804	n/a
2202.293328	2.033687	440459	time_discrimination	n/a	n/a	n/a	72.0	n/a	n/a	n/a	2201.6768035	n/a	0.6620495844908874	2.0	2	2.0	SB_11_LongA.png	n/a	6	2204.98906425	n/a	32	2	2	intervals/timediscrimination_table	31	2202.293328	2204.327014
2202.293328	0.000000	440459	ttl	1	72	n/a	n/a	n/a	n/a	n/a	n/a	n/a	n/a	n/a	n/a	n/a	n/a	n/a	n/a	n/a	n/a	n/a	n/a	n/a	n/a	n/a	2202.293328	n/a
2204.327014	0.000000	440865	ttl	2	72	n/a	n/a	n/a	n/a	n/a	n/a	n/a	n/a	n/a	n/a	n/a	n/a	n/a	n/a	n/a	n/a	n/a	n/a	n/a	n/a	n/a	2204.327014	n/a
2204.989064	0.000000	440998	ttl	4	72	n/a	n/a	n/a	n/a	n/a	n/a	n/a	n/a	n/a	n/a	n/a	n/a	n/a	n/a	n/a	n/a	n/a	n/a	n/a	n/a	n/a	2204.989064	n/a
2204.998617	0.000000	441000	ttl	11	72	n/a	n/a	n/a	n/a	n/a	n/a	n/a	n/a	n/a	n/a	n/a	n/a	n/a	n/a	n/a	n/a	n/a	n/a	n/a	n/a	n/a	2204.998617	n/a
2205.548500	2.033393	441110	time_discrimination	n/a	n/a	n/a	72.0	n/a	n/a	n/a	2204.9986175	n/a	2.0044048321578884	2.0	1	3.0	NB_21_ShortA.png	n/a	7	2209.58629775	n/a	33	2	2	intervals/timediscrimination_table	32	2205.548500	2207.581893
2205.548500	0.000000	441110	ttl	1	72	n/a	n/a	n/a	n/a	n/a	n/a	n/a	n/a	n/a	n/a	n/a	n/a	n/a	n/a	n/a	n/a	n/a	n/a	n/a	n/a	n/a	2205.548500	n/a
2207.581893	0.000000	441516	ttl	2	72	n/a	n/a	n/a	n/a	n/a	n/a	n/a	n/a	n/a	n/a	n/a	n/a	n/a	n/a	n/a	n/a	n/a	n/a	n/a	n/a	n/a	2207.581893	n/a
2209.586298	0.000000	441917	ttl	4	72	n/a	n/a	n/a	n/a	n/a	n/a	n/a	n/a	n/a	n/a	n/a	n/a	n/a	n/a	n/a	n/a	n/a	n/a	n/a	n/a	n/a	2209.586298	n/a
2209.589446	0.000000	441918	ttl	11	72	n/a	n/a	n/a	n/a	n/a	n/a	n/a	n/a	n/a	n/a	n/a	n/a	n/a	n/a	n/a	n/a	n/a	n/a	n/a	n/a	n/a	2209.589446	n/a
2210.172664	2.033556	442035	time_discrimination	n/a	n/a	n/a	72.0	n/a	n/a	n/a	2209.589446	n/a	1.9821824917016784	2.0	1	3.0	NB_3_LongA.png	n/a	7	2214.18840275	n/a	34	2	2	intervals/timediscrimination_table	33	2210.172664	2212.206220
2210.172664	0.000000	442035	ttl	1	72	n/a	n/a	n/a	n/a	n/a	n/a	n/a	n/a	n/a	n/a	n/a	n/a	n/a	n/a	n/a	n/a	n/a	n/a	n/a	n/a	n/a	2210.172664	n/a
2212.206220	0.000000	442441	ttl	2	72	n/a	n/a	n/a	n/a	n/a	n/a	n/a	n/a	n/a	n/a	n/a	n/a	n/a	n/a	n/a	n/a	n/a	n/a	n/a	n/a	n/a	2212.206220	n/a
2214.188403	0.000000	442838	ttl	4	72	n/a	n/a	n/a	n/a	n/a	n/a	n/a	n/a	n/a	n/a	n/a	n/a	n/a	n/a	n/a	n/a	n/a	n/a	n/a	n/a	n/a	2214.188403	n/a
2214.206148	0.000000	442841	ttl	11	72	n/a	n/a	n/a	n/a	n/a	n/a	n/a	n/a	n/a	n/a	n/a	n/a	n/a	n/a	n/a	n/a	n/a	n/a	n/a	n/a	n/a	2214.206148	n/a
2214.739366	2.033569	442948	time_discrimination	n/a	n/a	n/a	72.0	n/a	n/a	n/a	2214.2061475	n/a	0.9353426856396254	1.0	3	2.0	HB_9_ShortA.png	n/a	3	2217.7082775	n/a	35	1	2	intervals/timediscrimination_table	34	2214.739366	2216.772935
2214.739366	0.000000	442948	ttl	1	72	n/a	n/a	n/a	n/a	n/a	n/a	n/a	n/a	n/a	n/a	n/a	n/a	n/a	n/a	n/a	n/a	n/a	n/a	n/a	n/a	n/a	2214.739366	n/a
2216.772935	0.000000	443355	ttl	2	72	n/a	n/a	n/a	n/a	n/a	n/a	n/a	n/a	n/a	n/a	n/a	n/a	n/a	n/a	n/a	n/a	n/a	n/a	n/a	n/a	n/a	2216.772935	n/a
2217.708277	0.000000	443542	ttl	4	72	n/a	n/a	n/a	n/a	n/a	n/a	n/a	n/a	n/a	n/a	n/a	n/a	n/a	n/a	n/a	n/a	n/a	n/a	n/a	n/a	n/a	2217.708277	n/a
2217.720525	0.000000	443544	ttl	11	72	n/a	n/a	n/a	n/a	n/a	n/a	n/a	n/a	n/a	n/a	n/a	n/a	n/a	n/a	n/a	n/a	n/a	n/a	n/a	n/a	n/a	2217.720525	n/a
2218.203762	2.033807	443641	time_discrimination	n/a	n/a	n/a	72.0	n/a	n/a	n/a	2217.7205255	n/a	0.070396766444901	2.0	2	2.0	SB_47_ShortA.png	n/a	3	2220.307965	n/a	36	1	1	intervals/timediscrimination_table	35	2218.203762	2220.237568
2218.203762	0.000000	443641	ttl	1	72	n/a	n/a	n/a	n/a	n/a	n/a	n/a	n/a	n/a	n/a	n/a	n/a	n/a	n/a	n/a	n/a	n/a	n/a	n/a	n/a	n/a	2218.203762	n/a
2220.237568	0.000000	444048	ttl	2	72	n/a	n/a	n/a	n/a	n/a	n/a	n/a	n/a	n/a	n/a	n/a	n/a	n/a	n/a	n/a	n/a	n/a	n/a	n/a	n/a	n/a	2220.237568	n/a
2220.307965	0.000000	444062	ttl	4	72	n/a	n/a	n/a	n/a	n/a	n/a	n/a	n/a	n/a	n/a	n/a	n/a	n/a	n/a	n/a	n/a	n/a	n/a	n/a	n/a	n/a	2220.307965	n/a
2220.319309	0.000000	444064	ttl	11	72	n/a	n/a	n/a	n/a	n/a	n/a	n/a	n/a	n/a	n/a	n/a	n/a	n/a	n/a	n/a	n/a	n/a	n/a	n/a	n/a	n/a	2220.319309	n/a
2220.902520	2.034444	444181	time_discrimination	n/a	n/a	n/a	72.0	n/a	n/a	n/a	2220.31930875	n/a	2.5757258960657055	1.0	1	3.0	NB_6_ShortA.png	n/a	2	2225.51268975	n/a	37	1	2	intervals/timediscrimination_table	36	2220.902520	2222.936964
2220.902520	0.000000	444181	ttl	1	72	n/a	n/a	n/a	n/a	n/a	n/a	n/a	n/a	n/a	n/a	n/a	n/a	n/a	n/a	n/a	n/a	n/a	n/a	n/a	n/a	n/a	2220.902520	n/a
2222.936964	0.000000	444587	ttl	2	72	n/a	n/a	n/a	n/a	n/a	n/a	n/a	n/a	n/a	n/a	n/a	n/a	n/a	n/a	n/a	n/a	n/a	n/a	n/a	n/a	n/a	2222.936964	n/a
2225.512690	0.000000	445103	ttl	4	72	n/a	n/a	n/a	n/a	n/a	n/a	n/a	n/a	n/a	n/a	n/a	n/a	n/a	n/a	n/a	n/a	n/a	n/a	n/a	n/a	n/a	2225.512690	n/a
2225.520217	0.000000	445104	ttl	11	72	n/a	n/a	n/a	n/a	n/a	n/a	n/a	n/a	n/a	n/a	n/a	n/a	n/a	n/a	n/a	n/a	n/a	n/a	n/a	n/a	n/a	2225.520217	n/a
2226.036786	2.033397	445207	time_discrimination	n/a	n/a	n/a	72.0	n/a	n/a	n/a	2225.520217	n/a	2.101061111643503	2.0	1	3.0	NB_19_ShortA.png	n/a	2	2230.17124475	n/a	38	1	1	intervals/timediscrimination_table	37	2226.036786	2228.070183
2226.036786	0.000000	445207	ttl	1	72	n/a	n/a	n/a	n/a	n/a	n/a	n/a	n/a	n/a	n/a	n/a	n/a	n/a	n/a	n/a	n/a	n/a	n/a	n/a	n/a	n/a	2226.036786	n/a
2228.070183	0.000000	445614	ttl	2	72	n/a	n/a	n/a	n/a	n/a	n/a	n/a	n/a	n/a	n/a	n/a	n/a	n/a	n/a	n/a	n/a	n/a	n/a	n/a	n/a	n/a	2228.070183	n/a
2230.171245	0.000000	446034	ttl	4	72	n/a	n/a	n/a	n/a	n/a	n/a	n/a	n/a	n/a	n/a	n/a	n/a	n/a	n/a	n/a	n/a	n/a	n/a	n/a	n/a	n/a	2230.171245	n/a
2230.187914	0.000000	446038	ttl	11	72	n/a	n/a	n/a	n/a	n/a	n/a	n/a	n/a	n/a	n/a	n/a	n/a	n/a	n/a	n/a	n/a	n/a	n/a	n/a	n/a	n/a	2230.187914	n/a
2230.787760	2.033701	446158	time_discrimination	n/a	n/a	n/a	72.0	n/a	n/a	n/a	2230.1879142499997	n/a	0.37178571483673295	2.0	1	3.0	NB_3_ShortA.png	n/a	7	2233.19324625	n/a	39	2	2	intervals/timediscrimination_table	38	2230.787760	2232.821460
2230.787760	0.000000	446158	ttl	1	72	n/a	n/a	n/a	n/a	n/a	n/a	n/a	n/a	n/a	n/a	n/a	n/a	n/a	n/a	n/a	n/a	n/a	n/a	n/a	n/a	n/a	2230.787760	n/a
2232.821460	0.000000	446564	ttl	2	72	n/a	n/a	n/a	n/a	n/a	n/a	n/a	n/a	n/a	n/a	n/a	n/a	n/a	n/a	n/a	n/a	n/a	n/a	n/a	n/a	n/a	2232.821460	n/a
2233.193246	0.000000	446639	ttl	4	72	n/a	n/a	n/a	n/a	n/a	n/a	n/a	n/a	n/a	n/a	n/a	n/a	n/a	n/a	n/a	n/a	n/a	n/a	n/a	n/a	n/a	2233.193246	n/a
2233.200693	0.000000	446640	ttl	11	72	n/a	n/a	n/a	n/a	n/a	n/a	n/a	n/a	n/a	n/a	n/a	n/a	n/a	n/a	n/a	n/a	n/a	n/a	n/a	n/a	n/a	2233.200693	n/a
2233.800570	2.033558	446760	time_discrimination	n/a	n/a	n/a	72.0	n/a	n/a	n/a	2233.2006925	n/a	1.8501744440800394	2.0	3	2.0	HB_16_LongA.png	n/a	6	2237.6843025	n/a	40	2	2	intervals/timediscrimination_table	39	2233.800570	2235.834128
2233.800570	0.000000	446760	ttl	1	72	n/a	n/a	n/a	n/a	n/a	n/a	n/a	n/a	n/a	n/a	n/a	n/a	n/a	n/a	n/a	n/a	n/a	n/a	n/a	n/a	n/a	2233.800570	n/a
2235.834128	0.000000	447167	ttl	2	72	n/a	n/a	n/a	n/a	n/a	n/a	n/a	n/a	n/a	n/a	n/a	n/a	n/a	n/a	n/a	n/a	n/a	n/a	n/a	n/a	n/a	2235.834128	n/a
2237.684302	0.000000	447537	ttl	4	72	n/a	n/a	n/a	n/a	n/a	n/a	n/a	n/a	n/a	n/a	n/a	n/a	n/a	n/a	n/a	n/a	n/a	n/a	n/a	n/a	n/a	2237.684302	n/a
2237.687703	0.000000	447538	ttl	11	72	n/a	n/a	n/a	n/a	n/a	n/a	n/a	n/a	n/a	n/a	n/a	n/a	n/a	n/a	n/a	n/a	n/a	n/a	n/a	n/a	n/a	2237.687703	n/a
2238.170939	2.033544	447634	time_discrimination	n/a	n/a	n/a	72.0	n/a	n/a	n/a	2237.687703	n/a	0.44713257723196875	1.0	3	2.0	HB_46_ShortA.png	n/a	6	2240.6516162499997	n/a	41	2	1	intervals/timediscrimination_table	40	2238.170939	2240.204484
2238.170939	0.000000	447634	ttl	1	72	n/a	n/a	n/a	n/a	n/a	n/a	n/a	n/a	n/a	n/a	n/a	n/a	n/a	n/a	n/a	n/a	n/a	n/a	n/a	n/a	n/a	2238.170939	n/a
2240.204484	0.000000	448041	ttl	2	72	n/a	n/a	n/a	n/a	n/a	n/a	n/a	n/a	n/a	n/a	n/a	n/a	n/a	n/a	n/a	n/a	n/a	n/a	n/a	n/a	n/a	2240.204484	n/a
2240.651616	0.000000	448130	ttl	4	72	n/a	n/a	n/a	n/a	n/a	n/a	n/a	n/a	n/a	n/a	n/a	n/a	n/a	n/a	n/a	n/a	n/a	n/a	n/a	n/a	n/a	2240.651616	n/a
2240.661453	0.000000	448132	ttl	11	72	n/a	n/a	n/a	n/a	n/a	n/a	n/a	n/a	n/a	n/a	n/a	n/a	n/a	n/a	n/a	n/a	n/a	n/a	n/a	n/a	n/a	2240.661453	n/a
2241.178004	2.033656	448236	time_discrimination	n/a	n/a	n/a	72.0	n/a	n/a	n/a	2240.66145325	n/a	0.5865921286167577	2.0	2	3.0	SB_36_ShortA.png	n/a	7	2243.798253	n/a	42	2	2	intervals/timediscrimination_table	41	2241.178004	2243.211661
2241.178004	0.000000	448236	ttl	1	72	n/a	n/a	n/a	n/a	n/a	n/a	n/a	n/a	n/a	n/a	n/a	n/a	n/a	n/a	n/a	n/a	n/a	n/a	n/a	n/a	n/a	2241.178004	n/a
2243.211661	0.000000	448642	ttl	2	72	n/a	n/a	n/a	n/a	n/a	n/a	n/a	n/a	n/a	n/a	n/a	n/a	n/a	n/a	n/a	n/a	n/a	n/a	n/a	n/a	n/a	2243.211661	n/a
2243.798253	0.000000	448760	ttl	4	72	n/a	n/a	n/a	n/a	n/a	n/a	n/a	n/a	n/a	n/a	n/a	n/a	n/a	n/a	n/a	n/a	n/a	n/a	n/a	n/a	n/a	2243.798253	n/a
2243.802718	0.000000	448761	ttl	11	72	n/a	n/a	n/a	n/a	n/a	n/a	n/a	n/a	n/a	n/a	n/a	n/a	n/a	n/a	n/a	n/a	n/a	n/a	n/a	n/a	n/a	2243.802718	n/a
2244.402601	2.033458	448881	time_discrimination	n/a	n/a	n/a	72.0	n/a	n/a	n/a	2243.80271775	n/a	2.3125477622961625	2.0	2	3.0	SB_53_ShortA.png	n/a	2	2248.748606	n/a	43	1	1	intervals/timediscrimination_table	42	2244.402601	2246.436058
2244.402601	0.000000	448881	ttl	1	72	n/a	n/a	n/a	n/a	n/a	n/a	n/a	n/a	n/a	n/a	n/a	n/a	n/a	n/a	n/a	n/a	n/a	n/a	n/a	n/a	n/a	2244.402601	n/a
2246.436058	0.000000	449287	ttl	2	72	n/a	n/a	n/a	n/a	n/a	n/a	n/a	n/a	n/a	n/a	n/a	n/a	n/a	n/a	n/a	n/a	n/a	n/a	n/a	n/a	n/a	2246.436058	n/a
2248.748606	0.000000	449750	ttl	4	72	n/a	n/a	n/a	n/a	n/a	n/a	n/a	n/a	n/a	n/a	n/a	n/a	n/a	n/a	n/a	n/a	n/a	n/a	n/a	n/a	n/a	2248.748606	n/a
2248.757869	0.000000	449752	ttl	11	72	n/a	n/a	n/a	n/a	n/a	n/a	n/a	n/a	n/a	n/a	n/a	n/a	n/a	n/a	n/a	n/a	n/a	n/a	n/a	n/a	n/a	2248.757869	n/a
2249.257761	2.033422	449852	time_discrimination	n/a	n/a	n/a	72.0	n/a	n/a	n/a	2248.757869	n/a	1.1886206017734366	1.0	3	3.0	HB_15_ShortA.png	n/a	7	2252.47980375	n/a	44	2	1	intervals/timediscrimination_table	43	2249.257761	2251.291183
2249.257761	0.000000	449852	ttl	1	72	n/a	n/a	n/a	n/a	n/a	n/a	n/a	n/a	n/a	n/a	n/a	n/a	n/a	n/a	n/a	n/a	n/a	n/a	n/a	n/a	n/a	2249.257761	n/a
2251.291183	0.000000	450258	ttl	2	72	n/a	n/a	n/a	n/a	n/a	n/a	n/a	n/a	n/a	n/a	n/a	n/a	n/a	n/a	n/a	n/a	n/a	n/a	n/a	n/a	n/a	2251.291183	n/a
2252.479804	0.000000	450496	ttl	4	72	n/a	n/a	n/a	n/a	n/a	n/a	n/a	n/a	n/a	n/a	n/a	n/a	n/a	n/a	n/a	n/a	n/a	n/a	n/a	n/a	n/a	2252.479804	n/a
2252.496872	0.000000	450499	ttl	11	72	n/a	n/a	n/a	n/a	n/a	n/a	n/a	n/a	n/a	n/a	n/a	n/a	n/a	n/a	n/a	n/a	n/a	n/a	n/a	n/a	n/a	2252.496872	n/a
2253.046759	2.033372	450609	time_discrimination	n/a	n/a	n/a	72.0	n/a	n/a	n/a	2252.4968725	n/a	2.1826800732596894	2.0	3	2.0	HB_21_ShortA.png	n/a	6	2257.2628105	n/a	45	2	2	intervals/timediscrimination_table	44	2253.046759	2255.080130
2253.046759	0.000000	450609	ttl	1	72	n/a	n/a	n/a	n/a	n/a	n/a	n/a	n/a	n/a	n/a	n/a	n/a	n/a	n/a	n/a	n/a	n/a	n/a	n/a	n/a	n/a	2253.046759	n/a
2255.080130	0.000000	451016	ttl	2	72	n/a	n/a	n/a	n/a	n/a	n/a	n/a	n/a	n/a	n/a	n/a	n/a	n/a	n/a	n/a	n/a	n/a	n/a	n/a	n/a	n/a	2255.080130	n/a
2257.262810	0.000000	451453	ttl	4	72	n/a	n/a	n/a	n/a	n/a	n/a	n/a	n/a	n/a	n/a	n/a	n/a	n/a	n/a	n/a	n/a	n/a	n/a	n/a	n/a	n/a	2257.262810	n/a
2257.268443	0.000000	451454	ttl	11	72	n/a	n/a	n/a	n/a	n/a	n/a	n/a	n/a	n/a	n/a	n/a	n/a	n/a	n/a	n/a	n/a	n/a	n/a	n/a	n/a	n/a	2257.268443	n/a
2257.768341	2.033465	451554	time_discrimination	n/a	n/a	n/a	72.0	n/a	n/a	n/a	2257.268443	n/a	2.5785897094974644	2.0	2	2.0	SB_7_ShortA.png	n/a	6	2262.3803952499998	n/a	46	2	2	intervals/timediscrimination_table	45	2257.768341	2259.801805
2257.768341	0.000000	451554	ttl	1	72	n/a	n/a	n/a	n/a	n/a	n/a	n/a	n/a	n/a	n/a	n/a	n/a	n/a	n/a	n/a	n/a	n/a	n/a	n/a	n/a	n/a	2257.768341	n/a
2259.801805	0.000000	451960	ttl	2	72	n/a	n/a	n/a	n/a	n/a	n/a	n/a	n/a	n/a	n/a	n/a	n/a	n/a	n/a	n/a	n/a	n/a	n/a	n/a	n/a	n/a	2259.801805	n/a
2262.380395	0.000000	452476	ttl	4	72	n/a	n/a	n/a	n/a	n/a	n/a	n/a	n/a	n/a	n/a	n/a	n/a	n/a	n/a	n/a	n/a	n/a	n/a	n/a	n/a	n/a	2262.380395	n/a
2262.392731	0.000000	452479	ttl	11	72	n/a	n/a	n/a	n/a	n/a	n/a	n/a	n/a	n/a	n/a	n/a	n/a	n/a	n/a	n/a	n/a	n/a	n/a	n/a	n/a	n/a	2262.392731	n/a
2262.959273	2.033704	452592	time_discrimination	n/a	n/a	n/a	72.0	n/a	n/a	n/a	2262.39273125	n/a	2.534350721856754	2.0	1	3.0	NB_7_LongA.png	n/a	2	2267.5273282499998	n/a	47	1	1	intervals/timediscrimination_table	46	2262.959273	2264.992978
2262.959273	0.000000	452592	ttl	1	72	n/a	n/a	n/a	n/a	n/a	n/a	n/a	n/a	n/a	n/a	n/a	n/a	n/a	n/a	n/a	n/a	n/a	n/a	n/a	n/a	n/a	2262.959273	n/a
2264.992978	0.000000	452999	ttl	2	72	n/a	n/a	n/a	n/a	n/a	n/a	n/a	n/a	n/a	n/a	n/a	n/a	n/a	n/a	n/a	n/a	n/a	n/a	n/a	n/a	n/a	2264.992978	n/a
2267.527328	0.000000	453505	ttl	4	72	n/a	n/a	n/a	n/a	n/a	n/a	n/a	n/a	n/a	n/a	n/a	n/a	n/a	n/a	n/a	n/a	n/a	n/a	n/a	n/a	n/a	2267.527328	n/a
2267.544820	0.000000	453509	ttl	11	72	n/a	n/a	n/a	n/a	n/a	n/a	n/a	n/a	n/a	n/a	n/a	n/a	n/a	n/a	n/a	n/a	n/a	n/a	n/a	n/a	n/a	2267.544820	n/a
2268.094715	2.033941	453619	time_discrimination	n/a	n/a	n/a	72.0	n/a	n/a	n/a	2267.54482	n/a	0.20375924908876186	2.0	2	2.0	SB_4_ShortA.png	n/a	6	2270.3324159999997	n/a	48	2	2	intervals/timediscrimination_table	47	2268.094715	2270.128657
2268.094715	0.000000	453619	ttl	1	72	n/a	n/a	n/a	n/a	n/a	n/a	n/a	n/a	n/a	n/a	n/a	n/a	n/a	n/a	n/a	n/a	n/a	n/a	n/a	n/a	n/a	2268.094715	n/a
2270.128657	0.000000	454026	ttl	2	72	n/a	n/a	n/a	n/a	n/a	n/a	n/a	n/a	n/a	n/a	n/a	n/a	n/a	n/a	n/a	n/a	n/a	n/a	n/a	n/a	n/a	2270.128657	n/a
2270.332416	0.000000	454066	ttl	4	72	n/a	n/a	n/a	n/a	n/a	n/a	n/a	n/a	n/a	n/a	n/a	n/a	n/a	n/a	n/a	n/a	n/a	n/a	n/a	n/a	n/a	2270.332416	n/a
2270.337927	0.000000	454068	ttl	11	72	n/a	n/a	n/a	n/a	n/a	n/a	n/a	n/a	n/a	n/a	n/a	n/a	n/a	n/a	n/a	n/a	n/a	n/a	n/a	n/a	n/a	2270.337927	n/a
2270.871148	2.033296	454174	time_discrimination	n/a	n/a	n/a	72.0	n/a	n/a	n/a	2270.33792725	n/a	2.045250497874804	2.0	2	2.0	SB_50_LongA.png	n/a	6	2274.949694	n/a	49	2	2	intervals/timediscrimination_table	48	2270.871148	2272.904444
2270.871148	0.000000	454174	ttl	1	72	n/a	n/a	n/a	n/a	n/a	n/a	n/a	n/a	n/a	n/a	n/a	n/a	n/a	n/a	n/a	n/a	n/a	n/a	n/a	n/a	n/a	2270.871148	n/a
2272.904444	0.000000	454581	ttl	2	72	n/a	n/a	n/a	n/a	n/a	n/a	n/a	n/a	n/a	n/a	n/a	n/a	n/a	n/a	n/a	n/a	n/a	n/a	n/a	n/a	n/a	2272.904444	n/a
2274.949694	0.000000	454990	ttl	4	72	n/a	n/a	n/a	n/a	n/a	n/a	n/a	n/a	n/a	n/a	n/a	n/a	n/a	n/a	n/a	n/a	n/a	n/a	n/a	n/a	n/a	2274.949694	n/a
2274.963763	0.000000	454993	ttl	11	72	n/a	n/a	n/a	n/a	n/a	n/a	n/a	n/a	n/a	n/a	n/a	n/a	n/a	n/a	n/a	n/a	n/a	n/a	n/a	n/a	n/a	2274.963763	n/a
2275.596967	2.033665	455119	time_discrimination	n/a	n/a	n/a	72.0	n/a	n/a	n/a	2274.9637625	n/a	1.2103333353516064	2.0	2	2.0	SB_48_LongA.png	n/a	3	2278.84096575	n/a	50	1	1	intervals/timediscrimination_table	49	2275.596967	2277.630633
2275.596967	0.000000	455119	ttl	1	72	n/a	n/a	n/a	n/a	n/a	n/a	n/a	n/a	n/a	n/a	n/a	n/a	n/a	n/a	n/a	n/a	n/a	n/a	n/a	n/a	n/a	2275.596967	n/a
2277.630633	0.000000	455526	ttl	2	72	n/a	n/a	n/a	n/a	n/a	n/a	n/a	n/a	n/a	n/a	n/a	n/a	n/a	n/a	n/a	n/a	n/a	n/a	n/a	n/a	n/a	2277.630633	n/a
2278.840966	0.000000	455768	ttl	4	72	n/a	n/a	n/a	n/a	n/a	n/a	n/a	n/a	n/a	n/a	n/a	n/a	n/a	n/a	n/a	n/a	n/a	n/a	n/a	n/a	n/a	2278.840966	n/a
2278.846959	0.000000	455769	ttl	11	72	n/a	n/a	n/a	n/a	n/a	n/a	n/a	n/a	n/a	n/a	n/a	n/a	n/a	n/a	n/a	n/a	n/a	n/a	n/a	n/a	n/a	2278.846959	n/a
2279.346860	2.033363	455869	time_discrimination	n/a	n/a	n/a	72.0	n/a	n/a	n/a	2278.84695875	n/a	2.461318698929972	2.0	3	2.0	HB_11_LongA.png	n/a	6	2283.8415422499997	n/a	51	2	2	intervals/timediscrimination_table	50	2279.346860	2281.380223
2279.346860	0.000000	455869	ttl	1	72	n/a	n/a	n/a	n/a	n/a	n/a	n/a	n/a	n/a	n/a	n/a	n/a	n/a	n/a	n/a	n/a	n/a	n/a	n/a	n/a	n/a	2279.346860	n/a
2281.380223	0.000000	456276	ttl	2	72	n/a	n/a	n/a	n/a	n/a	n/a	n/a	n/a	n/a	n/a	n/a	n/a	n/a	n/a	n/a	n/a	n/a	n/a	n/a	n/a	n/a	2281.380223	n/a
2283.841542	0.000000	456768	ttl	4	72	n/a	n/a	n/a	n/a	n/a	n/a	n/a	n/a	n/a	n/a	n/a	n/a	n/a	n/a	n/a	n/a	n/a	n/a	n/a	n/a	n/a	2283.841542	n/a
2283.855415	0.000000	456771	ttl	11	72	n/a	n/a	n/a	n/a	n/a	n/a	n/a	n/a	n/a	n/a	n/a	n/a	n/a	n/a	n/a	n/a	n/a	n/a	n/a	n/a	n/a	2283.855415	n/a
2284.388634	2.033383	456878	time_discrimination	n/a	n/a	n/a	72.0	n/a	n/a	n/a	2283.8554154999997	n/a	0.6866610838696943	2.0	1	2.0	NB_6_LongA.png	n/a	3	2287.1086784999998	n/a	52	1	1	intervals/timediscrimination_table	51	2284.388634	2286.422018
2284.388634	0.000000	456878	ttl	1	72	n/a	n/a	n/a	n/a	n/a	n/a	n/a	n/a	n/a	n/a	n/a	n/a	n/a	n/a	n/a	n/a	n/a	n/a	n/a	n/a	n/a	2284.388634	n/a
2286.422018	0.000000	457284	ttl	2	72	n/a	n/a	n/a	n/a	n/a	n/a	n/a	n/a	n/a	n/a	n/a	n/a	n/a	n/a	n/a	n/a	n/a	n/a	n/a	n/a	n/a	2286.422018	n/a
2287.108678	0.000000	457422	ttl	4	72	n/a	n/a	n/a	n/a	n/a	n/a	n/a	n/a	n/a	n/a	n/a	n/a	n/a	n/a	n/a	n/a	n/a	n/a	n/a	n/a	n/a	2287.108678	n/a
2287.112607	0.000000	457423	ttl	11	72	n/a	n/a	n/a	n/a	n/a	n/a	n/a	n/a	n/a	n/a	n/a	n/a	n/a	n/a	n/a	n/a	n/a	n/a	n/a	n/a	n/a	2287.112607	n/a
2287.679165	2.033581	457536	time_discrimination	n/a	n/a	n/a	72.0	n/a	n/a	n/a	2287.112607	n/a	1.331166340460186	2.0	3	2.0	HB_40_ShortA.png	n/a	6	2291.04391275	n/a	53	2	2	intervals/timediscrimination_table	52	2287.679165	2289.712746
2287.679165	0.000000	457536	ttl	1	72	n/a	n/a	n/a	n/a	n/a	n/a	n/a	n/a	n/a	n/a	n/a	n/a	n/a	n/a	n/a	n/a	n/a	n/a	n/a	n/a	n/a	2287.679165	n/a
2289.712746	0.000000	457943	ttl	2	72	n/a	n/a	n/a	n/a	n/a	n/a	n/a	n/a	n/a	n/a	n/a	n/a	n/a	n/a	n/a	n/a	n/a	n/a	n/a	n/a	n/a	2289.712746	n/a
2291.043913	0.000000	458209	ttl	4	72	n/a	n/a	n/a	n/a	n/a	n/a	n/a	n/a	n/a	n/a	n/a	n/a	n/a	n/a	n/a	n/a	n/a	n/a	n/a	n/a	n/a	2291.043913	n/a
2291.053280	0.000000	458211	ttl	11	72	n/a	n/a	n/a	n/a	n/a	n/a	n/a	n/a	n/a	n/a	n/a	n/a	n/a	n/a	n/a	n/a	n/a	n/a	n/a	n/a	n/a	2291.053280	n/a
2291.619830	2.033658	458324	time_discrimination	n/a	n/a	n/a	72.0	n/a	n/a	n/a	2291.05327975	n/a	1.9889635485815234	1.0	3	2.0	HB_51_LongA.png	n/a	3	2295.64245125	n/a	54	1	2	intervals/timediscrimination_table	53	2291.619830	2293.653488
2291.619830	0.000000	458324	ttl	1	72	n/a	n/a	n/a	n/a	n/a	n/a	n/a	n/a	n/a	n/a	n/a	n/a	n/a	n/a	n/a	n/a	n/a	n/a	n/a	n/a	n/a	2291.619830	n/a
2293.653488	0.000000	458731	ttl	2	72	n/a	n/a	n/a	n/a	n/a	n/a	n/a	n/a	n/a	n/a	n/a	n/a	n/a	n/a	n/a	n/a	n/a	n/a	n/a	n/a	n/a	2293.653488	n/a
2295.642451	0.000000	459128	ttl	4	72	n/a	n/a	n/a	n/a	n/a	n/a	n/a	n/a	n/a	n/a	n/a	n/a	n/a	n/a	n/a	n/a	n/a	n/a	n/a	n/a	n/a	2295.642451	n/a
2295.653245	0.000000	459131	ttl	11	72	n/a	n/a	n/a	n/a	n/a	n/a	n/a	n/a	n/a	n/a	n/a	n/a	n/a	n/a	n/a	n/a	n/a	n/a	n/a	n/a	n/a	2295.653245	n/a
2296.203130	2.033643	459241	time_discrimination	n/a	n/a	n/a	72.0	n/a	n/a	n/a	2295.6532454999997	n/a	1.2836274527799105	1.0	1	3.0	NB_5_LongA.png	n/a	7	2299.52040025	n/a	55	2	1	intervals/timediscrimination_table	54	2296.203130	2298.236773
2296.203130	0.000000	459241	ttl	1	72	n/a	n/a	n/a	n/a	n/a	n/a	n/a	n/a	n/a	n/a	n/a	n/a	n/a	n/a	n/a	n/a	n/a	n/a	n/a	n/a	n/a	2296.203130	n/a
2298.236773	0.000000	459647	ttl	2	72	n/a	n/a	n/a	n/a	n/a	n/a	n/a	n/a	n/a	n/a	n/a	n/a	n/a	n/a	n/a	n/a	n/a	n/a	n/a	n/a	n/a	2298.236773	n/a
2299.520400	0.000000	459904	ttl	4	72	n/a	n/a	n/a	n/a	n/a	n/a	n/a	n/a	n/a	n/a	n/a	n/a	n/a	n/a	n/a	n/a	n/a	n/a	n/a	n/a	n/a	2299.520400	n/a
2299.530639	0.000000	459906	ttl	11	72	n/a	n/a	n/a	n/a	n/a	n/a	n/a	n/a	n/a	n/a	n/a	n/a	n/a	n/a	n/a	n/a	n/a	n/a	n/a	n/a	n/a	2299.530639	n/a
2300.097182	2.033686	460019	time_discrimination	n/a	n/a	n/a	72.0	n/a	n/a	n/a	2299.5306392499997	n/a	2.2840017063572304	2.0	3	2.0	HB_20_ShortA.png	n/a	6	2304.41486975	n/a	56	2	2	intervals/timediscrimination_table	55	2300.097182	2302.130868
2300.097182	0.000000	460019	ttl	1	72	n/a	n/a	n/a	n/a	n/a	n/a	n/a	n/a	n/a	n/a	n/a	n/a	n/a	n/a	n/a	n/a	n/a	n/a	n/a	n/a	n/a	2300.097182	n/a
2302.130868	0.000000	460426	ttl	2	72	n/a	n/a	n/a	n/a	n/a	n/a	n/a	n/a	n/a	n/a	n/a	n/a	n/a	n/a	n/a	n/a	n/a	n/a	n/a	n/a	n/a	2302.130868	n/a
2304.414870	0.000000	460883	ttl	4	72	n/a	n/a	n/a	n/a	n/a	n/a	n/a	n/a	n/a	n/a	n/a	n/a	n/a	n/a	n/a	n/a	n/a	n/a	n/a	n/a	n/a	2304.414870	n/a
2304.429933	0.000000	460886	ttl	11	72	n/a	n/a	n/a	n/a	n/a	n/a	n/a	n/a	n/a	n/a	n/a	n/a	n/a	n/a	n/a	n/a	n/a	n/a	n/a	n/a	n/a	2304.429933	n/a
2304.896490	2.033702	460979	time_discrimination	n/a	n/a	n/a	72.0	n/a	n/a	n/a	2304.42993325	n/a	1.0189596705313306	2.0	1	3.0	NB_25_ShortA.png	n/a	2	2307.9491519999997	n/a	57	1	1	intervals/timediscrimination_table	56	2304.896490	2306.930192
2304.896490	0.000000	460979	ttl	1	72	n/a	n/a	n/a	n/a	n/a	n/a	n/a	n/a	n/a	n/a	n/a	n/a	n/a	n/a	n/a	n/a	n/a	n/a	n/a	n/a	n/a	2304.896490	n/a
2306.930192	0.000000	461386	ttl	2	72	n/a	n/a	n/a	n/a	n/a	n/a	n/a	n/a	n/a	n/a	n/a	n/a	n/a	n/a	n/a	n/a	n/a	n/a	n/a	n/a	n/a	2306.930192	n/a
2307.949152	0.000000	461590	ttl	4	72	n/a	n/a	n/a	n/a	n/a	n/a	n/a	n/a	n/a	n/a	n/a	n/a	n/a	n/a	n/a	n/a	n/a	n/a	n/a	n/a	n/a	2307.949152	n/a
2307.954974	0.000000	461591	ttl	11	72	n/a	n/a	n/a	n/a	n/a	n/a	n/a	n/a	n/a	n/a	n/a	n/a	n/a	n/a	n/a	n/a	n/a	n/a	n/a	n/a	n/a	2307.954974	n/a
2308.438214	2.033369	461688	time_discrimination	n/a	n/a	n/a	72.0	n/a	n/a	n/a	2307.9549739999998	n/a	1.8728717425110517	2.0	3	3.0	HB_43_ShortA.png	n/a	7	2312.344455	n/a	58	2	2	intervals/timediscrimination_table	57	2308.438214	2310.471583
2308.438214	0.000000	461688	ttl	1	72	n/a	n/a	n/a	n/a	n/a	n/a	n/a	n/a	n/a	n/a	n/a	n/a	n/a	n/a	n/a	n/a	n/a	n/a	n/a	n/a	n/a	2308.438214	n/a
2310.471583	0.000000	462094	ttl	2	72	n/a	n/a	n/a	n/a	n/a	n/a	n/a	n/a	n/a	n/a	n/a	n/a	n/a	n/a	n/a	n/a	n/a	n/a	n/a	n/a	n/a	2310.471583	n/a
2312.344455	0.000000	462469	ttl	4	72	n/a	n/a	n/a	n/a	n/a	n/a	n/a	n/a	n/a	n/a	n/a	n/a	n/a	n/a	n/a	n/a	n/a	n/a	n/a	n/a	n/a	2312.344455	n/a
2312.361628	0.000000	462472	ttl	11	72	n/a	n/a	n/a	n/a	n/a	n/a	n/a	n/a	n/a	n/a	n/a	n/a	n/a	n/a	n/a	n/a	n/a	n/a	n/a	n/a	n/a	2312.361628	n/a
2312.894853	2.033720	462579	time_discrimination	n/a	n/a	n/a	72.0	n/a	n/a	n/a	2312.361628	n/a	0.7121599926686031	2.0	2	3.0	SB_40_ShortA.png	n/a	2	2315.64073275	n/a	59	1	1	intervals/timediscrimination_table	58	2312.894853	2314.928573
2312.894853	0.000000	462579	ttl	1	72	n/a	n/a	n/a	n/a	n/a	n/a	n/a	n/a	n/a	n/a	n/a	n/a	n/a	n/a	n/a	n/a	n/a	n/a	n/a	n/a	n/a	2312.894853	n/a
2314.928573	0.000000	462986	ttl	2	72	n/a	n/a	n/a	n/a	n/a	n/a	n/a	n/a	n/a	n/a	n/a	n/a	n/a	n/a	n/a	n/a	n/a	n/a	n/a	n/a	n/a	2314.928573	n/a
2315.640733	0.000000	463128	ttl	4	72	n/a	n/a	n/a	n/a	n/a	n/a	n/a	n/a	n/a	n/a	n/a	n/a	n/a	n/a	n/a	n/a	n/a	n/a	n/a	n/a	n/a	2315.640733	n/a
2315.654566	0.000000	463131	ttl	11	72	n/a	n/a	n/a	n/a	n/a	n/a	n/a	n/a	n/a	n/a	n/a	n/a	n/a	n/a	n/a	n/a	n/a	n/a	n/a	n/a	n/a	2315.654566	n/a
2316.171124	2.033867	463234	time_discrimination	n/a	n/a	n/a	72.0	n/a	n/a	n/a	2315.6545659999997	n/a	2.376738726568874	1.0	1	3.0	NB_28_ShortA.png	n/a	2	2320.58172975	n/a	60	1	2	intervals/timediscrimination_table	59	2316.171124	2318.204991
2316.171124	0.000000	463234	ttl	1	72	n/a	n/a	n/a	n/a	n/a	n/a	n/a	n/a	n/a	n/a	n/a	n/a	n/a	n/a	n/a	n/a	n/a	n/a	n/a	n/a	n/a	2316.171124	n/a
2318.204991	0.000000	463641	ttl	2	72	n/a	n/a	n/a	n/a	n/a	n/a	n/a	n/a	n/a	n/a	n/a	n/a	n/a	n/a	n/a	n/a	n/a	n/a	n/a	n/a	n/a	2318.204991	n/a
2320.581730	0.000000	464116	ttl	4	72	n/a	n/a	n/a	n/a	n/a	n/a	n/a	n/a	n/a	n/a	n/a	n/a	n/a	n/a	n/a	n/a	n/a	n/a	n/a	n/a	n/a	2320.581730	n/a
2320.594262	0.000000	464119	ttl	11	72	n/a	n/a	n/a	n/a	n/a	n/a	n/a	n/a	n/a	n/a	n/a	n/a	n/a	n/a	n/a	n/a	n/a	n/a	n/a	n/a	n/a	2320.594262	n/a
2321.194134	2.033718	464239	time_discrimination	n/a	n/a	n/a	72.0	n/a	n/a	n/a	2320.59426175	n/a	3.198845571547281	1.0	3	2.0	HB_42_LongA.png	n/a	3	2326.4266985	n/a	61	1	2	intervals/timediscrimination_table	60	2321.194134	2323.227853
2321.194134	0.000000	464239	ttl	1	72	n/a	n/a	n/a	n/a	n/a	n/a	n/a	n/a	n/a	n/a	n/a	n/a	n/a	n/a	n/a	n/a	n/a	n/a	n/a	n/a	n/a	2321.194134	n/a
2323.227853	0.000000	464646	ttl	2	72	n/a	n/a	n/a	n/a	n/a	n/a	n/a	n/a	n/a	n/a	n/a	n/a	n/a	n/a	n/a	n/a	n/a	n/a	n/a	n/a	n/a	2323.227853	n/a
2326.426698	0.000000	465285	ttl	4	72	n/a	n/a	n/a	n/a	n/a	n/a	n/a	n/a	n/a	n/a	n/a	n/a	n/a	n/a	n/a	n/a	n/a	n/a	n/a	n/a	n/a	2326.426698	n/a
2326.436610	0.000000	465287	ttl	11	72	n/a	n/a	n/a	n/a	n/a	n/a	n/a	n/a	n/a	n/a	n/a	n/a	n/a	n/a	n/a	n/a	n/a	n/a	n/a	n/a	n/a	2326.436610	n/a
2327.053144	2.033706	465411	time_discrimination	n/a	n/a	n/a	72.0	n/a	n/a	n/a	2326.43660975	n/a	1.9743040592948091	2.0	2	3.0	SB_2_LongA.png	n/a	7	2331.06115425	n/a	62	2	2	intervals/timediscrimination_table	61	2327.053144	2329.086850
2327.053144	0.000000	465411	ttl	1	72	n/a	n/a	n/a	n/a	n/a	n/a	n/a	n/a	n/a	n/a	n/a	n/a	n/a	n/a	n/a	n/a	n/a	n/a	n/a	n/a	n/a	2327.053144	n/a
2329.086850	0.000000	465817	ttl	2	72	n/a	n/a	n/a	n/a	n/a	n/a	n/a	n/a	n/a	n/a	n/a	n/a	n/a	n/a	n/a	n/a	n/a	n/a	n/a	n/a	n/a	2329.086850	n/a
2331.061154	0.000000	466212	ttl	4	72	n/a	n/a	n/a	n/a	n/a	n/a	n/a	n/a	n/a	n/a	n/a	n/a	n/a	n/a	n/a	n/a	n/a	n/a	n/a	n/a	n/a	2331.061154	n/a
2331.069021	0.000000	466214	ttl	11	72	n/a	n/a	n/a	n/a	n/a	n/a	n/a	n/a	n/a	n/a	n/a	n/a	n/a	n/a	n/a	n/a	n/a	n/a	n/a	n/a	n/a	2331.069021	n/a
2331.635571	2.034735	466327	time_discrimination	n/a	n/a	n/a	72.0	n/a	n/a	n/a	2331.06902125	n/a	0.23644406563107623	2.0	2	2.0	SB_6_LongA.png	n/a	6	2333.90675075	n/a	63	2	2	intervals/timediscrimination_table	62	2331.635571	2333.670307
2331.635571	0.000000	466327	ttl	1	72	n/a	n/a	n/a	n/a	n/a	n/a	n/a	n/a	n/a	n/a	n/a	n/a	n/a	n/a	n/a	n/a	n/a	n/a	n/a	n/a	n/a	2331.635571	n/a
2333.670307	0.000000	466734	ttl	2	72	n/a	n/a	n/a	n/a	n/a	n/a	n/a	n/a	n/a	n/a	n/a	n/a	n/a	n/a	n/a	n/a	n/a	n/a	n/a	n/a	n/a	2333.670307	n/a
2333.906751	0.000000	466781	ttl	4	72	n/a	n/a	n/a	n/a	n/a	n/a	n/a	n/a	n/a	n/a	n/a	n/a	n/a	n/a	n/a	n/a	n/a	n/a	n/a	n/a	n/a	2333.906751	n/a
2333.915268	0.000000	466783	ttl	11	72	n/a	n/a	n/a	n/a	n/a	n/a	n/a	n/a	n/a	n/a	n/a	n/a	n/a	n/a	n/a	n/a	n/a	n/a	n/a	n/a	n/a	2333.915268	n/a
2334.398518	2.033745	466880	time_discrimination	n/a	n/a	n/a	72.0	n/a	n/a	n/a	2333.91526825	n/a	0.003412168203794863	2.0	1	3.0	NB_23_LongA.png	n/a	7	2336.43567575	n/a	64	2	2	intervals/timediscrimination_table	63	2334.398518	2336.432263
2334.398518	0.000000	466880	ttl	1	72	n/a	n/a	n/a	n/a	n/a	n/a	n/a	n/a	n/a	n/a	n/a	n/a	n/a	n/a	n/a	n/a	n/a	n/a	n/a	n/a	n/a	2334.398518	n/a
2336.432263	0.000000	467286	ttl	2	72	n/a	n/a	n/a	n/a	n/a	n/a	n/a	n/a	n/a	n/a	n/a	n/a	n/a	n/a	n/a	n/a	n/a	n/a	n/a	n/a	n/a	2336.432263	n/a
2336.435676	0.000000	467287	ttl	4	72	n/a	n/a	n/a	n/a	n/a	n/a	n/a	n/a	n/a	n/a	n/a	n/a	n/a	n/a	n/a	n/a	n/a	n/a	n/a	n/a	n/a	2336.435676	n/a
2336.441806	0.000000	467288	ttl	11	72	n/a	n/a	n/a	n/a	n/a	n/a	n/a	n/a	n/a	n/a	n/a	n/a	n/a	n/a	n/a	n/a	n/a	n/a	n/a	n/a	n/a	2336.441806	n/a
2337.041688	2.033675	467408	time_discrimination	n/a	n/a	n/a	72.0	n/a	n/a	n/a	2336.441806	n/a	0.24912593232147628	2.0	2	3.0	SB_20_LongA.png	n/a	2	2339.3244892499997	n/a	65	1	1	intervals/timediscrimination_table	64	2337.041688	2339.075363
2337.041688	0.000000	467408	ttl	1	72	n/a	n/a	n/a	n/a	n/a	n/a	n/a	n/a	n/a	n/a	n/a	n/a	n/a	n/a	n/a	n/a	n/a	n/a	n/a	n/a	n/a	2337.041688	n/a
2339.075363	0.000000	467815	ttl	2	72	n/a	n/a	n/a	n/a	n/a	n/a	n/a	n/a	n/a	n/a	n/a	n/a	n/a	n/a	n/a	n/a	n/a	n/a	n/a	n/a	n/a	2339.075363	n/a
2339.324489	0.000000	467865	ttl	4	72	n/a	n/a	n/a	n/a	n/a	n/a	n/a	n/a	n/a	n/a	n/a	n/a	n/a	n/a	n/a	n/a	n/a	n/a	n/a	n/a	n/a	2339.324489	n/a
2339.326868	0.000000	467865	ttl	11	72	n/a	n/a	n/a	n/a	n/a	n/a	n/a	n/a	n/a	n/a	n/a	n/a	n/a	n/a	n/a	n/a	n/a	n/a	n/a	n/a	n/a	2339.326868	n/a
2339.926777	2.033876	467985	time_discrimination	n/a	n/a	n/a	72.0	n/a	n/a	n/a	2339.3268682499997	n/a	1.282254883160931	2.0	2	2.0	SB_58_LongA.png	n/a	6	2343.2429075	n/a	66	2	2	intervals/timediscrimination_table	65	2339.926777	2341.960652
2339.926777	0.000000	467985	ttl	1	72	n/a	n/a	n/a	n/a	n/a	n/a	n/a	n/a	n/a	n/a	n/a	n/a	n/a	n/a	n/a	n/a	n/a	n/a	n/a	n/a	n/a	2339.926777	n/a
2341.960652	0.000000	468392	ttl	2	72	n/a	n/a	n/a	n/a	n/a	n/a	n/a	n/a	n/a	n/a	n/a	n/a	n/a	n/a	n/a	n/a	n/a	n/a	n/a	n/a	n/a	2341.960652	n/a
2343.242908	0.000000	468649	ttl	4	72	n/a	n/a	n/a	n/a	n/a	n/a	n/a	n/a	n/a	n/a	n/a	n/a	n/a	n/a	n/a	n/a	n/a	n/a	n/a	n/a	n/a	2343.242908	n/a
2343.251763	0.000000	468650	ttl	11	72	n/a	n/a	n/a	n/a	n/a	n/a	n/a	n/a	n/a	n/a	n/a	n/a	n/a	n/a	n/a	n/a	n/a	n/a	n/a	n/a	n/a	2343.251763	n/a
2343.751669	2.033400	468750	time_discrimination	n/a	n/a	n/a	72.0	n/a	n/a	n/a	2343.2517635	n/a	0.7301564755325671	2.0	2	2.0	SB_21_LongA.png	n/a	6	2346.5152252499997	n/a	67	2	2	intervals/timediscrimination_table	66	2343.751669	2345.785069
2343.751669	0.000000	468750	ttl	1	72	n/a	n/a	n/a	n/a	n/a	n/a	n/a	n/a	n/a	n/a	n/a	n/a	n/a	n/a	n/a	n/a	n/a	n/a	n/a	n/a	n/a	2343.751669	n/a
2345.785069	0.000000	469157	ttl	2	72	n/a	n/a	n/a	n/a	n/a	n/a	n/a	n/a	n/a	n/a	n/a	n/a	n/a	n/a	n/a	n/a	n/a	n/a	n/a	n/a	n/a	2345.785069	n/a
2346.515225	0.000000	469303	ttl	4	72	n/a	n/a	n/a	n/a	n/a	n/a	n/a	n/a	n/a	n/a	n/a	n/a	n/a	n/a	n/a	n/a	n/a	n/a	n/a	n/a	n/a	2346.515225	n/a
2346.530683	0.000000	469306	ttl	11	72	n/a	n/a	n/a	n/a	n/a	n/a	n/a	n/a	n/a	n/a	n/a	n/a	n/a	n/a	n/a	n/a	n/a	n/a	n/a	n/a	n/a	2346.530683	n/a
2347.063888	2.033760	469413	time_discrimination	n/a	n/a	n/a	72.0	n/a	n/a	n/a	2346.53068325	n/a	1.188558109177393	2.0	3	3.0	HB_19_LongA.png	n/a	7	2350.28620625	n/a	68	2	2	intervals/timediscrimination_table	67	2347.063888	2349.097648
2347.063888	0.000000	469413	ttl	1	72	n/a	n/a	n/a	n/a	n/a	n/a	n/a	n/a	n/a	n/a	n/a	n/a	n/a	n/a	n/a	n/a	n/a	n/a	n/a	n/a	n/a	2347.063888	n/a
2349.097648	0.000000	469820	ttl	2	72	n/a	n/a	n/a	n/a	n/a	n/a	n/a	n/a	n/a	n/a	n/a	n/a	n/a	n/a	n/a	n/a	n/a	n/a	n/a	n/a	n/a	2349.097648	n/a
2350.286206	0.000000	470057	ttl	4	72	n/a	n/a	n/a	n/a	n/a	n/a	n/a	n/a	n/a	n/a	n/a	n/a	n/a	n/a	n/a	n/a	n/a	n/a	n/a	n/a	n/a	2350.286206	n/a
2350.303148	0.000000	470061	ttl	11	72	n/a	n/a	n/a	n/a	n/a	n/a	n/a	n/a	n/a	n/a	n/a	n/a	n/a	n/a	n/a	n/a	n/a	n/a	n/a	n/a	n/a	2350.303148	n/a
2350.869700	2.033882	470174	time_discrimination	n/a	n/a	n/a	72.0	n/a	n/a	n/a	2350.30314825	n/a	2.8911195895125275	2.0	3	2.0	HB_60_ShortA.png	n/a	6	2355.79470125	n/a	69	2	2	intervals/timediscrimination_table	68	2350.869700	2352.903581
2350.869700	0.000000	470174	ttl	1	72	n/a	n/a	n/a	n/a	n/a	n/a	n/a	n/a	n/a	n/a	n/a	n/a	n/a	n/a	n/a	n/a	n/a	n/a	n/a	n/a	n/a	2350.869700	n/a
2352.903581	0.000000	470581	ttl	2	72	n/a	n/a	n/a	n/a	n/a	n/a	n/a	n/a	n/a	n/a	n/a	n/a	n/a	n/a	n/a	n/a	n/a	n/a	n/a	n/a	n/a	2352.903581	n/a
2355.794701	0.000000	471159	ttl	4	72	n/a	n/a	n/a	n/a	n/a	n/a	n/a	n/a	n/a	n/a	n/a	n/a	n/a	n/a	n/a	n/a	n/a	n/a	n/a	n/a	n/a	2355.794701	n/a
2355.809893	0.000000	471162	ttl	11	72	n/a	n/a	n/a	n/a	n/a	n/a	n/a	n/a	n/a	n/a	n/a	n/a	n/a	n/a	n/a	n/a	n/a	n/a	n/a	n/a	n/a	2355.809893	n/a
2356.276462	2.033728	471255	time_discrimination	n/a	n/a	n/a	72.0	n/a	n/a	n/a	2355.809893	n/a	0.8357167986468994	2.0	2	2.0	SB_25_ShortA.png	n/a	6	2359.14590625	n/a	70	2	2	intervals/timediscrimination_table	69	2356.276462	2358.310189
2356.276462	0.000000	471255	ttl	1	72	n/a	n/a	n/a	n/a	n/a	n/a	n/a	n/a	n/a	n/a	n/a	n/a	n/a	n/a	n/a	n/a	n/a	n/a	n/a	n/a	n/a	2356.276462	n/a
2358.310189	0.000000	471662	ttl	2	72	n/a	n/a	n/a	n/a	n/a	n/a	n/a	n/a	n/a	n/a	n/a	n/a	n/a	n/a	n/a	n/a	n/a	n/a	n/a	n/a	n/a	2358.310189	n/a
2359.145906	0.000000	471829	ttl	4	72	n/a	n/a	n/a	n/a	n/a	n/a	n/a	n/a	n/a	n/a	n/a	n/a	n/a	n/a	n/a	n/a	n/a	n/a	n/a	n/a	n/a	2359.145906	n/a
2359.151705	0.000000	471830	ttl	11	72	n/a	n/a	n/a	n/a	n/a	n/a	n/a	n/a	n/a	n/a	n/a	n/a	n/a	n/a	n/a	n/a	n/a	n/a	n/a	n/a	n/a	2359.151705	n/a
2359.634937	2.033534	471927	time_discrimination	n/a	n/a	n/a	72.0	n/a	n/a	n/a	2359.1517055	n/a	2.3341352865172666	2.0	1	3.0	NB_13_ShortA.png	n/a	7	2364.002607	n/a	71	2	2	intervals/timediscrimination_table	70	2359.634937	2361.668472
2359.634937	0.000000	471927	ttl	1	72	n/a	n/a	n/a	n/a	n/a	n/a	n/a	n/a	n/a	n/a	n/a	n/a	n/a	n/a	n/a	n/a	n/a	n/a	n/a	n/a	n/a	2359.634937	n/a
2361.668472	0.000000	472334	ttl	2	72	n/a	n/a	n/a	n/a	n/a	n/a	n/a	n/a	n/a	n/a	n/a	n/a	n/a	n/a	n/a	n/a	n/a	n/a	n/a	n/a	n/a	2361.668472	n/a
2364.002607	0.000000	472801	ttl	4	72	n/a	n/a	n/a	n/a	n/a	n/a	n/a	n/a	n/a	n/a	n/a	n/a	n/a	n/a	n/a	n/a	n/a	n/a	n/a	n/a	n/a	2364.002607	n/a
2364.006381	0.000000	472801	ttl	11	72	n/a	n/a	n/a	n/a	n/a	n/a	n/a	n/a	n/a	n/a	n/a	n/a	n/a	n/a	n/a	n/a	n/a	n/a	n/a	n/a	n/a	2364.006381	n/a
2364.539598	2.033430	472908	time_discrimination	n/a	n/a	n/a	72.0	n/a	n/a	n/a	2364.00638075	n/a	1.0036398383308551	1.0	1	3.0	NB_25_LongA.png	n/a	2	2367.5766675	n/a	72	1	2	intervals/timediscrimination_table	71	2364.539598	2366.573028
2364.539598	0.000000	472908	ttl	1	72	n/a	n/a	n/a	n/a	n/a	n/a	n/a	n/a	n/a	n/a	n/a	n/a	n/a	n/a	n/a	n/a	n/a	n/a	n/a	n/a	n/a	2364.539598	n/a
2366.573028	0.000000	473315	ttl	2	72	n/a	n/a	n/a	n/a	n/a	n/a	n/a	n/a	n/a	n/a	n/a	n/a	n/a	n/a	n/a	n/a	n/a	n/a	n/a	n/a	n/a	2366.573028	n/a
2367.576667	0.000000	473515	ttl	4	72	n/a	n/a	n/a	n/a	n/a	n/a	n/a	n/a	n/a	n/a	n/a	n/a	n/a	n/a	n/a	n/a	n/a	n/a	n/a	n/a	n/a	2367.576667	n/a
2367.592861	0.000000	473519	ttl	11	72	n/a	n/a	n/a	n/a	n/a	n/a	n/a	n/a	n/a	n/a	n/a	n/a	n/a	n/a	n/a	n/a	n/a	n/a	n/a	n/a	n/a	2367.592861	n/a
2368.142753	2.033698	473629	time_discrimination	n/a	n/a	n/a	72.0	n/a	n/a	n/a	2367.5928615	n/a	0.28533200413221493	2.0	2	3.0	SB_16_LongA.png	n/a	7	2370.4617825	n/a	73	2	2	intervals/timediscrimination_table	72	2368.142753	2370.176451
2368.142753	0.000000	473629	ttl	1	72	n/a	n/a	n/a	n/a	n/a	n/a	n/a	n/a	n/a	n/a	n/a	n/a	n/a	n/a	n/a	n/a	n/a	n/a	n/a	n/a	n/a	2368.142753	n/a
2370.176451	0.000000	474035	ttl	2	72	n/a	n/a	n/a	n/a	n/a	n/a	n/a	n/a	n/a	n/a	n/a	n/a	n/a	n/a	n/a	n/a	n/a	n/a	n/a	n/a	n/a	2370.176451	n/a
2370.461783	0.000000	474092	ttl	4	72	n/a	n/a	n/a	n/a	n/a	n/a	n/a	n/a	n/a	n/a	n/a	n/a	n/a	n/a	n/a	n/a	n/a	n/a	n/a	n/a	n/a	2370.461783	n/a
2370.471270	0.000000	474094	ttl	11	72	n/a	n/a	n/a	n/a	n/a	n/a	n/a	n/a	n/a	n/a	n/a	n/a	n/a	n/a	n/a	n/a	n/a	n/a	n/a	n/a	n/a	2370.471270	n/a
2371.021152	2.033803	474204	time_discrimination	n/a	n/a	n/a	72.0	n/a	n/a	n/a	2370.47127	n/a	0.8798116329708137	2.0	1	3.0	NB_15_LongA.png	n/a	2	2373.934766	n/a	74	1	1	intervals/timediscrimination_table	73	2371.021152	2373.054954
2371.021152	0.000000	474204	ttl	1	72	n/a	n/a	n/a	n/a	n/a	n/a	n/a	n/a	n/a	n/a	n/a	n/a	n/a	n/a	n/a	n/a	n/a	n/a	n/a	n/a	n/a	2371.021152	n/a
2373.054954	0.000000	474611	ttl	2	72	n/a	n/a	n/a	n/a	n/a	n/a	n/a	n/a	n/a	n/a	n/a	n/a	n/a	n/a	n/a	n/a	n/a	n/a	n/a	n/a	n/a	2373.054954	n/a
2373.934766	0.000000	474787	ttl	4	72	n/a	n/a	n/a	n/a	n/a	n/a	n/a	n/a	n/a	n/a	n/a	n/a	n/a	n/a	n/a	n/a	n/a	n/a	n/a	n/a	n/a	2373.934766	n/a
2373.950122	0.000000	474790	ttl	11	72	n/a	n/a	n/a	n/a	n/a	n/a	n/a	n/a	n/a	n/a	n/a	n/a	n/a	n/a	n/a	n/a	n/a	n/a	n/a	n/a	n/a	2373.950122	n/a
2374.499996	2.033631	474900	time_discrimination	n/a	n/a	n/a	72.0	n/a	n/a	n/a	2373.95012175	n/a	4.201443612211733	2.0	3	2.0	HB_36_ShortA.png	n/a	3	2380.7350705	n/a	75	1	1	intervals/timediscrimination_table	74	2374.499996	2376.533627
2374.499996	0.000000	474900	ttl	1	72	n/a	n/a	n/a	n/a	n/a	n/a	n/a	n/a	n/a	n/a	n/a	n/a	n/a	n/a	n/a	n/a	n/a	n/a	n/a	n/a	n/a	2374.499996	n/a
2376.533627	0.000000	475307	ttl	2	72	n/a	n/a	n/a	n/a	n/a	n/a	n/a	n/a	n/a	n/a	n/a	n/a	n/a	n/a	n/a	n/a	n/a	n/a	n/a	n/a	n/a	2376.533627	n/a
2380.735070	0.000000	476147	ttl	4	72	n/a	n/a	n/a	n/a	n/a	n/a	n/a	n/a	n/a	n/a	n/a	n/a	n/a	n/a	n/a	n/a	n/a	n/a	n/a	n/a	n/a	2380.735070	n/a
2380.746978	0.000000	476149	ttl	11	72	n/a	n/a	n/a	n/a	n/a	n/a	n/a	n/a	n/a	n/a	n/a	n/a	n/a	n/a	n/a	n/a	n/a	n/a	n/a	n/a	n/a	2380.746978	n/a
2381.230210	2.034518	476246	time_discrimination	n/a	n/a	n/a	72.0	n/a	n/a	n/a	2380.7469779999997	n/a	0.17459688918461325	1.0	2	3.0	SB_26_ShortA.png	n/a	7	2383.439324	n/a	76	2	1	intervals/timediscrimination_table	75	2381.230210	2383.264727
2381.230210	0.000000	476246	ttl	1	72	n/a	n/a	n/a	n/a	n/a	n/a	n/a	n/a	n/a	n/a	n/a	n/a	n/a	n/a	n/a	n/a	n/a	n/a	n/a	n/a	n/a	2381.230210	n/a
2383.264727	0.000000	476653	ttl	2	72	n/a	n/a	n/a	n/a	n/a	n/a	n/a	n/a	n/a	n/a	n/a	n/a	n/a	n/a	n/a	n/a	n/a	n/a	n/a	n/a	n/a	2383.264727	n/a
2383.439324	0.000000	476688	ttl	4	72	n/a	n/a	n/a	n/a	n/a	n/a	n/a	n/a	n/a	n/a	n/a	n/a	n/a	n/a	n/a	n/a	n/a	n/a	n/a	n/a	n/a	2383.439324	n/a
2383.451371	0.000000	476690	ttl	11	72	n/a	n/a	n/a	n/a	n/a	n/a	n/a	n/a	n/a	n/a	n/a	n/a	n/a	n/a	n/a	n/a	n/a	n/a	n/a	n/a	n/a	2383.451371	n/a
2383.967944	2.033552	476794	time_discrimination	n/a	n/a	n/a	72.0	n/a	n/a	n/a	2383.4513715	n/a	4.411046576809895	2.0	3	2.0	HB_2_ShortA.png	n/a	3	2390.41254325	n/a	77	1	1	intervals/timediscrimination_table	76	2383.967944	2386.001497
2383.967944	0.000000	476794	ttl	1	72	n/a	n/a	n/a	n/a	n/a	n/a	n/a	n/a	n/a	n/a	n/a	n/a	n/a	n/a	n/a	n/a	n/a	n/a	n/a	n/a	n/a	2383.967944	n/a
2386.001497	0.000000	477200	ttl	2	72	n/a	n/a	n/a	n/a	n/a	n/a	n/a	n/a	n/a	n/a	n/a	n/a	n/a	n/a	n/a	n/a	n/a	n/a	n/a	n/a	n/a	2386.001497	n/a
2390.412543	0.000000	478083	ttl	4	72	n/a	n/a	n/a	n/a	n/a	n/a	n/a	n/a	n/a	n/a	n/a	n/a	n/a	n/a	n/a	n/a	n/a	n/a	n/a	n/a	n/a	2390.412543	n/a
2390.418543	0.000000	478084	ttl	11	72	n/a	n/a	n/a	n/a	n/a	n/a	n/a	n/a	n/a	n/a	n/a	n/a	n/a	n/a	n/a	n/a	n/a	n/a	n/a	n/a	n/a	2390.418543	n/a
2391.001761	2.034162	478200	time_discrimination	n/a	n/a	n/a	72.0	n/a	n/a	n/a	2390.4185427499997	n/a	1.6689387829173938	1.0	3	2.0	HB_7_LongA.png	n/a	6	2394.70486175	n/a	78	2	1	intervals/timediscrimination_table	77	2391.001761	2393.035923
2391.001761	0.000000	478200	ttl	1	72	n/a	n/a	n/a	n/a	n/a	n/a	n/a	n/a	n/a	n/a	n/a	n/a	n/a	n/a	n/a	n/a	n/a	n/a	n/a	n/a	n/a	2391.001761	n/a
2393.035923	0.000000	478607	ttl	2	72	n/a	n/a	n/a	n/a	n/a	n/a	n/a	n/a	n/a	n/a	n/a	n/a	n/a	n/a	n/a	n/a	n/a	n/a	n/a	n/a	n/a	2393.035923	n/a
2394.704862	0.000000	478941	ttl	4	72	n/a	n/a	n/a	n/a	n/a	n/a	n/a	n/a	n/a	n/a	n/a	n/a	n/a	n/a	n/a	n/a	n/a	n/a	n/a	n/a	n/a	2394.704862	n/a
2394.720718	0.000000	478944	ttl	11	72	n/a	n/a	n/a	n/a	n/a	n/a	n/a	n/a	n/a	n/a	n/a	n/a	n/a	n/a	n/a	n/a	n/a	n/a	n/a	n/a	n/a	2394.720718	n/a
2395.353925	2.033661	479071	time_discrimination	n/a	n/a	n/a	72.0	n/a	n/a	n/a	2394.7207184999997	n/a	0.40510572086350294	2.0	1	3.0	NB_12_ShortA.png	n/a	7	2397.79269175	n/a	79	2	2	intervals/timediscrimination_table	78	2395.353925	2397.387586
2395.353925	0.000000	479071	ttl	1	72	n/a	n/a	n/a	n/a	n/a	n/a	n/a	n/a	n/a	n/a	n/a	n/a	n/a	n/a	n/a	n/a	n/a	n/a	n/a	n/a	n/a	2395.353925	n/a
2397.387586	0.000000	479478	ttl	2	72	n/a	n/a	n/a	n/a	n/a	n/a	n/a	n/a	n/a	n/a	n/a	n/a	n/a	n/a	n/a	n/a	n/a	n/a	n/a	n/a	n/a	2397.387586	n/a
2397.792692	0.000000	479559	ttl	4	72	n/a	n/a	n/a	n/a	n/a	n/a	n/a	n/a	n/a	n/a	n/a	n/a	n/a	n/a	n/a	n/a	n/a	n/a	n/a	n/a	n/a	2397.792692	n/a
2397.807334	0.000000	479561	ttl	11	72	n/a	n/a	n/a	n/a	n/a	n/a	n/a	n/a	n/a	n/a	n/a	n/a	n/a	n/a	n/a	n/a	n/a	n/a	n/a	n/a	n/a	2397.807334	n/a
2398.373887	2.033396	479675	time_discrimination	n/a	n/a	n/a	72.0	n/a	n/a	n/a	2397.807334	n/a	0.8994932381756371	2.0	1	3.0	NB_29_LongA.png	n/a	7	2401.306776	n/a	80	2	2	intervals/timediscrimination_table	79	2398.373887	2400.407283
2398.373887	0.000000	479675	ttl	1	72	n/a	n/a	n/a	n/a	n/a	n/a	n/a	n/a	n/a	n/a	n/a	n/a	n/a	n/a	n/a	n/a	n/a	n/a	n/a	n/a	n/a	2398.373887	n/a
2400.407283	0.000000	480081	ttl	2	72	n/a	n/a	n/a	n/a	n/a	n/a	n/a	n/a	n/a	n/a	n/a	n/a	n/a	n/a	n/a	n/a	n/a	n/a	n/a	n/a	n/a	2400.407283	n/a
2401.306776	0.000000	480261	ttl	4	72	n/a	n/a	n/a	n/a	n/a	n/a	n/a	n/a	n/a	n/a	n/a	n/a	n/a	n/a	n/a	n/a	n/a	n/a	n/a	n/a	n/a	2401.306776	n/a
2401.316630	0.000000	480263	ttl	11	72	n/a	n/a	n/a	n/a	n/a	n/a	n/a	n/a	n/a	n/a	n/a	n/a	n/a	n/a	n/a	n/a	n/a	n/a	n/a	n/a	n/a	2401.316630	n/a
2401.883188	2.033037	480377	time_discrimination	n/a	n/a	n/a	72.0	n/a	n/a	n/a	2401.3166297499997	n/a	2.9501195079428726	2.0	3	2.0	HB_39_ShortA.png	n/a	3	2406.86634475	n/a	81	1	1	intervals/timediscrimination_table	80	2401.883188	2403.916225
2401.883188	0.000000	480377	ttl	1	72	n/a	n/a	n/a	n/a	n/a	n/a	n/a	n/a	n/a	n/a	n/a	n/a	n/a	n/a	n/a	n/a	n/a	n/a	n/a	n/a	n/a	2401.883188	n/a
2403.916225	0.000000	480783	ttl	2	72	n/a	n/a	n/a	n/a	n/a	n/a	n/a	n/a	n/a	n/a	n/a	n/a	n/a	n/a	n/a	n/a	n/a	n/a	n/a	n/a	n/a	2403.916225	n/a
2406.866345	0.000000	481373	ttl	4	72	n/a	n/a	n/a	n/a	n/a	n/a	n/a	n/a	n/a	n/a	n/a	n/a	n/a	n/a	n/a	n/a	n/a	n/a	n/a	n/a	n/a	2406.866345	n/a
2406.881408	0.000000	481376	ttl	11	72	n/a	n/a	n/a	n/a	n/a	n/a	n/a	n/a	n/a	n/a	n/a	n/a	n/a	n/a	n/a	n/a	n/a	n/a	n/a	n/a	n/a	2406.881408	n/a
2407.431299	2.033602	481486	time_discrimination	n/a	n/a	n/a	72.0	n/a	n/a	n/a	2406.88140825	n/a	1.1001521064536064	1.0	3	2.0	HB_56_ShortA.png	n/a	6	2410.56505325	n/a	82	2	1	intervals/timediscrimination_table	81	2407.431299	2409.464901
2407.431299	0.000000	481486	ttl	1	72	n/a	n/a	n/a	n/a	n/a	n/a	n/a	n/a	n/a	n/a	n/a	n/a	n/a	n/a	n/a	n/a	n/a	n/a	n/a	n/a	n/a	2407.431299	n/a
2409.464901	0.000000	481893	ttl	2	72	n/a	n/a	n/a	n/a	n/a	n/a	n/a	n/a	n/a	n/a	n/a	n/a	n/a	n/a	n/a	n/a	n/a	n/a	n/a	n/a	n/a	2409.464901	n/a
2410.565053	0.000000	482113	ttl	4	72	n/a	n/a	n/a	n/a	n/a	n/a	n/a	n/a	n/a	n/a	n/a	n/a	n/a	n/a	n/a	n/a	n/a	n/a	n/a	n/a	n/a	2410.565053	n/a
2410.582468	0.000000	482116	ttl	11	72	n/a	n/a	n/a	n/a	n/a	n/a	n/a	n/a	n/a	n/a	n/a	n/a	n/a	n/a	n/a	n/a	n/a	n/a	n/a	n/a	n/a	2410.582468	n/a
2411.065699	2.033578	482213	time_discrimination	n/a	n/a	n/a	72.0	n/a	n/a	n/a	2410.5824682499997	n/a	2.9104736716035404	1.0	3	2.0	HB_26_ShortA.png	n/a	3	2416.0097505	n/a	83	1	2	intervals/timediscrimination_table	82	2411.065699	2413.099277
2411.065699	0.000000	482213	ttl	1	72	n/a	n/a	n/a	n/a	n/a	n/a	n/a	n/a	n/a	n/a	n/a	n/a	n/a	n/a	n/a	n/a	n/a	n/a	n/a	n/a	n/a	2411.065699	n/a
2413.099277	0.000000	482620	ttl	2	72	n/a	n/a	n/a	n/a	n/a	n/a	n/a	n/a	n/a	n/a	n/a	n/a	n/a	n/a	n/a	n/a	n/a	n/a	n/a	n/a	n/a	2413.099277	n/a
2416.009750	0.000000	483202	ttl	4	72	n/a	n/a	n/a	n/a	n/a	n/a	n/a	n/a	n/a	n/a	n/a	n/a	n/a	n/a	n/a	n/a	n/a	n/a	n/a	n/a	n/a	2416.009750	n/a
2416.022674	0.000000	483205	ttl	11	72	n/a	n/a	n/a	n/a	n/a	n/a	n/a	n/a	n/a	n/a	n/a	n/a	n/a	n/a	n/a	n/a	n/a	n/a	n/a	n/a	n/a	2416.022674	n/a
2416.622556	2.033614	483325	time_discrimination	n/a	n/a	n/a	72.0	n/a	n/a	n/a	2416.0226735	n/a	0.4996884192660218	2.0	1	3.0	NB_24_ShortA.png	n/a	2	2419.1558585	n/a	84	1	1	intervals/timediscrimination_table	83	2416.622556	2418.656170
2416.622556	0.000000	483325	ttl	1	72	n/a	n/a	n/a	n/a	n/a	n/a	n/a	n/a	n/a	n/a	n/a	n/a	n/a	n/a	n/a	n/a	n/a	n/a	n/a	n/a	n/a	2416.622556	n/a
2418.656170	0.000000	483731	ttl	2	72	n/a	n/a	n/a	n/a	n/a	n/a	n/a	n/a	n/a	n/a	n/a	n/a	n/a	n/a	n/a	n/a	n/a	n/a	n/a	n/a	n/a	2418.656170	n/a
2419.155858	0.000000	483831	ttl	4	72	n/a	n/a	n/a	n/a	n/a	n/a	n/a	n/a	n/a	n/a	n/a	n/a	n/a	n/a	n/a	n/a	n/a	n/a	n/a	n/a	n/a	2419.155858	n/a
2419.170496	0.000000	483834	ttl	11	72	n/a	n/a	n/a	n/a	n/a	n/a	n/a	n/a	n/a	n/a	n/a	n/a	n/a	n/a	n/a	n/a	n/a	n/a	n/a	n/a	n/a	2419.170496	n/a
2419.753698	2.033333	483951	time_discrimination	n/a	n/a	n/a	72.0	n/a	n/a	n/a	2419.17049625	n/a	0.2351338848893647	1.0	3	3.0	HB_45_ShortA.png	n/a	2	2422.02216525	n/a	85	1	2	intervals/timediscrimination_table	84	2419.753698	2421.787031
2419.753698	0.000000	483951	ttl	1	72	n/a	n/a	n/a	n/a	n/a	n/a	n/a	n/a	n/a	n/a	n/a	n/a	n/a	n/a	n/a	n/a	n/a	n/a	n/a	n/a	n/a	2419.753698	n/a
2421.787031	0.000000	484357	ttl	2	72	n/a	n/a	n/a	n/a	n/a	n/a	n/a	n/a	n/a	n/a	n/a	n/a	n/a	n/a	n/a	n/a	n/a	n/a	n/a	n/a	n/a	2421.787031	n/a
2422.022165	0.000000	484404	ttl	4	72	n/a	n/a	n/a	n/a	n/a	n/a	n/a	n/a	n/a	n/a	n/a	n/a	n/a	n/a	n/a	n/a	n/a	n/a	n/a	n/a	n/a	2422.022165	n/a
2422.025869	0.000000	484405	ttl	11	72	n/a	n/a	n/a	n/a	n/a	n/a	n/a	n/a	n/a	n/a	n/a	n/a	n/a	n/a	n/a	n/a	n/a	n/a	n/a	n/a	n/a	2422.025869	n/a
2422.542404	2.033856	484508	time_discrimination	n/a	n/a	n/a	72.0	n/a	n/a	n/a	2422.02586875	n/a	0.16867746617208468	1.0	3	2.0	HB_48_ShortA.png	n/a	6	2424.7449375	n/a	86	2	1	intervals/timediscrimination_table	85	2422.542404	2424.576260
2422.542404	0.000000	484508	ttl	1	72	n/a	n/a	n/a	n/a	n/a	n/a	n/a	n/a	n/a	n/a	n/a	n/a	n/a	n/a	n/a	n/a	n/a	n/a	n/a	n/a	n/a	2422.542404	n/a
2424.576260	0.000000	484915	ttl	2	72	n/a	n/a	n/a	n/a	n/a	n/a	n/a	n/a	n/a	n/a	n/a	n/a	n/a	n/a	n/a	n/a	n/a	n/a	n/a	n/a	n/a	2424.576260	n/a
2424.744938	0.000000	484949	ttl	4	72	n/a	n/a	n/a	n/a	n/a	n/a	n/a	n/a	n/a	n/a	n/a	n/a	n/a	n/a	n/a	n/a	n/a	n/a	n/a	n/a	n/a	2424.744938	n/a
2424.748337	0.000000	484950	ttl	11	72	n/a	n/a	n/a	n/a	n/a	n/a	n/a	n/a	n/a	n/a	n/a	n/a	n/a	n/a	n/a	n/a	n/a	n/a	n/a	n/a	n/a	2424.748337	n/a
2425.364884	2.033389	485073	time_discrimination	n/a	n/a	n/a	72.0	n/a	n/a	n/a	2424.74833675	n/a	0.7565825453057187	1.0	2	3.0	SB_22_ShortA.png	n/a	7	2428.154856	n/a	87	2	1	intervals/timediscrimination_table	86	2425.364884	2427.398273
2425.364884	0.000000	485073	ttl	1	72	n/a	n/a	n/a	n/a	n/a	n/a	n/a	n/a	n/a	n/a	n/a	n/a	n/a	n/a	n/a	n/a	n/a	n/a	n/a	n/a	n/a	2425.364884	n/a
2427.398273	0.000000	485480	ttl	2	72	n/a	n/a	n/a	n/a	n/a	n/a	n/a	n/a	n/a	n/a	n/a	n/a	n/a	n/a	n/a	n/a	n/a	n/a	n/a	n/a	n/a	2427.398273	n/a
2428.154856	0.000000	485631	ttl	4	72	n/a	n/a	n/a	n/a	n/a	n/a	n/a	n/a	n/a	n/a	n/a	n/a	n/a	n/a	n/a	n/a	n/a	n/a	n/a	n/a	n/a	2428.154856	n/a
2428.162833	0.000000	485633	ttl	11	72	n/a	n/a	n/a	n/a	n/a	n/a	n/a	n/a	n/a	n/a	n/a	n/a	n/a	n/a	n/a	n/a	n/a	n/a	n/a	n/a	n/a	2428.162833	n/a
2428.746048	2.034083	485749	time_discrimination	n/a	n/a	n/a	72.0	n/a	n/a	n/a	2428.162833	n/a	1.7190826731311972	1.0	2	2.0	SB_33_LongA.png	n/a	6	2432.4992145	n/a	88	2	1	intervals/timediscrimination_table	87	2428.746048	2430.780132
2428.746048	0.000000	485749	ttl	1	72	n/a	n/a	n/a	n/a	n/a	n/a	n/a	n/a	n/a	n/a	n/a	n/a	n/a	n/a	n/a	n/a	n/a	n/a	n/a	n/a	n/a	2428.746048	n/a
2430.780132	0.000000	486156	ttl	2	72	n/a	n/a	n/a	n/a	n/a	n/a	n/a	n/a	n/a	n/a	n/a	n/a	n/a	n/a	n/a	n/a	n/a	n/a	n/a	n/a	n/a	2430.780132	n/a
2432.499215	0.000000	486500	ttl	4	72	n/a	n/a	n/a	n/a	n/a	n/a	n/a	n/a	n/a	n/a	n/a	n/a	n/a	n/a	n/a	n/a	n/a	n/a	n/a	n/a	n/a	2432.499215	n/a
2432.515578	0.000000	486503	ttl	11	72	n/a	n/a	n/a	n/a	n/a	n/a	n/a	n/a	n/a	n/a	n/a	n/a	n/a	n/a	n/a	n/a	n/a	n/a	n/a	n/a	n/a	2432.515578	n/a
2433.115466	2.033466	486623	time_discrimination	n/a	n/a	n/a	72.0	n/a	n/a	n/a	2432.5155784999997	n/a	1.3489427566382801	2.0	2	2.0	SB_60_ShortA.png	n/a	3	2436.4978742499998	n/a	89	1	1	intervals/timediscrimination_table	88	2433.115466	2435.148931
2433.115466	0.000000	486623	ttl	1	72	n/a	n/a	n/a	n/a	n/a	n/a	n/a	n/a	n/a	n/a	n/a	n/a	n/a	n/a	n/a	n/a	n/a	n/a	n/a	n/a	n/a	2433.115466	n/a
2435.148931	0.000000	487030	ttl	2	72	n/a	n/a	n/a	n/a	n/a	n/a	n/a	n/a	n/a	n/a	n/a	n/a	n/a	n/a	n/a	n/a	n/a	n/a	n/a	n/a	n/a	2435.148931	n/a
2436.497874	0.000000	487300	ttl	4	72	n/a	n/a	n/a	n/a	n/a	n/a	n/a	n/a	n/a	n/a	n/a	n/a	n/a	n/a	n/a	n/a	n/a	n/a	n/a	n/a	n/a	2436.497874	n/a
2436.512746	0.000000	487303	ttl	11	72	n/a	n/a	n/a	n/a	n/a	n/a	n/a	n/a	n/a	n/a	n/a	n/a	n/a	n/a	n/a	n/a	n/a	n/a	n/a	n/a	n/a	2436.512746	n/a
2437.029301	2.033617	487406	time_discrimination	n/a	n/a	n/a	72.0	n/a	n/a	n/a	2436.512746	n/a	0.8208999107882846	1.0	1	3.0	NB_26_LongA.png	n/a	2	2439.88381825	n/a	90	1	2	intervals/timediscrimination_table	89	2437.029301	2439.062918
2437.029301	0.000000	487406	ttl	1	72	n/a	n/a	n/a	n/a	n/a	n/a	n/a	n/a	n/a	n/a	n/a	n/a	n/a	n/a	n/a	n/a	n/a	n/a	n/a	n/a	n/a	2437.029301	n/a
2439.062918	0.000000	487813	ttl	2	72	n/a	n/a	n/a	n/a	n/a	n/a	n/a	n/a	n/a	n/a	n/a	n/a	n/a	n/a	n/a	n/a	n/a	n/a	n/a	n/a	n/a	2439.062918	n/a
2439.883818	0.000000	487977	ttl	4	72	n/a	n/a	n/a	n/a	n/a	n/a	n/a	n/a	n/a	n/a	n/a	n/a	n/a	n/a	n/a	n/a	n/a	n/a	n/a	n/a	n/a	2439.883818	n/a
2439.889801	0.000000	487978	ttl	11	72	n/a	n/a	n/a	n/a	n/a	n/a	n/a	n/a	n/a	n/a	n/a	n/a	n/a	n/a	n/a	n/a	n/a	n/a	n/a	n/a	n/a	2439.889801	n/a
2440.373036	2.033410	488075	time_discrimination	n/a	n/a	n/a	72.0	n/a	n/a	n/a	2439.88980125	n/a	1.174216192412132	1.0	3	3.0	HB_30_LongA.png	n/a	2	2443.5806629999997	n/a	91	1	2	intervals/timediscrimination_table	90	2440.373036	2442.406447
2440.373036	0.000000	488075	ttl	1	72	n/a	n/a	n/a	n/a	n/a	n/a	n/a	n/a	n/a	n/a	n/a	n/a	n/a	n/a	n/a	n/a	n/a	n/a	n/a	n/a	n/a	2440.373036	n/a
2442.406447	0.000000	488481	ttl	2	72	n/a	n/a	n/a	n/a	n/a	n/a	n/a	n/a	n/a	n/a	n/a	n/a	n/a	n/a	n/a	n/a	n/a	n/a	n/a	n/a	n/a	2442.406447	n/a
2443.580663	0.000000	488716	ttl	4	72	n/a	n/a	n/a	n/a	n/a	n/a	n/a	n/a	n/a	n/a	n/a	n/a	n/a	n/a	n/a	n/a	n/a	n/a	n/a	n/a	n/a	2443.580663	n/a
2443.593592	0.000000	488719	ttl	11	72	n/a	n/a	n/a	n/a	n/a	n/a	n/a	n/a	n/a	n/a	n/a	n/a	n/a	n/a	n/a	n/a	n/a	n/a	n/a	n/a	n/a	2443.593592	n/a
2444.110163	2.033630	488822	time_discrimination	n/a	n/a	n/a	72.0	n/a	n/a	n/a	2443.5935925	n/a	2.8867374079782167	2.0	1	2.0	NB_20_ShortA.png	n/a	3	2449.0305304999997	n/a	92	1	1	intervals/timediscrimination_table	91	2444.110163	2446.143793
2444.110163	0.000000	488822	ttl	1	72	n/a	n/a	n/a	n/a	n/a	n/a	n/a	n/a	n/a	n/a	n/a	n/a	n/a	n/a	n/a	n/a	n/a	n/a	n/a	n/a	n/a	2444.110163	n/a
2446.143793	0.000000	489229	ttl	2	72	n/a	n/a	n/a	n/a	n/a	n/a	n/a	n/a	n/a	n/a	n/a	n/a	n/a	n/a	n/a	n/a	n/a	n/a	n/a	n/a	n/a	2446.143793	n/a
2449.030530	0.000000	489806	ttl	4	72	n/a	n/a	n/a	n/a	n/a	n/a	n/a	n/a	n/a	n/a	n/a	n/a	n/a	n/a	n/a	n/a	n/a	n/a	n/a	n/a	n/a	2449.030530	n/a
2449.042167	0.000000	489808	ttl	11	72	n/a	n/a	n/a	n/a	n/a	n/a	n/a	n/a	n/a	n/a	n/a	n/a	n/a	n/a	n/a	n/a	n/a	n/a	n/a	n/a	n/a	2449.042167	n/a
2449.575394	2.033509	489915	time_discrimination	n/a	n/a	n/a	72.0	n/a	n/a	n/a	2449.04216675	n/a	1.529133530202671	2.0	1	2.0	NB_5_ShortA.png	n/a	3	2453.1380369999997	n/a	93	1	1	intervals/timediscrimination_table	92	2449.575394	2451.608903
2449.575394	0.000000	489915	ttl	1	72	n/a	n/a	n/a	n/a	n/a	n/a	n/a	n/a	n/a	n/a	n/a	n/a	n/a	n/a	n/a	n/a	n/a	n/a	n/a	n/a	n/a	2449.575394	n/a
2451.608903	0.000000	490322	ttl	2	72	n/a	n/a	n/a	n/a	n/a	n/a	n/a	n/a	n/a	n/a	n/a	n/a	n/a	n/a	n/a	n/a	n/a	n/a	n/a	n/a	n/a	2451.608903	n/a
2453.138037	0.000000	490628	ttl	4	72	n/a	n/a	n/a	n/a	n/a	n/a	n/a	n/a	n/a	n/a	n/a	n/a	n/a	n/a	n/a	n/a	n/a	n/a	n/a	n/a	n/a	2453.138037	n/a
2453.143399	0.000000	490629	ttl	11	72	n/a	n/a	n/a	n/a	n/a	n/a	n/a	n/a	n/a	n/a	n/a	n/a	n/a	n/a	n/a	n/a	n/a	n/a	n/a	n/a	n/a	2453.143399	n/a
2453.726600	2.033828	490745	time_discrimination	n/a	n/a	n/a	72.0	n/a	n/a	n/a	2453.14339875	n/a	0.03158158161386382	1.0	3	2.0	HB_28_LongA.png	n/a	6	2455.7920102499997	n/a	94	2	1	intervals/timediscrimination_table	93	2453.726600	2455.760429
2453.726600	0.000000	490745	ttl	1	72	n/a	n/a	n/a	n/a	n/a	n/a	n/a	n/a	n/a	n/a	n/a	n/a	n/a	n/a	n/a	n/a	n/a	n/a	n/a	n/a	n/a	2453.726600	n/a
2455.760429	0.000000	491152	ttl	2	72	n/a	n/a	n/a	n/a	n/a	n/a	n/a	n/a	n/a	n/a	n/a	n/a	n/a	n/a	n/a	n/a	n/a	n/a	n/a	n/a	n/a	2455.760429	n/a
2455.792010	0.000000	491158	ttl	4	72	n/a	n/a	n/a	n/a	n/a	n/a	n/a	n/a	n/a	n/a	n/a	n/a	n/a	n/a	n/a	n/a	n/a	n/a	n/a	n/a	n/a	2455.792010	n/a
2455.799833	0.000000	491160	ttl	11	72	n/a	n/a	n/a	n/a	n/a	n/a	n/a	n/a	n/a	n/a	n/a	n/a	n/a	n/a	n/a	n/a	n/a	n/a	n/a	n/a	n/a	2455.799833	n/a
2456.283049	2.033708	491257	time_discrimination	n/a	n/a	n/a	72.0	n/a	n/a	n/a	2455.79983275	n/a	0.6633391743453103	1.0	1	2.0	NB_18_LongA.png	n/a	6	2458.98009675	n/a	95	2	1	intervals/timediscrimination_table	94	2456.283049	2458.316758
2456.283049	0.000000	491257	ttl	1	72	n/a	n/a	n/a	n/a	n/a	n/a	n/a	n/a	n/a	n/a	n/a	n/a	n/a	n/a	n/a	n/a	n/a	n/a	n/a	n/a	n/a	2456.283049	n/a
2458.316758	0.000000	491663	ttl	2	72	n/a	n/a	n/a	n/a	n/a	n/a	n/a	n/a	n/a	n/a	n/a	n/a	n/a	n/a	n/a	n/a	n/a	n/a	n/a	n/a	n/a	2458.316758	n/a
2458.980097	0.000000	491796	ttl	4	72	n/a	n/a	n/a	n/a	n/a	n/a	n/a	n/a	n/a	n/a	n/a	n/a	n/a	n/a	n/a	n/a	n/a	n/a	n/a	n/a	n/a	2458.980097	n/a
2458.995956	0.000000	491799	ttl	11	72	n/a	n/a	n/a	n/a	n/a	n/a	n/a	n/a	n/a	n/a	n/a	n/a	n/a	n/a	n/a	n/a	n/a	n/a	n/a	n/a	n/a	2458.995956	n/a
2459.612504	2.033418	491923	time_discrimination	n/a	n/a	n/a	72.0	n/a	n/a	n/a	2458.99595625	n/a	3.9585783470538445	2.0	2	2.0	SB_31_ShortA.png	n/a	3	2465.6045005	n/a	96	1	1	intervals/timediscrimination_table	95	2459.612504	2461.645922
2459.612504	0.000000	491923	ttl	1	72	n/a	n/a	n/a	n/a	n/a	n/a	n/a	n/a	n/a	n/a	n/a	n/a	n/a	n/a	n/a	n/a	n/a	n/a	n/a	n/a	n/a	2459.612504	n/a
2461.645922	0.000000	492329	ttl	2	72	n/a	n/a	n/a	n/a	n/a	n/a	n/a	n/a	n/a	n/a	n/a	n/a	n/a	n/a	n/a	n/a	n/a	n/a	n/a	n/a	n/a	2461.645922	n/a
2465.604501	0.000000	493121	ttl	4	72	n/a	n/a	n/a	n/a	n/a	n/a	n/a	n/a	n/a	n/a	n/a	n/a	n/a	n/a	n/a	n/a	n/a	n/a	n/a	n/a	n/a	2465.604501	n/a
2465.620816	0.000000	493124	ttl	11	72	n/a	n/a	n/a	n/a	n/a	n/a	n/a	n/a	n/a	n/a	n/a	n/a	n/a	n/a	n/a	n/a	n/a	n/a	n/a	n/a	n/a	2465.620816	n/a
2466.170710	2.033680	493234	time_discrimination	n/a	n/a	n/a	72.0	n/a	n/a	n/a	2465.6208162499997	n/a	2.950174059056735	2.0	3	3.0	HB_57_LongA.png	n/a	7	2471.15456425	n/a	97	2	2	intervals/timediscrimination_table	96	2466.170710	2468.204390
2466.170710	0.000000	493234	ttl	1	72	n/a	n/a	n/a	n/a	n/a	n/a	n/a	n/a	n/a	n/a	n/a	n/a	n/a	n/a	n/a	n/a	n/a	n/a	n/a	n/a	n/a	2466.170710	n/a
2468.204390	0.000000	493641	ttl	2	72	n/a	n/a	n/a	n/a	n/a	n/a	n/a	n/a	n/a	n/a	n/a	n/a	n/a	n/a	n/a	n/a	n/a	n/a	n/a	n/a	n/a	2468.204390	n/a
2471.154564	0.000000	494231	ttl	4	72	n/a	n/a	n/a	n/a	n/a	n/a	n/a	n/a	n/a	n/a	n/a	n/a	n/a	n/a	n/a	n/a	n/a	n/a	n/a	n/a	n/a	2471.154564	n/a
2471.161347	0.000000	494232	ttl	11	72	n/a	n/a	n/a	n/a	n/a	n/a	n/a	n/a	n/a	n/a	n/a	n/a	n/a	n/a	n/a	n/a	n/a	n/a	n/a	n/a	n/a	2471.161347	n/a
2471.644576	2.033808	494329	time_discrimination	n/a	n/a	n/a	72.0	n/a	n/a	n/a	2471.1613467499997	n/a	2.413305458656396	2.0	3	3.0	HB_27_ShortA.png	n/a	2	2476.09168975	n/a	98	1	1	intervals/timediscrimination_table	97	2471.644576	2473.678384
2471.644576	0.000000	494329	ttl	1	72	n/a	n/a	n/a	n/a	n/a	n/a	n/a	n/a	n/a	n/a	n/a	n/a	n/a	n/a	n/a	n/a	n/a	n/a	n/a	n/a	n/a	2471.644576	n/a
2473.678384	0.000000	494736	ttl	2	72	n/a	n/a	n/a	n/a	n/a	n/a	n/a	n/a	n/a	n/a	n/a	n/a	n/a	n/a	n/a	n/a	n/a	n/a	n/a	n/a	n/a	2473.678384	n/a
2476.091690	0.000000	495218	ttl	4	72	n/a	n/a	n/a	n/a	n/a	n/a	n/a	n/a	n/a	n/a	n/a	n/a	n/a	n/a	n/a	n/a	n/a	n/a	n/a	n/a	n/a	2476.091690	n/a
2476.110026	0.000000	495222	ttl	11	72	n/a	n/a	n/a	n/a	n/a	n/a	n/a	n/a	n/a	n/a	n/a	n/a	n/a	n/a	n/a	n/a	n/a	n/a	n/a	n/a	n/a	2476.110026	n/a
2476.693233	2.034515	495339	time_discrimination	n/a	n/a	n/a	72.0	n/a	n/a	n/a	2476.110026	n/a	1.4973366099366103	2.0	2	3.0	SB_55_LongA.png	n/a	7	2480.22508475	n/a	99	2	2	intervals/timediscrimination_table	98	2476.693233	2478.727748
2476.693233	0.000000	495339	ttl	1	72	n/a	n/a	n/a	n/a	n/a	n/a	n/a	n/a	n/a	n/a	n/a	n/a	n/a	n/a	n/a	n/a	n/a	n/a	n/a	n/a	n/a	2476.693233	n/a
2478.727748	0.000000	495746	ttl	2	72	n/a	n/a	n/a	n/a	n/a	n/a	n/a	n/a	n/a	n/a	n/a	n/a	n/a	n/a	n/a	n/a	n/a	n/a	n/a	n/a	n/a	2478.727748	n/a
2480.225085	0.000000	496045	ttl	4	72	n/a	n/a	n/a	n/a	n/a	n/a	n/a	n/a	n/a	n/a	n/a	n/a	n/a	n/a	n/a	n/a	n/a	n/a	n/a	n/a	n/a	2480.225085	n/a
2480.228699	0.000000	496046	ttl	11	72	n/a	n/a	n/a	n/a	n/a	n/a	n/a	n/a	n/a	n/a	n/a	n/a	n/a	n/a	n/a	n/a	n/a	n/a	n/a	n/a	n/a	2480.228699	n/a
2480.811897	2.033423	496162	time_discrimination	n/a	n/a	n/a	72.0	n/a	n/a	n/a	2480.2286985	n/a	2.890405714562803	2.0	1	3.0	NB_4_LongA.png	n/a	2	2485.73572525	n/a	100	1	1	intervals/timediscrimination_table	99	2480.811897	2482.845320
2480.811897	0.000000	496162	ttl	1	72	n/a	n/a	n/a	n/a	n/a	n/a	n/a	n/a	n/a	n/a	n/a	n/a	n/a	n/a	n/a	n/a	n/a	n/a	n/a	n/a	n/a	2480.811897	n/a
2482.845320	0.000000	496569	ttl	2	72	n/a	n/a	n/a	n/a	n/a	n/a	n/a	n/a	n/a	n/a	n/a	n/a	n/a	n/a	n/a	n/a	n/a	n/a	n/a	n/a	n/a	2482.845320	n/a
2485.735725	0.000000	497147	ttl	4	72	n/a	n/a	n/a	n/a	n/a	n/a	n/a	n/a	n/a	n/a	n/a	n/a	n/a	n/a	n/a	n/a	n/a	n/a	n/a	n/a	n/a	2485.735725	n/a
2485.750808	0.000000	497150	ttl	11	72	n/a	n/a	n/a	n/a	n/a	n/a	n/a	n/a	n/a	n/a	n/a	n/a	n/a	n/a	n/a	n/a	n/a	n/a	n/a	n/a	n/a	2485.750808	n/a
2486.284040	2.034028	497257	time_discrimination	n/a	n/a	n/a	72.0	n/a	n/a	n/a	2485.75080825	n/a	3.559986293228576	2.0	3	2.0	HB_37_LongA.png	n/a	6	2491.87805425	n/a	101	2	2	intervals/timediscrimination_table	100	2486.284040	2488.318068
2486.284040	0.000000	497257	ttl	1	72	n/a	n/a	n/a	n/a	n/a	n/a	n/a	n/a	n/a	n/a	n/a	n/a	n/a	n/a	n/a	n/a	n/a	n/a	n/a	n/a	n/a	2486.284040	n/a
2488.318068	0.000000	497664	ttl	2	72	n/a	n/a	n/a	n/a	n/a	n/a	n/a	n/a	n/a	n/a	n/a	n/a	n/a	n/a	n/a	n/a	n/a	n/a	n/a	n/a	n/a	2488.318068	n/a
2491.878054	0.000000	498376	ttl	4	72	n/a	n/a	n/a	n/a	n/a	n/a	n/a	n/a	n/a	n/a	n/a	n/a	n/a	n/a	n/a	n/a	n/a	n/a	n/a	n/a	n/a	2491.878054	n/a
2491.892115	0.000000	498378	ttl	11	72	n/a	n/a	n/a	n/a	n/a	n/a	n/a	n/a	n/a	n/a	n/a	n/a	n/a	n/a	n/a	n/a	n/a	n/a	n/a	n/a	n/a	2491.892115	n/a
2492.442010	2.033720	498488	time_discrimination	n/a	n/a	n/a	72.0	n/a	n/a	n/a	2491.89211475	n/a	0.7525158990247292	1.0	2	2.0	SB_24_LongA.png	n/a	3	2495.22824575	n/a	102	1	2	intervals/timediscrimination_table	101	2492.442010	2494.475730
2492.442010	0.000000	498488	ttl	1	72	n/a	n/a	n/a	n/a	n/a	n/a	n/a	n/a	n/a	n/a	n/a	n/a	n/a	n/a	n/a	n/a	n/a	n/a	n/a	n/a	n/a	2492.442010	n/a
2494.475730	0.000000	498895	ttl	2	72	n/a	n/a	n/a	n/a	n/a	n/a	n/a	n/a	n/a	n/a	n/a	n/a	n/a	n/a	n/a	n/a	n/a	n/a	n/a	n/a	n/a	2494.475730	n/a
2495.228246	0.000000	499046	ttl	4	72	n/a	n/a	n/a	n/a	n/a	n/a	n/a	n/a	n/a	n/a	n/a	n/a	n/a	n/a	n/a	n/a	n/a	n/a	n/a	n/a	n/a	2495.228246	n/a
2495.241425	0.000000	499048	ttl	11	72	n/a	n/a	n/a	n/a	n/a	n/a	n/a	n/a	n/a	n/a	n/a	n/a	n/a	n/a	n/a	n/a	n/a	n/a	n/a	n/a	n/a	2495.241425	n/a
2495.841300	2.034586	499168	time_discrimination	n/a	n/a	n/a	72.0	n/a	n/a	n/a	2495.2414249999997	n/a	2.319901192931866	2.0	1	3.0	NB_9_ShortA.png	n/a	7	2500.19578775	n/a	103	2	2	intervals/timediscrimination_table	102	2495.841300	2497.875886
2495.841300	0.000000	499168	ttl	1	72	n/a	n/a	n/a	n/a	n/a	n/a	n/a	n/a	n/a	n/a	n/a	n/a	n/a	n/a	n/a	n/a	n/a	n/a	n/a	n/a	n/a	2495.841300	n/a
2497.875886	0.000000	499575	ttl	2	72	n/a	n/a	n/a	n/a	n/a	n/a	n/a	n/a	n/a	n/a	n/a	n/a	n/a	n/a	n/a	n/a	n/a	n/a	n/a	n/a	n/a	2497.875886	n/a
2500.195788	0.000000	500039	ttl	4	72	n/a	n/a	n/a	n/a	n/a	n/a	n/a	n/a	n/a	n/a	n/a	n/a	n/a	n/a	n/a	n/a	n/a	n/a	n/a	n/a	n/a	2500.195788	n/a
2500.212603	0.000000	500043	ttl	11	72	n/a	n/a	n/a	n/a	n/a	n/a	n/a	n/a	n/a	n/a	n/a	n/a	n/a	n/a	n/a	n/a	n/a	n/a	n/a	n/a	n/a	2500.212603	n/a
2500.745825	2.033637	500149	time_discrimination	n/a	n/a	n/a	72.0	n/a	n/a	n/a	2500.21260325	n/a	2.7088969273900148	1.0	3	2.0	HB_22_LongA.png	n/a	6	2505.48835925	n/a	104	2	1	intervals/timediscrimination_table	103	2500.745825	2502.779462
2500.745825	0.000000	500149	ttl	1	72	n/a	n/a	n/a	n/a	n/a	n/a	n/a	n/a	n/a	n/a	n/a	n/a	n/a	n/a	n/a	n/a	n/a	n/a	n/a	n/a	n/a	2500.745825	n/a
2502.779462	0.000000	500556	ttl	2	72	n/a	n/a	n/a	n/a	n/a	n/a	n/a	n/a	n/a	n/a	n/a	n/a	n/a	n/a	n/a	n/a	n/a	n/a	n/a	n/a	n/a	2502.779462	n/a
2505.488359	0.000000	501098	ttl	4	72	n/a	n/a	n/a	n/a	n/a	n/a	n/a	n/a	n/a	n/a	n/a	n/a	n/a	n/a	n/a	n/a	n/a	n/a	n/a	n/a	n/a	2505.488359	n/a
2505.505078	0.000000	501101	ttl	11	72	n/a	n/a	n/a	n/a	n/a	n/a	n/a	n/a	n/a	n/a	n/a	n/a	n/a	n/a	n/a	n/a	n/a	n/a	n/a	n/a	n/a	2505.505078	n/a
2506.071631	2.033682	501214	time_discrimination	n/a	n/a	n/a	72.0	n/a	n/a	n/a	2505.5050785	n/a	2.095982632628875	1.0	1	3.0	NB_27_ShortA.png	n/a	7	2510.2012959999997	n/a	105	2	1	intervals/timediscrimination_table	104	2506.071631	2508.105313
2506.071631	0.000000	501214	ttl	1	72	n/a	n/a	n/a	n/a	n/a	n/a	n/a	n/a	n/a	n/a	n/a	n/a	n/a	n/a	n/a	n/a	n/a	n/a	n/a	n/a	n/a	2506.071631	n/a
2508.105313	0.000000	501621	ttl	2	72	n/a	n/a	n/a	n/a	n/a	n/a	n/a	n/a	n/a	n/a	n/a	n/a	n/a	n/a	n/a	n/a	n/a	n/a	n/a	n/a	n/a	2508.105313	n/a
2510.201296	0.000000	502040	ttl	4	72	n/a	n/a	n/a	n/a	n/a	n/a	n/a	n/a	n/a	n/a	n/a	n/a	n/a	n/a	n/a	n/a	n/a	n/a	n/a	n/a	n/a	2510.201296	n/a
2510.210500	0.000000	502042	ttl	11	72	n/a	n/a	n/a	n/a	n/a	n/a	n/a	n/a	n/a	n/a	n/a	n/a	n/a	n/a	n/a	n/a	n/a	n/a	n/a	n/a	n/a	2510.210500	n/a
2510.777053	2.033604	502155	time_discrimination	n/a	n/a	n/a	72.0	n/a	n/a	n/a	2510.2104999999997	n/a	2.4113016714545665	1.0	2	2.0	SB_14_LongA.png	n/a	3	2515.2219585	n/a	106	1	2	intervals/timediscrimination_table	105	2510.777053	2512.810657
2510.777053	0.000000	502155	ttl	1	72	n/a	n/a	n/a	n/a	n/a	n/a	n/a	n/a	n/a	n/a	n/a	n/a	n/a	n/a	n/a	n/a	n/a	n/a	n/a	n/a	n/a	2510.777053	n/a
2512.810657	0.000000	502562	ttl	2	72	n/a	n/a	n/a	n/a	n/a	n/a	n/a	n/a	n/a	n/a	n/a	n/a	n/a	n/a	n/a	n/a	n/a	n/a	n/a	n/a	n/a	2512.810657	n/a
2515.221958	0.000000	503044	ttl	4	72	n/a	n/a	n/a	n/a	n/a	n/a	n/a	n/a	n/a	n/a	n/a	n/a	n/a	n/a	n/a	n/a	n/a	n/a	n/a	n/a	n/a	2515.221958	n/a
2515.233173	0.000000	503047	ttl	11	72	n/a	n/a	n/a	n/a	n/a	n/a	n/a	n/a	n/a	n/a	n/a	n/a	n/a	n/a	n/a	n/a	n/a	n/a	n/a	n/a	n/a	2515.233173	n/a
2515.849726	2.033655	503170	time_discrimination	n/a	n/a	n/a	72.0	n/a	n/a	n/a	2515.233173	n/a	1.1752692488880712	2.0	1	3.0	NB_24_LongA.png	n/a	2	2519.05865	n/a	107	1	1	intervals/timediscrimination_table	106	2515.849726	2517.883381
2515.849726	0.000000	503170	ttl	1	72	n/a	n/a	n/a	n/a	n/a	n/a	n/a	n/a	n/a	n/a	n/a	n/a	n/a	n/a	n/a	n/a	n/a	n/a	n/a	n/a	n/a	2515.849726	n/a
2517.883381	0.000000	503577	ttl	2	72	n/a	n/a	n/a	n/a	n/a	n/a	n/a	n/a	n/a	n/a	n/a	n/a	n/a	n/a	n/a	n/a	n/a	n/a	n/a	n/a	n/a	2517.883381	n/a
2519.058650	0.000000	503812	ttl	4	72	n/a	n/a	n/a	n/a	n/a	n/a	n/a	n/a	n/a	n/a	n/a	n/a	n/a	n/a	n/a	n/a	n/a	n/a	n/a	n/a	n/a	2519.058650	n/a
2519.066424	0.000000	503813	ttl	11	72	n/a	n/a	n/a	n/a	n/a	n/a	n/a	n/a	n/a	n/a	n/a	n/a	n/a	n/a	n/a	n/a	n/a	n/a	n/a	n/a	n/a	2519.066424	n/a
2519.682961	2.034099	503937	time_discrimination	n/a	n/a	n/a	72.0	n/a	n/a	n/a	2519.066424	n/a	3.137736941156618	1.0	3	2.0	HB_4_LongA.png	n/a	6	2524.8547977499998	n/a	108	2	1	intervals/timediscrimination_table	107	2519.682961	2521.717061
2519.682961	0.000000	503937	ttl	1	72	n/a	n/a	n/a	n/a	n/a	n/a	n/a	n/a	n/a	n/a	n/a	n/a	n/a	n/a	n/a	n/a	n/a	n/a	n/a	n/a	n/a	2519.682961	n/a
2521.717061	0.000000	504343	ttl	2	72	n/a	n/a	n/a	n/a	n/a	n/a	n/a	n/a	n/a	n/a	n/a	n/a	n/a	n/a	n/a	n/a	n/a	n/a	n/a	n/a	n/a	2521.717061	n/a
2524.854798	0.000000	504971	ttl	4	72	n/a	n/a	n/a	n/a	n/a	n/a	n/a	n/a	n/a	n/a	n/a	n/a	n/a	n/a	n/a	n/a	n/a	n/a	n/a	n/a	n/a	2524.854798	n/a
2524.862492	0.000000	504972	ttl	11	72	n/a	n/a	n/a	n/a	n/a	n/a	n/a	n/a	n/a	n/a	n/a	n/a	n/a	n/a	n/a	n/a	n/a	n/a	n/a	n/a	n/a	2524.862492	n/a
2525.445702	2.033509	505089	time_discrimination	n/a	n/a	n/a	72.0	n/a	n/a	n/a	2524.8624925	n/a	2.385053710619104	1.0	1	3.0	NB_8_LongA.png	n/a	2	2529.86426475	n/a	109	1	2	intervals/timediscrimination_table	108	2525.445702	2527.479211
2525.445702	0.000000	505089	ttl	1	72	n/a	n/a	n/a	n/a	n/a	n/a	n/a	n/a	n/a	n/a	n/a	n/a	n/a	n/a	n/a	n/a	n/a	n/a	n/a	n/a	n/a	2525.445702	n/a
2527.479211	0.000000	505496	ttl	2	72	n/a	n/a	n/a	n/a	n/a	n/a	n/a	n/a	n/a	n/a	n/a	n/a	n/a	n/a	n/a	n/a	n/a	n/a	n/a	n/a	n/a	2527.479211	n/a
2529.864265	0.000000	505973	ttl	4	72	n/a	n/a	n/a	n/a	n/a	n/a	n/a	n/a	n/a	n/a	n/a	n/a	n/a	n/a	n/a	n/a	n/a	n/a	n/a	n/a	n/a	2529.864265	n/a
2529.872830	0.000000	505975	ttl	11	72	n/a	n/a	n/a	n/a	n/a	n/a	n/a	n/a	n/a	n/a	n/a	n/a	n/a	n/a	n/a	n/a	n/a	n/a	n/a	n/a	n/a	2529.872830	n/a
2530.372732	2.033707	506075	time_discrimination	n/a	n/a	n/a	72.0	n/a	n/a	n/a	2529.8728297499997	n/a	1.0914744273250108	2.0	3	2.0	HB_44_ShortA.png	n/a	3	2533.4979142499997	n/a	110	1	1	intervals/timediscrimination_table	109	2530.372732	2532.406440
2530.372732	0.000000	506075	ttl	1	72	n/a	n/a	n/a	n/a	n/a	n/a	n/a	n/a	n/a	n/a	n/a	n/a	n/a	n/a	n/a	n/a	n/a	n/a	n/a	n/a	n/a	2530.372732	n/a
2532.406440	0.000000	506481	ttl	2	72	n/a	n/a	n/a	n/a	n/a	n/a	n/a	n/a	n/a	n/a	n/a	n/a	n/a	n/a	n/a	n/a	n/a	n/a	n/a	n/a	n/a	2532.406440	n/a
2533.497914	0.000000	506700	ttl	4	72	n/a	n/a	n/a	n/a	n/a	n/a	n/a	n/a	n/a	n/a	n/a	n/a	n/a	n/a	n/a	n/a	n/a	n/a	n/a	n/a	n/a	2533.497914	n/a
2533.500775	0.000000	506700	ttl	11	72	n/a	n/a	n/a	n/a	n/a	n/a	n/a	n/a	n/a	n/a	n/a	n/a	n/a	n/a	n/a	n/a	n/a	n/a	n/a	n/a	n/a	2533.500775	n/a
2534.034005	2.033657	506807	time_discrimination	n/a	n/a	n/a	72.0	n/a	n/a	n/a	2533.5007754999997	n/a	1.0749277173745213	2.0	1	3.0	NB_17_ShortA.png	n/a	2	2537.1425894999998	n/a	111	1	1	intervals/timediscrimination_table	110	2534.034005	2536.067662
2534.034005	0.000000	506807	ttl	1	72	n/a	n/a	n/a	n/a	n/a	n/a	n/a	n/a	n/a	n/a	n/a	n/a	n/a	n/a	n/a	n/a	n/a	n/a	n/a	n/a	n/a	2534.034005	n/a
2536.067662	0.000000	507214	ttl	2	72	n/a	n/a	n/a	n/a	n/a	n/a	n/a	n/a	n/a	n/a	n/a	n/a	n/a	n/a	n/a	n/a	n/a	n/a	n/a	n/a	n/a	2536.067662	n/a
2537.142589	0.000000	507429	ttl	4	72	n/a	n/a	n/a	n/a	n/a	n/a	n/a	n/a	n/a	n/a	n/a	n/a	n/a	n/a	n/a	n/a	n/a	n/a	n/a	n/a	n/a	2537.142589	n/a
2537.158145	0.000000	507432	ttl	11	72	n/a	n/a	n/a	n/a	n/a	n/a	n/a	n/a	n/a	n/a	n/a	n/a	n/a	n/a	n/a	n/a	n/a	n/a	n/a	n/a	n/a	2537.158145	n/a
2537.691366	2.034718	507538	time_discrimination	n/a	n/a	n/a	72.0	n/a	n/a	n/a	2537.15814525	n/a	0.9369605809770292	2.0	1	3.0	NB_1_LongA.png	n/a	7	2540.6630447499997	n/a	112	2	2	intervals/timediscrimination_table	111	2537.691366	2539.726084
2537.691366	0.000000	507538	ttl	1	72	n/a	n/a	n/a	n/a	n/a	n/a	n/a	n/a	n/a	n/a	n/a	n/a	n/a	n/a	n/a	n/a	n/a	n/a	n/a	n/a	n/a	2537.691366	n/a
2539.726084	0.000000	507945	ttl	2	72	n/a	n/a	n/a	n/a	n/a	n/a	n/a	n/a	n/a	n/a	n/a	n/a	n/a	n/a	n/a	n/a	n/a	n/a	n/a	n/a	n/a	2539.726084	n/a
2540.663045	0.000000	508133	ttl	4	72	n/a	n/a	n/a	n/a	n/a	n/a	n/a	n/a	n/a	n/a	n/a	n/a	n/a	n/a	n/a	n/a	n/a	n/a	n/a	n/a	n/a	2540.663045	n/a
2540.677238	0.000000	508135	ttl	11	72	n/a	n/a	n/a	n/a	n/a	n/a	n/a	n/a	n/a	n/a	n/a	n/a	n/a	n/a	n/a	n/a	n/a	n/a	n/a	n/a	n/a	2540.677238	n/a
2541.210465	2.033391	508242	time_discrimination	n/a	n/a	n/a	72.0	n/a	n/a	n/a	2540.6772375	n/a	3.4090937974251574	2.0	3	2.0	HB_12_ShortA.png	n/a	3	2546.6529499999997	n/a	113	1	1	intervals/timediscrimination_table	112	2541.210465	2543.243856
2541.210465	0.000000	508242	ttl	1	72	n/a	n/a	n/a	n/a	n/a	n/a	n/a	n/a	n/a	n/a	n/a	n/a	n/a	n/a	n/a	n/a	n/a	n/a	n/a	n/a	n/a	2541.210465	n/a
2543.243856	0.000000	508649	ttl	2	72	n/a	n/a	n/a	n/a	n/a	n/a	n/a	n/a	n/a	n/a	n/a	n/a	n/a	n/a	n/a	n/a	n/a	n/a	n/a	n/a	n/a	2543.243856	n/a
2546.652950	0.000000	509331	ttl	4	72	n/a	n/a	n/a	n/a	n/a	n/a	n/a	n/a	n/a	n/a	n/a	n/a	n/a	n/a	n/a	n/a	n/a	n/a	n/a	n/a	n/a	2546.652950	n/a
2546.665319	0.000000	509333	ttl	11	72	n/a	n/a	n/a	n/a	n/a	n/a	n/a	n/a	n/a	n/a	n/a	n/a	n/a	n/a	n/a	n/a	n/a	n/a	n/a	n/a	n/a	2546.665319	n/a
2547.198537	2.033375	509440	time_discrimination	n/a	n/a	n/a	72.0	n/a	n/a	n/a	2546.6653195	n/a	1.115501965956355	2.0	1	3.0	NB_11_ShortA.png	n/a	2	2550.34741325	n/a	114	1	1	intervals/timediscrimination_table	113	2547.198537	2549.231911
2547.198537	0.000000	509440	ttl	1	72	n/a	n/a	n/a	n/a	n/a	n/a	n/a	n/a	n/a	n/a	n/a	n/a	n/a	n/a	n/a	n/a	n/a	n/a	n/a	n/a	n/a	2547.198537	n/a
2549.231911	0.000000	509846	ttl	2	72	n/a	n/a	n/a	n/a	n/a	n/a	n/a	n/a	n/a	n/a	n/a	n/a	n/a	n/a	n/a	n/a	n/a	n/a	n/a	n/a	n/a	2549.231911	n/a
2550.347413	0.000000	510069	ttl	4	72	n/a	n/a	n/a	n/a	n/a	n/a	n/a	n/a	n/a	n/a	n/a	n/a	n/a	n/a	n/a	n/a	n/a	n/a	n/a	n/a	n/a	2550.347413	n/a
2550.356466	0.000000	510071	ttl	11	72	n/a	n/a	n/a	n/a	n/a	n/a	n/a	n/a	n/a	n/a	n/a	n/a	n/a	n/a	n/a	n/a	n/a	n/a	n/a	n/a	n/a	2550.356466	n/a
2550.839698	2.033680	510168	time_discrimination	n/a	n/a	n/a	72.0	n/a	n/a	n/a	2550.3564655	n/a	1.2664158112675068	2.0	1	2.0	NB_19_LongA.png	n/a	3	2554.1397939999997	n/a	115	1	1	intervals/timediscrimination_table	114	2550.839698	2552.873378
2550.839698	0.000000	510168	ttl	1	72	n/a	n/a	n/a	n/a	n/a	n/a	n/a	n/a	n/a	n/a	n/a	n/a	n/a	n/a	n/a	n/a	n/a	n/a	n/a	n/a	n/a	2550.839698	n/a
2552.873378	0.000000	510575	ttl	2	72	n/a	n/a	n/a	n/a	n/a	n/a	n/a	n/a	n/a	n/a	n/a	n/a	n/a	n/a	n/a	n/a	n/a	n/a	n/a	n/a	n/a	2552.873378	n/a
2554.139794	0.000000	510828	ttl	4	72	n/a	n/a	n/a	n/a	n/a	n/a	n/a	n/a	n/a	n/a	n/a	n/a	n/a	n/a	n/a	n/a	n/a	n/a	n/a	n/a	n/a	2554.139794	n/a
2554.157993	0.000000	510832	ttl	11	72	n/a	n/a	n/a	n/a	n/a	n/a	n/a	n/a	n/a	n/a	n/a	n/a	n/a	n/a	n/a	n/a	n/a	n/a	n/a	n/a	n/a	2554.157993	n/a
2554.691222	2.033425	510938	time_discrimination	n/a	n/a	n/a	72.0	n/a	n/a	n/a	2554.1579935	n/a	2.318268269591499	2.0	2	2.0	SB_34_LongA.png	n/a	6	2559.04291475	n/a	116	2	2	intervals/timediscrimination_table	115	2554.691222	2556.724646
2554.691222	0.000000	510938	ttl	1	72	n/a	n/a	n/a	n/a	n/a	n/a	n/a	n/a	n/a	n/a	n/a	n/a	n/a	n/a	n/a	n/a	n/a	n/a	n/a	n/a	n/a	2554.691222	n/a
2556.724646	0.000000	511345	ttl	2	72	n/a	n/a	n/a	n/a	n/a	n/a	n/a	n/a	n/a	n/a	n/a	n/a	n/a	n/a	n/a	n/a	n/a	n/a	n/a	n/a	n/a	2556.724646	n/a
2559.042915	0.000000	511809	ttl	4	72	n/a	n/a	n/a	n/a	n/a	n/a	n/a	n/a	n/a	n/a	n/a	n/a	n/a	n/a	n/a	n/a	n/a	n/a	n/a	n/a	n/a	2559.042915	n/a
2559.060374	0.000000	511812	ttl	11	72	n/a	n/a	n/a	n/a	n/a	n/a	n/a	n/a	n/a	n/a	n/a	n/a	n/a	n/a	n/a	n/a	n/a	n/a	n/a	n/a	n/a	2559.060374	n/a
2559.626882	2.033458	511925	time_discrimination	n/a	n/a	n/a	72.0	n/a	n/a	n/a	2559.06037375	n/a	2.290416006479063	1.0	3	2.0	HB_13_ShortA.png	n/a	6	2563.9507565	n/a	117	2	1	intervals/timediscrimination_table	116	2559.626882	2561.660341
2559.626882	0.000000	511925	ttl	1	72	n/a	n/a	n/a	n/a	n/a	n/a	n/a	n/a	n/a	n/a	n/a	n/a	n/a	n/a	n/a	n/a	n/a	n/a	n/a	n/a	n/a	2559.626882	n/a
2561.660341	0.000000	512332	ttl	2	72	n/a	n/a	n/a	n/a	n/a	n/a	n/a	n/a	n/a	n/a	n/a	n/a	n/a	n/a	n/a	n/a	n/a	n/a	n/a	n/a	n/a	2561.660341	n/a
2563.950756	0.000000	512790	ttl	4	72	n/a	n/a	n/a	n/a	n/a	n/a	n/a	n/a	n/a	n/a	n/a	n/a	n/a	n/a	n/a	n/a	n/a	n/a	n/a	n/a	n/a	2563.950756	n/a
2563.963871	0.000000	512793	ttl	11	72	n/a	n/a	n/a	n/a	n/a	n/a	n/a	n/a	n/a	n/a	n/a	n/a	n/a	n/a	n/a	n/a	n/a	n/a	n/a	n/a	n/a	2563.963871	n/a
2564.463767	2.033878	512893	time_discrimination	n/a	n/a	n/a	72.0	n/a	n/a	n/a	2563.963871	n/a	2.2421483606740367	2.0	1	2.0	NB_10_LongA.png	n/a	6	2568.73979325	n/a	118	2	2	intervals/timediscrimination_table	117	2564.463767	2566.497645
2564.463767	0.000000	512893	ttl	1	72	n/a	n/a	n/a	n/a	n/a	n/a	n/a	n/a	n/a	n/a	n/a	n/a	n/a	n/a	n/a	n/a	n/a	n/a	n/a	n/a	n/a	2564.463767	n/a
2566.497645	0.000000	513300	ttl	2	72	n/a	n/a	n/a	n/a	n/a	n/a	n/a	n/a	n/a	n/a	n/a	n/a	n/a	n/a	n/a	n/a	n/a	n/a	n/a	n/a	n/a	2566.497645	n/a
2568.739793	0.000000	513748	ttl	4	72	n/a	n/a	n/a	n/a	n/a	n/a	n/a	n/a	n/a	n/a	n/a	n/a	n/a	n/a	n/a	n/a	n/a	n/a	n/a	n/a	n/a	2568.739793	n/a
2568.745487	0.000000	513749	ttl	11	72	n/a	n/a	n/a	n/a	n/a	n/a	n/a	n/a	n/a	n/a	n/a	n/a	n/a	n/a	n/a	n/a	n/a	n/a	n/a	n/a	n/a	2568.745487	n/a
2569.262047	2.033421	513852	time_discrimination	n/a	n/a	n/a	72.0	n/a	n/a	n/a	2568.74548675	n/a	0.6952555736861541	1.0	2	3.0	SB_30_ShortA.png	n/a	2	2571.99072325	n/a	119	1	2	intervals/timediscrimination_table	118	2569.262047	2571.295468
2569.262047	0.000000	513852	ttl	1	72	n/a	n/a	n/a	n/a	n/a	n/a	n/a	n/a	n/a	n/a	n/a	n/a	n/a	n/a	n/a	n/a	n/a	n/a	n/a	n/a	n/a	2569.262047	n/a
2571.295468	0.000000	514259	ttl	2	72	n/a	n/a	n/a	n/a	n/a	n/a	n/a	n/a	n/a	n/a	n/a	n/a	n/a	n/a	n/a	n/a	n/a	n/a	n/a	n/a	n/a	2571.295468	n/a
2571.990723	0.000000	514398	ttl	4	72	n/a	n/a	n/a	n/a	n/a	n/a	n/a	n/a	n/a	n/a	n/a	n/a	n/a	n/a	n/a	n/a	n/a	n/a	n/a	n/a	n/a	2571.990723	n/a
2572.003222	0.000000	514401	ttl	11	72	n/a	n/a	n/a	n/a	n/a	n/a	n/a	n/a	n/a	n/a	n/a	n/a	n/a	n/a	n/a	n/a	n/a	n/a	n/a	n/a	n/a	2572.003222	n/a
2572.503117	2.034266	514501	time_discrimination	n/a	n/a	n/a	72.0	n/a	n/a	n/a	2572.00322225	n/a	1.5026016787378467	2.0	3	2.0	HB_1_LongA.png	n/a	3	2576.039985	n/a	120	1	1	intervals/timediscrimination_table	119	2572.503117	2574.537383
2572.503117	0.000000	514501	ttl	1	72	n/a	n/a	n/a	n/a	n/a	n/a	n/a	n/a	n/a	n/a	n/a	n/a	n/a	n/a	n/a	n/a	n/a	n/a	n/a	n/a	n/a	2572.503117	n/a
2574.537383	0.000000	514907	ttl	2	72	n/a	n/a	n/a	n/a	n/a	n/a	n/a	n/a	n/a	n/a	n/a	n/a	n/a	n/a	n/a	n/a	n/a	n/a	n/a	n/a	n/a	2574.537383	n/a
2576.039985	0.000000	515208	ttl	4	72	n/a	n/a	n/a	n/a	n/a	n/a	n/a	n/a	n/a	n/a	n/a	n/a	n/a	n/a	n/a	n/a	n/a	n/a	n/a	n/a	n/a	2576.039985	n/a
2576.051952	0.000000	515210	ttl	11	72	n/a	n/a	n/a	n/a	n/a	n/a	n/a	n/a	n/a	n/a	n/a	n/a	n/a	n/a	n/a	n/a	n/a	n/a	n/a	n/a	n/a	2576.051952	n/a
2576.618519	2.033671	515324	time_discrimination	n/a	n/a	n/a	72.0	n/a	n/a	n/a	2576.05195225	n/a	2.6172182322115987	2.0	1	3.0	NB_2_ShortA.png	n/a	7	2581.2694082499997	n/a	121	2	2	intervals/timediscrimination_table	120	2576.618519	2578.652190
2576.618519	0.000000	515324	ttl	1	72	n/a	n/a	n/a	n/a	n/a	n/a	n/a	n/a	n/a	n/a	n/a	n/a	n/a	n/a	n/a	n/a	n/a	n/a	n/a	n/a	n/a	2576.618519	n/a
2578.652190	0.000000	515730	ttl	2	72	n/a	n/a	n/a	n/a	n/a	n/a	n/a	n/a	n/a	n/a	n/a	n/a	n/a	n/a	n/a	n/a	n/a	n/a	n/a	n/a	n/a	2578.652190	n/a
2581.269408	0.000000	516254	ttl	4	72	n/a	n/a	n/a	n/a	n/a	n/a	n/a	n/a	n/a	n/a	n/a	n/a	n/a	n/a	n/a	n/a	n/a	n/a	n/a	n/a	n/a	2581.269408	n/a
2581.284328	0.000000	516257	ttl	11	72	n/a	n/a	n/a	n/a	n/a	n/a	n/a	n/a	n/a	n/a	n/a	n/a	n/a	n/a	n/a	n/a	n/a	n/a	n/a	n/a	n/a	2581.284328	n/a
2581.834215	2.033830	516367	time_discrimination	n/a	n/a	n/a	72.0	n/a	n/a	n/a	2581.2843285	n/a	0.0	2.0	1	0.0	NB_29_ShortA.png	n/a	1	2583.869045	n/a	122	1	1	intervals/timediscrimination_table	121	2581.834215	2583.868045
2581.834215	0.000000	516367	ttl	1	72	n/a	n/a	n/a	n/a	n/a	n/a	n/a	n/a	n/a	n/a	n/a	n/a	n/a	n/a	n/a	n/a	n/a	n/a	n/a	n/a	n/a	2581.834215	n/a
2583.868045	0.000000	516774	ttl	2	72	n/a	n/a	n/a	n/a	n/a	n/a	n/a	n/a	n/a	n/a	n/a	n/a	n/a	n/a	n/a	n/a	n/a	n/a	n/a	n/a	n/a	2583.868045	n/a
2584.117653	0.000000	516824	ttl	11	72	n/a	n/a	n/a	n/a	n/a	n/a	n/a	n/a	n/a	n/a	n/a	n/a	n/a	n/a	n/a	n/a	n/a	n/a	n/a	n/a	n/a	2584.117653	n/a
2584.734120	2.033885	516947	time_discrimination	n/a	n/a	n/a	72.0	n/a	n/a	n/a	2584.11765325	n/a	1.5535450460447464	2.0	2	3.0	SB_23_LongA.png	n/a	7	2588.3215502499997	n/a	123	2	2	intervals/timediscrimination_table	122	2584.734120	2586.768005
2584.734120	0.000000	516947	ttl	1	72	n/a	n/a	n/a	n/a	n/a	n/a	n/a	n/a	n/a	n/a	n/a	n/a	n/a	n/a	n/a	n/a	n/a	n/a	n/a	n/a	n/a	2584.734120	n/a
2586.768005	0.000000	517354	ttl	2	72	n/a	n/a	n/a	n/a	n/a	n/a	n/a	n/a	n/a	n/a	n/a	n/a	n/a	n/a	n/a	n/a	n/a	n/a	n/a	n/a	n/a	2586.768005	n/a
2588.321550	0.000000	517664	ttl	4	72	n/a	n/a	n/a	n/a	n/a	n/a	n/a	n/a	n/a	n/a	n/a	n/a	n/a	n/a	n/a	n/a	n/a	n/a	n/a	n/a	n/a	2588.321550	n/a
2588.325805	0.000000	517665	ttl	11	72	n/a	n/a	n/a	n/a	n/a	n/a	n/a	n/a	n/a	n/a	n/a	n/a	n/a	n/a	n/a	n/a	n/a	n/a	n/a	n/a	n/a	2588.325805	n/a
2588.909027	2.033409	517782	time_discrimination	n/a	n/a	n/a	72.0	n/a	n/a	n/a	2588.32580475	n/a	0.45473398054309655	1.0	2	3.0	SB_19_LongA.png	n/a	2	2591.39717025	n/a	124	1	2	intervals/timediscrimination_table	123	2588.909027	2590.942436
2588.909027	0.000000	517782	ttl	1	72	n/a	n/a	n/a	n/a	n/a	n/a	n/a	n/a	n/a	n/a	n/a	n/a	n/a	n/a	n/a	n/a	n/a	n/a	n/a	n/a	n/a	2588.909027	n/a
2590.942436	0.000000	518188	ttl	2	72	n/a	n/a	n/a	n/a	n/a	n/a	n/a	n/a	n/a	n/a	n/a	n/a	n/a	n/a	n/a	n/a	n/a	n/a	n/a	n/a	n/a	2590.942436	n/a
2591.397170	0.000000	518279	ttl	4	72	n/a	n/a	n/a	n/a	n/a	n/a	n/a	n/a	n/a	n/a	n/a	n/a	n/a	n/a	n/a	n/a	n/a	n/a	n/a	n/a	n/a	2591.397170	n/a
2591.402226	0.000000	518280	ttl	11	72	n/a	n/a	n/a	n/a	n/a	n/a	n/a	n/a	n/a	n/a	n/a	n/a	n/a	n/a	n/a	n/a	n/a	n/a	n/a	n/a	n/a	2591.402226	n/a
2591.985449	2.033524	518397	time_discrimination	n/a	n/a	n/a	72.0	n/a	n/a	n/a	2591.40222625	n/a	1.2632305252191145	2.0	1	2.0	NB_4_ShortA.png	n/a	6	2595.2822035	n/a	125	2	2	intervals/timediscrimination_table	124	2591.985449	2594.018973
2591.985449	0.000000	518397	ttl	1	72	n/a	n/a	n/a	n/a	n/a	n/a	n/a	n/a	n/a	n/a	n/a	n/a	n/a	n/a	n/a	n/a	n/a	n/a	n/a	n/a	n/a	2591.985449	n/a
2594.018973	0.000000	518804	ttl	2	72	n/a	n/a	n/a	n/a	n/a	n/a	n/a	n/a	n/a	n/a	n/a	n/a	n/a	n/a	n/a	n/a	n/a	n/a	n/a	n/a	n/a	2594.018973	n/a
2595.282203	0.000000	519056	ttl	4	72	n/a	n/a	n/a	n/a	n/a	n/a	n/a	n/a	n/a	n/a	n/a	n/a	n/a	n/a	n/a	n/a	n/a	n/a	n/a	n/a	n/a	2595.282203	n/a
2595.296769	0.000000	519059	ttl	11	72	n/a	n/a	n/a	n/a	n/a	n/a	n/a	n/a	n/a	n/a	n/a	n/a	n/a	n/a	n/a	n/a	n/a	n/a	n/a	n/a	n/a	2595.296769	n/a
2595.796665	2.033533	519159	time_discrimination	n/a	n/a	n/a	72.0	n/a	n/a	n/a	2595.2967694999998	n/a	0.0	1.0	1	0.0	NB_1_ShortA.png	n/a	1	2597.83119725	n/a	126	1	2	intervals/timediscrimination_table	125	2595.796665	2597.830197
2595.796665	0.000000	519159	ttl	1	72	n/a	n/a	n/a	n/a	n/a	n/a	n/a	n/a	n/a	n/a	n/a	n/a	n/a	n/a	n/a	n/a	n/a	n/a	n/a	n/a	n/a	2595.796665	n/a
2597.830197	0.000000	519566	ttl	2	72	n/a	n/a	n/a	n/a	n/a	n/a	n/a	n/a	n/a	n/a	n/a	n/a	n/a	n/a	n/a	n/a	n/a	n/a	n/a	n/a	n/a	2597.830197	n/a
2598.132729	0.000000	519627	ttl	11	72	n/a	n/a	n/a	n/a	n/a	n/a	n/a	n/a	n/a	n/a	n/a	n/a	n/a	n/a	n/a	n/a	n/a	n/a	n/a	n/a	n/a	2598.132729	n/a
2598.665953	2.033476	519733	time_discrimination	n/a	n/a	n/a	72.0	n/a	n/a	n/a	2598.13272925	n/a	3.7475800032771076	2.0	3	2.0	HB_53_LongA.png	n/a	6	2604.447009	n/a	127	2	2	intervals/timediscrimination_table	126	2598.665953	2600.699429
2598.665953	0.000000	519733	ttl	1	72	n/a	n/a	n/a	n/a	n/a	n/a	n/a	n/a	n/a	n/a	n/a	n/a	n/a	n/a	n/a	n/a	n/a	n/a	n/a	n/a	n/a	2598.665953	n/a
2600.699429	0.000000	520140	ttl	2	72	n/a	n/a	n/a	n/a	n/a	n/a	n/a	n/a	n/a	n/a	n/a	n/a	n/a	n/a	n/a	n/a	n/a	n/a	n/a	n/a	n/a	2600.699429	n/a
2604.447009	0.000000	520889	ttl	4	72	n/a	n/a	n/a	n/a	n/a	n/a	n/a	n/a	n/a	n/a	n/a	n/a	n/a	n/a	n/a	n/a	n/a	n/a	n/a	n/a	n/a	2604.447009	n/a
2604.467348	0.000000	520893	ttl	11	72	n/a	n/a	n/a	n/a	n/a	n/a	n/a	n/a	n/a	n/a	n/a	n/a	n/a	n/a	n/a	n/a	n/a	n/a	n/a	n/a	n/a	2604.467348	n/a
2605.033906	2.034242	521007	time_discrimination	n/a	n/a	n/a	72.0	n/a	n/a	n/a	2604.4673485	n/a	3.2571633488259977	1.0	3	2.0	HB_49_LongA.png	n/a	3	2610.32531175	n/a	128	1	2	intervals/timediscrimination_table	127	2605.033906	2607.068148
2605.033906	0.000000	521007	ttl	1	72	n/a	n/a	n/a	n/a	n/a	n/a	n/a	n/a	n/a	n/a	n/a	n/a	n/a	n/a	n/a	n/a	n/a	n/a	n/a	n/a	n/a	2605.033906	n/a
2607.068148	0.000000	521414	ttl	2	72	n/a	n/a	n/a	n/a	n/a	n/a	n/a	n/a	n/a	n/a	n/a	n/a	n/a	n/a	n/a	n/a	n/a	n/a	n/a	n/a	n/a	2607.068148	n/a
2610.325312	0.000000	522065	ttl	4	72	n/a	n/a	n/a	n/a	n/a	n/a	n/a	n/a	n/a	n/a	n/a	n/a	n/a	n/a	n/a	n/a	n/a	n/a	n/a	n/a	n/a	2610.325312	n/a
2610.335024	0.000000	522067	ttl	11	72	n/a	n/a	n/a	n/a	n/a	n/a	n/a	n/a	n/a	n/a	n/a	n/a	n/a	n/a	n/a	n/a	n/a	n/a	n/a	n/a	n/a	2610.335024	n/a
2610.951543	2.033566	522190	time_discrimination	n/a	n/a	n/a	72.0	n/a	n/a	n/a	2610.335024	n/a	1.2884837554302067	2.0	2	2.0	SB_29_ShortA.png	n/a	6	2614.27359225	n/a	129	2	2	intervals/timediscrimination_table	128	2610.951543	2612.985109
2610.951543	0.000000	522190	ttl	1	72	n/a	n/a	n/a	n/a	n/a	n/a	n/a	n/a	n/a	n/a	n/a	n/a	n/a	n/a	n/a	n/a	n/a	n/a	n/a	n/a	n/a	2610.951543	n/a
2612.985109	0.000000	522597	ttl	2	72	n/a	n/a	n/a	n/a	n/a	n/a	n/a	n/a	n/a	n/a	n/a	n/a	n/a	n/a	n/a	n/a	n/a	n/a	n/a	n/a	n/a	2612.985109	n/a
2614.273592	0.000000	522855	ttl	4	72	n/a	n/a	n/a	n/a	n/a	n/a	n/a	n/a	n/a	n/a	n/a	n/a	n/a	n/a	n/a	n/a	n/a	n/a	n/a	n/a	n/a	2614.273592	n/a
2614.283192	0.000000	522857	ttl	11	72	n/a	n/a	n/a	n/a	n/a	n/a	n/a	n/a	n/a	n/a	n/a	n/a	n/a	n/a	n/a	n/a	n/a	n/a	n/a	n/a	n/a	2614.283192	n/a
2614.766425	2.033606	522953	time_discrimination	n/a	n/a	n/a	72.0	n/a	n/a	n/a	2614.283192	n/a	1.3411779748494155	1.0	2	3.0	SB_9_ShortA.png	n/a	7	2618.14120925	n/a	130	2	1	intervals/timediscrimination_table	129	2614.766425	2616.800031
2614.766425	0.000000	522953	ttl	1	72	n/a	n/a	n/a	n/a	n/a	n/a	n/a	n/a	n/a	n/a	n/a	n/a	n/a	n/a	n/a	n/a	n/a	n/a	n/a	n/a	n/a	2614.766425	n/a
2616.800031	0.000000	523360	ttl	2	72	n/a	n/a	n/a	n/a	n/a	n/a	n/a	n/a	n/a	n/a	n/a	n/a	n/a	n/a	n/a	n/a	n/a	n/a	n/a	n/a	n/a	2616.800031	n/a
2618.141209	0.000000	523628	ttl	4	72	n/a	n/a	n/a	n/a	n/a	n/a	n/a	n/a	n/a	n/a	n/a	n/a	n/a	n/a	n/a	n/a	n/a	n/a	n/a	n/a	n/a	2618.141209	n/a
2618.151756	0.000000	523630	ttl	11	72	n/a	n/a	n/a	n/a	n/a	n/a	n/a	n/a	n/a	n/a	n/a	n/a	n/a	n/a	n/a	n/a	n/a	n/a	n/a	n/a	n/a	2618.151756	n/a
2618.784969	2.033479	523757	time_discrimination	n/a	n/a	n/a	72.0	n/a	n/a	n/a	2618.15175625	n/a	2.0905574038624763	1.0	3	2.0	HB_50_ShortA.png	n/a	3	2622.909006	n/a	131	1	2	intervals/timediscrimination_table	130	2618.784969	2620.818448
2618.784969	0.000000	523757	ttl	1	72	n/a	n/a	n/a	n/a	n/a	n/a	n/a	n/a	n/a	n/a	n/a	n/a	n/a	n/a	n/a	n/a	n/a	n/a	n/a	n/a	n/a	2618.784969	n/a
2620.818448	0.000000	524164	ttl	2	72	n/a	n/a	n/a	n/a	n/a	n/a	n/a	n/a	n/a	n/a	n/a	n/a	n/a	n/a	n/a	n/a	n/a	n/a	n/a	n/a	n/a	2620.818448	n/a
2622.909006	0.000000	524582	ttl	4	72	n/a	n/a	n/a	n/a	n/a	n/a	n/a	n/a	n/a	n/a	n/a	n/a	n/a	n/a	n/a	n/a	n/a	n/a	n/a	n/a	n/a	2622.909006	n/a
2622.920953	0.000000	524584	ttl	11	72	n/a	n/a	n/a	n/a	n/a	n/a	n/a	n/a	n/a	n/a	n/a	n/a	n/a	n/a	n/a	n/a	n/a	n/a	n/a	n/a	n/a	2622.920953	n/a
2623.520827	2.034691	524704	time_discrimination	n/a	n/a	n/a	72.0	n/a	n/a	n/a	2622.92095325	n/a	3.860504337841121	1.0	2	3.0	SB_46_LongA.png	n/a	7	2629.4160227499997	n/a	132	2	1	intervals/timediscrimination_table	131	2623.520827	2625.555518
2623.520827	0.000000	524704	ttl	1	72	n/a	n/a	n/a	n/a	n/a	n/a	n/a	n/a	n/a	n/a	n/a	n/a	n/a	n/a	n/a	n/a	n/a	n/a	n/a	n/a	n/a	2623.520827	n/a
2625.555518	0.000000	525111	ttl	2	72	n/a	n/a	n/a	n/a	n/a	n/a	n/a	n/a	n/a	n/a	n/a	n/a	n/a	n/a	n/a	n/a	n/a	n/a	n/a	n/a	n/a	2625.555518	n/a
2629.416023	0.000000	525883	ttl	4	72	n/a	n/a	n/a	n/a	n/a	n/a	n/a	n/a	n/a	n/a	n/a	n/a	n/a	n/a	n/a	n/a	n/a	n/a	n/a	n/a	n/a	2629.416023	n/a
2629.426536	0.000000	525885	ttl	11	72	n/a	n/a	n/a	n/a	n/a	n/a	n/a	n/a	n/a	n/a	n/a	n/a	n/a	n/a	n/a	n/a	n/a	n/a	n/a	n/a	n/a	2629.426536	n/a
2630.009757	2.034656	526002	time_discrimination	n/a	n/a	n/a	72.0	n/a	n/a	n/a	2629.42653575	n/a	2.670711228303844	1.0	3	2.0	HB_35_LongA.png	n/a	3	2634.71512425	n/a	133	1	2	intervals/timediscrimination_table	132	2630.009757	2632.044413
2630.009757	0.000000	526002	ttl	1	72	n/a	n/a	n/a	n/a	n/a	n/a	n/a	n/a	n/a	n/a	n/a	n/a	n/a	n/a	n/a	n/a	n/a	n/a	n/a	n/a	n/a	2630.009757	n/a
2632.044413	0.000000	526409	ttl	2	72	n/a	n/a	n/a	n/a	n/a	n/a	n/a	n/a	n/a	n/a	n/a	n/a	n/a	n/a	n/a	n/a	n/a	n/a	n/a	n/a	n/a	2632.044413	n/a
2634.715124	0.000000	526943	ttl	4	72	n/a	n/a	n/a	n/a	n/a	n/a	n/a	n/a	n/a	n/a	n/a	n/a	n/a	n/a	n/a	n/a	n/a	n/a	n/a	n/a	n/a	2634.715124	n/a
2634.726030	0.000000	526945	ttl	11	72	n/a	n/a	n/a	n/a	n/a	n/a	n/a	n/a	n/a	n/a	n/a	n/a	n/a	n/a	n/a	n/a	n/a	n/a	n/a	n/a	n/a	2634.726030	n/a
2635.292573	2.033578	527059	time_discrimination	n/a	n/a	n/a	72.0	n/a	n/a	n/a	2634.7260295	n/a	1.8549585289656534	1.0	3	2.0	HB_34_ShortA.png	n/a	6	2639.181109	n/a	134	2	1	intervals/timediscrimination_table	133	2635.292573	2637.326151
2635.292573	0.000000	527059	ttl	1	72	n/a	n/a	n/a	n/a	n/a	n/a	n/a	n/a	n/a	n/a	n/a	n/a	n/a	n/a	n/a	n/a	n/a	n/a	n/a	n/a	n/a	2635.292573	n/a
2637.326151	0.000000	527465	ttl	2	72	n/a	n/a	n/a	n/a	n/a	n/a	n/a	n/a	n/a	n/a	n/a	n/a	n/a	n/a	n/a	n/a	n/a	n/a	n/a	n/a	n/a	2637.326151	n/a
2639.181109	0.000000	527836	ttl	4	72	n/a	n/a	n/a	n/a	n/a	n/a	n/a	n/a	n/a	n/a	n/a	n/a	n/a	n/a	n/a	n/a	n/a	n/a	n/a	n/a	n/a	2639.181109	n/a
2639.190017	0.000000	527838	ttl	11	72	n/a	n/a	n/a	n/a	n/a	n/a	n/a	n/a	n/a	n/a	n/a	n/a	n/a	n/a	n/a	n/a	n/a	n/a	n/a	n/a	n/a	2639.190017	n/a
2639.689873	2.033680	527938	time_discrimination	n/a	n/a	n/a	72.0	n/a	n/a	n/a	2639.19001675	n/a	1.266483154548041	1.0	3	2.0	HB_55_ShortA.png	n/a	6	2642.99003525	n/a	135	2	1	intervals/timediscrimination_table	134	2639.689873	2641.723552
2639.689873	0.000000	527938	ttl	1	72	n/a	n/a	n/a	n/a	n/a	n/a	n/a	n/a	n/a	n/a	n/a	n/a	n/a	n/a	n/a	n/a	n/a	n/a	n/a	n/a	n/a	2639.689873	n/a
2641.723552	0.000000	528345	ttl	2	72	n/a	n/a	n/a	n/a	n/a	n/a	n/a	n/a	n/a	n/a	n/a	n/a	n/a	n/a	n/a	n/a	n/a	n/a	n/a	n/a	n/a	2641.723552	n/a
2642.990035	0.000000	528598	ttl	4	72	n/a	n/a	n/a	n/a	n/a	n/a	n/a	n/a	n/a	n/a	n/a	n/a	n/a	n/a	n/a	n/a	n/a	n/a	n/a	n/a	n/a	2642.990035	n/a
2642.996756	0.000000	528599	ttl	11	72	n/a	n/a	n/a	n/a	n/a	n/a	n/a	n/a	n/a	n/a	n/a	n/a	n/a	n/a	n/a	n/a	n/a	n/a	n/a	n/a	n/a	2642.996756	n/a
2643.563309	2.033491	528713	time_discrimination	n/a	n/a	n/a	72.0	n/a	n/a	n/a	2642.99675625	n/a	2.918731133606343	1.0	1	3.0	NB_7_ShortA.png	n/a	2	2648.51553125	n/a	136	1	2	intervals/timediscrimination_table	135	2643.563309	2645.596800
2643.563309	0.000000	528713	ttl	1	72	n/a	n/a	n/a	n/a	n/a	n/a	n/a	n/a	n/a	n/a	n/a	n/a	n/a	n/a	n/a	n/a	n/a	n/a	n/a	n/a	n/a	2643.563309	n/a
2645.596800	0.000000	529119	ttl	2	72	n/a	n/a	n/a	n/a	n/a	n/a	n/a	n/a	n/a	n/a	n/a	n/a	n/a	n/a	n/a	n/a	n/a	n/a	n/a	n/a	n/a	2645.596800	n/a
2648.515531	0.000000	529703	ttl	4	72	n/a	n/a	n/a	n/a	n/a	n/a	n/a	n/a	n/a	n/a	n/a	n/a	n/a	n/a	n/a	n/a	n/a	n/a	n/a	n/a	n/a	2648.515531	n/a
2648.532076	0.000000	529706	ttl	11	72	n/a	n/a	n/a	n/a	n/a	n/a	n/a	n/a	n/a	n/a	n/a	n/a	n/a	n/a	n/a	n/a	n/a	n/a	n/a	n/a	n/a	2648.532076	n/a
2649.098583	2.033721	529820	time_discrimination	n/a	n/a	n/a	72.0	n/a	n/a	n/a	2648.5320764999997	n/a	2.380254635172605	1.0	2	3.0	SB_54_ShortA.png	n/a	7	2653.512559	n/a	137	2	1	intervals/timediscrimination_table	136	2649.098583	2651.132304
2649.098583	0.000000	529820	ttl	1	72	n/a	n/a	n/a	n/a	n/a	n/a	n/a	n/a	n/a	n/a	n/a	n/a	n/a	n/a	n/a	n/a	n/a	n/a	n/a	n/a	n/a	2649.098583	n/a
2651.132304	0.000000	530226	ttl	2	72	n/a	n/a	n/a	n/a	n/a	n/a	n/a	n/a	n/a	n/a	n/a	n/a	n/a	n/a	n/a	n/a	n/a	n/a	n/a	n/a	n/a	2651.132304	n/a
2653.512559	0.000000	530703	ttl	4	72	n/a	n/a	n/a	n/a	n/a	n/a	n/a	n/a	n/a	n/a	n/a	n/a	n/a	n/a	n/a	n/a	n/a	n/a	n/a	n/a	n/a	2653.512559	n/a
2653.525245	0.000000	530705	ttl	11	72	n/a	n/a	n/a	n/a	n/a	n/a	n/a	n/a	n/a	n/a	n/a	n/a	n/a	n/a	n/a	n/a	n/a	n/a	n/a	n/a	n/a	2653.525245	n/a
2654.108448	2.034374	530822	time_discrimination	n/a	n/a	n/a	72.0	n/a	n/a	n/a	2653.5252445	n/a	0.4482905298573314	2.0	2	3.0	SB_28_ShortA.png	n/a	2	2656.59111275	n/a	138	1	1	intervals/timediscrimination_table	137	2654.108448	2656.142822
2654.108448	0.000000	530822	ttl	1	72	n/a	n/a	n/a	n/a	n/a	n/a	n/a	n/a	n/a	n/a	n/a	n/a	n/a	n/a	n/a	n/a	n/a	n/a	n/a	n/a	n/a	2654.108448	n/a
2656.142822	0.000000	531229	ttl	2	72	n/a	n/a	n/a	n/a	n/a	n/a	n/a	n/a	n/a	n/a	n/a	n/a	n/a	n/a	n/a	n/a	n/a	n/a	n/a	n/a	n/a	2656.142822	n/a
2656.591113	0.000000	531318	ttl	4	72	n/a	n/a	n/a	n/a	n/a	n/a	n/a	n/a	n/a	n/a	n/a	n/a	n/a	n/a	n/a	n/a	n/a	n/a	n/a	n/a	n/a	2656.591113	n/a
2656.601658	0.000000	531320	ttl	11	72	n/a	n/a	n/a	n/a	n/a	n/a	n/a	n/a	n/a	n/a	n/a	n/a	n/a	n/a	n/a	n/a	n/a	n/a	n/a	n/a	n/a	2656.601658	n/a
2657.118226	2.033659	531424	time_discrimination	n/a	n/a	n/a	72.0	n/a	n/a	n/a	2656.6016582499997	n/a	0.1748041332612047	2.0	2	3.0	SB_45_ShortA.png	n/a	2	2659.32668975	n/a	139	1	1	intervals/timediscrimination_table	138	2657.118226	2659.151886
2657.118226	0.000000	531424	ttl	1	72	n/a	n/a	n/a	n/a	n/a	n/a	n/a	n/a	n/a	n/a	n/a	n/a	n/a	n/a	n/a	n/a	n/a	n/a	n/a	n/a	n/a	2657.118226	n/a
2659.151886	0.000000	531830	ttl	2	72	n/a	n/a	n/a	n/a	n/a	n/a	n/a	n/a	n/a	n/a	n/a	n/a	n/a	n/a	n/a	n/a	n/a	n/a	n/a	n/a	n/a	2659.151886	n/a
2659.326690	0.000000	531865	ttl	4	72	n/a	n/a	n/a	n/a	n/a	n/a	n/a	n/a	n/a	n/a	n/a	n/a	n/a	n/a	n/a	n/a	n/a	n/a	n/a	n/a	n/a	2659.326690	n/a
2659.343220	0.000000	531869	ttl	11	72	n/a	n/a	n/a	n/a	n/a	n/a	n/a	n/a	n/a	n/a	n/a	n/a	n/a	n/a	n/a	n/a	n/a	n/a	n/a	n/a	n/a	2659.343220	n/a
2659.876452	2.033417	531975	time_discrimination	n/a	n/a	n/a	72.0	n/a	n/a	n/a	2659.3432195	n/a	2.5867617799376603	2.0	3	2.0	HB_25_ShortA.png	n/a	3	2664.4966314999997	n/a	140	1	1	intervals/timediscrimination_table	139	2659.876452	2661.909870
2659.876452	0.000000	531975	ttl	1	72	n/a	n/a	n/a	n/a	n/a	n/a	n/a	n/a	n/a	n/a	n/a	n/a	n/a	n/a	n/a	n/a	n/a	n/a	n/a	n/a	n/a	2659.876452	n/a
2661.909870	0.000000	532382	ttl	2	72	n/a	n/a	n/a	n/a	n/a	n/a	n/a	n/a	n/a	n/a	n/a	n/a	n/a	n/a	n/a	n/a	n/a	n/a	n/a	n/a	n/a	2661.909870	n/a
2664.496631	0.000000	532899	ttl	4	72	n/a	n/a	n/a	n/a	n/a	n/a	n/a	n/a	n/a	n/a	n/a	n/a	n/a	n/a	n/a	n/a	n/a	n/a	n/a	n/a	n/a	2664.496631	n/a
2664.503583	0.000000	532901	ttl	11	72	n/a	n/a	n/a	n/a	n/a	n/a	n/a	n/a	n/a	n/a	n/a	n/a	n/a	n/a	n/a	n/a	n/a	n/a	n/a	n/a	n/a	2664.503583	n/a
2665.120118	2.033614	533024	time_discrimination	n/a	n/a	n/a	72.0	n/a	n/a	n/a	2664.5035835	n/a	3.3186608423493453	2.0	1	3.0	NB_16_ShortA.png	n/a	2	2670.4723922499998	n/a	141	1	1	intervals/timediscrimination_table	140	2665.120118	2667.153732
2665.120118	0.000000	533024	ttl	1	72	n/a	n/a	n/a	n/a	n/a	n/a	n/a	n/a	n/a	n/a	n/a	n/a	n/a	n/a	n/a	n/a	n/a	n/a	n/a	n/a	n/a	2665.120118	n/a
2667.153732	0.000000	533431	ttl	2	72	n/a	n/a	n/a	n/a	n/a	n/a	n/a	n/a	n/a	n/a	n/a	n/a	n/a	n/a	n/a	n/a	n/a	n/a	n/a	n/a	n/a	2667.153732	n/a
2670.472392	0.000000	534094	ttl	4	72	n/a	n/a	n/a	n/a	n/a	n/a	n/a	n/a	n/a	n/a	n/a	n/a	n/a	n/a	n/a	n/a	n/a	n/a	n/a	n/a	n/a	2670.472392	n/a
2670.482016	0.000000	534096	ttl	11	72	n/a	n/a	n/a	n/a	n/a	n/a	n/a	n/a	n/a	n/a	n/a	n/a	n/a	n/a	n/a	n/a	n/a	n/a	n/a	n/a	n/a	2670.482016	n/a
2671.048560	2.033505	534210	time_discrimination	n/a	n/a	n/a	72.0	n/a	n/a	n/a	2670.48201575	n/a	1.0786262013789383	1.0	1	2.0	NB_28_LongA.png	n/a	3	2674.16069075	n/a	142	1	2	intervals/timediscrimination_table	141	2671.048560	2673.082064
2671.048560	0.000000	534210	ttl	1	72	n/a	n/a	n/a	n/a	n/a	n/a	n/a	n/a	n/a	n/a	n/a	n/a	n/a	n/a	n/a	n/a	n/a	n/a	n/a	n/a	n/a	2671.048560	n/a
2673.082064	0.000000	534616	ttl	2	72	n/a	n/a	n/a	n/a	n/a	n/a	n/a	n/a	n/a	n/a	n/a	n/a	n/a	n/a	n/a	n/a	n/a	n/a	n/a	n/a	n/a	2673.082064	n/a
2674.160691	0.000000	534832	ttl	4	72	n/a	n/a	n/a	n/a	n/a	n/a	n/a	n/a	n/a	n/a	n/a	n/a	n/a	n/a	n/a	n/a	n/a	n/a	n/a	n/a	n/a	2674.160691	n/a
2674.168603	0.000000	534834	ttl	11	72	n/a	n/a	n/a	n/a	n/a	n/a	n/a	n/a	n/a	n/a	n/a	n/a	n/a	n/a	n/a	n/a	n/a	n/a	n/a	n/a	n/a	2674.168603	n/a
2674.651824	2.033649	534930	time_discrimination	n/a	n/a	n/a	72.0	n/a	n/a	n/a	2674.168603	n/a	2.5885008820550865	2.0	1	3.0	NB_13_LongA.png	n/a	7	2679.27397475	n/a	143	2	2	intervals/timediscrimination_table	142	2674.651824	2676.685474
2674.651824	0.000000	534930	ttl	1	72	n/a	n/a	n/a	n/a	n/a	n/a	n/a	n/a	n/a	n/a	n/a	n/a	n/a	n/a	n/a	n/a	n/a	n/a	n/a	n/a	n/a	2674.651824	n/a
2676.685474	0.000000	535337	ttl	2	72	n/a	n/a	n/a	n/a	n/a	n/a	n/a	n/a	n/a	n/a	n/a	n/a	n/a	n/a	n/a	n/a	n/a	n/a	n/a	n/a	n/a	2676.685474	n/a
2679.273975	0.000000	535855	ttl	4	72	n/a	n/a	n/a	n/a	n/a	n/a	n/a	n/a	n/a	n/a	n/a	n/a	n/a	n/a	n/a	n/a	n/a	n/a	n/a	n/a	n/a	2679.273975	n/a
2679.289161	0.000000	535858	ttl	11	72	n/a	n/a	n/a	n/a	n/a	n/a	n/a	n/a	n/a	n/a	n/a	n/a	n/a	n/a	n/a	n/a	n/a	n/a	n/a	n/a	n/a	2679.289161	n/a
2679.872369	2.033444	535974	time_discrimination	n/a	n/a	n/a	72.0	n/a	n/a	n/a	2679.2891615	n/a	1.9858189195510931	1.0	3	2.0	HB_54_ShortA.png	n/a	6	2683.8916317499998	n/a	144	2	1	intervals/timediscrimination_table	143	2679.872369	2681.905813
2679.872369	0.000000	535974	ttl	1	72	n/a	n/a	n/a	n/a	n/a	n/a	n/a	n/a	n/a	n/a	n/a	n/a	n/a	n/a	n/a	n/a	n/a	n/a	n/a	n/a	n/a	2679.872369	n/a
2681.905813	0.000000	536381	ttl	2	72	n/a	n/a	n/a	n/a	n/a	n/a	n/a	n/a	n/a	n/a	n/a	n/a	n/a	n/a	n/a	n/a	n/a	n/a	n/a	n/a	n/a	2681.905813	n/a
2683.891632	0.000000	536778	ttl	4	72	n/a	n/a	n/a	n/a	n/a	n/a	n/a	n/a	n/a	n/a	n/a	n/a	n/a	n/a	n/a	n/a	n/a	n/a	n/a	n/a	n/a	2683.891632	n/a
2683.899551	0.000000	536780	ttl	11	72	n/a	n/a	n/a	n/a	n/a	n/a	n/a	n/a	n/a	n/a	n/a	n/a	n/a	n/a	n/a	n/a	n/a	n/a	n/a	n/a	n/a	2683.899551	n/a
2684.449434	2.033671	536890	time_discrimination	n/a	n/a	n/a	72.0	n/a	n/a	n/a	2683.89955075	n/a	0.9333327853382798	1.0	2	3.0	SB_44_ShortA.png	n/a	2	2687.4164375	n/a	145	1	2	intervals/timediscrimination_table	144	2684.449434	2686.483105
2684.449434	0.000000	536890	ttl	1	72	n/a	n/a	n/a	n/a	n/a	n/a	n/a	n/a	n/a	n/a	n/a	n/a	n/a	n/a	n/a	n/a	n/a	n/a	n/a	n/a	n/a	2684.449434	n/a
2686.483105	0.000000	537297	ttl	2	72	n/a	n/a	n/a	n/a	n/a	n/a	n/a	n/a	n/a	n/a	n/a	n/a	n/a	n/a	n/a	n/a	n/a	n/a	n/a	n/a	n/a	2686.483105	n/a
2687.416438	0.000000	537483	ttl	4	72	n/a	n/a	n/a	n/a	n/a	n/a	n/a	n/a	n/a	n/a	n/a	n/a	n/a	n/a	n/a	n/a	n/a	n/a	n/a	n/a	n/a	2687.416438	n/a
2687.434381	0.000000	537487	ttl	11	72	n/a	n/a	n/a	n/a	n/a	n/a	n/a	n/a	n/a	n/a	n/a	n/a	n/a	n/a	n/a	n/a	n/a	n/a	n/a	n/a	n/a	2687.434381	n/a
2687.934283	2.033522	537587	time_discrimination	n/a	n/a	n/a	72.0	n/a	n/a	n/a	2687.4343812499997	n/a	1.8376489536676672	2.0	3	2.0	HB_3_LongA.png	n/a	3	2691.8054537499997	n/a	146	1	1	intervals/timediscrimination_table	145	2687.934283	2689.967805
2687.934283	0.000000	537587	ttl	1	72	n/a	n/a	n/a	n/a	n/a	n/a	n/a	n/a	n/a	n/a	n/a	n/a	n/a	n/a	n/a	n/a	n/a	n/a	n/a	n/a	n/a	2687.934283	n/a
2689.967805	0.000000	537994	ttl	2	72	n/a	n/a	n/a	n/a	n/a	n/a	n/a	n/a	n/a	n/a	n/a	n/a	n/a	n/a	n/a	n/a	n/a	n/a	n/a	n/a	n/a	2689.967805	n/a
2691.805454	0.000000	538361	ttl	4	72	n/a	n/a	n/a	n/a	n/a	n/a	n/a	n/a	n/a	n/a	n/a	n/a	n/a	n/a	n/a	n/a	n/a	n/a	n/a	n/a	n/a	2691.805454	n/a
2691.821837	0.000000	538364	ttl	11	72	n/a	n/a	n/a	n/a	n/a	n/a	n/a	n/a	n/a	n/a	n/a	n/a	n/a	n/a	n/a	n/a	n/a	n/a	n/a	n/a	n/a	2691.821837	n/a
2692.405051	2.033662	538481	time_discrimination	n/a	n/a	n/a	72.0	n/a	n/a	n/a	2691.821837	n/a	2.276579980076349	2.0	1	3.0	NB_17_LongA.png	n/a	7	2696.7152935	n/a	147	2	2	intervals/timediscrimination_table	146	2692.405051	2694.438713
2692.405051	0.000000	538481	ttl	1	72	n/a	n/a	n/a	n/a	n/a	n/a	n/a	n/a	n/a	n/a	n/a	n/a	n/a	n/a	n/a	n/a	n/a	n/a	n/a	n/a	n/a	2692.405051	n/a
2694.438713	0.000000	538888	ttl	2	72	n/a	n/a	n/a	n/a	n/a	n/a	n/a	n/a	n/a	n/a	n/a	n/a	n/a	n/a	n/a	n/a	n/a	n/a	n/a	n/a	n/a	2694.438713	n/a
2696.715293	0.000000	539343	ttl	4	72	n/a	n/a	n/a	n/a	n/a	n/a	n/a	n/a	n/a	n/a	n/a	n/a	n/a	n/a	n/a	n/a	n/a	n/a	n/a	n/a	n/a	2696.715293	n/a
2696.730113	0.000000	539346	ttl	11	72	n/a	n/a	n/a	n/a	n/a	n/a	n/a	n/a	n/a	n/a	n/a	n/a	n/a	n/a	n/a	n/a	n/a	n/a	n/a	n/a	n/a	2696.730113	n/a
2697.263349	2.033631	539453	time_discrimination	n/a	n/a	n/a	72.0	n/a	n/a	n/a	2696.7301135	n/a	2.0329440076602623	2.0	2	2.0	SB_35_ShortA.png	n/a	3	2701.32992375	n/a	148	1	1	intervals/timediscrimination_table	147	2697.263349	2699.296980
2697.263349	0.000000	539453	ttl	1	72	n/a	n/a	n/a	n/a	n/a	n/a	n/a	n/a	n/a	n/a	n/a	n/a	n/a	n/a	n/a	n/a	n/a	n/a	n/a	n/a	n/a	2697.263349	n/a
2699.296980	0.000000	539859	ttl	2	72	n/a	n/a	n/a	n/a	n/a	n/a	n/a	n/a	n/a	n/a	n/a	n/a	n/a	n/a	n/a	n/a	n/a	n/a	n/a	n/a	n/a	2699.296980	n/a
2701.329924	0.000000	540266	ttl	4	72	n/a	n/a	n/a	n/a	n/a	n/a	n/a	n/a	n/a	n/a	n/a	n/a	n/a	n/a	n/a	n/a	n/a	n/a	n/a	n/a	n/a	2701.329924	n/a
2701.336698	0.000000	540267	ttl	11	72	n/a	n/a	n/a	n/a	n/a	n/a	n/a	n/a	n/a	n/a	n/a	n/a	n/a	n/a	n/a	n/a	n/a	n/a	n/a	n/a	n/a	2701.336698	n/a
2701.936563	2.033564	540387	time_discrimination	n/a	n/a	n/a	72.0	n/a	n/a	n/a	2701.336698	n/a	2.11531925376039	2.0	1	3.0	NB_15_ShortA.png	n/a	2	2706.085447	n/a	149	1	1	intervals/timediscrimination_table	148	2701.936563	2703.970127
2701.936563	0.000000	540387	ttl	1	72	n/a	n/a	n/a	n/a	n/a	n/a	n/a	n/a	n/a	n/a	n/a	n/a	n/a	n/a	n/a	n/a	n/a	n/a	n/a	n/a	n/a	2701.936563	n/a
2703.970127	0.000000	540794	ttl	2	72	n/a	n/a	n/a	n/a	n/a	n/a	n/a	n/a	n/a	n/a	n/a	n/a	n/a	n/a	n/a	n/a	n/a	n/a	n/a	n/a	n/a	2703.970127	n/a
2706.085447	0.000000	541217	ttl	4	72	n/a	n/a	n/a	n/a	n/a	n/a	n/a	n/a	n/a	n/a	n/a	n/a	n/a	n/a	n/a	n/a	n/a	n/a	n/a	n/a	n/a	2706.085447	n/a
2706.088168	0.000000	541218	ttl	11	72	n/a	n/a	n/a	n/a	n/a	n/a	n/a	n/a	n/a	n/a	n/a	n/a	n/a	n/a	n/a	n/a	n/a	n/a	n/a	n/a	n/a	2706.088168	n/a
2706.688053	2.033651	541338	time_discrimination	n/a	n/a	n/a	72.0	n/a	n/a	n/a	2706.0881675	n/a	2.6458084702826454	2.0	1	3.0	NB_10_ShortA.png	n/a	2	2711.3675125	n/a	150	1	1	intervals/timediscrimination_table	149	2706.688053	2708.721704
2706.688053	0.000000	541338	ttl	1	72	n/a	n/a	n/a	n/a	n/a	n/a	n/a	n/a	n/a	n/a	n/a	n/a	n/a	n/a	n/a	n/a	n/a	n/a	n/a	n/a	n/a	2706.688053	n/a
2708.721704	0.000000	541744	ttl	2	72	n/a	n/a	n/a	n/a	n/a	n/a	n/a	n/a	n/a	n/a	n/a	n/a	n/a	n/a	n/a	n/a	n/a	n/a	n/a	n/a	n/a	2708.721704	n/a
2711.367512	0.000000	542274	ttl	4	72	n/a	n/a	n/a	n/a	n/a	n/a	n/a	n/a	n/a	n/a	n/a	n/a	n/a	n/a	n/a	n/a	n/a	n/a	n/a	n/a	n/a	2711.367512	n/a
2711.371998	0.000000	542274	ttl	11	72	n/a	n/a	n/a	n/a	n/a	n/a	n/a	n/a	n/a	n/a	n/a	n/a	n/a	n/a	n/a	n/a	n/a	n/a	n/a	n/a	n/a	2711.371998	n/a
2711.921877	2.033425	542384	time_discrimination	n/a	n/a	n/a	72.0	n/a	n/a	n/a	2711.3719985	n/a	2.4781842297961703	2.0	1	2.0	NB_23_ShortA.png	n/a	3	2716.43348625	n/a	151	1	1	intervals/timediscrimination_table	150	2711.921877	2713.955302
2711.921877	0.000000	542384	ttl	1	72	n/a	n/a	n/a	n/a	n/a	n/a	n/a	n/a	n/a	n/a	n/a	n/a	n/a	n/a	n/a	n/a	n/a	n/a	n/a	n/a	n/a	2711.921877	n/a
2713.955302	0.000000	542791	ttl	2	72	n/a	n/a	n/a	n/a	n/a	n/a	n/a	n/a	n/a	n/a	n/a	n/a	n/a	n/a	n/a	n/a	n/a	n/a	n/a	n/a	n/a	2713.955302	n/a
2716.433486	0.000000	543287	ttl	4	72	n/a	n/a	n/a	n/a	n/a	n/a	n/a	n/a	n/a	n/a	n/a	n/a	n/a	n/a	n/a	n/a	n/a	n/a	n/a	n/a	n/a	2716.433486	n/a
2716.444506	0.000000	543289	ttl	11	72	n/a	n/a	n/a	n/a	n/a	n/a	n/a	n/a	n/a	n/a	n/a	n/a	n/a	n/a	n/a	n/a	n/a	n/a	n/a	n/a	n/a	2716.444506	n/a
2717.011038	2.034445	543402	time_discrimination	n/a	n/a	n/a	72.0	n/a	n/a	n/a	2716.444506	n/a	2.7776578175689792	2.0	3	2.0	HB_23_LongA.png	n/a	3	2721.8231415	n/a	152	1	1	intervals/timediscrimination_table	151	2717.011038	2719.045484
2717.011038	0.000000	543402	ttl	1	72	n/a	n/a	n/a	n/a	n/a	n/a	n/a	n/a	n/a	n/a	n/a	n/a	n/a	n/a	n/a	n/a	n/a	n/a	n/a	n/a	n/a	2717.011038	n/a
2719.045484	0.000000	543809	ttl	2	72	n/a	n/a	n/a	n/a	n/a	n/a	n/a	n/a	n/a	n/a	n/a	n/a	n/a	n/a	n/a	n/a	n/a	n/a	n/a	n/a	n/a	2719.045484	n/a
2721.823142	0.000000	544365	ttl	4	72	n/a	n/a	n/a	n/a	n/a	n/a	n/a	n/a	n/a	n/a	n/a	n/a	n/a	n/a	n/a	n/a	n/a	n/a	n/a	n/a	n/a	2721.823142	n/a
2721.835910	0.000000	544367	ttl	11	72	n/a	n/a	n/a	n/a	n/a	n/a	n/a	n/a	n/a	n/a	n/a	n/a	n/a	n/a	n/a	n/a	n/a	n/a	n/a	n/a	n/a	2721.835910	n/a
2722.419113	2.034086	544484	time_discrimination	n/a	n/a	n/a	72.0	n/a	n/a	n/a	2721.8359095	n/a	3.621424964418111	1.0	2	2.0	SB_59_ShortA.png	n/a	3	2728.0746234999997	n/a	153	1	2	intervals/timediscrimination_table	152	2722.419113	2724.453199
2722.419113	0.000000	544484	ttl	1	72	n/a	n/a	n/a	n/a	n/a	n/a	n/a	n/a	n/a	n/a	n/a	n/a	n/a	n/a	n/a	n/a	n/a	n/a	n/a	n/a	n/a	2722.419113	n/a
2724.453199	0.000000	544891	ttl	2	72	n/a	n/a	n/a	n/a	n/a	n/a	n/a	n/a	n/a	n/a	n/a	n/a	n/a	n/a	n/a	n/a	n/a	n/a	n/a	n/a	n/a	2724.453199	n/a
2728.074623	0.000000	545615	ttl	4	72	n/a	n/a	n/a	n/a	n/a	n/a	n/a	n/a	n/a	n/a	n/a	n/a	n/a	n/a	n/a	n/a	n/a	n/a	n/a	n/a	n/a	2728.074623	n/a
2728.082564	0.000000	545617	ttl	11	72	n/a	n/a	n/a	n/a	n/a	n/a	n/a	n/a	n/a	n/a	n/a	n/a	n/a	n/a	n/a	n/a	n/a	n/a	n/a	n/a	n/a	2728.082564	n/a
2728.582446	2.033562	545716	time_discrimination	n/a	n/a	n/a	72.0	n/a	n/a	n/a	2728.0825645	n/a	0.0	1.0	2	0.0	SB_12_ShortA.png	n/a	1	2730.61700875	n/a	154	1	2	intervals/timediscrimination_table	153	2728.582446	2730.616009
2728.582446	0.000000	545716	ttl	1	72	n/a	n/a	n/a	n/a	n/a	n/a	n/a	n/a	n/a	n/a	n/a	n/a	n/a	n/a	n/a	n/a	n/a	n/a	n/a	n/a	n/a	2728.582446	n/a
2730.616009	0.000000	546123	ttl	2	72	n/a	n/a	n/a	n/a	n/a	n/a	n/a	n/a	n/a	n/a	n/a	n/a	n/a	n/a	n/a	n/a	n/a	n/a	n/a	n/a	n/a	2730.616009	n/a
2731.669152	0.000000	546334	ttl	11	72	n/a	n/a	n/a	n/a	n/a	n/a	n/a	n/a	n/a	n/a	n/a	n/a	n/a	n/a	n/a	n/a	n/a	n/a	n/a	n/a	n/a	2731.669152	n/a
2732.319023	2.034474	546464	time_discrimination	n/a	n/a	n/a	72.0	n/a	n/a	n/a	2731.6691524999997	n/a	1.4967078778136056	1.0	2	2.0	SB_38_ShortA.png	n/a	3	2735.8502055	n/a	155	1	2	intervals/timediscrimination_table	154	2732.319023	2734.353498
2732.319023	0.000000	546464	ttl	1	72	n/a	n/a	n/a	n/a	n/a	n/a	n/a	n/a	n/a	n/a	n/a	n/a	n/a	n/a	n/a	n/a	n/a	n/a	n/a	n/a	n/a	2732.319023	n/a
2734.353498	0.000000	546871	ttl	2	72	n/a	n/a	n/a	n/a	n/a	n/a	n/a	n/a	n/a	n/a	n/a	n/a	n/a	n/a	n/a	n/a	n/a	n/a	n/a	n/a	n/a	2734.353498	n/a
2735.850205	0.000000	547170	ttl	4	72	n/a	n/a	n/a	n/a	n/a	n/a	n/a	n/a	n/a	n/a	n/a	n/a	n/a	n/a	n/a	n/a	n/a	n/a	n/a	n/a	n/a	2735.850205	n/a
2735.856991	0.000000	547171	ttl	11	72	n/a	n/a	n/a	n/a	n/a	n/a	n/a	n/a	n/a	n/a	n/a	n/a	n/a	n/a	n/a	n/a	n/a	n/a	n/a	n/a	n/a	2735.856991	n/a
2736.406886	2.033343	547281	time_discrimination	n/a	n/a	n/a	72.0	n/a	n/a	n/a	2735.8569909999997	n/a	0.028078972274670377	2.0	2	3.0	SB_1_LongA.png	n/a	7	2738.46830825	n/a	156	2	2	intervals/timediscrimination_table	155	2736.406886	2738.440229
2736.406886	0.000000	547281	ttl	1	72	n/a	n/a	n/a	n/a	n/a	n/a	n/a	n/a	n/a	n/a	n/a	n/a	n/a	n/a	n/a	n/a	n/a	n/a	n/a	n/a	n/a	2736.406886	n/a
2738.440229	0.000000	547688	ttl	2	72	n/a	n/a	n/a	n/a	n/a	n/a	n/a	n/a	n/a	n/a	n/a	n/a	n/a	n/a	n/a	n/a	n/a	n/a	n/a	n/a	n/a	2738.440229	n/a
2738.468308	0.000000	547694	ttl	4	72	n/a	n/a	n/a	n/a	n/a	n/a	n/a	n/a	n/a	n/a	n/a	n/a	n/a	n/a	n/a	n/a	n/a	n/a	n/a	n/a	n/a	2738.468308	n/a
2738.476486	0.000000	547695	ttl	11	72	n/a	n/a	n/a	n/a	n/a	n/a	n/a	n/a	n/a	n/a	n/a	n/a	n/a	n/a	n/a	n/a	n/a	n/a	n/a	n/a	n/a	2738.476486	n/a
2739.009710	2.033593	547802	time_discrimination	n/a	n/a	n/a	72.0	n/a	n/a	n/a	2738.47648575	n/a	1.967563602986047	2.0	1	2.0	NB_2_LongA.png	n/a	6	2743.0108677499998	n/a	157	2	2	intervals/timediscrimination_table	156	2739.009710	2741.043304
2739.009710	0.000000	547802	ttl	1	72	n/a	n/a	n/a	n/a	n/a	n/a	n/a	n/a	n/a	n/a	n/a	n/a	n/a	n/a	n/a	n/a	n/a	n/a	n/a	n/a	n/a	2739.009710	n/a
2741.043304	0.000000	548209	ttl	2	72	n/a	n/a	n/a	n/a	n/a	n/a	n/a	n/a	n/a	n/a	n/a	n/a	n/a	n/a	n/a	n/a	n/a	n/a	n/a	n/a	n/a	2741.043304	n/a
2743.010868	0.000000	548602	ttl	4	72	n/a	n/a	n/a	n/a	n/a	n/a	n/a	n/a	n/a	n/a	n/a	n/a	n/a	n/a	n/a	n/a	n/a	n/a	n/a	n/a	n/a	2743.010868	n/a
2743.027516	0.000000	548606	ttl	11	72	n/a	n/a	n/a	n/a	n/a	n/a	n/a	n/a	n/a	n/a	n/a	n/a	n/a	n/a	n/a	n/a	n/a	n/a	n/a	n/a	n/a	2743.027516	n/a
2743.544073	2.034623	548709	time_discrimination	n/a	n/a	n/a	72.0	n/a	n/a	n/a	2743.0275162499997	n/a	1.0082182027908857	2.0	1	2.0	NB_30_LongA.png	n/a	6	2746.5869144999997	n/a	158	2	2	intervals/timediscrimination_table	157	2743.544073	2745.578696
2743.544073	0.000000	548709	ttl	1	72	n/a	n/a	n/a	n/a	n/a	n/a	n/a	n/a	n/a	n/a	n/a	n/a	n/a	n/a	n/a	n/a	n/a	n/a	n/a	n/a	n/a	2743.544073	n/a
2745.578696	0.000000	549116	ttl	2	72	n/a	n/a	n/a	n/a	n/a	n/a	n/a	n/a	n/a	n/a	n/a	n/a	n/a	n/a	n/a	n/a	n/a	n/a	n/a	n/a	n/a	2745.578696	n/a
2746.586914	0.000000	549317	ttl	4	72	n/a	n/a	n/a	n/a	n/a	n/a	n/a	n/a	n/a	n/a	n/a	n/a	n/a	n/a	n/a	n/a	n/a	n/a	n/a	n/a	n/a	2746.586914	n/a
2746.590092	0.000000	549318	ttl	11	72	n/a	n/a	n/a	n/a	n/a	n/a	n/a	n/a	n/a	n/a	n/a	n/a	n/a	n/a	n/a	n/a	n/a	n/a	n/a	n/a	n/a	2746.590092	n/a
2747.206638	2.033621	549441	time_discrimination	n/a	n/a	n/a	72.0	n/a	n/a	n/a	2746.590092	n/a	3.241002501141338	2.0	1	3.0	NB_11_LongA.png	n/a	2	2752.48126125	n/a	159	1	1	intervals/timediscrimination_table	158	2747.206638	2749.240259
2747.206638	0.000000	549441	ttl	1	72	n/a	n/a	n/a	n/a	n/a	n/a	n/a	n/a	n/a	n/a	n/a	n/a	n/a	n/a	n/a	n/a	n/a	n/a	n/a	n/a	n/a	2747.206638	n/a
2749.240259	0.000000	549848	ttl	2	72	n/a	n/a	n/a	n/a	n/a	n/a	n/a	n/a	n/a	n/a	n/a	n/a	n/a	n/a	n/a	n/a	n/a	n/a	n/a	n/a	n/a	2749.240259	n/a
2752.481261	0.000000	550496	ttl	4	72	n/a	n/a	n/a	n/a	n/a	n/a	n/a	n/a	n/a	n/a	n/a	n/a	n/a	n/a	n/a	n/a	n/a	n/a	n/a	n/a	n/a	2752.481261	n/a
2752.491217	0.000000	550498	ttl	11	72	n/a	n/a	n/a	n/a	n/a	n/a	n/a	n/a	n/a	n/a	n/a	n/a	n/a	n/a	n/a	n/a	n/a	n/a	n/a	n/a	n/a	2752.491217	n/a
2753.007778	2.033472	550602	time_discrimination	n/a	n/a	n/a	72.0	n/a	n/a	n/a	2752.491217	n/a	0.7450429399905261	1.0	1	2.0	NB_12_LongA.png	n/a	3	2755.7862929999997	n/a	160	1	2	intervals/timediscrimination_table	159	2753.007778	2755.041250
2753.007778	0.000000	550602	ttl	1	72	n/a	n/a	n/a	n/a	n/a	n/a	n/a	n/a	n/a	n/a	n/a	n/a	n/a	n/a	n/a	n/a	n/a	n/a	n/a	n/a	n/a	2753.007778	n/a
2755.041250	0.000000	551008	ttl	2	72	n/a	n/a	n/a	n/a	n/a	n/a	n/a	n/a	n/a	n/a	n/a	n/a	n/a	n/a	n/a	n/a	n/a	n/a	n/a	n/a	n/a	2755.041250	n/a
2755.786293	0.000000	551157	ttl	4	72	n/a	n/a	n/a	n/a	n/a	n/a	n/a	n/a	n/a	n/a	n/a	n/a	n/a	n/a	n/a	n/a	n/a	n/a	n/a	n/a	n/a	2755.786293	n/a
2755.796543	0.000000	551159	ttl	11	72	n/a	n/a	n/a	n/a	n/a	n/a	n/a	n/a	n/a	n/a	n/a	n/a	n/a	n/a	n/a	n/a	n/a	n/a	n/a	n/a	n/a	2755.796543	n/a
2756.396415	2.033515	551279	time_discrimination	n/a	n/a	n/a	72.0	n/a	n/a	n/a	2755.79654275	n/a	1.6575813014933374	2.0	1	3.0	NB_9_LongA.png	n/a	7	2760.0875115	n/a	161	2	2	intervals/timediscrimination_table	160	2756.396415	2758.429930
2756.396415	0.000000	551279	ttl	1	72	n/a	n/a	n/a	n/a	n/a	n/a	n/a	n/a	n/a	n/a	n/a	n/a	n/a	n/a	n/a	n/a	n/a	n/a	n/a	n/a	n/a	2756.396415	n/a
2758.429930	0.000000	551686	ttl	2	72	n/a	n/a	n/a	n/a	n/a	n/a	n/a	n/a	n/a	n/a	n/a	n/a	n/a	n/a	n/a	n/a	n/a	n/a	n/a	n/a	n/a	2758.429930	n/a
2760.087511	0.000000	552018	ttl	4	72	n/a	n/a	n/a	n/a	n/a	n/a	n/a	n/a	n/a	n/a	n/a	n/a	n/a	n/a	n/a	n/a	n/a	n/a	n/a	n/a	n/a	2760.087511	n/a
2760.098471	0.000000	552020	ttl	11	72	n/a	n/a	n/a	n/a	n/a	n/a	n/a	n/a	n/a	n/a	n/a	n/a	n/a	n/a	n/a	n/a	n/a	n/a	n/a	n/a	n/a	2760.098471	n/a
2760.581707	2.033563	552116	time_discrimination	n/a	n/a	n/a	72.0	n/a	n/a	n/a	2760.098471	n/a	1.7288064065214712	2.0	3	2.0	HB_17_LongA.png	n/a	3	2764.3440769999997	n/a	162	1	1	intervals/timediscrimination_table	161	2760.581707	2762.615270
2760.581707	0.000000	552116	ttl	1	72	n/a	n/a	n/a	n/a	n/a	n/a	n/a	n/a	n/a	n/a	n/a	n/a	n/a	n/a	n/a	n/a	n/a	n/a	n/a	n/a	n/a	2760.581707	n/a
2762.615270	0.000000	552523	ttl	2	72	n/a	n/a	n/a	n/a	n/a	n/a	n/a	n/a	n/a	n/a	n/a	n/a	n/a	n/a	n/a	n/a	n/a	n/a	n/a	n/a	n/a	2762.615270	n/a
2764.344077	0.000000	552869	ttl	4	72	n/a	n/a	n/a	n/a	n/a	n/a	n/a	n/a	n/a	n/a	n/a	n/a	n/a	n/a	n/a	n/a	n/a	n/a	n/a	n/a	n/a	2764.344077	n/a
2764.358629	0.000000	552872	ttl	11	72	n/a	n/a	n/a	n/a	n/a	n/a	n/a	n/a	n/a	n/a	n/a	n/a	n/a	n/a	n/a	n/a	n/a	n/a	n/a	n/a	n/a	2764.358629	n/a
2764.858502	2.033521	552972	time_discrimination	n/a	n/a	n/a	72.0	n/a	n/a	n/a	2764.358629	n/a	1.9163130918896059	1.0	3	2.0	HB_58_ShortA.png	n/a	3	2768.80833575	n/a	163	1	2	intervals/timediscrimination_table	162	2764.858502	2766.892023
2764.858502	0.000000	552972	ttl	1	72	n/a	n/a	n/a	n/a	n/a	n/a	n/a	n/a	n/a	n/a	n/a	n/a	n/a	n/a	n/a	n/a	n/a	n/a	n/a	n/a	n/a	2764.858502	n/a
2766.892023	0.000000	553378	ttl	2	72	n/a	n/a	n/a	n/a	n/a	n/a	n/a	n/a	n/a	n/a	n/a	n/a	n/a	n/a	n/a	n/a	n/a	n/a	n/a	n/a	n/a	2766.892023	n/a
2768.808336	0.000000	553762	ttl	4	72	n/a	n/a	n/a	n/a	n/a	n/a	n/a	n/a	n/a	n/a	n/a	n/a	n/a	n/a	n/a	n/a	n/a	n/a	n/a	n/a	n/a	2768.808336	n/a
2768.825170	0.000000	553765	ttl	11	72	n/a	n/a	n/a	n/a	n/a	n/a	n/a	n/a	n/a	n/a	n/a	n/a	n/a	n/a	n/a	n/a	n/a	n/a	n/a	n/a	n/a	2768.825170	n/a
2769.358392	2.034092	553872	time_discrimination	n/a	n/a	n/a	72.0	n/a	n/a	n/a	2768.8251705	n/a	1.4022577528958209	2.0	1	2.0	NB_14_ShortA.png	n/a	6	2772.7947415	n/a	164	2	2	intervals/timediscrimination_table	163	2769.358392	2771.392484
2769.358392	0.000000	553872	ttl	1	72	n/a	n/a	n/a	n/a	n/a	n/a	n/a	n/a	n/a	n/a	n/a	n/a	n/a	n/a	n/a	n/a	n/a	n/a	n/a	n/a	n/a	2769.358392	n/a
2771.392484	0.000000	554278	ttl	2	72	n/a	n/a	n/a	n/a	n/a	n/a	n/a	n/a	n/a	n/a	n/a	n/a	n/a	n/a	n/a	n/a	n/a	n/a	n/a	n/a	n/a	2771.392484	n/a
2772.794741	0.000000	554559	ttl	4	72	n/a	n/a	n/a	n/a	n/a	n/a	n/a	n/a	n/a	n/a	n/a	n/a	n/a	n/a	n/a	n/a	n/a	n/a	n/a	n/a	n/a	2772.794741	n/a
2772.812737	0.000000	554563	ttl	11	72	n/a	n/a	n/a	n/a	n/a	n/a	n/a	n/a	n/a	n/a	n/a	n/a	n/a	n/a	n/a	n/a	n/a	n/a	n/a	n/a	n/a	2772.812737	n/a
2773.412617	2.033384	554683	time_discrimination	n/a	n/a	n/a	72.0	n/a	n/a	n/a	2772.8127365	n/a	2.7461688304611016	1.0	1	2.0	NB_14_LongA.png	n/a	3	2778.1921697499997	n/a	165	1	2	intervals/timediscrimination_table	164	2773.412617	2775.446001
2773.412617	0.000000	554683	ttl	1	72	n/a	n/a	n/a	n/a	n/a	n/a	n/a	n/a	n/a	n/a	n/a	n/a	n/a	n/a	n/a	n/a	n/a	n/a	n/a	n/a	n/a	2773.412617	n/a
2775.446001	0.000000	555089	ttl	2	72	n/a	n/a	n/a	n/a	n/a	n/a	n/a	n/a	n/a	n/a	n/a	n/a	n/a	n/a	n/a	n/a	n/a	n/a	n/a	n/a	n/a	2775.446001	n/a
2778.192170	0.000000	555638	ttl	4	72	n/a	n/a	n/a	n/a	n/a	n/a	n/a	n/a	n/a	n/a	n/a	n/a	n/a	n/a	n/a	n/a	n/a	n/a	n/a	n/a	n/a	2778.192170	n/a
2778.201313	0.000000	555640	ttl	11	72	n/a	n/a	n/a	n/a	n/a	n/a	n/a	n/a	n/a	n/a	n/a	n/a	n/a	n/a	n/a	n/a	n/a	n/a	n/a	n/a	n/a	2778.201313	n/a
2778.784534	2.033603	555757	time_discrimination	n/a	n/a	n/a	72.0	n/a	n/a	n/a	2778.2013132499997	n/a	4.408105790578702	2.0	3	2.0	HB_47_ShortA.png	n/a	3	2785.2262432499997	n/a	166	1	1	intervals/timediscrimination_table	165	2778.784534	2780.818137
2778.784534	0.000000	555757	ttl	1	72	n/a	n/a	n/a	n/a	n/a	n/a	n/a	n/a	n/a	n/a	n/a	n/a	n/a	n/a	n/a	n/a	n/a	n/a	n/a	n/a	n/a	2778.784534	n/a
2780.818137	0.000000	556164	ttl	2	72	n/a	n/a	n/a	n/a	n/a	n/a	n/a	n/a	n/a	n/a	n/a	n/a	n/a	n/a	n/a	n/a	n/a	n/a	n/a	n/a	n/a	2780.818137	n/a
2785.226243	0.000000	557045	ttl	4	72	n/a	n/a	n/a	n/a	n/a	n/a	n/a	n/a	n/a	n/a	n/a	n/a	n/a	n/a	n/a	n/a	n/a	n/a	n/a	n/a	n/a	2785.226243	n/a
2785.241317	0.000000	557048	ttl	11	72	n/a	n/a	n/a	n/a	n/a	n/a	n/a	n/a	n/a	n/a	n/a	n/a	n/a	n/a	n/a	n/a	n/a	n/a	n/a	n/a	n/a	2785.241317	n/a
2785.741215	2.034151	557148	time_discrimination	n/a	n/a	n/a	72.0	n/a	n/a	n/a	2785.2413174999997	n/a	0.5145236033713445	2.0	3	2.0	HB_6_ShortA.png	n/a	6	2788.28989	n/a	167	2	2	intervals/timediscrimination_table	166	2785.741215	2787.775366
2785.741215	0.000000	557148	ttl	1	72	n/a	n/a	n/a	n/a	n/a	n/a	n/a	n/a	n/a	n/a	n/a	n/a	n/a	n/a	n/a	n/a	n/a	n/a	n/a	n/a	n/a	2785.741215	n/a
2787.775366	0.000000	557555	ttl	2	72	n/a	n/a	n/a	n/a	n/a	n/a	n/a	n/a	n/a	n/a	n/a	n/a	n/a	n/a	n/a	n/a	n/a	n/a	n/a	n/a	n/a	2787.775366	n/a
2788.289890	0.000000	557658	ttl	4	72	n/a	n/a	n/a	n/a	n/a	n/a	n/a	n/a	n/a	n/a	n/a	n/a	n/a	n/a	n/a	n/a	n/a	n/a	n/a	n/a	n/a	2788.289890	n/a
2788.298688	0.000000	557660	ttl	11	72	n/a	n/a	n/a	n/a	n/a	n/a	n/a	n/a	n/a	n/a	n/a	n/a	n/a	n/a	n/a	n/a	n/a	n/a	n/a	n/a	n/a	2788.298688	n/a
2788.848574	2.033302	557770	time_discrimination	n/a	n/a	n/a	72.0	n/a	n/a	n/a	2788.298688	n/a	1.3675938240630785	2.0	3	2.0	HB_32_LongA.png	n/a	3	2792.2494697499997	n/a	168	1	1	intervals/timediscrimination_table	167	2788.848574	2790.881876
2788.848574	0.000000	557770	ttl	1	72	n/a	n/a	n/a	n/a	n/a	n/a	n/a	n/a	n/a	n/a	n/a	n/a	n/a	n/a	n/a	n/a	n/a	n/a	n/a	n/a	n/a	2788.848574	n/a
2790.881876	0.000000	558176	ttl	2	72	n/a	n/a	n/a	n/a	n/a	n/a	n/a	n/a	n/a	n/a	n/a	n/a	n/a	n/a	n/a	n/a	n/a	n/a	n/a	n/a	n/a	2790.881876	n/a
2792.249470	0.000000	558450	ttl	4	72	n/a	n/a	n/a	n/a	n/a	n/a	n/a	n/a	n/a	n/a	n/a	n/a	n/a	n/a	n/a	n/a	n/a	n/a	n/a	n/a	n/a	2792.249470	n/a
2792.266629	0.000000	558453	ttl	11	72	n/a	n/a	n/a	n/a	n/a	n/a	n/a	n/a	n/a	n/a	n/a	n/a	n/a	n/a	n/a	n/a	n/a	n/a	n/a	n/a	n/a	2792.266629	n/a
2792.849850	2.033745	558570	time_discrimination	n/a	n/a	n/a	72.0	n/a	n/a	n/a	2792.2666289999997	n/a	0.7377053719828837	2.0	3	2.0	HB_14_LongA.png	n/a	3	2795.6213005	n/a	169	1	1	intervals/timediscrimination_table	168	2792.849850	2794.883595
2792.849850	0.000000	558570	ttl	1	72	n/a	n/a	n/a	n/a	n/a	n/a	n/a	n/a	n/a	n/a	n/a	n/a	n/a	n/a	n/a	n/a	n/a	n/a	n/a	n/a	n/a	2792.849850	n/a
2794.883595	0.000000	558977	ttl	2	72	n/a	n/a	n/a	n/a	n/a	n/a	n/a	n/a	n/a	n/a	n/a	n/a	n/a	n/a	n/a	n/a	n/a	n/a	n/a	n/a	n/a	2794.883595	n/a
2795.621300	0.000000	559124	ttl	4	72	n/a	n/a	n/a	n/a	n/a	n/a	n/a	n/a	n/a	n/a	n/a	n/a	n/a	n/a	n/a	n/a	n/a	n/a	n/a	n/a	n/a	2795.621300	n/a
2795.629737	0.000000	559126	ttl	11	72	n/a	n/a	n/a	n/a	n/a	n/a	n/a	n/a	n/a	n/a	n/a	n/a	n/a	n/a	n/a	n/a	n/a	n/a	n/a	n/a	n/a	2795.629737	n/a
2796.129627	2.033640	559226	time_discrimination	n/a	n/a	n/a	72.0	n/a	n/a	n/a	2795.6297369999997	n/a	2.932877899664163	1.0	1	1.0	NB_30_ShortA.png	n/a	5	2801.0961442499997	n/a	170	2	1	intervals/timediscrimination_table	169	2796.129627	2798.163266
2796.129627	0.000000	559226	ttl	1	72	n/a	n/a	n/a	n/a	n/a	n/a	n/a	n/a	n/a	n/a	n/a	n/a	n/a	n/a	n/a	n/a	n/a	n/a	n/a	n/a	n/a	2796.129627	n/a
2798.163266	0.000000	559633	ttl	2	72	n/a	n/a	n/a	n/a	n/a	n/a	n/a	n/a	n/a	n/a	n/a	n/a	n/a	n/a	n/a	n/a	n/a	n/a	n/a	n/a	n/a	2798.163266	n/a
2801.096144	0.000000	560219	ttl	4	72	n/a	n/a	n/a	n/a	n/a	n/a	n/a	n/a	n/a	n/a	n/a	n/a	n/a	n/a	n/a	n/a	n/a	n/a	n/a	n/a	n/a	2801.096144	n/a
2801.112381	0.000000	560222	ttl	11	72	n/a	n/a	n/a	n/a	n/a	n/a	n/a	n/a	n/a	n/a	n/a	n/a	n/a	n/a	n/a	n/a	n/a	n/a	n/a	n/a	n/a	2801.112381	n/a
2801.628943	2.033694	560326	time_discrimination	n/a	n/a	n/a	72.0	n/a	n/a	n/a	2801.11238125	n/a	4.870733080744685	2.0	3	2.0	HB_29_ShortA.png	n/a	6	2808.5333702499997	n/a	171	2	2	intervals/timediscrimination_table	170	2801.628943	2803.662637
2801.628943	0.000000	560326	ttl	1	72	n/a	n/a	n/a	n/a	n/a	n/a	n/a	n/a	n/a	n/a	n/a	n/a	n/a	n/a	n/a	n/a	n/a	n/a	n/a	n/a	n/a	2801.628943	n/a
2803.662637	0.000000	560733	ttl	2	72	n/a	n/a	n/a	n/a	n/a	n/a	n/a	n/a	n/a	n/a	n/a	n/a	n/a	n/a	n/a	n/a	n/a	n/a	n/a	n/a	n/a	2803.662637	n/a
2808.533370	0.000000	561707	ttl	4	72	n/a	n/a	n/a	n/a	n/a	n/a	n/a	n/a	n/a	n/a	n/a	n/a	n/a	n/a	n/a	n/a	n/a	n/a	n/a	n/a	n/a	2808.533370	n/a
2808.539709	0.000000	561708	ttl	11	72	n/a	n/a	n/a	n/a	n/a	n/a	n/a	n/a	n/a	n/a	n/a	n/a	n/a	n/a	n/a	n/a	n/a	n/a	n/a	n/a	n/a	2808.539709	n/a
2809.056257	2.033527	561811	time_discrimination	n/a	n/a	n/a	72.0	n/a	n/a	n/a	2808.5397095	n/a	2.004316180740716	1.0	3	3.0	HB_52_LongA.png	n/a	2	2813.0940997499997	n/a	172	1	2	intervals/timediscrimination_table	171	2809.056257	2811.089784
2809.056257	0.000000	561811	ttl	1	72	n/a	n/a	n/a	n/a	n/a	n/a	n/a	n/a	n/a	n/a	n/a	n/a	n/a	n/a	n/a	n/a	n/a	n/a	n/a	n/a	n/a	2809.056257	n/a
2811.089784	0.000000	562218	ttl	2	72	n/a	n/a	n/a	n/a	n/a	n/a	n/a	n/a	n/a	n/a	n/a	n/a	n/a	n/a	n/a	n/a	n/a	n/a	n/a	n/a	n/a	2811.089784	n/a
2813.094100	0.000000	562619	ttl	4	72	n/a	n/a	n/a	n/a	n/a	n/a	n/a	n/a	n/a	n/a	n/a	n/a	n/a	n/a	n/a	n/a	n/a	n/a	n/a	n/a	n/a	2813.094100	n/a
2813.109670	0.000000	562622	ttl	11	72	n/a	n/a	n/a	n/a	n/a	n/a	n/a	n/a	n/a	n/a	n/a	n/a	n/a	n/a	n/a	n/a	n/a	n/a	n/a	n/a	n/a	2813.109670	n/a
2813.676234	2.033612	562735	time_discrimination	n/a	n/a	n/a	72.0	n/a	n/a	n/a	2813.10967025	n/a	2.9310337472779793	1.0	2	3.0	SB_5_LongA.png	n/a	2	2818.64088	n/a	173	1	2	intervals/timediscrimination_table	172	2813.676234	2815.709846
2813.676234	0.000000	562735	ttl	1	72	n/a	n/a	n/a	n/a	n/a	n/a	n/a	n/a	n/a	n/a	n/a	n/a	n/a	n/a	n/a	n/a	n/a	n/a	n/a	n/a	n/a	2813.676234	n/a
2815.709846	0.000000	563142	ttl	2	72	n/a	n/a	n/a	n/a	n/a	n/a	n/a	n/a	n/a	n/a	n/a	n/a	n/a	n/a	n/a	n/a	n/a	n/a	n/a	n/a	n/a	2815.709846	n/a
2818.640880	0.000000	563728	ttl	4	72	n/a	n/a	n/a	n/a	n/a	n/a	n/a	n/a	n/a	n/a	n/a	n/a	n/a	n/a	n/a	n/a	n/a	n/a	n/a	n/a	n/a	2818.640880	n/a
2818.643528	0.000000	563729	ttl	11	72	n/a	n/a	n/a	n/a	n/a	n/a	n/a	n/a	n/a	n/a	n/a	n/a	n/a	n/a	n/a	n/a	n/a	n/a	n/a	n/a	n/a	2818.643528	n/a
2819.226748	2.034380	563845	time_discrimination	n/a	n/a	n/a	72.0	n/a	n/a	n/a	2818.64352775	n/a	2.2918737078944105	2.0	2	3.0	SB_32_ShortA.png	n/a	7	2823.55300175	n/a	174	2	2	intervals/timediscrimination_table	173	2819.226748	2821.261128
2819.226748	0.000000	563845	ttl	1	72	n/a	n/a	n/a	n/a	n/a	n/a	n/a	n/a	n/a	n/a	n/a	n/a	n/a	n/a	n/a	n/a	n/a	n/a	n/a	n/a	n/a	2819.226748	n/a
2821.261128	0.000000	564252	ttl	2	72	n/a	n/a	n/a	n/a	n/a	n/a	n/a	n/a	n/a	n/a	n/a	n/a	n/a	n/a	n/a	n/a	n/a	n/a	n/a	n/a	n/a	2821.261128	n/a
2823.553002	0.000000	564711	ttl	4	72	n/a	n/a	n/a	n/a	n/a	n/a	n/a	n/a	n/a	n/a	n/a	n/a	n/a	n/a	n/a	n/a	n/a	n/a	n/a	n/a	n/a	2823.553002	n/a
2823.558062	0.000000	564712	ttl	11	72	n/a	n/a	n/a	n/a	n/a	n/a	n/a	n/a	n/a	n/a	n/a	n/a	n/a	n/a	n/a	n/a	n/a	n/a	n/a	n/a	n/a	2823.558062	n/a
2824.091251	2.033641	564818	time_discrimination	n/a	n/a	n/a	72.0	n/a	n/a	n/a	2823.5580622499997	n/a	2.5926383640544373	2.0	2	2.0	SB_57_ShortA.png	n/a	6	2828.71753025	n/a	175	2	2	intervals/timediscrimination_table	174	2824.091251	2826.124892
2824.091251	0.000000	564818	ttl	1	72	n/a	n/a	n/a	n/a	n/a	n/a	n/a	n/a	n/a	n/a	n/a	n/a	n/a	n/a	n/a	n/a	n/a	n/a	n/a	n/a	n/a	2824.091251	n/a
2826.124892	0.000000	565225	ttl	2	72	n/a	n/a	n/a	n/a	n/a	n/a	n/a	n/a	n/a	n/a	n/a	n/a	n/a	n/a	n/a	n/a	n/a	n/a	n/a	n/a	n/a	2826.124892	n/a
2828.717530	0.000000	565744	ttl	4	72	n/a	n/a	n/a	n/a	n/a	n/a	n/a	n/a	n/a	n/a	n/a	n/a	n/a	n/a	n/a	n/a	n/a	n/a	n/a	n/a	n/a	2828.717530	n/a
2828.726696	0.000000	565745	ttl	11	72	n/a	n/a	n/a	n/a	n/a	n/a	n/a	n/a	n/a	n/a	n/a	n/a	n/a	n/a	n/a	n/a	n/a	n/a	n/a	n/a	n/a	2828.726696	n/a
2829.226600	2.033961	565845	time_discrimination	n/a	n/a	n/a	72.0	n/a	n/a	n/a	2828.72669575	n/a	2.4409209620571346	2.0	2	3.0	SB_8_LongA.png	n/a	7	2833.7014824999997	n/a	176	2	2	intervals/timediscrimination_table	175	2829.226600	2831.260561
2829.226600	0.000000	565845	ttl	1	72	n/a	n/a	n/a	n/a	n/a	n/a	n/a	n/a	n/a	n/a	n/a	n/a	n/a	n/a	n/a	n/a	n/a	n/a	n/a	n/a	n/a	2829.226600	n/a
2831.260561	0.000000	566252	ttl	2	72	n/a	n/a	n/a	n/a	n/a	n/a	n/a	n/a	n/a	n/a	n/a	n/a	n/a	n/a	n/a	n/a	n/a	n/a	n/a	n/a	n/a	2831.260561	n/a
2833.701482	0.000000	566740	ttl	4	72	n/a	n/a	n/a	n/a	n/a	n/a	n/a	n/a	n/a	n/a	n/a	n/a	n/a	n/a	n/a	n/a	n/a	n/a	n/a	n/a	n/a	2833.701482	n/a
2833.712476	0.000000	566742	ttl	11	72	n/a	n/a	n/a	n/a	n/a	n/a	n/a	n/a	n/a	n/a	n/a	n/a	n/a	n/a	n/a	n/a	n/a	n/a	n/a	n/a	n/a	2833.712476	n/a
2834.212378	2.033813	566842	time_discrimination	n/a	n/a	n/a	72.0	n/a	n/a	n/a	2833.7124765	n/a	3.0416122143142275	2.0	1	2.0	NB_27_LongA.png	n/a	3	2839.2878025	n/a	177	1	1	intervals/timediscrimination_table	176	2834.212378	2836.246190
2834.212378	0.000000	566842	ttl	1	72	n/a	n/a	n/a	n/a	n/a	n/a	n/a	n/a	n/a	n/a	n/a	n/a	n/a	n/a	n/a	n/a	n/a	n/a	n/a	n/a	n/a	2834.212378	n/a
2836.246190	0.000000	567249	ttl	2	72	n/a	n/a	n/a	n/a	n/a	n/a	n/a	n/a	n/a	n/a	n/a	n/a	n/a	n/a	n/a	n/a	n/a	n/a	n/a	n/a	n/a	2836.246190	n/a
2839.287802	0.000000	567858	ttl	4	72	n/a	n/a	n/a	n/a	n/a	n/a	n/a	n/a	n/a	n/a	n/a	n/a	n/a	n/a	n/a	n/a	n/a	n/a	n/a	n/a	n/a	2839.287802	n/a
2839.302523	0.000000	567861	ttl	11	72	n/a	n/a	n/a	n/a	n/a	n/a	n/a	n/a	n/a	n/a	n/a	n/a	n/a	n/a	n/a	n/a	n/a	n/a	n/a	n/a	n/a	2839.302523	n/a
2839.902406	2.033927	567980	time_discrimination	n/a	n/a	n/a	72.0	n/a	n/a	n/a	2839.302523	n/a	0.4872941530775279	2.0	2	2.0	SB_42_ShortA.png	n/a	3	2842.4236272499998	n/a	178	1	1	intervals/timediscrimination_table	177	2839.902406	2841.936333
2839.902406	0.000000	567980	ttl	1	72	n/a	n/a	n/a	n/a	n/a	n/a	n/a	n/a	n/a	n/a	n/a	n/a	n/a	n/a	n/a	n/a	n/a	n/a	n/a	n/a	n/a	2839.902406	n/a
2841.936333	0.000000	568387	ttl	2	72	n/a	n/a	n/a	n/a	n/a	n/a	n/a	n/a	n/a	n/a	n/a	n/a	n/a	n/a	n/a	n/a	n/a	n/a	n/a	n/a	n/a	2841.936333	n/a
2842.423627	0.000000	568485	ttl	4	72	n/a	n/a	n/a	n/a	n/a	n/a	n/a	n/a	n/a	n/a	n/a	n/a	n/a	n/a	n/a	n/a	n/a	n/a	n/a	n/a	n/a	2842.423627	n/a
2842.491761	0.000000	568498	ttl	11	72	n/a	n/a	n/a	n/a	n/a	n/a	n/a	n/a	n/a	n/a	n/a	n/a	n/a	n/a	n/a	n/a	n/a	n/a	n/a	n/a	n/a	2842.491761	n/a
2843.048886	2.041804	568610	time_discrimination	n/a	n/a	n/a	72.0	n/a	n/a	n/a	2842.4917609999998	n/a	2.8454455141109065	2.0	2	2.0	SB_30_LongA.png	n/a	6	2847.9361357499997	n/a	179	2	2	intervals/timediscrimination_table	178	2843.048886	2845.090690
2843.048886	0.000000	568610	ttl	1	72	n/a	n/a	n/a	n/a	n/a	n/a	n/a	n/a	n/a	n/a	n/a	n/a	n/a	n/a	n/a	n/a	n/a	n/a	n/a	n/a	n/a	2843.048886	n/a
2845.090690	0.000000	569018	ttl	2	72	n/a	n/a	n/a	n/a	n/a	n/a	n/a	n/a	n/a	n/a	n/a	n/a	n/a	n/a	n/a	n/a	n/a	n/a	n/a	n/a	n/a	2845.090690	n/a
2847.936136	0.000000	569587	ttl	4	72	n/a	n/a	n/a	n/a	n/a	n/a	n/a	n/a	n/a	n/a	n/a	n/a	n/a	n/a	n/a	n/a	n/a	n/a	n/a	n/a	n/a	2847.936136	n/a
2847.964226	0.000000	569593	ttl	11	72	n/a	n/a	n/a	n/a	n/a	n/a	n/a	n/a	n/a	n/a	n/a	n/a	n/a	n/a	n/a	n/a	n/a	n/a	n/a	n/a	n/a	2847.964226	n/a
2848.560372	2.023919	569712	time_discrimination	n/a	n/a	n/a	72.0	n/a	n/a	n/a	2847.96422575	n/a	1.6115376866800943	2.0	2	3.0	SB_30_ShortA.png	n/a	2	2852.1958295	n/a	180	1	1	intervals/timediscrimination_table	179	2848.560372	2850.584292
2848.560372	0.000000	569712	ttl	1	72	n/a	n/a	n/a	n/a	n/a	n/a	n/a	n/a	n/a	n/a	n/a	n/a	n/a	n/a	n/a	n/a	n/a	n/a	n/a	n/a	n/a	2848.560372	n/a
2850.584292	0.000000	570117	ttl	2	72	n/a	n/a	n/a	n/a	n/a	n/a	n/a	n/a	n/a	n/a	n/a	n/a	n/a	n/a	n/a	n/a	n/a	n/a	n/a	n/a	n/a	2850.584292	n/a
2852.195829	0.000000	570439	ttl	4	72	n/a	n/a	n/a	n/a	n/a	n/a	n/a	n/a	n/a	n/a	n/a	n/a	n/a	n/a	n/a	n/a	n/a	n/a	n/a	n/a	n/a	2852.195829	n/a
2852.248372	0.000000	570450	ttl	60	72	n/a	n/a	n/a	n/a	n/a	n/a	n/a	n/a	n/a	n/a	n/a	n/a	n/a	n/a	n/a	n/a	n/a	n/a	n/a	n/a	n/a	2852.248372	n/a
