onset	duration	sample	trial_type	value	experiment_id	Clip_name	ExperimentID	boundary1_time	boundary2_time	boundary3_time	fixcross_time	stimCategory	RT	accuracy	boundary_type	confidence	frameName	old_new	resp_value	source_response_time	stimuli_type	trial_num	leftright	resp_key	source_table	source_row_id	source_start_time	source_stop_time
0.000000	0.000000	0	ttl	61	70	n/a	n/a	n/a	n/a	n/a	n/a	n/a	n/a	n/a	n/a	n/a	n/a	n/a	n/a	n/a	n/a	n/a	n/a	n/a	n/a	n/a	0.000000	n/a
0.050782	0.000000	10	ttl	11	70	n/a	n/a	n/a	n/a	n/a	n/a	n/a	n/a	n/a	n/a	n/a	n/a	n/a	n/a	n/a	n/a	n/a	n/a	n/a	n/a	n/a	0.050782	n/a
1.092199	7.931666	218	encoding	n/a	n/a	HB_23.mp4	70.0	5.09219925	n/a	n/a	0.05078175	2	n/a	n/a	n/a	n/a	n/a	n/a	n/a	n/a	n/a	n/a	n/a	n/a	intervals/encoding_table	0	1.092199	9.023865
1.092199	0.000000	218	ttl	1	70	n/a	n/a	n/a	n/a	n/a	n/a	n/a	n/a	n/a	n/a	n/a	n/a	n/a	n/a	n/a	n/a	n/a	n/a	n/a	n/a	n/a	1.092199	n/a
9.023865	0.000000	1805	ttl	2	70	n/a	n/a	n/a	n/a	n/a	n/a	n/a	n/a	n/a	n/a	n/a	n/a	n/a	n/a	n/a	n/a	n/a	n/a	n/a	n/a	n/a	9.023865	n/a
9.039659	0.000000	1808	ttl	11	70	n/a	n/a	n/a	n/a	n/a	n/a	n/a	n/a	n/a	n/a	n/a	n/a	n/a	n/a	n/a	n/a	n/a	n/a	n/a	n/a	n/a	9.039659	n/a
10.099418	8.397275	2020	encoding	n/a	n/a	HB_3.mp4	70.0	14.09941825	12.409614249999999	n/a	9.03965925	2	n/a	n/a	n/a	n/a	n/a	n/a	n/a	n/a	n/a	n/a	n/a	n/a	intervals/encoding_table	1	10.099418	18.496693
10.099418	0.000000	2020	ttl	1	70	n/a	n/a	n/a	n/a	n/a	n/a	n/a	n/a	n/a	n/a	n/a	n/a	n/a	n/a	n/a	n/a	n/a	n/a	n/a	n/a	n/a	10.099418	n/a
18.496693	0.000000	3699	ttl	2	70	n/a	n/a	n/a	n/a	n/a	n/a	n/a	n/a	n/a	n/a	n/a	n/a	n/a	n/a	n/a	n/a	n/a	n/a	n/a	n/a	n/a	18.496693	n/a
18.513169	0.000000	3703	ttl	11	70	n/a	n/a	n/a	n/a	n/a	n/a	n/a	n/a	n/a	n/a	n/a	n/a	n/a	n/a	n/a	n/a	n/a	n/a	n/a	n/a	n/a	18.513169	n/a
19.453107	7.298875	3891	encoding	n/a	n/a	SB_8.mp4	70.0	23.1875145	n/a	n/a	18.513168999999998	1	n/a	n/a	n/a	n/a	n/a	n/a	n/a	n/a	n/a	n/a	n/a	n/a	intervals/encoding_table	2	19.453107	26.751982
19.453107	0.000000	3891	ttl	1	70	n/a	n/a	n/a	n/a	n/a	n/a	n/a	n/a	n/a	n/a	n/a	n/a	n/a	n/a	n/a	n/a	n/a	n/a	n/a	n/a	n/a	19.453107	n/a
26.751982	0.000000	5350	ttl	2	70	n/a	n/a	n/a	n/a	n/a	n/a	n/a	n/a	n/a	n/a	n/a	n/a	n/a	n/a	n/a	n/a	n/a	n/a	n/a	n/a	n/a	26.751982	n/a
26.768348	0.000000	5354	ttl	11	70	n/a	n/a	n/a	n/a	n/a	n/a	n/a	n/a	n/a	n/a	n/a	n/a	n/a	n/a	n/a	n/a	n/a	n/a	n/a	n/a	n/a	26.768348	n/a
27.689716	8.104574	5538	encoding	n/a	n/a	SB_30.mp4	70.0	28.241384749999998	29.521693749999997	31.2763805	26.76834775	1	n/a	n/a	n/a	n/a	n/a	n/a	n/a	n/a	n/a	n/a	n/a	n/a	intervals/encoding_table	3	27.689716	35.794290
27.689716	0.000000	5538	ttl	1	70	n/a	n/a	n/a	n/a	n/a	n/a	n/a	n/a	n/a	n/a	n/a	n/a	n/a	n/a	n/a	n/a	n/a	n/a	n/a	n/a	n/a	27.689716	n/a
35.794290	0.000000	7159	ttl	2	70	n/a	n/a	n/a	n/a	n/a	n/a	n/a	n/a	n/a	n/a	n/a	n/a	n/a	n/a	n/a	n/a	n/a	n/a	n/a	n/a	n/a	35.794290	n/a
35.810721	0.000000	7162	ttl	11	70	n/a	n/a	n/a	n/a	n/a	n/a	n/a	n/a	n/a	n/a	n/a	n/a	n/a	n/a	n/a	n/a	n/a	n/a	n/a	n/a	n/a	35.810721	n/a
36.834436	7.931877	7367	encoding	n/a	n/a	HB_13.mp4	70.0	40.83443575	39.0993285	43.04157825	35.810721	2	n/a	n/a	n/a	n/a	n/a	n/a	n/a	n/a	n/a	n/a	n/a	n/a	intervals/encoding_table	4	36.834436	44.766312
36.834436	0.000000	7367	ttl	1	70	n/a	n/a	n/a	n/a	n/a	n/a	n/a	n/a	n/a	n/a	n/a	n/a	n/a	n/a	n/a	n/a	n/a	n/a	n/a	n/a	n/a	36.834436	n/a
44.766312	0.000000	8953	ttl	2	70	n/a	n/a	n/a	n/a	n/a	n/a	n/a	n/a	n/a	n/a	n/a	n/a	n/a	n/a	n/a	n/a	n/a	n/a	n/a	n/a	n/a	44.766312	n/a
44.782813	0.000000	8957	ttl	11	70	n/a	n/a	n/a	n/a	n/a	n/a	n/a	n/a	n/a	n/a	n/a	n/a	n/a	n/a	n/a	n/a	n/a	n/a	n/a	n/a	n/a	44.782813	n/a
45.687258	7.966349	9137	encoding	n/a	n/a	NB_27.mp4	70.0	49.68725825	n/a	n/a	44.782813499999996	0	n/a	n/a	n/a	n/a	n/a	n/a	n/a	n/a	n/a	n/a	n/a	n/a	intervals/encoding_table	5	45.687258	53.653607
45.687258	0.000000	9137	ttl	1	70	n/a	n/a	n/a	n/a	n/a	n/a	n/a	n/a	n/a	n/a	n/a	n/a	n/a	n/a	n/a	n/a	n/a	n/a	n/a	n/a	n/a	45.687258	n/a
53.653607	0.000000	10731	ttl	2	70	n/a	n/a	n/a	n/a	n/a	n/a	n/a	n/a	n/a	n/a	n/a	n/a	n/a	n/a	n/a	n/a	n/a	n/a	n/a	n/a	n/a	53.653607	n/a
53.670078	0.000000	10734	ttl	11	70	n/a	n/a	n/a	n/a	n/a	n/a	n/a	n/a	n/a	n/a	n/a	n/a	n/a	n/a	n/a	n/a	n/a	n/a	n/a	n/a	n/a	53.670078	n/a
54.577591	7.530918	10916	encoding	n/a	n/a	NB_15.mp4	70.0	58.57759075	n/a	n/a	53.670078499999995	0	n/a	n/a	n/a	n/a	n/a	n/a	n/a	n/a	n/a	n/a	n/a	n/a	intervals/encoding_table	6	54.577591	62.108509
54.577591	0.000000	10916	ttl	1	70	n/a	n/a	n/a	n/a	n/a	n/a	n/a	n/a	n/a	n/a	n/a	n/a	n/a	n/a	n/a	n/a	n/a	n/a	n/a	n/a	n/a	54.577591	n/a
62.108509	0.000000	12422	ttl	2	70	n/a	n/a	n/a	n/a	n/a	n/a	n/a	n/a	n/a	n/a	n/a	n/a	n/a	n/a	n/a	n/a	n/a	n/a	n/a	n/a	n/a	62.108509	n/a
71.491831	0.000000	14298	ttl	11	70	n/a	n/a	n/a	n/a	n/a	n/a	n/a	n/a	n/a	n/a	n/a	n/a	n/a	n/a	n/a	n/a	n/a	n/a	n/a	n/a	n/a	71.491831	n/a
72.414904	8.099931	14483	encoding	n/a	n/a	NB_17.mp4	70.0	76.41490399999999	n/a	n/a	71.49183099999999	0	n/a	n/a	n/a	n/a	n/a	n/a	n/a	n/a	n/a	n/a	n/a	n/a	intervals/encoding_table	7	72.414904	80.514835
72.414904	0.000000	14483	ttl	1	70	n/a	n/a	n/a	n/a	n/a	n/a	n/a	n/a	n/a	n/a	n/a	n/a	n/a	n/a	n/a	n/a	n/a	n/a	n/a	n/a	n/a	72.414904	n/a
80.514835	0.000000	16103	ttl	2	70	n/a	n/a	n/a	n/a	n/a	n/a	n/a	n/a	n/a	n/a	n/a	n/a	n/a	n/a	n/a	n/a	n/a	n/a	n/a	n/a	n/a	80.514835	n/a
80.531301	0.000000	16106	ttl	11	70	n/a	n/a	n/a	n/a	n/a	n/a	n/a	n/a	n/a	n/a	n/a	n/a	n/a	n/a	n/a	n/a	n/a	n/a	n/a	n/a	n/a	80.531301	n/a
81.595041	7.932216	16319	encoding	n/a	n/a	SB_23.mp4	70.0	84.29329924999999	85.84714525	n/a	80.53130125	1	n/a	n/a	n/a	n/a	n/a	n/a	n/a	n/a	n/a	n/a	n/a	n/a	intervals/encoding_table	8	81.595041	89.527257
81.595041	0.000000	16319	ttl	1	70	n/a	n/a	n/a	n/a	n/a	n/a	n/a	n/a	n/a	n/a	n/a	n/a	n/a	n/a	n/a	n/a	n/a	n/a	n/a	n/a	n/a	81.595041	n/a
89.527257	0.000000	17905	ttl	2	70	n/a	n/a	n/a	n/a	n/a	n/a	n/a	n/a	n/a	n/a	n/a	n/a	n/a	n/a	n/a	n/a	n/a	n/a	n/a	n/a	n/a	89.527257	n/a
89.543693	0.000000	17909	ttl	11	70	n/a	n/a	n/a	n/a	n/a	n/a	n/a	n/a	n/a	n/a	n/a	n/a	n/a	n/a	n/a	n/a	n/a	n/a	n/a	n/a	n/a	89.543693	n/a
90.519072	8.930502	18104	encoding	n/a	n/a	SB_18.mp4	70.0	93.3505435	95.1349975	n/a	89.54369274999999	1	n/a	n/a	n/a	n/a	n/a	n/a	n/a	n/a	n/a	n/a	n/a	n/a	intervals/encoding_table	9	90.519072	99.449574
90.519072	0.000000	18104	ttl	1	70	n/a	n/a	n/a	n/a	n/a	n/a	n/a	n/a	n/a	n/a	n/a	n/a	n/a	n/a	n/a	n/a	n/a	n/a	n/a	n/a	n/a	90.519072	n/a
99.449574	0.000000	19890	ttl	2	70	n/a	n/a	n/a	n/a	n/a	n/a	n/a	n/a	n/a	n/a	n/a	n/a	n/a	n/a	n/a	n/a	n/a	n/a	n/a	n/a	n/a	99.449574	n/a
99.466046	0.000000	19893	ttl	11	70	n/a	n/a	n/a	n/a	n/a	n/a	n/a	n/a	n/a	n/a	n/a	n/a	n/a	n/a	n/a	n/a	n/a	n/a	n/a	n/a	n/a	99.466046	n/a
100.411878	8.033364	20082	encoding	n/a	n/a	HB_14.mp4	70.0	104.41187775	103.15956949999999	106.33364025	99.46604649999999	2	n/a	n/a	n/a	n/a	n/a	n/a	n/a	n/a	n/a	n/a	n/a	n/a	intervals/encoding_table	10	100.411878	108.445242
100.411878	0.000000	20082	ttl	1	70	n/a	n/a	n/a	n/a	n/a	n/a	n/a	n/a	n/a	n/a	n/a	n/a	n/a	n/a	n/a	n/a	n/a	n/a	n/a	n/a	n/a	100.411878	n/a
108.445242	0.000000	21689	ttl	2	70	n/a	n/a	n/a	n/a	n/a	n/a	n/a	n/a	n/a	n/a	n/a	n/a	n/a	n/a	n/a	n/a	n/a	n/a	n/a	n/a	n/a	108.445242	n/a
108.461709	0.000000	21692	ttl	11	70	n/a	n/a	n/a	n/a	n/a	n/a	n/a	n/a	n/a	n/a	n/a	n/a	n/a	n/a	n/a	n/a	n/a	n/a	n/a	n/a	n/a	108.461709	n/a
109.435337	8.229759	21887	encoding	n/a	n/a	NB_26.mp4	70.0	113.43533749999999	n/a	n/a	108.4617095	0	n/a	n/a	n/a	n/a	n/a	n/a	n/a	n/a	n/a	n/a	n/a	n/a	intervals/encoding_table	11	109.435337	117.665096
109.435337	0.000000	21887	ttl	1	70	n/a	n/a	n/a	n/a	n/a	n/a	n/a	n/a	n/a	n/a	n/a	n/a	n/a	n/a	n/a	n/a	n/a	n/a	n/a	n/a	n/a	109.435337	n/a
117.665096	0.000000	23533	ttl	2	70	n/a	n/a	n/a	n/a	n/a	n/a	n/a	n/a	n/a	n/a	n/a	n/a	n/a	n/a	n/a	n/a	n/a	n/a	n/a	n/a	n/a	117.665096	n/a
122.897988	0.000000	24580	ttl	11	70	n/a	n/a	n/a	n/a	n/a	n/a	n/a	n/a	n/a	n/a	n/a	n/a	n/a	n/a	n/a	n/a	n/a	n/a	n/a	n/a	n/a	122.897988	n/a
123.832896	8.433394	24767	encoding	n/a	n/a	SB_25.mp4	70.0	126.190366	127.38462949999999	n/a	122.89798775	1	n/a	n/a	n/a	n/a	n/a	n/a	n/a	n/a	n/a	n/a	n/a	n/a	intervals/encoding_table	12	123.832896	132.266289
123.832896	0.000000	24767	ttl	1	70	n/a	n/a	n/a	n/a	n/a	n/a	n/a	n/a	n/a	n/a	n/a	n/a	n/a	n/a	n/a	n/a	n/a	n/a	n/a	n/a	n/a	123.832896	n/a
132.266289	0.000000	26453	ttl	2	70	n/a	n/a	n/a	n/a	n/a	n/a	n/a	n/a	n/a	n/a	n/a	n/a	n/a	n/a	n/a	n/a	n/a	n/a	n/a	n/a	n/a	132.266289	n/a
132.282695	0.000000	26457	ttl	11	70	n/a	n/a	n/a	n/a	n/a	n/a	n/a	n/a	n/a	n/a	n/a	n/a	n/a	n/a	n/a	n/a	n/a	n/a	n/a	n/a	n/a	132.282695	n/a
133.337651	8.065747	26668	encoding	n/a	n/a	HB_15.mp4	70.0	137.33765125	136.5649095	139.602283	132.28269525	2	n/a	n/a	n/a	n/a	n/a	n/a	n/a	n/a	n/a	n/a	n/a	n/a	intervals/encoding_table	13	133.337651	141.403398
133.337651	0.000000	26668	ttl	1	70	n/a	n/a	n/a	n/a	n/a	n/a	n/a	n/a	n/a	n/a	n/a	n/a	n/a	n/a	n/a	n/a	n/a	n/a	n/a	n/a	n/a	133.337651	n/a
141.403398	0.000000	28281	ttl	2	70	n/a	n/a	n/a	n/a	n/a	n/a	n/a	n/a	n/a	n/a	n/a	n/a	n/a	n/a	n/a	n/a	n/a	n/a	n/a	n/a	n/a	141.403398	n/a
141.419832	0.000000	28284	ttl	11	70	n/a	n/a	n/a	n/a	n/a	n/a	n/a	n/a	n/a	n/a	n/a	n/a	n/a	n/a	n/a	n/a	n/a	n/a	n/a	n/a	n/a	141.419832	n/a
142.385838	8.145237	28477	encoding	n/a	n/a	SB_14.mp4	70.0	145.81271625	n/a	n/a	141.41983175	1	n/a	n/a	n/a	n/a	n/a	n/a	n/a	n/a	n/a	n/a	n/a	n/a	intervals/encoding_table	14	142.385838	150.531075
142.385838	0.000000	28477	ttl	1	70	n/a	n/a	n/a	n/a	n/a	n/a	n/a	n/a	n/a	n/a	n/a	n/a	n/a	n/a	n/a	n/a	n/a	n/a	n/a	n/a	n/a	142.385838	n/a
150.531075	0.000000	30106	ttl	2	70	n/a	n/a	n/a	n/a	n/a	n/a	n/a	n/a	n/a	n/a	n/a	n/a	n/a	n/a	n/a	n/a	n/a	n/a	n/a	n/a	n/a	150.531075	n/a
150.547408	0.000000	30109	ttl	11	70	n/a	n/a	n/a	n/a	n/a	n/a	n/a	n/a	n/a	n/a	n/a	n/a	n/a	n/a	n/a	n/a	n/a	n/a	n/a	n/a	n/a	150.547408	n/a
151.510564	7.966479	30302	encoding	n/a	n/a	SB_7.mp4	70.0	153.903055	n/a	n/a	150.547408	1	n/a	n/a	n/a	n/a	n/a	n/a	n/a	n/a	n/a	n/a	n/a	n/a	intervals/encoding_table	15	151.510564	159.477043
151.510564	0.000000	30302	ttl	1	70	n/a	n/a	n/a	n/a	n/a	n/a	n/a	n/a	n/a	n/a	n/a	n/a	n/a	n/a	n/a	n/a	n/a	n/a	n/a	n/a	n/a	151.510564	n/a
159.477043	0.000000	31895	ttl	2	70	n/a	n/a	n/a	n/a	n/a	n/a	n/a	n/a	n/a	n/a	n/a	n/a	n/a	n/a	n/a	n/a	n/a	n/a	n/a	n/a	n/a	159.477043	n/a
159.493508	0.000000	31899	ttl	11	70	n/a	n/a	n/a	n/a	n/a	n/a	n/a	n/a	n/a	n/a	n/a	n/a	n/a	n/a	n/a	n/a	n/a	n/a	n/a	n/a	n/a	159.493508	n/a
160.538425	8.050064	32108	encoding	n/a	n/a	HB_1.mp4	70.0	164.538425	162.09047525	n/a	159.49350775	2	n/a	n/a	n/a	n/a	n/a	n/a	n/a	n/a	n/a	n/a	n/a	n/a	intervals/encoding_table	16	160.538425	168.588489
160.538425	0.000000	32108	ttl	1	70	n/a	n/a	n/a	n/a	n/a	n/a	n/a	n/a	n/a	n/a	n/a	n/a	n/a	n/a	n/a	n/a	n/a	n/a	n/a	n/a	n/a	160.538425	n/a
168.588489	0.000000	33718	ttl	2	70	n/a	n/a	n/a	n/a	n/a	n/a	n/a	n/a	n/a	n/a	n/a	n/a	n/a	n/a	n/a	n/a	n/a	n/a	n/a	n/a	n/a	168.588489	n/a
168.604943	0.000000	33721	ttl	11	70	n/a	n/a	n/a	n/a	n/a	n/a	n/a	n/a	n/a	n/a	n/a	n/a	n/a	n/a	n/a	n/a	n/a	n/a	n/a	n/a	n/a	168.604943	n/a
169.621934	8.265986	33924	encoding	n/a	n/a	NB_21.mp4	70.0	173.62193424999998	n/a	n/a	168.60494325	0	n/a	n/a	n/a	n/a	n/a	n/a	n/a	n/a	n/a	n/a	n/a	n/a	intervals/encoding_table	17	169.621934	177.887920
169.621934	0.000000	33924	ttl	1	70	n/a	n/a	n/a	n/a	n/a	n/a	n/a	n/a	n/a	n/a	n/a	n/a	n/a	n/a	n/a	n/a	n/a	n/a	n/a	n/a	n/a	169.621934	n/a
177.887920	0.000000	35578	ttl	2	70	n/a	n/a	n/a	n/a	n/a	n/a	n/a	n/a	n/a	n/a	n/a	n/a	n/a	n/a	n/a	n/a	n/a	n/a	n/a	n/a	n/a	177.887920	n/a
181.670745	0.000000	36334	ttl	11	70	n/a	n/a	n/a	n/a	n/a	n/a	n/a	n/a	n/a	n/a	n/a	n/a	n/a	n/a	n/a	n/a	n/a	n/a	n/a	n/a	n/a	181.670745	n/a
182.726296	8.030431	36545	encoding	n/a	n/a	HB_17.mp4	70.0	186.72629575	n/a	n/a	181.67074474999998	2	n/a	n/a	n/a	n/a	n/a	n/a	n/a	n/a	n/a	n/a	n/a	n/a	intervals/encoding_table	18	182.726296	190.756727
182.726296	0.000000	36545	ttl	1	70	n/a	n/a	n/a	n/a	n/a	n/a	n/a	n/a	n/a	n/a	n/a	n/a	n/a	n/a	n/a	n/a	n/a	n/a	n/a	n/a	n/a	182.726296	n/a
190.756727	0.000000	38151	ttl	2	70	n/a	n/a	n/a	n/a	n/a	n/a	n/a	n/a	n/a	n/a	n/a	n/a	n/a	n/a	n/a	n/a	n/a	n/a	n/a	n/a	n/a	190.756727	n/a
190.773197	0.000000	38155	ttl	11	70	n/a	n/a	n/a	n/a	n/a	n/a	n/a	n/a	n/a	n/a	n/a	n/a	n/a	n/a	n/a	n/a	n/a	n/a	n/a	n/a	n/a	190.773197	n/a
191.745112	8.197239	38349	encoding	n/a	n/a	HB_19.mp4	70.0	195.74511199999998	n/a	n/a	190.77319674999998	2	n/a	n/a	n/a	n/a	n/a	n/a	n/a	n/a	n/a	n/a	n/a	n/a	intervals/encoding_table	19	191.745112	199.942351
191.745112	0.000000	38349	ttl	1	70	n/a	n/a	n/a	n/a	n/a	n/a	n/a	n/a	n/a	n/a	n/a	n/a	n/a	n/a	n/a	n/a	n/a	n/a	n/a	n/a	n/a	191.745112	n/a
199.942351	0.000000	39988	ttl	2	70	n/a	n/a	n/a	n/a	n/a	n/a	n/a	n/a	n/a	n/a	n/a	n/a	n/a	n/a	n/a	n/a	n/a	n/a	n/a	n/a	n/a	199.942351	n/a
199.958779	0.000000	39992	ttl	11	70	n/a	n/a	n/a	n/a	n/a	n/a	n/a	n/a	n/a	n/a	n/a	n/a	n/a	n/a	n/a	n/a	n/a	n/a	n/a	n/a	n/a	199.958779	n/a
200.895725	8.097790	40179	encoding	n/a	n/a	SB_10.mp4	70.0	206.72016825	n/a	n/a	199.958779	1	n/a	n/a	n/a	n/a	n/a	n/a	n/a	n/a	n/a	n/a	n/a	n/a	intervals/encoding_table	20	200.895725	208.993516
200.895725	0.000000	40179	ttl	1	70	n/a	n/a	n/a	n/a	n/a	n/a	n/a	n/a	n/a	n/a	n/a	n/a	n/a	n/a	n/a	n/a	n/a	n/a	n/a	n/a	n/a	200.895725	n/a
208.993516	0.000000	41799	ttl	2	70	n/a	n/a	n/a	n/a	n/a	n/a	n/a	n/a	n/a	n/a	n/a	n/a	n/a	n/a	n/a	n/a	n/a	n/a	n/a	n/a	n/a	208.993516	n/a
209.009975	0.000000	41802	ttl	11	70	n/a	n/a	n/a	n/a	n/a	n/a	n/a	n/a	n/a	n/a	n/a	n/a	n/a	n/a	n/a	n/a	n/a	n/a	n/a	n/a	n/a	209.009975	n/a
210.024713	7.113588	42005	encoding	n/a	n/a	NB_25.mp4	70.0	214.02471275	n/a	n/a	209.009975	0	n/a	n/a	n/a	n/a	n/a	n/a	n/a	n/a	n/a	n/a	n/a	n/a	intervals/encoding_table	21	210.024713	217.138301
210.024713	0.000000	42005	ttl	1	70	n/a	n/a	n/a	n/a	n/a	n/a	n/a	n/a	n/a	n/a	n/a	n/a	n/a	n/a	n/a	n/a	n/a	n/a	n/a	n/a	n/a	210.024713	n/a
217.138301	0.000000	43428	ttl	2	70	n/a	n/a	n/a	n/a	n/a	n/a	n/a	n/a	n/a	n/a	n/a	n/a	n/a	n/a	n/a	n/a	n/a	n/a	n/a	n/a	n/a	217.138301	n/a
217.154720	0.000000	43431	ttl	11	70	n/a	n/a	n/a	n/a	n/a	n/a	n/a	n/a	n/a	n/a	n/a	n/a	n/a	n/a	n/a	n/a	n/a	n/a	n/a	n/a	n/a	217.154720	n/a
218.151339	8.198643	43630	encoding	n/a	n/a	NB_13.mp4	70.0	222.15133949999998	n/a	n/a	217.1547205	0	n/a	n/a	n/a	n/a	n/a	n/a	n/a	n/a	n/a	n/a	n/a	n/a	intervals/encoding_table	22	218.151339	226.349982
218.151339	0.000000	43630	ttl	1	70	n/a	n/a	n/a	n/a	n/a	n/a	n/a	n/a	n/a	n/a	n/a	n/a	n/a	n/a	n/a	n/a	n/a	n/a	n/a	n/a	n/a	218.151339	n/a
226.349982	0.000000	45270	ttl	2	70	n/a	n/a	n/a	n/a	n/a	n/a	n/a	n/a	n/a	n/a	n/a	n/a	n/a	n/a	n/a	n/a	n/a	n/a	n/a	n/a	n/a	226.349982	n/a
238.732669	0.000000	47747	ttl	11	70	n/a	n/a	n/a	n/a	n/a	n/a	n/a	n/a	n/a	n/a	n/a	n/a	n/a	n/a	n/a	n/a	n/a	n/a	n/a	n/a	n/a	238.732669	n/a
239.716994	8.097941	47943	encoding	n/a	n/a	HB_25.mp4	70.0	243.7169945	n/a	n/a	238.732669	2	n/a	n/a	n/a	n/a	n/a	n/a	n/a	n/a	n/a	n/a	n/a	n/a	intervals/encoding_table	23	239.716994	247.814936
239.716994	0.000000	47943	ttl	1	70	n/a	n/a	n/a	n/a	n/a	n/a	n/a	n/a	n/a	n/a	n/a	n/a	n/a	n/a	n/a	n/a	n/a	n/a	n/a	n/a	n/a	239.716994	n/a
247.814936	0.000000	49563	ttl	2	70	n/a	n/a	n/a	n/a	n/a	n/a	n/a	n/a	n/a	n/a	n/a	n/a	n/a	n/a	n/a	n/a	n/a	n/a	n/a	n/a	n/a	247.814936	n/a
247.831447	0.000000	49566	ttl	11	70	n/a	n/a	n/a	n/a	n/a	n/a	n/a	n/a	n/a	n/a	n/a	n/a	n/a	n/a	n/a	n/a	n/a	n/a	n/a	n/a	n/a	247.831447	n/a
248.794912	8.064111	49759	encoding	n/a	n/a	SB_15.mp4	70.0	253.7963145	n/a	n/a	247.83144725	1	n/a	n/a	n/a	n/a	n/a	n/a	n/a	n/a	n/a	n/a	n/a	n/a	intervals/encoding_table	24	248.794912	256.859023
248.794912	0.000000	49759	ttl	1	70	n/a	n/a	n/a	n/a	n/a	n/a	n/a	n/a	n/a	n/a	n/a	n/a	n/a	n/a	n/a	n/a	n/a	n/a	n/a	n/a	n/a	248.794912	n/a
256.859023	0.000000	51372	ttl	2	70	n/a	n/a	n/a	n/a	n/a	n/a	n/a	n/a	n/a	n/a	n/a	n/a	n/a	n/a	n/a	n/a	n/a	n/a	n/a	n/a	n/a	256.859023	n/a
256.875548	0.000000	51375	ttl	11	70	n/a	n/a	n/a	n/a	n/a	n/a	n/a	n/a	n/a	n/a	n/a	n/a	n/a	n/a	n/a	n/a	n/a	n/a	n/a	n/a	n/a	256.875548	n/a
257.970062	7.998743	51594	encoding	n/a	n/a	NB_9.mp4	70.0	261.9700625	n/a	n/a	256.87554825	0	n/a	n/a	n/a	n/a	n/a	n/a	n/a	n/a	n/a	n/a	n/a	n/a	intervals/encoding_table	25	257.970062	265.968806
257.970062	0.000000	51594	ttl	1	70	n/a	n/a	n/a	n/a	n/a	n/a	n/a	n/a	n/a	n/a	n/a	n/a	n/a	n/a	n/a	n/a	n/a	n/a	n/a	n/a	n/a	257.970062	n/a
265.968806	0.000000	53194	ttl	2	70	n/a	n/a	n/a	n/a	n/a	n/a	n/a	n/a	n/a	n/a	n/a	n/a	n/a	n/a	n/a	n/a	n/a	n/a	n/a	n/a	n/a	265.968806	n/a
265.985184	0.000000	53197	ttl	11	70	n/a	n/a	n/a	n/a	n/a	n/a	n/a	n/a	n/a	n/a	n/a	n/a	n/a	n/a	n/a	n/a	n/a	n/a	n/a	n/a	n/a	265.985184	n/a
266.936828	7.166065	53387	encoding	n/a	n/a	NB_20.mp4	70.0	270.936828	n/a	n/a	265.9851835	0	n/a	n/a	n/a	n/a	n/a	n/a	n/a	n/a	n/a	n/a	n/a	n/a	intervals/encoding_table	26	266.936828	274.102893
266.936828	0.000000	53387	ttl	1	70	n/a	n/a	n/a	n/a	n/a	n/a	n/a	n/a	n/a	n/a	n/a	n/a	n/a	n/a	n/a	n/a	n/a	n/a	n/a	n/a	n/a	266.936828	n/a
274.102893	0.000000	54821	ttl	2	70	n/a	n/a	n/a	n/a	n/a	n/a	n/a	n/a	n/a	n/a	n/a	n/a	n/a	n/a	n/a	n/a	n/a	n/a	n/a	n/a	n/a	274.102893	n/a
274.119287	0.000000	54824	ttl	11	70	n/a	n/a	n/a	n/a	n/a	n/a	n/a	n/a	n/a	n/a	n/a	n/a	n/a	n/a	n/a	n/a	n/a	n/a	n/a	n/a	n/a	274.119287	n/a
275.132706	8.197017	55027	encoding	n/a	n/a	NB_18.mp4	70.0	279.1327065	n/a	n/a	274.11928675	0	n/a	n/a	n/a	n/a	n/a	n/a	n/a	n/a	n/a	n/a	n/a	n/a	intervals/encoding_table	27	275.132706	283.329723
275.132706	0.000000	55027	ttl	1	70	n/a	n/a	n/a	n/a	n/a	n/a	n/a	n/a	n/a	n/a	n/a	n/a	n/a	n/a	n/a	n/a	n/a	n/a	n/a	n/a	n/a	275.132706	n/a
283.329723	0.000000	56666	ttl	2	70	n/a	n/a	n/a	n/a	n/a	n/a	n/a	n/a	n/a	n/a	n/a	n/a	n/a	n/a	n/a	n/a	n/a	n/a	n/a	n/a	n/a	283.329723	n/a
283.346166	0.000000	56669	ttl	11	70	n/a	n/a	n/a	n/a	n/a	n/a	n/a	n/a	n/a	n/a	n/a	n/a	n/a	n/a	n/a	n/a	n/a	n/a	n/a	n/a	n/a	283.346166	n/a
284.316579	8.966253	56863	encoding	n/a	n/a	HB_7.mp4	70.0	288.316579	287.715939	290.39018675	283.34616575	2	n/a	n/a	n/a	n/a	n/a	n/a	n/a	n/a	n/a	n/a	n/a	n/a	intervals/encoding_table	28	284.316579	293.282832
284.316579	0.000000	56863	ttl	1	70	n/a	n/a	n/a	n/a	n/a	n/a	n/a	n/a	n/a	n/a	n/a	n/a	n/a	n/a	n/a	n/a	n/a	n/a	n/a	n/a	n/a	284.316579	n/a
293.282832	0.000000	58657	ttl	2	70	n/a	n/a	n/a	n/a	n/a	n/a	n/a	n/a	n/a	n/a	n/a	n/a	n/a	n/a	n/a	n/a	n/a	n/a	n/a	n/a	n/a	293.282832	n/a
293.299202	0.000000	58660	ttl	11	70	n/a	n/a	n/a	n/a	n/a	n/a	n/a	n/a	n/a	n/a	n/a	n/a	n/a	n/a	n/a	n/a	n/a	n/a	n/a	n/a	n/a	293.299202	n/a
294.261608	7.930957	58852	encoding	n/a	n/a	NB_16.mp4	70.0	298.26160849999997	n/a	n/a	293.2992025	0	n/a	n/a	n/a	n/a	n/a	n/a	n/a	n/a	n/a	n/a	n/a	n/a	intervals/encoding_table	29	294.261608	302.192566
294.261608	0.000000	58852	ttl	1	70	n/a	n/a	n/a	n/a	n/a	n/a	n/a	n/a	n/a	n/a	n/a	n/a	n/a	n/a	n/a	n/a	n/a	n/a	n/a	n/a	n/a	294.261608	n/a
302.192566	0.000000	60439	ttl	2	70	n/a	n/a	n/a	n/a	n/a	n/a	n/a	n/a	n/a	n/a	n/a	n/a	n/a	n/a	n/a	n/a	n/a	n/a	n/a	n/a	n/a	302.192566	n/a
305.692117	0.000000	61138	ttl	11	70	n/a	n/a	n/a	n/a	n/a	n/a	n/a	n/a	n/a	n/a	n/a	n/a	n/a	n/a	n/a	n/a	n/a	n/a	n/a	n/a	n/a	305.692117	n/a
306.593997	8.064697	61319	encoding	n/a	n/a	HB_18.mp4	70.0	310.59399675	n/a	n/a	305.69211724999997	2	n/a	n/a	n/a	n/a	n/a	n/a	n/a	n/a	n/a	n/a	n/a	n/a	intervals/encoding_table	30	306.593997	314.658693
306.593997	0.000000	61319	ttl	1	70	n/a	n/a	n/a	n/a	n/a	n/a	n/a	n/a	n/a	n/a	n/a	n/a	n/a	n/a	n/a	n/a	n/a	n/a	n/a	n/a	n/a	306.593997	n/a
314.658693	0.000000	62932	ttl	2	70	n/a	n/a	n/a	n/a	n/a	n/a	n/a	n/a	n/a	n/a	n/a	n/a	n/a	n/a	n/a	n/a	n/a	n/a	n/a	n/a	n/a	314.658693	n/a
314.675051	0.000000	62935	ttl	11	70	n/a	n/a	n/a	n/a	n/a	n/a	n/a	n/a	n/a	n/a	n/a	n/a	n/a	n/a	n/a	n/a	n/a	n/a	n/a	n/a	n/a	314.675051	n/a
315.708677	7.764466	63142	encoding	n/a	n/a	NB_23.mp4	70.0	319.70867675	n/a	n/a	314.67505124999997	0	n/a	n/a	n/a	n/a	n/a	n/a	n/a	n/a	n/a	n/a	n/a	n/a	intervals/encoding_table	31	315.708677	323.473143
315.708677	0.000000	63142	ttl	1	70	n/a	n/a	n/a	n/a	n/a	n/a	n/a	n/a	n/a	n/a	n/a	n/a	n/a	n/a	n/a	n/a	n/a	n/a	n/a	n/a	n/a	315.708677	n/a
323.473143	0.000000	64695	ttl	2	70	n/a	n/a	n/a	n/a	n/a	n/a	n/a	n/a	n/a	n/a	n/a	n/a	n/a	n/a	n/a	n/a	n/a	n/a	n/a	n/a	n/a	323.473143	n/a
323.489621	0.000000	64698	ttl	11	70	n/a	n/a	n/a	n/a	n/a	n/a	n/a	n/a	n/a	n/a	n/a	n/a	n/a	n/a	n/a	n/a	n/a	n/a	n/a	n/a	n/a	323.489621	n/a
324.566758	7.983272	64913	encoding	n/a	n/a	NB_11.mp4	70.0	328.56675824999996	n/a	n/a	323.48962075	0	n/a	n/a	n/a	n/a	n/a	n/a	n/a	n/a	n/a	n/a	n/a	n/a	intervals/encoding_table	32	324.566758	332.550030
324.566758	0.000000	64913	ttl	1	70	n/a	n/a	n/a	n/a	n/a	n/a	n/a	n/a	n/a	n/a	n/a	n/a	n/a	n/a	n/a	n/a	n/a	n/a	n/a	n/a	n/a	324.566758	n/a
332.550030	0.000000	66510	ttl	2	70	n/a	n/a	n/a	n/a	n/a	n/a	n/a	n/a	n/a	n/a	n/a	n/a	n/a	n/a	n/a	n/a	n/a	n/a	n/a	n/a	n/a	332.550030	n/a
332.566495	0.000000	66513	ttl	11	70	n/a	n/a	n/a	n/a	n/a	n/a	n/a	n/a	n/a	n/a	n/a	n/a	n/a	n/a	n/a	n/a	n/a	n/a	n/a	n/a	n/a	332.566495	n/a
333.550758	8.066316	66710	encoding	n/a	n/a	HB_20.mp4	70.0	337.5507585	n/a	n/a	332.566495	2	n/a	n/a	n/a	n/a	n/a	n/a	n/a	n/a	n/a	n/a	n/a	n/a	intervals/encoding_table	33	333.550758	341.617075
333.550758	0.000000	66710	ttl	1	70	n/a	n/a	n/a	n/a	n/a	n/a	n/a	n/a	n/a	n/a	n/a	n/a	n/a	n/a	n/a	n/a	n/a	n/a	n/a	n/a	n/a	333.550758	n/a
341.617075	0.000000	68323	ttl	2	70	n/a	n/a	n/a	n/a	n/a	n/a	n/a	n/a	n/a	n/a	n/a	n/a	n/a	n/a	n/a	n/a	n/a	n/a	n/a	n/a	n/a	341.617075	n/a
341.633496	0.000000	68327	ttl	11	70	n/a	n/a	n/a	n/a	n/a	n/a	n/a	n/a	n/a	n/a	n/a	n/a	n/a	n/a	n/a	n/a	n/a	n/a	n/a	n/a	n/a	341.633496	n/a
342.705212	7.895964	68541	encoding	n/a	n/a	HB_30.mp4	70.0	346.70521249999996	n/a	n/a	341.6334965	2	n/a	n/a	n/a	n/a	n/a	n/a	n/a	n/a	n/a	n/a	n/a	n/a	intervals/encoding_table	34	342.705212	350.601177
342.705212	0.000000	68541	ttl	1	70	n/a	n/a	n/a	n/a	n/a	n/a	n/a	n/a	n/a	n/a	n/a	n/a	n/a	n/a	n/a	n/a	n/a	n/a	n/a	n/a	n/a	342.705212	n/a
350.601177	0.000000	70120	ttl	2	70	n/a	n/a	n/a	n/a	n/a	n/a	n/a	n/a	n/a	n/a	n/a	n/a	n/a	n/a	n/a	n/a	n/a	n/a	n/a	n/a	n/a	350.601177	n/a
350.617639	0.000000	70124	ttl	11	70	n/a	n/a	n/a	n/a	n/a	n/a	n/a	n/a	n/a	n/a	n/a	n/a	n/a	n/a	n/a	n/a	n/a	n/a	n/a	n/a	n/a	350.617639	n/a
351.707237	8.026347	70341	encoding	n/a	n/a	HB_4.mp4	70.0	355.70723749999996	357.78854325	n/a	350.617639	2	n/a	n/a	n/a	n/a	n/a	n/a	n/a	n/a	n/a	n/a	n/a	n/a	intervals/encoding_table	35	351.707237	359.733585
351.707237	0.000000	70341	ttl	1	70	n/a	n/a	n/a	n/a	n/a	n/a	n/a	n/a	n/a	n/a	n/a	n/a	n/a	n/a	n/a	n/a	n/a	n/a	n/a	n/a	n/a	351.707237	n/a
359.733585	0.000000	71947	ttl	2	70	n/a	n/a	n/a	n/a	n/a	n/a	n/a	n/a	n/a	n/a	n/a	n/a	n/a	n/a	n/a	n/a	n/a	n/a	n/a	n/a	n/a	359.733585	n/a
369.983216	0.000000	73997	ttl	11	70	n/a	n/a	n/a	n/a	n/a	n/a	n/a	n/a	n/a	n/a	n/a	n/a	n/a	n/a	n/a	n/a	n/a	n/a	n/a	n/a	n/a	369.983216	n/a
370.958438	8.028683	74192	encoding	n/a	n/a	HB_28.mp4	70.0	374.95843775	n/a	n/a	369.98321625	2	n/a	n/a	n/a	n/a	n/a	n/a	n/a	n/a	n/a	n/a	n/a	n/a	intervals/encoding_table	36	370.958438	378.987121
370.958438	0.000000	74192	ttl	1	70	n/a	n/a	n/a	n/a	n/a	n/a	n/a	n/a	n/a	n/a	n/a	n/a	n/a	n/a	n/a	n/a	n/a	n/a	n/a	n/a	n/a	370.958438	n/a
378.987121	0.000000	75797	ttl	2	70	n/a	n/a	n/a	n/a	n/a	n/a	n/a	n/a	n/a	n/a	n/a	n/a	n/a	n/a	n/a	n/a	n/a	n/a	n/a	n/a	n/a	378.987121	n/a
379.003487	0.000000	75801	ttl	11	70	n/a	n/a	n/a	n/a	n/a	n/a	n/a	n/a	n/a	n/a	n/a	n/a	n/a	n/a	n/a	n/a	n/a	n/a	n/a	n/a	n/a	379.003487	n/a
379.944145	8.197424	75989	encoding	n/a	n/a	SB_6.mp4	70.0	381.43184725	n/a	n/a	379.0034865	1	n/a	n/a	n/a	n/a	n/a	n/a	n/a	n/a	n/a	n/a	n/a	n/a	intervals/encoding_table	37	379.944145	388.141569
379.944145	0.000000	75989	ttl	1	70	n/a	n/a	n/a	n/a	n/a	n/a	n/a	n/a	n/a	n/a	n/a	n/a	n/a	n/a	n/a	n/a	n/a	n/a	n/a	n/a	n/a	379.944145	n/a
388.141569	0.000000	77628	ttl	2	70	n/a	n/a	n/a	n/a	n/a	n/a	n/a	n/a	n/a	n/a	n/a	n/a	n/a	n/a	n/a	n/a	n/a	n/a	n/a	n/a	n/a	388.141569	n/a
388.158063	0.000000	77632	ttl	11	70	n/a	n/a	n/a	n/a	n/a	n/a	n/a	n/a	n/a	n/a	n/a	n/a	n/a	n/a	n/a	n/a	n/a	n/a	n/a	n/a	n/a	388.158063	n/a
389.093897	6.871070	77819	encoding	n/a	n/a	NB_4.mp4	70.0	393.09389725	n/a	n/a	388.15806349999997	0	n/a	n/a	n/a	n/a	n/a	n/a	n/a	n/a	n/a	n/a	n/a	n/a	intervals/encoding_table	38	389.093897	395.964968
389.093897	0.000000	77819	ttl	1	70	n/a	n/a	n/a	n/a	n/a	n/a	n/a	n/a	n/a	n/a	n/a	n/a	n/a	n/a	n/a	n/a	n/a	n/a	n/a	n/a	n/a	389.093897	n/a
395.964968	0.000000	79193	ttl	2	70	n/a	n/a	n/a	n/a	n/a	n/a	n/a	n/a	n/a	n/a	n/a	n/a	n/a	n/a	n/a	n/a	n/a	n/a	n/a	n/a	n/a	395.964968	n/a
395.981466	0.000000	79196	ttl	11	70	n/a	n/a	n/a	n/a	n/a	n/a	n/a	n/a	n/a	n/a	n/a	n/a	n/a	n/a	n/a	n/a	n/a	n/a	n/a	n/a	n/a	395.981466	n/a
396.942725	8.032867	79389	encoding	n/a	n/a	NB_24.mp4	70.0	400.94272474999997	n/a	n/a	395.98146575	0	n/a	n/a	n/a	n/a	n/a	n/a	n/a	n/a	n/a	n/a	n/a	n/a	intervals/encoding_table	39	396.942725	404.975592
396.942725	0.000000	79389	ttl	1	70	n/a	n/a	n/a	n/a	n/a	n/a	n/a	n/a	n/a	n/a	n/a	n/a	n/a	n/a	n/a	n/a	n/a	n/a	n/a	n/a	n/a	396.942725	n/a
404.975592	0.000000	80995	ttl	2	70	n/a	n/a	n/a	n/a	n/a	n/a	n/a	n/a	n/a	n/a	n/a	n/a	n/a	n/a	n/a	n/a	n/a	n/a	n/a	n/a	n/a	404.975592	n/a
404.977960	0.000000	80996	ttl	11	70	n/a	n/a	n/a	n/a	n/a	n/a	n/a	n/a	n/a	n/a	n/a	n/a	n/a	n/a	n/a	n/a	n/a	n/a	n/a	n/a	n/a	404.977960	n/a
406.048022	7.932586	81210	encoding	n/a	n/a	SB_9.mp4	70.0	411.8355565	n/a	n/a	404.97796	1	n/a	n/a	n/a	n/a	n/a	n/a	n/a	n/a	n/a	n/a	n/a	n/a	intervals/encoding_table	40	406.048022	413.980608
406.048022	0.000000	81210	ttl	1	70	n/a	n/a	n/a	n/a	n/a	n/a	n/a	n/a	n/a	n/a	n/a	n/a	n/a	n/a	n/a	n/a	n/a	n/a	n/a	n/a	n/a	406.048022	n/a
413.980608	0.000000	82796	ttl	2	70	n/a	n/a	n/a	n/a	n/a	n/a	n/a	n/a	n/a	n/a	n/a	n/a	n/a	n/a	n/a	n/a	n/a	n/a	n/a	n/a	n/a	413.980608	n/a
416.662801	0.000000	83333	ttl	11	70	n/a	n/a	n/a	n/a	n/a	n/a	n/a	n/a	n/a	n/a	n/a	n/a	n/a	n/a	n/a	n/a	n/a	n/a	n/a	n/a	n/a	416.662801	n/a
417.667921	7.863858	83534	encoding	n/a	n/a	SB_4.mp4	70.0	423.2348005	n/a	n/a	416.66280075	1	n/a	n/a	n/a	n/a	n/a	n/a	n/a	n/a	n/a	n/a	n/a	n/a	intervals/encoding_table	41	417.667921	425.531779
417.667921	0.000000	83534	ttl	1	70	n/a	n/a	n/a	n/a	n/a	n/a	n/a	n/a	n/a	n/a	n/a	n/a	n/a	n/a	n/a	n/a	n/a	n/a	n/a	n/a	n/a	417.667921	n/a
425.531779	0.000000	85106	ttl	2	70	n/a	n/a	n/a	n/a	n/a	n/a	n/a	n/a	n/a	n/a	n/a	n/a	n/a	n/a	n/a	n/a	n/a	n/a	n/a	n/a	n/a	425.531779	n/a
425.548573	0.000000	85110	ttl	11	70	n/a	n/a	n/a	n/a	n/a	n/a	n/a	n/a	n/a	n/a	n/a	n/a	n/a	n/a	n/a	n/a	n/a	n/a	n/a	n/a	n/a	425.548573	n/a
426.614261	8.263464	85323	encoding	n/a	n/a	NB_10.mp4	70.0	430.61426124999997	n/a	n/a	425.54857275	0	n/a	n/a	n/a	n/a	n/a	n/a	n/a	n/a	n/a	n/a	n/a	n/a	intervals/encoding_table	42	426.614261	434.877726
426.614261	0.000000	85323	ttl	1	70	n/a	n/a	n/a	n/a	n/a	n/a	n/a	n/a	n/a	n/a	n/a	n/a	n/a	n/a	n/a	n/a	n/a	n/a	n/a	n/a	n/a	426.614261	n/a
434.877726	0.000000	86976	ttl	2	70	n/a	n/a	n/a	n/a	n/a	n/a	n/a	n/a	n/a	n/a	n/a	n/a	n/a	n/a	n/a	n/a	n/a	n/a	n/a	n/a	n/a	434.877726	n/a
434.887735	0.000000	86978	ttl	11	70	n/a	n/a	n/a	n/a	n/a	n/a	n/a	n/a	n/a	n/a	n/a	n/a	n/a	n/a	n/a	n/a	n/a	n/a	n/a	n/a	n/a	434.887735	n/a
435.809110	8.033321	87162	encoding	n/a	n/a	HB_9.mp4	70.0	439.8091105	438.27227999999997	441.68375749999996	434.88773525	2	n/a	n/a	n/a	n/a	n/a	n/a	n/a	n/a	n/a	n/a	n/a	n/a	intervals/encoding_table	43	435.809110	443.842432
435.809110	0.000000	87162	ttl	1	70	n/a	n/a	n/a	n/a	n/a	n/a	n/a	n/a	n/a	n/a	n/a	n/a	n/a	n/a	n/a	n/a	n/a	n/a	n/a	n/a	n/a	435.809110	n/a
443.842432	0.000000	88768	ttl	2	70	n/a	n/a	n/a	n/a	n/a	n/a	n/a	n/a	n/a	n/a	n/a	n/a	n/a	n/a	n/a	n/a	n/a	n/a	n/a	n/a	n/a	443.842432	n/a
443.844762	0.000000	88769	ttl	11	70	n/a	n/a	n/a	n/a	n/a	n/a	n/a	n/a	n/a	n/a	n/a	n/a	n/a	n/a	n/a	n/a	n/a	n/a	n/a	n/a	n/a	443.844762	n/a
444.868191	8.030660	88974	encoding	n/a	n/a	HB_8.mp4	70.0	448.86819075	446.719155	450.737503	443.84476225	2	n/a	n/a	n/a	n/a	n/a	n/a	n/a	n/a	n/a	n/a	n/a	n/a	intervals/encoding_table	44	444.868191	452.898851
444.868191	0.000000	88974	ttl	1	70	n/a	n/a	n/a	n/a	n/a	n/a	n/a	n/a	n/a	n/a	n/a	n/a	n/a	n/a	n/a	n/a	n/a	n/a	n/a	n/a	n/a	444.868191	n/a
452.898851	0.000000	90580	ttl	2	70	n/a	n/a	n/a	n/a	n/a	n/a	n/a	n/a	n/a	n/a	n/a	n/a	n/a	n/a	n/a	n/a	n/a	n/a	n/a	n/a	n/a	452.898851	n/a
452.902998	0.000000	90581	ttl	11	70	n/a	n/a	n/a	n/a	n/a	n/a	n/a	n/a	n/a	n/a	n/a	n/a	n/a	n/a	n/a	n/a	n/a	n/a	n/a	n/a	n/a	452.902998	n/a
453.916363	8.032343	90783	encoding	n/a	n/a	SB_17.mp4	70.0	455.759886	458.246151	n/a	452.90299825	1	n/a	n/a	n/a	n/a	n/a	n/a	n/a	n/a	n/a	n/a	n/a	n/a	intervals/encoding_table	45	453.916363	461.948706
453.916363	0.000000	90783	ttl	1	70	n/a	n/a	n/a	n/a	n/a	n/a	n/a	n/a	n/a	n/a	n/a	n/a	n/a	n/a	n/a	n/a	n/a	n/a	n/a	n/a	n/a	453.916363	n/a
461.948706	0.000000	92390	ttl	2	70	n/a	n/a	n/a	n/a	n/a	n/a	n/a	n/a	n/a	n/a	n/a	n/a	n/a	n/a	n/a	n/a	n/a	n/a	n/a	n/a	n/a	461.948706	n/a
465.401917	0.000000	93080	ttl	11	70	n/a	n/a	n/a	n/a	n/a	n/a	n/a	n/a	n/a	n/a	n/a	n/a	n/a	n/a	n/a	n/a	n/a	n/a	n/a	n/a	n/a	465.401917	n/a
466.354105	7.796445	93271	encoding	n/a	n/a	HB_6.mp4	70.0	470.3541045	468.60001474999996	472.63375025	465.40191725	2	n/a	n/a	n/a	n/a	n/a	n/a	n/a	n/a	n/a	n/a	n/a	n/a	intervals/encoding_table	46	466.354105	474.150550
466.354105	0.000000	93271	ttl	1	70	n/a	n/a	n/a	n/a	n/a	n/a	n/a	n/a	n/a	n/a	n/a	n/a	n/a	n/a	n/a	n/a	n/a	n/a	n/a	n/a	n/a	466.354105	n/a
474.150550	0.000000	94830	ttl	2	70	n/a	n/a	n/a	n/a	n/a	n/a	n/a	n/a	n/a	n/a	n/a	n/a	n/a	n/a	n/a	n/a	n/a	n/a	n/a	n/a	n/a	474.150550	n/a
474.164550	0.000000	94833	ttl	11	70	n/a	n/a	n/a	n/a	n/a	n/a	n/a	n/a	n/a	n/a	n/a	n/a	n/a	n/a	n/a	n/a	n/a	n/a	n/a	n/a	n/a	474.164550	n/a
475.065012	8.333005	95013	encoding	n/a	n/a	SB_11.mp4	70.0	476.8530775	n/a	n/a	474.16455049999996	1	n/a	n/a	n/a	n/a	n/a	n/a	n/a	n/a	n/a	n/a	n/a	n/a	intervals/encoding_table	47	475.065012	483.398016
475.065012	0.000000	95013	ttl	1	70	n/a	n/a	n/a	n/a	n/a	n/a	n/a	n/a	n/a	n/a	n/a	n/a	n/a	n/a	n/a	n/a	n/a	n/a	n/a	n/a	n/a	475.065012	n/a
483.398016	0.000000	96680	ttl	2	70	n/a	n/a	n/a	n/a	n/a	n/a	n/a	n/a	n/a	n/a	n/a	n/a	n/a	n/a	n/a	n/a	n/a	n/a	n/a	n/a	n/a	483.398016	n/a
483.408347	0.000000	96682	ttl	11	70	n/a	n/a	n/a	n/a	n/a	n/a	n/a	n/a	n/a	n/a	n/a	n/a	n/a	n/a	n/a	n/a	n/a	n/a	n/a	n/a	n/a	483.408347	n/a
484.365798	8.034264	96873	encoding	n/a	n/a	SB_13.mp4	70.0	490.15163275	n/a	n/a	483.408347	1	n/a	n/a	n/a	n/a	n/a	n/a	n/a	n/a	n/a	n/a	n/a	n/a	intervals/encoding_table	48	484.365798	492.400062
484.365798	0.000000	96873	ttl	1	70	n/a	n/a	n/a	n/a	n/a	n/a	n/a	n/a	n/a	n/a	n/a	n/a	n/a	n/a	n/a	n/a	n/a	n/a	n/a	n/a	n/a	484.365798	n/a
492.400062	0.000000	98480	ttl	2	70	n/a	n/a	n/a	n/a	n/a	n/a	n/a	n/a	n/a	n/a	n/a	n/a	n/a	n/a	n/a	n/a	n/a	n/a	n/a	n/a	n/a	492.400062	n/a
492.414185	0.000000	98483	ttl	11	70	n/a	n/a	n/a	n/a	n/a	n/a	n/a	n/a	n/a	n/a	n/a	n/a	n/a	n/a	n/a	n/a	n/a	n/a	n/a	n/a	n/a	492.414185	n/a
493.478439	8.062029	98696	encoding	n/a	n/a	SB_12.mp4	70.0	499.33140325	n/a	n/a	492.41418525	1	n/a	n/a	n/a	n/a	n/a	n/a	n/a	n/a	n/a	n/a	n/a	n/a	intervals/encoding_table	49	493.478439	501.540468
493.478439	0.000000	98696	ttl	1	70	n/a	n/a	n/a	n/a	n/a	n/a	n/a	n/a	n/a	n/a	n/a	n/a	n/a	n/a	n/a	n/a	n/a	n/a	n/a	n/a	n/a	493.478439	n/a
501.540468	0.000000	100308	ttl	2	70	n/a	n/a	n/a	n/a	n/a	n/a	n/a	n/a	n/a	n/a	n/a	n/a	n/a	n/a	n/a	n/a	n/a	n/a	n/a	n/a	n/a	501.540468	n/a
501.556916	0.000000	100311	ttl	11	70	n/a	n/a	n/a	n/a	n/a	n/a	n/a	n/a	n/a	n/a	n/a	n/a	n/a	n/a	n/a	n/a	n/a	n/a	n/a	n/a	n/a	501.556916	n/a
502.635939	8.332490	100527	encoding	n/a	n/a	HB_26.mp4	70.0	506.63593925	n/a	n/a	501.556916	2	n/a	n/a	n/a	n/a	n/a	n/a	n/a	n/a	n/a	n/a	n/a	n/a	intervals/encoding_table	50	502.635939	510.968429
502.635939	0.000000	100527	ttl	1	70	n/a	n/a	n/a	n/a	n/a	n/a	n/a	n/a	n/a	n/a	n/a	n/a	n/a	n/a	n/a	n/a	n/a	n/a	n/a	n/a	n/a	502.635939	n/a
510.968429	0.000000	102194	ttl	2	70	n/a	n/a	n/a	n/a	n/a	n/a	n/a	n/a	n/a	n/a	n/a	n/a	n/a	n/a	n/a	n/a	n/a	n/a	n/a	n/a	n/a	510.968429	n/a
510.980814	0.000000	102196	ttl	11	70	n/a	n/a	n/a	n/a	n/a	n/a	n/a	n/a	n/a	n/a	n/a	n/a	n/a	n/a	n/a	n/a	n/a	n/a	n/a	n/a	n/a	510.980814	n/a
512.079975	7.998689	102416	encoding	n/a	n/a	SB_24.mp4	70.0	514.94796175	516.0403044999999	n/a	510.98081375	1	n/a	n/a	n/a	n/a	n/a	n/a	n/a	n/a	n/a	n/a	n/a	n/a	intervals/encoding_table	51	512.079975	520.078664
512.079975	0.000000	102416	ttl	1	70	n/a	n/a	n/a	n/a	n/a	n/a	n/a	n/a	n/a	n/a	n/a	n/a	n/a	n/a	n/a	n/a	n/a	n/a	n/a	n/a	n/a	512.079975	n/a
520.078664	0.000000	104016	ttl	2	70	n/a	n/a	n/a	n/a	n/a	n/a	n/a	n/a	n/a	n/a	n/a	n/a	n/a	n/a	n/a	n/a	n/a	n/a	n/a	n/a	n/a	520.078664	n/a
520.081457	0.000000	104016	ttl	11	70	n/a	n/a	n/a	n/a	n/a	n/a	n/a	n/a	n/a	n/a	n/a	n/a	n/a	n/a	n/a	n/a	n/a	n/a	n/a	n/a	n/a	520.081457	n/a
520.983144	8.064875	104197	encoding	n/a	n/a	SB_21.mp4	70.0	523.294626	525.706718	n/a	520.081457	1	n/a	n/a	n/a	n/a	n/a	n/a	n/a	n/a	n/a	n/a	n/a	n/a	intervals/encoding_table	52	520.983144	529.048019
520.983144	0.000000	104197	ttl	1	70	n/a	n/a	n/a	n/a	n/a	n/a	n/a	n/a	n/a	n/a	n/a	n/a	n/a	n/a	n/a	n/a	n/a	n/a	n/a	n/a	n/a	520.983144	n/a
529.048019	0.000000	105810	ttl	2	70	n/a	n/a	n/a	n/a	n/a	n/a	n/a	n/a	n/a	n/a	n/a	n/a	n/a	n/a	n/a	n/a	n/a	n/a	n/a	n/a	n/a	529.048019	n/a
532.257828	0.000000	106452	ttl	11	70	n/a	n/a	n/a	n/a	n/a	n/a	n/a	n/a	n/a	n/a	n/a	n/a	n/a	n/a	n/a	n/a	n/a	n/a	n/a	n/a	n/a	532.257828	n/a
533.304396	7.997698	106661	encoding	n/a	n/a	NB_30.mp4	70.0	537.3043964999999	n/a	n/a	532.2578277499999	0	n/a	n/a	n/a	n/a	n/a	n/a	n/a	n/a	n/a	n/a	n/a	n/a	intervals/encoding_table	53	533.304396	541.302094
533.304396	0.000000	106661	ttl	1	70	n/a	n/a	n/a	n/a	n/a	n/a	n/a	n/a	n/a	n/a	n/a	n/a	n/a	n/a	n/a	n/a	n/a	n/a	n/a	n/a	n/a	533.304396	n/a
541.302094	0.000000	108260	ttl	2	70	n/a	n/a	n/a	n/a	n/a	n/a	n/a	n/a	n/a	n/a	n/a	n/a	n/a	n/a	n/a	n/a	n/a	n/a	n/a	n/a	n/a	541.302094	n/a
541.311056	0.000000	108262	ttl	11	70	n/a	n/a	n/a	n/a	n/a	n/a	n/a	n/a	n/a	n/a	n/a	n/a	n/a	n/a	n/a	n/a	n/a	n/a	n/a	n/a	n/a	541.311056	n/a
542.227980	7.832155	108446	encoding	n/a	n/a	HB_29.mp4	70.0	546.22797975	n/a	n/a	541.3110565	2	n/a	n/a	n/a	n/a	n/a	n/a	n/a	n/a	n/a	n/a	n/a	n/a	intervals/encoding_table	54	542.227980	550.060135
542.227980	0.000000	108446	ttl	1	70	n/a	n/a	n/a	n/a	n/a	n/a	n/a	n/a	n/a	n/a	n/a	n/a	n/a	n/a	n/a	n/a	n/a	n/a	n/a	n/a	n/a	542.227980	n/a
550.060135	0.000000	110012	ttl	2	70	n/a	n/a	n/a	n/a	n/a	n/a	n/a	n/a	n/a	n/a	n/a	n/a	n/a	n/a	n/a	n/a	n/a	n/a	n/a	n/a	n/a	550.060135	n/a
550.073125	0.000000	110015	ttl	11	70	n/a	n/a	n/a	n/a	n/a	n/a	n/a	n/a	n/a	n/a	n/a	n/a	n/a	n/a	n/a	n/a	n/a	n/a	n/a	n/a	n/a	550.073125	n/a
551.099795	7.933830	110220	encoding	n/a	n/a	SB_1.mp4	70.0	556.17341325	n/a	n/a	550.073125	1	n/a	n/a	n/a	n/a	n/a	n/a	n/a	n/a	n/a	n/a	n/a	n/a	intervals/encoding_table	55	551.099795	559.033625
551.099795	0.000000	110220	ttl	1	70	n/a	n/a	n/a	n/a	n/a	n/a	n/a	n/a	n/a	n/a	n/a	n/a	n/a	n/a	n/a	n/a	n/a	n/a	n/a	n/a	n/a	551.099795	n/a
559.033625	0.000000	111807	ttl	2	70	n/a	n/a	n/a	n/a	n/a	n/a	n/a	n/a	n/a	n/a	n/a	n/a	n/a	n/a	n/a	n/a	n/a	n/a	n/a	n/a	n/a	559.033625	n/a
559.045743	0.000000	111809	ttl	11	70	n/a	n/a	n/a	n/a	n/a	n/a	n/a	n/a	n/a	n/a	n/a	n/a	n/a	n/a	n/a	n/a	n/a	n/a	n/a	n/a	n/a	559.045743	n/a
560.106760	8.197553	112021	encoding	n/a	n/a	HB_10.mp4	70.0	564.10676025	561.66629	566.0355145	559.045743	2	n/a	n/a	n/a	n/a	n/a	n/a	n/a	n/a	n/a	n/a	n/a	n/a	intervals/encoding_table	56	560.106760	568.304313
560.106760	0.000000	112021	ttl	1	70	n/a	n/a	n/a	n/a	n/a	n/a	n/a	n/a	n/a	n/a	n/a	n/a	n/a	n/a	n/a	n/a	n/a	n/a	n/a	n/a	n/a	560.106760	n/a
568.304313	0.000000	113661	ttl	2	70	n/a	n/a	n/a	n/a	n/a	n/a	n/a	n/a	n/a	n/a	n/a	n/a	n/a	n/a	n/a	n/a	n/a	n/a	n/a	n/a	n/a	568.304313	n/a
568.308877	0.000000	113662	ttl	11	70	n/a	n/a	n/a	n/a	n/a	n/a	n/a	n/a	n/a	n/a	n/a	n/a	n/a	n/a	n/a	n/a	n/a	n/a	n/a	n/a	n/a	568.308877	n/a
569.374870	7.980225	113875	encoding	n/a	n/a	HB_5.mp4	70.0	573.37487	575.43436875	n/a	568.3088769999999	2	n/a	n/a	n/a	n/a	n/a	n/a	n/a	n/a	n/a	n/a	n/a	n/a	intervals/encoding_table	57	569.374870	577.355095
569.374870	0.000000	113875	ttl	1	70	n/a	n/a	n/a	n/a	n/a	n/a	n/a	n/a	n/a	n/a	n/a	n/a	n/a	n/a	n/a	n/a	n/a	n/a	n/a	n/a	n/a	569.374870	n/a
577.355095	0.000000	115471	ttl	2	70	n/a	n/a	n/a	n/a	n/a	n/a	n/a	n/a	n/a	n/a	n/a	n/a	n/a	n/a	n/a	n/a	n/a	n/a	n/a	n/a	n/a	577.355095	n/a
577.366444	0.000000	115473	ttl	11	70	n/a	n/a	n/a	n/a	n/a	n/a	n/a	n/a	n/a	n/a	n/a	n/a	n/a	n/a	n/a	n/a	n/a	n/a	n/a	n/a	n/a	577.366444	n/a
578.379889	7.965894	115676	encoding	n/a	n/a	SB_27.mp4	70.0	579.9221319999999	581.4944694999999	582.9400557499999	577.3664445	1	n/a	n/a	n/a	n/a	n/a	n/a	n/a	n/a	n/a	n/a	n/a	n/a	intervals/encoding_table	58	578.379889	586.345783
578.379889	0.000000	115676	ttl	1	70	n/a	n/a	n/a	n/a	n/a	n/a	n/a	n/a	n/a	n/a	n/a	n/a	n/a	n/a	n/a	n/a	n/a	n/a	n/a	n/a	n/a	578.379889	n/a
586.345783	0.000000	117269	ttl	2	70	n/a	n/a	n/a	n/a	n/a	n/a	n/a	n/a	n/a	n/a	n/a	n/a	n/a	n/a	n/a	n/a	n/a	n/a	n/a	n/a	n/a	586.345783	n/a
586.359621	0.000000	117272	ttl	11	70	n/a	n/a	n/a	n/a	n/a	n/a	n/a	n/a	n/a	n/a	n/a	n/a	n/a	n/a	n/a	n/a	n/a	n/a	n/a	n/a	n/a	586.359621	n/a
587.311629	8.664400	117462	encoding	n/a	n/a	SB_20.mp4	70.0	590.23061375	591.57298725	n/a	586.3596205	1	n/a	n/a	n/a	n/a	n/a	n/a	n/a	n/a	n/a	n/a	n/a	n/a	intervals/encoding_table	59	587.311629	595.976028
587.311629	0.000000	117462	ttl	1	70	n/a	n/a	n/a	n/a	n/a	n/a	n/a	n/a	n/a	n/a	n/a	n/a	n/a	n/a	n/a	n/a	n/a	n/a	n/a	n/a	n/a	587.311629	n/a
595.976028	0.000000	119195	ttl	2	70	n/a	n/a	n/a	n/a	n/a	n/a	n/a	n/a	n/a	n/a	n/a	n/a	n/a	n/a	n/a	n/a	n/a	n/a	n/a	n/a	n/a	595.976028	n/a
599.537436	0.000000	119907	ttl	11	70	n/a	n/a	n/a	n/a	n/a	n/a	n/a	n/a	n/a	n/a	n/a	n/a	n/a	n/a	n/a	n/a	n/a	n/a	n/a	n/a	n/a	599.537436	n/a
600.594343	7.596189	120119	encoding	n/a	n/a	SB_28.mp4	70.0	601.569992	603.7182672499999	605.36458025	599.5374362499999	1	n/a	n/a	n/a	n/a	n/a	n/a	n/a	n/a	n/a	n/a	n/a	n/a	intervals/encoding_table	60	600.594343	608.190532
600.594343	0.000000	120119	ttl	1	70	n/a	n/a	n/a	n/a	n/a	n/a	n/a	n/a	n/a	n/a	n/a	n/a	n/a	n/a	n/a	n/a	n/a	n/a	n/a	n/a	n/a	600.594343	n/a
608.190532	0.000000	121638	ttl	2	70	n/a	n/a	n/a	n/a	n/a	n/a	n/a	n/a	n/a	n/a	n/a	n/a	n/a	n/a	n/a	n/a	n/a	n/a	n/a	n/a	n/a	608.190532	n/a
608.199918	0.000000	121640	ttl	11	70	n/a	n/a	n/a	n/a	n/a	n/a	n/a	n/a	n/a	n/a	n/a	n/a	n/a	n/a	n/a	n/a	n/a	n/a	n/a	n/a	n/a	608.199918	n/a
609.133759	8.031266	121827	encoding	n/a	n/a	NB_1.mp4	70.0	613.13375925	n/a	n/a	608.19991825	0	n/a	n/a	n/a	n/a	n/a	n/a	n/a	n/a	n/a	n/a	n/a	n/a	intervals/encoding_table	61	609.133759	617.165025
609.133759	0.000000	121827	ttl	1	70	n/a	n/a	n/a	n/a	n/a	n/a	n/a	n/a	n/a	n/a	n/a	n/a	n/a	n/a	n/a	n/a	n/a	n/a	n/a	n/a	n/a	609.133759	n/a
617.165025	0.000000	123433	ttl	2	70	n/a	n/a	n/a	n/a	n/a	n/a	n/a	n/a	n/a	n/a	n/a	n/a	n/a	n/a	n/a	n/a	n/a	n/a	n/a	n/a	n/a	617.165025	n/a
617.173072	0.000000	123435	ttl	11	70	n/a	n/a	n/a	n/a	n/a	n/a	n/a	n/a	n/a	n/a	n/a	n/a	n/a	n/a	n/a	n/a	n/a	n/a	n/a	n/a	n/a	617.173072	n/a
618.127923	7.947296	123626	encoding	n/a	n/a	HB_2.mp4	70.0	622.1279235	620.48732875	n/a	617.1730719999999	2	n/a	n/a	n/a	n/a	n/a	n/a	n/a	n/a	n/a	n/a	n/a	n/a	intervals/encoding_table	62	618.127923	626.075220
618.127923	0.000000	123626	ttl	1	70	n/a	n/a	n/a	n/a	n/a	n/a	n/a	n/a	n/a	n/a	n/a	n/a	n/a	n/a	n/a	n/a	n/a	n/a	n/a	n/a	n/a	618.127923	n/a
626.075220	0.000000	125215	ttl	2	70	n/a	n/a	n/a	n/a	n/a	n/a	n/a	n/a	n/a	n/a	n/a	n/a	n/a	n/a	n/a	n/a	n/a	n/a	n/a	n/a	n/a	626.075220	n/a
626.088226	0.000000	125218	ttl	11	70	n/a	n/a	n/a	n/a	n/a	n/a	n/a	n/a	n/a	n/a	n/a	n/a	n/a	n/a	n/a	n/a	n/a	n/a	n/a	n/a	n/a	626.088226	n/a
626.989206	8.033507	125398	encoding	n/a	n/a	HB_12.mp4	70.0	630.989206	628.62694375	632.916347	626.0882255	2	n/a	n/a	n/a	n/a	n/a	n/a	n/a	n/a	n/a	n/a	n/a	n/a	intervals/encoding_table	63	626.989206	635.022713
626.989206	0.000000	125398	ttl	1	70	n/a	n/a	n/a	n/a	n/a	n/a	n/a	n/a	n/a	n/a	n/a	n/a	n/a	n/a	n/a	n/a	n/a	n/a	n/a	n/a	n/a	626.989206	n/a
635.022713	0.000000	127005	ttl	2	70	n/a	n/a	n/a	n/a	n/a	n/a	n/a	n/a	n/a	n/a	n/a	n/a	n/a	n/a	n/a	n/a	n/a	n/a	n/a	n/a	n/a	635.022713	n/a
635.028027	0.000000	127006	ttl	11	70	n/a	n/a	n/a	n/a	n/a	n/a	n/a	n/a	n/a	n/a	n/a	n/a	n/a	n/a	n/a	n/a	n/a	n/a	n/a	n/a	n/a	635.028027	n/a
636.007540	8.031005	127202	encoding	n/a	n/a	HB_21.mp4	70.0	640.0075395	n/a	n/a	635.0280272499999	2	n/a	n/a	n/a	n/a	n/a	n/a	n/a	n/a	n/a	n/a	n/a	n/a	intervals/encoding_table	64	636.007540	644.038545
636.007540	0.000000	127202	ttl	1	70	n/a	n/a	n/a	n/a	n/a	n/a	n/a	n/a	n/a	n/a	n/a	n/a	n/a	n/a	n/a	n/a	n/a	n/a	n/a	n/a	n/a	636.007540	n/a
644.038545	0.000000	128808	ttl	2	70	n/a	n/a	n/a	n/a	n/a	n/a	n/a	n/a	n/a	n/a	n/a	n/a	n/a	n/a	n/a	n/a	n/a	n/a	n/a	n/a	n/a	644.038545	n/a
652.838013	0.000000	130568	ttl	11	70	n/a	n/a	n/a	n/a	n/a	n/a	n/a	n/a	n/a	n/a	n/a	n/a	n/a	n/a	n/a	n/a	n/a	n/a	n/a	n/a	n/a	652.838013	n/a
653.743324	7.965874	130749	encoding	n/a	n/a	NB_8.mp4	70.0	657.74332375	n/a	n/a	652.8380135	0	n/a	n/a	n/a	n/a	n/a	n/a	n/a	n/a	n/a	n/a	n/a	n/a	intervals/encoding_table	65	653.743324	661.709198
653.743324	0.000000	130749	ttl	1	70	n/a	n/a	n/a	n/a	n/a	n/a	n/a	n/a	n/a	n/a	n/a	n/a	n/a	n/a	n/a	n/a	n/a	n/a	n/a	n/a	n/a	653.743324	n/a
661.709198	0.000000	132342	ttl	2	70	n/a	n/a	n/a	n/a	n/a	n/a	n/a	n/a	n/a	n/a	n/a	n/a	n/a	n/a	n/a	n/a	n/a	n/a	n/a	n/a	n/a	661.709198	n/a
661.712771	0.000000	132343	ttl	11	70	n/a	n/a	n/a	n/a	n/a	n/a	n/a	n/a	n/a	n/a	n/a	n/a	n/a	n/a	n/a	n/a	n/a	n/a	n/a	n/a	n/a	661.712771	n/a
662.783711	8.232361	132557	encoding	n/a	n/a	SB_29.mp4	70.0	664.7090442499999	666.90184425	668.6112089999999	661.7127714999999	1	n/a	n/a	n/a	n/a	n/a	n/a	n/a	n/a	n/a	n/a	n/a	n/a	intervals/encoding_table	66	662.783711	671.016073
662.783711	0.000000	132557	ttl	1	70	n/a	n/a	n/a	n/a	n/a	n/a	n/a	n/a	n/a	n/a	n/a	n/a	n/a	n/a	n/a	n/a	n/a	n/a	n/a	n/a	n/a	662.783711	n/a
671.016073	0.000000	134203	ttl	2	70	n/a	n/a	n/a	n/a	n/a	n/a	n/a	n/a	n/a	n/a	n/a	n/a	n/a	n/a	n/a	n/a	n/a	n/a	n/a	n/a	n/a	671.016073	n/a
671.018507	0.000000	134204	ttl	11	70	n/a	n/a	n/a	n/a	n/a	n/a	n/a	n/a	n/a	n/a	n/a	n/a	n/a	n/a	n/a	n/a	n/a	n/a	n/a	n/a	n/a	671.018507	n/a
671.959486	8.265128	134392	encoding	n/a	n/a	HB_27.mp4	70.0	675.95948575	n/a	n/a	671.0185074999999	2	n/a	n/a	n/a	n/a	n/a	n/a	n/a	n/a	n/a	n/a	n/a	n/a	intervals/encoding_table	67	671.959486	680.224614
671.959486	0.000000	134392	ttl	1	70	n/a	n/a	n/a	n/a	n/a	n/a	n/a	n/a	n/a	n/a	n/a	n/a	n/a	n/a	n/a	n/a	n/a	n/a	n/a	n/a	n/a	671.959486	n/a
680.224614	0.000000	136045	ttl	2	70	n/a	n/a	n/a	n/a	n/a	n/a	n/a	n/a	n/a	n/a	n/a	n/a	n/a	n/a	n/a	n/a	n/a	n/a	n/a	n/a	n/a	680.224614	n/a
680.234910	0.000000	136047	ttl	11	70	n/a	n/a	n/a	n/a	n/a	n/a	n/a	n/a	n/a	n/a	n/a	n/a	n/a	n/a	n/a	n/a	n/a	n/a	n/a	n/a	n/a	680.234910	n/a
681.306981	8.031819	136261	encoding	n/a	n/a	HB_11.mp4	70.0	685.30698075	684.1851485	687.5273394999999	680.2349105	2	n/a	n/a	n/a	n/a	n/a	n/a	n/a	n/a	n/a	n/a	n/a	n/a	intervals/encoding_table	68	681.306981	689.338800
681.306981	0.000000	136261	ttl	1	70	n/a	n/a	n/a	n/a	n/a	n/a	n/a	n/a	n/a	n/a	n/a	n/a	n/a	n/a	n/a	n/a	n/a	n/a	n/a	n/a	n/a	681.306981	n/a
689.338800	0.000000	137868	ttl	2	70	n/a	n/a	n/a	n/a	n/a	n/a	n/a	n/a	n/a	n/a	n/a	n/a	n/a	n/a	n/a	n/a	n/a	n/a	n/a	n/a	n/a	689.338800	n/a
689.347782	0.000000	137870	ttl	11	70	n/a	n/a	n/a	n/a	n/a	n/a	n/a	n/a	n/a	n/a	n/a	n/a	n/a	n/a	n/a	n/a	n/a	n/a	n/a	n/a	n/a	689.347782	n/a
690.259007	7.530962	138052	encoding	n/a	n/a	SB_3.mp4	70.0	691.8939409999999	n/a	n/a	689.34778225	1	n/a	n/a	n/a	n/a	n/a	n/a	n/a	n/a	n/a	n/a	n/a	n/a	intervals/encoding_table	69	690.259007	697.789969
690.259007	0.000000	138052	ttl	1	70	n/a	n/a	n/a	n/a	n/a	n/a	n/a	n/a	n/a	n/a	n/a	n/a	n/a	n/a	n/a	n/a	n/a	n/a	n/a	n/a	n/a	690.259007	n/a
697.789969	0.000000	139558	ttl	2	70	n/a	n/a	n/a	n/a	n/a	n/a	n/a	n/a	n/a	n/a	n/a	n/a	n/a	n/a	n/a	n/a	n/a	n/a	n/a	n/a	n/a	697.789969	n/a
697.806233	0.000000	139561	ttl	11	70	n/a	n/a	n/a	n/a	n/a	n/a	n/a	n/a	n/a	n/a	n/a	n/a	n/a	n/a	n/a	n/a	n/a	n/a	n/a	n/a	n/a	697.806233	n/a
698.750935	8.163070	139750	encoding	n/a	n/a	NB_7.mp4	70.0	702.7509349999999	n/a	n/a	697.8062327499999	0	n/a	n/a	n/a	n/a	n/a	n/a	n/a	n/a	n/a	n/a	n/a	n/a	intervals/encoding_table	70	698.750935	706.914004
698.750935	0.000000	139750	ttl	1	70	n/a	n/a	n/a	n/a	n/a	n/a	n/a	n/a	n/a	n/a	n/a	n/a	n/a	n/a	n/a	n/a	n/a	n/a	n/a	n/a	n/a	698.750935	n/a
706.914004	0.000000	141383	ttl	2	70	n/a	n/a	n/a	n/a	n/a	n/a	n/a	n/a	n/a	n/a	n/a	n/a	n/a	n/a	n/a	n/a	n/a	n/a	n/a	n/a	n/a	706.914004	n/a
722.791908	0.000000	144558	ttl	11	70	n/a	n/a	n/a	n/a	n/a	n/a	n/a	n/a	n/a	n/a	n/a	n/a	n/a	n/a	n/a	n/a	n/a	n/a	n/a	n/a	n/a	722.791908	n/a
723.700964	8.366701	144740	encoding	n/a	n/a	NB_29.mp4	70.0	727.7009644999999	n/a	n/a	722.7919085	0	n/a	n/a	n/a	n/a	n/a	n/a	n/a	n/a	n/a	n/a	n/a	n/a	intervals/encoding_table	71	723.700964	732.067665
723.700964	0.000000	144740	ttl	1	70	n/a	n/a	n/a	n/a	n/a	n/a	n/a	n/a	n/a	n/a	n/a	n/a	n/a	n/a	n/a	n/a	n/a	n/a	n/a	n/a	n/a	723.700964	n/a
732.067665	0.000000	146414	ttl	2	70	n/a	n/a	n/a	n/a	n/a	n/a	n/a	n/a	n/a	n/a	n/a	n/a	n/a	n/a	n/a	n/a	n/a	n/a	n/a	n/a	n/a	732.067665	n/a
732.073728	0.000000	146415	ttl	11	70	n/a	n/a	n/a	n/a	n/a	n/a	n/a	n/a	n/a	n/a	n/a	n/a	n/a	n/a	n/a	n/a	n/a	n/a	n/a	n/a	n/a	732.073728	n/a
733.123927	8.099815	146625	encoding	n/a	n/a	NB_5.mp4	70.0	737.12392675	n/a	n/a	732.0737282499999	0	n/a	n/a	n/a	n/a	n/a	n/a	n/a	n/a	n/a	n/a	n/a	n/a	intervals/encoding_table	72	733.123927	741.223742
733.123927	0.000000	146625	ttl	1	70	n/a	n/a	n/a	n/a	n/a	n/a	n/a	n/a	n/a	n/a	n/a	n/a	n/a	n/a	n/a	n/a	n/a	n/a	n/a	n/a	n/a	733.123927	n/a
741.223742	0.000000	148245	ttl	2	70	n/a	n/a	n/a	n/a	n/a	n/a	n/a	n/a	n/a	n/a	n/a	n/a	n/a	n/a	n/a	n/a	n/a	n/a	n/a	n/a	n/a	741.223742	n/a
741.226486	0.000000	148245	ttl	11	70	n/a	n/a	n/a	n/a	n/a	n/a	n/a	n/a	n/a	n/a	n/a	n/a	n/a	n/a	n/a	n/a	n/a	n/a	n/a	n/a	n/a	741.226486	n/a
742.266098	7.929911	148453	encoding	n/a	n/a	NB_3.mp4	70.0	746.2660975	n/a	n/a	741.22648625	0	n/a	n/a	n/a	n/a	n/a	n/a	n/a	n/a	n/a	n/a	n/a	n/a	intervals/encoding_table	73	742.266098	750.196008
742.266098	0.000000	148453	ttl	1	70	n/a	n/a	n/a	n/a	n/a	n/a	n/a	n/a	n/a	n/a	n/a	n/a	n/a	n/a	n/a	n/a	n/a	n/a	n/a	n/a	n/a	742.266098	n/a
750.196008	0.000000	150039	ttl	2	70	n/a	n/a	n/a	n/a	n/a	n/a	n/a	n/a	n/a	n/a	n/a	n/a	n/a	n/a	n/a	n/a	n/a	n/a	n/a	n/a	n/a	750.196008	n/a
750.203714	0.000000	150041	ttl	11	70	n/a	n/a	n/a	n/a	n/a	n/a	n/a	n/a	n/a	n/a	n/a	n/a	n/a	n/a	n/a	n/a	n/a	n/a	n/a	n/a	n/a	750.203714	n/a
751.287472	8.165859	150257	encoding	n/a	n/a	SB_2.mp4	70.0	756.81643175	n/a	n/a	750.20371425	1	n/a	n/a	n/a	n/a	n/a	n/a	n/a	n/a	n/a	n/a	n/a	n/a	intervals/encoding_table	74	751.287472	759.453331
751.287472	0.000000	150257	ttl	1	70	n/a	n/a	n/a	n/a	n/a	n/a	n/a	n/a	n/a	n/a	n/a	n/a	n/a	n/a	n/a	n/a	n/a	n/a	n/a	n/a	n/a	751.287472	n/a
759.453331	0.000000	151891	ttl	2	70	n/a	n/a	n/a	n/a	n/a	n/a	n/a	n/a	n/a	n/a	n/a	n/a	n/a	n/a	n/a	n/a	n/a	n/a	n/a	n/a	n/a	759.453331	n/a
759.456773	0.000000	151891	ttl	11	70	n/a	n/a	n/a	n/a	n/a	n/a	n/a	n/a	n/a	n/a	n/a	n/a	n/a	n/a	n/a	n/a	n/a	n/a	n/a	n/a	n/a	759.456773	n/a
760.538558	7.629768	152108	encoding	n/a	n/a	SB_16.mp4	70.0	761.82233075	764.337811	n/a	759.4567734999999	1	n/a	n/a	n/a	n/a	n/a	n/a	n/a	n/a	n/a	n/a	n/a	n/a	intervals/encoding_table	75	760.538558	768.168326
760.538558	0.000000	152108	ttl	1	70	n/a	n/a	n/a	n/a	n/a	n/a	n/a	n/a	n/a	n/a	n/a	n/a	n/a	n/a	n/a	n/a	n/a	n/a	n/a	n/a	n/a	760.538558	n/a
768.168326	0.000000	153634	ttl	2	70	n/a	n/a	n/a	n/a	n/a	n/a	n/a	n/a	n/a	n/a	n/a	n/a	n/a	n/a	n/a	n/a	n/a	n/a	n/a	n/a	n/a	768.168326	n/a
768.180327	0.000000	153636	ttl	11	70	n/a	n/a	n/a	n/a	n/a	n/a	n/a	n/a	n/a	n/a	n/a	n/a	n/a	n/a	n/a	n/a	n/a	n/a	n/a	n/a	n/a	768.180327	n/a
769.241432	8.432882	153848	encoding	n/a	n/a	HB_22.mp4	70.0	773.24143175	n/a	n/a	768.1803269999999	2	n/a	n/a	n/a	n/a	n/a	n/a	n/a	n/a	n/a	n/a	n/a	n/a	intervals/encoding_table	76	769.241432	777.674314
769.241432	0.000000	153848	ttl	1	70	n/a	n/a	n/a	n/a	n/a	n/a	n/a	n/a	n/a	n/a	n/a	n/a	n/a	n/a	n/a	n/a	n/a	n/a	n/a	n/a	n/a	769.241432	n/a
777.674314	0.000000	155535	ttl	2	70	n/a	n/a	n/a	n/a	n/a	n/a	n/a	n/a	n/a	n/a	n/a	n/a	n/a	n/a	n/a	n/a	n/a	n/a	n/a	n/a	n/a	777.674314	n/a
781.827920	0.000000	156366	ttl	11	70	n/a	n/a	n/a	n/a	n/a	n/a	n/a	n/a	n/a	n/a	n/a	n/a	n/a	n/a	n/a	n/a	n/a	n/a	n/a	n/a	n/a	781.827920	n/a
782.927855	8.064830	156586	encoding	n/a	n/a	NB_22.mp4	70.0	786.92785525	n/a	n/a	781.82791975	0	n/a	n/a	n/a	n/a	n/a	n/a	n/a	n/a	n/a	n/a	n/a	n/a	intervals/encoding_table	77	782.927855	790.992685
782.927855	0.000000	156586	ttl	1	70	n/a	n/a	n/a	n/a	n/a	n/a	n/a	n/a	n/a	n/a	n/a	n/a	n/a	n/a	n/a	n/a	n/a	n/a	n/a	n/a	n/a	782.927855	n/a
790.992685	0.000000	158199	ttl	2	70	n/a	n/a	n/a	n/a	n/a	n/a	n/a	n/a	n/a	n/a	n/a	n/a	n/a	n/a	n/a	n/a	n/a	n/a	n/a	n/a	n/a	790.992685	n/a
791.004554	0.000000	158201	ttl	11	70	n/a	n/a	n/a	n/a	n/a	n/a	n/a	n/a	n/a	n/a	n/a	n/a	n/a	n/a	n/a	n/a	n/a	n/a	n/a	n/a	n/a	791.004554	n/a
792.064707	8.034107	158413	encoding	n/a	n/a	NB_12.mp4	70.0	796.064707	n/a	n/a	791.00455375	0	n/a	n/a	n/a	n/a	n/a	n/a	n/a	n/a	n/a	n/a	n/a	n/a	intervals/encoding_table	78	792.064707	800.098814
792.064707	0.000000	158413	ttl	1	70	n/a	n/a	n/a	n/a	n/a	n/a	n/a	n/a	n/a	n/a	n/a	n/a	n/a	n/a	n/a	n/a	n/a	n/a	n/a	n/a	n/a	792.064707	n/a
800.098814	0.000000	160020	ttl	2	70	n/a	n/a	n/a	n/a	n/a	n/a	n/a	n/a	n/a	n/a	n/a	n/a	n/a	n/a	n/a	n/a	n/a	n/a	n/a	n/a	n/a	800.098814	n/a
800.101338	0.000000	160020	ttl	11	70	n/a	n/a	n/a	n/a	n/a	n/a	n/a	n/a	n/a	n/a	n/a	n/a	n/a	n/a	n/a	n/a	n/a	n/a	n/a	n/a	n/a	800.101338	n/a
801.065921	9.165865	160213	encoding	n/a	n/a	SB_22.mp4	70.0	802.13734475	803.2010104999999	n/a	800.1013385	1	n/a	n/a	n/a	n/a	n/a	n/a	n/a	n/a	n/a	n/a	n/a	n/a	intervals/encoding_table	79	801.065921	810.231786
801.065921	0.000000	160213	ttl	1	70	n/a	n/a	n/a	n/a	n/a	n/a	n/a	n/a	n/a	n/a	n/a	n/a	n/a	n/a	n/a	n/a	n/a	n/a	n/a	n/a	n/a	801.065921	n/a
810.231786	0.000000	162046	ttl	2	70	n/a	n/a	n/a	n/a	n/a	n/a	n/a	n/a	n/a	n/a	n/a	n/a	n/a	n/a	n/a	n/a	n/a	n/a	n/a	n/a	n/a	810.231786	n/a
810.241451	0.000000	162048	ttl	11	70	n/a	n/a	n/a	n/a	n/a	n/a	n/a	n/a	n/a	n/a	n/a	n/a	n/a	n/a	n/a	n/a	n/a	n/a	n/a	n/a	n/a	810.241451	n/a
811.146480	7.964256	162229	encoding	n/a	n/a	HB_24.mp4	70.0	815.14648025	n/a	n/a	810.24145125	2	n/a	n/a	n/a	n/a	n/a	n/a	n/a	n/a	n/a	n/a	n/a	n/a	intervals/encoding_table	80	811.146480	819.110736
811.146480	0.000000	162229	ttl	1	70	n/a	n/a	n/a	n/a	n/a	n/a	n/a	n/a	n/a	n/a	n/a	n/a	n/a	n/a	n/a	n/a	n/a	n/a	n/a	n/a	n/a	811.146480	n/a
819.110736	0.000000	163822	ttl	2	70	n/a	n/a	n/a	n/a	n/a	n/a	n/a	n/a	n/a	n/a	n/a	n/a	n/a	n/a	n/a	n/a	n/a	n/a	n/a	n/a	n/a	819.110736	n/a
819.125887	0.000000	163825	ttl	11	70	n/a	n/a	n/a	n/a	n/a	n/a	n/a	n/a	n/a	n/a	n/a	n/a	n/a	n/a	n/a	n/a	n/a	n/a	n/a	n/a	n/a	819.125887	n/a
820.172452	7.996710	164034	encoding	n/a	n/a	NB_2.mp4	70.0	824.1724517499999	n/a	n/a	819.1258869999999	0	n/a	n/a	n/a	n/a	n/a	n/a	n/a	n/a	n/a	n/a	n/a	n/a	intervals/encoding_table	81	820.172452	828.169162
820.172452	0.000000	164034	ttl	1	70	n/a	n/a	n/a	n/a	n/a	n/a	n/a	n/a	n/a	n/a	n/a	n/a	n/a	n/a	n/a	n/a	n/a	n/a	n/a	n/a	n/a	820.172452	n/a
828.169162	0.000000	165634	ttl	2	70	n/a	n/a	n/a	n/a	n/a	n/a	n/a	n/a	n/a	n/a	n/a	n/a	n/a	n/a	n/a	n/a	n/a	n/a	n/a	n/a	n/a	828.169162	n/a
828.176371	0.000000	165635	ttl	11	70	n/a	n/a	n/a	n/a	n/a	n/a	n/a	n/a	n/a	n/a	n/a	n/a	n/a	n/a	n/a	n/a	n/a	n/a	n/a	n/a	n/a	828.176371	n/a
829.170928	8.064234	165834	encoding	n/a	n/a	HB_16.mp4	70.0	833.17092825	n/a	n/a	828.1763707499999	2	n/a	n/a	n/a	n/a	n/a	n/a	n/a	n/a	n/a	n/a	n/a	n/a	intervals/encoding_table	82	829.170928	837.235162
829.170928	0.000000	165834	ttl	1	70	n/a	n/a	n/a	n/a	n/a	n/a	n/a	n/a	n/a	n/a	n/a	n/a	n/a	n/a	n/a	n/a	n/a	n/a	n/a	n/a	n/a	829.170928	n/a
837.235162	0.000000	167447	ttl	2	70	n/a	n/a	n/a	n/a	n/a	n/a	n/a	n/a	n/a	n/a	n/a	n/a	n/a	n/a	n/a	n/a	n/a	n/a	n/a	n/a	n/a	837.235162	n/a
837.247775	0.000000	167450	ttl	11	70	n/a	n/a	n/a	n/a	n/a	n/a	n/a	n/a	n/a	n/a	n/a	n/a	n/a	n/a	n/a	n/a	n/a	n/a	n/a	n/a	n/a	837.247775	n/a
838.226293	8.464248	167645	encoding	n/a	n/a	SB_26.mp4	70.0	839.9614795	841.619596	843.1093605	837.2477749999999	1	n/a	n/a	n/a	n/a	n/a	n/a	n/a	n/a	n/a	n/a	n/a	n/a	intervals/encoding_table	83	838.226293	846.690541
838.226293	0.000000	167645	ttl	1	70	n/a	n/a	n/a	n/a	n/a	n/a	n/a	n/a	n/a	n/a	n/a	n/a	n/a	n/a	n/a	n/a	n/a	n/a	n/a	n/a	n/a	838.226293	n/a
846.690541	0.000000	169338	ttl	2	70	n/a	n/a	n/a	n/a	n/a	n/a	n/a	n/a	n/a	n/a	n/a	n/a	n/a	n/a	n/a	n/a	n/a	n/a	n/a	n/a	n/a	846.690541	n/a
848.937732	0.000000	169788	ttl	11	70	n/a	n/a	n/a	n/a	n/a	n/a	n/a	n/a	n/a	n/a	n/a	n/a	n/a	n/a	n/a	n/a	n/a	n/a	n/a	n/a	n/a	848.937732	n/a
850.009735	8.062696	170002	encoding	n/a	n/a	SB_5.mp4	70.0	854.171531	n/a	n/a	848.937732	1	n/a	n/a	n/a	n/a	n/a	n/a	n/a	n/a	n/a	n/a	n/a	n/a	intervals/encoding_table	84	850.009735	858.072431
850.009735	0.000000	170002	ttl	1	70	n/a	n/a	n/a	n/a	n/a	n/a	n/a	n/a	n/a	n/a	n/a	n/a	n/a	n/a	n/a	n/a	n/a	n/a	n/a	n/a	n/a	850.009735	n/a
858.072431	0.000000	171614	ttl	2	70	n/a	n/a	n/a	n/a	n/a	n/a	n/a	n/a	n/a	n/a	n/a	n/a	n/a	n/a	n/a	n/a	n/a	n/a	n/a	n/a	n/a	858.072431	n/a
858.078006	0.000000	171616	ttl	11	70	n/a	n/a	n/a	n/a	n/a	n/a	n/a	n/a	n/a	n/a	n/a	n/a	n/a	n/a	n/a	n/a	n/a	n/a	n/a	n/a	n/a	858.078006	n/a
858.989498	7.299609	171798	encoding	n/a	n/a	NB_28.mp4	70.0	862.9894979999999	n/a	n/a	858.07800575	0	n/a	n/a	n/a	n/a	n/a	n/a	n/a	n/a	n/a	n/a	n/a	n/a	intervals/encoding_table	85	858.989498	866.289107
858.989498	0.000000	171798	ttl	1	70	n/a	n/a	n/a	n/a	n/a	n/a	n/a	n/a	n/a	n/a	n/a	n/a	n/a	n/a	n/a	n/a	n/a	n/a	n/a	n/a	n/a	858.989498	n/a
866.289107	0.000000	173258	ttl	2	70	n/a	n/a	n/a	n/a	n/a	n/a	n/a	n/a	n/a	n/a	n/a	n/a	n/a	n/a	n/a	n/a	n/a	n/a	n/a	n/a	n/a	866.289107	n/a
866.300508	0.000000	173260	ttl	11	70	n/a	n/a	n/a	n/a	n/a	n/a	n/a	n/a	n/a	n/a	n/a	n/a	n/a	n/a	n/a	n/a	n/a	n/a	n/a	n/a	n/a	866.300508	n/a
867.277417	7.996109	173455	encoding	n/a	n/a	NB_19.mp4	70.0	871.277417	n/a	n/a	866.3005079999999	0	n/a	n/a	n/a	n/a	n/a	n/a	n/a	n/a	n/a	n/a	n/a	n/a	intervals/encoding_table	86	867.277417	875.273527
867.277417	0.000000	173455	ttl	1	70	n/a	n/a	n/a	n/a	n/a	n/a	n/a	n/a	n/a	n/a	n/a	n/a	n/a	n/a	n/a	n/a	n/a	n/a	n/a	n/a	n/a	867.277417	n/a
875.273527	0.000000	175055	ttl	2	70	n/a	n/a	n/a	n/a	n/a	n/a	n/a	n/a	n/a	n/a	n/a	n/a	n/a	n/a	n/a	n/a	n/a	n/a	n/a	n/a	n/a	875.273527	n/a
875.276806	0.000000	175055	ttl	11	70	n/a	n/a	n/a	n/a	n/a	n/a	n/a	n/a	n/a	n/a	n/a	n/a	n/a	n/a	n/a	n/a	n/a	n/a	n/a	n/a	n/a	875.276806	n/a
876.205174	8.667447	175241	encoding	n/a	n/a	NB_6.mp4	70.0	880.20517375	n/a	n/a	875.27680575	0	n/a	n/a	n/a	n/a	n/a	n/a	n/a	n/a	n/a	n/a	n/a	n/a	intervals/encoding_table	87	876.205174	884.872620
876.205174	0.000000	175241	ttl	1	70	n/a	n/a	n/a	n/a	n/a	n/a	n/a	n/a	n/a	n/a	n/a	n/a	n/a	n/a	n/a	n/a	n/a	n/a	n/a	n/a	n/a	876.205174	n/a
884.872620	0.000000	176975	ttl	2	70	n/a	n/a	n/a	n/a	n/a	n/a	n/a	n/a	n/a	n/a	n/a	n/a	n/a	n/a	n/a	n/a	n/a	n/a	n/a	n/a	n/a	884.872620	n/a
884.883702	0.000000	176977	ttl	11	70	n/a	n/a	n/a	n/a	n/a	n/a	n/a	n/a	n/a	n/a	n/a	n/a	n/a	n/a	n/a	n/a	n/a	n/a	n/a	n/a	n/a	884.883702	n/a
885.792838	7.998757	177159	encoding	n/a	n/a	NB_14.mp4	70.0	889.792838	n/a	n/a	884.88370175	0	n/a	n/a	n/a	n/a	n/a	n/a	n/a	n/a	n/a	n/a	n/a	n/a	intervals/encoding_table	88	885.792838	893.791595
885.792838	0.000000	177159	ttl	1	70	n/a	n/a	n/a	n/a	n/a	n/a	n/a	n/a	n/a	n/a	n/a	n/a	n/a	n/a	n/a	n/a	n/a	n/a	n/a	n/a	n/a	885.792838	n/a
893.791595	0.000000	178758	ttl	2	70	n/a	n/a	n/a	n/a	n/a	n/a	n/a	n/a	n/a	n/a	n/a	n/a	n/a	n/a	n/a	n/a	n/a	n/a	n/a	n/a	n/a	893.791595	n/a
894.803363	0.000000	178961	ttl	11	70	n/a	n/a	n/a	n/a	n/a	n/a	n/a	n/a	n/a	n/a	n/a	n/a	n/a	n/a	n/a	n/a	n/a	n/a	n/a	n/a	n/a	894.803363	n/a
895.842962	8.232906	179169	encoding	n/a	n/a	SB_19.mp4	70.0	898.427377	900.7383327499999	n/a	894.80336325	1	n/a	n/a	n/a	n/a	n/a	n/a	n/a	n/a	n/a	n/a	n/a	n/a	intervals/encoding_table	89	895.842962	904.075868
895.842962	0.000000	179169	ttl	1	70	n/a	n/a	n/a	n/a	n/a	n/a	n/a	n/a	n/a	n/a	n/a	n/a	n/a	n/a	n/a	n/a	n/a	n/a	n/a	n/a	n/a	895.842962	n/a
904.075868	0.000000	180815	ttl	2	70	n/a	n/a	n/a	n/a	n/a	n/a	n/a	n/a	n/a	n/a	n/a	n/a	n/a	n/a	n/a	n/a	n/a	n/a	n/a	n/a	n/a	904.075868	n/a
904.130295	0.000000	180826	ttl	60	70	n/a	n/a	n/a	n/a	n/a	n/a	n/a	n/a	n/a	n/a	n/a	n/a	n/a	n/a	n/a	n/a	n/a	n/a	n/a	n/a	n/a	904.130295	n/a
1103.327794	0.000000	220666	ttl	61	71	n/a	n/a	n/a	n/a	n/a	n/a	n/a	n/a	n/a	n/a	n/a	n/a	n/a	n/a	n/a	n/a	n/a	n/a	n/a	n/a	n/a	1103.327794	n/a
1103.387413	0.000000	220677	ttl	11	71	n/a	n/a	n/a	n/a	n/a	n/a	n/a	n/a	n/a	n/a	n/a	n/a	n/a	n/a	n/a	n/a	n/a	n/a	n/a	n/a	n/a	1103.387413	n/a
1103.954024	1.535758	220791	scene_recognition	n/a	n/a	n/a	71.0	n/a	n/a	n/a	1103.3874127499998	n/a	1.7748126335791312	2	3	2	HB_4_frameA_foil.png	1	6	1107.2645949999999	0	1	n/a	n/a	intervals/recognition_table	0	1103.954024	1105.489782
1103.954024	0.000000	220791	ttl	1	71	n/a	n/a	n/a	n/a	n/a	n/a	n/a	n/a	n/a	n/a	n/a	n/a	n/a	n/a	n/a	n/a	n/a	n/a	n/a	n/a	n/a	1103.954024	n/a
1105.489782	0.000000	221098	ttl	2	71	n/a	n/a	n/a	n/a	n/a	n/a	n/a	n/a	n/a	n/a	n/a	n/a	n/a	n/a	n/a	n/a	n/a	n/a	n/a	n/a	n/a	1105.489782	n/a
1107.264595	0.000000	221453	ttl	4	71	n/a	n/a	n/a	n/a	n/a	n/a	n/a	n/a	n/a	n/a	n/a	n/a	n/a	n/a	n/a	n/a	n/a	n/a	n/a	n/a	n/a	1107.264595	n/a
1107.284260	0.000000	221457	ttl	11	71	n/a	n/a	n/a	n/a	n/a	n/a	n/a	n/a	n/a	n/a	n/a	n/a	n/a	n/a	n/a	n/a	n/a	n/a	n/a	n/a	n/a	1107.284260	n/a
1107.800908	1.533594	221560	scene_recognition	n/a	n/a	n/a	71.0	n/a	n/a	n/a	1107.28426	n/a	0.16706862784121768	2	1	2	NB_26_frameA.png	2	3	1109.50157025	1	2	n/a	n/a	intervals/recognition_table	1	1107.800908	1109.334502
1107.800908	0.000000	221560	ttl	1	71	n/a	n/a	n/a	n/a	n/a	n/a	n/a	n/a	n/a	n/a	n/a	n/a	n/a	n/a	n/a	n/a	n/a	n/a	n/a	n/a	n/a	1107.800908	n/a
1109.334502	0.000000	221867	ttl	2	71	n/a	n/a	n/a	n/a	n/a	n/a	n/a	n/a	n/a	n/a	n/a	n/a	n/a	n/a	n/a	n/a	n/a	n/a	n/a	n/a	n/a	1109.334502	n/a
1109.501570	0.000000	221900	ttl	4	71	n/a	n/a	n/a	n/a	n/a	n/a	n/a	n/a	n/a	n/a	n/a	n/a	n/a	n/a	n/a	n/a	n/a	n/a	n/a	n/a	n/a	1109.501570	n/a
1109.519524	0.000000	221904	ttl	11	71	n/a	n/a	n/a	n/a	n/a	n/a	n/a	n/a	n/a	n/a	n/a	n/a	n/a	n/a	n/a	n/a	n/a	n/a	n/a	n/a	n/a	1109.519524	n/a
1110.052688	1.533514	222011	scene_recognition	n/a	n/a	n/a	71.0	n/a	n/a	n/a	1109.519524	n/a	1.7876416273138602	2	3	2	HB_2_frameA.png	2	3	1113.3738437499999	1	3	n/a	n/a	intervals/recognition_table	2	1110.052688	1111.586202
1110.052688	0.000000	222011	ttl	1	71	n/a	n/a	n/a	n/a	n/a	n/a	n/a	n/a	n/a	n/a	n/a	n/a	n/a	n/a	n/a	n/a	n/a	n/a	n/a	n/a	n/a	1110.052688	n/a
1111.586202	0.000000	222317	ttl	2	71	n/a	n/a	n/a	n/a	n/a	n/a	n/a	n/a	n/a	n/a	n/a	n/a	n/a	n/a	n/a	n/a	n/a	n/a	n/a	n/a	n/a	1111.586202	n/a
1113.373844	0.000000	222675	ttl	4	71	n/a	n/a	n/a	n/a	n/a	n/a	n/a	n/a	n/a	n/a	n/a	n/a	n/a	n/a	n/a	n/a	n/a	n/a	n/a	n/a	n/a	1113.373844	n/a
1113.390940	0.000000	222678	ttl	11	71	n/a	n/a	n/a	n/a	n/a	n/a	n/a	n/a	n/a	n/a	n/a	n/a	n/a	n/a	n/a	n/a	n/a	n/a	n/a	n/a	n/a	1113.390940	n/a
1113.857542	1.533541	222772	scene_recognition	n/a	n/a	n/a	71.0	n/a	n/a	n/a	1113.3909405	n/a	1.1649740687225858	2	2	2	SB_6_frameB.png	2	3	1116.55605675	1	4	n/a	n/a	intervals/recognition_table	3	1113.857542	1115.391083
1113.857542	0.000000	222772	ttl	1	71	n/a	n/a	n/a	n/a	n/a	n/a	n/a	n/a	n/a	n/a	n/a	n/a	n/a	n/a	n/a	n/a	n/a	n/a	n/a	n/a	n/a	1113.857542	n/a
1115.391083	0.000000	223078	ttl	2	71	n/a	n/a	n/a	n/a	n/a	n/a	n/a	n/a	n/a	n/a	n/a	n/a	n/a	n/a	n/a	n/a	n/a	n/a	n/a	n/a	n/a	1115.391083	n/a
1116.556057	0.000000	223311	ttl	4	71	n/a	n/a	n/a	n/a	n/a	n/a	n/a	n/a	n/a	n/a	n/a	n/a	n/a	n/a	n/a	n/a	n/a	n/a	n/a	n/a	n/a	1116.556057	n/a
1116.559710	0.000000	223312	ttl	11	71	n/a	n/a	n/a	n/a	n/a	n/a	n/a	n/a	n/a	n/a	n/a	n/a	n/a	n/a	n/a	n/a	n/a	n/a	n/a	n/a	n/a	1116.559710	n/a
1117.026324	1.533428	223405	scene_recognition	n/a	n/a	n/a	71.0	n/a	n/a	n/a	1116.55970975	n/a	1.9883345326979907	2	1	2	NB_9_frameA_foil.png	1	6	1120.5480862499999	0	5	n/a	n/a	intervals/recognition_table	4	1117.026324	1118.559752
1117.026324	0.000000	223405	ttl	1	71	n/a	n/a	n/a	n/a	n/a	n/a	n/a	n/a	n/a	n/a	n/a	n/a	n/a	n/a	n/a	n/a	n/a	n/a	n/a	n/a	n/a	1117.026324	n/a
1118.559752	0.000000	223712	ttl	2	71	n/a	n/a	n/a	n/a	n/a	n/a	n/a	n/a	n/a	n/a	n/a	n/a	n/a	n/a	n/a	n/a	n/a	n/a	n/a	n/a	n/a	1118.559752	n/a
1120.548086	0.000000	224110	ttl	4	71	n/a	n/a	n/a	n/a	n/a	n/a	n/a	n/a	n/a	n/a	n/a	n/a	n/a	n/a	n/a	n/a	n/a	n/a	n/a	n/a	n/a	1120.548086	n/a
1120.554960	0.000000	224111	ttl	11	71	n/a	n/a	n/a	n/a	n/a	n/a	n/a	n/a	n/a	n/a	n/a	n/a	n/a	n/a	n/a	n/a	n/a	n/a	n/a	n/a	n/a	1120.554960	n/a
1121.021610	1.534222	224204	scene_recognition	n/a	n/a	n/a	71.0	n/a	n/a	n/a	1120.5549597499999	n/a	1.2479066746600438	2	2	3	SB_1_frameA.png	2	2	1123.8037387499999	1	6	n/a	n/a	intervals/recognition_table	5	1121.021610	1122.555832
1121.021610	0.000000	224204	ttl	1	71	n/a	n/a	n/a	n/a	n/a	n/a	n/a	n/a	n/a	n/a	n/a	n/a	n/a	n/a	n/a	n/a	n/a	n/a	n/a	n/a	n/a	1121.021610	n/a
1122.555832	0.000000	224511	ttl	2	71	n/a	n/a	n/a	n/a	n/a	n/a	n/a	n/a	n/a	n/a	n/a	n/a	n/a	n/a	n/a	n/a	n/a	n/a	n/a	n/a	n/a	1122.555832	n/a
1123.803739	0.000000	224761	ttl	4	71	n/a	n/a	n/a	n/a	n/a	n/a	n/a	n/a	n/a	n/a	n/a	n/a	n/a	n/a	n/a	n/a	n/a	n/a	n/a	n/a	n/a	1123.803739	n/a
1123.809131	0.000000	224762	ttl	11	71	n/a	n/a	n/a	n/a	n/a	n/a	n/a	n/a	n/a	n/a	n/a	n/a	n/a	n/a	n/a	n/a	n/a	n/a	n/a	n/a	n/a	1123.809131	n/a
1124.325734	1.533679	224865	scene_recognition	n/a	n/a	n/a	71.0	n/a	n/a	n/a	1123.8091305	n/a	2.00550927986842	2	3	3	HB_3_frameA.png	2	2	1127.864922	1	7	n/a	n/a	intervals/recognition_table	6	1124.325734	1125.859413
1124.325734	0.000000	224865	ttl	1	71	n/a	n/a	n/a	n/a	n/a	n/a	n/a	n/a	n/a	n/a	n/a	n/a	n/a	n/a	n/a	n/a	n/a	n/a	n/a	n/a	n/a	1124.325734	n/a
1125.859413	0.000000	225172	ttl	2	71	n/a	n/a	n/a	n/a	n/a	n/a	n/a	n/a	n/a	n/a	n/a	n/a	n/a	n/a	n/a	n/a	n/a	n/a	n/a	n/a	n/a	1125.859413	n/a
1127.864922	0.000000	225573	ttl	4	71	n/a	n/a	n/a	n/a	n/a	n/a	n/a	n/a	n/a	n/a	n/a	n/a	n/a	n/a	n/a	n/a	n/a	n/a	n/a	n/a	n/a	1127.864922	n/a
1127.866998	0.000000	225573	ttl	11	71	n/a	n/a	n/a	n/a	n/a	n/a	n/a	n/a	n/a	n/a	n/a	n/a	n/a	n/a	n/a	n/a	n/a	n/a	n/a	n/a	n/a	1127.866998	n/a
1128.417039	1.533434	225683	scene_recognition	n/a	n/a	n/a	71.0	n/a	n/a	n/a	1127.8669975	n/a	2.299140180059112	2	3	2	HB_1_frameB.png	2	3	1132.2496125	1	8	n/a	n/a	intervals/recognition_table	7	1128.417039	1129.950472
1128.417039	0.000000	225683	ttl	1	71	n/a	n/a	n/a	n/a	n/a	n/a	n/a	n/a	n/a	n/a	n/a	n/a	n/a	n/a	n/a	n/a	n/a	n/a	n/a	n/a	n/a	1128.417039	n/a
1129.950472	0.000000	225990	ttl	2	71	n/a	n/a	n/a	n/a	n/a	n/a	n/a	n/a	n/a	n/a	n/a	n/a	n/a	n/a	n/a	n/a	n/a	n/a	n/a	n/a	n/a	1129.950472	n/a
1132.249613	0.000000	226450	ttl	4	71	n/a	n/a	n/a	n/a	n/a	n/a	n/a	n/a	n/a	n/a	n/a	n/a	n/a	n/a	n/a	n/a	n/a	n/a	n/a	n/a	n/a	1132.249613	n/a
1132.263079	0.000000	226453	ttl	11	71	n/a	n/a	n/a	n/a	n/a	n/a	n/a	n/a	n/a	n/a	n/a	n/a	n/a	n/a	n/a	n/a	n/a	n/a	n/a	n/a	n/a	1132.263079	n/a
1132.746363	1.533778	226549	scene_recognition	n/a	n/a	n/a	71.0	n/a	n/a	n/a	1132.26307875	n/a	0.7254360356891993	2	2	3	SB_4_frameA_foil.png	1	7	1135.0055762499999	0	9	n/a	n/a	intervals/recognition_table	8	1132.746363	1134.280140
1132.746363	0.000000	226549	ttl	1	71	n/a	n/a	n/a	n/a	n/a	n/a	n/a	n/a	n/a	n/a	n/a	n/a	n/a	n/a	n/a	n/a	n/a	n/a	n/a	n/a	n/a	1132.746363	n/a
1134.280140	0.000000	226856	ttl	2	71	n/a	n/a	n/a	n/a	n/a	n/a	n/a	n/a	n/a	n/a	n/a	n/a	n/a	n/a	n/a	n/a	n/a	n/a	n/a	n/a	n/a	1134.280140	n/a
1135.005576	0.000000	227001	ttl	4	71	n/a	n/a	n/a	n/a	n/a	n/a	n/a	n/a	n/a	n/a	n/a	n/a	n/a	n/a	n/a	n/a	n/a	n/a	n/a	n/a	n/a	1135.005576	n/a
1135.013690	0.000000	227003	ttl	11	71	n/a	n/a	n/a	n/a	n/a	n/a	n/a	n/a	n/a	n/a	n/a	n/a	n/a	n/a	n/a	n/a	n/a	n/a	n/a	n/a	n/a	1135.013690	n/a
1135.546951	1.533685	227109	scene_recognition	n/a	n/a	n/a	71.0	n/a	n/a	n/a	1135.01368975	n/a	1.3971028101041156	2	2	2	SB_1_frameB.png	2	3	1138.47773925	1	10	n/a	n/a	intervals/recognition_table	9	1135.546951	1137.080636
1135.546951	0.000000	227109	ttl	1	71	n/a	n/a	n/a	n/a	n/a	n/a	n/a	n/a	n/a	n/a	n/a	n/a	n/a	n/a	n/a	n/a	n/a	n/a	n/a	n/a	n/a	1135.546951	n/a
1137.080636	0.000000	227416	ttl	2	71	n/a	n/a	n/a	n/a	n/a	n/a	n/a	n/a	n/a	n/a	n/a	n/a	n/a	n/a	n/a	n/a	n/a	n/a	n/a	n/a	n/a	1137.080636	n/a
1138.477739	0.000000	227696	ttl	4	71	n/a	n/a	n/a	n/a	n/a	n/a	n/a	n/a	n/a	n/a	n/a	n/a	n/a	n/a	n/a	n/a	n/a	n/a	n/a	n/a	n/a	1138.477739	n/a
1138.481593	0.000000	227696	ttl	11	71	n/a	n/a	n/a	n/a	n/a	n/a	n/a	n/a	n/a	n/a	n/a	n/a	n/a	n/a	n/a	n/a	n/a	n/a	n/a	n/a	n/a	1138.481593	n/a
1138.981638	1.533490	227796	scene_recognition	n/a	n/a	n/a	71.0	n/a	n/a	n/a	1138.4815925	n/a	1.7400246370671084	2	1	2	NB_21_frameA_foil.png	1	6	1142.2551525	0	11	n/a	n/a	intervals/recognition_table	10	1138.981638	1140.515128
1138.981638	0.000000	227796	ttl	1	71	n/a	n/a	n/a	n/a	n/a	n/a	n/a	n/a	n/a	n/a	n/a	n/a	n/a	n/a	n/a	n/a	n/a	n/a	n/a	n/a	n/a	1138.981638	n/a
1140.515128	0.000000	228103	ttl	2	71	n/a	n/a	n/a	n/a	n/a	n/a	n/a	n/a	n/a	n/a	n/a	n/a	n/a	n/a	n/a	n/a	n/a	n/a	n/a	n/a	n/a	1140.515128	n/a
1142.255152	0.000000	228451	ttl	4	71	n/a	n/a	n/a	n/a	n/a	n/a	n/a	n/a	n/a	n/a	n/a	n/a	n/a	n/a	n/a	n/a	n/a	n/a	n/a	n/a	n/a	1142.255152	n/a
1142.261375	0.000000	228452	ttl	11	71	n/a	n/a	n/a	n/a	n/a	n/a	n/a	n/a	n/a	n/a	n/a	n/a	n/a	n/a	n/a	n/a	n/a	n/a	n/a	n/a	n/a	1142.261375	n/a
1142.777929	1.533590	228556	scene_recognition	n/a	n/a	n/a	71.0	n/a	n/a	n/a	1142.26137525	n/a	2.316036383217579	2	1	2	NB_22_frameA.png	2	3	1146.6275555	1	12	n/a	n/a	intervals/recognition_table	11	1142.777929	1144.311519
1142.777929	0.000000	228556	ttl	1	71	n/a	n/a	n/a	n/a	n/a	n/a	n/a	n/a	n/a	n/a	n/a	n/a	n/a	n/a	n/a	n/a	n/a	n/a	n/a	n/a	n/a	1142.777929	n/a
1144.311519	0.000000	228862	ttl	2	71	n/a	n/a	n/a	n/a	n/a	n/a	n/a	n/a	n/a	n/a	n/a	n/a	n/a	n/a	n/a	n/a	n/a	n/a	n/a	n/a	n/a	1144.311519	n/a
1146.627555	0.000000	229326	ttl	4	71	n/a	n/a	n/a	n/a	n/a	n/a	n/a	n/a	n/a	n/a	n/a	n/a	n/a	n/a	n/a	n/a	n/a	n/a	n/a	n/a	n/a	1146.627555	n/a
1146.629922	0.000000	229326	ttl	11	71	n/a	n/a	n/a	n/a	n/a	n/a	n/a	n/a	n/a	n/a	n/a	n/a	n/a	n/a	n/a	n/a	n/a	n/a	n/a	n/a	n/a	1146.629922	n/a
1147.096554	1.533704	229419	scene_recognition	n/a	n/a	n/a	71.0	n/a	n/a	n/a	1146.6299219999999	n/a	1.6550835664311307	2	2	3	SB_1_frameA_foil.png	1	7	1150.28534175	0	13	n/a	n/a	intervals/recognition_table	12	1147.096554	1148.630258
1147.096554	0.000000	229419	ttl	1	71	n/a	n/a	n/a	n/a	n/a	n/a	n/a	n/a	n/a	n/a	n/a	n/a	n/a	n/a	n/a	n/a	n/a	n/a	n/a	n/a	n/a	1147.096554	n/a
1148.630258	0.000000	229726	ttl	2	71	n/a	n/a	n/a	n/a	n/a	n/a	n/a	n/a	n/a	n/a	n/a	n/a	n/a	n/a	n/a	n/a	n/a	n/a	n/a	n/a	n/a	1148.630258	n/a
1150.285342	0.000000	230057	ttl	4	71	n/a	n/a	n/a	n/a	n/a	n/a	n/a	n/a	n/a	n/a	n/a	n/a	n/a	n/a	n/a	n/a	n/a	n/a	n/a	n/a	n/a	1150.285342	n/a
1150.299675	0.000000	230060	ttl	11	71	n/a	n/a	n/a	n/a	n/a	n/a	n/a	n/a	n/a	n/a	n/a	n/a	n/a	n/a	n/a	n/a	n/a	n/a	n/a	n/a	n/a	1150.299675	n/a
1150.799548	1.533412	230160	scene_recognition	n/a	n/a	n/a	71.0	n/a	n/a	n/a	1150.2996745	n/a	1.6957503819576232	2	1	3	NB_6_frameB_foil.png	1	7	1154.02871	0	14	n/a	n/a	intervals/recognition_table	13	1150.799548	1152.332960
1150.799548	0.000000	230160	ttl	1	71	n/a	n/a	n/a	n/a	n/a	n/a	n/a	n/a	n/a	n/a	n/a	n/a	n/a	n/a	n/a	n/a	n/a	n/a	n/a	n/a	n/a	1150.799548	n/a
1152.332960	0.000000	230467	ttl	2	71	n/a	n/a	n/a	n/a	n/a	n/a	n/a	n/a	n/a	n/a	n/a	n/a	n/a	n/a	n/a	n/a	n/a	n/a	n/a	n/a	n/a	1152.332960	n/a
1154.028710	0.000000	230806	ttl	4	71	n/a	n/a	n/a	n/a	n/a	n/a	n/a	n/a	n/a	n/a	n/a	n/a	n/a	n/a	n/a	n/a	n/a	n/a	n/a	n/a	n/a	1154.028710	n/a
1154.045298	0.000000	230809	ttl	11	71	n/a	n/a	n/a	n/a	n/a	n/a	n/a	n/a	n/a	n/a	n/a	n/a	n/a	n/a	n/a	n/a	n/a	n/a	n/a	n/a	n/a	1154.045298	n/a
1154.511981	1.533598	230902	scene_recognition	n/a	n/a	n/a	71.0	n/a	n/a	n/a	1154.04529775	n/a	1.0187167548810976	2	1	3	NB_12_frameA.png	2	2	1157.06429575	1	15	n/a	n/a	intervals/recognition_table	14	1154.511981	1156.045579
1154.511981	0.000000	230902	ttl	1	71	n/a	n/a	n/a	n/a	n/a	n/a	n/a	n/a	n/a	n/a	n/a	n/a	n/a	n/a	n/a	n/a	n/a	n/a	n/a	n/a	n/a	1154.511981	n/a
1156.045579	0.000000	231209	ttl	2	71	n/a	n/a	n/a	n/a	n/a	n/a	n/a	n/a	n/a	n/a	n/a	n/a	n/a	n/a	n/a	n/a	n/a	n/a	n/a	n/a	n/a	1156.045579	n/a
1157.064296	0.000000	231413	ttl	4	71	n/a	n/a	n/a	n/a	n/a	n/a	n/a	n/a	n/a	n/a	n/a	n/a	n/a	n/a	n/a	n/a	n/a	n/a	n/a	n/a	n/a	1157.064296	n/a
1157.073998	0.000000	231415	ttl	11	71	n/a	n/a	n/a	n/a	n/a	n/a	n/a	n/a	n/a	n/a	n/a	n/a	n/a	n/a	n/a	n/a	n/a	n/a	n/a	n/a	n/a	1157.073998	n/a
1157.523985	1.533787	231505	scene_recognition	n/a	n/a	n/a	71.0	n/a	n/a	n/a	1157.07399775	n/a	1.658309562202703	2	1	3	NB_14_frameA.png	2	2	1160.71608175	1	16	n/a	n/a	intervals/recognition_table	15	1157.523985	1159.057772
1157.523985	0.000000	231505	ttl	1	71	n/a	n/a	n/a	n/a	n/a	n/a	n/a	n/a	n/a	n/a	n/a	n/a	n/a	n/a	n/a	n/a	n/a	n/a	n/a	n/a	n/a	1157.523985	n/a
1159.057772	0.000000	231812	ttl	2	71	n/a	n/a	n/a	n/a	n/a	n/a	n/a	n/a	n/a	n/a	n/a	n/a	n/a	n/a	n/a	n/a	n/a	n/a	n/a	n/a	n/a	1159.057772	n/a
1160.716082	0.000000	232143	ttl	4	71	n/a	n/a	n/a	n/a	n/a	n/a	n/a	n/a	n/a	n/a	n/a	n/a	n/a	n/a	n/a	n/a	n/a	n/a	n/a	n/a	n/a	1160.716082	n/a
1160.735027	0.000000	232147	ttl	11	71	n/a	n/a	n/a	n/a	n/a	n/a	n/a	n/a	n/a	n/a	n/a	n/a	n/a	n/a	n/a	n/a	n/a	n/a	n/a	n/a	n/a	1160.735027	n/a
1161.268234	1.533460	232254	scene_recognition	n/a	n/a	n/a	71.0	n/a	n/a	n/a	1160.735027	n/a	1.801091970219204	2	2	3	SB_2_frameB.png	2	2	1164.602786	1	17	n/a	n/a	intervals/recognition_table	16	1161.268234	1162.801694
1161.268234	0.000000	232254	ttl	1	71	n/a	n/a	n/a	n/a	n/a	n/a	n/a	n/a	n/a	n/a	n/a	n/a	n/a	n/a	n/a	n/a	n/a	n/a	n/a	n/a	n/a	1161.268234	n/a
1162.801694	0.000000	232560	ttl	2	71	n/a	n/a	n/a	n/a	n/a	n/a	n/a	n/a	n/a	n/a	n/a	n/a	n/a	n/a	n/a	n/a	n/a	n/a	n/a	n/a	n/a	1162.801694	n/a
1164.602786	0.000000	232921	ttl	4	71	n/a	n/a	n/a	n/a	n/a	n/a	n/a	n/a	n/a	n/a	n/a	n/a	n/a	n/a	n/a	n/a	n/a	n/a	n/a	n/a	n/a	1164.602786	n/a
1164.621604	0.000000	232924	ttl	11	71	n/a	n/a	n/a	n/a	n/a	n/a	n/a	n/a	n/a	n/a	n/a	n/a	n/a	n/a	n/a	n/a	n/a	n/a	n/a	n/a	n/a	1164.621604	n/a
1165.171462	1.533489	233034	scene_recognition	n/a	n/a	n/a	71.0	n/a	n/a	n/a	1164.62160425	n/a	1.4667522650888714	2	3	2	HB_1_frameA_foil.png	1	6	1168.17170275	0	18	n/a	n/a	intervals/recognition_table	17	1165.171462	1166.704950
1165.171462	0.000000	233034	ttl	1	71	n/a	n/a	n/a	n/a	n/a	n/a	n/a	n/a	n/a	n/a	n/a	n/a	n/a	n/a	n/a	n/a	n/a	n/a	n/a	n/a	n/a	1165.171462	n/a
1166.704950	0.000000	233341	ttl	2	71	n/a	n/a	n/a	n/a	n/a	n/a	n/a	n/a	n/a	n/a	n/a	n/a	n/a	n/a	n/a	n/a	n/a	n/a	n/a	n/a	n/a	1166.704950	n/a
1168.171703	0.000000	233634	ttl	4	71	n/a	n/a	n/a	n/a	n/a	n/a	n/a	n/a	n/a	n/a	n/a	n/a	n/a	n/a	n/a	n/a	n/a	n/a	n/a	n/a	n/a	1168.171703	n/a
1168.175483	0.000000	233635	ttl	11	71	n/a	n/a	n/a	n/a	n/a	n/a	n/a	n/a	n/a	n/a	n/a	n/a	n/a	n/a	n/a	n/a	n/a	n/a	n/a	n/a	n/a	1168.175483	n/a
1168.675375	1.533764	233735	scene_recognition	n/a	n/a	n/a	71.0	n/a	n/a	n/a	1168.175483	n/a	1.473780075142713	2	1	3	NB_3_frameB.png	2	2	1171.68291875	1	19	n/a	n/a	intervals/recognition_table	18	1168.675375	1170.209139
1168.675375	0.000000	233735	ttl	1	71	n/a	n/a	n/a	n/a	n/a	n/a	n/a	n/a	n/a	n/a	n/a	n/a	n/a	n/a	n/a	n/a	n/a	n/a	n/a	n/a	n/a	1168.675375	n/a
1170.209139	0.000000	234042	ttl	2	71	n/a	n/a	n/a	n/a	n/a	n/a	n/a	n/a	n/a	n/a	n/a	n/a	n/a	n/a	n/a	n/a	n/a	n/a	n/a	n/a	n/a	1170.209139	n/a
1171.682919	0.000000	234337	ttl	4	71	n/a	n/a	n/a	n/a	n/a	n/a	n/a	n/a	n/a	n/a	n/a	n/a	n/a	n/a	n/a	n/a	n/a	n/a	n/a	n/a	n/a	1171.682919	n/a
1171.688707	0.000000	234338	ttl	11	71	n/a	n/a	n/a	n/a	n/a	n/a	n/a	n/a	n/a	n/a	n/a	n/a	n/a	n/a	n/a	n/a	n/a	n/a	n/a	n/a	n/a	1171.688707	n/a
1172.138671	1.533545	234428	scene_recognition	n/a	n/a	n/a	71.0	n/a	n/a	n/a	1171.68870675	n/a	0.8699823040442425	2	3	2	HB_4_frameA.png	2	3	1174.5421979999999	1	20	n/a	n/a	intervals/recognition_table	19	1172.138671	1173.672216
1172.138671	0.000000	234428	ttl	1	71	n/a	n/a	n/a	n/a	n/a	n/a	n/a	n/a	n/a	n/a	n/a	n/a	n/a	n/a	n/a	n/a	n/a	n/a	n/a	n/a	n/a	1172.138671	n/a
1173.672216	0.000000	234734	ttl	2	71	n/a	n/a	n/a	n/a	n/a	n/a	n/a	n/a	n/a	n/a	n/a	n/a	n/a	n/a	n/a	n/a	n/a	n/a	n/a	n/a	n/a	1173.672216	n/a
1174.542198	0.000000	234908	ttl	4	71	n/a	n/a	n/a	n/a	n/a	n/a	n/a	n/a	n/a	n/a	n/a	n/a	n/a	n/a	n/a	n/a	n/a	n/a	n/a	n/a	n/a	1174.542198	n/a
1174.543977	0.000000	234909	ttl	11	71	n/a	n/a	n/a	n/a	n/a	n/a	n/a	n/a	n/a	n/a	n/a	n/a	n/a	n/a	n/a	n/a	n/a	n/a	n/a	n/a	n/a	1174.543977	n/a
1175.010662	1.533765	235002	scene_recognition	n/a	n/a	n/a	71.0	n/a	n/a	n/a	1174.543977	n/a	0.24429522363789147	2	1	2	NB_9_frameB.png	2	3	1176.7887225	1	21	n/a	n/a	intervals/recognition_table	20	1175.010662	1176.544427
1175.010662	0.000000	235002	ttl	1	71	n/a	n/a	n/a	n/a	n/a	n/a	n/a	n/a	n/a	n/a	n/a	n/a	n/a	n/a	n/a	n/a	n/a	n/a	n/a	n/a	n/a	1175.010662	n/a
1176.544427	0.000000	235309	ttl	2	71	n/a	n/a	n/a	n/a	n/a	n/a	n/a	n/a	n/a	n/a	n/a	n/a	n/a	n/a	n/a	n/a	n/a	n/a	n/a	n/a	n/a	1176.544427	n/a
1176.788722	0.000000	235358	ttl	4	71	n/a	n/a	n/a	n/a	n/a	n/a	n/a	n/a	n/a	n/a	n/a	n/a	n/a	n/a	n/a	n/a	n/a	n/a	n/a	n/a	n/a	1176.788722	n/a
1176.792836	0.000000	235359	ttl	11	71	n/a	n/a	n/a	n/a	n/a	n/a	n/a	n/a	n/a	n/a	n/a	n/a	n/a	n/a	n/a	n/a	n/a	n/a	n/a	n/a	n/a	1176.792836	n/a
1177.276037	1.533511	235455	scene_recognition	n/a	n/a	n/a	71.0	n/a	n/a	n/a	1176.7928359999999	n/a	1.9918032322329964	2	2	3	SB_3_frameA.png	2	2	1180.8013515	1	22	n/a	n/a	intervals/recognition_table	21	1177.276037	1178.809548
1177.276037	0.000000	235455	ttl	1	71	n/a	n/a	n/a	n/a	n/a	n/a	n/a	n/a	n/a	n/a	n/a	n/a	n/a	n/a	n/a	n/a	n/a	n/a	n/a	n/a	n/a	1177.276037	n/a
1178.809548	0.000000	235762	ttl	2	71	n/a	n/a	n/a	n/a	n/a	n/a	n/a	n/a	n/a	n/a	n/a	n/a	n/a	n/a	n/a	n/a	n/a	n/a	n/a	n/a	n/a	1178.809548	n/a
1180.801352	0.000000	236160	ttl	4	71	n/a	n/a	n/a	n/a	n/a	n/a	n/a	n/a	n/a	n/a	n/a	n/a	n/a	n/a	n/a	n/a	n/a	n/a	n/a	n/a	n/a	1180.801352	n/a
1180.818246	0.000000	236164	ttl	11	71	n/a	n/a	n/a	n/a	n/a	n/a	n/a	n/a	n/a	n/a	n/a	n/a	n/a	n/a	n/a	n/a	n/a	n/a	n/a	n/a	n/a	1180.818246	n/a
1181.301463	1.533789	236260	scene_recognition	n/a	n/a	n/a	71.0	n/a	n/a	n/a	1180.818246	n/a	1.1823840450651915	2	2	2	SB_7_frameA_foil.png	1	6	1184.01763625	0	23	n/a	n/a	intervals/recognition_table	22	1181.301463	1182.835252
1181.301463	0.000000	236260	ttl	1	71	n/a	n/a	n/a	n/a	n/a	n/a	n/a	n/a	n/a	n/a	n/a	n/a	n/a	n/a	n/a	n/a	n/a	n/a	n/a	n/a	n/a	1181.301463	n/a
1182.835252	0.000000	236567	ttl	2	71	n/a	n/a	n/a	n/a	n/a	n/a	n/a	n/a	n/a	n/a	n/a	n/a	n/a	n/a	n/a	n/a	n/a	n/a	n/a	n/a	n/a	1182.835252	n/a
1184.017636	0.000000	236804	ttl	4	71	n/a	n/a	n/a	n/a	n/a	n/a	n/a	n/a	n/a	n/a	n/a	n/a	n/a	n/a	n/a	n/a	n/a	n/a	n/a	n/a	n/a	1184.017636	n/a
1184.029333	0.000000	236806	ttl	11	71	n/a	n/a	n/a	n/a	n/a	n/a	n/a	n/a	n/a	n/a	n/a	n/a	n/a	n/a	n/a	n/a	n/a	n/a	n/a	n/a	n/a	1184.029333	n/a
1184.562512	1.564137	236913	scene_recognition	n/a	n/a	n/a	71.0	n/a	n/a	n/a	1184.0293327499999	n/a	1.0090495444219414	2	1	3	NB_27_frameA_foil.png	1	7	1187.13569825	0	24	n/a	n/a	intervals/recognition_table	23	1184.562512	1186.126649
1184.562512	0.000000	236913	ttl	1	71	n/a	n/a	n/a	n/a	n/a	n/a	n/a	n/a	n/a	n/a	n/a	n/a	n/a	n/a	n/a	n/a	n/a	n/a	n/a	n/a	n/a	1184.562512	n/a
1186.126649	0.000000	237225	ttl	2	71	n/a	n/a	n/a	n/a	n/a	n/a	n/a	n/a	n/a	n/a	n/a	n/a	n/a	n/a	n/a	n/a	n/a	n/a	n/a	n/a	n/a	1186.126649	n/a
1187.135698	0.000000	237427	ttl	4	71	n/a	n/a	n/a	n/a	n/a	n/a	n/a	n/a	n/a	n/a	n/a	n/a	n/a	n/a	n/a	n/a	n/a	n/a	n/a	n/a	n/a	1187.135698	n/a
1187.150815	0.000000	237430	ttl	11	71	n/a	n/a	n/a	n/a	n/a	n/a	n/a	n/a	n/a	n/a	n/a	n/a	n/a	n/a	n/a	n/a	n/a	n/a	n/a	n/a	n/a	1187.150815	n/a
1187.667448	1.533497	237533	scene_recognition	n/a	n/a	n/a	71.0	n/a	n/a	n/a	1187.15081525	n/a	1.0178460837414605	2	2	3	SB_1_frameA.png	2	2	1190.21879075	1	25	n/a	n/a	intervals/recognition_table	24	1187.667448	1189.200945
1187.667448	0.000000	237533	ttl	1	71	n/a	n/a	n/a	n/a	n/a	n/a	n/a	n/a	n/a	n/a	n/a	n/a	n/a	n/a	n/a	n/a	n/a	n/a	n/a	n/a	n/a	1187.667448	n/a
1189.200945	0.000000	237840	ttl	2	71	n/a	n/a	n/a	n/a	n/a	n/a	n/a	n/a	n/a	n/a	n/a	n/a	n/a	n/a	n/a	n/a	n/a	n/a	n/a	n/a	n/a	1189.200945	n/a
1190.218791	0.000000	238044	ttl	4	71	n/a	n/a	n/a	n/a	n/a	n/a	n/a	n/a	n/a	n/a	n/a	n/a	n/a	n/a	n/a	n/a	n/a	n/a	n/a	n/a	n/a	1190.218791	n/a
1190.227573	0.000000	238046	ttl	11	71	n/a	n/a	n/a	n/a	n/a	n/a	n/a	n/a	n/a	n/a	n/a	n/a	n/a	n/a	n/a	n/a	n/a	n/a	n/a	n/a	n/a	1190.227573	n/a
1190.727418	1.533512	238145	scene_recognition	n/a	n/a	n/a	71.0	n/a	n/a	n/a	1190.22757275	n/a	1.1959630805049528	2	2	3	SB_2_frameA.png	2	2	1193.456892	1	26	n/a	n/a	intervals/recognition_table	25	1190.727418	1192.260929
1190.727418	0.000000	238145	ttl	1	71	n/a	n/a	n/a	n/a	n/a	n/a	n/a	n/a	n/a	n/a	n/a	n/a	n/a	n/a	n/a	n/a	n/a	n/a	n/a	n/a	n/a	1190.727418	n/a
1192.260929	0.000000	238452	ttl	2	71	n/a	n/a	n/a	n/a	n/a	n/a	n/a	n/a	n/a	n/a	n/a	n/a	n/a	n/a	n/a	n/a	n/a	n/a	n/a	n/a	n/a	1192.260929	n/a
1193.456892	0.000000	238691	ttl	4	71	n/a	n/a	n/a	n/a	n/a	n/a	n/a	n/a	n/a	n/a	n/a	n/a	n/a	n/a	n/a	n/a	n/a	n/a	n/a	n/a	n/a	1193.456892	n/a
1193.462347	0.000000	238692	ttl	11	71	n/a	n/a	n/a	n/a	n/a	n/a	n/a	n/a	n/a	n/a	n/a	n/a	n/a	n/a	n/a	n/a	n/a	n/a	n/a	n/a	n/a	1193.462347	n/a
1193.962259	1.533684	238792	scene_recognition	n/a	n/a	n/a	71.0	n/a	n/a	n/a	1193.46234725	n/a	0.8345791129213467	2	1	3	NB_7_frameA_foil.png	1	7	1196.3305215	0	27	n/a	n/a	intervals/recognition_table	26	1193.962259	1195.495942
1193.962259	0.000000	238792	ttl	1	71	n/a	n/a	n/a	n/a	n/a	n/a	n/a	n/a	n/a	n/a	n/a	n/a	n/a	n/a	n/a	n/a	n/a	n/a	n/a	n/a	n/a	1193.962259	n/a
1195.495942	0.000000	239099	ttl	2	71	n/a	n/a	n/a	n/a	n/a	n/a	n/a	n/a	n/a	n/a	n/a	n/a	n/a	n/a	n/a	n/a	n/a	n/a	n/a	n/a	n/a	1195.495942	n/a
1196.330522	0.000000	239266	ttl	4	71	n/a	n/a	n/a	n/a	n/a	n/a	n/a	n/a	n/a	n/a	n/a	n/a	n/a	n/a	n/a	n/a	n/a	n/a	n/a	n/a	n/a	1196.330522	n/a
1196.344326	0.000000	239269	ttl	11	71	n/a	n/a	n/a	n/a	n/a	n/a	n/a	n/a	n/a	n/a	n/a	n/a	n/a	n/a	n/a	n/a	n/a	n/a	n/a	n/a	n/a	1196.344326	n/a
1196.844250	1.533639	239369	scene_recognition	n/a	n/a	n/a	71.0	n/a	n/a	n/a	1196.344326	n/a	0.9213889483708044	2	1	3	NB_12_frameB_foil.png	1	7	1199.2992777499999	0	28	n/a	n/a	intervals/recognition_table	27	1196.844250	1198.377889
1196.844250	0.000000	239369	ttl	1	71	n/a	n/a	n/a	n/a	n/a	n/a	n/a	n/a	n/a	n/a	n/a	n/a	n/a	n/a	n/a	n/a	n/a	n/a	n/a	n/a	n/a	1196.844250	n/a
1198.377889	0.000000	239676	ttl	2	71	n/a	n/a	n/a	n/a	n/a	n/a	n/a	n/a	n/a	n/a	n/a	n/a	n/a	n/a	n/a	n/a	n/a	n/a	n/a	n/a	n/a	1198.377889	n/a
1199.299278	0.000000	239860	ttl	4	71	n/a	n/a	n/a	n/a	n/a	n/a	n/a	n/a	n/a	n/a	n/a	n/a	n/a	n/a	n/a	n/a	n/a	n/a	n/a	n/a	n/a	1199.299278	n/a
1199.308750	0.000000	239862	ttl	11	71	n/a	n/a	n/a	n/a	n/a	n/a	n/a	n/a	n/a	n/a	n/a	n/a	n/a	n/a	n/a	n/a	n/a	n/a	n/a	n/a	n/a	1199.308750	n/a
1199.858678	1.533398	239972	scene_recognition	n/a	n/a	n/a	71.0	n/a	n/a	n/a	1199.30875	n/a	1.0462737822817871	2	2	3	SB_2_frameA.png	2	2	1202.43834975	1	29	n/a	n/a	intervals/recognition_table	28	1199.858678	1201.392076
1199.858678	0.000000	239972	ttl	1	71	n/a	n/a	n/a	n/a	n/a	n/a	n/a	n/a	n/a	n/a	n/a	n/a	n/a	n/a	n/a	n/a	n/a	n/a	n/a	n/a	n/a	1199.858678	n/a
1201.392076	0.000000	240278	ttl	2	71	n/a	n/a	n/a	n/a	n/a	n/a	n/a	n/a	n/a	n/a	n/a	n/a	n/a	n/a	n/a	n/a	n/a	n/a	n/a	n/a	n/a	1201.392076	n/a
1202.438350	0.000000	240488	ttl	4	71	n/a	n/a	n/a	n/a	n/a	n/a	n/a	n/a	n/a	n/a	n/a	n/a	n/a	n/a	n/a	n/a	n/a	n/a	n/a	n/a	n/a	1202.438350	n/a
1202.456849	0.000000	240491	ttl	11	71	n/a	n/a	n/a	n/a	n/a	n/a	n/a	n/a	n/a	n/a	n/a	n/a	n/a	n/a	n/a	n/a	n/a	n/a	n/a	n/a	n/a	1202.456849	n/a
1202.973344	1.533753	240595	scene_recognition	n/a	n/a	n/a	71.0	n/a	n/a	n/a	1202.456849	n/a	1.226345927660077	2	2	3	SB_5_frameA.png	2	2	1205.7334429999999	1	30	n/a	n/a	intervals/recognition_table	29	1202.973344	1204.507097
1202.973344	0.000000	240595	ttl	1	71	n/a	n/a	n/a	n/a	n/a	n/a	n/a	n/a	n/a	n/a	n/a	n/a	n/a	n/a	n/a	n/a	n/a	n/a	n/a	n/a	n/a	1202.973344	n/a
1204.507097	0.000000	240901	ttl	2	71	n/a	n/a	n/a	n/a	n/a	n/a	n/a	n/a	n/a	n/a	n/a	n/a	n/a	n/a	n/a	n/a	n/a	n/a	n/a	n/a	n/a	1204.507097	n/a
1205.733443	0.000000	241147	ttl	4	71	n/a	n/a	n/a	n/a	n/a	n/a	n/a	n/a	n/a	n/a	n/a	n/a	n/a	n/a	n/a	n/a	n/a	n/a	n/a	n/a	n/a	1205.733443	n/a
1205.751190	0.000000	241150	ttl	11	71	n/a	n/a	n/a	n/a	n/a	n/a	n/a	n/a	n/a	n/a	n/a	n/a	n/a	n/a	n/a	n/a	n/a	n/a	n/a	n/a	n/a	1205.751190	n/a
1206.251083	1.533749	241250	scene_recognition	n/a	n/a	n/a	71.0	n/a	n/a	n/a	1205.7511895	n/a	1.1007717776265054	2	1	2	NB_17_frameB.png	2	3	1208.88560325	1	31	n/a	n/a	intervals/recognition_table	30	1206.251083	1207.784831
1206.251083	0.000000	241250	ttl	1	71	n/a	n/a	n/a	n/a	n/a	n/a	n/a	n/a	n/a	n/a	n/a	n/a	n/a	n/a	n/a	n/a	n/a	n/a	n/a	n/a	n/a	1206.251083	n/a
1207.784831	0.000000	241557	ttl	2	71	n/a	n/a	n/a	n/a	n/a	n/a	n/a	n/a	n/a	n/a	n/a	n/a	n/a	n/a	n/a	n/a	n/a	n/a	n/a	n/a	n/a	1207.784831	n/a
1208.885603	0.000000	241777	ttl	4	71	n/a	n/a	n/a	n/a	n/a	n/a	n/a	n/a	n/a	n/a	n/a	n/a	n/a	n/a	n/a	n/a	n/a	n/a	n/a	n/a	n/a	1208.885603	n/a
1208.888002	0.000000	241778	ttl	11	71	n/a	n/a	n/a	n/a	n/a	n/a	n/a	n/a	n/a	n/a	n/a	n/a	n/a	n/a	n/a	n/a	n/a	n/a	n/a	n/a	n/a	1208.888002	n/a
1209.404648	1.533793	241881	scene_recognition	n/a	n/a	n/a	71.0	n/a	n/a	n/a	1208.888002	n/a	0.6073034518340137	2	1	3	NB_25_frameB.png	2	2	1211.5457445	1	32	n/a	n/a	intervals/recognition_table	31	1209.404648	1210.938441
1209.404648	0.000000	241881	ttl	1	71	n/a	n/a	n/a	n/a	n/a	n/a	n/a	n/a	n/a	n/a	n/a	n/a	n/a	n/a	n/a	n/a	n/a	n/a	n/a	n/a	n/a	1209.404648	n/a
1210.938441	0.000000	242188	ttl	2	71	n/a	n/a	n/a	n/a	n/a	n/a	n/a	n/a	n/a	n/a	n/a	n/a	n/a	n/a	n/a	n/a	n/a	n/a	n/a	n/a	n/a	1210.938441	n/a
1211.545744	0.000000	242309	ttl	4	71	n/a	n/a	n/a	n/a	n/a	n/a	n/a	n/a	n/a	n/a	n/a	n/a	n/a	n/a	n/a	n/a	n/a	n/a	n/a	n/a	n/a	1211.545744	n/a
1211.560780	0.000000	242312	ttl	11	71	n/a	n/a	n/a	n/a	n/a	n/a	n/a	n/a	n/a	n/a	n/a	n/a	n/a	n/a	n/a	n/a	n/a	n/a	n/a	n/a	n/a	1211.560780	n/a
1212.060682	1.533713	242412	scene_recognition	n/a	n/a	n/a	71.0	n/a	n/a	n/a	1211.5607802499999	n/a	1.484063579751819	2	1	2	NB_5_frameB.png	2	3	1215.0784585	1	33	n/a	n/a	intervals/recognition_table	32	1212.060682	1213.594395
1212.060682	0.000000	242412	ttl	1	71	n/a	n/a	n/a	n/a	n/a	n/a	n/a	n/a	n/a	n/a	n/a	n/a	n/a	n/a	n/a	n/a	n/a	n/a	n/a	n/a	n/a	1212.060682	n/a
1213.594395	0.000000	242719	ttl	2	71	n/a	n/a	n/a	n/a	n/a	n/a	n/a	n/a	n/a	n/a	n/a	n/a	n/a	n/a	n/a	n/a	n/a	n/a	n/a	n/a	n/a	1213.594395	n/a
1215.078458	0.000000	243016	ttl	4	71	n/a	n/a	n/a	n/a	n/a	n/a	n/a	n/a	n/a	n/a	n/a	n/a	n/a	n/a	n/a	n/a	n/a	n/a	n/a	n/a	n/a	1215.078458	n/a
1215.082846	0.000000	243017	ttl	11	71	n/a	n/a	n/a	n/a	n/a	n/a	n/a	n/a	n/a	n/a	n/a	n/a	n/a	n/a	n/a	n/a	n/a	n/a	n/a	n/a	n/a	1215.082846	n/a
1215.566061	1.533762	243113	scene_recognition	n/a	n/a	n/a	71.0	n/a	n/a	n/a	1215.08284575	n/a	1.8298649079588358	2	2	3	SB_1_frameB_foil.png	1	7	1218.9296875	0	34	n/a	n/a	intervals/recognition_table	33	1215.566061	1217.099823
1215.566061	0.000000	243113	ttl	1	71	n/a	n/a	n/a	n/a	n/a	n/a	n/a	n/a	n/a	n/a	n/a	n/a	n/a	n/a	n/a	n/a	n/a	n/a	n/a	n/a	n/a	1215.566061	n/a
1217.099823	0.000000	243420	ttl	2	71	n/a	n/a	n/a	n/a	n/a	n/a	n/a	n/a	n/a	n/a	n/a	n/a	n/a	n/a	n/a	n/a	n/a	n/a	n/a	n/a	n/a	1217.099823	n/a
1218.929688	0.000000	243786	ttl	4	71	n/a	n/a	n/a	n/a	n/a	n/a	n/a	n/a	n/a	n/a	n/a	n/a	n/a	n/a	n/a	n/a	n/a	n/a	n/a	n/a	n/a	1218.929688	n/a
1218.941077	0.000000	243788	ttl	11	71	n/a	n/a	n/a	n/a	n/a	n/a	n/a	n/a	n/a	n/a	n/a	n/a	n/a	n/a	n/a	n/a	n/a	n/a	n/a	n/a	n/a	1218.941077	n/a
1219.441174	1.533351	243888	scene_recognition	n/a	n/a	n/a	71.0	n/a	n/a	n/a	1218.9410767499999	n/a	2.349607651676706	2	3	3	HB_9_frameA.png	2	2	1223.3241325	1	35	n/a	n/a	intervals/recognition_table	34	1219.441174	1220.974525
1219.441174	0.000000	243888	ttl	1	71	n/a	n/a	n/a	n/a	n/a	n/a	n/a	n/a	n/a	n/a	n/a	n/a	n/a	n/a	n/a	n/a	n/a	n/a	n/a	n/a	n/a	1219.441174	n/a
1220.974525	0.000000	244195	ttl	2	71	n/a	n/a	n/a	n/a	n/a	n/a	n/a	n/a	n/a	n/a	n/a	n/a	n/a	n/a	n/a	n/a	n/a	n/a	n/a	n/a	n/a	1220.974525	n/a
1223.324132	0.000000	244665	ttl	4	71	n/a	n/a	n/a	n/a	n/a	n/a	n/a	n/a	n/a	n/a	n/a	n/a	n/a	n/a	n/a	n/a	n/a	n/a	n/a	n/a	n/a	1223.324132	n/a
1223.328788	0.000000	244666	ttl	11	71	n/a	n/a	n/a	n/a	n/a	n/a	n/a	n/a	n/a	n/a	n/a	n/a	n/a	n/a	n/a	n/a	n/a	n/a	n/a	n/a	n/a	1223.328788	n/a
1223.828781	1.533599	244766	scene_recognition	n/a	n/a	n/a	71.0	n/a	n/a	n/a	1223.32878775	n/a	1.2245602196871914	2	2	3	SB_1_frameB_foil.png	1	7	1226.58694075	0	36	n/a	n/a	intervals/recognition_table	35	1223.828781	1225.362381
1223.828781	0.000000	244766	ttl	1	71	n/a	n/a	n/a	n/a	n/a	n/a	n/a	n/a	n/a	n/a	n/a	n/a	n/a	n/a	n/a	n/a	n/a	n/a	n/a	n/a	n/a	1223.828781	n/a
1225.362381	0.000000	245072	ttl	2	71	n/a	n/a	n/a	n/a	n/a	n/a	n/a	n/a	n/a	n/a	n/a	n/a	n/a	n/a	n/a	n/a	n/a	n/a	n/a	n/a	n/a	1225.362381	n/a
1226.586941	0.000000	245317	ttl	4	71	n/a	n/a	n/a	n/a	n/a	n/a	n/a	n/a	n/a	n/a	n/a	n/a	n/a	n/a	n/a	n/a	n/a	n/a	n/a	n/a	n/a	1226.586941	n/a
1226.589794	0.000000	245318	ttl	11	71	n/a	n/a	n/a	n/a	n/a	n/a	n/a	n/a	n/a	n/a	n/a	n/a	n/a	n/a	n/a	n/a	n/a	n/a	n/a	n/a	n/a	1226.589794	n/a
1227.106300	1.533586	245421	scene_recognition	n/a	n/a	n/a	71.0	n/a	n/a	n/a	1226.5897945	n/a	1.5480821292003384	2	1	1	NB_23_frameB.png	2	4	1230.1879675	1	37	n/a	n/a	intervals/recognition_table	36	1227.106300	1228.639885
1227.106300	0.000000	245421	ttl	1	71	n/a	n/a	n/a	n/a	n/a	n/a	n/a	n/a	n/a	n/a	n/a	n/a	n/a	n/a	n/a	n/a	n/a	n/a	n/a	n/a	n/a	1227.106300	n/a
1228.639885	0.000000	245728	ttl	2	71	n/a	n/a	n/a	n/a	n/a	n/a	n/a	n/a	n/a	n/a	n/a	n/a	n/a	n/a	n/a	n/a	n/a	n/a	n/a	n/a	n/a	1228.639885	n/a
1230.187968	0.000000	246038	ttl	4	71	n/a	n/a	n/a	n/a	n/a	n/a	n/a	n/a	n/a	n/a	n/a	n/a	n/a	n/a	n/a	n/a	n/a	n/a	n/a	n/a	n/a	1230.187968	n/a
1230.195123	0.000000	246039	ttl	11	71	n/a	n/a	n/a	n/a	n/a	n/a	n/a	n/a	n/a	n/a	n/a	n/a	n/a	n/a	n/a	n/a	n/a	n/a	n/a	n/a	n/a	1230.195123	n/a
1230.661751	1.533503	246132	scene_recognition	n/a	n/a	n/a	71.0	n/a	n/a	n/a	1230.1951225	n/a	1.057946333055952	2	3	2	HB_8_frameA_foil.png	1	6	1233.25320075	0	38	n/a	n/a	intervals/recognition_table	37	1230.661751	1232.195254
1230.661751	0.000000	246132	ttl	1	71	n/a	n/a	n/a	n/a	n/a	n/a	n/a	n/a	n/a	n/a	n/a	n/a	n/a	n/a	n/a	n/a	n/a	n/a	n/a	n/a	n/a	1230.661751	n/a
1232.195254	0.000000	246439	ttl	2	71	n/a	n/a	n/a	n/a	n/a	n/a	n/a	n/a	n/a	n/a	n/a	n/a	n/a	n/a	n/a	n/a	n/a	n/a	n/a	n/a	n/a	1232.195254	n/a
1233.253201	0.000000	246651	ttl	4	71	n/a	n/a	n/a	n/a	n/a	n/a	n/a	n/a	n/a	n/a	n/a	n/a	n/a	n/a	n/a	n/a	n/a	n/a	n/a	n/a	n/a	1233.253201	n/a
1233.260203	0.000000	246652	ttl	11	71	n/a	n/a	n/a	n/a	n/a	n/a	n/a	n/a	n/a	n/a	n/a	n/a	n/a	n/a	n/a	n/a	n/a	n/a	n/a	n/a	n/a	1233.260203	n/a
1233.760171	1.533576	246752	scene_recognition	n/a	n/a	n/a	71.0	n/a	n/a	n/a	1233.2602035	n/a	1.2715278899268014	2	2	2	SB_9_frameA.png	2	3	1236.56527525	1	39	n/a	n/a	intervals/recognition_table	38	1233.760171	1235.293747
1233.760171	0.000000	246752	ttl	1	71	n/a	n/a	n/a	n/a	n/a	n/a	n/a	n/a	n/a	n/a	n/a	n/a	n/a	n/a	n/a	n/a	n/a	n/a	n/a	n/a	n/a	1233.760171	n/a
1235.293747	0.000000	247059	ttl	2	71	n/a	n/a	n/a	n/a	n/a	n/a	n/a	n/a	n/a	n/a	n/a	n/a	n/a	n/a	n/a	n/a	n/a	n/a	n/a	n/a	n/a	1235.293747	n/a
1236.565275	0.000000	247313	ttl	4	71	n/a	n/a	n/a	n/a	n/a	n/a	n/a	n/a	n/a	n/a	n/a	n/a	n/a	n/a	n/a	n/a	n/a	n/a	n/a	n/a	n/a	1236.565275	n/a
1236.581614	0.000000	247316	ttl	11	71	n/a	n/a	n/a	n/a	n/a	n/a	n/a	n/a	n/a	n/a	n/a	n/a	n/a	n/a	n/a	n/a	n/a	n/a	n/a	n/a	n/a	1236.581614	n/a
1237.048217	1.533602	247410	scene_recognition	n/a	n/a	n/a	71.0	n/a	n/a	n/a	1236.5816145	n/a	0.49407617969882267	2	2	3	SB_3_frameB.png	2	2	1239.0758955	1	40	n/a	n/a	intervals/recognition_table	39	1237.048217	1238.581819
1237.048217	0.000000	247410	ttl	1	71	n/a	n/a	n/a	n/a	n/a	n/a	n/a	n/a	n/a	n/a	n/a	n/a	n/a	n/a	n/a	n/a	n/a	n/a	n/a	n/a	n/a	1237.048217	n/a
1238.581819	0.000000	247716	ttl	2	71	n/a	n/a	n/a	n/a	n/a	n/a	n/a	n/a	n/a	n/a	n/a	n/a	n/a	n/a	n/a	n/a	n/a	n/a	n/a	n/a	n/a	1238.581819	n/a
1239.075895	0.000000	247815	ttl	4	71	n/a	n/a	n/a	n/a	n/a	n/a	n/a	n/a	n/a	n/a	n/a	n/a	n/a	n/a	n/a	n/a	n/a	n/a	n/a	n/a	n/a	1239.075895	n/a
1239.079656	0.000000	247816	ttl	11	71	n/a	n/a	n/a	n/a	n/a	n/a	n/a	n/a	n/a	n/a	n/a	n/a	n/a	n/a	n/a	n/a	n/a	n/a	n/a	n/a	n/a	1239.079656	n/a
1239.596323	1.533519	247919	scene_recognition	n/a	n/a	n/a	71.0	n/a	n/a	n/a	1239.07965625	n/a	0.7697829156713851	2	2	2	SB_8_frameA_foil.png	1	6	1241.899625	0	41	n/a	n/a	intervals/recognition_table	40	1239.596323	1241.129842
1239.596323	0.000000	247919	ttl	1	71	n/a	n/a	n/a	n/a	n/a	n/a	n/a	n/a	n/a	n/a	n/a	n/a	n/a	n/a	n/a	n/a	n/a	n/a	n/a	n/a	n/a	1239.596323	n/a
1241.129842	0.000000	248226	ttl	2	71	n/a	n/a	n/a	n/a	n/a	n/a	n/a	n/a	n/a	n/a	n/a	n/a	n/a	n/a	n/a	n/a	n/a	n/a	n/a	n/a	n/a	1241.129842	n/a
1241.899625	0.000000	248380	ttl	4	71	n/a	n/a	n/a	n/a	n/a	n/a	n/a	n/a	n/a	n/a	n/a	n/a	n/a	n/a	n/a	n/a	n/a	n/a	n/a	n/a	n/a	1241.899625	n/a
1241.918629	0.000000	248384	ttl	11	71	n/a	n/a	n/a	n/a	n/a	n/a	n/a	n/a	n/a	n/a	n/a	n/a	n/a	n/a	n/a	n/a	n/a	n/a	n/a	n/a	n/a	1241.918629	n/a
1242.435161	1.533728	248487	scene_recognition	n/a	n/a	n/a	71.0	n/a	n/a	n/a	1241.9186295	n/a	2.344122009650164	2	2	2	SB_9_frameB.png	2	3	1246.3130105	1	42	n/a	n/a	intervals/recognition_table	41	1242.435161	1243.968889
1242.435161	0.000000	248487	ttl	1	71	n/a	n/a	n/a	n/a	n/a	n/a	n/a	n/a	n/a	n/a	n/a	n/a	n/a	n/a	n/a	n/a	n/a	n/a	n/a	n/a	n/a	1242.435161	n/a
1243.968889	0.000000	248794	ttl	2	71	n/a	n/a	n/a	n/a	n/a	n/a	n/a	n/a	n/a	n/a	n/a	n/a	n/a	n/a	n/a	n/a	n/a	n/a	n/a	n/a	n/a	1243.968889	n/a
1246.313011	0.000000	249263	ttl	4	71	n/a	n/a	n/a	n/a	n/a	n/a	n/a	n/a	n/a	n/a	n/a	n/a	n/a	n/a	n/a	n/a	n/a	n/a	n/a	n/a	n/a	1246.313011	n/a
1246.321612	0.000000	249264	ttl	11	71	n/a	n/a	n/a	n/a	n/a	n/a	n/a	n/a	n/a	n/a	n/a	n/a	n/a	n/a	n/a	n/a	n/a	n/a	n/a	n/a	n/a	1246.321612	n/a
1246.804809	1.533586	249361	scene_recognition	n/a	n/a	n/a	71.0	n/a	n/a	n/a	1246.321612	n/a	0.7094452683304553	2	3	2	HB_2_frameA.png	2	3	1249.0478405	1	43	n/a	n/a	intervals/recognition_table	42	1246.804809	1248.338395
1246.804809	0.000000	249361	ttl	1	71	n/a	n/a	n/a	n/a	n/a	n/a	n/a	n/a	n/a	n/a	n/a	n/a	n/a	n/a	n/a	n/a	n/a	n/a	n/a	n/a	n/a	1246.804809	n/a
1248.338395	0.000000	249668	ttl	2	71	n/a	n/a	n/a	n/a	n/a	n/a	n/a	n/a	n/a	n/a	n/a	n/a	n/a	n/a	n/a	n/a	n/a	n/a	n/a	n/a	n/a	1248.338395	n/a
1249.047840	0.000000	249810	ttl	4	71	n/a	n/a	n/a	n/a	n/a	n/a	n/a	n/a	n/a	n/a	n/a	n/a	n/a	n/a	n/a	n/a	n/a	n/a	n/a	n/a	n/a	1249.047840	n/a
1249.059722	0.000000	249812	ttl	11	71	n/a	n/a	n/a	n/a	n/a	n/a	n/a	n/a	n/a	n/a	n/a	n/a	n/a	n/a	n/a	n/a	n/a	n/a	n/a	n/a	n/a	1249.059722	n/a
1249.526382	1.533644	249905	scene_recognition	n/a	n/a	n/a	71.0	n/a	n/a	n/a	1249.05972225	n/a	2.0548327325177524	2	3	2	HB_3_frameA.png	2	3	1253.1148595	1	44	n/a	n/a	intervals/recognition_table	43	1249.526382	1251.060027
1249.526382	0.000000	249905	ttl	1	71	n/a	n/a	n/a	n/a	n/a	n/a	n/a	n/a	n/a	n/a	n/a	n/a	n/a	n/a	n/a	n/a	n/a	n/a	n/a	n/a	n/a	1249.526382	n/a
1251.060027	0.000000	250212	ttl	2	71	n/a	n/a	n/a	n/a	n/a	n/a	n/a	n/a	n/a	n/a	n/a	n/a	n/a	n/a	n/a	n/a	n/a	n/a	n/a	n/a	n/a	1251.060027	n/a
1253.114859	0.000000	250623	ttl	4	71	n/a	n/a	n/a	n/a	n/a	n/a	n/a	n/a	n/a	n/a	n/a	n/a	n/a	n/a	n/a	n/a	n/a	n/a	n/a	n/a	n/a	1253.114859	n/a
1253.122337	0.000000	250624	ttl	11	71	n/a	n/a	n/a	n/a	n/a	n/a	n/a	n/a	n/a	n/a	n/a	n/a	n/a	n/a	n/a	n/a	n/a	n/a	n/a	n/a	n/a	1253.122337	n/a
1253.622273	1.533574	250724	scene_recognition	n/a	n/a	n/a	71.0	n/a	n/a	n/a	1253.1223372499999	n/a	1.0253778407040954	2	2	2	SB_3_frameB_foil.png	1	6	1256.18122425	0	45	n/a	n/a	intervals/recognition_table	44	1253.622273	1255.155847
1253.622273	0.000000	250724	ttl	1	71	n/a	n/a	n/a	n/a	n/a	n/a	n/a	n/a	n/a	n/a	n/a	n/a	n/a	n/a	n/a	n/a	n/a	n/a	n/a	n/a	n/a	1253.622273	n/a
1255.155847	0.000000	251031	ttl	2	71	n/a	n/a	n/a	n/a	n/a	n/a	n/a	n/a	n/a	n/a	n/a	n/a	n/a	n/a	n/a	n/a	n/a	n/a	n/a	n/a	n/a	1255.155847	n/a
1256.181224	0.000000	251236	ttl	4	71	n/a	n/a	n/a	n/a	n/a	n/a	n/a	n/a	n/a	n/a	n/a	n/a	n/a	n/a	n/a	n/a	n/a	n/a	n/a	n/a	n/a	1256.181224	n/a
1256.195074	0.000000	251239	ttl	11	71	n/a	n/a	n/a	n/a	n/a	n/a	n/a	n/a	n/a	n/a	n/a	n/a	n/a	n/a	n/a	n/a	n/a	n/a	n/a	n/a	n/a	1256.195074	n/a
1256.694914	1.533741	251339	scene_recognition	n/a	n/a	n/a	71.0	n/a	n/a	n/a	1256.1950742499998	n/a	0.04403704246033158	2	2	3	SB_5_frameB_foil.png	1	7	1258.2726925	0	46	n/a	n/a	intervals/recognition_table	45	1256.694914	1258.228655
1256.694914	0.000000	251339	ttl	1	71	n/a	n/a	n/a	n/a	n/a	n/a	n/a	n/a	n/a	n/a	n/a	n/a	n/a	n/a	n/a	n/a	n/a	n/a	n/a	n/a	n/a	1256.694914	n/a
1258.228655	0.000000	251646	ttl	2	71	n/a	n/a	n/a	n/a	n/a	n/a	n/a	n/a	n/a	n/a	n/a	n/a	n/a	n/a	n/a	n/a	n/a	n/a	n/a	n/a	n/a	1258.228655	n/a
1258.272692	0.000000	251655	ttl	4	71	n/a	n/a	n/a	n/a	n/a	n/a	n/a	n/a	n/a	n/a	n/a	n/a	n/a	n/a	n/a	n/a	n/a	n/a	n/a	n/a	n/a	1258.272692	n/a
1258.283234	0.000000	251657	ttl	11	71	n/a	n/a	n/a	n/a	n/a	n/a	n/a	n/a	n/a	n/a	n/a	n/a	n/a	n/a	n/a	n/a	n/a	n/a	n/a	n/a	n/a	1258.283234	n/a
1258.833336	1.533329	251767	scene_recognition	n/a	n/a	n/a	71.0	n/a	n/a	n/a	1258.2832345	n/a	2.1267017627251334	2	3	3	HB_7_frameB_foil.png	1	7	1262.493367	0	47	n/a	n/a	intervals/recognition_table	46	1258.833336	1260.366665
1258.833336	0.000000	251767	ttl	1	71	n/a	n/a	n/a	n/a	n/a	n/a	n/a	n/a	n/a	n/a	n/a	n/a	n/a	n/a	n/a	n/a	n/a	n/a	n/a	n/a	n/a	1258.833336	n/a
1260.366665	0.000000	252073	ttl	2	71	n/a	n/a	n/a	n/a	n/a	n/a	n/a	n/a	n/a	n/a	n/a	n/a	n/a	n/a	n/a	n/a	n/a	n/a	n/a	n/a	n/a	1260.366665	n/a
1262.493367	0.000000	252499	ttl	4	71	n/a	n/a	n/a	n/a	n/a	n/a	n/a	n/a	n/a	n/a	n/a	n/a	n/a	n/a	n/a	n/a	n/a	n/a	n/a	n/a	n/a	1262.493367	n/a
1262.496592	0.000000	252499	ttl	11	71	n/a	n/a	n/a	n/a	n/a	n/a	n/a	n/a	n/a	n/a	n/a	n/a	n/a	n/a	n/a	n/a	n/a	n/a	n/a	n/a	n/a	1262.496592	n/a
1263.029862	1.533627	252606	scene_recognition	n/a	n/a	n/a	71.0	n/a	n/a	n/a	1262.4965915	n/a	0.9877754263561656	2	1	2	NB_14_frameB_foil.png	1	6	1265.55126425	0	48	n/a	n/a	intervals/recognition_table	47	1263.029862	1264.563489
1263.029862	0.000000	252606	ttl	1	71	n/a	n/a	n/a	n/a	n/a	n/a	n/a	n/a	n/a	n/a	n/a	n/a	n/a	n/a	n/a	n/a	n/a	n/a	n/a	n/a	n/a	1263.029862	n/a
1264.563489	0.000000	252913	ttl	2	71	n/a	n/a	n/a	n/a	n/a	n/a	n/a	n/a	n/a	n/a	n/a	n/a	n/a	n/a	n/a	n/a	n/a	n/a	n/a	n/a	n/a	1264.563489	n/a
1265.551264	0.000000	253110	ttl	4	71	n/a	n/a	n/a	n/a	n/a	n/a	n/a	n/a	n/a	n/a	n/a	n/a	n/a	n/a	n/a	n/a	n/a	n/a	n/a	n/a	n/a	1265.551264	n/a
1265.554686	0.000000	253111	ttl	11	71	n/a	n/a	n/a	n/a	n/a	n/a	n/a	n/a	n/a	n/a	n/a	n/a	n/a	n/a	n/a	n/a	n/a	n/a	n/a	n/a	n/a	1265.554686	n/a
1266.037934	1.533752	253208	scene_recognition	n/a	n/a	n/a	71.0	n/a	n/a	n/a	1265.5546865	n/a	1.0163075363234384	2	3	3	HB_8_frameB.png	2	2	1268.5879935	1	49	n/a	n/a	intervals/recognition_table	48	1266.037934	1267.571686
1266.037934	0.000000	253208	ttl	1	71	n/a	n/a	n/a	n/a	n/a	n/a	n/a	n/a	n/a	n/a	n/a	n/a	n/a	n/a	n/a	n/a	n/a	n/a	n/a	n/a	n/a	1266.037934	n/a
1267.571686	0.000000	253514	ttl	2	71	n/a	n/a	n/a	n/a	n/a	n/a	n/a	n/a	n/a	n/a	n/a	n/a	n/a	n/a	n/a	n/a	n/a	n/a	n/a	n/a	n/a	1267.571686	n/a
1268.587994	0.000000	253718	ttl	4	71	n/a	n/a	n/a	n/a	n/a	n/a	n/a	n/a	n/a	n/a	n/a	n/a	n/a	n/a	n/a	n/a	n/a	n/a	n/a	n/a	n/a	1268.587994	n/a
1268.602716	0.000000	253721	ttl	11	71	n/a	n/a	n/a	n/a	n/a	n/a	n/a	n/a	n/a	n/a	n/a	n/a	n/a	n/a	n/a	n/a	n/a	n/a	n/a	n/a	n/a	1268.602716	n/a
1269.119278	1.533467	253824	scene_recognition	n/a	n/a	n/a	71.0	n/a	n/a	n/a	1268.6027159999999	n/a	1.139104761856288	2	2	3	SB_9_frameB_foil.png	1	7	1271.79185025	0	50	n/a	n/a	intervals/recognition_table	49	1269.119278	1270.652746
1269.119278	0.000000	253824	ttl	1	71	n/a	n/a	n/a	n/a	n/a	n/a	n/a	n/a	n/a	n/a	n/a	n/a	n/a	n/a	n/a	n/a	n/a	n/a	n/a	n/a	n/a	1269.119278	n/a
1270.652746	0.000000	254131	ttl	2	71	n/a	n/a	n/a	n/a	n/a	n/a	n/a	n/a	n/a	n/a	n/a	n/a	n/a	n/a	n/a	n/a	n/a	n/a	n/a	n/a	n/a	1270.652746	n/a
1271.791850	0.000000	254358	ttl	4	71	n/a	n/a	n/a	n/a	n/a	n/a	n/a	n/a	n/a	n/a	n/a	n/a	n/a	n/a	n/a	n/a	n/a	n/a	n/a	n/a	n/a	1271.791850	n/a
1271.799040	0.000000	254360	ttl	11	71	n/a	n/a	n/a	n/a	n/a	n/a	n/a	n/a	n/a	n/a	n/a	n/a	n/a	n/a	n/a	n/a	n/a	n/a	n/a	n/a	n/a	1271.799040	n/a
1272.315585	1.533625	254463	scene_recognition	n/a	n/a	n/a	71.0	n/a	n/a	n/a	1271.79903975	n/a	2.2159885577639216	2	3	3	HB_2_frameB_foil.png	1	7	1276.0651985	0	51	n/a	n/a	intervals/recognition_table	50	1272.315585	1273.849210
1272.315585	0.000000	254463	ttl	1	71	n/a	n/a	n/a	n/a	n/a	n/a	n/a	n/a	n/a	n/a	n/a	n/a	n/a	n/a	n/a	n/a	n/a	n/a	n/a	n/a	n/a	1272.315585	n/a
1273.849210	0.000000	254770	ttl	2	71	n/a	n/a	n/a	n/a	n/a	n/a	n/a	n/a	n/a	n/a	n/a	n/a	n/a	n/a	n/a	n/a	n/a	n/a	n/a	n/a	n/a	1273.849210	n/a
1276.065198	0.000000	255213	ttl	4	71	n/a	n/a	n/a	n/a	n/a	n/a	n/a	n/a	n/a	n/a	n/a	n/a	n/a	n/a	n/a	n/a	n/a	n/a	n/a	n/a	n/a	1276.065198	n/a
1276.069078	0.000000	255214	ttl	11	71	n/a	n/a	n/a	n/a	n/a	n/a	n/a	n/a	n/a	n/a	n/a	n/a	n/a	n/a	n/a	n/a	n/a	n/a	n/a	n/a	n/a	1276.069078	n/a
1276.552360	1.533811	255310	scene_recognition	n/a	n/a	n/a	71.0	n/a	n/a	n/a	1276.06907775	n/a	0.60383490901404	2	2	3	SB_4_frameB.png	2	2	1278.690006	1	52	n/a	n/a	intervals/recognition_table	51	1276.552360	1278.086171
1276.552360	0.000000	255310	ttl	1	71	n/a	n/a	n/a	n/a	n/a	n/a	n/a	n/a	n/a	n/a	n/a	n/a	n/a	n/a	n/a	n/a	n/a	n/a	n/a	n/a	n/a	1276.552360	n/a
1278.086171	0.000000	255617	ttl	2	71	n/a	n/a	n/a	n/a	n/a	n/a	n/a	n/a	n/a	n/a	n/a	n/a	n/a	n/a	n/a	n/a	n/a	n/a	n/a	n/a	n/a	1278.086171	n/a
1278.690006	0.000000	255738	ttl	4	71	n/a	n/a	n/a	n/a	n/a	n/a	n/a	n/a	n/a	n/a	n/a	n/a	n/a	n/a	n/a	n/a	n/a	n/a	n/a	n/a	n/a	1278.690006	n/a
1278.701982	0.000000	255740	ttl	11	71	n/a	n/a	n/a	n/a	n/a	n/a	n/a	n/a	n/a	n/a	n/a	n/a	n/a	n/a	n/a	n/a	n/a	n/a	n/a	n/a	n/a	1278.701982	n/a
1279.168492	1.533675	255834	scene_recognition	n/a	n/a	n/a	71.0	n/a	n/a	n/a	1278.701982	n/a	1.621087666706444	2	3	3	HB_3_frameB.png	2	2	1282.3232552499999	1	53	n/a	n/a	intervals/recognition_table	52	1279.168492	1280.702168
1279.168492	0.000000	255834	ttl	1	71	n/a	n/a	n/a	n/a	n/a	n/a	n/a	n/a	n/a	n/a	n/a	n/a	n/a	n/a	n/a	n/a	n/a	n/a	n/a	n/a	n/a	1279.168492	n/a
1280.702168	0.000000	256140	ttl	2	71	n/a	n/a	n/a	n/a	n/a	n/a	n/a	n/a	n/a	n/a	n/a	n/a	n/a	n/a	n/a	n/a	n/a	n/a	n/a	n/a	n/a	1280.702168	n/a
1282.323255	0.000000	256465	ttl	4	71	n/a	n/a	n/a	n/a	n/a	n/a	n/a	n/a	n/a	n/a	n/a	n/a	n/a	n/a	n/a	n/a	n/a	n/a	n/a	n/a	n/a	1282.323255	n/a
1282.341203	0.000000	256468	ttl	11	71	n/a	n/a	n/a	n/a	n/a	n/a	n/a	n/a	n/a	n/a	n/a	n/a	n/a	n/a	n/a	n/a	n/a	n/a	n/a	n/a	n/a	1282.341203	n/a
1282.874487	1.533684	256575	scene_recognition	n/a	n/a	n/a	71.0	n/a	n/a	n/a	1282.3412035	n/a	0.9953779035167827	2	1	1	NB_10_frameA.png	2	4	1285.40354925	1	54	n/a	n/a	intervals/recognition_table	53	1282.874487	1284.408171
1282.874487	0.000000	256575	ttl	1	71	n/a	n/a	n/a	n/a	n/a	n/a	n/a	n/a	n/a	n/a	n/a	n/a	n/a	n/a	n/a	n/a	n/a	n/a	n/a	n/a	n/a	1282.874487	n/a
1284.408171	0.000000	256882	ttl	2	71	n/a	n/a	n/a	n/a	n/a	n/a	n/a	n/a	n/a	n/a	n/a	n/a	n/a	n/a	n/a	n/a	n/a	n/a	n/a	n/a	n/a	1284.408171	n/a
1285.403549	0.000000	257081	ttl	4	71	n/a	n/a	n/a	n/a	n/a	n/a	n/a	n/a	n/a	n/a	n/a	n/a	n/a	n/a	n/a	n/a	n/a	n/a	n/a	n/a	n/a	1285.403549	n/a
1285.414026	0.000000	257083	ttl	11	71	n/a	n/a	n/a	n/a	n/a	n/a	n/a	n/a	n/a	n/a	n/a	n/a	n/a	n/a	n/a	n/a	n/a	n/a	n/a	n/a	n/a	1285.414026	n/a
1285.913943	1.533671	257183	scene_recognition	n/a	n/a	n/a	71.0	n/a	n/a	n/a	1285.41402625	n/a	0.8700511845308938	2	2	3	SB_4_frameA.png	2	2	1288.31766525	1	55	n/a	n/a	intervals/recognition_table	54	1285.913943	1287.447614
1285.913943	0.000000	257183	ttl	1	71	n/a	n/a	n/a	n/a	n/a	n/a	n/a	n/a	n/a	n/a	n/a	n/a	n/a	n/a	n/a	n/a	n/a	n/a	n/a	n/a	n/a	1285.913943	n/a
1287.447614	0.000000	257490	ttl	2	71	n/a	n/a	n/a	n/a	n/a	n/a	n/a	n/a	n/a	n/a	n/a	n/a	n/a	n/a	n/a	n/a	n/a	n/a	n/a	n/a	n/a	1287.447614	n/a
1288.317665	0.000000	257664	ttl	4	71	n/a	n/a	n/a	n/a	n/a	n/a	n/a	n/a	n/a	n/a	n/a	n/a	n/a	n/a	n/a	n/a	n/a	n/a	n/a	n/a	n/a	1288.317665	n/a
1288.323535	0.000000	257665	ttl	11	71	n/a	n/a	n/a	n/a	n/a	n/a	n/a	n/a	n/a	n/a	n/a	n/a	n/a	n/a	n/a	n/a	n/a	n/a	n/a	n/a	n/a	1288.323535	n/a
1288.790084	1.533747	257758	scene_recognition	n/a	n/a	n/a	71.0	n/a	n/a	n/a	1288.32353475	n/a	2.686883575262982	2	1	2	NB_2_frameA.png	2	3	1293.01071475	1	56	n/a	n/a	intervals/recognition_table	55	1288.790084	1290.323831
1288.790084	0.000000	257758	ttl	1	71	n/a	n/a	n/a	n/a	n/a	n/a	n/a	n/a	n/a	n/a	n/a	n/a	n/a	n/a	n/a	n/a	n/a	n/a	n/a	n/a	n/a	1288.790084	n/a
1290.323831	0.000000	258065	ttl	2	71	n/a	n/a	n/a	n/a	n/a	n/a	n/a	n/a	n/a	n/a	n/a	n/a	n/a	n/a	n/a	n/a	n/a	n/a	n/a	n/a	n/a	1290.323831	n/a
1293.010715	0.000000	258602	ttl	4	71	n/a	n/a	n/a	n/a	n/a	n/a	n/a	n/a	n/a	n/a	n/a	n/a	n/a	n/a	n/a	n/a	n/a	n/a	n/a	n/a	n/a	1293.010715	n/a
1293.022608	0.000000	258605	ttl	11	71	n/a	n/a	n/a	n/a	n/a	n/a	n/a	n/a	n/a	n/a	n/a	n/a	n/a	n/a	n/a	n/a	n/a	n/a	n/a	n/a	n/a	1293.022608	n/a
1293.555854	1.533666	258711	scene_recognition	n/a	n/a	n/a	71.0	n/a	n/a	n/a	1293.02260775	n/a	2.807434734490016	2	3	3	HB_2_frameB.png	2	2	1297.896955	1	57	n/a	n/a	intervals/recognition_table	56	1293.555854	1295.089520
1293.555854	0.000000	258711	ttl	1	71	n/a	n/a	n/a	n/a	n/a	n/a	n/a	n/a	n/a	n/a	n/a	n/a	n/a	n/a	n/a	n/a	n/a	n/a	n/a	n/a	n/a	1293.555854	n/a
1295.089520	0.000000	259018	ttl	2	71	n/a	n/a	n/a	n/a	n/a	n/a	n/a	n/a	n/a	n/a	n/a	n/a	n/a	n/a	n/a	n/a	n/a	n/a	n/a	n/a	n/a	1295.089520	n/a
1297.896955	0.000000	259579	ttl	4	71	n/a	n/a	n/a	n/a	n/a	n/a	n/a	n/a	n/a	n/a	n/a	n/a	n/a	n/a	n/a	n/a	n/a	n/a	n/a	n/a	n/a	1297.896955	n/a
1297.905300	0.000000	259581	ttl	11	71	n/a	n/a	n/a	n/a	n/a	n/a	n/a	n/a	n/a	n/a	n/a	n/a	n/a	n/a	n/a	n/a	n/a	n/a	n/a	n/a	n/a	1297.905300	n/a
1298.405167	1.533543	259681	scene_recognition	n/a	n/a	n/a	71.0	n/a	n/a	n/a	1297.90529975	n/a	1.522500657763885	2	2	2	SB_1_frameB_foil.png	1	6	1301.46121075	0	58	n/a	n/a	intervals/recognition_table	57	1298.405167	1299.938710
1298.405167	0.000000	259681	ttl	1	71	n/a	n/a	n/a	n/a	n/a	n/a	n/a	n/a	n/a	n/a	n/a	n/a	n/a	n/a	n/a	n/a	n/a	n/a	n/a	n/a	n/a	1298.405167	n/a
1299.938710	0.000000	259988	ttl	2	71	n/a	n/a	n/a	n/a	n/a	n/a	n/a	n/a	n/a	n/a	n/a	n/a	n/a	n/a	n/a	n/a	n/a	n/a	n/a	n/a	n/a	1299.938710	n/a
1301.461211	0.000000	260292	ttl	4	71	n/a	n/a	n/a	n/a	n/a	n/a	n/a	n/a	n/a	n/a	n/a	n/a	n/a	n/a	n/a	n/a	n/a	n/a	n/a	n/a	n/a	1301.461211	n/a
1301.479914	0.000000	260296	ttl	11	71	n/a	n/a	n/a	n/a	n/a	n/a	n/a	n/a	n/a	n/a	n/a	n/a	n/a	n/a	n/a	n/a	n/a	n/a	n/a	n/a	n/a	1301.479914	n/a
1302.046598	1.533503	260409	scene_recognition	n/a	n/a	n/a	71.0	n/a	n/a	n/a	1301.47991375	n/a	1.3934486349080544	2	3	2	HB_2_frameB_foil.png	1	6	1304.9735497499998	0	59	n/a	n/a	intervals/recognition_table	58	1302.046598	1303.580101
1302.046598	0.000000	260409	ttl	1	71	n/a	n/a	n/a	n/a	n/a	n/a	n/a	n/a	n/a	n/a	n/a	n/a	n/a	n/a	n/a	n/a	n/a	n/a	n/a	n/a	n/a	1302.046598	n/a
1303.580101	0.000000	260716	ttl	2	71	n/a	n/a	n/a	n/a	n/a	n/a	n/a	n/a	n/a	n/a	n/a	n/a	n/a	n/a	n/a	n/a	n/a	n/a	n/a	n/a	n/a	1303.580101	n/a
1304.973550	0.000000	260995	ttl	4	71	n/a	n/a	n/a	n/a	n/a	n/a	n/a	n/a	n/a	n/a	n/a	n/a	n/a	n/a	n/a	n/a	n/a	n/a	n/a	n/a	n/a	1304.973550	n/a
1304.992424	0.000000	260998	ttl	11	71	n/a	n/a	n/a	n/a	n/a	n/a	n/a	n/a	n/a	n/a	n/a	n/a	n/a	n/a	n/a	n/a	n/a	n/a	n/a	n/a	n/a	1304.992424	n/a
1305.459000	1.533621	261092	scene_recognition	n/a	n/a	n/a	71.0	n/a	n/a	n/a	1304.99242375	n/a	2.347994788096912	2	1	2	NB_16_frameA.png	2	3	1309.340616	1	60	n/a	n/a	intervals/recognition_table	59	1305.459000	1306.992621
1305.459000	0.000000	261092	ttl	1	71	n/a	n/a	n/a	n/a	n/a	n/a	n/a	n/a	n/a	n/a	n/a	n/a	n/a	n/a	n/a	n/a	n/a	n/a	n/a	n/a	n/a	1305.459000	n/a
1306.992621	0.000000	261399	ttl	2	71	n/a	n/a	n/a	n/a	n/a	n/a	n/a	n/a	n/a	n/a	n/a	n/a	n/a	n/a	n/a	n/a	n/a	n/a	n/a	n/a	n/a	1306.992621	n/a
1309.340616	0.000000	261868	ttl	4	71	n/a	n/a	n/a	n/a	n/a	n/a	n/a	n/a	n/a	n/a	n/a	n/a	n/a	n/a	n/a	n/a	n/a	n/a	n/a	n/a	n/a	1309.340616	n/a
1309.355121	0.000000	261871	ttl	11	71	n/a	n/a	n/a	n/a	n/a	n/a	n/a	n/a	n/a	n/a	n/a	n/a	n/a	n/a	n/a	n/a	n/a	n/a	n/a	n/a	n/a	1309.355121	n/a
1309.888325	1.533546	261978	scene_recognition	n/a	n/a	n/a	71.0	n/a	n/a	n/a	1309.35512075	n/a	2.040530251486416	2	2	1	SB_1_frameA.png	2	4	1313.46240175	1	61	n/a	n/a	intervals/recognition_table	60	1309.888325	1311.421871
1309.888325	0.000000	261978	ttl	1	71	n/a	n/a	n/a	n/a	n/a	n/a	n/a	n/a	n/a	n/a	n/a	n/a	n/a	n/a	n/a	n/a	n/a	n/a	n/a	n/a	n/a	1309.888325	n/a
1311.421871	0.000000	262284	ttl	2	71	n/a	n/a	n/a	n/a	n/a	n/a	n/a	n/a	n/a	n/a	n/a	n/a	n/a	n/a	n/a	n/a	n/a	n/a	n/a	n/a	n/a	1311.421871	n/a
1313.462402	0.000000	262692	ttl	4	71	n/a	n/a	n/a	n/a	n/a	n/a	n/a	n/a	n/a	n/a	n/a	n/a	n/a	n/a	n/a	n/a	n/a	n/a	n/a	n/a	n/a	1313.462402	n/a
1313.464719	0.000000	262693	ttl	11	71	n/a	n/a	n/a	n/a	n/a	n/a	n/a	n/a	n/a	n/a	n/a	n/a	n/a	n/a	n/a	n/a	n/a	n/a	n/a	n/a	n/a	1313.464719	n/a
1313.981360	1.533691	262796	scene_recognition	n/a	n/a	n/a	71.0	n/a	n/a	n/a	1313.46471925	n/a	0.4978056097188528	2	1	1	NB_18_frameA.png	2	4	1316.012857	1	62	n/a	n/a	intervals/recognition_table	61	1313.981360	1315.515051
1313.981360	0.000000	262796	ttl	1	71	n/a	n/a	n/a	n/a	n/a	n/a	n/a	n/a	n/a	n/a	n/a	n/a	n/a	n/a	n/a	n/a	n/a	n/a	n/a	n/a	n/a	1313.981360	n/a
1315.515051	0.000000	263103	ttl	2	71	n/a	n/a	n/a	n/a	n/a	n/a	n/a	n/a	n/a	n/a	n/a	n/a	n/a	n/a	n/a	n/a	n/a	n/a	n/a	n/a	n/a	1315.515051	n/a
1316.012857	0.000000	263203	ttl	4	71	n/a	n/a	n/a	n/a	n/a	n/a	n/a	n/a	n/a	n/a	n/a	n/a	n/a	n/a	n/a	n/a	n/a	n/a	n/a	n/a	n/a	1316.012857	n/a
1316.025576	0.000000	263205	ttl	11	71	n/a	n/a	n/a	n/a	n/a	n/a	n/a	n/a	n/a	n/a	n/a	n/a	n/a	n/a	n/a	n/a	n/a	n/a	n/a	n/a	n/a	1316.025576	n/a
1316.525526	1.533625	263305	scene_recognition	n/a	n/a	n/a	71.0	n/a	n/a	n/a	1316.0255762499999	n/a	1.9208635130216862	2	2	1	SB_1_frameB.png	2	4	1319.9800145	1	63	n/a	n/a	intervals/recognition_table	62	1316.525526	1318.059151
1316.525526	0.000000	263305	ttl	1	71	n/a	n/a	n/a	n/a	n/a	n/a	n/a	n/a	n/a	n/a	n/a	n/a	n/a	n/a	n/a	n/a	n/a	n/a	n/a	n/a	n/a	1316.525526	n/a
1318.059151	0.000000	263612	ttl	2	71	n/a	n/a	n/a	n/a	n/a	n/a	n/a	n/a	n/a	n/a	n/a	n/a	n/a	n/a	n/a	n/a	n/a	n/a	n/a	n/a	n/a	1318.059151	n/a
1319.980014	0.000000	263996	ttl	4	71	n/a	n/a	n/a	n/a	n/a	n/a	n/a	n/a	n/a	n/a	n/a	n/a	n/a	n/a	n/a	n/a	n/a	n/a	n/a	n/a	n/a	1319.980014	n/a
1319.989747	0.000000	263998	ttl	11	71	n/a	n/a	n/a	n/a	n/a	n/a	n/a	n/a	n/a	n/a	n/a	n/a	n/a	n/a	n/a	n/a	n/a	n/a	n/a	n/a	n/a	1319.989747	n/a
1320.489628	1.533543	264098	scene_recognition	n/a	n/a	n/a	71.0	n/a	n/a	n/a	1319.9897469999999	n/a	1.752952478669613	2	1	3	NB_24_frameA.png	2	2	1323.7761245	1	64	n/a	n/a	intervals/recognition_table	63	1320.489628	1322.023172
1320.489628	0.000000	264098	ttl	1	71	n/a	n/a	n/a	n/a	n/a	n/a	n/a	n/a	n/a	n/a	n/a	n/a	n/a	n/a	n/a	n/a	n/a	n/a	n/a	n/a	n/a	1320.489628	n/a
1322.023172	0.000000	264405	ttl	2	71	n/a	n/a	n/a	n/a	n/a	n/a	n/a	n/a	n/a	n/a	n/a	n/a	n/a	n/a	n/a	n/a	n/a	n/a	n/a	n/a	n/a	1322.023172	n/a
1323.776124	0.000000	264755	ttl	4	71	n/a	n/a	n/a	n/a	n/a	n/a	n/a	n/a	n/a	n/a	n/a	n/a	n/a	n/a	n/a	n/a	n/a	n/a	n/a	n/a	n/a	1323.776124	n/a
1323.780356	0.000000	264756	ttl	11	71	n/a	n/a	n/a	n/a	n/a	n/a	n/a	n/a	n/a	n/a	n/a	n/a	n/a	n/a	n/a	n/a	n/a	n/a	n/a	n/a	n/a	1323.780356	n/a
1324.263786	1.533584	264853	scene_recognition	n/a	n/a	n/a	71.0	n/a	n/a	n/a	1323.780356	n/a	1.367905531089491	2	3	2	HB_1_frameA.png	2	3	1327.165276	1	65	n/a	n/a	intervals/recognition_table	64	1324.263786	1325.797370
1324.263786	0.000000	264853	ttl	1	71	n/a	n/a	n/a	n/a	n/a	n/a	n/a	n/a	n/a	n/a	n/a	n/a	n/a	n/a	n/a	n/a	n/a	n/a	n/a	n/a	n/a	1324.263786	n/a
1325.797370	0.000000	265159	ttl	2	71	n/a	n/a	n/a	n/a	n/a	n/a	n/a	n/a	n/a	n/a	n/a	n/a	n/a	n/a	n/a	n/a	n/a	n/a	n/a	n/a	n/a	1325.797370	n/a
1327.165276	0.000000	265433	ttl	4	71	n/a	n/a	n/a	n/a	n/a	n/a	n/a	n/a	n/a	n/a	n/a	n/a	n/a	n/a	n/a	n/a	n/a	n/a	n/a	n/a	n/a	1327.165276	n/a
1327.177272	0.000000	265435	ttl	11	71	n/a	n/a	n/a	n/a	n/a	n/a	n/a	n/a	n/a	n/a	n/a	n/a	n/a	n/a	n/a	n/a	n/a	n/a	n/a	n/a	n/a	1327.177272	n/a
1327.677211	1.533601	265535	scene_recognition	n/a	n/a	n/a	71.0	n/a	n/a	n/a	1327.17727175	n/a	0.344167535793531	2	2	1	SB_5_frameA.png	2	4	1329.55497975	1	66	n/a	n/a	intervals/recognition_table	65	1327.677211	1329.210812
1327.677211	0.000000	265535	ttl	1	71	n/a	n/a	n/a	n/a	n/a	n/a	n/a	n/a	n/a	n/a	n/a	n/a	n/a	n/a	n/a	n/a	n/a	n/a	n/a	n/a	n/a	1327.677211	n/a
1329.210812	0.000000	265842	ttl	2	71	n/a	n/a	n/a	n/a	n/a	n/a	n/a	n/a	n/a	n/a	n/a	n/a	n/a	n/a	n/a	n/a	n/a	n/a	n/a	n/a	n/a	1329.210812	n/a
1329.554980	0.000000	265911	ttl	4	71	n/a	n/a	n/a	n/a	n/a	n/a	n/a	n/a	n/a	n/a	n/a	n/a	n/a	n/a	n/a	n/a	n/a	n/a	n/a	n/a	n/a	1329.554980	n/a
1329.557703	0.000000	265912	ttl	11	71	n/a	n/a	n/a	n/a	n/a	n/a	n/a	n/a	n/a	n/a	n/a	n/a	n/a	n/a	n/a	n/a	n/a	n/a	n/a	n/a	n/a	1329.557703	n/a
1330.040953	1.533529	266008	scene_recognition	n/a	n/a	n/a	71.0	n/a	n/a	n/a	1329.5577025	n/a	2.233312740938345	2	2	2	SB_4_frameB.png	2	3	1333.8077945	1	67	n/a	n/a	intervals/recognition_table	66	1330.040953	1331.574482
1330.040953	0.000000	266008	ttl	1	71	n/a	n/a	n/a	n/a	n/a	n/a	n/a	n/a	n/a	n/a	n/a	n/a	n/a	n/a	n/a	n/a	n/a	n/a	n/a	n/a	n/a	1330.040953	n/a
1331.574482	0.000000	266315	ttl	2	71	n/a	n/a	n/a	n/a	n/a	n/a	n/a	n/a	n/a	n/a	n/a	n/a	n/a	n/a	n/a	n/a	n/a	n/a	n/a	n/a	n/a	1331.574482	n/a
1333.807794	0.000000	266762	ttl	4	71	n/a	n/a	n/a	n/a	n/a	n/a	n/a	n/a	n/a	n/a	n/a	n/a	n/a	n/a	n/a	n/a	n/a	n/a	n/a	n/a	n/a	1333.807794	n/a
1333.817074	0.000000	266763	ttl	11	71	n/a	n/a	n/a	n/a	n/a	n/a	n/a	n/a	n/a	n/a	n/a	n/a	n/a	n/a	n/a	n/a	n/a	n/a	n/a	n/a	n/a	1333.817074	n/a
1334.316934	1.533651	266863	scene_recognition	n/a	n/a	n/a	71.0	n/a	n/a	n/a	1333.8170745	n/a	1.442146492199754	2	3	3	HB_8_frameA_foil.png	1	7	1337.29273075	0	68	n/a	n/a	intervals/recognition_table	67	1334.316934	1335.850584
1334.316934	0.000000	266863	ttl	1	71	n/a	n/a	n/a	n/a	n/a	n/a	n/a	n/a	n/a	n/a	n/a	n/a	n/a	n/a	n/a	n/a	n/a	n/a	n/a	n/a	n/a	1334.316934	n/a
1335.850584	0.000000	267170	ttl	2	71	n/a	n/a	n/a	n/a	n/a	n/a	n/a	n/a	n/a	n/a	n/a	n/a	n/a	n/a	n/a	n/a	n/a	n/a	n/a	n/a	n/a	1335.850584	n/a
1337.292731	0.000000	267459	ttl	4	71	n/a	n/a	n/a	n/a	n/a	n/a	n/a	n/a	n/a	n/a	n/a	n/a	n/a	n/a	n/a	n/a	n/a	n/a	n/a	n/a	n/a	1337.292731	n/a
1337.296625	0.000000	267459	ttl	11	71	n/a	n/a	n/a	n/a	n/a	n/a	n/a	n/a	n/a	n/a	n/a	n/a	n/a	n/a	n/a	n/a	n/a	n/a	n/a	n/a	n/a	1337.296625	n/a
1337.796623	1.533631	267559	scene_recognition	n/a	n/a	n/a	71.0	n/a	n/a	n/a	1337.2966245	n/a	3.0456329197531886	2	3	3	HB_8_frameB.png	2	2	1342.37588775	1	69	n/a	n/a	intervals/recognition_table	68	1337.796623	1339.330255
1337.796623	0.000000	267559	ttl	1	71	n/a	n/a	n/a	n/a	n/a	n/a	n/a	n/a	n/a	n/a	n/a	n/a	n/a	n/a	n/a	n/a	n/a	n/a	n/a	n/a	n/a	1337.796623	n/a
1339.330255	0.000000	267866	ttl	2	71	n/a	n/a	n/a	n/a	n/a	n/a	n/a	n/a	n/a	n/a	n/a	n/a	n/a	n/a	n/a	n/a	n/a	n/a	n/a	n/a	n/a	1339.330255	n/a
1342.375888	0.000000	268475	ttl	4	71	n/a	n/a	n/a	n/a	n/a	n/a	n/a	n/a	n/a	n/a	n/a	n/a	n/a	n/a	n/a	n/a	n/a	n/a	n/a	n/a	n/a	1342.375888	n/a
1342.394272	0.000000	268479	ttl	11	71	n/a	n/a	n/a	n/a	n/a	n/a	n/a	n/a	n/a	n/a	n/a	n/a	n/a	n/a	n/a	n/a	n/a	n/a	n/a	n/a	n/a	1342.394272	n/a
1342.910820	1.533646	268582	scene_recognition	n/a	n/a	n/a	71.0	n/a	n/a	n/a	1342.3942725	n/a	0.3639352455538756	2	2	1	SB_6_frameB.png	2	4	1344.80840075	1	70	n/a	n/a	intervals/recognition_table	69	1342.910820	1344.444465
1342.910820	0.000000	268582	ttl	1	71	n/a	n/a	n/a	n/a	n/a	n/a	n/a	n/a	n/a	n/a	n/a	n/a	n/a	n/a	n/a	n/a	n/a	n/a	n/a	n/a	n/a	1342.910820	n/a
1344.444465	0.000000	268889	ttl	2	71	n/a	n/a	n/a	n/a	n/a	n/a	n/a	n/a	n/a	n/a	n/a	n/a	n/a	n/a	n/a	n/a	n/a	n/a	n/a	n/a	n/a	1344.444465	n/a
1344.808401	0.000000	268962	ttl	4	71	n/a	n/a	n/a	n/a	n/a	n/a	n/a	n/a	n/a	n/a	n/a	n/a	n/a	n/a	n/a	n/a	n/a	n/a	n/a	n/a	n/a	1344.808401	n/a
1344.821790	0.000000	268964	ttl	11	71	n/a	n/a	n/a	n/a	n/a	n/a	n/a	n/a	n/a	n/a	n/a	n/a	n/a	n/a	n/a	n/a	n/a	n/a	n/a	n/a	n/a	1344.821790	n/a
1345.305055	1.533473	269061	scene_recognition	n/a	n/a	n/a	71.0	n/a	n/a	n/a	1344.8217905	n/a	1.0267101883400755	2	3	2	HB_3_frameA_foil.png	1	6	1347.8652385	0	71	n/a	n/a	intervals/recognition_table	70	1345.305055	1346.838528
1345.305055	0.000000	269061	ttl	1	71	n/a	n/a	n/a	n/a	n/a	n/a	n/a	n/a	n/a	n/a	n/a	n/a	n/a	n/a	n/a	n/a	n/a	n/a	n/a	n/a	n/a	1345.305055	n/a
1346.838528	0.000000	269368	ttl	2	71	n/a	n/a	n/a	n/a	n/a	n/a	n/a	n/a	n/a	n/a	n/a	n/a	n/a	n/a	n/a	n/a	n/a	n/a	n/a	n/a	n/a	1346.838528	n/a
1347.865239	0.000000	269573	ttl	4	71	n/a	n/a	n/a	n/a	n/a	n/a	n/a	n/a	n/a	n/a	n/a	n/a	n/a	n/a	n/a	n/a	n/a	n/a	n/a	n/a	n/a	1347.865239	n/a
1347.872385	0.000000	269574	ttl	11	71	n/a	n/a	n/a	n/a	n/a	n/a	n/a	n/a	n/a	n/a	n/a	n/a	n/a	n/a	n/a	n/a	n/a	n/a	n/a	n/a	n/a	1347.872385	n/a
1348.355773	1.533275	269671	scene_recognition	n/a	n/a	n/a	71.0	n/a	n/a	n/a	1347.8723854999998	n/a	1.2115467747589719	2	3	3	HB_9_frameB.png	2	2	1351.10059475	1	72	n/a	n/a	intervals/recognition_table	71	1348.355773	1349.889048
1348.355773	0.000000	269671	ttl	1	71	n/a	n/a	n/a	n/a	n/a	n/a	n/a	n/a	n/a	n/a	n/a	n/a	n/a	n/a	n/a	n/a	n/a	n/a	n/a	n/a	n/a	1348.355773	n/a
1349.889048	0.000000	269978	ttl	2	71	n/a	n/a	n/a	n/a	n/a	n/a	n/a	n/a	n/a	n/a	n/a	n/a	n/a	n/a	n/a	n/a	n/a	n/a	n/a	n/a	n/a	1349.889048	n/a
1351.100595	0.000000	270220	ttl	4	71	n/a	n/a	n/a	n/a	n/a	n/a	n/a	n/a	n/a	n/a	n/a	n/a	n/a	n/a	n/a	n/a	n/a	n/a	n/a	n/a	n/a	1351.100595	n/a
1351.118729	0.000000	270224	ttl	11	71	n/a	n/a	n/a	n/a	n/a	n/a	n/a	n/a	n/a	n/a	n/a	n/a	n/a	n/a	n/a	n/a	n/a	n/a	n/a	n/a	n/a	1351.118729	n/a
1351.618698	1.533612	270324	scene_recognition	n/a	n/a	n/a	71.0	n/a	n/a	n/a	1351.118729	n/a	0.9468158170202514	2	1	2	NB_26_frameB_foil.png	1	6	1354.09912525	0	73	n/a	n/a	intervals/recognition_table	72	1351.618698	1353.152309
1351.618698	0.000000	270324	ttl	1	71	n/a	n/a	n/a	n/a	n/a	n/a	n/a	n/a	n/a	n/a	n/a	n/a	n/a	n/a	n/a	n/a	n/a	n/a	n/a	n/a	n/a	1351.618698	n/a
1353.152309	0.000000	270630	ttl	2	71	n/a	n/a	n/a	n/a	n/a	n/a	n/a	n/a	n/a	n/a	n/a	n/a	n/a	n/a	n/a	n/a	n/a	n/a	n/a	n/a	n/a	1353.152309	n/a
1354.099125	0.000000	270820	ttl	4	71	n/a	n/a	n/a	n/a	n/a	n/a	n/a	n/a	n/a	n/a	n/a	n/a	n/a	n/a	n/a	n/a	n/a	n/a	n/a	n/a	n/a	1354.099125	n/a
1354.103100	0.000000	270821	ttl	11	71	n/a	n/a	n/a	n/a	n/a	n/a	n/a	n/a	n/a	n/a	n/a	n/a	n/a	n/a	n/a	n/a	n/a	n/a	n/a	n/a	n/a	1354.103100	n/a
1354.569636	1.533533	270914	scene_recognition	n/a	n/a	n/a	71.0	n/a	n/a	n/a	1354.1031005	n/a	1.6283407914670534	2	3	3	HB_1_frameB.png	2	2	1357.73150975	1	74	n/a	n/a	intervals/recognition_table	73	1354.569636	1356.103169
1354.569636	0.000000	270914	ttl	1	71	n/a	n/a	n/a	n/a	n/a	n/a	n/a	n/a	n/a	n/a	n/a	n/a	n/a	n/a	n/a	n/a	n/a	n/a	n/a	n/a	n/a	1354.569636	n/a
1356.103169	0.000000	271221	ttl	2	71	n/a	n/a	n/a	n/a	n/a	n/a	n/a	n/a	n/a	n/a	n/a	n/a	n/a	n/a	n/a	n/a	n/a	n/a	n/a	n/a	n/a	1356.103169	n/a
1357.731510	0.000000	271546	ttl	4	71	n/a	n/a	n/a	n/a	n/a	n/a	n/a	n/a	n/a	n/a	n/a	n/a	n/a	n/a	n/a	n/a	n/a	n/a	n/a	n/a	n/a	1357.731510	n/a
1357.737730	0.000000	271548	ttl	11	71	n/a	n/a	n/a	n/a	n/a	n/a	n/a	n/a	n/a	n/a	n/a	n/a	n/a	n/a	n/a	n/a	n/a	n/a	n/a	n/a	n/a	1357.737730	n/a
1358.204483	1.533417	271641	scene_recognition	n/a	n/a	n/a	71.0	n/a	n/a	n/a	1357.73773025	n/a	1.7576087294273748	2	3	3	HB_7_frameA.png	2	2	1361.4955085	1	75	n/a	n/a	intervals/recognition_table	74	1358.204483	1359.737900
1358.204483	0.000000	271641	ttl	1	71	n/a	n/a	n/a	n/a	n/a	n/a	n/a	n/a	n/a	n/a	n/a	n/a	n/a	n/a	n/a	n/a	n/a	n/a	n/a	n/a	n/a	1358.204483	n/a
1359.737900	0.000000	271948	ttl	2	71	n/a	n/a	n/a	n/a	n/a	n/a	n/a	n/a	n/a	n/a	n/a	n/a	n/a	n/a	n/a	n/a	n/a	n/a	n/a	n/a	n/a	1359.737900	n/a
1361.495508	0.000000	272299	ttl	4	71	n/a	n/a	n/a	n/a	n/a	n/a	n/a	n/a	n/a	n/a	n/a	n/a	n/a	n/a	n/a	n/a	n/a	n/a	n/a	n/a	n/a	1361.495508	n/a
1361.498732	0.000000	272300	ttl	11	71	n/a	n/a	n/a	n/a	n/a	n/a	n/a	n/a	n/a	n/a	n/a	n/a	n/a	n/a	n/a	n/a	n/a	n/a	n/a	n/a	n/a	1361.498732	n/a
1362.015444	1.533687	272403	scene_recognition	n/a	n/a	n/a	71.0	n/a	n/a	n/a	1361.49873175	n/a	1.019826858968372	2	1	1	NB_16_frameB_foil.png	1	5	1364.56895775	0	76	n/a	n/a	intervals/recognition_table	75	1362.015444	1363.549131
1362.015444	0.000000	272403	ttl	1	71	n/a	n/a	n/a	n/a	n/a	n/a	n/a	n/a	n/a	n/a	n/a	n/a	n/a	n/a	n/a	n/a	n/a	n/a	n/a	n/a	n/a	1362.015444	n/a
1363.549131	0.000000	272710	ttl	2	71	n/a	n/a	n/a	n/a	n/a	n/a	n/a	n/a	n/a	n/a	n/a	n/a	n/a	n/a	n/a	n/a	n/a	n/a	n/a	n/a	n/a	1363.549131	n/a
1364.568958	0.000000	272914	ttl	4	71	n/a	n/a	n/a	n/a	n/a	n/a	n/a	n/a	n/a	n/a	n/a	n/a	n/a	n/a	n/a	n/a	n/a	n/a	n/a	n/a	n/a	1364.568958	n/a
1364.587820	0.000000	272918	ttl	11	71	n/a	n/a	n/a	n/a	n/a	n/a	n/a	n/a	n/a	n/a	n/a	n/a	n/a	n/a	n/a	n/a	n/a	n/a	n/a	n/a	n/a	1364.587820	n/a
1365.054379	1.533689	273011	scene_recognition	n/a	n/a	n/a	71.0	n/a	n/a	n/a	1364.5878197499999	n/a	0.5677747794488823	2	3	3	HB_6_frameB.png	2	2	1367.1558432499999	1	77	n/a	n/a	intervals/recognition_table	76	1365.054379	1366.588068
1365.054379	0.000000	273011	ttl	1	71	n/a	n/a	n/a	n/a	n/a	n/a	n/a	n/a	n/a	n/a	n/a	n/a	n/a	n/a	n/a	n/a	n/a	n/a	n/a	n/a	n/a	1365.054379	n/a
1366.588068	0.000000	273318	ttl	2	71	n/a	n/a	n/a	n/a	n/a	n/a	n/a	n/a	n/a	n/a	n/a	n/a	n/a	n/a	n/a	n/a	n/a	n/a	n/a	n/a	n/a	1366.588068	n/a
1367.155843	0.000000	273431	ttl	4	71	n/a	n/a	n/a	n/a	n/a	n/a	n/a	n/a	n/a	n/a	n/a	n/a	n/a	n/a	n/a	n/a	n/a	n/a	n/a	n/a	n/a	1367.155843	n/a
1367.160345	0.000000	273432	ttl	11	71	n/a	n/a	n/a	n/a	n/a	n/a	n/a	n/a	n/a	n/a	n/a	n/a	n/a	n/a	n/a	n/a	n/a	n/a	n/a	n/a	n/a	1367.160345	n/a
1367.627006	1.533379	273525	scene_recognition	n/a	n/a	n/a	71.0	n/a	n/a	n/a	1367.1603452499999	n/a	0.9902093285181763	2	3	3	HB_6_frameA_foil.png	1	7	1370.1505945	0	78	n/a	n/a	intervals/recognition_table	77	1367.627006	1369.160385
1367.627006	0.000000	273525	ttl	1	71	n/a	n/a	n/a	n/a	n/a	n/a	n/a	n/a	n/a	n/a	n/a	n/a	n/a	n/a	n/a	n/a	n/a	n/a	n/a	n/a	n/a	1367.627006	n/a
1369.160385	0.000000	273832	ttl	2	71	n/a	n/a	n/a	n/a	n/a	n/a	n/a	n/a	n/a	n/a	n/a	n/a	n/a	n/a	n/a	n/a	n/a	n/a	n/a	n/a	n/a	1369.160385	n/a
1370.150594	0.000000	274030	ttl	4	71	n/a	n/a	n/a	n/a	n/a	n/a	n/a	n/a	n/a	n/a	n/a	n/a	n/a	n/a	n/a	n/a	n/a	n/a	n/a	n/a	n/a	1370.150594	n/a
1370.161612	0.000000	274032	ttl	11	71	n/a	n/a	n/a	n/a	n/a	n/a	n/a	n/a	n/a	n/a	n/a	n/a	n/a	n/a	n/a	n/a	n/a	n/a	n/a	n/a	n/a	1370.161612	n/a
1370.694760	1.533500	274139	scene_recognition	n/a	n/a	n/a	71.0	n/a	n/a	n/a	1370.16161175	n/a	2.2142445366807806	2	2	2	SB_4_frameA_foil.png	1	6	1374.44250425	0	79	n/a	n/a	intervals/recognition_table	78	1370.694760	1372.228260
1370.694760	0.000000	274139	ttl	1	71	n/a	n/a	n/a	n/a	n/a	n/a	n/a	n/a	n/a	n/a	n/a	n/a	n/a	n/a	n/a	n/a	n/a	n/a	n/a	n/a	n/a	1370.694760	n/a
1372.228260	0.000000	274446	ttl	2	71	n/a	n/a	n/a	n/a	n/a	n/a	n/a	n/a	n/a	n/a	n/a	n/a	n/a	n/a	n/a	n/a	n/a	n/a	n/a	n/a	n/a	1372.228260	n/a
1374.442504	0.000000	274889	ttl	4	71	n/a	n/a	n/a	n/a	n/a	n/a	n/a	n/a	n/a	n/a	n/a	n/a	n/a	n/a	n/a	n/a	n/a	n/a	n/a	n/a	n/a	1374.442504	n/a
1374.449970	0.000000	274890	ttl	11	71	n/a	n/a	n/a	n/a	n/a	n/a	n/a	n/a	n/a	n/a	n/a	n/a	n/a	n/a	n/a	n/a	n/a	n/a	n/a	n/a	n/a	1374.449970	n/a
1375.016507	1.533660	275003	scene_recognition	n/a	n/a	n/a	71.0	n/a	n/a	n/a	1374.4499704999998	n/a	0.7853764652809332	2	2	2	SB_9_frameA_foil.png	1	6	1377.33554375	0	80	n/a	n/a	intervals/recognition_table	79	1375.016507	1376.550167
1375.016507	0.000000	275003	ttl	1	71	n/a	n/a	n/a	n/a	n/a	n/a	n/a	n/a	n/a	n/a	n/a	n/a	n/a	n/a	n/a	n/a	n/a	n/a	n/a	n/a	n/a	1375.016507	n/a
1376.550167	0.000000	275310	ttl	2	71	n/a	n/a	n/a	n/a	n/a	n/a	n/a	n/a	n/a	n/a	n/a	n/a	n/a	n/a	n/a	n/a	n/a	n/a	n/a	n/a	n/a	1376.550167	n/a
1377.335544	0.000000	275467	ttl	4	71	n/a	n/a	n/a	n/a	n/a	n/a	n/a	n/a	n/a	n/a	n/a	n/a	n/a	n/a	n/a	n/a	n/a	n/a	n/a	n/a	n/a	1377.335544	n/a
1377.340962	0.000000	275468	ttl	11	71	n/a	n/a	n/a	n/a	n/a	n/a	n/a	n/a	n/a	n/a	n/a	n/a	n/a	n/a	n/a	n/a	n/a	n/a	n/a	n/a	n/a	1377.340962	n/a
1377.907518	1.533445	275582	scene_recognition	n/a	n/a	n/a	71.0	n/a	n/a	n/a	1377.3409625	n/a	1.1348067463204643	2	2	2	SB_6_frameA_foil.png	1	6	1380.57577025	0	81	n/a	n/a	intervals/recognition_table	80	1377.907518	1379.440963
1377.907518	0.000000	275582	ttl	1	71	n/a	n/a	n/a	n/a	n/a	n/a	n/a	n/a	n/a	n/a	n/a	n/a	n/a	n/a	n/a	n/a	n/a	n/a	n/a	n/a	n/a	1377.907518	n/a
1379.440963	0.000000	275888	ttl	2	71	n/a	n/a	n/a	n/a	n/a	n/a	n/a	n/a	n/a	n/a	n/a	n/a	n/a	n/a	n/a	n/a	n/a	n/a	n/a	n/a	n/a	1379.440963	n/a
1380.575770	0.000000	276115	ttl	4	71	n/a	n/a	n/a	n/a	n/a	n/a	n/a	n/a	n/a	n/a	n/a	n/a	n/a	n/a	n/a	n/a	n/a	n/a	n/a	n/a	n/a	1380.575770	n/a
1380.588841	0.000000	276118	ttl	11	71	n/a	n/a	n/a	n/a	n/a	n/a	n/a	n/a	n/a	n/a	n/a	n/a	n/a	n/a	n/a	n/a	n/a	n/a	n/a	n/a	n/a	1380.588841	n/a
1381.038847	1.533514	276208	scene_recognition	n/a	n/a	n/a	71.0	n/a	n/a	n/a	1380.5888415	n/a	0.1776966865909344	2	3	2	HB_1_frameB.png	2	3	1382.7500585	1	82	n/a	n/a	intervals/recognition_table	81	1381.038847	1382.572362
1381.038847	0.000000	276208	ttl	1	71	n/a	n/a	n/a	n/a	n/a	n/a	n/a	n/a	n/a	n/a	n/a	n/a	n/a	n/a	n/a	n/a	n/a	n/a	n/a	n/a	n/a	1381.038847	n/a
1382.572362	0.000000	276514	ttl	2	71	n/a	n/a	n/a	n/a	n/a	n/a	n/a	n/a	n/a	n/a	n/a	n/a	n/a	n/a	n/a	n/a	n/a	n/a	n/a	n/a	n/a	1382.572362	n/a
1382.750059	0.000000	276550	ttl	4	71	n/a	n/a	n/a	n/a	n/a	n/a	n/a	n/a	n/a	n/a	n/a	n/a	n/a	n/a	n/a	n/a	n/a	n/a	n/a	n/a	n/a	1382.750059	n/a
1382.766359	0.000000	276553	ttl	11	71	n/a	n/a	n/a	n/a	n/a	n/a	n/a	n/a	n/a	n/a	n/a	n/a	n/a	n/a	n/a	n/a	n/a	n/a	n/a	n/a	n/a	1382.766359	n/a
1383.249590	1.533584	276650	scene_recognition	n/a	n/a	n/a	71.0	n/a	n/a	n/a	1382.7663595	n/a	0.7959766787262197	2	3	2	HB_5_frameB.png	2	3	1385.57915125	1	83	n/a	n/a	intervals/recognition_table	82	1383.249590	1384.783174
1383.249590	0.000000	276650	ttl	1	71	n/a	n/a	n/a	n/a	n/a	n/a	n/a	n/a	n/a	n/a	n/a	n/a	n/a	n/a	n/a	n/a	n/a	n/a	n/a	n/a	n/a	1383.249590	n/a
1384.783174	0.000000	276957	ttl	2	71	n/a	n/a	n/a	n/a	n/a	n/a	n/a	n/a	n/a	n/a	n/a	n/a	n/a	n/a	n/a	n/a	n/a	n/a	n/a	n/a	n/a	1384.783174	n/a
1385.579151	0.000000	277116	ttl	4	71	n/a	n/a	n/a	n/a	n/a	n/a	n/a	n/a	n/a	n/a	n/a	n/a	n/a	n/a	n/a	n/a	n/a	n/a	n/a	n/a	n/a	1385.579151	n/a
1385.591489	0.000000	277118	ttl	11	71	n/a	n/a	n/a	n/a	n/a	n/a	n/a	n/a	n/a	n/a	n/a	n/a	n/a	n/a	n/a	n/a	n/a	n/a	n/a	n/a	n/a	1385.591489	n/a
1386.091336	1.533449	277218	scene_recognition	n/a	n/a	n/a	71.0	n/a	n/a	n/a	1385.59148925	n/a	0.7449169395713398	2	1	2	NB_18_frameB_foil.png	1	6	1388.3697017499999	0	84	n/a	n/a	intervals/recognition_table	83	1386.091336	1387.624785
1386.091336	0.000000	277218	ttl	1	71	n/a	n/a	n/a	n/a	n/a	n/a	n/a	n/a	n/a	n/a	n/a	n/a	n/a	n/a	n/a	n/a	n/a	n/a	n/a	n/a	n/a	1386.091336	n/a
1387.624785	0.000000	277525	ttl	2	71	n/a	n/a	n/a	n/a	n/a	n/a	n/a	n/a	n/a	n/a	n/a	n/a	n/a	n/a	n/a	n/a	n/a	n/a	n/a	n/a	n/a	1387.624785	n/a
1388.369702	0.000000	277674	ttl	4	71	n/a	n/a	n/a	n/a	n/a	n/a	n/a	n/a	n/a	n/a	n/a	n/a	n/a	n/a	n/a	n/a	n/a	n/a	n/a	n/a	n/a	1388.369702	n/a
1388.372863	0.000000	277675	ttl	11	71	n/a	n/a	n/a	n/a	n/a	n/a	n/a	n/a	n/a	n/a	n/a	n/a	n/a	n/a	n/a	n/a	n/a	n/a	n/a	n/a	n/a	1388.372863	n/a
1388.922754	1.533669	277785	scene_recognition	n/a	n/a	n/a	71.0	n/a	n/a	n/a	1388.37286325	n/a	2.742760605615331	2	2	3	SB_2_frameA.png	2	2	1393.1991845	1	85	n/a	n/a	intervals/recognition_table	84	1388.922754	1390.456424
1388.922754	0.000000	277785	ttl	1	71	n/a	n/a	n/a	n/a	n/a	n/a	n/a	n/a	n/a	n/a	n/a	n/a	n/a	n/a	n/a	n/a	n/a	n/a	n/a	n/a	n/a	1388.922754	n/a
1390.456424	0.000000	278091	ttl	2	71	n/a	n/a	n/a	n/a	n/a	n/a	n/a	n/a	n/a	n/a	n/a	n/a	n/a	n/a	n/a	n/a	n/a	n/a	n/a	n/a	n/a	1390.456424	n/a
1393.199185	0.000000	278640	ttl	4	71	n/a	n/a	n/a	n/a	n/a	n/a	n/a	n/a	n/a	n/a	n/a	n/a	n/a	n/a	n/a	n/a	n/a	n/a	n/a	n/a	n/a	1393.199185	n/a
1393.207907	0.000000	278642	ttl	11	71	n/a	n/a	n/a	n/a	n/a	n/a	n/a	n/a	n/a	n/a	n/a	n/a	n/a	n/a	n/a	n/a	n/a	n/a	n/a	n/a	n/a	1393.207907	n/a
1393.741064	1.533537	278748	scene_recognition	n/a	n/a	n/a	71.0	n/a	n/a	n/a	1393.2079065	n/a	0.19754215158354782	2	1	1	NB_27_frameB.png	2	4	1395.4721425	1	86	n/a	n/a	intervals/recognition_table	85	1393.741064	1395.274600
1393.741064	0.000000	278748	ttl	1	71	n/a	n/a	n/a	n/a	n/a	n/a	n/a	n/a	n/a	n/a	n/a	n/a	n/a	n/a	n/a	n/a	n/a	n/a	n/a	n/a	n/a	1393.741064	n/a
1395.274600	0.000000	279055	ttl	2	71	n/a	n/a	n/a	n/a	n/a	n/a	n/a	n/a	n/a	n/a	n/a	n/a	n/a	n/a	n/a	n/a	n/a	n/a	n/a	n/a	n/a	1395.274600	n/a
1395.472143	0.000000	279094	ttl	4	71	n/a	n/a	n/a	n/a	n/a	n/a	n/a	n/a	n/a	n/a	n/a	n/a	n/a	n/a	n/a	n/a	n/a	n/a	n/a	n/a	n/a	1395.472143	n/a
1395.482057	0.000000	279096	ttl	11	71	n/a	n/a	n/a	n/a	n/a	n/a	n/a	n/a	n/a	n/a	n/a	n/a	n/a	n/a	n/a	n/a	n/a	n/a	n/a	n/a	n/a	1395.482057	n/a
1395.981962	1.533682	279196	scene_recognition	n/a	n/a	n/a	71.0	n/a	n/a	n/a	1395.48205725	n/a	1.271236471240627	2	3	3	HB_5_frameA.png	2	2	1398.7868799999999	1	87	n/a	n/a	intervals/recognition_table	86	1395.981962	1397.515643
1395.981962	0.000000	279196	ttl	1	71	n/a	n/a	n/a	n/a	n/a	n/a	n/a	n/a	n/a	n/a	n/a	n/a	n/a	n/a	n/a	n/a	n/a	n/a	n/a	n/a	n/a	1395.981962	n/a
1397.515643	0.000000	279503	ttl	2	71	n/a	n/a	n/a	n/a	n/a	n/a	n/a	n/a	n/a	n/a	n/a	n/a	n/a	n/a	n/a	n/a	n/a	n/a	n/a	n/a	n/a	1397.515643	n/a
1398.786880	0.000000	279757	ttl	4	71	n/a	n/a	n/a	n/a	n/a	n/a	n/a	n/a	n/a	n/a	n/a	n/a	n/a	n/a	n/a	n/a	n/a	n/a	n/a	n/a	n/a	1398.786880	n/a
1398.792825	0.000000	279759	ttl	11	71	n/a	n/a	n/a	n/a	n/a	n/a	n/a	n/a	n/a	n/a	n/a	n/a	n/a	n/a	n/a	n/a	n/a	n/a	n/a	n/a	n/a	1398.792825	n/a
1399.259468	1.533634	279852	scene_recognition	n/a	n/a	n/a	71.0	n/a	n/a	n/a	1398.792825	n/a	2.1873800705398025	2	1	2	NB_5_frameA_foil.png	1	6	1402.9804817499999	0	88	n/a	n/a	intervals/recognition_table	87	1399.259468	1400.793102
1399.259468	0.000000	279852	ttl	1	71	n/a	n/a	n/a	n/a	n/a	n/a	n/a	n/a	n/a	n/a	n/a	n/a	n/a	n/a	n/a	n/a	n/a	n/a	n/a	n/a	n/a	1399.259468	n/a
1400.793102	0.000000	280159	ttl	2	71	n/a	n/a	n/a	n/a	n/a	n/a	n/a	n/a	n/a	n/a	n/a	n/a	n/a	n/a	n/a	n/a	n/a	n/a	n/a	n/a	n/a	1400.793102	n/a
1402.980482	0.000000	280596	ttl	4	71	n/a	n/a	n/a	n/a	n/a	n/a	n/a	n/a	n/a	n/a	n/a	n/a	n/a	n/a	n/a	n/a	n/a	n/a	n/a	n/a	n/a	1402.980482	n/a
1402.996129	0.000000	280599	ttl	11	71	n/a	n/a	n/a	n/a	n/a	n/a	n/a	n/a	n/a	n/a	n/a	n/a	n/a	n/a	n/a	n/a	n/a	n/a	n/a	n/a	n/a	1402.996129	n/a
1403.545967	1.533672	280709	scene_recognition	n/a	n/a	n/a	71.0	n/a	n/a	n/a	1402.99612875	n/a	1.6141714151654014	2	2	3	SB_3_frameA.png	2	2	1406.6938102499998	1	89	n/a	n/a	intervals/recognition_table	88	1403.545967	1405.079639
1403.545967	0.000000	280709	ttl	1	71	n/a	n/a	n/a	n/a	n/a	n/a	n/a	n/a	n/a	n/a	n/a	n/a	n/a	n/a	n/a	n/a	n/a	n/a	n/a	n/a	n/a	1403.545967	n/a
1405.079639	0.000000	281016	ttl	2	71	n/a	n/a	n/a	n/a	n/a	n/a	n/a	n/a	n/a	n/a	n/a	n/a	n/a	n/a	n/a	n/a	n/a	n/a	n/a	n/a	n/a	1405.079639	n/a
1406.693810	0.000000	281339	ttl	4	71	n/a	n/a	n/a	n/a	n/a	n/a	n/a	n/a	n/a	n/a	n/a	n/a	n/a	n/a	n/a	n/a	n/a	n/a	n/a	n/a	n/a	1406.693810	n/a
1406.703629	0.000000	281341	ttl	11	71	n/a	n/a	n/a	n/a	n/a	n/a	n/a	n/a	n/a	n/a	n/a	n/a	n/a	n/a	n/a	n/a	n/a	n/a	n/a	n/a	n/a	1406.703629	n/a
1407.236982	1.533586	281447	scene_recognition	n/a	n/a	n/a	71.0	n/a	n/a	n/a	1406.70362925	n/a	0.13357372303289594	2	1	2	NB_7_frameB.png	2	3	1408.9041419999999	1	90	n/a	n/a	intervals/recognition_table	89	1407.236982	1408.770568
1407.236982	0.000000	281447	ttl	1	71	n/a	n/a	n/a	n/a	n/a	n/a	n/a	n/a	n/a	n/a	n/a	n/a	n/a	n/a	n/a	n/a	n/a	n/a	n/a	n/a	n/a	1407.236982	n/a
1408.770568	0.000000	281754	ttl	2	71	n/a	n/a	n/a	n/a	n/a	n/a	n/a	n/a	n/a	n/a	n/a	n/a	n/a	n/a	n/a	n/a	n/a	n/a	n/a	n/a	n/a	1408.770568	n/a
1408.904142	0.000000	281781	ttl	4	71	n/a	n/a	n/a	n/a	n/a	n/a	n/a	n/a	n/a	n/a	n/a	n/a	n/a	n/a	n/a	n/a	n/a	n/a	n/a	n/a	n/a	1408.904142	n/a
1408.912781	0.000000	281783	ttl	11	71	n/a	n/a	n/a	n/a	n/a	n/a	n/a	n/a	n/a	n/a	n/a	n/a	n/a	n/a	n/a	n/a	n/a	n/a	n/a	n/a	n/a	1408.912781	n/a
1409.362635	1.533532	281873	scene_recognition	n/a	n/a	n/a	71.0	n/a	n/a	n/a	1408.91278075	n/a	0.9624422864690132	2	3	3	HB_4_frameB_foil.png	1	7	1411.85860875	0	91	n/a	n/a	intervals/recognition_table	90	1409.362635	1410.896166
1409.362635	0.000000	281873	ttl	1	71	n/a	n/a	n/a	n/a	n/a	n/a	n/a	n/a	n/a	n/a	n/a	n/a	n/a	n/a	n/a	n/a	n/a	n/a	n/a	n/a	n/a	1409.362635	n/a
1410.896166	0.000000	282179	ttl	2	71	n/a	n/a	n/a	n/a	n/a	n/a	n/a	n/a	n/a	n/a	n/a	n/a	n/a	n/a	n/a	n/a	n/a	n/a	n/a	n/a	n/a	1410.896166	n/a
1411.858609	0.000000	282372	ttl	4	71	n/a	n/a	n/a	n/a	n/a	n/a	n/a	n/a	n/a	n/a	n/a	n/a	n/a	n/a	n/a	n/a	n/a	n/a	n/a	n/a	n/a	1411.858609	n/a
1411.875810	0.000000	282375	ttl	11	71	n/a	n/a	n/a	n/a	n/a	n/a	n/a	n/a	n/a	n/a	n/a	n/a	n/a	n/a	n/a	n/a	n/a	n/a	n/a	n/a	n/a	1411.875810	n/a
1412.392496	1.533444	282478	scene_recognition	n/a	n/a	n/a	71.0	n/a	n/a	n/a	1411.8758102499999	n/a	1.2105894739252108	2	1	1	NB_1_frameB.png	2	4	1415.1365294999998	1	92	n/a	n/a	intervals/recognition_table	91	1412.392496	1413.925940
1412.392496	0.000000	282478	ttl	1	71	n/a	n/a	n/a	n/a	n/a	n/a	n/a	n/a	n/a	n/a	n/a	n/a	n/a	n/a	n/a	n/a	n/a	n/a	n/a	n/a	n/a	1412.392496	n/a
1413.925940	0.000000	282785	ttl	2	71	n/a	n/a	n/a	n/a	n/a	n/a	n/a	n/a	n/a	n/a	n/a	n/a	n/a	n/a	n/a	n/a	n/a	n/a	n/a	n/a	n/a	1413.925940	n/a
1415.136529	0.000000	283027	ttl	4	71	n/a	n/a	n/a	n/a	n/a	n/a	n/a	n/a	n/a	n/a	n/a	n/a	n/a	n/a	n/a	n/a	n/a	n/a	n/a	n/a	n/a	1415.136529	n/a
1415.143549	0.000000	283029	ttl	11	71	n/a	n/a	n/a	n/a	n/a	n/a	n/a	n/a	n/a	n/a	n/a	n/a	n/a	n/a	n/a	n/a	n/a	n/a	n/a	n/a	n/a	1415.143549	n/a
1415.660192	1.533502	283132	scene_recognition	n/a	n/a	n/a	71.0	n/a	n/a	n/a	1415.14354925	n/a	0.2574937167337339	2	3	2	HB_7_frameA_foil.png	1	6	1417.45118725	0	93	n/a	n/a	intervals/recognition_table	92	1415.660192	1417.193694
1415.660192	0.000000	283132	ttl	1	71	n/a	n/a	n/a	n/a	n/a	n/a	n/a	n/a	n/a	n/a	n/a	n/a	n/a	n/a	n/a	n/a	n/a	n/a	n/a	n/a	n/a	1415.660192	n/a
1417.193694	0.000000	283439	ttl	2	71	n/a	n/a	n/a	n/a	n/a	n/a	n/a	n/a	n/a	n/a	n/a	n/a	n/a	n/a	n/a	n/a	n/a	n/a	n/a	n/a	n/a	1417.193694	n/a
1417.451187	0.000000	283490	ttl	4	71	n/a	n/a	n/a	n/a	n/a	n/a	n/a	n/a	n/a	n/a	n/a	n/a	n/a	n/a	n/a	n/a	n/a	n/a	n/a	n/a	n/a	1417.451187	n/a
1417.466559	0.000000	283493	ttl	11	71	n/a	n/a	n/a	n/a	n/a	n/a	n/a	n/a	n/a	n/a	n/a	n/a	n/a	n/a	n/a	n/a	n/a	n/a	n/a	n/a	n/a	1417.466559	n/a
1417.999886	1.533674	283600	scene_recognition	n/a	n/a	n/a	71.0	n/a	n/a	n/a	1417.4665587499999	n/a	1.46989528422273	2	1	3	NB_8_frameA.png	2	2	1421.0034557499998	1	94	n/a	n/a	intervals/recognition_table	93	1417.999886	1419.533561
1417.999886	0.000000	283600	ttl	1	71	n/a	n/a	n/a	n/a	n/a	n/a	n/a	n/a	n/a	n/a	n/a	n/a	n/a	n/a	n/a	n/a	n/a	n/a	n/a	n/a	n/a	1417.999886	n/a
1419.533561	0.000000	283907	ttl	2	71	n/a	n/a	n/a	n/a	n/a	n/a	n/a	n/a	n/a	n/a	n/a	n/a	n/a	n/a	n/a	n/a	n/a	n/a	n/a	n/a	n/a	1419.533561	n/a
1421.003456	0.000000	284201	ttl	4	71	n/a	n/a	n/a	n/a	n/a	n/a	n/a	n/a	n/a	n/a	n/a	n/a	n/a	n/a	n/a	n/a	n/a	n/a	n/a	n/a	n/a	1421.003456	n/a
1421.019204	0.000000	284204	ttl	11	71	n/a	n/a	n/a	n/a	n/a	n/a	n/a	n/a	n/a	n/a	n/a	n/a	n/a	n/a	n/a	n/a	n/a	n/a	n/a	n/a	n/a	1421.019204	n/a
1421.502540	1.533640	284301	scene_recognition	n/a	n/a	n/a	71.0	n/a	n/a	n/a	1421.0192035	n/a	0.06849146006061346	2	1	3	NB_30_frameA.png	2	2	1423.1046709999998	1	95	n/a	n/a	intervals/recognition_table	94	1421.502540	1423.036179
1421.502540	0.000000	284301	ttl	1	71	n/a	n/a	n/a	n/a	n/a	n/a	n/a	n/a	n/a	n/a	n/a	n/a	n/a	n/a	n/a	n/a	n/a	n/a	n/a	n/a	n/a	1421.502540	n/a
1423.036179	0.000000	284607	ttl	2	71	n/a	n/a	n/a	n/a	n/a	n/a	n/a	n/a	n/a	n/a	n/a	n/a	n/a	n/a	n/a	n/a	n/a	n/a	n/a	n/a	n/a	1423.036179	n/a
1423.104671	0.000000	284621	ttl	4	71	n/a	n/a	n/a	n/a	n/a	n/a	n/a	n/a	n/a	n/a	n/a	n/a	n/a	n/a	n/a	n/a	n/a	n/a	n/a	n/a	n/a	1423.104671	n/a
1423.106882	0.000000	284621	ttl	11	71	n/a	n/a	n/a	n/a	n/a	n/a	n/a	n/a	n/a	n/a	n/a	n/a	n/a	n/a	n/a	n/a	n/a	n/a	n/a	n/a	n/a	1423.106882	n/a
1423.623570	1.533626	284725	scene_recognition	n/a	n/a	n/a	71.0	n/a	n/a	n/a	1423.10688225	n/a	2.300003613378067	2	2	2	SB_4_frameB_foil.png	1	6	1427.45720025	0	96	n/a	n/a	intervals/recognition_table	95	1423.623570	1425.157196
1423.623570	0.000000	284725	ttl	1	71	n/a	n/a	n/a	n/a	n/a	n/a	n/a	n/a	n/a	n/a	n/a	n/a	n/a	n/a	n/a	n/a	n/a	n/a	n/a	n/a	n/a	1423.623570	n/a
1425.157196	0.000000	285031	ttl	2	71	n/a	n/a	n/a	n/a	n/a	n/a	n/a	n/a	n/a	n/a	n/a	n/a	n/a	n/a	n/a	n/a	n/a	n/a	n/a	n/a	n/a	1425.157196	n/a
1427.457200	0.000000	285491	ttl	4	71	n/a	n/a	n/a	n/a	n/a	n/a	n/a	n/a	n/a	n/a	n/a	n/a	n/a	n/a	n/a	n/a	n/a	n/a	n/a	n/a	n/a	1427.457200	n/a
1427.463051	0.000000	285493	ttl	11	71	n/a	n/a	n/a	n/a	n/a	n/a	n/a	n/a	n/a	n/a	n/a	n/a	n/a	n/a	n/a	n/a	n/a	n/a	n/a	n/a	n/a	1427.463051	n/a
1427.946265	1.556054	285589	scene_recognition	n/a	n/a	n/a	71.0	n/a	n/a	n/a	1427.463051	n/a	1.4204626868977357	2	2	1	SB_6_frameA_foil.png	1	5	1430.92278175	0	97	n/a	n/a	intervals/recognition_table	96	1427.946265	1429.502319
1427.946265	0.000000	285589	ttl	1	71	n/a	n/a	n/a	n/a	n/a	n/a	n/a	n/a	n/a	n/a	n/a	n/a	n/a	n/a	n/a	n/a	n/a	n/a	n/a	n/a	n/a	1427.946265	n/a
1429.502319	0.000000	285900	ttl	2	71	n/a	n/a	n/a	n/a	n/a	n/a	n/a	n/a	n/a	n/a	n/a	n/a	n/a	n/a	n/a	n/a	n/a	n/a	n/a	n/a	n/a	1429.502319	n/a
1430.922782	0.000000	286185	ttl	4	71	n/a	n/a	n/a	n/a	n/a	n/a	n/a	n/a	n/a	n/a	n/a	n/a	n/a	n/a	n/a	n/a	n/a	n/a	n/a	n/a	n/a	1430.922782	n/a
1430.933566	0.000000	286187	ttl	11	71	n/a	n/a	n/a	n/a	n/a	n/a	n/a	n/a	n/a	n/a	n/a	n/a	n/a	n/a	n/a	n/a	n/a	n/a	n/a	n/a	n/a	1430.933566	n/a
1431.416851	1.533467	286283	scene_recognition	n/a	n/a	n/a	71.0	n/a	n/a	n/a	1430.9335657499998	n/a	1.2071104688620835	2	3	2	HB_6_frameA.png	2	3	1434.15742775	1	98	n/a	n/a	intervals/recognition_table	97	1431.416851	1432.950317
1431.416851	0.000000	286283	ttl	1	71	n/a	n/a	n/a	n/a	n/a	n/a	n/a	n/a	n/a	n/a	n/a	n/a	n/a	n/a	n/a	n/a	n/a	n/a	n/a	n/a	n/a	1431.416851	n/a
1432.950317	0.000000	286590	ttl	2	71	n/a	n/a	n/a	n/a	n/a	n/a	n/a	n/a	n/a	n/a	n/a	n/a	n/a	n/a	n/a	n/a	n/a	n/a	n/a	n/a	n/a	1432.950317	n/a
1434.157428	0.000000	286831	ttl	4	71	n/a	n/a	n/a	n/a	n/a	n/a	n/a	n/a	n/a	n/a	n/a	n/a	n/a	n/a	n/a	n/a	n/a	n/a	n/a	n/a	n/a	1434.157428	n/a
1434.166341	0.000000	286833	ttl	11	71	n/a	n/a	n/a	n/a	n/a	n/a	n/a	n/a	n/a	n/a	n/a	n/a	n/a	n/a	n/a	n/a	n/a	n/a	n/a	n/a	n/a	1434.166341	n/a
1434.616194	1.533690	286923	scene_recognition	n/a	n/a	n/a	71.0	n/a	n/a	n/a	1434.16634125	n/a	1.9299490025459818	2	1	1	NB_17_frameA_foil.png	1	5	1438.07983225	0	99	n/a	n/a	intervals/recognition_table	98	1434.616194	1436.149883
1434.616194	0.000000	286923	ttl	1	71	n/a	n/a	n/a	n/a	n/a	n/a	n/a	n/a	n/a	n/a	n/a	n/a	n/a	n/a	n/a	n/a	n/a	n/a	n/a	n/a	n/a	1434.616194	n/a
1436.149883	0.000000	287230	ttl	2	71	n/a	n/a	n/a	n/a	n/a	n/a	n/a	n/a	n/a	n/a	n/a	n/a	n/a	n/a	n/a	n/a	n/a	n/a	n/a	n/a	n/a	1436.149883	n/a
1438.079832	0.000000	287616	ttl	4	71	n/a	n/a	n/a	n/a	n/a	n/a	n/a	n/a	n/a	n/a	n/a	n/a	n/a	n/a	n/a	n/a	n/a	n/a	n/a	n/a	n/a	1438.079832	n/a
1438.090647	0.000000	287618	ttl	11	71	n/a	n/a	n/a	n/a	n/a	n/a	n/a	n/a	n/a	n/a	n/a	n/a	n/a	n/a	n/a	n/a	n/a	n/a	n/a	n/a	n/a	1438.090647	n/a
1438.590492	1.533399	287718	scene_recognition	n/a	n/a	n/a	71.0	n/a	n/a	n/a	1438.090647	n/a	1.4472789848532557	2	1	3	NB_13_frameB.png	2	2	1441.5711704999999	1	100	n/a	n/a	intervals/recognition_table	99	1438.590492	1440.123891
1438.590492	0.000000	287718	ttl	1	71	n/a	n/a	n/a	n/a	n/a	n/a	n/a	n/a	n/a	n/a	n/a	n/a	n/a	n/a	n/a	n/a	n/a	n/a	n/a	n/a	n/a	1438.590492	n/a
1440.123891	0.000000	288025	ttl	2	71	n/a	n/a	n/a	n/a	n/a	n/a	n/a	n/a	n/a	n/a	n/a	n/a	n/a	n/a	n/a	n/a	n/a	n/a	n/a	n/a	n/a	1440.123891	n/a
1441.571170	0.000000	288314	ttl	4	71	n/a	n/a	n/a	n/a	n/a	n/a	n/a	n/a	n/a	n/a	n/a	n/a	n/a	n/a	n/a	n/a	n/a	n/a	n/a	n/a	n/a	1441.571170	n/a
1441.583541	0.000000	288317	ttl	11	71	n/a	n/a	n/a	n/a	n/a	n/a	n/a	n/a	n/a	n/a	n/a	n/a	n/a	n/a	n/a	n/a	n/a	n/a	n/a	n/a	n/a	1441.583541	n/a
1442.116869	1.533553	288423	scene_recognition	n/a	n/a	n/a	71.0	n/a	n/a	n/a	1441.5835415	n/a	2.610887699145678	2	2	1	SB_3_frameA_foil.png	1	5	1446.26130975	0	101	n/a	n/a	intervals/recognition_table	100	1442.116869	1443.650422
1442.116869	0.000000	288423	ttl	1	71	n/a	n/a	n/a	n/a	n/a	n/a	n/a	n/a	n/a	n/a	n/a	n/a	n/a	n/a	n/a	n/a	n/a	n/a	n/a	n/a	n/a	1442.116869	n/a
1443.650422	0.000000	288730	ttl	2	71	n/a	n/a	n/a	n/a	n/a	n/a	n/a	n/a	n/a	n/a	n/a	n/a	n/a	n/a	n/a	n/a	n/a	n/a	n/a	n/a	n/a	1443.650422	n/a
1446.261310	0.000000	289252	ttl	4	71	n/a	n/a	n/a	n/a	n/a	n/a	n/a	n/a	n/a	n/a	n/a	n/a	n/a	n/a	n/a	n/a	n/a	n/a	n/a	n/a	n/a	1446.261310	n/a
1446.269251	0.000000	289254	ttl	11	71	n/a	n/a	n/a	n/a	n/a	n/a	n/a	n/a	n/a	n/a	n/a	n/a	n/a	n/a	n/a	n/a	n/a	n/a	n/a	n/a	n/a	1446.269251	n/a
1446.819145	1.533589	289364	scene_recognition	n/a	n/a	n/a	71.0	n/a	n/a	n/a	1446.269251	n/a	1.1672385589918122	2	1	3	NB_21_frameB.png	2	2	1449.5199725	1	102	n/a	n/a	intervals/recognition_table	101	1446.819145	1448.352734
1446.819145	0.000000	289364	ttl	1	71	n/a	n/a	n/a	n/a	n/a	n/a	n/a	n/a	n/a	n/a	n/a	n/a	n/a	n/a	n/a	n/a	n/a	n/a	n/a	n/a	n/a	1446.819145	n/a
1448.352734	0.000000	289671	ttl	2	71	n/a	n/a	n/a	n/a	n/a	n/a	n/a	n/a	n/a	n/a	n/a	n/a	n/a	n/a	n/a	n/a	n/a	n/a	n/a	n/a	n/a	1448.352734	n/a
1449.519972	0.000000	289904	ttl	4	71	n/a	n/a	n/a	n/a	n/a	n/a	n/a	n/a	n/a	n/a	n/a	n/a	n/a	n/a	n/a	n/a	n/a	n/a	n/a	n/a	n/a	1449.519972	n/a
1449.526848	0.000000	289905	ttl	11	71	n/a	n/a	n/a	n/a	n/a	n/a	n/a	n/a	n/a	n/a	n/a	n/a	n/a	n/a	n/a	n/a	n/a	n/a	n/a	n/a	n/a	1449.526848	n/a
1450.059987	1.533602	290012	scene_recognition	n/a	n/a	n/a	71.0	n/a	n/a	n/a	1449.526848	n/a	0.9188586458622012	2	1	3	NB_15_frameB.png	2	2	1452.51244725	1	103	n/a	n/a	intervals/recognition_table	102	1450.059987	1451.593588
1450.059987	0.000000	290012	ttl	1	71	n/a	n/a	n/a	n/a	n/a	n/a	n/a	n/a	n/a	n/a	n/a	n/a	n/a	n/a	n/a	n/a	n/a	n/a	n/a	n/a	n/a	1450.059987	n/a
1451.593588	0.000000	290319	ttl	2	71	n/a	n/a	n/a	n/a	n/a	n/a	n/a	n/a	n/a	n/a	n/a	n/a	n/a	n/a	n/a	n/a	n/a	n/a	n/a	n/a	n/a	1451.593588	n/a
1452.512447	0.000000	290502	ttl	4	71	n/a	n/a	n/a	n/a	n/a	n/a	n/a	n/a	n/a	n/a	n/a	n/a	n/a	n/a	n/a	n/a	n/a	n/a	n/a	n/a	n/a	1452.512447	n/a
1452.523033	0.000000	290505	ttl	11	71	n/a	n/a	n/a	n/a	n/a	n/a	n/a	n/a	n/a	n/a	n/a	n/a	n/a	n/a	n/a	n/a	n/a	n/a	n/a	n/a	n/a	1452.523033	n/a
1453.039607	1.533340	290608	scene_recognition	n/a	n/a	n/a	71.0	n/a	n/a	n/a	1452.5230334999999	n/a	0.5073090531132038	2	3	3	HB_4_frameB.png	2	2	1455.08025625	1	104	n/a	n/a	intervals/recognition_table	103	1453.039607	1454.572947
1453.039607	0.000000	290608	ttl	1	71	n/a	n/a	n/a	n/a	n/a	n/a	n/a	n/a	n/a	n/a	n/a	n/a	n/a	n/a	n/a	n/a	n/a	n/a	n/a	n/a	n/a	1453.039607	n/a
1454.572947	0.000000	290915	ttl	2	71	n/a	n/a	n/a	n/a	n/a	n/a	n/a	n/a	n/a	n/a	n/a	n/a	n/a	n/a	n/a	n/a	n/a	n/a	n/a	n/a	n/a	1454.572947	n/a
1455.080256	0.000000	291016	ttl	4	71	n/a	n/a	n/a	n/a	n/a	n/a	n/a	n/a	n/a	n/a	n/a	n/a	n/a	n/a	n/a	n/a	n/a	n/a	n/a	n/a	n/a	1455.080256	n/a
1455.094779	0.000000	291019	ttl	11	71	n/a	n/a	n/a	n/a	n/a	n/a	n/a	n/a	n/a	n/a	n/a	n/a	n/a	n/a	n/a	n/a	n/a	n/a	n/a	n/a	n/a	1455.094779	n/a
1455.611342	1.533652	291122	scene_recognition	n/a	n/a	n/a	71.0	n/a	n/a	n/a	1455.09477875	n/a	1.0820259401607473	2	1	2	NB_11_frameA_foil.png	1	6	1458.22701975	0	105	n/a	n/a	intervals/recognition_table	104	1455.611342	1457.144994
1455.611342	0.000000	291122	ttl	1	71	n/a	n/a	n/a	n/a	n/a	n/a	n/a	n/a	n/a	n/a	n/a	n/a	n/a	n/a	n/a	n/a	n/a	n/a	n/a	n/a	n/a	1455.611342	n/a
1457.144994	0.000000	291429	ttl	2	71	n/a	n/a	n/a	n/a	n/a	n/a	n/a	n/a	n/a	n/a	n/a	n/a	n/a	n/a	n/a	n/a	n/a	n/a	n/a	n/a	n/a	1457.144994	n/a
1458.227020	0.000000	291645	ttl	4	71	n/a	n/a	n/a	n/a	n/a	n/a	n/a	n/a	n/a	n/a	n/a	n/a	n/a	n/a	n/a	n/a	n/a	n/a	n/a	n/a	n/a	1458.227020	n/a
1458.231852	0.000000	291646	ttl	11	71	n/a	n/a	n/a	n/a	n/a	n/a	n/a	n/a	n/a	n/a	n/a	n/a	n/a	n/a	n/a	n/a	n/a	n/a	n/a	n/a	n/a	1458.231852	n/a
1458.715084	1.533501	291743	scene_recognition	n/a	n/a	n/a	71.0	n/a	n/a	n/a	1458.23185225	n/a	1.7808270973728213	2	1	3	NB_8_frameB_foil.png	1	7	1462.0294125	0	106	n/a	n/a	intervals/recognition_table	105	1458.715084	1460.248585
1458.715084	0.000000	291743	ttl	1	71	n/a	n/a	n/a	n/a	n/a	n/a	n/a	n/a	n/a	n/a	n/a	n/a	n/a	n/a	n/a	n/a	n/a	n/a	n/a	n/a	n/a	1458.715084	n/a
1460.248585	0.000000	292050	ttl	2	71	n/a	n/a	n/a	n/a	n/a	n/a	n/a	n/a	n/a	n/a	n/a	n/a	n/a	n/a	n/a	n/a	n/a	n/a	n/a	n/a	n/a	1460.248585	n/a
1462.029413	0.000000	292406	ttl	4	71	n/a	n/a	n/a	n/a	n/a	n/a	n/a	n/a	n/a	n/a	n/a	n/a	n/a	n/a	n/a	n/a	n/a	n/a	n/a	n/a	n/a	1462.029413	n/a
1462.032366	0.000000	292406	ttl	11	71	n/a	n/a	n/a	n/a	n/a	n/a	n/a	n/a	n/a	n/a	n/a	n/a	n/a	n/a	n/a	n/a	n/a	n/a	n/a	n/a	n/a	1462.032366	n/a
1462.582377	1.533527	292516	scene_recognition	n/a	n/a	n/a	71.0	n/a	n/a	n/a	1462.0323664999999	n/a	1.4070850326697837	1	2	3	SB_3_frameB_foil.png	2	2	1465.5229889999998	0	107	n/a	n/a	intervals/recognition_table	106	1462.582377	1464.115904
1462.582377	0.000000	292516	ttl	1	71	n/a	n/a	n/a	n/a	n/a	n/a	n/a	n/a	n/a	n/a	n/a	n/a	n/a	n/a	n/a	n/a	n/a	n/a	n/a	n/a	n/a	1462.582377	n/a
1464.115904	0.000000	292823	ttl	2	71	n/a	n/a	n/a	n/a	n/a	n/a	n/a	n/a	n/a	n/a	n/a	n/a	n/a	n/a	n/a	n/a	n/a	n/a	n/a	n/a	n/a	1464.115904	n/a
1465.522989	0.000000	293105	ttl	4	71	n/a	n/a	n/a	n/a	n/a	n/a	n/a	n/a	n/a	n/a	n/a	n/a	n/a	n/a	n/a	n/a	n/a	n/a	n/a	n/a	n/a	1465.522989	n/a
1465.527279	0.000000	293105	ttl	11	71	n/a	n/a	n/a	n/a	n/a	n/a	n/a	n/a	n/a	n/a	n/a	n/a	n/a	n/a	n/a	n/a	n/a	n/a	n/a	n/a	n/a	1465.527279	n/a
1466.060477	1.533683	293212	scene_recognition	n/a	n/a	n/a	71.0	n/a	n/a	n/a	1465.52727925	n/a	0.6190001626837329	1	3	2	HB_9_frameA_foil.png	2	3	1468.2131602499999	0	108	n/a	n/a	intervals/recognition_table	107	1466.060477	1467.594160
1466.060477	0.000000	293212	ttl	1	71	n/a	n/a	n/a	n/a	n/a	n/a	n/a	n/a	n/a	n/a	n/a	n/a	n/a	n/a	n/a	n/a	n/a	n/a	n/a	n/a	n/a	1466.060477	n/a
1467.594160	0.000000	293519	ttl	2	71	n/a	n/a	n/a	n/a	n/a	n/a	n/a	n/a	n/a	n/a	n/a	n/a	n/a	n/a	n/a	n/a	n/a	n/a	n/a	n/a	n/a	1467.594160	n/a
1468.213160	0.000000	293643	ttl	4	71	n/a	n/a	n/a	n/a	n/a	n/a	n/a	n/a	n/a	n/a	n/a	n/a	n/a	n/a	n/a	n/a	n/a	n/a	n/a	n/a	n/a	1468.213160	n/a
1468.229640	0.000000	293646	ttl	11	71	n/a	n/a	n/a	n/a	n/a	n/a	n/a	n/a	n/a	n/a	n/a	n/a	n/a	n/a	n/a	n/a	n/a	n/a	n/a	n/a	n/a	1468.229640	n/a
1468.796183	1.533650	293759	scene_recognition	n/a	n/a	n/a	71.0	n/a	n/a	n/a	1468.22963975	n/a	1.0862723851605551	1	2	2	SB_5_frameB.png	1	6	1471.41610575	1	109	n/a	n/a	intervals/recognition_table	108	1468.796183	1470.329833
1468.796183	0.000000	293759	ttl	1	71	n/a	n/a	n/a	n/a	n/a	n/a	n/a	n/a	n/a	n/a	n/a	n/a	n/a	n/a	n/a	n/a	n/a	n/a	n/a	n/a	n/a	1468.796183	n/a
1470.329833	0.000000	294066	ttl	2	71	n/a	n/a	n/a	n/a	n/a	n/a	n/a	n/a	n/a	n/a	n/a	n/a	n/a	n/a	n/a	n/a	n/a	n/a	n/a	n/a	n/a	1470.329833	n/a
1471.416106	0.000000	294283	ttl	4	71	n/a	n/a	n/a	n/a	n/a	n/a	n/a	n/a	n/a	n/a	n/a	n/a	n/a	n/a	n/a	n/a	n/a	n/a	n/a	n/a	n/a	1471.416106	n/a
1471.434056	0.000000	294287	ttl	11	71	n/a	n/a	n/a	n/a	n/a	n/a	n/a	n/a	n/a	n/a	n/a	n/a	n/a	n/a	n/a	n/a	n/a	n/a	n/a	n/a	n/a	1471.434056	n/a
1471.984036	1.533535	294397	scene_recognition	n/a	n/a	n/a	71.0	n/a	n/a	n/a	1471.43405625	n/a	1.4042032838970044	2	3	3	HB_5_frameA.png	2	2	1474.9217737499998	1	110	n/a	n/a	intervals/recognition_table	109	1471.984036	1473.517570
1471.984036	0.000000	294397	ttl	1	71	n/a	n/a	n/a	n/a	n/a	n/a	n/a	n/a	n/a	n/a	n/a	n/a	n/a	n/a	n/a	n/a	n/a	n/a	n/a	n/a	n/a	1471.984036	n/a
1473.517570	0.000000	294704	ttl	2	71	n/a	n/a	n/a	n/a	n/a	n/a	n/a	n/a	n/a	n/a	n/a	n/a	n/a	n/a	n/a	n/a	n/a	n/a	n/a	n/a	n/a	1473.517570	n/a
1474.921774	0.000000	294984	ttl	4	71	n/a	n/a	n/a	n/a	n/a	n/a	n/a	n/a	n/a	n/a	n/a	n/a	n/a	n/a	n/a	n/a	n/a	n/a	n/a	n/a	n/a	1474.921774	n/a
1474.934515	0.000000	294987	ttl	11	71	n/a	n/a	n/a	n/a	n/a	n/a	n/a	n/a	n/a	n/a	n/a	n/a	n/a	n/a	n/a	n/a	n/a	n/a	n/a	n/a	n/a	1474.934515	n/a
1475.484281	1.533698	295097	scene_recognition	n/a	n/a	n/a	71.0	n/a	n/a	n/a	1474.9345147499998	n/a	1.217695430628737	2	3	2	HB_1_frameA.png	2	3	1478.23567525	1	111	n/a	n/a	intervals/recognition_table	110	1475.484281	1477.017980
1475.484281	0.000000	295097	ttl	1	71	n/a	n/a	n/a	n/a	n/a	n/a	n/a	n/a	n/a	n/a	n/a	n/a	n/a	n/a	n/a	n/a	n/a	n/a	n/a	n/a	n/a	1475.484281	n/a
1477.017980	0.000000	295404	ttl	2	71	n/a	n/a	n/a	n/a	n/a	n/a	n/a	n/a	n/a	n/a	n/a	n/a	n/a	n/a	n/a	n/a	n/a	n/a	n/a	n/a	n/a	1477.017980	n/a
1478.235675	0.000000	295647	ttl	4	71	n/a	n/a	n/a	n/a	n/a	n/a	n/a	n/a	n/a	n/a	n/a	n/a	n/a	n/a	n/a	n/a	n/a	n/a	n/a	n/a	n/a	1478.235675	n/a
1478.250220	0.000000	295650	ttl	11	71	n/a	n/a	n/a	n/a	n/a	n/a	n/a	n/a	n/a	n/a	n/a	n/a	n/a	n/a	n/a	n/a	n/a	n/a	n/a	n/a	n/a	1478.250220	n/a
1478.766861	1.533570	295753	scene_recognition	n/a	n/a	n/a	71.0	n/a	n/a	n/a	1478.25022	n/a	1.3089480836842995	2	3	3	HB_4_frameA_foil.png	1	7	1481.6093795	0	112	n/a	n/a	intervals/recognition_table	111	1478.766861	1480.300431
1478.766861	0.000000	295753	ttl	1	71	n/a	n/a	n/a	n/a	n/a	n/a	n/a	n/a	n/a	n/a	n/a	n/a	n/a	n/a	n/a	n/a	n/a	n/a	n/a	n/a	n/a	1478.766861	n/a
1480.300431	0.000000	296060	ttl	2	71	n/a	n/a	n/a	n/a	n/a	n/a	n/a	n/a	n/a	n/a	n/a	n/a	n/a	n/a	n/a	n/a	n/a	n/a	n/a	n/a	n/a	1480.300431	n/a
1481.609379	0.000000	296322	ttl	4	71	n/a	n/a	n/a	n/a	n/a	n/a	n/a	n/a	n/a	n/a	n/a	n/a	n/a	n/a	n/a	n/a	n/a	n/a	n/a	n/a	n/a	1481.609379	n/a
1481.616520	0.000000	296323	ttl	11	71	n/a	n/a	n/a	n/a	n/a	n/a	n/a	n/a	n/a	n/a	n/a	n/a	n/a	n/a	n/a	n/a	n/a	n/a	n/a	n/a	n/a	1481.616520	n/a
1482.099785	1.533300	296420	scene_recognition	n/a	n/a	n/a	71.0	n/a	n/a	n/a	1481.6165205	n/a	1.5031877270175755	2	3	2	HB_5_frameB_foil.png	1	6	1485.1362729999998	0	113	n/a	n/a	intervals/recognition_table	112	1482.099785	1483.633085
1482.099785	0.000000	296420	ttl	1	71	n/a	n/a	n/a	n/a	n/a	n/a	n/a	n/a	n/a	n/a	n/a	n/a	n/a	n/a	n/a	n/a	n/a	n/a	n/a	n/a	n/a	1482.099785	n/a
1483.633085	0.000000	296727	ttl	2	71	n/a	n/a	n/a	n/a	n/a	n/a	n/a	n/a	n/a	n/a	n/a	n/a	n/a	n/a	n/a	n/a	n/a	n/a	n/a	n/a	n/a	1483.633085	n/a
1485.136273	0.000000	297027	ttl	4	71	n/a	n/a	n/a	n/a	n/a	n/a	n/a	n/a	n/a	n/a	n/a	n/a	n/a	n/a	n/a	n/a	n/a	n/a	n/a	n/a	n/a	1485.136273	n/a
1485.152445	0.000000	297030	ttl	11	71	n/a	n/a	n/a	n/a	n/a	n/a	n/a	n/a	n/a	n/a	n/a	n/a	n/a	n/a	n/a	n/a	n/a	n/a	n/a	n/a	n/a	1485.152445	n/a
1485.619138	1.535002	297124	scene_recognition	n/a	n/a	n/a	71.0	n/a	n/a	n/a	1485.152445	n/a	1.5153946658865607	1	3	3	HB_2_frameA.png	1	7	1488.6695344999998	1	114	n/a	n/a	intervals/recognition_table	113	1485.619138	1487.154140
1485.619138	0.000000	297124	ttl	1	71	n/a	n/a	n/a	n/a	n/a	n/a	n/a	n/a	n/a	n/a	n/a	n/a	n/a	n/a	n/a	n/a	n/a	n/a	n/a	n/a	n/a	1485.619138	n/a
1487.154140	0.000000	297431	ttl	2	71	n/a	n/a	n/a	n/a	n/a	n/a	n/a	n/a	n/a	n/a	n/a	n/a	n/a	n/a	n/a	n/a	n/a	n/a	n/a	n/a	n/a	1487.154140	n/a
1488.669534	0.000000	297734	ttl	4	71	n/a	n/a	n/a	n/a	n/a	n/a	n/a	n/a	n/a	n/a	n/a	n/a	n/a	n/a	n/a	n/a	n/a	n/a	n/a	n/a	n/a	1488.669534	n/a
1488.680611	0.000000	297736	ttl	11	71	n/a	n/a	n/a	n/a	n/a	n/a	n/a	n/a	n/a	n/a	n/a	n/a	n/a	n/a	n/a	n/a	n/a	n/a	n/a	n/a	n/a	1488.680611	n/a
1489.180608	1.533616	297836	scene_recognition	n/a	n/a	n/a	71.0	n/a	n/a	n/a	1488.6806115	n/a	0.09804503262967046	2	1	2	NB_6_frameA.png	2	3	1490.81226875	1	115	n/a	n/a	intervals/recognition_table	114	1489.180608	1490.714224
1489.180608	0.000000	297836	ttl	1	71	n/a	n/a	n/a	n/a	n/a	n/a	n/a	n/a	n/a	n/a	n/a	n/a	n/a	n/a	n/a	n/a	n/a	n/a	n/a	n/a	n/a	1489.180608	n/a
1490.714224	0.000000	298143	ttl	2	71	n/a	n/a	n/a	n/a	n/a	n/a	n/a	n/a	n/a	n/a	n/a	n/a	n/a	n/a	n/a	n/a	n/a	n/a	n/a	n/a	n/a	1490.714224	n/a
1490.812269	0.000000	298162	ttl	4	71	n/a	n/a	n/a	n/a	n/a	n/a	n/a	n/a	n/a	n/a	n/a	n/a	n/a	n/a	n/a	n/a	n/a	n/a	n/a	n/a	n/a	1490.812269	n/a
1490.826895	0.000000	298165	ttl	11	71	n/a	n/a	n/a	n/a	n/a	n/a	n/a	n/a	n/a	n/a	n/a	n/a	n/a	n/a	n/a	n/a	n/a	n/a	n/a	n/a	n/a	1490.826895	n/a
1491.310182	1.533730	298262	scene_recognition	n/a	n/a	n/a	71.0	n/a	n/a	n/a	1490.826895	n/a	0.9508732332142245	1	3	3	HB_4_frameB.png	1	7	1493.7947855	1	116	n/a	n/a	intervals/recognition_table	115	1491.310182	1492.843912
1491.310182	0.000000	298262	ttl	1	71	n/a	n/a	n/a	n/a	n/a	n/a	n/a	n/a	n/a	n/a	n/a	n/a	n/a	n/a	n/a	n/a	n/a	n/a	n/a	n/a	n/a	1491.310182	n/a
1492.843912	0.000000	298569	ttl	2	71	n/a	n/a	n/a	n/a	n/a	n/a	n/a	n/a	n/a	n/a	n/a	n/a	n/a	n/a	n/a	n/a	n/a	n/a	n/a	n/a	n/a	1492.843912	n/a
1493.794785	0.000000	298759	ttl	4	71	n/a	n/a	n/a	n/a	n/a	n/a	n/a	n/a	n/a	n/a	n/a	n/a	n/a	n/a	n/a	n/a	n/a	n/a	n/a	n/a	n/a	1493.794785	n/a
1493.801576	0.000000	298760	ttl	11	71	n/a	n/a	n/a	n/a	n/a	n/a	n/a	n/a	n/a	n/a	n/a	n/a	n/a	n/a	n/a	n/a	n/a	n/a	n/a	n/a	n/a	1493.801576	n/a
1494.251567	1.533443	298850	scene_recognition	n/a	n/a	n/a	71.0	n/a	n/a	n/a	1493.8015759999998	n/a	0.10538440355594503	2	2	3	SB_8_frameA.png	2	2	1495.8903934999998	1	117	n/a	n/a	intervals/recognition_table	116	1494.251567	1495.785009
1494.251567	0.000000	298850	ttl	1	71	n/a	n/a	n/a	n/a	n/a	n/a	n/a	n/a	n/a	n/a	n/a	n/a	n/a	n/a	n/a	n/a	n/a	n/a	n/a	n/a	n/a	1494.251567	n/a
1495.785009	0.000000	299157	ttl	2	71	n/a	n/a	n/a	n/a	n/a	n/a	n/a	n/a	n/a	n/a	n/a	n/a	n/a	n/a	n/a	n/a	n/a	n/a	n/a	n/a	n/a	1495.785009	n/a
1495.890393	0.000000	299178	ttl	4	71	n/a	n/a	n/a	n/a	n/a	n/a	n/a	n/a	n/a	n/a	n/a	n/a	n/a	n/a	n/a	n/a	n/a	n/a	n/a	n/a	n/a	1495.890393	n/a
1495.897909	0.000000	299180	ttl	11	71	n/a	n/a	n/a	n/a	n/a	n/a	n/a	n/a	n/a	n/a	n/a	n/a	n/a	n/a	n/a	n/a	n/a	n/a	n/a	n/a	n/a	1495.897909	n/a
1496.381246	1.533640	299276	scene_recognition	n/a	n/a	n/a	71.0	n/a	n/a	n/a	1495.8979092499999	n/a	2.001494132402513	1	2	3	SB_2_frameB_foil.png	2	2	1499.9163804999998	0	118	n/a	n/a	intervals/recognition_table	117	1496.381246	1497.914886
1496.381246	0.000000	299276	ttl	1	71	n/a	n/a	n/a	n/a	n/a	n/a	n/a	n/a	n/a	n/a	n/a	n/a	n/a	n/a	n/a	n/a	n/a	n/a	n/a	n/a	n/a	1496.381246	n/a
1497.914886	0.000000	299583	ttl	2	71	n/a	n/a	n/a	n/a	n/a	n/a	n/a	n/a	n/a	n/a	n/a	n/a	n/a	n/a	n/a	n/a	n/a	n/a	n/a	n/a	n/a	1497.914886	n/a
1499.916380	0.000000	299983	ttl	4	71	n/a	n/a	n/a	n/a	n/a	n/a	n/a	n/a	n/a	n/a	n/a	n/a	n/a	n/a	n/a	n/a	n/a	n/a	n/a	n/a	n/a	1499.916380	n/a
1499.926955	0.000000	299985	ttl	11	71	n/a	n/a	n/a	n/a	n/a	n/a	n/a	n/a	n/a	n/a	n/a	n/a	n/a	n/a	n/a	n/a	n/a	n/a	n/a	n/a	n/a	1499.926955	n/a
1500.460122	1.533665	300092	scene_recognition	n/a	n/a	n/a	71.0	n/a	n/a	n/a	1499.9269547499998	n/a	2.1984698085034324	2	3	2	HB_2_frameA_foil.png	1	6	1504.1922565	0	119	n/a	n/a	intervals/recognition_table	118	1500.460122	1501.993787
1500.460122	0.000000	300092	ttl	1	71	n/a	n/a	n/a	n/a	n/a	n/a	n/a	n/a	n/a	n/a	n/a	n/a	n/a	n/a	n/a	n/a	n/a	n/a	n/a	n/a	n/a	1500.460122	n/a
1501.993787	0.000000	300399	ttl	2	71	n/a	n/a	n/a	n/a	n/a	n/a	n/a	n/a	n/a	n/a	n/a	n/a	n/a	n/a	n/a	n/a	n/a	n/a	n/a	n/a	n/a	1501.993787	n/a
1504.192256	0.000000	300838	ttl	4	71	n/a	n/a	n/a	n/a	n/a	n/a	n/a	n/a	n/a	n/a	n/a	n/a	n/a	n/a	n/a	n/a	n/a	n/a	n/a	n/a	n/a	1504.192256	n/a
1504.194865	0.000000	300839	ttl	11	71	n/a	n/a	n/a	n/a	n/a	n/a	n/a	n/a	n/a	n/a	n/a	n/a	n/a	n/a	n/a	n/a	n/a	n/a	n/a	n/a	n/a	1504.194865	n/a
1504.661527	1.533385	300932	scene_recognition	n/a	n/a	n/a	71.0	n/a	n/a	n/a	1504.1948647499999	n/a	1.5466508834033448	2	2	2	SB_6_frameB_foil.png	1	6	1507.74156225	0	120	n/a	n/a	intervals/recognition_table	119	1504.661527	1506.194911
1504.661527	0.000000	300932	ttl	1	71	n/a	n/a	n/a	n/a	n/a	n/a	n/a	n/a	n/a	n/a	n/a	n/a	n/a	n/a	n/a	n/a	n/a	n/a	n/a	n/a	n/a	1504.661527	n/a
1506.194911	0.000000	301239	ttl	2	71	n/a	n/a	n/a	n/a	n/a	n/a	n/a	n/a	n/a	n/a	n/a	n/a	n/a	n/a	n/a	n/a	n/a	n/a	n/a	n/a	n/a	1506.194911	n/a
1507.741562	0.000000	301548	ttl	4	71	n/a	n/a	n/a	n/a	n/a	n/a	n/a	n/a	n/a	n/a	n/a	n/a	n/a	n/a	n/a	n/a	n/a	n/a	n/a	n/a	n/a	1507.741562	n/a
1507.758243	0.000000	301552	ttl	11	71	n/a	n/a	n/a	n/a	n/a	n/a	n/a	n/a	n/a	n/a	n/a	n/a	n/a	n/a	n/a	n/a	n/a	n/a	n/a	n/a	n/a	1507.758243	n/a
1508.291511	1.533696	301658	scene_recognition	n/a	n/a	n/a	71.0	n/a	n/a	n/a	1507.758243	n/a	1.1373649961842602	2	2	2	SB_2_frameB_foil.png	1	6	1510.96257275	0	121	n/a	n/a	intervals/recognition_table	120	1508.291511	1509.825208
1508.291511	0.000000	301658	ttl	1	71	n/a	n/a	n/a	n/a	n/a	n/a	n/a	n/a	n/a	n/a	n/a	n/a	n/a	n/a	n/a	n/a	n/a	n/a	n/a	n/a	n/a	1508.291511	n/a
1509.825208	0.000000	301965	ttl	2	71	n/a	n/a	n/a	n/a	n/a	n/a	n/a	n/a	n/a	n/a	n/a	n/a	n/a	n/a	n/a	n/a	n/a	n/a	n/a	n/a	n/a	1509.825208	n/a
1510.962573	0.000000	302193	ttl	4	71	n/a	n/a	n/a	n/a	n/a	n/a	n/a	n/a	n/a	n/a	n/a	n/a	n/a	n/a	n/a	n/a	n/a	n/a	n/a	n/a	n/a	1510.962573	n/a
1510.972892	0.000000	302195	ttl	11	71	n/a	n/a	n/a	n/a	n/a	n/a	n/a	n/a	n/a	n/a	n/a	n/a	n/a	n/a	n/a	n/a	n/a	n/a	n/a	n/a	n/a	1510.972892	n/a
1511.439535	1.533608	302288	scene_recognition	n/a	n/a	n/a	71.0	n/a	n/a	n/a	1510.9728925	n/a	2.203752498850008	1	2	1	SB_2_frameA_foil.png	2	4	1515.17689525	0	122	n/a	n/a	intervals/recognition_table	121	1511.439535	1512.973143
1511.439535	0.000000	302288	ttl	1	71	n/a	n/a	n/a	n/a	n/a	n/a	n/a	n/a	n/a	n/a	n/a	n/a	n/a	n/a	n/a	n/a	n/a	n/a	n/a	n/a	n/a	1511.439535	n/a
1512.973143	0.000000	302595	ttl	2	71	n/a	n/a	n/a	n/a	n/a	n/a	n/a	n/a	n/a	n/a	n/a	n/a	n/a	n/a	n/a	n/a	n/a	n/a	n/a	n/a	n/a	1512.973143	n/a
1515.176895	0.000000	303035	ttl	4	71	n/a	n/a	n/a	n/a	n/a	n/a	n/a	n/a	n/a	n/a	n/a	n/a	n/a	n/a	n/a	n/a	n/a	n/a	n/a	n/a	n/a	1515.176895	n/a
1515.188423	0.000000	303038	ttl	11	71	n/a	n/a	n/a	n/a	n/a	n/a	n/a	n/a	n/a	n/a	n/a	n/a	n/a	n/a	n/a	n/a	n/a	n/a	n/a	n/a	n/a	1515.188423	n/a
1515.704922	1.533547	303141	scene_recognition	n/a	n/a	n/a	71.0	n/a	n/a	n/a	1515.1884235	n/a	2.2163112228554382	1	2	2	SB_2_frameB_foil.png	2	3	1519.454781	0	123	n/a	n/a	intervals/recognition_table	122	1515.704922	1517.238470
1515.704922	0.000000	303141	ttl	1	71	n/a	n/a	n/a	n/a	n/a	n/a	n/a	n/a	n/a	n/a	n/a	n/a	n/a	n/a	n/a	n/a	n/a	n/a	n/a	n/a	n/a	1515.704922	n/a
1517.238470	0.000000	303448	ttl	2	71	n/a	n/a	n/a	n/a	n/a	n/a	n/a	n/a	n/a	n/a	n/a	n/a	n/a	n/a	n/a	n/a	n/a	n/a	n/a	n/a	n/a	1517.238470	n/a
1519.454781	0.000000	303891	ttl	4	71	n/a	n/a	n/a	n/a	n/a	n/a	n/a	n/a	n/a	n/a	n/a	n/a	n/a	n/a	n/a	n/a	n/a	n/a	n/a	n/a	n/a	1519.454781	n/a
1519.457277	0.000000	303891	ttl	11	71	n/a	n/a	n/a	n/a	n/a	n/a	n/a	n/a	n/a	n/a	n/a	n/a	n/a	n/a	n/a	n/a	n/a	n/a	n/a	n/a	n/a	1519.457277	n/a
1519.957204	1.533418	303991	scene_recognition	n/a	n/a	n/a	71.0	n/a	n/a	n/a	1519.4572765	n/a	0.7312580472589616	1	2	3	SB_6_frameA.png	1	7	1522.22188025	1	124	n/a	n/a	intervals/recognition_table	123	1519.957204	1521.490622
1519.957204	0.000000	303991	ttl	1	71	n/a	n/a	n/a	n/a	n/a	n/a	n/a	n/a	n/a	n/a	n/a	n/a	n/a	n/a	n/a	n/a	n/a	n/a	n/a	n/a	n/a	1519.957204	n/a
1521.490622	0.000000	304298	ttl	2	71	n/a	n/a	n/a	n/a	n/a	n/a	n/a	n/a	n/a	n/a	n/a	n/a	n/a	n/a	n/a	n/a	n/a	n/a	n/a	n/a	n/a	1521.490622	n/a
1522.221880	0.000000	304444	ttl	4	71	n/a	n/a	n/a	n/a	n/a	n/a	n/a	n/a	n/a	n/a	n/a	n/a	n/a	n/a	n/a	n/a	n/a	n/a	n/a	n/a	n/a	1522.221880	n/a
1522.238294	0.000000	304448	ttl	11	71	n/a	n/a	n/a	n/a	n/a	n/a	n/a	n/a	n/a	n/a	n/a	n/a	n/a	n/a	n/a	n/a	n/a	n/a	n/a	n/a	n/a	1522.238294	n/a
1522.704914	1.533575	304541	scene_recognition	n/a	n/a	n/a	71.0	n/a	n/a	n/a	1522.238294	n/a	1.6451495350720506	2	1	2	NB_29_frameB.png	2	3	1525.883639	1	125	n/a	n/a	intervals/recognition_table	124	1522.704914	1524.238490
1522.704914	0.000000	304541	ttl	1	71	n/a	n/a	n/a	n/a	n/a	n/a	n/a	n/a	n/a	n/a	n/a	n/a	n/a	n/a	n/a	n/a	n/a	n/a	n/a	n/a	n/a	1522.704914	n/a
1524.238490	0.000000	304848	ttl	2	71	n/a	n/a	n/a	n/a	n/a	n/a	n/a	n/a	n/a	n/a	n/a	n/a	n/a	n/a	n/a	n/a	n/a	n/a	n/a	n/a	n/a	1524.238490	n/a
1525.883639	0.000000	305177	ttl	4	71	n/a	n/a	n/a	n/a	n/a	n/a	n/a	n/a	n/a	n/a	n/a	n/a	n/a	n/a	n/a	n/a	n/a	n/a	n/a	n/a	n/a	1525.883639	n/a
1525.886806	0.000000	305177	ttl	11	71	n/a	n/a	n/a	n/a	n/a	n/a	n/a	n/a	n/a	n/a	n/a	n/a	n/a	n/a	n/a	n/a	n/a	n/a	n/a	n/a	n/a	1525.886806	n/a
1526.403500	1.533540	305281	scene_recognition	n/a	n/a	n/a	71.0	n/a	n/a	n/a	1525.8868065	n/a	0.23701041975436965	2	1	1	NB_24_frameB_foil.png	1	5	1528.1740507499999	0	126	n/a	n/a	intervals/recognition_table	125	1526.403500	1527.937040
1526.403500	0.000000	305281	ttl	1	71	n/a	n/a	n/a	n/a	n/a	n/a	n/a	n/a	n/a	n/a	n/a	n/a	n/a	n/a	n/a	n/a	n/a	n/a	n/a	n/a	n/a	1526.403500	n/a
1527.937040	0.000000	305587	ttl	2	71	n/a	n/a	n/a	n/a	n/a	n/a	n/a	n/a	n/a	n/a	n/a	n/a	n/a	n/a	n/a	n/a	n/a	n/a	n/a	n/a	n/a	1527.937040	n/a
1528.174051	0.000000	305635	ttl	4	71	n/a	n/a	n/a	n/a	n/a	n/a	n/a	n/a	n/a	n/a	n/a	n/a	n/a	n/a	n/a	n/a	n/a	n/a	n/a	n/a	n/a	1528.174051	n/a
1528.185421	0.000000	305637	ttl	11	71	n/a	n/a	n/a	n/a	n/a	n/a	n/a	n/a	n/a	n/a	n/a	n/a	n/a	n/a	n/a	n/a	n/a	n/a	n/a	n/a	n/a	1528.185421	n/a
1528.635354	1.533471	305727	scene_recognition	n/a	n/a	n/a	71.0	n/a	n/a	n/a	1528.1854207499998	n/a	2.883210311187213	1	3	2	HB_9_frameB_foil.png	2	3	1533.0520354999999	0	127	n/a	n/a	intervals/recognition_table	126	1528.635354	1530.168825
1528.635354	0.000000	305727	ttl	1	71	n/a	n/a	n/a	n/a	n/a	n/a	n/a	n/a	n/a	n/a	n/a	n/a	n/a	n/a	n/a	n/a	n/a	n/a	n/a	n/a	n/a	1528.635354	n/a
1530.168825	0.000000	306034	ttl	2	71	n/a	n/a	n/a	n/a	n/a	n/a	n/a	n/a	n/a	n/a	n/a	n/a	n/a	n/a	n/a	n/a	n/a	n/a	n/a	n/a	n/a	1530.168825	n/a
1533.052035	0.000000	306610	ttl	4	71	n/a	n/a	n/a	n/a	n/a	n/a	n/a	n/a	n/a	n/a	n/a	n/a	n/a	n/a	n/a	n/a	n/a	n/a	n/a	n/a	n/a	1533.052035	n/a
1533.060647	0.000000	306612	ttl	11	71	n/a	n/a	n/a	n/a	n/a	n/a	n/a	n/a	n/a	n/a	n/a	n/a	n/a	n/a	n/a	n/a	n/a	n/a	n/a	n/a	n/a	1533.060647	n/a
1533.577265	1.533675	306715	scene_recognition	n/a	n/a	n/a	71.0	n/a	n/a	n/a	1533.0606475	n/a	1.2224417069337505	2	1	1	NB_2_frameB_foil.png	1	5	1536.333382	0	128	n/a	n/a	intervals/recognition_table	127	1533.577265	1535.110940
1533.577265	0.000000	306715	ttl	1	71	n/a	n/a	n/a	n/a	n/a	n/a	n/a	n/a	n/a	n/a	n/a	n/a	n/a	n/a	n/a	n/a	n/a	n/a	n/a	n/a	n/a	1533.577265	n/a
1535.110940	0.000000	307022	ttl	2	71	n/a	n/a	n/a	n/a	n/a	n/a	n/a	n/a	n/a	n/a	n/a	n/a	n/a	n/a	n/a	n/a	n/a	n/a	n/a	n/a	n/a	1535.110940	n/a
1536.333382	0.000000	307267	ttl	4	71	n/a	n/a	n/a	n/a	n/a	n/a	n/a	n/a	n/a	n/a	n/a	n/a	n/a	n/a	n/a	n/a	n/a	n/a	n/a	n/a	n/a	1536.333382	n/a
1536.339845	0.000000	307268	ttl	11	71	n/a	n/a	n/a	n/a	n/a	n/a	n/a	n/a	n/a	n/a	n/a	n/a	n/a	n/a	n/a	n/a	n/a	n/a	n/a	n/a	n/a	1536.339845	n/a
1536.873148	1.533542	307375	scene_recognition	n/a	n/a	n/a	71.0	n/a	n/a	n/a	1536.339845	n/a	2.130528074907488	2	1	2	NB_10_frameB_foil.png	1	6	1540.537218	0	129	n/a	n/a	intervals/recognition_table	128	1536.873148	1538.406690
1536.873148	0.000000	307375	ttl	1	71	n/a	n/a	n/a	n/a	n/a	n/a	n/a	n/a	n/a	n/a	n/a	n/a	n/a	n/a	n/a	n/a	n/a	n/a	n/a	n/a	n/a	1536.873148	n/a
1538.406690	0.000000	307681	ttl	2	71	n/a	n/a	n/a	n/a	n/a	n/a	n/a	n/a	n/a	n/a	n/a	n/a	n/a	n/a	n/a	n/a	n/a	n/a	n/a	n/a	n/a	1538.406690	n/a
1540.537218	0.000000	308107	ttl	4	71	n/a	n/a	n/a	n/a	n/a	n/a	n/a	n/a	n/a	n/a	n/a	n/a	n/a	n/a	n/a	n/a	n/a	n/a	n/a	n/a	n/a	1540.537218	n/a
1540.541683	0.000000	308108	ttl	11	71	n/a	n/a	n/a	n/a	n/a	n/a	n/a	n/a	n/a	n/a	n/a	n/a	n/a	n/a	n/a	n/a	n/a	n/a	n/a	n/a	n/a	1540.541683	n/a
1541.008272	1.533607	308202	scene_recognition	n/a	n/a	n/a	71.0	n/a	n/a	n/a	1540.5416827499998	n/a	2.074151746732241	2	1	3	NB_4_frameA.png	2	2	1544.6160312499999	1	130	n/a	n/a	intervals/recognition_table	129	1541.008272	1542.541879
1541.008272	0.000000	308202	ttl	1	71	n/a	n/a	n/a	n/a	n/a	n/a	n/a	n/a	n/a	n/a	n/a	n/a	n/a	n/a	n/a	n/a	n/a	n/a	n/a	n/a	n/a	1541.008272	n/a
1542.541879	0.000000	308508	ttl	2	71	n/a	n/a	n/a	n/a	n/a	n/a	n/a	n/a	n/a	n/a	n/a	n/a	n/a	n/a	n/a	n/a	n/a	n/a	n/a	n/a	n/a	1542.541879	n/a
1544.616031	0.000000	308923	ttl	4	71	n/a	n/a	n/a	n/a	n/a	n/a	n/a	n/a	n/a	n/a	n/a	n/a	n/a	n/a	n/a	n/a	n/a	n/a	n/a	n/a	n/a	1544.616031	n/a
1544.619304	0.000000	308924	ttl	11	71	n/a	n/a	n/a	n/a	n/a	n/a	n/a	n/a	n/a	n/a	n/a	n/a	n/a	n/a	n/a	n/a	n/a	n/a	n/a	n/a	n/a	1544.619304	n/a
1545.119201	1.533723	309024	scene_recognition	n/a	n/a	n/a	71.0	n/a	n/a	n/a	1544.61930425	n/a	0.41535516582735	2	3	3	HB_1_frameA_foil.png	1	7	1547.0682795	0	131	n/a	n/a	intervals/recognition_table	130	1545.119201	1546.652924
1545.119201	0.000000	309024	ttl	1	71	n/a	n/a	n/a	n/a	n/a	n/a	n/a	n/a	n/a	n/a	n/a	n/a	n/a	n/a	n/a	n/a	n/a	n/a	n/a	n/a	n/a	1545.119201	n/a
1546.652924	0.000000	309331	ttl	2	71	n/a	n/a	n/a	n/a	n/a	n/a	n/a	n/a	n/a	n/a	n/a	n/a	n/a	n/a	n/a	n/a	n/a	n/a	n/a	n/a	n/a	1546.652924	n/a
1547.068280	0.000000	309414	ttl	4	71	n/a	n/a	n/a	n/a	n/a	n/a	n/a	n/a	n/a	n/a	n/a	n/a	n/a	n/a	n/a	n/a	n/a	n/a	n/a	n/a	n/a	1547.068280	n/a
1547.072185	0.000000	309414	ttl	11	71	n/a	n/a	n/a	n/a	n/a	n/a	n/a	n/a	n/a	n/a	n/a	n/a	n/a	n/a	n/a	n/a	n/a	n/a	n/a	n/a	n/a	1547.072185	n/a
1547.572212	1.533446	309514	scene_recognition	n/a	n/a	n/a	71.0	n/a	n/a	n/a	1547.0721852499998	n/a	0.6394682194058987	2	1	2	NB_20_frameB_foil.png	1	6	1549.74512725	0	132	n/a	n/a	intervals/recognition_table	131	1547.572212	1549.105659
1547.572212	0.000000	309514	ttl	1	71	n/a	n/a	n/a	n/a	n/a	n/a	n/a	n/a	n/a	n/a	n/a	n/a	n/a	n/a	n/a	n/a	n/a	n/a	n/a	n/a	n/a	1547.572212	n/a
1549.105659	0.000000	309821	ttl	2	71	n/a	n/a	n/a	n/a	n/a	n/a	n/a	n/a	n/a	n/a	n/a	n/a	n/a	n/a	n/a	n/a	n/a	n/a	n/a	n/a	n/a	1549.105659	n/a
1549.745127	0.000000	309949	ttl	4	71	n/a	n/a	n/a	n/a	n/a	n/a	n/a	n/a	n/a	n/a	n/a	n/a	n/a	n/a	n/a	n/a	n/a	n/a	n/a	n/a	n/a	1549.745127	n/a
1549.749116	0.000000	309950	ttl	11	71	n/a	n/a	n/a	n/a	n/a	n/a	n/a	n/a	n/a	n/a	n/a	n/a	n/a	n/a	n/a	n/a	n/a	n/a	n/a	n/a	n/a	1549.749116	n/a
1550.248985	1.533616	310050	scene_recognition	n/a	n/a	n/a	71.0	n/a	n/a	n/a	1549.7491165	n/a	0.4704800441086263	1	3	2	HB_2_frameB_foil.png	2	3	1552.25308125	0	133	n/a	n/a	intervals/recognition_table	132	1550.248985	1551.782601
1550.248985	0.000000	310050	ttl	1	71	n/a	n/a	n/a	n/a	n/a	n/a	n/a	n/a	n/a	n/a	n/a	n/a	n/a	n/a	n/a	n/a	n/a	n/a	n/a	n/a	n/a	1550.248985	n/a
1551.782601	0.000000	310357	ttl	2	71	n/a	n/a	n/a	n/a	n/a	n/a	n/a	n/a	n/a	n/a	n/a	n/a	n/a	n/a	n/a	n/a	n/a	n/a	n/a	n/a	n/a	1551.782601	n/a
1552.253081	0.000000	310451	ttl	4	71	n/a	n/a	n/a	n/a	n/a	n/a	n/a	n/a	n/a	n/a	n/a	n/a	n/a	n/a	n/a	n/a	n/a	n/a	n/a	n/a	n/a	1552.253081	n/a
1552.261221	0.000000	310452	ttl	11	71	n/a	n/a	n/a	n/a	n/a	n/a	n/a	n/a	n/a	n/a	n/a	n/a	n/a	n/a	n/a	n/a	n/a	n/a	n/a	n/a	n/a	1552.261221	n/a
1552.761147	1.533708	310552	scene_recognition	n/a	n/a	n/a	71.0	n/a	n/a	n/a	1552.2612212499998	n/a	1.5302574652341718	2	1	3	NB_25_frameA_foil.png	1	7	1555.8251125	0	134	n/a	n/a	intervals/recognition_table	133	1552.761147	1554.294855
1552.761147	0.000000	310552	ttl	1	71	n/a	n/a	n/a	n/a	n/a	n/a	n/a	n/a	n/a	n/a	n/a	n/a	n/a	n/a	n/a	n/a	n/a	n/a	n/a	n/a	n/a	1552.761147	n/a
1554.294855	0.000000	310859	ttl	2	71	n/a	n/a	n/a	n/a	n/a	n/a	n/a	n/a	n/a	n/a	n/a	n/a	n/a	n/a	n/a	n/a	n/a	n/a	n/a	n/a	n/a	1554.294855	n/a
1555.825112	0.000000	311165	ttl	4	71	n/a	n/a	n/a	n/a	n/a	n/a	n/a	n/a	n/a	n/a	n/a	n/a	n/a	n/a	n/a	n/a	n/a	n/a	n/a	n/a	n/a	1555.825112	n/a
1555.843221	0.000000	311169	ttl	11	71	n/a	n/a	n/a	n/a	n/a	n/a	n/a	n/a	n/a	n/a	n/a	n/a	n/a	n/a	n/a	n/a	n/a	n/a	n/a	n/a	n/a	1555.843221	n/a
1556.393189	1.533692	311279	scene_recognition	n/a	n/a	n/a	71.0	n/a	n/a	n/a	1555.84322125	n/a	0.35144794264670054	2	1	3	NB_1_frameA_foil.png	1	7	1558.2783284999998	0	135	n/a	n/a	intervals/recognition_table	134	1556.393189	1557.926880
1556.393189	0.000000	311279	ttl	1	71	n/a	n/a	n/a	n/a	n/a	n/a	n/a	n/a	n/a	n/a	n/a	n/a	n/a	n/a	n/a	n/a	n/a	n/a	n/a	n/a	n/a	1556.393189	n/a
1557.926880	0.000000	311585	ttl	2	71	n/a	n/a	n/a	n/a	n/a	n/a	n/a	n/a	n/a	n/a	n/a	n/a	n/a	n/a	n/a	n/a	n/a	n/a	n/a	n/a	n/a	1557.926880	n/a
1558.278328	0.000000	311656	ttl	4	71	n/a	n/a	n/a	n/a	n/a	n/a	n/a	n/a	n/a	n/a	n/a	n/a	n/a	n/a	n/a	n/a	n/a	n/a	n/a	n/a	n/a	1558.278328	n/a
1558.287778	0.000000	311658	ttl	11	71	n/a	n/a	n/a	n/a	n/a	n/a	n/a	n/a	n/a	n/a	n/a	n/a	n/a	n/a	n/a	n/a	n/a	n/a	n/a	n/a	n/a	1558.287778	n/a
1558.820908	1.533510	311764	scene_recognition	n/a	n/a	n/a	71.0	n/a	n/a	n/a	1558.28777775	n/a	1.247060613888607	2	3	3	HB_1_frameA_foil.png	1	7	1561.60147825	0	136	n/a	n/a	intervals/recognition_table	135	1558.820908	1560.354418
1558.820908	0.000000	311764	ttl	1	71	n/a	n/a	n/a	n/a	n/a	n/a	n/a	n/a	n/a	n/a	n/a	n/a	n/a	n/a	n/a	n/a	n/a	n/a	n/a	n/a	n/a	1558.820908	n/a
1560.354418	0.000000	312071	ttl	2	71	n/a	n/a	n/a	n/a	n/a	n/a	n/a	n/a	n/a	n/a	n/a	n/a	n/a	n/a	n/a	n/a	n/a	n/a	n/a	n/a	n/a	1560.354418	n/a
1561.601478	0.000000	312320	ttl	4	71	n/a	n/a	n/a	n/a	n/a	n/a	n/a	n/a	n/a	n/a	n/a	n/a	n/a	n/a	n/a	n/a	n/a	n/a	n/a	n/a	n/a	1561.601478	n/a
1561.614336	0.000000	312323	ttl	11	71	n/a	n/a	n/a	n/a	n/a	n/a	n/a	n/a	n/a	n/a	n/a	n/a	n/a	n/a	n/a	n/a	n/a	n/a	n/a	n/a	n/a	1561.614336	n/a
1562.097624	1.533522	312420	scene_recognition	n/a	n/a	n/a	71.0	n/a	n/a	n/a	1561.61433625	n/a	1.2492336210925714	1	1	1	NB_19_frameB.png	1	5	1564.88037925	1	137	n/a	n/a	intervals/recognition_table	136	1562.097624	1563.631146
1562.097624	0.000000	312420	ttl	1	71	n/a	n/a	n/a	n/a	n/a	n/a	n/a	n/a	n/a	n/a	n/a	n/a	n/a	n/a	n/a	n/a	n/a	n/a	n/a	n/a	n/a	1562.097624	n/a
1563.631146	0.000000	312726	ttl	2	71	n/a	n/a	n/a	n/a	n/a	n/a	n/a	n/a	n/a	n/a	n/a	n/a	n/a	n/a	n/a	n/a	n/a	n/a	n/a	n/a	n/a	1563.631146	n/a
1564.880379	0.000000	312976	ttl	4	71	n/a	n/a	n/a	n/a	n/a	n/a	n/a	n/a	n/a	n/a	n/a	n/a	n/a	n/a	n/a	n/a	n/a	n/a	n/a	n/a	n/a	1564.880379	n/a
1564.891962	0.000000	312978	ttl	11	71	n/a	n/a	n/a	n/a	n/a	n/a	n/a	n/a	n/a	n/a	n/a	n/a	n/a	n/a	n/a	n/a	n/a	n/a	n/a	n/a	n/a	1564.891962	n/a
1565.375185	1.533677	313075	scene_recognition	n/a	n/a	n/a	71.0	n/a	n/a	n/a	1564.8919624999999	n/a	2.2474308288838074	2	1	2	NB_20_frameA.png	2	3	1569.15629275	1	138	n/a	n/a	intervals/recognition_table	137	1565.375185	1566.908862
1565.375185	0.000000	313075	ttl	1	71	n/a	n/a	n/a	n/a	n/a	n/a	n/a	n/a	n/a	n/a	n/a	n/a	n/a	n/a	n/a	n/a	n/a	n/a	n/a	n/a	n/a	1565.375185	n/a
1566.908862	0.000000	313382	ttl	2	71	n/a	n/a	n/a	n/a	n/a	n/a	n/a	n/a	n/a	n/a	n/a	n/a	n/a	n/a	n/a	n/a	n/a	n/a	n/a	n/a	n/a	1566.908862	n/a
1569.156293	0.000000	313831	ttl	4	71	n/a	n/a	n/a	n/a	n/a	n/a	n/a	n/a	n/a	n/a	n/a	n/a	n/a	n/a	n/a	n/a	n/a	n/a	n/a	n/a	n/a	1569.156293	n/a
1569.170174	0.000000	313834	ttl	11	71	n/a	n/a	n/a	n/a	n/a	n/a	n/a	n/a	n/a	n/a	n/a	n/a	n/a	n/a	n/a	n/a	n/a	n/a	n/a	n/a	n/a	1569.170174	n/a
1569.703460	1.533474	313941	scene_recognition	n/a	n/a	n/a	71.0	n/a	n/a	n/a	1569.17017425	n/a	1.111183233675547	2	2	1	SB_1_frameA_foil.png	1	5	1572.348117	0	139	n/a	n/a	intervals/recognition_table	138	1569.703460	1571.236934
1569.703460	0.000000	313941	ttl	1	71	n/a	n/a	n/a	n/a	n/a	n/a	n/a	n/a	n/a	n/a	n/a	n/a	n/a	n/a	n/a	n/a	n/a	n/a	n/a	n/a	n/a	1569.703460	n/a
1571.236934	0.000000	314247	ttl	2	71	n/a	n/a	n/a	n/a	n/a	n/a	n/a	n/a	n/a	n/a	n/a	n/a	n/a	n/a	n/a	n/a	n/a	n/a	n/a	n/a	n/a	1571.236934	n/a
1572.348117	0.000000	314470	ttl	4	71	n/a	n/a	n/a	n/a	n/a	n/a	n/a	n/a	n/a	n/a	n/a	n/a	n/a	n/a	n/a	n/a	n/a	n/a	n/a	n/a	n/a	1572.348117	n/a
1572.354989	0.000000	314471	ttl	11	71	n/a	n/a	n/a	n/a	n/a	n/a	n/a	n/a	n/a	n/a	n/a	n/a	n/a	n/a	n/a	n/a	n/a	n/a	n/a	n/a	n/a	1572.354989	n/a
1572.888251	1.533584	314578	scene_recognition	n/a	n/a	n/a	71.0	n/a	n/a	n/a	1572.3549887499998	n/a	0.2292591890272888	1	3	2	HB_1_frameA_foil.png	2	3	1574.65109425	0	140	n/a	n/a	intervals/recognition_table	139	1572.888251	1574.421835
1572.888251	0.000000	314578	ttl	1	71	n/a	n/a	n/a	n/a	n/a	n/a	n/a	n/a	n/a	n/a	n/a	n/a	n/a	n/a	n/a	n/a	n/a	n/a	n/a	n/a	n/a	1572.888251	n/a
1574.421835	0.000000	314884	ttl	2	71	n/a	n/a	n/a	n/a	n/a	n/a	n/a	n/a	n/a	n/a	n/a	n/a	n/a	n/a	n/a	n/a	n/a	n/a	n/a	n/a	n/a	1574.421835	n/a
1574.651094	0.000000	314930	ttl	4	71	n/a	n/a	n/a	n/a	n/a	n/a	n/a	n/a	n/a	n/a	n/a	n/a	n/a	n/a	n/a	n/a	n/a	n/a	n/a	n/a	n/a	1574.651094	n/a
1574.656145	0.000000	314931	ttl	11	71	n/a	n/a	n/a	n/a	n/a	n/a	n/a	n/a	n/a	n/a	n/a	n/a	n/a	n/a	n/a	n/a	n/a	n/a	n/a	n/a	n/a	1574.656145	n/a
1575.189302	1.533547	315038	scene_recognition	n/a	n/a	n/a	71.0	n/a	n/a	n/a	1574.65614525	n/a	0.5565722592782549	2	2	1	SB_7_frameB.png	2	4	1577.2794219999998	1	141	n/a	n/a	intervals/recognition_table	140	1575.189302	1576.722850
1575.189302	0.000000	315038	ttl	1	71	n/a	n/a	n/a	n/a	n/a	n/a	n/a	n/a	n/a	n/a	n/a	n/a	n/a	n/a	n/a	n/a	n/a	n/a	n/a	n/a	n/a	1575.189302	n/a
1576.722850	0.000000	315345	ttl	2	71	n/a	n/a	n/a	n/a	n/a	n/a	n/a	n/a	n/a	n/a	n/a	n/a	n/a	n/a	n/a	n/a	n/a	n/a	n/a	n/a	n/a	1576.722850	n/a
1577.279422	0.000000	315456	ttl	4	71	n/a	n/a	n/a	n/a	n/a	n/a	n/a	n/a	n/a	n/a	n/a	n/a	n/a	n/a	n/a	n/a	n/a	n/a	n/a	n/a	n/a	1577.279422	n/a
1577.281367	0.000000	315456	ttl	11	71	n/a	n/a	n/a	n/a	n/a	n/a	n/a	n/a	n/a	n/a	n/a	n/a	n/a	n/a	n/a	n/a	n/a	n/a	n/a	n/a	n/a	1577.281367	n/a
1577.748032	1.533380	315550	scene_recognition	n/a	n/a	n/a	71.0	n/a	n/a	n/a	1577.2813675	n/a	0.9596382828931382	1	3	2	HB_2_frameA.png	1	6	1580.2410505	1	142	n/a	n/a	intervals/recognition_table	141	1577.748032	1579.281412
1577.748032	0.000000	315550	ttl	1	71	n/a	n/a	n/a	n/a	n/a	n/a	n/a	n/a	n/a	n/a	n/a	n/a	n/a	n/a	n/a	n/a	n/a	n/a	n/a	n/a	n/a	1577.748032	n/a
1579.281412	0.000000	315856	ttl	2	71	n/a	n/a	n/a	n/a	n/a	n/a	n/a	n/a	n/a	n/a	n/a	n/a	n/a	n/a	n/a	n/a	n/a	n/a	n/a	n/a	n/a	1579.281412	n/a
1580.241051	0.000000	316048	ttl	4	71	n/a	n/a	n/a	n/a	n/a	n/a	n/a	n/a	n/a	n/a	n/a	n/a	n/a	n/a	n/a	n/a	n/a	n/a	n/a	n/a	n/a	1580.241051	n/a
1580.251808	0.000000	316050	ttl	11	71	n/a	n/a	n/a	n/a	n/a	n/a	n/a	n/a	n/a	n/a	n/a	n/a	n/a	n/a	n/a	n/a	n/a	n/a	n/a	n/a	n/a	1580.251808	n/a
1580.801736	1.533613	316160	scene_recognition	n/a	n/a	n/a	71.0	n/a	n/a	n/a	1580.2518075	n/a	0.3174298119447485	2	3	3	HB_6_frameA.png	2	2	1582.65277875	1	143	n/a	n/a	intervals/recognition_table	142	1580.801736	1582.335349
1580.801736	0.000000	316160	ttl	1	71	n/a	n/a	n/a	n/a	n/a	n/a	n/a	n/a	n/a	n/a	n/a	n/a	n/a	n/a	n/a	n/a	n/a	n/a	n/a	n/a	n/a	1580.801736	n/a
1582.335349	0.000000	316467	ttl	2	71	n/a	n/a	n/a	n/a	n/a	n/a	n/a	n/a	n/a	n/a	n/a	n/a	n/a	n/a	n/a	n/a	n/a	n/a	n/a	n/a	n/a	1582.335349	n/a
1582.652779	0.000000	316531	ttl	4	71	n/a	n/a	n/a	n/a	n/a	n/a	n/a	n/a	n/a	n/a	n/a	n/a	n/a	n/a	n/a	n/a	n/a	n/a	n/a	n/a	n/a	1582.652779	n/a
1582.663482	0.000000	316533	ttl	11	71	n/a	n/a	n/a	n/a	n/a	n/a	n/a	n/a	n/a	n/a	n/a	n/a	n/a	n/a	n/a	n/a	n/a	n/a	n/a	n/a	n/a	1582.663482	n/a
1583.113277	1.533761	316623	scene_recognition	n/a	n/a	n/a	71.0	n/a	n/a	n/a	1582.6634824999999	n/a	0.6868692708594608	2	3	2	HB_5_frameB_foil.png	1	6	1585.33390725	0	144	n/a	n/a	intervals/recognition_table	143	1583.113277	1584.647038
1583.113277	0.000000	316623	ttl	1	71	n/a	n/a	n/a	n/a	n/a	n/a	n/a	n/a	n/a	n/a	n/a	n/a	n/a	n/a	n/a	n/a	n/a	n/a	n/a	n/a	n/a	1583.113277	n/a
1584.647038	0.000000	316929	ttl	2	71	n/a	n/a	n/a	n/a	n/a	n/a	n/a	n/a	n/a	n/a	n/a	n/a	n/a	n/a	n/a	n/a	n/a	n/a	n/a	n/a	n/a	1584.647038	n/a
1585.333907	0.000000	317067	ttl	4	71	n/a	n/a	n/a	n/a	n/a	n/a	n/a	n/a	n/a	n/a	n/a	n/a	n/a	n/a	n/a	n/a	n/a	n/a	n/a	n/a	n/a	1585.333907	n/a
1585.343439	0.000000	317069	ttl	11	71	n/a	n/a	n/a	n/a	n/a	n/a	n/a	n/a	n/a	n/a	n/a	n/a	n/a	n/a	n/a	n/a	n/a	n/a	n/a	n/a	n/a	1585.343439	n/a
1585.876708	1.533715	317175	scene_recognition	n/a	n/a	n/a	71.0	n/a	n/a	n/a	1585.3434392499998	n/a	0.08395994097918447	1	1	3	NB_28_frameB_foil.png	2	2	1587.4943832499998	0	145	n/a	n/a	intervals/recognition_table	144	1585.876708	1587.410423
1585.876708	0.000000	317175	ttl	1	71	n/a	n/a	n/a	n/a	n/a	n/a	n/a	n/a	n/a	n/a	n/a	n/a	n/a	n/a	n/a	n/a	n/a	n/a	n/a	n/a	n/a	1585.876708	n/a
1587.410423	0.000000	317482	ttl	2	71	n/a	n/a	n/a	n/a	n/a	n/a	n/a	n/a	n/a	n/a	n/a	n/a	n/a	n/a	n/a	n/a	n/a	n/a	n/a	n/a	n/a	1587.410423	n/a
1587.494383	0.000000	317499	ttl	4	71	n/a	n/a	n/a	n/a	n/a	n/a	n/a	n/a	n/a	n/a	n/a	n/a	n/a	n/a	n/a	n/a	n/a	n/a	n/a	n/a	n/a	1587.494383	n/a
1587.501930	0.000000	317500	ttl	11	71	n/a	n/a	n/a	n/a	n/a	n/a	n/a	n/a	n/a	n/a	n/a	n/a	n/a	n/a	n/a	n/a	n/a	n/a	n/a	n/a	n/a	1587.501930	n/a
1587.985002	1.550352	317597	scene_recognition	n/a	n/a	n/a	71.0	n/a	n/a	n/a	1587.50193025	n/a	1.7908809573200415	2	2	3	SB_5_frameB_foil.png	1	7	1591.32623475	0	146	n/a	n/a	intervals/recognition_table	145	1587.985002	1589.535354
1587.985002	0.000000	317597	ttl	1	71	n/a	n/a	n/a	n/a	n/a	n/a	n/a	n/a	n/a	n/a	n/a	n/a	n/a	n/a	n/a	n/a	n/a	n/a	n/a	n/a	n/a	1587.985002	n/a
1589.535354	0.000000	317907	ttl	2	71	n/a	n/a	n/a	n/a	n/a	n/a	n/a	n/a	n/a	n/a	n/a	n/a	n/a	n/a	n/a	n/a	n/a	n/a	n/a	n/a	n/a	1589.535354	n/a
1591.326235	0.000000	318265	ttl	4	71	n/a	n/a	n/a	n/a	n/a	n/a	n/a	n/a	n/a	n/a	n/a	n/a	n/a	n/a	n/a	n/a	n/a	n/a	n/a	n/a	n/a	1591.326235	n/a
1591.331537	0.000000	318266	ttl	11	71	n/a	n/a	n/a	n/a	n/a	n/a	n/a	n/a	n/a	n/a	n/a	n/a	n/a	n/a	n/a	n/a	n/a	n/a	n/a	n/a	n/a	1591.331537	n/a
1591.848094	1.533686	318370	scene_recognition	n/a	n/a	n/a	71.0	n/a	n/a	n/a	1591.331537	n/a	0.40335149762358924	2	3	3	HB_1_frameB.png	2	2	1593.7851309999999	1	147	n/a	n/a	intervals/recognition_table	146	1591.848094	1593.381779
1591.848094	0.000000	318370	ttl	1	71	n/a	n/a	n/a	n/a	n/a	n/a	n/a	n/a	n/a	n/a	n/a	n/a	n/a	n/a	n/a	n/a	n/a	n/a	n/a	n/a	n/a	1591.848094	n/a
1593.381779	0.000000	318676	ttl	2	71	n/a	n/a	n/a	n/a	n/a	n/a	n/a	n/a	n/a	n/a	n/a	n/a	n/a	n/a	n/a	n/a	n/a	n/a	n/a	n/a	n/a	1593.381779	n/a
1593.785131	0.000000	318757	ttl	4	71	n/a	n/a	n/a	n/a	n/a	n/a	n/a	n/a	n/a	n/a	n/a	n/a	n/a	n/a	n/a	n/a	n/a	n/a	n/a	n/a	n/a	1593.785131	n/a
1593.798883	0.000000	318760	ttl	11	71	n/a	n/a	n/a	n/a	n/a	n/a	n/a	n/a	n/a	n/a	n/a	n/a	n/a	n/a	n/a	n/a	n/a	n/a	n/a	n/a	n/a	1593.798883	n/a
1594.348864	1.533641	318870	scene_recognition	n/a	n/a	n/a	71.0	n/a	n/a	n/a	1593.798883	n/a	2.5982331247814727	2	1	1	NB_28_frameA.png	2	4	1598.48073875	1	148	n/a	n/a	intervals/recognition_table	147	1594.348864	1595.882506
1594.348864	0.000000	318870	ttl	1	71	n/a	n/a	n/a	n/a	n/a	n/a	n/a	n/a	n/a	n/a	n/a	n/a	n/a	n/a	n/a	n/a	n/a	n/a	n/a	n/a	n/a	1594.348864	n/a
1595.882506	0.000000	319177	ttl	2	71	n/a	n/a	n/a	n/a	n/a	n/a	n/a	n/a	n/a	n/a	n/a	n/a	n/a	n/a	n/a	n/a	n/a	n/a	n/a	n/a	n/a	1595.882506	n/a
1598.480739	0.000000	319696	ttl	4	71	n/a	n/a	n/a	n/a	n/a	n/a	n/a	n/a	n/a	n/a	n/a	n/a	n/a	n/a	n/a	n/a	n/a	n/a	n/a	n/a	n/a	1598.480739	n/a
1598.496336	0.000000	319699	ttl	11	71	n/a	n/a	n/a	n/a	n/a	n/a	n/a	n/a	n/a	n/a	n/a	n/a	n/a	n/a	n/a	n/a	n/a	n/a	n/a	n/a	n/a	1598.496336	n/a
1598.962927	1.533733	319793	scene_recognition	n/a	n/a	n/a	71.0	n/a	n/a	n/a	1598.4963357499998	n/a	1.1232123208155826	2	2	3	SB_1_frameA_foil.png	1	7	1601.6198725	0	149	n/a	n/a	intervals/recognition_table	148	1598.962927	1600.496660
1598.962927	0.000000	319793	ttl	1	71	n/a	n/a	n/a	n/a	n/a	n/a	n/a	n/a	n/a	n/a	n/a	n/a	n/a	n/a	n/a	n/a	n/a	n/a	n/a	n/a	n/a	1598.962927	n/a
1600.496660	0.000000	320099	ttl	2	71	n/a	n/a	n/a	n/a	n/a	n/a	n/a	n/a	n/a	n/a	n/a	n/a	n/a	n/a	n/a	n/a	n/a	n/a	n/a	n/a	n/a	1600.496660	n/a
1601.619872	0.000000	320324	ttl	4	71	n/a	n/a	n/a	n/a	n/a	n/a	n/a	n/a	n/a	n/a	n/a	n/a	n/a	n/a	n/a	n/a	n/a	n/a	n/a	n/a	n/a	1601.619872	n/a
1601.626342	0.000000	320325	ttl	11	71	n/a	n/a	n/a	n/a	n/a	n/a	n/a	n/a	n/a	n/a	n/a	n/a	n/a	n/a	n/a	n/a	n/a	n/a	n/a	n/a	n/a	1601.626342	n/a
1602.142864	1.533459	320429	scene_recognition	n/a	n/a	n/a	71.0	n/a	n/a	n/a	1601.6263425	n/a	1.4644509719946655	1	2	1	SB_5_frameA_foil.png	2	4	1605.1407745	0	150	n/a	n/a	intervals/recognition_table	149	1602.142864	1603.676323
1602.142864	0.000000	320429	ttl	1	71	n/a	n/a	n/a	n/a	n/a	n/a	n/a	n/a	n/a	n/a	n/a	n/a	n/a	n/a	n/a	n/a	n/a	n/a	n/a	n/a	n/a	1602.142864	n/a
1603.676323	0.000000	320735	ttl	2	71	n/a	n/a	n/a	n/a	n/a	n/a	n/a	n/a	n/a	n/a	n/a	n/a	n/a	n/a	n/a	n/a	n/a	n/a	n/a	n/a	n/a	1603.676323	n/a
1605.140774	0.000000	321028	ttl	4	71	n/a	n/a	n/a	n/a	n/a	n/a	n/a	n/a	n/a	n/a	n/a	n/a	n/a	n/a	n/a	n/a	n/a	n/a	n/a	n/a	n/a	1605.140774	n/a
1605.152136	0.000000	321030	ttl	11	71	n/a	n/a	n/a	n/a	n/a	n/a	n/a	n/a	n/a	n/a	n/a	n/a	n/a	n/a	n/a	n/a	n/a	n/a	n/a	n/a	n/a	1605.152136	n/a
1605.635448	1.533579	321127	scene_recognition	n/a	n/a	n/a	71.0	n/a	n/a	n/a	1605.152136	n/a	1.8424582041861868	1	1	1	NB_13_frameA_foil.png	2	4	1609.01148575	0	151	n/a	n/a	intervals/recognition_table	150	1605.635448	1607.169027
1605.635448	0.000000	321127	ttl	1	71	n/a	n/a	n/a	n/a	n/a	n/a	n/a	n/a	n/a	n/a	n/a	n/a	n/a	n/a	n/a	n/a	n/a	n/a	n/a	n/a	n/a	1605.635448	n/a
1607.169027	0.000000	321434	ttl	2	71	n/a	n/a	n/a	n/a	n/a	n/a	n/a	n/a	n/a	n/a	n/a	n/a	n/a	n/a	n/a	n/a	n/a	n/a	n/a	n/a	n/a	1607.169027	n/a
1609.011486	0.000000	321802	ttl	4	71	n/a	n/a	n/a	n/a	n/a	n/a	n/a	n/a	n/a	n/a	n/a	n/a	n/a	n/a	n/a	n/a	n/a	n/a	n/a	n/a	n/a	1609.011486	n/a
1609.016090	0.000000	321803	ttl	11	71	n/a	n/a	n/a	n/a	n/a	n/a	n/a	n/a	n/a	n/a	n/a	n/a	n/a	n/a	n/a	n/a	n/a	n/a	n/a	n/a	n/a	1609.016090	n/a
1609.532721	1.533561	321907	scene_recognition	n/a	n/a	n/a	71.0	n/a	n/a	n/a	1609.0160899999998	n/a	1.5851619973527704	2	3	3	HB_6_frameB_foil.png	1	7	1612.6514445	0	152	n/a	n/a	intervals/recognition_table	151	1609.532721	1611.066282
1609.532721	0.000000	321907	ttl	1	71	n/a	n/a	n/a	n/a	n/a	n/a	n/a	n/a	n/a	n/a	n/a	n/a	n/a	n/a	n/a	n/a	n/a	n/a	n/a	n/a	n/a	1609.532721	n/a
1611.066282	0.000000	322213	ttl	2	71	n/a	n/a	n/a	n/a	n/a	n/a	n/a	n/a	n/a	n/a	n/a	n/a	n/a	n/a	n/a	n/a	n/a	n/a	n/a	n/a	n/a	1611.066282	n/a
1612.651445	0.000000	322530	ttl	4	71	n/a	n/a	n/a	n/a	n/a	n/a	n/a	n/a	n/a	n/a	n/a	n/a	n/a	n/a	n/a	n/a	n/a	n/a	n/a	n/a	n/a	1612.651445	n/a
1612.665822	0.000000	322533	ttl	11	71	n/a	n/a	n/a	n/a	n/a	n/a	n/a	n/a	n/a	n/a	n/a	n/a	n/a	n/a	n/a	n/a	n/a	n/a	n/a	n/a	n/a	1612.665822	n/a
1613.215654	1.533586	322643	scene_recognition	n/a	n/a	n/a	71.0	n/a	n/a	n/a	1612.66582225	n/a	1.0993789392287	1	3	3	HB_5_frameA_foil.png	2	2	1615.8486182499998	0	153	n/a	n/a	intervals/recognition_table	152	1613.215654	1614.749239
1613.215654	0.000000	322643	ttl	1	71	n/a	n/a	n/a	n/a	n/a	n/a	n/a	n/a	n/a	n/a	n/a	n/a	n/a	n/a	n/a	n/a	n/a	n/a	n/a	n/a	n/a	1613.215654	n/a
1614.749239	0.000000	322950	ttl	2	71	n/a	n/a	n/a	n/a	n/a	n/a	n/a	n/a	n/a	n/a	n/a	n/a	n/a	n/a	n/a	n/a	n/a	n/a	n/a	n/a	n/a	1614.749239	n/a
1615.848618	0.000000	323170	ttl	4	71	n/a	n/a	n/a	n/a	n/a	n/a	n/a	n/a	n/a	n/a	n/a	n/a	n/a	n/a	n/a	n/a	n/a	n/a	n/a	n/a	n/a	1615.848618	n/a
1615.863784	0.000000	323173	ttl	11	71	n/a	n/a	n/a	n/a	n/a	n/a	n/a	n/a	n/a	n/a	n/a	n/a	n/a	n/a	n/a	n/a	n/a	n/a	n/a	n/a	n/a	1615.863784	n/a
1616.363720	1.533603	323273	scene_recognition	n/a	n/a	n/a	71.0	n/a	n/a	n/a	1615.863784	n/a	0.31489940535175265	1	1	2	NB_19_frameA_foil.png	2	3	1618.2122224999998	0	154	n/a	n/a	intervals/recognition_table	153	1616.363720	1617.897323
1616.363720	0.000000	323273	ttl	1	71	n/a	n/a	n/a	n/a	n/a	n/a	n/a	n/a	n/a	n/a	n/a	n/a	n/a	n/a	n/a	n/a	n/a	n/a	n/a	n/a	n/a	1616.363720	n/a
1617.897323	0.000000	323579	ttl	2	71	n/a	n/a	n/a	n/a	n/a	n/a	n/a	n/a	n/a	n/a	n/a	n/a	n/a	n/a	n/a	n/a	n/a	n/a	n/a	n/a	n/a	1617.897323	n/a
1618.212222	0.000000	323642	ttl	4	71	n/a	n/a	n/a	n/a	n/a	n/a	n/a	n/a	n/a	n/a	n/a	n/a	n/a	n/a	n/a	n/a	n/a	n/a	n/a	n/a	n/a	1618.212222	n/a
1618.215443	0.000000	323643	ttl	11	71	n/a	n/a	n/a	n/a	n/a	n/a	n/a	n/a	n/a	n/a	n/a	n/a	n/a	n/a	n/a	n/a	n/a	n/a	n/a	n/a	n/a	1618.215443	n/a
1618.698908	1.533393	323740	scene_recognition	n/a	n/a	n/a	71.0	n/a	n/a	n/a	1618.21544325	n/a	1.6441629326927796	2	3	3	HB_7_frameB.png	2	2	1621.876464	1	155	n/a	n/a	intervals/recognition_table	154	1618.698908	1620.232301
1618.698908	0.000000	323740	ttl	1	71	n/a	n/a	n/a	n/a	n/a	n/a	n/a	n/a	n/a	n/a	n/a	n/a	n/a	n/a	n/a	n/a	n/a	n/a	n/a	n/a	n/a	1618.698908	n/a
1620.232301	0.000000	324046	ttl	2	71	n/a	n/a	n/a	n/a	n/a	n/a	n/a	n/a	n/a	n/a	n/a	n/a	n/a	n/a	n/a	n/a	n/a	n/a	n/a	n/a	n/a	1620.232301	n/a
1621.876464	0.000000	324375	ttl	4	71	n/a	n/a	n/a	n/a	n/a	n/a	n/a	n/a	n/a	n/a	n/a	n/a	n/a	n/a	n/a	n/a	n/a	n/a	n/a	n/a	n/a	1621.876464	n/a
1621.887881	0.000000	324378	ttl	11	71	n/a	n/a	n/a	n/a	n/a	n/a	n/a	n/a	n/a	n/a	n/a	n/a	n/a	n/a	n/a	n/a	n/a	n/a	n/a	n/a	n/a	1621.887881	n/a
1622.437762	1.533735	324488	scene_recognition	n/a	n/a	n/a	71.0	n/a	n/a	n/a	1621.8878814999998	n/a	1.982697330578958	2	3	3	HB_2_frameB_foil.png	1	7	1625.954194	0	156	n/a	n/a	intervals/recognition_table	155	1622.437762	1623.971497
1622.437762	0.000000	324488	ttl	1	71	n/a	n/a	n/a	n/a	n/a	n/a	n/a	n/a	n/a	n/a	n/a	n/a	n/a	n/a	n/a	n/a	n/a	n/a	n/a	n/a	n/a	1622.437762	n/a
1623.971497	0.000000	324794	ttl	2	71	n/a	n/a	n/a	n/a	n/a	n/a	n/a	n/a	n/a	n/a	n/a	n/a	n/a	n/a	n/a	n/a	n/a	n/a	n/a	n/a	n/a	1623.971497	n/a
1625.954194	0.000000	325191	ttl	4	71	n/a	n/a	n/a	n/a	n/a	n/a	n/a	n/a	n/a	n/a	n/a	n/a	n/a	n/a	n/a	n/a	n/a	n/a	n/a	n/a	n/a	1625.954194	n/a
1625.968619	0.000000	325194	ttl	11	71	n/a	n/a	n/a	n/a	n/a	n/a	n/a	n/a	n/a	n/a	n/a	n/a	n/a	n/a	n/a	n/a	n/a	n/a	n/a	n/a	n/a	1625.968619	n/a
1626.518512	1.533526	325304	scene_recognition	n/a	n/a	n/a	71.0	n/a	n/a	n/a	1625.96861875	n/a	1.0263057795618806	1	2	3	SB_7_frameA.png	1	7	1629.078344	1	157	n/a	n/a	intervals/recognition_table	156	1626.518512	1628.052038
1626.518512	0.000000	325304	ttl	1	71	n/a	n/a	n/a	n/a	n/a	n/a	n/a	n/a	n/a	n/a	n/a	n/a	n/a	n/a	n/a	n/a	n/a	n/a	n/a	n/a	n/a	1626.518512	n/a
1628.052038	0.000000	325610	ttl	2	71	n/a	n/a	n/a	n/a	n/a	n/a	n/a	n/a	n/a	n/a	n/a	n/a	n/a	n/a	n/a	n/a	n/a	n/a	n/a	n/a	n/a	1628.052038	n/a
1629.078344	0.000000	325816	ttl	4	71	n/a	n/a	n/a	n/a	n/a	n/a	n/a	n/a	n/a	n/a	n/a	n/a	n/a	n/a	n/a	n/a	n/a	n/a	n/a	n/a	n/a	1629.078344	n/a
1629.092379	0.000000	325818	ttl	11	71	n/a	n/a	n/a	n/a	n/a	n/a	n/a	n/a	n/a	n/a	n/a	n/a	n/a	n/a	n/a	n/a	n/a	n/a	n/a	n/a	n/a	1629.092379	n/a
1629.625620	1.533612	325925	scene_recognition	n/a	n/a	n/a	71.0	n/a	n/a	n/a	1629.0923794999999	n/a	1.7817933409351099	2	2	3	SB_7_frameB_foil.png	1	7	1632.9410255	0	158	n/a	n/a	intervals/recognition_table	157	1629.625620	1631.159232
1629.625620	0.000000	325925	ttl	1	71	n/a	n/a	n/a	n/a	n/a	n/a	n/a	n/a	n/a	n/a	n/a	n/a	n/a	n/a	n/a	n/a	n/a	n/a	n/a	n/a	n/a	1629.625620	n/a
1631.159232	0.000000	326232	ttl	2	71	n/a	n/a	n/a	n/a	n/a	n/a	n/a	n/a	n/a	n/a	n/a	n/a	n/a	n/a	n/a	n/a	n/a	n/a	n/a	n/a	n/a	1631.159232	n/a
1632.941026	0.000000	326588	ttl	4	71	n/a	n/a	n/a	n/a	n/a	n/a	n/a	n/a	n/a	n/a	n/a	n/a	n/a	n/a	n/a	n/a	n/a	n/a	n/a	n/a	n/a	1632.941026	n/a
1632.956663	0.000000	326591	ttl	11	71	n/a	n/a	n/a	n/a	n/a	n/a	n/a	n/a	n/a	n/a	n/a	n/a	n/a	n/a	n/a	n/a	n/a	n/a	n/a	n/a	n/a	1632.956663	n/a
1633.456667	1.533555	326691	scene_recognition	n/a	n/a	n/a	71.0	n/a	n/a	n/a	1632.956663	n/a	2.6258107238882076	1	1	3	NB_4_frameB_foil.png	2	2	1637.616033	0	159	n/a	n/a	intervals/recognition_table	158	1633.456667	1634.990222
1633.456667	0.000000	326691	ttl	1	71	n/a	n/a	n/a	n/a	n/a	n/a	n/a	n/a	n/a	n/a	n/a	n/a	n/a	n/a	n/a	n/a	n/a	n/a	n/a	n/a	n/a	1633.456667	n/a
1634.990222	0.000000	326998	ttl	2	71	n/a	n/a	n/a	n/a	n/a	n/a	n/a	n/a	n/a	n/a	n/a	n/a	n/a	n/a	n/a	n/a	n/a	n/a	n/a	n/a	n/a	1634.990222	n/a
1637.616033	0.000000	327523	ttl	4	71	n/a	n/a	n/a	n/a	n/a	n/a	n/a	n/a	n/a	n/a	n/a	n/a	n/a	n/a	n/a	n/a	n/a	n/a	n/a	n/a	n/a	1637.616033	n/a
1637.621512	0.000000	327524	ttl	11	71	n/a	n/a	n/a	n/a	n/a	n/a	n/a	n/a	n/a	n/a	n/a	n/a	n/a	n/a	n/a	n/a	n/a	n/a	n/a	n/a	n/a	1637.621512	n/a
1638.154782	1.533409	327631	scene_recognition	n/a	n/a	n/a	71.0	n/a	n/a	n/a	1637.621512	n/a	0.0	1	3	0	HB_6_frameB_foil.png	0	1	1639.689191	0	160	n/a	n/a	intervals/recognition_table	159	1638.154782	1639.688191
1638.154782	0.000000	327631	ttl	1	71	n/a	n/a	n/a	n/a	n/a	n/a	n/a	n/a	n/a	n/a	n/a	n/a	n/a	n/a	n/a	n/a	n/a	n/a	n/a	n/a	n/a	1638.154782	n/a
1639.688191	0.000000	327938	ttl	2	71	n/a	n/a	n/a	n/a	n/a	n/a	n/a	n/a	n/a	n/a	n/a	n/a	n/a	n/a	n/a	n/a	n/a	n/a	n/a	n/a	n/a	1639.688191	n/a
1641.781328	0.000000	328356	ttl	11	71	n/a	n/a	n/a	n/a	n/a	n/a	n/a	n/a	n/a	n/a	n/a	n/a	n/a	n/a	n/a	n/a	n/a	n/a	n/a	n/a	n/a	1641.781328	n/a
1642.281288	1.533564	328456	scene_recognition	n/a	n/a	n/a	71.0	n/a	n/a	n/a	1641.78132775	n/a	0.5021483428590727	2	3	3	HB_1_frameB_foil.png	1	7	1644.31700075	0	161	n/a	n/a	intervals/recognition_table	160	1642.281288	1643.814852
1642.281288	0.000000	328456	ttl	1	71	n/a	n/a	n/a	n/a	n/a	n/a	n/a	n/a	n/a	n/a	n/a	n/a	n/a	n/a	n/a	n/a	n/a	n/a	n/a	n/a	n/a	1642.281288	n/a
1643.814852	0.000000	328763	ttl	2	71	n/a	n/a	n/a	n/a	n/a	n/a	n/a	n/a	n/a	n/a	n/a	n/a	n/a	n/a	n/a	n/a	n/a	n/a	n/a	n/a	n/a	1643.814852	n/a
1644.317001	0.000000	328863	ttl	4	71	n/a	n/a	n/a	n/a	n/a	n/a	n/a	n/a	n/a	n/a	n/a	n/a	n/a	n/a	n/a	n/a	n/a	n/a	n/a	n/a	n/a	1644.317001	n/a
1644.326080	0.000000	328865	ttl	11	71	n/a	n/a	n/a	n/a	n/a	n/a	n/a	n/a	n/a	n/a	n/a	n/a	n/a	n/a	n/a	n/a	n/a	n/a	n/a	n/a	n/a	1644.326080	n/a
1644.825938	1.533502	328965	scene_recognition	n/a	n/a	n/a	71.0	n/a	n/a	n/a	1644.32608025	n/a	1.7853082175824966	1	1	3	NB_15_frameA_foil.png	2	2	1648.1447489999998	0	162	n/a	n/a	intervals/recognition_table	161	1644.825938	1646.359441
1644.825938	0.000000	328965	ttl	1	71	n/a	n/a	n/a	n/a	n/a	n/a	n/a	n/a	n/a	n/a	n/a	n/a	n/a	n/a	n/a	n/a	n/a	n/a	n/a	n/a	n/a	1644.825938	n/a
1646.359441	0.000000	329272	ttl	2	71	n/a	n/a	n/a	n/a	n/a	n/a	n/a	n/a	n/a	n/a	n/a	n/a	n/a	n/a	n/a	n/a	n/a	n/a	n/a	n/a	n/a	1646.359441	n/a
1648.144749	0.000000	329629	ttl	4	71	n/a	n/a	n/a	n/a	n/a	n/a	n/a	n/a	n/a	n/a	n/a	n/a	n/a	n/a	n/a	n/a	n/a	n/a	n/a	n/a	n/a	1648.144749	n/a
1648.155847	0.000000	329631	ttl	11	71	n/a	n/a	n/a	n/a	n/a	n/a	n/a	n/a	n/a	n/a	n/a	n/a	n/a	n/a	n/a	n/a	n/a	n/a	n/a	n/a	n/a	1648.155847	n/a
1648.705875	1.533633	329741	scene_recognition	n/a	n/a	n/a	71.0	n/a	n/a	n/a	1648.155847	n/a	1.4068348215459991	1	2	1	SB_8_frameB.png	1	5	1651.6463425	1	163	n/a	n/a	intervals/recognition_table	162	1648.705875	1650.239508
1648.705875	0.000000	329741	ttl	1	71	n/a	n/a	n/a	n/a	n/a	n/a	n/a	n/a	n/a	n/a	n/a	n/a	n/a	n/a	n/a	n/a	n/a	n/a	n/a	n/a	n/a	1648.705875	n/a
1650.239508	0.000000	330048	ttl	2	71	n/a	n/a	n/a	n/a	n/a	n/a	n/a	n/a	n/a	n/a	n/a	n/a	n/a	n/a	n/a	n/a	n/a	n/a	n/a	n/a	n/a	1650.239508	n/a
1651.646342	0.000000	330329	ttl	4	71	n/a	n/a	n/a	n/a	n/a	n/a	n/a	n/a	n/a	n/a	n/a	n/a	n/a	n/a	n/a	n/a	n/a	n/a	n/a	n/a	n/a	1651.646342	n/a
1651.650238	0.000000	330330	ttl	11	71	n/a	n/a	n/a	n/a	n/a	n/a	n/a	n/a	n/a	n/a	n/a	n/a	n/a	n/a	n/a	n/a	n/a	n/a	n/a	n/a	n/a	1651.650238	n/a
1652.133482	1.533694	330427	scene_recognition	n/a	n/a	n/a	71.0	n/a	n/a	n/a	1651.650238	n/a	1.9731356102638529	2	1	1	NB_23_frameA_foil.png	1	5	1655.6403122499999	0	164	n/a	n/a	intervals/recognition_table	163	1652.133482	1653.667176
1652.133482	0.000000	330427	ttl	1	71	n/a	n/a	n/a	n/a	n/a	n/a	n/a	n/a	n/a	n/a	n/a	n/a	n/a	n/a	n/a	n/a	n/a	n/a	n/a	n/a	n/a	1652.133482	n/a
1653.667176	0.000000	330733	ttl	2	71	n/a	n/a	n/a	n/a	n/a	n/a	n/a	n/a	n/a	n/a	n/a	n/a	n/a	n/a	n/a	n/a	n/a	n/a	n/a	n/a	n/a	1653.667176	n/a
1655.640312	0.000000	331128	ttl	4	71	n/a	n/a	n/a	n/a	n/a	n/a	n/a	n/a	n/a	n/a	n/a	n/a	n/a	n/a	n/a	n/a	n/a	n/a	n/a	n/a	n/a	1655.640312	n/a
1655.644733	0.000000	331129	ttl	11	71	n/a	n/a	n/a	n/a	n/a	n/a	n/a	n/a	n/a	n/a	n/a	n/a	n/a	n/a	n/a	n/a	n/a	n/a	n/a	n/a	n/a	1655.644733	n/a
1656.128012	1.533511	331226	scene_recognition	n/a	n/a	n/a	71.0	n/a	n/a	n/a	1655.64473275	n/a	2.26588196171906	1	3	2	HB_3_frameB_foil.png	2	3	1659.9274042499999	0	165	n/a	n/a	intervals/recognition_table	164	1656.128012	1657.661522
1656.128012	0.000000	331226	ttl	1	71	n/a	n/a	n/a	n/a	n/a	n/a	n/a	n/a	n/a	n/a	n/a	n/a	n/a	n/a	n/a	n/a	n/a	n/a	n/a	n/a	n/a	1656.128012	n/a
1657.661522	0.000000	331532	ttl	2	71	n/a	n/a	n/a	n/a	n/a	n/a	n/a	n/a	n/a	n/a	n/a	n/a	n/a	n/a	n/a	n/a	n/a	n/a	n/a	n/a	n/a	1657.661522	n/a
1659.927404	0.000000	331985	ttl	4	71	n/a	n/a	n/a	n/a	n/a	n/a	n/a	n/a	n/a	n/a	n/a	n/a	n/a	n/a	n/a	n/a	n/a	n/a	n/a	n/a	n/a	1659.927404	n/a
1659.932879	0.000000	331987	ttl	11	71	n/a	n/a	n/a	n/a	n/a	n/a	n/a	n/a	n/a	n/a	n/a	n/a	n/a	n/a	n/a	n/a	n/a	n/a	n/a	n/a	n/a	1659.932879	n/a
1660.449469	1.533550	332090	scene_recognition	n/a	n/a	n/a	71.0	n/a	n/a	n/a	1659.9328795	n/a	1.210465781721723	2	3	2	HB_3_frameB_foil.png	1	6	1663.1934844999998	0	166	n/a	n/a	intervals/recognition_table	165	1660.449469	1661.983019
1660.449469	0.000000	332090	ttl	1	71	n/a	n/a	n/a	n/a	n/a	n/a	n/a	n/a	n/a	n/a	n/a	n/a	n/a	n/a	n/a	n/a	n/a	n/a	n/a	n/a	n/a	1660.449469	n/a
1661.983019	0.000000	332397	ttl	2	71	n/a	n/a	n/a	n/a	n/a	n/a	n/a	n/a	n/a	n/a	n/a	n/a	n/a	n/a	n/a	n/a	n/a	n/a	n/a	n/a	n/a	1661.983019	n/a
1663.193484	0.000000	332639	ttl	4	71	n/a	n/a	n/a	n/a	n/a	n/a	n/a	n/a	n/a	n/a	n/a	n/a	n/a	n/a	n/a	n/a	n/a	n/a	n/a	n/a	n/a	1663.193484	n/a
1663.206790	0.000000	332641	ttl	11	71	n/a	n/a	n/a	n/a	n/a	n/a	n/a	n/a	n/a	n/a	n/a	n/a	n/a	n/a	n/a	n/a	n/a	n/a	n/a	n/a	n/a	1663.206790	n/a
1663.756596	1.533785	332751	scene_recognition	n/a	n/a	n/a	71.0	n/a	n/a	n/a	1663.20679	n/a	2.359542134576259	1	3	2	HB_1_frameB_foil.png	2	3	1667.64992225	0	167	n/a	n/a	intervals/recognition_table	166	1663.756596	1665.290380
1663.756596	0.000000	332751	ttl	1	71	n/a	n/a	n/a	n/a	n/a	n/a	n/a	n/a	n/a	n/a	n/a	n/a	n/a	n/a	n/a	n/a	n/a	n/a	n/a	n/a	n/a	1663.756596	n/a
1665.290380	0.000000	333058	ttl	2	71	n/a	n/a	n/a	n/a	n/a	n/a	n/a	n/a	n/a	n/a	n/a	n/a	n/a	n/a	n/a	n/a	n/a	n/a	n/a	n/a	n/a	1665.290380	n/a
1667.649922	0.000000	333530	ttl	4	71	n/a	n/a	n/a	n/a	n/a	n/a	n/a	n/a	n/a	n/a	n/a	n/a	n/a	n/a	n/a	n/a	n/a	n/a	n/a	n/a	n/a	1667.649922	n/a
1667.659382	0.000000	333532	ttl	11	71	n/a	n/a	n/a	n/a	n/a	n/a	n/a	n/a	n/a	n/a	n/a	n/a	n/a	n/a	n/a	n/a	n/a	n/a	n/a	n/a	n/a	1667.659382	n/a
1668.175998	1.533496	333635	scene_recognition	n/a	n/a	n/a	71.0	n/a	n/a	n/a	1667.65938175	n/a	1.4807733464967896	1	2	2	SB_1_frameB.png	1	6	1671.19026775	1	168	n/a	n/a	intervals/recognition_table	167	1668.175998	1669.709494
1668.175998	0.000000	333635	ttl	1	71	n/a	n/a	n/a	n/a	n/a	n/a	n/a	n/a	n/a	n/a	n/a	n/a	n/a	n/a	n/a	n/a	n/a	n/a	n/a	n/a	n/a	1668.175998	n/a
1669.709494	0.000000	333942	ttl	2	71	n/a	n/a	n/a	n/a	n/a	n/a	n/a	n/a	n/a	n/a	n/a	n/a	n/a	n/a	n/a	n/a	n/a	n/a	n/a	n/a	n/a	1669.709494	n/a
1671.190268	0.000000	334238	ttl	4	71	n/a	n/a	n/a	n/a	n/a	n/a	n/a	n/a	n/a	n/a	n/a	n/a	n/a	n/a	n/a	n/a	n/a	n/a	n/a	n/a	n/a	1671.190268	n/a
1671.199929	0.000000	334240	ttl	11	71	n/a	n/a	n/a	n/a	n/a	n/a	n/a	n/a	n/a	n/a	n/a	n/a	n/a	n/a	n/a	n/a	n/a	n/a	n/a	n/a	n/a	1671.199929	n/a
1671.649915	1.533507	334330	scene_recognition	n/a	n/a	n/a	71.0	n/a	n/a	n/a	1671.1999289999999	n/a	1.5278188774882437	1	1	3	NB_11_frameB.png	1	7	1674.71124175	1	169	n/a	n/a	intervals/recognition_table	168	1671.649915	1673.183423
1671.649915	0.000000	334330	ttl	1	71	n/a	n/a	n/a	n/a	n/a	n/a	n/a	n/a	n/a	n/a	n/a	n/a	n/a	n/a	n/a	n/a	n/a	n/a	n/a	n/a	n/a	1671.649915	n/a
1673.183423	0.000000	334637	ttl	2	71	n/a	n/a	n/a	n/a	n/a	n/a	n/a	n/a	n/a	n/a	n/a	n/a	n/a	n/a	n/a	n/a	n/a	n/a	n/a	n/a	n/a	1673.183423	n/a
1674.711242	0.000000	334942	ttl	4	71	n/a	n/a	n/a	n/a	n/a	n/a	n/a	n/a	n/a	n/a	n/a	n/a	n/a	n/a	n/a	n/a	n/a	n/a	n/a	n/a	n/a	1674.711242	n/a
1674.714908	0.000000	334943	ttl	11	71	n/a	n/a	n/a	n/a	n/a	n/a	n/a	n/a	n/a	n/a	n/a	n/a	n/a	n/a	n/a	n/a	n/a	n/a	n/a	n/a	n/a	1674.714908	n/a
1675.264925	1.533387	335053	scene_recognition	n/a	n/a	n/a	71.0	n/a	n/a	n/a	1674.7149077499998	n/a	1.997387611771046	1	2	2	SB_2_frameA_foil.png	2	3	1678.7957	0	170	n/a	n/a	intervals/recognition_table	169	1675.264925	1676.798312
1675.264925	0.000000	335053	ttl	1	71	n/a	n/a	n/a	n/a	n/a	n/a	n/a	n/a	n/a	n/a	n/a	n/a	n/a	n/a	n/a	n/a	n/a	n/a	n/a	n/a	n/a	1675.264925	n/a
1676.798312	0.000000	335360	ttl	2	71	n/a	n/a	n/a	n/a	n/a	n/a	n/a	n/a	n/a	n/a	n/a	n/a	n/a	n/a	n/a	n/a	n/a	n/a	n/a	n/a	n/a	1676.798312	n/a
1678.795700	0.000000	335759	ttl	4	71	n/a	n/a	n/a	n/a	n/a	n/a	n/a	n/a	n/a	n/a	n/a	n/a	n/a	n/a	n/a	n/a	n/a	n/a	n/a	n/a	n/a	1678.795700	n/a
1678.842634	0.000000	335769	ttl	11	71	n/a	n/a	n/a	n/a	n/a	n/a	n/a	n/a	n/a	n/a	n/a	n/a	n/a	n/a	n/a	n/a	n/a	n/a	n/a	n/a	n/a	1678.842634	n/a
1679.309172	1.533516	335862	scene_recognition	n/a	n/a	n/a	71.0	n/a	n/a	n/a	1678.8426339999999	n/a	1.2691627560616325	2	1	2	NB_3_frameA_foil.png	1	6	1682.11185075	0	171	n/a	n/a	intervals/recognition_table	170	1679.309172	1680.842688
1679.309172	0.000000	335862	ttl	1	71	n/a	n/a	n/a	n/a	n/a	n/a	n/a	n/a	n/a	n/a	n/a	n/a	n/a	n/a	n/a	n/a	n/a	n/a	n/a	n/a	n/a	1679.309172	n/a
1680.842688	0.000000	336169	ttl	2	71	n/a	n/a	n/a	n/a	n/a	n/a	n/a	n/a	n/a	n/a	n/a	n/a	n/a	n/a	n/a	n/a	n/a	n/a	n/a	n/a	n/a	1680.842688	n/a
1682.111851	0.000000	336422	ttl	4	71	n/a	n/a	n/a	n/a	n/a	n/a	n/a	n/a	n/a	n/a	n/a	n/a	n/a	n/a	n/a	n/a	n/a	n/a	n/a	n/a	n/a	1682.111851	n/a
1682.126246	0.000000	336425	ttl	11	71	n/a	n/a	n/a	n/a	n/a	n/a	n/a	n/a	n/a	n/a	n/a	n/a	n/a	n/a	n/a	n/a	n/a	n/a	n/a	n/a	n/a	1682.126246	n/a
1682.659602	1.533712	336532	scene_recognition	n/a	n/a	n/a	71.0	n/a	n/a	n/a	1682.1262465	n/a	1.1852911770620267	1	2	2	SB_2_frameB.png	1	6	1685.37860475	1	172	n/a	n/a	intervals/recognition_table	171	1682.659602	1684.193313
1682.659602	0.000000	336532	ttl	1	71	n/a	n/a	n/a	n/a	n/a	n/a	n/a	n/a	n/a	n/a	n/a	n/a	n/a	n/a	n/a	n/a	n/a	n/a	n/a	n/a	n/a	1682.659602	n/a
1684.193313	0.000000	336839	ttl	2	71	n/a	n/a	n/a	n/a	n/a	n/a	n/a	n/a	n/a	n/a	n/a	n/a	n/a	n/a	n/a	n/a	n/a	n/a	n/a	n/a	n/a	1684.193313	n/a
1685.378605	0.000000	337076	ttl	4	71	n/a	n/a	n/a	n/a	n/a	n/a	n/a	n/a	n/a	n/a	n/a	n/a	n/a	n/a	n/a	n/a	n/a	n/a	n/a	n/a	n/a	1685.378605	n/a
1685.391485	0.000000	337078	ttl	11	71	n/a	n/a	n/a	n/a	n/a	n/a	n/a	n/a	n/a	n/a	n/a	n/a	n/a	n/a	n/a	n/a	n/a	n/a	n/a	n/a	n/a	1685.391485	n/a
1685.924653	1.533623	337185	scene_recognition	n/a	n/a	n/a	71.0	n/a	n/a	n/a	1685.3914849999999	n/a	0.03335287998561398	1	2	1	SB_8_frameB_foil.png	2	4	1687.4916289999999	0	173	n/a	n/a	intervals/recognition_table	172	1685.924653	1687.458276
1685.924653	0.000000	337185	ttl	1	71	n/a	n/a	n/a	n/a	n/a	n/a	n/a	n/a	n/a	n/a	n/a	n/a	n/a	n/a	n/a	n/a	n/a	n/a	n/a	n/a	n/a	1685.924653	n/a
1687.458276	0.000000	337492	ttl	2	71	n/a	n/a	n/a	n/a	n/a	n/a	n/a	n/a	n/a	n/a	n/a	n/a	n/a	n/a	n/a	n/a	n/a	n/a	n/a	n/a	n/a	1687.458276	n/a
1687.491629	0.000000	337498	ttl	4	71	n/a	n/a	n/a	n/a	n/a	n/a	n/a	n/a	n/a	n/a	n/a	n/a	n/a	n/a	n/a	n/a	n/a	n/a	n/a	n/a	n/a	1687.491629	n/a
1687.496034	0.000000	337499	ttl	11	71	n/a	n/a	n/a	n/a	n/a	n/a	n/a	n/a	n/a	n/a	n/a	n/a	n/a	n/a	n/a	n/a	n/a	n/a	n/a	n/a	n/a	1687.496034	n/a
1688.045949	1.533640	337609	scene_recognition	n/a	n/a	n/a	71.0	n/a	n/a	n/a	1687.4960342499999	n/a	2.16763868794078	2	1	3	NB_29_frameA_foil.png	1	7	1691.7472275	0	174	n/a	n/a	intervals/recognition_table	173	1688.045949	1689.579589
1688.045949	0.000000	337609	ttl	1	71	n/a	n/a	n/a	n/a	n/a	n/a	n/a	n/a	n/a	n/a	n/a	n/a	n/a	n/a	n/a	n/a	n/a	n/a	n/a	n/a	n/a	1688.045949	n/a
1689.579589	0.000000	337916	ttl	2	71	n/a	n/a	n/a	n/a	n/a	n/a	n/a	n/a	n/a	n/a	n/a	n/a	n/a	n/a	n/a	n/a	n/a	n/a	n/a	n/a	n/a	1689.579589	n/a
1691.747228	0.000000	338349	ttl	4	71	n/a	n/a	n/a	n/a	n/a	n/a	n/a	n/a	n/a	n/a	n/a	n/a	n/a	n/a	n/a	n/a	n/a	n/a	n/a	n/a	n/a	1691.747228	n/a
1691.763499	0.000000	338353	ttl	11	71	n/a	n/a	n/a	n/a	n/a	n/a	n/a	n/a	n/a	n/a	n/a	n/a	n/a	n/a	n/a	n/a	n/a	n/a	n/a	n/a	n/a	1691.763499	n/a
1692.229924	1.533587	338446	scene_recognition	n/a	n/a	n/a	71.0	n/a	n/a	n/a	1691.7634987499998	n/a	0.4491207353948994	2	1	3	NB_30_frameB_foil.png	1	7	1694.2126322499998	0	175	n/a	n/a	intervals/recognition_table	174	1692.229924	1693.763511
1692.229924	0.000000	338446	ttl	1	71	n/a	n/a	n/a	n/a	n/a	n/a	n/a	n/a	n/a	n/a	n/a	n/a	n/a	n/a	n/a	n/a	n/a	n/a	n/a	n/a	n/a	1692.229924	n/a
1693.763511	0.000000	338753	ttl	2	71	n/a	n/a	n/a	n/a	n/a	n/a	n/a	n/a	n/a	n/a	n/a	n/a	n/a	n/a	n/a	n/a	n/a	n/a	n/a	n/a	n/a	1693.763511	n/a
1694.212632	0.000000	338843	ttl	4	71	n/a	n/a	n/a	n/a	n/a	n/a	n/a	n/a	n/a	n/a	n/a	n/a	n/a	n/a	n/a	n/a	n/a	n/a	n/a	n/a	n/a	1694.212632	n/a
1694.230210	0.000000	338846	ttl	11	71	n/a	n/a	n/a	n/a	n/a	n/a	n/a	n/a	n/a	n/a	n/a	n/a	n/a	n/a	n/a	n/a	n/a	n/a	n/a	n/a	n/a	1694.230210	n/a
1694.696860	1.533592	338939	scene_recognition	n/a	n/a	n/a	71.0	n/a	n/a	n/a	1694.2302104999999	n/a	0.032093039892060915	1	1	1	NB_22_frameB_foil.png	2	4	1696.2625449999998	0	176	n/a	n/a	intervals/recognition_table	175	1694.696860	1696.230452
1694.696860	0.000000	338939	ttl	1	71	n/a	n/a	n/a	n/a	n/a	n/a	n/a	n/a	n/a	n/a	n/a	n/a	n/a	n/a	n/a	n/a	n/a	n/a	n/a	n/a	n/a	1694.696860	n/a
1696.230452	0.000000	339246	ttl	2	71	n/a	n/a	n/a	n/a	n/a	n/a	n/a	n/a	n/a	n/a	n/a	n/a	n/a	n/a	n/a	n/a	n/a	n/a	n/a	n/a	n/a	1696.230452	n/a
1696.262545	0.000000	339253	ttl	4	71	n/a	n/a	n/a	n/a	n/a	n/a	n/a	n/a	n/a	n/a	n/a	n/a	n/a	n/a	n/a	n/a	n/a	n/a	n/a	n/a	n/a	1696.262545	n/a
1696.321686	0.000000	339264	ttl	11	71	n/a	n/a	n/a	n/a	n/a	n/a	n/a	n/a	n/a	n/a	n/a	n/a	n/a	n/a	n/a	n/a	n/a	n/a	n/a	n/a	n/a	1696.321686	n/a
1696.936925	1.574233	339387	scene_recognition	n/a	n/a	n/a	71.0	n/a	n/a	n/a	1696.3216862499999	n/a	1.781962533672413	1	2	3	SB_30_frameA.png	1	7	1700.2931214999999	1	177	n/a	n/a	intervals/recognition_table	176	1696.936925	1698.511159
1696.936925	0.000000	339387	ttl	1	71	n/a	n/a	n/a	n/a	n/a	n/a	n/a	n/a	n/a	n/a	n/a	n/a	n/a	n/a	n/a	n/a	n/a	n/a	n/a	n/a	n/a	1696.936925	n/a
1698.511159	0.000000	339702	ttl	2	71	n/a	n/a	n/a	n/a	n/a	n/a	n/a	n/a	n/a	n/a	n/a	n/a	n/a	n/a	n/a	n/a	n/a	n/a	n/a	n/a	n/a	1698.511159	n/a
1700.293121	0.000000	340059	ttl	4	71	n/a	n/a	n/a	n/a	n/a	n/a	n/a	n/a	n/a	n/a	n/a	n/a	n/a	n/a	n/a	n/a	n/a	n/a	n/a	n/a	n/a	1700.293121	n/a
1700.349317	0.000000	340070	ttl	11	71	n/a	n/a	n/a	n/a	n/a	n/a	n/a	n/a	n/a	n/a	n/a	n/a	n/a	n/a	n/a	n/a	n/a	n/a	n/a	n/a	n/a	1700.349317	n/a
1700.930789	1.546144	340186	scene_recognition	n/a	n/a	n/a	71.0	n/a	n/a	n/a	1700.349317	n/a	1.5294275085070694	1	2	1	SB_30_frameB_foil.png	2	4	1704.0063605	0	178	n/a	n/a	intervals/recognition_table	177	1700.930789	1702.476933
1700.930789	0.000000	340186	ttl	1	71	n/a	n/a	n/a	n/a	n/a	n/a	n/a	n/a	n/a	n/a	n/a	n/a	n/a	n/a	n/a	n/a	n/a	n/a	n/a	n/a	n/a	1700.930789	n/a
1702.476933	0.000000	340495	ttl	2	71	n/a	n/a	n/a	n/a	n/a	n/a	n/a	n/a	n/a	n/a	n/a	n/a	n/a	n/a	n/a	n/a	n/a	n/a	n/a	n/a	n/a	1702.476933	n/a
1704.006361	0.000000	340801	ttl	4	71	n/a	n/a	n/a	n/a	n/a	n/a	n/a	n/a	n/a	n/a	n/a	n/a	n/a	n/a	n/a	n/a	n/a	n/a	n/a	n/a	n/a	1704.006361	n/a
1704.070940	0.000000	340814	ttl	11	71	n/a	n/a	n/a	n/a	n/a	n/a	n/a	n/a	n/a	n/a	n/a	n/a	n/a	n/a	n/a	n/a	n/a	n/a	n/a	n/a	n/a	1704.070940	n/a
1704.567144	1.561653	340913	scene_recognition	n/a	n/a	n/a	71.0	n/a	n/a	n/a	1704.07094025	n/a	2.198499342015566	1	3	2	HB_30_frameB.png	1	6	1708.3272964999999	1	179	n/a	n/a	intervals/recognition_table	178	1704.567144	1706.128797
1704.567144	0.000000	340913	ttl	1	71	n/a	n/a	n/a	n/a	n/a	n/a	n/a	n/a	n/a	n/a	n/a	n/a	n/a	n/a	n/a	n/a	n/a	n/a	n/a	n/a	n/a	1704.567144	n/a
1706.128797	0.000000	341226	ttl	2	71	n/a	n/a	n/a	n/a	n/a	n/a	n/a	n/a	n/a	n/a	n/a	n/a	n/a	n/a	n/a	n/a	n/a	n/a	n/a	n/a	n/a	1706.128797	n/a
1708.327296	0.000000	341665	ttl	4	71	n/a	n/a	n/a	n/a	n/a	n/a	n/a	n/a	n/a	n/a	n/a	n/a	n/a	n/a	n/a	n/a	n/a	n/a	n/a	n/a	n/a	1708.327296	n/a
1708.357209	0.000000	341671	ttl	11	71	n/a	n/a	n/a	n/a	n/a	n/a	n/a	n/a	n/a	n/a	n/a	n/a	n/a	n/a	n/a	n/a	n/a	n/a	n/a	n/a	n/a	1708.357209	n/a
1708.903189	1.559015	341781	scene_recognition	n/a	n/a	n/a	71.0	n/a	n/a	n/a	1708.3572092499999	n/a	1.047385051178935	2	3	3	HB_30_frameA_foil.png	1	7	1711.5095892499999	0	180	n/a	n/a	intervals/recognition_table	179	1708.903189	1710.462204
1708.903189	0.000000	341781	ttl	1	71	n/a	n/a	n/a	n/a	n/a	n/a	n/a	n/a	n/a	n/a	n/a	n/a	n/a	n/a	n/a	n/a	n/a	n/a	n/a	n/a	n/a	1708.903189	n/a
1710.462204	0.000000	342092	ttl	2	71	n/a	n/a	n/a	n/a	n/a	n/a	n/a	n/a	n/a	n/a	n/a	n/a	n/a	n/a	n/a	n/a	n/a	n/a	n/a	n/a	n/a	1710.462204	n/a
1711.509589	0.000000	342302	ttl	4	71	n/a	n/a	n/a	n/a	n/a	n/a	n/a	n/a	n/a	n/a	n/a	n/a	n/a	n/a	n/a	n/a	n/a	n/a	n/a	n/a	n/a	1711.509589	n/a
1711.559636	0.000000	342312	ttl	60	71	n/a	n/a	n/a	n/a	n/a	n/a	n/a	n/a	n/a	n/a	n/a	n/a	n/a	n/a	n/a	n/a	n/a	n/a	n/a	n/a	n/a	1711.559636	n/a
2028.803997	0.000000	405761	ttl	61	72	n/a	n/a	n/a	n/a	n/a	n/a	n/a	n/a	n/a	n/a	n/a	n/a	n/a	n/a	n/a	n/a	n/a	n/a	n/a	n/a	n/a	2028.803997	n/a
2028.862170	0.000000	405772	ttl	11	72	n/a	n/a	n/a	n/a	n/a	n/a	n/a	n/a	n/a	n/a	n/a	n/a	n/a	n/a	n/a	n/a	n/a	n/a	n/a	n/a	n/a	2028.862170	n/a
2029.395493	2.034381	405879	time_discrimination	n/a	n/a	n/a	72.0	n/a	n/a	n/a	2028.86216975	n/a	0.7966820984820515	2.0	2	2.0	SB_49_ShortA.png	n/a	3	2032.2265567499999	n/a	1	1	1	intervals/timediscrimination_table	0	2029.395493	2031.429874
2029.395493	0.000000	405879	ttl	1	72	n/a	n/a	n/a	n/a	n/a	n/a	n/a	n/a	n/a	n/a	n/a	n/a	n/a	n/a	n/a	n/a	n/a	n/a	n/a	n/a	n/a	2029.395493	n/a
2031.429874	0.000000	406286	ttl	2	72	n/a	n/a	n/a	n/a	n/a	n/a	n/a	n/a	n/a	n/a	n/a	n/a	n/a	n/a	n/a	n/a	n/a	n/a	n/a	n/a	n/a	2031.429874	n/a
2032.226557	0.000000	406445	ttl	4	72	n/a	n/a	n/a	n/a	n/a	n/a	n/a	n/a	n/a	n/a	n/a	n/a	n/a	n/a	n/a	n/a	n/a	n/a	n/a	n/a	n/a	2032.226557	n/a
2032.247581	0.000000	406450	ttl	11	72	n/a	n/a	n/a	n/a	n/a	n/a	n/a	n/a	n/a	n/a	n/a	n/a	n/a	n/a	n/a	n/a	n/a	n/a	n/a	n/a	n/a	2032.247581	n/a
2032.814058	2.033611	406563	time_discrimination	n/a	n/a	n/a	72.0	n/a	n/a	n/a	2032.24758075	n/a	1.9145997295599955	1.0	3	3.0	HB_60_ShortA.png	n/a	2	2036.76226875	n/a	2	1	2	intervals/timediscrimination_table	1	2032.814058	2034.847669
2032.814058	0.000000	406563	ttl	1	72	n/a	n/a	n/a	n/a	n/a	n/a	n/a	n/a	n/a	n/a	n/a	n/a	n/a	n/a	n/a	n/a	n/a	n/a	n/a	n/a	n/a	2032.814058	n/a
2034.847669	0.000000	406970	ttl	2	72	n/a	n/a	n/a	n/a	n/a	n/a	n/a	n/a	n/a	n/a	n/a	n/a	n/a	n/a	n/a	n/a	n/a	n/a	n/a	n/a	n/a	2034.847669	n/a
2036.762269	0.000000	407352	ttl	4	72	n/a	n/a	n/a	n/a	n/a	n/a	n/a	n/a	n/a	n/a	n/a	n/a	n/a	n/a	n/a	n/a	n/a	n/a	n/a	n/a	n/a	2036.762269	n/a
2036.782836	0.000000	407357	ttl	11	72	n/a	n/a	n/a	n/a	n/a	n/a	n/a	n/a	n/a	n/a	n/a	n/a	n/a	n/a	n/a	n/a	n/a	n/a	n/a	n/a	n/a	2036.782836	n/a
2037.332723	2.033658	407467	time_discrimination	n/a	n/a	n/a	72.0	n/a	n/a	n/a	2036.78283625	n/a	1.4752160685366107	2.0	1	3.0	NB_4_ShortA.png	n/a	7	2040.84159725	n/a	3	2	2	intervals/timediscrimination_table	2	2037.332723	2039.366381
2037.332723	0.000000	407467	ttl	1	72	n/a	n/a	n/a	n/a	n/a	n/a	n/a	n/a	n/a	n/a	n/a	n/a	n/a	n/a	n/a	n/a	n/a	n/a	n/a	n/a	n/a	2037.332723	n/a
2039.366381	0.000000	407873	ttl	2	72	n/a	n/a	n/a	n/a	n/a	n/a	n/a	n/a	n/a	n/a	n/a	n/a	n/a	n/a	n/a	n/a	n/a	n/a	n/a	n/a	n/a	2039.366381	n/a
2040.841597	0.000000	408168	ttl	4	72	n/a	n/a	n/a	n/a	n/a	n/a	n/a	n/a	n/a	n/a	n/a	n/a	n/a	n/a	n/a	n/a	n/a	n/a	n/a	n/a	n/a	2040.841597	n/a
2040.868506	0.000000	408174	ttl	11	72	n/a	n/a	n/a	n/a	n/a	n/a	n/a	n/a	n/a	n/a	n/a	n/a	n/a	n/a	n/a	n/a	n/a	n/a	n/a	n/a	n/a	2040.868506	n/a
2041.435079	2.033532	408287	time_discrimination	n/a	n/a	n/a	72.0	n/a	n/a	n/a	2040.8685065	n/a	0.031275860594178084	2.0	1	3.0	NB_17_LongA.png	n/a	2	2043.499887	n/a	4	1	1	intervals/timediscrimination_table	3	2041.435079	2043.468611
2041.435079	0.000000	408287	ttl	1	72	n/a	n/a	n/a	n/a	n/a	n/a	n/a	n/a	n/a	n/a	n/a	n/a	n/a	n/a	n/a	n/a	n/a	n/a	n/a	n/a	n/a	2041.435079	n/a
2043.468611	0.000000	408694	ttl	2	72	n/a	n/a	n/a	n/a	n/a	n/a	n/a	n/a	n/a	n/a	n/a	n/a	n/a	n/a	n/a	n/a	n/a	n/a	n/a	n/a	n/a	2043.468611	n/a
2043.499887	0.000000	408700	ttl	4	72	n/a	n/a	n/a	n/a	n/a	n/a	n/a	n/a	n/a	n/a	n/a	n/a	n/a	n/a	n/a	n/a	n/a	n/a	n/a	n/a	n/a	2043.499887	n/a
2043.518406	0.000000	408704	ttl	11	72	n/a	n/a	n/a	n/a	n/a	n/a	n/a	n/a	n/a	n/a	n/a	n/a	n/a	n/a	n/a	n/a	n/a	n/a	n/a	n/a	n/a	2043.518406	n/a
2044.084925	2.033413	408817	time_discrimination	n/a	n/a	n/a	72.0	n/a	n/a	n/a	2043.51840625	n/a	0.6219163337918872	2.0	2	3.0	SB_45_LongA.png	n/a	2	2046.7402539999998	n/a	5	1	1	intervals/timediscrimination_table	4	2044.084925	2046.118338
2044.084925	0.000000	408817	ttl	1	72	n/a	n/a	n/a	n/a	n/a	n/a	n/a	n/a	n/a	n/a	n/a	n/a	n/a	n/a	n/a	n/a	n/a	n/a	n/a	n/a	n/a	2044.084925	n/a
2046.118338	0.000000	409224	ttl	2	72	n/a	n/a	n/a	n/a	n/a	n/a	n/a	n/a	n/a	n/a	n/a	n/a	n/a	n/a	n/a	n/a	n/a	n/a	n/a	n/a	n/a	2046.118338	n/a
2046.740254	0.000000	409348	ttl	4	72	n/a	n/a	n/a	n/a	n/a	n/a	n/a	n/a	n/a	n/a	n/a	n/a	n/a	n/a	n/a	n/a	n/a	n/a	n/a	n/a	n/a	2046.740254	n/a
2046.754336	0.000000	409351	ttl	11	72	n/a	n/a	n/a	n/a	n/a	n/a	n/a	n/a	n/a	n/a	n/a	n/a	n/a	n/a	n/a	n/a	n/a	n/a	n/a	n/a	n/a	2046.754336	n/a
2047.337629	2.033408	409468	time_discrimination	n/a	n/a	n/a	72.0	n/a	n/a	n/a	2046.7543365	n/a	1.3940497851854161	2.0	2	3.0	SB_38_LongA.png	n/a	2	2050.76508725	n/a	6	1	1	intervals/timediscrimination_table	5	2047.337629	2049.371037
2047.337629	0.000000	409468	ttl	1	72	n/a	n/a	n/a	n/a	n/a	n/a	n/a	n/a	n/a	n/a	n/a	n/a	n/a	n/a	n/a	n/a	n/a	n/a	n/a	n/a	n/a	2047.337629	n/a
2049.371037	0.000000	409874	ttl	2	72	n/a	n/a	n/a	n/a	n/a	n/a	n/a	n/a	n/a	n/a	n/a	n/a	n/a	n/a	n/a	n/a	n/a	n/a	n/a	n/a	n/a	2049.371037	n/a
2050.765087	0.000000	410153	ttl	4	72	n/a	n/a	n/a	n/a	n/a	n/a	n/a	n/a	n/a	n/a	n/a	n/a	n/a	n/a	n/a	n/a	n/a	n/a	n/a	n/a	n/a	2050.765087	n/a
2050.777322	0.000000	410155	ttl	11	72	n/a	n/a	n/a	n/a	n/a	n/a	n/a	n/a	n/a	n/a	n/a	n/a	n/a	n/a	n/a	n/a	n/a	n/a	n/a	n/a	n/a	2050.777322	n/a
2051.293386	2.033486	410259	time_discrimination	n/a	n/a	n/a	72.0	n/a	n/a	n/a	2050.77732225	n/a	0.31268326469398744	2.0	1	3.0	NB_19_LongA.png	n/a	2	2053.63955525	n/a	7	1	1	intervals/timediscrimination_table	6	2051.293386	2053.326872
2051.293386	0.000000	410259	ttl	1	72	n/a	n/a	n/a	n/a	n/a	n/a	n/a	n/a	n/a	n/a	n/a	n/a	n/a	n/a	n/a	n/a	n/a	n/a	n/a	n/a	n/a	2051.293386	n/a
2053.326872	0.000000	410665	ttl	2	72	n/a	n/a	n/a	n/a	n/a	n/a	n/a	n/a	n/a	n/a	n/a	n/a	n/a	n/a	n/a	n/a	n/a	n/a	n/a	n/a	n/a	2053.326872	n/a
2053.639555	0.000000	410728	ttl	4	72	n/a	n/a	n/a	n/a	n/a	n/a	n/a	n/a	n/a	n/a	n/a	n/a	n/a	n/a	n/a	n/a	n/a	n/a	n/a	n/a	n/a	2053.639555	n/a
2053.655731	0.000000	410731	ttl	11	72	n/a	n/a	n/a	n/a	n/a	n/a	n/a	n/a	n/a	n/a	n/a	n/a	n/a	n/a	n/a	n/a	n/a	n/a	n/a	n/a	n/a	2053.655731	n/a
2054.172433	2.033402	410834	time_discrimination	n/a	n/a	n/a	72.0	n/a	n/a	n/a	2053.6557305	n/a	2.321939671817745	1.0	3	2.0	HB_35_ShortA.png	n/a	3	2058.5277745	n/a	8	1	2	intervals/timediscrimination_table	7	2054.172433	2056.205835
2054.172433	0.000000	410834	ttl	1	72	n/a	n/a	n/a	n/a	n/a	n/a	n/a	n/a	n/a	n/a	n/a	n/a	n/a	n/a	n/a	n/a	n/a	n/a	n/a	n/a	n/a	2054.172433	n/a
2056.205835	0.000000	411241	ttl	2	72	n/a	n/a	n/a	n/a	n/a	n/a	n/a	n/a	n/a	n/a	n/a	n/a	n/a	n/a	n/a	n/a	n/a	n/a	n/a	n/a	n/a	2056.205835	n/a
2058.527774	0.000000	411706	ttl	4	72	n/a	n/a	n/a	n/a	n/a	n/a	n/a	n/a	n/a	n/a	n/a	n/a	n/a	n/a	n/a	n/a	n/a	n/a	n/a	n/a	n/a	2058.527774	n/a
2058.530890	0.000000	411706	ttl	11	72	n/a	n/a	n/a	n/a	n/a	n/a	n/a	n/a	n/a	n/a	n/a	n/a	n/a	n/a	n/a	n/a	n/a	n/a	n/a	n/a	n/a	2058.530890	n/a
2059.064234	2.033456	411813	time_discrimination	n/a	n/a	n/a	72.0	n/a	n/a	n/a	2058.53089	n/a	1.4232119183034229	1.0	3	3.0	HB_39_LongA.png	n/a	2	2062.5209015	n/a	9	1	2	intervals/timediscrimination_table	8	2059.064234	2061.097689
2059.064234	0.000000	411813	ttl	1	72	n/a	n/a	n/a	n/a	n/a	n/a	n/a	n/a	n/a	n/a	n/a	n/a	n/a	n/a	n/a	n/a	n/a	n/a	n/a	n/a	n/a	2059.064234	n/a
2061.097689	0.000000	412220	ttl	2	72	n/a	n/a	n/a	n/a	n/a	n/a	n/a	n/a	n/a	n/a	n/a	n/a	n/a	n/a	n/a	n/a	n/a	n/a	n/a	n/a	n/a	2061.097689	n/a
2062.520902	0.000000	412504	ttl	4	72	n/a	n/a	n/a	n/a	n/a	n/a	n/a	n/a	n/a	n/a	n/a	n/a	n/a	n/a	n/a	n/a	n/a	n/a	n/a	n/a	n/a	2062.520902	n/a
2062.535151	0.000000	412507	ttl	11	72	n/a	n/a	n/a	n/a	n/a	n/a	n/a	n/a	n/a	n/a	n/a	n/a	n/a	n/a	n/a	n/a	n/a	n/a	n/a	n/a	n/a	2062.535151	n/a
2063.101706	2.033465	412620	time_discrimination	n/a	n/a	n/a	72.0	n/a	n/a	n/a	2062.53515125	n/a	0.98671369526528	2.0	2	2.0	SB_1_ShortA.png	n/a	3	2066.1218854999997	n/a	10	1	1	intervals/timediscrimination_table	9	2063.101706	2065.135172
2063.101706	0.000000	412620	ttl	1	72	n/a	n/a	n/a	n/a	n/a	n/a	n/a	n/a	n/a	n/a	n/a	n/a	n/a	n/a	n/a	n/a	n/a	n/a	n/a	n/a	n/a	2063.101706	n/a
2065.135172	0.000000	413027	ttl	2	72	n/a	n/a	n/a	n/a	n/a	n/a	n/a	n/a	n/a	n/a	n/a	n/a	n/a	n/a	n/a	n/a	n/a	n/a	n/a	n/a	n/a	2065.135172	n/a
2066.121885	0.000000	413224	ttl	4	72	n/a	n/a	n/a	n/a	n/a	n/a	n/a	n/a	n/a	n/a	n/a	n/a	n/a	n/a	n/a	n/a	n/a	n/a	n/a	n/a	n/a	2066.121885	n/a
2066.132557	0.000000	413227	ttl	11	72	n/a	n/a	n/a	n/a	n/a	n/a	n/a	n/a	n/a	n/a	n/a	n/a	n/a	n/a	n/a	n/a	n/a	n/a	n/a	n/a	n/a	2066.132557	n/a
2066.698936	2.033423	413340	time_discrimination	n/a	n/a	n/a	72.0	n/a	n/a	n/a	2066.13255675	n/a	0.20687800902123854	2.0	2	3.0	SB_48_LongA.png	n/a	2	2068.939237	n/a	11	1	1	intervals/timediscrimination_table	10	2066.698936	2068.732359
2066.698936	0.000000	413340	ttl	1	72	n/a	n/a	n/a	n/a	n/a	n/a	n/a	n/a	n/a	n/a	n/a	n/a	n/a	n/a	n/a	n/a	n/a	n/a	n/a	n/a	n/a	2066.698936	n/a
2068.732359	0.000000	413746	ttl	2	72	n/a	n/a	n/a	n/a	n/a	n/a	n/a	n/a	n/a	n/a	n/a	n/a	n/a	n/a	n/a	n/a	n/a	n/a	n/a	n/a	n/a	2068.732359	n/a
2068.939237	0.000000	413788	ttl	4	72	n/a	n/a	n/a	n/a	n/a	n/a	n/a	n/a	n/a	n/a	n/a	n/a	n/a	n/a	n/a	n/a	n/a	n/a	n/a	n/a	n/a	2068.939237	n/a
2068.942438	0.000000	413788	ttl	11	72	n/a	n/a	n/a	n/a	n/a	n/a	n/a	n/a	n/a	n/a	n/a	n/a	n/a	n/a	n/a	n/a	n/a	n/a	n/a	n/a	n/a	2068.942438	n/a
2069.475687	2.033647	413895	time_discrimination	n/a	n/a	n/a	72.0	n/a	n/a	n/a	2068.9424384999998	n/a	1.1683639176571887	2.0	2	3.0	SB_35_LongA.png	n/a	2	2072.67769775	n/a	12	1	1	intervals/timediscrimination_table	11	2069.475687	2071.509334
2069.475687	0.000000	413895	ttl	1	72	n/a	n/a	n/a	n/a	n/a	n/a	n/a	n/a	n/a	n/a	n/a	n/a	n/a	n/a	n/a	n/a	n/a	n/a	n/a	n/a	n/a	2069.475687	n/a
2071.509334	0.000000	414302	ttl	2	72	n/a	n/a	n/a	n/a	n/a	n/a	n/a	n/a	n/a	n/a	n/a	n/a	n/a	n/a	n/a	n/a	n/a	n/a	n/a	n/a	n/a	2071.509334	n/a
2072.677698	0.000000	414536	ttl	4	72	n/a	n/a	n/a	n/a	n/a	n/a	n/a	n/a	n/a	n/a	n/a	n/a	n/a	n/a	n/a	n/a	n/a	n/a	n/a	n/a	n/a	2072.677698	n/a
2072.685615	0.000000	414537	ttl	11	72	n/a	n/a	n/a	n/a	n/a	n/a	n/a	n/a	n/a	n/a	n/a	n/a	n/a	n/a	n/a	n/a	n/a	n/a	n/a	n/a	n/a	2072.685615	n/a
2073.202294	2.033362	414640	time_discrimination	n/a	n/a	n/a	72.0	n/a	n/a	n/a	2072.68561475	n/a	1.3573788778085145	1.0	3	3.0	HB_48_ShortA.png	n/a	2	2076.593035	n/a	13	1	2	intervals/timediscrimination_table	12	2073.202294	2075.235656
2073.202294	0.000000	414640	ttl	1	72	n/a	n/a	n/a	n/a	n/a	n/a	n/a	n/a	n/a	n/a	n/a	n/a	n/a	n/a	n/a	n/a	n/a	n/a	n/a	n/a	n/a	2073.202294	n/a
2075.235656	0.000000	415047	ttl	2	72	n/a	n/a	n/a	n/a	n/a	n/a	n/a	n/a	n/a	n/a	n/a	n/a	n/a	n/a	n/a	n/a	n/a	n/a	n/a	n/a	n/a	2075.235656	n/a
2076.593035	0.000000	415319	ttl	4	72	n/a	n/a	n/a	n/a	n/a	n/a	n/a	n/a	n/a	n/a	n/a	n/a	n/a	n/a	n/a	n/a	n/a	n/a	n/a	n/a	n/a	2076.593035	n/a
2076.602054	0.000000	415320	ttl	11	72	n/a	n/a	n/a	n/a	n/a	n/a	n/a	n/a	n/a	n/a	n/a	n/a	n/a	n/a	n/a	n/a	n/a	n/a	n/a	n/a	n/a	2076.602054	n/a
2077.118684	2.033654	415424	time_discrimination	n/a	n/a	n/a	72.0	n/a	n/a	n/a	2076.60205375	n/a	1.801853479573765	1.0	3	3.0	HB_17_ShortA.png	n/a	7	2080.954191	n/a	14	2	1	intervals/timediscrimination_table	13	2077.118684	2079.152337
2077.118684	0.000000	415424	ttl	1	72	n/a	n/a	n/a	n/a	n/a	n/a	n/a	n/a	n/a	n/a	n/a	n/a	n/a	n/a	n/a	n/a	n/a	n/a	n/a	n/a	n/a	2077.118684	n/a
2079.152337	0.000000	415830	ttl	2	72	n/a	n/a	n/a	n/a	n/a	n/a	n/a	n/a	n/a	n/a	n/a	n/a	n/a	n/a	n/a	n/a	n/a	n/a	n/a	n/a	n/a	2079.152337	n/a
2080.954191	0.000000	416191	ttl	4	72	n/a	n/a	n/a	n/a	n/a	n/a	n/a	n/a	n/a	n/a	n/a	n/a	n/a	n/a	n/a	n/a	n/a	n/a	n/a	n/a	n/a	2080.954191	n/a
2080.970310	0.000000	416194	ttl	11	72	n/a	n/a	n/a	n/a	n/a	n/a	n/a	n/a	n/a	n/a	n/a	n/a	n/a	n/a	n/a	n/a	n/a	n/a	n/a	n/a	n/a	2080.970310	n/a
2081.503485	2.033901	416301	time_discrimination	n/a	n/a	n/a	72.0	n/a	n/a	n/a	2080.97031025	n/a	2.067507553840187	1.0	3	3.0	HB_1_LongA.png	n/a	7	2085.60489325	n/a	15	2	1	intervals/timediscrimination_table	14	2081.503485	2083.537386
2081.503485	0.000000	416301	ttl	1	72	n/a	n/a	n/a	n/a	n/a	n/a	n/a	n/a	n/a	n/a	n/a	n/a	n/a	n/a	n/a	n/a	n/a	n/a	n/a	n/a	n/a	2081.503485	n/a
2083.537386	0.000000	416707	ttl	2	72	n/a	n/a	n/a	n/a	n/a	n/a	n/a	n/a	n/a	n/a	n/a	n/a	n/a	n/a	n/a	n/a	n/a	n/a	n/a	n/a	n/a	2083.537386	n/a
2085.604893	0.000000	417121	ttl	4	72	n/a	n/a	n/a	n/a	n/a	n/a	n/a	n/a	n/a	n/a	n/a	n/a	n/a	n/a	n/a	n/a	n/a	n/a	n/a	n/a	n/a	2085.604893	n/a
2085.618861	0.000000	417124	ttl	11	72	n/a	n/a	n/a	n/a	n/a	n/a	n/a	n/a	n/a	n/a	n/a	n/a	n/a	n/a	n/a	n/a	n/a	n/a	n/a	n/a	n/a	2085.618861	n/a
2086.102225	2.033686	417220	time_discrimination	n/a	n/a	n/a	72.0	n/a	n/a	n/a	2085.618861	n/a	0.9444422197684617	2.0	2	2.0	SB_10_ShortA.png	n/a	3	2089.080353	n/a	16	1	1	intervals/timediscrimination_table	15	2086.102225	2088.135911
2086.102225	0.000000	417220	ttl	1	72	n/a	n/a	n/a	n/a	n/a	n/a	n/a	n/a	n/a	n/a	n/a	n/a	n/a	n/a	n/a	n/a	n/a	n/a	n/a	n/a	n/a	2086.102225	n/a
2088.135911	0.000000	417627	ttl	2	72	n/a	n/a	n/a	n/a	n/a	n/a	n/a	n/a	n/a	n/a	n/a	n/a	n/a	n/a	n/a	n/a	n/a	n/a	n/a	n/a	n/a	2088.135911	n/a
2089.080353	0.000000	417816	ttl	4	72	n/a	n/a	n/a	n/a	n/a	n/a	n/a	n/a	n/a	n/a	n/a	n/a	n/a	n/a	n/a	n/a	n/a	n/a	n/a	n/a	n/a	2089.080353	n/a
2089.089639	0.000000	417818	ttl	11	72	n/a	n/a	n/a	n/a	n/a	n/a	n/a	n/a	n/a	n/a	n/a	n/a	n/a	n/a	n/a	n/a	n/a	n/a	n/a	n/a	n/a	2089.089639	n/a
2089.589574	2.033554	417918	time_discrimination	n/a	n/a	n/a	72.0	n/a	n/a	n/a	2089.0896395	n/a	0.14910034685999562	2.0	1	3.0	NB_29_ShortA.png	n/a	2	2091.7722285	n/a	17	1	1	intervals/timediscrimination_table	16	2089.589574	2091.623128
2089.589574	0.000000	417918	ttl	1	72	n/a	n/a	n/a	n/a	n/a	n/a	n/a	n/a	n/a	n/a	n/a	n/a	n/a	n/a	n/a	n/a	n/a	n/a	n/a	n/a	n/a	2089.589574	n/a
2091.623128	0.000000	418325	ttl	2	72	n/a	n/a	n/a	n/a	n/a	n/a	n/a	n/a	n/a	n/a	n/a	n/a	n/a	n/a	n/a	n/a	n/a	n/a	n/a	n/a	n/a	2091.623128	n/a
2091.772228	0.000000	418354	ttl	4	72	n/a	n/a	n/a	n/a	n/a	n/a	n/a	n/a	n/a	n/a	n/a	n/a	n/a	n/a	n/a	n/a	n/a	n/a	n/a	n/a	n/a	2091.772228	n/a
2091.780228	0.000000	418356	ttl	11	72	n/a	n/a	n/a	n/a	n/a	n/a	n/a	n/a	n/a	n/a	n/a	n/a	n/a	n/a	n/a	n/a	n/a	n/a	n/a	n/a	n/a	2091.780228	n/a
2092.346715	2.033572	418469	time_discrimination	n/a	n/a	n/a	72.0	n/a	n/a	n/a	2091.7802285	n/a	0.7101095094803895	2.0	1	3.0	NB_8_LongA.png	n/a	2	2095.09039675	n/a	18	1	1	intervals/timediscrimination_table	17	2092.346715	2094.380287
2092.346715	0.000000	418469	ttl	1	72	n/a	n/a	n/a	n/a	n/a	n/a	n/a	n/a	n/a	n/a	n/a	n/a	n/a	n/a	n/a	n/a	n/a	n/a	n/a	n/a	n/a	2092.346715	n/a
2094.380287	0.000000	418876	ttl	2	72	n/a	n/a	n/a	n/a	n/a	n/a	n/a	n/a	n/a	n/a	n/a	n/a	n/a	n/a	n/a	n/a	n/a	n/a	n/a	n/a	n/a	2094.380287	n/a
2095.090397	0.000000	419018	ttl	4	72	n/a	n/a	n/a	n/a	n/a	n/a	n/a	n/a	n/a	n/a	n/a	n/a	n/a	n/a	n/a	n/a	n/a	n/a	n/a	n/a	n/a	2095.090397	n/a
2095.094485	0.000000	419019	ttl	11	72	n/a	n/a	n/a	n/a	n/a	n/a	n/a	n/a	n/a	n/a	n/a	n/a	n/a	n/a	n/a	n/a	n/a	n/a	n/a	n/a	n/a	2095.094485	n/a
2095.611169	2.033600	419122	time_discrimination	n/a	n/a	n/a	72.0	n/a	n/a	n/a	2095.09448475	n/a	1.1588834223875892	2.0	2	3.0	SB_28_ShortA.png	n/a	2	2098.8036524999998	n/a	19	1	1	intervals/timediscrimination_table	18	2095.611169	2097.644769
2095.611169	0.000000	419122	ttl	1	72	n/a	n/a	n/a	n/a	n/a	n/a	n/a	n/a	n/a	n/a	n/a	n/a	n/a	n/a	n/a	n/a	n/a	n/a	n/a	n/a	n/a	2095.611169	n/a
2097.644769	0.000000	419529	ttl	2	72	n/a	n/a	n/a	n/a	n/a	n/a	n/a	n/a	n/a	n/a	n/a	n/a	n/a	n/a	n/a	n/a	n/a	n/a	n/a	n/a	n/a	2097.644769	n/a
2098.803652	0.000000	419761	ttl	4	72	n/a	n/a	n/a	n/a	n/a	n/a	n/a	n/a	n/a	n/a	n/a	n/a	n/a	n/a	n/a	n/a	n/a	n/a	n/a	n/a	n/a	2098.803652	n/a
2098.813563	0.000000	419763	ttl	11	72	n/a	n/a	n/a	n/a	n/a	n/a	n/a	n/a	n/a	n/a	n/a	n/a	n/a	n/a	n/a	n/a	n/a	n/a	n/a	n/a	n/a	2098.813563	n/a
2099.346910	2.033621	419869	time_discrimination	n/a	n/a	n/a	72.0	n/a	n/a	n/a	2098.81356275	n/a	1.0944123480840062	1.0	3	2.0	HB_22_ShortA.png	n/a	6	2102.47494375	n/a	20	2	1	intervals/timediscrimination_table	19	2099.346910	2101.380531
2099.346910	0.000000	419869	ttl	1	72	n/a	n/a	n/a	n/a	n/a	n/a	n/a	n/a	n/a	n/a	n/a	n/a	n/a	n/a	n/a	n/a	n/a	n/a	n/a	n/a	n/a	2099.346910	n/a
2101.380531	0.000000	420276	ttl	2	72	n/a	n/a	n/a	n/a	n/a	n/a	n/a	n/a	n/a	n/a	n/a	n/a	n/a	n/a	n/a	n/a	n/a	n/a	n/a	n/a	n/a	2101.380531	n/a
2102.474944	0.000000	420495	ttl	4	72	n/a	n/a	n/a	n/a	n/a	n/a	n/a	n/a	n/a	n/a	n/a	n/a	n/a	n/a	n/a	n/a	n/a	n/a	n/a	n/a	n/a	2102.474944	n/a
2102.482522	0.000000	420497	ttl	11	72	n/a	n/a	n/a	n/a	n/a	n/a	n/a	n/a	n/a	n/a	n/a	n/a	n/a	n/a	n/a	n/a	n/a	n/a	n/a	n/a	n/a	2102.482522	n/a
2102.965731	2.033717	420593	time_discrimination	n/a	n/a	n/a	72.0	n/a	n/a	n/a	2102.4825217499997	n/a	1.5314550018847513	2.0	1	3.0	NB_20_LongA.png	n/a	2	2106.53090325	n/a	21	1	1	intervals/timediscrimination_table	20	2102.965731	2104.999448
2102.965731	0.000000	420593	ttl	1	72	n/a	n/a	n/a	n/a	n/a	n/a	n/a	n/a	n/a	n/a	n/a	n/a	n/a	n/a	n/a	n/a	n/a	n/a	n/a	n/a	n/a	2102.965731	n/a
2104.999448	0.000000	421000	ttl	2	72	n/a	n/a	n/a	n/a	n/a	n/a	n/a	n/a	n/a	n/a	n/a	n/a	n/a	n/a	n/a	n/a	n/a	n/a	n/a	n/a	n/a	2104.999448	n/a
2106.530903	0.000000	421306	ttl	4	72	n/a	n/a	n/a	n/a	n/a	n/a	n/a	n/a	n/a	n/a	n/a	n/a	n/a	n/a	n/a	n/a	n/a	n/a	n/a	n/a	n/a	2106.530903	n/a
2106.540758	0.000000	421308	ttl	11	72	n/a	n/a	n/a	n/a	n/a	n/a	n/a	n/a	n/a	n/a	n/a	n/a	n/a	n/a	n/a	n/a	n/a	n/a	n/a	n/a	n/a	2106.540758	n/a
2107.140680	2.033553	421428	time_discrimination	n/a	n/a	n/a	72.0	n/a	n/a	n/a	2106.5407582499997	n/a	2.008747402140216	1.0	3	2.0	HB_23_ShortA.png	n/a	6	2111.182981	n/a	22	2	1	intervals/timediscrimination_table	21	2107.140680	2109.174234
2107.140680	0.000000	421428	ttl	1	72	n/a	n/a	n/a	n/a	n/a	n/a	n/a	n/a	n/a	n/a	n/a	n/a	n/a	n/a	n/a	n/a	n/a	n/a	n/a	n/a	n/a	2107.140680	n/a
2109.174234	0.000000	421835	ttl	2	72	n/a	n/a	n/a	n/a	n/a	n/a	n/a	n/a	n/a	n/a	n/a	n/a	n/a	n/a	n/a	n/a	n/a	n/a	n/a	n/a	n/a	2109.174234	n/a
2111.182981	0.000000	422237	ttl	4	72	n/a	n/a	n/a	n/a	n/a	n/a	n/a	n/a	n/a	n/a	n/a	n/a	n/a	n/a	n/a	n/a	n/a	n/a	n/a	n/a	n/a	2111.182981	n/a
2111.189724	0.000000	422238	ttl	11	72	n/a	n/a	n/a	n/a	n/a	n/a	n/a	n/a	n/a	n/a	n/a	n/a	n/a	n/a	n/a	n/a	n/a	n/a	n/a	n/a	n/a	2111.189724	n/a
2111.789557	2.033943	422358	time_discrimination	n/a	n/a	n/a	72.0	n/a	n/a	n/a	2111.1897237499998	n/a	0.7544221559437574	2.0	3	2.0	HB_54_LongA.png	n/a	3	2114.5779227499997	n/a	23	1	1	intervals/timediscrimination_table	22	2111.789557	2113.823501
2111.789557	0.000000	422358	ttl	1	72	n/a	n/a	n/a	n/a	n/a	n/a	n/a	n/a	n/a	n/a	n/a	n/a	n/a	n/a	n/a	n/a	n/a	n/a	n/a	n/a	n/a	2111.789557	n/a
2113.823501	0.000000	422765	ttl	2	72	n/a	n/a	n/a	n/a	n/a	n/a	n/a	n/a	n/a	n/a	n/a	n/a	n/a	n/a	n/a	n/a	n/a	n/a	n/a	n/a	n/a	2113.823501	n/a
2114.577923	0.000000	422916	ttl	4	72	n/a	n/a	n/a	n/a	n/a	n/a	n/a	n/a	n/a	n/a	n/a	n/a	n/a	n/a	n/a	n/a	n/a	n/a	n/a	n/a	n/a	2114.577923	n/a
2114.581214	0.000000	422916	ttl	11	72	n/a	n/a	n/a	n/a	n/a	n/a	n/a	n/a	n/a	n/a	n/a	n/a	n/a	n/a	n/a	n/a	n/a	n/a	n/a	n/a	n/a	2114.581214	n/a
2115.097740	2.033495	423020	time_discrimination	n/a	n/a	n/a	72.0	n/a	n/a	n/a	2114.58121425	n/a	1.049798914220446	1.0	3	3.0	HB_18_ShortA.png	n/a	2	2118.1810335	n/a	24	1	2	intervals/timediscrimination_table	23	2115.097740	2117.131235
2115.097740	0.000000	423020	ttl	1	72	n/a	n/a	n/a	n/a	n/a	n/a	n/a	n/a	n/a	n/a	n/a	n/a	n/a	n/a	n/a	n/a	n/a	n/a	n/a	n/a	n/a	2115.097740	n/a
2117.131235	0.000000	423426	ttl	2	72	n/a	n/a	n/a	n/a	n/a	n/a	n/a	n/a	n/a	n/a	n/a	n/a	n/a	n/a	n/a	n/a	n/a	n/a	n/a	n/a	n/a	2117.131235	n/a
2118.181034	0.000000	423636	ttl	4	72	n/a	n/a	n/a	n/a	n/a	n/a	n/a	n/a	n/a	n/a	n/a	n/a	n/a	n/a	n/a	n/a	n/a	n/a	n/a	n/a	n/a	2118.181034	n/a
2118.209076	0.000000	423642	ttl	11	72	n/a	n/a	n/a	n/a	n/a	n/a	n/a	n/a	n/a	n/a	n/a	n/a	n/a	n/a	n/a	n/a	n/a	n/a	n/a	n/a	n/a	2118.209076	n/a
2118.808978	2.033659	423762	time_discrimination	n/a	n/a	n/a	72.0	n/a	n/a	n/a	2118.20907575	n/a	0.5462015904231521	2.0	2	3.0	SB_27_LongA.png	n/a	2	2121.388838	n/a	25	1	1	intervals/timediscrimination_table	24	2118.808978	2120.842637
2118.808978	0.000000	423762	ttl	1	72	n/a	n/a	n/a	n/a	n/a	n/a	n/a	n/a	n/a	n/a	n/a	n/a	n/a	n/a	n/a	n/a	n/a	n/a	n/a	n/a	n/a	2118.808978	n/a
2120.842637	0.000000	424169	ttl	2	72	n/a	n/a	n/a	n/a	n/a	n/a	n/a	n/a	n/a	n/a	n/a	n/a	n/a	n/a	n/a	n/a	n/a	n/a	n/a	n/a	n/a	2120.842637	n/a
2121.388838	0.000000	424278	ttl	4	72	n/a	n/a	n/a	n/a	n/a	n/a	n/a	n/a	n/a	n/a	n/a	n/a	n/a	n/a	n/a	n/a	n/a	n/a	n/a	n/a	n/a	2121.388838	n/a
2121.396651	0.000000	424279	ttl	11	72	n/a	n/a	n/a	n/a	n/a	n/a	n/a	n/a	n/a	n/a	n/a	n/a	n/a	n/a	n/a	n/a	n/a	n/a	n/a	n/a	n/a	2121.396651	n/a
2121.929893	2.033530	424386	time_discrimination	n/a	n/a	n/a	72.0	n/a	n/a	n/a	2121.3966514999997	n/a	1.5939177786385699	1.0	3	2.0	HB_2_LongA.png	n/a	3	2125.5573409999997	n/a	26	1	2	intervals/timediscrimination_table	25	2121.929893	2123.963423
2121.929893	0.000000	424386	ttl	1	72	n/a	n/a	n/a	n/a	n/a	n/a	n/a	n/a	n/a	n/a	n/a	n/a	n/a	n/a	n/a	n/a	n/a	n/a	n/a	n/a	n/a	2121.929893	n/a
2123.963423	0.000000	424793	ttl	2	72	n/a	n/a	n/a	n/a	n/a	n/a	n/a	n/a	n/a	n/a	n/a	n/a	n/a	n/a	n/a	n/a	n/a	n/a	n/a	n/a	n/a	2123.963423	n/a
2125.557341	0.000000	425111	ttl	4	72	n/a	n/a	n/a	n/a	n/a	n/a	n/a	n/a	n/a	n/a	n/a	n/a	n/a	n/a	n/a	n/a	n/a	n/a	n/a	n/a	n/a	2125.557341	n/a
2125.570272	0.000000	425114	ttl	11	72	n/a	n/a	n/a	n/a	n/a	n/a	n/a	n/a	n/a	n/a	n/a	n/a	n/a	n/a	n/a	n/a	n/a	n/a	n/a	n/a	n/a	2125.570272	n/a
2126.070144	2.033310	425214	time_discrimination	n/a	n/a	n/a	72.0	n/a	n/a	n/a	2125.57027175	n/a	1.4022504165168357	2.0	3	3.0	HB_50_LongA.png	n/a	2	2129.50570425	n/a	27	1	1	intervals/timediscrimination_table	26	2126.070144	2128.103454
2126.070144	0.000000	425214	ttl	1	72	n/a	n/a	n/a	n/a	n/a	n/a	n/a	n/a	n/a	n/a	n/a	n/a	n/a	n/a	n/a	n/a	n/a	n/a	n/a	n/a	n/a	2126.070144	n/a
2128.103454	0.000000	425621	ttl	2	72	n/a	n/a	n/a	n/a	n/a	n/a	n/a	n/a	n/a	n/a	n/a	n/a	n/a	n/a	n/a	n/a	n/a	n/a	n/a	n/a	n/a	2128.103454	n/a
2129.505704	0.000000	425901	ttl	4	72	n/a	n/a	n/a	n/a	n/a	n/a	n/a	n/a	n/a	n/a	n/a	n/a	n/a	n/a	n/a	n/a	n/a	n/a	n/a	n/a	n/a	2129.505704	n/a
2129.522543	0.000000	425905	ttl	11	72	n/a	n/a	n/a	n/a	n/a	n/a	n/a	n/a	n/a	n/a	n/a	n/a	n/a	n/a	n/a	n/a	n/a	n/a	n/a	n/a	n/a	2129.522543	n/a
2130.005867	2.033681	426001	time_discrimination	n/a	n/a	n/a	72.0	n/a	n/a	n/a	2129.522543	n/a	0.37902973545169516	2.0	2	3.0	SB_41_LongA.png	n/a	7	2132.418577	n/a	28	2	2	intervals/timediscrimination_table	27	2130.005867	2132.039547
2130.005867	0.000000	426001	ttl	1	72	n/a	n/a	n/a	n/a	n/a	n/a	n/a	n/a	n/a	n/a	n/a	n/a	n/a	n/a	n/a	n/a	n/a	n/a	n/a	n/a	n/a	2130.005867	n/a
2132.039547	0.000000	426408	ttl	2	72	n/a	n/a	n/a	n/a	n/a	n/a	n/a	n/a	n/a	n/a	n/a	n/a	n/a	n/a	n/a	n/a	n/a	n/a	n/a	n/a	n/a	2132.039547	n/a
2132.418577	0.000000	426484	ttl	4	72	n/a	n/a	n/a	n/a	n/a	n/a	n/a	n/a	n/a	n/a	n/a	n/a	n/a	n/a	n/a	n/a	n/a	n/a	n/a	n/a	n/a	2132.418577	n/a
2132.430702	0.000000	426486	ttl	11	72	n/a	n/a	n/a	n/a	n/a	n/a	n/a	n/a	n/a	n/a	n/a	n/a	n/a	n/a	n/a	n/a	n/a	n/a	n/a	n/a	n/a	2132.430702	n/a
2132.980551	2.033514	426596	time_discrimination	n/a	n/a	n/a	72.0	n/a	n/a	n/a	2132.43070175	n/a	1.2504761874042742	2.0	2	3.0	SB_42_ShortA.png	n/a	7	2136.2645414999997	n/a	29	2	2	intervals/timediscrimination_table	28	2132.980551	2135.014065
2132.980551	0.000000	426596	ttl	1	72	n/a	n/a	n/a	n/a	n/a	n/a	n/a	n/a	n/a	n/a	n/a	n/a	n/a	n/a	n/a	n/a	n/a	n/a	n/a	n/a	n/a	2132.980551	n/a
2135.014065	0.000000	427003	ttl	2	72	n/a	n/a	n/a	n/a	n/a	n/a	n/a	n/a	n/a	n/a	n/a	n/a	n/a	n/a	n/a	n/a	n/a	n/a	n/a	n/a	n/a	2135.014065	n/a
2136.264541	0.000000	427253	ttl	4	72	n/a	n/a	n/a	n/a	n/a	n/a	n/a	n/a	n/a	n/a	n/a	n/a	n/a	n/a	n/a	n/a	n/a	n/a	n/a	n/a	n/a	2136.264541	n/a
2136.277768	0.000000	427256	ttl	11	72	n/a	n/a	n/a	n/a	n/a	n/a	n/a	n/a	n/a	n/a	n/a	n/a	n/a	n/a	n/a	n/a	n/a	n/a	n/a	n/a	n/a	2136.277768	n/a
2136.777759	2.033692	427356	time_discrimination	n/a	n/a	n/a	72.0	n/a	n/a	n/a	2136.27776775	n/a	0.8662897414051258	2.0	1	3.0	NB_22_ShortA.png	n/a	2	2139.6777402499997	n/a	30	1	1	intervals/timediscrimination_table	29	2136.777759	2138.811450
2136.777759	0.000000	427356	ttl	1	72	n/a	n/a	n/a	n/a	n/a	n/a	n/a	n/a	n/a	n/a	n/a	n/a	n/a	n/a	n/a	n/a	n/a	n/a	n/a	n/a	n/a	2136.777759	n/a
2138.811450	0.000000	427762	ttl	2	72	n/a	n/a	n/a	n/a	n/a	n/a	n/a	n/a	n/a	n/a	n/a	n/a	n/a	n/a	n/a	n/a	n/a	n/a	n/a	n/a	n/a	2138.811450	n/a
2139.677740	0.000000	427936	ttl	4	72	n/a	n/a	n/a	n/a	n/a	n/a	n/a	n/a	n/a	n/a	n/a	n/a	n/a	n/a	n/a	n/a	n/a	n/a	n/a	n/a	n/a	2139.677740	n/a
2139.686646	0.000000	427937	ttl	11	72	n/a	n/a	n/a	n/a	n/a	n/a	n/a	n/a	n/a	n/a	n/a	n/a	n/a	n/a	n/a	n/a	n/a	n/a	n/a	n/a	n/a	2139.686646	n/a
2140.219955	2.033711	428044	time_discrimination	n/a	n/a	n/a	72.0	n/a	n/a	n/a	2139.6866465	n/a	1.6028498018440587	2.0	1	3.0	NB_9_LongA.png	n/a	7	2143.856516	n/a	31	2	2	intervals/timediscrimination_table	30	2140.219955	2142.253666
2140.219955	0.000000	428044	ttl	1	72	n/a	n/a	n/a	n/a	n/a	n/a	n/a	n/a	n/a	n/a	n/a	n/a	n/a	n/a	n/a	n/a	n/a	n/a	n/a	n/a	n/a	2140.219955	n/a
2142.253666	0.000000	428451	ttl	2	72	n/a	n/a	n/a	n/a	n/a	n/a	n/a	n/a	n/a	n/a	n/a	n/a	n/a	n/a	n/a	n/a	n/a	n/a	n/a	n/a	n/a	2142.253666	n/a
2143.856516	0.000000	428771	ttl	4	72	n/a	n/a	n/a	n/a	n/a	n/a	n/a	n/a	n/a	n/a	n/a	n/a	n/a	n/a	n/a	n/a	n/a	n/a	n/a	n/a	n/a	2143.856516	n/a
2143.873300	0.000000	428775	ttl	11	72	n/a	n/a	n/a	n/a	n/a	n/a	n/a	n/a	n/a	n/a	n/a	n/a	n/a	n/a	n/a	n/a	n/a	n/a	n/a	n/a	n/a	2143.873300	n/a
2144.439866	2.033420	428888	time_discrimination	n/a	n/a	n/a	72.0	n/a	n/a	n/a	2143.87330025	n/a	0.6401167583171627	2.0	3	3.0	HB_20_LongA.png	n/a	7	2147.1134027499998	n/a	32	2	2	intervals/timediscrimination_table	31	2144.439866	2146.473286
2144.439866	0.000000	428888	ttl	1	72	n/a	n/a	n/a	n/a	n/a	n/a	n/a	n/a	n/a	n/a	n/a	n/a	n/a	n/a	n/a	n/a	n/a	n/a	n/a	n/a	n/a	2144.439866	n/a
2146.473286	0.000000	429295	ttl	2	72	n/a	n/a	n/a	n/a	n/a	n/a	n/a	n/a	n/a	n/a	n/a	n/a	n/a	n/a	n/a	n/a	n/a	n/a	n/a	n/a	n/a	2146.473286	n/a
2147.113403	0.000000	429423	ttl	4	72	n/a	n/a	n/a	n/a	n/a	n/a	n/a	n/a	n/a	n/a	n/a	n/a	n/a	n/a	n/a	n/a	n/a	n/a	n/a	n/a	n/a	2147.113403	n/a
2147.129882	0.000000	429426	ttl	11	72	n/a	n/a	n/a	n/a	n/a	n/a	n/a	n/a	n/a	n/a	n/a	n/a	n/a	n/a	n/a	n/a	n/a	n/a	n/a	n/a	n/a	2147.129882	n/a
2147.646491	2.033705	429529	time_discrimination	n/a	n/a	n/a	72.0	n/a	n/a	n/a	2147.12988225	n/a	2.5370030235408194	2.0	3	1.0	HB_31_ShortA.png	n/a	4	2152.21719925	n/a	33	1	1	intervals/timediscrimination_table	32	2147.646491	2149.680196
2147.646491	0.000000	429529	ttl	1	72	n/a	n/a	n/a	n/a	n/a	n/a	n/a	n/a	n/a	n/a	n/a	n/a	n/a	n/a	n/a	n/a	n/a	n/a	n/a	n/a	n/a	2147.646491	n/a
2149.680196	0.000000	429936	ttl	2	72	n/a	n/a	n/a	n/a	n/a	n/a	n/a	n/a	n/a	n/a	n/a	n/a	n/a	n/a	n/a	n/a	n/a	n/a	n/a	n/a	n/a	2149.680196	n/a
2152.217199	0.000000	430443	ttl	4	72	n/a	n/a	n/a	n/a	n/a	n/a	n/a	n/a	n/a	n/a	n/a	n/a	n/a	n/a	n/a	n/a	n/a	n/a	n/a	n/a	n/a	2152.217199	n/a
2152.221350	0.000000	430444	ttl	11	72	n/a	n/a	n/a	n/a	n/a	n/a	n/a	n/a	n/a	n/a	n/a	n/a	n/a	n/a	n/a	n/a	n/a	n/a	n/a	n/a	n/a	2152.221350	n/a
2152.821251	2.033441	430564	time_discrimination	n/a	n/a	n/a	72.0	n/a	n/a	n/a	2152.2213505	n/a	1.1809074387874716	2.0	1	3.0	NB_12_ShortA.png	n/a	2	2156.03559975	n/a	34	1	1	intervals/timediscrimination_table	33	2152.821251	2154.854692
2152.821251	0.000000	430564	ttl	1	72	n/a	n/a	n/a	n/a	n/a	n/a	n/a	n/a	n/a	n/a	n/a	n/a	n/a	n/a	n/a	n/a	n/a	n/a	n/a	n/a	n/a	2152.821251	n/a
2154.854692	0.000000	430971	ttl	2	72	n/a	n/a	n/a	n/a	n/a	n/a	n/a	n/a	n/a	n/a	n/a	n/a	n/a	n/a	n/a	n/a	n/a	n/a	n/a	n/a	n/a	2154.854692	n/a
2156.035600	0.000000	431207	ttl	4	72	n/a	n/a	n/a	n/a	n/a	n/a	n/a	n/a	n/a	n/a	n/a	n/a	n/a	n/a	n/a	n/a	n/a	n/a	n/a	n/a	n/a	2156.035600	n/a
2156.040644	0.000000	431208	ttl	11	72	n/a	n/a	n/a	n/a	n/a	n/a	n/a	n/a	n/a	n/a	n/a	n/a	n/a	n/a	n/a	n/a	n/a	n/a	n/a	n/a	n/a	2156.040644	n/a
2156.590520	2.033655	431318	time_discrimination	n/a	n/a	n/a	72.0	n/a	n/a	n/a	2156.0406445	n/a	0.9128784318600083	2.0	2	2.0	SB_18_LongA.png	n/a	3	2159.5370534999997	n/a	35	1	1	intervals/timediscrimination_table	34	2156.590520	2158.624175
2156.590520	0.000000	431318	ttl	1	72	n/a	n/a	n/a	n/a	n/a	n/a	n/a	n/a	n/a	n/a	n/a	n/a	n/a	n/a	n/a	n/a	n/a	n/a	n/a	n/a	n/a	2156.590520	n/a
2158.624175	0.000000	431725	ttl	2	72	n/a	n/a	n/a	n/a	n/a	n/a	n/a	n/a	n/a	n/a	n/a	n/a	n/a	n/a	n/a	n/a	n/a	n/a	n/a	n/a	n/a	2158.624175	n/a
2159.537053	0.000000	431907	ttl	4	72	n/a	n/a	n/a	n/a	n/a	n/a	n/a	n/a	n/a	n/a	n/a	n/a	n/a	n/a	n/a	n/a	n/a	n/a	n/a	n/a	n/a	2159.537053	n/a
2159.551425	0.000000	431910	ttl	11	72	n/a	n/a	n/a	n/a	n/a	n/a	n/a	n/a	n/a	n/a	n/a	n/a	n/a	n/a	n/a	n/a	n/a	n/a	n/a	n/a	n/a	2159.551425	n/a
2160.034755	2.033731	432007	time_discrimination	n/a	n/a	n/a	72.0	n/a	n/a	n/a	2159.55142475	n/a	2.973507119100759	2.0	1	2.0	NB_30_LongA.png	n/a	6	2165.0419935	n/a	36	2	2	intervals/timediscrimination_table	35	2160.034755	2162.068486
2160.034755	0.000000	432007	ttl	1	72	n/a	n/a	n/a	n/a	n/a	n/a	n/a	n/a	n/a	n/a	n/a	n/a	n/a	n/a	n/a	n/a	n/a	n/a	n/a	n/a	n/a	2160.034755	n/a
2162.068486	0.000000	432414	ttl	2	72	n/a	n/a	n/a	n/a	n/a	n/a	n/a	n/a	n/a	n/a	n/a	n/a	n/a	n/a	n/a	n/a	n/a	n/a	n/a	n/a	n/a	2162.068486	n/a
2165.041993	0.000000	433008	ttl	4	72	n/a	n/a	n/a	n/a	n/a	n/a	n/a	n/a	n/a	n/a	n/a	n/a	n/a	n/a	n/a	n/a	n/a	n/a	n/a	n/a	n/a	2165.041993	n/a
2165.059714	0.000000	433012	ttl	11	72	n/a	n/a	n/a	n/a	n/a	n/a	n/a	n/a	n/a	n/a	n/a	n/a	n/a	n/a	n/a	n/a	n/a	n/a	n/a	n/a	n/a	2165.059714	n/a
2165.576240	2.033582	433115	time_discrimination	n/a	n/a	n/a	72.0	n/a	n/a	n/a	2165.05971375	n/a	0.2410399694545049	2.0	1	3.0	NB_11_ShortA.png	n/a	7	2167.85086225	n/a	37	2	2	intervals/timediscrimination_table	36	2165.576240	2167.609822
2165.576240	0.000000	433115	ttl	1	72	n/a	n/a	n/a	n/a	n/a	n/a	n/a	n/a	n/a	n/a	n/a	n/a	n/a	n/a	n/a	n/a	n/a	n/a	n/a	n/a	n/a	2165.576240	n/a
2167.609822	0.000000	433522	ttl	2	72	n/a	n/a	n/a	n/a	n/a	n/a	n/a	n/a	n/a	n/a	n/a	n/a	n/a	n/a	n/a	n/a	n/a	n/a	n/a	n/a	n/a	2167.609822	n/a
2167.850862	0.000000	433570	ttl	4	72	n/a	n/a	n/a	n/a	n/a	n/a	n/a	n/a	n/a	n/a	n/a	n/a	n/a	n/a	n/a	n/a	n/a	n/a	n/a	n/a	n/a	2167.850862	n/a
2167.867116	0.000000	433573	ttl	11	72	n/a	n/a	n/a	n/a	n/a	n/a	n/a	n/a	n/a	n/a	n/a	n/a	n/a	n/a	n/a	n/a	n/a	n/a	n/a	n/a	n/a	2167.867116	n/a
2168.417014	2.033624	433683	time_discrimination	n/a	n/a	n/a	72.0	n/a	n/a	n/a	2167.86711575	n/a	0.6918339495423425	2.0	1	3.0	NB_27_ShortA.png	n/a	2	2171.14247225	n/a	38	1	1	intervals/timediscrimination_table	37	2168.417014	2170.450638
2168.417014	0.000000	433683	ttl	1	72	n/a	n/a	n/a	n/a	n/a	n/a	n/a	n/a	n/a	n/a	n/a	n/a	n/a	n/a	n/a	n/a	n/a	n/a	n/a	n/a	n/a	2168.417014	n/a
2170.450638	0.000000	434090	ttl	2	72	n/a	n/a	n/a	n/a	n/a	n/a	n/a	n/a	n/a	n/a	n/a	n/a	n/a	n/a	n/a	n/a	n/a	n/a	n/a	n/a	n/a	2170.450638	n/a
2171.142472	0.000000	434228	ttl	4	72	n/a	n/a	n/a	n/a	n/a	n/a	n/a	n/a	n/a	n/a	n/a	n/a	n/a	n/a	n/a	n/a	n/a	n/a	n/a	n/a	n/a	2171.142472	n/a
2171.154495	0.000000	434231	ttl	11	72	n/a	n/a	n/a	n/a	n/a	n/a	n/a	n/a	n/a	n/a	n/a	n/a	n/a	n/a	n/a	n/a	n/a	n/a	n/a	n/a	n/a	2171.154495	n/a
2171.671066	2.033819	434334	time_discrimination	n/a	n/a	n/a	72.0	n/a	n/a	n/a	2171.1544945	n/a	2.645929942797011	2.0	1	3.0	NB_10_ShortA.png	n/a	7	2176.3508145	n/a	39	2	2	intervals/timediscrimination_table	38	2171.671066	2173.704884
2171.671066	0.000000	434334	ttl	1	72	n/a	n/a	n/a	n/a	n/a	n/a	n/a	n/a	n/a	n/a	n/a	n/a	n/a	n/a	n/a	n/a	n/a	n/a	n/a	n/a	n/a	2171.671066	n/a
2173.704884	0.000000	434741	ttl	2	72	n/a	n/a	n/a	n/a	n/a	n/a	n/a	n/a	n/a	n/a	n/a	n/a	n/a	n/a	n/a	n/a	n/a	n/a	n/a	n/a	n/a	2173.704884	n/a
2176.350815	0.000000	435270	ttl	4	72	n/a	n/a	n/a	n/a	n/a	n/a	n/a	n/a	n/a	n/a	n/a	n/a	n/a	n/a	n/a	n/a	n/a	n/a	n/a	n/a	n/a	2176.350815	n/a
2176.361702	0.000000	435272	ttl	11	72	n/a	n/a	n/a	n/a	n/a	n/a	n/a	n/a	n/a	n/a	n/a	n/a	n/a	n/a	n/a	n/a	n/a	n/a	n/a	n/a	n/a	2176.361702	n/a
2176.911586	2.033720	435382	time_discrimination	n/a	n/a	n/a	72.0	n/a	n/a	n/a	2176.36170225	n/a	2.1766770625854406	2.0	1	3.0	NB_4_LongA.png	n/a	2	2181.121983	n/a	40	1	1	intervals/timediscrimination_table	39	2176.911586	2178.945306
2176.911586	0.000000	435382	ttl	1	72	n/a	n/a	n/a	n/a	n/a	n/a	n/a	n/a	n/a	n/a	n/a	n/a	n/a	n/a	n/a	n/a	n/a	n/a	n/a	n/a	n/a	2176.911586	n/a
2178.945306	0.000000	435789	ttl	2	72	n/a	n/a	n/a	n/a	n/a	n/a	n/a	n/a	n/a	n/a	n/a	n/a	n/a	n/a	n/a	n/a	n/a	n/a	n/a	n/a	n/a	2178.945306	n/a
2181.121983	0.000000	436224	ttl	4	72	n/a	n/a	n/a	n/a	n/a	n/a	n/a	n/a	n/a	n/a	n/a	n/a	n/a	n/a	n/a	n/a	n/a	n/a	n/a	n/a	n/a	2181.121983	n/a
2181.137559	0.000000	436228	ttl	11	72	n/a	n/a	n/a	n/a	n/a	n/a	n/a	n/a	n/a	n/a	n/a	n/a	n/a	n/a	n/a	n/a	n/a	n/a	n/a	n/a	n/a	2181.137559	n/a
2181.704125	2.033616	436341	time_discrimination	n/a	n/a	n/a	72.0	n/a	n/a	n/a	2181.13755925	n/a	2.019318364085848	2.0	3	3.0	HB_9_ShortA.png	n/a	2	2185.7570605	n/a	41	1	1	intervals/timediscrimination_table	40	2181.704125	2183.737742
2181.704125	0.000000	436341	ttl	1	72	n/a	n/a	n/a	n/a	n/a	n/a	n/a	n/a	n/a	n/a	n/a	n/a	n/a	n/a	n/a	n/a	n/a	n/a	n/a	n/a	n/a	2181.704125	n/a
2183.737742	0.000000	436748	ttl	2	72	n/a	n/a	n/a	n/a	n/a	n/a	n/a	n/a	n/a	n/a	n/a	n/a	n/a	n/a	n/a	n/a	n/a	n/a	n/a	n/a	n/a	2183.737742	n/a
2185.757061	0.000000	437151	ttl	4	72	n/a	n/a	n/a	n/a	n/a	n/a	n/a	n/a	n/a	n/a	n/a	n/a	n/a	n/a	n/a	n/a	n/a	n/a	n/a	n/a	n/a	2185.757061	n/a
2185.776270	0.000000	437155	ttl	11	72	n/a	n/a	n/a	n/a	n/a	n/a	n/a	n/a	n/a	n/a	n/a	n/a	n/a	n/a	n/a	n/a	n/a	n/a	n/a	n/a	n/a	2185.776270	n/a
2186.342765	2.033619	437269	time_discrimination	n/a	n/a	n/a	72.0	n/a	n/a	n/a	2185.77627025	n/a	0.6960471650927502	2.0	2	3.0	SB_15_LongA.png	n/a	7	2189.07243075	n/a	42	2	2	intervals/timediscrimination_table	41	2186.342765	2188.376383
2186.342765	0.000000	437269	ttl	1	72	n/a	n/a	n/a	n/a	n/a	n/a	n/a	n/a	n/a	n/a	n/a	n/a	n/a	n/a	n/a	n/a	n/a	n/a	n/a	n/a	n/a	2186.342765	n/a
2188.376383	0.000000	437675	ttl	2	72	n/a	n/a	n/a	n/a	n/a	n/a	n/a	n/a	n/a	n/a	n/a	n/a	n/a	n/a	n/a	n/a	n/a	n/a	n/a	n/a	n/a	2188.376383	n/a
2189.072431	0.000000	437814	ttl	4	72	n/a	n/a	n/a	n/a	n/a	n/a	n/a	n/a	n/a	n/a	n/a	n/a	n/a	n/a	n/a	n/a	n/a	n/a	n/a	n/a	n/a	2189.072431	n/a
2189.074155	0.000000	437815	ttl	11	72	n/a	n/a	n/a	n/a	n/a	n/a	n/a	n/a	n/a	n/a	n/a	n/a	n/a	n/a	n/a	n/a	n/a	n/a	n/a	n/a	n/a	2189.074155	n/a
2189.657482	2.033668	437931	time_discrimination	n/a	n/a	n/a	72.0	n/a	n/a	n/a	2189.0741555	n/a	1.912999240692443	2.0	3	1.0	HB_38_ShortA.png	n/a	5	2193.60414975	n/a	43	2	2	intervals/timediscrimination_table	42	2189.657482	2191.691150
2189.657482	0.000000	437931	ttl	1	72	n/a	n/a	n/a	n/a	n/a	n/a	n/a	n/a	n/a	n/a	n/a	n/a	n/a	n/a	n/a	n/a	n/a	n/a	n/a	n/a	n/a	2189.657482	n/a
2191.691150	0.000000	438338	ttl	2	72	n/a	n/a	n/a	n/a	n/a	n/a	n/a	n/a	n/a	n/a	n/a	n/a	n/a	n/a	n/a	n/a	n/a	n/a	n/a	n/a	n/a	2191.691150	n/a
2193.604150	0.000000	438721	ttl	4	72	n/a	n/a	n/a	n/a	n/a	n/a	n/a	n/a	n/a	n/a	n/a	n/a	n/a	n/a	n/a	n/a	n/a	n/a	n/a	n/a	n/a	2193.604150	n/a
2193.607686	0.000000	438722	ttl	11	72	n/a	n/a	n/a	n/a	n/a	n/a	n/a	n/a	n/a	n/a	n/a	n/a	n/a	n/a	n/a	n/a	n/a	n/a	n/a	n/a	n/a	2193.607686	n/a
2194.140977	2.033551	438828	time_discrimination	n/a	n/a	n/a	72.0	n/a	n/a	n/a	2193.60768625	n/a	1.7471009311411763	2.0	1	3.0	NB_21_ShortA.png	n/a	7	2197.9216282499997	n/a	44	2	2	intervals/timediscrimination_table	43	2194.140977	2196.174527
2194.140977	0.000000	438828	ttl	1	72	n/a	n/a	n/a	n/a	n/a	n/a	n/a	n/a	n/a	n/a	n/a	n/a	n/a	n/a	n/a	n/a	n/a	n/a	n/a	n/a	n/a	2194.140977	n/a
2196.174527	0.000000	439235	ttl	2	72	n/a	n/a	n/a	n/a	n/a	n/a	n/a	n/a	n/a	n/a	n/a	n/a	n/a	n/a	n/a	n/a	n/a	n/a	n/a	n/a	n/a	2196.174527	n/a
2197.921628	0.000000	439584	ttl	4	72	n/a	n/a	n/a	n/a	n/a	n/a	n/a	n/a	n/a	n/a	n/a	n/a	n/a	n/a	n/a	n/a	n/a	n/a	n/a	n/a	n/a	2197.921628	n/a
2197.926826	0.000000	439585	ttl	11	72	n/a	n/a	n/a	n/a	n/a	n/a	n/a	n/a	n/a	n/a	n/a	n/a	n/a	n/a	n/a	n/a	n/a	n/a	n/a	n/a	n/a	2197.926826	n/a
2198.443489	2.033538	439689	time_discrimination	n/a	n/a	n/a	72.0	n/a	n/a	n/a	2197.92682575	n/a	0.2453734248138062	2.0	2	3.0	SB_6_ShortA.png	n/a	7	2200.7224002499997	n/a	45	2	2	intervals/timediscrimination_table	44	2198.443489	2200.477027
2198.443489	0.000000	439689	ttl	1	72	n/a	n/a	n/a	n/a	n/a	n/a	n/a	n/a	n/a	n/a	n/a	n/a	n/a	n/a	n/a	n/a	n/a	n/a	n/a	n/a	n/a	2198.443489	n/a
2200.477027	0.000000	440095	ttl	2	72	n/a	n/a	n/a	n/a	n/a	n/a	n/a	n/a	n/a	n/a	n/a	n/a	n/a	n/a	n/a	n/a	n/a	n/a	n/a	n/a	n/a	2200.477027	n/a
2200.722400	0.000000	440144	ttl	4	72	n/a	n/a	n/a	n/a	n/a	n/a	n/a	n/a	n/a	n/a	n/a	n/a	n/a	n/a	n/a	n/a	n/a	n/a	n/a	n/a	n/a	2200.722400	n/a
2200.728497	0.000000	440146	ttl	11	72	n/a	n/a	n/a	n/a	n/a	n/a	n/a	n/a	n/a	n/a	n/a	n/a	n/a	n/a	n/a	n/a	n/a	n/a	n/a	n/a	n/a	2200.728497	n/a
2201.278322	2.033563	440256	time_discrimination	n/a	n/a	n/a	72.0	n/a	n/a	n/a	2200.728497	n/a	0.400624182604588	2.0	2	2.0	SB_24_ShortA.png	n/a	3	2203.71250925	n/a	46	1	1	intervals/timediscrimination_table	45	2201.278322	2203.311885
2201.278322	0.000000	440256	ttl	1	72	n/a	n/a	n/a	n/a	n/a	n/a	n/a	n/a	n/a	n/a	n/a	n/a	n/a	n/a	n/a	n/a	n/a	n/a	n/a	n/a	n/a	2201.278322	n/a
2203.311885	0.000000	440662	ttl	2	72	n/a	n/a	n/a	n/a	n/a	n/a	n/a	n/a	n/a	n/a	n/a	n/a	n/a	n/a	n/a	n/a	n/a	n/a	n/a	n/a	n/a	2203.311885	n/a
2203.712509	0.000000	440743	ttl	4	72	n/a	n/a	n/a	n/a	n/a	n/a	n/a	n/a	n/a	n/a	n/a	n/a	n/a	n/a	n/a	n/a	n/a	n/a	n/a	n/a	n/a	2203.712509	n/a
2203.715593	0.000000	440743	ttl	11	72	n/a	n/a	n/a	n/a	n/a	n/a	n/a	n/a	n/a	n/a	n/a	n/a	n/a	n/a	n/a	n/a	n/a	n/a	n/a	n/a	n/a	2203.715593	n/a
2204.248834	2.033572	440850	time_discrimination	n/a	n/a	n/a	72.0	n/a	n/a	n/a	2203.71559325	n/a	1.4084270915009256	2.0	2	3.0	SB_21_LongA.png	n/a	2	2207.69083275	n/a	47	1	1	intervals/timediscrimination_table	46	2204.248834	2206.282406
2204.248834	0.000000	440850	ttl	1	72	n/a	n/a	n/a	n/a	n/a	n/a	n/a	n/a	n/a	n/a	n/a	n/a	n/a	n/a	n/a	n/a	n/a	n/a	n/a	n/a	n/a	2204.248834	n/a
2206.282406	0.000000	441256	ttl	2	72	n/a	n/a	n/a	n/a	n/a	n/a	n/a	n/a	n/a	n/a	n/a	n/a	n/a	n/a	n/a	n/a	n/a	n/a	n/a	n/a	n/a	2206.282406	n/a
2207.690833	0.000000	441538	ttl	4	72	n/a	n/a	n/a	n/a	n/a	n/a	n/a	n/a	n/a	n/a	n/a	n/a	n/a	n/a	n/a	n/a	n/a	n/a	n/a	n/a	n/a	2207.690833	n/a
2207.705329	0.000000	441541	ttl	11	72	n/a	n/a	n/a	n/a	n/a	n/a	n/a	n/a	n/a	n/a	n/a	n/a	n/a	n/a	n/a	n/a	n/a	n/a	n/a	n/a	n/a	2207.705329	n/a
2208.305294	2.033641	441661	time_discrimination	n/a	n/a	n/a	72.0	n/a	n/a	n/a	2207.70532875	n/a	0.8993082034630788	1.0	2	3.0	SB_44_ShortA.png	n/a	7	2211.2382427499997	n/a	48	2	1	intervals/timediscrimination_table	47	2208.305294	2210.338935
2208.305294	0.000000	441661	ttl	1	72	n/a	n/a	n/a	n/a	n/a	n/a	n/a	n/a	n/a	n/a	n/a	n/a	n/a	n/a	n/a	n/a	n/a	n/a	n/a	n/a	n/a	2208.305294	n/a
2210.338935	0.000000	442068	ttl	2	72	n/a	n/a	n/a	n/a	n/a	n/a	n/a	n/a	n/a	n/a	n/a	n/a	n/a	n/a	n/a	n/a	n/a	n/a	n/a	n/a	n/a	2210.338935	n/a
2211.238243	0.000000	442248	ttl	4	72	n/a	n/a	n/a	n/a	n/a	n/a	n/a	n/a	n/a	n/a	n/a	n/a	n/a	n/a	n/a	n/a	n/a	n/a	n/a	n/a	n/a	2211.238243	n/a
2211.242720	0.000000	442249	ttl	11	72	n/a	n/a	n/a	n/a	n/a	n/a	n/a	n/a	n/a	n/a	n/a	n/a	n/a	n/a	n/a	n/a	n/a	n/a	n/a	n/a	n/a	2211.242720	n/a
2211.792547	2.033644	442359	time_discrimination	n/a	n/a	n/a	72.0	n/a	n/a	n/a	2211.2427205	n/a	1.3154318205924938	2.0	3	1.0	HB_14_LongA.png	n/a	4	2215.14162325	n/a	49	1	1	intervals/timediscrimination_table	48	2211.792547	2213.826191
2211.792547	0.000000	442359	ttl	1	72	n/a	n/a	n/a	n/a	n/a	n/a	n/a	n/a	n/a	n/a	n/a	n/a	n/a	n/a	n/a	n/a	n/a	n/a	n/a	n/a	n/a	2211.792547	n/a
2213.826191	0.000000	442765	ttl	2	72	n/a	n/a	n/a	n/a	n/a	n/a	n/a	n/a	n/a	n/a	n/a	n/a	n/a	n/a	n/a	n/a	n/a	n/a	n/a	n/a	n/a	2213.826191	n/a
2215.141623	0.000000	443028	ttl	4	72	n/a	n/a	n/a	n/a	n/a	n/a	n/a	n/a	n/a	n/a	n/a	n/a	n/a	n/a	n/a	n/a	n/a	n/a	n/a	n/a	n/a	2215.141623	n/a
2215.157978	0.000000	443032	ttl	11	72	n/a	n/a	n/a	n/a	n/a	n/a	n/a	n/a	n/a	n/a	n/a	n/a	n/a	n/a	n/a	n/a	n/a	n/a	n/a	n/a	n/a	2215.157978	n/a
2215.657894	2.033678	443132	time_discrimination	n/a	n/a	n/a	72.0	n/a	n/a	n/a	2215.1579779999997	n/a	0.7348890747180121	2.0	2	3.0	SB_59_ShortA.png	n/a	2	2218.426461	n/a	50	1	1	intervals/timediscrimination_table	49	2215.657894	2217.691572
2215.657894	0.000000	443132	ttl	1	72	n/a	n/a	n/a	n/a	n/a	n/a	n/a	n/a	n/a	n/a	n/a	n/a	n/a	n/a	n/a	n/a	n/a	n/a	n/a	n/a	n/a	2215.657894	n/a
2217.691572	0.000000	443538	ttl	2	72	n/a	n/a	n/a	n/a	n/a	n/a	n/a	n/a	n/a	n/a	n/a	n/a	n/a	n/a	n/a	n/a	n/a	n/a	n/a	n/a	n/a	2217.691572	n/a
2218.426461	0.000000	443685	ttl	4	72	n/a	n/a	n/a	n/a	n/a	n/a	n/a	n/a	n/a	n/a	n/a	n/a	n/a	n/a	n/a	n/a	n/a	n/a	n/a	n/a	n/a	2218.426461	n/a
2218.439848	0.000000	443688	ttl	11	72	n/a	n/a	n/a	n/a	n/a	n/a	n/a	n/a	n/a	n/a	n/a	n/a	n/a	n/a	n/a	n/a	n/a	n/a	n/a	n/a	n/a	2218.439848	n/a
2218.956551	2.033629	443791	time_discrimination	n/a	n/a	n/a	72.0	n/a	n/a	n/a	2218.4398484999997	n/a	0.26321703944449837	1.0	2	2.0	SB_50_LongA.png	n/a	6	2221.2533975	n/a	51	2	1	intervals/timediscrimination_table	50	2218.956551	2220.990180
2218.956551	0.000000	443791	ttl	1	72	n/a	n/a	n/a	n/a	n/a	n/a	n/a	n/a	n/a	n/a	n/a	n/a	n/a	n/a	n/a	n/a	n/a	n/a	n/a	n/a	n/a	2218.956551	n/a
2220.990180	0.000000	444198	ttl	2	72	n/a	n/a	n/a	n/a	n/a	n/a	n/a	n/a	n/a	n/a	n/a	n/a	n/a	n/a	n/a	n/a	n/a	n/a	n/a	n/a	n/a	2220.990180	n/a
2221.253398	0.000000	444251	ttl	4	72	n/a	n/a	n/a	n/a	n/a	n/a	n/a	n/a	n/a	n/a	n/a	n/a	n/a	n/a	n/a	n/a	n/a	n/a	n/a	n/a	n/a	2221.253398	n/a
2221.270963	0.000000	444254	ttl	11	72	n/a	n/a	n/a	n/a	n/a	n/a	n/a	n/a	n/a	n/a	n/a	n/a	n/a	n/a	n/a	n/a	n/a	n/a	n/a	n/a	n/a	2221.270963	n/a
2221.787618	2.033462	444358	time_discrimination	n/a	n/a	n/a	72.0	n/a	n/a	n/a	2221.27096325	n/a	2.026816158419024	2.0	1	3.0	NB_22_LongA.png	n/a	7	2225.84789525	n/a	52	2	2	intervals/timediscrimination_table	51	2221.787618	2223.821079
2221.787618	0.000000	444358	ttl	1	72	n/a	n/a	n/a	n/a	n/a	n/a	n/a	n/a	n/a	n/a	n/a	n/a	n/a	n/a	n/a	n/a	n/a	n/a	n/a	n/a	n/a	2221.787618	n/a
2223.821079	0.000000	444764	ttl	2	72	n/a	n/a	n/a	n/a	n/a	n/a	n/a	n/a	n/a	n/a	n/a	n/a	n/a	n/a	n/a	n/a	n/a	n/a	n/a	n/a	n/a	2223.821079	n/a
2225.847895	0.000000	445170	ttl	4	72	n/a	n/a	n/a	n/a	n/a	n/a	n/a	n/a	n/a	n/a	n/a	n/a	n/a	n/a	n/a	n/a	n/a	n/a	n/a	n/a	n/a	2225.847895	n/a
2225.857584	0.000000	445172	ttl	11	72	n/a	n/a	n/a	n/a	n/a	n/a	n/a	n/a	n/a	n/a	n/a	n/a	n/a	n/a	n/a	n/a	n/a	n/a	n/a	n/a	n/a	2225.857584	n/a
2226.390812	2.033614	445278	time_discrimination	n/a	n/a	n/a	72.0	n/a	n/a	n/a	2225.85758375	n/a	2.7744312358117895	2.0	1	3.0	NB_13_ShortA.png	n/a	2	2231.19885725	n/a	53	1	1	intervals/timediscrimination_table	52	2226.390812	2228.424426
2226.390812	0.000000	445278	ttl	1	72	n/a	n/a	n/a	n/a	n/a	n/a	n/a	n/a	n/a	n/a	n/a	n/a	n/a	n/a	n/a	n/a	n/a	n/a	n/a	n/a	n/a	2226.390812	n/a
2228.424426	0.000000	445685	ttl	2	72	n/a	n/a	n/a	n/a	n/a	n/a	n/a	n/a	n/a	n/a	n/a	n/a	n/a	n/a	n/a	n/a	n/a	n/a	n/a	n/a	n/a	2228.424426	n/a
2231.198857	0.000000	446240	ttl	4	72	n/a	n/a	n/a	n/a	n/a	n/a	n/a	n/a	n/a	n/a	n/a	n/a	n/a	n/a	n/a	n/a	n/a	n/a	n/a	n/a	n/a	2231.198857	n/a
2231.211783	0.000000	446242	ttl	11	72	n/a	n/a	n/a	n/a	n/a	n/a	n/a	n/a	n/a	n/a	n/a	n/a	n/a	n/a	n/a	n/a	n/a	n/a	n/a	n/a	n/a	2231.211783	n/a
2231.811704	2.033728	446362	time_discrimination	n/a	n/a	n/a	72.0	n/a	n/a	n/a	2231.2117835	n/a	1.4115198959752888	1.0	3	2.0	HB_49_ShortA.png	n/a	3	2235.25695175	n/a	54	1	2	intervals/timediscrimination_table	53	2231.811704	2233.845432
2231.811704	0.000000	446362	ttl	1	72	n/a	n/a	n/a	n/a	n/a	n/a	n/a	n/a	n/a	n/a	n/a	n/a	n/a	n/a	n/a	n/a	n/a	n/a	n/a	n/a	n/a	2231.811704	n/a
2233.845432	0.000000	446769	ttl	2	72	n/a	n/a	n/a	n/a	n/a	n/a	n/a	n/a	n/a	n/a	n/a	n/a	n/a	n/a	n/a	n/a	n/a	n/a	n/a	n/a	n/a	2233.845432	n/a
2235.256952	0.000000	447051	ttl	4	72	n/a	n/a	n/a	n/a	n/a	n/a	n/a	n/a	n/a	n/a	n/a	n/a	n/a	n/a	n/a	n/a	n/a	n/a	n/a	n/a	n/a	2235.256952	n/a
2235.265987	0.000000	447053	ttl	11	72	n/a	n/a	n/a	n/a	n/a	n/a	n/a	n/a	n/a	n/a	n/a	n/a	n/a	n/a	n/a	n/a	n/a	n/a	n/a	n/a	n/a	2235.265987	n/a
2235.799254	2.033717	447160	time_discrimination	n/a	n/a	n/a	72.0	n/a	n/a	n/a	2235.2659865	n/a	0.4744258588216326	1.0	3	2.0	HB_32_ShortA.png	n/a	6	2238.30739725	n/a	55	2	1	intervals/timediscrimination_table	54	2235.799254	2237.832971
2235.799254	0.000000	447160	ttl	1	72	n/a	n/a	n/a	n/a	n/a	n/a	n/a	n/a	n/a	n/a	n/a	n/a	n/a	n/a	n/a	n/a	n/a	n/a	n/a	n/a	n/a	2235.799254	n/a
2237.832971	0.000000	447567	ttl	2	72	n/a	n/a	n/a	n/a	n/a	n/a	n/a	n/a	n/a	n/a	n/a	n/a	n/a	n/a	n/a	n/a	n/a	n/a	n/a	n/a	n/a	2237.832971	n/a
2238.307397	0.000000	447661	ttl	4	72	n/a	n/a	n/a	n/a	n/a	n/a	n/a	n/a	n/a	n/a	n/a	n/a	n/a	n/a	n/a	n/a	n/a	n/a	n/a	n/a	n/a	2238.307397	n/a
2238.313617	0.000000	447663	ttl	11	72	n/a	n/a	n/a	n/a	n/a	n/a	n/a	n/a	n/a	n/a	n/a	n/a	n/a	n/a	n/a	n/a	n/a	n/a	n/a	n/a	n/a	2238.313617	n/a
2238.913470	2.033747	447783	time_discrimination	n/a	n/a	n/a	72.0	n/a	n/a	n/a	2238.3136167499997	n/a	1.1598324506539939	2.0	1	2.0	NB_24_ShortA.png	n/a	6	2242.1070495	n/a	56	2	2	intervals/timediscrimination_table	55	2238.913470	2240.947217
2238.913470	0.000000	447783	ttl	1	72	n/a	n/a	n/a	n/a	n/a	n/a	n/a	n/a	n/a	n/a	n/a	n/a	n/a	n/a	n/a	n/a	n/a	n/a	n/a	n/a	n/a	2238.913470	n/a
2240.947217	0.000000	448189	ttl	2	72	n/a	n/a	n/a	n/a	n/a	n/a	n/a	n/a	n/a	n/a	n/a	n/a	n/a	n/a	n/a	n/a	n/a	n/a	n/a	n/a	n/a	2240.947217	n/a
2242.107049	0.000000	448421	ttl	4	72	n/a	n/a	n/a	n/a	n/a	n/a	n/a	n/a	n/a	n/a	n/a	n/a	n/a	n/a	n/a	n/a	n/a	n/a	n/a	n/a	n/a	2242.107049	n/a
2242.109822	0.000000	448422	ttl	11	72	n/a	n/a	n/a	n/a	n/a	n/a	n/a	n/a	n/a	n/a	n/a	n/a	n/a	n/a	n/a	n/a	n/a	n/a	n/a	n/a	n/a	2242.109822	n/a
2242.643114	2.033501	448529	time_discrimination	n/a	n/a	n/a	72.0	n/a	n/a	n/a	2242.10982175	n/a	1.277888829825315	1.0	2	2.0	SB_11_ShortA.png	n/a	3	2245.9545037499997	n/a	57	1	2	intervals/timediscrimination_table	56	2242.643114	2244.676615
2242.643114	0.000000	448529	ttl	1	72	n/a	n/a	n/a	n/a	n/a	n/a	n/a	n/a	n/a	n/a	n/a	n/a	n/a	n/a	n/a	n/a	n/a	n/a	n/a	n/a	n/a	2242.643114	n/a
2244.676615	0.000000	448935	ttl	2	72	n/a	n/a	n/a	n/a	n/a	n/a	n/a	n/a	n/a	n/a	n/a	n/a	n/a	n/a	n/a	n/a	n/a	n/a	n/a	n/a	n/a	2244.676615	n/a
2245.954504	0.000000	449191	ttl	4	72	n/a	n/a	n/a	n/a	n/a	n/a	n/a	n/a	n/a	n/a	n/a	n/a	n/a	n/a	n/a	n/a	n/a	n/a	n/a	n/a	n/a	2245.954504	n/a
2245.959960	0.000000	449192	ttl	11	72	n/a	n/a	n/a	n/a	n/a	n/a	n/a	n/a	n/a	n/a	n/a	n/a	n/a	n/a	n/a	n/a	n/a	n/a	n/a	n/a	n/a	2245.959960	n/a
2246.526629	2.033483	449305	time_discrimination	n/a	n/a	n/a	72.0	n/a	n/a	n/a	2245.9599605	n/a	0.23228882786315808	1.0	2	3.0	SB_20_LongA.png	n/a	2	2248.7924005	n/a	58	1	2	intervals/timediscrimination_table	57	2246.526629	2248.560112
2246.526629	0.000000	449305	ttl	1	72	n/a	n/a	n/a	n/a	n/a	n/a	n/a	n/a	n/a	n/a	n/a	n/a	n/a	n/a	n/a	n/a	n/a	n/a	n/a	n/a	n/a	2246.526629	n/a
2248.560112	0.000000	449712	ttl	2	72	n/a	n/a	n/a	n/a	n/a	n/a	n/a	n/a	n/a	n/a	n/a	n/a	n/a	n/a	n/a	n/a	n/a	n/a	n/a	n/a	n/a	2248.560112	n/a
2248.792400	0.000000	449758	ttl	4	72	n/a	n/a	n/a	n/a	n/a	n/a	n/a	n/a	n/a	n/a	n/a	n/a	n/a	n/a	n/a	n/a	n/a	n/a	n/a	n/a	n/a	2248.792400	n/a
2248.802247	0.000000	449760	ttl	11	72	n/a	n/a	n/a	n/a	n/a	n/a	n/a	n/a	n/a	n/a	n/a	n/a	n/a	n/a	n/a	n/a	n/a	n/a	n/a	n/a	n/a	2248.802247	n/a
2249.318837	2.033535	449864	time_discrimination	n/a	n/a	n/a	72.0	n/a	n/a	n/a	2248.8022472499997	n/a	0.9894114049075142	2.0	2	3.0	SB_52_ShortA.png	n/a	2	2252.341783	n/a	59	1	1	intervals/timediscrimination_table	58	2249.318837	2251.352372
2249.318837	0.000000	449864	ttl	1	72	n/a	n/a	n/a	n/a	n/a	n/a	n/a	n/a	n/a	n/a	n/a	n/a	n/a	n/a	n/a	n/a	n/a	n/a	n/a	n/a	n/a	2249.318837	n/a
2251.352372	0.000000	450270	ttl	2	72	n/a	n/a	n/a	n/a	n/a	n/a	n/a	n/a	n/a	n/a	n/a	n/a	n/a	n/a	n/a	n/a	n/a	n/a	n/a	n/a	n/a	2251.352372	n/a
2252.341783	0.000000	450468	ttl	4	72	n/a	n/a	n/a	n/a	n/a	n/a	n/a	n/a	n/a	n/a	n/a	n/a	n/a	n/a	n/a	n/a	n/a	n/a	n/a	n/a	n/a	2252.341783	n/a
2252.348168	0.000000	450470	ttl	11	72	n/a	n/a	n/a	n/a	n/a	n/a	n/a	n/a	n/a	n/a	n/a	n/a	n/a	n/a	n/a	n/a	n/a	n/a	n/a	n/a	n/a	2252.348168	n/a
2252.931356	2.033467	450586	time_discrimination	n/a	n/a	n/a	72.0	n/a	n/a	n/a	2252.3481684999997	n/a	0.5382765643626044	2.0	2	3.0	SB_23_LongA.png	n/a	2	2255.50309925	n/a	60	1	1	intervals/timediscrimination_table	59	2252.931356	2254.964823
2252.931356	0.000000	450586	ttl	1	72	n/a	n/a	n/a	n/a	n/a	n/a	n/a	n/a	n/a	n/a	n/a	n/a	n/a	n/a	n/a	n/a	n/a	n/a	n/a	n/a	n/a	2252.931356	n/a
2254.964823	0.000000	450993	ttl	2	72	n/a	n/a	n/a	n/a	n/a	n/a	n/a	n/a	n/a	n/a	n/a	n/a	n/a	n/a	n/a	n/a	n/a	n/a	n/a	n/a	n/a	2254.964823	n/a
2255.503099	0.000000	451101	ttl	4	72	n/a	n/a	n/a	n/a	n/a	n/a	n/a	n/a	n/a	n/a	n/a	n/a	n/a	n/a	n/a	n/a	n/a	n/a	n/a	n/a	n/a	2255.503099	n/a
2255.515502	0.000000	451103	ttl	11	72	n/a	n/a	n/a	n/a	n/a	n/a	n/a	n/a	n/a	n/a	n/a	n/a	n/a	n/a	n/a	n/a	n/a	n/a	n/a	n/a	n/a	2255.515502	n/a
2256.048610	2.033453	451210	time_discrimination	n/a	n/a	n/a	72.0	n/a	n/a	n/a	2255.51550175	n/a	1.5369232256180112	1.0	3	3.0	HB_43_LongA.png	n/a	7	2259.6189867499997	n/a	61	2	1	intervals/timediscrimination_table	60	2256.048610	2258.082064
2256.048610	0.000000	451210	ttl	1	72	n/a	n/a	n/a	n/a	n/a	n/a	n/a	n/a	n/a	n/a	n/a	n/a	n/a	n/a	n/a	n/a	n/a	n/a	n/a	n/a	n/a	2256.048610	n/a
2258.082064	0.000000	451616	ttl	2	72	n/a	n/a	n/a	n/a	n/a	n/a	n/a	n/a	n/a	n/a	n/a	n/a	n/a	n/a	n/a	n/a	n/a	n/a	n/a	n/a	n/a	2258.082064	n/a
2259.618987	0.000000	451924	ttl	4	72	n/a	n/a	n/a	n/a	n/a	n/a	n/a	n/a	n/a	n/a	n/a	n/a	n/a	n/a	n/a	n/a	n/a	n/a	n/a	n/a	n/a	2259.618987	n/a
2259.631208	0.000000	451926	ttl	11	72	n/a	n/a	n/a	n/a	n/a	n/a	n/a	n/a	n/a	n/a	n/a	n/a	n/a	n/a	n/a	n/a	n/a	n/a	n/a	n/a	n/a	2259.631208	n/a
2260.164454	2.033463	452033	time_discrimination	n/a	n/a	n/a	72.0	n/a	n/a	n/a	2259.63120825	n/a	0.6609020375708496	2.0	1	3.0	NB_19_ShortA.png	n/a	7	2262.858819	n/a	62	2	2	intervals/timediscrimination_table	61	2260.164454	2262.197917
2260.164454	0.000000	452033	ttl	1	72	n/a	n/a	n/a	n/a	n/a	n/a	n/a	n/a	n/a	n/a	n/a	n/a	n/a	n/a	n/a	n/a	n/a	n/a	n/a	n/a	n/a	2260.164454	n/a
2262.197917	0.000000	452440	ttl	2	72	n/a	n/a	n/a	n/a	n/a	n/a	n/a	n/a	n/a	n/a	n/a	n/a	n/a	n/a	n/a	n/a	n/a	n/a	n/a	n/a	n/a	2262.197917	n/a
2262.858819	0.000000	452572	ttl	4	72	n/a	n/a	n/a	n/a	n/a	n/a	n/a	n/a	n/a	n/a	n/a	n/a	n/a	n/a	n/a	n/a	n/a	n/a	n/a	n/a	n/a	2262.858819	n/a
2262.861805	0.000000	452572	ttl	11	72	n/a	n/a	n/a	n/a	n/a	n/a	n/a	n/a	n/a	n/a	n/a	n/a	n/a	n/a	n/a	n/a	n/a	n/a	n/a	n/a	n/a	2262.861805	n/a
2263.395255	2.033517	452679	time_discrimination	n/a	n/a	n/a	72.0	n/a	n/a	n/a	2262.86180525	n/a	0.8840759386293939	1.0	2	3.0	SB_36_LongA.png	n/a	2	2266.3128475	n/a	63	1	2	intervals/timediscrimination_table	62	2263.395255	2265.428772
2263.395255	0.000000	452679	ttl	1	72	n/a	n/a	n/a	n/a	n/a	n/a	n/a	n/a	n/a	n/a	n/a	n/a	n/a	n/a	n/a	n/a	n/a	n/a	n/a	n/a	n/a	2263.395255	n/a
2265.428772	0.000000	453086	ttl	2	72	n/a	n/a	n/a	n/a	n/a	n/a	n/a	n/a	n/a	n/a	n/a	n/a	n/a	n/a	n/a	n/a	n/a	n/a	n/a	n/a	n/a	2265.428772	n/a
2266.312847	0.000000	453263	ttl	4	72	n/a	n/a	n/a	n/a	n/a	n/a	n/a	n/a	n/a	n/a	n/a	n/a	n/a	n/a	n/a	n/a	n/a	n/a	n/a	n/a	n/a	2266.312847	n/a
2266.317068	0.000000	453263	ttl	11	72	n/a	n/a	n/a	n/a	n/a	n/a	n/a	n/a	n/a	n/a	n/a	n/a	n/a	n/a	n/a	n/a	n/a	n/a	n/a	n/a	n/a	2266.317068	n/a
2266.800262	2.033675	453360	time_discrimination	n/a	n/a	n/a	72.0	n/a	n/a	n/a	2266.3170675	n/a	0.5637038080039929	2.0	2	3.0	SB_53_LongA.png	n/a	7	2269.397642	n/a	64	2	2	intervals/timediscrimination_table	63	2266.800262	2268.833938
2266.800262	0.000000	453360	ttl	1	72	n/a	n/a	n/a	n/a	n/a	n/a	n/a	n/a	n/a	n/a	n/a	n/a	n/a	n/a	n/a	n/a	n/a	n/a	n/a	n/a	n/a	2266.800262	n/a
2268.833938	0.000000	453767	ttl	2	72	n/a	n/a	n/a	n/a	n/a	n/a	n/a	n/a	n/a	n/a	n/a	n/a	n/a	n/a	n/a	n/a	n/a	n/a	n/a	n/a	n/a	2268.833938	n/a
2269.397642	0.000000	453880	ttl	4	72	n/a	n/a	n/a	n/a	n/a	n/a	n/a	n/a	n/a	n/a	n/a	n/a	n/a	n/a	n/a	n/a	n/a	n/a	n/a	n/a	n/a	2269.397642	n/a
2269.403219	0.000000	453881	ttl	11	72	n/a	n/a	n/a	n/a	n/a	n/a	n/a	n/a	n/a	n/a	n/a	n/a	n/a	n/a	n/a	n/a	n/a	n/a	n/a	n/a	n/a	2269.403219	n/a
2269.919675	2.033387	453984	time_discrimination	n/a	n/a	n/a	72.0	n/a	n/a	n/a	2269.4032187499997	n/a	0.06751963654096471	1.0	2	2.0	SB_54_ShortA.png	n/a	3	2272.020582	n/a	65	1	2	intervals/timediscrimination_table	64	2269.919675	2271.953062
2269.919675	0.000000	453984	ttl	1	72	n/a	n/a	n/a	n/a	n/a	n/a	n/a	n/a	n/a	n/a	n/a	n/a	n/a	n/a	n/a	n/a	n/a	n/a	n/a	n/a	n/a	2269.919675	n/a
2271.953062	0.000000	454391	ttl	2	72	n/a	n/a	n/a	n/a	n/a	n/a	n/a	n/a	n/a	n/a	n/a	n/a	n/a	n/a	n/a	n/a	n/a	n/a	n/a	n/a	n/a	2271.953062	n/a
2272.020582	0.000000	454404	ttl	4	72	n/a	n/a	n/a	n/a	n/a	n/a	n/a	n/a	n/a	n/a	n/a	n/a	n/a	n/a	n/a	n/a	n/a	n/a	n/a	n/a	n/a	2272.020582	n/a
2272.026769	0.000000	454405	ttl	11	72	n/a	n/a	n/a	n/a	n/a	n/a	n/a	n/a	n/a	n/a	n/a	n/a	n/a	n/a	n/a	n/a	n/a	n/a	n/a	n/a	n/a	2272.026769	n/a
2272.526651	2.033425	454505	time_discrimination	n/a	n/a	n/a	72.0	n/a	n/a	n/a	2272.0267692499997	n/a	1.3452397414548614	2.0	1	3.0	NB_15_ShortA.png	n/a	2	2275.905316	n/a	66	1	1	intervals/timediscrimination_table	65	2272.526651	2274.560076
2272.526651	0.000000	454505	ttl	1	72	n/a	n/a	n/a	n/a	n/a	n/a	n/a	n/a	n/a	n/a	n/a	n/a	n/a	n/a	n/a	n/a	n/a	n/a	n/a	n/a	n/a	2272.526651	n/a
2274.560076	0.000000	454912	ttl	2	72	n/a	n/a	n/a	n/a	n/a	n/a	n/a	n/a	n/a	n/a	n/a	n/a	n/a	n/a	n/a	n/a	n/a	n/a	n/a	n/a	n/a	2274.560076	n/a
2275.905316	0.000000	455181	ttl	4	72	n/a	n/a	n/a	n/a	n/a	n/a	n/a	n/a	n/a	n/a	n/a	n/a	n/a	n/a	n/a	n/a	n/a	n/a	n/a	n/a	n/a	2275.905316	n/a
2275.921323	0.000000	455184	ttl	11	72	n/a	n/a	n/a	n/a	n/a	n/a	n/a	n/a	n/a	n/a	n/a	n/a	n/a	n/a	n/a	n/a	n/a	n/a	n/a	n/a	n/a	2275.921323	n/a
2276.471227	2.033556	455294	time_discrimination	n/a	n/a	n/a	72.0	n/a	n/a	n/a	2275.921323	n/a	0.3826315291807987	1.0	2	3.0	SB_30_ShortA.png	n/a	2	2278.88741475	n/a	67	1	2	intervals/timediscrimination_table	66	2276.471227	2278.504783
2276.471227	0.000000	455294	ttl	1	72	n/a	n/a	n/a	n/a	n/a	n/a	n/a	n/a	n/a	n/a	n/a	n/a	n/a	n/a	n/a	n/a	n/a	n/a	n/a	n/a	n/a	2276.471227	n/a
2278.504783	0.000000	455701	ttl	2	72	n/a	n/a	n/a	n/a	n/a	n/a	n/a	n/a	n/a	n/a	n/a	n/a	n/a	n/a	n/a	n/a	n/a	n/a	n/a	n/a	n/a	2278.504783	n/a
2278.887415	0.000000	455777	ttl	4	72	n/a	n/a	n/a	n/a	n/a	n/a	n/a	n/a	n/a	n/a	n/a	n/a	n/a	n/a	n/a	n/a	n/a	n/a	n/a	n/a	n/a	2278.887415	n/a
2278.894415	0.000000	455779	ttl	11	72	n/a	n/a	n/a	n/a	n/a	n/a	n/a	n/a	n/a	n/a	n/a	n/a	n/a	n/a	n/a	n/a	n/a	n/a	n/a	n/a	n/a	2278.894415	n/a
2279.461032	2.033501	455892	time_discrimination	n/a	n/a	n/a	72.0	n/a	n/a	n/a	2278.8944149999998	n/a	0.3389414793746255	2.0	1	2.0	NB_26_LongA.png	n/a	6	2281.833475	n/a	68	2	2	intervals/timediscrimination_table	67	2279.461032	2281.494533
2279.461032	0.000000	455892	ttl	1	72	n/a	n/a	n/a	n/a	n/a	n/a	n/a	n/a	n/a	n/a	n/a	n/a	n/a	n/a	n/a	n/a	n/a	n/a	n/a	n/a	n/a	2279.461032	n/a
2281.494533	0.000000	456299	ttl	2	72	n/a	n/a	n/a	n/a	n/a	n/a	n/a	n/a	n/a	n/a	n/a	n/a	n/a	n/a	n/a	n/a	n/a	n/a	n/a	n/a	n/a	2281.494533	n/a
2281.833475	0.000000	456367	ttl	4	72	n/a	n/a	n/a	n/a	n/a	n/a	n/a	n/a	n/a	n/a	n/a	n/a	n/a	n/a	n/a	n/a	n/a	n/a	n/a	n/a	n/a	2281.833475	n/a
2281.846546	0.000000	456369	ttl	11	72	n/a	n/a	n/a	n/a	n/a	n/a	n/a	n/a	n/a	n/a	n/a	n/a	n/a	n/a	n/a	n/a	n/a	n/a	n/a	n/a	n/a	2281.846546	n/a
2282.346479	2.033609	456469	time_discrimination	n/a	n/a	n/a	72.0	n/a	n/a	n/a	2281.8465457499997	n/a	1.5494224131780356	2.0	1	2.0	NB_16_LongA.png	n/a	3	2285.929511	n/a	69	1	1	intervals/timediscrimination_table	68	2282.346479	2284.380089
2282.346479	0.000000	456469	ttl	1	72	n/a	n/a	n/a	n/a	n/a	n/a	n/a	n/a	n/a	n/a	n/a	n/a	n/a	n/a	n/a	n/a	n/a	n/a	n/a	n/a	n/a	2282.346479	n/a
2284.380089	0.000000	456876	ttl	2	72	n/a	n/a	n/a	n/a	n/a	n/a	n/a	n/a	n/a	n/a	n/a	n/a	n/a	n/a	n/a	n/a	n/a	n/a	n/a	n/a	n/a	2284.380089	n/a
2285.929511	0.000000	457186	ttl	4	72	n/a	n/a	n/a	n/a	n/a	n/a	n/a	n/a	n/a	n/a	n/a	n/a	n/a	n/a	n/a	n/a	n/a	n/a	n/a	n/a	n/a	2285.929511	n/a
2285.936318	0.000000	457187	ttl	11	72	n/a	n/a	n/a	n/a	n/a	n/a	n/a	n/a	n/a	n/a	n/a	n/a	n/a	n/a	n/a	n/a	n/a	n/a	n/a	n/a	n/a	2285.936318	n/a
2286.502867	2.033641	457301	time_discrimination	n/a	n/a	n/a	72.0	n/a	n/a	n/a	2285.9363184999997	n/a	1.7454315723680338	2.0	3	2.0	HB_33_LongA.png	n/a	6	2290.281939	n/a	70	2	2	intervals/timediscrimination_table	69	2286.502867	2288.536507
2286.502867	0.000000	457301	ttl	1	72	n/a	n/a	n/a	n/a	n/a	n/a	n/a	n/a	n/a	n/a	n/a	n/a	n/a	n/a	n/a	n/a	n/a	n/a	n/a	n/a	n/a	2286.502867	n/a
2288.536507	0.000000	457707	ttl	2	72	n/a	n/a	n/a	n/a	n/a	n/a	n/a	n/a	n/a	n/a	n/a	n/a	n/a	n/a	n/a	n/a	n/a	n/a	n/a	n/a	n/a	2288.536507	n/a
2290.281939	0.000000	458056	ttl	4	72	n/a	n/a	n/a	n/a	n/a	n/a	n/a	n/a	n/a	n/a	n/a	n/a	n/a	n/a	n/a	n/a	n/a	n/a	n/a	n/a	n/a	2290.281939	n/a
2290.288409	0.000000	458058	ttl	11	72	n/a	n/a	n/a	n/a	n/a	n/a	n/a	n/a	n/a	n/a	n/a	n/a	n/a	n/a	n/a	n/a	n/a	n/a	n/a	n/a	n/a	2290.288409	n/a
2290.821742	2.033433	458164	time_discrimination	n/a	n/a	n/a	72.0	n/a	n/a	n/a	2290.2884085	n/a	0.31523184428988316	2.0	2	3.0	SB_29_LongA.png	n/a	7	2293.1704065	n/a	71	2	2	intervals/timediscrimination_table	70	2290.821742	2292.855175
2290.821742	0.000000	458164	ttl	1	72	n/a	n/a	n/a	n/a	n/a	n/a	n/a	n/a	n/a	n/a	n/a	n/a	n/a	n/a	n/a	n/a	n/a	n/a	n/a	n/a	n/a	2290.821742	n/a
2292.855175	0.000000	458571	ttl	2	72	n/a	n/a	n/a	n/a	n/a	n/a	n/a	n/a	n/a	n/a	n/a	n/a	n/a	n/a	n/a	n/a	n/a	n/a	n/a	n/a	n/a	2292.855175	n/a
2293.170406	0.000000	458634	ttl	4	72	n/a	n/a	n/a	n/a	n/a	n/a	n/a	n/a	n/a	n/a	n/a	n/a	n/a	n/a	n/a	n/a	n/a	n/a	n/a	n/a	n/a	2293.170406	n/a
2293.180392	0.000000	458636	ttl	11	72	n/a	n/a	n/a	n/a	n/a	n/a	n/a	n/a	n/a	n/a	n/a	n/a	n/a	n/a	n/a	n/a	n/a	n/a	n/a	n/a	n/a	2293.180392	n/a
2293.696947	2.033623	458739	time_discrimination	n/a	n/a	n/a	72.0	n/a	n/a	n/a	2293.1803925	n/a	0.5498095896236919	2.0	1	3.0	NB_30_ShortA.png	n/a	7	2296.2803795	n/a	72	2	2	intervals/timediscrimination_table	71	2293.696947	2295.730570
2293.696947	0.000000	458739	ttl	1	72	n/a	n/a	n/a	n/a	n/a	n/a	n/a	n/a	n/a	n/a	n/a	n/a	n/a	n/a	n/a	n/a	n/a	n/a	n/a	n/a	n/a	2293.696947	n/a
2295.730570	0.000000	459146	ttl	2	72	n/a	n/a	n/a	n/a	n/a	n/a	n/a	n/a	n/a	n/a	n/a	n/a	n/a	n/a	n/a	n/a	n/a	n/a	n/a	n/a	n/a	2295.730570	n/a
2296.280379	0.000000	459256	ttl	4	72	n/a	n/a	n/a	n/a	n/a	n/a	n/a	n/a	n/a	n/a	n/a	n/a	n/a	n/a	n/a	n/a	n/a	n/a	n/a	n/a	n/a	2296.280379	n/a
2296.298196	0.000000	459260	ttl	11	72	n/a	n/a	n/a	n/a	n/a	n/a	n/a	n/a	n/a	n/a	n/a	n/a	n/a	n/a	n/a	n/a	n/a	n/a	n/a	n/a	n/a	2296.298196	n/a
2296.848247	2.050245	459370	time_discrimination	n/a	n/a	n/a	72.0	n/a	n/a	n/a	2296.2981959999997	n/a	2.256759071822671	1.0	2	2.0	SB_57_ShortA.png	n/a	6	2301.15525075	n/a	73	2	1	intervals/timediscrimination_table	72	2296.848247	2298.898492
2296.848247	0.000000	459370	ttl	1	72	n/a	n/a	n/a	n/a	n/a	n/a	n/a	n/a	n/a	n/a	n/a	n/a	n/a	n/a	n/a	n/a	n/a	n/a	n/a	n/a	n/a	2296.848247	n/a
2298.898492	0.000000	459780	ttl	2	72	n/a	n/a	n/a	n/a	n/a	n/a	n/a	n/a	n/a	n/a	n/a	n/a	n/a	n/a	n/a	n/a	n/a	n/a	n/a	n/a	n/a	2298.898492	n/a
2301.155251	0.000000	460231	ttl	4	72	n/a	n/a	n/a	n/a	n/a	n/a	n/a	n/a	n/a	n/a	n/a	n/a	n/a	n/a	n/a	n/a	n/a	n/a	n/a	n/a	n/a	2301.155251	n/a
2301.165096	0.000000	460233	ttl	11	72	n/a	n/a	n/a	n/a	n/a	n/a	n/a	n/a	n/a	n/a	n/a	n/a	n/a	n/a	n/a	n/a	n/a	n/a	n/a	n/a	n/a	2301.165096	n/a
2301.698386	2.033537	460340	time_discrimination	n/a	n/a	n/a	72.0	n/a	n/a	n/a	2301.1650959999997	n/a	1.7463434285764379	1.0	3	3.0	HB_8_ShortA.png	n/a	2	2305.47826725	n/a	74	1	2	intervals/timediscrimination_table	73	2301.698386	2303.731924
2301.698386	0.000000	460340	ttl	1	72	n/a	n/a	n/a	n/a	n/a	n/a	n/a	n/a	n/a	n/a	n/a	n/a	n/a	n/a	n/a	n/a	n/a	n/a	n/a	n/a	n/a	2301.698386	n/a
2303.731924	0.000000	460746	ttl	2	72	n/a	n/a	n/a	n/a	n/a	n/a	n/a	n/a	n/a	n/a	n/a	n/a	n/a	n/a	n/a	n/a	n/a	n/a	n/a	n/a	n/a	2303.731924	n/a
2305.478267	0.000000	461096	ttl	4	72	n/a	n/a	n/a	n/a	n/a	n/a	n/a	n/a	n/a	n/a	n/a	n/a	n/a	n/a	n/a	n/a	n/a	n/a	n/a	n/a	n/a	2305.478267	n/a
2305.483044	0.000000	461097	ttl	11	72	n/a	n/a	n/a	n/a	n/a	n/a	n/a	n/a	n/a	n/a	n/a	n/a	n/a	n/a	n/a	n/a	n/a	n/a	n/a	n/a	n/a	2305.483044	n/a
2306.082809	2.033563	461217	time_discrimination	n/a	n/a	n/a	72.0	n/a	n/a	n/a	2305.4830445	n/a	1.364538913467186	2.0	2	2.0	SB_56_ShortA.png	n/a	3	2309.4809105	n/a	75	1	1	intervals/timediscrimination_table	74	2306.082809	2308.116371
2306.082809	0.000000	461217	ttl	1	72	n/a	n/a	n/a	n/a	n/a	n/a	n/a	n/a	n/a	n/a	n/a	n/a	n/a	n/a	n/a	n/a	n/a	n/a	n/a	n/a	n/a	2306.082809	n/a
2308.116371	0.000000	461623	ttl	2	72	n/a	n/a	n/a	n/a	n/a	n/a	n/a	n/a	n/a	n/a	n/a	n/a	n/a	n/a	n/a	n/a	n/a	n/a	n/a	n/a	n/a	2308.116371	n/a
2309.480910	0.000000	461896	ttl	4	72	n/a	n/a	n/a	n/a	n/a	n/a	n/a	n/a	n/a	n/a	n/a	n/a	n/a	n/a	n/a	n/a	n/a	n/a	n/a	n/a	n/a	2309.480910	n/a
2309.495345	0.000000	461899	ttl	11	72	n/a	n/a	n/a	n/a	n/a	n/a	n/a	n/a	n/a	n/a	n/a	n/a	n/a	n/a	n/a	n/a	n/a	n/a	n/a	n/a	n/a	2309.495345	n/a
2310.061849	2.033549	462012	time_discrimination	n/a	n/a	n/a	72.0	n/a	n/a	n/a	2309.49534525	n/a	0.7357827120358706	2.0	1	3.0	NB_25_LongA.png	n/a	2	2312.831181	n/a	76	1	1	intervals/timediscrimination_table	75	2310.061849	2312.095398
2310.061849	0.000000	462012	ttl	1	72	n/a	n/a	n/a	n/a	n/a	n/a	n/a	n/a	n/a	n/a	n/a	n/a	n/a	n/a	n/a	n/a	n/a	n/a	n/a	n/a	n/a	2310.061849	n/a
2312.095398	0.000000	462419	ttl	2	72	n/a	n/a	n/a	n/a	n/a	n/a	n/a	n/a	n/a	n/a	n/a	n/a	n/a	n/a	n/a	n/a	n/a	n/a	n/a	n/a	n/a	2312.095398	n/a
2312.831181	0.000000	462566	ttl	4	72	n/a	n/a	n/a	n/a	n/a	n/a	n/a	n/a	n/a	n/a	n/a	n/a	n/a	n/a	n/a	n/a	n/a	n/a	n/a	n/a	n/a	2312.831181	n/a
2312.845630	0.000000	462569	ttl	11	72	n/a	n/a	n/a	n/a	n/a	n/a	n/a	n/a	n/a	n/a	n/a	n/a	n/a	n/a	n/a	n/a	n/a	n/a	n/a	n/a	n/a	2312.845630	n/a
2313.428881	2.033432	462686	time_discrimination	n/a	n/a	n/a	72.0	n/a	n/a	n/a	2312.84563025	n/a	1.79674034476011	2.0	1	3.0	NB_9_ShortA.png	n/a	2	2317.25905325	n/a	77	1	1	intervals/timediscrimination_table	76	2313.428881	2315.462313
2313.428881	0.000000	462686	ttl	1	72	n/a	n/a	n/a	n/a	n/a	n/a	n/a	n/a	n/a	n/a	n/a	n/a	n/a	n/a	n/a	n/a	n/a	n/a	n/a	n/a	n/a	2313.428881	n/a
2315.462313	0.000000	463092	ttl	2	72	n/a	n/a	n/a	n/a	n/a	n/a	n/a	n/a	n/a	n/a	n/a	n/a	n/a	n/a	n/a	n/a	n/a	n/a	n/a	n/a	n/a	2315.462313	n/a
2317.259053	0.000000	463452	ttl	4	72	n/a	n/a	n/a	n/a	n/a	n/a	n/a	n/a	n/a	n/a	n/a	n/a	n/a	n/a	n/a	n/a	n/a	n/a	n/a	n/a	n/a	2317.259053	n/a
2317.261860	0.000000	463452	ttl	11	72	n/a	n/a	n/a	n/a	n/a	n/a	n/a	n/a	n/a	n/a	n/a	n/a	n/a	n/a	n/a	n/a	n/a	n/a	n/a	n/a	n/a	2317.261860	n/a
2317.811860	2.033597	463562	time_discrimination	n/a	n/a	n/a	72.0	n/a	n/a	n/a	2317.2618605	n/a	0.4506071529849578	1.0	2	3.0	SB_55_LongA.png	n/a	2	2320.296064	n/a	78	1	2	intervals/timediscrimination_table	77	2317.811860	2319.845457
2317.811860	0.000000	463562	ttl	1	72	n/a	n/a	n/a	n/a	n/a	n/a	n/a	n/a	n/a	n/a	n/a	n/a	n/a	n/a	n/a	n/a	n/a	n/a	n/a	n/a	n/a	2317.811860	n/a
2319.845457	0.000000	463969	ttl	2	72	n/a	n/a	n/a	n/a	n/a	n/a	n/a	n/a	n/a	n/a	n/a	n/a	n/a	n/a	n/a	n/a	n/a	n/a	n/a	n/a	n/a	2319.845457	n/a
2320.296064	0.000000	464059	ttl	4	72	n/a	n/a	n/a	n/a	n/a	n/a	n/a	n/a	n/a	n/a	n/a	n/a	n/a	n/a	n/a	n/a	n/a	n/a	n/a	n/a	n/a	2320.296064	n/a
2320.314131	0.000000	464063	ttl	11	72	n/a	n/a	n/a	n/a	n/a	n/a	n/a	n/a	n/a	n/a	n/a	n/a	n/a	n/a	n/a	n/a	n/a	n/a	n/a	n/a	n/a	2320.314131	n/a
2320.897258	2.033527	464179	time_discrimination	n/a	n/a	n/a	72.0	n/a	n/a	n/a	2320.314131	n/a	1.498438650609387	2.0	1	3.0	NB_2_ShortA.png	n/a	7	2324.4292232499997	n/a	79	2	2	intervals/timediscrimination_table	78	2320.897258	2322.930784
2320.897258	0.000000	464179	ttl	1	72	n/a	n/a	n/a	n/a	n/a	n/a	n/a	n/a	n/a	n/a	n/a	n/a	n/a	n/a	n/a	n/a	n/a	n/a	n/a	n/a	n/a	2320.897258	n/a
2322.930784	0.000000	464586	ttl	2	72	n/a	n/a	n/a	n/a	n/a	n/a	n/a	n/a	n/a	n/a	n/a	n/a	n/a	n/a	n/a	n/a	n/a	n/a	n/a	n/a	n/a	2322.930784	n/a
2324.429223	0.000000	464886	ttl	4	72	n/a	n/a	n/a	n/a	n/a	n/a	n/a	n/a	n/a	n/a	n/a	n/a	n/a	n/a	n/a	n/a	n/a	n/a	n/a	n/a	n/a	2324.429223	n/a
2324.446677	0.000000	464889	ttl	11	72	n/a	n/a	n/a	n/a	n/a	n/a	n/a	n/a	n/a	n/a	n/a	n/a	n/a	n/a	n/a	n/a	n/a	n/a	n/a	n/a	n/a	2324.446677	n/a
2324.929938	2.033513	464986	time_discrimination	n/a	n/a	n/a	72.0	n/a	n/a	n/a	2324.446677	n/a	1.7219227848727314	2.0	1	2.0	NB_5_LongA.png	n/a	6	2328.68537325	n/a	80	2	2	intervals/timediscrimination_table	79	2324.929938	2326.963450
2324.929938	0.000000	464986	ttl	1	72	n/a	n/a	n/a	n/a	n/a	n/a	n/a	n/a	n/a	n/a	n/a	n/a	n/a	n/a	n/a	n/a	n/a	n/a	n/a	n/a	n/a	2324.929938	n/a
2326.963450	0.000000	465393	ttl	2	72	n/a	n/a	n/a	n/a	n/a	n/a	n/a	n/a	n/a	n/a	n/a	n/a	n/a	n/a	n/a	n/a	n/a	n/a	n/a	n/a	n/a	2326.963450	n/a
2328.685373	0.000000	465737	ttl	4	72	n/a	n/a	n/a	n/a	n/a	n/a	n/a	n/a	n/a	n/a	n/a	n/a	n/a	n/a	n/a	n/a	n/a	n/a	n/a	n/a	n/a	2328.685373	n/a
2328.694317	0.000000	465739	ttl	11	72	n/a	n/a	n/a	n/a	n/a	n/a	n/a	n/a	n/a	n/a	n/a	n/a	n/a	n/a	n/a	n/a	n/a	n/a	n/a	n/a	n/a	2328.694317	n/a
2329.277525	2.033506	465856	time_discrimination	n/a	n/a	n/a	72.0	n/a	n/a	n/a	2328.694317	n/a	0.794995748625297	2.0	1	2.0	NB_5_ShortA.png	n/a	3	2332.106027	n/a	81	1	1	intervals/timediscrimination_table	80	2329.277525	2331.311031
2329.277525	0.000000	465856	ttl	1	72	n/a	n/a	n/a	n/a	n/a	n/a	n/a	n/a	n/a	n/a	n/a	n/a	n/a	n/a	n/a	n/a	n/a	n/a	n/a	n/a	n/a	2329.277525	n/a
2331.311031	0.000000	466262	ttl	2	72	n/a	n/a	n/a	n/a	n/a	n/a	n/a	n/a	n/a	n/a	n/a	n/a	n/a	n/a	n/a	n/a	n/a	n/a	n/a	n/a	n/a	2331.311031	n/a
2332.106027	0.000000	466421	ttl	4	72	n/a	n/a	n/a	n/a	n/a	n/a	n/a	n/a	n/a	n/a	n/a	n/a	n/a	n/a	n/a	n/a	n/a	n/a	n/a	n/a	n/a	2332.106027	n/a
2332.110838	0.000000	466422	ttl	11	72	n/a	n/a	n/a	n/a	n/a	n/a	n/a	n/a	n/a	n/a	n/a	n/a	n/a	n/a	n/a	n/a	n/a	n/a	n/a	n/a	n/a	2332.110838	n/a
2332.660736	2.033745	466532	time_discrimination	n/a	n/a	n/a	72.0	n/a	n/a	n/a	2332.11083775	n/a	1.7039813777610107	2.0	2	3.0	SB_31_LongA.png	n/a	2	2336.39846275	n/a	82	1	1	intervals/timediscrimination_table	81	2332.660736	2334.694481
2332.660736	0.000000	466532	ttl	1	72	n/a	n/a	n/a	n/a	n/a	n/a	n/a	n/a	n/a	n/a	n/a	n/a	n/a	n/a	n/a	n/a	n/a	n/a	n/a	n/a	n/a	2332.660736	n/a
2334.694481	0.000000	466939	ttl	2	72	n/a	n/a	n/a	n/a	n/a	n/a	n/a	n/a	n/a	n/a	n/a	n/a	n/a	n/a	n/a	n/a	n/a	n/a	n/a	n/a	n/a	2334.694481	n/a
2336.398463	0.000000	467280	ttl	4	72	n/a	n/a	n/a	n/a	n/a	n/a	n/a	n/a	n/a	n/a	n/a	n/a	n/a	n/a	n/a	n/a	n/a	n/a	n/a	n/a	n/a	2336.398463	n/a
2336.408069	0.000000	467282	ttl	11	72	n/a	n/a	n/a	n/a	n/a	n/a	n/a	n/a	n/a	n/a	n/a	n/a	n/a	n/a	n/a	n/a	n/a	n/a	n/a	n/a	n/a	2336.408069	n/a
2336.924719	2.033655	467385	time_discrimination	n/a	n/a	n/a	72.0	n/a	n/a	n/a	2336.408069	n/a	1.8459433911320957	2.0	2	2.0	SB_3_LongA.png	n/a	6	2340.8043172499997	n/a	83	2	2	intervals/timediscrimination_table	82	2336.924719	2338.958374
2336.924719	0.000000	467385	ttl	1	72	n/a	n/a	n/a	n/a	n/a	n/a	n/a	n/a	n/a	n/a	n/a	n/a	n/a	n/a	n/a	n/a	n/a	n/a	n/a	n/a	n/a	2336.924719	n/a
2338.958374	0.000000	467792	ttl	2	72	n/a	n/a	n/a	n/a	n/a	n/a	n/a	n/a	n/a	n/a	n/a	n/a	n/a	n/a	n/a	n/a	n/a	n/a	n/a	n/a	n/a	2338.958374	n/a
2340.804317	0.000000	468161	ttl	4	72	n/a	n/a	n/a	n/a	n/a	n/a	n/a	n/a	n/a	n/a	n/a	n/a	n/a	n/a	n/a	n/a	n/a	n/a	n/a	n/a	n/a	2340.804317	n/a
2340.809729	0.000000	468162	ttl	11	72	n/a	n/a	n/a	n/a	n/a	n/a	n/a	n/a	n/a	n/a	n/a	n/a	n/a	n/a	n/a	n/a	n/a	n/a	n/a	n/a	n/a	2340.809729	n/a
2341.343112	2.033570	468269	time_discrimination	n/a	n/a	n/a	72.0	n/a	n/a	n/a	2340.809729	n/a	0.7553529295946646	2.0	3	3.0	HB_56_LongA.png	n/a	2	2344.1320352499997	n/a	84	1	1	intervals/timediscrimination_table	83	2341.343112	2343.376682
2341.343112	0.000000	468269	ttl	1	72	n/a	n/a	n/a	n/a	n/a	n/a	n/a	n/a	n/a	n/a	n/a	n/a	n/a	n/a	n/a	n/a	n/a	n/a	n/a	n/a	n/a	2341.343112	n/a
2343.376682	0.000000	468675	ttl	2	72	n/a	n/a	n/a	n/a	n/a	n/a	n/a	n/a	n/a	n/a	n/a	n/a	n/a	n/a	n/a	n/a	n/a	n/a	n/a	n/a	n/a	2343.376682	n/a
2344.132035	0.000000	468826	ttl	4	72	n/a	n/a	n/a	n/a	n/a	n/a	n/a	n/a	n/a	n/a	n/a	n/a	n/a	n/a	n/a	n/a	n/a	n/a	n/a	n/a	n/a	2344.132035	n/a
2344.150478	0.000000	468830	ttl	11	72	n/a	n/a	n/a	n/a	n/a	n/a	n/a	n/a	n/a	n/a	n/a	n/a	n/a	n/a	n/a	n/a	n/a	n/a	n/a	n/a	n/a	2344.150478	n/a
2344.717079	2.033426	468943	time_discrimination	n/a	n/a	n/a	72.0	n/a	n/a	n/a	2344.1504784999997	n/a	0.25539396443855367	2.0	1	3.0	NB_7_LongA.png	n/a	2	2347.0058995	n/a	85	1	1	intervals/timediscrimination_table	84	2344.717079	2346.750505
2344.717079	0.000000	468943	ttl	1	72	n/a	n/a	n/a	n/a	n/a	n/a	n/a	n/a	n/a	n/a	n/a	n/a	n/a	n/a	n/a	n/a	n/a	n/a	n/a	n/a	n/a	2344.717079	n/a
2346.750505	0.000000	469350	ttl	2	72	n/a	n/a	n/a	n/a	n/a	n/a	n/a	n/a	n/a	n/a	n/a	n/a	n/a	n/a	n/a	n/a	n/a	n/a	n/a	n/a	n/a	2346.750505	n/a
2347.005899	0.000000	469401	ttl	4	72	n/a	n/a	n/a	n/a	n/a	n/a	n/a	n/a	n/a	n/a	n/a	n/a	n/a	n/a	n/a	n/a	n/a	n/a	n/a	n/a	n/a	2347.005899	n/a
2347.015760	0.000000	469403	ttl	11	72	n/a	n/a	n/a	n/a	n/a	n/a	n/a	n/a	n/a	n/a	n/a	n/a	n/a	n/a	n/a	n/a	n/a	n/a	n/a	n/a	n/a	2347.015760	n/a
2347.515549	2.033507	469503	time_discrimination	n/a	n/a	n/a	72.0	n/a	n/a	n/a	2347.0157605	n/a	0.46883564523159293	2.0	1	3.0	NB_11_LongA.png	n/a	2	2350.01789125	n/a	86	1	1	intervals/timediscrimination_table	85	2347.515549	2349.549056
2347.515549	0.000000	469503	ttl	1	72	n/a	n/a	n/a	n/a	n/a	n/a	n/a	n/a	n/a	n/a	n/a	n/a	n/a	n/a	n/a	n/a	n/a	n/a	n/a	n/a	n/a	2347.515549	n/a
2349.549056	0.000000	469910	ttl	2	72	n/a	n/a	n/a	n/a	n/a	n/a	n/a	n/a	n/a	n/a	n/a	n/a	n/a	n/a	n/a	n/a	n/a	n/a	n/a	n/a	n/a	2349.549056	n/a
2350.017891	0.000000	470004	ttl	4	72	n/a	n/a	n/a	n/a	n/a	n/a	n/a	n/a	n/a	n/a	n/a	n/a	n/a	n/a	n/a	n/a	n/a	n/a	n/a	n/a	n/a	2350.017891	n/a
2350.024468	0.000000	470005	ttl	11	72	n/a	n/a	n/a	n/a	n/a	n/a	n/a	n/a	n/a	n/a	n/a	n/a	n/a	n/a	n/a	n/a	n/a	n/a	n/a	n/a	n/a	2350.024468	n/a
2350.574366	2.033522	470115	time_discrimination	n/a	n/a	n/a	72.0	n/a	n/a	n/a	2350.0244685	n/a	1.3046754467759456	1.0	3	1.0	HB_47_ShortA.png	n/a	5	2353.9125635	n/a	87	2	1	intervals/timediscrimination_table	86	2350.574366	2352.607888
2350.574366	0.000000	470115	ttl	1	72	n/a	n/a	n/a	n/a	n/a	n/a	n/a	n/a	n/a	n/a	n/a	n/a	n/a	n/a	n/a	n/a	n/a	n/a	n/a	n/a	n/a	2350.574366	n/a
2352.607888	0.000000	470522	ttl	2	72	n/a	n/a	n/a	n/a	n/a	n/a	n/a	n/a	n/a	n/a	n/a	n/a	n/a	n/a	n/a	n/a	n/a	n/a	n/a	n/a	n/a	2352.607888	n/a
2353.912564	0.000000	470783	ttl	4	72	n/a	n/a	n/a	n/a	n/a	n/a	n/a	n/a	n/a	n/a	n/a	n/a	n/a	n/a	n/a	n/a	n/a	n/a	n/a	n/a	n/a	2353.912564	n/a
2353.919341	0.000000	470784	ttl	11	72	n/a	n/a	n/a	n/a	n/a	n/a	n/a	n/a	n/a	n/a	n/a	n/a	n/a	n/a	n/a	n/a	n/a	n/a	n/a	n/a	n/a	2353.919341	n/a
2354.502586	2.033461	470901	time_discrimination	n/a	n/a	n/a	72.0	n/a	n/a	n/a	2353.919341	n/a	1.4226357014358655	2.0	3	3.0	HB_6_ShortA.png	n/a	2	2357.95868325	n/a	88	1	1	intervals/timediscrimination_table	87	2354.502586	2356.536047
2354.502586	0.000000	470901	ttl	1	72	n/a	n/a	n/a	n/a	n/a	n/a	n/a	n/a	n/a	n/a	n/a	n/a	n/a	n/a	n/a	n/a	n/a	n/a	n/a	n/a	n/a	2354.502586	n/a
2356.536047	0.000000	471307	ttl	2	72	n/a	n/a	n/a	n/a	n/a	n/a	n/a	n/a	n/a	n/a	n/a	n/a	n/a	n/a	n/a	n/a	n/a	n/a	n/a	n/a	n/a	2356.536047	n/a
2357.958683	0.000000	471592	ttl	4	72	n/a	n/a	n/a	n/a	n/a	n/a	n/a	n/a	n/a	n/a	n/a	n/a	n/a	n/a	n/a	n/a	n/a	n/a	n/a	n/a	n/a	2357.958683	n/a
2357.972793	0.000000	471595	ttl	11	72	n/a	n/a	n/a	n/a	n/a	n/a	n/a	n/a	n/a	n/a	n/a	n/a	n/a	n/a	n/a	n/a	n/a	n/a	n/a	n/a	n/a	2357.972793	n/a
2358.556115	2.033534	471711	time_discrimination	n/a	n/a	n/a	72.0	n/a	n/a	n/a	2357.97279325	n/a	1.2428580672712997	1.0	3	3.0	HB_36_ShortA.png	n/a	2	2361.8325072499997	n/a	89	1	2	intervals/timediscrimination_table	88	2358.556115	2360.589649
2358.556115	0.000000	471711	ttl	1	72	n/a	n/a	n/a	n/a	n/a	n/a	n/a	n/a	n/a	n/a	n/a	n/a	n/a	n/a	n/a	n/a	n/a	n/a	n/a	n/a	n/a	2358.556115	n/a
2360.589649	0.000000	472118	ttl	2	72	n/a	n/a	n/a	n/a	n/a	n/a	n/a	n/a	n/a	n/a	n/a	n/a	n/a	n/a	n/a	n/a	n/a	n/a	n/a	n/a	n/a	2360.589649	n/a
2361.832507	0.000000	472367	ttl	4	72	n/a	n/a	n/a	n/a	n/a	n/a	n/a	n/a	n/a	n/a	n/a	n/a	n/a	n/a	n/a	n/a	n/a	n/a	n/a	n/a	n/a	2361.832507	n/a
2361.843751	0.000000	472369	ttl	11	72	n/a	n/a	n/a	n/a	n/a	n/a	n/a	n/a	n/a	n/a	n/a	n/a	n/a	n/a	n/a	n/a	n/a	n/a	n/a	n/a	n/a	2361.843751	n/a
2362.343679	2.033632	472469	time_discrimination	n/a	n/a	n/a	72.0	n/a	n/a	n/a	2361.84375075	n/a	0.6266056044423749	2.0	2	3.0	SB_60_LongA.png	n/a	2	2365.00391725	n/a	90	1	1	intervals/timediscrimination_table	89	2362.343679	2364.377311
2362.343679	0.000000	472469	ttl	1	72	n/a	n/a	n/a	n/a	n/a	n/a	n/a	n/a	n/a	n/a	n/a	n/a	n/a	n/a	n/a	n/a	n/a	n/a	n/a	n/a	n/a	2362.343679	n/a
2364.377311	0.000000	472875	ttl	2	72	n/a	n/a	n/a	n/a	n/a	n/a	n/a	n/a	n/a	n/a	n/a	n/a	n/a	n/a	n/a	n/a	n/a	n/a	n/a	n/a	n/a	2364.377311	n/a
2365.003917	0.000000	473001	ttl	4	72	n/a	n/a	n/a	n/a	n/a	n/a	n/a	n/a	n/a	n/a	n/a	n/a	n/a	n/a	n/a	n/a	n/a	n/a	n/a	n/a	n/a	2365.003917	n/a
2365.020988	0.000000	473004	ttl	11	72	n/a	n/a	n/a	n/a	n/a	n/a	n/a	n/a	n/a	n/a	n/a	n/a	n/a	n/a	n/a	n/a	n/a	n/a	n/a	n/a	n/a	2365.020988	n/a
2365.604265	2.033417	473121	time_discrimination	n/a	n/a	n/a	72.0	n/a	n/a	n/a	2365.0209875	n/a	0.31096355720364954	2.0	3	1.0	HB_16_LongA.png	n/a	4	2367.9486455	n/a	91	1	1	intervals/timediscrimination_table	90	2365.604265	2367.637682
2365.604265	0.000000	473121	ttl	1	72	n/a	n/a	n/a	n/a	n/a	n/a	n/a	n/a	n/a	n/a	n/a	n/a	n/a	n/a	n/a	n/a	n/a	n/a	n/a	n/a	n/a	2365.604265	n/a
2367.637682	0.000000	473528	ttl	2	72	n/a	n/a	n/a	n/a	n/a	n/a	n/a	n/a	n/a	n/a	n/a	n/a	n/a	n/a	n/a	n/a	n/a	n/a	n/a	n/a	n/a	2367.637682	n/a
2367.948646	0.000000	473590	ttl	4	72	n/a	n/a	n/a	n/a	n/a	n/a	n/a	n/a	n/a	n/a	n/a	n/a	n/a	n/a	n/a	n/a	n/a	n/a	n/a	n/a	n/a	2367.948646	n/a
2367.966615	0.000000	473593	ttl	11	72	n/a	n/a	n/a	n/a	n/a	n/a	n/a	n/a	n/a	n/a	n/a	n/a	n/a	n/a	n/a	n/a	n/a	n/a	n/a	n/a	n/a	2367.966615	n/a
2368.499912	2.033619	473700	time_discrimination	n/a	n/a	n/a	72.0	n/a	n/a	n/a	2367.966615	n/a	0.730855472609619	2.0	1	3.0	NB_1_ShortA.png	n/a	7	2371.2643865	n/a	92	2	2	intervals/timediscrimination_table	91	2368.499912	2370.533531
2368.499912	0.000000	473700	ttl	1	72	n/a	n/a	n/a	n/a	n/a	n/a	n/a	n/a	n/a	n/a	n/a	n/a	n/a	n/a	n/a	n/a	n/a	n/a	n/a	n/a	n/a	2368.499912	n/a
2370.533531	0.000000	474107	ttl	2	72	n/a	n/a	n/a	n/a	n/a	n/a	n/a	n/a	n/a	n/a	n/a	n/a	n/a	n/a	n/a	n/a	n/a	n/a	n/a	n/a	n/a	2370.533531	n/a
2371.264387	0.000000	474253	ttl	4	72	n/a	n/a	n/a	n/a	n/a	n/a	n/a	n/a	n/a	n/a	n/a	n/a	n/a	n/a	n/a	n/a	n/a	n/a	n/a	n/a	n/a	2371.264387	n/a
2371.278239	0.000000	474256	ttl	11	72	n/a	n/a	n/a	n/a	n/a	n/a	n/a	n/a	n/a	n/a	n/a	n/a	n/a	n/a	n/a	n/a	n/a	n/a	n/a	n/a	n/a	2371.278239	n/a
2371.794830	2.033572	474359	time_discrimination	n/a	n/a	n/a	72.0	n/a	n/a	n/a	2371.27823925	n/a	1.8140273861190508	2.0	3	3.0	HB_37_ShortA.png	n/a	2	2375.64242875	n/a	93	1	1	intervals/timediscrimination_table	92	2371.794830	2373.828401
2371.794830	0.000000	474359	ttl	1	72	n/a	n/a	n/a	n/a	n/a	n/a	n/a	n/a	n/a	n/a	n/a	n/a	n/a	n/a	n/a	n/a	n/a	n/a	n/a	n/a	n/a	2371.794830	n/a
2373.828401	0.000000	474766	ttl	2	72	n/a	n/a	n/a	n/a	n/a	n/a	n/a	n/a	n/a	n/a	n/a	n/a	n/a	n/a	n/a	n/a	n/a	n/a	n/a	n/a	n/a	2373.828401	n/a
2375.642429	0.000000	475128	ttl	4	72	n/a	n/a	n/a	n/a	n/a	n/a	n/a	n/a	n/a	n/a	n/a	n/a	n/a	n/a	n/a	n/a	n/a	n/a	n/a	n/a	n/a	2375.642429	n/a
2375.652085	0.000000	475130	ttl	11	72	n/a	n/a	n/a	n/a	n/a	n/a	n/a	n/a	n/a	n/a	n/a	n/a	n/a	n/a	n/a	n/a	n/a	n/a	n/a	n/a	n/a	2375.652085	n/a
2376.168666	2.033590	475234	time_discrimination	n/a	n/a	n/a	72.0	n/a	n/a	n/a	2375.6520855	n/a	1.6440391329761042	1.0	3	1.0	HB_26_LongA.png	n/a	4	2379.84629575	n/a	94	1	2	intervals/timediscrimination_table	93	2376.168666	2378.202256
2376.168666	0.000000	475234	ttl	1	72	n/a	n/a	n/a	n/a	n/a	n/a	n/a	n/a	n/a	n/a	n/a	n/a	n/a	n/a	n/a	n/a	n/a	n/a	n/a	n/a	n/a	2376.168666	n/a
2378.202256	0.000000	475640	ttl	2	72	n/a	n/a	n/a	n/a	n/a	n/a	n/a	n/a	n/a	n/a	n/a	n/a	n/a	n/a	n/a	n/a	n/a	n/a	n/a	n/a	n/a	2378.202256	n/a
2379.846296	0.000000	475969	ttl	4	72	n/a	n/a	n/a	n/a	n/a	n/a	n/a	n/a	n/a	n/a	n/a	n/a	n/a	n/a	n/a	n/a	n/a	n/a	n/a	n/a	n/a	2379.846296	n/a
2379.850157	0.000000	475970	ttl	11	72	n/a	n/a	n/a	n/a	n/a	n/a	n/a	n/a	n/a	n/a	n/a	n/a	n/a	n/a	n/a	n/a	n/a	n/a	n/a	n/a	n/a	2379.850157	n/a
2380.366672	2.033390	476073	time_discrimination	n/a	n/a	n/a	72.0	n/a	n/a	n/a	2379.850157	n/a	1.721762331590071	2.0	3	1.0	HB_46_LongA.png	n/a	5	2384.12182475	n/a	95	2	2	intervals/timediscrimination_table	94	2380.366672	2382.400062
2380.366672	0.000000	476073	ttl	1	72	n/a	n/a	n/a	n/a	n/a	n/a	n/a	n/a	n/a	n/a	n/a	n/a	n/a	n/a	n/a	n/a	n/a	n/a	n/a	n/a	n/a	2380.366672	n/a
2382.400062	0.000000	476480	ttl	2	72	n/a	n/a	n/a	n/a	n/a	n/a	n/a	n/a	n/a	n/a	n/a	n/a	n/a	n/a	n/a	n/a	n/a	n/a	n/a	n/a	n/a	2382.400062	n/a
2384.121825	0.000000	476824	ttl	4	72	n/a	n/a	n/a	n/a	n/a	n/a	n/a	n/a	n/a	n/a	n/a	n/a	n/a	n/a	n/a	n/a	n/a	n/a	n/a	n/a	n/a	2384.121825	n/a
2384.131584	0.000000	476826	ttl	11	72	n/a	n/a	n/a	n/a	n/a	n/a	n/a	n/a	n/a	n/a	n/a	n/a	n/a	n/a	n/a	n/a	n/a	n/a	n/a	n/a	n/a	2384.131584	n/a
2384.664741	2.033448	476933	time_discrimination	n/a	n/a	n/a	72.0	n/a	n/a	n/a	2384.13158425	n/a	0.934662591702363	1.0	3	3.0	HB_11_LongA.png	n/a	7	2387.6328519999997	n/a	96	2	1	intervals/timediscrimination_table	95	2384.664741	2386.698189
2384.664741	0.000000	476933	ttl	1	72	n/a	n/a	n/a	n/a	n/a	n/a	n/a	n/a	n/a	n/a	n/a	n/a	n/a	n/a	n/a	n/a	n/a	n/a	n/a	n/a	n/a	2384.664741	n/a
2386.698189	0.000000	477340	ttl	2	72	n/a	n/a	n/a	n/a	n/a	n/a	n/a	n/a	n/a	n/a	n/a	n/a	n/a	n/a	n/a	n/a	n/a	n/a	n/a	n/a	n/a	2386.698189	n/a
2387.632852	0.000000	477527	ttl	4	72	n/a	n/a	n/a	n/a	n/a	n/a	n/a	n/a	n/a	n/a	n/a	n/a	n/a	n/a	n/a	n/a	n/a	n/a	n/a	n/a	n/a	2387.632852	n/a
2387.636421	0.000000	477527	ttl	11	72	n/a	n/a	n/a	n/a	n/a	n/a	n/a	n/a	n/a	n/a	n/a	n/a	n/a	n/a	n/a	n/a	n/a	n/a	n/a	n/a	n/a	2387.636421	n/a
2388.153016	2.033459	477631	time_discrimination	n/a	n/a	n/a	72.0	n/a	n/a	n/a	2387.6364215	n/a	0.47491939691462903	2.0	2	3.0	SB_34_ShortA.png	n/a	7	2390.66139375	n/a	97	2	2	intervals/timediscrimination_table	96	2388.153016	2390.186474
2388.153016	0.000000	477631	ttl	1	72	n/a	n/a	n/a	n/a	n/a	n/a	n/a	n/a	n/a	n/a	n/a	n/a	n/a	n/a	n/a	n/a	n/a	n/a	n/a	n/a	n/a	2388.153016	n/a
2390.186474	0.000000	478037	ttl	2	72	n/a	n/a	n/a	n/a	n/a	n/a	n/a	n/a	n/a	n/a	n/a	n/a	n/a	n/a	n/a	n/a	n/a	n/a	n/a	n/a	n/a	2390.186474	n/a
2390.661394	0.000000	478132	ttl	4	72	n/a	n/a	n/a	n/a	n/a	n/a	n/a	n/a	n/a	n/a	n/a	n/a	n/a	n/a	n/a	n/a	n/a	n/a	n/a	n/a	n/a	2390.661394	n/a
2390.689174	0.000000	478138	ttl	11	72	n/a	n/a	n/a	n/a	n/a	n/a	n/a	n/a	n/a	n/a	n/a	n/a	n/a	n/a	n/a	n/a	n/a	n/a	n/a	n/a	n/a	2390.689174	n/a
2391.239139	2.033665	478248	time_discrimination	n/a	n/a	n/a	72.0	n/a	n/a	n/a	2390.6891745	n/a	0.15494321765254426	1.0	1	3.0	NB_3_LongA.png	n/a	7	2393.4277469999997	n/a	98	2	1	intervals/timediscrimination_table	97	2391.239139	2393.272804
2391.239139	0.000000	478248	ttl	1	72	n/a	n/a	n/a	n/a	n/a	n/a	n/a	n/a	n/a	n/a	n/a	n/a	n/a	n/a	n/a	n/a	n/a	n/a	n/a	n/a	n/a	2391.239139	n/a
2393.272804	0.000000	478655	ttl	2	72	n/a	n/a	n/a	n/a	n/a	n/a	n/a	n/a	n/a	n/a	n/a	n/a	n/a	n/a	n/a	n/a	n/a	n/a	n/a	n/a	n/a	2393.272804	n/a
2393.427747	0.000000	478686	ttl	4	72	n/a	n/a	n/a	n/a	n/a	n/a	n/a	n/a	n/a	n/a	n/a	n/a	n/a	n/a	n/a	n/a	n/a	n/a	n/a	n/a	n/a	2393.427747	n/a
2393.436123	0.000000	478687	ttl	11	72	n/a	n/a	n/a	n/a	n/a	n/a	n/a	n/a	n/a	n/a	n/a	n/a	n/a	n/a	n/a	n/a	n/a	n/a	n/a	n/a	n/a	2393.436123	n/a
2393.986005	2.033594	478797	time_discrimination	n/a	n/a	n/a	72.0	n/a	n/a	n/a	2393.436123	n/a	0.45518340554735914	1.0	2	2.0	SB_12_LongA.png	n/a	3	2396.47478225	n/a	99	1	2	intervals/timediscrimination_table	98	2393.986005	2396.019599
2393.986005	0.000000	478797	ttl	1	72	n/a	n/a	n/a	n/a	n/a	n/a	n/a	n/a	n/a	n/a	n/a	n/a	n/a	n/a	n/a	n/a	n/a	n/a	n/a	n/a	n/a	2393.986005	n/a
2396.019599	0.000000	479204	ttl	2	72	n/a	n/a	n/a	n/a	n/a	n/a	n/a	n/a	n/a	n/a	n/a	n/a	n/a	n/a	n/a	n/a	n/a	n/a	n/a	n/a	n/a	2396.019599	n/a
2396.474782	0.000000	479295	ttl	4	72	n/a	n/a	n/a	n/a	n/a	n/a	n/a	n/a	n/a	n/a	n/a	n/a	n/a	n/a	n/a	n/a	n/a	n/a	n/a	n/a	n/a	2396.474782	n/a
2396.491765	0.000000	479298	ttl	11	72	n/a	n/a	n/a	n/a	n/a	n/a	n/a	n/a	n/a	n/a	n/a	n/a	n/a	n/a	n/a	n/a	n/a	n/a	n/a	n/a	n/a	2396.491765	n/a
2397.025053	2.033675	479405	time_discrimination	n/a	n/a	n/a	72.0	n/a	n/a	n/a	2396.4917649999998	n/a	1.9484162196749821	2.0	3	2.0	HB_7_LongA.png	n/a	3	2401.00714475	n/a	100	1	1	intervals/timediscrimination_table	99	2397.025053	2399.058728
2397.025053	0.000000	479405	ttl	1	72	n/a	n/a	n/a	n/a	n/a	n/a	n/a	n/a	n/a	n/a	n/a	n/a	n/a	n/a	n/a	n/a	n/a	n/a	n/a	n/a	n/a	2397.025053	n/a
2399.058728	0.000000	479812	ttl	2	72	n/a	n/a	n/a	n/a	n/a	n/a	n/a	n/a	n/a	n/a	n/a	n/a	n/a	n/a	n/a	n/a	n/a	n/a	n/a	n/a	n/a	2399.058728	n/a
2401.007145	0.000000	480201	ttl	4	72	n/a	n/a	n/a	n/a	n/a	n/a	n/a	n/a	n/a	n/a	n/a	n/a	n/a	n/a	n/a	n/a	n/a	n/a	n/a	n/a	n/a	2401.007145	n/a
2401.009735	0.000000	480202	ttl	11	72	n/a	n/a	n/a	n/a	n/a	n/a	n/a	n/a	n/a	n/a	n/a	n/a	n/a	n/a	n/a	n/a	n/a	n/a	n/a	n/a	n/a	2401.009735	n/a
2401.526325	2.033603	480305	time_discrimination	n/a	n/a	n/a	72.0	n/a	n/a	n/a	2401.009735	n/a	1.028008778263029	1.0	3	3.0	HB_52_LongA.png	n/a	7	2404.5879375	n/a	101	2	1	intervals/timediscrimination_table	100	2401.526325	2403.559929
2401.526325	0.000000	480305	ttl	1	72	n/a	n/a	n/a	n/a	n/a	n/a	n/a	n/a	n/a	n/a	n/a	n/a	n/a	n/a	n/a	n/a	n/a	n/a	n/a	n/a	n/a	2401.526325	n/a
2403.559929	0.000000	480712	ttl	2	72	n/a	n/a	n/a	n/a	n/a	n/a	n/a	n/a	n/a	n/a	n/a	n/a	n/a	n/a	n/a	n/a	n/a	n/a	n/a	n/a	n/a	2403.559929	n/a
2404.587937	0.000000	480918	ttl	4	72	n/a	n/a	n/a	n/a	n/a	n/a	n/a	n/a	n/a	n/a	n/a	n/a	n/a	n/a	n/a	n/a	n/a	n/a	n/a	n/a	n/a	2404.587937	n/a
2404.594922	0.000000	480919	ttl	11	72	n/a	n/a	n/a	n/a	n/a	n/a	n/a	n/a	n/a	n/a	n/a	n/a	n/a	n/a	n/a	n/a	n/a	n/a	n/a	n/a	n/a	2404.594922	n/a
2405.111460	2.033627	481022	time_discrimination	n/a	n/a	n/a	72.0	n/a	n/a	n/a	2404.5949219999998	n/a	0.7297775918468687	2.0	2	2.0	SB_25_ShortA.png	n/a	6	2407.8748649999998	n/a	102	2	2	intervals/timediscrimination_table	101	2405.111460	2407.145088
2405.111460	0.000000	481022	ttl	1	72	n/a	n/a	n/a	n/a	n/a	n/a	n/a	n/a	n/a	n/a	n/a	n/a	n/a	n/a	n/a	n/a	n/a	n/a	n/a	n/a	n/a	2405.111460	n/a
2407.145088	0.000000	481429	ttl	2	72	n/a	n/a	n/a	n/a	n/a	n/a	n/a	n/a	n/a	n/a	n/a	n/a	n/a	n/a	n/a	n/a	n/a	n/a	n/a	n/a	n/a	2407.145088	n/a
2407.874865	0.000000	481575	ttl	4	72	n/a	n/a	n/a	n/a	n/a	n/a	n/a	n/a	n/a	n/a	n/a	n/a	n/a	n/a	n/a	n/a	n/a	n/a	n/a	n/a	n/a	2407.874865	n/a
2407.886158	0.000000	481577	ttl	11	72	n/a	n/a	n/a	n/a	n/a	n/a	n/a	n/a	n/a	n/a	n/a	n/a	n/a	n/a	n/a	n/a	n/a	n/a	n/a	n/a	n/a	2407.886158	n/a
2408.452807	2.033525	481691	time_discrimination	n/a	n/a	n/a	72.0	n/a	n/a	n/a	2407.88615825	n/a	0.5488334985111578	2.0	3	3.0	HB_4_LongA.png	n/a	7	2411.0351655	n/a	103	2	2	intervals/timediscrimination_table	102	2408.452807	2410.486332
2408.452807	0.000000	481691	ttl	1	72	n/a	n/a	n/a	n/a	n/a	n/a	n/a	n/a	n/a	n/a	n/a	n/a	n/a	n/a	n/a	n/a	n/a	n/a	n/a	n/a	n/a	2408.452807	n/a
2410.486332	0.000000	482097	ttl	2	72	n/a	n/a	n/a	n/a	n/a	n/a	n/a	n/a	n/a	n/a	n/a	n/a	n/a	n/a	n/a	n/a	n/a	n/a	n/a	n/a	n/a	2410.486332	n/a
2411.035165	0.000000	482207	ttl	4	72	n/a	n/a	n/a	n/a	n/a	n/a	n/a	n/a	n/a	n/a	n/a	n/a	n/a	n/a	n/a	n/a	n/a	n/a	n/a	n/a	n/a	2411.035165	n/a
2411.039389	0.000000	482208	ttl	11	72	n/a	n/a	n/a	n/a	n/a	n/a	n/a	n/a	n/a	n/a	n/a	n/a	n/a	n/a	n/a	n/a	n/a	n/a	n/a	n/a	n/a	2411.039389	n/a
2411.589299	2.033542	482318	time_discrimination	n/a	n/a	n/a	72.0	n/a	n/a	n/a	2411.0393894999997	n/a	0.580906988499919	2.0	3	1.0	HB_57_LongA.png	n/a	5	2414.2037474999997	n/a	104	2	2	intervals/timediscrimination_table	103	2411.589299	2413.622840
2411.589299	0.000000	482318	ttl	1	72	n/a	n/a	n/a	n/a	n/a	n/a	n/a	n/a	n/a	n/a	n/a	n/a	n/a	n/a	n/a	n/a	n/a	n/a	n/a	n/a	n/a	2411.589299	n/a
2413.622840	0.000000	482725	ttl	2	72	n/a	n/a	n/a	n/a	n/a	n/a	n/a	n/a	n/a	n/a	n/a	n/a	n/a	n/a	n/a	n/a	n/a	n/a	n/a	n/a	n/a	2413.622840	n/a
2414.203747	0.000000	482841	ttl	4	72	n/a	n/a	n/a	n/a	n/a	n/a	n/a	n/a	n/a	n/a	n/a	n/a	n/a	n/a	n/a	n/a	n/a	n/a	n/a	n/a	n/a	2414.203747	n/a
2414.210052	0.000000	482842	ttl	11	72	n/a	n/a	n/a	n/a	n/a	n/a	n/a	n/a	n/a	n/a	n/a	n/a	n/a	n/a	n/a	n/a	n/a	n/a	n/a	n/a	n/a	2414.210052	n/a
2414.693366	2.033517	482939	time_discrimination	n/a	n/a	n/a	72.0	n/a	n/a	n/a	2414.210052	n/a	0.5632219977287605	1.0	1	3.0	NB_26_ShortA.png	n/a	2	2417.29010475	n/a	105	1	2	intervals/timediscrimination_table	104	2414.693366	2416.726883
2414.693366	0.000000	482939	ttl	1	72	n/a	n/a	n/a	n/a	n/a	n/a	n/a	n/a	n/a	n/a	n/a	n/a	n/a	n/a	n/a	n/a	n/a	n/a	n/a	n/a	n/a	2414.693366	n/a
2416.726883	0.000000	483345	ttl	2	72	n/a	n/a	n/a	n/a	n/a	n/a	n/a	n/a	n/a	n/a	n/a	n/a	n/a	n/a	n/a	n/a	n/a	n/a	n/a	n/a	n/a	2416.726883	n/a
2417.290105	0.000000	483458	ttl	4	72	n/a	n/a	n/a	n/a	n/a	n/a	n/a	n/a	n/a	n/a	n/a	n/a	n/a	n/a	n/a	n/a	n/a	n/a	n/a	n/a	n/a	2417.290105	n/a
2417.298896	0.000000	483460	ttl	11	72	n/a	n/a	n/a	n/a	n/a	n/a	n/a	n/a	n/a	n/a	n/a	n/a	n/a	n/a	n/a	n/a	n/a	n/a	n/a	n/a	n/a	2417.298896	n/a
2417.798802	2.033628	483560	time_discrimination	n/a	n/a	n/a	72.0	n/a	n/a	n/a	2417.2988965	n/a	0.29244135986300535	2.0	1	3.0	NB_8_ShortA.png	n/a	7	2420.12487175	n/a	106	2	2	intervals/timediscrimination_table	105	2417.798802	2419.832430
2417.798802	0.000000	483560	ttl	1	72	n/a	n/a	n/a	n/a	n/a	n/a	n/a	n/a	n/a	n/a	n/a	n/a	n/a	n/a	n/a	n/a	n/a	n/a	n/a	n/a	n/a	2417.798802	n/a
2419.832430	0.000000	483966	ttl	2	72	n/a	n/a	n/a	n/a	n/a	n/a	n/a	n/a	n/a	n/a	n/a	n/a	n/a	n/a	n/a	n/a	n/a	n/a	n/a	n/a	n/a	2419.832430	n/a
2420.124872	0.000000	484025	ttl	4	72	n/a	n/a	n/a	n/a	n/a	n/a	n/a	n/a	n/a	n/a	n/a	n/a	n/a	n/a	n/a	n/a	n/a	n/a	n/a	n/a	n/a	2420.124872	n/a
2420.136080	0.000000	484027	ttl	11	72	n/a	n/a	n/a	n/a	n/a	n/a	n/a	n/a	n/a	n/a	n/a	n/a	n/a	n/a	n/a	n/a	n/a	n/a	n/a	n/a	n/a	2420.136080	n/a
2420.736030	2.033602	484147	time_discrimination	n/a	n/a	n/a	72.0	n/a	n/a	n/a	2420.1360795	n/a	2.3535658831151522	1.0	3	3.0	HB_41_ShortA.png	n/a	2	2425.1231977499997	n/a	107	1	2	intervals/timediscrimination_table	106	2420.736030	2422.769632
2420.736030	0.000000	484147	ttl	1	72	n/a	n/a	n/a	n/a	n/a	n/a	n/a	n/a	n/a	n/a	n/a	n/a	n/a	n/a	n/a	n/a	n/a	n/a	n/a	n/a	n/a	2420.736030	n/a
2422.769632	0.000000	484554	ttl	2	72	n/a	n/a	n/a	n/a	n/a	n/a	n/a	n/a	n/a	n/a	n/a	n/a	n/a	n/a	n/a	n/a	n/a	n/a	n/a	n/a	n/a	2422.769632	n/a
2425.123198	0.000000	485025	ttl	4	72	n/a	n/a	n/a	n/a	n/a	n/a	n/a	n/a	n/a	n/a	n/a	n/a	n/a	n/a	n/a	n/a	n/a	n/a	n/a	n/a	n/a	2425.123198	n/a
2425.132953	0.000000	485027	ttl	11	72	n/a	n/a	n/a	n/a	n/a	n/a	n/a	n/a	n/a	n/a	n/a	n/a	n/a	n/a	n/a	n/a	n/a	n/a	n/a	n/a	n/a	2425.132953	n/a
2425.649555	2.033485	485130	time_discrimination	n/a	n/a	n/a	72.0	n/a	n/a	n/a	2425.13295325	n/a	0.5816408194514224	1.0	2	3.0	SB_14_LongA.png	n/a	2	2428.26468075	n/a	108	1	2	intervals/timediscrimination_table	107	2425.649555	2427.683040
2425.649555	0.000000	485130	ttl	1	72	n/a	n/a	n/a	n/a	n/a	n/a	n/a	n/a	n/a	n/a	n/a	n/a	n/a	n/a	n/a	n/a	n/a	n/a	n/a	n/a	n/a	2425.649555	n/a
2427.683040	0.000000	485537	ttl	2	72	n/a	n/a	n/a	n/a	n/a	n/a	n/a	n/a	n/a	n/a	n/a	n/a	n/a	n/a	n/a	n/a	n/a	n/a	n/a	n/a	n/a	2427.683040	n/a
2428.264681	0.000000	485653	ttl	4	72	n/a	n/a	n/a	n/a	n/a	n/a	n/a	n/a	n/a	n/a	n/a	n/a	n/a	n/a	n/a	n/a	n/a	n/a	n/a	n/a	n/a	2428.264681	n/a
2428.270299	0.000000	485654	ttl	11	72	n/a	n/a	n/a	n/a	n/a	n/a	n/a	n/a	n/a	n/a	n/a	n/a	n/a	n/a	n/a	n/a	n/a	n/a	n/a	n/a	n/a	2428.270299	n/a
2428.870272	2.033494	485774	time_discrimination	n/a	n/a	n/a	72.0	n/a	n/a	n/a	2428.2702987499997	n/a	0.4821348465993651	2.0	1	2.0	NB_2_LongA.png	n/a	6	2431.38590075	n/a	109	2	2	intervals/timediscrimination_table	108	2428.870272	2430.903766
2428.870272	0.000000	485774	ttl	1	72	n/a	n/a	n/a	n/a	n/a	n/a	n/a	n/a	n/a	n/a	n/a	n/a	n/a	n/a	n/a	n/a	n/a	n/a	n/a	n/a	n/a	2428.870272	n/a
2430.903766	0.000000	486181	ttl	2	72	n/a	n/a	n/a	n/a	n/a	n/a	n/a	n/a	n/a	n/a	n/a	n/a	n/a	n/a	n/a	n/a	n/a	n/a	n/a	n/a	n/a	2430.903766	n/a
2431.385901	0.000000	486277	ttl	4	72	n/a	n/a	n/a	n/a	n/a	n/a	n/a	n/a	n/a	n/a	n/a	n/a	n/a	n/a	n/a	n/a	n/a	n/a	n/a	n/a	n/a	2431.385901	n/a
2431.392654	0.000000	486279	ttl	11	72	n/a	n/a	n/a	n/a	n/a	n/a	n/a	n/a	n/a	n/a	n/a	n/a	n/a	n/a	n/a	n/a	n/a	n/a	n/a	n/a	n/a	2431.392654	n/a
2431.925757	2.033670	486385	time_discrimination	n/a	n/a	n/a	72.0	n/a	n/a	n/a	2431.3926545	n/a	0.8224610303168447	2.0	3	1.0	HB_25_LongA.png	n/a	4	2434.78188875	n/a	110	1	1	intervals/timediscrimination_table	109	2431.925757	2433.959428
2431.925757	0.000000	486385	ttl	1	72	n/a	n/a	n/a	n/a	n/a	n/a	n/a	n/a	n/a	n/a	n/a	n/a	n/a	n/a	n/a	n/a	n/a	n/a	n/a	n/a	n/a	2431.925757	n/a
2433.959428	0.000000	486792	ttl	2	72	n/a	n/a	n/a	n/a	n/a	n/a	n/a	n/a	n/a	n/a	n/a	n/a	n/a	n/a	n/a	n/a	n/a	n/a	n/a	n/a	n/a	2433.959428	n/a
2434.781889	0.000000	486956	ttl	4	72	n/a	n/a	n/a	n/a	n/a	n/a	n/a	n/a	n/a	n/a	n/a	n/a	n/a	n/a	n/a	n/a	n/a	n/a	n/a	n/a	n/a	2434.781889	n/a
2434.797511	0.000000	486960	ttl	11	72	n/a	n/a	n/a	n/a	n/a	n/a	n/a	n/a	n/a	n/a	n/a	n/a	n/a	n/a	n/a	n/a	n/a	n/a	n/a	n/a	n/a	2434.797511	n/a
2435.330732	2.033430	487066	time_discrimination	n/a	n/a	n/a	72.0	n/a	n/a	n/a	2434.79751125	n/a	1.7793355447647627	2.0	2	3.0	SB_47_ShortA.png	n/a	2	2439.14349775	n/a	111	1	1	intervals/timediscrimination_table	110	2435.330732	2437.364162
2435.330732	0.000000	487066	ttl	1	72	n/a	n/a	n/a	n/a	n/a	n/a	n/a	n/a	n/a	n/a	n/a	n/a	n/a	n/a	n/a	n/a	n/a	n/a	n/a	n/a	n/a	2435.330732	n/a
2437.364162	0.000000	487473	ttl	2	72	n/a	n/a	n/a	n/a	n/a	n/a	n/a	n/a	n/a	n/a	n/a	n/a	n/a	n/a	n/a	n/a	n/a	n/a	n/a	n/a	n/a	2437.364162	n/a
2439.143498	0.000000	487829	ttl	4	72	n/a	n/a	n/a	n/a	n/a	n/a	n/a	n/a	n/a	n/a	n/a	n/a	n/a	n/a	n/a	n/a	n/a	n/a	n/a	n/a	n/a	2439.143498	n/a
2439.150715	0.000000	487830	ttl	11	72	n/a	n/a	n/a	n/a	n/a	n/a	n/a	n/a	n/a	n/a	n/a	n/a	n/a	n/a	n/a	n/a	n/a	n/a	n/a	n/a	n/a	2439.150715	n/a
2439.684047	2.033615	487937	time_discrimination	n/a	n/a	n/a	72.0	n/a	n/a	n/a	2439.1507145	n/a	0.45607674292477896	1.0	2	2.0	SB_43_ShortA.png	n/a	6	2442.1737395	n/a	112	2	1	intervals/timediscrimination_table	111	2439.684047	2441.717663
2439.684047	0.000000	487937	ttl	1	72	n/a	n/a	n/a	n/a	n/a	n/a	n/a	n/a	n/a	n/a	n/a	n/a	n/a	n/a	n/a	n/a	n/a	n/a	n/a	n/a	n/a	2439.684047	n/a
2441.717663	0.000000	488344	ttl	2	72	n/a	n/a	n/a	n/a	n/a	n/a	n/a	n/a	n/a	n/a	n/a	n/a	n/a	n/a	n/a	n/a	n/a	n/a	n/a	n/a	n/a	2441.717663	n/a
2442.173740	0.000000	488435	ttl	4	72	n/a	n/a	n/a	n/a	n/a	n/a	n/a	n/a	n/a	n/a	n/a	n/a	n/a	n/a	n/a	n/a	n/a	n/a	n/a	n/a	n/a	2442.173740	n/a
2442.181950	0.000000	488436	ttl	11	72	n/a	n/a	n/a	n/a	n/a	n/a	n/a	n/a	n/a	n/a	n/a	n/a	n/a	n/a	n/a	n/a	n/a	n/a	n/a	n/a	n/a	2442.181950	n/a
2442.715177	2.033314	488543	time_discrimination	n/a	n/a	n/a	72.0	n/a	n/a	n/a	2442.1819502499998	n/a	1.877981687484862	2.0	1	2.0	NB_7_ShortA.png	n/a	6	2446.626473	n/a	113	2	2	intervals/timediscrimination_table	112	2442.715177	2444.748491
2442.715177	0.000000	488543	ttl	1	72	n/a	n/a	n/a	n/a	n/a	n/a	n/a	n/a	n/a	n/a	n/a	n/a	n/a	n/a	n/a	n/a	n/a	n/a	n/a	n/a	n/a	2442.715177	n/a
2444.748491	0.000000	488950	ttl	2	72	n/a	n/a	n/a	n/a	n/a	n/a	n/a	n/a	n/a	n/a	n/a	n/a	n/a	n/a	n/a	n/a	n/a	n/a	n/a	n/a	n/a	2444.748491	n/a
2446.626473	0.000000	489325	ttl	4	72	n/a	n/a	n/a	n/a	n/a	n/a	n/a	n/a	n/a	n/a	n/a	n/a	n/a	n/a	n/a	n/a	n/a	n/a	n/a	n/a	n/a	2446.626473	n/a
2446.644671	0.000000	489329	ttl	11	72	n/a	n/a	n/a	n/a	n/a	n/a	n/a	n/a	n/a	n/a	n/a	n/a	n/a	n/a	n/a	n/a	n/a	n/a	n/a	n/a	n/a	2446.644671	n/a
2447.244565	2.033397	489449	time_discrimination	n/a	n/a	n/a	72.0	n/a	n/a	n/a	2446.64467125	n/a	0.9163226300606766	1.0	1	3.0	NB_21_LongA.png	n/a	2	2450.19428425	n/a	114	1	2	intervals/timediscrimination_table	113	2447.244565	2449.277962
2447.244565	0.000000	489449	ttl	1	72	n/a	n/a	n/a	n/a	n/a	n/a	n/a	n/a	n/a	n/a	n/a	n/a	n/a	n/a	n/a	n/a	n/a	n/a	n/a	n/a	n/a	2447.244565	n/a
2449.277962	0.000000	489856	ttl	2	72	n/a	n/a	n/a	n/a	n/a	n/a	n/a	n/a	n/a	n/a	n/a	n/a	n/a	n/a	n/a	n/a	n/a	n/a	n/a	n/a	n/a	2449.277962	n/a
2450.194284	0.000000	490039	ttl	4	72	n/a	n/a	n/a	n/a	n/a	n/a	n/a	n/a	n/a	n/a	n/a	n/a	n/a	n/a	n/a	n/a	n/a	n/a	n/a	n/a	n/a	2450.194284	n/a
2450.211487	0.000000	490042	ttl	11	72	n/a	n/a	n/a	n/a	n/a	n/a	n/a	n/a	n/a	n/a	n/a	n/a	n/a	n/a	n/a	n/a	n/a	n/a	n/a	n/a	n/a	2450.211487	n/a
2450.744903	2.033522	490149	time_discrimination	n/a	n/a	n/a	72.0	n/a	n/a	n/a	2450.2114872499997	n/a	0.2596138985500147	1.0	1	3.0	NB_12_LongA.png	n/a	2	2453.0380385	n/a	115	1	2	intervals/timediscrimination_table	114	2450.744903	2452.778424
2450.744903	0.000000	490149	ttl	1	72	n/a	n/a	n/a	n/a	n/a	n/a	n/a	n/a	n/a	n/a	n/a	n/a	n/a	n/a	n/a	n/a	n/a	n/a	n/a	n/a	n/a	2450.744903	n/a
2452.778424	0.000000	490556	ttl	2	72	n/a	n/a	n/a	n/a	n/a	n/a	n/a	n/a	n/a	n/a	n/a	n/a	n/a	n/a	n/a	n/a	n/a	n/a	n/a	n/a	n/a	2452.778424	n/a
2453.038038	0.000000	490608	ttl	4	72	n/a	n/a	n/a	n/a	n/a	n/a	n/a	n/a	n/a	n/a	n/a	n/a	n/a	n/a	n/a	n/a	n/a	n/a	n/a	n/a	n/a	2453.038038	n/a
2453.052241	0.000000	490610	ttl	11	72	n/a	n/a	n/a	n/a	n/a	n/a	n/a	n/a	n/a	n/a	n/a	n/a	n/a	n/a	n/a	n/a	n/a	n/a	n/a	n/a	n/a	2453.052241	n/a
2453.568767	2.033495	490714	time_discrimination	n/a	n/a	n/a	72.0	n/a	n/a	n/a	2453.052241	n/a	0.7156308270423324	2.0	3	3.0	HB_40_ShortA.png	n/a	2	2456.3178924999997	n/a	116	1	1	intervals/timediscrimination_table	115	2453.568767	2455.602262
2453.568767	0.000000	490714	ttl	1	72	n/a	n/a	n/a	n/a	n/a	n/a	n/a	n/a	n/a	n/a	n/a	n/a	n/a	n/a	n/a	n/a	n/a	n/a	n/a	n/a	n/a	2453.568767	n/a
2455.602262	0.000000	491120	ttl	2	72	n/a	n/a	n/a	n/a	n/a	n/a	n/a	n/a	n/a	n/a	n/a	n/a	n/a	n/a	n/a	n/a	n/a	n/a	n/a	n/a	n/a	2455.602262	n/a
2456.317892	0.000000	491264	ttl	4	72	n/a	n/a	n/a	n/a	n/a	n/a	n/a	n/a	n/a	n/a	n/a	n/a	n/a	n/a	n/a	n/a	n/a	n/a	n/a	n/a	n/a	2456.317892	n/a
2456.330959	0.000000	491266	ttl	11	72	n/a	n/a	n/a	n/a	n/a	n/a	n/a	n/a	n/a	n/a	n/a	n/a	n/a	n/a	n/a	n/a	n/a	n/a	n/a	n/a	n/a	2456.330959	n/a
2456.814122	2.033539	491363	time_discrimination	n/a	n/a	n/a	72.0	n/a	n/a	n/a	2456.33095925	n/a	0.6104187456949148	1.0	1	2.0	NB_14_ShortA.png	n/a	6	2459.458079	n/a	117	2	1	intervals/timediscrimination_table	116	2456.814122	2458.847660
2456.814122	0.000000	491363	ttl	1	72	n/a	n/a	n/a	n/a	n/a	n/a	n/a	n/a	n/a	n/a	n/a	n/a	n/a	n/a	n/a	n/a	n/a	n/a	n/a	n/a	n/a	2456.814122	n/a
2458.847660	0.000000	491770	ttl	2	72	n/a	n/a	n/a	n/a	n/a	n/a	n/a	n/a	n/a	n/a	n/a	n/a	n/a	n/a	n/a	n/a	n/a	n/a	n/a	n/a	n/a	2458.847660	n/a
2459.458079	0.000000	491892	ttl	4	72	n/a	n/a	n/a	n/a	n/a	n/a	n/a	n/a	n/a	n/a	n/a	n/a	n/a	n/a	n/a	n/a	n/a	n/a	n/a	n/a	n/a	2459.458079	n/a
2459.471020	0.000000	491894	ttl	11	72	n/a	n/a	n/a	n/a	n/a	n/a	n/a	n/a	n/a	n/a	n/a	n/a	n/a	n/a	n/a	n/a	n/a	n/a	n/a	n/a	n/a	2459.471020	n/a
2460.054300	2.033518	492011	time_discrimination	n/a	n/a	n/a	72.0	n/a	n/a	n/a	2459.47102	n/a	1.3763073804930173	1.0	2	3.0	SB_39_LongA.png	n/a	7	2463.46412525	n/a	118	2	1	intervals/timediscrimination_table	117	2460.054300	2462.087818
2460.054300	0.000000	492011	ttl	1	72	n/a	n/a	n/a	n/a	n/a	n/a	n/a	n/a	n/a	n/a	n/a	n/a	n/a	n/a	n/a	n/a	n/a	n/a	n/a	n/a	n/a	2460.054300	n/a
2462.087818	0.000000	492418	ttl	2	72	n/a	n/a	n/a	n/a	n/a	n/a	n/a	n/a	n/a	n/a	n/a	n/a	n/a	n/a	n/a	n/a	n/a	n/a	n/a	n/a	n/a	2462.087818	n/a
2463.464125	0.000000	492693	ttl	4	72	n/a	n/a	n/a	n/a	n/a	n/a	n/a	n/a	n/a	n/a	n/a	n/a	n/a	n/a	n/a	n/a	n/a	n/a	n/a	n/a	n/a	2463.464125	n/a
2463.478847	0.000000	492696	ttl	11	72	n/a	n/a	n/a	n/a	n/a	n/a	n/a	n/a	n/a	n/a	n/a	n/a	n/a	n/a	n/a	n/a	n/a	n/a	n/a	n/a	n/a	2463.478847	n/a
2464.045395	2.033631	492809	time_discrimination	n/a	n/a	n/a	72.0	n/a	n/a	n/a	2463.478847	n/a	1.9878826308540738	1.0	3	1.0	HB_53_ShortA.png	n/a	5	2468.0669092499998	n/a	119	2	1	intervals/timediscrimination_table	118	2464.045395	2466.079027
2464.045395	0.000000	492809	ttl	1	72	n/a	n/a	n/a	n/a	n/a	n/a	n/a	n/a	n/a	n/a	n/a	n/a	n/a	n/a	n/a	n/a	n/a	n/a	n/a	n/a	n/a	2464.045395	n/a
2466.079027	0.000000	493216	ttl	2	72	n/a	n/a	n/a	n/a	n/a	n/a	n/a	n/a	n/a	n/a	n/a	n/a	n/a	n/a	n/a	n/a	n/a	n/a	n/a	n/a	n/a	2466.079027	n/a
2468.066909	0.000000	493613	ttl	4	72	n/a	n/a	n/a	n/a	n/a	n/a	n/a	n/a	n/a	n/a	n/a	n/a	n/a	n/a	n/a	n/a	n/a	n/a	n/a	n/a	n/a	2468.066909	n/a
2468.077231	0.000000	493615	ttl	11	72	n/a	n/a	n/a	n/a	n/a	n/a	n/a	n/a	n/a	n/a	n/a	n/a	n/a	n/a	n/a	n/a	n/a	n/a	n/a	n/a	n/a	2468.077231	n/a
2468.643870	2.033392	493729	time_discrimination	n/a	n/a	n/a	72.0	n/a	n/a	n/a	2468.0772309999998	n/a	0.34646172253997065	1.0	3	2.0	HB_34_ShortA.png	n/a	3	2471.0237239999997	n/a	120	1	2	intervals/timediscrimination_table	119	2468.643870	2470.677262
2468.643870	0.000000	493729	ttl	1	72	n/a	n/a	n/a	n/a	n/a	n/a	n/a	n/a	n/a	n/a	n/a	n/a	n/a	n/a	n/a	n/a	n/a	n/a	n/a	n/a	n/a	2468.643870	n/a
2470.677262	0.000000	494135	ttl	2	72	n/a	n/a	n/a	n/a	n/a	n/a	n/a	n/a	n/a	n/a	n/a	n/a	n/a	n/a	n/a	n/a	n/a	n/a	n/a	n/a	n/a	2470.677262	n/a
2471.023724	0.000000	494205	ttl	4	72	n/a	n/a	n/a	n/a	n/a	n/a	n/a	n/a	n/a	n/a	n/a	n/a	n/a	n/a	n/a	n/a	n/a	n/a	n/a	n/a	n/a	2471.023724	n/a
2471.040443	0.000000	494208	ttl	11	72	n/a	n/a	n/a	n/a	n/a	n/a	n/a	n/a	n/a	n/a	n/a	n/a	n/a	n/a	n/a	n/a	n/a	n/a	n/a	n/a	n/a	2471.040443	n/a
2471.573711	2.033434	494315	time_discrimination	n/a	n/a	n/a	72.0	n/a	n/a	n/a	2471.04044325	n/a	0.015956631481458317	1.0	2	2.0	SB_9_ShortA.png	n/a	6	2473.62310225	n/a	121	2	1	intervals/timediscrimination_table	120	2471.573711	2473.607146
2471.573711	0.000000	494315	ttl	1	72	n/a	n/a	n/a	n/a	n/a	n/a	n/a	n/a	n/a	n/a	n/a	n/a	n/a	n/a	n/a	n/a	n/a	n/a	n/a	n/a	n/a	2471.573711	n/a
2473.607146	0.000000	494721	ttl	2	72	n/a	n/a	n/a	n/a	n/a	n/a	n/a	n/a	n/a	n/a	n/a	n/a	n/a	n/a	n/a	n/a	n/a	n/a	n/a	n/a	n/a	2473.607146	n/a
2473.623102	0.000000	494725	ttl	4	72	n/a	n/a	n/a	n/a	n/a	n/a	n/a	n/a	n/a	n/a	n/a	n/a	n/a	n/a	n/a	n/a	n/a	n/a	n/a	n/a	n/a	2473.623102	n/a
2473.626146	0.000000	494725	ttl	11	72	n/a	n/a	n/a	n/a	n/a	n/a	n/a	n/a	n/a	n/a	n/a	n/a	n/a	n/a	n/a	n/a	n/a	n/a	n/a	n/a	n/a	2473.626146	n/a
2474.142782	2.033444	494829	time_discrimination	n/a	n/a	n/a	72.0	n/a	n/a	n/a	2473.62614575	n/a	0.6429477709843923	2.0	2	3.0	SB_8_ShortA.png	n/a	7	2476.8191737499997	n/a	122	2	2	intervals/timediscrimination_table	121	2474.142782	2476.176226
2474.142782	0.000000	494829	ttl	1	72	n/a	n/a	n/a	n/a	n/a	n/a	n/a	n/a	n/a	n/a	n/a	n/a	n/a	n/a	n/a	n/a	n/a	n/a	n/a	n/a	n/a	2474.142782	n/a
2476.176226	0.000000	495235	ttl	2	72	n/a	n/a	n/a	n/a	n/a	n/a	n/a	n/a	n/a	n/a	n/a	n/a	n/a	n/a	n/a	n/a	n/a	n/a	n/a	n/a	n/a	2476.176226	n/a
2476.819174	0.000000	495364	ttl	4	72	n/a	n/a	n/a	n/a	n/a	n/a	n/a	n/a	n/a	n/a	n/a	n/a	n/a	n/a	n/a	n/a	n/a	n/a	n/a	n/a	n/a	2476.819174	n/a
2476.837450	0.000000	495367	ttl	11	72	n/a	n/a	n/a	n/a	n/a	n/a	n/a	n/a	n/a	n/a	n/a	n/a	n/a	n/a	n/a	n/a	n/a	n/a	n/a	n/a	n/a	2476.837450	n/a
2477.337377	2.033373	495467	time_discrimination	n/a	n/a	n/a	72.0	n/a	n/a	n/a	2476.83745	n/a	1.1208884408624726	1.0	3	2.0	HB_59_LongA.png	n/a	6	2480.4916384999997	n/a	123	2	1	intervals/timediscrimination_table	122	2477.337377	2479.370750
2477.337377	0.000000	495467	ttl	1	72	n/a	n/a	n/a	n/a	n/a	n/a	n/a	n/a	n/a	n/a	n/a	n/a	n/a	n/a	n/a	n/a	n/a	n/a	n/a	n/a	n/a	2477.337377	n/a
2479.370750	0.000000	495874	ttl	2	72	n/a	n/a	n/a	n/a	n/a	n/a	n/a	n/a	n/a	n/a	n/a	n/a	n/a	n/a	n/a	n/a	n/a	n/a	n/a	n/a	n/a	2479.370750	n/a
2480.491638	0.000000	496098	ttl	4	72	n/a	n/a	n/a	n/a	n/a	n/a	n/a	n/a	n/a	n/a	n/a	n/a	n/a	n/a	n/a	n/a	n/a	n/a	n/a	n/a	n/a	2480.491638	n/a
2480.505386	0.000000	496101	ttl	11	72	n/a	n/a	n/a	n/a	n/a	n/a	n/a	n/a	n/a	n/a	n/a	n/a	n/a	n/a	n/a	n/a	n/a	n/a	n/a	n/a	n/a	2480.505386	n/a
2481.055372	2.033534	496211	time_discrimination	n/a	n/a	n/a	72.0	n/a	n/a	n/a	2480.5053855	n/a	1.1088464893437049	2.0	3	1.0	HB_15_ShortA.png	n/a	4	2484.19775275	n/a	124	1	1	intervals/timediscrimination_table	123	2481.055372	2483.088906
2481.055372	0.000000	496211	ttl	1	72	n/a	n/a	n/a	n/a	n/a	n/a	n/a	n/a	n/a	n/a	n/a	n/a	n/a	n/a	n/a	n/a	n/a	n/a	n/a	n/a	n/a	2481.055372	n/a
2483.088906	0.000000	496618	ttl	2	72	n/a	n/a	n/a	n/a	n/a	n/a	n/a	n/a	n/a	n/a	n/a	n/a	n/a	n/a	n/a	n/a	n/a	n/a	n/a	n/a	n/a	2483.088906	n/a
2484.197753	0.000000	496840	ttl	4	72	n/a	n/a	n/a	n/a	n/a	n/a	n/a	n/a	n/a	n/a	n/a	n/a	n/a	n/a	n/a	n/a	n/a	n/a	n/a	n/a	n/a	2484.197753	n/a
2484.206028	0.000000	496841	ttl	11	72	n/a	n/a	n/a	n/a	n/a	n/a	n/a	n/a	n/a	n/a	n/a	n/a	n/a	n/a	n/a	n/a	n/a	n/a	n/a	n/a	n/a	2484.206028	n/a
2484.722716	2.033611	496945	time_discrimination	n/a	n/a	n/a	72.0	n/a	n/a	n/a	2484.2060282499997	n/a	0.6851408113780053	2.0	3	2.0	HB_30_ShortA.png	n/a	6	2487.44146825	n/a	125	2	2	intervals/timediscrimination_table	124	2484.722716	2486.756327
2484.722716	0.000000	496945	ttl	1	72	n/a	n/a	n/a	n/a	n/a	n/a	n/a	n/a	n/a	n/a	n/a	n/a	n/a	n/a	n/a	n/a	n/a	n/a	n/a	n/a	n/a	2484.722716	n/a
2486.756327	0.000000	497351	ttl	2	72	n/a	n/a	n/a	n/a	n/a	n/a	n/a	n/a	n/a	n/a	n/a	n/a	n/a	n/a	n/a	n/a	n/a	n/a	n/a	n/a	n/a	2486.756327	n/a
2487.441468	0.000000	497488	ttl	4	72	n/a	n/a	n/a	n/a	n/a	n/a	n/a	n/a	n/a	n/a	n/a	n/a	n/a	n/a	n/a	n/a	n/a	n/a	n/a	n/a	n/a	2487.441468	n/a
2487.457778	0.000000	497492	ttl	11	72	n/a	n/a	n/a	n/a	n/a	n/a	n/a	n/a	n/a	n/a	n/a	n/a	n/a	n/a	n/a	n/a	n/a	n/a	n/a	n/a	n/a	2487.457778	n/a
2488.007775	2.033602	497602	time_discrimination	n/a	n/a	n/a	72.0	n/a	n/a	n/a	2487.457778	n/a	1.6960701629941468	1.0	1	3.0	NB_27_LongA.png	n/a	2	2491.7374474999997	n/a	126	1	2	intervals/timediscrimination_table	125	2488.007775	2490.041377
2488.007775	0.000000	497602	ttl	1	72	n/a	n/a	n/a	n/a	n/a	n/a	n/a	n/a	n/a	n/a	n/a	n/a	n/a	n/a	n/a	n/a	n/a	n/a	n/a	n/a	n/a	2488.007775	n/a
2490.041377	0.000000	498008	ttl	2	72	n/a	n/a	n/a	n/a	n/a	n/a	n/a	n/a	n/a	n/a	n/a	n/a	n/a	n/a	n/a	n/a	n/a	n/a	n/a	n/a	n/a	2490.041377	n/a
2491.737447	0.000000	498347	ttl	4	72	n/a	n/a	n/a	n/a	n/a	n/a	n/a	n/a	n/a	n/a	n/a	n/a	n/a	n/a	n/a	n/a	n/a	n/a	n/a	n/a	n/a	2491.737447	n/a
2491.746778	0.000000	498349	ttl	11	72	n/a	n/a	n/a	n/a	n/a	n/a	n/a	n/a	n/a	n/a	n/a	n/a	n/a	n/a	n/a	n/a	n/a	n/a	n/a	n/a	n/a	2491.746778	n/a
2492.279951	2.033454	498456	time_discrimination	n/a	n/a	n/a	72.0	n/a	n/a	n/a	2491.74677825	n/a	0.653144589268777	2.0	2	3.0	SB_19_ShortA.png	n/a	7	2494.9665502499997	n/a	127	2	2	intervals/timediscrimination_table	126	2492.279951	2494.313406
2492.279951	0.000000	498456	ttl	1	72	n/a	n/a	n/a	n/a	n/a	n/a	n/a	n/a	n/a	n/a	n/a	n/a	n/a	n/a	n/a	n/a	n/a	n/a	n/a	n/a	n/a	2492.279951	n/a
2494.313406	0.000000	498863	ttl	2	72	n/a	n/a	n/a	n/a	n/a	n/a	n/a	n/a	n/a	n/a	n/a	n/a	n/a	n/a	n/a	n/a	n/a	n/a	n/a	n/a	n/a	2494.313406	n/a
2494.966550	0.000000	498993	ttl	4	72	n/a	n/a	n/a	n/a	n/a	n/a	n/a	n/a	n/a	n/a	n/a	n/a	n/a	n/a	n/a	n/a	n/a	n/a	n/a	n/a	n/a	2494.966550	n/a
2494.978795	0.000000	498996	ttl	11	72	n/a	n/a	n/a	n/a	n/a	n/a	n/a	n/a	n/a	n/a	n/a	n/a	n/a	n/a	n/a	n/a	n/a	n/a	n/a	n/a	n/a	2494.978795	n/a
2495.578606	2.033618	499116	time_discrimination	n/a	n/a	n/a	72.0	n/a	n/a	n/a	2494.978795	n/a	2.1073660530673806	2.0	3	3.0	HB_51_LongA.png	n/a	7	2499.7195905	n/a	128	2	2	intervals/timediscrimination_table	127	2495.578606	2497.612224
2495.578606	0.000000	499116	ttl	1	72	n/a	n/a	n/a	n/a	n/a	n/a	n/a	n/a	n/a	n/a	n/a	n/a	n/a	n/a	n/a	n/a	n/a	n/a	n/a	n/a	n/a	2495.578606	n/a
2497.612224	0.000000	499522	ttl	2	72	n/a	n/a	n/a	n/a	n/a	n/a	n/a	n/a	n/a	n/a	n/a	n/a	n/a	n/a	n/a	n/a	n/a	n/a	n/a	n/a	n/a	2497.612224	n/a
2499.719590	0.000000	499944	ttl	4	72	n/a	n/a	n/a	n/a	n/a	n/a	n/a	n/a	n/a	n/a	n/a	n/a	n/a	n/a	n/a	n/a	n/a	n/a	n/a	n/a	n/a	2499.719590	n/a
2499.728770	0.000000	499946	ttl	11	72	n/a	n/a	n/a	n/a	n/a	n/a	n/a	n/a	n/a	n/a	n/a	n/a	n/a	n/a	n/a	n/a	n/a	n/a	n/a	n/a	n/a	2499.728770	n/a
2500.295291	2.033437	500059	time_discrimination	n/a	n/a	n/a	72.0	n/a	n/a	n/a	2499.7287699999997	n/a	1.4741600736870168	2.0	3	1.0	HB_44_ShortA.png	n/a	4	2503.8028885	n/a	129	1	1	intervals/timediscrimination_table	128	2500.295291	2502.328728
2500.295291	0.000000	500059	ttl	1	72	n/a	n/a	n/a	n/a	n/a	n/a	n/a	n/a	n/a	n/a	n/a	n/a	n/a	n/a	n/a	n/a	n/a	n/a	n/a	n/a	n/a	2500.295291	n/a
2502.328728	0.000000	500466	ttl	2	72	n/a	n/a	n/a	n/a	n/a	n/a	n/a	n/a	n/a	n/a	n/a	n/a	n/a	n/a	n/a	n/a	n/a	n/a	n/a	n/a	n/a	2502.328728	n/a
2503.802888	0.000000	500761	ttl	4	72	n/a	n/a	n/a	n/a	n/a	n/a	n/a	n/a	n/a	n/a	n/a	n/a	n/a	n/a	n/a	n/a	n/a	n/a	n/a	n/a	n/a	2503.802888	n/a
2503.815354	0.000000	500763	ttl	11	72	n/a	n/a	n/a	n/a	n/a	n/a	n/a	n/a	n/a	n/a	n/a	n/a	n/a	n/a	n/a	n/a	n/a	n/a	n/a	n/a	n/a	2503.815354	n/a
2504.382018	2.033598	500876	time_discrimination	n/a	n/a	n/a	72.0	n/a	n/a	n/a	2503.815354	n/a	1.950760705753055	2.0	3	2.0	HB_27_ShortA.png	n/a	6	2508.366376	n/a	130	2	2	intervals/timediscrimination_table	129	2504.382018	2506.415615
2504.382018	0.000000	500876	ttl	1	72	n/a	n/a	n/a	n/a	n/a	n/a	n/a	n/a	n/a	n/a	n/a	n/a	n/a	n/a	n/a	n/a	n/a	n/a	n/a	n/a	n/a	2504.382018	n/a
2506.415615	0.000000	501283	ttl	2	72	n/a	n/a	n/a	n/a	n/a	n/a	n/a	n/a	n/a	n/a	n/a	n/a	n/a	n/a	n/a	n/a	n/a	n/a	n/a	n/a	n/a	2506.415615	n/a
2508.366376	0.000000	501673	ttl	4	72	n/a	n/a	n/a	n/a	n/a	n/a	n/a	n/a	n/a	n/a	n/a	n/a	n/a	n/a	n/a	n/a	n/a	n/a	n/a	n/a	n/a	2508.366376	n/a
2508.370199	0.000000	501674	ttl	11	72	n/a	n/a	n/a	n/a	n/a	n/a	n/a	n/a	n/a	n/a	n/a	n/a	n/a	n/a	n/a	n/a	n/a	n/a	n/a	n/a	n/a	2508.370199	n/a
2508.953472	2.033585	501791	time_discrimination	n/a	n/a	n/a	72.0	n/a	n/a	n/a	2508.3701994999997	n/a	0.6610924971464556	2.0	3	2.0	HB_58_ShortA.png	n/a	3	2511.6481495	n/a	131	1	1	intervals/timediscrimination_table	130	2508.953472	2510.987057
2508.953472	0.000000	501791	ttl	1	72	n/a	n/a	n/a	n/a	n/a	n/a	n/a	n/a	n/a	n/a	n/a	n/a	n/a	n/a	n/a	n/a	n/a	n/a	n/a	n/a	n/a	2508.953472	n/a
2510.987057	0.000000	502197	ttl	2	72	n/a	n/a	n/a	n/a	n/a	n/a	n/a	n/a	n/a	n/a	n/a	n/a	n/a	n/a	n/a	n/a	n/a	n/a	n/a	n/a	n/a	2510.987057	n/a
2511.648149	0.000000	502330	ttl	4	72	n/a	n/a	n/a	n/a	n/a	n/a	n/a	n/a	n/a	n/a	n/a	n/a	n/a	n/a	n/a	n/a	n/a	n/a	n/a	n/a	n/a	2511.648149	n/a
2511.662037	0.000000	502332	ttl	11	72	n/a	n/a	n/a	n/a	n/a	n/a	n/a	n/a	n/a	n/a	n/a	n/a	n/a	n/a	n/a	n/a	n/a	n/a	n/a	n/a	n/a	2511.662037	n/a
2512.178609	2.033745	502436	time_discrimination	n/a	n/a	n/a	72.0	n/a	n/a	n/a	2511.6620374999998	n/a	1.7278706635570416	1.0	1	3.0	NB_28_ShortA.png	n/a	7	2515.940225	n/a	132	2	1	intervals/timediscrimination_table	131	2512.178609	2514.212354
2512.178609	0.000000	502436	ttl	1	72	n/a	n/a	n/a	n/a	n/a	n/a	n/a	n/a	n/a	n/a	n/a	n/a	n/a	n/a	n/a	n/a	n/a	n/a	n/a	n/a	n/a	2512.178609	n/a
2514.212354	0.000000	502842	ttl	2	72	n/a	n/a	n/a	n/a	n/a	n/a	n/a	n/a	n/a	n/a	n/a	n/a	n/a	n/a	n/a	n/a	n/a	n/a	n/a	n/a	n/a	2514.212354	n/a
2515.940225	0.000000	503188	ttl	4	72	n/a	n/a	n/a	n/a	n/a	n/a	n/a	n/a	n/a	n/a	n/a	n/a	n/a	n/a	n/a	n/a	n/a	n/a	n/a	n/a	n/a	2515.940225	n/a
2515.953093	0.000000	503191	ttl	11	72	n/a	n/a	n/a	n/a	n/a	n/a	n/a	n/a	n/a	n/a	n/a	n/a	n/a	n/a	n/a	n/a	n/a	n/a	n/a	n/a	n/a	2515.953093	n/a
2516.453014	2.033635	503291	time_discrimination	n/a	n/a	n/a	72.0	n/a	n/a	n/a	2515.95309275	n/a	1.7374505730040255	1.0	1	3.0	NB_20_ShortA.png	n/a	2	2520.22410025	n/a	133	1	2	intervals/timediscrimination_table	132	2516.453014	2518.486650
2516.453014	0.000000	503291	ttl	1	72	n/a	n/a	n/a	n/a	n/a	n/a	n/a	n/a	n/a	n/a	n/a	n/a	n/a	n/a	n/a	n/a	n/a	n/a	n/a	n/a	n/a	2516.453014	n/a
2518.486650	0.000000	503697	ttl	2	72	n/a	n/a	n/a	n/a	n/a	n/a	n/a	n/a	n/a	n/a	n/a	n/a	n/a	n/a	n/a	n/a	n/a	n/a	n/a	n/a	n/a	2518.486650	n/a
2520.224100	0.000000	504045	ttl	4	72	n/a	n/a	n/a	n/a	n/a	n/a	n/a	n/a	n/a	n/a	n/a	n/a	n/a	n/a	n/a	n/a	n/a	n/a	n/a	n/a	n/a	2520.224100	n/a
2520.233254	0.000000	504047	ttl	11	72	n/a	n/a	n/a	n/a	n/a	n/a	n/a	n/a	n/a	n/a	n/a	n/a	n/a	n/a	n/a	n/a	n/a	n/a	n/a	n/a	n/a	2520.233254	n/a
2520.799809	2.033522	504160	time_discrimination	n/a	n/a	n/a	72.0	n/a	n/a	n/a	2520.23325425	n/a	1.6590252014702855	1.0	1	3.0	NB_1_LongA.png	n/a	2	2524.4923559999997	n/a	134	1	2	intervals/timediscrimination_table	133	2520.799809	2522.833331
2520.799809	0.000000	504160	ttl	1	72	n/a	n/a	n/a	n/a	n/a	n/a	n/a	n/a	n/a	n/a	n/a	n/a	n/a	n/a	n/a	n/a	n/a	n/a	n/a	n/a	n/a	2520.799809	n/a
2522.833331	0.000000	504567	ttl	2	72	n/a	n/a	n/a	n/a	n/a	n/a	n/a	n/a	n/a	n/a	n/a	n/a	n/a	n/a	n/a	n/a	n/a	n/a	n/a	n/a	n/a	2522.833331	n/a
2524.492356	0.000000	504898	ttl	4	72	n/a	n/a	n/a	n/a	n/a	n/a	n/a	n/a	n/a	n/a	n/a	n/a	n/a	n/a	n/a	n/a	n/a	n/a	n/a	n/a	n/a	2524.492356	n/a
2524.508590	0.000000	504902	ttl	11	72	n/a	n/a	n/a	n/a	n/a	n/a	n/a	n/a	n/a	n/a	n/a	n/a	n/a	n/a	n/a	n/a	n/a	n/a	n/a	n/a	n/a	2524.508590	n/a
2525.025251	2.033726	505005	time_discrimination	n/a	n/a	n/a	72.0	n/a	n/a	n/a	2524.50859025	n/a	1.031819231895497	1.0	3	1.0	HB_12_ShortA.png	n/a	5	2528.09079625	n/a	135	2	1	intervals/timediscrimination_table	134	2525.025251	2527.058977
2525.025251	0.000000	505005	ttl	1	72	n/a	n/a	n/a	n/a	n/a	n/a	n/a	n/a	n/a	n/a	n/a	n/a	n/a	n/a	n/a	n/a	n/a	n/a	n/a	n/a	n/a	2525.025251	n/a
2527.058977	0.000000	505412	ttl	2	72	n/a	n/a	n/a	n/a	n/a	n/a	n/a	n/a	n/a	n/a	n/a	n/a	n/a	n/a	n/a	n/a	n/a	n/a	n/a	n/a	n/a	2527.058977	n/a
2528.090796	0.000000	505618	ttl	4	72	n/a	n/a	n/a	n/a	n/a	n/a	n/a	n/a	n/a	n/a	n/a	n/a	n/a	n/a	n/a	n/a	n/a	n/a	n/a	n/a	n/a	2528.090796	n/a
2528.100216	0.000000	505620	ttl	11	72	n/a	n/a	n/a	n/a	n/a	n/a	n/a	n/a	n/a	n/a	n/a	n/a	n/a	n/a	n/a	n/a	n/a	n/a	n/a	n/a	n/a	2528.100216	n/a
2528.650192	2.033434	505730	time_discrimination	n/a	n/a	n/a	72.0	n/a	n/a	n/a	2528.10021625	n/a	2.0391642587310344	2.0	3	3.0	HB_13_ShortA.png	n/a	2	2532.72279	n/a	136	1	1	intervals/timediscrimination_table	135	2528.650192	2530.683626
2528.650192	0.000000	505730	ttl	1	72	n/a	n/a	n/a	n/a	n/a	n/a	n/a	n/a	n/a	n/a	n/a	n/a	n/a	n/a	n/a	n/a	n/a	n/a	n/a	n/a	n/a	2528.650192	n/a
2530.683626	0.000000	506137	ttl	2	72	n/a	n/a	n/a	n/a	n/a	n/a	n/a	n/a	n/a	n/a	n/a	n/a	n/a	n/a	n/a	n/a	n/a	n/a	n/a	n/a	n/a	2530.683626	n/a
2532.722790	0.000000	506545	ttl	4	72	n/a	n/a	n/a	n/a	n/a	n/a	n/a	n/a	n/a	n/a	n/a	n/a	n/a	n/a	n/a	n/a	n/a	n/a	n/a	n/a	n/a	2532.722790	n/a
2532.724778	0.000000	506545	ttl	11	72	n/a	n/a	n/a	n/a	n/a	n/a	n/a	n/a	n/a	n/a	n/a	n/a	n/a	n/a	n/a	n/a	n/a	n/a	n/a	n/a	n/a	2532.724778	n/a
2533.208074	2.033542	506642	time_discrimination	n/a	n/a	n/a	72.0	n/a	n/a	n/a	2532.7247777499997	n/a	0.1485389749359456	1.0	3	3.0	HB_28_LongA.png	n/a	2	2535.3901552499997	n/a	137	1	2	intervals/timediscrimination_table	136	2533.208074	2535.241616
2533.208074	0.000000	506642	ttl	1	72	n/a	n/a	n/a	n/a	n/a	n/a	n/a	n/a	n/a	n/a	n/a	n/a	n/a	n/a	n/a	n/a	n/a	n/a	n/a	n/a	n/a	2533.208074	n/a
2535.241616	0.000000	507048	ttl	2	72	n/a	n/a	n/a	n/a	n/a	n/a	n/a	n/a	n/a	n/a	n/a	n/a	n/a	n/a	n/a	n/a	n/a	n/a	n/a	n/a	n/a	2535.241616	n/a
2535.390155	0.000000	507078	ttl	4	72	n/a	n/a	n/a	n/a	n/a	n/a	n/a	n/a	n/a	n/a	n/a	n/a	n/a	n/a	n/a	n/a	n/a	n/a	n/a	n/a	n/a	2535.390155	n/a
2535.395085	0.000000	507079	ttl	11	72	n/a	n/a	n/a	n/a	n/a	n/a	n/a	n/a	n/a	n/a	n/a	n/a	n/a	n/a	n/a	n/a	n/a	n/a	n/a	n/a	n/a	2535.395085	n/a
2535.978256	2.033489	507196	time_discrimination	n/a	n/a	n/a	72.0	n/a	n/a	n/a	2535.3950852499997	n/a	1.1142485108957771	2.0	3	3.0	HB_10_LongA.png	n/a	7	2539.1259932499997	n/a	138	2	2	intervals/timediscrimination_table	137	2535.978256	2538.011745
2535.978256	0.000000	507196	ttl	1	72	n/a	n/a	n/a	n/a	n/a	n/a	n/a	n/a	n/a	n/a	n/a	n/a	n/a	n/a	n/a	n/a	n/a	n/a	n/a	n/a	n/a	2535.978256	n/a
2538.011745	0.000000	507602	ttl	2	72	n/a	n/a	n/a	n/a	n/a	n/a	n/a	n/a	n/a	n/a	n/a	n/a	n/a	n/a	n/a	n/a	n/a	n/a	n/a	n/a	n/a	2538.011745	n/a
2539.125993	0.000000	507825	ttl	4	72	n/a	n/a	n/a	n/a	n/a	n/a	n/a	n/a	n/a	n/a	n/a	n/a	n/a	n/a	n/a	n/a	n/a	n/a	n/a	n/a	n/a	2539.125993	n/a
2539.132358	0.000000	507826	ttl	11	72	n/a	n/a	n/a	n/a	n/a	n/a	n/a	n/a	n/a	n/a	n/a	n/a	n/a	n/a	n/a	n/a	n/a	n/a	n/a	n/a	n/a	2539.132358	n/a
2539.698883	2.033673	507940	time_discrimination	n/a	n/a	n/a	72.0	n/a	n/a	n/a	2539.132358	n/a	1.0149199049101298	2.0	2	3.0	SB_7_LongA.png	n/a	7	2542.74747575	n/a	139	2	2	intervals/timediscrimination_table	138	2539.698883	2541.732556
2539.698883	0.000000	507940	ttl	1	72	n/a	n/a	n/a	n/a	n/a	n/a	n/a	n/a	n/a	n/a	n/a	n/a	n/a	n/a	n/a	n/a	n/a	n/a	n/a	n/a	n/a	2539.698883	n/a
2541.732556	0.000000	508347	ttl	2	72	n/a	n/a	n/a	n/a	n/a	n/a	n/a	n/a	n/a	n/a	n/a	n/a	n/a	n/a	n/a	n/a	n/a	n/a	n/a	n/a	n/a	2541.732556	n/a
2542.747476	0.000000	508549	ttl	4	72	n/a	n/a	n/a	n/a	n/a	n/a	n/a	n/a	n/a	n/a	n/a	n/a	n/a	n/a	n/a	n/a	n/a	n/a	n/a	n/a	n/a	2542.747476	n/a
2542.759448	0.000000	508552	ttl	11	72	n/a	n/a	n/a	n/a	n/a	n/a	n/a	n/a	n/a	n/a	n/a	n/a	n/a	n/a	n/a	n/a	n/a	n/a	n/a	n/a	n/a	2542.759448	n/a
2543.342700	2.033497	508669	time_discrimination	n/a	n/a	n/a	72.0	n/a	n/a	n/a	2542.759448	n/a	0.4812997566532431	1.0	1	3.0	NB_25_ShortA.png	n/a	2	2545.8574965	n/a	140	1	2	intervals/timediscrimination_table	139	2543.342700	2545.376196
2543.342700	0.000000	508669	ttl	1	72	n/a	n/a	n/a	n/a	n/a	n/a	n/a	n/a	n/a	n/a	n/a	n/a	n/a	n/a	n/a	n/a	n/a	n/a	n/a	n/a	n/a	2543.342700	n/a
2545.376196	0.000000	509075	ttl	2	72	n/a	n/a	n/a	n/a	n/a	n/a	n/a	n/a	n/a	n/a	n/a	n/a	n/a	n/a	n/a	n/a	n/a	n/a	n/a	n/a	n/a	2545.376196	n/a
2545.857496	0.000000	509171	ttl	4	72	n/a	n/a	n/a	n/a	n/a	n/a	n/a	n/a	n/a	n/a	n/a	n/a	n/a	n/a	n/a	n/a	n/a	n/a	n/a	n/a	n/a	2545.857496	n/a
2545.860149	0.000000	509172	ttl	11	72	n/a	n/a	n/a	n/a	n/a	n/a	n/a	n/a	n/a	n/a	n/a	n/a	n/a	n/a	n/a	n/a	n/a	n/a	n/a	n/a	n/a	2545.860149	n/a
2546.426735	2.033500	509285	time_discrimination	n/a	n/a	n/a	72.0	n/a	n/a	n/a	2545.8601492499997	n/a	2.176698100985959	1.0	1	2.0	NB_23_ShortA.png	n/a	3	2550.63693375	n/a	141	1	2	intervals/timediscrimination_table	140	2546.426735	2548.460235
2546.426735	0.000000	509285	ttl	1	72	n/a	n/a	n/a	n/a	n/a	n/a	n/a	n/a	n/a	n/a	n/a	n/a	n/a	n/a	n/a	n/a	n/a	n/a	n/a	n/a	n/a	2546.426735	n/a
2548.460235	0.000000	509692	ttl	2	72	n/a	n/a	n/a	n/a	n/a	n/a	n/a	n/a	n/a	n/a	n/a	n/a	n/a	n/a	n/a	n/a	n/a	n/a	n/a	n/a	n/a	2548.460235	n/a
2550.636934	0.000000	510127	ttl	4	72	n/a	n/a	n/a	n/a	n/a	n/a	n/a	n/a	n/a	n/a	n/a	n/a	n/a	n/a	n/a	n/a	n/a	n/a	n/a	n/a	n/a	2550.636934	n/a
2550.645722	0.000000	510129	ttl	11	72	n/a	n/a	n/a	n/a	n/a	n/a	n/a	n/a	n/a	n/a	n/a	n/a	n/a	n/a	n/a	n/a	n/a	n/a	n/a	n/a	n/a	2550.645722	n/a
2551.162392	2.033510	510232	time_discrimination	n/a	n/a	n/a	72.0	n/a	n/a	n/a	2550.6457215	n/a	0.8456832636602485	2.0	2	2.0	SB_58_LongA.png	n/a	6	2554.04158475	n/a	142	2	2	intervals/timediscrimination_table	141	2551.162392	2553.195901
2551.162392	0.000000	510232	ttl	1	72	n/a	n/a	n/a	n/a	n/a	n/a	n/a	n/a	n/a	n/a	n/a	n/a	n/a	n/a	n/a	n/a	n/a	n/a	n/a	n/a	n/a	2551.162392	n/a
2553.195901	0.000000	510639	ttl	2	72	n/a	n/a	n/a	n/a	n/a	n/a	n/a	n/a	n/a	n/a	n/a	n/a	n/a	n/a	n/a	n/a	n/a	n/a	n/a	n/a	n/a	2553.195901	n/a
2554.041585	0.000000	510808	ttl	4	72	n/a	n/a	n/a	n/a	n/a	n/a	n/a	n/a	n/a	n/a	n/a	n/a	n/a	n/a	n/a	n/a	n/a	n/a	n/a	n/a	n/a	2554.041585	n/a
2554.044290	0.000000	510809	ttl	11	72	n/a	n/a	n/a	n/a	n/a	n/a	n/a	n/a	n/a	n/a	n/a	n/a	n/a	n/a	n/a	n/a	n/a	n/a	n/a	n/a	n/a	2554.044290	n/a
2554.577553	2.033617	510916	time_discrimination	n/a	n/a	n/a	72.0	n/a	n/a	n/a	2554.0442895	n/a	1.30535405705632	2.0	3	2.0	HB_5_LongA.png	n/a	6	2557.91652425	n/a	143	2	2	intervals/timediscrimination_table	142	2554.577553	2556.611170
2554.577553	0.000000	510916	ttl	1	72	n/a	n/a	n/a	n/a	n/a	n/a	n/a	n/a	n/a	n/a	n/a	n/a	n/a	n/a	n/a	n/a	n/a	n/a	n/a	n/a	n/a	2554.577553	n/a
2556.611170	0.000000	511322	ttl	2	72	n/a	n/a	n/a	n/a	n/a	n/a	n/a	n/a	n/a	n/a	n/a	n/a	n/a	n/a	n/a	n/a	n/a	n/a	n/a	n/a	n/a	2556.611170	n/a
2557.916524	0.000000	511583	ttl	4	72	n/a	n/a	n/a	n/a	n/a	n/a	n/a	n/a	n/a	n/a	n/a	n/a	n/a	n/a	n/a	n/a	n/a	n/a	n/a	n/a	n/a	2557.916524	n/a
2557.919819	0.000000	511584	ttl	11	72	n/a	n/a	n/a	n/a	n/a	n/a	n/a	n/a	n/a	n/a	n/a	n/a	n/a	n/a	n/a	n/a	n/a	n/a	n/a	n/a	n/a	2557.919819	n/a
2558.519684	2.033515	511704	time_discrimination	n/a	n/a	n/a	72.0	n/a	n/a	n/a	2557.91981925	n/a	1.7172052536516276	2.0	1	3.0	NB_6_ShortA.png	n/a	2	2562.2704045	n/a	144	1	1	intervals/timediscrimination_table	143	2558.519684	2560.553199
2558.519684	0.000000	511704	ttl	1	72	n/a	n/a	n/a	n/a	n/a	n/a	n/a	n/a	n/a	n/a	n/a	n/a	n/a	n/a	n/a	n/a	n/a	n/a	n/a	n/a	n/a	2558.519684	n/a
2560.553199	0.000000	512111	ttl	2	72	n/a	n/a	n/a	n/a	n/a	n/a	n/a	n/a	n/a	n/a	n/a	n/a	n/a	n/a	n/a	n/a	n/a	n/a	n/a	n/a	n/a	2560.553199	n/a
2562.270405	0.000000	512454	ttl	4	72	n/a	n/a	n/a	n/a	n/a	n/a	n/a	n/a	n/a	n/a	n/a	n/a	n/a	n/a	n/a	n/a	n/a	n/a	n/a	n/a	n/a	2562.270405	n/a
2562.279509	0.000000	512456	ttl	11	72	n/a	n/a	n/a	n/a	n/a	n/a	n/a	n/a	n/a	n/a	n/a	n/a	n/a	n/a	n/a	n/a	n/a	n/a	n/a	n/a	n/a	2562.279509	n/a
2562.829427	2.033344	512566	time_discrimination	n/a	n/a	n/a	72.0	n/a	n/a	n/a	2562.279509	n/a	0.0747965170594398	2.0	2	3.0	SB_22_LongA.png	n/a	7	2564.9375674999997	n/a	145	2	2	intervals/timediscrimination_table	144	2562.829427	2564.862771
2562.829427	0.000000	512566	ttl	1	72	n/a	n/a	n/a	n/a	n/a	n/a	n/a	n/a	n/a	n/a	n/a	n/a	n/a	n/a	n/a	n/a	n/a	n/a	n/a	n/a	n/a	2562.829427	n/a
2564.862771	0.000000	512973	ttl	2	72	n/a	n/a	n/a	n/a	n/a	n/a	n/a	n/a	n/a	n/a	n/a	n/a	n/a	n/a	n/a	n/a	n/a	n/a	n/a	n/a	n/a	2564.862771	n/a
2564.937567	0.000000	512988	ttl	4	72	n/a	n/a	n/a	n/a	n/a	n/a	n/a	n/a	n/a	n/a	n/a	n/a	n/a	n/a	n/a	n/a	n/a	n/a	n/a	n/a	n/a	2564.937567	n/a
2564.947300	0.000000	512989	ttl	11	72	n/a	n/a	n/a	n/a	n/a	n/a	n/a	n/a	n/a	n/a	n/a	n/a	n/a	n/a	n/a	n/a	n/a	n/a	n/a	n/a	n/a	2564.947300	n/a
2565.530560	2.054207	513106	time_discrimination	n/a	n/a	n/a	72.0	n/a	n/a	n/a	2564.9473	n/a	0.6494992408461258	1.0	2	3.0	SB_26_shortA.png	n/a	2	2568.23426725	n/a	146	1	2	intervals/timediscrimination_table	145	2565.530560	2567.584768
2565.530560	0.000000	513106	ttl	1	72	n/a	n/a	n/a	n/a	n/a	n/a	n/a	n/a	n/a	n/a	n/a	n/a	n/a	n/a	n/a	n/a	n/a	n/a	n/a	n/a	n/a	2565.530560	n/a
2567.584768	0.000000	513517	ttl	2	72	n/a	n/a	n/a	n/a	n/a	n/a	n/a	n/a	n/a	n/a	n/a	n/a	n/a	n/a	n/a	n/a	n/a	n/a	n/a	n/a	n/a	2567.584768	n/a
2568.234267	0.000000	513647	ttl	4	72	n/a	n/a	n/a	n/a	n/a	n/a	n/a	n/a	n/a	n/a	n/a	n/a	n/a	n/a	n/a	n/a	n/a	n/a	n/a	n/a	n/a	2568.234267	n/a
2568.253239	0.000000	513651	ttl	11	72	n/a	n/a	n/a	n/a	n/a	n/a	n/a	n/a	n/a	n/a	n/a	n/a	n/a	n/a	n/a	n/a	n/a	n/a	n/a	n/a	n/a	2568.253239	n/a
2568.853095	2.033621	513771	time_discrimination	n/a	n/a	n/a	72.0	n/a	n/a	n/a	2568.25323875	n/a	0.5356443716955255	1.0	1	3.0	NB_13_LongA.png	n/a	7	2571.42235975	n/a	147	2	1	intervals/timediscrimination_table	146	2568.853095	2570.886715
2568.853095	0.000000	513771	ttl	1	72	n/a	n/a	n/a	n/a	n/a	n/a	n/a	n/a	n/a	n/a	n/a	n/a	n/a	n/a	n/a	n/a	n/a	n/a	n/a	n/a	n/a	2568.853095	n/a
2570.886715	0.000000	514177	ttl	2	72	n/a	n/a	n/a	n/a	n/a	n/a	n/a	n/a	n/a	n/a	n/a	n/a	n/a	n/a	n/a	n/a	n/a	n/a	n/a	n/a	n/a	2570.886715	n/a
2571.422360	0.000000	514284	ttl	4	72	n/a	n/a	n/a	n/a	n/a	n/a	n/a	n/a	n/a	n/a	n/a	n/a	n/a	n/a	n/a	n/a	n/a	n/a	n/a	n/a	n/a	2571.422360	n/a
2571.433016	0.000000	514287	ttl	11	72	n/a	n/a	n/a	n/a	n/a	n/a	n/a	n/a	n/a	n/a	n/a	n/a	n/a	n/a	n/a	n/a	n/a	n/a	n/a	n/a	n/a	2571.433016	n/a
2571.999688	2.033660	514400	time_discrimination	n/a	n/a	n/a	72.0	n/a	n/a	n/a	2571.43301575	n/a	1.1702142326957983	1.0	1	3.0	NB_18_LongA.png	n/a	2	2575.20356225	n/a	148	1	2	intervals/timediscrimination_table	147	2571.999688	2574.033348
2571.999688	0.000000	514400	ttl	1	72	n/a	n/a	n/a	n/a	n/a	n/a	n/a	n/a	n/a	n/a	n/a	n/a	n/a	n/a	n/a	n/a	n/a	n/a	n/a	n/a	n/a	2571.999688	n/a
2574.033348	0.000000	514807	ttl	2	72	n/a	n/a	n/a	n/a	n/a	n/a	n/a	n/a	n/a	n/a	n/a	n/a	n/a	n/a	n/a	n/a	n/a	n/a	n/a	n/a	n/a	2574.033348	n/a
2575.203562	0.000000	515041	ttl	4	72	n/a	n/a	n/a	n/a	n/a	n/a	n/a	n/a	n/a	n/a	n/a	n/a	n/a	n/a	n/a	n/a	n/a	n/a	n/a	n/a	n/a	2575.203562	n/a
2575.213041	0.000000	515043	ttl	11	72	n/a	n/a	n/a	n/a	n/a	n/a	n/a	n/a	n/a	n/a	n/a	n/a	n/a	n/a	n/a	n/a	n/a	n/a	n/a	n/a	n/a	2575.213041	n/a
2575.729600	2.033476	515146	time_discrimination	n/a	n/a	n/a	72.0	n/a	n/a	n/a	2575.21304125	n/a	0.9693149529884977	1.0	2	3.0	SB_40_LongA.png	n/a	2	2578.732391	n/a	149	1	2	intervals/timediscrimination_table	148	2575.729600	2577.763076
2575.729600	0.000000	515146	ttl	1	72	n/a	n/a	n/a	n/a	n/a	n/a	n/a	n/a	n/a	n/a	n/a	n/a	n/a	n/a	n/a	n/a	n/a	n/a	n/a	n/a	n/a	2575.729600	n/a
2577.763076	0.000000	515553	ttl	2	72	n/a	n/a	n/a	n/a	n/a	n/a	n/a	n/a	n/a	n/a	n/a	n/a	n/a	n/a	n/a	n/a	n/a	n/a	n/a	n/a	n/a	2577.763076	n/a
2578.732391	0.000000	515746	ttl	4	72	n/a	n/a	n/a	n/a	n/a	n/a	n/a	n/a	n/a	n/a	n/a	n/a	n/a	n/a	n/a	n/a	n/a	n/a	n/a	n/a	n/a	2578.732391	n/a
2578.751349	0.000000	515750	ttl	11	72	n/a	n/a	n/a	n/a	n/a	n/a	n/a	n/a	n/a	n/a	n/a	n/a	n/a	n/a	n/a	n/a	n/a	n/a	n/a	n/a	n/a	2578.751349	n/a
2579.251207	2.033521	515850	time_discrimination	n/a	n/a	n/a	72.0	n/a	n/a	n/a	2578.7513492499997	n/a	2.135927660996458	2.0	1	2.0	NB_18_ShortA.png	n/a	3	2583.420655	n/a	150	1	1	intervals/timediscrimination_table	149	2579.251207	2581.284727
2579.251207	0.000000	515850	ttl	1	72	n/a	n/a	n/a	n/a	n/a	n/a	n/a	n/a	n/a	n/a	n/a	n/a	n/a	n/a	n/a	n/a	n/a	n/a	n/a	n/a	n/a	2579.251207	n/a
2581.284727	0.000000	516257	ttl	2	72	n/a	n/a	n/a	n/a	n/a	n/a	n/a	n/a	n/a	n/a	n/a	n/a	n/a	n/a	n/a	n/a	n/a	n/a	n/a	n/a	n/a	2581.284727	n/a
2583.420655	0.000000	516684	ttl	4	72	n/a	n/a	n/a	n/a	n/a	n/a	n/a	n/a	n/a	n/a	n/a	n/a	n/a	n/a	n/a	n/a	n/a	n/a	n/a	n/a	n/a	2583.420655	n/a
2583.425173	0.000000	516685	ttl	11	72	n/a	n/a	n/a	n/a	n/a	n/a	n/a	n/a	n/a	n/a	n/a	n/a	n/a	n/a	n/a	n/a	n/a	n/a	n/a	n/a	n/a	2583.425173	n/a
2583.958398	2.033557	516792	time_discrimination	n/a	n/a	n/a	72.0	n/a	n/a	n/a	2583.4251735	n/a	1.7595922590626287	2.0	3	3.0	HB_55_LongA.png	n/a	7	2587.7515467499998	n/a	151	2	2	intervals/timediscrimination_table	150	2583.958398	2585.991954
2583.958398	0.000000	516792	ttl	1	72	n/a	n/a	n/a	n/a	n/a	n/a	n/a	n/a	n/a	n/a	n/a	n/a	n/a	n/a	n/a	n/a	n/a	n/a	n/a	n/a	n/a	2583.958398	n/a
2585.991954	0.000000	517198	ttl	2	72	n/a	n/a	n/a	n/a	n/a	n/a	n/a	n/a	n/a	n/a	n/a	n/a	n/a	n/a	n/a	n/a	n/a	n/a	n/a	n/a	n/a	2585.991954	n/a
2587.751547	0.000000	517550	ttl	4	72	n/a	n/a	n/a	n/a	n/a	n/a	n/a	n/a	n/a	n/a	n/a	n/a	n/a	n/a	n/a	n/a	n/a	n/a	n/a	n/a	n/a	2587.751547	n/a
2587.765405	0.000000	517553	ttl	11	72	n/a	n/a	n/a	n/a	n/a	n/a	n/a	n/a	n/a	n/a	n/a	n/a	n/a	n/a	n/a	n/a	n/a	n/a	n/a	n/a	n/a	2587.765405	n/a
2588.298594	2.033643	517660	time_discrimination	n/a	n/a	n/a	72.0	n/a	n/a	n/a	2587.765405	n/a	0.7645202917410643	2.0	1	3.0	NB_24_LongA.png	n/a	2	2591.096757	n/a	152	1	1	intervals/timediscrimination_table	151	2588.298594	2590.332236
2588.298594	0.000000	517660	ttl	1	72	n/a	n/a	n/a	n/a	n/a	n/a	n/a	n/a	n/a	n/a	n/a	n/a	n/a	n/a	n/a	n/a	n/a	n/a	n/a	n/a	n/a	2588.298594	n/a
2590.332236	0.000000	518066	ttl	2	72	n/a	n/a	n/a	n/a	n/a	n/a	n/a	n/a	n/a	n/a	n/a	n/a	n/a	n/a	n/a	n/a	n/a	n/a	n/a	n/a	n/a	2590.332236	n/a
2591.096757	0.000000	518219	ttl	4	72	n/a	n/a	n/a	n/a	n/a	n/a	n/a	n/a	n/a	n/a	n/a	n/a	n/a	n/a	n/a	n/a	n/a	n/a	n/a	n/a	n/a	2591.096757	n/a
2591.114126	0.000000	518223	ttl	11	72	n/a	n/a	n/a	n/a	n/a	n/a	n/a	n/a	n/a	n/a	n/a	n/a	n/a	n/a	n/a	n/a	n/a	n/a	n/a	n/a	n/a	2591.114126	n/a
2591.714177	2.033508	518343	time_discrimination	n/a	n/a	n/a	72.0	n/a	n/a	n/a	2591.1141264999997	n/a	1.6149163946411136	1.0	3	3.0	HB_21_ShortA.png	n/a	7	2595.3626007499997	n/a	153	2	1	intervals/timediscrimination_table	152	2591.714177	2593.747685
2591.714177	0.000000	518343	ttl	1	72	n/a	n/a	n/a	n/a	n/a	n/a	n/a	n/a	n/a	n/a	n/a	n/a	n/a	n/a	n/a	n/a	n/a	n/a	n/a	n/a	n/a	2591.714177	n/a
2593.747685	0.000000	518750	ttl	2	72	n/a	n/a	n/a	n/a	n/a	n/a	n/a	n/a	n/a	n/a	n/a	n/a	n/a	n/a	n/a	n/a	n/a	n/a	n/a	n/a	n/a	2593.747685	n/a
2595.362601	0.000000	519073	ttl	4	72	n/a	n/a	n/a	n/a	n/a	n/a	n/a	n/a	n/a	n/a	n/a	n/a	n/a	n/a	n/a	n/a	n/a	n/a	n/a	n/a	n/a	2595.362601	n/a
2595.374154	0.000000	519075	ttl	11	72	n/a	n/a	n/a	n/a	n/a	n/a	n/a	n/a	n/a	n/a	n/a	n/a	n/a	n/a	n/a	n/a	n/a	n/a	n/a	n/a	n/a	2595.374154	n/a
2595.907346	2.033526	519181	time_discrimination	n/a	n/a	n/a	72.0	n/a	n/a	n/a	2595.3741542499997	n/a	0.41161460263538174	1.0	3	3.0	HB_45_LongA.png	n/a	2	2598.35248675	n/a	154	1	2	intervals/timediscrimination_table	153	2595.907346	2597.940872
2595.907346	0.000000	519181	ttl	1	72	n/a	n/a	n/a	n/a	n/a	n/a	n/a	n/a	n/a	n/a	n/a	n/a	n/a	n/a	n/a	n/a	n/a	n/a	n/a	n/a	n/a	2595.907346	n/a
2597.940872	0.000000	519588	ttl	2	72	n/a	n/a	n/a	n/a	n/a	n/a	n/a	n/a	n/a	n/a	n/a	n/a	n/a	n/a	n/a	n/a	n/a	n/a	n/a	n/a	n/a	2597.940872	n/a
2598.352487	0.000000	519670	ttl	4	72	n/a	n/a	n/a	n/a	n/a	n/a	n/a	n/a	n/a	n/a	n/a	n/a	n/a	n/a	n/a	n/a	n/a	n/a	n/a	n/a	n/a	2598.352487	n/a
2598.365816	0.000000	519673	ttl	11	72	n/a	n/a	n/a	n/a	n/a	n/a	n/a	n/a	n/a	n/a	n/a	n/a	n/a	n/a	n/a	n/a	n/a	n/a	n/a	n/a	n/a	2598.365816	n/a
2598.915714	2.033593	519783	time_discrimination	n/a	n/a	n/a	72.0	n/a	n/a	n/a	2598.36581575	n/a	0.0830773932102602	2.0	2	2.0	SB_16_LongA.png	n/a	6	2601.032385	n/a	155	2	2	intervals/timediscrimination_table	154	2598.915714	2600.949308
2598.915714	0.000000	519783	ttl	1	72	n/a	n/a	n/a	n/a	n/a	n/a	n/a	n/a	n/a	n/a	n/a	n/a	n/a	n/a	n/a	n/a	n/a	n/a	n/a	n/a	n/a	2598.915714	n/a
2600.949308	0.000000	520190	ttl	2	72	n/a	n/a	n/a	n/a	n/a	n/a	n/a	n/a	n/a	n/a	n/a	n/a	n/a	n/a	n/a	n/a	n/a	n/a	n/a	n/a	n/a	2600.949308	n/a
2601.032385	0.000000	520206	ttl	4	72	n/a	n/a	n/a	n/a	n/a	n/a	n/a	n/a	n/a	n/a	n/a	n/a	n/a	n/a	n/a	n/a	n/a	n/a	n/a	n/a	n/a	2601.032385	n/a
2601.034129	0.000000	520207	ttl	11	72	n/a	n/a	n/a	n/a	n/a	n/a	n/a	n/a	n/a	n/a	n/a	n/a	n/a	n/a	n/a	n/a	n/a	n/a	n/a	n/a	n/a	2601.034129	n/a
2601.584131	2.033713	520317	time_discrimination	n/a	n/a	n/a	72.0	n/a	n/a	n/a	2601.03412875	n/a	0.31549035410898796	2.0	2	3.0	SB_2_LongA.png	n/a	7	2603.9333349999997	n/a	156	2	2	intervals/timediscrimination_table	155	2601.584131	2603.617845
2601.584131	0.000000	520317	ttl	1	72	n/a	n/a	n/a	n/a	n/a	n/a	n/a	n/a	n/a	n/a	n/a	n/a	n/a	n/a	n/a	n/a	n/a	n/a	n/a	n/a	n/a	2601.584131	n/a
2603.617845	0.000000	520724	ttl	2	72	n/a	n/a	n/a	n/a	n/a	n/a	n/a	n/a	n/a	n/a	n/a	n/a	n/a	n/a	n/a	n/a	n/a	n/a	n/a	n/a	n/a	2603.617845	n/a
2603.933335	0.000000	520787	ttl	4	72	n/a	n/a	n/a	n/a	n/a	n/a	n/a	n/a	n/a	n/a	n/a	n/a	n/a	n/a	n/a	n/a	n/a	n/a	n/a	n/a	n/a	2603.933335	n/a
2603.936958	0.000000	520787	ttl	11	72	n/a	n/a	n/a	n/a	n/a	n/a	n/a	n/a	n/a	n/a	n/a	n/a	n/a	n/a	n/a	n/a	n/a	n/a	n/a	n/a	n/a	2603.936958	n/a
2604.453613	2.033604	520891	time_discrimination	n/a	n/a	n/a	72.0	n/a	n/a	n/a	2603.9369585	n/a	0.851717586581799	2.0	1	2.0	NB_10_LongA.png	n/a	3	2607.33893525	n/a	157	1	1	intervals/timediscrimination_table	156	2604.453613	2606.487218
2604.453613	0.000000	520891	ttl	1	72	n/a	n/a	n/a	n/a	n/a	n/a	n/a	n/a	n/a	n/a	n/a	n/a	n/a	n/a	n/a	n/a	n/a	n/a	n/a	n/a	n/a	2604.453613	n/a
2606.487218	0.000000	521297	ttl	2	72	n/a	n/a	n/a	n/a	n/a	n/a	n/a	n/a	n/a	n/a	n/a	n/a	n/a	n/a	n/a	n/a	n/a	n/a	n/a	n/a	n/a	2606.487218	n/a
2607.338935	0.000000	521468	ttl	4	72	n/a	n/a	n/a	n/a	n/a	n/a	n/a	n/a	n/a	n/a	n/a	n/a	n/a	n/a	n/a	n/a	n/a	n/a	n/a	n/a	n/a	2607.338935	n/a
2607.353349	0.000000	521471	ttl	11	72	n/a	n/a	n/a	n/a	n/a	n/a	n/a	n/a	n/a	n/a	n/a	n/a	n/a	n/a	n/a	n/a	n/a	n/a	n/a	n/a	n/a	2607.353349	n/a
2607.903307	2.033547	521581	time_discrimination	n/a	n/a	n/a	72.0	n/a	n/a	n/a	2607.35334875	n/a	1.5090283942117821	1.0	1	1.0	NB_17_ShortA.png	n/a	5	2611.4458824999997	n/a	158	2	1	intervals/timediscrimination_table	157	2607.903307	2609.936854
2607.903307	0.000000	521581	ttl	1	72	n/a	n/a	n/a	n/a	n/a	n/a	n/a	n/a	n/a	n/a	n/a	n/a	n/a	n/a	n/a	n/a	n/a	n/a	n/a	n/a	n/a	2607.903307	n/a
2609.936854	0.000000	521987	ttl	2	72	n/a	n/a	n/a	n/a	n/a	n/a	n/a	n/a	n/a	n/a	n/a	n/a	n/a	n/a	n/a	n/a	n/a	n/a	n/a	n/a	n/a	2609.936854	n/a
2611.445882	0.000000	522289	ttl	4	72	n/a	n/a	n/a	n/a	n/a	n/a	n/a	n/a	n/a	n/a	n/a	n/a	n/a	n/a	n/a	n/a	n/a	n/a	n/a	n/a	n/a	2611.445882	n/a
2611.458218	0.000000	522292	ttl	11	72	n/a	n/a	n/a	n/a	n/a	n/a	n/a	n/a	n/a	n/a	n/a	n/a	n/a	n/a	n/a	n/a	n/a	n/a	n/a	n/a	n/a	2611.458218	n/a
2611.958083	2.033668	522392	time_discrimination	n/a	n/a	n/a	72.0	n/a	n/a	n/a	2611.4582177499997	n/a	0.12512041315130773	1.0	3	3.0	HB_24_LongA.png	n/a	2	2614.1168709999997	n/a	159	1	2	intervals/timediscrimination_table	158	2611.958083	2613.991751
2611.958083	0.000000	522392	ttl	1	72	n/a	n/a	n/a	n/a	n/a	n/a	n/a	n/a	n/a	n/a	n/a	n/a	n/a	n/a	n/a	n/a	n/a	n/a	n/a	n/a	n/a	2611.958083	n/a
2613.991751	0.000000	522798	ttl	2	72	n/a	n/a	n/a	n/a	n/a	n/a	n/a	n/a	n/a	n/a	n/a	n/a	n/a	n/a	n/a	n/a	n/a	n/a	n/a	n/a	n/a	2613.991751	n/a
2614.116871	0.000000	522823	ttl	4	72	n/a	n/a	n/a	n/a	n/a	n/a	n/a	n/a	n/a	n/a	n/a	n/a	n/a	n/a	n/a	n/a	n/a	n/a	n/a	n/a	n/a	2614.116871	n/a
2614.132908	0.000000	522827	ttl	11	72	n/a	n/a	n/a	n/a	n/a	n/a	n/a	n/a	n/a	n/a	n/a	n/a	n/a	n/a	n/a	n/a	n/a	n/a	n/a	n/a	n/a	2614.132908	n/a
2614.633077	2.033340	522927	time_discrimination	n/a	n/a	n/a	72.0	n/a	n/a	n/a	2614.1329084999998	n/a	2.796798853412838	1.0	1	1.0	NB_16_ShortA.png	n/a	4	2619.4632162499997	n/a	160	1	2	intervals/timediscrimination_table	159	2614.633077	2616.666417
2614.633077	0.000000	522927	ttl	1	72	n/a	n/a	n/a	n/a	n/a	n/a	n/a	n/a	n/a	n/a	n/a	n/a	n/a	n/a	n/a	n/a	n/a	n/a	n/a	n/a	n/a	2614.633077	n/a
2616.666417	0.000000	523333	ttl	2	72	n/a	n/a	n/a	n/a	n/a	n/a	n/a	n/a	n/a	n/a	n/a	n/a	n/a	n/a	n/a	n/a	n/a	n/a	n/a	n/a	n/a	2616.666417	n/a
2619.463216	0.000000	523893	ttl	4	72	n/a	n/a	n/a	n/a	n/a	n/a	n/a	n/a	n/a	n/a	n/a	n/a	n/a	n/a	n/a	n/a	n/a	n/a	n/a	n/a	n/a	2619.463216	n/a
2619.478186	0.000000	523896	ttl	11	72	n/a	n/a	n/a	n/a	n/a	n/a	n/a	n/a	n/a	n/a	n/a	n/a	n/a	n/a	n/a	n/a	n/a	n/a	n/a	n/a	n/a	2619.478186	n/a
2619.994766	2.033619	523999	time_discrimination	n/a	n/a	n/a	72.0	n/a	n/a	n/a	2619.4781865	n/a	1.44521338940649	1.0	2	3.0	SB_51_ShortA.png	n/a	7	2623.473598	n/a	161	2	1	intervals/timediscrimination_table	160	2619.994766	2622.028384
2619.994766	0.000000	523999	ttl	1	72	n/a	n/a	n/a	n/a	n/a	n/a	n/a	n/a	n/a	n/a	n/a	n/a	n/a	n/a	n/a	n/a	n/a	n/a	n/a	n/a	n/a	2619.994766	n/a
2622.028384	0.000000	524406	ttl	2	72	n/a	n/a	n/a	n/a	n/a	n/a	n/a	n/a	n/a	n/a	n/a	n/a	n/a	n/a	n/a	n/a	n/a	n/a	n/a	n/a	n/a	2622.028384	n/a
2623.473598	0.000000	524695	ttl	4	72	n/a	n/a	n/a	n/a	n/a	n/a	n/a	n/a	n/a	n/a	n/a	n/a	n/a	n/a	n/a	n/a	n/a	n/a	n/a	n/a	n/a	2623.473598	n/a
2623.481740	0.000000	524696	ttl	11	72	n/a	n/a	n/a	n/a	n/a	n/a	n/a	n/a	n/a	n/a	n/a	n/a	n/a	n/a	n/a	n/a	n/a	n/a	n/a	n/a	n/a	2623.481740	n/a
2623.998417	2.033632	524800	time_discrimination	n/a	n/a	n/a	72.0	n/a	n/a	n/a	2623.4817395	n/a	1.637222272613144	1.0	3	1.0	HB_42_LongA.png	n/a	5	2627.669272	n/a	162	2	1	intervals/timediscrimination_table	161	2623.998417	2626.032050
2623.998417	0.000000	524800	ttl	1	72	n/a	n/a	n/a	n/a	n/a	n/a	n/a	n/a	n/a	n/a	n/a	n/a	n/a	n/a	n/a	n/a	n/a	n/a	n/a	n/a	n/a	2623.998417	n/a
2626.032050	0.000000	525206	ttl	2	72	n/a	n/a	n/a	n/a	n/a	n/a	n/a	n/a	n/a	n/a	n/a	n/a	n/a	n/a	n/a	n/a	n/a	n/a	n/a	n/a	n/a	2626.032050	n/a
2627.669272	0.000000	525534	ttl	4	72	n/a	n/a	n/a	n/a	n/a	n/a	n/a	n/a	n/a	n/a	n/a	n/a	n/a	n/a	n/a	n/a	n/a	n/a	n/a	n/a	n/a	2627.669272	n/a
2627.680505	0.000000	525536	ttl	11	72	n/a	n/a	n/a	n/a	n/a	n/a	n/a	n/a	n/a	n/a	n/a	n/a	n/a	n/a	n/a	n/a	n/a	n/a	n/a	n/a	n/a	2627.680505	n/a
2628.163766	2.033597	525633	time_discrimination	n/a	n/a	n/a	72.0	n/a	n/a	n/a	2627.6805047499997	n/a	1.1624197316305072	2.0	2	3.0	SB_13_ShortA.png	n/a	7	2631.35978275	n/a	163	2	2	intervals/timediscrimination_table	162	2628.163766	2630.197363
2628.163766	0.000000	525633	ttl	1	72	n/a	n/a	n/a	n/a	n/a	n/a	n/a	n/a	n/a	n/a	n/a	n/a	n/a	n/a	n/a	n/a	n/a	n/a	n/a	n/a	n/a	2628.163766	n/a
2630.197363	0.000000	526039	ttl	2	72	n/a	n/a	n/a	n/a	n/a	n/a	n/a	n/a	n/a	n/a	n/a	n/a	n/a	n/a	n/a	n/a	n/a	n/a	n/a	n/a	n/a	2630.197363	n/a
2631.359783	0.000000	526272	ttl	4	72	n/a	n/a	n/a	n/a	n/a	n/a	n/a	n/a	n/a	n/a	n/a	n/a	n/a	n/a	n/a	n/a	n/a	n/a	n/a	n/a	n/a	2631.359783	n/a
2631.372120	0.000000	526274	ttl	11	72	n/a	n/a	n/a	n/a	n/a	n/a	n/a	n/a	n/a	n/a	n/a	n/a	n/a	n/a	n/a	n/a	n/a	n/a	n/a	n/a	n/a	2631.372120	n/a
2631.921895	2.033379	526384	time_discrimination	n/a	n/a	n/a	72.0	n/a	n/a	n/a	2631.37212	n/a	0.9749374320035713	2.0	3	3.0	HB_3_LongA.png	n/a	2	2634.93021125	n/a	164	1	1	intervals/timediscrimination_table	163	2631.921895	2633.955274
2631.921895	0.000000	526384	ttl	1	72	n/a	n/a	n/a	n/a	n/a	n/a	n/a	n/a	n/a	n/a	n/a	n/a	n/a	n/a	n/a	n/a	n/a	n/a	n/a	n/a	n/a	2631.921895	n/a
2633.955274	0.000000	526791	ttl	2	72	n/a	n/a	n/a	n/a	n/a	n/a	n/a	n/a	n/a	n/a	n/a	n/a	n/a	n/a	n/a	n/a	n/a	n/a	n/a	n/a	n/a	2633.955274	n/a
2634.930211	0.000000	526986	ttl	4	72	n/a	n/a	n/a	n/a	n/a	n/a	n/a	n/a	n/a	n/a	n/a	n/a	n/a	n/a	n/a	n/a	n/a	n/a	n/a	n/a	n/a	2634.930211	n/a
2634.945439	0.000000	526989	ttl	11	72	n/a	n/a	n/a	n/a	n/a	n/a	n/a	n/a	n/a	n/a	n/a	n/a	n/a	n/a	n/a	n/a	n/a	n/a	n/a	n/a	n/a	2634.945439	n/a
2635.495461	2.033545	527099	time_discrimination	n/a	n/a	n/a	72.0	n/a	n/a	n/a	2634.9454395	n/a	1.4635679078619432	2.0	2	2.0	SB_5_ShortA.png	n/a	6	2638.9925734999997	n/a	165	2	2	intervals/timediscrimination_table	164	2635.495461	2637.529006
2635.495461	0.000000	527099	ttl	1	72	n/a	n/a	n/a	n/a	n/a	n/a	n/a	n/a	n/a	n/a	n/a	n/a	n/a	n/a	n/a	n/a	n/a	n/a	n/a	n/a	n/a	2635.495461	n/a
2637.529006	0.000000	527506	ttl	2	72	n/a	n/a	n/a	n/a	n/a	n/a	n/a	n/a	n/a	n/a	n/a	n/a	n/a	n/a	n/a	n/a	n/a	n/a	n/a	n/a	n/a	2637.529006	n/a
2638.992573	0.000000	527799	ttl	4	72	n/a	n/a	n/a	n/a	n/a	n/a	n/a	n/a	n/a	n/a	n/a	n/a	n/a	n/a	n/a	n/a	n/a	n/a	n/a	n/a	n/a	2638.992573	n/a
2638.998011	0.000000	527800	ttl	11	72	n/a	n/a	n/a	n/a	n/a	n/a	n/a	n/a	n/a	n/a	n/a	n/a	n/a	n/a	n/a	n/a	n/a	n/a	n/a	n/a	n/a	2638.998011	n/a
2639.481211	2.033469	527896	time_discrimination	n/a	n/a	n/a	72.0	n/a	n/a	n/a	2638.99801075	n/a	0.21793583616818069	1.0	1	1.0	NB_3_ShortA.png	n/a	4	2641.7326165	n/a	166	1	2	intervals/timediscrimination_table	165	2639.481211	2641.514680
2639.481211	0.000000	527896	ttl	1	72	n/a	n/a	n/a	n/a	n/a	n/a	n/a	n/a	n/a	n/a	n/a	n/a	n/a	n/a	n/a	n/a	n/a	n/a	n/a	n/a	n/a	2639.481211	n/a
2641.514680	0.000000	528303	ttl	2	72	n/a	n/a	n/a	n/a	n/a	n/a	n/a	n/a	n/a	n/a	n/a	n/a	n/a	n/a	n/a	n/a	n/a	n/a	n/a	n/a	n/a	2641.514680	n/a
2641.732616	0.000000	528347	ttl	4	72	n/a	n/a	n/a	n/a	n/a	n/a	n/a	n/a	n/a	n/a	n/a	n/a	n/a	n/a	n/a	n/a	n/a	n/a	n/a	n/a	n/a	2641.732616	n/a
2641.735334	0.000000	528347	ttl	11	72	n/a	n/a	n/a	n/a	n/a	n/a	n/a	n/a	n/a	n/a	n/a	n/a	n/a	n/a	n/a	n/a	n/a	n/a	n/a	n/a	n/a	2641.735334	n/a
2642.235233	2.033415	528447	time_discrimination	n/a	n/a	n/a	72.0	n/a	n/a	n/a	2641.735334	n/a	0.8794110484359408	1.0	1	3.0	NB_14_LongA.png	n/a	2	2645.14805825	n/a	167	1	2	intervals/timediscrimination_table	166	2642.235233	2644.268647
2642.235233	0.000000	528447	ttl	1	72	n/a	n/a	n/a	n/a	n/a	n/a	n/a	n/a	n/a	n/a	n/a	n/a	n/a	n/a	n/a	n/a	n/a	n/a	n/a	n/a	n/a	2642.235233	n/a
2644.268647	0.000000	528854	ttl	2	72	n/a	n/a	n/a	n/a	n/a	n/a	n/a	n/a	n/a	n/a	n/a	n/a	n/a	n/a	n/a	n/a	n/a	n/a	n/a	n/a	n/a	2644.268647	n/a
2645.148058	0.000000	529030	ttl	4	72	n/a	n/a	n/a	n/a	n/a	n/a	n/a	n/a	n/a	n/a	n/a	n/a	n/a	n/a	n/a	n/a	n/a	n/a	n/a	n/a	n/a	2645.148058	n/a
2645.157450	0.000000	529031	ttl	11	72	n/a	n/a	n/a	n/a	n/a	n/a	n/a	n/a	n/a	n/a	n/a	n/a	n/a	n/a	n/a	n/a	n/a	n/a	n/a	n/a	n/a	2645.157450	n/a
2645.674256	2.033503	529135	time_discrimination	n/a	n/a	n/a	72.0	n/a	n/a	n/a	2645.1574505	n/a	1.4507248781592352	1.0	3	1.0	HB_19_ShortA.png	n/a	4	2649.15848325	n/a	168	1	2	intervals/timediscrimination_table	167	2645.674256	2647.707758
2645.674256	0.000000	529135	ttl	1	72	n/a	n/a	n/a	n/a	n/a	n/a	n/a	n/a	n/a	n/a	n/a	n/a	n/a	n/a	n/a	n/a	n/a	n/a	n/a	n/a	n/a	2645.674256	n/a
2647.707758	0.000000	529542	ttl	2	72	n/a	n/a	n/a	n/a	n/a	n/a	n/a	n/a	n/a	n/a	n/a	n/a	n/a	n/a	n/a	n/a	n/a	n/a	n/a	n/a	n/a	2647.707758	n/a
2649.158483	0.000000	529832	ttl	4	72	n/a	n/a	n/a	n/a	n/a	n/a	n/a	n/a	n/a	n/a	n/a	n/a	n/a	n/a	n/a	n/a	n/a	n/a	n/a	n/a	n/a	2649.158483	n/a
2649.162797	0.000000	529833	ttl	11	72	n/a	n/a	n/a	n/a	n/a	n/a	n/a	n/a	n/a	n/a	n/a	n/a	n/a	n/a	n/a	n/a	n/a	n/a	n/a	n/a	n/a	2649.162797	n/a
2649.729294	2.033447	529946	time_discrimination	n/a	n/a	n/a	72.0	n/a	n/a	n/a	2649.16279725	n/a	2.201105795085823	1.0	3	1.0	HB_29_LongA.png	n/a	4	2653.96384675	n/a	169	1	2	intervals/timediscrimination_table	168	2649.729294	2651.762741
2649.729294	0.000000	529946	ttl	1	72	n/a	n/a	n/a	n/a	n/a	n/a	n/a	n/a	n/a	n/a	n/a	n/a	n/a	n/a	n/a	n/a	n/a	n/a	n/a	n/a	n/a	2649.729294	n/a
2651.762741	0.000000	530353	ttl	2	72	n/a	n/a	n/a	n/a	n/a	n/a	n/a	n/a	n/a	n/a	n/a	n/a	n/a	n/a	n/a	n/a	n/a	n/a	n/a	n/a	n/a	2651.762741	n/a
2653.963847	0.000000	530793	ttl	4	72	n/a	n/a	n/a	n/a	n/a	n/a	n/a	n/a	n/a	n/a	n/a	n/a	n/a	n/a	n/a	n/a	n/a	n/a	n/a	n/a	n/a	2653.963847	n/a
2653.978746	0.000000	530796	ttl	11	72	n/a	n/a	n/a	n/a	n/a	n/a	n/a	n/a	n/a	n/a	n/a	n/a	n/a	n/a	n/a	n/a	n/a	n/a	n/a	n/a	n/a	2653.978746	n/a
2654.528689	2.033804	530906	time_discrimination	n/a	n/a	n/a	72.0	n/a	n/a	n/a	2653.9787457499997	n/a	1.399046964588706	2.0	1	1.0	NB_23_LongA.png	n/a	5	2657.9615405	n/a	170	2	2	intervals/timediscrimination_table	169	2654.528689	2656.562494
2654.528689	0.000000	530906	ttl	1	72	n/a	n/a	n/a	n/a	n/a	n/a	n/a	n/a	n/a	n/a	n/a	n/a	n/a	n/a	n/a	n/a	n/a	n/a	n/a	n/a	n/a	2654.528689	n/a
2656.562494	0.000000	531312	ttl	2	72	n/a	n/a	n/a	n/a	n/a	n/a	n/a	n/a	n/a	n/a	n/a	n/a	n/a	n/a	n/a	n/a	n/a	n/a	n/a	n/a	n/a	2656.562494	n/a
2657.961540	0.000000	531592	ttl	4	72	n/a	n/a	n/a	n/a	n/a	n/a	n/a	n/a	n/a	n/a	n/a	n/a	n/a	n/a	n/a	n/a	n/a	n/a	n/a	n/a	n/a	2657.961540	n/a
2657.964302	0.000000	531593	ttl	11	72	n/a	n/a	n/a	n/a	n/a	n/a	n/a	n/a	n/a	n/a	n/a	n/a	n/a	n/a	n/a	n/a	n/a	n/a	n/a	n/a	n/a	2657.964302	n/a
2658.497667	2.033447	531700	time_discrimination	n/a	n/a	n/a	72.0	n/a	n/a	n/a	2657.96430225	n/a	0.5316261041934922	2.0	2	3.0	SB_32_ShortA.png	n/a	7	2661.06274	n/a	171	2	2	intervals/timediscrimination_table	170	2658.497667	2660.531114
2658.497667	0.000000	531700	ttl	1	72	n/a	n/a	n/a	n/a	n/a	n/a	n/a	n/a	n/a	n/a	n/a	n/a	n/a	n/a	n/a	n/a	n/a	n/a	n/a	n/a	n/a	2658.497667	n/a
2660.531114	0.000000	532106	ttl	2	72	n/a	n/a	n/a	n/a	n/a	n/a	n/a	n/a	n/a	n/a	n/a	n/a	n/a	n/a	n/a	n/a	n/a	n/a	n/a	n/a	n/a	2660.531114	n/a
2661.062740	0.000000	532213	ttl	4	72	n/a	n/a	n/a	n/a	n/a	n/a	n/a	n/a	n/a	n/a	n/a	n/a	n/a	n/a	n/a	n/a	n/a	n/a	n/a	n/a	n/a	2661.062740	n/a
2661.070828	0.000000	532214	ttl	11	72	n/a	n/a	n/a	n/a	n/a	n/a	n/a	n/a	n/a	n/a	n/a	n/a	n/a	n/a	n/a	n/a	n/a	n/a	n/a	n/a	n/a	2661.070828	n/a
2661.620776	2.033482	532324	time_discrimination	n/a	n/a	n/a	72.0	n/a	n/a	n/a	2661.07082775	n/a	0.20364064400018833	1.0	2	3.0	SB_46_LongA.png	n/a	2	2663.8578992499997	n/a	172	1	2	intervals/timediscrimination_table	171	2661.620776	2663.654259
2661.620776	0.000000	532324	ttl	1	72	n/a	n/a	n/a	n/a	n/a	n/a	n/a	n/a	n/a	n/a	n/a	n/a	n/a	n/a	n/a	n/a	n/a	n/a	n/a	n/a	n/a	2661.620776	n/a
2663.654259	0.000000	532731	ttl	2	72	n/a	n/a	n/a	n/a	n/a	n/a	n/a	n/a	n/a	n/a	n/a	n/a	n/a	n/a	n/a	n/a	n/a	n/a	n/a	n/a	n/a	2663.654259	n/a
2663.857899	0.000000	532772	ttl	4	72	n/a	n/a	n/a	n/a	n/a	n/a	n/a	n/a	n/a	n/a	n/a	n/a	n/a	n/a	n/a	n/a	n/a	n/a	n/a	n/a	n/a	2663.857899	n/a
2663.869436	0.000000	532774	ttl	11	72	n/a	n/a	n/a	n/a	n/a	n/a	n/a	n/a	n/a	n/a	n/a	n/a	n/a	n/a	n/a	n/a	n/a	n/a	n/a	n/a	n/a	2663.869436	n/a
2664.435905	2.033528	532887	time_discrimination	n/a	n/a	n/a	72.0	n/a	n/a	n/a	2663.86943575	n/a	0.7525106274206337	1.0	2	1.0	SB_33_ShortA.png	n/a	4	2667.221943	n/a	173	1	2	intervals/timediscrimination_table	172	2664.435905	2666.469432
2664.435905	0.000000	532887	ttl	1	72	n/a	n/a	n/a	n/a	n/a	n/a	n/a	n/a	n/a	n/a	n/a	n/a	n/a	n/a	n/a	n/a	n/a	n/a	n/a	n/a	n/a	2664.435905	n/a
2666.469432	0.000000	533294	ttl	2	72	n/a	n/a	n/a	n/a	n/a	n/a	n/a	n/a	n/a	n/a	n/a	n/a	n/a	n/a	n/a	n/a	n/a	n/a	n/a	n/a	n/a	2666.469432	n/a
2667.221943	0.000000	533444	ttl	4	72	n/a	n/a	n/a	n/a	n/a	n/a	n/a	n/a	n/a	n/a	n/a	n/a	n/a	n/a	n/a	n/a	n/a	n/a	n/a	n/a	n/a	2667.221943	n/a
2667.232330	0.000000	533446	ttl	11	72	n/a	n/a	n/a	n/a	n/a	n/a	n/a	n/a	n/a	n/a	n/a	n/a	n/a	n/a	n/a	n/a	n/a	n/a	n/a	n/a	n/a	2667.232330	n/a
2667.782294	2.033670	533556	time_discrimination	n/a	n/a	n/a	72.0	n/a	n/a	n/a	2667.2323305	n/a	1.562456915875373	1.0	1	3.0	NB_15_LongA.png	n/a	2	2671.37842025	n/a	174	1	2	intervals/timediscrimination_table	173	2667.782294	2669.815963
2667.782294	0.000000	533556	ttl	1	72	n/a	n/a	n/a	n/a	n/a	n/a	n/a	n/a	n/a	n/a	n/a	n/a	n/a	n/a	n/a	n/a	n/a	n/a	n/a	n/a	n/a	2667.782294	n/a
2669.815963	0.000000	533963	ttl	2	72	n/a	n/a	n/a	n/a	n/a	n/a	n/a	n/a	n/a	n/a	n/a	n/a	n/a	n/a	n/a	n/a	n/a	n/a	n/a	n/a	n/a	2669.815963	n/a
2671.378420	0.000000	534276	ttl	4	72	n/a	n/a	n/a	n/a	n/a	n/a	n/a	n/a	n/a	n/a	n/a	n/a	n/a	n/a	n/a	n/a	n/a	n/a	n/a	n/a	n/a	2671.378420	n/a
2671.383851	0.000000	534277	ttl	11	72	n/a	n/a	n/a	n/a	n/a	n/a	n/a	n/a	n/a	n/a	n/a	n/a	n/a	n/a	n/a	n/a	n/a	n/a	n/a	n/a	n/a	2671.383851	n/a
2671.950371	2.033654	534390	time_discrimination	n/a	n/a	n/a	72.0	n/a	n/a	n/a	2671.383851	n/a	1.2198414863032667	1.0	1	2.0	NB_29_LongA.png	n/a	3	2675.2038669999997	n/a	175	1	2	intervals/timediscrimination_table	174	2671.950371	2673.984025
2671.950371	0.000000	534390	ttl	1	72	n/a	n/a	n/a	n/a	n/a	n/a	n/a	n/a	n/a	n/a	n/a	n/a	n/a	n/a	n/a	n/a	n/a	n/a	n/a	n/a	n/a	2671.950371	n/a
2673.984025	0.000000	534797	ttl	2	72	n/a	n/a	n/a	n/a	n/a	n/a	n/a	n/a	n/a	n/a	n/a	n/a	n/a	n/a	n/a	n/a	n/a	n/a	n/a	n/a	n/a	2673.984025	n/a
2675.203867	0.000000	535041	ttl	4	72	n/a	n/a	n/a	n/a	n/a	n/a	n/a	n/a	n/a	n/a	n/a	n/a	n/a	n/a	n/a	n/a	n/a	n/a	n/a	n/a	n/a	2675.203867	n/a
2675.214235	0.000000	535043	ttl	11	72	n/a	n/a	n/a	n/a	n/a	n/a	n/a	n/a	n/a	n/a	n/a	n/a	n/a	n/a	n/a	n/a	n/a	n/a	n/a	n/a	n/a	2675.214235	n/a
2675.747495	2.033554	535149	time_discrimination	n/a	n/a	n/a	72.0	n/a	n/a	n/a	2675.214235	n/a	0.7076022242727049	2.0	2	1.0	SB_37_ShortA.png	n/a	5	2678.4886509999997	n/a	176	2	2	intervals/timediscrimination_table	175	2675.747495	2677.781049
2675.747495	0.000000	535149	ttl	1	72	n/a	n/a	n/a	n/a	n/a	n/a	n/a	n/a	n/a	n/a	n/a	n/a	n/a	n/a	n/a	n/a	n/a	n/a	n/a	n/a	n/a	2675.747495	n/a
2677.781049	0.000000	535556	ttl	2	72	n/a	n/a	n/a	n/a	n/a	n/a	n/a	n/a	n/a	n/a	n/a	n/a	n/a	n/a	n/a	n/a	n/a	n/a	n/a	n/a	n/a	2677.781049	n/a
2678.488651	0.000000	535698	ttl	4	72	n/a	n/a	n/a	n/a	n/a	n/a	n/a	n/a	n/a	n/a	n/a	n/a	n/a	n/a	n/a	n/a	n/a	n/a	n/a	n/a	n/a	2678.488651	n/a
2678.499905	0.000000	535700	ttl	11	72	n/a	n/a	n/a	n/a	n/a	n/a	n/a	n/a	n/a	n/a	n/a	n/a	n/a	n/a	n/a	n/a	n/a	n/a	n/a	n/a	n/a	2678.499905	n/a
2679.066573	2.033454	535813	time_discrimination	n/a	n/a	n/a	72.0	n/a	n/a	n/a	2678.49990475	n/a	1.7580532763458905	1.0	1	1.0	NB_28_LongA.png	n/a	5	2682.8580807499998	n/a	177	2	1	intervals/timediscrimination_table	176	2679.066573	2681.100027
2679.066573	0.000000	535813	ttl	1	72	n/a	n/a	n/a	n/a	n/a	n/a	n/a	n/a	n/a	n/a	n/a	n/a	n/a	n/a	n/a	n/a	n/a	n/a	n/a	n/a	n/a	2679.066573	n/a
2681.100027	0.000000	536220	ttl	2	72	n/a	n/a	n/a	n/a	n/a	n/a	n/a	n/a	n/a	n/a	n/a	n/a	n/a	n/a	n/a	n/a	n/a	n/a	n/a	n/a	n/a	2681.100027	n/a
2682.858081	0.000000	536572	ttl	4	72	n/a	n/a	n/a	n/a	n/a	n/a	n/a	n/a	n/a	n/a	n/a	n/a	n/a	n/a	n/a	n/a	n/a	n/a	n/a	n/a	n/a	2682.858081	n/a
2682.872372	0.000000	536574	ttl	11	72	n/a	n/a	n/a	n/a	n/a	n/a	n/a	n/a	n/a	n/a	n/a	n/a	n/a	n/a	n/a	n/a	n/a	n/a	n/a	n/a	n/a	2682.872372	n/a
2683.405543	2.033431	536681	time_discrimination	n/a	n/a	n/a	72.0	n/a	n/a	n/a	2682.87237225	n/a	0.45151029693988676	2.0	1	1.0	NB_6_LongA.png	n/a	4	2685.8904844999997	n/a	178	1	1	intervals/timediscrimination_table	177	2683.405543	2685.438974
2683.405543	0.000000	536681	ttl	1	72	n/a	n/a	n/a	n/a	n/a	n/a	n/a	n/a	n/a	n/a	n/a	n/a	n/a	n/a	n/a	n/a	n/a	n/a	n/a	n/a	n/a	2683.405543	n/a
2685.438974	0.000000	537088	ttl	2	72	n/a	n/a	n/a	n/a	n/a	n/a	n/a	n/a	n/a	n/a	n/a	n/a	n/a	n/a	n/a	n/a	n/a	n/a	n/a	n/a	n/a	2685.438974	n/a
2685.890484	0.000000	537178	ttl	4	72	n/a	n/a	n/a	n/a	n/a	n/a	n/a	n/a	n/a	n/a	n/a	n/a	n/a	n/a	n/a	n/a	n/a	n/a	n/a	n/a	n/a	2685.890484	n/a
2685.969478	0.000000	537194	ttl	11	72	n/a	n/a	n/a	n/a	n/a	n/a	n/a	n/a	n/a	n/a	n/a	n/a	n/a	n/a	n/a	n/a	n/a	n/a	n/a	n/a	n/a	2685.969478	n/a
2686.545177	2.007218	537309	time_discrimination	n/a	n/a	n/a	72.0	n/a	n/a	n/a	2685.96947775	n/a	1.0642740932580637	1.0	2	1.0	SB_30_ShortA.png	n/a	5	2689.616669	n/a	179	2	1	intervals/timediscrimination_table	178	2686.545177	2688.552395
2686.545177	0.000000	537309	ttl	1	72	n/a	n/a	n/a	n/a	n/a	n/a	n/a	n/a	n/a	n/a	n/a	n/a	n/a	n/a	n/a	n/a	n/a	n/a	n/a	n/a	n/a	2686.545177	n/a
2688.552395	0.000000	537710	ttl	2	72	n/a	n/a	n/a	n/a	n/a	n/a	n/a	n/a	n/a	n/a	n/a	n/a	n/a	n/a	n/a	n/a	n/a	n/a	n/a	n/a	n/a	2688.552395	n/a
2689.616669	0.000000	537923	ttl	4	72	n/a	n/a	n/a	n/a	n/a	n/a	n/a	n/a	n/a	n/a	n/a	n/a	n/a	n/a	n/a	n/a	n/a	n/a	n/a	n/a	n/a	2689.616669	n/a
2689.656200	0.000000	537931	ttl	11	72	n/a	n/a	n/a	n/a	n/a	n/a	n/a	n/a	n/a	n/a	n/a	n/a	n/a	n/a	n/a	n/a	n/a	n/a	n/a	n/a	n/a	2689.656200	n/a
2690.254635	2.053032	538051	time_discrimination	n/a	n/a	n/a	72.0	n/a	n/a	n/a	2689.6562	n/a	1.435779068604461	1.0	2	2.0	SB_30_LongA.png	n/a	3	2693.7434467499997	n/a	180	1	2	intervals/timediscrimination_table	179	2690.254635	2692.307668
2690.254635	0.000000	538051	ttl	1	72	n/a	n/a	n/a	n/a	n/a	n/a	n/a	n/a	n/a	n/a	n/a	n/a	n/a	n/a	n/a	n/a	n/a	n/a	n/a	n/a	n/a	2690.254635	n/a
2692.307668	0.000000	538462	ttl	2	72	n/a	n/a	n/a	n/a	n/a	n/a	n/a	n/a	n/a	n/a	n/a	n/a	n/a	n/a	n/a	n/a	n/a	n/a	n/a	n/a	n/a	2692.307668	n/a
2693.743447	0.000000	538749	ttl	4	72	n/a	n/a	n/a	n/a	n/a	n/a	n/a	n/a	n/a	n/a	n/a	n/a	n/a	n/a	n/a	n/a	n/a	n/a	n/a	n/a	n/a	2693.743447	n/a
2693.802134	0.000000	538760	ttl	60	72	n/a	n/a	n/a	n/a	n/a	n/a	n/a	n/a	n/a	n/a	n/a	n/a	n/a	n/a	n/a	n/a	n/a	n/a	n/a	n/a	n/a	2693.802134	n/a
