onset	duration	sample	trial_type	value	experiment_id	Clip_name	ExperimentID	boundary1_time	boundary2_time	boundary3_time	fixcross_time	stimCategory	RT	accuracy	boundary_type	confidence	frameName	old_new	resp_value	source_response_time	stimuli_type	trial_num	leftright	resp_key	source_table	source_row_id	source_start_time	source_stop_time
0.000000	0.000000	0	ttl	61	70	n/a	n/a	n/a	n/a	n/a	n/a	n/a	n/a	n/a	n/a	n/a	n/a	n/a	n/a	n/a	n/a	n/a	n/a	n/a	n/a	n/a	0.000000	n/a
0.051622	0.000000	10	ttl	11	70	n/a	n/a	n/a	n/a	n/a	n/a	n/a	n/a	n/a	n/a	n/a	n/a	n/a	n/a	n/a	n/a	n/a	n/a	n/a	n/a	n/a	0.051622	n/a
1.068010	8.198643	214	encoding	n/a	n/a	NB_13.mp4	70.0	5.06800975	n/a	n/a	0.05162175	0	n/a	n/a	n/a	n/a	n/a	n/a	n/a	n/a	n/a	n/a	n/a	n/a	intervals/encoding_table	0	1.068010	9.266652
1.068010	0.000000	214	ttl	1	70	n/a	n/a	n/a	n/a	n/a	n/a	n/a	n/a	n/a	n/a	n/a	n/a	n/a	n/a	n/a	n/a	n/a	n/a	n/a	n/a	n/a	1.068010	n/a
9.266652	0.000000	1853	ttl	2	70	n/a	n/a	n/a	n/a	n/a	n/a	n/a	n/a	n/a	n/a	n/a	n/a	n/a	n/a	n/a	n/a	n/a	n/a	n/a	n/a	n/a	9.266652	n/a
9.274140	0.000000	1855	ttl	11	70	n/a	n/a	n/a	n/a	n/a	n/a	n/a	n/a	n/a	n/a	n/a	n/a	n/a	n/a	n/a	n/a	n/a	n/a	n/a	n/a	n/a	9.274140	n/a
10.203686	8.064830	2041	encoding	n/a	n/a	NB_22.mp4	70.0	14.20368575	n/a	n/a	9.2741405	0	n/a	n/a	n/a	n/a	n/a	n/a	n/a	n/a	n/a	n/a	n/a	n/a	intervals/encoding_table	1	10.203686	18.268515
10.203686	0.000000	2041	ttl	1	70	n/a	n/a	n/a	n/a	n/a	n/a	n/a	n/a	n/a	n/a	n/a	n/a	n/a	n/a	n/a	n/a	n/a	n/a	n/a	n/a	n/a	10.203686	n/a
18.268515	0.000000	3654	ttl	2	70	n/a	n/a	n/a	n/a	n/a	n/a	n/a	n/a	n/a	n/a	n/a	n/a	n/a	n/a	n/a	n/a	n/a	n/a	n/a	n/a	n/a	18.268515	n/a
18.282682	0.000000	3657	ttl	11	70	n/a	n/a	n/a	n/a	n/a	n/a	n/a	n/a	n/a	n/a	n/a	n/a	n/a	n/a	n/a	n/a	n/a	n/a	n/a	n/a	n/a	18.282682	n/a
19.308588	8.034107	3862	encoding	n/a	n/a	NB_12.mp4	70.0	23.3085885	n/a	n/a	18.28268225	0	n/a	n/a	n/a	n/a	n/a	n/a	n/a	n/a	n/a	n/a	n/a	n/a	intervals/encoding_table	2	19.308588	27.342695
19.308588	0.000000	3862	ttl	1	70	n/a	n/a	n/a	n/a	n/a	n/a	n/a	n/a	n/a	n/a	n/a	n/a	n/a	n/a	n/a	n/a	n/a	n/a	n/a	n/a	n/a	19.308588	n/a
27.342695	0.000000	5469	ttl	2	70	n/a	n/a	n/a	n/a	n/a	n/a	n/a	n/a	n/a	n/a	n/a	n/a	n/a	n/a	n/a	n/a	n/a	n/a	n/a	n/a	n/a	27.342695	n/a
27.357279	0.000000	5471	ttl	11	70	n/a	n/a	n/a	n/a	n/a	n/a	n/a	n/a	n/a	n/a	n/a	n/a	n/a	n/a	n/a	n/a	n/a	n/a	n/a	n/a	n/a	27.357279	n/a
28.294139	8.165859	5659	encoding	n/a	n/a	SB_2.mp4	70.0	33.823099	n/a	n/a	27.35727875	1	n/a	n/a	n/a	n/a	n/a	n/a	n/a	n/a	n/a	n/a	n/a	n/a	intervals/encoding_table	3	28.294139	36.459998
28.294139	0.000000	5659	ttl	1	70	n/a	n/a	n/a	n/a	n/a	n/a	n/a	n/a	n/a	n/a	n/a	n/a	n/a	n/a	n/a	n/a	n/a	n/a	n/a	n/a	n/a	28.294139	n/a
36.459998	0.000000	7292	ttl	2	70	n/a	n/a	n/a	n/a	n/a	n/a	n/a	n/a	n/a	n/a	n/a	n/a	n/a	n/a	n/a	n/a	n/a	n/a	n/a	n/a	n/a	36.459998	n/a
36.474817	0.000000	7295	ttl	11	70	n/a	n/a	n/a	n/a	n/a	n/a	n/a	n/a	n/a	n/a	n/a	n/a	n/a	n/a	n/a	n/a	n/a	n/a	n/a	n/a	n/a	36.474817	n/a
37.391395	8.464249	7478	encoding	n/a	n/a	SB_26.mp4	70.0	39.126582	40.7846985	42.274463	36.474816749999995	1	n/a	n/a	n/a	n/a	n/a	n/a	n/a	n/a	n/a	n/a	n/a	n/a	intervals/encoding_table	4	37.391395	45.855644
37.391395	0.000000	7478	ttl	1	70	n/a	n/a	n/a	n/a	n/a	n/a	n/a	n/a	n/a	n/a	n/a	n/a	n/a	n/a	n/a	n/a	n/a	n/a	n/a	n/a	n/a	37.391395	n/a
45.855644	0.000000	9171	ttl	2	70	n/a	n/a	n/a	n/a	n/a	n/a	n/a	n/a	n/a	n/a	n/a	n/a	n/a	n/a	n/a	n/a	n/a	n/a	n/a	n/a	n/a	45.855644	n/a
46.885710	0.000000	9377	ttl	11	70	n/a	n/a	n/a	n/a	n/a	n/a	n/a	n/a	n/a	n/a	n/a	n/a	n/a	n/a	n/a	n/a	n/a	n/a	n/a	n/a	n/a	46.885710	n/a
47.828496	7.298875	9566	encoding	n/a	n/a	SB_8.mp4	70.0	51.5629035	n/a	n/a	46.885710499999995	1	n/a	n/a	n/a	n/a	n/a	n/a	n/a	n/a	n/a	n/a	n/a	n/a	intervals/encoding_table	5	47.828496	55.127371
47.828496	0.000000	9566	ttl	1	70	n/a	n/a	n/a	n/a	n/a	n/a	n/a	n/a	n/a	n/a	n/a	n/a	n/a	n/a	n/a	n/a	n/a	n/a	n/a	n/a	n/a	47.828496	n/a
55.127371	0.000000	11025	ttl	2	70	n/a	n/a	n/a	n/a	n/a	n/a	n/a	n/a	n/a	n/a	n/a	n/a	n/a	n/a	n/a	n/a	n/a	n/a	n/a	n/a	n/a	55.127371	n/a
55.143233	0.000000	11029	ttl	11	70	n/a	n/a	n/a	n/a	n/a	n/a	n/a	n/a	n/a	n/a	n/a	n/a	n/a	n/a	n/a	n/a	n/a	n/a	n/a	n/a	n/a	55.143233	n/a
56.148520	7.996109	11230	encoding	n/a	n/a	NB_19.mp4	70.0	60.14852	n/a	n/a	55.143232749999996	0	n/a	n/a	n/a	n/a	n/a	n/a	n/a	n/a	n/a	n/a	n/a	n/a	intervals/encoding_table	6	56.148520	64.144629
56.148520	0.000000	11230	ttl	1	70	n/a	n/a	n/a	n/a	n/a	n/a	n/a	n/a	n/a	n/a	n/a	n/a	n/a	n/a	n/a	n/a	n/a	n/a	n/a	n/a	n/a	56.148520	n/a
64.144629	0.000000	12829	ttl	2	70	n/a	n/a	n/a	n/a	n/a	n/a	n/a	n/a	n/a	n/a	n/a	n/a	n/a	n/a	n/a	n/a	n/a	n/a	n/a	n/a	n/a	64.144629	n/a
64.159271	0.000000	12832	ttl	11	70	n/a	n/a	n/a	n/a	n/a	n/a	n/a	n/a	n/a	n/a	n/a	n/a	n/a	n/a	n/a	n/a	n/a	n/a	n/a	n/a	n/a	64.159271	n/a
65.192612	8.930501	13039	encoding	n/a	n/a	SB_18.mp4	70.0	68.02408325	69.80853725	n/a	64.15927125	1	n/a	n/a	n/a	n/a	n/a	n/a	n/a	n/a	n/a	n/a	n/a	n/a	intervals/encoding_table	7	65.192612	74.123114
65.192612	0.000000	13039	ttl	1	70	n/a	n/a	n/a	n/a	n/a	n/a	n/a	n/a	n/a	n/a	n/a	n/a	n/a	n/a	n/a	n/a	n/a	n/a	n/a	n/a	n/a	65.192612	n/a
74.123114	0.000000	14825	ttl	2	70	n/a	n/a	n/a	n/a	n/a	n/a	n/a	n/a	n/a	n/a	n/a	n/a	n/a	n/a	n/a	n/a	n/a	n/a	n/a	n/a	n/a	74.123114	n/a
74.137965	0.000000	14828	ttl	11	70	n/a	n/a	n/a	n/a	n/a	n/a	n/a	n/a	n/a	n/a	n/a	n/a	n/a	n/a	n/a	n/a	n/a	n/a	n/a	n/a	n/a	74.137965	n/a
75.129765	8.064234	15026	encoding	n/a	n/a	HB_16.mp4	70.0	79.12976524999999	n/a	n/a	74.13796549999999	2	n/a	n/a	n/a	n/a	n/a	n/a	n/a	n/a	n/a	n/a	n/a	n/a	intervals/encoding_table	8	75.129765	83.193999
75.129765	0.000000	15026	ttl	1	70	n/a	n/a	n/a	n/a	n/a	n/a	n/a	n/a	n/a	n/a	n/a	n/a	n/a	n/a	n/a	n/a	n/a	n/a	n/a	n/a	n/a	75.129765	n/a
83.193999	0.000000	16639	ttl	2	70	n/a	n/a	n/a	n/a	n/a	n/a	n/a	n/a	n/a	n/a	n/a	n/a	n/a	n/a	n/a	n/a	n/a	n/a	n/a	n/a	n/a	83.193999	n/a
83.209441	0.000000	16642	ttl	11	70	n/a	n/a	n/a	n/a	n/a	n/a	n/a	n/a	n/a	n/a	n/a	n/a	n/a	n/a	n/a	n/a	n/a	n/a	n/a	n/a	n/a	83.209441	n/a
84.152533	7.965895	16831	encoding	n/a	n/a	SB_27.mp4	70.0	85.69477599999999	87.2671135	88.71269975	83.20944125	1	n/a	n/a	n/a	n/a	n/a	n/a	n/a	n/a	n/a	n/a	n/a	n/a	intervals/encoding_table	9	84.152533	92.118427
84.152533	0.000000	16831	ttl	1	70	n/a	n/a	n/a	n/a	n/a	n/a	n/a	n/a	n/a	n/a	n/a	n/a	n/a	n/a	n/a	n/a	n/a	n/a	n/a	n/a	n/a	84.152533	n/a
92.118427	0.000000	18424	ttl	2	70	n/a	n/a	n/a	n/a	n/a	n/a	n/a	n/a	n/a	n/a	n/a	n/a	n/a	n/a	n/a	n/a	n/a	n/a	n/a	n/a	n/a	92.118427	n/a
92.133640	0.000000	18427	ttl	11	70	n/a	n/a	n/a	n/a	n/a	n/a	n/a	n/a	n/a	n/a	n/a	n/a	n/a	n/a	n/a	n/a	n/a	n/a	n/a	n/a	n/a	92.133640	n/a
93.077696	7.983272	18616	encoding	n/a	n/a	NB_11.mp4	70.0	97.07769574999999	n/a	n/a	92.1336405	0	n/a	n/a	n/a	n/a	n/a	n/a	n/a	n/a	n/a	n/a	n/a	n/a	intervals/encoding_table	10	93.077696	101.060968
93.077696	0.000000	18616	ttl	1	70	n/a	n/a	n/a	n/a	n/a	n/a	n/a	n/a	n/a	n/a	n/a	n/a	n/a	n/a	n/a	n/a	n/a	n/a	n/a	n/a	n/a	93.077696	n/a
101.060968	0.000000	20212	ttl	2	70	n/a	n/a	n/a	n/a	n/a	n/a	n/a	n/a	n/a	n/a	n/a	n/a	n/a	n/a	n/a	n/a	n/a	n/a	n/a	n/a	n/a	101.060968	n/a
118.754764	0.000000	23751	ttl	11	70	n/a	n/a	n/a	n/a	n/a	n/a	n/a	n/a	n/a	n/a	n/a	n/a	n/a	n/a	n/a	n/a	n/a	n/a	n/a	n/a	n/a	118.754764	n/a
119.832781	7.929910	23967	encoding	n/a	n/a	NB_3.mp4	70.0	123.83278125	n/a	n/a	118.75476375	0	n/a	n/a	n/a	n/a	n/a	n/a	n/a	n/a	n/a	n/a	n/a	n/a	intervals/encoding_table	11	119.832781	127.762692
119.832781	0.000000	23967	ttl	1	70	n/a	n/a	n/a	n/a	n/a	n/a	n/a	n/a	n/a	n/a	n/a	n/a	n/a	n/a	n/a	n/a	n/a	n/a	n/a	n/a	n/a	119.832781	n/a
127.762692	0.000000	25553	ttl	2	70	n/a	n/a	n/a	n/a	n/a	n/a	n/a	n/a	n/a	n/a	n/a	n/a	n/a	n/a	n/a	n/a	n/a	n/a	n/a	n/a	n/a	127.762692	n/a
127.777540	0.000000	25556	ttl	11	70	n/a	n/a	n/a	n/a	n/a	n/a	n/a	n/a	n/a	n/a	n/a	n/a	n/a	n/a	n/a	n/a	n/a	n/a	n/a	n/a	n/a	127.777540	n/a
128.737850	7.932216	25748	encoding	n/a	n/a	SB_23.mp4	70.0	131.43610875	132.98995474999998	n/a	127.77753974999999	1	n/a	n/a	n/a	n/a	n/a	n/a	n/a	n/a	n/a	n/a	n/a	n/a	intervals/encoding_table	12	128.737850	136.670066
128.737850	0.000000	25748	ttl	1	70	n/a	n/a	n/a	n/a	n/a	n/a	n/a	n/a	n/a	n/a	n/a	n/a	n/a	n/a	n/a	n/a	n/a	n/a	n/a	n/a	n/a	128.737850	n/a
136.670066	0.000000	27334	ttl	2	70	n/a	n/a	n/a	n/a	n/a	n/a	n/a	n/a	n/a	n/a	n/a	n/a	n/a	n/a	n/a	n/a	n/a	n/a	n/a	n/a	n/a	136.670066	n/a
136.684981	0.000000	27337	ttl	11	70	n/a	n/a	n/a	n/a	n/a	n/a	n/a	n/a	n/a	n/a	n/a	n/a	n/a	n/a	n/a	n/a	n/a	n/a	n/a	n/a	n/a	136.684981	n/a
137.634993	7.932586	27527	encoding	n/a	n/a	SB_9.mp4	70.0	143.42252725	n/a	n/a	136.68498075	1	n/a	n/a	n/a	n/a	n/a	n/a	n/a	n/a	n/a	n/a	n/a	n/a	intervals/encoding_table	13	137.634993	145.567579
137.634993	0.000000	27527	ttl	1	70	n/a	n/a	n/a	n/a	n/a	n/a	n/a	n/a	n/a	n/a	n/a	n/a	n/a	n/a	n/a	n/a	n/a	n/a	n/a	n/a	n/a	137.634993	n/a
145.567579	0.000000	29114	ttl	2	70	n/a	n/a	n/a	n/a	n/a	n/a	n/a	n/a	n/a	n/a	n/a	n/a	n/a	n/a	n/a	n/a	n/a	n/a	n/a	n/a	n/a	145.567579	n/a
145.583174	0.000000	29117	ttl	11	70	n/a	n/a	n/a	n/a	n/a	n/a	n/a	n/a	n/a	n/a	n/a	n/a	n/a	n/a	n/a	n/a	n/a	n/a	n/a	n/a	n/a	145.583174	n/a
146.662497	7.629768	29332	encoding	n/a	n/a	SB_16.mp4	70.0	147.94627	150.46175025	n/a	145.58317399999999	1	n/a	n/a	n/a	n/a	n/a	n/a	n/a	n/a	n/a	n/a	n/a	n/a	intervals/encoding_table	14	146.662497	154.292265
146.662497	0.000000	29332	ttl	1	70	n/a	n/a	n/a	n/a	n/a	n/a	n/a	n/a	n/a	n/a	n/a	n/a	n/a	n/a	n/a	n/a	n/a	n/a	n/a	n/a	n/a	146.662497	n/a
154.292265	0.000000	30858	ttl	2	70	n/a	n/a	n/a	n/a	n/a	n/a	n/a	n/a	n/a	n/a	n/a	n/a	n/a	n/a	n/a	n/a	n/a	n/a	n/a	n/a	n/a	154.292265	n/a
154.307079	0.000000	30861	ttl	11	70	n/a	n/a	n/a	n/a	n/a	n/a	n/a	n/a	n/a	n/a	n/a	n/a	n/a	n/a	n/a	n/a	n/a	n/a	n/a	n/a	n/a	154.307079	n/a
155.231024	8.065747	31046	encoding	n/a	n/a	HB_15.mp4	70.0	159.23102425	158.4582825	161.495656	154.30707875	2	n/a	n/a	n/a	n/a	n/a	n/a	n/a	n/a	n/a	n/a	n/a	n/a	intervals/encoding_table	15	155.231024	163.296771
155.231024	0.000000	31046	ttl	1	70	n/a	n/a	n/a	n/a	n/a	n/a	n/a	n/a	n/a	n/a	n/a	n/a	n/a	n/a	n/a	n/a	n/a	n/a	n/a	n/a	n/a	155.231024	n/a
163.296771	0.000000	32659	ttl	2	70	n/a	n/a	n/a	n/a	n/a	n/a	n/a	n/a	n/a	n/a	n/a	n/a	n/a	n/a	n/a	n/a	n/a	n/a	n/a	n/a	n/a	163.296771	n/a
163.311570	0.000000	32662	ttl	11	70	n/a	n/a	n/a	n/a	n/a	n/a	n/a	n/a	n/a	n/a	n/a	n/a	n/a	n/a	n/a	n/a	n/a	n/a	n/a	n/a	n/a	163.311570	n/a
164.344610	9.165865	32869	encoding	n/a	n/a	SB_22.mp4	70.0	165.416033	166.47969874999998	n/a	163.31157	1	n/a	n/a	n/a	n/a	n/a	n/a	n/a	n/a	n/a	n/a	n/a	n/a	intervals/encoding_table	16	164.344610	173.510474
164.344610	0.000000	32869	ttl	1	70	n/a	n/a	n/a	n/a	n/a	n/a	n/a	n/a	n/a	n/a	n/a	n/a	n/a	n/a	n/a	n/a	n/a	n/a	n/a	n/a	n/a	164.344610	n/a
173.510474	0.000000	34702	ttl	2	70	n/a	n/a	n/a	n/a	n/a	n/a	n/a	n/a	n/a	n/a	n/a	n/a	n/a	n/a	n/a	n/a	n/a	n/a	n/a	n/a	n/a	173.510474	n/a
173.525384	0.000000	34705	ttl	11	70	n/a	n/a	n/a	n/a	n/a	n/a	n/a	n/a	n/a	n/a	n/a	n/a	n/a	n/a	n/a	n/a	n/a	n/a	n/a	n/a	n/a	173.525384	n/a
174.490878	8.104574	34898	encoding	n/a	n/a	SB_30.mp4	70.0	175.04254699999998	176.322856	178.07754275	173.5253835	1	n/a	n/a	n/a	n/a	n/a	n/a	n/a	n/a	n/a	n/a	n/a	n/a	intervals/encoding_table	17	174.490878	182.595452
174.490878	0.000000	34898	ttl	1	70	n/a	n/a	n/a	n/a	n/a	n/a	n/a	n/a	n/a	n/a	n/a	n/a	n/a	n/a	n/a	n/a	n/a	n/a	n/a	n/a	n/a	174.490878	n/a
182.595452	0.000000	36519	ttl	2	70	n/a	n/a	n/a	n/a	n/a	n/a	n/a	n/a	n/a	n/a	n/a	n/a	n/a	n/a	n/a	n/a	n/a	n/a	n/a	n/a	n/a	182.595452	n/a
195.124105	0.000000	39025	ttl	11	70	n/a	n/a	n/a	n/a	n/a	n/a	n/a	n/a	n/a	n/a	n/a	n/a	n/a	n/a	n/a	n/a	n/a	n/a	n/a	n/a	n/a	195.124105	n/a
196.089324	7.964256	39218	encoding	n/a	n/a	HB_24.mp4	70.0	200.08932374999998	n/a	n/a	195.124105	2	n/a	n/a	n/a	n/a	n/a	n/a	n/a	n/a	n/a	n/a	n/a	n/a	intervals/encoding_table	18	196.089324	204.053579
196.089324	0.000000	39218	ttl	1	70	n/a	n/a	n/a	n/a	n/a	n/a	n/a	n/a	n/a	n/a	n/a	n/a	n/a	n/a	n/a	n/a	n/a	n/a	n/a	n/a	n/a	196.089324	n/a
204.053579	0.000000	40811	ttl	2	70	n/a	n/a	n/a	n/a	n/a	n/a	n/a	n/a	n/a	n/a	n/a	n/a	n/a	n/a	n/a	n/a	n/a	n/a	n/a	n/a	n/a	204.053579	n/a
204.068533	0.000000	40814	ttl	11	70	n/a	n/a	n/a	n/a	n/a	n/a	n/a	n/a	n/a	n/a	n/a	n/a	n/a	n/a	n/a	n/a	n/a	n/a	n/a	n/a	n/a	204.068533	n/a
205.133630	8.145238	41027	encoding	n/a	n/a	SB_14.mp4	70.0	208.5605085	n/a	n/a	204.0685325	1	n/a	n/a	n/a	n/a	n/a	n/a	n/a	n/a	n/a	n/a	n/a	n/a	intervals/encoding_table	19	205.133630	213.278868
205.133630	0.000000	41027	ttl	1	70	n/a	n/a	n/a	n/a	n/a	n/a	n/a	n/a	n/a	n/a	n/a	n/a	n/a	n/a	n/a	n/a	n/a	n/a	n/a	n/a	n/a	205.133630	n/a
213.278868	0.000000	42656	ttl	2	70	n/a	n/a	n/a	n/a	n/a	n/a	n/a	n/a	n/a	n/a	n/a	n/a	n/a	n/a	n/a	n/a	n/a	n/a	n/a	n/a	n/a	213.278868	n/a
213.293807	0.000000	42659	ttl	11	70	n/a	n/a	n/a	n/a	n/a	n/a	n/a	n/a	n/a	n/a	n/a	n/a	n/a	n/a	n/a	n/a	n/a	n/a	n/a	n/a	n/a	213.293807	n/a
214.303849	8.265128	42861	encoding	n/a	n/a	HB_27.mp4	70.0	218.30384924999998	n/a	n/a	213.29380675	2	n/a	n/a	n/a	n/a	n/a	n/a	n/a	n/a	n/a	n/a	n/a	n/a	intervals/encoding_table	20	214.303849	222.568977
214.303849	0.000000	42861	ttl	1	70	n/a	n/a	n/a	n/a	n/a	n/a	n/a	n/a	n/a	n/a	n/a	n/a	n/a	n/a	n/a	n/a	n/a	n/a	n/a	n/a	n/a	214.303849	n/a
222.568977	0.000000	44514	ttl	2	70	n/a	n/a	n/a	n/a	n/a	n/a	n/a	n/a	n/a	n/a	n/a	n/a	n/a	n/a	n/a	n/a	n/a	n/a	n/a	n/a	n/a	222.568977	n/a
222.583906	0.000000	44517	ttl	11	70	n/a	n/a	n/a	n/a	n/a	n/a	n/a	n/a	n/a	n/a	n/a	n/a	n/a	n/a	n/a	n/a	n/a	n/a	n/a	n/a	n/a	222.583906	n/a
223.612862	7.530919	44723	encoding	n/a	n/a	NB_15.mp4	70.0	227.61286174999998	n/a	n/a	222.58390624999998	0	n/a	n/a	n/a	n/a	n/a	n/a	n/a	n/a	n/a	n/a	n/a	n/a	intervals/encoding_table	21	223.612862	231.143780
223.612862	0.000000	44723	ttl	1	70	n/a	n/a	n/a	n/a	n/a	n/a	n/a	n/a	n/a	n/a	n/a	n/a	n/a	n/a	n/a	n/a	n/a	n/a	n/a	n/a	n/a	223.612862	n/a
231.143780	0.000000	46229	ttl	2	70	n/a	n/a	n/a	n/a	n/a	n/a	n/a	n/a	n/a	n/a	n/a	n/a	n/a	n/a	n/a	n/a	n/a	n/a	n/a	n/a	n/a	231.143780	n/a
231.159862	0.000000	46232	ttl	11	70	n/a	n/a	n/a	n/a	n/a	n/a	n/a	n/a	n/a	n/a	n/a	n/a	n/a	n/a	n/a	n/a	n/a	n/a	n/a	n/a	n/a	231.159862	n/a
232.228888	8.263464	46446	encoding	n/a	n/a	NB_10.mp4	70.0	236.22888824999998	n/a	n/a	231.15986225	0	n/a	n/a	n/a	n/a	n/a	n/a	n/a	n/a	n/a	n/a	n/a	n/a	intervals/encoding_table	22	232.228888	240.492353
232.228888	0.000000	46446	ttl	1	70	n/a	n/a	n/a	n/a	n/a	n/a	n/a	n/a	n/a	n/a	n/a	n/a	n/a	n/a	n/a	n/a	n/a	n/a	n/a	n/a	n/a	232.228888	n/a
240.492353	0.000000	48098	ttl	2	70	n/a	n/a	n/a	n/a	n/a	n/a	n/a	n/a	n/a	n/a	n/a	n/a	n/a	n/a	n/a	n/a	n/a	n/a	n/a	n/a	n/a	240.492353	n/a
240.508359	0.000000	48102	ttl	11	70	n/a	n/a	n/a	n/a	n/a	n/a	n/a	n/a	n/a	n/a	n/a	n/a	n/a	n/a	n/a	n/a	n/a	n/a	n/a	n/a	n/a	240.508359	n/a
241.527359	7.530962	48305	encoding	n/a	n/a	SB_3.mp4	70.0	243.16229299999998	n/a	n/a	240.50835924999998	1	n/a	n/a	n/a	n/a	n/a	n/a	n/a	n/a	n/a	n/a	n/a	n/a	intervals/encoding_table	23	241.527359	249.058321
241.527359	0.000000	48305	ttl	1	70	n/a	n/a	n/a	n/a	n/a	n/a	n/a	n/a	n/a	n/a	n/a	n/a	n/a	n/a	n/a	n/a	n/a	n/a	n/a	n/a	n/a	241.527359	n/a
249.058321	0.000000	49812	ttl	2	70	n/a	n/a	n/a	n/a	n/a	n/a	n/a	n/a	n/a	n/a	n/a	n/a	n/a	n/a	n/a	n/a	n/a	n/a	n/a	n/a	n/a	249.058321	n/a
254.306400	0.000000	50861	ttl	11	70	n/a	n/a	n/a	n/a	n/a	n/a	n/a	n/a	n/a	n/a	n/a	n/a	n/a	n/a	n/a	n/a	n/a	n/a	n/a	n/a	n/a	254.306400	n/a
255.272597	8.099931	51055	encoding	n/a	n/a	NB_17.mp4	70.0	259.27259725	n/a	n/a	254.3064	0	n/a	n/a	n/a	n/a	n/a	n/a	n/a	n/a	n/a	n/a	n/a	n/a	intervals/encoding_table	24	255.272597	263.372528
255.272597	0.000000	51055	ttl	1	70	n/a	n/a	n/a	n/a	n/a	n/a	n/a	n/a	n/a	n/a	n/a	n/a	n/a	n/a	n/a	n/a	n/a	n/a	n/a	n/a	n/a	255.272597	n/a
263.372528	0.000000	52675	ttl	2	70	n/a	n/a	n/a	n/a	n/a	n/a	n/a	n/a	n/a	n/a	n/a	n/a	n/a	n/a	n/a	n/a	n/a	n/a	n/a	n/a	n/a	263.372528	n/a
263.388025	0.000000	52678	ttl	11	70	n/a	n/a	n/a	n/a	n/a	n/a	n/a	n/a	n/a	n/a	n/a	n/a	n/a	n/a	n/a	n/a	n/a	n/a	n/a	n/a	n/a	263.388025	n/a
264.330307	8.033506	52866	encoding	n/a	n/a	HB_12.mp4	70.0	268.33030675	265.96804449999996	270.25744775	263.38802525	2	n/a	n/a	n/a	n/a	n/a	n/a	n/a	n/a	n/a	n/a	n/a	n/a	intervals/encoding_table	25	264.330307	272.363813
264.330307	0.000000	52866	ttl	1	70	n/a	n/a	n/a	n/a	n/a	n/a	n/a	n/a	n/a	n/a	n/a	n/a	n/a	n/a	n/a	n/a	n/a	n/a	n/a	n/a	n/a	264.330307	n/a
272.363813	0.000000	54473	ttl	2	70	n/a	n/a	n/a	n/a	n/a	n/a	n/a	n/a	n/a	n/a	n/a	n/a	n/a	n/a	n/a	n/a	n/a	n/a	n/a	n/a	n/a	272.363813	n/a
272.379189	0.000000	54476	ttl	11	70	n/a	n/a	n/a	n/a	n/a	n/a	n/a	n/a	n/a	n/a	n/a	n/a	n/a	n/a	n/a	n/a	n/a	n/a	n/a	n/a	n/a	272.379189	n/a
273.404326	7.930958	54681	encoding	n/a	n/a	NB_16.mp4	70.0	277.40432649999997	n/a	n/a	272.379189	0	n/a	n/a	n/a	n/a	n/a	n/a	n/a	n/a	n/a	n/a	n/a	n/a	intervals/encoding_table	26	273.404326	281.335284
273.404326	0.000000	54681	ttl	1	70	n/a	n/a	n/a	n/a	n/a	n/a	n/a	n/a	n/a	n/a	n/a	n/a	n/a	n/a	n/a	n/a	n/a	n/a	n/a	n/a	n/a	273.404326	n/a
281.335284	0.000000	56267	ttl	2	70	n/a	n/a	n/a	n/a	n/a	n/a	n/a	n/a	n/a	n/a	n/a	n/a	n/a	n/a	n/a	n/a	n/a	n/a	n/a	n/a	n/a	281.335284	n/a
281.350754	0.000000	56270	ttl	11	70	n/a	n/a	n/a	n/a	n/a	n/a	n/a	n/a	n/a	n/a	n/a	n/a	n/a	n/a	n/a	n/a	n/a	n/a	n/a	n/a	n/a	281.350754	n/a
282.303366	8.028683	56461	encoding	n/a	n/a	HB_28.mp4	70.0	286.303366	n/a	n/a	281.35075374999997	2	n/a	n/a	n/a	n/a	n/a	n/a	n/a	n/a	n/a	n/a	n/a	n/a	intervals/encoding_table	27	282.303366	290.332049
282.303366	0.000000	56461	ttl	1	70	n/a	n/a	n/a	n/a	n/a	n/a	n/a	n/a	n/a	n/a	n/a	n/a	n/a	n/a	n/a	n/a	n/a	n/a	n/a	n/a	n/a	282.303366	n/a
290.332049	0.000000	58066	ttl	2	70	n/a	n/a	n/a	n/a	n/a	n/a	n/a	n/a	n/a	n/a	n/a	n/a	n/a	n/a	n/a	n/a	n/a	n/a	n/a	n/a	n/a	290.332049	n/a
290.347881	0.000000	58070	ttl	11	70	n/a	n/a	n/a	n/a	n/a	n/a	n/a	n/a	n/a	n/a	n/a	n/a	n/a	n/a	n/a	n/a	n/a	n/a	n/a	n/a	n/a	290.347881	n/a
291.443011	8.229759	58289	encoding	n/a	n/a	NB_26.mp4	70.0	295.44301075	n/a	n/a	290.347881	0	n/a	n/a	n/a	n/a	n/a	n/a	n/a	n/a	n/a	n/a	n/a	n/a	intervals/encoding_table	28	291.443011	299.672769
291.443011	0.000000	58289	ttl	1	70	n/a	n/a	n/a	n/a	n/a	n/a	n/a	n/a	n/a	n/a	n/a	n/a	n/a	n/a	n/a	n/a	n/a	n/a	n/a	n/a	n/a	291.443011	n/a
299.672769	0.000000	59935	ttl	2	70	n/a	n/a	n/a	n/a	n/a	n/a	n/a	n/a	n/a	n/a	n/a	n/a	n/a	n/a	n/a	n/a	n/a	n/a	n/a	n/a	n/a	299.672769	n/a
321.833593	0.000000	64367	ttl	11	70	n/a	n/a	n/a	n/a	n/a	n/a	n/a	n/a	n/a	n/a	n/a	n/a	n/a	n/a	n/a	n/a	n/a	n/a	n/a	n/a	n/a	321.833593	n/a
322.765864	8.032867	64553	encoding	n/a	n/a	NB_24.mp4	70.0	326.76586449999996	n/a	n/a	321.83359325	0	n/a	n/a	n/a	n/a	n/a	n/a	n/a	n/a	n/a	n/a	n/a	n/a	intervals/encoding_table	29	322.765864	330.798732
322.765864	0.000000	64553	ttl	1	70	n/a	n/a	n/a	n/a	n/a	n/a	n/a	n/a	n/a	n/a	n/a	n/a	n/a	n/a	n/a	n/a	n/a	n/a	n/a	n/a	n/a	322.765864	n/a
330.798732	0.000000	66160	ttl	2	70	n/a	n/a	n/a	n/a	n/a	n/a	n/a	n/a	n/a	n/a	n/a	n/a	n/a	n/a	n/a	n/a	n/a	n/a	n/a	n/a	n/a	330.798732	n/a
330.813640	0.000000	66163	ttl	11	70	n/a	n/a	n/a	n/a	n/a	n/a	n/a	n/a	n/a	n/a	n/a	n/a	n/a	n/a	n/a	n/a	n/a	n/a	n/a	n/a	n/a	330.813640	n/a
331.872549	6.871070	66375	encoding	n/a	n/a	NB_4.mp4	70.0	335.872549	n/a	n/a	330.81364049999996	0	n/a	n/a	n/a	n/a	n/a	n/a	n/a	n/a	n/a	n/a	n/a	n/a	intervals/encoding_table	30	331.872549	338.743619
331.872549	0.000000	66375	ttl	1	70	n/a	n/a	n/a	n/a	n/a	n/a	n/a	n/a	n/a	n/a	n/a	n/a	n/a	n/a	n/a	n/a	n/a	n/a	n/a	n/a	n/a	331.872549	n/a
338.743619	0.000000	67749	ttl	2	70	n/a	n/a	n/a	n/a	n/a	n/a	n/a	n/a	n/a	n/a	n/a	n/a	n/a	n/a	n/a	n/a	n/a	n/a	n/a	n/a	n/a	338.743619	n/a
338.758148	0.000000	67752	ttl	11	70	n/a	n/a	n/a	n/a	n/a	n/a	n/a	n/a	n/a	n/a	n/a	n/a	n/a	n/a	n/a	n/a	n/a	n/a	n/a	n/a	n/a	338.758148	n/a
339.843034	7.947297	67969	encoding	n/a	n/a	HB_2.mp4	70.0	343.84303424999996	342.20243949999997	n/a	338.7581475	2	n/a	n/a	n/a	n/a	n/a	n/a	n/a	n/a	n/a	n/a	n/a	n/a	intervals/encoding_table	31	339.843034	347.790331
339.843034	0.000000	67969	ttl	1	70	n/a	n/a	n/a	n/a	n/a	n/a	n/a	n/a	n/a	n/a	n/a	n/a	n/a	n/a	n/a	n/a	n/a	n/a	n/a	n/a	n/a	339.843034	n/a
347.790331	0.000000	69558	ttl	2	70	n/a	n/a	n/a	n/a	n/a	n/a	n/a	n/a	n/a	n/a	n/a	n/a	n/a	n/a	n/a	n/a	n/a	n/a	n/a	n/a	n/a	347.790331	n/a
347.805197	0.000000	69561	ttl	11	70	n/a	n/a	n/a	n/a	n/a	n/a	n/a	n/a	n/a	n/a	n/a	n/a	n/a	n/a	n/a	n/a	n/a	n/a	n/a	n/a	n/a	347.805197	n/a
348.798459	8.062028	69760	encoding	n/a	n/a	SB_12.mp4	70.0	354.65142275	n/a	n/a	347.80519725	1	n/a	n/a	n/a	n/a	n/a	n/a	n/a	n/a	n/a	n/a	n/a	n/a	intervals/encoding_table	32	348.798459	356.860487
348.798459	0.000000	69760	ttl	1	70	n/a	n/a	n/a	n/a	n/a	n/a	n/a	n/a	n/a	n/a	n/a	n/a	n/a	n/a	n/a	n/a	n/a	n/a	n/a	n/a	n/a	348.798459	n/a
356.860487	0.000000	71372	ttl	2	70	n/a	n/a	n/a	n/a	n/a	n/a	n/a	n/a	n/a	n/a	n/a	n/a	n/a	n/a	n/a	n/a	n/a	n/a	n/a	n/a	n/a	356.860487	n/a
356.875413	0.000000	71375	ttl	11	70	n/a	n/a	n/a	n/a	n/a	n/a	n/a	n/a	n/a	n/a	n/a	n/a	n/a	n/a	n/a	n/a	n/a	n/a	n/a	n/a	n/a	356.875413	n/a
357.898126	8.033364	71580	encoding	n/a	n/a	HB_14.mp4	70.0	361.89812624999996	360.64581799999996	363.81988874999996	356.87541325	2	n/a	n/a	n/a	n/a	n/a	n/a	n/a	n/a	n/a	n/a	n/a	n/a	intervals/encoding_table	33	357.898126	365.931490
357.898126	0.000000	71580	ttl	1	70	n/a	n/a	n/a	n/a	n/a	n/a	n/a	n/a	n/a	n/a	n/a	n/a	n/a	n/a	n/a	n/a	n/a	n/a	n/a	n/a	n/a	357.898126	n/a
365.931490	0.000000	73186	ttl	2	70	n/a	n/a	n/a	n/a	n/a	n/a	n/a	n/a	n/a	n/a	n/a	n/a	n/a	n/a	n/a	n/a	n/a	n/a	n/a	n/a	n/a	365.931490	n/a
365.946487	0.000000	73189	ttl	11	70	n/a	n/a	n/a	n/a	n/a	n/a	n/a	n/a	n/a	n/a	n/a	n/a	n/a	n/a	n/a	n/a	n/a	n/a	n/a	n/a	n/a	365.946487	n/a
366.928585	7.998757	73386	encoding	n/a	n/a	NB_14.mp4	70.0	370.92858474999997	n/a	n/a	365.946487	0	n/a	n/a	n/a	n/a	n/a	n/a	n/a	n/a	n/a	n/a	n/a	n/a	intervals/encoding_table	34	366.928585	374.927342
366.928585	0.000000	73386	ttl	1	70	n/a	n/a	n/a	n/a	n/a	n/a	n/a	n/a	n/a	n/a	n/a	n/a	n/a	n/a	n/a	n/a	n/a	n/a	n/a	n/a	n/a	366.928585	n/a
374.927342	0.000000	74985	ttl	2	70	n/a	n/a	n/a	n/a	n/a	n/a	n/a	n/a	n/a	n/a	n/a	n/a	n/a	n/a	n/a	n/a	n/a	n/a	n/a	n/a	n/a	374.927342	n/a
374.942133	0.000000	74988	ttl	11	70	n/a	n/a	n/a	n/a	n/a	n/a	n/a	n/a	n/a	n/a	n/a	n/a	n/a	n/a	n/a	n/a	n/a	n/a	n/a	n/a	n/a	374.942133	n/a
376.035978	7.997698	75207	encoding	n/a	n/a	NB_30.mp4	70.0	380.035978	n/a	n/a	374.94213325	0	n/a	n/a	n/a	n/a	n/a	n/a	n/a	n/a	n/a	n/a	n/a	n/a	intervals/encoding_table	35	376.035978	384.033676
376.035978	0.000000	75207	ttl	1	70	n/a	n/a	n/a	n/a	n/a	n/a	n/a	n/a	n/a	n/a	n/a	n/a	n/a	n/a	n/a	n/a	n/a	n/a	n/a	n/a	n/a	376.035978	n/a
384.033676	0.000000	76807	ttl	2	70	n/a	n/a	n/a	n/a	n/a	n/a	n/a	n/a	n/a	n/a	n/a	n/a	n/a	n/a	n/a	n/a	n/a	n/a	n/a	n/a	n/a	384.033676	n/a
394.928825	0.000000	78986	ttl	11	70	n/a	n/a	n/a	n/a	n/a	n/a	n/a	n/a	n/a	n/a	n/a	n/a	n/a	n/a	n/a	n/a	n/a	n/a	n/a	n/a	n/a	394.928825	n/a
395.959465	7.764466	79192	encoding	n/a	n/a	NB_23.mp4	70.0	399.95946475	n/a	n/a	394.92882499999996	0	n/a	n/a	n/a	n/a	n/a	n/a	n/a	n/a	n/a	n/a	n/a	n/a	intervals/encoding_table	36	395.959465	403.723931
395.959465	0.000000	79192	ttl	1	70	n/a	n/a	n/a	n/a	n/a	n/a	n/a	n/a	n/a	n/a	n/a	n/a	n/a	n/a	n/a	n/a	n/a	n/a	n/a	n/a	n/a	395.959465	n/a
403.723931	0.000000	80745	ttl	2	70	n/a	n/a	n/a	n/a	n/a	n/a	n/a	n/a	n/a	n/a	n/a	n/a	n/a	n/a	n/a	n/a	n/a	n/a	n/a	n/a	n/a	403.723931	n/a
403.738806	0.000000	80748	ttl	11	70	n/a	n/a	n/a	n/a	n/a	n/a	n/a	n/a	n/a	n/a	n/a	n/a	n/a	n/a	n/a	n/a	n/a	n/a	n/a	n/a	n/a	403.738806	n/a
404.793088	7.596189	80959	encoding	n/a	n/a	SB_28.mp4	70.0	405.76873724999996	407.9170125	409.56332549999996	403.73880599999995	1	n/a	n/a	n/a	n/a	n/a	n/a	n/a	n/a	n/a	n/a	n/a	n/a	intervals/encoding_table	37	404.793088	412.389277
404.793088	0.000000	80959	ttl	1	70	n/a	n/a	n/a	n/a	n/a	n/a	n/a	n/a	n/a	n/a	n/a	n/a	n/a	n/a	n/a	n/a	n/a	n/a	n/a	n/a	n/a	404.793088	n/a
412.389277	0.000000	82478	ttl	2	70	n/a	n/a	n/a	n/a	n/a	n/a	n/a	n/a	n/a	n/a	n/a	n/a	n/a	n/a	n/a	n/a	n/a	n/a	n/a	n/a	n/a	412.389277	n/a
412.404067	0.000000	82481	ttl	11	70	n/a	n/a	n/a	n/a	n/a	n/a	n/a	n/a	n/a	n/a	n/a	n/a	n/a	n/a	n/a	n/a	n/a	n/a	n/a	n/a	n/a	412.404067	n/a
413.387102	8.664400	82677	encoding	n/a	n/a	SB_20.mp4	70.0	416.30608674999996	417.64846024999997	n/a	412.404067	1	n/a	n/a	n/a	n/a	n/a	n/a	n/a	n/a	n/a	n/a	n/a	n/a	intervals/encoding_table	38	413.387102	422.051502
413.387102	0.000000	82677	ttl	1	70	n/a	n/a	n/a	n/a	n/a	n/a	n/a	n/a	n/a	n/a	n/a	n/a	n/a	n/a	n/a	n/a	n/a	n/a	n/a	n/a	n/a	413.387102	n/a
422.051502	0.000000	84410	ttl	2	70	n/a	n/a	n/a	n/a	n/a	n/a	n/a	n/a	n/a	n/a	n/a	n/a	n/a	n/a	n/a	n/a	n/a	n/a	n/a	n/a	n/a	422.051502	n/a
422.066491	0.000000	84413	ttl	11	70	n/a	n/a	n/a	n/a	n/a	n/a	n/a	n/a	n/a	n/a	n/a	n/a	n/a	n/a	n/a	n/a	n/a	n/a	n/a	n/a	n/a	422.066491	n/a
422.996305	8.062696	84599	encoding	n/a	n/a	SB_5.mp4	70.0	427.15810124999996	n/a	n/a	422.066491	1	n/a	n/a	n/a	n/a	n/a	n/a	n/a	n/a	n/a	n/a	n/a	n/a	intervals/encoding_table	39	422.996305	431.059001
422.996305	0.000000	84599	ttl	1	70	n/a	n/a	n/a	n/a	n/a	n/a	n/a	n/a	n/a	n/a	n/a	n/a	n/a	n/a	n/a	n/a	n/a	n/a	n/a	n/a	n/a	422.996305	n/a
431.059001	0.000000	86212	ttl	2	70	n/a	n/a	n/a	n/a	n/a	n/a	n/a	n/a	n/a	n/a	n/a	n/a	n/a	n/a	n/a	n/a	n/a	n/a	n/a	n/a	n/a	431.059001	n/a
431.073764	0.000000	86215	ttl	11	70	n/a	n/a	n/a	n/a	n/a	n/a	n/a	n/a	n/a	n/a	n/a	n/a	n/a	n/a	n/a	n/a	n/a	n/a	n/a	n/a	n/a	431.073764	n/a
432.072627	8.197017	86415	encoding	n/a	n/a	NB_18.mp4	70.0	436.07262749999995	n/a	n/a	431.07376374999996	0	n/a	n/a	n/a	n/a	n/a	n/a	n/a	n/a	n/a	n/a	n/a	n/a	intervals/encoding_table	40	432.072627	440.269644
432.072627	0.000000	86415	ttl	1	70	n/a	n/a	n/a	n/a	n/a	n/a	n/a	n/a	n/a	n/a	n/a	n/a	n/a	n/a	n/a	n/a	n/a	n/a	n/a	n/a	n/a	432.072627	n/a
440.269644	0.000000	88054	ttl	2	70	n/a	n/a	n/a	n/a	n/a	n/a	n/a	n/a	n/a	n/a	n/a	n/a	n/a	n/a	n/a	n/a	n/a	n/a	n/a	n/a	n/a	440.269644	n/a
440.285009	0.000000	88057	ttl	11	70	n/a	n/a	n/a	n/a	n/a	n/a	n/a	n/a	n/a	n/a	n/a	n/a	n/a	n/a	n/a	n/a	n/a	n/a	n/a	n/a	n/a	440.285009	n/a
441.354748	7.998743	88271	encoding	n/a	n/a	NB_9.mp4	70.0	445.35474825	n/a	n/a	440.28500925	0	n/a	n/a	n/a	n/a	n/a	n/a	n/a	n/a	n/a	n/a	n/a	n/a	intervals/encoding_table	41	441.354748	449.353491
441.354748	0.000000	88271	ttl	1	70	n/a	n/a	n/a	n/a	n/a	n/a	n/a	n/a	n/a	n/a	n/a	n/a	n/a	n/a	n/a	n/a	n/a	n/a	n/a	n/a	n/a	441.354748	n/a
449.353491	0.000000	89871	ttl	2	70	n/a	n/a	n/a	n/a	n/a	n/a	n/a	n/a	n/a	n/a	n/a	n/a	n/a	n/a	n/a	n/a	n/a	n/a	n/a	n/a	n/a	449.353491	n/a
460.248518	0.000000	92050	ttl	11	70	n/a	n/a	n/a	n/a	n/a	n/a	n/a	n/a	n/a	n/a	n/a	n/a	n/a	n/a	n/a	n/a	n/a	n/a	n/a	n/a	n/a	460.248518	n/a
461.284076	8.099815	92257	encoding	n/a	n/a	NB_5.mp4	70.0	465.28407575	n/a	n/a	460.2485185	0	n/a	n/a	n/a	n/a	n/a	n/a	n/a	n/a	n/a	n/a	n/a	n/a	intervals/encoding_table	42	461.284076	469.383891
461.284076	0.000000	92257	ttl	1	70	n/a	n/a	n/a	n/a	n/a	n/a	n/a	n/a	n/a	n/a	n/a	n/a	n/a	n/a	n/a	n/a	n/a	n/a	n/a	n/a	n/a	461.284076	n/a
469.383891	0.000000	93877	ttl	2	70	n/a	n/a	n/a	n/a	n/a	n/a	n/a	n/a	n/a	n/a	n/a	n/a	n/a	n/a	n/a	n/a	n/a	n/a	n/a	n/a	n/a	469.383891	n/a
469.398763	0.000000	93880	ttl	11	70	n/a	n/a	n/a	n/a	n/a	n/a	n/a	n/a	n/a	n/a	n/a	n/a	n/a	n/a	n/a	n/a	n/a	n/a	n/a	n/a	n/a	469.398763	n/a
470.387949	8.031820	94078	encoding	n/a	n/a	HB_11.mp4	70.0	474.38794924999996	473.26611699999995	476.60830799999997	469.3987635	2	n/a	n/a	n/a	n/a	n/a	n/a	n/a	n/a	n/a	n/a	n/a	n/a	intervals/encoding_table	43	470.387949	478.419769
470.387949	0.000000	94078	ttl	1	70	n/a	n/a	n/a	n/a	n/a	n/a	n/a	n/a	n/a	n/a	n/a	n/a	n/a	n/a	n/a	n/a	n/a	n/a	n/a	n/a	n/a	470.387949	n/a
478.419769	0.000000	95684	ttl	2	70	n/a	n/a	n/a	n/a	n/a	n/a	n/a	n/a	n/a	n/a	n/a	n/a	n/a	n/a	n/a	n/a	n/a	n/a	n/a	n/a	n/a	478.419769	n/a
478.434445	0.000000	95687	ttl	11	70	n/a	n/a	n/a	n/a	n/a	n/a	n/a	n/a	n/a	n/a	n/a	n/a	n/a	n/a	n/a	n/a	n/a	n/a	n/a	n/a	n/a	478.434445	n/a
479.433860	7.299609	95887	encoding	n/a	n/a	NB_28.mp4	70.0	483.43386024999995	n/a	n/a	478.43444474999995	0	n/a	n/a	n/a	n/a	n/a	n/a	n/a	n/a	n/a	n/a	n/a	n/a	intervals/encoding_table	44	479.433860	486.733469
479.433860	0.000000	95887	ttl	1	70	n/a	n/a	n/a	n/a	n/a	n/a	n/a	n/a	n/a	n/a	n/a	n/a	n/a	n/a	n/a	n/a	n/a	n/a	n/a	n/a	n/a	479.433860	n/a
486.733469	0.000000	97347	ttl	2	70	n/a	n/a	n/a	n/a	n/a	n/a	n/a	n/a	n/a	n/a	n/a	n/a	n/a	n/a	n/a	n/a	n/a	n/a	n/a	n/a	n/a	486.733469	n/a
486.748333	0.000000	97350	ttl	11	70	n/a	n/a	n/a	n/a	n/a	n/a	n/a	n/a	n/a	n/a	n/a	n/a	n/a	n/a	n/a	n/a	n/a	n/a	n/a	n/a	n/a	486.748333	n/a
487.679558	8.066316	97536	encoding	n/a	n/a	HB_20.mp4	70.0	491.679558	n/a	n/a	486.7483325	2	n/a	n/a	n/a	n/a	n/a	n/a	n/a	n/a	n/a	n/a	n/a	n/a	intervals/encoding_table	45	487.679558	495.745874
487.679558	0.000000	97536	ttl	1	70	n/a	n/a	n/a	n/a	n/a	n/a	n/a	n/a	n/a	n/a	n/a	n/a	n/a	n/a	n/a	n/a	n/a	n/a	n/a	n/a	n/a	487.679558	n/a
495.745874	0.000000	99149	ttl	2	70	n/a	n/a	n/a	n/a	n/a	n/a	n/a	n/a	n/a	n/a	n/a	n/a	n/a	n/a	n/a	n/a	n/a	n/a	n/a	n/a	n/a	495.745874	n/a
495.760602	0.000000	99152	ttl	11	70	n/a	n/a	n/a	n/a	n/a	n/a	n/a	n/a	n/a	n/a	n/a	n/a	n/a	n/a	n/a	n/a	n/a	n/a	n/a	n/a	n/a	495.760602	n/a
496.800175	7.895964	99360	encoding	n/a	n/a	HB_30.mp4	70.0	500.80017499999997	n/a	n/a	495.76060175	2	n/a	n/a	n/a	n/a	n/a	n/a	n/a	n/a	n/a	n/a	n/a	n/a	intervals/encoding_table	46	496.800175	504.696139
496.800175	0.000000	99360	ttl	1	70	n/a	n/a	n/a	n/a	n/a	n/a	n/a	n/a	n/a	n/a	n/a	n/a	n/a	n/a	n/a	n/a	n/a	n/a	n/a	n/a	n/a	496.800175	n/a
504.696139	0.000000	100939	ttl	2	70	n/a	n/a	n/a	n/a	n/a	n/a	n/a	n/a	n/a	n/a	n/a	n/a	n/a	n/a	n/a	n/a	n/a	n/a	n/a	n/a	n/a	504.696139	n/a
517.323484	0.000000	103465	ttl	11	70	n/a	n/a	n/a	n/a	n/a	n/a	n/a	n/a	n/a	n/a	n/a	n/a	n/a	n/a	n/a	n/a	n/a	n/a	n/a	n/a	n/a	517.323484	n/a
518.264422	7.832155	103653	encoding	n/a	n/a	HB_29.mp4	70.0	522.2644222499999	n/a	n/a	517.323484	2	n/a	n/a	n/a	n/a	n/a	n/a	n/a	n/a	n/a	n/a	n/a	n/a	intervals/encoding_table	47	518.264422	526.096578
518.264422	0.000000	103653	ttl	1	70	n/a	n/a	n/a	n/a	n/a	n/a	n/a	n/a	n/a	n/a	n/a	n/a	n/a	n/a	n/a	n/a	n/a	n/a	n/a	n/a	n/a	518.264422	n/a
526.096578	0.000000	105219	ttl	2	70	n/a	n/a	n/a	n/a	n/a	n/a	n/a	n/a	n/a	n/a	n/a	n/a	n/a	n/a	n/a	n/a	n/a	n/a	n/a	n/a	n/a	526.096578	n/a
526.111304	0.000000	105222	ttl	11	70	n/a	n/a	n/a	n/a	n/a	n/a	n/a	n/a	n/a	n/a	n/a	n/a	n/a	n/a	n/a	n/a	n/a	n/a	n/a	n/a	n/a	526.111304	n/a
527.146779	8.432882	105429	encoding	n/a	n/a	HB_22.mp4	70.0	531.14677875	n/a	n/a	526.1113037499999	2	n/a	n/a	n/a	n/a	n/a	n/a	n/a	n/a	n/a	n/a	n/a	n/a	intervals/encoding_table	48	527.146779	535.579661
527.146779	0.000000	105429	ttl	1	70	n/a	n/a	n/a	n/a	n/a	n/a	n/a	n/a	n/a	n/a	n/a	n/a	n/a	n/a	n/a	n/a	n/a	n/a	n/a	n/a	n/a	527.146779	n/a
535.579661	0.000000	107116	ttl	2	70	n/a	n/a	n/a	n/a	n/a	n/a	n/a	n/a	n/a	n/a	n/a	n/a	n/a	n/a	n/a	n/a	n/a	n/a	n/a	n/a	n/a	535.579661	n/a
535.594365	0.000000	107119	ttl	11	70	n/a	n/a	n/a	n/a	n/a	n/a	n/a	n/a	n/a	n/a	n/a	n/a	n/a	n/a	n/a	n/a	n/a	n/a	n/a	n/a	n/a	535.594365	n/a
536.519267	7.166065	107304	encoding	n/a	n/a	NB_20.mp4	70.0	540.5192667499999	n/a	n/a	535.5943649999999	0	n/a	n/a	n/a	n/a	n/a	n/a	n/a	n/a	n/a	n/a	n/a	n/a	intervals/encoding_table	49	536.519267	543.685332
536.519267	0.000000	107304	ttl	1	70	n/a	n/a	n/a	n/a	n/a	n/a	n/a	n/a	n/a	n/a	n/a	n/a	n/a	n/a	n/a	n/a	n/a	n/a	n/a	n/a	n/a	536.519267	n/a
543.685332	0.000000	108737	ttl	2	70	n/a	n/a	n/a	n/a	n/a	n/a	n/a	n/a	n/a	n/a	n/a	n/a	n/a	n/a	n/a	n/a	n/a	n/a	n/a	n/a	n/a	543.685332	n/a
543.700172	0.000000	108740	ttl	11	70	n/a	n/a	n/a	n/a	n/a	n/a	n/a	n/a	n/a	n/a	n/a	n/a	n/a	n/a	n/a	n/a	n/a	n/a	n/a	n/a	n/a	543.700172	n/a
544.719267	8.050063	108944	encoding	n/a	n/a	HB_1.mp4	70.0	548.7192665	546.27131675	n/a	543.700172	2	n/a	n/a	n/a	n/a	n/a	n/a	n/a	n/a	n/a	n/a	n/a	n/a	intervals/encoding_table	50	544.719267	552.769330
544.719267	0.000000	108944	ttl	1	70	n/a	n/a	n/a	n/a	n/a	n/a	n/a	n/a	n/a	n/a	n/a	n/a	n/a	n/a	n/a	n/a	n/a	n/a	n/a	n/a	n/a	544.719267	n/a
552.769330	0.000000	110554	ttl	2	70	n/a	n/a	n/a	n/a	n/a	n/a	n/a	n/a	n/a	n/a	n/a	n/a	n/a	n/a	n/a	n/a	n/a	n/a	n/a	n/a	n/a	552.769330	n/a
552.784016	0.000000	110557	ttl	11	70	n/a	n/a	n/a	n/a	n/a	n/a	n/a	n/a	n/a	n/a	n/a	n/a	n/a	n/a	n/a	n/a	n/a	n/a	n/a	n/a	n/a	552.784016	n/a
553.838599	8.033321	110768	encoding	n/a	n/a	HB_9.mp4	70.0	557.8385995	556.3017689999999	559.7132465	552.78401575	2	n/a	n/a	n/a	n/a	n/a	n/a	n/a	n/a	n/a	n/a	n/a	n/a	intervals/encoding_table	51	553.838599	561.871921
553.838599	0.000000	110768	ttl	1	70	n/a	n/a	n/a	n/a	n/a	n/a	n/a	n/a	n/a	n/a	n/a	n/a	n/a	n/a	n/a	n/a	n/a	n/a	n/a	n/a	n/a	553.838599	n/a
561.871921	0.000000	112374	ttl	2	70	n/a	n/a	n/a	n/a	n/a	n/a	n/a	n/a	n/a	n/a	n/a	n/a	n/a	n/a	n/a	n/a	n/a	n/a	n/a	n/a	n/a	561.871921	n/a
568.000424	0.000000	113600	ttl	11	70	n/a	n/a	n/a	n/a	n/a	n/a	n/a	n/a	n/a	n/a	n/a	n/a	n/a	n/a	n/a	n/a	n/a	n/a	n/a	n/a	n/a	568.000424	n/a
569.016340	7.933830	113803	encoding	n/a	n/a	SB_1.mp4	70.0	574.0899587499999	n/a	n/a	568.000424	1	n/a	n/a	n/a	n/a	n/a	n/a	n/a	n/a	n/a	n/a	n/a	n/a	intervals/encoding_table	52	569.016340	576.950170
569.016340	0.000000	113803	ttl	1	70	n/a	n/a	n/a	n/a	n/a	n/a	n/a	n/a	n/a	n/a	n/a	n/a	n/a	n/a	n/a	n/a	n/a	n/a	n/a	n/a	n/a	569.016340	n/a
576.950170	0.000000	115390	ttl	2	70	n/a	n/a	n/a	n/a	n/a	n/a	n/a	n/a	n/a	n/a	n/a	n/a	n/a	n/a	n/a	n/a	n/a	n/a	n/a	n/a	n/a	576.950170	n/a
576.965438	0.000000	115393	ttl	11	70	n/a	n/a	n/a	n/a	n/a	n/a	n/a	n/a	n/a	n/a	n/a	n/a	n/a	n/a	n/a	n/a	n/a	n/a	n/a	n/a	n/a	576.965438	n/a
578.002225	8.333005	115600	encoding	n/a	n/a	SB_11.mp4	70.0	579.79029	n/a	n/a	576.96543775	1	n/a	n/a	n/a	n/a	n/a	n/a	n/a	n/a	n/a	n/a	n/a	n/a	intervals/encoding_table	53	578.002225	586.335229
578.002225	0.000000	115600	ttl	1	70	n/a	n/a	n/a	n/a	n/a	n/a	n/a	n/a	n/a	n/a	n/a	n/a	n/a	n/a	n/a	n/a	n/a	n/a	n/a	n/a	n/a	578.002225	n/a
586.335229	0.000000	117267	ttl	2	70	n/a	n/a	n/a	n/a	n/a	n/a	n/a	n/a	n/a	n/a	n/a	n/a	n/a	n/a	n/a	n/a	n/a	n/a	n/a	n/a	n/a	586.335229	n/a
586.349903	0.000000	117270	ttl	11	70	n/a	n/a	n/a	n/a	n/a	n/a	n/a	n/a	n/a	n/a	n/a	n/a	n/a	n/a	n/a	n/a	n/a	n/a	n/a	n/a	n/a	586.349903	n/a
587.335364	8.265986	117467	encoding	n/a	n/a	NB_21.mp4	70.0	591.3353637499999	n/a	n/a	586.34990325	0	n/a	n/a	n/a	n/a	n/a	n/a	n/a	n/a	n/a	n/a	n/a	n/a	intervals/encoding_table	54	587.335364	595.601350
587.335364	0.000000	117467	ttl	1	70	n/a	n/a	n/a	n/a	n/a	n/a	n/a	n/a	n/a	n/a	n/a	n/a	n/a	n/a	n/a	n/a	n/a	n/a	n/a	n/a	n/a	587.335364	n/a
595.601350	0.000000	119120	ttl	2	70	n/a	n/a	n/a	n/a	n/a	n/a	n/a	n/a	n/a	n/a	n/a	n/a	n/a	n/a	n/a	n/a	n/a	n/a	n/a	n/a	n/a	595.601350	n/a
595.616070	0.000000	119123	ttl	11	70	n/a	n/a	n/a	n/a	n/a	n/a	n/a	n/a	n/a	n/a	n/a	n/a	n/a	n/a	n/a	n/a	n/a	n/a	n/a	n/a	n/a	595.616070	n/a
596.571431	8.030431	119314	encoding	n/a	n/a	HB_17.mp4	70.0	600.571431	n/a	n/a	595.6160699999999	2	n/a	n/a	n/a	n/a	n/a	n/a	n/a	n/a	n/a	n/a	n/a	n/a	intervals/encoding_table	55	596.571431	604.601862
596.571431	0.000000	119314	ttl	1	70	n/a	n/a	n/a	n/a	n/a	n/a	n/a	n/a	n/a	n/a	n/a	n/a	n/a	n/a	n/a	n/a	n/a	n/a	n/a	n/a	n/a	596.571431	n/a
604.601862	0.000000	120920	ttl	2	70	n/a	n/a	n/a	n/a	n/a	n/a	n/a	n/a	n/a	n/a	n/a	n/a	n/a	n/a	n/a	n/a	n/a	n/a	n/a	n/a	n/a	604.601862	n/a
604.617287	0.000000	120923	ttl	11	70	n/a	n/a	n/a	n/a	n/a	n/a	n/a	n/a	n/a	n/a	n/a	n/a	n/a	n/a	n/a	n/a	n/a	n/a	n/a	n/a	n/a	604.617287	n/a
605.712895	8.397275	121143	encoding	n/a	n/a	HB_3.mp4	70.0	609.7128955	608.0230915	n/a	604.61728725	2	n/a	n/a	n/a	n/a	n/a	n/a	n/a	n/a	n/a	n/a	n/a	n/a	intervals/encoding_table	56	605.712895	614.110170
605.712895	0.000000	121143	ttl	1	70	n/a	n/a	n/a	n/a	n/a	n/a	n/a	n/a	n/a	n/a	n/a	n/a	n/a	n/a	n/a	n/a	n/a	n/a	n/a	n/a	n/a	605.712895	n/a
614.110170	0.000000	122822	ttl	2	70	n/a	n/a	n/a	n/a	n/a	n/a	n/a	n/a	n/a	n/a	n/a	n/a	n/a	n/a	n/a	n/a	n/a	n/a	n/a	n/a	n/a	614.110170	n/a
614.124959	0.000000	122825	ttl	11	70	n/a	n/a	n/a	n/a	n/a	n/a	n/a	n/a	n/a	n/a	n/a	n/a	n/a	n/a	n/a	n/a	n/a	n/a	n/a	n/a	n/a	614.124959	n/a
615.217942	7.966479	123044	encoding	n/a	n/a	SB_7.mp4	70.0	617.6104335	n/a	n/a	614.124959	1	n/a	n/a	n/a	n/a	n/a	n/a	n/a	n/a	n/a	n/a	n/a	n/a	intervals/encoding_table	57	615.217942	623.184422
615.217942	0.000000	123044	ttl	1	70	n/a	n/a	n/a	n/a	n/a	n/a	n/a	n/a	n/a	n/a	n/a	n/a	n/a	n/a	n/a	n/a	n/a	n/a	n/a	n/a	n/a	615.217942	n/a
623.184422	0.000000	124637	ttl	2	70	n/a	n/a	n/a	n/a	n/a	n/a	n/a	n/a	n/a	n/a	n/a	n/a	n/a	n/a	n/a	n/a	n/a	n/a	n/a	n/a	n/a	623.184422	n/a
623.199526	0.000000	124640	ttl	11	70	n/a	n/a	n/a	n/a	n/a	n/a	n/a	n/a	n/a	n/a	n/a	n/a	n/a	n/a	n/a	n/a	n/a	n/a	n/a	n/a	n/a	623.199526	n/a
624.245137	8.097790	124849	encoding	n/a	n/a	SB_10.mp4	70.0	630.06957975	n/a	n/a	623.19952625	1	n/a	n/a	n/a	n/a	n/a	n/a	n/a	n/a	n/a	n/a	n/a	n/a	intervals/encoding_table	58	624.245137	632.342927
624.245137	0.000000	124849	ttl	1	70	n/a	n/a	n/a	n/a	n/a	n/a	n/a	n/a	n/a	n/a	n/a	n/a	n/a	n/a	n/a	n/a	n/a	n/a	n/a	n/a	n/a	624.245137	n/a
632.342927	0.000000	126469	ttl	2	70	n/a	n/a	n/a	n/a	n/a	n/a	n/a	n/a	n/a	n/a	n/a	n/a	n/a	n/a	n/a	n/a	n/a	n/a	n/a	n/a	n/a	632.342927	n/a
653.335637	0.000000	130667	ttl	11	70	n/a	n/a	n/a	n/a	n/a	n/a	n/a	n/a	n/a	n/a	n/a	n/a	n/a	n/a	n/a	n/a	n/a	n/a	n/a	n/a	n/a	653.335637	n/a
654.380593	7.796445	130876	encoding	n/a	n/a	HB_6.mp4	70.0	658.380593	656.6265032499999	660.66023875	653.3356375	2	n/a	n/a	n/a	n/a	n/a	n/a	n/a	n/a	n/a	n/a	n/a	n/a	intervals/encoding_table	59	654.380593	662.177038
654.380593	0.000000	130876	ttl	1	70	n/a	n/a	n/a	n/a	n/a	n/a	n/a	n/a	n/a	n/a	n/a	n/a	n/a	n/a	n/a	n/a	n/a	n/a	n/a	n/a	n/a	654.380593	n/a
662.177038	0.000000	132435	ttl	2	70	n/a	n/a	n/a	n/a	n/a	n/a	n/a	n/a	n/a	n/a	n/a	n/a	n/a	n/a	n/a	n/a	n/a	n/a	n/a	n/a	n/a	662.177038	n/a
662.192627	0.000000	132439	ttl	11	70	n/a	n/a	n/a	n/a	n/a	n/a	n/a	n/a	n/a	n/a	n/a	n/a	n/a	n/a	n/a	n/a	n/a	n/a	n/a	n/a	n/a	662.192627	n/a
663.221620	8.163070	132644	encoding	n/a	n/a	NB_7.mp4	70.0	667.22162025	n/a	n/a	662.1926275	0	n/a	n/a	n/a	n/a	n/a	n/a	n/a	n/a	n/a	n/a	n/a	n/a	intervals/encoding_table	60	663.221620	671.384690
663.221620	0.000000	132644	ttl	1	70	n/a	n/a	n/a	n/a	n/a	n/a	n/a	n/a	n/a	n/a	n/a	n/a	n/a	n/a	n/a	n/a	n/a	n/a	n/a	n/a	n/a	663.221620	n/a
671.384690	0.000000	134277	ttl	2	70	n/a	n/a	n/a	n/a	n/a	n/a	n/a	n/a	n/a	n/a	n/a	n/a	n/a	n/a	n/a	n/a	n/a	n/a	n/a	n/a	n/a	671.384690	n/a
671.399409	0.000000	134280	ttl	11	70	n/a	n/a	n/a	n/a	n/a	n/a	n/a	n/a	n/a	n/a	n/a	n/a	n/a	n/a	n/a	n/a	n/a	n/a	n/a	n/a	n/a	671.399409	n/a
672.316579	7.966349	134463	encoding	n/a	n/a	NB_27.mp4	70.0	676.31657875	n/a	n/a	671.39940875	0	n/a	n/a	n/a	n/a	n/a	n/a	n/a	n/a	n/a	n/a	n/a	n/a	intervals/encoding_table	61	672.316579	680.282928
672.316579	0.000000	134463	ttl	1	70	n/a	n/a	n/a	n/a	n/a	n/a	n/a	n/a	n/a	n/a	n/a	n/a	n/a	n/a	n/a	n/a	n/a	n/a	n/a	n/a	n/a	672.316579	n/a
680.282928	0.000000	136057	ttl	2	70	n/a	n/a	n/a	n/a	n/a	n/a	n/a	n/a	n/a	n/a	n/a	n/a	n/a	n/a	n/a	n/a	n/a	n/a	n/a	n/a	n/a	680.282928	n/a
680.297939	0.000000	136060	ttl	11	70	n/a	n/a	n/a	n/a	n/a	n/a	n/a	n/a	n/a	n/a	n/a	n/a	n/a	n/a	n/a	n/a	n/a	n/a	n/a	n/a	n/a	680.297939	n/a
681.303520	8.433393	136261	encoding	n/a	n/a	SB_25.mp4	70.0	683.66099	684.8552535	n/a	680.29793875	1	n/a	n/a	n/a	n/a	n/a	n/a	n/a	n/a	n/a	n/a	n/a	n/a	intervals/encoding_table	62	681.303520	689.736913
681.303520	0.000000	136261	ttl	1	70	n/a	n/a	n/a	n/a	n/a	n/a	n/a	n/a	n/a	n/a	n/a	n/a	n/a	n/a	n/a	n/a	n/a	n/a	n/a	n/a	n/a	681.303520	n/a
689.736913	0.000000	137947	ttl	2	70	n/a	n/a	n/a	n/a	n/a	n/a	n/a	n/a	n/a	n/a	n/a	n/a	n/a	n/a	n/a	n/a	n/a	n/a	n/a	n/a	n/a	689.736913	n/a
689.751776	0.000000	137950	ttl	11	70	n/a	n/a	n/a	n/a	n/a	n/a	n/a	n/a	n/a	n/a	n/a	n/a	n/a	n/a	n/a	n/a	n/a	n/a	n/a	n/a	n/a	689.751776	n/a
690.822084	7.965875	138164	encoding	n/a	n/a	NB_8.mp4	70.0	694.8220845	n/a	n/a	689.751776	0	n/a	n/a	n/a	n/a	n/a	n/a	n/a	n/a	n/a	n/a	n/a	n/a	intervals/encoding_table	63	690.822084	698.787959
690.822084	0.000000	138164	ttl	1	70	n/a	n/a	n/a	n/a	n/a	n/a	n/a	n/a	n/a	n/a	n/a	n/a	n/a	n/a	n/a	n/a	n/a	n/a	n/a	n/a	n/a	690.822084	n/a
698.787959	0.000000	139758	ttl	2	70	n/a	n/a	n/a	n/a	n/a	n/a	n/a	n/a	n/a	n/a	n/a	n/a	n/a	n/a	n/a	n/a	n/a	n/a	n/a	n/a	n/a	698.787959	n/a
698.802864	0.000000	139761	ttl	11	70	n/a	n/a	n/a	n/a	n/a	n/a	n/a	n/a	n/a	n/a	n/a	n/a	n/a	n/a	n/a	n/a	n/a	n/a	n/a	n/a	n/a	698.802864	n/a
699.744861	8.064111	139949	encoding	n/a	n/a	SB_15.mp4	70.0	704.7462634999999	n/a	n/a	698.802864	1	n/a	n/a	n/a	n/a	n/a	n/a	n/a	n/a	n/a	n/a	n/a	n/a	intervals/encoding_table	64	699.744861	707.808972
699.744861	0.000000	139949	ttl	1	70	n/a	n/a	n/a	n/a	n/a	n/a	n/a	n/a	n/a	n/a	n/a	n/a	n/a	n/a	n/a	n/a	n/a	n/a	n/a	n/a	n/a	699.744861	n/a
707.808972	0.000000	141562	ttl	2	70	n/a	n/a	n/a	n/a	n/a	n/a	n/a	n/a	n/a	n/a	n/a	n/a	n/a	n/a	n/a	n/a	n/a	n/a	n/a	n/a	n/a	707.808972	n/a
724.520166	0.000000	144904	ttl	11	70	n/a	n/a	n/a	n/a	n/a	n/a	n/a	n/a	n/a	n/a	n/a	n/a	n/a	n/a	n/a	n/a	n/a	n/a	n/a	n/a	n/a	724.520166	n/a
725.585513	8.667447	145117	encoding	n/a	n/a	NB_6.mp4	70.0	729.5855134999999	n/a	n/a	724.5201657499999	0	n/a	n/a	n/a	n/a	n/a	n/a	n/a	n/a	n/a	n/a	n/a	n/a	intervals/encoding_table	65	725.585513	734.252960
725.585513	0.000000	145117	ttl	1	70	n/a	n/a	n/a	n/a	n/a	n/a	n/a	n/a	n/a	n/a	n/a	n/a	n/a	n/a	n/a	n/a	n/a	n/a	n/a	n/a	n/a	725.585513	n/a
734.252960	0.000000	146851	ttl	2	70	n/a	n/a	n/a	n/a	n/a	n/a	n/a	n/a	n/a	n/a	n/a	n/a	n/a	n/a	n/a	n/a	n/a	n/a	n/a	n/a	n/a	734.252960	n/a
734.267885	0.000000	146854	ttl	11	70	n/a	n/a	n/a	n/a	n/a	n/a	n/a	n/a	n/a	n/a	n/a	n/a	n/a	n/a	n/a	n/a	n/a	n/a	n/a	n/a	n/a	734.267885	n/a
735.209167	7.113589	147042	encoding	n/a	n/a	NB_25.mp4	70.0	739.20916725	n/a	n/a	734.2678854999999	0	n/a	n/a	n/a	n/a	n/a	n/a	n/a	n/a	n/a	n/a	n/a	n/a	intervals/encoding_table	66	735.209167	742.322756
735.209167	0.000000	147042	ttl	1	70	n/a	n/a	n/a	n/a	n/a	n/a	n/a	n/a	n/a	n/a	n/a	n/a	n/a	n/a	n/a	n/a	n/a	n/a	n/a	n/a	n/a	735.209167	n/a
742.322756	0.000000	148465	ttl	2	70	n/a	n/a	n/a	n/a	n/a	n/a	n/a	n/a	n/a	n/a	n/a	n/a	n/a	n/a	n/a	n/a	n/a	n/a	n/a	n/a	n/a	742.322756	n/a
742.337655	0.000000	148468	ttl	11	70	n/a	n/a	n/a	n/a	n/a	n/a	n/a	n/a	n/a	n/a	n/a	n/a	n/a	n/a	n/a	n/a	n/a	n/a	n/a	n/a	n/a	742.337655	n/a
743.332754	8.197238	148667	encoding	n/a	n/a	HB_19.mp4	70.0	747.332754	n/a	n/a	742.33765475	2	n/a	n/a	n/a	n/a	n/a	n/a	n/a	n/a	n/a	n/a	n/a	n/a	intervals/encoding_table	67	743.332754	751.529992
743.332754	0.000000	148667	ttl	1	70	n/a	n/a	n/a	n/a	n/a	n/a	n/a	n/a	n/a	n/a	n/a	n/a	n/a	n/a	n/a	n/a	n/a	n/a	n/a	n/a	n/a	743.332754	n/a
751.529992	0.000000	150306	ttl	2	70	n/a	n/a	n/a	n/a	n/a	n/a	n/a	n/a	n/a	n/a	n/a	n/a	n/a	n/a	n/a	n/a	n/a	n/a	n/a	n/a	n/a	751.529992	n/a
751.545010	0.000000	150309	ttl	11	70	n/a	n/a	n/a	n/a	n/a	n/a	n/a	n/a	n/a	n/a	n/a	n/a	n/a	n/a	n/a	n/a	n/a	n/a	n/a	n/a	n/a	751.545010	n/a
752.504996	8.332490	150501	encoding	n/a	n/a	HB_26.mp4	70.0	756.50499625	n/a	n/a	751.5450105	2	n/a	n/a	n/a	n/a	n/a	n/a	n/a	n/a	n/a	n/a	n/a	n/a	intervals/encoding_table	68	752.504996	760.837486
752.504996	0.000000	150501	ttl	1	70	n/a	n/a	n/a	n/a	n/a	n/a	n/a	n/a	n/a	n/a	n/a	n/a	n/a	n/a	n/a	n/a	n/a	n/a	n/a	n/a	n/a	752.504996	n/a
760.837486	0.000000	152167	ttl	2	70	n/a	n/a	n/a	n/a	n/a	n/a	n/a	n/a	n/a	n/a	n/a	n/a	n/a	n/a	n/a	n/a	n/a	n/a	n/a	n/a	n/a	760.837486	n/a
760.852272	0.000000	152170	ttl	11	70	n/a	n/a	n/a	n/a	n/a	n/a	n/a	n/a	n/a	n/a	n/a	n/a	n/a	n/a	n/a	n/a	n/a	n/a	n/a	n/a	n/a	760.852272	n/a
761.821266	8.031005	152364	encoding	n/a	n/a	HB_21.mp4	70.0	765.8212659999999	n/a	n/a	760.852272	2	n/a	n/a	n/a	n/a	n/a	n/a	n/a	n/a	n/a	n/a	n/a	n/a	intervals/encoding_table	69	761.821266	769.852271
761.821266	0.000000	152364	ttl	1	70	n/a	n/a	n/a	n/a	n/a	n/a	n/a	n/a	n/a	n/a	n/a	n/a	n/a	n/a	n/a	n/a	n/a	n/a	n/a	n/a	n/a	761.821266	n/a
769.852271	0.000000	153970	ttl	2	70	n/a	n/a	n/a	n/a	n/a	n/a	n/a	n/a	n/a	n/a	n/a	n/a	n/a	n/a	n/a	n/a	n/a	n/a	n/a	n/a	n/a	769.852271	n/a
769.867243	0.000000	153973	ttl	11	70	n/a	n/a	n/a	n/a	n/a	n/a	n/a	n/a	n/a	n/a	n/a	n/a	n/a	n/a	n/a	n/a	n/a	n/a	n/a	n/a	n/a	769.867243	n/a
770.952833	8.232906	154191	encoding	n/a	n/a	SB_19.mp4	70.0	773.53724825	775.848204	n/a	769.8672435	1	n/a	n/a	n/a	n/a	n/a	n/a	n/a	n/a	n/a	n/a	n/a	n/a	intervals/encoding_table	70	770.952833	779.185739
770.952833	0.000000	154191	ttl	1	70	n/a	n/a	n/a	n/a	n/a	n/a	n/a	n/a	n/a	n/a	n/a	n/a	n/a	n/a	n/a	n/a	n/a	n/a	n/a	n/a	n/a	770.952833	n/a
779.185739	0.000000	155837	ttl	2	70	n/a	n/a	n/a	n/a	n/a	n/a	n/a	n/a	n/a	n/a	n/a	n/a	n/a	n/a	n/a	n/a	n/a	n/a	n/a	n/a	n/a	779.185739	n/a
779.200698	0.000000	155840	ttl	11	70	n/a	n/a	n/a	n/a	n/a	n/a	n/a	n/a	n/a	n/a	n/a	n/a	n/a	n/a	n/a	n/a	n/a	n/a	n/a	n/a	n/a	779.200698	n/a
780.106723	8.366701	156021	encoding	n/a	n/a	NB_29.mp4	70.0	784.10672275	n/a	n/a	779.2006984999999	0	n/a	n/a	n/a	n/a	n/a	n/a	n/a	n/a	n/a	n/a	n/a	n/a	intervals/encoding_table	71	780.106723	788.473424
780.106723	0.000000	156021	ttl	1	70	n/a	n/a	n/a	n/a	n/a	n/a	n/a	n/a	n/a	n/a	n/a	n/a	n/a	n/a	n/a	n/a	n/a	n/a	n/a	n/a	n/a	780.106723	n/a
788.473424	0.000000	157695	ttl	2	70	n/a	n/a	n/a	n/a	n/a	n/a	n/a	n/a	n/a	n/a	n/a	n/a	n/a	n/a	n/a	n/a	n/a	n/a	n/a	n/a	n/a	788.473424	n/a
804.733751	0.000000	160947	ttl	11	70	n/a	n/a	n/a	n/a	n/a	n/a	n/a	n/a	n/a	n/a	n/a	n/a	n/a	n/a	n/a	n/a	n/a	n/a	n/a	n/a	n/a	804.733751	n/a
805.777758	8.032343	161156	encoding	n/a	n/a	SB_17.mp4	70.0	807.6212805	810.1075455	n/a	804.73375075	1	n/a	n/a	n/a	n/a	n/a	n/a	n/a	n/a	n/a	n/a	n/a	n/a	intervals/encoding_table	72	805.777758	813.810101
805.777758	0.000000	161156	ttl	1	70	n/a	n/a	n/a	n/a	n/a	n/a	n/a	n/a	n/a	n/a	n/a	n/a	n/a	n/a	n/a	n/a	n/a	n/a	n/a	n/a	n/a	805.777758	n/a
813.810101	0.000000	162762	ttl	2	70	n/a	n/a	n/a	n/a	n/a	n/a	n/a	n/a	n/a	n/a	n/a	n/a	n/a	n/a	n/a	n/a	n/a	n/a	n/a	n/a	n/a	813.810101	n/a
813.824908	0.000000	162765	ttl	11	70	n/a	n/a	n/a	n/a	n/a	n/a	n/a	n/a	n/a	n/a	n/a	n/a	n/a	n/a	n/a	n/a	n/a	n/a	n/a	n/a	n/a	813.824908	n/a
814.800151	8.197424	162960	encoding	n/a	n/a	SB_6.mp4	70.0	816.28785325	n/a	n/a	813.8249082499999	1	n/a	n/a	n/a	n/a	n/a	n/a	n/a	n/a	n/a	n/a	n/a	n/a	intervals/encoding_table	73	814.800151	822.997575
814.800151	0.000000	162960	ttl	1	70	n/a	n/a	n/a	n/a	n/a	n/a	n/a	n/a	n/a	n/a	n/a	n/a	n/a	n/a	n/a	n/a	n/a	n/a	n/a	n/a	n/a	814.800151	n/a
822.997575	0.000000	164600	ttl	2	70	n/a	n/a	n/a	n/a	n/a	n/a	n/a	n/a	n/a	n/a	n/a	n/a	n/a	n/a	n/a	n/a	n/a	n/a	n/a	n/a	n/a	822.997575	n/a
823.012378	0.000000	164602	ttl	11	70	n/a	n/a	n/a	n/a	n/a	n/a	n/a	n/a	n/a	n/a	n/a	n/a	n/a	n/a	n/a	n/a	n/a	n/a	n/a	n/a	n/a	823.012378	n/a
824.029984	8.026347	164806	encoding	n/a	n/a	HB_4.mp4	70.0	828.029984	830.11128975	n/a	823.01237825	2	n/a	n/a	n/a	n/a	n/a	n/a	n/a	n/a	n/a	n/a	n/a	n/a	intervals/encoding_table	74	824.029984	832.056331
824.029984	0.000000	164806	ttl	1	70	n/a	n/a	n/a	n/a	n/a	n/a	n/a	n/a	n/a	n/a	n/a	n/a	n/a	n/a	n/a	n/a	n/a	n/a	n/a	n/a	n/a	824.029984	n/a
832.056331	0.000000	166411	ttl	2	70	n/a	n/a	n/a	n/a	n/a	n/a	n/a	n/a	n/a	n/a	n/a	n/a	n/a	n/a	n/a	n/a	n/a	n/a	n/a	n/a	n/a	832.056331	n/a
832.071101	0.000000	166414	ttl	11	70	n/a	n/a	n/a	n/a	n/a	n/a	n/a	n/a	n/a	n/a	n/a	n/a	n/a	n/a	n/a	n/a	n/a	n/a	n/a	n/a	n/a	832.071101	n/a
833.037090	8.232361	166607	encoding	n/a	n/a	SB_29.mp4	70.0	834.9624232499999	837.15522325	838.8645879999999	832.071101	1	n/a	n/a	n/a	n/a	n/a	n/a	n/a	n/a	n/a	n/a	n/a	n/a	intervals/encoding_table	75	833.037090	841.269452
833.037090	0.000000	166607	ttl	1	70	n/a	n/a	n/a	n/a	n/a	n/a	n/a	n/a	n/a	n/a	n/a	n/a	n/a	n/a	n/a	n/a	n/a	n/a	n/a	n/a	n/a	833.037090	n/a
841.269452	0.000000	168254	ttl	2	70	n/a	n/a	n/a	n/a	n/a	n/a	n/a	n/a	n/a	n/a	n/a	n/a	n/a	n/a	n/a	n/a	n/a	n/a	n/a	n/a	n/a	841.269452	n/a
841.284100	0.000000	168257	ttl	11	70	n/a	n/a	n/a	n/a	n/a	n/a	n/a	n/a	n/a	n/a	n/a	n/a	n/a	n/a	n/a	n/a	n/a	n/a	n/a	n/a	n/a	841.284100	n/a
842.357085	8.031266	168471	encoding	n/a	n/a	NB_1.mp4	70.0	846.35708525	n/a	n/a	841.2841	0	n/a	n/a	n/a	n/a	n/a	n/a	n/a	n/a	n/a	n/a	n/a	n/a	intervals/encoding_table	76	842.357085	850.388351
842.357085	0.000000	168471	ttl	1	70	n/a	n/a	n/a	n/a	n/a	n/a	n/a	n/a	n/a	n/a	n/a	n/a	n/a	n/a	n/a	n/a	n/a	n/a	n/a	n/a	n/a	842.357085	n/a
850.388351	0.000000	170078	ttl	2	70	n/a	n/a	n/a	n/a	n/a	n/a	n/a	n/a	n/a	n/a	n/a	n/a	n/a	n/a	n/a	n/a	n/a	n/a	n/a	n/a	n/a	850.388351	n/a
850.403204	0.000000	170081	ttl	11	70	n/a	n/a	n/a	n/a	n/a	n/a	n/a	n/a	n/a	n/a	n/a	n/a	n/a	n/a	n/a	n/a	n/a	n/a	n/a	n/a	n/a	850.403204	n/a
851.474195	7.980225	170295	encoding	n/a	n/a	HB_5.mp4	70.0	855.47419525	857.533694	n/a	850.4032042499999	2	n/a	n/a	n/a	n/a	n/a	n/a	n/a	n/a	n/a	n/a	n/a	n/a	intervals/encoding_table	77	851.474195	859.454420
851.474195	0.000000	170295	ttl	1	70	n/a	n/a	n/a	n/a	n/a	n/a	n/a	n/a	n/a	n/a	n/a	n/a	n/a	n/a	n/a	n/a	n/a	n/a	n/a	n/a	n/a	851.474195	n/a
859.454420	0.000000	171891	ttl	2	70	n/a	n/a	n/a	n/a	n/a	n/a	n/a	n/a	n/a	n/a	n/a	n/a	n/a	n/a	n/a	n/a	n/a	n/a	n/a	n/a	n/a	859.454420	n/a
859.469202	0.000000	171894	ttl	11	70	n/a	n/a	n/a	n/a	n/a	n/a	n/a	n/a	n/a	n/a	n/a	n/a	n/a	n/a	n/a	n/a	n/a	n/a	n/a	n/a	n/a	859.469202	n/a
860.478822	8.197553	172096	encoding	n/a	n/a	HB_10.mp4	70.0	864.47882175	862.0383515	866.407576	859.469202	2	n/a	n/a	n/a	n/a	n/a	n/a	n/a	n/a	n/a	n/a	n/a	n/a	intervals/encoding_table	78	860.478822	868.676375
860.478822	0.000000	172096	ttl	1	70	n/a	n/a	n/a	n/a	n/a	n/a	n/a	n/a	n/a	n/a	n/a	n/a	n/a	n/a	n/a	n/a	n/a	n/a	n/a	n/a	n/a	860.478822	n/a
868.676375	0.000000	173735	ttl	2	70	n/a	n/a	n/a	n/a	n/a	n/a	n/a	n/a	n/a	n/a	n/a	n/a	n/a	n/a	n/a	n/a	n/a	n/a	n/a	n/a	n/a	868.676375	n/a
882.286662	0.000000	176457	ttl	11	70	n/a	n/a	n/a	n/a	n/a	n/a	n/a	n/a	n/a	n/a	n/a	n/a	n/a	n/a	n/a	n/a	n/a	n/a	n/a	n/a	n/a	882.286662	n/a
883.195344	7.863858	176639	encoding	n/a	n/a	SB_4.mp4	70.0	888.76222375	n/a	n/a	882.28666175	1	n/a	n/a	n/a	n/a	n/a	n/a	n/a	n/a	n/a	n/a	n/a	n/a	intervals/encoding_table	79	883.195344	891.059203
883.195344	0.000000	176639	ttl	1	70	n/a	n/a	n/a	n/a	n/a	n/a	n/a	n/a	n/a	n/a	n/a	n/a	n/a	n/a	n/a	n/a	n/a	n/a	n/a	n/a	n/a	883.195344	n/a
891.059203	0.000000	178212	ttl	2	70	n/a	n/a	n/a	n/a	n/a	n/a	n/a	n/a	n/a	n/a	n/a	n/a	n/a	n/a	n/a	n/a	n/a	n/a	n/a	n/a	n/a	891.059203	n/a
891.074381	0.000000	178215	ttl	11	70	n/a	n/a	n/a	n/a	n/a	n/a	n/a	n/a	n/a	n/a	n/a	n/a	n/a	n/a	n/a	n/a	n/a	n/a	n/a	n/a	n/a	891.074381	n/a
892.081097	8.966253	178416	encoding	n/a	n/a	HB_7.mp4	70.0	896.0810974999999	895.4804574999999	898.15470525	891.0743815	2	n/a	n/a	n/a	n/a	n/a	n/a	n/a	n/a	n/a	n/a	n/a	n/a	intervals/encoding_table	80	892.081097	901.047350
892.081097	0.000000	178416	ttl	1	70	n/a	n/a	n/a	n/a	n/a	n/a	n/a	n/a	n/a	n/a	n/a	n/a	n/a	n/a	n/a	n/a	n/a	n/a	n/a	n/a	n/a	892.081097	n/a
901.047350	0.000000	180209	ttl	2	70	n/a	n/a	n/a	n/a	n/a	n/a	n/a	n/a	n/a	n/a	n/a	n/a	n/a	n/a	n/a	n/a	n/a	n/a	n/a	n/a	n/a	901.047350	n/a
901.062007	0.000000	180212	ttl	11	70	n/a	n/a	n/a	n/a	n/a	n/a	n/a	n/a	n/a	n/a	n/a	n/a	n/a	n/a	n/a	n/a	n/a	n/a	n/a	n/a	n/a	901.062007	n/a
902.127061	7.998689	180425	encoding	n/a	n/a	SB_24.mp4	70.0	904.99504725	906.0873899999999	n/a	901.06200725	1	n/a	n/a	n/a	n/a	n/a	n/a	n/a	n/a	n/a	n/a	n/a	n/a	intervals/encoding_table	81	902.127061	910.125749
902.127061	0.000000	180425	ttl	1	70	n/a	n/a	n/a	n/a	n/a	n/a	n/a	n/a	n/a	n/a	n/a	n/a	n/a	n/a	n/a	n/a	n/a	n/a	n/a	n/a	n/a	902.127061	n/a
910.125749	0.000000	182025	ttl	2	70	n/a	n/a	n/a	n/a	n/a	n/a	n/a	n/a	n/a	n/a	n/a	n/a	n/a	n/a	n/a	n/a	n/a	n/a	n/a	n/a	n/a	910.125749	n/a
910.140623	0.000000	182028	ttl	11	70	n/a	n/a	n/a	n/a	n/a	n/a	n/a	n/a	n/a	n/a	n/a	n/a	n/a	n/a	n/a	n/a	n/a	n/a	n/a	n/a	n/a	910.140623	n/a
911.153878	8.030660	182231	encoding	n/a	n/a	HB_8.mp4	70.0	915.153878	913.0048422499999	917.02319025	910.14062325	2	n/a	n/a	n/a	n/a	n/a	n/a	n/a	n/a	n/a	n/a	n/a	n/a	intervals/encoding_table	82	911.153878	919.184538
911.153878	0.000000	182231	ttl	1	70	n/a	n/a	n/a	n/a	n/a	n/a	n/a	n/a	n/a	n/a	n/a	n/a	n/a	n/a	n/a	n/a	n/a	n/a	n/a	n/a	n/a	911.153878	n/a
919.184538	0.000000	183837	ttl	2	70	n/a	n/a	n/a	n/a	n/a	n/a	n/a	n/a	n/a	n/a	n/a	n/a	n/a	n/a	n/a	n/a	n/a	n/a	n/a	n/a	n/a	919.184538	n/a
919.199915	0.000000	183840	ttl	11	70	n/a	n/a	n/a	n/a	n/a	n/a	n/a	n/a	n/a	n/a	n/a	n/a	n/a	n/a	n/a	n/a	n/a	n/a	n/a	n/a	n/a	919.199915	n/a
920.143763	8.034264	184029	encoding	n/a	n/a	SB_13.mp4	70.0	925.9295975	n/a	n/a	919.19991525	1	n/a	n/a	n/a	n/a	n/a	n/a	n/a	n/a	n/a	n/a	n/a	n/a	intervals/encoding_table	83	920.143763	928.178027
920.143763	0.000000	184029	ttl	1	70	n/a	n/a	n/a	n/a	n/a	n/a	n/a	n/a	n/a	n/a	n/a	n/a	n/a	n/a	n/a	n/a	n/a	n/a	n/a	n/a	n/a	920.143763	n/a
928.178027	0.000000	185636	ttl	2	70	n/a	n/a	n/a	n/a	n/a	n/a	n/a	n/a	n/a	n/a	n/a	n/a	n/a	n/a	n/a	n/a	n/a	n/a	n/a	n/a	n/a	928.178027	n/a
935.656976	0.000000	187131	ttl	11	70	n/a	n/a	n/a	n/a	n/a	n/a	n/a	n/a	n/a	n/a	n/a	n/a	n/a	n/a	n/a	n/a	n/a	n/a	n/a	n/a	n/a	935.656976	n/a
936.621644	8.097941	187324	encoding	n/a	n/a	HB_25.mp4	70.0	940.62164375	n/a	n/a	935.65697625	2	n/a	n/a	n/a	n/a	n/a	n/a	n/a	n/a	n/a	n/a	n/a	n/a	intervals/encoding_table	84	936.621644	944.719585
936.621644	0.000000	187324	ttl	1	70	n/a	n/a	n/a	n/a	n/a	n/a	n/a	n/a	n/a	n/a	n/a	n/a	n/a	n/a	n/a	n/a	n/a	n/a	n/a	n/a	n/a	936.621644	n/a
944.719585	0.000000	188944	ttl	2	70	n/a	n/a	n/a	n/a	n/a	n/a	n/a	n/a	n/a	n/a	n/a	n/a	n/a	n/a	n/a	n/a	n/a	n/a	n/a	n/a	n/a	944.719585	n/a
944.734205	0.000000	188947	ttl	11	70	n/a	n/a	n/a	n/a	n/a	n/a	n/a	n/a	n/a	n/a	n/a	n/a	n/a	n/a	n/a	n/a	n/a	n/a	n/a	n/a	n/a	944.734205	n/a
945.647213	7.996710	189129	encoding	n/a	n/a	NB_2.mp4	70.0	949.6472134999999	n/a	n/a	944.73420475	0	n/a	n/a	n/a	n/a	n/a	n/a	n/a	n/a	n/a	n/a	n/a	n/a	intervals/encoding_table	85	945.647213	953.643923
945.647213	0.000000	189129	ttl	1	70	n/a	n/a	n/a	n/a	n/a	n/a	n/a	n/a	n/a	n/a	n/a	n/a	n/a	n/a	n/a	n/a	n/a	n/a	n/a	n/a	n/a	945.647213	n/a
953.643923	0.000000	190729	ttl	2	70	n/a	n/a	n/a	n/a	n/a	n/a	n/a	n/a	n/a	n/a	n/a	n/a	n/a	n/a	n/a	n/a	n/a	n/a	n/a	n/a	n/a	953.643923	n/a
953.658661	0.000000	190732	ttl	11	70	n/a	n/a	n/a	n/a	n/a	n/a	n/a	n/a	n/a	n/a	n/a	n/a	n/a	n/a	n/a	n/a	n/a	n/a	n/a	n/a	n/a	953.658661	n/a
954.633425	7.931666	190927	encoding	n/a	n/a	HB_23.mp4	70.0	958.63342525	n/a	n/a	953.65866075	2	n/a	n/a	n/a	n/a	n/a	n/a	n/a	n/a	n/a	n/a	n/a	n/a	intervals/encoding_table	86	954.633425	962.565091
954.633425	0.000000	190927	ttl	1	70	n/a	n/a	n/a	n/a	n/a	n/a	n/a	n/a	n/a	n/a	n/a	n/a	n/a	n/a	n/a	n/a	n/a	n/a	n/a	n/a	n/a	954.633425	n/a
962.565091	0.000000	192513	ttl	2	70	n/a	n/a	n/a	n/a	n/a	n/a	n/a	n/a	n/a	n/a	n/a	n/a	n/a	n/a	n/a	n/a	n/a	n/a	n/a	n/a	n/a	962.565091	n/a
962.579969	0.000000	192516	ttl	11	70	n/a	n/a	n/a	n/a	n/a	n/a	n/a	n/a	n/a	n/a	n/a	n/a	n/a	n/a	n/a	n/a	n/a	n/a	n/a	n/a	n/a	962.579969	n/a
963.531675	8.064696	192706	encoding	n/a	n/a	HB_18.mp4	70.0	967.53167475	n/a	n/a	962.57996925	2	n/a	n/a	n/a	n/a	n/a	n/a	n/a	n/a	n/a	n/a	n/a	n/a	intervals/encoding_table	87	963.531675	971.596371
963.531675	0.000000	192706	ttl	1	70	n/a	n/a	n/a	n/a	n/a	n/a	n/a	n/a	n/a	n/a	n/a	n/a	n/a	n/a	n/a	n/a	n/a	n/a	n/a	n/a	n/a	963.531675	n/a
971.596371	0.000000	194319	ttl	2	70	n/a	n/a	n/a	n/a	n/a	n/a	n/a	n/a	n/a	n/a	n/a	n/a	n/a	n/a	n/a	n/a	n/a	n/a	n/a	n/a	n/a	971.596371	n/a
971.611827	0.000000	194322	ttl	11	70	n/a	n/a	n/a	n/a	n/a	n/a	n/a	n/a	n/a	n/a	n/a	n/a	n/a	n/a	n/a	n/a	n/a	n/a	n/a	n/a	n/a	971.611827	n/a
972.563947	7.931877	194513	encoding	n/a	n/a	HB_13.mp4	70.0	976.56394725	974.8288399999999	978.77108975	971.6118265	2	n/a	n/a	n/a	n/a	n/a	n/a	n/a	n/a	n/a	n/a	n/a	n/a	intervals/encoding_table	88	972.563947	980.495824
972.563947	0.000000	194513	ttl	1	70	n/a	n/a	n/a	n/a	n/a	n/a	n/a	n/a	n/a	n/a	n/a	n/a	n/a	n/a	n/a	n/a	n/a	n/a	n/a	n/a	n/a	972.563947	n/a
980.495824	0.000000	196099	ttl	2	70	n/a	n/a	n/a	n/a	n/a	n/a	n/a	n/a	n/a	n/a	n/a	n/a	n/a	n/a	n/a	n/a	n/a	n/a	n/a	n/a	n/a	980.495824	n/a
982.474506	0.000000	196495	ttl	11	70	n/a	n/a	n/a	n/a	n/a	n/a	n/a	n/a	n/a	n/a	n/a	n/a	n/a	n/a	n/a	n/a	n/a	n/a	n/a	n/a	n/a	982.474506	n/a
983.469003	8.064875	196694	encoding	n/a	n/a	SB_21.mp4	70.0	985.780485	988.1925769999999	n/a	982.4745065	1	n/a	n/a	n/a	n/a	n/a	n/a	n/a	n/a	n/a	n/a	n/a	n/a	intervals/encoding_table	89	983.469003	991.533878
983.469003	0.000000	196694	ttl	1	70	n/a	n/a	n/a	n/a	n/a	n/a	n/a	n/a	n/a	n/a	n/a	n/a	n/a	n/a	n/a	n/a	n/a	n/a	n/a	n/a	n/a	983.469003	n/a
991.533878	0.000000	198307	ttl	2	70	n/a	n/a	n/a	n/a	n/a	n/a	n/a	n/a	n/a	n/a	n/a	n/a	n/a	n/a	n/a	n/a	n/a	n/a	n/a	n/a	n/a	991.533878	n/a
991.591821	0.000000	198318	ttl	60	70	n/a	n/a	n/a	n/a	n/a	n/a	n/a	n/a	n/a	n/a	n/a	n/a	n/a	n/a	n/a	n/a	n/a	n/a	n/a	n/a	n/a	991.591821	n/a
1227.610528	0.000000	245522	ttl	61	71	n/a	n/a	n/a	n/a	n/a	n/a	n/a	n/a	n/a	n/a	n/a	n/a	n/a	n/a	n/a	n/a	n/a	n/a	n/a	n/a	n/a	1227.610528	n/a
1227.665814	0.000000	245533	ttl	11	71	n/a	n/a	n/a	n/a	n/a	n/a	n/a	n/a	n/a	n/a	n/a	n/a	n/a	n/a	n/a	n/a	n/a	n/a	n/a	n/a	n/a	1227.665814	n/a
1228.149053	1.561520	245630	scene_recognition	n/a	n/a	n/a	71.0	n/a	n/a	n/a	1227.6658137499999	n/a	0.0	1	3	0	HB_9_frameA_foil.png	0	1	1229.71157325	0	1	n/a	n/a	intervals/recognition_table	0	1228.149053	1229.710573
1228.149053	0.000000	245630	ttl	1	71	n/a	n/a	n/a	n/a	n/a	n/a	n/a	n/a	n/a	n/a	n/a	n/a	n/a	n/a	n/a	n/a	n/a	n/a	n/a	n/a	n/a	1228.149053	n/a
1229.710573	0.000000	245942	ttl	2	71	n/a	n/a	n/a	n/a	n/a	n/a	n/a	n/a	n/a	n/a	n/a	n/a	n/a	n/a	n/a	n/a	n/a	n/a	n/a	n/a	n/a	1229.710573	n/a
1231.347591	0.000000	246270	ttl	11	71	n/a	n/a	n/a	n/a	n/a	n/a	n/a	n/a	n/a	n/a	n/a	n/a	n/a	n/a	n/a	n/a	n/a	n/a	n/a	n/a	n/a	1231.347591	n/a
1231.914136	1.533968	246383	scene_recognition	n/a	n/a	n/a	71.0	n/a	n/a	n/a	1231.3475907499999	n/a	0.5802059053676203	2	3	2	HB_6_frameA.png	2	3	1234.0283095	1	2	n/a	n/a	intervals/recognition_table	1	1231.914136	1233.448104
1231.914136	0.000000	246383	ttl	1	71	n/a	n/a	n/a	n/a	n/a	n/a	n/a	n/a	n/a	n/a	n/a	n/a	n/a	n/a	n/a	n/a	n/a	n/a	n/a	n/a	n/a	1231.914136	n/a
1233.448104	0.000000	246690	ttl	2	71	n/a	n/a	n/a	n/a	n/a	n/a	n/a	n/a	n/a	n/a	n/a	n/a	n/a	n/a	n/a	n/a	n/a	n/a	n/a	n/a	n/a	1233.448104	n/a
1234.028309	0.000000	246806	ttl	4	71	n/a	n/a	n/a	n/a	n/a	n/a	n/a	n/a	n/a	n/a	n/a	n/a	n/a	n/a	n/a	n/a	n/a	n/a	n/a	n/a	n/a	1234.028309	n/a
1234.055816	0.000000	246811	ttl	11	71	n/a	n/a	n/a	n/a	n/a	n/a	n/a	n/a	n/a	n/a	n/a	n/a	n/a	n/a	n/a	n/a	n/a	n/a	n/a	n/a	n/a	1234.055816	n/a
1234.589027	1.534187	246918	scene_recognition	n/a	n/a	n/a	71.0	n/a	n/a	n/a	1234.055816	n/a	4.377369183624978	2	3	2	HB_2_frameA_foil.png	1	6	1240.5005835	0	3	n/a	n/a	intervals/recognition_table	2	1234.589027	1236.123214
1234.589027	0.000000	246918	ttl	1	71	n/a	n/a	n/a	n/a	n/a	n/a	n/a	n/a	n/a	n/a	n/a	n/a	n/a	n/a	n/a	n/a	n/a	n/a	n/a	n/a	n/a	1234.589027	n/a
1236.123214	0.000000	247225	ttl	2	71	n/a	n/a	n/a	n/a	n/a	n/a	n/a	n/a	n/a	n/a	n/a	n/a	n/a	n/a	n/a	n/a	n/a	n/a	n/a	n/a	n/a	1236.123214	n/a
1240.500583	0.000000	248100	ttl	4	71	n/a	n/a	n/a	n/a	n/a	n/a	n/a	n/a	n/a	n/a	n/a	n/a	n/a	n/a	n/a	n/a	n/a	n/a	n/a	n/a	n/a	1240.500583	n/a
1240.509328	0.000000	248102	ttl	11	71	n/a	n/a	n/a	n/a	n/a	n/a	n/a	n/a	n/a	n/a	n/a	n/a	n/a	n/a	n/a	n/a	n/a	n/a	n/a	n/a	n/a	1240.509328	n/a
1240.975911	1.536623	248195	scene_recognition	n/a	n/a	n/a	71.0	n/a	n/a	n/a	1240.5093279999999	n/a	2.7239940675499383	2	3	3	HB_7_frameB.png	2	2	1245.23652775	1	4	n/a	n/a	intervals/recognition_table	3	1240.975911	1242.512534
1240.975911	0.000000	248195	ttl	1	71	n/a	n/a	n/a	n/a	n/a	n/a	n/a	n/a	n/a	n/a	n/a	n/a	n/a	n/a	n/a	n/a	n/a	n/a	n/a	n/a	n/a	1240.975911	n/a
1242.512534	0.000000	248503	ttl	2	71	n/a	n/a	n/a	n/a	n/a	n/a	n/a	n/a	n/a	n/a	n/a	n/a	n/a	n/a	n/a	n/a	n/a	n/a	n/a	n/a	n/a	1242.512534	n/a
1245.236528	0.000000	249047	ttl	4	71	n/a	n/a	n/a	n/a	n/a	n/a	n/a	n/a	n/a	n/a	n/a	n/a	n/a	n/a	n/a	n/a	n/a	n/a	n/a	n/a	n/a	1245.236528	n/a
1245.272201	0.000000	249054	ttl	11	71	n/a	n/a	n/a	n/a	n/a	n/a	n/a	n/a	n/a	n/a	n/a	n/a	n/a	n/a	n/a	n/a	n/a	n/a	n/a	n/a	n/a	1245.272201	n/a
1245.838758	1.553936	249168	scene_recognition	n/a	n/a	n/a	71.0	n/a	n/a	n/a	1245.2722005	n/a	0.27924707491183653	2	2	2	SB_4_frameA.png	2	3	1247.67194125	1	5	n/a	n/a	intervals/recognition_table	4	1245.838758	1247.392694
1245.838758	0.000000	249168	ttl	1	71	n/a	n/a	n/a	n/a	n/a	n/a	n/a	n/a	n/a	n/a	n/a	n/a	n/a	n/a	n/a	n/a	n/a	n/a	n/a	n/a	n/a	1245.838758	n/a
1247.392694	0.000000	249479	ttl	2	71	n/a	n/a	n/a	n/a	n/a	n/a	n/a	n/a	n/a	n/a	n/a	n/a	n/a	n/a	n/a	n/a	n/a	n/a	n/a	n/a	n/a	1247.392694	n/a
1247.671941	0.000000	249534	ttl	4	71	n/a	n/a	n/a	n/a	n/a	n/a	n/a	n/a	n/a	n/a	n/a	n/a	n/a	n/a	n/a	n/a	n/a	n/a	n/a	n/a	n/a	1247.671941	n/a
1247.684547	0.000000	249537	ttl	11	71	n/a	n/a	n/a	n/a	n/a	n/a	n/a	n/a	n/a	n/a	n/a	n/a	n/a	n/a	n/a	n/a	n/a	n/a	n/a	n/a	n/a	1247.684547	n/a
1248.151125	1.534491	249630	scene_recognition	n/a	n/a	n/a	71.0	n/a	n/a	n/a	1247.68454675	n/a	1.0355366967851296	2	3	3	HB_2_frameB.png	2	2	1250.7211527499999	1	6	n/a	n/a	intervals/recognition_table	5	1248.151125	1249.685616
1248.151125	0.000000	249630	ttl	1	71	n/a	n/a	n/a	n/a	n/a	n/a	n/a	n/a	n/a	n/a	n/a	n/a	n/a	n/a	n/a	n/a	n/a	n/a	n/a	n/a	n/a	1248.151125	n/a
1249.685616	0.000000	249937	ttl	2	71	n/a	n/a	n/a	n/a	n/a	n/a	n/a	n/a	n/a	n/a	n/a	n/a	n/a	n/a	n/a	n/a	n/a	n/a	n/a	n/a	n/a	1249.685616	n/a
1250.721153	0.000000	250144	ttl	4	71	n/a	n/a	n/a	n/a	n/a	n/a	n/a	n/a	n/a	n/a	n/a	n/a	n/a	n/a	n/a	n/a	n/a	n/a	n/a	n/a	n/a	1250.721153	n/a
1250.744376	0.000000	250149	ttl	11	71	n/a	n/a	n/a	n/a	n/a	n/a	n/a	n/a	n/a	n/a	n/a	n/a	n/a	n/a	n/a	n/a	n/a	n/a	n/a	n/a	n/a	1250.744376	n/a
1251.244271	1.534722	250249	scene_recognition	n/a	n/a	n/a	71.0	n/a	n/a	n/a	1250.7443759999999	n/a	0.9524943312280811	2	3	3	HB_5_frameB_foil.png	1	7	1253.731487	0	7	n/a	n/a	intervals/recognition_table	6	1251.244271	1252.778993
1251.244271	0.000000	250249	ttl	1	71	n/a	n/a	n/a	n/a	n/a	n/a	n/a	n/a	n/a	n/a	n/a	n/a	n/a	n/a	n/a	n/a	n/a	n/a	n/a	n/a	n/a	1251.244271	n/a
1252.778993	0.000000	250556	ttl	2	71	n/a	n/a	n/a	n/a	n/a	n/a	n/a	n/a	n/a	n/a	n/a	n/a	n/a	n/a	n/a	n/a	n/a	n/a	n/a	n/a	n/a	1252.778993	n/a
1253.731487	0.000000	250746	ttl	4	71	n/a	n/a	n/a	n/a	n/a	n/a	n/a	n/a	n/a	n/a	n/a	n/a	n/a	n/a	n/a	n/a	n/a	n/a	n/a	n/a	n/a	1253.731487	n/a
1253.748130	0.000000	250750	ttl	11	71	n/a	n/a	n/a	n/a	n/a	n/a	n/a	n/a	n/a	n/a	n/a	n/a	n/a	n/a	n/a	n/a	n/a	n/a	n/a	n/a	n/a	1253.748130	n/a
1254.248036	1.534507	250850	scene_recognition	n/a	n/a	n/a	71.0	n/a	n/a	n/a	1253.74813025	n/a	3.2688172400958138	2	2	2	SB_3_frameB.png	2	3	1259.0513595	1	8	n/a	n/a	intervals/recognition_table	7	1254.248036	1255.782542
1254.248036	0.000000	250850	ttl	1	71	n/a	n/a	n/a	n/a	n/a	n/a	n/a	n/a	n/a	n/a	n/a	n/a	n/a	n/a	n/a	n/a	n/a	n/a	n/a	n/a	n/a	1254.248036	n/a
1255.782542	0.000000	251157	ttl	2	71	n/a	n/a	n/a	n/a	n/a	n/a	n/a	n/a	n/a	n/a	n/a	n/a	n/a	n/a	n/a	n/a	n/a	n/a	n/a	n/a	n/a	1255.782542	n/a
1259.051359	0.000000	251810	ttl	4	71	n/a	n/a	n/a	n/a	n/a	n/a	n/a	n/a	n/a	n/a	n/a	n/a	n/a	n/a	n/a	n/a	n/a	n/a	n/a	n/a	n/a	1259.051359	n/a
1259.056733	0.000000	251811	ttl	11	71	n/a	n/a	n/a	n/a	n/a	n/a	n/a	n/a	n/a	n/a	n/a	n/a	n/a	n/a	n/a	n/a	n/a	n/a	n/a	n/a	n/a	1259.056733	n/a
1259.606623	1.534832	251921	scene_recognition	n/a	n/a	n/a	71.0	n/a	n/a	n/a	1259.05673275	n/a	1.2687442583992379	2	1	2	NB_24_frameA.png	2	3	1262.41019925	1	9	n/a	n/a	intervals/recognition_table	8	1259.606623	1261.141455
1259.606623	0.000000	251921	ttl	1	71	n/a	n/a	n/a	n/a	n/a	n/a	n/a	n/a	n/a	n/a	n/a	n/a	n/a	n/a	n/a	n/a	n/a	n/a	n/a	n/a	n/a	1259.606623	n/a
1261.141455	0.000000	252228	ttl	2	71	n/a	n/a	n/a	n/a	n/a	n/a	n/a	n/a	n/a	n/a	n/a	n/a	n/a	n/a	n/a	n/a	n/a	n/a	n/a	n/a	n/a	1261.141455	n/a
1262.410199	0.000000	252482	ttl	4	71	n/a	n/a	n/a	n/a	n/a	n/a	n/a	n/a	n/a	n/a	n/a	n/a	n/a	n/a	n/a	n/a	n/a	n/a	n/a	n/a	n/a	1262.410199	n/a
1262.418418	0.000000	252484	ttl	11	71	n/a	n/a	n/a	n/a	n/a	n/a	n/a	n/a	n/a	n/a	n/a	n/a	n/a	n/a	n/a	n/a	n/a	n/a	n/a	n/a	n/a	1262.418418	n/a
1262.918321	1.534507	252584	scene_recognition	n/a	n/a	n/a	71.0	n/a	n/a	n/a	1262.4184185	n/a	0.9894994236092316	2	1	3	NB_7_frameA_foil.png	1	7	1265.442327	0	10	n/a	n/a	intervals/recognition_table	9	1262.918321	1264.452828
1262.918321	0.000000	252584	ttl	1	71	n/a	n/a	n/a	n/a	n/a	n/a	n/a	n/a	n/a	n/a	n/a	n/a	n/a	n/a	n/a	n/a	n/a	n/a	n/a	n/a	n/a	1262.918321	n/a
1264.452828	0.000000	252891	ttl	2	71	n/a	n/a	n/a	n/a	n/a	n/a	n/a	n/a	n/a	n/a	n/a	n/a	n/a	n/a	n/a	n/a	n/a	n/a	n/a	n/a	n/a	1264.452828	n/a
1265.442327	0.000000	253088	ttl	4	71	n/a	n/a	n/a	n/a	n/a	n/a	n/a	n/a	n/a	n/a	n/a	n/a	n/a	n/a	n/a	n/a	n/a	n/a	n/a	n/a	n/a	1265.442327	n/a
1265.450075	0.000000	253090	ttl	11	71	n/a	n/a	n/a	n/a	n/a	n/a	n/a	n/a	n/a	n/a	n/a	n/a	n/a	n/a	n/a	n/a	n/a	n/a	n/a	n/a	n/a	1265.450075	n/a
1265.949963	1.533651	253190	scene_recognition	n/a	n/a	n/a	71.0	n/a	n/a	n/a	1265.45007525	n/a	1.3863220821804134	2	2	3	SB_7_frameA.png	2	2	1268.8699367499999	1	11	n/a	n/a	intervals/recognition_table	10	1265.949963	1267.483615
1265.949963	0.000000	253190	ttl	1	71	n/a	n/a	n/a	n/a	n/a	n/a	n/a	n/a	n/a	n/a	n/a	n/a	n/a	n/a	n/a	n/a	n/a	n/a	n/a	n/a	n/a	1265.949963	n/a
1267.483615	0.000000	253497	ttl	2	71	n/a	n/a	n/a	n/a	n/a	n/a	n/a	n/a	n/a	n/a	n/a	n/a	n/a	n/a	n/a	n/a	n/a	n/a	n/a	n/a	n/a	1267.483615	n/a
1268.869937	0.000000	253774	ttl	4	71	n/a	n/a	n/a	n/a	n/a	n/a	n/a	n/a	n/a	n/a	n/a	n/a	n/a	n/a	n/a	n/a	n/a	n/a	n/a	n/a	n/a	1268.869937	n/a
1268.875732	0.000000	253775	ttl	11	71	n/a	n/a	n/a	n/a	n/a	n/a	n/a	n/a	n/a	n/a	n/a	n/a	n/a	n/a	n/a	n/a	n/a	n/a	n/a	n/a	n/a	1268.875732	n/a
1269.375622	1.533719	253875	scene_recognition	n/a	n/a	n/a	71.0	n/a	n/a	n/a	1268.8757315	n/a	1.2190902041475056	2	2	3	SB_2_frameA.png	2	2	1272.1284309999999	1	12	n/a	n/a	intervals/recognition_table	11	1269.375622	1270.909341
1269.375622	0.000000	253875	ttl	1	71	n/a	n/a	n/a	n/a	n/a	n/a	n/a	n/a	n/a	n/a	n/a	n/a	n/a	n/a	n/a	n/a	n/a	n/a	n/a	n/a	n/a	1269.375622	n/a
1270.909341	0.000000	254182	ttl	2	71	n/a	n/a	n/a	n/a	n/a	n/a	n/a	n/a	n/a	n/a	n/a	n/a	n/a	n/a	n/a	n/a	n/a	n/a	n/a	n/a	n/a	1270.909341	n/a
1272.128431	0.000000	254426	ttl	4	71	n/a	n/a	n/a	n/a	n/a	n/a	n/a	n/a	n/a	n/a	n/a	n/a	n/a	n/a	n/a	n/a	n/a	n/a	n/a	n/a	n/a	1272.128431	n/a
1272.142985	0.000000	254429	ttl	11	71	n/a	n/a	n/a	n/a	n/a	n/a	n/a	n/a	n/a	n/a	n/a	n/a	n/a	n/a	n/a	n/a	n/a	n/a	n/a	n/a	n/a	1272.142985	n/a
1272.642879	1.534782	254529	scene_recognition	n/a	n/a	n/a	71.0	n/a	n/a	n/a	1272.14298525	n/a	1.60341880004853	2	1	3	NB_19_frameB.png	2	2	1275.78107925	1	13	n/a	n/a	intervals/recognition_table	12	1272.642879	1274.177661
1272.642879	0.000000	254529	ttl	1	71	n/a	n/a	n/a	n/a	n/a	n/a	n/a	n/a	n/a	n/a	n/a	n/a	n/a	n/a	n/a	n/a	n/a	n/a	n/a	n/a	n/a	1272.642879	n/a
1274.177661	0.000000	254836	ttl	2	71	n/a	n/a	n/a	n/a	n/a	n/a	n/a	n/a	n/a	n/a	n/a	n/a	n/a	n/a	n/a	n/a	n/a	n/a	n/a	n/a	n/a	1274.177661	n/a
1275.781079	0.000000	255156	ttl	4	71	n/a	n/a	n/a	n/a	n/a	n/a	n/a	n/a	n/a	n/a	n/a	n/a	n/a	n/a	n/a	n/a	n/a	n/a	n/a	n/a	n/a	1275.781079	n/a
1275.797797	0.000000	255160	ttl	11	71	n/a	n/a	n/a	n/a	n/a	n/a	n/a	n/a	n/a	n/a	n/a	n/a	n/a	n/a	n/a	n/a	n/a	n/a	n/a	n/a	n/a	1275.797797	n/a
1276.364345	1.534784	255273	scene_recognition	n/a	n/a	n/a	71.0	n/a	n/a	n/a	1275.79779725	n/a	0.7503070606617257	2	1	3	NB_12_frameA.png	2	2	1278.6494364999999	1	14	n/a	n/a	intervals/recognition_table	13	1276.364345	1277.899129
1276.364345	0.000000	255273	ttl	1	71	n/a	n/a	n/a	n/a	n/a	n/a	n/a	n/a	n/a	n/a	n/a	n/a	n/a	n/a	n/a	n/a	n/a	n/a	n/a	n/a	n/a	1276.364345	n/a
1277.899129	0.000000	255580	ttl	2	71	n/a	n/a	n/a	n/a	n/a	n/a	n/a	n/a	n/a	n/a	n/a	n/a	n/a	n/a	n/a	n/a	n/a	n/a	n/a	n/a	n/a	1277.899129	n/a
1278.649436	0.000000	255730	ttl	4	71	n/a	n/a	n/a	n/a	n/a	n/a	n/a	n/a	n/a	n/a	n/a	n/a	n/a	n/a	n/a	n/a	n/a	n/a	n/a	n/a	n/a	1278.649436	n/a
1278.661448	0.000000	255732	ttl	11	71	n/a	n/a	n/a	n/a	n/a	n/a	n/a	n/a	n/a	n/a	n/a	n/a	n/a	n/a	n/a	n/a	n/a	n/a	n/a	n/a	n/a	1278.661448	n/a
1279.194674	1.534677	255839	scene_recognition	n/a	n/a	n/a	71.0	n/a	n/a	n/a	1278.6614479999998	n/a	2.8821159876824822	2	1	3	NB_2_frameA.png	2	2	1283.61146725	1	15	n/a	n/a	intervals/recognition_table	14	1279.194674	1280.729351
1279.194674	0.000000	255839	ttl	1	71	n/a	n/a	n/a	n/a	n/a	n/a	n/a	n/a	n/a	n/a	n/a	n/a	n/a	n/a	n/a	n/a	n/a	n/a	n/a	n/a	n/a	1279.194674	n/a
1280.729351	0.000000	256146	ttl	2	71	n/a	n/a	n/a	n/a	n/a	n/a	n/a	n/a	n/a	n/a	n/a	n/a	n/a	n/a	n/a	n/a	n/a	n/a	n/a	n/a	n/a	1280.729351	n/a
1283.611467	0.000000	256722	ttl	4	71	n/a	n/a	n/a	n/a	n/a	n/a	n/a	n/a	n/a	n/a	n/a	n/a	n/a	n/a	n/a	n/a	n/a	n/a	n/a	n/a	n/a	1283.611467	n/a
1283.618416	0.000000	256724	ttl	11	71	n/a	n/a	n/a	n/a	n/a	n/a	n/a	n/a	n/a	n/a	n/a	n/a	n/a	n/a	n/a	n/a	n/a	n/a	n/a	n/a	n/a	1283.618416	n/a
1284.134968	1.534616	256827	scene_recognition	n/a	n/a	n/a	71.0	n/a	n/a	n/a	1283.6184162499999	n/a	2.1123851180891506	2	3	3	HB_3_frameB_foil.png	1	7	1287.7819685	0	16	n/a	n/a	intervals/recognition_table	15	1284.134968	1285.669584
1284.134968	0.000000	256827	ttl	1	71	n/a	n/a	n/a	n/a	n/a	n/a	n/a	n/a	n/a	n/a	n/a	n/a	n/a	n/a	n/a	n/a	n/a	n/a	n/a	n/a	n/a	1284.134968	n/a
1285.669584	0.000000	257134	ttl	2	71	n/a	n/a	n/a	n/a	n/a	n/a	n/a	n/a	n/a	n/a	n/a	n/a	n/a	n/a	n/a	n/a	n/a	n/a	n/a	n/a	n/a	1285.669584	n/a
1287.781968	0.000000	257556	ttl	4	71	n/a	n/a	n/a	n/a	n/a	n/a	n/a	n/a	n/a	n/a	n/a	n/a	n/a	n/a	n/a	n/a	n/a	n/a	n/a	n/a	n/a	1287.781968	n/a
1287.791126	0.000000	257558	ttl	11	71	n/a	n/a	n/a	n/a	n/a	n/a	n/a	n/a	n/a	n/a	n/a	n/a	n/a	n/a	n/a	n/a	n/a	n/a	n/a	n/a	n/a	1287.791126	n/a
1288.257560	1.534093	257652	scene_recognition	n/a	n/a	n/a	71.0	n/a	n/a	n/a	1287.79112625	n/a	1.438213525529136	2	2	3	SB_9_frameA_foil.png	1	7	1291.2298672499999	0	17	n/a	n/a	intervals/recognition_table	16	1288.257560	1289.791653
1288.257560	0.000000	257652	ttl	1	71	n/a	n/a	n/a	n/a	n/a	n/a	n/a	n/a	n/a	n/a	n/a	n/a	n/a	n/a	n/a	n/a	n/a	n/a	n/a	n/a	n/a	1288.257560	n/a
1289.791653	0.000000	257958	ttl	2	71	n/a	n/a	n/a	n/a	n/a	n/a	n/a	n/a	n/a	n/a	n/a	n/a	n/a	n/a	n/a	n/a	n/a	n/a	n/a	n/a	n/a	1289.791653	n/a
1291.229867	0.000000	258246	ttl	4	71	n/a	n/a	n/a	n/a	n/a	n/a	n/a	n/a	n/a	n/a	n/a	n/a	n/a	n/a	n/a	n/a	n/a	n/a	n/a	n/a	n/a	1291.229867	n/a
1291.239979	0.000000	258248	ttl	11	71	n/a	n/a	n/a	n/a	n/a	n/a	n/a	n/a	n/a	n/a	n/a	n/a	n/a	n/a	n/a	n/a	n/a	n/a	n/a	n/a	n/a	1291.239979	n/a
1291.739871	1.534935	258348	scene_recognition	n/a	n/a	n/a	71.0	n/a	n/a	n/a	1291.2399795	n/a	0.9092757197213359	2	3	3	HB_1_frameA_foil.png	1	7	1294.184082	0	18	n/a	n/a	intervals/recognition_table	17	1291.739871	1293.274806
1291.739871	0.000000	258348	ttl	1	71	n/a	n/a	n/a	n/a	n/a	n/a	n/a	n/a	n/a	n/a	n/a	n/a	n/a	n/a	n/a	n/a	n/a	n/a	n/a	n/a	n/a	1291.739871	n/a
1293.274806	0.000000	258655	ttl	2	71	n/a	n/a	n/a	n/a	n/a	n/a	n/a	n/a	n/a	n/a	n/a	n/a	n/a	n/a	n/a	n/a	n/a	n/a	n/a	n/a	n/a	1293.274806	n/a
1294.184082	0.000000	258837	ttl	4	71	n/a	n/a	n/a	n/a	n/a	n/a	n/a	n/a	n/a	n/a	n/a	n/a	n/a	n/a	n/a	n/a	n/a	n/a	n/a	n/a	n/a	1294.184082	n/a
1294.196275	0.000000	258839	ttl	11	71	n/a	n/a	n/a	n/a	n/a	n/a	n/a	n/a	n/a	n/a	n/a	n/a	n/a	n/a	n/a	n/a	n/a	n/a	n/a	n/a	n/a	1294.196275	n/a
1294.779508	1.534214	258956	scene_recognition	n/a	n/a	n/a	71.0	n/a	n/a	n/a	1294.1962755	n/a	2.452202852218761	2	1	3	NB_11_frameA_foil.png	1	7	1298.7659247499998	0	19	n/a	n/a	intervals/recognition_table	18	1294.779508	1296.313722
1294.779508	0.000000	258956	ttl	1	71	n/a	n/a	n/a	n/a	n/a	n/a	n/a	n/a	n/a	n/a	n/a	n/a	n/a	n/a	n/a	n/a	n/a	n/a	n/a	n/a	n/a	1294.779508	n/a
1296.313722	0.000000	259263	ttl	2	71	n/a	n/a	n/a	n/a	n/a	n/a	n/a	n/a	n/a	n/a	n/a	n/a	n/a	n/a	n/a	n/a	n/a	n/a	n/a	n/a	n/a	1296.313722	n/a
1298.765925	0.000000	259753	ttl	4	71	n/a	n/a	n/a	n/a	n/a	n/a	n/a	n/a	n/a	n/a	n/a	n/a	n/a	n/a	n/a	n/a	n/a	n/a	n/a	n/a	n/a	1298.765925	n/a
1298.786192	0.000000	259757	ttl	11	71	n/a	n/a	n/a	n/a	n/a	n/a	n/a	n/a	n/a	n/a	n/a	n/a	n/a	n/a	n/a	n/a	n/a	n/a	n/a	n/a	n/a	1298.786192	n/a
1299.386074	1.534691	259877	scene_recognition	n/a	n/a	n/a	71.0	n/a	n/a	n/a	1298.78619175	n/a	2.040126479114406	2	1	3	NB_3_frameA_foil.png	1	7	1302.960891	0	20	n/a	n/a	intervals/recognition_table	19	1299.386074	1300.920764
1299.386074	0.000000	259877	ttl	1	71	n/a	n/a	n/a	n/a	n/a	n/a	n/a	n/a	n/a	n/a	n/a	n/a	n/a	n/a	n/a	n/a	n/a	n/a	n/a	n/a	n/a	1299.386074	n/a
1300.920764	0.000000	260184	ttl	2	71	n/a	n/a	n/a	n/a	n/a	n/a	n/a	n/a	n/a	n/a	n/a	n/a	n/a	n/a	n/a	n/a	n/a	n/a	n/a	n/a	n/a	1300.920764	n/a
1302.960891	0.000000	260592	ttl	4	71	n/a	n/a	n/a	n/a	n/a	n/a	n/a	n/a	n/a	n/a	n/a	n/a	n/a	n/a	n/a	n/a	n/a	n/a	n/a	n/a	n/a	1302.960891	n/a
1302.970767	0.000000	260594	ttl	11	71	n/a	n/a	n/a	n/a	n/a	n/a	n/a	n/a	n/a	n/a	n/a	n/a	n/a	n/a	n/a	n/a	n/a	n/a	n/a	n/a	n/a	1302.970767	n/a
1303.503994	1.534419	260701	scene_recognition	n/a	n/a	n/a	71.0	n/a	n/a	n/a	1302.9707675	n/a	2.438259448565077	2	2	3	SB_2_frameB_foil.png	1	7	1307.476673	0	21	n/a	n/a	intervals/recognition_table	20	1303.503994	1305.038413
1303.503994	0.000000	260701	ttl	1	71	n/a	n/a	n/a	n/a	n/a	n/a	n/a	n/a	n/a	n/a	n/a	n/a	n/a	n/a	n/a	n/a	n/a	n/a	n/a	n/a	n/a	1303.503994	n/a
1305.038413	0.000000	261008	ttl	2	71	n/a	n/a	n/a	n/a	n/a	n/a	n/a	n/a	n/a	n/a	n/a	n/a	n/a	n/a	n/a	n/a	n/a	n/a	n/a	n/a	n/a	1305.038413	n/a
1307.476673	0.000000	261495	ttl	4	71	n/a	n/a	n/a	n/a	n/a	n/a	n/a	n/a	n/a	n/a	n/a	n/a	n/a	n/a	n/a	n/a	n/a	n/a	n/a	n/a	n/a	1307.476673	n/a
1307.495043	0.000000	261499	ttl	11	71	n/a	n/a	n/a	n/a	n/a	n/a	n/a	n/a	n/a	n/a	n/a	n/a	n/a	n/a	n/a	n/a	n/a	n/a	n/a	n/a	n/a	1307.495043	n/a
1307.994929	1.534873	261599	scene_recognition	n/a	n/a	n/a	71.0	n/a	n/a	n/a	1307.4950434999998	n/a	4.565496230672579	2	3	2	HB_8_frameB.png	2	3	1314.0952989999998	1	22	n/a	n/a	intervals/recognition_table	21	1307.994929	1309.529803
1307.994929	0.000000	261599	ttl	1	71	n/a	n/a	n/a	n/a	n/a	n/a	n/a	n/a	n/a	n/a	n/a	n/a	n/a	n/a	n/a	n/a	n/a	n/a	n/a	n/a	n/a	1307.994929	n/a
1309.529803	0.000000	261906	ttl	2	71	n/a	n/a	n/a	n/a	n/a	n/a	n/a	n/a	n/a	n/a	n/a	n/a	n/a	n/a	n/a	n/a	n/a	n/a	n/a	n/a	n/a	1309.529803	n/a
1314.095299	0.000000	262819	ttl	4	71	n/a	n/a	n/a	n/a	n/a	n/a	n/a	n/a	n/a	n/a	n/a	n/a	n/a	n/a	n/a	n/a	n/a	n/a	n/a	n/a	n/a	1314.095299	n/a
1314.111090	0.000000	262822	ttl	11	71	n/a	n/a	n/a	n/a	n/a	n/a	n/a	n/a	n/a	n/a	n/a	n/a	n/a	n/a	n/a	n/a	n/a	n/a	n/a	n/a	n/a	1314.111090	n/a
1314.627659	1.533884	262926	scene_recognition	n/a	n/a	n/a	71.0	n/a	n/a	n/a	1314.1110899999999	n/a	0.058627986669307575	2	2	2	SB_5_frameB_foil.png	1	6	1316.2201705	0	23	n/a	n/a	intervals/recognition_table	22	1314.627659	1316.161542
1314.627659	0.000000	262926	ttl	1	71	n/a	n/a	n/a	n/a	n/a	n/a	n/a	n/a	n/a	n/a	n/a	n/a	n/a	n/a	n/a	n/a	n/a	n/a	n/a	n/a	n/a	1314.627659	n/a
1316.161542	0.000000	263232	ttl	2	71	n/a	n/a	n/a	n/a	n/a	n/a	n/a	n/a	n/a	n/a	n/a	n/a	n/a	n/a	n/a	n/a	n/a	n/a	n/a	n/a	n/a	1316.161542	n/a
1316.220170	0.000000	263244	ttl	4	71	n/a	n/a	n/a	n/a	n/a	n/a	n/a	n/a	n/a	n/a	n/a	n/a	n/a	n/a	n/a	n/a	n/a	n/a	n/a	n/a	n/a	1316.220170	n/a
1316.225783	0.000000	263245	ttl	11	71	n/a	n/a	n/a	n/a	n/a	n/a	n/a	n/a	n/a	n/a	n/a	n/a	n/a	n/a	n/a	n/a	n/a	n/a	n/a	n/a	n/a	1316.225783	n/a
1316.692353	1.534704	263338	scene_recognition	n/a	n/a	n/a	71.0	n/a	n/a	n/a	1316.22578275	n/a	1.2335236012731912	2	2	2	SB_8_frameB_foil.png	1	6	1319.46058125	0	24	n/a	n/a	intervals/recognition_table	23	1316.692353	1318.227058
1316.692353	0.000000	263338	ttl	1	71	n/a	n/a	n/a	n/a	n/a	n/a	n/a	n/a	n/a	n/a	n/a	n/a	n/a	n/a	n/a	n/a	n/a	n/a	n/a	n/a	n/a	1316.692353	n/a
1318.227058	0.000000	263645	ttl	2	71	n/a	n/a	n/a	n/a	n/a	n/a	n/a	n/a	n/a	n/a	n/a	n/a	n/a	n/a	n/a	n/a	n/a	n/a	n/a	n/a	n/a	1318.227058	n/a
1319.460581	0.000000	263892	ttl	4	71	n/a	n/a	n/a	n/a	n/a	n/a	n/a	n/a	n/a	n/a	n/a	n/a	n/a	n/a	n/a	n/a	n/a	n/a	n/a	n/a	n/a	1319.460581	n/a
1319.470341	0.000000	263894	ttl	11	71	n/a	n/a	n/a	n/a	n/a	n/a	n/a	n/a	n/a	n/a	n/a	n/a	n/a	n/a	n/a	n/a	n/a	n/a	n/a	n/a	n/a	1319.470341	n/a
1319.986911	1.534750	263997	scene_recognition	n/a	n/a	n/a	71.0	n/a	n/a	n/a	1319.4703415	n/a	0.46521516077336855	2	2	3	SB_3_frameA.png	2	2	1321.9868757499999	1	25	n/a	n/a	intervals/recognition_table	24	1319.986911	1321.521661
1319.986911	0.000000	263997	ttl	1	71	n/a	n/a	n/a	n/a	n/a	n/a	n/a	n/a	n/a	n/a	n/a	n/a	n/a	n/a	n/a	n/a	n/a	n/a	n/a	n/a	n/a	1319.986911	n/a
1321.521661	0.000000	264304	ttl	2	71	n/a	n/a	n/a	n/a	n/a	n/a	n/a	n/a	n/a	n/a	n/a	n/a	n/a	n/a	n/a	n/a	n/a	n/a	n/a	n/a	n/a	1321.521661	n/a
1321.986876	0.000000	264397	ttl	4	71	n/a	n/a	n/a	n/a	n/a	n/a	n/a	n/a	n/a	n/a	n/a	n/a	n/a	n/a	n/a	n/a	n/a	n/a	n/a	n/a	n/a	1321.986876	n/a
1322.006557	0.000000	264401	ttl	11	71	n/a	n/a	n/a	n/a	n/a	n/a	n/a	n/a	n/a	n/a	n/a	n/a	n/a	n/a	n/a	n/a	n/a	n/a	n/a	n/a	n/a	1322.006557	n/a
1322.506420	1.534090	264501	scene_recognition	n/a	n/a	n/a	71.0	n/a	n/a	n/a	1322.0065567499998	n/a	0.34323292231420055	2	1	3	NB_6_frameA.png	2	2	1324.3837425	1	26	n/a	n/a	intervals/recognition_table	25	1322.506420	1324.040510
1322.506420	0.000000	264501	ttl	1	71	n/a	n/a	n/a	n/a	n/a	n/a	n/a	n/a	n/a	n/a	n/a	n/a	n/a	n/a	n/a	n/a	n/a	n/a	n/a	n/a	n/a	1322.506420	n/a
1324.040510	0.000000	264808	ttl	2	71	n/a	n/a	n/a	n/a	n/a	n/a	n/a	n/a	n/a	n/a	n/a	n/a	n/a	n/a	n/a	n/a	n/a	n/a	n/a	n/a	n/a	1324.040510	n/a
1324.383742	0.000000	264877	ttl	4	71	n/a	n/a	n/a	n/a	n/a	n/a	n/a	n/a	n/a	n/a	n/a	n/a	n/a	n/a	n/a	n/a	n/a	n/a	n/a	n/a	n/a	1324.383742	n/a
1324.403280	0.000000	264881	ttl	11	71	n/a	n/a	n/a	n/a	n/a	n/a	n/a	n/a	n/a	n/a	n/a	n/a	n/a	n/a	n/a	n/a	n/a	n/a	n/a	n/a	n/a	1324.403280	n/a
1325.003156	1.534898	265001	scene_recognition	n/a	n/a	n/a	71.0	n/a	n/a	n/a	1324.40327975	n/a	0.0	1	3	0	HB_5_frameB_foil.png	0	1	1326.5390545	0	27	n/a	n/a	intervals/recognition_table	26	1325.003156	1326.538055
1325.003156	0.000000	265001	ttl	1	71	n/a	n/a	n/a	n/a	n/a	n/a	n/a	n/a	n/a	n/a	n/a	n/a	n/a	n/a	n/a	n/a	n/a	n/a	n/a	n/a	n/a	1325.003156	n/a
1326.538055	0.000000	265308	ttl	2	71	n/a	n/a	n/a	n/a	n/a	n/a	n/a	n/a	n/a	n/a	n/a	n/a	n/a	n/a	n/a	n/a	n/a	n/a	n/a	n/a	n/a	1326.538055	n/a
1327.894985	0.000000	265579	ttl	11	71	n/a	n/a	n/a	n/a	n/a	n/a	n/a	n/a	n/a	n/a	n/a	n/a	n/a	n/a	n/a	n/a	n/a	n/a	n/a	n/a	n/a	1327.894985	n/a
1328.478229	1.534428	265696	scene_recognition	n/a	n/a	n/a	71.0	n/a	n/a	n/a	1327.8949854999998	n/a	1.3041473084304016	2	1	3	NB_11_frameB.png	2	2	1331.31680425	1	28	n/a	n/a	intervals/recognition_table	27	1328.478229	1330.012657
1328.478229	0.000000	265696	ttl	1	71	n/a	n/a	n/a	n/a	n/a	n/a	n/a	n/a	n/a	n/a	n/a	n/a	n/a	n/a	n/a	n/a	n/a	n/a	n/a	n/a	n/a	1328.478229	n/a
1330.012657	0.000000	266003	ttl	2	71	n/a	n/a	n/a	n/a	n/a	n/a	n/a	n/a	n/a	n/a	n/a	n/a	n/a	n/a	n/a	n/a	n/a	n/a	n/a	n/a	n/a	1330.012657	n/a
1331.316804	0.000000	266263	ttl	4	71	n/a	n/a	n/a	n/a	n/a	n/a	n/a	n/a	n/a	n/a	n/a	n/a	n/a	n/a	n/a	n/a	n/a	n/a	n/a	n/a	n/a	1331.316804	n/a
1331.325132	0.000000	266265	ttl	11	71	n/a	n/a	n/a	n/a	n/a	n/a	n/a	n/a	n/a	n/a	n/a	n/a	n/a	n/a	n/a	n/a	n/a	n/a	n/a	n/a	n/a	1331.325132	n/a
1331.925002	1.534188	266385	scene_recognition	n/a	n/a	n/a	71.0	n/a	n/a	n/a	1331.3251317499999	n/a	0.09639571243315004	2	2	2	SB_4_frameA_foil.png	1	6	1333.5555855	0	29	n/a	n/a	intervals/recognition_table	28	1331.925002	1333.459190
1331.925002	0.000000	266385	ttl	1	71	n/a	n/a	n/a	n/a	n/a	n/a	n/a	n/a	n/a	n/a	n/a	n/a	n/a	n/a	n/a	n/a	n/a	n/a	n/a	n/a	n/a	1331.925002	n/a
1333.459190	0.000000	266692	ttl	2	71	n/a	n/a	n/a	n/a	n/a	n/a	n/a	n/a	n/a	n/a	n/a	n/a	n/a	n/a	n/a	n/a	n/a	n/a	n/a	n/a	n/a	1333.459190	n/a
1333.555586	0.000000	266711	ttl	4	71	n/a	n/a	n/a	n/a	n/a	n/a	n/a	n/a	n/a	n/a	n/a	n/a	n/a	n/a	n/a	n/a	n/a	n/a	n/a	n/a	n/a	1333.555586	n/a
1333.570785	0.000000	266714	ttl	11	71	n/a	n/a	n/a	n/a	n/a	n/a	n/a	n/a	n/a	n/a	n/a	n/a	n/a	n/a	n/a	n/a	n/a	n/a	n/a	n/a	n/a	1333.570785	n/a
1334.104014	1.534862	266821	scene_recognition	n/a	n/a	n/a	71.0	n/a	n/a	n/a	1333.570785	n/a	0.0	1	3	0	HB_1_frameB.png	0	1	1335.6398755	1	30	n/a	n/a	intervals/recognition_table	29	1334.104014	1335.638876
1334.104014	0.000000	266821	ttl	1	71	n/a	n/a	n/a	n/a	n/a	n/a	n/a	n/a	n/a	n/a	n/a	n/a	n/a	n/a	n/a	n/a	n/a	n/a	n/a	n/a	n/a	1334.104014	n/a
1335.638876	0.000000	267128	ttl	2	71	n/a	n/a	n/a	n/a	n/a	n/a	n/a	n/a	n/a	n/a	n/a	n/a	n/a	n/a	n/a	n/a	n/a	n/a	n/a	n/a	n/a	1335.638876	n/a
1336.461751	0.000000	267292	ttl	11	71	n/a	n/a	n/a	n/a	n/a	n/a	n/a	n/a	n/a	n/a	n/a	n/a	n/a	n/a	n/a	n/a	n/a	n/a	n/a	n/a	n/a	1336.461751	n/a
1336.994981	1.534762	267399	scene_recognition	n/a	n/a	n/a	71.0	n/a	n/a	n/a	1336.4617515	n/a	1.319839170188061	2	2	2	SB_1_frameB.png	2	3	1339.8495827499999	1	31	n/a	n/a	intervals/recognition_table	30	1336.994981	1338.529743
1336.994981	0.000000	267399	ttl	1	71	n/a	n/a	n/a	n/a	n/a	n/a	n/a	n/a	n/a	n/a	n/a	n/a	n/a	n/a	n/a	n/a	n/a	n/a	n/a	n/a	n/a	1336.994981	n/a
1338.529743	0.000000	267706	ttl	2	71	n/a	n/a	n/a	n/a	n/a	n/a	n/a	n/a	n/a	n/a	n/a	n/a	n/a	n/a	n/a	n/a	n/a	n/a	n/a	n/a	n/a	1338.529743	n/a
1339.849583	0.000000	267970	ttl	4	71	n/a	n/a	n/a	n/a	n/a	n/a	n/a	n/a	n/a	n/a	n/a	n/a	n/a	n/a	n/a	n/a	n/a	n/a	n/a	n/a	n/a	1339.849583	n/a
1339.861229	0.000000	267972	ttl	11	71	n/a	n/a	n/a	n/a	n/a	n/a	n/a	n/a	n/a	n/a	n/a	n/a	n/a	n/a	n/a	n/a	n/a	n/a	n/a	n/a	n/a	1339.861229	n/a
1340.361124	1.534822	268072	scene_recognition	n/a	n/a	n/a	71.0	n/a	n/a	n/a	1339.86122875	n/a	0.0	1	2	0	SB_5_frameB.png	0	1	1341.89694625	1	32	n/a	n/a	intervals/recognition_table	31	1340.361124	1341.895946
1340.361124	0.000000	268072	ttl	1	71	n/a	n/a	n/a	n/a	n/a	n/a	n/a	n/a	n/a	n/a	n/a	n/a	n/a	n/a	n/a	n/a	n/a	n/a	n/a	n/a	n/a	1340.361124	n/a
1341.895946	0.000000	268379	ttl	2	71	n/a	n/a	n/a	n/a	n/a	n/a	n/a	n/a	n/a	n/a	n/a	n/a	n/a	n/a	n/a	n/a	n/a	n/a	n/a	n/a	n/a	1341.895946	n/a
1345.139305	0.000000	269028	ttl	11	71	n/a	n/a	n/a	n/a	n/a	n/a	n/a	n/a	n/a	n/a	n/a	n/a	n/a	n/a	n/a	n/a	n/a	n/a	n/a	n/a	n/a	1345.139305	n/a
1345.622540	1.534697	269125	scene_recognition	n/a	n/a	n/a	71.0	n/a	n/a	n/a	1345.139305	n/a	2.5159374172217213	2	2	2	SB_1_frameB.png	2	3	1349.6731745	1	33	n/a	n/a	intervals/recognition_table	32	1345.622540	1347.157237
1345.622540	0.000000	269125	ttl	1	71	n/a	n/a	n/a	n/a	n/a	n/a	n/a	n/a	n/a	n/a	n/a	n/a	n/a	n/a	n/a	n/a	n/a	n/a	n/a	n/a	n/a	1345.622540	n/a
1347.157237	0.000000	269431	ttl	2	71	n/a	n/a	n/a	n/a	n/a	n/a	n/a	n/a	n/a	n/a	n/a	n/a	n/a	n/a	n/a	n/a	n/a	n/a	n/a	n/a	n/a	1347.157237	n/a
1349.673174	0.000000	269935	ttl	4	71	n/a	n/a	n/a	n/a	n/a	n/a	n/a	n/a	n/a	n/a	n/a	n/a	n/a	n/a	n/a	n/a	n/a	n/a	n/a	n/a	n/a	1349.673174	n/a
1349.685444	0.000000	269937	ttl	11	71	n/a	n/a	n/a	n/a	n/a	n/a	n/a	n/a	n/a	n/a	n/a	n/a	n/a	n/a	n/a	n/a	n/a	n/a	n/a	n/a	n/a	1349.685444	n/a
1350.185345	1.533819	270037	scene_recognition	n/a	n/a	n/a	71.0	n/a	n/a	n/a	1349.6854437499999	n/a	0.7169916196726263	2	2	2	SB_2_frameA_foil.png	1	6	1352.4361555	0	34	n/a	n/a	intervals/recognition_table	33	1350.185345	1351.719164
1350.185345	0.000000	270037	ttl	1	71	n/a	n/a	n/a	n/a	n/a	n/a	n/a	n/a	n/a	n/a	n/a	n/a	n/a	n/a	n/a	n/a	n/a	n/a	n/a	n/a	n/a	1350.185345	n/a
1351.719164	0.000000	270344	ttl	2	71	n/a	n/a	n/a	n/a	n/a	n/a	n/a	n/a	n/a	n/a	n/a	n/a	n/a	n/a	n/a	n/a	n/a	n/a	n/a	n/a	n/a	1351.719164	n/a
1352.436156	0.000000	270487	ttl	4	71	n/a	n/a	n/a	n/a	n/a	n/a	n/a	n/a	n/a	n/a	n/a	n/a	n/a	n/a	n/a	n/a	n/a	n/a	n/a	n/a	n/a	1352.436156	n/a
1352.443012	0.000000	270489	ttl	11	71	n/a	n/a	n/a	n/a	n/a	n/a	n/a	n/a	n/a	n/a	n/a	n/a	n/a	n/a	n/a	n/a	n/a	n/a	n/a	n/a	n/a	1352.443012	n/a
1352.976267	1.534738	270595	scene_recognition	n/a	n/a	n/a	71.0	n/a	n/a	n/a	1352.4430117499999	n/a	6.373129568732111	2	1	2	NB_29_frameA_foil.png	1	6	1360.8841344999998	0	35	n/a	n/a	intervals/recognition_table	34	1352.976267	1354.511005
1352.976267	0.000000	270595	ttl	1	71	n/a	n/a	n/a	n/a	n/a	n/a	n/a	n/a	n/a	n/a	n/a	n/a	n/a	n/a	n/a	n/a	n/a	n/a	n/a	n/a	n/a	1352.976267	n/a
1354.511005	0.000000	270902	ttl	2	71	n/a	n/a	n/a	n/a	n/a	n/a	n/a	n/a	n/a	n/a	n/a	n/a	n/a	n/a	n/a	n/a	n/a	n/a	n/a	n/a	n/a	1354.511005	n/a
1360.884134	0.000000	272177	ttl	4	71	n/a	n/a	n/a	n/a	n/a	n/a	n/a	n/a	n/a	n/a	n/a	n/a	n/a	n/a	n/a	n/a	n/a	n/a	n/a	n/a	n/a	1360.884134	n/a
1360.900576	0.000000	272180	ttl	11	71	n/a	n/a	n/a	n/a	n/a	n/a	n/a	n/a	n/a	n/a	n/a	n/a	n/a	n/a	n/a	n/a	n/a	n/a	n/a	n/a	n/a	1360.900576	n/a
1361.417139	1.534438	272283	scene_recognition	n/a	n/a	n/a	71.0	n/a	n/a	n/a	1360.90057575	n/a	0.0	1	2	0	SB_2_frameB_foil.png	0	1	1362.9525764999999	0	36	n/a	n/a	intervals/recognition_table	35	1361.417139	1362.951576
1361.417139	0.000000	272283	ttl	1	71	n/a	n/a	n/a	n/a	n/a	n/a	n/a	n/a	n/a	n/a	n/a	n/a	n/a	n/a	n/a	n/a	n/a	n/a	n/a	n/a	n/a	1361.417139	n/a
1362.951576	0.000000	272590	ttl	2	71	n/a	n/a	n/a	n/a	n/a	n/a	n/a	n/a	n/a	n/a	n/a	n/a	n/a	n/a	n/a	n/a	n/a	n/a	n/a	n/a	n/a	1362.951576	n/a
1364.896687	0.000000	272979	ttl	11	71	n/a	n/a	n/a	n/a	n/a	n/a	n/a	n/a	n/a	n/a	n/a	n/a	n/a	n/a	n/a	n/a	n/a	n/a	n/a	n/a	n/a	1364.896687	n/a
1365.479895	1.534218	273096	scene_recognition	n/a	n/a	n/a	71.0	n/a	n/a	n/a	1364.896687	n/a	0.3335511805926217	2	3	3	HB_1_frameB.png	2	2	1367.3476635	1	37	n/a	n/a	intervals/recognition_table	36	1365.479895	1367.014112
1365.479895	0.000000	273096	ttl	1	71	n/a	n/a	n/a	n/a	n/a	n/a	n/a	n/a	n/a	n/a	n/a	n/a	n/a	n/a	n/a	n/a	n/a	n/a	n/a	n/a	n/a	1365.479895	n/a
1367.014112	0.000000	273403	ttl	2	71	n/a	n/a	n/a	n/a	n/a	n/a	n/a	n/a	n/a	n/a	n/a	n/a	n/a	n/a	n/a	n/a	n/a	n/a	n/a	n/a	n/a	1367.014112	n/a
1367.347663	0.000000	273470	ttl	4	71	n/a	n/a	n/a	n/a	n/a	n/a	n/a	n/a	n/a	n/a	n/a	n/a	n/a	n/a	n/a	n/a	n/a	n/a	n/a	n/a	n/a	1367.347663	n/a
1367.352027	0.000000	273470	ttl	11	71	n/a	n/a	n/a	n/a	n/a	n/a	n/a	n/a	n/a	n/a	n/a	n/a	n/a	n/a	n/a	n/a	n/a	n/a	n/a	n/a	n/a	1367.352027	n/a
1367.851939	1.534309	273570	scene_recognition	n/a	n/a	n/a	71.0	n/a	n/a	n/a	1367.3520274999998	n/a	0.5705819154827623	2	3	2	HB_2_frameA.png	2	3	1369.9568299999999	1	38	n/a	n/a	intervals/recognition_table	37	1367.851939	1369.386248
1367.851939	0.000000	273570	ttl	1	71	n/a	n/a	n/a	n/a	n/a	n/a	n/a	n/a	n/a	n/a	n/a	n/a	n/a	n/a	n/a	n/a	n/a	n/a	n/a	n/a	n/a	1367.851939	n/a
1369.386248	0.000000	273877	ttl	2	71	n/a	n/a	n/a	n/a	n/a	n/a	n/a	n/a	n/a	n/a	n/a	n/a	n/a	n/a	n/a	n/a	n/a	n/a	n/a	n/a	n/a	1369.386248	n/a
1369.956830	0.000000	273991	ttl	4	71	n/a	n/a	n/a	n/a	n/a	n/a	n/a	n/a	n/a	n/a	n/a	n/a	n/a	n/a	n/a	n/a	n/a	n/a	n/a	n/a	n/a	1369.956830	n/a
1369.975838	0.000000	273995	ttl	11	71	n/a	n/a	n/a	n/a	n/a	n/a	n/a	n/a	n/a	n/a	n/a	n/a	n/a	n/a	n/a	n/a	n/a	n/a	n/a	n/a	n/a	1369.975838	n/a
1370.509065	1.534279	274102	scene_recognition	n/a	n/a	n/a	71.0	n/a	n/a	n/a	1369.97583775	n/a	3.535535933668143	2	1	2	NB_14_frameA.png	2	3	1375.5788802499999	1	39	n/a	n/a	intervals/recognition_table	38	1370.509065	1372.043344
1370.509065	0.000000	274102	ttl	1	71	n/a	n/a	n/a	n/a	n/a	n/a	n/a	n/a	n/a	n/a	n/a	n/a	n/a	n/a	n/a	n/a	n/a	n/a	n/a	n/a	n/a	1370.509065	n/a
1372.043344	0.000000	274409	ttl	2	71	n/a	n/a	n/a	n/a	n/a	n/a	n/a	n/a	n/a	n/a	n/a	n/a	n/a	n/a	n/a	n/a	n/a	n/a	n/a	n/a	n/a	1372.043344	n/a
1375.578880	0.000000	275116	ttl	4	71	n/a	n/a	n/a	n/a	n/a	n/a	n/a	n/a	n/a	n/a	n/a	n/a	n/a	n/a	n/a	n/a	n/a	n/a	n/a	n/a	n/a	1375.578880	n/a
1375.592430	0.000000	275118	ttl	11	71	n/a	n/a	n/a	n/a	n/a	n/a	n/a	n/a	n/a	n/a	n/a	n/a	n/a	n/a	n/a	n/a	n/a	n/a	n/a	n/a	n/a	1375.592430	n/a
1376.108990	1.534304	275222	scene_recognition	n/a	n/a	n/a	71.0	n/a	n/a	n/a	1375.5924297499998	n/a	2.5108738401322626	2	1	2	NB_18_frameB_foil.png	1	6	1380.1541682499999	0	40	n/a	n/a	intervals/recognition_table	39	1376.108990	1377.643294
1376.108990	0.000000	275222	ttl	1	71	n/a	n/a	n/a	n/a	n/a	n/a	n/a	n/a	n/a	n/a	n/a	n/a	n/a	n/a	n/a	n/a	n/a	n/a	n/a	n/a	n/a	1376.108990	n/a
1377.643294	0.000000	275529	ttl	2	71	n/a	n/a	n/a	n/a	n/a	n/a	n/a	n/a	n/a	n/a	n/a	n/a	n/a	n/a	n/a	n/a	n/a	n/a	n/a	n/a	n/a	1377.643294	n/a
1380.154168	0.000000	276031	ttl	4	71	n/a	n/a	n/a	n/a	n/a	n/a	n/a	n/a	n/a	n/a	n/a	n/a	n/a	n/a	n/a	n/a	n/a	n/a	n/a	n/a	n/a	1380.154168	n/a
1380.166602	0.000000	276033	ttl	11	71	n/a	n/a	n/a	n/a	n/a	n/a	n/a	n/a	n/a	n/a	n/a	n/a	n/a	n/a	n/a	n/a	n/a	n/a	n/a	n/a	n/a	1380.166602	n/a
1380.683165	1.535023	276137	scene_recognition	n/a	n/a	n/a	71.0	n/a	n/a	n/a	1380.166602	n/a	1.2127328012720682	2	3	2	HB_1_frameB.png	2	3	1383.43092125	1	41	n/a	n/a	intervals/recognition_table	40	1380.683165	1382.218188
1380.683165	0.000000	276137	ttl	1	71	n/a	n/a	n/a	n/a	n/a	n/a	n/a	n/a	n/a	n/a	n/a	n/a	n/a	n/a	n/a	n/a	n/a	n/a	n/a	n/a	n/a	1380.683165	n/a
1382.218188	0.000000	276444	ttl	2	71	n/a	n/a	n/a	n/a	n/a	n/a	n/a	n/a	n/a	n/a	n/a	n/a	n/a	n/a	n/a	n/a	n/a	n/a	n/a	n/a	n/a	1382.218188	n/a
1383.430921	0.000000	276686	ttl	4	71	n/a	n/a	n/a	n/a	n/a	n/a	n/a	n/a	n/a	n/a	n/a	n/a	n/a	n/a	n/a	n/a	n/a	n/a	n/a	n/a	n/a	1383.430921	n/a
1383.442967	0.000000	276689	ttl	11	71	n/a	n/a	n/a	n/a	n/a	n/a	n/a	n/a	n/a	n/a	n/a	n/a	n/a	n/a	n/a	n/a	n/a	n/a	n/a	n/a	n/a	1383.442967	n/a
1384.009532	1.534645	276802	scene_recognition	n/a	n/a	n/a	71.0	n/a	n/a	n/a	1383.4429665	n/a	0.05272372715990059	2	2	2	SB_1_frameB.png	2	3	1385.59690125	1	42	n/a	n/a	intervals/recognition_table	41	1384.009532	1385.544177
1384.009532	0.000000	276802	ttl	1	71	n/a	n/a	n/a	n/a	n/a	n/a	n/a	n/a	n/a	n/a	n/a	n/a	n/a	n/a	n/a	n/a	n/a	n/a	n/a	n/a	n/a	1384.009532	n/a
1385.544177	0.000000	277109	ttl	2	71	n/a	n/a	n/a	n/a	n/a	n/a	n/a	n/a	n/a	n/a	n/a	n/a	n/a	n/a	n/a	n/a	n/a	n/a	n/a	n/a	n/a	1385.544177	n/a
1385.596901	0.000000	277119	ttl	4	71	n/a	n/a	n/a	n/a	n/a	n/a	n/a	n/a	n/a	n/a	n/a	n/a	n/a	n/a	n/a	n/a	n/a	n/a	n/a	n/a	n/a	1385.596901	n/a
1385.612041	0.000000	277122	ttl	11	71	n/a	n/a	n/a	n/a	n/a	n/a	n/a	n/a	n/a	n/a	n/a	n/a	n/a	n/a	n/a	n/a	n/a	n/a	n/a	n/a	n/a	1385.612041	n/a
1386.128609	1.534305	277226	scene_recognition	n/a	n/a	n/a	71.0	n/a	n/a	n/a	1385.61204075	n/a	0.25273824682517443	2	2	2	SB_4_frameB.png	2	3	1387.9156524999999	1	43	n/a	n/a	intervals/recognition_table	42	1386.128609	1387.662914
1386.128609	0.000000	277226	ttl	1	71	n/a	n/a	n/a	n/a	n/a	n/a	n/a	n/a	n/a	n/a	n/a	n/a	n/a	n/a	n/a	n/a	n/a	n/a	n/a	n/a	n/a	1386.128609	n/a
1387.662914	0.000000	277533	ttl	2	71	n/a	n/a	n/a	n/a	n/a	n/a	n/a	n/a	n/a	n/a	n/a	n/a	n/a	n/a	n/a	n/a	n/a	n/a	n/a	n/a	n/a	1387.662914	n/a
1387.915652	0.000000	277583	ttl	4	71	n/a	n/a	n/a	n/a	n/a	n/a	n/a	n/a	n/a	n/a	n/a	n/a	n/a	n/a	n/a	n/a	n/a	n/a	n/a	n/a	n/a	1387.915652	n/a
1387.922300	0.000000	277584	ttl	11	71	n/a	n/a	n/a	n/a	n/a	n/a	n/a	n/a	n/a	n/a	n/a	n/a	n/a	n/a	n/a	n/a	n/a	n/a	n/a	n/a	n/a	1387.922300	n/a
1388.488847	1.534240	277698	scene_recognition	n/a	n/a	n/a	71.0	n/a	n/a	n/a	1387.9222997499999	n/a	0.5248255150654586	2	2	3	SB_2_frameA.png	2	2	1390.54791325	1	44	n/a	n/a	intervals/recognition_table	43	1388.488847	1390.023088
1388.488847	0.000000	277698	ttl	1	71	n/a	n/a	n/a	n/a	n/a	n/a	n/a	n/a	n/a	n/a	n/a	n/a	n/a	n/a	n/a	n/a	n/a	n/a	n/a	n/a	n/a	1388.488847	n/a
1390.023088	0.000000	278005	ttl	2	71	n/a	n/a	n/a	n/a	n/a	n/a	n/a	n/a	n/a	n/a	n/a	n/a	n/a	n/a	n/a	n/a	n/a	n/a	n/a	n/a	n/a	1390.023088	n/a
1390.547913	0.000000	278110	ttl	4	71	n/a	n/a	n/a	n/a	n/a	n/a	n/a	n/a	n/a	n/a	n/a	n/a	n/a	n/a	n/a	n/a	n/a	n/a	n/a	n/a	n/a	1390.547913	n/a
1390.560479	0.000000	278112	ttl	11	71	n/a	n/a	n/a	n/a	n/a	n/a	n/a	n/a	n/a	n/a	n/a	n/a	n/a	n/a	n/a	n/a	n/a	n/a	n/a	n/a	n/a	1390.560479	n/a
1391.043716	1.534658	278209	scene_recognition	n/a	n/a	n/a	71.0	n/a	n/a	n/a	1390.5604792499998	n/a	0.0	1	2	0	SB_7_frameB_foil.png	0	1	1392.579374	0	45	n/a	n/a	intervals/recognition_table	44	1391.043716	1392.578374
1391.043716	0.000000	278209	ttl	1	71	n/a	n/a	n/a	n/a	n/a	n/a	n/a	n/a	n/a	n/a	n/a	n/a	n/a	n/a	n/a	n/a	n/a	n/a	n/a	n/a	n/a	1391.043716	n/a
1392.578374	0.000000	278516	ttl	2	71	n/a	n/a	n/a	n/a	n/a	n/a	n/a	n/a	n/a	n/a	n/a	n/a	n/a	n/a	n/a	n/a	n/a	n/a	n/a	n/a	n/a	1392.578374	n/a
1394.199306	0.000000	278840	ttl	11	71	n/a	n/a	n/a	n/a	n/a	n/a	n/a	n/a	n/a	n/a	n/a	n/a	n/a	n/a	n/a	n/a	n/a	n/a	n/a	n/a	n/a	1394.199306	n/a
1394.749201	1.533791	278950	scene_recognition	n/a	n/a	n/a	71.0	n/a	n/a	n/a	1394.199306	n/a	1.1045886246138252	2	1	2	NB_13_frameB.png	2	3	1397.38758025	1	46	n/a	n/a	intervals/recognition_table	45	1394.749201	1396.282991
1394.749201	0.000000	278950	ttl	1	71	n/a	n/a	n/a	n/a	n/a	n/a	n/a	n/a	n/a	n/a	n/a	n/a	n/a	n/a	n/a	n/a	n/a	n/a	n/a	n/a	n/a	1394.749201	n/a
1396.282991	0.000000	279257	ttl	2	71	n/a	n/a	n/a	n/a	n/a	n/a	n/a	n/a	n/a	n/a	n/a	n/a	n/a	n/a	n/a	n/a	n/a	n/a	n/a	n/a	n/a	1396.282991	n/a
1397.387580	0.000000	279478	ttl	4	71	n/a	n/a	n/a	n/a	n/a	n/a	n/a	n/a	n/a	n/a	n/a	n/a	n/a	n/a	n/a	n/a	n/a	n/a	n/a	n/a	n/a	1397.387580	n/a
1397.391773	0.000000	279478	ttl	11	71	n/a	n/a	n/a	n/a	n/a	n/a	n/a	n/a	n/a	n/a	n/a	n/a	n/a	n/a	n/a	n/a	n/a	n/a	n/a	n/a	n/a	1397.391773	n/a
1397.941672	1.534411	279588	scene_recognition	n/a	n/a	n/a	71.0	n/a	n/a	n/a	1397.39177325	n/a	0.8303022404143121	2	1	2	NB_20_frameA.png	2	3	1400.30638525	1	47	n/a	n/a	intervals/recognition_table	46	1397.941672	1399.476083
1397.941672	0.000000	279588	ttl	1	71	n/a	n/a	n/a	n/a	n/a	n/a	n/a	n/a	n/a	n/a	n/a	n/a	n/a	n/a	n/a	n/a	n/a	n/a	n/a	n/a	n/a	1397.941672	n/a
1399.476083	0.000000	279895	ttl	2	71	n/a	n/a	n/a	n/a	n/a	n/a	n/a	n/a	n/a	n/a	n/a	n/a	n/a	n/a	n/a	n/a	n/a	n/a	n/a	n/a	n/a	1399.476083	n/a
1400.306385	0.000000	280061	ttl	4	71	n/a	n/a	n/a	n/a	n/a	n/a	n/a	n/a	n/a	n/a	n/a	n/a	n/a	n/a	n/a	n/a	n/a	n/a	n/a	n/a	n/a	1400.306385	n/a
1400.311277	0.000000	280062	ttl	11	71	n/a	n/a	n/a	n/a	n/a	n/a	n/a	n/a	n/a	n/a	n/a	n/a	n/a	n/a	n/a	n/a	n/a	n/a	n/a	n/a	n/a	1400.311277	n/a
1400.761197	1.534517	280152	scene_recognition	n/a	n/a	n/a	71.0	n/a	n/a	n/a	1400.311277	n/a	1.2437244133616332	2	2	3	SB_1_frameB_foil.png	1	7	1403.5394385	0	48	n/a	n/a	intervals/recognition_table	47	1400.761197	1402.295714
1400.761197	0.000000	280152	ttl	1	71	n/a	n/a	n/a	n/a	n/a	n/a	n/a	n/a	n/a	n/a	n/a	n/a	n/a	n/a	n/a	n/a	n/a	n/a	n/a	n/a	n/a	1400.761197	n/a
1402.295714	0.000000	280459	ttl	2	71	n/a	n/a	n/a	n/a	n/a	n/a	n/a	n/a	n/a	n/a	n/a	n/a	n/a	n/a	n/a	n/a	n/a	n/a	n/a	n/a	n/a	1402.295714	n/a
1403.539438	0.000000	280708	ttl	4	71	n/a	n/a	n/a	n/a	n/a	n/a	n/a	n/a	n/a	n/a	n/a	n/a	n/a	n/a	n/a	n/a	n/a	n/a	n/a	n/a	n/a	1403.539438	n/a
1403.551394	0.000000	280710	ttl	11	71	n/a	n/a	n/a	n/a	n/a	n/a	n/a	n/a	n/a	n/a	n/a	n/a	n/a	n/a	n/a	n/a	n/a	n/a	n/a	n/a	n/a	1403.551394	n/a
1404.101288	1.534553	280820	scene_recognition	n/a	n/a	n/a	71.0	n/a	n/a	n/a	1403.55139375	n/a	2.6139636347215855	2	3	2	HB_2_frameA.png	2	3	1408.2498047499998	1	49	n/a	n/a	intervals/recognition_table	48	1404.101288	1405.635841
1404.101288	0.000000	280820	ttl	1	71	n/a	n/a	n/a	n/a	n/a	n/a	n/a	n/a	n/a	n/a	n/a	n/a	n/a	n/a	n/a	n/a	n/a	n/a	n/a	n/a	n/a	1404.101288	n/a
1405.635841	0.000000	281127	ttl	2	71	n/a	n/a	n/a	n/a	n/a	n/a	n/a	n/a	n/a	n/a	n/a	n/a	n/a	n/a	n/a	n/a	n/a	n/a	n/a	n/a	n/a	1405.635841	n/a
1408.249805	0.000000	281650	ttl	4	71	n/a	n/a	n/a	n/a	n/a	n/a	n/a	n/a	n/a	n/a	n/a	n/a	n/a	n/a	n/a	n/a	n/a	n/a	n/a	n/a	n/a	1408.249805	n/a
1408.271442	0.000000	281654	ttl	11	71	n/a	n/a	n/a	n/a	n/a	n/a	n/a	n/a	n/a	n/a	n/a	n/a	n/a	n/a	n/a	n/a	n/a	n/a	n/a	n/a	n/a	1408.271442	n/a
1408.788012	1.534585	281758	scene_recognition	n/a	n/a	n/a	71.0	n/a	n/a	n/a	1408.2714415	n/a	3.159649317516596	2	3	2	HB_4_frameB.png	2	3	1413.48224625	1	50	n/a	n/a	intervals/recognition_table	49	1408.788012	1410.322597
1408.788012	0.000000	281758	ttl	1	71	n/a	n/a	n/a	n/a	n/a	n/a	n/a	n/a	n/a	n/a	n/a	n/a	n/a	n/a	n/a	n/a	n/a	n/a	n/a	n/a	n/a	1408.788012	n/a
1410.322597	0.000000	282065	ttl	2	71	n/a	n/a	n/a	n/a	n/a	n/a	n/a	n/a	n/a	n/a	n/a	n/a	n/a	n/a	n/a	n/a	n/a	n/a	n/a	n/a	n/a	1410.322597	n/a
1413.482246	0.000000	282696	ttl	4	71	n/a	n/a	n/a	n/a	n/a	n/a	n/a	n/a	n/a	n/a	n/a	n/a	n/a	n/a	n/a	n/a	n/a	n/a	n/a	n/a	n/a	1413.482246	n/a
1413.500832	0.000000	282700	ttl	11	71	n/a	n/a	n/a	n/a	n/a	n/a	n/a	n/a	n/a	n/a	n/a	n/a	n/a	n/a	n/a	n/a	n/a	n/a	n/a	n/a	n/a	1413.500832	n/a
1414.017389	1.533852	282803	scene_recognition	n/a	n/a	n/a	71.0	n/a	n/a	n/a	1413.5008317499999	n/a	5.719808833120624	2	1	2	NB_19_frameA_foil.png	1	6	1421.27104975	0	51	n/a	n/a	intervals/recognition_table	50	1414.017389	1415.551241
1414.017389	0.000000	282803	ttl	1	71	n/a	n/a	n/a	n/a	n/a	n/a	n/a	n/a	n/a	n/a	n/a	n/a	n/a	n/a	n/a	n/a	n/a	n/a	n/a	n/a	n/a	1414.017389	n/a
1415.551241	0.000000	283110	ttl	2	71	n/a	n/a	n/a	n/a	n/a	n/a	n/a	n/a	n/a	n/a	n/a	n/a	n/a	n/a	n/a	n/a	n/a	n/a	n/a	n/a	n/a	1415.551241	n/a
1421.271050	0.000000	284254	ttl	4	71	n/a	n/a	n/a	n/a	n/a	n/a	n/a	n/a	n/a	n/a	n/a	n/a	n/a	n/a	n/a	n/a	n/a	n/a	n/a	n/a	n/a	1421.271050	n/a
1421.276710	0.000000	284255	ttl	11	71	n/a	n/a	n/a	n/a	n/a	n/a	n/a	n/a	n/a	n/a	n/a	n/a	n/a	n/a	n/a	n/a	n/a	n/a	n/a	n/a	n/a	1421.276710	n/a
1421.809939	1.533830	284362	scene_recognition	n/a	n/a	n/a	71.0	n/a	n/a	n/a	1421.2767099999999	n/a	1.109605481979088	2	3	2	HB_1_frameB_foil.png	1	6	1424.45337475	0	52	n/a	n/a	intervals/recognition_table	51	1421.809939	1423.343769
1421.809939	0.000000	284362	ttl	1	71	n/a	n/a	n/a	n/a	n/a	n/a	n/a	n/a	n/a	n/a	n/a	n/a	n/a	n/a	n/a	n/a	n/a	n/a	n/a	n/a	n/a	1421.809939	n/a
1423.343769	0.000000	284669	ttl	2	71	n/a	n/a	n/a	n/a	n/a	n/a	n/a	n/a	n/a	n/a	n/a	n/a	n/a	n/a	n/a	n/a	n/a	n/a	n/a	n/a	n/a	1423.343769	n/a
1424.453375	0.000000	284891	ttl	4	71	n/a	n/a	n/a	n/a	n/a	n/a	n/a	n/a	n/a	n/a	n/a	n/a	n/a	n/a	n/a	n/a	n/a	n/a	n/a	n/a	n/a	1424.453375	n/a
1424.464286	0.000000	284893	ttl	11	71	n/a	n/a	n/a	n/a	n/a	n/a	n/a	n/a	n/a	n/a	n/a	n/a	n/a	n/a	n/a	n/a	n/a	n/a	n/a	n/a	n/a	1424.464286	n/a
1424.980849	1.534628	284996	scene_recognition	n/a	n/a	n/a	71.0	n/a	n/a	n/a	1424.46428625	n/a	0.8846216603124049	2	1	3	NB_21_frameA_foil.png	1	7	1427.400099	0	53	n/a	n/a	intervals/recognition_table	52	1424.980849	1426.515477
1424.980849	0.000000	284996	ttl	1	71	n/a	n/a	n/a	n/a	n/a	n/a	n/a	n/a	n/a	n/a	n/a	n/a	n/a	n/a	n/a	n/a	n/a	n/a	n/a	n/a	n/a	1424.980849	n/a
1426.515477	0.000000	285303	ttl	2	71	n/a	n/a	n/a	n/a	n/a	n/a	n/a	n/a	n/a	n/a	n/a	n/a	n/a	n/a	n/a	n/a	n/a	n/a	n/a	n/a	n/a	1426.515477	n/a
1427.400099	0.000000	285480	ttl	4	71	n/a	n/a	n/a	n/a	n/a	n/a	n/a	n/a	n/a	n/a	n/a	n/a	n/a	n/a	n/a	n/a	n/a	n/a	n/a	n/a	n/a	1427.400099	n/a
1427.419424	0.000000	285484	ttl	11	71	n/a	n/a	n/a	n/a	n/a	n/a	n/a	n/a	n/a	n/a	n/a	n/a	n/a	n/a	n/a	n/a	n/a	n/a	n/a	n/a	n/a	1427.419424	n/a
1427.952660	1.534739	285591	scene_recognition	n/a	n/a	n/a	71.0	n/a	n/a	n/a	1427.41942425	n/a	2.9583961819444085	2	1	3	NB_27_frameA_foil.png	1	7	1432.44579525	0	54	n/a	n/a	intervals/recognition_table	53	1427.952660	1429.487399
1427.952660	0.000000	285591	ttl	1	71	n/a	n/a	n/a	n/a	n/a	n/a	n/a	n/a	n/a	n/a	n/a	n/a	n/a	n/a	n/a	n/a	n/a	n/a	n/a	n/a	n/a	1427.952660	n/a
1429.487399	0.000000	285897	ttl	2	71	n/a	n/a	n/a	n/a	n/a	n/a	n/a	n/a	n/a	n/a	n/a	n/a	n/a	n/a	n/a	n/a	n/a	n/a	n/a	n/a	n/a	1429.487399	n/a
1432.445795	0.000000	286489	ttl	4	71	n/a	n/a	n/a	n/a	n/a	n/a	n/a	n/a	n/a	n/a	n/a	n/a	n/a	n/a	n/a	n/a	n/a	n/a	n/a	n/a	n/a	1432.445795	n/a
1432.457146	0.000000	286491	ttl	11	71	n/a	n/a	n/a	n/a	n/a	n/a	n/a	n/a	n/a	n/a	n/a	n/a	n/a	n/a	n/a	n/a	n/a	n/a	n/a	n/a	n/a	1432.457146	n/a
1432.990381	1.533608	286598	scene_recognition	n/a	n/a	n/a	71.0	n/a	n/a	n/a	1432.457146	n/a	0.0	1	1	0	NB_4_frameB_foil.png	0	1	1434.5249892499999	0	55	n/a	n/a	intervals/recognition_table	54	1432.990381	1434.523989
1432.990381	0.000000	286598	ttl	1	71	n/a	n/a	n/a	n/a	n/a	n/a	n/a	n/a	n/a	n/a	n/a	n/a	n/a	n/a	n/a	n/a	n/a	n/a	n/a	n/a	n/a	1432.990381	n/a
1434.523989	0.000000	286905	ttl	2	71	n/a	n/a	n/a	n/a	n/a	n/a	n/a	n/a	n/a	n/a	n/a	n/a	n/a	n/a	n/a	n/a	n/a	n/a	n/a	n/a	n/a	1434.523989	n/a
1436.824325	0.000000	287365	ttl	11	71	n/a	n/a	n/a	n/a	n/a	n/a	n/a	n/a	n/a	n/a	n/a	n/a	n/a	n/a	n/a	n/a	n/a	n/a	n/a	n/a	n/a	1436.824325	n/a
1437.390882	1.534804	287478	scene_recognition	n/a	n/a	n/a	71.0	n/a	n/a	n/a	1436.82432525	n/a	2.469255712348968	2	1	3	NB_13_frameA_foil.png	1	7	1441.394941	0	56	n/a	n/a	intervals/recognition_table	55	1437.390882	1438.925685
1437.390882	0.000000	287478	ttl	1	71	n/a	n/a	n/a	n/a	n/a	n/a	n/a	n/a	n/a	n/a	n/a	n/a	n/a	n/a	n/a	n/a	n/a	n/a	n/a	n/a	n/a	1437.390882	n/a
1438.925685	0.000000	287785	ttl	2	71	n/a	n/a	n/a	n/a	n/a	n/a	n/a	n/a	n/a	n/a	n/a	n/a	n/a	n/a	n/a	n/a	n/a	n/a	n/a	n/a	n/a	1438.925685	n/a
1441.394941	0.000000	288279	ttl	4	71	n/a	n/a	n/a	n/a	n/a	n/a	n/a	n/a	n/a	n/a	n/a	n/a	n/a	n/a	n/a	n/a	n/a	n/a	n/a	n/a	n/a	1441.394941	n/a
1441.406595	0.000000	288281	ttl	11	71	n/a	n/a	n/a	n/a	n/a	n/a	n/a	n/a	n/a	n/a	n/a	n/a	n/a	n/a	n/a	n/a	n/a	n/a	n/a	n/a	n/a	1441.406595	n/a
1441.956478	1.534454	288391	scene_recognition	n/a	n/a	n/a	71.0	n/a	n/a	n/a	1441.4065947499998	n/a	2.5128737804479897	2	2	3	SB_1_frameA.png	2	2	1446.0038055	1	57	n/a	n/a	intervals/recognition_table	56	1441.956478	1443.490932
1441.956478	0.000000	288391	ttl	1	71	n/a	n/a	n/a	n/a	n/a	n/a	n/a	n/a	n/a	n/a	n/a	n/a	n/a	n/a	n/a	n/a	n/a	n/a	n/a	n/a	n/a	1441.956478	n/a
1443.490932	0.000000	288698	ttl	2	71	n/a	n/a	n/a	n/a	n/a	n/a	n/a	n/a	n/a	n/a	n/a	n/a	n/a	n/a	n/a	n/a	n/a	n/a	n/a	n/a	n/a	1443.490932	n/a
1446.003805	0.000000	289201	ttl	4	71	n/a	n/a	n/a	n/a	n/a	n/a	n/a	n/a	n/a	n/a	n/a	n/a	n/a	n/a	n/a	n/a	n/a	n/a	n/a	n/a	n/a	1446.003805	n/a
1446.018134	0.000000	289204	ttl	11	71	n/a	n/a	n/a	n/a	n/a	n/a	n/a	n/a	n/a	n/a	n/a	n/a	n/a	n/a	n/a	n/a	n/a	n/a	n/a	n/a	n/a	1446.018134	n/a
1446.534694	1.533977	289307	scene_recognition	n/a	n/a	n/a	71.0	n/a	n/a	n/a	1446.0181337499998	n/a	0.9515720330382464	2	1	3	NB_25_frameB.png	2	2	1449.020243	1	58	n/a	n/a	intervals/recognition_table	57	1446.534694	1448.068671
1446.534694	0.000000	289307	ttl	1	71	n/a	n/a	n/a	n/a	n/a	n/a	n/a	n/a	n/a	n/a	n/a	n/a	n/a	n/a	n/a	n/a	n/a	n/a	n/a	n/a	n/a	1446.534694	n/a
1448.068671	0.000000	289614	ttl	2	71	n/a	n/a	n/a	n/a	n/a	n/a	n/a	n/a	n/a	n/a	n/a	n/a	n/a	n/a	n/a	n/a	n/a	n/a	n/a	n/a	n/a	1448.068671	n/a
1449.020243	0.000000	289804	ttl	4	71	n/a	n/a	n/a	n/a	n/a	n/a	n/a	n/a	n/a	n/a	n/a	n/a	n/a	n/a	n/a	n/a	n/a	n/a	n/a	n/a	n/a	1449.020243	n/a
1449.032672	0.000000	289807	ttl	11	71	n/a	n/a	n/a	n/a	n/a	n/a	n/a	n/a	n/a	n/a	n/a	n/a	n/a	n/a	n/a	n/a	n/a	n/a	n/a	n/a	n/a	1449.032672	n/a
1449.582565	1.534443	289917	scene_recognition	n/a	n/a	n/a	71.0	n/a	n/a	n/a	1449.032672	n/a	0.8420513317541918	2	2	2	SB_3_frameA.png	2	3	1451.95905875	1	59	n/a	n/a	intervals/recognition_table	58	1449.582565	1451.117007
1449.582565	0.000000	289917	ttl	1	71	n/a	n/a	n/a	n/a	n/a	n/a	n/a	n/a	n/a	n/a	n/a	n/a	n/a	n/a	n/a	n/a	n/a	n/a	n/a	n/a	n/a	1449.582565	n/a
1451.117007	0.000000	290223	ttl	2	71	n/a	n/a	n/a	n/a	n/a	n/a	n/a	n/a	n/a	n/a	n/a	n/a	n/a	n/a	n/a	n/a	n/a	n/a	n/a	n/a	n/a	1451.117007	n/a
1451.959059	0.000000	290392	ttl	4	71	n/a	n/a	n/a	n/a	n/a	n/a	n/a	n/a	n/a	n/a	n/a	n/a	n/a	n/a	n/a	n/a	n/a	n/a	n/a	n/a	n/a	1451.959059	n/a
1451.967935	0.000000	290394	ttl	11	71	n/a	n/a	n/a	n/a	n/a	n/a	n/a	n/a	n/a	n/a	n/a	n/a	n/a	n/a	n/a	n/a	n/a	n/a	n/a	n/a	n/a	1451.967935	n/a
1452.484501	1.533686	290497	scene_recognition	n/a	n/a	n/a	71.0	n/a	n/a	n/a	1451.9679354999998	n/a	5.075267432068358	2	1	2	NB_3_frameB.png	2	3	1459.093455	1	60	n/a	n/a	intervals/recognition_table	59	1452.484501	1454.018187
1452.484501	0.000000	290497	ttl	1	71	n/a	n/a	n/a	n/a	n/a	n/a	n/a	n/a	n/a	n/a	n/a	n/a	n/a	n/a	n/a	n/a	n/a	n/a	n/a	n/a	n/a	1452.484501	n/a
1454.018187	0.000000	290804	ttl	2	71	n/a	n/a	n/a	n/a	n/a	n/a	n/a	n/a	n/a	n/a	n/a	n/a	n/a	n/a	n/a	n/a	n/a	n/a	n/a	n/a	n/a	1454.018187	n/a
1459.093455	0.000000	291819	ttl	4	71	n/a	n/a	n/a	n/a	n/a	n/a	n/a	n/a	n/a	n/a	n/a	n/a	n/a	n/a	n/a	n/a	n/a	n/a	n/a	n/a	n/a	1459.093455	n/a
1459.111322	0.000000	291822	ttl	11	71	n/a	n/a	n/a	n/a	n/a	n/a	n/a	n/a	n/a	n/a	n/a	n/a	n/a	n/a	n/a	n/a	n/a	n/a	n/a	n/a	n/a	1459.111322	n/a
1459.677886	1.534715	291936	scene_recognition	n/a	n/a	n/a	71.0	n/a	n/a	n/a	1459.1113225	n/a	4.705162840502453	2	3	2	HB_5_frameA_foil.png	1	6	1465.91776375	0	61	n/a	n/a	intervals/recognition_table	60	1459.677886	1461.212601
1459.677886	0.000000	291936	ttl	1	71	n/a	n/a	n/a	n/a	n/a	n/a	n/a	n/a	n/a	n/a	n/a	n/a	n/a	n/a	n/a	n/a	n/a	n/a	n/a	n/a	n/a	1459.677886	n/a
1461.212601	0.000000	292243	ttl	2	71	n/a	n/a	n/a	n/a	n/a	n/a	n/a	n/a	n/a	n/a	n/a	n/a	n/a	n/a	n/a	n/a	n/a	n/a	n/a	n/a	n/a	1461.212601	n/a
1465.917764	0.000000	293184	ttl	4	71	n/a	n/a	n/a	n/a	n/a	n/a	n/a	n/a	n/a	n/a	n/a	n/a	n/a	n/a	n/a	n/a	n/a	n/a	n/a	n/a	n/a	1465.917764	n/a
1465.923030	0.000000	293185	ttl	11	71	n/a	n/a	n/a	n/a	n/a	n/a	n/a	n/a	n/a	n/a	n/a	n/a	n/a	n/a	n/a	n/a	n/a	n/a	n/a	n/a	n/a	1465.923030	n/a
1466.422907	1.534923	293285	scene_recognition	n/a	n/a	n/a	71.0	n/a	n/a	n/a	1465.9230297499998	n/a	3.52536180842435	2	1	2	NB_30_frameA.png	2	3	1471.4831917499998	1	62	n/a	n/a	intervals/recognition_table	61	1466.422907	1467.957830
1466.422907	0.000000	293285	ttl	1	71	n/a	n/a	n/a	n/a	n/a	n/a	n/a	n/a	n/a	n/a	n/a	n/a	n/a	n/a	n/a	n/a	n/a	n/a	n/a	n/a	n/a	1466.422907	n/a
1467.957830	0.000000	293592	ttl	2	71	n/a	n/a	n/a	n/a	n/a	n/a	n/a	n/a	n/a	n/a	n/a	n/a	n/a	n/a	n/a	n/a	n/a	n/a	n/a	n/a	n/a	1467.957830	n/a
1471.483192	0.000000	294297	ttl	4	71	n/a	n/a	n/a	n/a	n/a	n/a	n/a	n/a	n/a	n/a	n/a	n/a	n/a	n/a	n/a	n/a	n/a	n/a	n/a	n/a	n/a	1471.483192	n/a
1471.492230	0.000000	294298	ttl	11	71	n/a	n/a	n/a	n/a	n/a	n/a	n/a	n/a	n/a	n/a	n/a	n/a	n/a	n/a	n/a	n/a	n/a	n/a	n/a	n/a	n/a	1471.492230	n/a
1472.025460	1.534506	294405	scene_recognition	n/a	n/a	n/a	71.0	n/a	n/a	n/a	1471.4922299999998	n/a	2.188321696128696	2	1	3	NB_9_frameB.png	2	2	1475.748288	1	63	n/a	n/a	intervals/recognition_table	62	1472.025460	1473.559966
1472.025460	0.000000	294405	ttl	1	71	n/a	n/a	n/a	n/a	n/a	n/a	n/a	n/a	n/a	n/a	n/a	n/a	n/a	n/a	n/a	n/a	n/a	n/a	n/a	n/a	n/a	1472.025460	n/a
1473.559966	0.000000	294712	ttl	2	71	n/a	n/a	n/a	n/a	n/a	n/a	n/a	n/a	n/a	n/a	n/a	n/a	n/a	n/a	n/a	n/a	n/a	n/a	n/a	n/a	n/a	1473.559966	n/a
1475.748288	0.000000	295150	ttl	4	71	n/a	n/a	n/a	n/a	n/a	n/a	n/a	n/a	n/a	n/a	n/a	n/a	n/a	n/a	n/a	n/a	n/a	n/a	n/a	n/a	n/a	1475.748288	n/a
1475.752226	0.000000	295150	ttl	11	71	n/a	n/a	n/a	n/a	n/a	n/a	n/a	n/a	n/a	n/a	n/a	n/a	n/a	n/a	n/a	n/a	n/a	n/a	n/a	n/a	n/a	1475.752226	n/a
1476.268773	1.533874	295254	scene_recognition	n/a	n/a	n/a	71.0	n/a	n/a	n/a	1475.7522259999998	n/a	3.6912949921534164	2	3	2	HB_1_frameA_foil.png	1	6	1481.49394175	0	64	n/a	n/a	intervals/recognition_table	63	1476.268773	1477.802647
1476.268773	0.000000	295254	ttl	1	71	n/a	n/a	n/a	n/a	n/a	n/a	n/a	n/a	n/a	n/a	n/a	n/a	n/a	n/a	n/a	n/a	n/a	n/a	n/a	n/a	n/a	1476.268773	n/a
1477.802647	0.000000	295561	ttl	2	71	n/a	n/a	n/a	n/a	n/a	n/a	n/a	n/a	n/a	n/a	n/a	n/a	n/a	n/a	n/a	n/a	n/a	n/a	n/a	n/a	n/a	1477.802647	n/a
1481.493942	0.000000	296299	ttl	4	71	n/a	n/a	n/a	n/a	n/a	n/a	n/a	n/a	n/a	n/a	n/a	n/a	n/a	n/a	n/a	n/a	n/a	n/a	n/a	n/a	n/a	1481.493942	n/a
1481.508010	0.000000	296302	ttl	11	71	n/a	n/a	n/a	n/a	n/a	n/a	n/a	n/a	n/a	n/a	n/a	n/a	n/a	n/a	n/a	n/a	n/a	n/a	n/a	n/a	n/a	1481.508010	n/a
1482.041221	1.534798	296408	scene_recognition	n/a	n/a	n/a	71.0	n/a	n/a	n/a	1481.5080105	n/a	0.8667188495892333	2	3	2	HB_2_frameB_foil.png	1	6	1484.4427375	0	65	n/a	n/a	intervals/recognition_table	64	1482.041221	1483.576018
1482.041221	0.000000	296408	ttl	1	71	n/a	n/a	n/a	n/a	n/a	n/a	n/a	n/a	n/a	n/a	n/a	n/a	n/a	n/a	n/a	n/a	n/a	n/a	n/a	n/a	n/a	1482.041221	n/a
1483.576018	0.000000	296715	ttl	2	71	n/a	n/a	n/a	n/a	n/a	n/a	n/a	n/a	n/a	n/a	n/a	n/a	n/a	n/a	n/a	n/a	n/a	n/a	n/a	n/a	n/a	1483.576018	n/a
1484.442738	0.000000	296889	ttl	4	71	n/a	n/a	n/a	n/a	n/a	n/a	n/a	n/a	n/a	n/a	n/a	n/a	n/a	n/a	n/a	n/a	n/a	n/a	n/a	n/a	n/a	1484.442738	n/a
1484.458142	0.000000	296892	ttl	11	71	n/a	n/a	n/a	n/a	n/a	n/a	n/a	n/a	n/a	n/a	n/a	n/a	n/a	n/a	n/a	n/a	n/a	n/a	n/a	n/a	n/a	1484.458142	n/a
1484.924718	1.534727	296985	scene_recognition	n/a	n/a	n/a	71.0	n/a	n/a	n/a	1484.4581425	n/a	1.8317344005045015	2	1	2	NB_20_frameB_foil.png	1	6	1488.29117925	0	66	n/a	n/a	intervals/recognition_table	65	1484.924718	1486.459445
1484.924718	0.000000	296985	ttl	1	71	n/a	n/a	n/a	n/a	n/a	n/a	n/a	n/a	n/a	n/a	n/a	n/a	n/a	n/a	n/a	n/a	n/a	n/a	n/a	n/a	n/a	1484.924718	n/a
1486.459445	0.000000	297292	ttl	2	71	n/a	n/a	n/a	n/a	n/a	n/a	n/a	n/a	n/a	n/a	n/a	n/a	n/a	n/a	n/a	n/a	n/a	n/a	n/a	n/a	n/a	1486.459445	n/a
1488.291179	0.000000	297658	ttl	4	71	n/a	n/a	n/a	n/a	n/a	n/a	n/a	n/a	n/a	n/a	n/a	n/a	n/a	n/a	n/a	n/a	n/a	n/a	n/a	n/a	n/a	1488.291179	n/a
1488.299791	0.000000	297660	ttl	11	71	n/a	n/a	n/a	n/a	n/a	n/a	n/a	n/a	n/a	n/a	n/a	n/a	n/a	n/a	n/a	n/a	n/a	n/a	n/a	n/a	n/a	1488.299791	n/a
1488.849689	1.533817	297770	scene_recognition	n/a	n/a	n/a	71.0	n/a	n/a	n/a	1488.2997914999999	n/a	2.4078723435959546	2	1	2	NB_10_frameA.png	2	3	1492.7913784999998	1	67	n/a	n/a	intervals/recognition_table	66	1488.849689	1490.383506
1488.849689	0.000000	297770	ttl	1	71	n/a	n/a	n/a	n/a	n/a	n/a	n/a	n/a	n/a	n/a	n/a	n/a	n/a	n/a	n/a	n/a	n/a	n/a	n/a	n/a	n/a	1488.849689	n/a
1490.383506	0.000000	298077	ttl	2	71	n/a	n/a	n/a	n/a	n/a	n/a	n/a	n/a	n/a	n/a	n/a	n/a	n/a	n/a	n/a	n/a	n/a	n/a	n/a	n/a	n/a	1490.383506	n/a
1492.791378	0.000000	298558	ttl	4	71	n/a	n/a	n/a	n/a	n/a	n/a	n/a	n/a	n/a	n/a	n/a	n/a	n/a	n/a	n/a	n/a	n/a	n/a	n/a	n/a	n/a	1492.791378	n/a
1492.809024	0.000000	298562	ttl	11	71	n/a	n/a	n/a	n/a	n/a	n/a	n/a	n/a	n/a	n/a	n/a	n/a	n/a	n/a	n/a	n/a	n/a	n/a	n/a	n/a	n/a	1492.809024	n/a
1493.392243	1.534715	298678	scene_recognition	n/a	n/a	n/a	71.0	n/a	n/a	n/a	1492.8090244999999	n/a	2.5571828206593636	2	3	2	HB_4_frameA_foil.png	1	6	1497.48414125	0	68	n/a	n/a	intervals/recognition_table	67	1493.392243	1494.926958
1493.392243	0.000000	298678	ttl	1	71	n/a	n/a	n/a	n/a	n/a	n/a	n/a	n/a	n/a	n/a	n/a	n/a	n/a	n/a	n/a	n/a	n/a	n/a	n/a	n/a	n/a	1493.392243	n/a
1494.926958	0.000000	298985	ttl	2	71	n/a	n/a	n/a	n/a	n/a	n/a	n/a	n/a	n/a	n/a	n/a	n/a	n/a	n/a	n/a	n/a	n/a	n/a	n/a	n/a	n/a	1494.926958	n/a
1497.484141	0.000000	299497	ttl	4	71	n/a	n/a	n/a	n/a	n/a	n/a	n/a	n/a	n/a	n/a	n/a	n/a	n/a	n/a	n/a	n/a	n/a	n/a	n/a	n/a	n/a	1497.484141	n/a
1497.490978	0.000000	299498	ttl	11	71	n/a	n/a	n/a	n/a	n/a	n/a	n/a	n/a	n/a	n/a	n/a	n/a	n/a	n/a	n/a	n/a	n/a	n/a	n/a	n/a	n/a	1497.490978	n/a
1498.090860	1.533903	299618	scene_recognition	n/a	n/a	n/a	71.0	n/a	n/a	n/a	1497.49097775	n/a	3.0047460306959692	2	2	2	SB_6_frameA.png	2	3	1502.6295095	1	69	n/a	n/a	intervals/recognition_table	68	1498.090860	1499.624763
1498.090860	0.000000	299618	ttl	1	71	n/a	n/a	n/a	n/a	n/a	n/a	n/a	n/a	n/a	n/a	n/a	n/a	n/a	n/a	n/a	n/a	n/a	n/a	n/a	n/a	n/a	1498.090860	n/a
1499.624763	0.000000	299925	ttl	2	71	n/a	n/a	n/a	n/a	n/a	n/a	n/a	n/a	n/a	n/a	n/a	n/a	n/a	n/a	n/a	n/a	n/a	n/a	n/a	n/a	n/a	1499.624763	n/a
1502.629510	0.000000	300526	ttl	4	71	n/a	n/a	n/a	n/a	n/a	n/a	n/a	n/a	n/a	n/a	n/a	n/a	n/a	n/a	n/a	n/a	n/a	n/a	n/a	n/a	n/a	1502.629510	n/a
1502.639828	0.000000	300528	ttl	11	71	n/a	n/a	n/a	n/a	n/a	n/a	n/a	n/a	n/a	n/a	n/a	n/a	n/a	n/a	n/a	n/a	n/a	n/a	n/a	n/a	n/a	1502.639828	n/a
1503.173066	1.533966	300635	scene_recognition	n/a	n/a	n/a	71.0	n/a	n/a	n/a	1502.6398279999999	n/a	2.539100781228626	2	2	3	SB_2_frameA.png	2	2	1507.24613275	1	70	n/a	n/a	intervals/recognition_table	69	1503.173066	1504.707032
1503.173066	0.000000	300635	ttl	1	71	n/a	n/a	n/a	n/a	n/a	n/a	n/a	n/a	n/a	n/a	n/a	n/a	n/a	n/a	n/a	n/a	n/a	n/a	n/a	n/a	n/a	1503.173066	n/a
1504.707032	0.000000	300941	ttl	2	71	n/a	n/a	n/a	n/a	n/a	n/a	n/a	n/a	n/a	n/a	n/a	n/a	n/a	n/a	n/a	n/a	n/a	n/a	n/a	n/a	n/a	1504.707032	n/a
1507.246133	0.000000	301449	ttl	4	71	n/a	n/a	n/a	n/a	n/a	n/a	n/a	n/a	n/a	n/a	n/a	n/a	n/a	n/a	n/a	n/a	n/a	n/a	n/a	n/a	n/a	1507.246133	n/a
1507.259615	0.000000	301452	ttl	11	71	n/a	n/a	n/a	n/a	n/a	n/a	n/a	n/a	n/a	n/a	n/a	n/a	n/a	n/a	n/a	n/a	n/a	n/a	n/a	n/a	n/a	1507.259615	n/a
1507.776192	1.534330	301555	scene_recognition	n/a	n/a	n/a	71.0	n/a	n/a	n/a	1507.2596147499999	n/a	0.7616320909291971	2	1	3	NB_28_frameB_foil.png	1	7	1510.0721537499999	0	71	n/a	n/a	intervals/recognition_table	70	1507.776192	1509.310522
1507.776192	0.000000	301555	ttl	1	71	n/a	n/a	n/a	n/a	n/a	n/a	n/a	n/a	n/a	n/a	n/a	n/a	n/a	n/a	n/a	n/a	n/a	n/a	n/a	n/a	n/a	1507.776192	n/a
1509.310522	0.000000	301862	ttl	2	71	n/a	n/a	n/a	n/a	n/a	n/a	n/a	n/a	n/a	n/a	n/a	n/a	n/a	n/a	n/a	n/a	n/a	n/a	n/a	n/a	n/a	1509.310522	n/a
1510.072154	0.000000	302014	ttl	4	71	n/a	n/a	n/a	n/a	n/a	n/a	n/a	n/a	n/a	n/a	n/a	n/a	n/a	n/a	n/a	n/a	n/a	n/a	n/a	n/a	n/a	1510.072154	n/a
1510.092647	0.000000	302019	ttl	11	71	n/a	n/a	n/a	n/a	n/a	n/a	n/a	n/a	n/a	n/a	n/a	n/a	n/a	n/a	n/a	n/a	n/a	n/a	n/a	n/a	n/a	1510.092647	n/a
1510.642525	1.534611	302129	scene_recognition	n/a	n/a	n/a	71.0	n/a	n/a	n/a	1510.0926467499999	n/a	0.0	1	3	0	HB_9_frameB.png	0	1	1512.17813575	1	72	n/a	n/a	intervals/recognition_table	71	1510.642525	1512.177136
1510.642525	0.000000	302129	ttl	1	71	n/a	n/a	n/a	n/a	n/a	n/a	n/a	n/a	n/a	n/a	n/a	n/a	n/a	n/a	n/a	n/a	n/a	n/a	n/a	n/a	n/a	1510.642525	n/a
1512.177136	0.000000	302435	ttl	2	71	n/a	n/a	n/a	n/a	n/a	n/a	n/a	n/a	n/a	n/a	n/a	n/a	n/a	n/a	n/a	n/a	n/a	n/a	n/a	n/a	n/a	1512.177136	n/a
1512.846721	0.000000	302569	ttl	11	71	n/a	n/a	n/a	n/a	n/a	n/a	n/a	n/a	n/a	n/a	n/a	n/a	n/a	n/a	n/a	n/a	n/a	n/a	n/a	n/a	n/a	1512.846721	n/a
1513.413266	1.534384	302683	scene_recognition	n/a	n/a	n/a	71.0	n/a	n/a	n/a	1512.846721	n/a	0.0	1	1	0	NB_10_frameB_foil.png	0	1	1514.94864975	0	73	n/a	n/a	intervals/recognition_table	72	1513.413266	1514.947650
1513.413266	0.000000	302683	ttl	1	71	n/a	n/a	n/a	n/a	n/a	n/a	n/a	n/a	n/a	n/a	n/a	n/a	n/a	n/a	n/a	n/a	n/a	n/a	n/a	n/a	n/a	1513.413266	n/a
1514.947650	0.000000	302990	ttl	2	71	n/a	n/a	n/a	n/a	n/a	n/a	n/a	n/a	n/a	n/a	n/a	n/a	n/a	n/a	n/a	n/a	n/a	n/a	n/a	n/a	n/a	1514.947650	n/a
1516.514769	0.000000	303303	ttl	11	71	n/a	n/a	n/a	n/a	n/a	n/a	n/a	n/a	n/a	n/a	n/a	n/a	n/a	n/a	n/a	n/a	n/a	n/a	n/a	n/a	n/a	1516.514769	n/a
1517.048003	1.534283	303410	scene_recognition	n/a	n/a	n/a	71.0	n/a	n/a	n/a	1516.51476925	n/a	1.4961980596272042	2	2	3	SB_1_frameB_foil.png	1	7	1520.0784835	0	74	n/a	n/a	intervals/recognition_table	73	1517.048003	1518.582285
1517.048003	0.000000	303410	ttl	1	71	n/a	n/a	n/a	n/a	n/a	n/a	n/a	n/a	n/a	n/a	n/a	n/a	n/a	n/a	n/a	n/a	n/a	n/a	n/a	n/a	n/a	1517.048003	n/a
1518.582285	0.000000	303716	ttl	2	71	n/a	n/a	n/a	n/a	n/a	n/a	n/a	n/a	n/a	n/a	n/a	n/a	n/a	n/a	n/a	n/a	n/a	n/a	n/a	n/a	n/a	1518.582285	n/a
1520.078483	0.000000	304016	ttl	4	71	n/a	n/a	n/a	n/a	n/a	n/a	n/a	n/a	n/a	n/a	n/a	n/a	n/a	n/a	n/a	n/a	n/a	n/a	n/a	n/a	n/a	1520.078483	n/a
1520.093710	0.000000	304019	ttl	11	71	n/a	n/a	n/a	n/a	n/a	n/a	n/a	n/a	n/a	n/a	n/a	n/a	n/a	n/a	n/a	n/a	n/a	n/a	n/a	n/a	n/a	1520.093710	n/a
1520.660270	1.533963	304132	scene_recognition	n/a	n/a	n/a	71.0	n/a	n/a	n/a	1520.0937099999999	n/a	3.9862909608054906	2	1	3	NB_8_frameA.png	2	2	1526.1805244999998	1	75	n/a	n/a	intervals/recognition_table	74	1520.660270	1522.194233
1520.660270	0.000000	304132	ttl	1	71	n/a	n/a	n/a	n/a	n/a	n/a	n/a	n/a	n/a	n/a	n/a	n/a	n/a	n/a	n/a	n/a	n/a	n/a	n/a	n/a	n/a	1520.660270	n/a
1522.194233	0.000000	304439	ttl	2	71	n/a	n/a	n/a	n/a	n/a	n/a	n/a	n/a	n/a	n/a	n/a	n/a	n/a	n/a	n/a	n/a	n/a	n/a	n/a	n/a	n/a	1522.194233	n/a
1526.180524	0.000000	305236	ttl	4	71	n/a	n/a	n/a	n/a	n/a	n/a	n/a	n/a	n/a	n/a	n/a	n/a	n/a	n/a	n/a	n/a	n/a	n/a	n/a	n/a	n/a	1526.180524	n/a
1526.189053	0.000000	305238	ttl	11	71	n/a	n/a	n/a	n/a	n/a	n/a	n/a	n/a	n/a	n/a	n/a	n/a	n/a	n/a	n/a	n/a	n/a	n/a	n/a	n/a	n/a	1526.189053	n/a
1526.688952	1.534087	305338	scene_recognition	n/a	n/a	n/a	71.0	n/a	n/a	n/a	1526.1890535	n/a	4.48038101590646	2	2	2	SB_3_frameA_foil.png	1	6	1532.7034207499999	0	76	n/a	n/a	intervals/recognition_table	75	1526.688952	1528.223040
1526.688952	0.000000	305338	ttl	1	71	n/a	n/a	n/a	n/a	n/a	n/a	n/a	n/a	n/a	n/a	n/a	n/a	n/a	n/a	n/a	n/a	n/a	n/a	n/a	n/a	n/a	1526.688952	n/a
1528.223040	0.000000	305645	ttl	2	71	n/a	n/a	n/a	n/a	n/a	n/a	n/a	n/a	n/a	n/a	n/a	n/a	n/a	n/a	n/a	n/a	n/a	n/a	n/a	n/a	n/a	1528.223040	n/a
1532.703421	0.000000	306541	ttl	4	71	n/a	n/a	n/a	n/a	n/a	n/a	n/a	n/a	n/a	n/a	n/a	n/a	n/a	n/a	n/a	n/a	n/a	n/a	n/a	n/a	n/a	1532.703421	n/a
1532.716979	0.000000	306543	ttl	11	71	n/a	n/a	n/a	n/a	n/a	n/a	n/a	n/a	n/a	n/a	n/a	n/a	n/a	n/a	n/a	n/a	n/a	n/a	n/a	n/a	n/a	1532.716979	n/a
1533.216863	1.534722	306643	scene_recognition	n/a	n/a	n/a	71.0	n/a	n/a	n/a	1532.71697875	n/a	0.6183596727933036	2	3	2	HB_4_frameB_foil.png	1	6	1535.3699445	0	77	n/a	n/a	intervals/recognition_table	76	1533.216863	1534.751585
1533.216863	0.000000	306643	ttl	1	71	n/a	n/a	n/a	n/a	n/a	n/a	n/a	n/a	n/a	n/a	n/a	n/a	n/a	n/a	n/a	n/a	n/a	n/a	n/a	n/a	n/a	1533.216863	n/a
1534.751585	0.000000	306950	ttl	2	71	n/a	n/a	n/a	n/a	n/a	n/a	n/a	n/a	n/a	n/a	n/a	n/a	n/a	n/a	n/a	n/a	n/a	n/a	n/a	n/a	n/a	1534.751585	n/a
1535.369944	0.000000	307074	ttl	4	71	n/a	n/a	n/a	n/a	n/a	n/a	n/a	n/a	n/a	n/a	n/a	n/a	n/a	n/a	n/a	n/a	n/a	n/a	n/a	n/a	n/a	1535.369944	n/a
1535.375505	0.000000	307075	ttl	11	71	n/a	n/a	n/a	n/a	n/a	n/a	n/a	n/a	n/a	n/a	n/a	n/a	n/a	n/a	n/a	n/a	n/a	n/a	n/a	n/a	n/a	1535.375505	n/a
1535.925393	1.534665	307185	scene_recognition	n/a	n/a	n/a	71.0	n/a	n/a	n/a	1535.3755052499998	n/a	1.6301465013093548	2	1	2	NB_15_frameB.png	2	3	1539.0902045	1	78	n/a	n/a	intervals/recognition_table	77	1535.925393	1537.460058
1535.925393	0.000000	307185	ttl	1	71	n/a	n/a	n/a	n/a	n/a	n/a	n/a	n/a	n/a	n/a	n/a	n/a	n/a	n/a	n/a	n/a	n/a	n/a	n/a	n/a	n/a	1535.925393	n/a
1537.460058	0.000000	307492	ttl	2	71	n/a	n/a	n/a	n/a	n/a	n/a	n/a	n/a	n/a	n/a	n/a	n/a	n/a	n/a	n/a	n/a	n/a	n/a	n/a	n/a	n/a	1537.460058	n/a
1539.090205	0.000000	307818	ttl	4	71	n/a	n/a	n/a	n/a	n/a	n/a	n/a	n/a	n/a	n/a	n/a	n/a	n/a	n/a	n/a	n/a	n/a	n/a	n/a	n/a	n/a	1539.090205	n/a
1539.099123	0.000000	307820	ttl	11	71	n/a	n/a	n/a	n/a	n/a	n/a	n/a	n/a	n/a	n/a	n/a	n/a	n/a	n/a	n/a	n/a	n/a	n/a	n/a	n/a	n/a	1539.099123	n/a
1539.615669	1.533857	307923	scene_recognition	n/a	n/a	n/a	71.0	n/a	n/a	n/a	1539.0991235	n/a	0.9497235595918028	2	2	2	SB_1_frameA_foil.png	1	6	1542.09925	0	79	n/a	n/a	intervals/recognition_table	78	1539.615669	1541.149526
1539.615669	0.000000	307923	ttl	1	71	n/a	n/a	n/a	n/a	n/a	n/a	n/a	n/a	n/a	n/a	n/a	n/a	n/a	n/a	n/a	n/a	n/a	n/a	n/a	n/a	n/a	1539.615669	n/a
1541.149526	0.000000	308230	ttl	2	71	n/a	n/a	n/a	n/a	n/a	n/a	n/a	n/a	n/a	n/a	n/a	n/a	n/a	n/a	n/a	n/a	n/a	n/a	n/a	n/a	n/a	1541.149526	n/a
1542.099250	0.000000	308420	ttl	4	71	n/a	n/a	n/a	n/a	n/a	n/a	n/a	n/a	n/a	n/a	n/a	n/a	n/a	n/a	n/a	n/a	n/a	n/a	n/a	n/a	n/a	1542.099250	n/a
1542.107092	0.000000	308421	ttl	11	71	n/a	n/a	n/a	n/a	n/a	n/a	n/a	n/a	n/a	n/a	n/a	n/a	n/a	n/a	n/a	n/a	n/a	n/a	n/a	n/a	n/a	1542.107092	n/a
1542.706975	1.534463	308541	scene_recognition	n/a	n/a	n/a	71.0	n/a	n/a	n/a	1542.1070915	n/a	4.850158708853996	2	1	2	NB_23_frameB.png	2	3	1549.091596	1	80	n/a	n/a	intervals/recognition_table	79	1542.706975	1544.241437
1542.706975	0.000000	308541	ttl	1	71	n/a	n/a	n/a	n/a	n/a	n/a	n/a	n/a	n/a	n/a	n/a	n/a	n/a	n/a	n/a	n/a	n/a	n/a	n/a	n/a	n/a	1542.706975	n/a
1544.241437	0.000000	308848	ttl	2	71	n/a	n/a	n/a	n/a	n/a	n/a	n/a	n/a	n/a	n/a	n/a	n/a	n/a	n/a	n/a	n/a	n/a	n/a	n/a	n/a	n/a	1544.241437	n/a
1549.091596	0.000000	309818	ttl	4	71	n/a	n/a	n/a	n/a	n/a	n/a	n/a	n/a	n/a	n/a	n/a	n/a	n/a	n/a	n/a	n/a	n/a	n/a	n/a	n/a	n/a	1549.091596	n/a
1549.101388	0.000000	309820	ttl	11	71	n/a	n/a	n/a	n/a	n/a	n/a	n/a	n/a	n/a	n/a	n/a	n/a	n/a	n/a	n/a	n/a	n/a	n/a	n/a	n/a	n/a	1549.101388	n/a
1549.634617	1.534820	309927	scene_recognition	n/a	n/a	n/a	71.0	n/a	n/a	n/a	1549.1013885	n/a	1.9775258445733925	2	2	3	SB_2_frameB.png	2	2	1553.14696375	1	81	n/a	n/a	intervals/recognition_table	80	1549.634617	1551.169438
1549.634617	0.000000	309927	ttl	1	71	n/a	n/a	n/a	n/a	n/a	n/a	n/a	n/a	n/a	n/a	n/a	n/a	n/a	n/a	n/a	n/a	n/a	n/a	n/a	n/a	n/a	1549.634617	n/a
1551.169438	0.000000	310234	ttl	2	71	n/a	n/a	n/a	n/a	n/a	n/a	n/a	n/a	n/a	n/a	n/a	n/a	n/a	n/a	n/a	n/a	n/a	n/a	n/a	n/a	n/a	1551.169438	n/a
1553.146964	0.000000	310629	ttl	4	71	n/a	n/a	n/a	n/a	n/a	n/a	n/a	n/a	n/a	n/a	n/a	n/a	n/a	n/a	n/a	n/a	n/a	n/a	n/a	n/a	n/a	1553.146964	n/a
1553.159870	0.000000	310632	ttl	11	71	n/a	n/a	n/a	n/a	n/a	n/a	n/a	n/a	n/a	n/a	n/a	n/a	n/a	n/a	n/a	n/a	n/a	n/a	n/a	n/a	n/a	1553.159870	n/a
1553.659758	1.533879	310732	scene_recognition	n/a	n/a	n/a	71.0	n/a	n/a	n/a	1553.1598697499999	n/a	1.3212012357835192	2	2	3	SB_1_frameA.png	2	2	1556.514839	1	82	n/a	n/a	intervals/recognition_table	81	1553.659758	1555.193638
1553.659758	0.000000	310732	ttl	1	71	n/a	n/a	n/a	n/a	n/a	n/a	n/a	n/a	n/a	n/a	n/a	n/a	n/a	n/a	n/a	n/a	n/a	n/a	n/a	n/a	n/a	1553.659758	n/a
1555.193638	0.000000	311039	ttl	2	71	n/a	n/a	n/a	n/a	n/a	n/a	n/a	n/a	n/a	n/a	n/a	n/a	n/a	n/a	n/a	n/a	n/a	n/a	n/a	n/a	n/a	1555.193638	n/a
1556.514839	0.000000	311303	ttl	4	71	n/a	n/a	n/a	n/a	n/a	n/a	n/a	n/a	n/a	n/a	n/a	n/a	n/a	n/a	n/a	n/a	n/a	n/a	n/a	n/a	n/a	1556.514839	n/a
1556.523381	0.000000	311305	ttl	11	71	n/a	n/a	n/a	n/a	n/a	n/a	n/a	n/a	n/a	n/a	n/a	n/a	n/a	n/a	n/a	n/a	n/a	n/a	n/a	n/a	n/a	1556.523381	n/a
1557.073274	1.534731	311415	scene_recognition	n/a	n/a	n/a	71.0	n/a	n/a	n/a	1556.523381	n/a	0.0	1	1	0	NB_24_frameB_foil.png	0	1	1558.60900475	0	83	n/a	n/a	intervals/recognition_table	82	1557.073274	1558.608005
1557.073274	0.000000	311415	ttl	1	71	n/a	n/a	n/a	n/a	n/a	n/a	n/a	n/a	n/a	n/a	n/a	n/a	n/a	n/a	n/a	n/a	n/a	n/a	n/a	n/a	n/a	1557.073274	n/a
1558.608005	0.000000	311722	ttl	2	71	n/a	n/a	n/a	n/a	n/a	n/a	n/a	n/a	n/a	n/a	n/a	n/a	n/a	n/a	n/a	n/a	n/a	n/a	n/a	n/a	n/a	1558.608005	n/a
1559.426592	0.000000	311885	ttl	11	71	n/a	n/a	n/a	n/a	n/a	n/a	n/a	n/a	n/a	n/a	n/a	n/a	n/a	n/a	n/a	n/a	n/a	n/a	n/a	n/a	n/a	1559.426592	n/a
1559.926471	1.534786	311985	scene_recognition	n/a	n/a	n/a	71.0	n/a	n/a	n/a	1559.42659175	n/a	3.406196901734802	2	2	2	SB_5_frameB_foil.png	1	6	1564.86745425	0	84	n/a	n/a	intervals/recognition_table	83	1559.926471	1561.461257
1559.926471	0.000000	311985	ttl	1	71	n/a	n/a	n/a	n/a	n/a	n/a	n/a	n/a	n/a	n/a	n/a	n/a	n/a	n/a	n/a	n/a	n/a	n/a	n/a	n/a	n/a	1559.926471	n/a
1561.461257	0.000000	312292	ttl	2	71	n/a	n/a	n/a	n/a	n/a	n/a	n/a	n/a	n/a	n/a	n/a	n/a	n/a	n/a	n/a	n/a	n/a	n/a	n/a	n/a	n/a	1561.461257	n/a
1564.867454	0.000000	312973	ttl	4	71	n/a	n/a	n/a	n/a	n/a	n/a	n/a	n/a	n/a	n/a	n/a	n/a	n/a	n/a	n/a	n/a	n/a	n/a	n/a	n/a	n/a	1564.867454	n/a
1564.888048	0.000000	312978	ttl	11	71	n/a	n/a	n/a	n/a	n/a	n/a	n/a	n/a	n/a	n/a	n/a	n/a	n/a	n/a	n/a	n/a	n/a	n/a	n/a	n/a	n/a	1564.888048	n/a
1565.371289	1.534576	313074	scene_recognition	n/a	n/a	n/a	71.0	n/a	n/a	n/a	1564.8880482499999	n/a	0.13566072241519578	2	1	2	NB_6_frameB_foil.png	1	6	1567.0415262499998	0	85	n/a	n/a	intervals/recognition_table	84	1565.371289	1566.905866
1565.371289	0.000000	313074	ttl	1	71	n/a	n/a	n/a	n/a	n/a	n/a	n/a	n/a	n/a	n/a	n/a	n/a	n/a	n/a	n/a	n/a	n/a	n/a	n/a	n/a	n/a	1565.371289	n/a
1566.905866	0.000000	313381	ttl	2	71	n/a	n/a	n/a	n/a	n/a	n/a	n/a	n/a	n/a	n/a	n/a	n/a	n/a	n/a	n/a	n/a	n/a	n/a	n/a	n/a	n/a	1566.905866	n/a
1567.041526	0.000000	313408	ttl	4	71	n/a	n/a	n/a	n/a	n/a	n/a	n/a	n/a	n/a	n/a	n/a	n/a	n/a	n/a	n/a	n/a	n/a	n/a	n/a	n/a	n/a	1567.041526	n/a
1567.060016	0.000000	313412	ttl	11	71	n/a	n/a	n/a	n/a	n/a	n/a	n/a	n/a	n/a	n/a	n/a	n/a	n/a	n/a	n/a	n/a	n/a	n/a	n/a	n/a	n/a	1567.060016	n/a
1567.576586	1.534701	313515	scene_recognition	n/a	n/a	n/a	71.0	n/a	n/a	n/a	1567.0600157499998	n/a	1.1295005289866822	2	2	2	SB_7_frameB.png	2	3	1570.24078775	1	86	n/a	n/a	intervals/recognition_table	85	1567.576586	1569.111287
1567.576586	0.000000	313515	ttl	1	71	n/a	n/a	n/a	n/a	n/a	n/a	n/a	n/a	n/a	n/a	n/a	n/a	n/a	n/a	n/a	n/a	n/a	n/a	n/a	n/a	n/a	1567.576586	n/a
1569.111287	0.000000	313822	ttl	2	71	n/a	n/a	n/a	n/a	n/a	n/a	n/a	n/a	n/a	n/a	n/a	n/a	n/a	n/a	n/a	n/a	n/a	n/a	n/a	n/a	n/a	1569.111287	n/a
1570.240788	0.000000	314048	ttl	4	71	n/a	n/a	n/a	n/a	n/a	n/a	n/a	n/a	n/a	n/a	n/a	n/a	n/a	n/a	n/a	n/a	n/a	n/a	n/a	n/a	n/a	1570.240788	n/a
1570.244713	0.000000	314049	ttl	11	71	n/a	n/a	n/a	n/a	n/a	n/a	n/a	n/a	n/a	n/a	n/a	n/a	n/a	n/a	n/a	n/a	n/a	n/a	n/a	n/a	n/a	1570.244713	n/a
1570.811271	1.534213	314162	scene_recognition	n/a	n/a	n/a	71.0	n/a	n/a	n/a	1570.24471275	n/a	0.43810417300846893	2	2	2	SB_7_frameA_foil.png	1	6	1572.7835874999998	0	87	n/a	n/a	intervals/recognition_table	86	1570.811271	1572.345484
1570.811271	0.000000	314162	ttl	1	71	n/a	n/a	n/a	n/a	n/a	n/a	n/a	n/a	n/a	n/a	n/a	n/a	n/a	n/a	n/a	n/a	n/a	n/a	n/a	n/a	n/a	1570.811271	n/a
1572.345484	0.000000	314469	ttl	2	71	n/a	n/a	n/a	n/a	n/a	n/a	n/a	n/a	n/a	n/a	n/a	n/a	n/a	n/a	n/a	n/a	n/a	n/a	n/a	n/a	n/a	1572.345484	n/a
1572.783587	0.000000	314557	ttl	4	71	n/a	n/a	n/a	n/a	n/a	n/a	n/a	n/a	n/a	n/a	n/a	n/a	n/a	n/a	n/a	n/a	n/a	n/a	n/a	n/a	n/a	1572.783587	n/a
1572.797958	0.000000	314560	ttl	11	71	n/a	n/a	n/a	n/a	n/a	n/a	n/a	n/a	n/a	n/a	n/a	n/a	n/a	n/a	n/a	n/a	n/a	n/a	n/a	n/a	n/a	1572.797958	n/a
1573.347846	1.534975	314670	scene_recognition	n/a	n/a	n/a	71.0	n/a	n/a	n/a	1572.7979579999999	n/a	0.5792879426444415	2	2	2	SB_4_frameA_foil.png	1	6	1575.4621089999998	0	88	n/a	n/a	intervals/recognition_table	87	1573.347846	1574.882821
1573.347846	0.000000	314670	ttl	1	71	n/a	n/a	n/a	n/a	n/a	n/a	n/a	n/a	n/a	n/a	n/a	n/a	n/a	n/a	n/a	n/a	n/a	n/a	n/a	n/a	n/a	1573.347846	n/a
1574.882821	0.000000	314977	ttl	2	71	n/a	n/a	n/a	n/a	n/a	n/a	n/a	n/a	n/a	n/a	n/a	n/a	n/a	n/a	n/a	n/a	n/a	n/a	n/a	n/a	n/a	1574.882821	n/a
1575.462109	0.000000	315092	ttl	4	71	n/a	n/a	n/a	n/a	n/a	n/a	n/a	n/a	n/a	n/a	n/a	n/a	n/a	n/a	n/a	n/a	n/a	n/a	n/a	n/a	n/a	1575.462109	n/a
1575.475912	0.000000	315095	ttl	11	71	n/a	n/a	n/a	n/a	n/a	n/a	n/a	n/a	n/a	n/a	n/a	n/a	n/a	n/a	n/a	n/a	n/a	n/a	n/a	n/a	n/a	1575.475912	n/a
1576.009140	1.534765	315202	scene_recognition	n/a	n/a	n/a	71.0	n/a	n/a	n/a	1575.47591225	n/a	0.7276490780932363	2	3	2	HB_6_frameB_foil.png	1	6	1578.27155425	0	89	n/a	n/a	intervals/recognition_table	88	1576.009140	1577.543905
1576.009140	0.000000	315202	ttl	1	71	n/a	n/a	n/a	n/a	n/a	n/a	n/a	n/a	n/a	n/a	n/a	n/a	n/a	n/a	n/a	n/a	n/a	n/a	n/a	n/a	n/a	1576.009140	n/a
1577.543905	0.000000	315509	ttl	2	71	n/a	n/a	n/a	n/a	n/a	n/a	n/a	n/a	n/a	n/a	n/a	n/a	n/a	n/a	n/a	n/a	n/a	n/a	n/a	n/a	n/a	1577.543905	n/a
1578.271554	0.000000	315654	ttl	4	71	n/a	n/a	n/a	n/a	n/a	n/a	n/a	n/a	n/a	n/a	n/a	n/a	n/a	n/a	n/a	n/a	n/a	n/a	n/a	n/a	n/a	1578.271554	n/a
1578.290712	0.000000	315658	ttl	11	71	n/a	n/a	n/a	n/a	n/a	n/a	n/a	n/a	n/a	n/a	n/a	n/a	n/a	n/a	n/a	n/a	n/a	n/a	n/a	n/a	n/a	1578.290712	n/a
1578.807271	1.533791	315761	scene_recognition	n/a	n/a	n/a	71.0	n/a	n/a	n/a	1578.2907125	n/a	0.8914306033839239	2	2	2	SB_6_frameA_foil.png	1	6	1581.23249275	0	90	n/a	n/a	intervals/recognition_table	89	1578.807271	1580.341062
1578.807271	0.000000	315761	ttl	1	71	n/a	n/a	n/a	n/a	n/a	n/a	n/a	n/a	n/a	n/a	n/a	n/a	n/a	n/a	n/a	n/a	n/a	n/a	n/a	n/a	n/a	1578.807271	n/a
1580.341062	0.000000	316068	ttl	2	71	n/a	n/a	n/a	n/a	n/a	n/a	n/a	n/a	n/a	n/a	n/a	n/a	n/a	n/a	n/a	n/a	n/a	n/a	n/a	n/a	n/a	1580.341062	n/a
1581.232493	0.000000	316246	ttl	4	71	n/a	n/a	n/a	n/a	n/a	n/a	n/a	n/a	n/a	n/a	n/a	n/a	n/a	n/a	n/a	n/a	n/a	n/a	n/a	n/a	n/a	1581.232493	n/a
1581.238629	0.000000	316248	ttl	11	71	n/a	n/a	n/a	n/a	n/a	n/a	n/a	n/a	n/a	n/a	n/a	n/a	n/a	n/a	n/a	n/a	n/a	n/a	n/a	n/a	n/a	1581.238629	n/a
1581.705197	1.533852	316341	scene_recognition	n/a	n/a	n/a	71.0	n/a	n/a	n/a	1581.2386295	n/a	0.0	1	1	0	NB_23_frameA_foil.png	0	1	1583.24004975	0	91	n/a	n/a	intervals/recognition_table	90	1581.705197	1583.239050
1581.705197	0.000000	316341	ttl	1	71	n/a	n/a	n/a	n/a	n/a	n/a	n/a	n/a	n/a	n/a	n/a	n/a	n/a	n/a	n/a	n/a	n/a	n/a	n/a	n/a	n/a	1581.705197	n/a
1583.239050	0.000000	316648	ttl	2	71	n/a	n/a	n/a	n/a	n/a	n/a	n/a	n/a	n/a	n/a	n/a	n/a	n/a	n/a	n/a	n/a	n/a	n/a	n/a	n/a	n/a	1583.239050	n/a
1583.819796	0.000000	316764	ttl	11	71	n/a	n/a	n/a	n/a	n/a	n/a	n/a	n/a	n/a	n/a	n/a	n/a	n/a	n/a	n/a	n/a	n/a	n/a	n/a	n/a	n/a	1583.819796	n/a
1584.352995	1.534529	316871	scene_recognition	n/a	n/a	n/a	71.0	n/a	n/a	n/a	1583.81979575	n/a	0.7980397213541437	1	2	2	SB_9_frameB.png	1	6	1586.68556375	1	92	n/a	n/a	intervals/recognition_table	91	1584.352995	1585.887524
1584.352995	0.000000	316871	ttl	1	71	n/a	n/a	n/a	n/a	n/a	n/a	n/a	n/a	n/a	n/a	n/a	n/a	n/a	n/a	n/a	n/a	n/a	n/a	n/a	n/a	n/a	1584.352995	n/a
1585.887524	0.000000	317178	ttl	2	71	n/a	n/a	n/a	n/a	n/a	n/a	n/a	n/a	n/a	n/a	n/a	n/a	n/a	n/a	n/a	n/a	n/a	n/a	n/a	n/a	n/a	1585.887524	n/a
1586.685564	0.000000	317337	ttl	4	71	n/a	n/a	n/a	n/a	n/a	n/a	n/a	n/a	n/a	n/a	n/a	n/a	n/a	n/a	n/a	n/a	n/a	n/a	n/a	n/a	n/a	1586.685564	n/a
1586.693936	0.000000	317339	ttl	11	71	n/a	n/a	n/a	n/a	n/a	n/a	n/a	n/a	n/a	n/a	n/a	n/a	n/a	n/a	n/a	n/a	n/a	n/a	n/a	n/a	n/a	1586.693936	n/a
1587.260484	1.535007	317452	scene_recognition	n/a	n/a	n/a	71.0	n/a	n/a	n/a	1586.69393625	n/a	0.0	1	1	0	NB_30_frameB_foil.png	0	1	1588.7964917499999	0	93	n/a	n/a	intervals/recognition_table	92	1587.260484	1588.795492
1587.260484	0.000000	317452	ttl	1	71	n/a	n/a	n/a	n/a	n/a	n/a	n/a	n/a	n/a	n/a	n/a	n/a	n/a	n/a	n/a	n/a	n/a	n/a	n/a	n/a	n/a	1587.260484	n/a
1588.795492	0.000000	317759	ttl	2	71	n/a	n/a	n/a	n/a	n/a	n/a	n/a	n/a	n/a	n/a	n/a	n/a	n/a	n/a	n/a	n/a	n/a	n/a	n/a	n/a	n/a	1588.795492	n/a
1590.981946	0.000000	318196	ttl	11	71	n/a	n/a	n/a	n/a	n/a	n/a	n/a	n/a	n/a	n/a	n/a	n/a	n/a	n/a	n/a	n/a	n/a	n/a	n/a	n/a	n/a	1590.981946	n/a
1591.515181	1.535118	318303	scene_recognition	n/a	n/a	n/a	71.0	n/a	n/a	n/a	1590.98194625	n/a	0.2667862919915933	1	2	2	SB_5_frameA.png	1	6	1593.3170862499999	1	94	n/a	n/a	intervals/recognition_table	93	1591.515181	1593.050300
1591.515181	0.000000	318303	ttl	1	71	n/a	n/a	n/a	n/a	n/a	n/a	n/a	n/a	n/a	n/a	n/a	n/a	n/a	n/a	n/a	n/a	n/a	n/a	n/a	n/a	n/a	1591.515181	n/a
1593.050300	0.000000	318610	ttl	2	71	n/a	n/a	n/a	n/a	n/a	n/a	n/a	n/a	n/a	n/a	n/a	n/a	n/a	n/a	n/a	n/a	n/a	n/a	n/a	n/a	n/a	1593.050300	n/a
1593.317086	0.000000	318663	ttl	4	71	n/a	n/a	n/a	n/a	n/a	n/a	n/a	n/a	n/a	n/a	n/a	n/a	n/a	n/a	n/a	n/a	n/a	n/a	n/a	n/a	n/a	1593.317086	n/a
1593.323612	0.000000	318665	ttl	11	71	n/a	n/a	n/a	n/a	n/a	n/a	n/a	n/a	n/a	n/a	n/a	n/a	n/a	n/a	n/a	n/a	n/a	n/a	n/a	n/a	n/a	1593.323612	n/a
1593.890165	1.534718	318778	scene_recognition	n/a	n/a	n/a	71.0	n/a	n/a	n/a	1593.323612	n/a	1.467022276672651	2	3	3	HB_3_frameB.png	2	2	1596.89190525	1	95	n/a	n/a	intervals/recognition_table	94	1593.890165	1595.424883
1593.890165	0.000000	318778	ttl	1	71	n/a	n/a	n/a	n/a	n/a	n/a	n/a	n/a	n/a	n/a	n/a	n/a	n/a	n/a	n/a	n/a	n/a	n/a	n/a	n/a	n/a	1593.890165	n/a
1595.424883	0.000000	319085	ttl	2	71	n/a	n/a	n/a	n/a	n/a	n/a	n/a	n/a	n/a	n/a	n/a	n/a	n/a	n/a	n/a	n/a	n/a	n/a	n/a	n/a	n/a	1595.424883	n/a
1596.891905	0.000000	319378	ttl	4	71	n/a	n/a	n/a	n/a	n/a	n/a	n/a	n/a	n/a	n/a	n/a	n/a	n/a	n/a	n/a	n/a	n/a	n/a	n/a	n/a	n/a	1596.891905	n/a
1596.897619	0.000000	319380	ttl	11	71	n/a	n/a	n/a	n/a	n/a	n/a	n/a	n/a	n/a	n/a	n/a	n/a	n/a	n/a	n/a	n/a	n/a	n/a	n/a	n/a	n/a	1596.897619	n/a
1597.397526	1.534571	319480	scene_recognition	n/a	n/a	n/a	71.0	n/a	n/a	n/a	1596.89761875	n/a	0.8212803487840574	2	3	3	HB_3_frameA.png	2	2	1599.753377	1	96	n/a	n/a	intervals/recognition_table	95	1597.397526	1598.932097
1597.397526	0.000000	319480	ttl	1	71	n/a	n/a	n/a	n/a	n/a	n/a	n/a	n/a	n/a	n/a	n/a	n/a	n/a	n/a	n/a	n/a	n/a	n/a	n/a	n/a	n/a	1597.397526	n/a
1598.932097	0.000000	319786	ttl	2	71	n/a	n/a	n/a	n/a	n/a	n/a	n/a	n/a	n/a	n/a	n/a	n/a	n/a	n/a	n/a	n/a	n/a	n/a	n/a	n/a	n/a	1598.932097	n/a
1599.753377	0.000000	319951	ttl	4	71	n/a	n/a	n/a	n/a	n/a	n/a	n/a	n/a	n/a	n/a	n/a	n/a	n/a	n/a	n/a	n/a	n/a	n/a	n/a	n/a	n/a	1599.753377	n/a
1599.765987	0.000000	319953	ttl	11	71	n/a	n/a	n/a	n/a	n/a	n/a	n/a	n/a	n/a	n/a	n/a	n/a	n/a	n/a	n/a	n/a	n/a	n/a	n/a	n/a	n/a	1599.765987	n/a
1600.282547	1.534970	320057	scene_recognition	n/a	n/a	n/a	71.0	n/a	n/a	n/a	1599.7659875	n/a	2.041823519510217	2	1	3	NB_17_frameA_foil.png	1	7	1603.8593402499998	0	97	n/a	n/a	intervals/recognition_table	96	1600.282547	1601.817517
1600.282547	0.000000	320057	ttl	1	71	n/a	n/a	n/a	n/a	n/a	n/a	n/a	n/a	n/a	n/a	n/a	n/a	n/a	n/a	n/a	n/a	n/a	n/a	n/a	n/a	n/a	1600.282547	n/a
1601.817517	0.000000	320364	ttl	2	71	n/a	n/a	n/a	n/a	n/a	n/a	n/a	n/a	n/a	n/a	n/a	n/a	n/a	n/a	n/a	n/a	n/a	n/a	n/a	n/a	n/a	1601.817517	n/a
1603.859340	0.000000	320772	ttl	4	71	n/a	n/a	n/a	n/a	n/a	n/a	n/a	n/a	n/a	n/a	n/a	n/a	n/a	n/a	n/a	n/a	n/a	n/a	n/a	n/a	n/a	1603.859340	n/a
1603.869706	0.000000	320774	ttl	11	71	n/a	n/a	n/a	n/a	n/a	n/a	n/a	n/a	n/a	n/a	n/a	n/a	n/a	n/a	n/a	n/a	n/a	n/a	n/a	n/a	n/a	1603.869706	n/a
1604.402939	1.534414	320881	scene_recognition	n/a	n/a	n/a	71.0	n/a	n/a	n/a	1603.8697057499999	n/a	1.7366210119362222	2	3	2	HB_6_frameB.png	2	3	1607.6739745	1	98	n/a	n/a	intervals/recognition_table	97	1604.402939	1605.937353
1604.402939	0.000000	320881	ttl	1	71	n/a	n/a	n/a	n/a	n/a	n/a	n/a	n/a	n/a	n/a	n/a	n/a	n/a	n/a	n/a	n/a	n/a	n/a	n/a	n/a	n/a	1604.402939	n/a
1605.937353	0.000000	321187	ttl	2	71	n/a	n/a	n/a	n/a	n/a	n/a	n/a	n/a	n/a	n/a	n/a	n/a	n/a	n/a	n/a	n/a	n/a	n/a	n/a	n/a	n/a	1605.937353	n/a
1607.673974	0.000000	321535	ttl	4	71	n/a	n/a	n/a	n/a	n/a	n/a	n/a	n/a	n/a	n/a	n/a	n/a	n/a	n/a	n/a	n/a	n/a	n/a	n/a	n/a	n/a	1607.673974	n/a
1607.681802	0.000000	321536	ttl	11	71	n/a	n/a	n/a	n/a	n/a	n/a	n/a	n/a	n/a	n/a	n/a	n/a	n/a	n/a	n/a	n/a	n/a	n/a	n/a	n/a	n/a	1607.681802	n/a
1608.148374	1.533850	321630	scene_recognition	n/a	n/a	n/a	71.0	n/a	n/a	n/a	1607.68180225	n/a	1.1313116074597929	2	3	2	HB_7_frameA_foil.png	1	6	1610.81353625	0	99	n/a	n/a	intervals/recognition_table	98	1608.148374	1609.682224
1608.148374	0.000000	321630	ttl	1	71	n/a	n/a	n/a	n/a	n/a	n/a	n/a	n/a	n/a	n/a	n/a	n/a	n/a	n/a	n/a	n/a	n/a	n/a	n/a	n/a	n/a	1608.148374	n/a
1609.682224	0.000000	321936	ttl	2	71	n/a	n/a	n/a	n/a	n/a	n/a	n/a	n/a	n/a	n/a	n/a	n/a	n/a	n/a	n/a	n/a	n/a	n/a	n/a	n/a	n/a	1609.682224	n/a
1610.813536	0.000000	322163	ttl	4	71	n/a	n/a	n/a	n/a	n/a	n/a	n/a	n/a	n/a	n/a	n/a	n/a	n/a	n/a	n/a	n/a	n/a	n/a	n/a	n/a	n/a	1610.813536	n/a
1610.833214	0.000000	322167	ttl	11	71	n/a	n/a	n/a	n/a	n/a	n/a	n/a	n/a	n/a	n/a	n/a	n/a	n/a	n/a	n/a	n/a	n/a	n/a	n/a	n/a	n/a	1610.833214	n/a
1611.383099	1.533891	322277	scene_recognition	n/a	n/a	n/a	71.0	n/a	n/a	n/a	1610.83321375	n/a	3.1888552681630244	2	1	2	NB_26_frameB_foil.png	1	6	1616.1058455	0	100	n/a	n/a	intervals/recognition_table	99	1611.383099	1612.916990
1611.383099	0.000000	322277	ttl	1	71	n/a	n/a	n/a	n/a	n/a	n/a	n/a	n/a	n/a	n/a	n/a	n/a	n/a	n/a	n/a	n/a	n/a	n/a	n/a	n/a	n/a	1611.383099	n/a
1612.916990	0.000000	322583	ttl	2	71	n/a	n/a	n/a	n/a	n/a	n/a	n/a	n/a	n/a	n/a	n/a	n/a	n/a	n/a	n/a	n/a	n/a	n/a	n/a	n/a	n/a	1612.916990	n/a
1616.105845	0.000000	323221	ttl	4	71	n/a	n/a	n/a	n/a	n/a	n/a	n/a	n/a	n/a	n/a	n/a	n/a	n/a	n/a	n/a	n/a	n/a	n/a	n/a	n/a	n/a	1616.105845	n/a
1616.119927	0.000000	323224	ttl	11	71	n/a	n/a	n/a	n/a	n/a	n/a	n/a	n/a	n/a	n/a	n/a	n/a	n/a	n/a	n/a	n/a	n/a	n/a	n/a	n/a	n/a	1616.119927	n/a
1616.603170	1.533968	323321	scene_recognition	n/a	n/a	n/a	71.0	n/a	n/a	n/a	1616.1199275	n/a	2.4575216121884296	2	1	3	NB_14_frameB_foil.png	1	7	1620.5946589999999	0	101	n/a	n/a	intervals/recognition_table	100	1616.603170	1618.137137
1616.603170	0.000000	323321	ttl	1	71	n/a	n/a	n/a	n/a	n/a	n/a	n/a	n/a	n/a	n/a	n/a	n/a	n/a	n/a	n/a	n/a	n/a	n/a	n/a	n/a	n/a	1616.603170	n/a
1618.137137	0.000000	323627	ttl	2	71	n/a	n/a	n/a	n/a	n/a	n/a	n/a	n/a	n/a	n/a	n/a	n/a	n/a	n/a	n/a	n/a	n/a	n/a	n/a	n/a	n/a	1618.137137	n/a
1620.594659	0.000000	324119	ttl	4	71	n/a	n/a	n/a	n/a	n/a	n/a	n/a	n/a	n/a	n/a	n/a	n/a	n/a	n/a	n/a	n/a	n/a	n/a	n/a	n/a	n/a	1620.594659	n/a
1620.609232	0.000000	324122	ttl	11	71	n/a	n/a	n/a	n/a	n/a	n/a	n/a	n/a	n/a	n/a	n/a	n/a	n/a	n/a	n/a	n/a	n/a	n/a	n/a	n/a	n/a	1620.609232	n/a
1621.175793	1.533852	324235	scene_recognition	n/a	n/a	n/a	71.0	n/a	n/a	n/a	1620.6092325	n/a	1.7073644023475936	2	3	3	HB_8_frameA_foil.png	1	7	1624.4170095	0	102	n/a	n/a	intervals/recognition_table	101	1621.175793	1622.709645
1621.175793	0.000000	324235	ttl	1	71	n/a	n/a	n/a	n/a	n/a	n/a	n/a	n/a	n/a	n/a	n/a	n/a	n/a	n/a	n/a	n/a	n/a	n/a	n/a	n/a	n/a	1621.175793	n/a
1622.709645	0.000000	324542	ttl	2	71	n/a	n/a	n/a	n/a	n/a	n/a	n/a	n/a	n/a	n/a	n/a	n/a	n/a	n/a	n/a	n/a	n/a	n/a	n/a	n/a	n/a	1622.709645	n/a
1624.417009	0.000000	324883	ttl	4	71	n/a	n/a	n/a	n/a	n/a	n/a	n/a	n/a	n/a	n/a	n/a	n/a	n/a	n/a	n/a	n/a	n/a	n/a	n/a	n/a	n/a	1624.417009	n/a
1624.436022	0.000000	324887	ttl	11	71	n/a	n/a	n/a	n/a	n/a	n/a	n/a	n/a	n/a	n/a	n/a	n/a	n/a	n/a	n/a	n/a	n/a	n/a	n/a	n/a	n/a	1624.436022	n/a
1624.952591	1.534650	324991	scene_recognition	n/a	n/a	n/a	71.0	n/a	n/a	n/a	1624.43602175	n/a	4.255266934167594	2	3	3	HB_7_frameA.png	2	2	1630.74250775	1	103	n/a	n/a	intervals/recognition_table	102	1624.952591	1626.487241
1624.952591	0.000000	324991	ttl	1	71	n/a	n/a	n/a	n/a	n/a	n/a	n/a	n/a	n/a	n/a	n/a	n/a	n/a	n/a	n/a	n/a	n/a	n/a	n/a	n/a	n/a	1624.952591	n/a
1626.487241	0.000000	325297	ttl	2	71	n/a	n/a	n/a	n/a	n/a	n/a	n/a	n/a	n/a	n/a	n/a	n/a	n/a	n/a	n/a	n/a	n/a	n/a	n/a	n/a	n/a	1626.487241	n/a
1630.742508	0.000000	326149	ttl	4	71	n/a	n/a	n/a	n/a	n/a	n/a	n/a	n/a	n/a	n/a	n/a	n/a	n/a	n/a	n/a	n/a	n/a	n/a	n/a	n/a	n/a	1630.742508	n/a
1630.757754	0.000000	326152	ttl	11	71	n/a	n/a	n/a	n/a	n/a	n/a	n/a	n/a	n/a	n/a	n/a	n/a	n/a	n/a	n/a	n/a	n/a	n/a	n/a	n/a	n/a	1630.757754	n/a
1631.240980	1.534849	326248	scene_recognition	n/a	n/a	n/a	71.0	n/a	n/a	n/a	1630.7577542499998	n/a	3.504348963193479	2	3	2	HB_1_frameA.png	2	3	1636.2801782499998	1	104	n/a	n/a	intervals/recognition_table	103	1631.240980	1632.775829
1631.240980	0.000000	326248	ttl	1	71	n/a	n/a	n/a	n/a	n/a	n/a	n/a	n/a	n/a	n/a	n/a	n/a	n/a	n/a	n/a	n/a	n/a	n/a	n/a	n/a	n/a	1631.240980	n/a
1632.775829	0.000000	326555	ttl	2	71	n/a	n/a	n/a	n/a	n/a	n/a	n/a	n/a	n/a	n/a	n/a	n/a	n/a	n/a	n/a	n/a	n/a	n/a	n/a	n/a	n/a	1632.775829	n/a
1636.280178	0.000000	327256	ttl	4	71	n/a	n/a	n/a	n/a	n/a	n/a	n/a	n/a	n/a	n/a	n/a	n/a	n/a	n/a	n/a	n/a	n/a	n/a	n/a	n/a	n/a	1636.280178	n/a
1636.298468	0.000000	327260	ttl	11	71	n/a	n/a	n/a	n/a	n/a	n/a	n/a	n/a	n/a	n/a	n/a	n/a	n/a	n/a	n/a	n/a	n/a	n/a	n/a	n/a	n/a	1636.298468	n/a
1636.831680	1.533614	327366	scene_recognition	n/a	n/a	n/a	71.0	n/a	n/a	n/a	1636.298468	n/a	0.3588885585486423	1	2	3	SB_2_frameA_foil.png	2	2	1638.724183	0	105	n/a	n/a	intervals/recognition_table	104	1636.831680	1638.365294
1636.831680	0.000000	327366	ttl	1	71	n/a	n/a	n/a	n/a	n/a	n/a	n/a	n/a	n/a	n/a	n/a	n/a	n/a	n/a	n/a	n/a	n/a	n/a	n/a	n/a	n/a	1636.831680	n/a
1638.365294	0.000000	327673	ttl	2	71	n/a	n/a	n/a	n/a	n/a	n/a	n/a	n/a	n/a	n/a	n/a	n/a	n/a	n/a	n/a	n/a	n/a	n/a	n/a	n/a	n/a	1638.365294	n/a
1638.724183	0.000000	327745	ttl	4	71	n/a	n/a	n/a	n/a	n/a	n/a	n/a	n/a	n/a	n/a	n/a	n/a	n/a	n/a	n/a	n/a	n/a	n/a	n/a	n/a	n/a	1638.724183	n/a
1638.739412	0.000000	327748	ttl	11	71	n/a	n/a	n/a	n/a	n/a	n/a	n/a	n/a	n/a	n/a	n/a	n/a	n/a	n/a	n/a	n/a	n/a	n/a	n/a	n/a	n/a	1638.739412	n/a
1639.289301	1.533879	327858	scene_recognition	n/a	n/a	n/a	71.0	n/a	n/a	n/a	1638.7394124999998	n/a	3.692792990579619	2	3	3	HB_2_frameB_foil.png	1	7	1644.5159735	0	106	n/a	n/a	intervals/recognition_table	105	1639.289301	1640.823181
1639.289301	0.000000	327858	ttl	1	71	n/a	n/a	n/a	n/a	n/a	n/a	n/a	n/a	n/a	n/a	n/a	n/a	n/a	n/a	n/a	n/a	n/a	n/a	n/a	n/a	n/a	1639.289301	n/a
1640.823181	0.000000	328165	ttl	2	71	n/a	n/a	n/a	n/a	n/a	n/a	n/a	n/a	n/a	n/a	n/a	n/a	n/a	n/a	n/a	n/a	n/a	n/a	n/a	n/a	n/a	1640.823181	n/a
1644.515973	0.000000	328903	ttl	4	71	n/a	n/a	n/a	n/a	n/a	n/a	n/a	n/a	n/a	n/a	n/a	n/a	n/a	n/a	n/a	n/a	n/a	n/a	n/a	n/a	n/a	1644.515973	n/a
1644.525172	0.000000	328905	ttl	11	71	n/a	n/a	n/a	n/a	n/a	n/a	n/a	n/a	n/a	n/a	n/a	n/a	n/a	n/a	n/a	n/a	n/a	n/a	n/a	n/a	n/a	1644.525172	n/a
1644.991739	1.534394	328998	scene_recognition	n/a	n/a	n/a	71.0	n/a	n/a	n/a	1644.52517175	n/a	2.489344309477019	1	3	3	HB_2_frameB_foil.png	2	2	1649.015478	0	107	n/a	n/a	intervals/recognition_table	106	1644.991739	1646.526134
1644.991739	0.000000	328998	ttl	1	71	n/a	n/a	n/a	n/a	n/a	n/a	n/a	n/a	n/a	n/a	n/a	n/a	n/a	n/a	n/a	n/a	n/a	n/a	n/a	n/a	n/a	1644.991739	n/a
1646.526134	0.000000	329305	ttl	2	71	n/a	n/a	n/a	n/a	n/a	n/a	n/a	n/a	n/a	n/a	n/a	n/a	n/a	n/a	n/a	n/a	n/a	n/a	n/a	n/a	n/a	1646.526134	n/a
1649.015478	0.000000	329803	ttl	4	71	n/a	n/a	n/a	n/a	n/a	n/a	n/a	n/a	n/a	n/a	n/a	n/a	n/a	n/a	n/a	n/a	n/a	n/a	n/a	n/a	n/a	1649.015478	n/a
1649.021701	0.000000	329804	ttl	11	71	n/a	n/a	n/a	n/a	n/a	n/a	n/a	n/a	n/a	n/a	n/a	n/a	n/a	n/a	n/a	n/a	n/a	n/a	n/a	n/a	n/a	1649.021701	n/a
1649.554923	1.533932	329911	scene_recognition	n/a	n/a	n/a	71.0	n/a	n/a	n/a	1649.021701	n/a	1.5269653582654428	1	2	3	SB_8_frameA_foil.png	2	2	1652.61582075	0	108	n/a	n/a	intervals/recognition_table	107	1649.554923	1651.088855
1649.554923	0.000000	329911	ttl	1	71	n/a	n/a	n/a	n/a	n/a	n/a	n/a	n/a	n/a	n/a	n/a	n/a	n/a	n/a	n/a	n/a	n/a	n/a	n/a	n/a	n/a	1649.554923	n/a
1651.088855	0.000000	330218	ttl	2	71	n/a	n/a	n/a	n/a	n/a	n/a	n/a	n/a	n/a	n/a	n/a	n/a	n/a	n/a	n/a	n/a	n/a	n/a	n/a	n/a	n/a	1651.088855	n/a
1652.615821	0.000000	330523	ttl	4	71	n/a	n/a	n/a	n/a	n/a	n/a	n/a	n/a	n/a	n/a	n/a	n/a	n/a	n/a	n/a	n/a	n/a	n/a	n/a	n/a	n/a	1652.615821	n/a
1652.628591	0.000000	330526	ttl	11	71	n/a	n/a	n/a	n/a	n/a	n/a	n/a	n/a	n/a	n/a	n/a	n/a	n/a	n/a	n/a	n/a	n/a	n/a	n/a	n/a	n/a	1652.628591	n/a
1653.211822	1.533916	330642	scene_recognition	n/a	n/a	n/a	71.0	n/a	n/a	n/a	1652.6285907499998	n/a	1.6912388281780295	2	2	2	SB_1_frameA_foil.png	1	6	1656.4369769999998	0	109	n/a	n/a	intervals/recognition_table	108	1653.211822	1654.745738
1653.211822	0.000000	330642	ttl	1	71	n/a	n/a	n/a	n/a	n/a	n/a	n/a	n/a	n/a	n/a	n/a	n/a	n/a	n/a	n/a	n/a	n/a	n/a	n/a	n/a	n/a	1653.211822	n/a
1654.745738	0.000000	330949	ttl	2	71	n/a	n/a	n/a	n/a	n/a	n/a	n/a	n/a	n/a	n/a	n/a	n/a	n/a	n/a	n/a	n/a	n/a	n/a	n/a	n/a	n/a	1654.745738	n/a
1656.436977	0.000000	331287	ttl	4	71	n/a	n/a	n/a	n/a	n/a	n/a	n/a	n/a	n/a	n/a	n/a	n/a	n/a	n/a	n/a	n/a	n/a	n/a	n/a	n/a	n/a	1656.436977	n/a
1656.445987	0.000000	331289	ttl	11	71	n/a	n/a	n/a	n/a	n/a	n/a	n/a	n/a	n/a	n/a	n/a	n/a	n/a	n/a	n/a	n/a	n/a	n/a	n/a	n/a	n/a	1656.445987	n/a
1656.962541	1.533820	331393	scene_recognition	n/a	n/a	n/a	71.0	n/a	n/a	n/a	1656.4459869999998	n/a	1.3016160444676643	1	3	3	HB_6_frameA.png	1	7	1659.797977	1	110	n/a	n/a	intervals/recognition_table	109	1656.962541	1658.496361
1656.962541	0.000000	331393	ttl	1	71	n/a	n/a	n/a	n/a	n/a	n/a	n/a	n/a	n/a	n/a	n/a	n/a	n/a	n/a	n/a	n/a	n/a	n/a	n/a	n/a	n/a	1656.962541	n/a
1658.496361	0.000000	331699	ttl	2	71	n/a	n/a	n/a	n/a	n/a	n/a	n/a	n/a	n/a	n/a	n/a	n/a	n/a	n/a	n/a	n/a	n/a	n/a	n/a	n/a	n/a	1658.496361	n/a
1659.797977	0.000000	331960	ttl	4	71	n/a	n/a	n/a	n/a	n/a	n/a	n/a	n/a	n/a	n/a	n/a	n/a	n/a	n/a	n/a	n/a	n/a	n/a	n/a	n/a	n/a	1659.797977	n/a
1659.804089	0.000000	331961	ttl	11	71	n/a	n/a	n/a	n/a	n/a	n/a	n/a	n/a	n/a	n/a	n/a	n/a	n/a	n/a	n/a	n/a	n/a	n/a	n/a	n/a	n/a	1659.804089	n/a
1660.303990	1.534643	332061	scene_recognition	n/a	n/a	n/a	71.0	n/a	n/a	n/a	1659.8040895	n/a	2.473626302962657	2	2	3	SB_9_frameB_foil.png	1	7	1664.3122589999998	0	111	n/a	n/a	intervals/recognition_table	110	1660.303990	1661.838633
1660.303990	0.000000	332061	ttl	1	71	n/a	n/a	n/a	n/a	n/a	n/a	n/a	n/a	n/a	n/a	n/a	n/a	n/a	n/a	n/a	n/a	n/a	n/a	n/a	n/a	n/a	1660.303990	n/a
1661.838633	0.000000	332368	ttl	2	71	n/a	n/a	n/a	n/a	n/a	n/a	n/a	n/a	n/a	n/a	n/a	n/a	n/a	n/a	n/a	n/a	n/a	n/a	n/a	n/a	n/a	1661.838633	n/a
1664.312259	0.000000	332862	ttl	4	71	n/a	n/a	n/a	n/a	n/a	n/a	n/a	n/a	n/a	n/a	n/a	n/a	n/a	n/a	n/a	n/a	n/a	n/a	n/a	n/a	n/a	1664.312259	n/a
1664.325139	0.000000	332865	ttl	11	71	n/a	n/a	n/a	n/a	n/a	n/a	n/a	n/a	n/a	n/a	n/a	n/a	n/a	n/a	n/a	n/a	n/a	n/a	n/a	n/a	n/a	1664.325139	n/a
1664.841700	1.533709	332968	scene_recognition	n/a	n/a	n/a	71.0	n/a	n/a	n/a	1664.32513875	n/a	4.062460702334647	1	3	3	HB_2_frameA.png	1	7	1670.43786975	1	112	n/a	n/a	intervals/recognition_table	111	1664.841700	1666.375409
1664.841700	0.000000	332968	ttl	1	71	n/a	n/a	n/a	n/a	n/a	n/a	n/a	n/a	n/a	n/a	n/a	n/a	n/a	n/a	n/a	n/a	n/a	n/a	n/a	n/a	n/a	1664.841700	n/a
1666.375409	0.000000	333275	ttl	2	71	n/a	n/a	n/a	n/a	n/a	n/a	n/a	n/a	n/a	n/a	n/a	n/a	n/a	n/a	n/a	n/a	n/a	n/a	n/a	n/a	n/a	1666.375409	n/a
1670.437870	0.000000	334088	ttl	4	71	n/a	n/a	n/a	n/a	n/a	n/a	n/a	n/a	n/a	n/a	n/a	n/a	n/a	n/a	n/a	n/a	n/a	n/a	n/a	n/a	n/a	1670.437870	n/a
1670.450339	0.000000	334090	ttl	11	71	n/a	n/a	n/a	n/a	n/a	n/a	n/a	n/a	n/a	n/a	n/a	n/a	n/a	n/a	n/a	n/a	n/a	n/a	n/a	n/a	n/a	1670.450339	n/a
1670.983551	1.534840	334197	scene_recognition	n/a	n/a	n/a	71.0	n/a	n/a	n/a	1670.4503392499998	n/a	1.8461588991049211	2	1	3	NB_29_frameB.png	2	2	1674.3645505	1	113	n/a	n/a	intervals/recognition_table	112	1670.983551	1672.518392
1670.983551	0.000000	334197	ttl	1	71	n/a	n/a	n/a	n/a	n/a	n/a	n/a	n/a	n/a	n/a	n/a	n/a	n/a	n/a	n/a	n/a	n/a	n/a	n/a	n/a	n/a	1670.983551	n/a
1672.518392	0.000000	334504	ttl	2	71	n/a	n/a	n/a	n/a	n/a	n/a	n/a	n/a	n/a	n/a	n/a	n/a	n/a	n/a	n/a	n/a	n/a	n/a	n/a	n/a	n/a	1672.518392	n/a
1674.364550	0.000000	334873	ttl	4	71	n/a	n/a	n/a	n/a	n/a	n/a	n/a	n/a	n/a	n/a	n/a	n/a	n/a	n/a	n/a	n/a	n/a	n/a	n/a	n/a	n/a	1674.364550	n/a
1674.375059	0.000000	334875	ttl	11	71	n/a	n/a	n/a	n/a	n/a	n/a	n/a	n/a	n/a	n/a	n/a	n/a	n/a	n/a	n/a	n/a	n/a	n/a	n/a	n/a	n/a	1674.375059	n/a
1674.858389	1.533921	334972	scene_recognition	n/a	n/a	n/a	71.0	n/a	n/a	n/a	1674.3750587499999	n/a	2.5075311101973057	2	2	3	SB_4_frameB_foil.png	1	7	1678.89984125	0	114	n/a	n/a	intervals/recognition_table	113	1674.858389	1676.392310
1674.858389	0.000000	334972	ttl	1	71	n/a	n/a	n/a	n/a	n/a	n/a	n/a	n/a	n/a	n/a	n/a	n/a	n/a	n/a	n/a	n/a	n/a	n/a	n/a	n/a	n/a	1674.858389	n/a
1676.392310	0.000000	335278	ttl	2	71	n/a	n/a	n/a	n/a	n/a	n/a	n/a	n/a	n/a	n/a	n/a	n/a	n/a	n/a	n/a	n/a	n/a	n/a	n/a	n/a	n/a	1676.392310	n/a
1678.899841	0.000000	335780	ttl	4	71	n/a	n/a	n/a	n/a	n/a	n/a	n/a	n/a	n/a	n/a	n/a	n/a	n/a	n/a	n/a	n/a	n/a	n/a	n/a	n/a	n/a	1678.899841	n/a
1678.909307	0.000000	335782	ttl	11	71	n/a	n/a	n/a	n/a	n/a	n/a	n/a	n/a	n/a	n/a	n/a	n/a	n/a	n/a	n/a	n/a	n/a	n/a	n/a	n/a	n/a	1678.909307	n/a
1679.425874	1.533990	335885	scene_recognition	n/a	n/a	n/a	71.0	n/a	n/a	n/a	1678.9093074999998	n/a	1.6532221193047008	2	2	3	SB_8_frameA.png	2	2	1682.61308625	1	115	n/a	n/a	intervals/recognition_table	114	1679.425874	1680.959864
1679.425874	0.000000	335885	ttl	1	71	n/a	n/a	n/a	n/a	n/a	n/a	n/a	n/a	n/a	n/a	n/a	n/a	n/a	n/a	n/a	n/a	n/a	n/a	n/a	n/a	n/a	1679.425874	n/a
1680.959864	0.000000	336192	ttl	2	71	n/a	n/a	n/a	n/a	n/a	n/a	n/a	n/a	n/a	n/a	n/a	n/a	n/a	n/a	n/a	n/a	n/a	n/a	n/a	n/a	n/a	1680.959864	n/a
1682.613086	0.000000	336523	ttl	4	71	n/a	n/a	n/a	n/a	n/a	n/a	n/a	n/a	n/a	n/a	n/a	n/a	n/a	n/a	n/a	n/a	n/a	n/a	n/a	n/a	n/a	1682.613086	n/a
1682.628107	0.000000	336526	ttl	11	71	n/a	n/a	n/a	n/a	n/a	n/a	n/a	n/a	n/a	n/a	n/a	n/a	n/a	n/a	n/a	n/a	n/a	n/a	n/a	n/a	n/a	1682.628107	n/a
1683.227981	1.534665	336646	scene_recognition	n/a	n/a	n/a	71.0	n/a	n/a	n/a	1682.62810675	n/a	2.66767578299914	1	1	2	NB_28_frameA.png	1	6	1687.4303215	1	116	n/a	n/a	intervals/recognition_table	115	1683.227981	1684.762646
1683.227981	0.000000	336646	ttl	1	71	n/a	n/a	n/a	n/a	n/a	n/a	n/a	n/a	n/a	n/a	n/a	n/a	n/a	n/a	n/a	n/a	n/a	n/a	n/a	n/a	n/a	1683.227981	n/a
1684.762646	0.000000	336953	ttl	2	71	n/a	n/a	n/a	n/a	n/a	n/a	n/a	n/a	n/a	n/a	n/a	n/a	n/a	n/a	n/a	n/a	n/a	n/a	n/a	n/a	n/a	1684.762646	n/a
1687.430321	0.000000	337486	ttl	4	71	n/a	n/a	n/a	n/a	n/a	n/a	n/a	n/a	n/a	n/a	n/a	n/a	n/a	n/a	n/a	n/a	n/a	n/a	n/a	n/a	n/a	1687.430321	n/a
1687.433723	0.000000	337487	ttl	11	71	n/a	n/a	n/a	n/a	n/a	n/a	n/a	n/a	n/a	n/a	n/a	n/a	n/a	n/a	n/a	n/a	n/a	n/a	n/a	n/a	n/a	1687.433723	n/a
1687.966983	1.534101	337593	scene_recognition	n/a	n/a	n/a	71.0	n/a	n/a	n/a	1687.4337229999999	n/a	4.065397330312408	1	1	2	NB_22_frameA.png	1	6	1693.5664817499999	1	117	n/a	n/a	intervals/recognition_table	116	1687.966983	1689.501084
1687.966983	0.000000	337593	ttl	1	71	n/a	n/a	n/a	n/a	n/a	n/a	n/a	n/a	n/a	n/a	n/a	n/a	n/a	n/a	n/a	n/a	n/a	n/a	n/a	n/a	n/a	1687.966983	n/a
1689.501084	0.000000	337900	ttl	2	71	n/a	n/a	n/a	n/a	n/a	n/a	n/a	n/a	n/a	n/a	n/a	n/a	n/a	n/a	n/a	n/a	n/a	n/a	n/a	n/a	n/a	1689.501084	n/a
1693.566482	0.000000	338713	ttl	4	71	n/a	n/a	n/a	n/a	n/a	n/a	n/a	n/a	n/a	n/a	n/a	n/a	n/a	n/a	n/a	n/a	n/a	n/a	n/a	n/a	n/a	1693.566482	n/a
1693.579730	0.000000	338716	ttl	11	71	n/a	n/a	n/a	n/a	n/a	n/a	n/a	n/a	n/a	n/a	n/a	n/a	n/a	n/a	n/a	n/a	n/a	n/a	n/a	n/a	n/a	1693.579730	n/a
1694.162932	1.533584	338833	scene_recognition	n/a	n/a	n/a	71.0	n/a	n/a	n/a	1693.57973025	n/a	2.9137876635359135	2	1	3	NB_1_frameA_foil.png	1	7	1698.61030375	0	118	n/a	n/a	intervals/recognition_table	117	1694.162932	1695.696516
1694.162932	0.000000	338833	ttl	1	71	n/a	n/a	n/a	n/a	n/a	n/a	n/a	n/a	n/a	n/a	n/a	n/a	n/a	n/a	n/a	n/a	n/a	n/a	n/a	n/a	n/a	1694.162932	n/a
1695.696516	0.000000	339139	ttl	2	71	n/a	n/a	n/a	n/a	n/a	n/a	n/a	n/a	n/a	n/a	n/a	n/a	n/a	n/a	n/a	n/a	n/a	n/a	n/a	n/a	n/a	1695.696516	n/a
1698.610304	0.000000	339722	ttl	4	71	n/a	n/a	n/a	n/a	n/a	n/a	n/a	n/a	n/a	n/a	n/a	n/a	n/a	n/a	n/a	n/a	n/a	n/a	n/a	n/a	n/a	1698.610304	n/a
1698.630931	0.000000	339726	ttl	11	71	n/a	n/a	n/a	n/a	n/a	n/a	n/a	n/a	n/a	n/a	n/a	n/a	n/a	n/a	n/a	n/a	n/a	n/a	n/a	n/a	n/a	1698.630931	n/a
1699.147492	1.534864	339829	scene_recognition	n/a	n/a	n/a	71.0	n/a	n/a	n/a	1698.63093125	n/a	4.7564377209491795	2	3	3	HB_2_frameB_foil.png	1	7	1705.438794	0	119	n/a	n/a	intervals/recognition_table	118	1699.147492	1700.682356
1699.147492	0.000000	339829	ttl	1	71	n/a	n/a	n/a	n/a	n/a	n/a	n/a	n/a	n/a	n/a	n/a	n/a	n/a	n/a	n/a	n/a	n/a	n/a	n/a	n/a	n/a	1699.147492	n/a
1700.682356	0.000000	340136	ttl	2	71	n/a	n/a	n/a	n/a	n/a	n/a	n/a	n/a	n/a	n/a	n/a	n/a	n/a	n/a	n/a	n/a	n/a	n/a	n/a	n/a	n/a	1700.682356	n/a
1705.438794	0.000000	341088	ttl	4	71	n/a	n/a	n/a	n/a	n/a	n/a	n/a	n/a	n/a	n/a	n/a	n/a	n/a	n/a	n/a	n/a	n/a	n/a	n/a	n/a	n/a	1705.438794	n/a
1705.444233	0.000000	341089	ttl	11	71	n/a	n/a	n/a	n/a	n/a	n/a	n/a	n/a	n/a	n/a	n/a	n/a	n/a	n/a	n/a	n/a	n/a	n/a	n/a	n/a	n/a	1705.444233	n/a
1705.944123	1.533879	341189	scene_recognition	n/a	n/a	n/a	71.0	n/a	n/a	n/a	1705.4442327499999	n/a	0.4158056544692954	2	3	3	HB_1_frameA_foil.png	1	7	1707.89380825	0	120	n/a	n/a	intervals/recognition_table	119	1705.944123	1707.478003
1705.944123	0.000000	341189	ttl	1	71	n/a	n/a	n/a	n/a	n/a	n/a	n/a	n/a	n/a	n/a	n/a	n/a	n/a	n/a	n/a	n/a	n/a	n/a	n/a	n/a	n/a	1705.944123	n/a
1707.478003	0.000000	341496	ttl	2	71	n/a	n/a	n/a	n/a	n/a	n/a	n/a	n/a	n/a	n/a	n/a	n/a	n/a	n/a	n/a	n/a	n/a	n/a	n/a	n/a	n/a	1707.478003	n/a
1707.893808	0.000000	341579	ttl	4	71	n/a	n/a	n/a	n/a	n/a	n/a	n/a	n/a	n/a	n/a	n/a	n/a	n/a	n/a	n/a	n/a	n/a	n/a	n/a	n/a	n/a	1707.893808	n/a
1707.902171	0.000000	341580	ttl	11	71	n/a	n/a	n/a	n/a	n/a	n/a	n/a	n/a	n/a	n/a	n/a	n/a	n/a	n/a	n/a	n/a	n/a	n/a	n/a	n/a	n/a	1707.902171	n/a
1708.368753	1.533718	341674	scene_recognition	n/a	n/a	n/a	71.0	n/a	n/a	n/a	1707.9021707499999	n/a	5.471343732133391	2	3	2	HB_1_frameB_foil.png	1	6	1715.3738145	0	121	n/a	n/a	intervals/recognition_table	120	1708.368753	1709.902471
1708.368753	0.000000	341674	ttl	1	71	n/a	n/a	n/a	n/a	n/a	n/a	n/a	n/a	n/a	n/a	n/a	n/a	n/a	n/a	n/a	n/a	n/a	n/a	n/a	n/a	n/a	1708.368753	n/a
1709.902471	0.000000	341980	ttl	2	71	n/a	n/a	n/a	n/a	n/a	n/a	n/a	n/a	n/a	n/a	n/a	n/a	n/a	n/a	n/a	n/a	n/a	n/a	n/a	n/a	n/a	1709.902471	n/a
1715.373814	0.000000	343075	ttl	4	71	n/a	n/a	n/a	n/a	n/a	n/a	n/a	n/a	n/a	n/a	n/a	n/a	n/a	n/a	n/a	n/a	n/a	n/a	n/a	n/a	n/a	1715.373814	n/a
1715.384629	0.000000	343077	ttl	11	71	n/a	n/a	n/a	n/a	n/a	n/a	n/a	n/a	n/a	n/a	n/a	n/a	n/a	n/a	n/a	n/a	n/a	n/a	n/a	n/a	n/a	1715.384629	n/a
1715.917854	1.534762	343184	scene_recognition	n/a	n/a	n/a	71.0	n/a	n/a	n/a	1715.384629	n/a	1.2390092849964276	1	2	3	SB_5_frameA.png	1	7	1718.6916259999998	1	122	n/a	n/a	intervals/recognition_table	121	1715.917854	1717.452617
1715.917854	0.000000	343184	ttl	1	71	n/a	n/a	n/a	n/a	n/a	n/a	n/a	n/a	n/a	n/a	n/a	n/a	n/a	n/a	n/a	n/a	n/a	n/a	n/a	n/a	n/a	1715.917854	n/a
1717.452617	0.000000	343491	ttl	2	71	n/a	n/a	n/a	n/a	n/a	n/a	n/a	n/a	n/a	n/a	n/a	n/a	n/a	n/a	n/a	n/a	n/a	n/a	n/a	n/a	n/a	1717.452617	n/a
1718.691626	0.000000	343738	ttl	4	71	n/a	n/a	n/a	n/a	n/a	n/a	n/a	n/a	n/a	n/a	n/a	n/a	n/a	n/a	n/a	n/a	n/a	n/a	n/a	n/a	n/a	1718.691626	n/a
1718.705978	0.000000	343741	ttl	11	71	n/a	n/a	n/a	n/a	n/a	n/a	n/a	n/a	n/a	n/a	n/a	n/a	n/a	n/a	n/a	n/a	n/a	n/a	n/a	n/a	n/a	1718.705978	n/a
1719.272536	1.533598	343855	scene_recognition	n/a	n/a	n/a	71.0	n/a	n/a	n/a	1718.7059785	n/a	1.9225954479625216	2	2	2	SB_2_frameB_foil.png	1	6	1722.7287299999998	0	123	n/a	n/a	intervals/recognition_table	122	1719.272536	1720.806134
1719.272536	0.000000	343855	ttl	1	71	n/a	n/a	n/a	n/a	n/a	n/a	n/a	n/a	n/a	n/a	n/a	n/a	n/a	n/a	n/a	n/a	n/a	n/a	n/a	n/a	n/a	1719.272536	n/a
1720.806134	0.000000	344161	ttl	2	71	n/a	n/a	n/a	n/a	n/a	n/a	n/a	n/a	n/a	n/a	n/a	n/a	n/a	n/a	n/a	n/a	n/a	n/a	n/a	n/a	n/a	1720.806134	n/a
1722.728730	0.000000	344546	ttl	4	71	n/a	n/a	n/a	n/a	n/a	n/a	n/a	n/a	n/a	n/a	n/a	n/a	n/a	n/a	n/a	n/a	n/a	n/a	n/a	n/a	n/a	1722.728730	n/a
1722.740793	0.000000	344548	ttl	11	71	n/a	n/a	n/a	n/a	n/a	n/a	n/a	n/a	n/a	n/a	n/a	n/a	n/a	n/a	n/a	n/a	n/a	n/a	n/a	n/a	n/a	1722.740793	n/a
1723.324017	1.534543	344665	scene_recognition	n/a	n/a	n/a	71.0	n/a	n/a	n/a	1722.740793	n/a	0.0	1	2	0	SB_6_frameB.png	0	1	1724.85956025	1	124	n/a	n/a	intervals/recognition_table	123	1723.324017	1724.858560
1723.324017	0.000000	344665	ttl	1	71	n/a	n/a	n/a	n/a	n/a	n/a	n/a	n/a	n/a	n/a	n/a	n/a	n/a	n/a	n/a	n/a	n/a	n/a	n/a	n/a	n/a	1723.324017	n/a
1724.858560	0.000000	344972	ttl	2	71	n/a	n/a	n/a	n/a	n/a	n/a	n/a	n/a	n/a	n/a	n/a	n/a	n/a	n/a	n/a	n/a	n/a	n/a	n/a	n/a	n/a	1724.858560	n/a
1725.583239	0.000000	345117	ttl	11	71	n/a	n/a	n/a	n/a	n/a	n/a	n/a	n/a	n/a	n/a	n/a	n/a	n/a	n/a	n/a	n/a	n/a	n/a	n/a	n/a	n/a	1725.583239	n/a
1726.133138	1.534576	345227	scene_recognition	n/a	n/a	n/a	71.0	n/a	n/a	n/a	1725.5832395	n/a	1.8637380226427922	2	3	2	HB_4_frameA_foil.png	1	6	1729.53145275	0	125	n/a	n/a	intervals/recognition_table	124	1726.133138	1727.667715
1726.133138	0.000000	345227	ttl	1	71	n/a	n/a	n/a	n/a	n/a	n/a	n/a	n/a	n/a	n/a	n/a	n/a	n/a	n/a	n/a	n/a	n/a	n/a	n/a	n/a	n/a	1726.133138	n/a
1727.667715	0.000000	345534	ttl	2	71	n/a	n/a	n/a	n/a	n/a	n/a	n/a	n/a	n/a	n/a	n/a	n/a	n/a	n/a	n/a	n/a	n/a	n/a	n/a	n/a	n/a	1727.667715	n/a
1729.531453	0.000000	345906	ttl	4	71	n/a	n/a	n/a	n/a	n/a	n/a	n/a	n/a	n/a	n/a	n/a	n/a	n/a	n/a	n/a	n/a	n/a	n/a	n/a	n/a	n/a	1729.531453	n/a
1729.542724	0.000000	345909	ttl	11	71	n/a	n/a	n/a	n/a	n/a	n/a	n/a	n/a	n/a	n/a	n/a	n/a	n/a	n/a	n/a	n/a	n/a	n/a	n/a	n/a	n/a	1729.542724	n/a
1730.075948	1.534163	346015	scene_recognition	n/a	n/a	n/a	71.0	n/a	n/a	n/a	1729.54272425	n/a	1.7227162952185608	1	3	2	HB_5_frameB.png	1	6	1733.33282825	1	126	n/a	n/a	intervals/recognition_table	125	1730.075948	1731.610112
1730.075948	0.000000	346015	ttl	1	71	n/a	n/a	n/a	n/a	n/a	n/a	n/a	n/a	n/a	n/a	n/a	n/a	n/a	n/a	n/a	n/a	n/a	n/a	n/a	n/a	n/a	1730.075948	n/a
1731.610112	0.000000	346322	ttl	2	71	n/a	n/a	n/a	n/a	n/a	n/a	n/a	n/a	n/a	n/a	n/a	n/a	n/a	n/a	n/a	n/a	n/a	n/a	n/a	n/a	n/a	1731.610112	n/a
1733.332828	0.000000	346667	ttl	4	71	n/a	n/a	n/a	n/a	n/a	n/a	n/a	n/a	n/a	n/a	n/a	n/a	n/a	n/a	n/a	n/a	n/a	n/a	n/a	n/a	n/a	1733.332828	n/a
1733.363816	0.000000	346673	ttl	11	71	n/a	n/a	n/a	n/a	n/a	n/a	n/a	n/a	n/a	n/a	n/a	n/a	n/a	n/a	n/a	n/a	n/a	n/a	n/a	n/a	n/a	1733.363816	n/a
1733.880365	1.533520	346776	scene_recognition	n/a	n/a	n/a	71.0	n/a	n/a	n/a	1733.36381575	n/a	0.0	1	2	0	SB_1_frameA_foil.png	0	1	1735.41488525	0	127	n/a	n/a	intervals/recognition_table	126	1733.880365	1735.413885
1733.880365	0.000000	346776	ttl	1	71	n/a	n/a	n/a	n/a	n/a	n/a	n/a	n/a	n/a	n/a	n/a	n/a	n/a	n/a	n/a	n/a	n/a	n/a	n/a	n/a	n/a	1733.880365	n/a
1735.413885	0.000000	347083	ttl	2	71	n/a	n/a	n/a	n/a	n/a	n/a	n/a	n/a	n/a	n/a	n/a	n/a	n/a	n/a	n/a	n/a	n/a	n/a	n/a	n/a	n/a	1735.413885	n/a
1736.966221	0.000000	347393	ttl	11	71	n/a	n/a	n/a	n/a	n/a	n/a	n/a	n/a	n/a	n/a	n/a	n/a	n/a	n/a	n/a	n/a	n/a	n/a	n/a	n/a	n/a	1736.966221	n/a
1737.466127	1.550978	347493	scene_recognition	n/a	n/a	n/a	71.0	n/a	n/a	n/a	1736.96622125	n/a	0.0	1	1	0	NB_16_frameA.png	0	1	1739.0181045	1	128	n/a	n/a	intervals/recognition_table	127	1737.466127	1739.017104
1737.466127	0.000000	347493	ttl	1	71	n/a	n/a	n/a	n/a	n/a	n/a	n/a	n/a	n/a	n/a	n/a	n/a	n/a	n/a	n/a	n/a	n/a	n/a	n/a	n/a	n/a	1737.466127	n/a
1739.017104	0.000000	347803	ttl	2	71	n/a	n/a	n/a	n/a	n/a	n/a	n/a	n/a	n/a	n/a	n/a	n/a	n/a	n/a	n/a	n/a	n/a	n/a	n/a	n/a	n/a	1739.017104	n/a
1741.422927	0.000000	348285	ttl	11	71	n/a	n/a	n/a	n/a	n/a	n/a	n/a	n/a	n/a	n/a	n/a	n/a	n/a	n/a	n/a	n/a	n/a	n/a	n/a	n/a	n/a	1741.422927	n/a
1741.906154	1.533807	348381	scene_recognition	n/a	n/a	n/a	71.0	n/a	n/a	n/a	1741.4229269999998	n/a	0.0	1	1	0	NB_4_frameA.png	0	1	1743.4409617499998	1	129	n/a	n/a	intervals/recognition_table	128	1741.906154	1743.439962
1741.906154	0.000000	348381	ttl	1	71	n/a	n/a	n/a	n/a	n/a	n/a	n/a	n/a	n/a	n/a	n/a	n/a	n/a	n/a	n/a	n/a	n/a	n/a	n/a	n/a	n/a	1741.906154	n/a
1743.439962	0.000000	348688	ttl	2	71	n/a	n/a	n/a	n/a	n/a	n/a	n/a	n/a	n/a	n/a	n/a	n/a	n/a	n/a	n/a	n/a	n/a	n/a	n/a	n/a	n/a	1743.439962	n/a
1744.146037	0.000000	348829	ttl	11	71	n/a	n/a	n/a	n/a	n/a	n/a	n/a	n/a	n/a	n/a	n/a	n/a	n/a	n/a	n/a	n/a	n/a	n/a	n/a	n/a	n/a	1744.146037	n/a
1744.695922	1.534567	348939	scene_recognition	n/a	n/a	n/a	71.0	n/a	n/a	n/a	1744.146037	n/a	0.0	1	1	0	NB_1_frameB.png	0	1	1746.2314892499999	1	130	n/a	n/a	intervals/recognition_table	129	1744.695922	1746.230489
1744.695922	0.000000	348939	ttl	1	71	n/a	n/a	n/a	n/a	n/a	n/a	n/a	n/a	n/a	n/a	n/a	n/a	n/a	n/a	n/a	n/a	n/a	n/a	n/a	n/a	n/a	1744.695922	n/a
1746.230489	0.000000	349246	ttl	2	71	n/a	n/a	n/a	n/a	n/a	n/a	n/a	n/a	n/a	n/a	n/a	n/a	n/a	n/a	n/a	n/a	n/a	n/a	n/a	n/a	n/a	1746.230489	n/a
1749.280589	0.000000	349856	ttl	11	71	n/a	n/a	n/a	n/a	n/a	n/a	n/a	n/a	n/a	n/a	n/a	n/a	n/a	n/a	n/a	n/a	n/a	n/a	n/a	n/a	n/a	1749.280589	n/a
1749.863809	1.533919	349973	scene_recognition	n/a	n/a	n/a	71.0	n/a	n/a	n/a	1749.280589	n/a	0.0	1	3	0	HB_2_frameA.png	0	1	1751.3987272499999	1	131	n/a	n/a	intervals/recognition_table	130	1749.863809	1751.397727
1749.863809	0.000000	349973	ttl	1	71	n/a	n/a	n/a	n/a	n/a	n/a	n/a	n/a	n/a	n/a	n/a	n/a	n/a	n/a	n/a	n/a	n/a	n/a	n/a	n/a	n/a	1749.863809	n/a
1751.397727	0.000000	350280	ttl	2	71	n/a	n/a	n/a	n/a	n/a	n/a	n/a	n/a	n/a	n/a	n/a	n/a	n/a	n/a	n/a	n/a	n/a	n/a	n/a	n/a	n/a	1751.397727	n/a
1751.694076	0.000000	350339	ttl	11	71	n/a	n/a	n/a	n/a	n/a	n/a	n/a	n/a	n/a	n/a	n/a	n/a	n/a	n/a	n/a	n/a	n/a	n/a	n/a	n/a	n/a	1751.694076	n/a
1752.193969	1.534652	350439	scene_recognition	n/a	n/a	n/a	71.0	n/a	n/a	n/a	1751.69407575	n/a	0.0	1	2	0	SB_3_frameB_foil.png	0	1	1753.7296207499999	0	132	n/a	n/a	intervals/recognition_table	131	1752.193969	1753.728621
1752.193969	0.000000	350439	ttl	1	71	n/a	n/a	n/a	n/a	n/a	n/a	n/a	n/a	n/a	n/a	n/a	n/a	n/a	n/a	n/a	n/a	n/a	n/a	n/a	n/a	n/a	1752.193969	n/a
1753.728621	0.000000	350746	ttl	2	71	n/a	n/a	n/a	n/a	n/a	n/a	n/a	n/a	n/a	n/a	n/a	n/a	n/a	n/a	n/a	n/a	n/a	n/a	n/a	n/a	n/a	1753.728621	n/a
1754.876898	0.000000	350975	ttl	11	71	n/a	n/a	n/a	n/a	n/a	n/a	n/a	n/a	n/a	n/a	n/a	n/a	n/a	n/a	n/a	n/a	n/a	n/a	n/a	n/a	n/a	1754.876898	n/a
1755.426789	1.534420	351085	scene_recognition	n/a	n/a	n/a	71.0	n/a	n/a	n/a	1754.8768985	n/a	0.0	1	2	0	SB_6_frameB.png	0	1	1756.96220875	1	133	n/a	n/a	intervals/recognition_table	132	1755.426789	1756.961209
1755.426789	0.000000	351085	ttl	1	71	n/a	n/a	n/a	n/a	n/a	n/a	n/a	n/a	n/a	n/a	n/a	n/a	n/a	n/a	n/a	n/a	n/a	n/a	n/a	n/a	n/a	1755.426789	n/a
1756.961209	0.000000	351392	ttl	2	71	n/a	n/a	n/a	n/a	n/a	n/a	n/a	n/a	n/a	n/a	n/a	n/a	n/a	n/a	n/a	n/a	n/a	n/a	n/a	n/a	n/a	1756.961209	n/a
1759.524021	0.000000	351905	ttl	11	71	n/a	n/a	n/a	n/a	n/a	n/a	n/a	n/a	n/a	n/a	n/a	n/a	n/a	n/a	n/a	n/a	n/a	n/a	n/a	n/a	n/a	1759.524021	n/a
1760.057246	1.534351	352011	scene_recognition	n/a	n/a	n/a	71.0	n/a	n/a	n/a	1759.5240207499999	n/a	0.07226256557623856	2	2	2	SB_3_frameB_foil.png	1	6	1761.66385975	0	134	n/a	n/a	intervals/recognition_table	133	1760.057246	1761.591597
1760.057246	0.000000	352011	ttl	1	71	n/a	n/a	n/a	n/a	n/a	n/a	n/a	n/a	n/a	n/a	n/a	n/a	n/a	n/a	n/a	n/a	n/a	n/a	n/a	n/a	n/a	1760.057246	n/a
1761.591597	0.000000	352318	ttl	2	71	n/a	n/a	n/a	n/a	n/a	n/a	n/a	n/a	n/a	n/a	n/a	n/a	n/a	n/a	n/a	n/a	n/a	n/a	n/a	n/a	n/a	1761.591597	n/a
1761.663860	0.000000	352333	ttl	4	71	n/a	n/a	n/a	n/a	n/a	n/a	n/a	n/a	n/a	n/a	n/a	n/a	n/a	n/a	n/a	n/a	n/a	n/a	n/a	n/a	n/a	1761.663860	n/a
1761.680403	0.000000	352336	ttl	11	71	n/a	n/a	n/a	n/a	n/a	n/a	n/a	n/a	n/a	n/a	n/a	n/a	n/a	n/a	n/a	n/a	n/a	n/a	n/a	n/a	n/a	1761.680403	n/a
1762.213630	1.535079	352443	scene_recognition	n/a	n/a	n/a	71.0	n/a	n/a	n/a	1761.6804029999998	n/a	5.254428063635714	1	1	2	NB_7_frameB.png	1	6	1769.0031374999999	1	135	n/a	n/a	intervals/recognition_table	134	1762.213630	1763.748709
1762.213630	0.000000	352443	ttl	1	71	n/a	n/a	n/a	n/a	n/a	n/a	n/a	n/a	n/a	n/a	n/a	n/a	n/a	n/a	n/a	n/a	n/a	n/a	n/a	n/a	n/a	1762.213630	n/a
1763.748709	0.000000	352750	ttl	2	71	n/a	n/a	n/a	n/a	n/a	n/a	n/a	n/a	n/a	n/a	n/a	n/a	n/a	n/a	n/a	n/a	n/a	n/a	n/a	n/a	n/a	1763.748709	n/a
1769.003137	0.000000	353801	ttl	4	71	n/a	n/a	n/a	n/a	n/a	n/a	n/a	n/a	n/a	n/a	n/a	n/a	n/a	n/a	n/a	n/a	n/a	n/a	n/a	n/a	n/a	1769.003137	n/a
1769.015597	0.000000	353803	ttl	11	71	n/a	n/a	n/a	n/a	n/a	n/a	n/a	n/a	n/a	n/a	n/a	n/a	n/a	n/a	n/a	n/a	n/a	n/a	n/a	n/a	n/a	1769.015597	n/a
1769.515494	1.533868	353903	scene_recognition	n/a	n/a	n/a	71.0	n/a	n/a	n/a	1769.01559725	n/a	0.4066678138333373	1	1	2	NB_26_frameA.png	1	6	1771.45603025	1	136	n/a	n/a	intervals/recognition_table	135	1769.515494	1771.049362
1769.515494	0.000000	353903	ttl	1	71	n/a	n/a	n/a	n/a	n/a	n/a	n/a	n/a	n/a	n/a	n/a	n/a	n/a	n/a	n/a	n/a	n/a	n/a	n/a	n/a	n/a	1769.515494	n/a
1771.049362	0.000000	354210	ttl	2	71	n/a	n/a	n/a	n/a	n/a	n/a	n/a	n/a	n/a	n/a	n/a	n/a	n/a	n/a	n/a	n/a	n/a	n/a	n/a	n/a	n/a	1771.049362	n/a
1771.456030	0.000000	354291	ttl	4	71	n/a	n/a	n/a	n/a	n/a	n/a	n/a	n/a	n/a	n/a	n/a	n/a	n/a	n/a	n/a	n/a	n/a	n/a	n/a	n/a	n/a	1771.456030	n/a
1771.465333	0.000000	354293	ttl	11	71	n/a	n/a	n/a	n/a	n/a	n/a	n/a	n/a	n/a	n/a	n/a	n/a	n/a	n/a	n/a	n/a	n/a	n/a	n/a	n/a	n/a	1771.465333	n/a
1771.981895	1.534169	354396	scene_recognition	n/a	n/a	n/a	71.0	n/a	n/a	n/a	1771.46533275	n/a	0.9585399559582584	2	1	2	NB_27_frameB.png	2	3	1774.4746042499999	1	137	n/a	n/a	intervals/recognition_table	136	1771.981895	1773.516064
1771.981895	0.000000	354396	ttl	1	71	n/a	n/a	n/a	n/a	n/a	n/a	n/a	n/a	n/a	n/a	n/a	n/a	n/a	n/a	n/a	n/a	n/a	n/a	n/a	n/a	n/a	1771.981895	n/a
1773.516064	0.000000	354703	ttl	2	71	n/a	n/a	n/a	n/a	n/a	n/a	n/a	n/a	n/a	n/a	n/a	n/a	n/a	n/a	n/a	n/a	n/a	n/a	n/a	n/a	n/a	1773.516064	n/a
1774.474604	0.000000	354895	ttl	4	71	n/a	n/a	n/a	n/a	n/a	n/a	n/a	n/a	n/a	n/a	n/a	n/a	n/a	n/a	n/a	n/a	n/a	n/a	n/a	n/a	n/a	1774.474604	n/a
1774.488788	0.000000	354898	ttl	11	71	n/a	n/a	n/a	n/a	n/a	n/a	n/a	n/a	n/a	n/a	n/a	n/a	n/a	n/a	n/a	n/a	n/a	n/a	n/a	n/a	n/a	1774.488788	n/a
1775.005358	1.534787	355001	scene_recognition	n/a	n/a	n/a	71.0	n/a	n/a	n/a	1774.48878775	n/a	2.732500993006397	1	1	2	NB_16_frameB_foil.png	2	3	1779.272646	0	138	n/a	n/a	intervals/recognition_table	137	1775.005358	1776.540145
1775.005358	0.000000	355001	ttl	1	71	n/a	n/a	n/a	n/a	n/a	n/a	n/a	n/a	n/a	n/a	n/a	n/a	n/a	n/a	n/a	n/a	n/a	n/a	n/a	n/a	n/a	1775.005358	n/a
1776.540145	0.000000	355308	ttl	2	71	n/a	n/a	n/a	n/a	n/a	n/a	n/a	n/a	n/a	n/a	n/a	n/a	n/a	n/a	n/a	n/a	n/a	n/a	n/a	n/a	n/a	1776.540145	n/a
1779.272646	0.000000	355855	ttl	4	71	n/a	n/a	n/a	n/a	n/a	n/a	n/a	n/a	n/a	n/a	n/a	n/a	n/a	n/a	n/a	n/a	n/a	n/a	n/a	n/a	n/a	1779.272646	n/a
1779.280487	0.000000	355856	ttl	11	71	n/a	n/a	n/a	n/a	n/a	n/a	n/a	n/a	n/a	n/a	n/a	n/a	n/a	n/a	n/a	n/a	n/a	n/a	n/a	n/a	n/a	1779.280487	n/a
1779.830363	1.533919	355966	scene_recognition	n/a	n/a	n/a	71.0	n/a	n/a	n/a	1779.28048675	n/a	0.5460870032547973	2	1	2	NB_5_frameA_foil.png	1	6	1781.91036925	0	139	n/a	n/a	intervals/recognition_table	138	1779.830363	1781.364282
1779.830363	0.000000	355966	ttl	1	71	n/a	n/a	n/a	n/a	n/a	n/a	n/a	n/a	n/a	n/a	n/a	n/a	n/a	n/a	n/a	n/a	n/a	n/a	n/a	n/a	n/a	1779.830363	n/a
1781.364282	0.000000	356273	ttl	2	71	n/a	n/a	n/a	n/a	n/a	n/a	n/a	n/a	n/a	n/a	n/a	n/a	n/a	n/a	n/a	n/a	n/a	n/a	n/a	n/a	n/a	1781.364282	n/a
1781.910369	0.000000	356382	ttl	4	71	n/a	n/a	n/a	n/a	n/a	n/a	n/a	n/a	n/a	n/a	n/a	n/a	n/a	n/a	n/a	n/a	n/a	n/a	n/a	n/a	n/a	1781.910369	n/a
1781.928564	0.000000	356386	ttl	11	71	n/a	n/a	n/a	n/a	n/a	n/a	n/a	n/a	n/a	n/a	n/a	n/a	n/a	n/a	n/a	n/a	n/a	n/a	n/a	n/a	n/a	1781.928564	n/a
1782.461793	1.534643	356492	scene_recognition	n/a	n/a	n/a	71.0	n/a	n/a	n/a	1781.92856375	n/a	0.0	1	3	0	HB_4_frameB.png	0	1	1783.99743575	1	140	n/a	n/a	intervals/recognition_table	139	1782.461793	1783.996436
1782.461793	0.000000	356492	ttl	1	71	n/a	n/a	n/a	n/a	n/a	n/a	n/a	n/a	n/a	n/a	n/a	n/a	n/a	n/a	n/a	n/a	n/a	n/a	n/a	n/a	n/a	1782.461793	n/a
1783.996436	0.000000	356799	ttl	2	71	n/a	n/a	n/a	n/a	n/a	n/a	n/a	n/a	n/a	n/a	n/a	n/a	n/a	n/a	n/a	n/a	n/a	n/a	n/a	n/a	n/a	1783.996436	n/a
1784.417123	0.000000	356883	ttl	11	71	n/a	n/a	n/a	n/a	n/a	n/a	n/a	n/a	n/a	n/a	n/a	n/a	n/a	n/a	n/a	n/a	n/a	n/a	n/a	n/a	n/a	1784.417123	n/a
1784.883696	1.534222	356977	scene_recognition	n/a	n/a	n/a	71.0	n/a	n/a	n/a	1784.4171227499999	n/a	3.207630943041295	2	1	2	NB_2_frameB_foil.png	1	6	1789.6255494999998	0	141	n/a	n/a	intervals/recognition_table	140	1784.883696	1786.417918
1784.883696	0.000000	356977	ttl	1	71	n/a	n/a	n/a	n/a	n/a	n/a	n/a	n/a	n/a	n/a	n/a	n/a	n/a	n/a	n/a	n/a	n/a	n/a	n/a	n/a	n/a	1784.883696	n/a
1786.417918	0.000000	357284	ttl	2	71	n/a	n/a	n/a	n/a	n/a	n/a	n/a	n/a	n/a	n/a	n/a	n/a	n/a	n/a	n/a	n/a	n/a	n/a	n/a	n/a	n/a	1786.417918	n/a
1789.625549	0.000000	357925	ttl	4	71	n/a	n/a	n/a	n/a	n/a	n/a	n/a	n/a	n/a	n/a	n/a	n/a	n/a	n/a	n/a	n/a	n/a	n/a	n/a	n/a	n/a	1789.625549	n/a
1789.643860	0.000000	357929	ttl	11	71	n/a	n/a	n/a	n/a	n/a	n/a	n/a	n/a	n/a	n/a	n/a	n/a	n/a	n/a	n/a	n/a	n/a	n/a	n/a	n/a	n/a	1789.643860	n/a
1790.177045	1.534488	358035	scene_recognition	n/a	n/a	n/a	71.0	n/a	n/a	n/a	1789.64386025	n/a	4.3467235979187535	2	2	2	SB_6_frameA_foil.png	1	6	1796.0582565	0	142	n/a	n/a	intervals/recognition_table	141	1790.177045	1791.711533
1790.177045	0.000000	358035	ttl	1	71	n/a	n/a	n/a	n/a	n/a	n/a	n/a	n/a	n/a	n/a	n/a	n/a	n/a	n/a	n/a	n/a	n/a	n/a	n/a	n/a	n/a	1790.177045	n/a
1791.711533	0.000000	358342	ttl	2	71	n/a	n/a	n/a	n/a	n/a	n/a	n/a	n/a	n/a	n/a	n/a	n/a	n/a	n/a	n/a	n/a	n/a	n/a	n/a	n/a	n/a	1791.711533	n/a
1796.058256	0.000000	359212	ttl	4	71	n/a	n/a	n/a	n/a	n/a	n/a	n/a	n/a	n/a	n/a	n/a	n/a	n/a	n/a	n/a	n/a	n/a	n/a	n/a	n/a	n/a	1796.058256	n/a
1796.074126	0.000000	359215	ttl	11	71	n/a	n/a	n/a	n/a	n/a	n/a	n/a	n/a	n/a	n/a	n/a	n/a	n/a	n/a	n/a	n/a	n/a	n/a	n/a	n/a	n/a	1796.074126	n/a
1796.540651	1.534835	359308	scene_recognition	n/a	n/a	n/a	71.0	n/a	n/a	n/a	1796.0741262499998	n/a	2.454783602428506	2	3	2	HB_6_frameA_foil.png	1	6	1800.53026925	0	143	n/a	n/a	intervals/recognition_table	142	1796.540651	1798.075486
1796.540651	0.000000	359308	ttl	1	71	n/a	n/a	n/a	n/a	n/a	n/a	n/a	n/a	n/a	n/a	n/a	n/a	n/a	n/a	n/a	n/a	n/a	n/a	n/a	n/a	n/a	1796.540651	n/a
1798.075486	0.000000	359615	ttl	2	71	n/a	n/a	n/a	n/a	n/a	n/a	n/a	n/a	n/a	n/a	n/a	n/a	n/a	n/a	n/a	n/a	n/a	n/a	n/a	n/a	n/a	1798.075486	n/a
1800.530269	0.000000	360106	ttl	4	71	n/a	n/a	n/a	n/a	n/a	n/a	n/a	n/a	n/a	n/a	n/a	n/a	n/a	n/a	n/a	n/a	n/a	n/a	n/a	n/a	n/a	1800.530269	n/a
1800.545858	0.000000	360109	ttl	11	71	n/a	n/a	n/a	n/a	n/a	n/a	n/a	n/a	n/a	n/a	n/a	n/a	n/a	n/a	n/a	n/a	n/a	n/a	n/a	n/a	n/a	1800.545858	n/a
1801.079071	1.534526	360216	scene_recognition	n/a	n/a	n/a	71.0	n/a	n/a	n/a	1800.5458575	n/a	1.2083814712095773	1	1	2	NB_12_frameB_foil.png	2	3	1803.8219785	0	144	n/a	n/a	intervals/recognition_table	143	1801.079071	1802.613597
1801.079071	0.000000	360216	ttl	1	71	n/a	n/a	n/a	n/a	n/a	n/a	n/a	n/a	n/a	n/a	n/a	n/a	n/a	n/a	n/a	n/a	n/a	n/a	n/a	n/a	n/a	1801.079071	n/a
1802.613597	0.000000	360523	ttl	2	71	n/a	n/a	n/a	n/a	n/a	n/a	n/a	n/a	n/a	n/a	n/a	n/a	n/a	n/a	n/a	n/a	n/a	n/a	n/a	n/a	n/a	1802.613597	n/a
1803.821978	0.000000	360764	ttl	4	71	n/a	n/a	n/a	n/a	n/a	n/a	n/a	n/a	n/a	n/a	n/a	n/a	n/a	n/a	n/a	n/a	n/a	n/a	n/a	n/a	n/a	1803.821978	n/a
1803.840189	0.000000	360768	ttl	11	71	n/a	n/a	n/a	n/a	n/a	n/a	n/a	n/a	n/a	n/a	n/a	n/a	n/a	n/a	n/a	n/a	n/a	n/a	n/a	n/a	n/a	1803.840189	n/a
1804.373394	1.533617	360875	scene_recognition	n/a	n/a	n/a	71.0	n/a	n/a	n/a	1803.8401892499999	n/a	0.0	1	1	0	NB_22_frameB_foil.png	0	1	1805.908011	0	145	n/a	n/a	intervals/recognition_table	144	1804.373394	1805.907011
1804.373394	0.000000	360875	ttl	1	71	n/a	n/a	n/a	n/a	n/a	n/a	n/a	n/a	n/a	n/a	n/a	n/a	n/a	n/a	n/a	n/a	n/a	n/a	n/a	n/a	n/a	1804.373394	n/a
1805.907011	0.000000	361181	ttl	2	71	n/a	n/a	n/a	n/a	n/a	n/a	n/a	n/a	n/a	n/a	n/a	n/a	n/a	n/a	n/a	n/a	n/a	n/a	n/a	n/a	n/a	1805.907011	n/a
1810.878907	0.000000	362176	ttl	11	71	n/a	n/a	n/a	n/a	n/a	n/a	n/a	n/a	n/a	n/a	n/a	n/a	n/a	n/a	n/a	n/a	n/a	n/a	n/a	n/a	n/a	1810.878907	n/a
1811.395478	1.550954	362279	scene_recognition	n/a	n/a	n/a	71.0	n/a	n/a	n/a	1810.8789075	n/a	0.0	1	3	0	HB_3_frameB_foil.png	0	1	1812.947432	0	146	n/a	n/a	intervals/recognition_table	145	1811.395478	1812.946432
1811.395478	0.000000	362279	ttl	1	71	n/a	n/a	n/a	n/a	n/a	n/a	n/a	n/a	n/a	n/a	n/a	n/a	n/a	n/a	n/a	n/a	n/a	n/a	n/a	n/a	n/a	1811.395478	n/a
1812.946432	0.000000	362589	ttl	2	71	n/a	n/a	n/a	n/a	n/a	n/a	n/a	n/a	n/a	n/a	n/a	n/a	n/a	n/a	n/a	n/a	n/a	n/a	n/a	n/a	n/a	1812.946432	n/a
1815.823944	0.000000	363165	ttl	11	71	n/a	n/a	n/a	n/a	n/a	n/a	n/a	n/a	n/a	n/a	n/a	n/a	n/a	n/a	n/a	n/a	n/a	n/a	n/a	n/a	n/a	1815.823944	n/a
1816.323846	1.534132	363265	scene_recognition	n/a	n/a	n/a	71.0	n/a	n/a	n/a	1815.82394375	n/a	2.1012181028345367	1	1	2	NB_5_frameB.png	1	6	1819.959196	1	147	n/a	n/a	intervals/recognition_table	146	1816.323846	1817.857978
1816.323846	0.000000	363265	ttl	1	71	n/a	n/a	n/a	n/a	n/a	n/a	n/a	n/a	n/a	n/a	n/a	n/a	n/a	n/a	n/a	n/a	n/a	n/a	n/a	n/a	n/a	1816.323846	n/a
1817.857978	0.000000	363572	ttl	2	71	n/a	n/a	n/a	n/a	n/a	n/a	n/a	n/a	n/a	n/a	n/a	n/a	n/a	n/a	n/a	n/a	n/a	n/a	n/a	n/a	n/a	1817.857978	n/a
1819.959196	0.000000	363992	ttl	4	71	n/a	n/a	n/a	n/a	n/a	n/a	n/a	n/a	n/a	n/a	n/a	n/a	n/a	n/a	n/a	n/a	n/a	n/a	n/a	n/a	n/a	1819.959196	n/a
1819.963723	0.000000	363993	ttl	11	71	n/a	n/a	n/a	n/a	n/a	n/a	n/a	n/a	n/a	n/a	n/a	n/a	n/a	n/a	n/a	n/a	n/a	n/a	n/a	n/a	n/a	1819.963723	n/a
1820.546936	1.533803	364109	scene_recognition	n/a	n/a	n/a	71.0	n/a	n/a	n/a	1819.96372325	n/a	2.9763822712557158	2	2	3	SB_5_frameA_foil.png	1	7	1825.0571217499999	0	148	n/a	n/a	intervals/recognition_table	147	1820.546936	1822.080739
1820.546936	0.000000	364109	ttl	1	71	n/a	n/a	n/a	n/a	n/a	n/a	n/a	n/a	n/a	n/a	n/a	n/a	n/a	n/a	n/a	n/a	n/a	n/a	n/a	n/a	n/a	1820.546936	n/a
1822.080739	0.000000	364416	ttl	2	71	n/a	n/a	n/a	n/a	n/a	n/a	n/a	n/a	n/a	n/a	n/a	n/a	n/a	n/a	n/a	n/a	n/a	n/a	n/a	n/a	n/a	1822.080739	n/a
1825.057122	0.000000	365011	ttl	4	71	n/a	n/a	n/a	n/a	n/a	n/a	n/a	n/a	n/a	n/a	n/a	n/a	n/a	n/a	n/a	n/a	n/a	n/a	n/a	n/a	n/a	1825.057122	n/a
1825.062043	0.000000	365012	ttl	11	71	n/a	n/a	n/a	n/a	n/a	n/a	n/a	n/a	n/a	n/a	n/a	n/a	n/a	n/a	n/a	n/a	n/a	n/a	n/a	n/a	n/a	1825.062043	n/a
1825.578606	1.534656	365116	scene_recognition	n/a	n/a	n/a	71.0	n/a	n/a	n/a	1825.0620434999998	n/a	1.445012202282669	1	2	2	SB_1_frameB_foil.png	2	3	1828.5582749999999	0	149	n/a	n/a	intervals/recognition_table	148	1825.578606	1827.113263
1825.578606	0.000000	365116	ttl	1	71	n/a	n/a	n/a	n/a	n/a	n/a	n/a	n/a	n/a	n/a	n/a	n/a	n/a	n/a	n/a	n/a	n/a	n/a	n/a	n/a	n/a	1825.578606	n/a
1827.113263	0.000000	365423	ttl	2	71	n/a	n/a	n/a	n/a	n/a	n/a	n/a	n/a	n/a	n/a	n/a	n/a	n/a	n/a	n/a	n/a	n/a	n/a	n/a	n/a	n/a	1827.113263	n/a
1828.558275	0.000000	365712	ttl	4	71	n/a	n/a	n/a	n/a	n/a	n/a	n/a	n/a	n/a	n/a	n/a	n/a	n/a	n/a	n/a	n/a	n/a	n/a	n/a	n/a	n/a	1828.558275	n/a
1828.568119	0.000000	365714	ttl	11	71	n/a	n/a	n/a	n/a	n/a	n/a	n/a	n/a	n/a	n/a	n/a	n/a	n/a	n/a	n/a	n/a	n/a	n/a	n/a	n/a	n/a	1828.568119	n/a
1829.134678	1.534434	365827	scene_recognition	n/a	n/a	n/a	71.0	n/a	n/a	n/a	1828.568119	n/a	1.5652138851874042	1	1	2	NB_9_frameA_foil.png	2	3	1832.234325	0	150	n/a	n/a	intervals/recognition_table	149	1829.134678	1830.669111
1829.134678	0.000000	365827	ttl	1	71	n/a	n/a	n/a	n/a	n/a	n/a	n/a	n/a	n/a	n/a	n/a	n/a	n/a	n/a	n/a	n/a	n/a	n/a	n/a	n/a	n/a	1829.134678	n/a
1830.669111	0.000000	366134	ttl	2	71	n/a	n/a	n/a	n/a	n/a	n/a	n/a	n/a	n/a	n/a	n/a	n/a	n/a	n/a	n/a	n/a	n/a	n/a	n/a	n/a	n/a	1830.669111	n/a
1832.234325	0.000000	366447	ttl	4	71	n/a	n/a	n/a	n/a	n/a	n/a	n/a	n/a	n/a	n/a	n/a	n/a	n/a	n/a	n/a	n/a	n/a	n/a	n/a	n/a	n/a	1832.234325	n/a
1832.247520	0.000000	366450	ttl	11	71	n/a	n/a	n/a	n/a	n/a	n/a	n/a	n/a	n/a	n/a	n/a	n/a	n/a	n/a	n/a	n/a	n/a	n/a	n/a	n/a	n/a	1832.247520	n/a
1832.797410	1.534634	366559	scene_recognition	n/a	n/a	n/a	71.0	n/a	n/a	n/a	1832.2475197499998	n/a	0.03266412069206126	1	3	2	HB_1_frameA.png	1	6	1834.3647085	1	151	n/a	n/a	intervals/recognition_table	150	1832.797410	1834.332044
1832.797410	0.000000	366559	ttl	1	71	n/a	n/a	n/a	n/a	n/a	n/a	n/a	n/a	n/a	n/a	n/a	n/a	n/a	n/a	n/a	n/a	n/a	n/a	n/a	n/a	n/a	1832.797410	n/a
1834.332044	0.000000	366866	ttl	2	71	n/a	n/a	n/a	n/a	n/a	n/a	n/a	n/a	n/a	n/a	n/a	n/a	n/a	n/a	n/a	n/a	n/a	n/a	n/a	n/a	n/a	1834.332044	n/a
1834.364709	0.000000	366873	ttl	4	71	n/a	n/a	n/a	n/a	n/a	n/a	n/a	n/a	n/a	n/a	n/a	n/a	n/a	n/a	n/a	n/a	n/a	n/a	n/a	n/a	n/a	1834.364709	n/a
1834.379209	0.000000	366876	ttl	11	71	n/a	n/a	n/a	n/a	n/a	n/a	n/a	n/a	n/a	n/a	n/a	n/a	n/a	n/a	n/a	n/a	n/a	n/a	n/a	n/a	n/a	1834.379209	n/a
1834.895773	1.533826	366979	scene_recognition	n/a	n/a	n/a	71.0	n/a	n/a	n/a	1834.3792092499998	n/a	3.3294676911027636	1	3	3	HB_8_frameB.png	1	7	1839.7590665	1	152	n/a	n/a	intervals/recognition_table	151	1834.895773	1836.429599
1834.895773	0.000000	366979	ttl	1	71	n/a	n/a	n/a	n/a	n/a	n/a	n/a	n/a	n/a	n/a	n/a	n/a	n/a	n/a	n/a	n/a	n/a	n/a	n/a	n/a	n/a	1834.895773	n/a
1836.429599	0.000000	367286	ttl	2	71	n/a	n/a	n/a	n/a	n/a	n/a	n/a	n/a	n/a	n/a	n/a	n/a	n/a	n/a	n/a	n/a	n/a	n/a	n/a	n/a	n/a	1836.429599	n/a
1839.759067	0.000000	367952	ttl	4	71	n/a	n/a	n/a	n/a	n/a	n/a	n/a	n/a	n/a	n/a	n/a	n/a	n/a	n/a	n/a	n/a	n/a	n/a	n/a	n/a	n/a	1839.759067	n/a
1839.774518	0.000000	367955	ttl	11	71	n/a	n/a	n/a	n/a	n/a	n/a	n/a	n/a	n/a	n/a	n/a	n/a	n/a	n/a	n/a	n/a	n/a	n/a	n/a	n/a	n/a	1839.774518	n/a
1840.291089	1.534149	368058	scene_recognition	n/a	n/a	n/a	71.0	n/a	n/a	n/a	1839.7745184999999	n/a	2.827111667371355	1	3	3	HB_5_frameA.png	1	7	1844.6523495	1	153	n/a	n/a	intervals/recognition_table	152	1840.291089	1841.825238
1840.291089	0.000000	368058	ttl	1	71	n/a	n/a	n/a	n/a	n/a	n/a	n/a	n/a	n/a	n/a	n/a	n/a	n/a	n/a	n/a	n/a	n/a	n/a	n/a	n/a	n/a	1840.291089	n/a
1841.825238	0.000000	368365	ttl	2	71	n/a	n/a	n/a	n/a	n/a	n/a	n/a	n/a	n/a	n/a	n/a	n/a	n/a	n/a	n/a	n/a	n/a	n/a	n/a	n/a	n/a	1841.825238	n/a
1844.652349	0.000000	368930	ttl	4	71	n/a	n/a	n/a	n/a	n/a	n/a	n/a	n/a	n/a	n/a	n/a	n/a	n/a	n/a	n/a	n/a	n/a	n/a	n/a	n/a	n/a	1844.652349	n/a
1844.664990	0.000000	368933	ttl	11	71	n/a	n/a	n/a	n/a	n/a	n/a	n/a	n/a	n/a	n/a	n/a	n/a	n/a	n/a	n/a	n/a	n/a	n/a	n/a	n/a	n/a	1844.664990	n/a
1845.131564	1.534635	369026	scene_recognition	n/a	n/a	n/a	71.0	n/a	n/a	n/a	1844.66499	n/a	1.4430385204032063	2	3	3	HB_9_frameB_foil.png	1	7	1848.109238	0	154	n/a	n/a	intervals/recognition_table	153	1845.131564	1846.666199
1845.131564	0.000000	369026	ttl	1	71	n/a	n/a	n/a	n/a	n/a	n/a	n/a	n/a	n/a	n/a	n/a	n/a	n/a	n/a	n/a	n/a	n/a	n/a	n/a	n/a	n/a	1845.131564	n/a
1846.666199	0.000000	369333	ttl	2	71	n/a	n/a	n/a	n/a	n/a	n/a	n/a	n/a	n/a	n/a	n/a	n/a	n/a	n/a	n/a	n/a	n/a	n/a	n/a	n/a	n/a	1846.666199	n/a
1848.109238	0.000000	369622	ttl	4	71	n/a	n/a	n/a	n/a	n/a	n/a	n/a	n/a	n/a	n/a	n/a	n/a	n/a	n/a	n/a	n/a	n/a	n/a	n/a	n/a	n/a	1848.109238	n/a
1848.113488	0.000000	369623	ttl	11	71	n/a	n/a	n/a	n/a	n/a	n/a	n/a	n/a	n/a	n/a	n/a	n/a	n/a	n/a	n/a	n/a	n/a	n/a	n/a	n/a	n/a	1848.113488	n/a
1848.663369	1.534571	369733	scene_recognition	n/a	n/a	n/a	71.0	n/a	n/a	n/a	1848.1134885	n/a	2.603897506982321	2	3	3	HB_3_frameA_foil.png	1	7	1852.8018372499998	0	155	n/a	n/a	intervals/recognition_table	154	1848.663369	1850.197940
1848.663369	0.000000	369733	ttl	1	71	n/a	n/a	n/a	n/a	n/a	n/a	n/a	n/a	n/a	n/a	n/a	n/a	n/a	n/a	n/a	n/a	n/a	n/a	n/a	n/a	n/a	1848.663369	n/a
1850.197940	0.000000	370040	ttl	2	71	n/a	n/a	n/a	n/a	n/a	n/a	n/a	n/a	n/a	n/a	n/a	n/a	n/a	n/a	n/a	n/a	n/a	n/a	n/a	n/a	n/a	1850.197940	n/a
1852.801837	0.000000	370560	ttl	4	71	n/a	n/a	n/a	n/a	n/a	n/a	n/a	n/a	n/a	n/a	n/a	n/a	n/a	n/a	n/a	n/a	n/a	n/a	n/a	n/a	n/a	1852.801837	n/a
1852.810337	0.000000	370562	ttl	11	71	n/a	n/a	n/a	n/a	n/a	n/a	n/a	n/a	n/a	n/a	n/a	n/a	n/a	n/a	n/a	n/a	n/a	n/a	n/a	n/a	n/a	1852.810337	n/a
1853.326896	1.534672	370665	scene_recognition	n/a	n/a	n/a	71.0	n/a	n/a	n/a	1852.81033725	n/a	3.5797434424166568	1	3	3	HB_1_frameB.png	1	7	1858.4413109999998	1	156	n/a	n/a	intervals/recognition_table	155	1853.326896	1854.861567
1853.326896	0.000000	370665	ttl	1	71	n/a	n/a	n/a	n/a	n/a	n/a	n/a	n/a	n/a	n/a	n/a	n/a	n/a	n/a	n/a	n/a	n/a	n/a	n/a	n/a	n/a	1853.326896	n/a
1854.861567	0.000000	370972	ttl	2	71	n/a	n/a	n/a	n/a	n/a	n/a	n/a	n/a	n/a	n/a	n/a	n/a	n/a	n/a	n/a	n/a	n/a	n/a	n/a	n/a	n/a	1854.861567	n/a
1858.441311	0.000000	371688	ttl	4	71	n/a	n/a	n/a	n/a	n/a	n/a	n/a	n/a	n/a	n/a	n/a	n/a	n/a	n/a	n/a	n/a	n/a	n/a	n/a	n/a	n/a	1858.441311	n/a
1858.459877	0.000000	371692	ttl	11	71	n/a	n/a	n/a	n/a	n/a	n/a	n/a	n/a	n/a	n/a	n/a	n/a	n/a	n/a	n/a	n/a	n/a	n/a	n/a	n/a	n/a	1858.459877	n/a
1859.009769	1.534161	371802	scene_recognition	n/a	n/a	n/a	71.0	n/a	n/a	n/a	1858.4598775	n/a	2.0789497219375335	1	1	3	NB_18_frameA.png	1	7	1862.6228795	1	157	n/a	n/a	intervals/recognition_table	156	1859.009769	1860.543930
1859.009769	0.000000	371802	ttl	1	71	n/a	n/a	n/a	n/a	n/a	n/a	n/a	n/a	n/a	n/a	n/a	n/a	n/a	n/a	n/a	n/a	n/a	n/a	n/a	n/a	n/a	1859.009769	n/a
1860.543930	0.000000	372109	ttl	2	71	n/a	n/a	n/a	n/a	n/a	n/a	n/a	n/a	n/a	n/a	n/a	n/a	n/a	n/a	n/a	n/a	n/a	n/a	n/a	n/a	n/a	1860.543930	n/a
1862.622879	0.000000	372525	ttl	4	71	n/a	n/a	n/a	n/a	n/a	n/a	n/a	n/a	n/a	n/a	n/a	n/a	n/a	n/a	n/a	n/a	n/a	n/a	n/a	n/a	n/a	1862.622879	n/a
1862.638539	0.000000	372528	ttl	11	71	n/a	n/a	n/a	n/a	n/a	n/a	n/a	n/a	n/a	n/a	n/a	n/a	n/a	n/a	n/a	n/a	n/a	n/a	n/a	n/a	n/a	1862.638539	n/a
1863.188428	1.534573	372638	scene_recognition	n/a	n/a	n/a	71.0	n/a	n/a	n/a	1862.6385395	n/a	0.5787067337951157	2	3	2	HB_5_frameA.png	2	3	1865.301708	1	158	n/a	n/a	intervals/recognition_table	157	1863.188428	1864.723001
1863.188428	0.000000	372638	ttl	1	71	n/a	n/a	n/a	n/a	n/a	n/a	n/a	n/a	n/a	n/a	n/a	n/a	n/a	n/a	n/a	n/a	n/a	n/a	n/a	n/a	n/a	1863.188428	n/a
1864.723001	0.000000	372945	ttl	2	71	n/a	n/a	n/a	n/a	n/a	n/a	n/a	n/a	n/a	n/a	n/a	n/a	n/a	n/a	n/a	n/a	n/a	n/a	n/a	n/a	n/a	1864.723001	n/a
1865.301708	0.000000	373060	ttl	4	71	n/a	n/a	n/a	n/a	n/a	n/a	n/a	n/a	n/a	n/a	n/a	n/a	n/a	n/a	n/a	n/a	n/a	n/a	n/a	n/a	n/a	1865.301708	n/a
1865.317352	0.000000	373063	ttl	11	71	n/a	n/a	n/a	n/a	n/a	n/a	n/a	n/a	n/a	n/a	n/a	n/a	n/a	n/a	n/a	n/a	n/a	n/a	n/a	n/a	n/a	1865.317352	n/a
1865.900575	1.533736	373180	scene_recognition	n/a	n/a	n/a	71.0	n/a	n/a	n/a	1865.31735175	n/a	2.1785404295224	1	1	2	NB_25_frameA_foil.png	2	3	1869.6128509999999	0	159	n/a	n/a	intervals/recognition_table	158	1865.900575	1867.434310
1865.900575	0.000000	373180	ttl	1	71	n/a	n/a	n/a	n/a	n/a	n/a	n/a	n/a	n/a	n/a	n/a	n/a	n/a	n/a	n/a	n/a	n/a	n/a	n/a	n/a	n/a	1865.900575	n/a
1867.434310	0.000000	373487	ttl	2	71	n/a	n/a	n/a	n/a	n/a	n/a	n/a	n/a	n/a	n/a	n/a	n/a	n/a	n/a	n/a	n/a	n/a	n/a	n/a	n/a	n/a	1867.434310	n/a
1869.612851	0.000000	373923	ttl	4	71	n/a	n/a	n/a	n/a	n/a	n/a	n/a	n/a	n/a	n/a	n/a	n/a	n/a	n/a	n/a	n/a	n/a	n/a	n/a	n/a	n/a	1869.612851	n/a
1869.615765	0.000000	373923	ttl	11	71	n/a	n/a	n/a	n/a	n/a	n/a	n/a	n/a	n/a	n/a	n/a	n/a	n/a	n/a	n/a	n/a	n/a	n/a	n/a	n/a	n/a	1869.615765	n/a
1870.132321	1.534064	374026	scene_recognition	n/a	n/a	n/a	71.0	n/a	n/a	n/a	1869.615765	n/a	1.1701714095106581	1	2	3	SB_8_frameB.png	1	7	1872.83655725	1	160	n/a	n/a	intervals/recognition_table	159	1870.132321	1871.666386
1870.132321	0.000000	374026	ttl	1	71	n/a	n/a	n/a	n/a	n/a	n/a	n/a	n/a	n/a	n/a	n/a	n/a	n/a	n/a	n/a	n/a	n/a	n/a	n/a	n/a	n/a	1870.132321	n/a
1871.666386	0.000000	374333	ttl	2	71	n/a	n/a	n/a	n/a	n/a	n/a	n/a	n/a	n/a	n/a	n/a	n/a	n/a	n/a	n/a	n/a	n/a	n/a	n/a	n/a	n/a	1871.666386	n/a
1872.836557	0.000000	374567	ttl	4	71	n/a	n/a	n/a	n/a	n/a	n/a	n/a	n/a	n/a	n/a	n/a	n/a	n/a	n/a	n/a	n/a	n/a	n/a	n/a	n/a	n/a	1872.836557	n/a
1872.842750	0.000000	374569	ttl	11	71	n/a	n/a	n/a	n/a	n/a	n/a	n/a	n/a	n/a	n/a	n/a	n/a	n/a	n/a	n/a	n/a	n/a	n/a	n/a	n/a	n/a	1872.842750	n/a
1873.342647	1.534376	374669	scene_recognition	n/a	n/a	n/a	71.0	n/a	n/a	n/a	1872.84275	n/a	0.3439400524366647	2	3	3	HB_7_frameB_foil.png	1	7	1875.2209632499998	0	161	n/a	n/a	intervals/recognition_table	160	1873.342647	1874.877023
1873.342647	0.000000	374669	ttl	1	71	n/a	n/a	n/a	n/a	n/a	n/a	n/a	n/a	n/a	n/a	n/a	n/a	n/a	n/a	n/a	n/a	n/a	n/a	n/a	n/a	n/a	1873.342647	n/a
1874.877023	0.000000	374975	ttl	2	71	n/a	n/a	n/a	n/a	n/a	n/a	n/a	n/a	n/a	n/a	n/a	n/a	n/a	n/a	n/a	n/a	n/a	n/a	n/a	n/a	n/a	1874.877023	n/a
1875.220963	0.000000	375044	ttl	4	71	n/a	n/a	n/a	n/a	n/a	n/a	n/a	n/a	n/a	n/a	n/a	n/a	n/a	n/a	n/a	n/a	n/a	n/a	n/a	n/a	n/a	1875.220963	n/a
1875.234383	0.000000	375047	ttl	11	71	n/a	n/a	n/a	n/a	n/a	n/a	n/a	n/a	n/a	n/a	n/a	n/a	n/a	n/a	n/a	n/a	n/a	n/a	n/a	n/a	n/a	1875.234383	n/a
1875.684294	1.534008	375137	scene_recognition	n/a	n/a	n/a	71.0	n/a	n/a	n/a	1875.2343835	n/a	0.5202108235971536	1	2	3	SB_9_frameA.png	1	7	1877.73851275	1	162	n/a	n/a	intervals/recognition_table	161	1875.684294	1877.218302
1875.684294	0.000000	375137	ttl	1	71	n/a	n/a	n/a	n/a	n/a	n/a	n/a	n/a	n/a	n/a	n/a	n/a	n/a	n/a	n/a	n/a	n/a	n/a	n/a	n/a	n/a	1875.684294	n/a
1877.218302	0.000000	375444	ttl	2	71	n/a	n/a	n/a	n/a	n/a	n/a	n/a	n/a	n/a	n/a	n/a	n/a	n/a	n/a	n/a	n/a	n/a	n/a	n/a	n/a	n/a	1877.218302	n/a
1877.738513	0.000000	375548	ttl	4	71	n/a	n/a	n/a	n/a	n/a	n/a	n/a	n/a	n/a	n/a	n/a	n/a	n/a	n/a	n/a	n/a	n/a	n/a	n/a	n/a	n/a	1877.738513	n/a
1877.753986	0.000000	375551	ttl	11	71	n/a	n/a	n/a	n/a	n/a	n/a	n/a	n/a	n/a	n/a	n/a	n/a	n/a	n/a	n/a	n/a	n/a	n/a	n/a	n/a	n/a	1877.753986	n/a
1878.237215	1.535144	375647	scene_recognition	n/a	n/a	n/a	71.0	n/a	n/a	n/a	1877.75398625	n/a	2.1750518777989782	1	2	3	SB_2_frameB.png	1	7	1881.9474114999998	1	163	n/a	n/a	intervals/recognition_table	162	1878.237215	1879.772359
1878.237215	0.000000	375647	ttl	1	71	n/a	n/a	n/a	n/a	n/a	n/a	n/a	n/a	n/a	n/a	n/a	n/a	n/a	n/a	n/a	n/a	n/a	n/a	n/a	n/a	n/a	1878.237215	n/a
1879.772359	0.000000	375954	ttl	2	71	n/a	n/a	n/a	n/a	n/a	n/a	n/a	n/a	n/a	n/a	n/a	n/a	n/a	n/a	n/a	n/a	n/a	n/a	n/a	n/a	n/a	1879.772359	n/a
1881.947411	0.000000	376389	ttl	4	71	n/a	n/a	n/a	n/a	n/a	n/a	n/a	n/a	n/a	n/a	n/a	n/a	n/a	n/a	n/a	n/a	n/a	n/a	n/a	n/a	n/a	1881.947411	n/a
1881.959712	0.000000	376392	ttl	11	71	n/a	n/a	n/a	n/a	n/a	n/a	n/a	n/a	n/a	n/a	n/a	n/a	n/a	n/a	n/a	n/a	n/a	n/a	n/a	n/a	n/a	1881.959712	n/a
1882.509609	1.534109	376502	scene_recognition	n/a	n/a	n/a	71.0	n/a	n/a	n/a	1881.9597119999999	n/a	4.251704975293251	2	1	2	NB_21_frameB.png	2	3	1888.295423	1	164	n/a	n/a	intervals/recognition_table	163	1882.509609	1884.043718
1882.509609	0.000000	376502	ttl	1	71	n/a	n/a	n/a	n/a	n/a	n/a	n/a	n/a	n/a	n/a	n/a	n/a	n/a	n/a	n/a	n/a	n/a	n/a	n/a	n/a	n/a	1882.509609	n/a
1884.043718	0.000000	376809	ttl	2	71	n/a	n/a	n/a	n/a	n/a	n/a	n/a	n/a	n/a	n/a	n/a	n/a	n/a	n/a	n/a	n/a	n/a	n/a	n/a	n/a	n/a	1884.043718	n/a
1888.295423	0.000000	377659	ttl	4	71	n/a	n/a	n/a	n/a	n/a	n/a	n/a	n/a	n/a	n/a	n/a	n/a	n/a	n/a	n/a	n/a	n/a	n/a	n/a	n/a	n/a	1888.295423	n/a
1888.314745	0.000000	377663	ttl	11	71	n/a	n/a	n/a	n/a	n/a	n/a	n/a	n/a	n/a	n/a	n/a	n/a	n/a	n/a	n/a	n/a	n/a	n/a	n/a	n/a	n/a	1888.314745	n/a
1888.881308	1.534715	377776	scene_recognition	n/a	n/a	n/a	71.0	n/a	n/a	n/a	1888.3147454999998	n/a	2.067246231759782	2	2	3	SB_6_frameB_foil.png	1	7	1892.4832702499998	0	165	n/a	n/a	intervals/recognition_table	164	1888.881308	1890.416024
1888.881308	0.000000	377776	ttl	1	71	n/a	n/a	n/a	n/a	n/a	n/a	n/a	n/a	n/a	n/a	n/a	n/a	n/a	n/a	n/a	n/a	n/a	n/a	n/a	n/a	n/a	1888.881308	n/a
1890.416024	0.000000	378083	ttl	2	71	n/a	n/a	n/a	n/a	n/a	n/a	n/a	n/a	n/a	n/a	n/a	n/a	n/a	n/a	n/a	n/a	n/a	n/a	n/a	n/a	n/a	1890.416024	n/a
1892.483270	0.000000	378497	ttl	4	71	n/a	n/a	n/a	n/a	n/a	n/a	n/a	n/a	n/a	n/a	n/a	n/a	n/a	n/a	n/a	n/a	n/a	n/a	n/a	n/a	n/a	1892.483270	n/a
1892.504228	0.000000	378501	ttl	11	71	n/a	n/a	n/a	n/a	n/a	n/a	n/a	n/a	n/a	n/a	n/a	n/a	n/a	n/a	n/a	n/a	n/a	n/a	n/a	n/a	n/a	1892.504228	n/a
1892.970806	1.533359	378594	scene_recognition	n/a	n/a	n/a	71.0	n/a	n/a	n/a	1892.5042282499999	n/a	2.231000730636879	2	1	3	NB_8_frameB_foil.png	1	7	1896.7351657499999	0	166	n/a	n/a	intervals/recognition_table	165	1892.970806	1894.504165
1892.970806	0.000000	378594	ttl	1	71	n/a	n/a	n/a	n/a	n/a	n/a	n/a	n/a	n/a	n/a	n/a	n/a	n/a	n/a	n/a	n/a	n/a	n/a	n/a	n/a	n/a	1892.970806	n/a
1894.504165	0.000000	378901	ttl	2	71	n/a	n/a	n/a	n/a	n/a	n/a	n/a	n/a	n/a	n/a	n/a	n/a	n/a	n/a	n/a	n/a	n/a	n/a	n/a	n/a	n/a	1894.504165	n/a
1896.735166	0.000000	379347	ttl	4	71	n/a	n/a	n/a	n/a	n/a	n/a	n/a	n/a	n/a	n/a	n/a	n/a	n/a	n/a	n/a	n/a	n/a	n/a	n/a	n/a	n/a	1896.735166	n/a
1896.746912	0.000000	379349	ttl	11	71	n/a	n/a	n/a	n/a	n/a	n/a	n/a	n/a	n/a	n/a	n/a	n/a	n/a	n/a	n/a	n/a	n/a	n/a	n/a	n/a	n/a	1896.746912	n/a
1897.263473	1.534715	379453	scene_recognition	n/a	n/a	n/a	71.0	n/a	n/a	n/a	1896.74691175	n/a	1.475202322777477	1	1	2	NB_15_frameA_foil.png	2	3	1900.27339025	0	167	n/a	n/a	intervals/recognition_table	166	1897.263473	1898.798188
1897.263473	0.000000	379453	ttl	1	71	n/a	n/a	n/a	n/a	n/a	n/a	n/a	n/a	n/a	n/a	n/a	n/a	n/a	n/a	n/a	n/a	n/a	n/a	n/a	n/a	n/a	1897.263473	n/a
1898.798188	0.000000	379760	ttl	2	71	n/a	n/a	n/a	n/a	n/a	n/a	n/a	n/a	n/a	n/a	n/a	n/a	n/a	n/a	n/a	n/a	n/a	n/a	n/a	n/a	n/a	1898.798188	n/a
1900.273390	0.000000	380055	ttl	4	71	n/a	n/a	n/a	n/a	n/a	n/a	n/a	n/a	n/a	n/a	n/a	n/a	n/a	n/a	n/a	n/a	n/a	n/a	n/a	n/a	n/a	1900.273390	n/a
1900.279370	0.000000	380056	ttl	11	71	n/a	n/a	n/a	n/a	n/a	n/a	n/a	n/a	n/a	n/a	n/a	n/a	n/a	n/a	n/a	n/a	n/a	n/a	n/a	n/a	n/a	1900.279370	n/a
1900.812569	1.534564	380163	scene_recognition	n/a	n/a	n/a	71.0	n/a	n/a	n/a	1900.2793705	n/a	3.423907388947555	1	3	3	HB_8_frameA_foil.png	2	2	1905.7710399999999	0	168	n/a	n/a	intervals/recognition_table	167	1900.812569	1902.347132
1900.812569	0.000000	380163	ttl	1	71	n/a	n/a	n/a	n/a	n/a	n/a	n/a	n/a	n/a	n/a	n/a	n/a	n/a	n/a	n/a	n/a	n/a	n/a	n/a	n/a	n/a	1900.812569	n/a
1902.347132	0.000000	380469	ttl	2	71	n/a	n/a	n/a	n/a	n/a	n/a	n/a	n/a	n/a	n/a	n/a	n/a	n/a	n/a	n/a	n/a	n/a	n/a	n/a	n/a	n/a	1902.347132	n/a
1905.771040	0.000000	381154	ttl	4	71	n/a	n/a	n/a	n/a	n/a	n/a	n/a	n/a	n/a	n/a	n/a	n/a	n/a	n/a	n/a	n/a	n/a	n/a	n/a	n/a	n/a	1905.771040	n/a
1905.776059	0.000000	381155	ttl	11	71	n/a	n/a	n/a	n/a	n/a	n/a	n/a	n/a	n/a	n/a	n/a	n/a	n/a	n/a	n/a	n/a	n/a	n/a	n/a	n/a	n/a	1905.776059	n/a
1906.242597	1.534018	381249	scene_recognition	n/a	n/a	n/a	71.0	n/a	n/a	n/a	1905.7760595	n/a	0.0	1	3	0	HB_4_frameA.png	0	1	1907.7776155	1	169	n/a	n/a	intervals/recognition_table	168	1906.242597	1907.776615
1906.242597	0.000000	381249	ttl	1	71	n/a	n/a	n/a	n/a	n/a	n/a	n/a	n/a	n/a	n/a	n/a	n/a	n/a	n/a	n/a	n/a	n/a	n/a	n/a	n/a	n/a	1906.242597	n/a
1907.776615	0.000000	381555	ttl	2	71	n/a	n/a	n/a	n/a	n/a	n/a	n/a	n/a	n/a	n/a	n/a	n/a	n/a	n/a	n/a	n/a	n/a	n/a	n/a	n/a	n/a	1907.776615	n/a
1913.590972	0.000000	382718	ttl	11	71	n/a	n/a	n/a	n/a	n/a	n/a	n/a	n/a	n/a	n/a	n/a	n/a	n/a	n/a	n/a	n/a	n/a	n/a	n/a	n/a	n/a	1913.590972	n/a
1914.157532	1.533680	382832	scene_recognition	n/a	n/a	n/a	71.0	n/a	n/a	n/a	1913.5909715	n/a	0.7534562457440188	1	3	3	HB_9_frameA.png	1	7	1916.44466875	1	170	n/a	n/a	intervals/recognition_table	169	1914.157532	1915.691212
1914.157532	0.000000	382832	ttl	1	71	n/a	n/a	n/a	n/a	n/a	n/a	n/a	n/a	n/a	n/a	n/a	n/a	n/a	n/a	n/a	n/a	n/a	n/a	n/a	n/a	n/a	1914.157532	n/a
1915.691212	0.000000	383138	ttl	2	71	n/a	n/a	n/a	n/a	n/a	n/a	n/a	n/a	n/a	n/a	n/a	n/a	n/a	n/a	n/a	n/a	n/a	n/a	n/a	n/a	n/a	1915.691212	n/a
1916.444669	0.000000	383289	ttl	4	71	n/a	n/a	n/a	n/a	n/a	n/a	n/a	n/a	n/a	n/a	n/a	n/a	n/a	n/a	n/a	n/a	n/a	n/a	n/a	n/a	n/a	1916.444669	n/a
1916.462123	0.000000	383292	ttl	11	71	n/a	n/a	n/a	n/a	n/a	n/a	n/a	n/a	n/a	n/a	n/a	n/a	n/a	n/a	n/a	n/a	n/a	n/a	n/a	n/a	n/a	1916.462123	n/a
1917.028659	1.534469	383406	scene_recognition	n/a	n/a	n/a	71.0	n/a	n/a	n/a	1916.462123	n/a	0.7986287816020194	2	3	3	HB_6_frameB_foil.png	1	7	1919.36175775	0	171	n/a	n/a	intervals/recognition_table	170	1917.028659	1918.563129
1917.028659	0.000000	383406	ttl	1	71	n/a	n/a	n/a	n/a	n/a	n/a	n/a	n/a	n/a	n/a	n/a	n/a	n/a	n/a	n/a	n/a	n/a	n/a	n/a	n/a	n/a	1917.028659	n/a
1918.563129	0.000000	383713	ttl	2	71	n/a	n/a	n/a	n/a	n/a	n/a	n/a	n/a	n/a	n/a	n/a	n/a	n/a	n/a	n/a	n/a	n/a	n/a	n/a	n/a	n/a	1918.563129	n/a
1919.361758	0.000000	383872	ttl	4	71	n/a	n/a	n/a	n/a	n/a	n/a	n/a	n/a	n/a	n/a	n/a	n/a	n/a	n/a	n/a	n/a	n/a	n/a	n/a	n/a	n/a	1919.361758	n/a
1919.374357	0.000000	383875	ttl	11	71	n/a	n/a	n/a	n/a	n/a	n/a	n/a	n/a	n/a	n/a	n/a	n/a	n/a	n/a	n/a	n/a	n/a	n/a	n/a	n/a	n/a	1919.374357	n/a
1919.874262	1.533633	383975	scene_recognition	n/a	n/a	n/a	71.0	n/a	n/a	n/a	1919.374357	n/a	2.5977575982396957	2	2	3	SB_1_frameA.png	2	2	1924.0056534999999	1	172	n/a	n/a	intervals/recognition_table	171	1919.874262	1921.407896
1919.874262	0.000000	383975	ttl	1	71	n/a	n/a	n/a	n/a	n/a	n/a	n/a	n/a	n/a	n/a	n/a	n/a	n/a	n/a	n/a	n/a	n/a	n/a	n/a	n/a	n/a	1919.874262	n/a
1921.407896	0.000000	384282	ttl	2	71	n/a	n/a	n/a	n/a	n/a	n/a	n/a	n/a	n/a	n/a	n/a	n/a	n/a	n/a	n/a	n/a	n/a	n/a	n/a	n/a	n/a	1921.407896	n/a
1924.005653	0.000000	384801	ttl	4	71	n/a	n/a	n/a	n/a	n/a	n/a	n/a	n/a	n/a	n/a	n/a	n/a	n/a	n/a	n/a	n/a	n/a	n/a	n/a	n/a	n/a	1924.005653	n/a
1924.016737	0.000000	384803	ttl	11	71	n/a	n/a	n/a	n/a	n/a	n/a	n/a	n/a	n/a	n/a	n/a	n/a	n/a	n/a	n/a	n/a	n/a	n/a	n/a	n/a	n/a	1924.016737	n/a
1924.599955	1.533792	384920	scene_recognition	n/a	n/a	n/a	71.0	n/a	n/a	n/a	1924.0167374999999	n/a	0.0	1	1	0	NB_17_frameB.png	0	1	1926.1347475	1	173	n/a	n/a	intervals/recognition_table	172	1924.599955	1926.133747
1924.599955	0.000000	384920	ttl	1	71	n/a	n/a	n/a	n/a	n/a	n/a	n/a	n/a	n/a	n/a	n/a	n/a	n/a	n/a	n/a	n/a	n/a	n/a	n/a	n/a	n/a	1924.599955	n/a
1926.133747	0.000000	385227	ttl	2	71	n/a	n/a	n/a	n/a	n/a	n/a	n/a	n/a	n/a	n/a	n/a	n/a	n/a	n/a	n/a	n/a	n/a	n/a	n/a	n/a	n/a	1926.133747	n/a
1926.189865	0.000000	385238	ttl	11	71	n/a	n/a	n/a	n/a	n/a	n/a	n/a	n/a	n/a	n/a	n/a	n/a	n/a	n/a	n/a	n/a	n/a	n/a	n/a	n/a	n/a	1926.189865	n/a
1926.789740	1.533668	385358	scene_recognition	n/a	n/a	n/a	71.0	n/a	n/a	n/a	1926.18986525	n/a	2.4925297872250667	2	3	3	HB_1_frameA_foil.png	1	7	1930.815938	0	174	n/a	n/a	intervals/recognition_table	173	1926.789740	1928.323408
1926.789740	0.000000	385358	ttl	1	71	n/a	n/a	n/a	n/a	n/a	n/a	n/a	n/a	n/a	n/a	n/a	n/a	n/a	n/a	n/a	n/a	n/a	n/a	n/a	n/a	n/a	1926.789740	n/a
1928.323408	0.000000	385665	ttl	2	71	n/a	n/a	n/a	n/a	n/a	n/a	n/a	n/a	n/a	n/a	n/a	n/a	n/a	n/a	n/a	n/a	n/a	n/a	n/a	n/a	n/a	1928.323408	n/a
1930.815938	0.000000	386163	ttl	4	71	n/a	n/a	n/a	n/a	n/a	n/a	n/a	n/a	n/a	n/a	n/a	n/a	n/a	n/a	n/a	n/a	n/a	n/a	n/a	n/a	n/a	1930.815938	n/a
1930.835410	0.000000	386167	ttl	11	71	n/a	n/a	n/a	n/a	n/a	n/a	n/a	n/a	n/a	n/a	n/a	n/a	n/a	n/a	n/a	n/a	n/a	n/a	n/a	n/a	n/a	1930.835410	n/a
1931.385303	1.533815	386277	scene_recognition	n/a	n/a	n/a	71.0	n/a	n/a	n/a	1930.8354104999999	n/a	0.0	1	3	0	HB_3_frameA.png	0	1	1932.920118	1	175	n/a	n/a	intervals/recognition_table	174	1931.385303	1932.919118
1931.385303	0.000000	386277	ttl	1	71	n/a	n/a	n/a	n/a	n/a	n/a	n/a	n/a	n/a	n/a	n/a	n/a	n/a	n/a	n/a	n/a	n/a	n/a	n/a	n/a	n/a	1931.385303	n/a
1932.919118	0.000000	386584	ttl	2	71	n/a	n/a	n/a	n/a	n/a	n/a	n/a	n/a	n/a	n/a	n/a	n/a	n/a	n/a	n/a	n/a	n/a	n/a	n/a	n/a	n/a	1932.919118	n/a
1933.864959	0.000000	386773	ttl	11	71	n/a	n/a	n/a	n/a	n/a	n/a	n/a	n/a	n/a	n/a	n/a	n/a	n/a	n/a	n/a	n/a	n/a	n/a	n/a	n/a	n/a	1933.864959	n/a
1934.414843	1.534559	386883	scene_recognition	n/a	n/a	n/a	71.0	n/a	n/a	n/a	1933.864959	n/a	1.0899436861654976	2	2	3	SB_4_frameB.png	2	2	1937.0393454999999	1	176	n/a	n/a	intervals/recognition_table	175	1934.414843	1935.949402
1934.414843	0.000000	386883	ttl	1	71	n/a	n/a	n/a	n/a	n/a	n/a	n/a	n/a	n/a	n/a	n/a	n/a	n/a	n/a	n/a	n/a	n/a	n/a	n/a	n/a	n/a	1934.414843	n/a
1935.949402	0.000000	387190	ttl	2	71	n/a	n/a	n/a	n/a	n/a	n/a	n/a	n/a	n/a	n/a	n/a	n/a	n/a	n/a	n/a	n/a	n/a	n/a	n/a	n/a	n/a	1935.949402	n/a
1937.039345	0.000000	387408	ttl	4	71	n/a	n/a	n/a	n/a	n/a	n/a	n/a	n/a	n/a	n/a	n/a	n/a	n/a	n/a	n/a	n/a	n/a	n/a	n/a	n/a	n/a	1937.039345	n/a
1937.070180	0.000000	387414	ttl	11	71	n/a	n/a	n/a	n/a	n/a	n/a	n/a	n/a	n/a	n/a	n/a	n/a	n/a	n/a	n/a	n/a	n/a	n/a	n/a	n/a	n/a	1937.070180	n/a
1937.633679	1.548327	387527	scene_recognition	n/a	n/a	n/a	71.0	n/a	n/a	n/a	1937.07018	n/a	2.694487171684159	1	2	2	SB_30_frameA.png	1	6	1941.8764932499998	1	177	n/a	n/a	intervals/recognition_table	176	1937.633679	1939.182006
1937.633679	0.000000	387527	ttl	1	71	n/a	n/a	n/a	n/a	n/a	n/a	n/a	n/a	n/a	n/a	n/a	n/a	n/a	n/a	n/a	n/a	n/a	n/a	n/a	n/a	n/a	1937.633679	n/a
1939.182006	0.000000	387836	ttl	2	71	n/a	n/a	n/a	n/a	n/a	n/a	n/a	n/a	n/a	n/a	n/a	n/a	n/a	n/a	n/a	n/a	n/a	n/a	n/a	n/a	n/a	1939.182006	n/a
1941.876493	0.000000	388375	ttl	4	71	n/a	n/a	n/a	n/a	n/a	n/a	n/a	n/a	n/a	n/a	n/a	n/a	n/a	n/a	n/a	n/a	n/a	n/a	n/a	n/a	n/a	1941.876493	n/a
1941.914427	0.000000	388383	ttl	11	71	n/a	n/a	n/a	n/a	n/a	n/a	n/a	n/a	n/a	n/a	n/a	n/a	n/a	n/a	n/a	n/a	n/a	n/a	n/a	n/a	n/a	1941.914427	n/a
1942.403914	1.551806	388481	scene_recognition	n/a	n/a	n/a	71.0	n/a	n/a	n/a	1941.914427	n/a	0.0664041242125677	2	2	3	SB_30_frameB_foil.png	1	7	1944.0221239999998	0	178	n/a	n/a	intervals/recognition_table	177	1942.403914	1943.955720
1942.403914	0.000000	388481	ttl	1	71	n/a	n/a	n/a	n/a	n/a	n/a	n/a	n/a	n/a	n/a	n/a	n/a	n/a	n/a	n/a	n/a	n/a	n/a	n/a	n/a	n/a	1942.403914	n/a
1943.955720	0.000000	388791	ttl	2	71	n/a	n/a	n/a	n/a	n/a	n/a	n/a	n/a	n/a	n/a	n/a	n/a	n/a	n/a	n/a	n/a	n/a	n/a	n/a	n/a	n/a	1943.955720	n/a
1944.022124	0.000000	388804	ttl	4	71	n/a	n/a	n/a	n/a	n/a	n/a	n/a	n/a	n/a	n/a	n/a	n/a	n/a	n/a	n/a	n/a	n/a	n/a	n/a	n/a	n/a	1944.022124	n/a
1944.050353	0.000000	388810	ttl	11	71	n/a	n/a	n/a	n/a	n/a	n/a	n/a	n/a	n/a	n/a	n/a	n/a	n/a	n/a	n/a	n/a	n/a	n/a	n/a	n/a	n/a	1944.050353	n/a
1944.572164	1.542313	388914	scene_recognition	n/a	n/a	n/a	71.0	n/a	n/a	n/a	1944.0503529999999	n/a	0.26532913878327236	1	3	3	HB_30_frameB.png	1	7	1946.3798064999999	1	179	n/a	n/a	intervals/recognition_table	178	1944.572164	1946.114477
1944.572164	0.000000	388914	ttl	1	71	n/a	n/a	n/a	n/a	n/a	n/a	n/a	n/a	n/a	n/a	n/a	n/a	n/a	n/a	n/a	n/a	n/a	n/a	n/a	n/a	n/a	1944.572164	n/a
1946.114477	0.000000	389223	ttl	2	71	n/a	n/a	n/a	n/a	n/a	n/a	n/a	n/a	n/a	n/a	n/a	n/a	n/a	n/a	n/a	n/a	n/a	n/a	n/a	n/a	n/a	1946.114477	n/a
1946.379806	0.000000	389276	ttl	4	71	n/a	n/a	n/a	n/a	n/a	n/a	n/a	n/a	n/a	n/a	n/a	n/a	n/a	n/a	n/a	n/a	n/a	n/a	n/a	n/a	n/a	1946.379806	n/a
1946.402711	0.000000	389281	ttl	11	71	n/a	n/a	n/a	n/a	n/a	n/a	n/a	n/a	n/a	n/a	n/a	n/a	n/a	n/a	n/a	n/a	n/a	n/a	n/a	n/a	n/a	1946.402711	n/a
1946.902428	1.505639	389380	scene_recognition	n/a	n/a	n/a	71.0	n/a	n/a	n/a	1946.4027105	n/a	1.0365477407030994	1	3	3	HB_30_frameA_foil.png	2	2	1949.4446147499998	0	180	n/a	n/a	intervals/recognition_table	179	1946.902428	1948.408067
1946.902428	0.000000	389380	ttl	1	71	n/a	n/a	n/a	n/a	n/a	n/a	n/a	n/a	n/a	n/a	n/a	n/a	n/a	n/a	n/a	n/a	n/a	n/a	n/a	n/a	n/a	1946.902428	n/a
1948.408067	0.000000	389682	ttl	2	71	n/a	n/a	n/a	n/a	n/a	n/a	n/a	n/a	n/a	n/a	n/a	n/a	n/a	n/a	n/a	n/a	n/a	n/a	n/a	n/a	n/a	1948.408067	n/a
1949.444615	0.000000	389889	ttl	4	71	n/a	n/a	n/a	n/a	n/a	n/a	n/a	n/a	n/a	n/a	n/a	n/a	n/a	n/a	n/a	n/a	n/a	n/a	n/a	n/a	n/a	1949.444615	n/a
1949.496271	0.000000	389899	ttl	60	71	n/a	n/a	n/a	n/a	n/a	n/a	n/a	n/a	n/a	n/a	n/a	n/a	n/a	n/a	n/a	n/a	n/a	n/a	n/a	n/a	n/a	1949.496271	n/a
2091.424601	0.000000	418285	ttl	61	72	n/a	n/a	n/a	n/a	n/a	n/a	n/a	n/a	n/a	n/a	n/a	n/a	n/a	n/a	n/a	n/a	n/a	n/a	n/a	n/a	n/a	2091.424601	n/a
2091.477231	0.000000	418295	ttl	11	72	n/a	n/a	n/a	n/a	n/a	n/a	n/a	n/a	n/a	n/a	n/a	n/a	n/a	n/a	n/a	n/a	n/a	n/a	n/a	n/a	n/a	2091.477231	n/a
2092.010424	2.034375	418402	time_discrimination	n/a	n/a	n/a	72.0	n/a	n/a	n/a	2091.477231	n/a	0.0	1.0	2	0.0	SB_15_LongA.png	n/a	1	2094.04579925	n/a	1	1	2	intervals/timediscrimination_table	0	2092.010424	2094.044799
2092.010424	0.000000	418402	ttl	1	72	n/a	n/a	n/a	n/a	n/a	n/a	n/a	n/a	n/a	n/a	n/a	n/a	n/a	n/a	n/a	n/a	n/a	n/a	n/a	n/a	n/a	2092.010424	n/a
2094.044799	0.000000	418809	ttl	2	72	n/a	n/a	n/a	n/a	n/a	n/a	n/a	n/a	n/a	n/a	n/a	n/a	n/a	n/a	n/a	n/a	n/a	n/a	n/a	n/a	n/a	2094.044799	n/a
2095.033878	0.000000	419007	ttl	11	72	n/a	n/a	n/a	n/a	n/a	n/a	n/a	n/a	n/a	n/a	n/a	n/a	n/a	n/a	n/a	n/a	n/a	n/a	n/a	n/a	n/a	2095.033878	n/a
2095.633772	2.033700	419127	time_discrimination	n/a	n/a	n/a	72.0	n/a	n/a	n/a	2095.0338785	n/a	0.0	1.0	2	0.0	SB_25_ShortA.png	n/a	1	2097.6684717499998	n/a	2	1	2	intervals/timediscrimination_table	1	2095.633772	2097.667472
2095.633772	0.000000	419127	ttl	1	72	n/a	n/a	n/a	n/a	n/a	n/a	n/a	n/a	n/a	n/a	n/a	n/a	n/a	n/a	n/a	n/a	n/a	n/a	n/a	n/a	n/a	2095.633772	n/a
2097.667472	0.000000	419533	ttl	2	72	n/a	n/a	n/a	n/a	n/a	n/a	n/a	n/a	n/a	n/a	n/a	n/a	n/a	n/a	n/a	n/a	n/a	n/a	n/a	n/a	n/a	2097.667472	n/a
2100.107838	0.000000	420022	ttl	11	72	n/a	n/a	n/a	n/a	n/a	n/a	n/a	n/a	n/a	n/a	n/a	n/a	n/a	n/a	n/a	n/a	n/a	n/a	n/a	n/a	n/a	2100.107838	n/a
2100.624393	2.052035	420125	time_discrimination	n/a	n/a	n/a	72.0	n/a	n/a	n/a	2100.107838	n/a	0.5600651726708747	2.0	2	3.0	SB_11_ShortA.png	n/a	7	2103.2364937499997	n/a	3	2	2	intervals/timediscrimination_table	2	2100.624393	2102.676428
2100.624393	0.000000	420125	ttl	1	72	n/a	n/a	n/a	n/a	n/a	n/a	n/a	n/a	n/a	n/a	n/a	n/a	n/a	n/a	n/a	n/a	n/a	n/a	n/a	n/a	n/a	2100.624393	n/a
2102.676428	0.000000	420535	ttl	2	72	n/a	n/a	n/a	n/a	n/a	n/a	n/a	n/a	n/a	n/a	n/a	n/a	n/a	n/a	n/a	n/a	n/a	n/a	n/a	n/a	n/a	2102.676428	n/a
2103.236494	0.000000	420647	ttl	4	72	n/a	n/a	n/a	n/a	n/a	n/a	n/a	n/a	n/a	n/a	n/a	n/a	n/a	n/a	n/a	n/a	n/a	n/a	n/a	n/a	n/a	2103.236494	n/a
2103.274900	0.000000	420655	ttl	11	72	n/a	n/a	n/a	n/a	n/a	n/a	n/a	n/a	n/a	n/a	n/a	n/a	n/a	n/a	n/a	n/a	n/a	n/a	n/a	n/a	n/a	2103.274900	n/a
2103.891446	2.033537	420778	time_discrimination	n/a	n/a	n/a	72.0	n/a	n/a	n/a	2103.2749	n/a	3.3779442380327964	2.0	3	2.0	HB_42_ShortA.png	n/a	6	2109.30292725	n/a	4	2	2	intervals/timediscrimination_table	3	2103.891446	2105.924983
2103.891446	0.000000	420778	ttl	1	72	n/a	n/a	n/a	n/a	n/a	n/a	n/a	n/a	n/a	n/a	n/a	n/a	n/a	n/a	n/a	n/a	n/a	n/a	n/a	n/a	n/a	2103.891446	n/a
2105.924983	0.000000	421185	ttl	2	72	n/a	n/a	n/a	n/a	n/a	n/a	n/a	n/a	n/a	n/a	n/a	n/a	n/a	n/a	n/a	n/a	n/a	n/a	n/a	n/a	n/a	2105.924983	n/a
2109.302927	0.000000	421861	ttl	4	72	n/a	n/a	n/a	n/a	n/a	n/a	n/a	n/a	n/a	n/a	n/a	n/a	n/a	n/a	n/a	n/a	n/a	n/a	n/a	n/a	n/a	2109.302927	n/a
2109.330274	0.000000	421866	ttl	11	72	n/a	n/a	n/a	n/a	n/a	n/a	n/a	n/a	n/a	n/a	n/a	n/a	n/a	n/a	n/a	n/a	n/a	n/a	n/a	n/a	n/a	2109.330274	n/a
2109.846849	2.034948	421969	time_discrimination	n/a	n/a	n/a	72.0	n/a	n/a	n/a	2109.33027425	n/a	2.4746014766569715	2.0	3	1.0	HB_60_ShortA.png	n/a	4	2114.356398	n/a	5	1	1	intervals/timediscrimination_table	4	2109.846849	2111.881796
2109.846849	0.000000	421969	ttl	1	72	n/a	n/a	n/a	n/a	n/a	n/a	n/a	n/a	n/a	n/a	n/a	n/a	n/a	n/a	n/a	n/a	n/a	n/a	n/a	n/a	n/a	2109.846849	n/a
2111.881796	0.000000	422376	ttl	2	72	n/a	n/a	n/a	n/a	n/a	n/a	n/a	n/a	n/a	n/a	n/a	n/a	n/a	n/a	n/a	n/a	n/a	n/a	n/a	n/a	n/a	2111.881796	n/a
2114.356398	0.000000	422871	ttl	4	72	n/a	n/a	n/a	n/a	n/a	n/a	n/a	n/a	n/a	n/a	n/a	n/a	n/a	n/a	n/a	n/a	n/a	n/a	n/a	n/a	n/a	2114.356398	n/a
2114.381161	0.000000	422876	ttl	11	72	n/a	n/a	n/a	n/a	n/a	n/a	n/a	n/a	n/a	n/a	n/a	n/a	n/a	n/a	n/a	n/a	n/a	n/a	n/a	n/a	n/a	2114.381161	n/a
2114.981044	2.034286	422996	time_discrimination	n/a	n/a	n/a	72.0	n/a	n/a	n/a	2114.381161	n/a	2.43159091839334	2.0	1	2.0	NB_29_ShortA.png	n/a	6	2119.44692075	n/a	6	2	2	intervals/timediscrimination_table	5	2114.981044	2117.015330
2114.981044	0.000000	422996	ttl	1	72	n/a	n/a	n/a	n/a	n/a	n/a	n/a	n/a	n/a	n/a	n/a	n/a	n/a	n/a	n/a	n/a	n/a	n/a	n/a	n/a	n/a	2114.981044	n/a
2117.015330	0.000000	423403	ttl	2	72	n/a	n/a	n/a	n/a	n/a	n/a	n/a	n/a	n/a	n/a	n/a	n/a	n/a	n/a	n/a	n/a	n/a	n/a	n/a	n/a	n/a	2117.015330	n/a
2119.446921	0.000000	423889	ttl	4	72	n/a	n/a	n/a	n/a	n/a	n/a	n/a	n/a	n/a	n/a	n/a	n/a	n/a	n/a	n/a	n/a	n/a	n/a	n/a	n/a	n/a	2119.446921	n/a
2119.459722	0.000000	423892	ttl	11	72	n/a	n/a	n/a	n/a	n/a	n/a	n/a	n/a	n/a	n/a	n/a	n/a	n/a	n/a	n/a	n/a	n/a	n/a	n/a	n/a	n/a	2119.459722	n/a
2120.009630	2.033386	424002	time_discrimination	n/a	n/a	n/a	72.0	n/a	n/a	n/a	2119.4597224999998	n/a	2.9594106420408934	2.0	2	3.0	SB_37_LongA.png	n/a	7	2125.002427	n/a	7	2	2	intervals/timediscrimination_table	6	2120.009630	2122.043016
2120.009630	0.000000	424002	ttl	1	72	n/a	n/a	n/a	n/a	n/a	n/a	n/a	n/a	n/a	n/a	n/a	n/a	n/a	n/a	n/a	n/a	n/a	n/a	n/a	n/a	n/a	2120.009630	n/a
2122.043016	0.000000	424409	ttl	2	72	n/a	n/a	n/a	n/a	n/a	n/a	n/a	n/a	n/a	n/a	n/a	n/a	n/a	n/a	n/a	n/a	n/a	n/a	n/a	n/a	n/a	2122.043016	n/a
2125.002427	0.000000	425000	ttl	4	72	n/a	n/a	n/a	n/a	n/a	n/a	n/a	n/a	n/a	n/a	n/a	n/a	n/a	n/a	n/a	n/a	n/a	n/a	n/a	n/a	n/a	2125.002427	n/a
2125.013848	0.000000	425003	ttl	11	72	n/a	n/a	n/a	n/a	n/a	n/a	n/a	n/a	n/a	n/a	n/a	n/a	n/a	n/a	n/a	n/a	n/a	n/a	n/a	n/a	n/a	2125.013848	n/a
2125.580398	2.033781	425116	time_discrimination	n/a	n/a	n/a	72.0	n/a	n/a	n/a	2125.0138482499997	n/a	0.19038334747892804	2.0	3	2.0	HB_3_ShortA.png	n/a	6	2127.8045617499997	n/a	8	2	2	intervals/timediscrimination_table	7	2125.580398	2127.614178
2125.580398	0.000000	425116	ttl	1	72	n/a	n/a	n/a	n/a	n/a	n/a	n/a	n/a	n/a	n/a	n/a	n/a	n/a	n/a	n/a	n/a	n/a	n/a	n/a	n/a	n/a	2125.580398	n/a
2127.614178	0.000000	425523	ttl	2	72	n/a	n/a	n/a	n/a	n/a	n/a	n/a	n/a	n/a	n/a	n/a	n/a	n/a	n/a	n/a	n/a	n/a	n/a	n/a	n/a	n/a	2127.614178	n/a
2127.804562	0.000000	425561	ttl	4	72	n/a	n/a	n/a	n/a	n/a	n/a	n/a	n/a	n/a	n/a	n/a	n/a	n/a	n/a	n/a	n/a	n/a	n/a	n/a	n/a	n/a	2127.804562	n/a
2127.812772	0.000000	425563	ttl	11	72	n/a	n/a	n/a	n/a	n/a	n/a	n/a	n/a	n/a	n/a	n/a	n/a	n/a	n/a	n/a	n/a	n/a	n/a	n/a	n/a	n/a	2127.812772	n/a
2128.362674	2.033849	425673	time_discrimination	n/a	n/a	n/a	72.0	n/a	n/a	n/a	2127.8127715	n/a	3.4178852004697546	2.0	2	2.0	SB_30_ShortA.png	n/a	3	2133.81440775	n/a	9	1	1	intervals/timediscrimination_table	8	2128.362674	2130.396523
2128.362674	0.000000	425673	ttl	1	72	n/a	n/a	n/a	n/a	n/a	n/a	n/a	n/a	n/a	n/a	n/a	n/a	n/a	n/a	n/a	n/a	n/a	n/a	n/a	n/a	n/a	2128.362674	n/a
2130.396523	0.000000	426079	ttl	2	72	n/a	n/a	n/a	n/a	n/a	n/a	n/a	n/a	n/a	n/a	n/a	n/a	n/a	n/a	n/a	n/a	n/a	n/a	n/a	n/a	n/a	2130.396523	n/a
2133.814408	0.000000	426763	ttl	4	72	n/a	n/a	n/a	n/a	n/a	n/a	n/a	n/a	n/a	n/a	n/a	n/a	n/a	n/a	n/a	n/a	n/a	n/a	n/a	n/a	n/a	2133.814408	n/a
2133.831913	0.000000	426766	ttl	11	72	n/a	n/a	n/a	n/a	n/a	n/a	n/a	n/a	n/a	n/a	n/a	n/a	n/a	n/a	n/a	n/a	n/a	n/a	n/a	n/a	n/a	2133.831913	n/a
2134.331809	2.033408	426866	time_discrimination	n/a	n/a	n/a	72.0	n/a	n/a	n/a	2133.83191275	n/a	0.0	2.0	2	0.0	SB_51_LongA.png	n/a	1	2136.36621775	n/a	10	1	1	intervals/timediscrimination_table	9	2134.331809	2136.365218
2134.331809	0.000000	426866	ttl	1	72	n/a	n/a	n/a	n/a	n/a	n/a	n/a	n/a	n/a	n/a	n/a	n/a	n/a	n/a	n/a	n/a	n/a	n/a	n/a	n/a	n/a	2134.331809	n/a
2136.365218	0.000000	427273	ttl	2	72	n/a	n/a	n/a	n/a	n/a	n/a	n/a	n/a	n/a	n/a	n/a	n/a	n/a	n/a	n/a	n/a	n/a	n/a	n/a	n/a	n/a	2136.365218	n/a
2138.428655	0.000000	427686	ttl	11	72	n/a	n/a	n/a	n/a	n/a	n/a	n/a	n/a	n/a	n/a	n/a	n/a	n/a	n/a	n/a	n/a	n/a	n/a	n/a	n/a	n/a	2138.428655	n/a
2139.011859	2.034402	427802	time_discrimination	n/a	n/a	n/a	72.0	n/a	n/a	n/a	2138.4286555	n/a	0.0	1.0	3	0.0	HB_18_ShortA.png	n/a	1	2141.0472609999997	n/a	11	1	2	intervals/timediscrimination_table	10	2139.011859	2141.046261
2139.011859	0.000000	427802	ttl	1	72	n/a	n/a	n/a	n/a	n/a	n/a	n/a	n/a	n/a	n/a	n/a	n/a	n/a	n/a	n/a	n/a	n/a	n/a	n/a	n/a	n/a	2139.011859	n/a
2141.046261	0.000000	428209	ttl	2	72	n/a	n/a	n/a	n/a	n/a	n/a	n/a	n/a	n/a	n/a	n/a	n/a	n/a	n/a	n/a	n/a	n/a	n/a	n/a	n/a	n/a	2141.046261	n/a
2146.119900	0.000000	429224	ttl	11	72	n/a	n/a	n/a	n/a	n/a	n/a	n/a	n/a	n/a	n/a	n/a	n/a	n/a	n/a	n/a	n/a	n/a	n/a	n/a	n/a	n/a	2146.119900	n/a
2146.669779	2.034676	429334	time_discrimination	n/a	n/a	n/a	72.0	n/a	n/a	n/a	2146.11989975	n/a	1.1370182030368596	2.0	3	2.0	HB_12_ShortA.png	n/a	3	2149.841473	n/a	12	1	1	intervals/timediscrimination_table	11	2146.669779	2148.704455
2146.669779	0.000000	429334	ttl	1	72	n/a	n/a	n/a	n/a	n/a	n/a	n/a	n/a	n/a	n/a	n/a	n/a	n/a	n/a	n/a	n/a	n/a	n/a	n/a	n/a	n/a	2146.669779	n/a
2148.704455	0.000000	429741	ttl	2	72	n/a	n/a	n/a	n/a	n/a	n/a	n/a	n/a	n/a	n/a	n/a	n/a	n/a	n/a	n/a	n/a	n/a	n/a	n/a	n/a	n/a	2148.704455	n/a
2149.841473	0.000000	429968	ttl	4	72	n/a	n/a	n/a	n/a	n/a	n/a	n/a	n/a	n/a	n/a	n/a	n/a	n/a	n/a	n/a	n/a	n/a	n/a	n/a	n/a	n/a	2149.841473	n/a
2149.858267	0.000000	429972	ttl	11	72	n/a	n/a	n/a	n/a	n/a	n/a	n/a	n/a	n/a	n/a	n/a	n/a	n/a	n/a	n/a	n/a	n/a	n/a	n/a	n/a	n/a	2149.858267	n/a
2150.408155	2.034217	430082	time_discrimination	n/a	n/a	n/a	72.0	n/a	n/a	n/a	2149.8582672499997	n/a	1.5815911976242205	2.0	2	3.0	SB_26_LongA.png	n/a	7	2154.0239632499997	n/a	13	2	2	intervals/timediscrimination_table	12	2150.408155	2152.442372
2150.408155	0.000000	430082	ttl	1	72	n/a	n/a	n/a	n/a	n/a	n/a	n/a	n/a	n/a	n/a	n/a	n/a	n/a	n/a	n/a	n/a	n/a	n/a	n/a	n/a	n/a	2150.408155	n/a
2152.442372	0.000000	430488	ttl	2	72	n/a	n/a	n/a	n/a	n/a	n/a	n/a	n/a	n/a	n/a	n/a	n/a	n/a	n/a	n/a	n/a	n/a	n/a	n/a	n/a	n/a	2152.442372	n/a
2154.023963	0.000000	430805	ttl	4	72	n/a	n/a	n/a	n/a	n/a	n/a	n/a	n/a	n/a	n/a	n/a	n/a	n/a	n/a	n/a	n/a	n/a	n/a	n/a	n/a	n/a	2154.023963	n/a
2154.042119	0.000000	430808	ttl	11	72	n/a	n/a	n/a	n/a	n/a	n/a	n/a	n/a	n/a	n/a	n/a	n/a	n/a	n/a	n/a	n/a	n/a	n/a	n/a	n/a	n/a	2154.042119	n/a
2154.558672	2.034342	430912	time_discrimination	n/a	n/a	n/a	72.0	n/a	n/a	n/a	2154.0421185	n/a	2.9559817416156875	2.0	3	1.0	HB_50_LongA.png	n/a	4	2159.54899575	n/a	14	1	1	intervals/timediscrimination_table	13	2154.558672	2156.593014
2154.558672	0.000000	430912	ttl	1	72	n/a	n/a	n/a	n/a	n/a	n/a	n/a	n/a	n/a	n/a	n/a	n/a	n/a	n/a	n/a	n/a	n/a	n/a	n/a	n/a	n/a	2154.558672	n/a
2156.593014	0.000000	431319	ttl	2	72	n/a	n/a	n/a	n/a	n/a	n/a	n/a	n/a	n/a	n/a	n/a	n/a	n/a	n/a	n/a	n/a	n/a	n/a	n/a	n/a	n/a	2156.593014	n/a
2159.548996	0.000000	431910	ttl	4	72	n/a	n/a	n/a	n/a	n/a	n/a	n/a	n/a	n/a	n/a	n/a	n/a	n/a	n/a	n/a	n/a	n/a	n/a	n/a	n/a	n/a	2159.548996	n/a
2159.566398	0.000000	431913	ttl	11	72	n/a	n/a	n/a	n/a	n/a	n/a	n/a	n/a	n/a	n/a	n/a	n/a	n/a	n/a	n/a	n/a	n/a	n/a	n/a	n/a	n/a	2159.566398	n/a
2160.166271	2.034201	432033	time_discrimination	n/a	n/a	n/a	72.0	n/a	n/a	n/a	2159.56639775	n/a	0.0	1.0	3	0.0	HB_22_ShortA.png	n/a	1	2162.2014725	n/a	15	1	2	intervals/timediscrimination_table	14	2160.166271	2162.200472
2160.166271	0.000000	432033	ttl	1	72	n/a	n/a	n/a	n/a	n/a	n/a	n/a	n/a	n/a	n/a	n/a	n/a	n/a	n/a	n/a	n/a	n/a	n/a	n/a	n/a	n/a	2160.166271	n/a
2162.200472	0.000000	432440	ttl	2	72	n/a	n/a	n/a	n/a	n/a	n/a	n/a	n/a	n/a	n/a	n/a	n/a	n/a	n/a	n/a	n/a	n/a	n/a	n/a	n/a	n/a	2162.200472	n/a
2166.559505	0.000000	433312	ttl	11	72	n/a	n/a	n/a	n/a	n/a	n/a	n/a	n/a	n/a	n/a	n/a	n/a	n/a	n/a	n/a	n/a	n/a	n/a	n/a	n/a	n/a	2166.559505	n/a
2167.159391	2.034324	433432	time_discrimination	n/a	n/a	n/a	72.0	n/a	n/a	n/a	2166.5595045	n/a	0.0	2.0	3	0.0	HB_15_ShortA.png	n/a	1	2169.1947152499997	n/a	16	1	1	intervals/timediscrimination_table	15	2167.159391	2169.193715
2167.159391	0.000000	433432	ttl	1	72	n/a	n/a	n/a	n/a	n/a	n/a	n/a	n/a	n/a	n/a	n/a	n/a	n/a	n/a	n/a	n/a	n/a	n/a	n/a	n/a	n/a	2167.159391	n/a
2169.193715	0.000000	433839	ttl	2	72	n/a	n/a	n/a	n/a	n/a	n/a	n/a	n/a	n/a	n/a	n/a	n/a	n/a	n/a	n/a	n/a	n/a	n/a	n/a	n/a	n/a	2169.193715	n/a
2171.616364	0.000000	434323	ttl	11	72	n/a	n/a	n/a	n/a	n/a	n/a	n/a	n/a	n/a	n/a	n/a	n/a	n/a	n/a	n/a	n/a	n/a	n/a	n/a	n/a	n/a	2171.616364	n/a
2172.199563	2.034806	434440	time_discrimination	n/a	n/a	n/a	72.0	n/a	n/a	n/a	2171.616364	n/a	0.14518587100610603	2.0	1	1.0	NB_3_ShortA.png	n/a	4	2174.379555	n/a	17	1	1	intervals/timediscrimination_table	16	2172.199563	2174.234369
2172.199563	0.000000	434440	ttl	1	72	n/a	n/a	n/a	n/a	n/a	n/a	n/a	n/a	n/a	n/a	n/a	n/a	n/a	n/a	n/a	n/a	n/a	n/a	n/a	n/a	n/a	2172.199563	n/a
2174.234369	0.000000	434847	ttl	2	72	n/a	n/a	n/a	n/a	n/a	n/a	n/a	n/a	n/a	n/a	n/a	n/a	n/a	n/a	n/a	n/a	n/a	n/a	n/a	n/a	n/a	2174.234369	n/a
2174.379555	0.000000	434876	ttl	4	72	n/a	n/a	n/a	n/a	n/a	n/a	n/a	n/a	n/a	n/a	n/a	n/a	n/a	n/a	n/a	n/a	n/a	n/a	n/a	n/a	n/a	2174.379555	n/a
2174.400135	0.000000	434880	ttl	11	72	n/a	n/a	n/a	n/a	n/a	n/a	n/a	n/a	n/a	n/a	n/a	n/a	n/a	n/a	n/a	n/a	n/a	n/a	n/a	n/a	n/a	2174.400135	n/a
2175.000023	2.033473	435000	time_discrimination	n/a	n/a	n/a	72.0	n/a	n/a	n/a	2174.400135	n/a	2.0525224438897567	2.0	3	1.0	HB_7_LongA.png	n/a	4	2179.08601925	n/a	18	1	1	intervals/timediscrimination_table	17	2175.000023	2177.033497
2175.000023	0.000000	435000	ttl	1	72	n/a	n/a	n/a	n/a	n/a	n/a	n/a	n/a	n/a	n/a	n/a	n/a	n/a	n/a	n/a	n/a	n/a	n/a	n/a	n/a	n/a	2175.000023	n/a
2177.033497	0.000000	435407	ttl	2	72	n/a	n/a	n/a	n/a	n/a	n/a	n/a	n/a	n/a	n/a	n/a	n/a	n/a	n/a	n/a	n/a	n/a	n/a	n/a	n/a	n/a	2177.033497	n/a
2179.086019	0.000000	435817	ttl	4	72	n/a	n/a	n/a	n/a	n/a	n/a	n/a	n/a	n/a	n/a	n/a	n/a	n/a	n/a	n/a	n/a	n/a	n/a	n/a	n/a	n/a	2179.086019	n/a
2179.098708	0.000000	435820	ttl	11	72	n/a	n/a	n/a	n/a	n/a	n/a	n/a	n/a	n/a	n/a	n/a	n/a	n/a	n/a	n/a	n/a	n/a	n/a	n/a	n/a	n/a	2179.098708	n/a
2179.681916	2.033526	435936	time_discrimination	n/a	n/a	n/a	72.0	n/a	n/a	n/a	2179.09870775	n/a	0.0	1.0	1	0.0	NB_18_LongA.png	n/a	1	2181.716442	n/a	19	1	2	intervals/timediscrimination_table	18	2179.681916	2181.715442
2179.681916	0.000000	435936	ttl	1	72	n/a	n/a	n/a	n/a	n/a	n/a	n/a	n/a	n/a	n/a	n/a	n/a	n/a	n/a	n/a	n/a	n/a	n/a	n/a	n/a	n/a	2179.681916	n/a
2181.715442	0.000000	436343	ttl	2	72	n/a	n/a	n/a	n/a	n/a	n/a	n/a	n/a	n/a	n/a	n/a	n/a	n/a	n/a	n/a	n/a	n/a	n/a	n/a	n/a	n/a	2181.715442	n/a
2182.933278	0.000000	436587	ttl	11	72	n/a	n/a	n/a	n/a	n/a	n/a	n/a	n/a	n/a	n/a	n/a	n/a	n/a	n/a	n/a	n/a	n/a	n/a	n/a	n/a	n/a	2182.933278	n/a
2183.416513	2.033687	436683	time_discrimination	n/a	n/a	n/a	72.0	n/a	n/a	n/a	2182.9332784999997	n/a	0.0	2.0	1	0.0	NB_28_ShortA.png	n/a	1	2185.45120025	n/a	20	1	1	intervals/timediscrimination_table	19	2183.416513	2185.450200
2183.416513	0.000000	436683	ttl	1	72	n/a	n/a	n/a	n/a	n/a	n/a	n/a	n/a	n/a	n/a	n/a	n/a	n/a	n/a	n/a	n/a	n/a	n/a	n/a	n/a	n/a	2183.416513	n/a
2185.450200	0.000000	437090	ttl	2	72	n/a	n/a	n/a	n/a	n/a	n/a	n/a	n/a	n/a	n/a	n/a	n/a	n/a	n/a	n/a	n/a	n/a	n/a	n/a	n/a	n/a	2185.450200	n/a
2185.883692	0.000000	437177	ttl	11	72	n/a	n/a	n/a	n/a	n/a	n/a	n/a	n/a	n/a	n/a	n/a	n/a	n/a	n/a	n/a	n/a	n/a	n/a	n/a	n/a	n/a	2185.883692	n/a
2186.416929	2.034587	437283	time_discrimination	n/a	n/a	n/a	72.0	n/a	n/a	n/a	2185.883692	n/a	1.3256147351494292	2.0	1	1.0	NB_6_LongA.png	n/a	4	2189.7771307499997	n/a	21	1	1	intervals/timediscrimination_table	20	2186.416929	2188.451516
2186.416929	0.000000	437283	ttl	1	72	n/a	n/a	n/a	n/a	n/a	n/a	n/a	n/a	n/a	n/a	n/a	n/a	n/a	n/a	n/a	n/a	n/a	n/a	n/a	n/a	n/a	2186.416929	n/a
2188.451516	0.000000	437690	ttl	2	72	n/a	n/a	n/a	n/a	n/a	n/a	n/a	n/a	n/a	n/a	n/a	n/a	n/a	n/a	n/a	n/a	n/a	n/a	n/a	n/a	n/a	2188.451516	n/a
2189.777131	0.000000	437955	ttl	4	72	n/a	n/a	n/a	n/a	n/a	n/a	n/a	n/a	n/a	n/a	n/a	n/a	n/a	n/a	n/a	n/a	n/a	n/a	n/a	n/a	n/a	2189.777131	n/a
2189.794404	0.000000	437959	ttl	11	72	n/a	n/a	n/a	n/a	n/a	n/a	n/a	n/a	n/a	n/a	n/a	n/a	n/a	n/a	n/a	n/a	n/a	n/a	n/a	n/a	n/a	2189.794404	n/a
2190.394279	2.033759	438079	time_discrimination	n/a	n/a	n/a	72.0	n/a	n/a	n/a	2189.7944039999998	n/a	3.1634412265993888	2.0	3	1.0	HB_41_LongA.png	n/a	5	2195.5914795	n/a	22	2	2	intervals/timediscrimination_table	21	2190.394279	2192.428038
2190.394279	0.000000	438079	ttl	1	72	n/a	n/a	n/a	n/a	n/a	n/a	n/a	n/a	n/a	n/a	n/a	n/a	n/a	n/a	n/a	n/a	n/a	n/a	n/a	n/a	n/a	2190.394279	n/a
2192.428038	0.000000	438486	ttl	2	72	n/a	n/a	n/a	n/a	n/a	n/a	n/a	n/a	n/a	n/a	n/a	n/a	n/a	n/a	n/a	n/a	n/a	n/a	n/a	n/a	n/a	2192.428038	n/a
2195.591479	0.000000	439118	ttl	4	72	n/a	n/a	n/a	n/a	n/a	n/a	n/a	n/a	n/a	n/a	n/a	n/a	n/a	n/a	n/a	n/a	n/a	n/a	n/a	n/a	n/a	2195.591479	n/a
2195.607300	0.000000	439121	ttl	11	72	n/a	n/a	n/a	n/a	n/a	n/a	n/a	n/a	n/a	n/a	n/a	n/a	n/a	n/a	n/a	n/a	n/a	n/a	n/a	n/a	n/a	2195.607300	n/a
2196.190516	2.033564	439238	time_discrimination	n/a	n/a	n/a	72.0	n/a	n/a	n/a	2195.6073	n/a	3.437133058803738	2.0	1	1.0	NB_25_LongA.png	n/a	5	2201.66121325	n/a	23	2	2	intervals/timediscrimination_table	22	2196.190516	2198.224080
2196.190516	0.000000	439238	ttl	1	72	n/a	n/a	n/a	n/a	n/a	n/a	n/a	n/a	n/a	n/a	n/a	n/a	n/a	n/a	n/a	n/a	n/a	n/a	n/a	n/a	n/a	2196.190516	n/a
2198.224080	0.000000	439645	ttl	2	72	n/a	n/a	n/a	n/a	n/a	n/a	n/a	n/a	n/a	n/a	n/a	n/a	n/a	n/a	n/a	n/a	n/a	n/a	n/a	n/a	n/a	2198.224080	n/a
2201.661213	0.000000	440332	ttl	4	72	n/a	n/a	n/a	n/a	n/a	n/a	n/a	n/a	n/a	n/a	n/a	n/a	n/a	n/a	n/a	n/a	n/a	n/a	n/a	n/a	n/a	2201.661213	n/a
2201.678634	0.000000	440336	ttl	11	72	n/a	n/a	n/a	n/a	n/a	n/a	n/a	n/a	n/a	n/a	n/a	n/a	n/a	n/a	n/a	n/a	n/a	n/a	n/a	n/a	n/a	2201.678634	n/a
2202.195182	2.034709	440439	time_discrimination	n/a	n/a	n/a	72.0	n/a	n/a	n/a	2201.67863375	n/a	2.2053677405347116	2.0	2	3.0	SB_21_LongA.png	n/a	2	2206.43525825	n/a	24	1	1	intervals/timediscrimination_table	23	2202.195182	2204.229890
2202.195182	0.000000	440439	ttl	1	72	n/a	n/a	n/a	n/a	n/a	n/a	n/a	n/a	n/a	n/a	n/a	n/a	n/a	n/a	n/a	n/a	n/a	n/a	n/a	n/a	n/a	2202.195182	n/a
2204.229890	0.000000	440846	ttl	2	72	n/a	n/a	n/a	n/a	n/a	n/a	n/a	n/a	n/a	n/a	n/a	n/a	n/a	n/a	n/a	n/a	n/a	n/a	n/a	n/a	n/a	2204.229890	n/a
2206.435258	0.000000	441287	ttl	4	72	n/a	n/a	n/a	n/a	n/a	n/a	n/a	n/a	n/a	n/a	n/a	n/a	n/a	n/a	n/a	n/a	n/a	n/a	n/a	n/a	n/a	2206.435258	n/a
2206.449642	0.000000	441290	ttl	11	72	n/a	n/a	n/a	n/a	n/a	n/a	n/a	n/a	n/a	n/a	n/a	n/a	n/a	n/a	n/a	n/a	n/a	n/a	n/a	n/a	n/a	2206.449642	n/a
2206.982863	2.033892	441397	time_discrimination	n/a	n/a	n/a	72.0	n/a	n/a	n/a	2206.44964175	n/a	1.7476534351881128	2.0	3	1.0	HB_16_LongA.png	n/a	4	2210.76440775	n/a	25	1	1	intervals/timediscrimination_table	24	2206.982863	2209.016754
2206.982863	0.000000	441397	ttl	1	72	n/a	n/a	n/a	n/a	n/a	n/a	n/a	n/a	n/a	n/a	n/a	n/a	n/a	n/a	n/a	n/a	n/a	n/a	n/a	n/a	n/a	2206.982863	n/a
2209.016754	0.000000	441803	ttl	2	72	n/a	n/a	n/a	n/a	n/a	n/a	n/a	n/a	n/a	n/a	n/a	n/a	n/a	n/a	n/a	n/a	n/a	n/a	n/a	n/a	n/a	2209.016754	n/a
2210.764408	0.000000	442153	ttl	4	72	n/a	n/a	n/a	n/a	n/a	n/a	n/a	n/a	n/a	n/a	n/a	n/a	n/a	n/a	n/a	n/a	n/a	n/a	n/a	n/a	n/a	2210.764408	n/a
2210.781637	0.000000	442156	ttl	11	72	n/a	n/a	n/a	n/a	n/a	n/a	n/a	n/a	n/a	n/a	n/a	n/a	n/a	n/a	n/a	n/a	n/a	n/a	n/a	n/a	n/a	2210.781637	n/a
2211.431518	2.033979	442286	time_discrimination	n/a	n/a	n/a	72.0	n/a	n/a	n/a	2210.781637	n/a	0.5720003509632079	2.0	2	2.0	SB_43_LongA.png	n/a	6	2214.0374975	n/a	26	2	2	intervals/timediscrimination_table	25	2211.431518	2213.465497
2211.431518	0.000000	442286	ttl	1	72	n/a	n/a	n/a	n/a	n/a	n/a	n/a	n/a	n/a	n/a	n/a	n/a	n/a	n/a	n/a	n/a	n/a	n/a	n/a	n/a	n/a	2211.431518	n/a
2213.465497	0.000000	442693	ttl	2	72	n/a	n/a	n/a	n/a	n/a	n/a	n/a	n/a	n/a	n/a	n/a	n/a	n/a	n/a	n/a	n/a	n/a	n/a	n/a	n/a	n/a	2213.465497	n/a
2214.037497	0.000000	442807	ttl	4	72	n/a	n/a	n/a	n/a	n/a	n/a	n/a	n/a	n/a	n/a	n/a	n/a	n/a	n/a	n/a	n/a	n/a	n/a	n/a	n/a	n/a	2214.037497	n/a
2214.055995	0.000000	442811	ttl	11	72	n/a	n/a	n/a	n/a	n/a	n/a	n/a	n/a	n/a	n/a	n/a	n/a	n/a	n/a	n/a	n/a	n/a	n/a	n/a	n/a	n/a	2214.055995	n/a
2214.589230	2.033705	442918	time_discrimination	n/a	n/a	n/a	72.0	n/a	n/a	n/a	2214.0559949999997	n/a	1.2386925181635888	2.0	3	1.0	HB_20_LongA.png	n/a	5	2217.861628	n/a	27	2	2	intervals/timediscrimination_table	26	2214.589230	2216.622936
2214.589230	0.000000	442918	ttl	1	72	n/a	n/a	n/a	n/a	n/a	n/a	n/a	n/a	n/a	n/a	n/a	n/a	n/a	n/a	n/a	n/a	n/a	n/a	n/a	n/a	n/a	2214.589230	n/a
2216.622936	0.000000	443325	ttl	2	72	n/a	n/a	n/a	n/a	n/a	n/a	n/a	n/a	n/a	n/a	n/a	n/a	n/a	n/a	n/a	n/a	n/a	n/a	n/a	n/a	n/a	2216.622936	n/a
2217.861628	0.000000	443572	ttl	4	72	n/a	n/a	n/a	n/a	n/a	n/a	n/a	n/a	n/a	n/a	n/a	n/a	n/a	n/a	n/a	n/a	n/a	n/a	n/a	n/a	n/a	2217.861628	n/a
2217.874117	0.000000	443575	ttl	11	72	n/a	n/a	n/a	n/a	n/a	n/a	n/a	n/a	n/a	n/a	n/a	n/a	n/a	n/a	n/a	n/a	n/a	n/a	n/a	n/a	n/a	2217.874117	n/a
2218.474002	2.033520	443695	time_discrimination	n/a	n/a	n/a	72.0	n/a	n/a	n/a	2217.8741167499998	n/a	0.7739556479500607	1.0	3	1.0	HB_29_LongA.png	n/a	5	2221.28147725	n/a	28	2	1	intervals/timediscrimination_table	27	2218.474002	2220.507522
2218.474002	0.000000	443695	ttl	1	72	n/a	n/a	n/a	n/a	n/a	n/a	n/a	n/a	n/a	n/a	n/a	n/a	n/a	n/a	n/a	n/a	n/a	n/a	n/a	n/a	n/a	2218.474002	n/a
2220.507522	0.000000	444102	ttl	2	72	n/a	n/a	n/a	n/a	n/a	n/a	n/a	n/a	n/a	n/a	n/a	n/a	n/a	n/a	n/a	n/a	n/a	n/a	n/a	n/a	n/a	2220.507522	n/a
2221.281477	0.000000	444256	ttl	4	72	n/a	n/a	n/a	n/a	n/a	n/a	n/a	n/a	n/a	n/a	n/a	n/a	n/a	n/a	n/a	n/a	n/a	n/a	n/a	n/a	n/a	2221.281477	n/a
2221.302265	0.000000	444260	ttl	11	72	n/a	n/a	n/a	n/a	n/a	n/a	n/a	n/a	n/a	n/a	n/a	n/a	n/a	n/a	n/a	n/a	n/a	n/a	n/a	n/a	n/a	2221.302265	n/a
2221.918808	2.033484	444384	time_discrimination	n/a	n/a	n/a	72.0	n/a	n/a	n/a	2221.3022655	n/a	0.8216360113437986	2.0	1	1.0	NB_9_LongA.png	n/a	4	2224.773928	n/a	29	1	1	intervals/timediscrimination_table	28	2221.918808	2223.952292
2221.918808	0.000000	444384	ttl	1	72	n/a	n/a	n/a	n/a	n/a	n/a	n/a	n/a	n/a	n/a	n/a	n/a	n/a	n/a	n/a	n/a	n/a	n/a	n/a	n/a	n/a	2221.918808	n/a
2223.952292	0.000000	444790	ttl	2	72	n/a	n/a	n/a	n/a	n/a	n/a	n/a	n/a	n/a	n/a	n/a	n/a	n/a	n/a	n/a	n/a	n/a	n/a	n/a	n/a	n/a	2223.952292	n/a
2224.773928	0.000000	444955	ttl	4	72	n/a	n/a	n/a	n/a	n/a	n/a	n/a	n/a	n/a	n/a	n/a	n/a	n/a	n/a	n/a	n/a	n/a	n/a	n/a	n/a	n/a	2224.773928	n/a
2224.778720	0.000000	444956	ttl	11	72	n/a	n/a	n/a	n/a	n/a	n/a	n/a	n/a	n/a	n/a	n/a	n/a	n/a	n/a	n/a	n/a	n/a	n/a	n/a	n/a	n/a	2224.778720	n/a
2225.295254	2.035061	445059	time_discrimination	n/a	n/a	n/a	72.0	n/a	n/a	n/a	2224.7787205	n/a	1.9269436757167568	1.0	3	1.0	HB_26_LongA.png	n/a	5	2229.2572585	n/a	30	2	1	intervals/timediscrimination_table	29	2225.295254	2227.330315
2225.295254	0.000000	445059	ttl	1	72	n/a	n/a	n/a	n/a	n/a	n/a	n/a	n/a	n/a	n/a	n/a	n/a	n/a	n/a	n/a	n/a	n/a	n/a	n/a	n/a	n/a	2225.295254	n/a
2227.330315	0.000000	445466	ttl	2	72	n/a	n/a	n/a	n/a	n/a	n/a	n/a	n/a	n/a	n/a	n/a	n/a	n/a	n/a	n/a	n/a	n/a	n/a	n/a	n/a	n/a	2227.330315	n/a
2229.257258	0.000000	445851	ttl	4	72	n/a	n/a	n/a	n/a	n/a	n/a	n/a	n/a	n/a	n/a	n/a	n/a	n/a	n/a	n/a	n/a	n/a	n/a	n/a	n/a	n/a	2229.257258	n/a
2229.268260	0.000000	445854	ttl	11	72	n/a	n/a	n/a	n/a	n/a	n/a	n/a	n/a	n/a	n/a	n/a	n/a	n/a	n/a	n/a	n/a	n/a	n/a	n/a	n/a	n/a	2229.268260	n/a
2229.801494	2.033511	445960	time_discrimination	n/a	n/a	n/a	72.0	n/a	n/a	n/a	2229.26826	n/a	3.522984711744357	2.0	2	1.0	SB_52_ShortA.png	n/a	4	2235.35799025	n/a	31	1	1	intervals/timediscrimination_table	30	2229.801494	2231.835006
2229.801494	0.000000	445960	ttl	1	72	n/a	n/a	n/a	n/a	n/a	n/a	n/a	n/a	n/a	n/a	n/a	n/a	n/a	n/a	n/a	n/a	n/a	n/a	n/a	n/a	n/a	2229.801494	n/a
2231.835006	0.000000	446367	ttl	2	72	n/a	n/a	n/a	n/a	n/a	n/a	n/a	n/a	n/a	n/a	n/a	n/a	n/a	n/a	n/a	n/a	n/a	n/a	n/a	n/a	n/a	2231.835006	n/a
2235.357990	0.000000	447072	ttl	4	72	n/a	n/a	n/a	n/a	n/a	n/a	n/a	n/a	n/a	n/a	n/a	n/a	n/a	n/a	n/a	n/a	n/a	n/a	n/a	n/a	n/a	2235.357990	n/a
2235.366884	0.000000	447073	ttl	11	72	n/a	n/a	n/a	n/a	n/a	n/a	n/a	n/a	n/a	n/a	n/a	n/a	n/a	n/a	n/a	n/a	n/a	n/a	n/a	n/a	n/a	2235.366884	n/a
2235.950108	2.034405	447190	time_discrimination	n/a	n/a	n/a	72.0	n/a	n/a	n/a	2235.36688425	n/a	0.6715221182530513	2.0	2	1.0	SB_53_LongA.png	n/a	5	2238.6560354999997	n/a	32	2	2	intervals/timediscrimination_table	31	2235.950108	2237.984513
2235.950108	0.000000	447190	ttl	1	72	n/a	n/a	n/a	n/a	n/a	n/a	n/a	n/a	n/a	n/a	n/a	n/a	n/a	n/a	n/a	n/a	n/a	n/a	n/a	n/a	n/a	2235.950108	n/a
2237.984513	0.000000	447597	ttl	2	72	n/a	n/a	n/a	n/a	n/a	n/a	n/a	n/a	n/a	n/a	n/a	n/a	n/a	n/a	n/a	n/a	n/a	n/a	n/a	n/a	n/a	2237.984513	n/a
2238.656035	0.000000	447731	ttl	4	72	n/a	n/a	n/a	n/a	n/a	n/a	n/a	n/a	n/a	n/a	n/a	n/a	n/a	n/a	n/a	n/a	n/a	n/a	n/a	n/a	n/a	2238.656035	n/a
2238.666867	0.000000	447733	ttl	11	72	n/a	n/a	n/a	n/a	n/a	n/a	n/a	n/a	n/a	n/a	n/a	n/a	n/a	n/a	n/a	n/a	n/a	n/a	n/a	n/a	n/a	2238.666867	n/a
2239.216752	2.033399	447843	time_discrimination	n/a	n/a	n/a	72.0	n/a	n/a	n/a	2238.666867	n/a	6.557586722265114	2.0	2	2.0	SB_47_ShortA.png	n/a	3	2247.8077384999997	n/a	33	1	1	intervals/timediscrimination_table	32	2239.216752	2241.250152
2239.216752	0.000000	447843	ttl	1	72	n/a	n/a	n/a	n/a	n/a	n/a	n/a	n/a	n/a	n/a	n/a	n/a	n/a	n/a	n/a	n/a	n/a	n/a	n/a	n/a	n/a	2239.216752	n/a
2241.250152	0.000000	448250	ttl	2	72	n/a	n/a	n/a	n/a	n/a	n/a	n/a	n/a	n/a	n/a	n/a	n/a	n/a	n/a	n/a	n/a	n/a	n/a	n/a	n/a	n/a	2241.250152	n/a
2247.807738	0.000000	449562	ttl	4	72	n/a	n/a	n/a	n/a	n/a	n/a	n/a	n/a	n/a	n/a	n/a	n/a	n/a	n/a	n/a	n/a	n/a	n/a	n/a	n/a	n/a	2247.807738	n/a
2247.831223	0.000000	449566	ttl	11	72	n/a	n/a	n/a	n/a	n/a	n/a	n/a	n/a	n/a	n/a	n/a	n/a	n/a	n/a	n/a	n/a	n/a	n/a	n/a	n/a	n/a	2247.831223	n/a
2248.397777	2.033658	449680	time_discrimination	n/a	n/a	n/a	72.0	n/a	n/a	n/a	2247.83122275	n/a	2.4120136307756184	1.0	3	1.0	HB_39_LongA.png	n/a	5	2252.84344875	n/a	34	2	1	intervals/timediscrimination_table	33	2248.397777	2250.431435
2248.397777	0.000000	449680	ttl	1	72	n/a	n/a	n/a	n/a	n/a	n/a	n/a	n/a	n/a	n/a	n/a	n/a	n/a	n/a	n/a	n/a	n/a	n/a	n/a	n/a	n/a	2248.397777	n/a
2250.431435	0.000000	450086	ttl	2	72	n/a	n/a	n/a	n/a	n/a	n/a	n/a	n/a	n/a	n/a	n/a	n/a	n/a	n/a	n/a	n/a	n/a	n/a	n/a	n/a	n/a	2250.431435	n/a
2252.843449	0.000000	450569	ttl	4	72	n/a	n/a	n/a	n/a	n/a	n/a	n/a	n/a	n/a	n/a	n/a	n/a	n/a	n/a	n/a	n/a	n/a	n/a	n/a	n/a	n/a	2252.843449	n/a
2252.855900	0.000000	450571	ttl	11	72	n/a	n/a	n/a	n/a	n/a	n/a	n/a	n/a	n/a	n/a	n/a	n/a	n/a	n/a	n/a	n/a	n/a	n/a	n/a	n/a	n/a	2252.855900	n/a
2253.472449	2.034306	450694	time_discrimination	n/a	n/a	n/a	72.0	n/a	n/a	n/a	2252.8559	n/a	4.234257613075897	1.0	3	1.0	HB_33_LongA.png	n/a	4	2259.74101225	n/a	35	1	2	intervals/timediscrimination_table	34	2253.472449	2255.506755
2253.472449	0.000000	450694	ttl	1	72	n/a	n/a	n/a	n/a	n/a	n/a	n/a	n/a	n/a	n/a	n/a	n/a	n/a	n/a	n/a	n/a	n/a	n/a	n/a	n/a	n/a	2253.472449	n/a
2255.506755	0.000000	451101	ttl	2	72	n/a	n/a	n/a	n/a	n/a	n/a	n/a	n/a	n/a	n/a	n/a	n/a	n/a	n/a	n/a	n/a	n/a	n/a	n/a	n/a	n/a	2255.506755	n/a
2259.741012	0.000000	451948	ttl	4	72	n/a	n/a	n/a	n/a	n/a	n/a	n/a	n/a	n/a	n/a	n/a	n/a	n/a	n/a	n/a	n/a	n/a	n/a	n/a	n/a	n/a	2259.741012	n/a
2259.764170	0.000000	451953	ttl	11	72	n/a	n/a	n/a	n/a	n/a	n/a	n/a	n/a	n/a	n/a	n/a	n/a	n/a	n/a	n/a	n/a	n/a	n/a	n/a	n/a	n/a	2259.764170	n/a
2260.430703	2.033550	452086	time_discrimination	n/a	n/a	n/a	72.0	n/a	n/a	n/a	2259.76416975	n/a	3.1442561862204457	2.0	2	2.0	SB_56_ShortA.png	n/a	6	2265.6085092499998	n/a	36	2	2	intervals/timediscrimination_table	35	2260.430703	2262.464253
2260.430703	0.000000	452086	ttl	1	72	n/a	n/a	n/a	n/a	n/a	n/a	n/a	n/a	n/a	n/a	n/a	n/a	n/a	n/a	n/a	n/a	n/a	n/a	n/a	n/a	n/a	2260.430703	n/a
2262.464253	0.000000	452493	ttl	2	72	n/a	n/a	n/a	n/a	n/a	n/a	n/a	n/a	n/a	n/a	n/a	n/a	n/a	n/a	n/a	n/a	n/a	n/a	n/a	n/a	n/a	2262.464253	n/a
2265.608509	0.000000	453122	ttl	4	72	n/a	n/a	n/a	n/a	n/a	n/a	n/a	n/a	n/a	n/a	n/a	n/a	n/a	n/a	n/a	n/a	n/a	n/a	n/a	n/a	n/a	2265.608509	n/a
2265.616354	0.000000	453123	ttl	11	72	n/a	n/a	n/a	n/a	n/a	n/a	n/a	n/a	n/a	n/a	n/a	n/a	n/a	n/a	n/a	n/a	n/a	n/a	n/a	n/a	n/a	2265.616354	n/a
2266.199572	2.033719	453240	time_discrimination	n/a	n/a	n/a	72.0	n/a	n/a	n/a	2265.6163537499997	n/a	3.137502070007031	1.0	3	1.0	HB_35_ShortA.png	n/a	5	2271.3707934999998	n/a	37	2	1	intervals/timediscrimination_table	36	2266.199572	2268.233291
2266.199572	0.000000	453240	ttl	1	72	n/a	n/a	n/a	n/a	n/a	n/a	n/a	n/a	n/a	n/a	n/a	n/a	n/a	n/a	n/a	n/a	n/a	n/a	n/a	n/a	n/a	2266.199572	n/a
2268.233291	0.000000	453647	ttl	2	72	n/a	n/a	n/a	n/a	n/a	n/a	n/a	n/a	n/a	n/a	n/a	n/a	n/a	n/a	n/a	n/a	n/a	n/a	n/a	n/a	n/a	2268.233291	n/a
2271.370793	0.000000	454274	ttl	4	72	n/a	n/a	n/a	n/a	n/a	n/a	n/a	n/a	n/a	n/a	n/a	n/a	n/a	n/a	n/a	n/a	n/a	n/a	n/a	n/a	n/a	2271.370793	n/a
2271.375956	0.000000	454275	ttl	11	72	n/a	n/a	n/a	n/a	n/a	n/a	n/a	n/a	n/a	n/a	n/a	n/a	n/a	n/a	n/a	n/a	n/a	n/a	n/a	n/a	n/a	2271.375956	n/a
2271.892522	2.033547	454379	time_discrimination	n/a	n/a	n/a	72.0	n/a	n/a	n/a	2271.37595625	n/a	0.35033520159777254	2.0	2	2.0	SB_3_LongA.png	n/a	3	2274.2764039999997	n/a	38	1	1	intervals/timediscrimination_table	37	2271.892522	2273.926069
2271.892522	0.000000	454379	ttl	1	72	n/a	n/a	n/a	n/a	n/a	n/a	n/a	n/a	n/a	n/a	n/a	n/a	n/a	n/a	n/a	n/a	n/a	n/a	n/a	n/a	n/a	2271.892522	n/a
2273.926069	0.000000	454785	ttl	2	72	n/a	n/a	n/a	n/a	n/a	n/a	n/a	n/a	n/a	n/a	n/a	n/a	n/a	n/a	n/a	n/a	n/a	n/a	n/a	n/a	n/a	2273.926069	n/a
2274.276404	0.000000	454855	ttl	4	72	n/a	n/a	n/a	n/a	n/a	n/a	n/a	n/a	n/a	n/a	n/a	n/a	n/a	n/a	n/a	n/a	n/a	n/a	n/a	n/a	n/a	2274.276404	n/a
2274.281196	0.000000	454856	ttl	11	72	n/a	n/a	n/a	n/a	n/a	n/a	n/a	n/a	n/a	n/a	n/a	n/a	n/a	n/a	n/a	n/a	n/a	n/a	n/a	n/a	n/a	2274.281196	n/a
2274.881085	2.033557	454976	time_discrimination	n/a	n/a	n/a	72.0	n/a	n/a	n/a	2274.28119575	n/a	3.6021290466742357	1.0	3	1.0	HB_58_ShortA.png	n/a	5	2280.516771	n/a	39	2	1	intervals/timediscrimination_table	38	2274.881085	2276.914642
2274.881085	0.000000	454976	ttl	1	72	n/a	n/a	n/a	n/a	n/a	n/a	n/a	n/a	n/a	n/a	n/a	n/a	n/a	n/a	n/a	n/a	n/a	n/a	n/a	n/a	n/a	2274.881085	n/a
2276.914642	0.000000	455383	ttl	2	72	n/a	n/a	n/a	n/a	n/a	n/a	n/a	n/a	n/a	n/a	n/a	n/a	n/a	n/a	n/a	n/a	n/a	n/a	n/a	n/a	n/a	2276.914642	n/a
2280.516771	0.000000	456103	ttl	4	72	n/a	n/a	n/a	n/a	n/a	n/a	n/a	n/a	n/a	n/a	n/a	n/a	n/a	n/a	n/a	n/a	n/a	n/a	n/a	n/a	n/a	2280.516771	n/a
2280.527733	0.000000	456106	ttl	11	72	n/a	n/a	n/a	n/a	n/a	n/a	n/a	n/a	n/a	n/a	n/a	n/a	n/a	n/a	n/a	n/a	n/a	n/a	n/a	n/a	n/a	2280.527733	n/a
2281.077618	2.033381	456216	time_discrimination	n/a	n/a	n/a	72.0	n/a	n/a	n/a	2280.52773325	n/a	1.4594379200570984	2.0	1	1.0	NB_30_LongA.png	n/a	5	2284.570437	n/a	40	2	2	intervals/timediscrimination_table	39	2281.077618	2283.110999
2281.077618	0.000000	456216	ttl	1	72	n/a	n/a	n/a	n/a	n/a	n/a	n/a	n/a	n/a	n/a	n/a	n/a	n/a	n/a	n/a	n/a	n/a	n/a	n/a	n/a	n/a	2281.077618	n/a
2283.110999	0.000000	456622	ttl	2	72	n/a	n/a	n/a	n/a	n/a	n/a	n/a	n/a	n/a	n/a	n/a	n/a	n/a	n/a	n/a	n/a	n/a	n/a	n/a	n/a	n/a	2283.110999	n/a
2284.570437	0.000000	456914	ttl	4	72	n/a	n/a	n/a	n/a	n/a	n/a	n/a	n/a	n/a	n/a	n/a	n/a	n/a	n/a	n/a	n/a	n/a	n/a	n/a	n/a	n/a	2284.570437	n/a
2284.579533	0.000000	456916	ttl	11	72	n/a	n/a	n/a	n/a	n/a	n/a	n/a	n/a	n/a	n/a	n/a	n/a	n/a	n/a	n/a	n/a	n/a	n/a	n/a	n/a	n/a	2284.579533	n/a
2285.129428	2.033396	457026	time_discrimination	n/a	n/a	n/a	72.0	n/a	n/a	n/a	2284.57953275	n/a	2.1723059588111937	2.0	2	2.0	SB_41_ShortA.png	n/a	3	2289.3351294999998	n/a	41	1	1	intervals/timediscrimination_table	40	2285.129428	2287.162824
2285.129428	0.000000	457026	ttl	1	72	n/a	n/a	n/a	n/a	n/a	n/a	n/a	n/a	n/a	n/a	n/a	n/a	n/a	n/a	n/a	n/a	n/a	n/a	n/a	n/a	n/a	2285.129428	n/a
2287.162824	0.000000	457433	ttl	2	72	n/a	n/a	n/a	n/a	n/a	n/a	n/a	n/a	n/a	n/a	n/a	n/a	n/a	n/a	n/a	n/a	n/a	n/a	n/a	n/a	n/a	2287.162824	n/a
2289.335129	0.000000	457867	ttl	4	72	n/a	n/a	n/a	n/a	n/a	n/a	n/a	n/a	n/a	n/a	n/a	n/a	n/a	n/a	n/a	n/a	n/a	n/a	n/a	n/a	n/a	2289.335129	n/a
2289.353912	0.000000	457871	ttl	11	72	n/a	n/a	n/a	n/a	n/a	n/a	n/a	n/a	n/a	n/a	n/a	n/a	n/a	n/a	n/a	n/a	n/a	n/a	n/a	n/a	n/a	2289.353912	n/a
2289.887045	2.034556	457977	time_discrimination	n/a	n/a	n/a	72.0	n/a	n/a	n/a	2289.3539124999998	n/a	1.9183477434417	2.0	3	1.0	HB_1_LongA.png	n/a	5	2293.8399485	n/a	42	2	2	intervals/timediscrimination_table	41	2289.887045	2291.921601
2289.887045	0.000000	457977	ttl	1	72	n/a	n/a	n/a	n/a	n/a	n/a	n/a	n/a	n/a	n/a	n/a	n/a	n/a	n/a	n/a	n/a	n/a	n/a	n/a	n/a	n/a	2289.887045	n/a
2291.921601	0.000000	458384	ttl	2	72	n/a	n/a	n/a	n/a	n/a	n/a	n/a	n/a	n/a	n/a	n/a	n/a	n/a	n/a	n/a	n/a	n/a	n/a	n/a	n/a	n/a	2291.921601	n/a
2293.839948	0.000000	458768	ttl	4	72	n/a	n/a	n/a	n/a	n/a	n/a	n/a	n/a	n/a	n/a	n/a	n/a	n/a	n/a	n/a	n/a	n/a	n/a	n/a	n/a	n/a	2293.839948	n/a
2293.844386	0.000000	458769	ttl	11	72	n/a	n/a	n/a	n/a	n/a	n/a	n/a	n/a	n/a	n/a	n/a	n/a	n/a	n/a	n/a	n/a	n/a	n/a	n/a	n/a	n/a	2293.844386	n/a
2294.410951	2.034129	458882	time_discrimination	n/a	n/a	n/a	72.0	n/a	n/a	n/a	2293.8443859999998	n/a	1.8818577261263272	2.0	1	2.0	NB_16_LongA.png	n/a	6	2298.32693725	n/a	43	2	2	intervals/timediscrimination_table	42	2294.410951	2296.445079
2294.410951	0.000000	458882	ttl	1	72	n/a	n/a	n/a	n/a	n/a	n/a	n/a	n/a	n/a	n/a	n/a	n/a	n/a	n/a	n/a	n/a	n/a	n/a	n/a	n/a	n/a	2294.410951	n/a
2296.445079	0.000000	459289	ttl	2	72	n/a	n/a	n/a	n/a	n/a	n/a	n/a	n/a	n/a	n/a	n/a	n/a	n/a	n/a	n/a	n/a	n/a	n/a	n/a	n/a	n/a	2296.445079	n/a
2298.326937	0.000000	459665	ttl	4	72	n/a	n/a	n/a	n/a	n/a	n/a	n/a	n/a	n/a	n/a	n/a	n/a	n/a	n/a	n/a	n/a	n/a	n/a	n/a	n/a	n/a	2298.326937	n/a
2298.347363	0.000000	459669	ttl	11	72	n/a	n/a	n/a	n/a	n/a	n/a	n/a	n/a	n/a	n/a	n/a	n/a	n/a	n/a	n/a	n/a	n/a	n/a	n/a	n/a	n/a	2298.347363	n/a
2298.947238	2.033680	459789	time_discrimination	n/a	n/a	n/a	72.0	n/a	n/a	n/a	2298.34736325	n/a	2.13545219162188	2.0	2	2.0	SB_38_ShortA.png	n/a	3	2303.11636975	n/a	44	1	1	intervals/timediscrimination_table	43	2298.947238	2300.980918
2298.947238	0.000000	459789	ttl	1	72	n/a	n/a	n/a	n/a	n/a	n/a	n/a	n/a	n/a	n/a	n/a	n/a	n/a	n/a	n/a	n/a	n/a	n/a	n/a	n/a	n/a	2298.947238	n/a
2300.980918	0.000000	460196	ttl	2	72	n/a	n/a	n/a	n/a	n/a	n/a	n/a	n/a	n/a	n/a	n/a	n/a	n/a	n/a	n/a	n/a	n/a	n/a	n/a	n/a	n/a	2300.980918	n/a
2303.116370	0.000000	460623	ttl	4	72	n/a	n/a	n/a	n/a	n/a	n/a	n/a	n/a	n/a	n/a	n/a	n/a	n/a	n/a	n/a	n/a	n/a	n/a	n/a	n/a	n/a	2303.116370	n/a
2303.133722	0.000000	460627	ttl	11	72	n/a	n/a	n/a	n/a	n/a	n/a	n/a	n/a	n/a	n/a	n/a	n/a	n/a	n/a	n/a	n/a	n/a	n/a	n/a	n/a	n/a	2303.133722	n/a
2303.683553	2.033868	460737	time_discrimination	n/a	n/a	n/a	72.0	n/a	n/a	n/a	2303.13372225	n/a	0.9445963342441246	2.0	1	1.0	NB_17_LongA.png	n/a	4	2306.66201775	n/a	45	1	1	intervals/timediscrimination_table	44	2303.683553	2305.717421
2303.683553	0.000000	460737	ttl	1	72	n/a	n/a	n/a	n/a	n/a	n/a	n/a	n/a	n/a	n/a	n/a	n/a	n/a	n/a	n/a	n/a	n/a	n/a	n/a	n/a	n/a	2303.683553	n/a
2305.717421	0.000000	461143	ttl	2	72	n/a	n/a	n/a	n/a	n/a	n/a	n/a	n/a	n/a	n/a	n/a	n/a	n/a	n/a	n/a	n/a	n/a	n/a	n/a	n/a	n/a	2305.717421	n/a
2306.662018	0.000000	461332	ttl	4	72	n/a	n/a	n/a	n/a	n/a	n/a	n/a	n/a	n/a	n/a	n/a	n/a	n/a	n/a	n/a	n/a	n/a	n/a	n/a	n/a	n/a	2306.662018	n/a
2306.678014	0.000000	461336	ttl	11	72	n/a	n/a	n/a	n/a	n/a	n/a	n/a	n/a	n/a	n/a	n/a	n/a	n/a	n/a	n/a	n/a	n/a	n/a	n/a	n/a	n/a	2306.678014	n/a
2307.244573	2.033376	461449	time_discrimination	n/a	n/a	n/a	72.0	n/a	n/a	n/a	2306.6780142499997	n/a	4.074927230962203	2.0	3	2.0	HB_24_ShortA.png	n/a	6	2313.3528765	n/a	46	2	2	intervals/timediscrimination_table	45	2307.244573	2309.277949
2307.244573	0.000000	461449	ttl	1	72	n/a	n/a	n/a	n/a	n/a	n/a	n/a	n/a	n/a	n/a	n/a	n/a	n/a	n/a	n/a	n/a	n/a	n/a	n/a	n/a	n/a	2307.244573	n/a
2309.277949	0.000000	461856	ttl	2	72	n/a	n/a	n/a	n/a	n/a	n/a	n/a	n/a	n/a	n/a	n/a	n/a	n/a	n/a	n/a	n/a	n/a	n/a	n/a	n/a	n/a	2309.277949	n/a
2313.352877	0.000000	462671	ttl	4	72	n/a	n/a	n/a	n/a	n/a	n/a	n/a	n/a	n/a	n/a	n/a	n/a	n/a	n/a	n/a	n/a	n/a	n/a	n/a	n/a	n/a	2313.352877	n/a
2313.358851	0.000000	462672	ttl	11	72	n/a	n/a	n/a	n/a	n/a	n/a	n/a	n/a	n/a	n/a	n/a	n/a	n/a	n/a	n/a	n/a	n/a	n/a	n/a	n/a	n/a	2313.358851	n/a
2313.942070	2.034425	462788	time_discrimination	n/a	n/a	n/a	72.0	n/a	n/a	n/a	2313.35885125	n/a	3.628665484080557	2.0	2	2.0	SB_49_LongA.png	n/a	6	2319.605161	n/a	47	2	2	intervals/timediscrimination_table	46	2313.942070	2315.976496
2313.942070	0.000000	462788	ttl	1	72	n/a	n/a	n/a	n/a	n/a	n/a	n/a	n/a	n/a	n/a	n/a	n/a	n/a	n/a	n/a	n/a	n/a	n/a	n/a	n/a	n/a	2313.942070	n/a
2315.976496	0.000000	463195	ttl	2	72	n/a	n/a	n/a	n/a	n/a	n/a	n/a	n/a	n/a	n/a	n/a	n/a	n/a	n/a	n/a	n/a	n/a	n/a	n/a	n/a	n/a	2315.976496	n/a
2319.605161	0.000000	463921	ttl	4	72	n/a	n/a	n/a	n/a	n/a	n/a	n/a	n/a	n/a	n/a	n/a	n/a	n/a	n/a	n/a	n/a	n/a	n/a	n/a	n/a	n/a	2319.605161	n/a
2319.613094	0.000000	463923	ttl	11	72	n/a	n/a	n/a	n/a	n/a	n/a	n/a	n/a	n/a	n/a	n/a	n/a	n/a	n/a	n/a	n/a	n/a	n/a	n/a	n/a	n/a	2319.613094	n/a
2320.179645	2.034817	464036	time_discrimination	n/a	n/a	n/a	72.0	n/a	n/a	n/a	2319.6130945	n/a	0.5928959197335644	2.0	2	2.0	SB_12_LongA.png	n/a	6	2322.80735775	n/a	48	2	2	intervals/timediscrimination_table	47	2320.179645	2322.214462
2320.179645	0.000000	464036	ttl	1	72	n/a	n/a	n/a	n/a	n/a	n/a	n/a	n/a	n/a	n/a	n/a	n/a	n/a	n/a	n/a	n/a	n/a	n/a	n/a	n/a	n/a	2320.179645	n/a
2322.214462	0.000000	464443	ttl	2	72	n/a	n/a	n/a	n/a	n/a	n/a	n/a	n/a	n/a	n/a	n/a	n/a	n/a	n/a	n/a	n/a	n/a	n/a	n/a	n/a	n/a	2322.214462	n/a
2322.807358	0.000000	464561	ttl	4	72	n/a	n/a	n/a	n/a	n/a	n/a	n/a	n/a	n/a	n/a	n/a	n/a	n/a	n/a	n/a	n/a	n/a	n/a	n/a	n/a	n/a	2322.807358	n/a
2322.826338	0.000000	464565	ttl	11	72	n/a	n/a	n/a	n/a	n/a	n/a	n/a	n/a	n/a	n/a	n/a	n/a	n/a	n/a	n/a	n/a	n/a	n/a	n/a	n/a	n/a	2322.826338	n/a
2323.476187	2.034197	464695	time_discrimination	n/a	n/a	n/a	72.0	n/a	n/a	n/a	2322.82633825	n/a	3.445131276239408	1.0	3	1.0	HB_17_ShortA.png	n/a	4	2328.955515	n/a	49	1	2	intervals/timediscrimination_table	48	2323.476187	2325.510384
2323.476187	0.000000	464695	ttl	1	72	n/a	n/a	n/a	n/a	n/a	n/a	n/a	n/a	n/a	n/a	n/a	n/a	n/a	n/a	n/a	n/a	n/a	n/a	n/a	n/a	n/a	2323.476187	n/a
2325.510384	0.000000	465102	ttl	2	72	n/a	n/a	n/a	n/a	n/a	n/a	n/a	n/a	n/a	n/a	n/a	n/a	n/a	n/a	n/a	n/a	n/a	n/a	n/a	n/a	n/a	2325.510384	n/a
2328.955515	0.000000	465791	ttl	4	72	n/a	n/a	n/a	n/a	n/a	n/a	n/a	n/a	n/a	n/a	n/a	n/a	n/a	n/a	n/a	n/a	n/a	n/a	n/a	n/a	n/a	2328.955515	n/a
2328.965715	0.000000	465793	ttl	11	72	n/a	n/a	n/a	n/a	n/a	n/a	n/a	n/a	n/a	n/a	n/a	n/a	n/a	n/a	n/a	n/a	n/a	n/a	n/a	n/a	n/a	2328.965715	n/a
2329.565592	2.033454	465913	time_discrimination	n/a	n/a	n/a	72.0	n/a	n/a	n/a	2328.9657147499997	n/a	2.767410499189282	2.0	2	2.0	SB_42_ShortA.png	n/a	6	2334.3664565	n/a	50	2	2	intervals/timediscrimination_table	49	2329.565592	2331.599046
2329.565592	0.000000	465913	ttl	1	72	n/a	n/a	n/a	n/a	n/a	n/a	n/a	n/a	n/a	n/a	n/a	n/a	n/a	n/a	n/a	n/a	n/a	n/a	n/a	n/a	n/a	2329.565592	n/a
2331.599046	0.000000	466320	ttl	2	72	n/a	n/a	n/a	n/a	n/a	n/a	n/a	n/a	n/a	n/a	n/a	n/a	n/a	n/a	n/a	n/a	n/a	n/a	n/a	n/a	n/a	2331.599046	n/a
2334.366456	0.000000	466873	ttl	4	72	n/a	n/a	n/a	n/a	n/a	n/a	n/a	n/a	n/a	n/a	n/a	n/a	n/a	n/a	n/a	n/a	n/a	n/a	n/a	n/a	n/a	2334.366456	n/a
2334.372930	0.000000	466875	ttl	11	72	n/a	n/a	n/a	n/a	n/a	n/a	n/a	n/a	n/a	n/a	n/a	n/a	n/a	n/a	n/a	n/a	n/a	n/a	n/a	n/a	n/a	2334.372930	n/a
2334.989468	2.033714	466998	time_discrimination	n/a	n/a	n/a	72.0	n/a	n/a	n/a	2334.37293	n/a	3.5050293633685214	2.0	2	2.0	SB_54_LongA.png	n/a	3	2340.5282105	n/a	51	1	1	intervals/timediscrimination_table	50	2334.989468	2337.023181
2334.989468	0.000000	466998	ttl	1	72	n/a	n/a	n/a	n/a	n/a	n/a	n/a	n/a	n/a	n/a	n/a	n/a	n/a	n/a	n/a	n/a	n/a	n/a	n/a	n/a	n/a	2334.989468	n/a
2337.023181	0.000000	467405	ttl	2	72	n/a	n/a	n/a	n/a	n/a	n/a	n/a	n/a	n/a	n/a	n/a	n/a	n/a	n/a	n/a	n/a	n/a	n/a	n/a	n/a	n/a	2337.023181	n/a
2340.528211	0.000000	468106	ttl	4	72	n/a	n/a	n/a	n/a	n/a	n/a	n/a	n/a	n/a	n/a	n/a	n/a	n/a	n/a	n/a	n/a	n/a	n/a	n/a	n/a	n/a	2340.528211	n/a
2340.543506	0.000000	468109	ttl	11	72	n/a	n/a	n/a	n/a	n/a	n/a	n/a	n/a	n/a	n/a	n/a	n/a	n/a	n/a	n/a	n/a	n/a	n/a	n/a	n/a	n/a	2340.543506	n/a
2341.110046	2.033775	468222	time_discrimination	n/a	n/a	n/a	72.0	n/a	n/a	n/a	2340.5435064999997	n/a	0.6816267803224036	2.0	1	1.0	NB_5_LongA.png	n/a	5	2343.8254475	n/a	52	2	2	intervals/timediscrimination_table	51	2341.110046	2343.143821
2341.110046	0.000000	468222	ttl	1	72	n/a	n/a	n/a	n/a	n/a	n/a	n/a	n/a	n/a	n/a	n/a	n/a	n/a	n/a	n/a	n/a	n/a	n/a	n/a	n/a	n/a	2341.110046	n/a
2343.143821	0.000000	468629	ttl	2	72	n/a	n/a	n/a	n/a	n/a	n/a	n/a	n/a	n/a	n/a	n/a	n/a	n/a	n/a	n/a	n/a	n/a	n/a	n/a	n/a	n/a	2343.143821	n/a
2343.825447	0.000000	468765	ttl	4	72	n/a	n/a	n/a	n/a	n/a	n/a	n/a	n/a	n/a	n/a	n/a	n/a	n/a	n/a	n/a	n/a	n/a	n/a	n/a	n/a	n/a	2343.825447	n/a
2343.845490	0.000000	468769	ttl	11	72	n/a	n/a	n/a	n/a	n/a	n/a	n/a	n/a	n/a	n/a	n/a	n/a	n/a	n/a	n/a	n/a	n/a	n/a	n/a	n/a	n/a	2343.845490	n/a
2344.478690	2.033567	468896	time_discrimination	n/a	n/a	n/a	72.0	n/a	n/a	n/a	2343.8454899999997	n/a	3.0865501022490207	2.0	2	2.0	SB_20_LongA.png	n/a	6	2349.5988067499998	n/a	53	2	2	intervals/timediscrimination_table	52	2344.478690	2346.512257
2344.478690	0.000000	468896	ttl	1	72	n/a	n/a	n/a	n/a	n/a	n/a	n/a	n/a	n/a	n/a	n/a	n/a	n/a	n/a	n/a	n/a	n/a	n/a	n/a	n/a	n/a	2344.478690	n/a
2346.512257	0.000000	469302	ttl	2	72	n/a	n/a	n/a	n/a	n/a	n/a	n/a	n/a	n/a	n/a	n/a	n/a	n/a	n/a	n/a	n/a	n/a	n/a	n/a	n/a	n/a	2346.512257	n/a
2349.598807	0.000000	469920	ttl	4	72	n/a	n/a	n/a	n/a	n/a	n/a	n/a	n/a	n/a	n/a	n/a	n/a	n/a	n/a	n/a	n/a	n/a	n/a	n/a	n/a	n/a	2349.598807	n/a
2349.607954	0.000000	469922	ttl	11	72	n/a	n/a	n/a	n/a	n/a	n/a	n/a	n/a	n/a	n/a	n/a	n/a	n/a	n/a	n/a	n/a	n/a	n/a	n/a	n/a	n/a	2349.607954	n/a
2350.191171	2.033349	470038	time_discrimination	n/a	n/a	n/a	72.0	n/a	n/a	n/a	2349.6079542499997	n/a	1.7423123410117114	1.0	3	1.0	HB_32_LongA.png	n/a	5	2353.96683275	n/a	54	2	1	intervals/timediscrimination_table	53	2350.191171	2352.224520
2350.191171	0.000000	470038	ttl	1	72	n/a	n/a	n/a	n/a	n/a	n/a	n/a	n/a	n/a	n/a	n/a	n/a	n/a	n/a	n/a	n/a	n/a	n/a	n/a	n/a	n/a	2350.191171	n/a
2352.224520	0.000000	470445	ttl	2	72	n/a	n/a	n/a	n/a	n/a	n/a	n/a	n/a	n/a	n/a	n/a	n/a	n/a	n/a	n/a	n/a	n/a	n/a	n/a	n/a	n/a	2352.224520	n/a
2353.966833	0.000000	470793	ttl	4	72	n/a	n/a	n/a	n/a	n/a	n/a	n/a	n/a	n/a	n/a	n/a	n/a	n/a	n/a	n/a	n/a	n/a	n/a	n/a	n/a	n/a	2353.966833	n/a
2353.982852	0.000000	470797	ttl	11	72	n/a	n/a	n/a	n/a	n/a	n/a	n/a	n/a	n/a	n/a	n/a	n/a	n/a	n/a	n/a	n/a	n/a	n/a	n/a	n/a	n/a	2353.982852	n/a
2354.549403	2.034359	470910	time_discrimination	n/a	n/a	n/a	72.0	n/a	n/a	n/a	2353.9828525	n/a	2.33406297233887	2.0	3	1.0	HB_51_LongA.png	n/a	5	2358.9178245	n/a	55	2	2	intervals/timediscrimination_table	54	2354.549403	2356.583762
2354.549403	0.000000	470910	ttl	1	72	n/a	n/a	n/a	n/a	n/a	n/a	n/a	n/a	n/a	n/a	n/a	n/a	n/a	n/a	n/a	n/a	n/a	n/a	n/a	n/a	n/a	2354.549403	n/a
2356.583762	0.000000	471317	ttl	2	72	n/a	n/a	n/a	n/a	n/a	n/a	n/a	n/a	n/a	n/a	n/a	n/a	n/a	n/a	n/a	n/a	n/a	n/a	n/a	n/a	n/a	2356.583762	n/a
2358.917824	0.000000	471784	ttl	4	72	n/a	n/a	n/a	n/a	n/a	n/a	n/a	n/a	n/a	n/a	n/a	n/a	n/a	n/a	n/a	n/a	n/a	n/a	n/a	n/a	n/a	2358.917824	n/a
2358.931437	0.000000	471786	ttl	11	72	n/a	n/a	n/a	n/a	n/a	n/a	n/a	n/a	n/a	n/a	n/a	n/a	n/a	n/a	n/a	n/a	n/a	n/a	n/a	n/a	n/a	2358.931437	n/a
2359.448014	2.034010	471890	time_discrimination	n/a	n/a	n/a	72.0	n/a	n/a	n/a	2358.9314365	n/a	4.141134917575982	2.0	2	2.0	SB_19_ShortA.png	n/a	6	2365.6231589999998	n/a	56	2	2	intervals/timediscrimination_table	55	2359.448014	2361.482024
2359.448014	0.000000	471890	ttl	1	72	n/a	n/a	n/a	n/a	n/a	n/a	n/a	n/a	n/a	n/a	n/a	n/a	n/a	n/a	n/a	n/a	n/a	n/a	n/a	n/a	n/a	2359.448014	n/a
2361.482024	0.000000	472296	ttl	2	72	n/a	n/a	n/a	n/a	n/a	n/a	n/a	n/a	n/a	n/a	n/a	n/a	n/a	n/a	n/a	n/a	n/a	n/a	n/a	n/a	n/a	2361.482024	n/a
2365.623159	0.000000	473125	ttl	4	72	n/a	n/a	n/a	n/a	n/a	n/a	n/a	n/a	n/a	n/a	n/a	n/a	n/a	n/a	n/a	n/a	n/a	n/a	n/a	n/a	n/a	2365.623159	n/a
2365.641328	0.000000	473128	ttl	11	72	n/a	n/a	n/a	n/a	n/a	n/a	n/a	n/a	n/a	n/a	n/a	n/a	n/a	n/a	n/a	n/a	n/a	n/a	n/a	n/a	n/a	2365.641328	n/a
2366.174556	2.033349	473235	time_discrimination	n/a	n/a	n/a	72.0	n/a	n/a	n/a	2365.6413279999997	n/a	0.6118901713198284	2.0	1	2.0	NB_14_ShortA.png	n/a	3	2368.81979475	n/a	57	1	1	intervals/timediscrimination_table	56	2366.174556	2368.207905
2366.174556	0.000000	473235	ttl	1	72	n/a	n/a	n/a	n/a	n/a	n/a	n/a	n/a	n/a	n/a	n/a	n/a	n/a	n/a	n/a	n/a	n/a	n/a	n/a	n/a	n/a	2366.174556	n/a
2368.207905	0.000000	473642	ttl	2	72	n/a	n/a	n/a	n/a	n/a	n/a	n/a	n/a	n/a	n/a	n/a	n/a	n/a	n/a	n/a	n/a	n/a	n/a	n/a	n/a	n/a	2368.207905	n/a
2368.819795	0.000000	473764	ttl	4	72	n/a	n/a	n/a	n/a	n/a	n/a	n/a	n/a	n/a	n/a	n/a	n/a	n/a	n/a	n/a	n/a	n/a	n/a	n/a	n/a	n/a	2368.819795	n/a
2368.833831	0.000000	473767	ttl	11	72	n/a	n/a	n/a	n/a	n/a	n/a	n/a	n/a	n/a	n/a	n/a	n/a	n/a	n/a	n/a	n/a	n/a	n/a	n/a	n/a	n/a	2368.833831	n/a
2369.467034	2.033705	473893	time_discrimination	n/a	n/a	n/a	72.0	n/a	n/a	n/a	2368.83383075	n/a	0.25715860482887365	1.0	3	1.0	HB_11_ShortA.png	n/a	5	2371.7578974999997	n/a	58	2	1	intervals/timediscrimination_table	57	2369.467034	2371.500739
2369.467034	0.000000	473893	ttl	1	72	n/a	n/a	n/a	n/a	n/a	n/a	n/a	n/a	n/a	n/a	n/a	n/a	n/a	n/a	n/a	n/a	n/a	n/a	n/a	n/a	n/a	2369.467034	n/a
2371.500739	0.000000	474300	ttl	2	72	n/a	n/a	n/a	n/a	n/a	n/a	n/a	n/a	n/a	n/a	n/a	n/a	n/a	n/a	n/a	n/a	n/a	n/a	n/a	n/a	n/a	2371.500739	n/a
2371.757897	0.000000	474352	ttl	4	72	n/a	n/a	n/a	n/a	n/a	n/a	n/a	n/a	n/a	n/a	n/a	n/a	n/a	n/a	n/a	n/a	n/a	n/a	n/a	n/a	n/a	2371.757897	n/a
2371.763325	0.000000	474353	ttl	11	72	n/a	n/a	n/a	n/a	n/a	n/a	n/a	n/a	n/a	n/a	n/a	n/a	n/a	n/a	n/a	n/a	n/a	n/a	n/a	n/a	n/a	2371.763325	n/a
2372.396534	2.034510	474479	time_discrimination	n/a	n/a	n/a	72.0	n/a	n/a	n/a	2371.76332525	n/a	5.238653174601495	2.0	2	3.0	SB_55_LongA.png	n/a	7	2379.6696975	n/a	59	2	2	intervals/timediscrimination_table	58	2372.396534	2374.431044
2372.396534	0.000000	474479	ttl	1	72	n/a	n/a	n/a	n/a	n/a	n/a	n/a	n/a	n/a	n/a	n/a	n/a	n/a	n/a	n/a	n/a	n/a	n/a	n/a	n/a	n/a	2372.396534	n/a
2374.431044	0.000000	474886	ttl	2	72	n/a	n/a	n/a	n/a	n/a	n/a	n/a	n/a	n/a	n/a	n/a	n/a	n/a	n/a	n/a	n/a	n/a	n/a	n/a	n/a	n/a	2374.431044	n/a
2379.669697	0.000000	475934	ttl	4	72	n/a	n/a	n/a	n/a	n/a	n/a	n/a	n/a	n/a	n/a	n/a	n/a	n/a	n/a	n/a	n/a	n/a	n/a	n/a	n/a	n/a	2379.669697	n/a
2379.678023	0.000000	475936	ttl	11	72	n/a	n/a	n/a	n/a	n/a	n/a	n/a	n/a	n/a	n/a	n/a	n/a	n/a	n/a	n/a	n/a	n/a	n/a	n/a	n/a	n/a	2379.678023	n/a
2380.227910	2.034363	476046	time_discrimination	n/a	n/a	n/a	72.0	n/a	n/a	n/a	2379.67802275	n/a	1.3782972059125314	2.0	2	2.0	SB_1_LongA.png	n/a	3	2383.64057	n/a	60	1	1	intervals/timediscrimination_table	59	2380.227910	2382.262273
2380.227910	0.000000	476046	ttl	1	72	n/a	n/a	n/a	n/a	n/a	n/a	n/a	n/a	n/a	n/a	n/a	n/a	n/a	n/a	n/a	n/a	n/a	n/a	n/a	n/a	n/a	2380.227910	n/a
2382.262273	0.000000	476452	ttl	2	72	n/a	n/a	n/a	n/a	n/a	n/a	n/a	n/a	n/a	n/a	n/a	n/a	n/a	n/a	n/a	n/a	n/a	n/a	n/a	n/a	n/a	2382.262273	n/a
2383.640570	0.000000	476728	ttl	4	72	n/a	n/a	n/a	n/a	n/a	n/a	n/a	n/a	n/a	n/a	n/a	n/a	n/a	n/a	n/a	n/a	n/a	n/a	n/a	n/a	n/a	2383.640570	n/a
2383.650829	0.000000	476730	ttl	11	72	n/a	n/a	n/a	n/a	n/a	n/a	n/a	n/a	n/a	n/a	n/a	n/a	n/a	n/a	n/a	n/a	n/a	n/a	n/a	n/a	n/a	2383.650829	n/a
2384.284036	2.034683	476857	time_discrimination	n/a	n/a	n/a	72.0	n/a	n/a	n/a	2383.65082925	n/a	0.11335240233165678	2.0	1	1.0	NB_7_ShortA.png	n/a	4	2386.4320715	n/a	61	1	1	intervals/timediscrimination_table	60	2384.284036	2386.318719
2384.284036	0.000000	476857	ttl	1	72	n/a	n/a	n/a	n/a	n/a	n/a	n/a	n/a	n/a	n/a	n/a	n/a	n/a	n/a	n/a	n/a	n/a	n/a	n/a	n/a	n/a	2384.284036	n/a
2386.318719	0.000000	477264	ttl	2	72	n/a	n/a	n/a	n/a	n/a	n/a	n/a	n/a	n/a	n/a	n/a	n/a	n/a	n/a	n/a	n/a	n/a	n/a	n/a	n/a	n/a	2386.318719	n/a
2386.432071	0.000000	477286	ttl	4	72	n/a	n/a	n/a	n/a	n/a	n/a	n/a	n/a	n/a	n/a	n/a	n/a	n/a	n/a	n/a	n/a	n/a	n/a	n/a	n/a	n/a	2386.432071	n/a
2386.449339	0.000000	477290	ttl	11	72	n/a	n/a	n/a	n/a	n/a	n/a	n/a	n/a	n/a	n/a	n/a	n/a	n/a	n/a	n/a	n/a	n/a	n/a	n/a	n/a	n/a	2386.449339	n/a
2387.065872	2.034605	477413	time_discrimination	n/a	n/a	n/a	72.0	n/a	n/a	n/a	2386.4493387499997	n/a	1.0496321875689318	1.0	3	1.0	HB_57_ShortA.png	n/a	5	2390.15010975	n/a	62	2	1	intervals/timediscrimination_table	61	2387.065872	2389.100477
2387.065872	0.000000	477413	ttl	1	72	n/a	n/a	n/a	n/a	n/a	n/a	n/a	n/a	n/a	n/a	n/a	n/a	n/a	n/a	n/a	n/a	n/a	n/a	n/a	n/a	n/a	2387.065872	n/a
2389.100477	0.000000	477820	ttl	2	72	n/a	n/a	n/a	n/a	n/a	n/a	n/a	n/a	n/a	n/a	n/a	n/a	n/a	n/a	n/a	n/a	n/a	n/a	n/a	n/a	n/a	2389.100477	n/a
2390.150110	0.000000	478030	ttl	4	72	n/a	n/a	n/a	n/a	n/a	n/a	n/a	n/a	n/a	n/a	n/a	n/a	n/a	n/a	n/a	n/a	n/a	n/a	n/a	n/a	n/a	2390.150110	n/a
2390.160514	0.000000	478032	ttl	11	72	n/a	n/a	n/a	n/a	n/a	n/a	n/a	n/a	n/a	n/a	n/a	n/a	n/a	n/a	n/a	n/a	n/a	n/a	n/a	n/a	n/a	2390.160514	n/a
2390.710372	2.033678	478142	time_discrimination	n/a	n/a	n/a	72.0	n/a	n/a	n/a	2390.16051375	n/a	2.6866142667422537	1.0	3	1.0	HB_45_ShortA.png	n/a	5	2395.430665	n/a	63	2	1	intervals/timediscrimination_table	62	2390.710372	2392.744051
2390.710372	0.000000	478142	ttl	1	72	n/a	n/a	n/a	n/a	n/a	n/a	n/a	n/a	n/a	n/a	n/a	n/a	n/a	n/a	n/a	n/a	n/a	n/a	n/a	n/a	n/a	2390.710372	n/a
2392.744051	0.000000	478549	ttl	2	72	n/a	n/a	n/a	n/a	n/a	n/a	n/a	n/a	n/a	n/a	n/a	n/a	n/a	n/a	n/a	n/a	n/a	n/a	n/a	n/a	n/a	2392.744051	n/a
2395.430665	0.000000	479086	ttl	4	72	n/a	n/a	n/a	n/a	n/a	n/a	n/a	n/a	n/a	n/a	n/a	n/a	n/a	n/a	n/a	n/a	n/a	n/a	n/a	n/a	n/a	2395.430665	n/a
2395.439441	0.000000	479088	ttl	11	72	n/a	n/a	n/a	n/a	n/a	n/a	n/a	n/a	n/a	n/a	n/a	n/a	n/a	n/a	n/a	n/a	n/a	n/a	n/a	n/a	n/a	2395.439441	n/a
2396.005986	2.034664	479201	time_discrimination	n/a	n/a	n/a	72.0	n/a	n/a	n/a	2395.4394414999997	n/a	0.18370660695654806	2.0	2	3.0	SB_27_ShortA.png	n/a	7	2398.22435625	n/a	64	2	2	intervals/timediscrimination_table	63	2396.005986	2398.040649
2396.005986	0.000000	479201	ttl	1	72	n/a	n/a	n/a	n/a	n/a	n/a	n/a	n/a	n/a	n/a	n/a	n/a	n/a	n/a	n/a	n/a	n/a	n/a	n/a	n/a	n/a	2396.005986	n/a
2398.040649	0.000000	479608	ttl	2	72	n/a	n/a	n/a	n/a	n/a	n/a	n/a	n/a	n/a	n/a	n/a	n/a	n/a	n/a	n/a	n/a	n/a	n/a	n/a	n/a	n/a	2398.040649	n/a
2398.224356	0.000000	479645	ttl	4	72	n/a	n/a	n/a	n/a	n/a	n/a	n/a	n/a	n/a	n/a	n/a	n/a	n/a	n/a	n/a	n/a	n/a	n/a	n/a	n/a	n/a	2398.224356	n/a
2398.240761	0.000000	479648	ttl	11	72	n/a	n/a	n/a	n/a	n/a	n/a	n/a	n/a	n/a	n/a	n/a	n/a	n/a	n/a	n/a	n/a	n/a	n/a	n/a	n/a	n/a	2398.240761	n/a
2398.840636	2.033443	479768	time_discrimination	n/a	n/a	n/a	72.0	n/a	n/a	n/a	2398.24076075	n/a	0.9910986114264233	2.0	1	2.0	NB_24_ShortA.png	n/a	3	2401.8651775	n/a	65	1	1	intervals/timediscrimination_table	64	2398.840636	2400.874079
2398.840636	0.000000	479768	ttl	1	72	n/a	n/a	n/a	n/a	n/a	n/a	n/a	n/a	n/a	n/a	n/a	n/a	n/a	n/a	n/a	n/a	n/a	n/a	n/a	n/a	n/a	2398.840636	n/a
2400.874079	0.000000	480175	ttl	2	72	n/a	n/a	n/a	n/a	n/a	n/a	n/a	n/a	n/a	n/a	n/a	n/a	n/a	n/a	n/a	n/a	n/a	n/a	n/a	n/a	n/a	2400.874079	n/a
2401.865177	0.000000	480373	ttl	4	72	n/a	n/a	n/a	n/a	n/a	n/a	n/a	n/a	n/a	n/a	n/a	n/a	n/a	n/a	n/a	n/a	n/a	n/a	n/a	n/a	n/a	2401.865177	n/a
2401.880526	0.000000	480376	ttl	11	72	n/a	n/a	n/a	n/a	n/a	n/a	n/a	n/a	n/a	n/a	n/a	n/a	n/a	n/a	n/a	n/a	n/a	n/a	n/a	n/a	n/a	2401.880526	n/a
2402.447071	2.034097	480489	time_discrimination	n/a	n/a	n/a	72.0	n/a	n/a	n/a	2401.88052625	n/a	0.8311435098876245	2.0	1	1.0	NB_19_ShortA.png	n/a	4	2405.312312	n/a	66	1	1	intervals/timediscrimination_table	65	2402.447071	2404.481168
2402.447071	0.000000	480489	ttl	1	72	n/a	n/a	n/a	n/a	n/a	n/a	n/a	n/a	n/a	n/a	n/a	n/a	n/a	n/a	n/a	n/a	n/a	n/a	n/a	n/a	n/a	2402.447071	n/a
2404.481168	0.000000	480896	ttl	2	72	n/a	n/a	n/a	n/a	n/a	n/a	n/a	n/a	n/a	n/a	n/a	n/a	n/a	n/a	n/a	n/a	n/a	n/a	n/a	n/a	n/a	2404.481168	n/a
2405.312312	0.000000	481062	ttl	4	72	n/a	n/a	n/a	n/a	n/a	n/a	n/a	n/a	n/a	n/a	n/a	n/a	n/a	n/a	n/a	n/a	n/a	n/a	n/a	n/a	n/a	2405.312312	n/a
2405.324614	0.000000	481065	ttl	11	72	n/a	n/a	n/a	n/a	n/a	n/a	n/a	n/a	n/a	n/a	n/a	n/a	n/a	n/a	n/a	n/a	n/a	n/a	n/a	n/a	n/a	2405.324614	n/a
2405.824509	2.033409	481165	time_discrimination	n/a	n/a	n/a	72.0	n/a	n/a	n/a	2405.32461375	n/a	0.6026021586876595	2.0	1	1.0	NB_2_LongA.png	n/a	5	2408.4605205	n/a	67	2	2	intervals/timediscrimination_table	66	2405.824509	2407.857918
2405.824509	0.000000	481165	ttl	1	72	n/a	n/a	n/a	n/a	n/a	n/a	n/a	n/a	n/a	n/a	n/a	n/a	n/a	n/a	n/a	n/a	n/a	n/a	n/a	n/a	n/a	2405.824509	n/a
2407.857918	0.000000	481572	ttl	2	72	n/a	n/a	n/a	n/a	n/a	n/a	n/a	n/a	n/a	n/a	n/a	n/a	n/a	n/a	n/a	n/a	n/a	n/a	n/a	n/a	n/a	2407.857918	n/a
2408.460520	0.000000	481692	ttl	4	72	n/a	n/a	n/a	n/a	n/a	n/a	n/a	n/a	n/a	n/a	n/a	n/a	n/a	n/a	n/a	n/a	n/a	n/a	n/a	n/a	n/a	2408.460520	n/a
2408.478463	0.000000	481696	ttl	11	72	n/a	n/a	n/a	n/a	n/a	n/a	n/a	n/a	n/a	n/a	n/a	n/a	n/a	n/a	n/a	n/a	n/a	n/a	n/a	n/a	n/a	2408.478463	n/a
2409.128345	2.033368	481826	time_discrimination	n/a	n/a	n/a	72.0	n/a	n/a	n/a	2408.47846275	n/a	1.8029032482736511	2.0	2	2.0	SB_59_LongA.png	n/a	3	2412.9646159999998	n/a	68	1	1	intervals/timediscrimination_table	67	2409.128345	2411.161713
2409.128345	0.000000	481826	ttl	1	72	n/a	n/a	n/a	n/a	n/a	n/a	n/a	n/a	n/a	n/a	n/a	n/a	n/a	n/a	n/a	n/a	n/a	n/a	n/a	n/a	n/a	2409.128345	n/a
2411.161713	0.000000	482232	ttl	2	72	n/a	n/a	n/a	n/a	n/a	n/a	n/a	n/a	n/a	n/a	n/a	n/a	n/a	n/a	n/a	n/a	n/a	n/a	n/a	n/a	n/a	2411.161713	n/a
2412.964616	0.000000	482593	ttl	4	72	n/a	n/a	n/a	n/a	n/a	n/a	n/a	n/a	n/a	n/a	n/a	n/a	n/a	n/a	n/a	n/a	n/a	n/a	n/a	n/a	n/a	2412.964616	n/a
2412.977075	0.000000	482595	ttl	11	72	n/a	n/a	n/a	n/a	n/a	n/a	n/a	n/a	n/a	n/a	n/a	n/a	n/a	n/a	n/a	n/a	n/a	n/a	n/a	n/a	n/a	2412.977075	n/a
2413.560285	2.033650	482712	time_discrimination	n/a	n/a	n/a	72.0	n/a	n/a	n/a	2412.97707525	n/a	1.653392521708156	2.0	2	2.0	SB_8_LongA.png	n/a	3	2417.24732775	n/a	69	1	1	intervals/timediscrimination_table	68	2413.560285	2415.593935
2413.560285	0.000000	482712	ttl	1	72	n/a	n/a	n/a	n/a	n/a	n/a	n/a	n/a	n/a	n/a	n/a	n/a	n/a	n/a	n/a	n/a	n/a	n/a	n/a	n/a	n/a	2413.560285	n/a
2415.593935	0.000000	483119	ttl	2	72	n/a	n/a	n/a	n/a	n/a	n/a	n/a	n/a	n/a	n/a	n/a	n/a	n/a	n/a	n/a	n/a	n/a	n/a	n/a	n/a	n/a	2415.593935	n/a
2417.247328	0.000000	483449	ttl	4	72	n/a	n/a	n/a	n/a	n/a	n/a	n/a	n/a	n/a	n/a	n/a	n/a	n/a	n/a	n/a	n/a	n/a	n/a	n/a	n/a	n/a	2417.247328	n/a
2417.267604	0.000000	483454	ttl	11	72	n/a	n/a	n/a	n/a	n/a	n/a	n/a	n/a	n/a	n/a	n/a	n/a	n/a	n/a	n/a	n/a	n/a	n/a	n/a	n/a	n/a	2417.267604	n/a
2417.900801	2.033625	483580	time_discrimination	n/a	n/a	n/a	72.0	n/a	n/a	n/a	2417.26760375	n/a	0.01798756726202555	2.0	1	1.0	NB_21_LongA.png	n/a	5	2419.95241325	n/a	70	2	2	intervals/timediscrimination_table	69	2417.900801	2419.934426
2417.900801	0.000000	483580	ttl	1	72	n/a	n/a	n/a	n/a	n/a	n/a	n/a	n/a	n/a	n/a	n/a	n/a	n/a	n/a	n/a	n/a	n/a	n/a	n/a	n/a	n/a	2417.900801	n/a
2419.934426	0.000000	483987	ttl	2	72	n/a	n/a	n/a	n/a	n/a	n/a	n/a	n/a	n/a	n/a	n/a	n/a	n/a	n/a	n/a	n/a	n/a	n/a	n/a	n/a	n/a	2419.934426	n/a
2419.952413	0.000000	483990	ttl	4	72	n/a	n/a	n/a	n/a	n/a	n/a	n/a	n/a	n/a	n/a	n/a	n/a	n/a	n/a	n/a	n/a	n/a	n/a	n/a	n/a	n/a	2419.952413	n/a
2419.963145	0.000000	483993	ttl	11	72	n/a	n/a	n/a	n/a	n/a	n/a	n/a	n/a	n/a	n/a	n/a	n/a	n/a	n/a	n/a	n/a	n/a	n/a	n/a	n/a	n/a	2419.963145	n/a
2420.563012	2.033458	484113	time_discrimination	n/a	n/a	n/a	72.0	n/a	n/a	n/a	2419.9631449999997	n/a	3.9525316487124655	2.0	1	2.0	NB_28_LongA.png	n/a	3	2426.5490025	n/a	71	1	1	intervals/timediscrimination_table	70	2420.563012	2422.596471
2420.563012	0.000000	484113	ttl	1	72	n/a	n/a	n/a	n/a	n/a	n/a	n/a	n/a	n/a	n/a	n/a	n/a	n/a	n/a	n/a	n/a	n/a	n/a	n/a	n/a	n/a	2420.563012	n/a
2422.596471	0.000000	484519	ttl	2	72	n/a	n/a	n/a	n/a	n/a	n/a	n/a	n/a	n/a	n/a	n/a	n/a	n/a	n/a	n/a	n/a	n/a	n/a	n/a	n/a	n/a	2422.596471	n/a
2426.549002	0.000000	485310	ttl	4	72	n/a	n/a	n/a	n/a	n/a	n/a	n/a	n/a	n/a	n/a	n/a	n/a	n/a	n/a	n/a	n/a	n/a	n/a	n/a	n/a	n/a	2426.549002	n/a
2426.563312	0.000000	485313	ttl	11	72	n/a	n/a	n/a	n/a	n/a	n/a	n/a	n/a	n/a	n/a	n/a	n/a	n/a	n/a	n/a	n/a	n/a	n/a	n/a	n/a	n/a	2426.563312	n/a
2427.129858	2.034274	485426	time_discrimination	n/a	n/a	n/a	72.0	n/a	n/a	n/a	2426.5633117499997	n/a	0.10151560491067357	2.0	1	2.0	NB_30_ShortA.png	n/a	3	2429.26564675	n/a	72	1	1	intervals/timediscrimination_table	71	2427.129858	2429.164131
2427.129858	0.000000	485426	ttl	1	72	n/a	n/a	n/a	n/a	n/a	n/a	n/a	n/a	n/a	n/a	n/a	n/a	n/a	n/a	n/a	n/a	n/a	n/a	n/a	n/a	n/a	2427.129858	n/a
2429.164131	0.000000	485833	ttl	2	72	n/a	n/a	n/a	n/a	n/a	n/a	n/a	n/a	n/a	n/a	n/a	n/a	n/a	n/a	n/a	n/a	n/a	n/a	n/a	n/a	n/a	2429.164131	n/a
2429.265647	0.000000	485853	ttl	4	72	n/a	n/a	n/a	n/a	n/a	n/a	n/a	n/a	n/a	n/a	n/a	n/a	n/a	n/a	n/a	n/a	n/a	n/a	n/a	n/a	n/a	2429.265647	n/a
2429.283061	0.000000	485857	ttl	11	72	n/a	n/a	n/a	n/a	n/a	n/a	n/a	n/a	n/a	n/a	n/a	n/a	n/a	n/a	n/a	n/a	n/a	n/a	n/a	n/a	n/a	2429.283061	n/a
2429.832949	2.034497	485967	time_discrimination	n/a	n/a	n/a	72.0	n/a	n/a	n/a	2429.283061	n/a	1.2806021773139946	2.0	1	2.0	NB_26_LongA.png	n/a	6	2433.1480484999997	n/a	73	2	2	intervals/timediscrimination_table	72	2429.832949	2431.867446
2429.832949	0.000000	485967	ttl	1	72	n/a	n/a	n/a	n/a	n/a	n/a	n/a	n/a	n/a	n/a	n/a	n/a	n/a	n/a	n/a	n/a	n/a	n/a	n/a	n/a	n/a	2429.832949	n/a
2431.867446	0.000000	486373	ttl	2	72	n/a	n/a	n/a	n/a	n/a	n/a	n/a	n/a	n/a	n/a	n/a	n/a	n/a	n/a	n/a	n/a	n/a	n/a	n/a	n/a	n/a	2431.867446	n/a
2433.148048	0.000000	486630	ttl	4	72	n/a	n/a	n/a	n/a	n/a	n/a	n/a	n/a	n/a	n/a	n/a	n/a	n/a	n/a	n/a	n/a	n/a	n/a	n/a	n/a	n/a	2433.148048	n/a
2433.167197	0.000000	486633	ttl	11	72	n/a	n/a	n/a	n/a	n/a	n/a	n/a	n/a	n/a	n/a	n/a	n/a	n/a	n/a	n/a	n/a	n/a	n/a	n/a	n/a	n/a	2433.167197	n/a
2433.667097	2.033368	486733	time_discrimination	n/a	n/a	n/a	72.0	n/a	n/a	n/a	2433.16719725	n/a	1.1189893788832705	1.0	3	1.0	HB_6_ShortA.png	n/a	4	2436.819455	n/a	74	1	2	intervals/timediscrimination_table	73	2433.667097	2435.700466
2433.667097	0.000000	486733	ttl	1	72	n/a	n/a	n/a	n/a	n/a	n/a	n/a	n/a	n/a	n/a	n/a	n/a	n/a	n/a	n/a	n/a	n/a	n/a	n/a	n/a	n/a	2433.667097	n/a
2435.700466	0.000000	487140	ttl	2	72	n/a	n/a	n/a	n/a	n/a	n/a	n/a	n/a	n/a	n/a	n/a	n/a	n/a	n/a	n/a	n/a	n/a	n/a	n/a	n/a	n/a	2435.700466	n/a
2436.819455	0.000000	487364	ttl	4	72	n/a	n/a	n/a	n/a	n/a	n/a	n/a	n/a	n/a	n/a	n/a	n/a	n/a	n/a	n/a	n/a	n/a	n/a	n/a	n/a	n/a	2436.819455	n/a
2436.831639	0.000000	487366	ttl	11	72	n/a	n/a	n/a	n/a	n/a	n/a	n/a	n/a	n/a	n/a	n/a	n/a	n/a	n/a	n/a	n/a	n/a	n/a	n/a	n/a	n/a	2436.831639	n/a
2437.431505	2.033926	487486	time_discrimination	n/a	n/a	n/a	72.0	n/a	n/a	n/a	2436.83163925	n/a	0.536030026662047	2.0	1	2.0	NB_18_ShortA.png	n/a	3	2440.00146175	n/a	75	1	1	intervals/timediscrimination_table	74	2437.431505	2439.465431
2437.431505	0.000000	487486	ttl	1	72	n/a	n/a	n/a	n/a	n/a	n/a	n/a	n/a	n/a	n/a	n/a	n/a	n/a	n/a	n/a	n/a	n/a	n/a	n/a	n/a	n/a	2437.431505	n/a
2439.465431	0.000000	487893	ttl	2	72	n/a	n/a	n/a	n/a	n/a	n/a	n/a	n/a	n/a	n/a	n/a	n/a	n/a	n/a	n/a	n/a	n/a	n/a	n/a	n/a	n/a	2439.465431	n/a
2440.001462	0.000000	488000	ttl	4	72	n/a	n/a	n/a	n/a	n/a	n/a	n/a	n/a	n/a	n/a	n/a	n/a	n/a	n/a	n/a	n/a	n/a	n/a	n/a	n/a	n/a	2440.001462	n/a
2440.020001	0.000000	488004	ttl	11	72	n/a	n/a	n/a	n/a	n/a	n/a	n/a	n/a	n/a	n/a	n/a	n/a	n/a	n/a	n/a	n/a	n/a	n/a	n/a	n/a	n/a	2440.020001	n/a
2440.619876	2.034202	488124	time_discrimination	n/a	n/a	n/a	72.0	n/a	n/a	n/a	2440.02000075	n/a	4.189593816117849	2.0	1	2.0	NB_19_LongA.png	n/a	3	2446.843672	n/a	76	1	1	intervals/timediscrimination_table	75	2440.619876	2442.654078
2440.619876	0.000000	488124	ttl	1	72	n/a	n/a	n/a	n/a	n/a	n/a	n/a	n/a	n/a	n/a	n/a	n/a	n/a	n/a	n/a	n/a	n/a	n/a	n/a	n/a	n/a	2440.619876	n/a
2442.654078	0.000000	488531	ttl	2	72	n/a	n/a	n/a	n/a	n/a	n/a	n/a	n/a	n/a	n/a	n/a	n/a	n/a	n/a	n/a	n/a	n/a	n/a	n/a	n/a	n/a	2442.654078	n/a
2446.843672	0.000000	489369	ttl	4	72	n/a	n/a	n/a	n/a	n/a	n/a	n/a	n/a	n/a	n/a	n/a	n/a	n/a	n/a	n/a	n/a	n/a	n/a	n/a	n/a	n/a	2446.843672	n/a
2446.856360	0.000000	489371	ttl	11	72	n/a	n/a	n/a	n/a	n/a	n/a	n/a	n/a	n/a	n/a	n/a	n/a	n/a	n/a	n/a	n/a	n/a	n/a	n/a	n/a	n/a	2446.856360	n/a
2447.422910	2.034504	489485	time_discrimination	n/a	n/a	n/a	72.0	n/a	n/a	n/a	2446.8563595	n/a	1.935091641789768	1.0	3	2.0	HB_37_ShortA.png	n/a	6	2451.39250575	n/a	77	2	1	intervals/timediscrimination_table	76	2447.422910	2449.457414
2447.422910	0.000000	489485	ttl	1	72	n/a	n/a	n/a	n/a	n/a	n/a	n/a	n/a	n/a	n/a	n/a	n/a	n/a	n/a	n/a	n/a	n/a	n/a	n/a	n/a	n/a	2447.422910	n/a
2449.457414	0.000000	489891	ttl	2	72	n/a	n/a	n/a	n/a	n/a	n/a	n/a	n/a	n/a	n/a	n/a	n/a	n/a	n/a	n/a	n/a	n/a	n/a	n/a	n/a	n/a	2449.457414	n/a
2451.392506	0.000000	490279	ttl	4	72	n/a	n/a	n/a	n/a	n/a	n/a	n/a	n/a	n/a	n/a	n/a	n/a	n/a	n/a	n/a	n/a	n/a	n/a	n/a	n/a	n/a	2451.392506	n/a
2451.398100	0.000000	490280	ttl	11	72	n/a	n/a	n/a	n/a	n/a	n/a	n/a	n/a	n/a	n/a	n/a	n/a	n/a	n/a	n/a	n/a	n/a	n/a	n/a	n/a	n/a	2451.398100	n/a
2451.997978	2.034204	490400	time_discrimination	n/a	n/a	n/a	72.0	n/a	n/a	n/a	2451.3981	n/a	0.8938519027724396	2.0	2	3.0	SB_28_ShortA.png	n/a	2	2454.926034	n/a	78	1	1	intervals/timediscrimination_table	77	2451.997978	2454.032182
2451.997978	0.000000	490400	ttl	1	72	n/a	n/a	n/a	n/a	n/a	n/a	n/a	n/a	n/a	n/a	n/a	n/a	n/a	n/a	n/a	n/a	n/a	n/a	n/a	n/a	n/a	2451.997978	n/a
2454.032182	0.000000	490806	ttl	2	72	n/a	n/a	n/a	n/a	n/a	n/a	n/a	n/a	n/a	n/a	n/a	n/a	n/a	n/a	n/a	n/a	n/a	n/a	n/a	n/a	n/a	2454.032182	n/a
2454.926034	0.000000	490985	ttl	4	72	n/a	n/a	n/a	n/a	n/a	n/a	n/a	n/a	n/a	n/a	n/a	n/a	n/a	n/a	n/a	n/a	n/a	n/a	n/a	n/a	n/a	2454.926034	n/a
2454.942402	0.000000	490988	ttl	11	72	n/a	n/a	n/a	n/a	n/a	n/a	n/a	n/a	n/a	n/a	n/a	n/a	n/a	n/a	n/a	n/a	n/a	n/a	n/a	n/a	n/a	2454.942402	n/a
2455.542234	2.033416	491108	time_discrimination	n/a	n/a	n/a	72.0	n/a	n/a	n/a	2454.94240175	n/a	3.8562024697021116	1.0	3	2.0	HB_34_LongA.png	n/a	3	2461.4318525	n/a	79	1	2	intervals/timediscrimination_table	78	2455.542234	2457.575650
2455.542234	0.000000	491108	ttl	1	72	n/a	n/a	n/a	n/a	n/a	n/a	n/a	n/a	n/a	n/a	n/a	n/a	n/a	n/a	n/a	n/a	n/a	n/a	n/a	n/a	n/a	2455.542234	n/a
2457.575650	0.000000	491515	ttl	2	72	n/a	n/a	n/a	n/a	n/a	n/a	n/a	n/a	n/a	n/a	n/a	n/a	n/a	n/a	n/a	n/a	n/a	n/a	n/a	n/a	n/a	2457.575650	n/a
2461.431852	0.000000	492286	ttl	4	72	n/a	n/a	n/a	n/a	n/a	n/a	n/a	n/a	n/a	n/a	n/a	n/a	n/a	n/a	n/a	n/a	n/a	n/a	n/a	n/a	n/a	2461.431852	n/a
2461.448390	0.000000	492290	ttl	11	72	n/a	n/a	n/a	n/a	n/a	n/a	n/a	n/a	n/a	n/a	n/a	n/a	n/a	n/a	n/a	n/a	n/a	n/a	n/a	n/a	n/a	2461.448390	n/a
2462.114915	2.034514	492423	time_discrimination	n/a	n/a	n/a	72.0	n/a	n/a	n/a	2461.4483904999997	n/a	1.2750673080445267	2.0	3	2.0	HB_27_ShortA.png	n/a	3	2465.4244962499997	n/a	80	1	1	intervals/timediscrimination_table	79	2462.114915	2464.149429
2462.114915	0.000000	492423	ttl	1	72	n/a	n/a	n/a	n/a	n/a	n/a	n/a	n/a	n/a	n/a	n/a	n/a	n/a	n/a	n/a	n/a	n/a	n/a	n/a	n/a	n/a	2462.114915	n/a
2464.149429	0.000000	492830	ttl	2	72	n/a	n/a	n/a	n/a	n/a	n/a	n/a	n/a	n/a	n/a	n/a	n/a	n/a	n/a	n/a	n/a	n/a	n/a	n/a	n/a	n/a	2464.149429	n/a
2465.424496	0.000000	493085	ttl	4	72	n/a	n/a	n/a	n/a	n/a	n/a	n/a	n/a	n/a	n/a	n/a	n/a	n/a	n/a	n/a	n/a	n/a	n/a	n/a	n/a	n/a	2465.424496	n/a
2465.432617	0.000000	493087	ttl	11	72	n/a	n/a	n/a	n/a	n/a	n/a	n/a	n/a	n/a	n/a	n/a	n/a	n/a	n/a	n/a	n/a	n/a	n/a	n/a	n/a	n/a	2465.432617	n/a
2466.015825	2.034093	493203	time_discrimination	n/a	n/a	n/a	72.0	n/a	n/a	n/a	2465.43261725	n/a	2.0550958252861165	2.0	3	1.0	HB_47_LongA.png	n/a	5	2470.1050139999998	n/a	81	2	2	intervals/timediscrimination_table	80	2466.015825	2468.049918
2466.015825	0.000000	493203	ttl	1	72	n/a	n/a	n/a	n/a	n/a	n/a	n/a	n/a	n/a	n/a	n/a	n/a	n/a	n/a	n/a	n/a	n/a	n/a	n/a	n/a	n/a	2466.015825	n/a
2468.049918	0.000000	493610	ttl	2	72	n/a	n/a	n/a	n/a	n/a	n/a	n/a	n/a	n/a	n/a	n/a	n/a	n/a	n/a	n/a	n/a	n/a	n/a	n/a	n/a	n/a	2468.049918	n/a
2470.105014	0.000000	494021	ttl	4	72	n/a	n/a	n/a	n/a	n/a	n/a	n/a	n/a	n/a	n/a	n/a	n/a	n/a	n/a	n/a	n/a	n/a	n/a	n/a	n/a	n/a	2470.105014	n/a
2470.109075	0.000000	494022	ttl	11	72	n/a	n/a	n/a	n/a	n/a	n/a	n/a	n/a	n/a	n/a	n/a	n/a	n/a	n/a	n/a	n/a	n/a	n/a	n/a	n/a	n/a	2470.109075	n/a
2470.642310	2.033939	494128	time_discrimination	n/a	n/a	n/a	72.0	n/a	n/a	n/a	2470.109075	n/a	0.0	2.0	1	0.0	NB_1_ShortA.png	n/a	1	2472.677249	n/a	82	1	1	intervals/timediscrimination_table	81	2470.642310	2472.676249
2470.642310	0.000000	494128	ttl	1	72	n/a	n/a	n/a	n/a	n/a	n/a	n/a	n/a	n/a	n/a	n/a	n/a	n/a	n/a	n/a	n/a	n/a	n/a	n/a	n/a	n/a	2470.642310	n/a
2472.676249	0.000000	494535	ttl	2	72	n/a	n/a	n/a	n/a	n/a	n/a	n/a	n/a	n/a	n/a	n/a	n/a	n/a	n/a	n/a	n/a	n/a	n/a	n/a	n/a	n/a	2472.676249	n/a
2476.613875	0.000000	495323	ttl	11	72	n/a	n/a	n/a	n/a	n/a	n/a	n/a	n/a	n/a	n/a	n/a	n/a	n/a	n/a	n/a	n/a	n/a	n/a	n/a	n/a	n/a	2476.613875	n/a
2477.213758	2.033691	495443	time_discrimination	n/a	n/a	n/a	72.0	n/a	n/a	n/a	2476.61387475	n/a	0.865475338709075	2.0	2	3.0	SB_22_LongA.png	n/a	2	2480.11292475	n/a	83	1	1	intervals/timediscrimination_table	82	2477.213758	2479.247449
2477.213758	0.000000	495443	ttl	1	72	n/a	n/a	n/a	n/a	n/a	n/a	n/a	n/a	n/a	n/a	n/a	n/a	n/a	n/a	n/a	n/a	n/a	n/a	n/a	n/a	n/a	2477.213758	n/a
2479.247449	0.000000	495849	ttl	2	72	n/a	n/a	n/a	n/a	n/a	n/a	n/a	n/a	n/a	n/a	n/a	n/a	n/a	n/a	n/a	n/a	n/a	n/a	n/a	n/a	n/a	2479.247449	n/a
2480.112925	0.000000	496023	ttl	4	72	n/a	n/a	n/a	n/a	n/a	n/a	n/a	n/a	n/a	n/a	n/a	n/a	n/a	n/a	n/a	n/a	n/a	n/a	n/a	n/a	n/a	2480.112925	n/a
2480.128639	0.000000	496026	ttl	11	72	n/a	n/a	n/a	n/a	n/a	n/a	n/a	n/a	n/a	n/a	n/a	n/a	n/a	n/a	n/a	n/a	n/a	n/a	n/a	n/a	n/a	2480.128639	n/a
2480.711845	2.033740	496142	time_discrimination	n/a	n/a	n/a	72.0	n/a	n/a	n/a	2480.128639	n/a	0.764409465045901	1.0	3	2.0	HB_10_LongA.png	n/a	6	2483.5099944999997	n/a	84	2	1	intervals/timediscrimination_table	83	2480.711845	2482.745585
2480.711845	0.000000	496142	ttl	1	72	n/a	n/a	n/a	n/a	n/a	n/a	n/a	n/a	n/a	n/a	n/a	n/a	n/a	n/a	n/a	n/a	n/a	n/a	n/a	n/a	n/a	2480.711845	n/a
2482.745585	0.000000	496549	ttl	2	72	n/a	n/a	n/a	n/a	n/a	n/a	n/a	n/a	n/a	n/a	n/a	n/a	n/a	n/a	n/a	n/a	n/a	n/a	n/a	n/a	n/a	2482.745585	n/a
2483.509994	0.000000	496702	ttl	4	72	n/a	n/a	n/a	n/a	n/a	n/a	n/a	n/a	n/a	n/a	n/a	n/a	n/a	n/a	n/a	n/a	n/a	n/a	n/a	n/a	n/a	2483.509994	n/a
2483.529718	0.000000	496706	ttl	11	72	n/a	n/a	n/a	n/a	n/a	n/a	n/a	n/a	n/a	n/a	n/a	n/a	n/a	n/a	n/a	n/a	n/a	n/a	n/a	n/a	n/a	2483.529718	n/a
2484.129591	2.033779	496826	time_discrimination	n/a	n/a	n/a	72.0	n/a	n/a	n/a	2483.5297185	n/a	3.1915828048367985	1.0	3	2.0	HB_30_ShortA.png	n/a	6	2489.354953	n/a	85	2	1	intervals/timediscrimination_table	84	2484.129591	2486.163370
2484.129591	0.000000	496826	ttl	1	72	n/a	n/a	n/a	n/a	n/a	n/a	n/a	n/a	n/a	n/a	n/a	n/a	n/a	n/a	n/a	n/a	n/a	n/a	n/a	n/a	n/a	2484.129591	n/a
2486.163370	0.000000	497233	ttl	2	72	n/a	n/a	n/a	n/a	n/a	n/a	n/a	n/a	n/a	n/a	n/a	n/a	n/a	n/a	n/a	n/a	n/a	n/a	n/a	n/a	n/a	2486.163370	n/a
2489.354953	0.000000	497871	ttl	4	72	n/a	n/a	n/a	n/a	n/a	n/a	n/a	n/a	n/a	n/a	n/a	n/a	n/a	n/a	n/a	n/a	n/a	n/a	n/a	n/a	n/a	2489.354953	n/a
2489.362273	0.000000	497872	ttl	11	72	n/a	n/a	n/a	n/a	n/a	n/a	n/a	n/a	n/a	n/a	n/a	n/a	n/a	n/a	n/a	n/a	n/a	n/a	n/a	n/a	n/a	2489.362273	n/a
2489.912156	2.034382	497982	time_discrimination	n/a	n/a	n/a	72.0	n/a	n/a	n/a	2489.36227325	n/a	2.9504516478045844	2.0	3	3.0	HB_8_LongA.png	n/a	7	2494.8969895	n/a	86	2	2	intervals/timediscrimination_table	85	2489.912156	2491.946538
2489.912156	0.000000	497982	ttl	1	72	n/a	n/a	n/a	n/a	n/a	n/a	n/a	n/a	n/a	n/a	n/a	n/a	n/a	n/a	n/a	n/a	n/a	n/a	n/a	n/a	n/a	2489.912156	n/a
2491.946538	0.000000	498389	ttl	2	72	n/a	n/a	n/a	n/a	n/a	n/a	n/a	n/a	n/a	n/a	n/a	n/a	n/a	n/a	n/a	n/a	n/a	n/a	n/a	n/a	n/a	2491.946538	n/a
2494.896990	0.000000	498979	ttl	4	72	n/a	n/a	n/a	n/a	n/a	n/a	n/a	n/a	n/a	n/a	n/a	n/a	n/a	n/a	n/a	n/a	n/a	n/a	n/a	n/a	n/a	2494.896990	n/a
2494.902491	0.000000	498980	ttl	11	72	n/a	n/a	n/a	n/a	n/a	n/a	n/a	n/a	n/a	n/a	n/a	n/a	n/a	n/a	n/a	n/a	n/a	n/a	n/a	n/a	n/a	2494.902491	n/a
2495.519035	2.033779	499104	time_discrimination	n/a	n/a	n/a	72.0	n/a	n/a	n/a	2494.902491	n/a	0.1933615328016458	2.0	3	3.0	HB_55_LongA.png	n/a	2	2497.7461755	n/a	87	1	1	intervals/timediscrimination_table	86	2495.519035	2497.552814
2495.519035	0.000000	499104	ttl	1	72	n/a	n/a	n/a	n/a	n/a	n/a	n/a	n/a	n/a	n/a	n/a	n/a	n/a	n/a	n/a	n/a	n/a	n/a	n/a	n/a	n/a	2495.519035	n/a
2497.552814	0.000000	499511	ttl	2	72	n/a	n/a	n/a	n/a	n/a	n/a	n/a	n/a	n/a	n/a	n/a	n/a	n/a	n/a	n/a	n/a	n/a	n/a	n/a	n/a	n/a	2497.552814	n/a
2497.746175	0.000000	499549	ttl	4	72	n/a	n/a	n/a	n/a	n/a	n/a	n/a	n/a	n/a	n/a	n/a	n/a	n/a	n/a	n/a	n/a	n/a	n/a	n/a	n/a	n/a	2497.746175	n/a
2497.755379	0.000000	499551	ttl	11	72	n/a	n/a	n/a	n/a	n/a	n/a	n/a	n/a	n/a	n/a	n/a	n/a	n/a	n/a	n/a	n/a	n/a	n/a	n/a	n/a	n/a	2497.755379	n/a
2498.338603	2.033661	499668	time_discrimination	n/a	n/a	n/a	72.0	n/a	n/a	n/a	2497.7553795	n/a	0.18734624880016781	2.0	1	2.0	NB_6_ShortA.png	n/a	3	2500.5596097499997	n/a	88	1	1	intervals/timediscrimination_table	87	2498.338603	2500.372263
2498.338603	0.000000	499668	ttl	1	72	n/a	n/a	n/a	n/a	n/a	n/a	n/a	n/a	n/a	n/a	n/a	n/a	n/a	n/a	n/a	n/a	n/a	n/a	n/a	n/a	n/a	2498.338603	n/a
2500.372263	0.000000	500074	ttl	2	72	n/a	n/a	n/a	n/a	n/a	n/a	n/a	n/a	n/a	n/a	n/a	n/a	n/a	n/a	n/a	n/a	n/a	n/a	n/a	n/a	n/a	2500.372263	n/a
2500.559610	0.000000	500112	ttl	4	72	n/a	n/a	n/a	n/a	n/a	n/a	n/a	n/a	n/a	n/a	n/a	n/a	n/a	n/a	n/a	n/a	n/a	n/a	n/a	n/a	n/a	2500.559610	n/a
2500.566084	0.000000	500113	ttl	11	72	n/a	n/a	n/a	n/a	n/a	n/a	n/a	n/a	n/a	n/a	n/a	n/a	n/a	n/a	n/a	n/a	n/a	n/a	n/a	n/a	n/a	2500.566084	n/a
2501.099293	2.033340	500220	time_discrimination	n/a	n/a	n/a	72.0	n/a	n/a	n/a	2500.566084	n/a	2.5758700439764652	2.0	1	2.0	NB_12_ShortA.png	n/a	3	2505.708503	n/a	89	1	1	intervals/timediscrimination_table	88	2501.099293	2503.132633
2501.099293	0.000000	500220	ttl	1	72	n/a	n/a	n/a	n/a	n/a	n/a	n/a	n/a	n/a	n/a	n/a	n/a	n/a	n/a	n/a	n/a	n/a	n/a	n/a	n/a	n/a	2501.099293	n/a
2503.132633	0.000000	500627	ttl	2	72	n/a	n/a	n/a	n/a	n/a	n/a	n/a	n/a	n/a	n/a	n/a	n/a	n/a	n/a	n/a	n/a	n/a	n/a	n/a	n/a	n/a	2503.132633	n/a
2505.708503	0.000000	501142	ttl	4	72	n/a	n/a	n/a	n/a	n/a	n/a	n/a	n/a	n/a	n/a	n/a	n/a	n/a	n/a	n/a	n/a	n/a	n/a	n/a	n/a	n/a	2505.708503	n/a
2505.724700	0.000000	501145	ttl	11	72	n/a	n/a	n/a	n/a	n/a	n/a	n/a	n/a	n/a	n/a	n/a	n/a	n/a	n/a	n/a	n/a	n/a	n/a	n/a	n/a	n/a	2505.724700	n/a
2506.307915	2.033672	501262	time_discrimination	n/a	n/a	n/a	72.0	n/a	n/a	n/a	2505.7246997499997	n/a	0.031024532770970836	2.0	1	2.0	NB_5_ShortA.png	n/a	6	2508.3726119999997	n/a	90	2	2	intervals/timediscrimination_table	89	2506.307915	2508.341588
2506.307915	0.000000	501262	ttl	1	72	n/a	n/a	n/a	n/a	n/a	n/a	n/a	n/a	n/a	n/a	n/a	n/a	n/a	n/a	n/a	n/a	n/a	n/a	n/a	n/a	n/a	2506.307915	n/a
2508.341588	0.000000	501668	ttl	2	72	n/a	n/a	n/a	n/a	n/a	n/a	n/a	n/a	n/a	n/a	n/a	n/a	n/a	n/a	n/a	n/a	n/a	n/a	n/a	n/a	n/a	2508.341588	n/a
2508.372612	0.000000	501675	ttl	4	72	n/a	n/a	n/a	n/a	n/a	n/a	n/a	n/a	n/a	n/a	n/a	n/a	n/a	n/a	n/a	n/a	n/a	n/a	n/a	n/a	n/a	2508.372612	n/a
2508.385619	0.000000	501677	ttl	11	72	n/a	n/a	n/a	n/a	n/a	n/a	n/a	n/a	n/a	n/a	n/a	n/a	n/a	n/a	n/a	n/a	n/a	n/a	n/a	n/a	n/a	2508.385619	n/a
2508.968809	2.034473	501794	time_discrimination	n/a	n/a	n/a	72.0	n/a	n/a	n/a	2508.3856195	n/a	1.0512923730857437	2.0	3	1.0	HB_44_ShortA.png	n/a	5	2512.05457475	n/a	91	2	2	intervals/timediscrimination_table	90	2508.968809	2511.003282
2508.968809	0.000000	501794	ttl	1	72	n/a	n/a	n/a	n/a	n/a	n/a	n/a	n/a	n/a	n/a	n/a	n/a	n/a	n/a	n/a	n/a	n/a	n/a	n/a	n/a	n/a	2508.968809	n/a
2511.003282	0.000000	502201	ttl	2	72	n/a	n/a	n/a	n/a	n/a	n/a	n/a	n/a	n/a	n/a	n/a	n/a	n/a	n/a	n/a	n/a	n/a	n/a	n/a	n/a	n/a	2511.003282	n/a
2512.054575	0.000000	502411	ttl	4	72	n/a	n/a	n/a	n/a	n/a	n/a	n/a	n/a	n/a	n/a	n/a	n/a	n/a	n/a	n/a	n/a	n/a	n/a	n/a	n/a	n/a	2512.054575	n/a
2512.061451	0.000000	502412	ttl	11	72	n/a	n/a	n/a	n/a	n/a	n/a	n/a	n/a	n/a	n/a	n/a	n/a	n/a	n/a	n/a	n/a	n/a	n/a	n/a	n/a	n/a	2512.061451	n/a
2512.611328	2.033381	502522	time_discrimination	n/a	n/a	n/a	72.0	n/a	n/a	n/a	2512.061451	n/a	2.9397722952999175	2.0	1	1.0	NB_1_LongA.png	n/a	5	2517.5844819999998	n/a	92	2	2	intervals/timediscrimination_table	91	2512.611328	2514.644710
2512.611328	0.000000	502522	ttl	1	72	n/a	n/a	n/a	n/a	n/a	n/a	n/a	n/a	n/a	n/a	n/a	n/a	n/a	n/a	n/a	n/a	n/a	n/a	n/a	n/a	n/a	2512.611328	n/a
2514.644710	0.000000	502929	ttl	2	72	n/a	n/a	n/a	n/a	n/a	n/a	n/a	n/a	n/a	n/a	n/a	n/a	n/a	n/a	n/a	n/a	n/a	n/a	n/a	n/a	n/a	2514.644710	n/a
2517.584482	0.000000	503517	ttl	4	72	n/a	n/a	n/a	n/a	n/a	n/a	n/a	n/a	n/a	n/a	n/a	n/a	n/a	n/a	n/a	n/a	n/a	n/a	n/a	n/a	n/a	2517.584482	n/a
2517.599206	0.000000	503520	ttl	11	72	n/a	n/a	n/a	n/a	n/a	n/a	n/a	n/a	n/a	n/a	n/a	n/a	n/a	n/a	n/a	n/a	n/a	n/a	n/a	n/a	n/a	2517.599206	n/a
2518.182421	2.034225	503636	time_discrimination	n/a	n/a	n/a	72.0	n/a	n/a	n/a	2517.599206	n/a	5.263258626422612	2.0	1	1.0	NB_27_ShortA.png	n/a	4	2525.47990525	n/a	93	1	1	intervals/timediscrimination_table	92	2518.182421	2520.216647
2518.182421	0.000000	503636	ttl	1	72	n/a	n/a	n/a	n/a	n/a	n/a	n/a	n/a	n/a	n/a	n/a	n/a	n/a	n/a	n/a	n/a	n/a	n/a	n/a	n/a	n/a	2518.182421	n/a
2520.216647	0.000000	504043	ttl	2	72	n/a	n/a	n/a	n/a	n/a	n/a	n/a	n/a	n/a	n/a	n/a	n/a	n/a	n/a	n/a	n/a	n/a	n/a	n/a	n/a	n/a	2520.216647	n/a
2525.479905	0.000000	505096	ttl	4	72	n/a	n/a	n/a	n/a	n/a	n/a	n/a	n/a	n/a	n/a	n/a	n/a	n/a	n/a	n/a	n/a	n/a	n/a	n/a	n/a	n/a	2525.479905	n/a
2525.492849	0.000000	505099	ttl	11	72	n/a	n/a	n/a	n/a	n/a	n/a	n/a	n/a	n/a	n/a	n/a	n/a	n/a	n/a	n/a	n/a	n/a	n/a	n/a	n/a	n/a	2525.492849	n/a
2526.092729	2.033739	505219	time_discrimination	n/a	n/a	n/a	72.0	n/a	n/a	n/a	2525.4928489999998	n/a	0.7851282732881373	2.0	2	2.0	SB_48_ShortA.png	n/a	6	2528.9115965	n/a	94	2	2	intervals/timediscrimination_table	93	2526.092729	2528.126468
2526.092729	0.000000	505219	ttl	1	72	n/a	n/a	n/a	n/a	n/a	n/a	n/a	n/a	n/a	n/a	n/a	n/a	n/a	n/a	n/a	n/a	n/a	n/a	n/a	n/a	n/a	2526.092729	n/a
2528.126468	0.000000	505625	ttl	2	72	n/a	n/a	n/a	n/a	n/a	n/a	n/a	n/a	n/a	n/a	n/a	n/a	n/a	n/a	n/a	n/a	n/a	n/a	n/a	n/a	n/a	2528.126468	n/a
2528.911597	0.000000	505782	ttl	4	72	n/a	n/a	n/a	n/a	n/a	n/a	n/a	n/a	n/a	n/a	n/a	n/a	n/a	n/a	n/a	n/a	n/a	n/a	n/a	n/a	n/a	2528.911597	n/a
2528.920488	0.000000	505784	ttl	11	72	n/a	n/a	n/a	n/a	n/a	n/a	n/a	n/a	n/a	n/a	n/a	n/a	n/a	n/a	n/a	n/a	n/a	n/a	n/a	n/a	n/a	2528.920488	n/a
2529.437045	2.034034	505887	time_discrimination	n/a	n/a	n/a	72.0	n/a	n/a	n/a	2528.9204877499997	n/a	1.4632027649786323	2.0	3	2.0	HB_52_LongA.png	n/a	6	2532.93428225	n/a	95	2	2	intervals/timediscrimination_table	94	2529.437045	2531.471080
2529.437045	0.000000	505887	ttl	1	72	n/a	n/a	n/a	n/a	n/a	n/a	n/a	n/a	n/a	n/a	n/a	n/a	n/a	n/a	n/a	n/a	n/a	n/a	n/a	n/a	n/a	2529.437045	n/a
2531.471080	0.000000	506294	ttl	2	72	n/a	n/a	n/a	n/a	n/a	n/a	n/a	n/a	n/a	n/a	n/a	n/a	n/a	n/a	n/a	n/a	n/a	n/a	n/a	n/a	n/a	2531.471080	n/a
2532.934282	0.000000	506587	ttl	4	72	n/a	n/a	n/a	n/a	n/a	n/a	n/a	n/a	n/a	n/a	n/a	n/a	n/a	n/a	n/a	n/a	n/a	n/a	n/a	n/a	n/a	2532.934282	n/a
2532.947656	0.000000	506590	ttl	11	72	n/a	n/a	n/a	n/a	n/a	n/a	n/a	n/a	n/a	n/a	n/a	n/a	n/a	n/a	n/a	n/a	n/a	n/a	n/a	n/a	n/a	2532.947656	n/a
2533.464209	2.034481	506693	time_discrimination	n/a	n/a	n/a	72.0	n/a	n/a	n/a	2532.947656	n/a	0.5736835255956976	2.0	1	1.0	NB_12_LongA.png	n/a	4	2536.072374	n/a	96	1	1	intervals/timediscrimination_table	95	2533.464209	2535.498691
2533.464209	0.000000	506693	ttl	1	72	n/a	n/a	n/a	n/a	n/a	n/a	n/a	n/a	n/a	n/a	n/a	n/a	n/a	n/a	n/a	n/a	n/a	n/a	n/a	n/a	n/a	2533.464209	n/a
2535.498691	0.000000	507100	ttl	2	72	n/a	n/a	n/a	n/a	n/a	n/a	n/a	n/a	n/a	n/a	n/a	n/a	n/a	n/a	n/a	n/a	n/a	n/a	n/a	n/a	n/a	2535.498691	n/a
2536.072374	0.000000	507214	ttl	4	72	n/a	n/a	n/a	n/a	n/a	n/a	n/a	n/a	n/a	n/a	n/a	n/a	n/a	n/a	n/a	n/a	n/a	n/a	n/a	n/a	n/a	2536.072374	n/a
2536.093707	0.000000	507219	ttl	11	72	n/a	n/a	n/a	n/a	n/a	n/a	n/a	n/a	n/a	n/a	n/a	n/a	n/a	n/a	n/a	n/a	n/a	n/a	n/a	n/a	n/a	2536.093707	n/a
2536.693579	2.035271	507339	time_discrimination	n/a	n/a	n/a	72.0	n/a	n/a	n/a	2536.09370675	n/a	1.3108622294967063	2.0	2	2.0	SB_40_LongA.png	n/a	6	2540.0397117499997	n/a	97	2	2	intervals/timediscrimination_table	96	2536.693579	2538.728849
2536.693579	0.000000	507339	ttl	1	72	n/a	n/a	n/a	n/a	n/a	n/a	n/a	n/a	n/a	n/a	n/a	n/a	n/a	n/a	n/a	n/a	n/a	n/a	n/a	n/a	n/a	2536.693579	n/a
2538.728849	0.000000	507746	ttl	2	72	n/a	n/a	n/a	n/a	n/a	n/a	n/a	n/a	n/a	n/a	n/a	n/a	n/a	n/a	n/a	n/a	n/a	n/a	n/a	n/a	n/a	2538.728849	n/a
2540.039712	0.000000	508008	ttl	4	72	n/a	n/a	n/a	n/a	n/a	n/a	n/a	n/a	n/a	n/a	n/a	n/a	n/a	n/a	n/a	n/a	n/a	n/a	n/a	n/a	n/a	2540.039712	n/a
2540.042788	0.000000	508009	ttl	11	72	n/a	n/a	n/a	n/a	n/a	n/a	n/a	n/a	n/a	n/a	n/a	n/a	n/a	n/a	n/a	n/a	n/a	n/a	n/a	n/a	n/a	2540.042788	n/a
2540.692659	2.034739	508139	time_discrimination	n/a	n/a	n/a	72.0	n/a	n/a	n/a	2540.0427877499997	n/a	0.22534762060968205	2.0	1	1.0	NB_10_ShortA.png	n/a	5	2542.952745	n/a	98	2	2	intervals/timediscrimination_table	97	2540.692659	2542.727397
2540.692659	0.000000	508139	ttl	1	72	n/a	n/a	n/a	n/a	n/a	n/a	n/a	n/a	n/a	n/a	n/a	n/a	n/a	n/a	n/a	n/a	n/a	n/a	n/a	n/a	n/a	2540.692659	n/a
2542.727397	0.000000	508545	ttl	2	72	n/a	n/a	n/a	n/a	n/a	n/a	n/a	n/a	n/a	n/a	n/a	n/a	n/a	n/a	n/a	n/a	n/a	n/a	n/a	n/a	n/a	2542.727397	n/a
2542.952745	0.000000	508591	ttl	4	72	n/a	n/a	n/a	n/a	n/a	n/a	n/a	n/a	n/a	n/a	n/a	n/a	n/a	n/a	n/a	n/a	n/a	n/a	n/a	n/a	n/a	2542.952745	n/a
2542.964313	0.000000	508593	ttl	11	72	n/a	n/a	n/a	n/a	n/a	n/a	n/a	n/a	n/a	n/a	n/a	n/a	n/a	n/a	n/a	n/a	n/a	n/a	n/a	n/a	n/a	2542.964313	n/a
2543.580854	2.034437	508716	time_discrimination	n/a	n/a	n/a	72.0	n/a	n/a	n/a	2542.9643134999997	n/a	1.3426167707366403	2.0	3	2.0	HB_9_LongA.png	n/a	6	2546.9579074999997	n/a	99	2	2	intervals/timediscrimination_table	98	2543.580854	2545.615291
2543.580854	0.000000	508716	ttl	1	72	n/a	n/a	n/a	n/a	n/a	n/a	n/a	n/a	n/a	n/a	n/a	n/a	n/a	n/a	n/a	n/a	n/a	n/a	n/a	n/a	n/a	2543.580854	n/a
2545.615291	0.000000	509123	ttl	2	72	n/a	n/a	n/a	n/a	n/a	n/a	n/a	n/a	n/a	n/a	n/a	n/a	n/a	n/a	n/a	n/a	n/a	n/a	n/a	n/a	n/a	2545.615291	n/a
2546.957907	0.000000	509392	ttl	4	72	n/a	n/a	n/a	n/a	n/a	n/a	n/a	n/a	n/a	n/a	n/a	n/a	n/a	n/a	n/a	n/a	n/a	n/a	n/a	n/a	n/a	2546.957907	n/a
2546.968663	0.000000	509394	ttl	11	72	n/a	n/a	n/a	n/a	n/a	n/a	n/a	n/a	n/a	n/a	n/a	n/a	n/a	n/a	n/a	n/a	n/a	n/a	n/a	n/a	n/a	2546.968663	n/a
2547.501897	2.034114	509500	time_discrimination	n/a	n/a	n/a	72.0	n/a	n/a	n/a	2546.9686632499997	n/a	0.5070308977010427	1.0	3	2.0	HB_14_ShortA.png	n/a	6	2550.0430415	n/a	100	2	1	intervals/timediscrimination_table	99	2547.501897	2549.536011
2547.501897	0.000000	509500	ttl	1	72	n/a	n/a	n/a	n/a	n/a	n/a	n/a	n/a	n/a	n/a	n/a	n/a	n/a	n/a	n/a	n/a	n/a	n/a	n/a	n/a	n/a	2547.501897	n/a
2549.536011	0.000000	509907	ttl	2	72	n/a	n/a	n/a	n/a	n/a	n/a	n/a	n/a	n/a	n/a	n/a	n/a	n/a	n/a	n/a	n/a	n/a	n/a	n/a	n/a	n/a	2549.536011	n/a
2550.043042	0.000000	510009	ttl	4	72	n/a	n/a	n/a	n/a	n/a	n/a	n/a	n/a	n/a	n/a	n/a	n/a	n/a	n/a	n/a	n/a	n/a	n/a	n/a	n/a	n/a	2550.043042	n/a
2550.060060	0.000000	510012	ttl	11	72	n/a	n/a	n/a	n/a	n/a	n/a	n/a	n/a	n/a	n/a	n/a	n/a	n/a	n/a	n/a	n/a	n/a	n/a	n/a	n/a	n/a	2550.060060	n/a
2550.693271	2.034008	510139	time_discrimination	n/a	n/a	n/a	72.0	n/a	n/a	n/a	2550.0600595	n/a	1.4329983472562162	1.0	2	3.0	SB_32_ShortA.png	n/a	2	2554.160278	n/a	101	1	2	intervals/timediscrimination_table	100	2550.693271	2552.727279
2550.693271	0.000000	510139	ttl	1	72	n/a	n/a	n/a	n/a	n/a	n/a	n/a	n/a	n/a	n/a	n/a	n/a	n/a	n/a	n/a	n/a	n/a	n/a	n/a	n/a	n/a	2550.693271	n/a
2552.727279	0.000000	510545	ttl	2	72	n/a	n/a	n/a	n/a	n/a	n/a	n/a	n/a	n/a	n/a	n/a	n/a	n/a	n/a	n/a	n/a	n/a	n/a	n/a	n/a	n/a	2552.727279	n/a
2554.160278	0.000000	510832	ttl	4	72	n/a	n/a	n/a	n/a	n/a	n/a	n/a	n/a	n/a	n/a	n/a	n/a	n/a	n/a	n/a	n/a	n/a	n/a	n/a	n/a	n/a	2554.160278	n/a
2554.162773	0.000000	510833	ttl	11	72	n/a	n/a	n/a	n/a	n/a	n/a	n/a	n/a	n/a	n/a	n/a	n/a	n/a	n/a	n/a	n/a	n/a	n/a	n/a	n/a	n/a	2554.162773	n/a
2554.696021	2.033622	510939	time_discrimination	n/a	n/a	n/a	72.0	n/a	n/a	n/a	2554.16277275	n/a	1.0192408983130008	2.0	1	1.0	NB_4_ShortA.png	n/a	4	2557.7488835	n/a	102	1	1	intervals/timediscrimination_table	101	2554.696021	2556.729643
2554.696021	0.000000	510939	ttl	1	72	n/a	n/a	n/a	n/a	n/a	n/a	n/a	n/a	n/a	n/a	n/a	n/a	n/a	n/a	n/a	n/a	n/a	n/a	n/a	n/a	n/a	2554.696021	n/a
2556.729643	0.000000	511346	ttl	2	72	n/a	n/a	n/a	n/a	n/a	n/a	n/a	n/a	n/a	n/a	n/a	n/a	n/a	n/a	n/a	n/a	n/a	n/a	n/a	n/a	n/a	2556.729643	n/a
2557.748883	0.000000	511550	ttl	4	72	n/a	n/a	n/a	n/a	n/a	n/a	n/a	n/a	n/a	n/a	n/a	n/a	n/a	n/a	n/a	n/a	n/a	n/a	n/a	n/a	n/a	2557.748883	n/a
2557.757223	0.000000	511551	ttl	11	72	n/a	n/a	n/a	n/a	n/a	n/a	n/a	n/a	n/a	n/a	n/a	n/a	n/a	n/a	n/a	n/a	n/a	n/a	n/a	n/a	n/a	2557.757223	n/a
2558.390432	2.034601	511678	time_discrimination	n/a	n/a	n/a	72.0	n/a	n/a	n/a	2557.7572232499997	n/a	1.1517282064451138	2.0	3	3.0	HB_36_ShortA.png	n/a	2	2561.5767607499997	n/a	103	1	1	intervals/timediscrimination_table	102	2558.390432	2560.425032
2558.390432	0.000000	511678	ttl	1	72	n/a	n/a	n/a	n/a	n/a	n/a	n/a	n/a	n/a	n/a	n/a	n/a	n/a	n/a	n/a	n/a	n/a	n/a	n/a	n/a	n/a	2558.390432	n/a
2560.425032	0.000000	512085	ttl	2	72	n/a	n/a	n/a	n/a	n/a	n/a	n/a	n/a	n/a	n/a	n/a	n/a	n/a	n/a	n/a	n/a	n/a	n/a	n/a	n/a	n/a	2560.425032	n/a
2561.576761	0.000000	512315	ttl	4	72	n/a	n/a	n/a	n/a	n/a	n/a	n/a	n/a	n/a	n/a	n/a	n/a	n/a	n/a	n/a	n/a	n/a	n/a	n/a	n/a	n/a	2561.576761	n/a
2561.583785	0.000000	512317	ttl	11	72	n/a	n/a	n/a	n/a	n/a	n/a	n/a	n/a	n/a	n/a	n/a	n/a	n/a	n/a	n/a	n/a	n/a	n/a	n/a	n/a	n/a	2561.583785	n/a
2562.167011	2.033677	512433	time_discrimination	n/a	n/a	n/a	72.0	n/a	n/a	n/a	2561.5837847499997	n/a	3.3588316873501753	1.0	1	1.0	NB_22_LongA.png	n/a	5	2567.5595197499997	n/a	104	2	1	intervals/timediscrimination_table	103	2562.167011	2564.200688
2562.167011	0.000000	512433	ttl	1	72	n/a	n/a	n/a	n/a	n/a	n/a	n/a	n/a	n/a	n/a	n/a	n/a	n/a	n/a	n/a	n/a	n/a	n/a	n/a	n/a	n/a	2562.167011	n/a
2564.200688	0.000000	512840	ttl	2	72	n/a	n/a	n/a	n/a	n/a	n/a	n/a	n/a	n/a	n/a	n/a	n/a	n/a	n/a	n/a	n/a	n/a	n/a	n/a	n/a	n/a	2564.200688	n/a
2567.559520	0.000000	513512	ttl	4	72	n/a	n/a	n/a	n/a	n/a	n/a	n/a	n/a	n/a	n/a	n/a	n/a	n/a	n/a	n/a	n/a	n/a	n/a	n/a	n/a	n/a	2567.559520	n/a
2567.566147	0.000000	513513	ttl	11	72	n/a	n/a	n/a	n/a	n/a	n/a	n/a	n/a	n/a	n/a	n/a	n/a	n/a	n/a	n/a	n/a	n/a	n/a	n/a	n/a	n/a	2567.566147	n/a
2568.166022	2.034739	513633	time_discrimination	n/a	n/a	n/a	72.0	n/a	n/a	n/a	2567.56614675	n/a	2.9455799792631296	2.0	3	3.0	HB_40_LongA.png	n/a	2	2573.14634075	n/a	105	1	1	intervals/timediscrimination_table	104	2568.166022	2570.200761
2568.166022	0.000000	513633	ttl	1	72	n/a	n/a	n/a	n/a	n/a	n/a	n/a	n/a	n/a	n/a	n/a	n/a	n/a	n/a	n/a	n/a	n/a	n/a	n/a	n/a	n/a	2568.166022	n/a
2570.200761	0.000000	514040	ttl	2	72	n/a	n/a	n/a	n/a	n/a	n/a	n/a	n/a	n/a	n/a	n/a	n/a	n/a	n/a	n/a	n/a	n/a	n/a	n/a	n/a	n/a	2570.200761	n/a
2573.146341	0.000000	514629	ttl	4	72	n/a	n/a	n/a	n/a	n/a	n/a	n/a	n/a	n/a	n/a	n/a	n/a	n/a	n/a	n/a	n/a	n/a	n/a	n/a	n/a	n/a	2573.146341	n/a
2573.152403	0.000000	514630	ttl	11	72	n/a	n/a	n/a	n/a	n/a	n/a	n/a	n/a	n/a	n/a	n/a	n/a	n/a	n/a	n/a	n/a	n/a	n/a	n/a	n/a	n/a	2573.152403	n/a
2573.768945	2.034771	514754	time_discrimination	n/a	n/a	n/a	72.0	n/a	n/a	n/a	2573.15240275	n/a	2.293553921612329	2.0	1	2.0	NB_15_LongA.png	n/a	6	2578.0972697499997	n/a	106	2	2	intervals/timediscrimination_table	105	2573.768945	2575.803716
2573.768945	0.000000	514754	ttl	1	72	n/a	n/a	n/a	n/a	n/a	n/a	n/a	n/a	n/a	n/a	n/a	n/a	n/a	n/a	n/a	n/a	n/a	n/a	n/a	n/a	n/a	2573.768945	n/a
2575.803716	0.000000	515161	ttl	2	72	n/a	n/a	n/a	n/a	n/a	n/a	n/a	n/a	n/a	n/a	n/a	n/a	n/a	n/a	n/a	n/a	n/a	n/a	n/a	n/a	n/a	2575.803716	n/a
2578.097270	0.000000	515619	ttl	4	72	n/a	n/a	n/a	n/a	n/a	n/a	n/a	n/a	n/a	n/a	n/a	n/a	n/a	n/a	n/a	n/a	n/a	n/a	n/a	n/a	n/a	2578.097270	n/a
2578.104698	0.000000	515621	ttl	11	72	n/a	n/a	n/a	n/a	n/a	n/a	n/a	n/a	n/a	n/a	n/a	n/a	n/a	n/a	n/a	n/a	n/a	n/a	n/a	n/a	n/a	2578.104698	n/a
2578.704572	2.034600	515741	time_discrimination	n/a	n/a	n/a	72.0	n/a	n/a	n/a	2578.1046982499997	n/a	2.804054338048445	1.0	1	2.0	NB_25_ShortA.png	n/a	3	2583.5432269999997	n/a	107	1	2	intervals/timediscrimination_table	106	2578.704572	2580.739172
2578.704572	0.000000	515741	ttl	1	72	n/a	n/a	n/a	n/a	n/a	n/a	n/a	n/a	n/a	n/a	n/a	n/a	n/a	n/a	n/a	n/a	n/a	n/a	n/a	n/a	n/a	2578.704572	n/a
2580.739172	0.000000	516148	ttl	2	72	n/a	n/a	n/a	n/a	n/a	n/a	n/a	n/a	n/a	n/a	n/a	n/a	n/a	n/a	n/a	n/a	n/a	n/a	n/a	n/a	n/a	2580.739172	n/a
2583.543227	0.000000	516709	ttl	4	72	n/a	n/a	n/a	n/a	n/a	n/a	n/a	n/a	n/a	n/a	n/a	n/a	n/a	n/a	n/a	n/a	n/a	n/a	n/a	n/a	n/a	2583.543227	n/a
2583.550270	0.000000	516710	ttl	11	72	n/a	n/a	n/a	n/a	n/a	n/a	n/a	n/a	n/a	n/a	n/a	n/a	n/a	n/a	n/a	n/a	n/a	n/a	n/a	n/a	n/a	2583.550270	n/a
2584.100151	2.033456	516820	time_discrimination	n/a	n/a	n/a	72.0	n/a	n/a	n/a	2583.55027025	n/a	0.7973830322589492	1.0	1	2.0	NB_26_ShortA.png	n/a	6	2586.93099025	n/a	108	2	1	intervals/timediscrimination_table	107	2584.100151	2586.133607
2584.100151	0.000000	516820	ttl	1	72	n/a	n/a	n/a	n/a	n/a	n/a	n/a	n/a	n/a	n/a	n/a	n/a	n/a	n/a	n/a	n/a	n/a	n/a	n/a	n/a	n/a	2584.100151	n/a
2586.133607	0.000000	517227	ttl	2	72	n/a	n/a	n/a	n/a	n/a	n/a	n/a	n/a	n/a	n/a	n/a	n/a	n/a	n/a	n/a	n/a	n/a	n/a	n/a	n/a	n/a	2586.133607	n/a
2586.930990	0.000000	517386	ttl	4	72	n/a	n/a	n/a	n/a	n/a	n/a	n/a	n/a	n/a	n/a	n/a	n/a	n/a	n/a	n/a	n/a	n/a	n/a	n/a	n/a	n/a	2586.930990	n/a
2586.948247	0.000000	517390	ttl	11	72	n/a	n/a	n/a	n/a	n/a	n/a	n/a	n/a	n/a	n/a	n/a	n/a	n/a	n/a	n/a	n/a	n/a	n/a	n/a	n/a	n/a	2586.948247	n/a
2587.548119	2.034397	517510	time_discrimination	n/a	n/a	n/a	72.0	n/a	n/a	n/a	2586.9482467499997	n/a	0.44882494560442865	1.0	1	3.0	NB_4_LongA.png	n/a	7	2590.03134125	n/a	109	2	1	intervals/timediscrimination_table	108	2587.548119	2589.582516
2587.548119	0.000000	517510	ttl	1	72	n/a	n/a	n/a	n/a	n/a	n/a	n/a	n/a	n/a	n/a	n/a	n/a	n/a	n/a	n/a	n/a	n/a	n/a	n/a	n/a	n/a	2587.548119	n/a
2589.582516	0.000000	517917	ttl	2	72	n/a	n/a	n/a	n/a	n/a	n/a	n/a	n/a	n/a	n/a	n/a	n/a	n/a	n/a	n/a	n/a	n/a	n/a	n/a	n/a	n/a	2589.582516	n/a
2590.031341	0.000000	518006	ttl	4	72	n/a	n/a	n/a	n/a	n/a	n/a	n/a	n/a	n/a	n/a	n/a	n/a	n/a	n/a	n/a	n/a	n/a	n/a	n/a	n/a	n/a	2590.031341	n/a
2590.039934	0.000000	518008	ttl	11	72	n/a	n/a	n/a	n/a	n/a	n/a	n/a	n/a	n/a	n/a	n/a	n/a	n/a	n/a	n/a	n/a	n/a	n/a	n/a	n/a	n/a	2590.039934	n/a
2590.589816	2.034482	518118	time_discrimination	n/a	n/a	n/a	72.0	n/a	n/a	n/a	2590.03993425	n/a	0.13468187220860273	1.0	1	3.0	NB_7_LongA.png	n/a	7	2592.75897975	n/a	110	2	1	intervals/timediscrimination_table	109	2590.589816	2592.624298
2590.589816	0.000000	518118	ttl	1	72	n/a	n/a	n/a	n/a	n/a	n/a	n/a	n/a	n/a	n/a	n/a	n/a	n/a	n/a	n/a	n/a	n/a	n/a	n/a	n/a	n/a	2590.589816	n/a
2592.624298	0.000000	518525	ttl	2	72	n/a	n/a	n/a	n/a	n/a	n/a	n/a	n/a	n/a	n/a	n/a	n/a	n/a	n/a	n/a	n/a	n/a	n/a	n/a	n/a	n/a	2592.624298	n/a
2592.758980	0.000000	518552	ttl	4	72	n/a	n/a	n/a	n/a	n/a	n/a	n/a	n/a	n/a	n/a	n/a	n/a	n/a	n/a	n/a	n/a	n/a	n/a	n/a	n/a	n/a	2592.758980	n/a
2592.774305	0.000000	518555	ttl	11	72	n/a	n/a	n/a	n/a	n/a	n/a	n/a	n/a	n/a	n/a	n/a	n/a	n/a	n/a	n/a	n/a	n/a	n/a	n/a	n/a	n/a	2592.774305	n/a
2593.307525	2.033554	518662	time_discrimination	n/a	n/a	n/a	72.0	n/a	n/a	n/a	2592.77430525	n/a	1.74008167500142	1.0	2	3.0	SB_44_ShortA.png	n/a	7	2597.08116025	n/a	111	2	1	intervals/timediscrimination_table	110	2593.307525	2595.341079
2593.307525	0.000000	518662	ttl	1	72	n/a	n/a	n/a	n/a	n/a	n/a	n/a	n/a	n/a	n/a	n/a	n/a	n/a	n/a	n/a	n/a	n/a	n/a	n/a	n/a	n/a	2593.307525	n/a
2595.341079	0.000000	519068	ttl	2	72	n/a	n/a	n/a	n/a	n/a	n/a	n/a	n/a	n/a	n/a	n/a	n/a	n/a	n/a	n/a	n/a	n/a	n/a	n/a	n/a	n/a	2595.341079	n/a
2597.081160	0.000000	519416	ttl	4	72	n/a	n/a	n/a	n/a	n/a	n/a	n/a	n/a	n/a	n/a	n/a	n/a	n/a	n/a	n/a	n/a	n/a	n/a	n/a	n/a	n/a	2597.081160	n/a
2597.093019	0.000000	519419	ttl	11	72	n/a	n/a	n/a	n/a	n/a	n/a	n/a	n/a	n/a	n/a	n/a	n/a	n/a	n/a	n/a	n/a	n/a	n/a	n/a	n/a	n/a	2597.093019	n/a
2597.676241	2.034720	519535	time_discrimination	n/a	n/a	n/a	72.0	n/a	n/a	n/a	2597.09301875	n/a	1.9007597425661515	2.0	3	3.0	HB_21_LongA.png	n/a	7	2601.6117207499997	n/a	112	2	2	intervals/timediscrimination_table	111	2597.676241	2599.710961
2597.676241	0.000000	519535	ttl	1	72	n/a	n/a	n/a	n/a	n/a	n/a	n/a	n/a	n/a	n/a	n/a	n/a	n/a	n/a	n/a	n/a	n/a	n/a	n/a	n/a	n/a	2597.676241	n/a
2599.710961	0.000000	519942	ttl	2	72	n/a	n/a	n/a	n/a	n/a	n/a	n/a	n/a	n/a	n/a	n/a	n/a	n/a	n/a	n/a	n/a	n/a	n/a	n/a	n/a	n/a	2599.710961	n/a
2601.611721	0.000000	520322	ttl	4	72	n/a	n/a	n/a	n/a	n/a	n/a	n/a	n/a	n/a	n/a	n/a	n/a	n/a	n/a	n/a	n/a	n/a	n/a	n/a	n/a	n/a	2601.611721	n/a
2601.630103	0.000000	520326	ttl	11	72	n/a	n/a	n/a	n/a	n/a	n/a	n/a	n/a	n/a	n/a	n/a	n/a	n/a	n/a	n/a	n/a	n/a	n/a	n/a	n/a	n/a	2601.630103	n/a
2602.229979	2.033551	520446	time_discrimination	n/a	n/a	n/a	72.0	n/a	n/a	n/a	2601.630103	n/a	0.6831421474489616	2.0	3	3.0	HB_43_LongA.png	n/a	2	2604.94667275	n/a	113	1	1	intervals/timediscrimination_table	112	2602.229979	2604.263530
2602.229979	0.000000	520446	ttl	1	72	n/a	n/a	n/a	n/a	n/a	n/a	n/a	n/a	n/a	n/a	n/a	n/a	n/a	n/a	n/a	n/a	n/a	n/a	n/a	n/a	n/a	2602.229979	n/a
2604.263530	0.000000	520853	ttl	2	72	n/a	n/a	n/a	n/a	n/a	n/a	n/a	n/a	n/a	n/a	n/a	n/a	n/a	n/a	n/a	n/a	n/a	n/a	n/a	n/a	n/a	2604.263530	n/a
2604.946673	0.000000	520989	ttl	4	72	n/a	n/a	n/a	n/a	n/a	n/a	n/a	n/a	n/a	n/a	n/a	n/a	n/a	n/a	n/a	n/a	n/a	n/a	n/a	n/a	n/a	2604.946673	n/a
2604.951812	0.000000	520990	ttl	11	72	n/a	n/a	n/a	n/a	n/a	n/a	n/a	n/a	n/a	n/a	n/a	n/a	n/a	n/a	n/a	n/a	n/a	n/a	n/a	n/a	n/a	2604.951812	n/a
2605.535020	2.033582	521107	time_discrimination	n/a	n/a	n/a	72.0	n/a	n/a	n/a	2604.9518117499997	n/a	2.437159816836356	2.0	2	3.0	SB_13_ShortA.png	n/a	7	2610.00576125	n/a	114	2	2	intervals/timediscrimination_table	113	2605.535020	2607.568601
2605.535020	0.000000	521107	ttl	1	72	n/a	n/a	n/a	n/a	n/a	n/a	n/a	n/a	n/a	n/a	n/a	n/a	n/a	n/a	n/a	n/a	n/a	n/a	n/a	n/a	n/a	2605.535020	n/a
2607.568601	0.000000	521514	ttl	2	72	n/a	n/a	n/a	n/a	n/a	n/a	n/a	n/a	n/a	n/a	n/a	n/a	n/a	n/a	n/a	n/a	n/a	n/a	n/a	n/a	n/a	2607.568601	n/a
2610.005761	0.000000	522001	ttl	4	72	n/a	n/a	n/a	n/a	n/a	n/a	n/a	n/a	n/a	n/a	n/a	n/a	n/a	n/a	n/a	n/a	n/a	n/a	n/a	n/a	n/a	2610.005761	n/a
2610.017727	0.000000	522004	ttl	11	72	n/a	n/a	n/a	n/a	n/a	n/a	n/a	n/a	n/a	n/a	n/a	n/a	n/a	n/a	n/a	n/a	n/a	n/a	n/a	n/a	n/a	2610.017727	n/a
2610.650933	2.033686	522130	time_discrimination	n/a	n/a	n/a	72.0	n/a	n/a	n/a	2610.01772725	n/a	1.858645954853273	2.0	3	3.0	HB_2_LongA.png	n/a	2	2614.5432647499997	n/a	115	1	1	intervals/timediscrimination_table	114	2610.650933	2612.684619
2610.650933	0.000000	522130	ttl	1	72	n/a	n/a	n/a	n/a	n/a	n/a	n/a	n/a	n/a	n/a	n/a	n/a	n/a	n/a	n/a	n/a	n/a	n/a	n/a	n/a	n/a	2610.650933	n/a
2612.684619	0.000000	522537	ttl	2	72	n/a	n/a	n/a	n/a	n/a	n/a	n/a	n/a	n/a	n/a	n/a	n/a	n/a	n/a	n/a	n/a	n/a	n/a	n/a	n/a	n/a	2612.684619	n/a
2614.543265	0.000000	522909	ttl	4	72	n/a	n/a	n/a	n/a	n/a	n/a	n/a	n/a	n/a	n/a	n/a	n/a	n/a	n/a	n/a	n/a	n/a	n/a	n/a	n/a	n/a	2614.543265	n/a
2614.554800	0.000000	522911	ttl	11	72	n/a	n/a	n/a	n/a	n/a	n/a	n/a	n/a	n/a	n/a	n/a	n/a	n/a	n/a	n/a	n/a	n/a	n/a	n/a	n/a	n/a	2614.554800	n/a
2615.121323	2.033659	523024	time_discrimination	n/a	n/a	n/a	72.0	n/a	n/a	n/a	2614.55480025	n/a	2.538278479318251	1.0	2	3.0	SB_34_ShortA.png	n/a	2	2619.69326025	n/a	116	1	2	intervals/timediscrimination_table	115	2615.121323	2617.154982
2615.121323	0.000000	523024	ttl	1	72	n/a	n/a	n/a	n/a	n/a	n/a	n/a	n/a	n/a	n/a	n/a	n/a	n/a	n/a	n/a	n/a	n/a	n/a	n/a	n/a	n/a	2615.121323	n/a
2617.154982	0.000000	523431	ttl	2	72	n/a	n/a	n/a	n/a	n/a	n/a	n/a	n/a	n/a	n/a	n/a	n/a	n/a	n/a	n/a	n/a	n/a	n/a	n/a	n/a	n/a	2617.154982	n/a
2619.693260	0.000000	523939	ttl	4	72	n/a	n/a	n/a	n/a	n/a	n/a	n/a	n/a	n/a	n/a	n/a	n/a	n/a	n/a	n/a	n/a	n/a	n/a	n/a	n/a	n/a	2619.693260	n/a
2619.700619	0.000000	523940	ttl	11	72	n/a	n/a	n/a	n/a	n/a	n/a	n/a	n/a	n/a	n/a	n/a	n/a	n/a	n/a	n/a	n/a	n/a	n/a	n/a	n/a	n/a	2619.700619	n/a
2620.183842	2.034248	524037	time_discrimination	n/a	n/a	n/a	72.0	n/a	n/a	n/a	2619.7006189999997	n/a	0.07865534513257444	1.0	1	3.0	NB_27_LongA.png	n/a	2	2622.2967455	n/a	117	1	2	intervals/timediscrimination_table	116	2620.183842	2622.218090
2620.183842	0.000000	524037	ttl	1	72	n/a	n/a	n/a	n/a	n/a	n/a	n/a	n/a	n/a	n/a	n/a	n/a	n/a	n/a	n/a	n/a	n/a	n/a	n/a	n/a	n/a	2620.183842	n/a
2622.218090	0.000000	524444	ttl	2	72	n/a	n/a	n/a	n/a	n/a	n/a	n/a	n/a	n/a	n/a	n/a	n/a	n/a	n/a	n/a	n/a	n/a	n/a	n/a	n/a	n/a	2622.218090	n/a
2622.296745	0.000000	524459	ttl	4	72	n/a	n/a	n/a	n/a	n/a	n/a	n/a	n/a	n/a	n/a	n/a	n/a	n/a	n/a	n/a	n/a	n/a	n/a	n/a	n/a	n/a	2622.296745	n/a
2622.317086	0.000000	524463	ttl	11	72	n/a	n/a	n/a	n/a	n/a	n/a	n/a	n/a	n/a	n/a	n/a	n/a	n/a	n/a	n/a	n/a	n/a	n/a	n/a	n/a	n/a	2622.317086	n/a
2622.916973	2.034347	524583	time_discrimination	n/a	n/a	n/a	72.0	n/a	n/a	n/a	2622.31708575	n/a	3.203096800352796	2.0	3	1.0	HB_31_LongA.png	n/a	5	2628.15441625	n/a	118	2	2	intervals/timediscrimination_table	117	2622.916973	2624.951319
2622.916973	0.000000	524583	ttl	1	72	n/a	n/a	n/a	n/a	n/a	n/a	n/a	n/a	n/a	n/a	n/a	n/a	n/a	n/a	n/a	n/a	n/a	n/a	n/a	n/a	n/a	2622.916973	n/a
2624.951319	0.000000	524990	ttl	2	72	n/a	n/a	n/a	n/a	n/a	n/a	n/a	n/a	n/a	n/a	n/a	n/a	n/a	n/a	n/a	n/a	n/a	n/a	n/a	n/a	n/a	2624.951319	n/a
2628.154416	0.000000	525631	ttl	4	72	n/a	n/a	n/a	n/a	n/a	n/a	n/a	n/a	n/a	n/a	n/a	n/a	n/a	n/a	n/a	n/a	n/a	n/a	n/a	n/a	n/a	2628.154416	n/a
2628.173753	0.000000	525635	ttl	11	72	n/a	n/a	n/a	n/a	n/a	n/a	n/a	n/a	n/a	n/a	n/a	n/a	n/a	n/a	n/a	n/a	n/a	n/a	n/a	n/a	n/a	2628.173753	n/a
2628.673654	2.033513	525735	time_discrimination	n/a	n/a	n/a	72.0	n/a	n/a	n/a	2628.1737534999997	n/a	0.418422901944723	2.0	1	1.0	NB_22_ShortA.png	n/a	5	2631.12558925	n/a	119	2	2	intervals/timediscrimination_table	118	2628.673654	2630.707166
2628.673654	0.000000	525735	ttl	1	72	n/a	n/a	n/a	n/a	n/a	n/a	n/a	n/a	n/a	n/a	n/a	n/a	n/a	n/a	n/a	n/a	n/a	n/a	n/a	n/a	n/a	2628.673654	n/a
2630.707166	0.000000	526141	ttl	2	72	n/a	n/a	n/a	n/a	n/a	n/a	n/a	n/a	n/a	n/a	n/a	n/a	n/a	n/a	n/a	n/a	n/a	n/a	n/a	n/a	n/a	2630.707166	n/a
2631.125589	0.000000	526225	ttl	4	72	n/a	n/a	n/a	n/a	n/a	n/a	n/a	n/a	n/a	n/a	n/a	n/a	n/a	n/a	n/a	n/a	n/a	n/a	n/a	n/a	n/a	2631.125589	n/a
2631.129099	0.000000	526226	ttl	11	72	n/a	n/a	n/a	n/a	n/a	n/a	n/a	n/a	n/a	n/a	n/a	n/a	n/a	n/a	n/a	n/a	n/a	n/a	n/a	n/a	n/a	2631.129099	n/a
2631.728966	2.034426	526346	time_discrimination	n/a	n/a	n/a	72.0	n/a	n/a	n/a	2631.12909925	n/a	2.9884899006283376	1.0	2	1.0	SB_46_LongA.png	n/a	5	2636.75188225	n/a	120	2	1	intervals/timediscrimination_table	119	2631.728966	2633.763392
2631.728966	0.000000	526346	ttl	1	72	n/a	n/a	n/a	n/a	n/a	n/a	n/a	n/a	n/a	n/a	n/a	n/a	n/a	n/a	n/a	n/a	n/a	n/a	n/a	n/a	n/a	2631.728966	n/a
2633.763392	0.000000	526753	ttl	2	72	n/a	n/a	n/a	n/a	n/a	n/a	n/a	n/a	n/a	n/a	n/a	n/a	n/a	n/a	n/a	n/a	n/a	n/a	n/a	n/a	n/a	2633.763392	n/a
2636.751882	0.000000	527350	ttl	4	72	n/a	n/a	n/a	n/a	n/a	n/a	n/a	n/a	n/a	n/a	n/a	n/a	n/a	n/a	n/a	n/a	n/a	n/a	n/a	n/a	n/a	2636.751882	n/a
2636.766038	0.000000	527353	ttl	11	72	n/a	n/a	n/a	n/a	n/a	n/a	n/a	n/a	n/a	n/a	n/a	n/a	n/a	n/a	n/a	n/a	n/a	n/a	n/a	n/a	n/a	2636.766038	n/a
2637.349260	2.034203	527470	time_discrimination	n/a	n/a	n/a	72.0	n/a	n/a	n/a	2636.7660375	n/a	2.2608827053190907	1.0	2	1.0	SB_50_LongA.png	n/a	5	2641.6443464999998	n/a	121	2	1	intervals/timediscrimination_table	120	2637.349260	2639.383464
2637.349260	0.000000	527470	ttl	1	72	n/a	n/a	n/a	n/a	n/a	n/a	n/a	n/a	n/a	n/a	n/a	n/a	n/a	n/a	n/a	n/a	n/a	n/a	n/a	n/a	n/a	2637.349260	n/a
2639.383464	0.000000	527877	ttl	2	72	n/a	n/a	n/a	n/a	n/a	n/a	n/a	n/a	n/a	n/a	n/a	n/a	n/a	n/a	n/a	n/a	n/a	n/a	n/a	n/a	n/a	2639.383464	n/a
2641.644346	0.000000	528329	ttl	4	72	n/a	n/a	n/a	n/a	n/a	n/a	n/a	n/a	n/a	n/a	n/a	n/a	n/a	n/a	n/a	n/a	n/a	n/a	n/a	n/a	n/a	2641.644346	n/a
2641.661868	0.000000	528332	ttl	11	72	n/a	n/a	n/a	n/a	n/a	n/a	n/a	n/a	n/a	n/a	n/a	n/a	n/a	n/a	n/a	n/a	n/a	n/a	n/a	n/a	n/a	2641.661868	n/a
2642.245075	2.033897	528449	time_discrimination	n/a	n/a	n/a	72.0	n/a	n/a	n/a	2641.6618679999997	n/a	2.9515792407328263	2.0	2	3.0	SB_31_ShortA.png	n/a	2	2647.230551	n/a	122	1	1	intervals/timediscrimination_table	121	2642.245075	2644.278972
2642.245075	0.000000	528449	ttl	1	72	n/a	n/a	n/a	n/a	n/a	n/a	n/a	n/a	n/a	n/a	n/a	n/a	n/a	n/a	n/a	n/a	n/a	n/a	n/a	n/a	n/a	2642.245075	n/a
2644.278972	0.000000	528856	ttl	2	72	n/a	n/a	n/a	n/a	n/a	n/a	n/a	n/a	n/a	n/a	n/a	n/a	n/a	n/a	n/a	n/a	n/a	n/a	n/a	n/a	n/a	2644.278972	n/a
2647.230551	0.000000	529446	ttl	4	72	n/a	n/a	n/a	n/a	n/a	n/a	n/a	n/a	n/a	n/a	n/a	n/a	n/a	n/a	n/a	n/a	n/a	n/a	n/a	n/a	n/a	2647.230551	n/a
2647.236133	0.000000	529447	ttl	11	72	n/a	n/a	n/a	n/a	n/a	n/a	n/a	n/a	n/a	n/a	n/a	n/a	n/a	n/a	n/a	n/a	n/a	n/a	n/a	n/a	n/a	2647.236133	n/a
2647.769370	2.033820	529554	time_discrimination	n/a	n/a	n/a	72.0	n/a	n/a	n/a	2647.23613325	n/a	1.19556043567718	1.0	2	2.0	SB_57_LongA.png	n/a	6	2650.99875075	n/a	123	2	1	intervals/timediscrimination_table	122	2647.769370	2649.803190
2647.769370	0.000000	529554	ttl	1	72	n/a	n/a	n/a	n/a	n/a	n/a	n/a	n/a	n/a	n/a	n/a	n/a	n/a	n/a	n/a	n/a	n/a	n/a	n/a	n/a	n/a	2647.769370	n/a
2649.803190	0.000000	529961	ttl	2	72	n/a	n/a	n/a	n/a	n/a	n/a	n/a	n/a	n/a	n/a	n/a	n/a	n/a	n/a	n/a	n/a	n/a	n/a	n/a	n/a	n/a	2649.803190	n/a
2650.998751	0.000000	530200	ttl	4	72	n/a	n/a	n/a	n/a	n/a	n/a	n/a	n/a	n/a	n/a	n/a	n/a	n/a	n/a	n/a	n/a	n/a	n/a	n/a	n/a	n/a	2650.998751	n/a
2651.007057	0.000000	530201	ttl	11	72	n/a	n/a	n/a	n/a	n/a	n/a	n/a	n/a	n/a	n/a	n/a	n/a	n/a	n/a	n/a	n/a	n/a	n/a	n/a	n/a	n/a	2651.007057	n/a
2651.557037	2.033382	530311	time_discrimination	n/a	n/a	n/a	72.0	n/a	n/a	n/a	2651.0070567499997	n/a	1.256961796534597	1.0	1	3.0	NB_24_LongA.png	n/a	2	2654.847381	n/a	124	1	2	intervals/timediscrimination_table	123	2651.557037	2653.590419
2651.557037	0.000000	530311	ttl	1	72	n/a	n/a	n/a	n/a	n/a	n/a	n/a	n/a	n/a	n/a	n/a	n/a	n/a	n/a	n/a	n/a	n/a	n/a	n/a	n/a	n/a	2651.557037	n/a
2653.590419	0.000000	530718	ttl	2	72	n/a	n/a	n/a	n/a	n/a	n/a	n/a	n/a	n/a	n/a	n/a	n/a	n/a	n/a	n/a	n/a	n/a	n/a	n/a	n/a	n/a	2653.590419	n/a
2654.847381	0.000000	530969	ttl	4	72	n/a	n/a	n/a	n/a	n/a	n/a	n/a	n/a	n/a	n/a	n/a	n/a	n/a	n/a	n/a	n/a	n/a	n/a	n/a	n/a	n/a	2654.847381	n/a
2654.858410	0.000000	530972	ttl	11	72	n/a	n/a	n/a	n/a	n/a	n/a	n/a	n/a	n/a	n/a	n/a	n/a	n/a	n/a	n/a	n/a	n/a	n/a	n/a	n/a	n/a	2654.858410	n/a
2655.441621	2.034562	531088	time_discrimination	n/a	n/a	n/a	72.0	n/a	n/a	n/a	2654.8584105	n/a	0.4676717108231969	2.0	2	2.0	SB_14_LongA.png	n/a	6	2657.94385525	n/a	125	2	2	intervals/timediscrimination_table	124	2655.441621	2657.476183
2655.441621	0.000000	531088	ttl	1	72	n/a	n/a	n/a	n/a	n/a	n/a	n/a	n/a	n/a	n/a	n/a	n/a	n/a	n/a	n/a	n/a	n/a	n/a	n/a	n/a	n/a	2655.441621	n/a
2657.476183	0.000000	531495	ttl	2	72	n/a	n/a	n/a	n/a	n/a	n/a	n/a	n/a	n/a	n/a	n/a	n/a	n/a	n/a	n/a	n/a	n/a	n/a	n/a	n/a	n/a	2657.476183	n/a
2657.943855	0.000000	531589	ttl	4	72	n/a	n/a	n/a	n/a	n/a	n/a	n/a	n/a	n/a	n/a	n/a	n/a	n/a	n/a	n/a	n/a	n/a	n/a	n/a	n/a	n/a	2657.943855	n/a
2657.958656	0.000000	531592	ttl	11	72	n/a	n/a	n/a	n/a	n/a	n/a	n/a	n/a	n/a	n/a	n/a	n/a	n/a	n/a	n/a	n/a	n/a	n/a	n/a	n/a	n/a	2657.958656	n/a
2658.558514	2.033513	531712	time_discrimination	n/a	n/a	n/a	72.0	n/a	n/a	n/a	2657.9586565	n/a	3.9645435723359697	2.0	2	2.0	SB_29_ShortA.png	n/a	6	2664.556571	n/a	126	2	2	intervals/timediscrimination_table	125	2658.558514	2660.592027
2658.558514	0.000000	531712	ttl	1	72	n/a	n/a	n/a	n/a	n/a	n/a	n/a	n/a	n/a	n/a	n/a	n/a	n/a	n/a	n/a	n/a	n/a	n/a	n/a	n/a	n/a	2658.558514	n/a
2660.592027	0.000000	532118	ttl	2	72	n/a	n/a	n/a	n/a	n/a	n/a	n/a	n/a	n/a	n/a	n/a	n/a	n/a	n/a	n/a	n/a	n/a	n/a	n/a	n/a	n/a	2660.592027	n/a
2664.556571	0.000000	532911	ttl	4	72	n/a	n/a	n/a	n/a	n/a	n/a	n/a	n/a	n/a	n/a	n/a	n/a	n/a	n/a	n/a	n/a	n/a	n/a	n/a	n/a	n/a	2664.556571	n/a
2664.569739	0.000000	532914	ttl	11	72	n/a	n/a	n/a	n/a	n/a	n/a	n/a	n/a	n/a	n/a	n/a	n/a	n/a	n/a	n/a	n/a	n/a	n/a	n/a	n/a	n/a	2664.569739	n/a
2665.119610	2.034228	533024	time_discrimination	n/a	n/a	n/a	72.0	n/a	n/a	n/a	2664.569739	n/a	0.7055194394633872	2.0	1	2.0	NB_13_LongA.png	n/a	6	2667.859357	n/a	127	2	2	intervals/timediscrimination_table	126	2665.119610	2667.153838
2665.119610	0.000000	533024	ttl	1	72	n/a	n/a	n/a	n/a	n/a	n/a	n/a	n/a	n/a	n/a	n/a	n/a	n/a	n/a	n/a	n/a	n/a	n/a	n/a	n/a	n/a	2665.119610	n/a
2667.153838	0.000000	533431	ttl	2	72	n/a	n/a	n/a	n/a	n/a	n/a	n/a	n/a	n/a	n/a	n/a	n/a	n/a	n/a	n/a	n/a	n/a	n/a	n/a	n/a	n/a	2667.153838	n/a
2667.859357	0.000000	533572	ttl	4	72	n/a	n/a	n/a	n/a	n/a	n/a	n/a	n/a	n/a	n/a	n/a	n/a	n/a	n/a	n/a	n/a	n/a	n/a	n/a	n/a	n/a	2667.859357	n/a
2667.874596	0.000000	533575	ttl	11	72	n/a	n/a	n/a	n/a	n/a	n/a	n/a	n/a	n/a	n/a	n/a	n/a	n/a	n/a	n/a	n/a	n/a	n/a	n/a	n/a	n/a	2667.874596	n/a
2668.507787	2.033695	533702	time_discrimination	n/a	n/a	n/a	72.0	n/a	n/a	n/a	2667.87459575	n/a	3.284699933603406	2.0	1	3.0	NB_29_LongA.png	n/a	2	2673.826182	n/a	128	1	1	intervals/timediscrimination_table	127	2668.507787	2670.541482
2668.507787	0.000000	533702	ttl	1	72	n/a	n/a	n/a	n/a	n/a	n/a	n/a	n/a	n/a	n/a	n/a	n/a	n/a	n/a	n/a	n/a	n/a	n/a	n/a	n/a	n/a	2668.507787	n/a
2670.541482	0.000000	534108	ttl	2	72	n/a	n/a	n/a	n/a	n/a	n/a	n/a	n/a	n/a	n/a	n/a	n/a	n/a	n/a	n/a	n/a	n/a	n/a	n/a	n/a	n/a	2670.541482	n/a
2673.826182	0.000000	534765	ttl	4	72	n/a	n/a	n/a	n/a	n/a	n/a	n/a	n/a	n/a	n/a	n/a	n/a	n/a	n/a	n/a	n/a	n/a	n/a	n/a	n/a	n/a	2673.826182	n/a
2673.834282	0.000000	534767	ttl	11	72	n/a	n/a	n/a	n/a	n/a	n/a	n/a	n/a	n/a	n/a	n/a	n/a	n/a	n/a	n/a	n/a	n/a	n/a	n/a	n/a	n/a	2673.834282	n/a
2674.350838	2.034316	534870	time_discrimination	n/a	n/a	n/a	72.0	n/a	n/a	n/a	2673.8342815	n/a	2.0305121085839346	2.0	3	2.0	HB_25_LongA.png	n/a	6	2678.415666	n/a	129	2	2	intervals/timediscrimination_table	128	2674.350838	2676.385154
2674.350838	0.000000	534870	ttl	1	72	n/a	n/a	n/a	n/a	n/a	n/a	n/a	n/a	n/a	n/a	n/a	n/a	n/a	n/a	n/a	n/a	n/a	n/a	n/a	n/a	n/a	2674.350838	n/a
2676.385154	0.000000	535277	ttl	2	72	n/a	n/a	n/a	n/a	n/a	n/a	n/a	n/a	n/a	n/a	n/a	n/a	n/a	n/a	n/a	n/a	n/a	n/a	n/a	n/a	n/a	2676.385154	n/a
2678.415666	0.000000	535683	ttl	4	72	n/a	n/a	n/a	n/a	n/a	n/a	n/a	n/a	n/a	n/a	n/a	n/a	n/a	n/a	n/a	n/a	n/a	n/a	n/a	n/a	n/a	2678.415666	n/a
2678.434133	0.000000	535687	ttl	11	72	n/a	n/a	n/a	n/a	n/a	n/a	n/a	n/a	n/a	n/a	n/a	n/a	n/a	n/a	n/a	n/a	n/a	n/a	n/a	n/a	n/a	2678.434133	n/a
2678.967349	2.034535	535793	time_discrimination	n/a	n/a	n/a	72.0	n/a	n/a	n/a	2678.4341327499997	n/a	2.4048267710604705	2.0	2	2.0	SB_5_ShortA.png	n/a	6	2683.4067115	n/a	130	2	2	intervals/timediscrimination_table	129	2678.967349	2681.001885
2678.967349	0.000000	535793	ttl	1	72	n/a	n/a	n/a	n/a	n/a	n/a	n/a	n/a	n/a	n/a	n/a	n/a	n/a	n/a	n/a	n/a	n/a	n/a	n/a	n/a	n/a	2678.967349	n/a
2681.001885	0.000000	536200	ttl	2	72	n/a	n/a	n/a	n/a	n/a	n/a	n/a	n/a	n/a	n/a	n/a	n/a	n/a	n/a	n/a	n/a	n/a	n/a	n/a	n/a	n/a	2681.001885	n/a
2683.406711	0.000000	536681	ttl	4	72	n/a	n/a	n/a	n/a	n/a	n/a	n/a	n/a	n/a	n/a	n/a	n/a	n/a	n/a	n/a	n/a	n/a	n/a	n/a	n/a	n/a	2683.406711	n/a
2683.423821	0.000000	536685	ttl	11	72	n/a	n/a	n/a	n/a	n/a	n/a	n/a	n/a	n/a	n/a	n/a	n/a	n/a	n/a	n/a	n/a	n/a	n/a	n/a	n/a	n/a	2683.423821	n/a
2683.907057	2.034247	536781	time_discrimination	n/a	n/a	n/a	72.0	n/a	n/a	n/a	2683.423821	n/a	0.43944547553837765	2.0	3	2.0	HB_13_LongA.png	n/a	6	2686.3807497499997	n/a	131	2	2	intervals/timediscrimination_table	130	2683.907057	2685.941304
2683.907057	0.000000	536781	ttl	1	72	n/a	n/a	n/a	n/a	n/a	n/a	n/a	n/a	n/a	n/a	n/a	n/a	n/a	n/a	n/a	n/a	n/a	n/a	n/a	n/a	n/a	2683.907057	n/a
2685.941304	0.000000	537188	ttl	2	72	n/a	n/a	n/a	n/a	n/a	n/a	n/a	n/a	n/a	n/a	n/a	n/a	n/a	n/a	n/a	n/a	n/a	n/a	n/a	n/a	n/a	2685.941304	n/a
2686.380750	0.000000	537276	ttl	4	72	n/a	n/a	n/a	n/a	n/a	n/a	n/a	n/a	n/a	n/a	n/a	n/a	n/a	n/a	n/a	n/a	n/a	n/a	n/a	n/a	n/a	2686.380750	n/a
2686.394084	0.000000	537279	ttl	11	72	n/a	n/a	n/a	n/a	n/a	n/a	n/a	n/a	n/a	n/a	n/a	n/a	n/a	n/a	n/a	n/a	n/a	n/a	n/a	n/a	n/a	2686.394084	n/a
2686.993970	2.033346	537399	time_discrimination	n/a	n/a	n/a	72.0	n/a	n/a	n/a	2686.3940844999997	n/a	6.237825063159107	2.0	3	3.0	HB_48_LongA.png	n/a	2	2695.2651417499997	n/a	132	1	1	intervals/timediscrimination_table	131	2686.993970	2689.027316
2686.993970	0.000000	537399	ttl	1	72	n/a	n/a	n/a	n/a	n/a	n/a	n/a	n/a	n/a	n/a	n/a	n/a	n/a	n/a	n/a	n/a	n/a	n/a	n/a	n/a	n/a	2686.993970	n/a
2689.027316	0.000000	537805	ttl	2	72	n/a	n/a	n/a	n/a	n/a	n/a	n/a	n/a	n/a	n/a	n/a	n/a	n/a	n/a	n/a	n/a	n/a	n/a	n/a	n/a	n/a	2689.027316	n/a
2695.265142	0.000000	539053	ttl	4	72	n/a	n/a	n/a	n/a	n/a	n/a	n/a	n/a	n/a	n/a	n/a	n/a	n/a	n/a	n/a	n/a	n/a	n/a	n/a	n/a	n/a	2695.265142	n/a
2695.276190	0.000000	539055	ttl	11	72	n/a	n/a	n/a	n/a	n/a	n/a	n/a	n/a	n/a	n/a	n/a	n/a	n/a	n/a	n/a	n/a	n/a	n/a	n/a	n/a	n/a	2695.276190	n/a
2695.909385	2.033844	539182	time_discrimination	n/a	n/a	n/a	72.0	n/a	n/a	n/a	2695.27618975	n/a	0.9586549247032963	2.0	2	2.0	SB_36_LongA.png	n/a	6	2698.90188375	n/a	133	2	2	intervals/timediscrimination_table	132	2695.909385	2697.943229
2695.909385	0.000000	539182	ttl	1	72	n/a	n/a	n/a	n/a	n/a	n/a	n/a	n/a	n/a	n/a	n/a	n/a	n/a	n/a	n/a	n/a	n/a	n/a	n/a	n/a	n/a	2695.909385	n/a
2697.943229	0.000000	539589	ttl	2	72	n/a	n/a	n/a	n/a	n/a	n/a	n/a	n/a	n/a	n/a	n/a	n/a	n/a	n/a	n/a	n/a	n/a	n/a	n/a	n/a	n/a	2697.943229	n/a
2698.901884	0.000000	539780	ttl	4	72	n/a	n/a	n/a	n/a	n/a	n/a	n/a	n/a	n/a	n/a	n/a	n/a	n/a	n/a	n/a	n/a	n/a	n/a	n/a	n/a	n/a	2698.901884	n/a
2698.923620	0.000000	539785	ttl	11	72	n/a	n/a	n/a	n/a	n/a	n/a	n/a	n/a	n/a	n/a	n/a	n/a	n/a	n/a	n/a	n/a	n/a	n/a	n/a	n/a	n/a	2698.923620	n/a
2699.540167	2.034504	539908	time_discrimination	n/a	n/a	n/a	72.0	n/a	n/a	n/a	2698.9236202499997	n/a	2.53775949231931	1.0	3	2.0	HB_4_ShortA.png	n/a	6	2704.1124299999997	n/a	134	2	1	intervals/timediscrimination_table	133	2699.540167	2701.574670
2699.540167	0.000000	539908	ttl	1	72	n/a	n/a	n/a	n/a	n/a	n/a	n/a	n/a	n/a	n/a	n/a	n/a	n/a	n/a	n/a	n/a	n/a	n/a	n/a	n/a	n/a	2699.540167	n/a
2701.574670	0.000000	540315	ttl	2	72	n/a	n/a	n/a	n/a	n/a	n/a	n/a	n/a	n/a	n/a	n/a	n/a	n/a	n/a	n/a	n/a	n/a	n/a	n/a	n/a	n/a	2701.574670	n/a
2704.112430	0.000000	540822	ttl	4	72	n/a	n/a	n/a	n/a	n/a	n/a	n/a	n/a	n/a	n/a	n/a	n/a	n/a	n/a	n/a	n/a	n/a	n/a	n/a	n/a	n/a	2704.112430	n/a
2704.118772	0.000000	540824	ttl	11	72	n/a	n/a	n/a	n/a	n/a	n/a	n/a	n/a	n/a	n/a	n/a	n/a	n/a	n/a	n/a	n/a	n/a	n/a	n/a	n/a	n/a	2704.118772	n/a
2704.618669	2.034285	540924	time_discrimination	n/a	n/a	n/a	72.0	n/a	n/a	n/a	2704.1187715	n/a	4.24044746888103	2.0	3	2.0	HB_54_ShortA.png	n/a	6	2710.89340175	n/a	135	2	2	intervals/timediscrimination_table	134	2704.618669	2706.652954
2704.618669	0.000000	540924	ttl	1	72	n/a	n/a	n/a	n/a	n/a	n/a	n/a	n/a	n/a	n/a	n/a	n/a	n/a	n/a	n/a	n/a	n/a	n/a	n/a	n/a	n/a	2704.618669	n/a
2706.652954	0.000000	541331	ttl	2	72	n/a	n/a	n/a	n/a	n/a	n/a	n/a	n/a	n/a	n/a	n/a	n/a	n/a	n/a	n/a	n/a	n/a	n/a	n/a	n/a	n/a	2706.652954	n/a
2710.893402	0.000000	542179	ttl	4	72	n/a	n/a	n/a	n/a	n/a	n/a	n/a	n/a	n/a	n/a	n/a	n/a	n/a	n/a	n/a	n/a	n/a	n/a	n/a	n/a	n/a	2710.893402	n/a
2710.904047	0.000000	542181	ttl	11	72	n/a	n/a	n/a	n/a	n/a	n/a	n/a	n/a	n/a	n/a	n/a	n/a	n/a	n/a	n/a	n/a	n/a	n/a	n/a	n/a	n/a	2710.904047	n/a
2711.553918	2.033703	542311	time_discrimination	n/a	n/a	n/a	72.0	n/a	n/a	n/a	2710.90404675	n/a	5.816302126113442	2.0	3	3.0	HB_5_ShortA.png	n/a	2	2719.40392375	n/a	136	1	1	intervals/timediscrimination_table	135	2711.553918	2713.587621
2711.553918	0.000000	542311	ttl	1	72	n/a	n/a	n/a	n/a	n/a	n/a	n/a	n/a	n/a	n/a	n/a	n/a	n/a	n/a	n/a	n/a	n/a	n/a	n/a	n/a	n/a	2711.553918	n/a
2713.587621	0.000000	542718	ttl	2	72	n/a	n/a	n/a	n/a	n/a	n/a	n/a	n/a	n/a	n/a	n/a	n/a	n/a	n/a	n/a	n/a	n/a	n/a	n/a	n/a	n/a	2713.587621	n/a
2719.403924	0.000000	543881	ttl	4	72	n/a	n/a	n/a	n/a	n/a	n/a	n/a	n/a	n/a	n/a	n/a	n/a	n/a	n/a	n/a	n/a	n/a	n/a	n/a	n/a	n/a	2719.403924	n/a
2719.418484	0.000000	543884	ttl	11	72	n/a	n/a	n/a	n/a	n/a	n/a	n/a	n/a	n/a	n/a	n/a	n/a	n/a	n/a	n/a	n/a	n/a	n/a	n/a	n/a	n/a	2719.418484	n/a
2720.018364	2.033849	544004	time_discrimination	n/a	n/a	n/a	72.0	n/a	n/a	n/a	2719.418484	n/a	0.34501959338376764	2.0	2	2.0	SB_35_ShortA.png	n/a	6	2722.3972325	n/a	137	2	2	intervals/timediscrimination_table	136	2720.018364	2722.052213
2720.018364	0.000000	544004	ttl	1	72	n/a	n/a	n/a	n/a	n/a	n/a	n/a	n/a	n/a	n/a	n/a	n/a	n/a	n/a	n/a	n/a	n/a	n/a	n/a	n/a	n/a	2720.018364	n/a
2722.052213	0.000000	544410	ttl	2	72	n/a	n/a	n/a	n/a	n/a	n/a	n/a	n/a	n/a	n/a	n/a	n/a	n/a	n/a	n/a	n/a	n/a	n/a	n/a	n/a	n/a	2722.052213	n/a
2722.397232	0.000000	544479	ttl	4	72	n/a	n/a	n/a	n/a	n/a	n/a	n/a	n/a	n/a	n/a	n/a	n/a	n/a	n/a	n/a	n/a	n/a	n/a	n/a	n/a	n/a	2722.397232	n/a
2722.409863	0.000000	544482	ttl	11	72	n/a	n/a	n/a	n/a	n/a	n/a	n/a	n/a	n/a	n/a	n/a	n/a	n/a	n/a	n/a	n/a	n/a	n/a	n/a	n/a	n/a	2722.409863	n/a
2722.976423	2.033670	544595	time_discrimination	n/a	n/a	n/a	72.0	n/a	n/a	n/a	2722.409863	n/a	0.3115180328168208	1.0	1	3.0	NB_17_ShortA.png	n/a	2	2725.321611	n/a	138	1	2	intervals/timediscrimination_table	137	2722.976423	2725.010093
2722.976423	0.000000	544595	ttl	1	72	n/a	n/a	n/a	n/a	n/a	n/a	n/a	n/a	n/a	n/a	n/a	n/a	n/a	n/a	n/a	n/a	n/a	n/a	n/a	n/a	n/a	2722.976423	n/a
2725.010093	0.000000	545002	ttl	2	72	n/a	n/a	n/a	n/a	n/a	n/a	n/a	n/a	n/a	n/a	n/a	n/a	n/a	n/a	n/a	n/a	n/a	n/a	n/a	n/a	n/a	2725.010093	n/a
2725.321611	0.000000	545064	ttl	4	72	n/a	n/a	n/a	n/a	n/a	n/a	n/a	n/a	n/a	n/a	n/a	n/a	n/a	n/a	n/a	n/a	n/a	n/a	n/a	n/a	n/a	2725.321611	n/a
2725.329152	0.000000	545066	ttl	11	72	n/a	n/a	n/a	n/a	n/a	n/a	n/a	n/a	n/a	n/a	n/a	n/a	n/a	n/a	n/a	n/a	n/a	n/a	n/a	n/a	n/a	2725.329152	n/a
2725.862371	2.034386	545172	time_discrimination	n/a	n/a	n/a	72.0	n/a	n/a	n/a	2725.3291515	n/a	3.8751829689426813	1.0	3	2.0	HB_38_LongA.png	n/a	6	2731.7719405	n/a	139	2	1	intervals/timediscrimination_table	138	2725.862371	2727.896757
2725.862371	0.000000	545172	ttl	1	72	n/a	n/a	n/a	n/a	n/a	n/a	n/a	n/a	n/a	n/a	n/a	n/a	n/a	n/a	n/a	n/a	n/a	n/a	n/a	n/a	n/a	2725.862371	n/a
2727.896757	0.000000	545579	ttl	2	72	n/a	n/a	n/a	n/a	n/a	n/a	n/a	n/a	n/a	n/a	n/a	n/a	n/a	n/a	n/a	n/a	n/a	n/a	n/a	n/a	n/a	2727.896757	n/a
2731.771940	0.000000	546354	ttl	4	72	n/a	n/a	n/a	n/a	n/a	n/a	n/a	n/a	n/a	n/a	n/a	n/a	n/a	n/a	n/a	n/a	n/a	n/a	n/a	n/a	n/a	2731.771940	n/a
2731.775596	0.000000	546355	ttl	11	72	n/a	n/a	n/a	n/a	n/a	n/a	n/a	n/a	n/a	n/a	n/a	n/a	n/a	n/a	n/a	n/a	n/a	n/a	n/a	n/a	n/a	2731.775596	n/a
2732.325474	2.033661	546465	time_discrimination	n/a	n/a	n/a	72.0	n/a	n/a	n/a	2731.77559575	n/a	2.727402294272906	1.0	1	2.0	NB_11_ShortA.png	n/a	6	2737.0865372499998	n/a	140	2	1	intervals/timediscrimination_table	139	2732.325474	2734.359135
2732.325474	0.000000	546465	ttl	1	72	n/a	n/a	n/a	n/a	n/a	n/a	n/a	n/a	n/a	n/a	n/a	n/a	n/a	n/a	n/a	n/a	n/a	n/a	n/a	n/a	n/a	2732.325474	n/a
2734.359135	0.000000	546872	ttl	2	72	n/a	n/a	n/a	n/a	n/a	n/a	n/a	n/a	n/a	n/a	n/a	n/a	n/a	n/a	n/a	n/a	n/a	n/a	n/a	n/a	n/a	2734.359135	n/a
2737.086537	0.000000	547417	ttl	4	72	n/a	n/a	n/a	n/a	n/a	n/a	n/a	n/a	n/a	n/a	n/a	n/a	n/a	n/a	n/a	n/a	n/a	n/a	n/a	n/a	n/a	2737.086537	n/a
2737.102392	0.000000	547420	ttl	11	72	n/a	n/a	n/a	n/a	n/a	n/a	n/a	n/a	n/a	n/a	n/a	n/a	n/a	n/a	n/a	n/a	n/a	n/a	n/a	n/a	n/a	2737.102392	n/a
2737.618967	2.033355	547524	time_discrimination	n/a	n/a	n/a	72.0	n/a	n/a	n/a	2737.1023915	n/a	2.3741253510233946	1.0	2	3.0	SB_23_LongA.png	n/a	2	2742.0264475	n/a	141	1	2	intervals/timediscrimination_table	140	2737.618967	2739.652322
2737.618967	0.000000	547524	ttl	1	72	n/a	n/a	n/a	n/a	n/a	n/a	n/a	n/a	n/a	n/a	n/a	n/a	n/a	n/a	n/a	n/a	n/a	n/a	n/a	n/a	n/a	2737.618967	n/a
2739.652322	0.000000	547930	ttl	2	72	n/a	n/a	n/a	n/a	n/a	n/a	n/a	n/a	n/a	n/a	n/a	n/a	n/a	n/a	n/a	n/a	n/a	n/a	n/a	n/a	n/a	2739.652322	n/a
2742.026447	0.000000	548405	ttl	4	72	n/a	n/a	n/a	n/a	n/a	n/a	n/a	n/a	n/a	n/a	n/a	n/a	n/a	n/a	n/a	n/a	n/a	n/a	n/a	n/a	n/a	2742.026447	n/a
2742.037704	0.000000	548408	ttl	11	72	n/a	n/a	n/a	n/a	n/a	n/a	n/a	n/a	n/a	n/a	n/a	n/a	n/a	n/a	n/a	n/a	n/a	n/a	n/a	n/a	n/a	2742.037704	n/a
2742.570935	2.033735	548514	time_discrimination	n/a	n/a	n/a	72.0	n/a	n/a	n/a	2742.0377037499998	n/a	0.6462852503318572	2.0	1	3.0	NB_8_LongA.png	n/a	2	2745.25095525	n/a	142	1	1	intervals/timediscrimination_table	141	2742.570935	2744.604670
2742.570935	0.000000	548514	ttl	1	72	n/a	n/a	n/a	n/a	n/a	n/a	n/a	n/a	n/a	n/a	n/a	n/a	n/a	n/a	n/a	n/a	n/a	n/a	n/a	n/a	n/a	2742.570935	n/a
2744.604670	0.000000	548921	ttl	2	72	n/a	n/a	n/a	n/a	n/a	n/a	n/a	n/a	n/a	n/a	n/a	n/a	n/a	n/a	n/a	n/a	n/a	n/a	n/a	n/a	n/a	2744.604670	n/a
2745.250955	0.000000	549050	ttl	4	72	n/a	n/a	n/a	n/a	n/a	n/a	n/a	n/a	n/a	n/a	n/a	n/a	n/a	n/a	n/a	n/a	n/a	n/a	n/a	n/a	n/a	2745.250955	n/a
2745.263383	0.000000	549053	ttl	11	72	n/a	n/a	n/a	n/a	n/a	n/a	n/a	n/a	n/a	n/a	n/a	n/a	n/a	n/a	n/a	n/a	n/a	n/a	n/a	n/a	n/a	2745.263383	n/a
2745.763291	2.033812	549153	time_discrimination	n/a	n/a	n/a	72.0	n/a	n/a	n/a	2745.263383	n/a	0.0	2.0	2	0.0	SB_10_ShortA.png	n/a	1	2747.7981035	n/a	143	1	1	intervals/timediscrimination_table	142	2745.763291	2747.797104
2745.763291	0.000000	549153	ttl	1	72	n/a	n/a	n/a	n/a	n/a	n/a	n/a	n/a	n/a	n/a	n/a	n/a	n/a	n/a	n/a	n/a	n/a	n/a	n/a	n/a	n/a	2745.763291	n/a
2747.797104	0.000000	549559	ttl	2	72	n/a	n/a	n/a	n/a	n/a	n/a	n/a	n/a	n/a	n/a	n/a	n/a	n/a	n/a	n/a	n/a	n/a	n/a	n/a	n/a	n/a	2747.797104	n/a
2749.253754	0.000000	549851	ttl	11	72	n/a	n/a	n/a	n/a	n/a	n/a	n/a	n/a	n/a	n/a	n/a	n/a	n/a	n/a	n/a	n/a	n/a	n/a	n/a	n/a	n/a	2749.253754	n/a
2749.886959	2.034427	549977	time_discrimination	n/a	n/a	n/a	72.0	n/a	n/a	n/a	2749.2537537499998	n/a	4.813645319009083	2.0	1	2.0	NB_20_ShortA.png	n/a	6	2756.735032	n/a	144	2	2	intervals/timediscrimination_table	143	2749.886959	2751.921387
2749.886959	0.000000	549977	ttl	1	72	n/a	n/a	n/a	n/a	n/a	n/a	n/a	n/a	n/a	n/a	n/a	n/a	n/a	n/a	n/a	n/a	n/a	n/a	n/a	n/a	n/a	2749.886959	n/a
2751.921387	0.000000	550384	ttl	2	72	n/a	n/a	n/a	n/a	n/a	n/a	n/a	n/a	n/a	n/a	n/a	n/a	n/a	n/a	n/a	n/a	n/a	n/a	n/a	n/a	n/a	2751.921387	n/a
2756.735032	0.000000	551347	ttl	4	72	n/a	n/a	n/a	n/a	n/a	n/a	n/a	n/a	n/a	n/a	n/a	n/a	n/a	n/a	n/a	n/a	n/a	n/a	n/a	n/a	n/a	2756.735032	n/a
2756.743528	0.000000	551349	ttl	11	72	n/a	n/a	n/a	n/a	n/a	n/a	n/a	n/a	n/a	n/a	n/a	n/a	n/a	n/a	n/a	n/a	n/a	n/a	n/a	n/a	n/a	2756.743528	n/a
2757.243434	2.033526	551449	time_discrimination	n/a	n/a	n/a	72.0	n/a	n/a	n/a	2756.74352775	n/a	2.0556458127102815	2.0	3	1.0	HB_59_ShortA.png	n/a	5	2761.3326052499997	n/a	145	2	2	intervals/timediscrimination_table	144	2757.243434	2759.276959
2757.243434	0.000000	551449	ttl	1	72	n/a	n/a	n/a	n/a	n/a	n/a	n/a	n/a	n/a	n/a	n/a	n/a	n/a	n/a	n/a	n/a	n/a	n/a	n/a	n/a	n/a	2757.243434	n/a
2759.276959	0.000000	551855	ttl	2	72	n/a	n/a	n/a	n/a	n/a	n/a	n/a	n/a	n/a	n/a	n/a	n/a	n/a	n/a	n/a	n/a	n/a	n/a	n/a	n/a	n/a	2759.276959	n/a
2761.332605	0.000000	552267	ttl	4	72	n/a	n/a	n/a	n/a	n/a	n/a	n/a	n/a	n/a	n/a	n/a	n/a	n/a	n/a	n/a	n/a	n/a	n/a	n/a	n/a	n/a	2761.332605	n/a
2761.345157	0.000000	552269	ttl	11	72	n/a	n/a	n/a	n/a	n/a	n/a	n/a	n/a	n/a	n/a	n/a	n/a	n/a	n/a	n/a	n/a	n/a	n/a	n/a	n/a	n/a	2761.345157	n/a
2761.911705	2.033716	552382	time_discrimination	n/a	n/a	n/a	72.0	n/a	n/a	n/a	2761.3451567499997	n/a	0.0	2.0	2	0.0	SB_16_shortA.png	n/a	1	2763.9464205	n/a	146	1	1	intervals/timediscrimination_table	145	2761.911705	2763.945420
2761.911705	0.000000	552382	ttl	1	72	n/a	n/a	n/a	n/a	n/a	n/a	n/a	n/a	n/a	n/a	n/a	n/a	n/a	n/a	n/a	n/a	n/a	n/a	n/a	n/a	n/a	2761.911705	n/a
2763.945420	0.000000	552789	ttl	2	72	n/a	n/a	n/a	n/a	n/a	n/a	n/a	n/a	n/a	n/a	n/a	n/a	n/a	n/a	n/a	n/a	n/a	n/a	n/a	n/a	n/a	2763.945420	n/a
2765.094697	0.000000	553019	ttl	11	72	n/a	n/a	n/a	n/a	n/a	n/a	n/a	n/a	n/a	n/a	n/a	n/a	n/a	n/a	n/a	n/a	n/a	n/a	n/a	n/a	n/a	2765.094697	n/a
2765.727924	2.034046	553146	time_discrimination	n/a	n/a	n/a	72.0	n/a	n/a	n/a	2765.0946974999997	n/a	1.5452981335402	2.0	1	2.0	NB_14_LongA.png	n/a	3	2769.307268	n/a	147	1	1	intervals/timediscrimination_table	146	2765.727924	2767.761970
2765.727924	0.000000	553146	ttl	1	72	n/a	n/a	n/a	n/a	n/a	n/a	n/a	n/a	n/a	n/a	n/a	n/a	n/a	n/a	n/a	n/a	n/a	n/a	n/a	n/a	n/a	2765.727924	n/a
2767.761970	0.000000	553552	ttl	2	72	n/a	n/a	n/a	n/a	n/a	n/a	n/a	n/a	n/a	n/a	n/a	n/a	n/a	n/a	n/a	n/a	n/a	n/a	n/a	n/a	n/a	2767.761970	n/a
2769.307268	0.000000	553861	ttl	4	72	n/a	n/a	n/a	n/a	n/a	n/a	n/a	n/a	n/a	n/a	n/a	n/a	n/a	n/a	n/a	n/a	n/a	n/a	n/a	n/a	n/a	2769.307268	n/a
2769.328239	0.000000	553866	ttl	11	72	n/a	n/a	n/a	n/a	n/a	n/a	n/a	n/a	n/a	n/a	n/a	n/a	n/a	n/a	n/a	n/a	n/a	n/a	n/a	n/a	n/a	2769.328239	n/a
2769.861475	2.033785	553972	time_discrimination	n/a	n/a	n/a	72.0	n/a	n/a	n/a	2769.32823875	n/a	1.1832045420160284	1.0	1	2.0	NB_16_ShortA.png	n/a	3	2773.0784645	n/a	148	1	2	intervals/timediscrimination_table	147	2769.861475	2771.895260
2769.861475	0.000000	553972	ttl	1	72	n/a	n/a	n/a	n/a	n/a	n/a	n/a	n/a	n/a	n/a	n/a	n/a	n/a	n/a	n/a	n/a	n/a	n/a	n/a	n/a	n/a	2769.861475	n/a
2771.895260	0.000000	554379	ttl	2	72	n/a	n/a	n/a	n/a	n/a	n/a	n/a	n/a	n/a	n/a	n/a	n/a	n/a	n/a	n/a	n/a	n/a	n/a	n/a	n/a	n/a	2771.895260	n/a
2773.078464	0.000000	554616	ttl	4	72	n/a	n/a	n/a	n/a	n/a	n/a	n/a	n/a	n/a	n/a	n/a	n/a	n/a	n/a	n/a	n/a	n/a	n/a	n/a	n/a	n/a	2773.078464	n/a
2773.088360	0.000000	554618	ttl	11	72	n/a	n/a	n/a	n/a	n/a	n/a	n/a	n/a	n/a	n/a	n/a	n/a	n/a	n/a	n/a	n/a	n/a	n/a	n/a	n/a	n/a	2773.088360	n/a
2773.704886	2.033449	554741	time_discrimination	n/a	n/a	n/a	72.0	n/a	n/a	n/a	2773.0883605	n/a	0.47794849054480437	2.0	1	2.0	NB_13_ShortA.png	n/a	6	2776.2162842499997	n/a	149	2	2	intervals/timediscrimination_table	148	2773.704886	2775.738336
2773.704886	0.000000	554741	ttl	1	72	n/a	n/a	n/a	n/a	n/a	n/a	n/a	n/a	n/a	n/a	n/a	n/a	n/a	n/a	n/a	n/a	n/a	n/a	n/a	n/a	n/a	2773.704886	n/a
2775.738336	0.000000	555148	ttl	2	72	n/a	n/a	n/a	n/a	n/a	n/a	n/a	n/a	n/a	n/a	n/a	n/a	n/a	n/a	n/a	n/a	n/a	n/a	n/a	n/a	n/a	2775.738336	n/a
2776.216284	0.000000	555243	ttl	4	72	n/a	n/a	n/a	n/a	n/a	n/a	n/a	n/a	n/a	n/a	n/a	n/a	n/a	n/a	n/a	n/a	n/a	n/a	n/a	n/a	n/a	2776.216284	n/a
2776.236511	0.000000	555247	ttl	11	72	n/a	n/a	n/a	n/a	n/a	n/a	n/a	n/a	n/a	n/a	n/a	n/a	n/a	n/a	n/a	n/a	n/a	n/a	n/a	n/a	n/a	2776.236511	n/a
2776.769727	2.034091	555354	time_discrimination	n/a	n/a	n/a	72.0	n/a	n/a	n/a	2776.236511	n/a	2.207276903631282	1.0	2	2.0	SB_24_LongA.png	n/a	6	2781.0110947499998	n/a	150	2	1	intervals/timediscrimination_table	149	2776.769727	2778.803818
2776.769727	0.000000	555354	ttl	1	72	n/a	n/a	n/a	n/a	n/a	n/a	n/a	n/a	n/a	n/a	n/a	n/a	n/a	n/a	n/a	n/a	n/a	n/a	n/a	n/a	n/a	2776.769727	n/a
2778.803818	0.000000	555761	ttl	2	72	n/a	n/a	n/a	n/a	n/a	n/a	n/a	n/a	n/a	n/a	n/a	n/a	n/a	n/a	n/a	n/a	n/a	n/a	n/a	n/a	n/a	2778.803818	n/a
2781.011095	0.000000	556202	ttl	4	72	n/a	n/a	n/a	n/a	n/a	n/a	n/a	n/a	n/a	n/a	n/a	n/a	n/a	n/a	n/a	n/a	n/a	n/a	n/a	n/a	n/a	2781.011095	n/a
2781.025272	0.000000	556205	ttl	11	72	n/a	n/a	n/a	n/a	n/a	n/a	n/a	n/a	n/a	n/a	n/a	n/a	n/a	n/a	n/a	n/a	n/a	n/a	n/a	n/a	n/a	2781.025272	n/a
2781.541832	2.033366	556308	time_discrimination	n/a	n/a	n/a	72.0	n/a	n/a	n/a	2781.025272	n/a	0.0	2.0	1	0.0	NB_11_LongA.png	n/a	1	2783.57619825	n/a	151	1	1	intervals/timediscrimination_table	150	2781.541832	2783.575198
2781.541832	0.000000	556308	ttl	1	72	n/a	n/a	n/a	n/a	n/a	n/a	n/a	n/a	n/a	n/a	n/a	n/a	n/a	n/a	n/a	n/a	n/a	n/a	n/a	n/a	n/a	2781.541832	n/a
2783.575198	0.000000	556715	ttl	2	72	n/a	n/a	n/a	n/a	n/a	n/a	n/a	n/a	n/a	n/a	n/a	n/a	n/a	n/a	n/a	n/a	n/a	n/a	n/a	n/a	n/a	2783.575198	n/a
2783.821988	0.000000	556764	ttl	11	72	n/a	n/a	n/a	n/a	n/a	n/a	n/a	n/a	n/a	n/a	n/a	n/a	n/a	n/a	n/a	n/a	n/a	n/a	n/a	n/a	n/a	2783.821988	n/a
2784.371880	2.033392	556874	time_discrimination	n/a	n/a	n/a	72.0	n/a	n/a	n/a	2783.82198775	n/a	0.0	1.0	3	0.0	HB_28_ShortA.png	n/a	1	2786.40627175	n/a	152	1	2	intervals/timediscrimination_table	151	2784.371880	2786.405272
2784.371880	0.000000	556874	ttl	1	72	n/a	n/a	n/a	n/a	n/a	n/a	n/a	n/a	n/a	n/a	n/a	n/a	n/a	n/a	n/a	n/a	n/a	n/a	n/a	n/a	n/a	2784.371880	n/a
2786.405272	0.000000	557281	ttl	2	72	n/a	n/a	n/a	n/a	n/a	n/a	n/a	n/a	n/a	n/a	n/a	n/a	n/a	n/a	n/a	n/a	n/a	n/a	n/a	n/a	n/a	2786.405272	n/a
2786.929812	0.000000	557386	ttl	11	72	n/a	n/a	n/a	n/a	n/a	n/a	n/a	n/a	n/a	n/a	n/a	n/a	n/a	n/a	n/a	n/a	n/a	n/a	n/a	n/a	n/a	2786.929812	n/a
2787.479686	2.034186	557496	time_discrimination	n/a	n/a	n/a	72.0	n/a	n/a	n/a	2786.92981225	n/a	0.32686219131574035	1.0	1	1.0	NB_2_ShortA.png	n/a	4	2789.840734	n/a	153	1	2	intervals/timediscrimination_table	152	2787.479686	2789.513872
2787.479686	0.000000	557496	ttl	1	72	n/a	n/a	n/a	n/a	n/a	n/a	n/a	n/a	n/a	n/a	n/a	n/a	n/a	n/a	n/a	n/a	n/a	n/a	n/a	n/a	n/a	2787.479686	n/a
2789.513872	0.000000	557903	ttl	2	72	n/a	n/a	n/a	n/a	n/a	n/a	n/a	n/a	n/a	n/a	n/a	n/a	n/a	n/a	n/a	n/a	n/a	n/a	n/a	n/a	n/a	2789.513872	n/a
2789.840734	0.000000	557968	ttl	4	72	n/a	n/a	n/a	n/a	n/a	n/a	n/a	n/a	n/a	n/a	n/a	n/a	n/a	n/a	n/a	n/a	n/a	n/a	n/a	n/a	n/a	2789.840734	n/a
2789.856077	0.000000	557971	ttl	11	72	n/a	n/a	n/a	n/a	n/a	n/a	n/a	n/a	n/a	n/a	n/a	n/a	n/a	n/a	n/a	n/a	n/a	n/a	n/a	n/a	n/a	2789.856077	n/a
2790.389305	2.033675	558078	time_discrimination	n/a	n/a	n/a	72.0	n/a	n/a	n/a	2789.85607675	n/a	0.14888268268259708	2.0	3	1.0	HB_49_ShortA.png	n/a	4	2792.57186225	n/a	154	1	1	intervals/timediscrimination_table	153	2790.389305	2792.422980
2790.389305	0.000000	558078	ttl	1	72	n/a	n/a	n/a	n/a	n/a	n/a	n/a	n/a	n/a	n/a	n/a	n/a	n/a	n/a	n/a	n/a	n/a	n/a	n/a	n/a	n/a	2790.389305	n/a
2792.422980	0.000000	558485	ttl	2	72	n/a	n/a	n/a	n/a	n/a	n/a	n/a	n/a	n/a	n/a	n/a	n/a	n/a	n/a	n/a	n/a	n/a	n/a	n/a	n/a	n/a	2792.422980	n/a
2792.571862	0.000000	558514	ttl	4	72	n/a	n/a	n/a	n/a	n/a	n/a	n/a	n/a	n/a	n/a	n/a	n/a	n/a	n/a	n/a	n/a	n/a	n/a	n/a	n/a	n/a	2792.571862	n/a
2792.581101	0.000000	558516	ttl	11	72	n/a	n/a	n/a	n/a	n/a	n/a	n/a	n/a	n/a	n/a	n/a	n/a	n/a	n/a	n/a	n/a	n/a	n/a	n/a	n/a	n/a	2792.581101	n/a
2793.197646	2.034461	558640	time_discrimination	n/a	n/a	n/a	72.0	n/a	n/a	n/a	2792.5811015	n/a	0.573138258929248	1.0	1	2.0	NB_23_LongA.png	n/a	6	2795.8052454999997	n/a	155	2	1	intervals/timediscrimination_table	154	2793.197646	2795.232107
2793.197646	0.000000	558640	ttl	1	72	n/a	n/a	n/a	n/a	n/a	n/a	n/a	n/a	n/a	n/a	n/a	n/a	n/a	n/a	n/a	n/a	n/a	n/a	n/a	n/a	n/a	2793.197646	n/a
2795.232107	0.000000	559046	ttl	2	72	n/a	n/a	n/a	n/a	n/a	n/a	n/a	n/a	n/a	n/a	n/a	n/a	n/a	n/a	n/a	n/a	n/a	n/a	n/a	n/a	n/a	2795.232107	n/a
2795.805245	0.000000	559161	ttl	4	72	n/a	n/a	n/a	n/a	n/a	n/a	n/a	n/a	n/a	n/a	n/a	n/a	n/a	n/a	n/a	n/a	n/a	n/a	n/a	n/a	n/a	2795.805245	n/a
2795.815289	0.000000	559163	ttl	11	72	n/a	n/a	n/a	n/a	n/a	n/a	n/a	n/a	n/a	n/a	n/a	n/a	n/a	n/a	n/a	n/a	n/a	n/a	n/a	n/a	n/a	2795.815289	n/a
2796.331792	2.033481	559266	time_discrimination	n/a	n/a	n/a	72.0	n/a	n/a	n/a	2795.8152889999997	n/a	3.6380075514898635	2.0	1	2.0	NB_3_LongA.png	n/a	6	2802.003281	n/a	156	2	2	intervals/timediscrimination_table	155	2796.331792	2798.365274
2796.331792	0.000000	559266	ttl	1	72	n/a	n/a	n/a	n/a	n/a	n/a	n/a	n/a	n/a	n/a	n/a	n/a	n/a	n/a	n/a	n/a	n/a	n/a	n/a	n/a	n/a	2796.331792	n/a
2798.365274	0.000000	559673	ttl	2	72	n/a	n/a	n/a	n/a	n/a	n/a	n/a	n/a	n/a	n/a	n/a	n/a	n/a	n/a	n/a	n/a	n/a	n/a	n/a	n/a	n/a	2798.365274	n/a
2802.003281	0.000000	560401	ttl	4	72	n/a	n/a	n/a	n/a	n/a	n/a	n/a	n/a	n/a	n/a	n/a	n/a	n/a	n/a	n/a	n/a	n/a	n/a	n/a	n/a	n/a	2802.003281	n/a
2802.008837	0.000000	560402	ttl	11	72	n/a	n/a	n/a	n/a	n/a	n/a	n/a	n/a	n/a	n/a	n/a	n/a	n/a	n/a	n/a	n/a	n/a	n/a	n/a	n/a	n/a	2802.008837	n/a
2802.575386	2.034297	560515	time_discrimination	n/a	n/a	n/a	72.0	n/a	n/a	n/a	2802.00883675	n/a	0.5636141431314172	2.0	2	2.0	SB_60_ShortA.png	n/a	6	2805.173297	n/a	157	2	2	intervals/timediscrimination_table	156	2802.575386	2804.609683
2802.575386	0.000000	560515	ttl	1	72	n/a	n/a	n/a	n/a	n/a	n/a	n/a	n/a	n/a	n/a	n/a	n/a	n/a	n/a	n/a	n/a	n/a	n/a	n/a	n/a	n/a	2802.575386	n/a
2804.609683	0.000000	560922	ttl	2	72	n/a	n/a	n/a	n/a	n/a	n/a	n/a	n/a	n/a	n/a	n/a	n/a	n/a	n/a	n/a	n/a	n/a	n/a	n/a	n/a	n/a	2804.609683	n/a
2805.173297	0.000000	561035	ttl	4	72	n/a	n/a	n/a	n/a	n/a	n/a	n/a	n/a	n/a	n/a	n/a	n/a	n/a	n/a	n/a	n/a	n/a	n/a	n/a	n/a	n/a	2805.173297	n/a
2805.190037	0.000000	561038	ttl	11	72	n/a	n/a	n/a	n/a	n/a	n/a	n/a	n/a	n/a	n/a	n/a	n/a	n/a	n/a	n/a	n/a	n/a	n/a	n/a	n/a	n/a	2805.190037	n/a
2805.723260	2.033616	561145	time_discrimination	n/a	n/a	n/a	72.0	n/a	n/a	n/a	2805.1900367499998	n/a	2.2294394982454833	2.0	1	2.0	NB_8_ShortA.png	n/a	3	2809.9863149999996	n/a	158	1	1	intervals/timediscrimination_table	157	2805.723260	2807.756875
2805.723260	0.000000	561145	ttl	1	72	n/a	n/a	n/a	n/a	n/a	n/a	n/a	n/a	n/a	n/a	n/a	n/a	n/a	n/a	n/a	n/a	n/a	n/a	n/a	n/a	n/a	2805.723260	n/a
2807.756875	0.000000	561551	ttl	2	72	n/a	n/a	n/a	n/a	n/a	n/a	n/a	n/a	n/a	n/a	n/a	n/a	n/a	n/a	n/a	n/a	n/a	n/a	n/a	n/a	n/a	2807.756875	n/a
2809.986315	0.000000	561997	ttl	4	72	n/a	n/a	n/a	n/a	n/a	n/a	n/a	n/a	n/a	n/a	n/a	n/a	n/a	n/a	n/a	n/a	n/a	n/a	n/a	n/a	n/a	2809.986315	n/a
2809.997356	0.000000	561999	ttl	11	72	n/a	n/a	n/a	n/a	n/a	n/a	n/a	n/a	n/a	n/a	n/a	n/a	n/a	n/a	n/a	n/a	n/a	n/a	n/a	n/a	n/a	2809.997356	n/a
2810.547240	2.034136	562109	time_discrimination	n/a	n/a	n/a	72.0	n/a	n/a	n/a	2809.9973557499998	n/a	1.579956932735513	1.0	3	2.0	HB_46_ShortA.png	n/a	6	2814.16133325	n/a	159	2	1	intervals/timediscrimination_table	158	2810.547240	2812.581376
2810.547240	0.000000	562109	ttl	1	72	n/a	n/a	n/a	n/a	n/a	n/a	n/a	n/a	n/a	n/a	n/a	n/a	n/a	n/a	n/a	n/a	n/a	n/a	n/a	n/a	n/a	2810.547240	n/a
2812.581376	0.000000	562516	ttl	2	72	n/a	n/a	n/a	n/a	n/a	n/a	n/a	n/a	n/a	n/a	n/a	n/a	n/a	n/a	n/a	n/a	n/a	n/a	n/a	n/a	n/a	2812.581376	n/a
2814.161333	0.000000	562832	ttl	4	72	n/a	n/a	n/a	n/a	n/a	n/a	n/a	n/a	n/a	n/a	n/a	n/a	n/a	n/a	n/a	n/a	n/a	n/a	n/a	n/a	n/a	2814.161333	n/a
2814.169040	0.000000	562834	ttl	11	72	n/a	n/a	n/a	n/a	n/a	n/a	n/a	n/a	n/a	n/a	n/a	n/a	n/a	n/a	n/a	n/a	n/a	n/a	n/a	n/a	n/a	2814.169040	n/a
2814.735565	2.034090	562947	time_discrimination	n/a	n/a	n/a	72.0	n/a	n/a	n/a	2814.1690405	n/a	2.406868936435785	1.0	3	2.0	HB_19_ShortA.png	n/a	6	2819.176524	n/a	160	2	1	intervals/timediscrimination_table	159	2814.735565	2816.769655
2814.735565	0.000000	562947	ttl	1	72	n/a	n/a	n/a	n/a	n/a	n/a	n/a	n/a	n/a	n/a	n/a	n/a	n/a	n/a	n/a	n/a	n/a	n/a	n/a	n/a	n/a	2814.735565	n/a
2816.769655	0.000000	563354	ttl	2	72	n/a	n/a	n/a	n/a	n/a	n/a	n/a	n/a	n/a	n/a	n/a	n/a	n/a	n/a	n/a	n/a	n/a	n/a	n/a	n/a	n/a	2816.769655	n/a
2819.176524	0.000000	563835	ttl	4	72	n/a	n/a	n/a	n/a	n/a	n/a	n/a	n/a	n/a	n/a	n/a	n/a	n/a	n/a	n/a	n/a	n/a	n/a	n/a	n/a	n/a	2819.176524	n/a
2819.195834	0.000000	563839	ttl	11	72	n/a	n/a	n/a	n/a	n/a	n/a	n/a	n/a	n/a	n/a	n/a	n/a	n/a	n/a	n/a	n/a	n/a	n/a	n/a	n/a	n/a	2819.195834	n/a
2819.845707	2.033271	563969	time_discrimination	n/a	n/a	n/a	72.0	n/a	n/a	n/a	2819.19583375	n/a	1.2474193832313176	2.0	1	2.0	NB_23_ShortA.png	n/a	6	2823.126398	n/a	161	2	2	intervals/timediscrimination_table	160	2819.845707	2821.878978
2819.845707	0.000000	563969	ttl	1	72	n/a	n/a	n/a	n/a	n/a	n/a	n/a	n/a	n/a	n/a	n/a	n/a	n/a	n/a	n/a	n/a	n/a	n/a	n/a	n/a	n/a	2819.845707	n/a
2821.878978	0.000000	564376	ttl	2	72	n/a	n/a	n/a	n/a	n/a	n/a	n/a	n/a	n/a	n/a	n/a	n/a	n/a	n/a	n/a	n/a	n/a	n/a	n/a	n/a	n/a	2821.878978	n/a
2823.126398	0.000000	564625	ttl	4	72	n/a	n/a	n/a	n/a	n/a	n/a	n/a	n/a	n/a	n/a	n/a	n/a	n/a	n/a	n/a	n/a	n/a	n/a	n/a	n/a	n/a	2823.126398	n/a
2823.145334	0.000000	564629	ttl	11	72	n/a	n/a	n/a	n/a	n/a	n/a	n/a	n/a	n/a	n/a	n/a	n/a	n/a	n/a	n/a	n/a	n/a	n/a	n/a	n/a	n/a	2823.145334	n/a
2823.745211	2.033617	564749	time_discrimination	n/a	n/a	n/a	72.0	n/a	n/a	n/a	2823.145334	n/a	0.0	1.0	2	0.0	SB_6_ShortA.png	n/a	1	2825.7798279999997	n/a	162	1	2	intervals/timediscrimination_table	161	2823.745211	2825.778828
2823.745211	0.000000	564749	ttl	1	72	n/a	n/a	n/a	n/a	n/a	n/a	n/a	n/a	n/a	n/a	n/a	n/a	n/a	n/a	n/a	n/a	n/a	n/a	n/a	n/a	n/a	2823.745211	n/a
2825.778828	0.000000	565156	ttl	2	72	n/a	n/a	n/a	n/a	n/a	n/a	n/a	n/a	n/a	n/a	n/a	n/a	n/a	n/a	n/a	n/a	n/a	n/a	n/a	n/a	n/a	2825.778828	n/a
2828.343880	0.000000	565669	ttl	11	72	n/a	n/a	n/a	n/a	n/a	n/a	n/a	n/a	n/a	n/a	n/a	n/a	n/a	n/a	n/a	n/a	n/a	n/a	n/a	n/a	n/a	2828.343880	n/a
2828.910433	2.034641	565782	time_discrimination	n/a	n/a	n/a	72.0	n/a	n/a	n/a	2828.34387975	n/a	0.6439190735400189	2.0	1	1.0	NB_9_ShortA.png	n/a	4	2831.5889927499998	n/a	163	1	1	intervals/timediscrimination_table	162	2828.910433	2830.945074
2828.910433	0.000000	565782	ttl	1	72	n/a	n/a	n/a	n/a	n/a	n/a	n/a	n/a	n/a	n/a	n/a	n/a	n/a	n/a	n/a	n/a	n/a	n/a	n/a	n/a	n/a	2828.910433	n/a
2830.945074	0.000000	566189	ttl	2	72	n/a	n/a	n/a	n/a	n/a	n/a	n/a	n/a	n/a	n/a	n/a	n/a	n/a	n/a	n/a	n/a	n/a	n/a	n/a	n/a	n/a	2830.945074	n/a
2831.588993	0.000000	566318	ttl	4	72	n/a	n/a	n/a	n/a	n/a	n/a	n/a	n/a	n/a	n/a	n/a	n/a	n/a	n/a	n/a	n/a	n/a	n/a	n/a	n/a	n/a	2831.588993	n/a
2831.595401	0.000000	566319	ttl	11	72	n/a	n/a	n/a	n/a	n/a	n/a	n/a	n/a	n/a	n/a	n/a	n/a	n/a	n/a	n/a	n/a	n/a	n/a	n/a	n/a	n/a	2831.595401	n/a
2832.145291	2.033390	566429	time_discrimination	n/a	n/a	n/a	72.0	n/a	n/a	n/a	2831.5954012499997	n/a	1.9307399735989748	2.0	1	2.0	NB_20_LongA.png	n/a	6	2836.10942075	n/a	164	2	2	intervals/timediscrimination_table	163	2832.145291	2834.178681
2832.145291	0.000000	566429	ttl	1	72	n/a	n/a	n/a	n/a	n/a	n/a	n/a	n/a	n/a	n/a	n/a	n/a	n/a	n/a	n/a	n/a	n/a	n/a	n/a	n/a	n/a	2832.145291	n/a
2834.178681	0.000000	566836	ttl	2	72	n/a	n/a	n/a	n/a	n/a	n/a	n/a	n/a	n/a	n/a	n/a	n/a	n/a	n/a	n/a	n/a	n/a	n/a	n/a	n/a	n/a	2834.178681	n/a
2836.109421	0.000000	567222	ttl	4	72	n/a	n/a	n/a	n/a	n/a	n/a	n/a	n/a	n/a	n/a	n/a	n/a	n/a	n/a	n/a	n/a	n/a	n/a	n/a	n/a	n/a	2836.109421	n/a
2836.120092	0.000000	567224	ttl	11	72	n/a	n/a	n/a	n/a	n/a	n/a	n/a	n/a	n/a	n/a	n/a	n/a	n/a	n/a	n/a	n/a	n/a	n/a	n/a	n/a	n/a	2836.120092	n/a
2836.703303	2.034026	567341	time_discrimination	n/a	n/a	n/a	72.0	n/a	n/a	n/a	2836.1200919999997	n/a	4.616414289484965	2.0	1	1.0	NB_15_ShortA.png	n/a	4	2843.3537429999997	n/a	165	1	1	intervals/timediscrimination_table	164	2836.703303	2838.737329
2836.703303	0.000000	567341	ttl	1	72	n/a	n/a	n/a	n/a	n/a	n/a	n/a	n/a	n/a	n/a	n/a	n/a	n/a	n/a	n/a	n/a	n/a	n/a	n/a	n/a	n/a	2836.703303	n/a
2838.737329	0.000000	567747	ttl	2	72	n/a	n/a	n/a	n/a	n/a	n/a	n/a	n/a	n/a	n/a	n/a	n/a	n/a	n/a	n/a	n/a	n/a	n/a	n/a	n/a	n/a	2838.737329	n/a
2843.353743	0.000000	568671	ttl	4	72	n/a	n/a	n/a	n/a	n/a	n/a	n/a	n/a	n/a	n/a	n/a	n/a	n/a	n/a	n/a	n/a	n/a	n/a	n/a	n/a	n/a	2843.353743	n/a
2843.364096	0.000000	568673	ttl	11	72	n/a	n/a	n/a	n/a	n/a	n/a	n/a	n/a	n/a	n/a	n/a	n/a	n/a	n/a	n/a	n/a	n/a	n/a	n/a	n/a	n/a	2843.364096	n/a
2843.947322	2.034498	568789	time_discrimination	n/a	n/a	n/a	72.0	n/a	n/a	n/a	2843.3640955	n/a	4.648395205920679	2.0	3	2.0	HB_53_LongA.png	n/a	6	2850.6302152499998	n/a	166	2	2	intervals/timediscrimination_table	165	2843.947322	2845.981820
2843.947322	0.000000	568789	ttl	1	72	n/a	n/a	n/a	n/a	n/a	n/a	n/a	n/a	n/a	n/a	n/a	n/a	n/a	n/a	n/a	n/a	n/a	n/a	n/a	n/a	n/a	2843.947322	n/a
2845.981820	0.000000	569196	ttl	2	72	n/a	n/a	n/a	n/a	n/a	n/a	n/a	n/a	n/a	n/a	n/a	n/a	n/a	n/a	n/a	n/a	n/a	n/a	n/a	n/a	n/a	2845.981820	n/a
2850.630215	0.000000	570126	ttl	4	72	n/a	n/a	n/a	n/a	n/a	n/a	n/a	n/a	n/a	n/a	n/a	n/a	n/a	n/a	n/a	n/a	n/a	n/a	n/a	n/a	n/a	2850.630215	n/a
2850.647015	0.000000	570129	ttl	11	72	n/a	n/a	n/a	n/a	n/a	n/a	n/a	n/a	n/a	n/a	n/a	n/a	n/a	n/a	n/a	n/a	n/a	n/a	n/a	n/a	n/a	2850.647015	n/a
2851.230243	2.033607	570246	time_discrimination	n/a	n/a	n/a	72.0	n/a	n/a	n/a	2850.6470154999997	n/a	0.961358168409788	1.0	1	1.0	NB_21_ShortA.png	n/a	4	2854.225208	n/a	167	1	2	intervals/timediscrimination_table	166	2851.230243	2853.263850
2851.230243	0.000000	570246	ttl	1	72	n/a	n/a	n/a	n/a	n/a	n/a	n/a	n/a	n/a	n/a	n/a	n/a	n/a	n/a	n/a	n/a	n/a	n/a	n/a	n/a	n/a	2851.230243	n/a
2853.263850	0.000000	570653	ttl	2	72	n/a	n/a	n/a	n/a	n/a	n/a	n/a	n/a	n/a	n/a	n/a	n/a	n/a	n/a	n/a	n/a	n/a	n/a	n/a	n/a	n/a	2853.263850	n/a
2854.225208	0.000000	570845	ttl	4	72	n/a	n/a	n/a	n/a	n/a	n/a	n/a	n/a	n/a	n/a	n/a	n/a	n/a	n/a	n/a	n/a	n/a	n/a	n/a	n/a	n/a	2854.225208	n/a
2854.234387	0.000000	570847	ttl	11	72	n/a	n/a	n/a	n/a	n/a	n/a	n/a	n/a	n/a	n/a	n/a	n/a	n/a	n/a	n/a	n/a	n/a	n/a	n/a	n/a	n/a	2854.234387	n/a
2854.817612	2.033615	570964	time_discrimination	n/a	n/a	n/a	72.0	n/a	n/a	n/a	2854.2343874999997	n/a	2.4723117022804217	2.0	2	3.0	SB_39_LongA.png	n/a	7	2859.32353975	n/a	168	2	2	intervals/timediscrimination_table	167	2854.817612	2856.851228
2854.817612	0.000000	570964	ttl	1	72	n/a	n/a	n/a	n/a	n/a	n/a	n/a	n/a	n/a	n/a	n/a	n/a	n/a	n/a	n/a	n/a	n/a	n/a	n/a	n/a	n/a	2854.817612	n/a
2856.851228	0.000000	571370	ttl	2	72	n/a	n/a	n/a	n/a	n/a	n/a	n/a	n/a	n/a	n/a	n/a	n/a	n/a	n/a	n/a	n/a	n/a	n/a	n/a	n/a	n/a	2856.851228	n/a
2859.323540	0.000000	571865	ttl	4	72	n/a	n/a	n/a	n/a	n/a	n/a	n/a	n/a	n/a	n/a	n/a	n/a	n/a	n/a	n/a	n/a	n/a	n/a	n/a	n/a	n/a	2859.323540	n/a
2859.338035	0.000000	571868	ttl	11	72	n/a	n/a	n/a	n/a	n/a	n/a	n/a	n/a	n/a	n/a	n/a	n/a	n/a	n/a	n/a	n/a	n/a	n/a	n/a	n/a	n/a	2859.338035	n/a
2859.904592	2.034434	571981	time_discrimination	n/a	n/a	n/a	72.0	n/a	n/a	n/a	2859.3380345	n/a	0.0	1.0	3	0.0	HB_56_LongA.png	n/a	1	2861.94002625	n/a	169	1	2	intervals/timediscrimination_table	168	2859.904592	2861.939026
2859.904592	0.000000	571981	ttl	1	72	n/a	n/a	n/a	n/a	n/a	n/a	n/a	n/a	n/a	n/a	n/a	n/a	n/a	n/a	n/a	n/a	n/a	n/a	n/a	n/a	n/a	2859.904592	n/a
2861.939026	0.000000	572388	ttl	2	72	n/a	n/a	n/a	n/a	n/a	n/a	n/a	n/a	n/a	n/a	n/a	n/a	n/a	n/a	n/a	n/a	n/a	n/a	n/a	n/a	n/a	2861.939026	n/a
2867.375170	0.000000	573475	ttl	11	72	n/a	n/a	n/a	n/a	n/a	n/a	n/a	n/a	n/a	n/a	n/a	n/a	n/a	n/a	n/a	n/a	n/a	n/a	n/a	n/a	n/a	2867.375170	n/a
2868.041696	2.034492	573608	time_discrimination	n/a	n/a	n/a	72.0	n/a	n/a	n/a	2867.37517025	n/a	3.356967445317423	2.0	3	1.0	HB_23_ShortA.png	n/a	5	2873.4331555	n/a	170	2	2	intervals/timediscrimination_table	169	2868.041696	2870.076188
2868.041696	0.000000	573608	ttl	1	72	n/a	n/a	n/a	n/a	n/a	n/a	n/a	n/a	n/a	n/a	n/a	n/a	n/a	n/a	n/a	n/a	n/a	n/a	n/a	n/a	n/a	2868.041696	n/a
2870.076188	0.000000	574015	ttl	2	72	n/a	n/a	n/a	n/a	n/a	n/a	n/a	n/a	n/a	n/a	n/a	n/a	n/a	n/a	n/a	n/a	n/a	n/a	n/a	n/a	n/a	2870.076188	n/a
2873.433155	0.000000	574687	ttl	4	72	n/a	n/a	n/a	n/a	n/a	n/a	n/a	n/a	n/a	n/a	n/a	n/a	n/a	n/a	n/a	n/a	n/a	n/a	n/a	n/a	n/a	2873.433155	n/a
2873.453437	0.000000	574691	ttl	11	72	n/a	n/a	n/a	n/a	n/a	n/a	n/a	n/a	n/a	n/a	n/a	n/a	n/a	n/a	n/a	n/a	n/a	n/a	n/a	n/a	n/a	2873.453437	n/a
2874.036637	2.033369	574807	time_discrimination	n/a	n/a	n/a	72.0	n/a	n/a	n/a	2873.4534369999997	n/a	5.912171134375967	1.0	2	1.0	SB_45_ShortA.png	n/a	5	2881.9821775	n/a	171	2	1	intervals/timediscrimination_table	170	2874.036637	2876.070006
2874.036637	0.000000	574807	ttl	1	72	n/a	n/a	n/a	n/a	n/a	n/a	n/a	n/a	n/a	n/a	n/a	n/a	n/a	n/a	n/a	n/a	n/a	n/a	n/a	n/a	n/a	2874.036637	n/a
2876.070006	0.000000	575214	ttl	2	72	n/a	n/a	n/a	n/a	n/a	n/a	n/a	n/a	n/a	n/a	n/a	n/a	n/a	n/a	n/a	n/a	n/a	n/a	n/a	n/a	n/a	2876.070006	n/a
2881.982178	0.000000	576396	ttl	4	72	n/a	n/a	n/a	n/a	n/a	n/a	n/a	n/a	n/a	n/a	n/a	n/a	n/a	n/a	n/a	n/a	n/a	n/a	n/a	n/a	n/a	2881.982178	n/a
2881.990290	0.000000	576398	ttl	11	72	n/a	n/a	n/a	n/a	n/a	n/a	n/a	n/a	n/a	n/a	n/a	n/a	n/a	n/a	n/a	n/a	n/a	n/a	n/a	n/a	n/a	2881.990290	n/a
2882.556860	2.033489	576511	time_discrimination	n/a	n/a	n/a	72.0	n/a	n/a	n/a	2881.9902905	n/a	1.5487883613386657	1.0	2	1.0	SB_4_ShortA.png	n/a	5	2886.1391375	n/a	172	2	1	intervals/timediscrimination_table	171	2882.556860	2884.590349
2882.556860	0.000000	576511	ttl	1	72	n/a	n/a	n/a	n/a	n/a	n/a	n/a	n/a	n/a	n/a	n/a	n/a	n/a	n/a	n/a	n/a	n/a	n/a	n/a	n/a	n/a	2882.556860	n/a
2884.590349	0.000000	576918	ttl	2	72	n/a	n/a	n/a	n/a	n/a	n/a	n/a	n/a	n/a	n/a	n/a	n/a	n/a	n/a	n/a	n/a	n/a	n/a	n/a	n/a	n/a	2884.590349	n/a
2886.139137	0.000000	577228	ttl	4	72	n/a	n/a	n/a	n/a	n/a	n/a	n/a	n/a	n/a	n/a	n/a	n/a	n/a	n/a	n/a	n/a	n/a	n/a	n/a	n/a	n/a	2886.139137	n/a
2886.159078	0.000000	577232	ttl	11	72	n/a	n/a	n/a	n/a	n/a	n/a	n/a	n/a	n/a	n/a	n/a	n/a	n/a	n/a	n/a	n/a	n/a	n/a	n/a	n/a	n/a	2886.159078	n/a
2886.658963	2.033387	577332	time_discrimination	n/a	n/a	n/a	72.0	n/a	n/a	n/a	2886.15907775	n/a	0.1682700167002622	2.0	2	1.0	SB_18_LongA.png	n/a	5	2888.8606194999998	n/a	173	2	2	intervals/timediscrimination_table	172	2886.658963	2888.692350
2886.658963	0.000000	577332	ttl	1	72	n/a	n/a	n/a	n/a	n/a	n/a	n/a	n/a	n/a	n/a	n/a	n/a	n/a	n/a	n/a	n/a	n/a	n/a	n/a	n/a	n/a	2886.658963	n/a
2888.692350	0.000000	577738	ttl	2	72	n/a	n/a	n/a	n/a	n/a	n/a	n/a	n/a	n/a	n/a	n/a	n/a	n/a	n/a	n/a	n/a	n/a	n/a	n/a	n/a	n/a	2888.692350	n/a
2888.860619	0.000000	577772	ttl	4	72	n/a	n/a	n/a	n/a	n/a	n/a	n/a	n/a	n/a	n/a	n/a	n/a	n/a	n/a	n/a	n/a	n/a	n/a	n/a	n/a	n/a	2888.860619	n/a
2888.874570	0.000000	577775	ttl	11	72	n/a	n/a	n/a	n/a	n/a	n/a	n/a	n/a	n/a	n/a	n/a	n/a	n/a	n/a	n/a	n/a	n/a	n/a	n/a	n/a	n/a	2888.874570	n/a
2889.424452	2.034652	577885	time_discrimination	n/a	n/a	n/a	72.0	n/a	n/a	n/a	2888.8745704999997	n/a	3.14650710078422	2.0	2	3.0	SB_17_ShortA.png	n/a	2	2894.6056114999997	n/a	174	1	1	intervals/timediscrimination_table	173	2889.424452	2891.459104
2889.424452	0.000000	577885	ttl	1	72	n/a	n/a	n/a	n/a	n/a	n/a	n/a	n/a	n/a	n/a	n/a	n/a	n/a	n/a	n/a	n/a	n/a	n/a	n/a	n/a	n/a	2889.424452	n/a
2891.459104	0.000000	578292	ttl	2	72	n/a	n/a	n/a	n/a	n/a	n/a	n/a	n/a	n/a	n/a	n/a	n/a	n/a	n/a	n/a	n/a	n/a	n/a	n/a	n/a	n/a	2891.459104	n/a
2894.605611	0.000000	578921	ttl	4	72	n/a	n/a	n/a	n/a	n/a	n/a	n/a	n/a	n/a	n/a	n/a	n/a	n/a	n/a	n/a	n/a	n/a	n/a	n/a	n/a	n/a	2894.605611	n/a
2894.627128	0.000000	578925	ttl	11	72	n/a	n/a	n/a	n/a	n/a	n/a	n/a	n/a	n/a	n/a	n/a	n/a	n/a	n/a	n/a	n/a	n/a	n/a	n/a	n/a	n/a	2894.627128	n/a
2895.193685	2.033937	579039	time_discrimination	n/a	n/a	n/a	72.0	n/a	n/a	n/a	2894.6271285	n/a	0.9250055684678955	2.0	2	3.0	SB_58_ShortA.png	n/a	2	2898.1526277499997	n/a	175	1	1	intervals/timediscrimination_table	174	2895.193685	2897.227622
2895.193685	0.000000	579039	ttl	1	72	n/a	n/a	n/a	n/a	n/a	n/a	n/a	n/a	n/a	n/a	n/a	n/a	n/a	n/a	n/a	n/a	n/a	n/a	n/a	n/a	n/a	2895.193685	n/a
2897.227622	0.000000	579446	ttl	2	72	n/a	n/a	n/a	n/a	n/a	n/a	n/a	n/a	n/a	n/a	n/a	n/a	n/a	n/a	n/a	n/a	n/a	n/a	n/a	n/a	n/a	2897.227622	n/a
2898.152628	0.000000	579631	ttl	4	72	n/a	n/a	n/a	n/a	n/a	n/a	n/a	n/a	n/a	n/a	n/a	n/a	n/a	n/a	n/a	n/a	n/a	n/a	n/a	n/a	n/a	2898.152628	n/a
2898.171222	0.000000	579634	ttl	11	72	n/a	n/a	n/a	n/a	n/a	n/a	n/a	n/a	n/a	n/a	n/a	n/a	n/a	n/a	n/a	n/a	n/a	n/a	n/a	n/a	n/a	2898.171222	n/a
2898.737769	2.034318	579748	time_discrimination	n/a	n/a	n/a	72.0	n/a	n/a	n/a	2898.17122175	n/a	0.9718120887555415	2.0	1	1.0	NB_10_LongA.png	n/a	4	2901.74389975	n/a	176	1	1	intervals/timediscrimination_table	175	2898.737769	2900.772087
2898.737769	0.000000	579748	ttl	1	72	n/a	n/a	n/a	n/a	n/a	n/a	n/a	n/a	n/a	n/a	n/a	n/a	n/a	n/a	n/a	n/a	n/a	n/a	n/a	n/a	n/a	2898.737769	n/a
2900.772087	0.000000	580154	ttl	2	72	n/a	n/a	n/a	n/a	n/a	n/a	n/a	n/a	n/a	n/a	n/a	n/a	n/a	n/a	n/a	n/a	n/a	n/a	n/a	n/a	n/a	2900.772087	n/a
2901.743900	0.000000	580349	ttl	4	72	n/a	n/a	n/a	n/a	n/a	n/a	n/a	n/a	n/a	n/a	n/a	n/a	n/a	n/a	n/a	n/a	n/a	n/a	n/a	n/a	n/a	2901.743900	n/a
2901.755922	0.000000	580351	ttl	11	72	n/a	n/a	n/a	n/a	n/a	n/a	n/a	n/a	n/a	n/a	n/a	n/a	n/a	n/a	n/a	n/a	n/a	n/a	n/a	n/a	n/a	2901.755922	n/a
2902.305805	2.033458	580461	time_discrimination	n/a	n/a	n/a	72.0	n/a	n/a	n/a	2901.7559225	n/a	0.7187688622798305	1.0	2	1.0	SB_9_LongA.png	n/a	5	2905.0580327499997	n/a	177	2	1	intervals/timediscrimination_table	176	2902.305805	2904.339264
2902.305805	0.000000	580461	ttl	1	72	n/a	n/a	n/a	n/a	n/a	n/a	n/a	n/a	n/a	n/a	n/a	n/a	n/a	n/a	n/a	n/a	n/a	n/a	n/a	n/a	n/a	2902.305805	n/a
2904.339264	0.000000	580868	ttl	2	72	n/a	n/a	n/a	n/a	n/a	n/a	n/a	n/a	n/a	n/a	n/a	n/a	n/a	n/a	n/a	n/a	n/a	n/a	n/a	n/a	n/a	2904.339264	n/a
2905.058033	0.000000	581012	ttl	4	72	n/a	n/a	n/a	n/a	n/a	n/a	n/a	n/a	n/a	n/a	n/a	n/a	n/a	n/a	n/a	n/a	n/a	n/a	n/a	n/a	n/a	2905.058033	n/a
2905.068113	0.000000	581014	ttl	11	72	n/a	n/a	n/a	n/a	n/a	n/a	n/a	n/a	n/a	n/a	n/a	n/a	n/a	n/a	n/a	n/a	n/a	n/a	n/a	n/a	n/a	2905.068113	n/a
2905.717982	2.034141	581144	time_discrimination	n/a	n/a	n/a	72.0	n/a	n/a	n/a	2905.0681127499997	n/a	0.16641224054910708	1.0	2	1.0	SB_7_LongA.png	n/a	5	2907.91853525	n/a	178	2	1	intervals/timediscrimination_table	177	2905.717982	2907.752123
2905.717982	0.000000	581144	ttl	1	72	n/a	n/a	n/a	n/a	n/a	n/a	n/a	n/a	n/a	n/a	n/a	n/a	n/a	n/a	n/a	n/a	n/a	n/a	n/a	n/a	n/a	2905.717982	n/a
2907.752123	0.000000	581550	ttl	2	72	n/a	n/a	n/a	n/a	n/a	n/a	n/a	n/a	n/a	n/a	n/a	n/a	n/a	n/a	n/a	n/a	n/a	n/a	n/a	n/a	n/a	2907.752123	n/a
2907.918535	0.000000	581584	ttl	4	72	n/a	n/a	n/a	n/a	n/a	n/a	n/a	n/a	n/a	n/a	n/a	n/a	n/a	n/a	n/a	n/a	n/a	n/a	n/a	n/a	n/a	2907.918535	n/a
2907.995676	0.000000	581599	ttl	11	72	n/a	n/a	n/a	n/a	n/a	n/a	n/a	n/a	n/a	n/a	n/a	n/a	n/a	n/a	n/a	n/a	n/a	n/a	n/a	n/a	n/a	2907.995676	n/a
2908.565892	2.056728	581713	time_discrimination	n/a	n/a	n/a	72.0	n/a	n/a	n/a	2907.9956764999997	n/a	3.5152323769580107	2.0	2	2.0	SB_30_LongA.png	n/a	6	2914.1378529999997	n/a	179	2	2	intervals/timediscrimination_table	178	2908.565892	2910.622620
2908.565892	0.000000	581713	ttl	1	72	n/a	n/a	n/a	n/a	n/a	n/a	n/a	n/a	n/a	n/a	n/a	n/a	n/a	n/a	n/a	n/a	n/a	n/a	n/a	n/a	n/a	2908.565892	n/a
2910.622620	0.000000	582125	ttl	2	72	n/a	n/a	n/a	n/a	n/a	n/a	n/a	n/a	n/a	n/a	n/a	n/a	n/a	n/a	n/a	n/a	n/a	n/a	n/a	n/a	n/a	2910.622620	n/a
2914.137853	0.000000	582828	ttl	4	72	n/a	n/a	n/a	n/a	n/a	n/a	n/a	n/a	n/a	n/a	n/a	n/a	n/a	n/a	n/a	n/a	n/a	n/a	n/a	n/a	n/a	2914.137853	n/a
2914.192850	0.000000	582839	ttl	11	72	n/a	n/a	n/a	n/a	n/a	n/a	n/a	n/a	n/a	n/a	n/a	n/a	n/a	n/a	n/a	n/a	n/a	n/a	n/a	n/a	n/a	2914.192850	n/a
2914.824096	2.051872	582965	time_discrimination	n/a	n/a	n/a	72.0	n/a	n/a	n/a	2914.19285	n/a	2.7393692141777137	1.0	2	1.0	SB_30_ShortA.png	n/a	5	2919.6153369999997	n/a	180	2	1	intervals/timediscrimination_table	179	2914.824096	2916.875968
2914.824096	0.000000	582965	ttl	1	72	n/a	n/a	n/a	n/a	n/a	n/a	n/a	n/a	n/a	n/a	n/a	n/a	n/a	n/a	n/a	n/a	n/a	n/a	n/a	n/a	n/a	2914.824096	n/a
2916.875968	0.000000	583375	ttl	2	72	n/a	n/a	n/a	n/a	n/a	n/a	n/a	n/a	n/a	n/a	n/a	n/a	n/a	n/a	n/a	n/a	n/a	n/a	n/a	n/a	n/a	2916.875968	n/a
2919.615337	0.000000	583923	ttl	4	72	n/a	n/a	n/a	n/a	n/a	n/a	n/a	n/a	n/a	n/a	n/a	n/a	n/a	n/a	n/a	n/a	n/a	n/a	n/a	n/a	n/a	2919.615337	n/a
2919.671878	0.000000	583934	ttl	60	72	n/a	n/a	n/a	n/a	n/a	n/a	n/a	n/a	n/a	n/a	n/a	n/a	n/a	n/a	n/a	n/a	n/a	n/a	n/a	n/a	n/a	2919.671878	n/a
