onset	duration	sample	trial_type	value	experiment_id	Clip_name	ExperimentID	boundary1_time	boundary2_time	boundary3_time	fixcross_time	stimCategory	RT	accuracy	boundary_type	confidence	frameName	old_new	resp_value	source_response_time	stimuli_type	trial_num	leftright	resp_key	source_table	source_row_id	source_start_time	source_stop_time
0.000000	0.000000	0	ttl	61	70	n/a	n/a	n/a	n/a	n/a	n/a	n/a	n/a	n/a	n/a	n/a	n/a	n/a	n/a	n/a	n/a	n/a	n/a	n/a	n/a	n/a	0.000000	n/a
0.051452	0.000000	10	ttl	11	70	n/a	n/a	n/a	n/a	n/a	n/a	n/a	n/a	n/a	n/a	n/a	n/a	n/a	n/a	n/a	n/a	n/a	n/a	n/a	n/a	n/a	0.051452	n/a
1.062441	7.947296	212	encoding	n/a	n/a	HB_2.mp4	70.0	5.06244125	3.4218465	n/a	0.0514525	2	n/a	n/a	n/a	n/a	n/a	n/a	n/a	n/a	n/a	n/a	n/a	n/a	intervals/encoding_table	0	1.062441	9.009737
1.062441	0.000000	212	ttl	1	70	n/a	n/a	n/a	n/a	n/a	n/a	n/a	n/a	n/a	n/a	n/a	n/a	n/a	n/a	n/a	n/a	n/a	n/a	n/a	n/a	n/a	1.062441	n/a
9.009737	0.000000	1802	ttl	2	70	n/a	n/a	n/a	n/a	n/a	n/a	n/a	n/a	n/a	n/a	n/a	n/a	n/a	n/a	n/a	n/a	n/a	n/a	n/a	n/a	n/a	9.009737	n/a
9.024679	0.000000	1805	ttl	11	70	n/a	n/a	n/a	n/a	n/a	n/a	n/a	n/a	n/a	n/a	n/a	n/a	n/a	n/a	n/a	n/a	n/a	n/a	n/a	n/a	n/a	9.024679	n/a
10.055127	7.998689	2011	encoding	n/a	n/a	SB_24.mp4	70.0	12.923112999999999	14.01545575	n/a	9.024678999999999	1	n/a	n/a	n/a	n/a	n/a	n/a	n/a	n/a	n/a	n/a	n/a	n/a	intervals/encoding_table	1	10.055127	18.053815
10.055127	0.000000	2011	ttl	1	70	n/a	n/a	n/a	n/a	n/a	n/a	n/a	n/a	n/a	n/a	n/a	n/a	n/a	n/a	n/a	n/a	n/a	n/a	n/a	n/a	n/a	10.055127	n/a
18.053815	0.000000	3611	ttl	2	70	n/a	n/a	n/a	n/a	n/a	n/a	n/a	n/a	n/a	n/a	n/a	n/a	n/a	n/a	n/a	n/a	n/a	n/a	n/a	n/a	n/a	18.053815	n/a
18.066930	0.000000	3613	ttl	11	70	n/a	n/a	n/a	n/a	n/a	n/a	n/a	n/a	n/a	n/a	n/a	n/a	n/a	n/a	n/a	n/a	n/a	n/a	n/a	n/a	n/a	18.066930	n/a
19.161556	8.333005	3832	encoding	n/a	n/a	SB_11.mp4	70.0	20.9496215	n/a	n/a	18.06693025	1	n/a	n/a	n/a	n/a	n/a	n/a	n/a	n/a	n/a	n/a	n/a	n/a	intervals/encoding_table	2	19.161556	27.494560
19.161556	0.000000	3832	ttl	1	70	n/a	n/a	n/a	n/a	n/a	n/a	n/a	n/a	n/a	n/a	n/a	n/a	n/a	n/a	n/a	n/a	n/a	n/a	n/a	n/a	n/a	19.161556	n/a
27.494560	0.000000	5499	ttl	2	70	n/a	n/a	n/a	n/a	n/a	n/a	n/a	n/a	n/a	n/a	n/a	n/a	n/a	n/a	n/a	n/a	n/a	n/a	n/a	n/a	n/a	27.494560	n/a
27.508862	0.000000	5502	ttl	11	70	n/a	n/a	n/a	n/a	n/a	n/a	n/a	n/a	n/a	n/a	n/a	n/a	n/a	n/a	n/a	n/a	n/a	n/a	n/a	n/a	n/a	27.508862	n/a
28.589608	7.764466	5718	encoding	n/a	n/a	NB_23.mp4	70.0	32.589608	n/a	n/a	27.50886225	0	n/a	n/a	n/a	n/a	n/a	n/a	n/a	n/a	n/a	n/a	n/a	n/a	intervals/encoding_table	3	28.589608	36.354074
28.589608	0.000000	5718	ttl	1	70	n/a	n/a	n/a	n/a	n/a	n/a	n/a	n/a	n/a	n/a	n/a	n/a	n/a	n/a	n/a	n/a	n/a	n/a	n/a	n/a	n/a	28.589608	n/a
36.354074	0.000000	7271	ttl	2	70	n/a	n/a	n/a	n/a	n/a	n/a	n/a	n/a	n/a	n/a	n/a	n/a	n/a	n/a	n/a	n/a	n/a	n/a	n/a	n/a	n/a	36.354074	n/a
36.369790	0.000000	7274	ttl	11	70	n/a	n/a	n/a	n/a	n/a	n/a	n/a	n/a	n/a	n/a	n/a	n/a	n/a	n/a	n/a	n/a	n/a	n/a	n/a	n/a	n/a	36.369790	n/a
37.274798	8.265986	7455	encoding	n/a	n/a	NB_21.mp4	70.0	41.274798499999996	n/a	n/a	36.369789749999995	0	n/a	n/a	n/a	n/a	n/a	n/a	n/a	n/a	n/a	n/a	n/a	n/a	intervals/encoding_table	4	37.274798	45.540785
37.274798	0.000000	7455	ttl	1	70	n/a	n/a	n/a	n/a	n/a	n/a	n/a	n/a	n/a	n/a	n/a	n/a	n/a	n/a	n/a	n/a	n/a	n/a	n/a	n/a	n/a	37.274798	n/a
45.540785	0.000000	9108	ttl	2	70	n/a	n/a	n/a	n/a	n/a	n/a	n/a	n/a	n/a	n/a	n/a	n/a	n/a	n/a	n/a	n/a	n/a	n/a	n/a	n/a	n/a	45.540785	n/a
45.555690	0.000000	9111	ttl	11	70	n/a	n/a	n/a	n/a	n/a	n/a	n/a	n/a	n/a	n/a	n/a	n/a	n/a	n/a	n/a	n/a	n/a	n/a	n/a	n/a	n/a	45.555690	n/a
46.570555	7.166065	9314	encoding	n/a	n/a	NB_20.mp4	70.0	50.5705545	n/a	n/a	45.55569	0	n/a	n/a	n/a	n/a	n/a	n/a	n/a	n/a	n/a	n/a	n/a	n/a	intervals/encoding_table	5	46.570555	53.736620
46.570555	0.000000	9314	ttl	1	70	n/a	n/a	n/a	n/a	n/a	n/a	n/a	n/a	n/a	n/a	n/a	n/a	n/a	n/a	n/a	n/a	n/a	n/a	n/a	n/a	n/a	46.570555	n/a
53.736620	0.000000	10747	ttl	2	70	n/a	n/a	n/a	n/a	n/a	n/a	n/a	n/a	n/a	n/a	n/a	n/a	n/a	n/a	n/a	n/a	n/a	n/a	n/a	n/a	n/a	53.736620	n/a
59.982894	0.000000	11997	ttl	11	70	n/a	n/a	n/a	n/a	n/a	n/a	n/a	n/a	n/a	n/a	n/a	n/a	n/a	n/a	n/a	n/a	n/a	n/a	n/a	n/a	n/a	59.982894	n/a
61.028769	8.064234	12206	encoding	n/a	n/a	HB_16.mp4	70.0	65.02876875	n/a	n/a	59.982893749999995	2	n/a	n/a	n/a	n/a	n/a	n/a	n/a	n/a	n/a	n/a	n/a	n/a	intervals/encoding_table	6	61.028769	69.093003
61.028769	0.000000	12206	ttl	1	70	n/a	n/a	n/a	n/a	n/a	n/a	n/a	n/a	n/a	n/a	n/a	n/a	n/a	n/a	n/a	n/a	n/a	n/a	n/a	n/a	n/a	61.028769	n/a
69.093003	0.000000	13819	ttl	2	70	n/a	n/a	n/a	n/a	n/a	n/a	n/a	n/a	n/a	n/a	n/a	n/a	n/a	n/a	n/a	n/a	n/a	n/a	n/a	n/a	n/a	69.093003	n/a
69.107604	0.000000	13822	ttl	11	70	n/a	n/a	n/a	n/a	n/a	n/a	n/a	n/a	n/a	n/a	n/a	n/a	n/a	n/a	n/a	n/a	n/a	n/a	n/a	n/a	n/a	69.107604	n/a
70.037938	7.629768	14008	encoding	n/a	n/a	SB_16.mp4	70.0	71.32171075	73.83719099999999	n/a	69.107604	1	n/a	n/a	n/a	n/a	n/a	n/a	n/a	n/a	n/a	n/a	n/a	n/a	intervals/encoding_table	7	70.037938	77.667706
70.037938	0.000000	14008	ttl	1	70	n/a	n/a	n/a	n/a	n/a	n/a	n/a	n/a	n/a	n/a	n/a	n/a	n/a	n/a	n/a	n/a	n/a	n/a	n/a	n/a	n/a	70.037938	n/a
77.667706	0.000000	15534	ttl	2	70	n/a	n/a	n/a	n/a	n/a	n/a	n/a	n/a	n/a	n/a	n/a	n/a	n/a	n/a	n/a	n/a	n/a	n/a	n/a	n/a	n/a	77.667706	n/a
77.682456	0.000000	15536	ttl	11	70	n/a	n/a	n/a	n/a	n/a	n/a	n/a	n/a	n/a	n/a	n/a	n/a	n/a	n/a	n/a	n/a	n/a	n/a	n/a	n/a	n/a	77.682456	n/a
78.592352	7.930957	15718	encoding	n/a	n/a	NB_16.mp4	70.0	82.59235249999999	n/a	n/a	77.682456	0	n/a	n/a	n/a	n/a	n/a	n/a	n/a	n/a	n/a	n/a	n/a	n/a	intervals/encoding_table	8	78.592352	86.523310
78.592352	0.000000	15718	ttl	1	70	n/a	n/a	n/a	n/a	n/a	n/a	n/a	n/a	n/a	n/a	n/a	n/a	n/a	n/a	n/a	n/a	n/a	n/a	n/a	n/a	n/a	78.592352	n/a
86.523310	0.000000	17305	ttl	2	70	n/a	n/a	n/a	n/a	n/a	n/a	n/a	n/a	n/a	n/a	n/a	n/a	n/a	n/a	n/a	n/a	n/a	n/a	n/a	n/a	n/a	86.523310	n/a
86.539326	0.000000	17308	ttl	11	70	n/a	n/a	n/a	n/a	n/a	n/a	n/a	n/a	n/a	n/a	n/a	n/a	n/a	n/a	n/a	n/a	n/a	n/a	n/a	n/a	n/a	86.539326	n/a
87.546313	8.930501	17509	encoding	n/a	n/a	SB_18.mp4	70.0	90.37778449999999	92.1622385	n/a	86.53932574999999	1	n/a	n/a	n/a	n/a	n/a	n/a	n/a	n/a	n/a	n/a	n/a	n/a	intervals/encoding_table	9	87.546313	96.476815
87.546313	0.000000	17509	ttl	1	70	n/a	n/a	n/a	n/a	n/a	n/a	n/a	n/a	n/a	n/a	n/a	n/a	n/a	n/a	n/a	n/a	n/a	n/a	n/a	n/a	n/a	87.546313	n/a
96.476815	0.000000	19295	ttl	2	70	n/a	n/a	n/a	n/a	n/a	n/a	n/a	n/a	n/a	n/a	n/a	n/a	n/a	n/a	n/a	n/a	n/a	n/a	n/a	n/a	n/a	96.476815	n/a
96.491392	0.000000	19298	ttl	11	70	n/a	n/a	n/a	n/a	n/a	n/a	n/a	n/a	n/a	n/a	n/a	n/a	n/a	n/a	n/a	n/a	n/a	n/a	n/a	n/a	n/a	96.491392	n/a
97.399366	8.667447	19480	encoding	n/a	n/a	NB_6.mp4	70.0	101.399366	n/a	n/a	96.49139249999999	0	n/a	n/a	n/a	n/a	n/a	n/a	n/a	n/a	n/a	n/a	n/a	n/a	intervals/encoding_table	10	97.399366	106.066813
97.399366	0.000000	19480	ttl	1	70	n/a	n/a	n/a	n/a	n/a	n/a	n/a	n/a	n/a	n/a	n/a	n/a	n/a	n/a	n/a	n/a	n/a	n/a	n/a	n/a	n/a	97.399366	n/a
106.066813	0.000000	21213	ttl	2	70	n/a	n/a	n/a	n/a	n/a	n/a	n/a	n/a	n/a	n/a	n/a	n/a	n/a	n/a	n/a	n/a	n/a	n/a	n/a	n/a	n/a	106.066813	n/a
106.082690	0.000000	21217	ttl	11	70	n/a	n/a	n/a	n/a	n/a	n/a	n/a	n/a	n/a	n/a	n/a	n/a	n/a	n/a	n/a	n/a	n/a	n/a	n/a	n/a	n/a	106.082690	n/a
107.082686	7.796445	21417	encoding	n/a	n/a	HB_6.mp4	70.0	111.0826865	109.32859674999999	113.36233225	106.0826905	2	n/a	n/a	n/a	n/a	n/a	n/a	n/a	n/a	n/a	n/a	n/a	n/a	intervals/encoding_table	11	107.082686	114.879132
107.082686	0.000000	21417	ttl	1	70	n/a	n/a	n/a	n/a	n/a	n/a	n/a	n/a	n/a	n/a	n/a	n/a	n/a	n/a	n/a	n/a	n/a	n/a	n/a	n/a	n/a	107.082686	n/a
114.879132	0.000000	22976	ttl	2	70	n/a	n/a	n/a	n/a	n/a	n/a	n/a	n/a	n/a	n/a	n/a	n/a	n/a	n/a	n/a	n/a	n/a	n/a	n/a	n/a	n/a	114.879132	n/a
114.894862	0.000000	22979	ttl	11	70	n/a	n/a	n/a	n/a	n/a	n/a	n/a	n/a	n/a	n/a	n/a	n/a	n/a	n/a	n/a	n/a	n/a	n/a	n/a	n/a	n/a	114.894862	n/a
115.836929	7.997698	23167	encoding	n/a	n/a	NB_30.mp4	70.0	119.836929	n/a	n/a	114.89486224999999	0	n/a	n/a	n/a	n/a	n/a	n/a	n/a	n/a	n/a	n/a	n/a	n/a	intervals/encoding_table	12	115.836929	123.834627
115.836929	0.000000	23167	ttl	1	70	n/a	n/a	n/a	n/a	n/a	n/a	n/a	n/a	n/a	n/a	n/a	n/a	n/a	n/a	n/a	n/a	n/a	n/a	n/a	n/a	n/a	115.836929	n/a
123.834627	0.000000	24767	ttl	2	70	n/a	n/a	n/a	n/a	n/a	n/a	n/a	n/a	n/a	n/a	n/a	n/a	n/a	n/a	n/a	n/a	n/a	n/a	n/a	n/a	n/a	123.834627	n/a
129.782561	0.000000	25957	ttl	11	70	n/a	n/a	n/a	n/a	n/a	n/a	n/a	n/a	n/a	n/a	n/a	n/a	n/a	n/a	n/a	n/a	n/a	n/a	n/a	n/a	n/a	129.782561	n/a
130.777759	7.964255	26156	encoding	n/a	n/a	HB_24.mp4	70.0	134.777759	n/a	n/a	129.78256075	2	n/a	n/a	n/a	n/a	n/a	n/a	n/a	n/a	n/a	n/a	n/a	n/a	intervals/encoding_table	13	130.777759	138.742014
130.777759	0.000000	26156	ttl	1	70	n/a	n/a	n/a	n/a	n/a	n/a	n/a	n/a	n/a	n/a	n/a	n/a	n/a	n/a	n/a	n/a	n/a	n/a	n/a	n/a	n/a	130.777759	n/a
138.742014	0.000000	27748	ttl	2	70	n/a	n/a	n/a	n/a	n/a	n/a	n/a	n/a	n/a	n/a	n/a	n/a	n/a	n/a	n/a	n/a	n/a	n/a	n/a	n/a	n/a	138.742014	n/a
138.757793	0.000000	27752	ttl	11	70	n/a	n/a	n/a	n/a	n/a	n/a	n/a	n/a	n/a	n/a	n/a	n/a	n/a	n/a	n/a	n/a	n/a	n/a	n/a	n/a	n/a	138.757793	n/a
139.788603	8.030660	27958	encoding	n/a	n/a	HB_8.mp4	70.0	143.788603	141.63956725	145.65791525	138.75779325	2	n/a	n/a	n/a	n/a	n/a	n/a	n/a	n/a	n/a	n/a	n/a	n/a	intervals/encoding_table	14	139.788603	147.819263
139.788603	0.000000	27958	ttl	1	70	n/a	n/a	n/a	n/a	n/a	n/a	n/a	n/a	n/a	n/a	n/a	n/a	n/a	n/a	n/a	n/a	n/a	n/a	n/a	n/a	n/a	139.788603	n/a
147.819263	0.000000	29564	ttl	2	70	n/a	n/a	n/a	n/a	n/a	n/a	n/a	n/a	n/a	n/a	n/a	n/a	n/a	n/a	n/a	n/a	n/a	n/a	n/a	n/a	n/a	147.819263	n/a
147.835197	0.000000	29567	ttl	11	70	n/a	n/a	n/a	n/a	n/a	n/a	n/a	n/a	n/a	n/a	n/a	n/a	n/a	n/a	n/a	n/a	n/a	n/a	n/a	n/a	n/a	147.835197	n/a
148.744992	8.197238	29749	encoding	n/a	n/a	HB_19.mp4	70.0	152.744992	n/a	n/a	147.83519725	2	n/a	n/a	n/a	n/a	n/a	n/a	n/a	n/a	n/a	n/a	n/a	n/a	intervals/encoding_table	15	148.744992	156.942230
148.744992	0.000000	29749	ttl	1	70	n/a	n/a	n/a	n/a	n/a	n/a	n/a	n/a	n/a	n/a	n/a	n/a	n/a	n/a	n/a	n/a	n/a	n/a	n/a	n/a	n/a	148.744992	n/a
156.942230	0.000000	31388	ttl	2	70	n/a	n/a	n/a	n/a	n/a	n/a	n/a	n/a	n/a	n/a	n/a	n/a	n/a	n/a	n/a	n/a	n/a	n/a	n/a	n/a	n/a	156.942230	n/a
156.957178	0.000000	31391	ttl	11	70	n/a	n/a	n/a	n/a	n/a	n/a	n/a	n/a	n/a	n/a	n/a	n/a	n/a	n/a	n/a	n/a	n/a	n/a	n/a	n/a	n/a	156.957178	n/a
158.028840	8.034264	31606	encoding	n/a	n/a	SB_13.mp4	70.0	163.814675	n/a	n/a	156.9571775	1	n/a	n/a	n/a	n/a	n/a	n/a	n/a	n/a	n/a	n/a	n/a	n/a	intervals/encoding_table	16	158.028840	166.063104
158.028840	0.000000	31606	ttl	1	70	n/a	n/a	n/a	n/a	n/a	n/a	n/a	n/a	n/a	n/a	n/a	n/a	n/a	n/a	n/a	n/a	n/a	n/a	n/a	n/a	n/a	158.028840	n/a
166.063104	0.000000	33213	ttl	2	70	n/a	n/a	n/a	n/a	n/a	n/a	n/a	n/a	n/a	n/a	n/a	n/a	n/a	n/a	n/a	n/a	n/a	n/a	n/a	n/a	n/a	166.063104	n/a
166.077904	0.000000	33216	ttl	11	70	n/a	n/a	n/a	n/a	n/a	n/a	n/a	n/a	n/a	n/a	n/a	n/a	n/a	n/a	n/a	n/a	n/a	n/a	n/a	n/a	n/a	166.077904	n/a
166.985806	7.931877	33397	encoding	n/a	n/a	HB_13.mp4	70.0	170.985806	169.25069875	173.1929485	166.0779045	2	n/a	n/a	n/a	n/a	n/a	n/a	n/a	n/a	n/a	n/a	n/a	n/a	intervals/encoding_table	17	166.985806	174.917683
166.985806	0.000000	33397	ttl	1	70	n/a	n/a	n/a	n/a	n/a	n/a	n/a	n/a	n/a	n/a	n/a	n/a	n/a	n/a	n/a	n/a	n/a	n/a	n/a	n/a	n/a	166.985806	n/a
174.917683	0.000000	34984	ttl	2	70	n/a	n/a	n/a	n/a	n/a	n/a	n/a	n/a	n/a	n/a	n/a	n/a	n/a	n/a	n/a	n/a	n/a	n/a	n/a	n/a	n/a	174.917683	n/a
174.932289	0.000000	34986	ttl	11	70	n/a	n/a	n/a	n/a	n/a	n/a	n/a	n/a	n/a	n/a	n/a	n/a	n/a	n/a	n/a	n/a	n/a	n/a	n/a	n/a	n/a	174.932289	n/a
175.960400	8.031820	35192	encoding	n/a	n/a	HB_11.mp4	70.0	179.96040025	178.83856799999998	182.180759	174.93228925	2	n/a	n/a	n/a	n/a	n/a	n/a	n/a	n/a	n/a	n/a	n/a	n/a	intervals/encoding_table	18	175.960400	183.992220
175.960400	0.000000	35192	ttl	1	70	n/a	n/a	n/a	n/a	n/a	n/a	n/a	n/a	n/a	n/a	n/a	n/a	n/a	n/a	n/a	n/a	n/a	n/a	n/a	n/a	n/a	175.960400	n/a
183.992220	0.000000	36798	ttl	2	70	n/a	n/a	n/a	n/a	n/a	n/a	n/a	n/a	n/a	n/a	n/a	n/a	n/a	n/a	n/a	n/a	n/a	n/a	n/a	n/a	n/a	183.992220	n/a
188.022153	0.000000	37604	ttl	11	70	n/a	n/a	n/a	n/a	n/a	n/a	n/a	n/a	n/a	n/a	n/a	n/a	n/a	n/a	n/a	n/a	n/a	n/a	n/a	n/a	n/a	188.022153	n/a
189.023440	7.832155	37805	encoding	n/a	n/a	HB_29.mp4	70.0	193.02344	n/a	n/a	188.022153	2	n/a	n/a	n/a	n/a	n/a	n/a	n/a	n/a	n/a	n/a	n/a	n/a	intervals/encoding_table	19	189.023440	196.855595
189.023440	0.000000	37805	ttl	1	70	n/a	n/a	n/a	n/a	n/a	n/a	n/a	n/a	n/a	n/a	n/a	n/a	n/a	n/a	n/a	n/a	n/a	n/a	n/a	n/a	n/a	189.023440	n/a
196.855595	0.000000	39371	ttl	2	70	n/a	n/a	n/a	n/a	n/a	n/a	n/a	n/a	n/a	n/a	n/a	n/a	n/a	n/a	n/a	n/a	n/a	n/a	n/a	n/a	n/a	196.855595	n/a
196.870446	0.000000	39374	ttl	11	70	n/a	n/a	n/a	n/a	n/a	n/a	n/a	n/a	n/a	n/a	n/a	n/a	n/a	n/a	n/a	n/a	n/a	n/a	n/a	n/a	n/a	196.870446	n/a
197.885870	8.064111	39577	encoding	n/a	n/a	SB_15.mp4	70.0	202.887272	n/a	n/a	196.87044649999999	1	n/a	n/a	n/a	n/a	n/a	n/a	n/a	n/a	n/a	n/a	n/a	n/a	intervals/encoding_table	20	197.885870	205.949981
197.885870	0.000000	39577	ttl	1	70	n/a	n/a	n/a	n/a	n/a	n/a	n/a	n/a	n/a	n/a	n/a	n/a	n/a	n/a	n/a	n/a	n/a	n/a	n/a	n/a	n/a	197.885870	n/a
205.949981	0.000000	41190	ttl	2	70	n/a	n/a	n/a	n/a	n/a	n/a	n/a	n/a	n/a	n/a	n/a	n/a	n/a	n/a	n/a	n/a	n/a	n/a	n/a	n/a	n/a	205.949981	n/a
205.964744	0.000000	41193	ttl	11	70	n/a	n/a	n/a	n/a	n/a	n/a	n/a	n/a	n/a	n/a	n/a	n/a	n/a	n/a	n/a	n/a	n/a	n/a	n/a	n/a	n/a	205.964744	n/a
207.040555	8.033507	41408	encoding	n/a	n/a	HB_12.mp4	70.0	211.04055524999998	208.678293	212.96769625	205.96474425	2	n/a	n/a	n/a	n/a	n/a	n/a	n/a	n/a	n/a	n/a	n/a	n/a	intervals/encoding_table	21	207.040555	215.074062
207.040555	0.000000	41408	ttl	1	70	n/a	n/a	n/a	n/a	n/a	n/a	n/a	n/a	n/a	n/a	n/a	n/a	n/a	n/a	n/a	n/a	n/a	n/a	n/a	n/a	n/a	207.040555	n/a
215.074062	0.000000	43015	ttl	2	70	n/a	n/a	n/a	n/a	n/a	n/a	n/a	n/a	n/a	n/a	n/a	n/a	n/a	n/a	n/a	n/a	n/a	n/a	n/a	n/a	n/a	215.074062	n/a
215.088985	0.000000	43018	ttl	11	70	n/a	n/a	n/a	n/a	n/a	n/a	n/a	n/a	n/a	n/a	n/a	n/a	n/a	n/a	n/a	n/a	n/a	n/a	n/a	n/a	n/a	215.088985	n/a
216.025856	8.031266	43205	encoding	n/a	n/a	NB_1.mp4	70.0	220.02585599999998	n/a	n/a	215.08898524999998	0	n/a	n/a	n/a	n/a	n/a	n/a	n/a	n/a	n/a	n/a	n/a	n/a	intervals/encoding_table	22	216.025856	224.057122
216.025856	0.000000	43205	ttl	1	70	n/a	n/a	n/a	n/a	n/a	n/a	n/a	n/a	n/a	n/a	n/a	n/a	n/a	n/a	n/a	n/a	n/a	n/a	n/a	n/a	n/a	216.025856	n/a
224.057122	0.000000	44811	ttl	2	70	n/a	n/a	n/a	n/a	n/a	n/a	n/a	n/a	n/a	n/a	n/a	n/a	n/a	n/a	n/a	n/a	n/a	n/a	n/a	n/a	n/a	224.057122	n/a
224.071928	0.000000	44814	ttl	11	70	n/a	n/a	n/a	n/a	n/a	n/a	n/a	n/a	n/a	n/a	n/a	n/a	n/a	n/a	n/a	n/a	n/a	n/a	n/a	n/a	n/a	224.071928	n/a
225.012220	8.464248	45002	encoding	n/a	n/a	SB_26.mp4	70.0	226.74740674999998	228.40552325	229.89528775	224.07192849999998	1	n/a	n/a	n/a	n/a	n/a	n/a	n/a	n/a	n/a	n/a	n/a	n/a	intervals/encoding_table	23	225.012220	233.476468
225.012220	0.000000	45002	ttl	1	70	n/a	n/a	n/a	n/a	n/a	n/a	n/a	n/a	n/a	n/a	n/a	n/a	n/a	n/a	n/a	n/a	n/a	n/a	n/a	n/a	n/a	225.012220	n/a
233.476468	0.000000	46695	ttl	2	70	n/a	n/a	n/a	n/a	n/a	n/a	n/a	n/a	n/a	n/a	n/a	n/a	n/a	n/a	n/a	n/a	n/a	n/a	n/a	n/a	n/a	233.476468	n/a
238.857228	0.000000	47771	ttl	11	70	n/a	n/a	n/a	n/a	n/a	n/a	n/a	n/a	n/a	n/a	n/a	n/a	n/a	n/a	n/a	n/a	n/a	n/a	n/a	n/a	n/a	238.857228	n/a
239.783620	7.929911	47957	encoding	n/a	n/a	NB_3.mp4	70.0	243.78362024999998	n/a	n/a	238.85722825	0	n/a	n/a	n/a	n/a	n/a	n/a	n/a	n/a	n/a	n/a	n/a	n/a	intervals/encoding_table	24	239.783620	247.713531
239.783620	0.000000	47957	ttl	1	70	n/a	n/a	n/a	n/a	n/a	n/a	n/a	n/a	n/a	n/a	n/a	n/a	n/a	n/a	n/a	n/a	n/a	n/a	n/a	n/a	n/a	239.783620	n/a
247.713531	0.000000	49543	ttl	2	70	n/a	n/a	n/a	n/a	n/a	n/a	n/a	n/a	n/a	n/a	n/a	n/a	n/a	n/a	n/a	n/a	n/a	n/a	n/a	n/a	n/a	247.713531	n/a
247.728282	0.000000	49546	ttl	11	70	n/a	n/a	n/a	n/a	n/a	n/a	n/a	n/a	n/a	n/a	n/a	n/a	n/a	n/a	n/a	n/a	n/a	n/a	n/a	n/a	n/a	247.728282	n/a
248.792723	7.998757	49759	encoding	n/a	n/a	NB_14.mp4	70.0	252.79272325	n/a	n/a	247.72828199999998	0	n/a	n/a	n/a	n/a	n/a	n/a	n/a	n/a	n/a	n/a	n/a	n/a	intervals/encoding_table	25	248.792723	256.791480
248.792723	0.000000	49759	ttl	1	70	n/a	n/a	n/a	n/a	n/a	n/a	n/a	n/a	n/a	n/a	n/a	n/a	n/a	n/a	n/a	n/a	n/a	n/a	n/a	n/a	n/a	248.792723	n/a
256.791480	0.000000	51358	ttl	2	70	n/a	n/a	n/a	n/a	n/a	n/a	n/a	n/a	n/a	n/a	n/a	n/a	n/a	n/a	n/a	n/a	n/a	n/a	n/a	n/a	n/a	256.791480	n/a
256.806052	0.000000	51361	ttl	11	70	n/a	n/a	n/a	n/a	n/a	n/a	n/a	n/a	n/a	n/a	n/a	n/a	n/a	n/a	n/a	n/a	n/a	n/a	n/a	n/a	n/a	256.806052	n/a
257.853121	8.050064	51571	encoding	n/a	n/a	HB_1.mp4	70.0	261.853121	259.40517124999997	n/a	256.80605225	2	n/a	n/a	n/a	n/a	n/a	n/a	n/a	n/a	n/a	n/a	n/a	n/a	intervals/encoding_table	26	257.853121	265.903185
257.853121	0.000000	51571	ttl	1	70	n/a	n/a	n/a	n/a	n/a	n/a	n/a	n/a	n/a	n/a	n/a	n/a	n/a	n/a	n/a	n/a	n/a	n/a	n/a	n/a	n/a	257.853121	n/a
265.903185	0.000000	53181	ttl	2	70	n/a	n/a	n/a	n/a	n/a	n/a	n/a	n/a	n/a	n/a	n/a	n/a	n/a	n/a	n/a	n/a	n/a	n/a	n/a	n/a	n/a	265.903185	n/a
265.919063	0.000000	53184	ttl	11	70	n/a	n/a	n/a	n/a	n/a	n/a	n/a	n/a	n/a	n/a	n/a	n/a	n/a	n/a	n/a	n/a	n/a	n/a	n/a	n/a	n/a	265.919063	n/a
266.997761	8.197424	53400	encoding	n/a	n/a	SB_6.mp4	70.0	268.485463	n/a	n/a	265.9190635	1	n/a	n/a	n/a	n/a	n/a	n/a	n/a	n/a	n/a	n/a	n/a	n/a	intervals/encoding_table	27	266.997761	275.195185
266.997761	0.000000	53400	ttl	1	70	n/a	n/a	n/a	n/a	n/a	n/a	n/a	n/a	n/a	n/a	n/a	n/a	n/a	n/a	n/a	n/a	n/a	n/a	n/a	n/a	n/a	266.997761	n/a
275.195185	0.000000	55039	ttl	2	70	n/a	n/a	n/a	n/a	n/a	n/a	n/a	n/a	n/a	n/a	n/a	n/a	n/a	n/a	n/a	n/a	n/a	n/a	n/a	n/a	n/a	275.195185	n/a
275.211184	0.000000	55042	ttl	11	70	n/a	n/a	n/a	n/a	n/a	n/a	n/a	n/a	n/a	n/a	n/a	n/a	n/a	n/a	n/a	n/a	n/a	n/a	n/a	n/a	n/a	275.211184	n/a
276.143121	8.064874	55229	encoding	n/a	n/a	SB_21.mp4	70.0	278.45460199999997	280.866694	n/a	275.2111835	1	n/a	n/a	n/a	n/a	n/a	n/a	n/a	n/a	n/a	n/a	n/a	n/a	intervals/encoding_table	28	276.143121	284.207995
276.143121	0.000000	55229	ttl	1	70	n/a	n/a	n/a	n/a	n/a	n/a	n/a	n/a	n/a	n/a	n/a	n/a	n/a	n/a	n/a	n/a	n/a	n/a	n/a	n/a	n/a	276.143121	n/a
284.207995	0.000000	56842	ttl	2	70	n/a	n/a	n/a	n/a	n/a	n/a	n/a	n/a	n/a	n/a	n/a	n/a	n/a	n/a	n/a	n/a	n/a	n/a	n/a	n/a	n/a	284.207995	n/a
284.223596	0.000000	56845	ttl	11	70	n/a	n/a	n/a	n/a	n/a	n/a	n/a	n/a	n/a	n/a	n/a	n/a	n/a	n/a	n/a	n/a	n/a	n/a	n/a	n/a	n/a	284.223596	n/a
285.208055	8.197553	57042	encoding	n/a	n/a	HB_10.mp4	70.0	289.20805475	286.7675845	291.13680899999997	284.22359625	2	n/a	n/a	n/a	n/a	n/a	n/a	n/a	n/a	n/a	n/a	n/a	n/a	intervals/encoding_table	29	285.208055	293.405608
285.208055	0.000000	57042	ttl	1	70	n/a	n/a	n/a	n/a	n/a	n/a	n/a	n/a	n/a	n/a	n/a	n/a	n/a	n/a	n/a	n/a	n/a	n/a	n/a	n/a	n/a	285.208055	n/a
293.405608	0.000000	58681	ttl	2	70	n/a	n/a	n/a	n/a	n/a	n/a	n/a	n/a	n/a	n/a	n/a	n/a	n/a	n/a	n/a	n/a	n/a	n/a	n/a	n/a	n/a	293.405608	n/a
293.420382	0.000000	58684	ttl	11	70	n/a	n/a	n/a	n/a	n/a	n/a	n/a	n/a	n/a	n/a	n/a	n/a	n/a	n/a	n/a	n/a	n/a	n/a	n/a	n/a	n/a	293.420382	n/a
294.446164	7.996710	58889	encoding	n/a	n/a	NB_2.mp4	70.0	298.44616375	n/a	n/a	293.42038225	0	n/a	n/a	n/a	n/a	n/a	n/a	n/a	n/a	n/a	n/a	n/a	n/a	intervals/encoding_table	30	294.446164	302.442874
294.446164	0.000000	58889	ttl	1	70	n/a	n/a	n/a	n/a	n/a	n/a	n/a	n/a	n/a	n/a	n/a	n/a	n/a	n/a	n/a	n/a	n/a	n/a	n/a	n/a	n/a	294.446164	n/a
302.442874	0.000000	60489	ttl	2	70	n/a	n/a	n/a	n/a	n/a	n/a	n/a	n/a	n/a	n/a	n/a	n/a	n/a	n/a	n/a	n/a	n/a	n/a	n/a	n/a	n/a	302.442874	n/a
305.577353	0.000000	61115	ttl	11	70	n/a	n/a	n/a	n/a	n/a	n/a	n/a	n/a	n/a	n/a	n/a	n/a	n/a	n/a	n/a	n/a	n/a	n/a	n/a	n/a	n/a	305.577353	n/a
306.596709	7.998743	61319	encoding	n/a	n/a	NB_9.mp4	70.0	310.59670925	n/a	n/a	305.57735299999996	0	n/a	n/a	n/a	n/a	n/a	n/a	n/a	n/a	n/a	n/a	n/a	n/a	intervals/encoding_table	31	306.596709	314.595453
306.596709	0.000000	61319	ttl	1	70	n/a	n/a	n/a	n/a	n/a	n/a	n/a	n/a	n/a	n/a	n/a	n/a	n/a	n/a	n/a	n/a	n/a	n/a	n/a	n/a	n/a	306.596709	n/a
314.595453	0.000000	62919	ttl	2	70	n/a	n/a	n/a	n/a	n/a	n/a	n/a	n/a	n/a	n/a	n/a	n/a	n/a	n/a	n/a	n/a	n/a	n/a	n/a	n/a	n/a	314.595453	n/a
314.610121	0.000000	62922	ttl	11	70	n/a	n/a	n/a	n/a	n/a	n/a	n/a	n/a	n/a	n/a	n/a	n/a	n/a	n/a	n/a	n/a	n/a	n/a	n/a	n/a	n/a	314.610121	n/a
315.569269	8.034107	63114	encoding	n/a	n/a	NB_12.mp4	70.0	319.56926949999996	n/a	n/a	314.6101215	0	n/a	n/a	n/a	n/a	n/a	n/a	n/a	n/a	n/a	n/a	n/a	n/a	intervals/encoding_table	32	315.569269	323.603376
315.569269	0.000000	63114	ttl	1	70	n/a	n/a	n/a	n/a	n/a	n/a	n/a	n/a	n/a	n/a	n/a	n/a	n/a	n/a	n/a	n/a	n/a	n/a	n/a	n/a	n/a	315.569269	n/a
323.603376	0.000000	64721	ttl	2	70	n/a	n/a	n/a	n/a	n/a	n/a	n/a	n/a	n/a	n/a	n/a	n/a	n/a	n/a	n/a	n/a	n/a	n/a	n/a	n/a	n/a	323.603376	n/a
323.619139	0.000000	64724	ttl	11	70	n/a	n/a	n/a	n/a	n/a	n/a	n/a	n/a	n/a	n/a	n/a	n/a	n/a	n/a	n/a	n/a	n/a	n/a	n/a	n/a	n/a	323.619139	n/a
324.675544	7.931666	64935	encoding	n/a	n/a	HB_23.mp4	70.0	328.67554425	n/a	n/a	323.61913949999996	2	n/a	n/a	n/a	n/a	n/a	n/a	n/a	n/a	n/a	n/a	n/a	n/a	intervals/encoding_table	33	324.675544	332.607211
324.675544	0.000000	64935	ttl	1	70	n/a	n/a	n/a	n/a	n/a	n/a	n/a	n/a	n/a	n/a	n/a	n/a	n/a	n/a	n/a	n/a	n/a	n/a	n/a	n/a	n/a	324.675544	n/a
332.607211	0.000000	66521	ttl	2	70	n/a	n/a	n/a	n/a	n/a	n/a	n/a	n/a	n/a	n/a	n/a	n/a	n/a	n/a	n/a	n/a	n/a	n/a	n/a	n/a	n/a	332.607211	n/a
332.622118	0.000000	66524	ttl	11	70	n/a	n/a	n/a	n/a	n/a	n/a	n/a	n/a	n/a	n/a	n/a	n/a	n/a	n/a	n/a	n/a	n/a	n/a	n/a	n/a	n/a	332.622118	n/a
333.598472	8.033364	66720	encoding	n/a	n/a	HB_14.mp4	70.0	337.59847249999996	336.34616424999996	339.52023499999996	332.622118	2	n/a	n/a	n/a	n/a	n/a	n/a	n/a	n/a	n/a	n/a	n/a	n/a	intervals/encoding_table	34	333.598472	341.631837
333.598472	0.000000	66720	ttl	1	70	n/a	n/a	n/a	n/a	n/a	n/a	n/a	n/a	n/a	n/a	n/a	n/a	n/a	n/a	n/a	n/a	n/a	n/a	n/a	n/a	n/a	333.598472	n/a
341.631837	0.000000	68326	ttl	2	70	n/a	n/a	n/a	n/a	n/a	n/a	n/a	n/a	n/a	n/a	n/a	n/a	n/a	n/a	n/a	n/a	n/a	n/a	n/a	n/a	n/a	341.631837	n/a
341.647636	0.000000	68330	ttl	11	70	n/a	n/a	n/a	n/a	n/a	n/a	n/a	n/a	n/a	n/a	n/a	n/a	n/a	n/a	n/a	n/a	n/a	n/a	n/a	n/a	n/a	341.647636	n/a
342.744590	7.299609	68549	encoding	n/a	n/a	NB_28.mp4	70.0	346.74459049999996	n/a	n/a	341.64763625	0	n/a	n/a	n/a	n/a	n/a	n/a	n/a	n/a	n/a	n/a	n/a	n/a	intervals/encoding_table	35	342.744590	350.044199
342.744590	0.000000	68549	ttl	1	70	n/a	n/a	n/a	n/a	n/a	n/a	n/a	n/a	n/a	n/a	n/a	n/a	n/a	n/a	n/a	n/a	n/a	n/a	n/a	n/a	n/a	342.744590	n/a
350.044199	0.000000	70009	ttl	2	70	n/a	n/a	n/a	n/a	n/a	n/a	n/a	n/a	n/a	n/a	n/a	n/a	n/a	n/a	n/a	n/a	n/a	n/a	n/a	n/a	n/a	350.044199	n/a
350.058855	0.000000	70012	ttl	11	70	n/a	n/a	n/a	n/a	n/a	n/a	n/a	n/a	n/a	n/a	n/a	n/a	n/a	n/a	n/a	n/a	n/a	n/a	n/a	n/a	n/a	350.058855	n/a
350.999880	7.932216	70200	encoding	n/a	n/a	SB_23.mp4	70.0	353.69813875	355.25198474999996	n/a	350.05885474999997	1	n/a	n/a	n/a	n/a	n/a	n/a	n/a	n/a	n/a	n/a	n/a	n/a	intervals/encoding_table	36	350.999880	358.932096
350.999880	0.000000	70200	ttl	1	70	n/a	n/a	n/a	n/a	n/a	n/a	n/a	n/a	n/a	n/a	n/a	n/a	n/a	n/a	n/a	n/a	n/a	n/a	n/a	n/a	n/a	350.999880	n/a
358.932096	0.000000	71786	ttl	2	70	n/a	n/a	n/a	n/a	n/a	n/a	n/a	n/a	n/a	n/a	n/a	n/a	n/a	n/a	n/a	n/a	n/a	n/a	n/a	n/a	n/a	358.932096	n/a
358.946879	0.000000	71789	ttl	11	70	n/a	n/a	n/a	n/a	n/a	n/a	n/a	n/a	n/a	n/a	n/a	n/a	n/a	n/a	n/a	n/a	n/a	n/a	n/a	n/a	n/a	358.946879	n/a
360.002829	8.198643	72001	encoding	n/a	n/a	NB_13.mp4	70.0	364.00282899999996	n/a	n/a	358.94687899999997	0	n/a	n/a	n/a	n/a	n/a	n/a	n/a	n/a	n/a	n/a	n/a	n/a	intervals/encoding_table	37	360.002829	368.201472
360.002829	0.000000	72001	ttl	1	70	n/a	n/a	n/a	n/a	n/a	n/a	n/a	n/a	n/a	n/a	n/a	n/a	n/a	n/a	n/a	n/a	n/a	n/a	n/a	n/a	n/a	360.002829	n/a
368.201472	0.000000	73640	ttl	2	70	n/a	n/a	n/a	n/a	n/a	n/a	n/a	n/a	n/a	n/a	n/a	n/a	n/a	n/a	n/a	n/a	n/a	n/a	n/a	n/a	n/a	368.201472	n/a
374.949299	0.000000	74990	ttl	11	70	n/a	n/a	n/a	n/a	n/a	n/a	n/a	n/a	n/a	n/a	n/a	n/a	n/a	n/a	n/a	n/a	n/a	n/a	n/a	n/a	n/a	374.949299	n/a
376.018303	8.397275	75204	encoding	n/a	n/a	HB_3.mp4	70.0	380.01830275	378.32849875	n/a	374.94929874999997	2	n/a	n/a	n/a	n/a	n/a	n/a	n/a	n/a	n/a	n/a	n/a	n/a	intervals/encoding_table	38	376.018303	384.415578
376.018303	0.000000	75204	ttl	1	70	n/a	n/a	n/a	n/a	n/a	n/a	n/a	n/a	n/a	n/a	n/a	n/a	n/a	n/a	n/a	n/a	n/a	n/a	n/a	n/a	n/a	376.018303	n/a
384.415578	0.000000	76883	ttl	2	70	n/a	n/a	n/a	n/a	n/a	n/a	n/a	n/a	n/a	n/a	n/a	n/a	n/a	n/a	n/a	n/a	n/a	n/a	n/a	n/a	n/a	384.415578	n/a
384.430227	0.000000	76886	ttl	11	70	n/a	n/a	n/a	n/a	n/a	n/a	n/a	n/a	n/a	n/a	n/a	n/a	n/a	n/a	n/a	n/a	n/a	n/a	n/a	n/a	n/a	384.430227	n/a
385.422484	8.263464	77084	encoding	n/a	n/a	NB_10.mp4	70.0	389.42248424999997	n/a	n/a	384.43022725	0	n/a	n/a	n/a	n/a	n/a	n/a	n/a	n/a	n/a	n/a	n/a	n/a	intervals/encoding_table	39	385.422484	393.685949
385.422484	0.000000	77084	ttl	1	70	n/a	n/a	n/a	n/a	n/a	n/a	n/a	n/a	n/a	n/a	n/a	n/a	n/a	n/a	n/a	n/a	n/a	n/a	n/a	n/a	n/a	385.422484	n/a
393.685949	0.000000	78737	ttl	2	70	n/a	n/a	n/a	n/a	n/a	n/a	n/a	n/a	n/a	n/a	n/a	n/a	n/a	n/a	n/a	n/a	n/a	n/a	n/a	n/a	n/a	393.685949	n/a
393.701939	0.000000	78740	ttl	11	70	n/a	n/a	n/a	n/a	n/a	n/a	n/a	n/a	n/a	n/a	n/a	n/a	n/a	n/a	n/a	n/a	n/a	n/a	n/a	n/a	n/a	393.701939	n/a
394.737764	7.596189	78948	encoding	n/a	n/a	SB_28.mp4	70.0	395.71341325	397.86168849999996	399.5080015	393.70193874999995	1	n/a	n/a	n/a	n/a	n/a	n/a	n/a	n/a	n/a	n/a	n/a	n/a	intervals/encoding_table	40	394.737764	402.333953
394.737764	0.000000	78948	ttl	1	70	n/a	n/a	n/a	n/a	n/a	n/a	n/a	n/a	n/a	n/a	n/a	n/a	n/a	n/a	n/a	n/a	n/a	n/a	n/a	n/a	n/a	394.737764	n/a
402.333953	0.000000	80467	ttl	2	70	n/a	n/a	n/a	n/a	n/a	n/a	n/a	n/a	n/a	n/a	n/a	n/a	n/a	n/a	n/a	n/a	n/a	n/a	n/a	n/a	n/a	402.333953	n/a
402.348694	0.000000	80470	ttl	11	70	n/a	n/a	n/a	n/a	n/a	n/a	n/a	n/a	n/a	n/a	n/a	n/a	n/a	n/a	n/a	n/a	n/a	n/a	n/a	n/a	n/a	402.348694	n/a
403.408125	7.965874	80682	encoding	n/a	n/a	NB_8.mp4	70.0	407.4081255	n/a	n/a	402.34869449999997	0	n/a	n/a	n/a	n/a	n/a	n/a	n/a	n/a	n/a	n/a	n/a	n/a	intervals/encoding_table	41	403.408125	411.374000
403.408125	0.000000	80682	ttl	1	70	n/a	n/a	n/a	n/a	n/a	n/a	n/a	n/a	n/a	n/a	n/a	n/a	n/a	n/a	n/a	n/a	n/a	n/a	n/a	n/a	n/a	403.408125	n/a
411.374000	0.000000	82275	ttl	2	70	n/a	n/a	n/a	n/a	n/a	n/a	n/a	n/a	n/a	n/a	n/a	n/a	n/a	n/a	n/a	n/a	n/a	n/a	n/a	n/a	n/a	411.374000	n/a
411.388620	0.000000	82278	ttl	11	70	n/a	n/a	n/a	n/a	n/a	n/a	n/a	n/a	n/a	n/a	n/a	n/a	n/a	n/a	n/a	n/a	n/a	n/a	n/a	n/a	n/a	411.388620	n/a
412.335735	7.966349	82467	encoding	n/a	n/a	NB_27.mp4	70.0	416.33573524999997	n/a	n/a	411.38862025	0	n/a	n/a	n/a	n/a	n/a	n/a	n/a	n/a	n/a	n/a	n/a	n/a	intervals/encoding_table	42	412.335735	420.302084
412.335735	0.000000	82467	ttl	1	70	n/a	n/a	n/a	n/a	n/a	n/a	n/a	n/a	n/a	n/a	n/a	n/a	n/a	n/a	n/a	n/a	n/a	n/a	n/a	n/a	n/a	412.335735	n/a
420.302084	0.000000	84060	ttl	2	70	n/a	n/a	n/a	n/a	n/a	n/a	n/a	n/a	n/a	n/a	n/a	n/a	n/a	n/a	n/a	n/a	n/a	n/a	n/a	n/a	n/a	420.302084	n/a
423.849891	0.000000	84770	ttl	11	70	n/a	n/a	n/a	n/a	n/a	n/a	n/a	n/a	n/a	n/a	n/a	n/a	n/a	n/a	n/a	n/a	n/a	n/a	n/a	n/a	n/a	423.849891	n/a
424.900337	9.165865	84980	encoding	n/a	n/a	SB_22.mp4	70.0	425.97176025	427.035426	n/a	423.84989125	1	n/a	n/a	n/a	n/a	n/a	n/a	n/a	n/a	n/a	n/a	n/a	n/a	intervals/encoding_table	43	424.900337	434.066202
424.900337	0.000000	84980	ttl	1	70	n/a	n/a	n/a	n/a	n/a	n/a	n/a	n/a	n/a	n/a	n/a	n/a	n/a	n/a	n/a	n/a	n/a	n/a	n/a	n/a	n/a	424.900337	n/a
434.066202	0.000000	86813	ttl	2	70	n/a	n/a	n/a	n/a	n/a	n/a	n/a	n/a	n/a	n/a	n/a	n/a	n/a	n/a	n/a	n/a	n/a	n/a	n/a	n/a	n/a	434.066202	n/a
434.080746	0.000000	86816	ttl	11	70	n/a	n/a	n/a	n/a	n/a	n/a	n/a	n/a	n/a	n/a	n/a	n/a	n/a	n/a	n/a	n/a	n/a	n/a	n/a	n/a	n/a	434.080746	n/a
435.164759	7.932586	87033	encoding	n/a	n/a	SB_9.mp4	70.0	440.952293	n/a	n/a	434.08074625	1	n/a	n/a	n/a	n/a	n/a	n/a	n/a	n/a	n/a	n/a	n/a	n/a	intervals/encoding_table	44	435.164759	443.097345
435.164759	0.000000	87033	ttl	1	70	n/a	n/a	n/a	n/a	n/a	n/a	n/a	n/a	n/a	n/a	n/a	n/a	n/a	n/a	n/a	n/a	n/a	n/a	n/a	n/a	n/a	435.164759	n/a
443.097345	0.000000	88619	ttl	2	70	n/a	n/a	n/a	n/a	n/a	n/a	n/a	n/a	n/a	n/a	n/a	n/a	n/a	n/a	n/a	n/a	n/a	n/a	n/a	n/a	n/a	443.097345	n/a
443.111970	0.000000	88622	ttl	11	70	n/a	n/a	n/a	n/a	n/a	n/a	n/a	n/a	n/a	n/a	n/a	n/a	n/a	n/a	n/a	n/a	n/a	n/a	n/a	n/a	n/a	443.111970	n/a
444.210898	8.032343	88842	encoding	n/a	n/a	SB_17.mp4	70.0	446.0544205	448.5406855	n/a	443.11197024999996	1	n/a	n/a	n/a	n/a	n/a	n/a	n/a	n/a	n/a	n/a	n/a	n/a	intervals/encoding_table	45	444.210898	452.243241
444.210898	0.000000	88842	ttl	1	70	n/a	n/a	n/a	n/a	n/a	n/a	n/a	n/a	n/a	n/a	n/a	n/a	n/a	n/a	n/a	n/a	n/a	n/a	n/a	n/a	n/a	444.210898	n/a
452.243241	0.000000	90449	ttl	2	70	n/a	n/a	n/a	n/a	n/a	n/a	n/a	n/a	n/a	n/a	n/a	n/a	n/a	n/a	n/a	n/a	n/a	n/a	n/a	n/a	n/a	452.243241	n/a
452.257996	0.000000	90452	ttl	11	70	n/a	n/a	n/a	n/a	n/a	n/a	n/a	n/a	n/a	n/a	n/a	n/a	n/a	n/a	n/a	n/a	n/a	n/a	n/a	n/a	n/a	452.257996	n/a
453.334588	8.032867	90667	encoding	n/a	n/a	NB_24.mp4	70.0	457.33458824999997	n/a	n/a	452.25799574999996	0	n/a	n/a	n/a	n/a	n/a	n/a	n/a	n/a	n/a	n/a	n/a	n/a	intervals/encoding_table	46	453.334588	461.367456
453.334588	0.000000	90667	ttl	1	70	n/a	n/a	n/a	n/a	n/a	n/a	n/a	n/a	n/a	n/a	n/a	n/a	n/a	n/a	n/a	n/a	n/a	n/a	n/a	n/a	n/a	453.334588	n/a
461.367456	0.000000	92273	ttl	2	70	n/a	n/a	n/a	n/a	n/a	n/a	n/a	n/a	n/a	n/a	n/a	n/a	n/a	n/a	n/a	n/a	n/a	n/a	n/a	n/a	n/a	461.367456	n/a
461.382123	0.000000	92276	ttl	11	70	n/a	n/a	n/a	n/a	n/a	n/a	n/a	n/a	n/a	n/a	n/a	n/a	n/a	n/a	n/a	n/a	n/a	n/a	n/a	n/a	n/a	461.382123	n/a
462.382803	8.099931	92477	encoding	n/a	n/a	NB_17.mp4	70.0	466.38280299999997	n/a	n/a	461.38212274999995	0	n/a	n/a	n/a	n/a	n/a	n/a	n/a	n/a	n/a	n/a	n/a	n/a	intervals/encoding_table	47	462.382803	470.482734
462.382803	0.000000	92477	ttl	1	70	n/a	n/a	n/a	n/a	n/a	n/a	n/a	n/a	n/a	n/a	n/a	n/a	n/a	n/a	n/a	n/a	n/a	n/a	n/a	n/a	n/a	462.382803	n/a
470.482734	0.000000	94097	ttl	2	70	n/a	n/a	n/a	n/a	n/a	n/a	n/a	n/a	n/a	n/a	n/a	n/a	n/a	n/a	n/a	n/a	n/a	n/a	n/a	n/a	n/a	470.482734	n/a
474.895191	0.000000	94979	ttl	11	70	n/a	n/a	n/a	n/a	n/a	n/a	n/a	n/a	n/a	n/a	n/a	n/a	n/a	n/a	n/a	n/a	n/a	n/a	n/a	n/a	n/a	474.895191	n/a
475.796367	8.197017	95159	encoding	n/a	n/a	NB_18.mp4	70.0	479.79636725	n/a	n/a	474.89519125	0	n/a	n/a	n/a	n/a	n/a	n/a	n/a	n/a	n/a	n/a	n/a	n/a	intervals/encoding_table	48	475.796367	483.993384
475.796367	0.000000	95159	ttl	1	70	n/a	n/a	n/a	n/a	n/a	n/a	n/a	n/a	n/a	n/a	n/a	n/a	n/a	n/a	n/a	n/a	n/a	n/a	n/a	n/a	n/a	475.796367	n/a
483.993384	0.000000	96799	ttl	2	70	n/a	n/a	n/a	n/a	n/a	n/a	n/a	n/a	n/a	n/a	n/a	n/a	n/a	n/a	n/a	n/a	n/a	n/a	n/a	n/a	n/a	483.993384	n/a
484.008089	0.000000	96802	ttl	11	70	n/a	n/a	n/a	n/a	n/a	n/a	n/a	n/a	n/a	n/a	n/a	n/a	n/a	n/a	n/a	n/a	n/a	n/a	n/a	n/a	n/a	484.008089	n/a
484.911107	7.863858	96982	encoding	n/a	n/a	SB_4.mp4	70.0	490.477986	n/a	n/a	484.0080895	1	n/a	n/a	n/a	n/a	n/a	n/a	n/a	n/a	n/a	n/a	n/a	n/a	intervals/encoding_table	49	484.911107	492.774965
484.911107	0.000000	96982	ttl	1	70	n/a	n/a	n/a	n/a	n/a	n/a	n/a	n/a	n/a	n/a	n/a	n/a	n/a	n/a	n/a	n/a	n/a	n/a	n/a	n/a	n/a	484.911107	n/a
492.774965	0.000000	98555	ttl	2	70	n/a	n/a	n/a	n/a	n/a	n/a	n/a	n/a	n/a	n/a	n/a	n/a	n/a	n/a	n/a	n/a	n/a	n/a	n/a	n/a	n/a	492.774965	n/a
492.789609	0.000000	98558	ttl	11	70	n/a	n/a	n/a	n/a	n/a	n/a	n/a	n/a	n/a	n/a	n/a	n/a	n/a	n/a	n/a	n/a	n/a	n/a	n/a	n/a	n/a	492.789609	n/a
493.708796	8.432882	98742	encoding	n/a	n/a	HB_22.mp4	70.0	497.70879625	n/a	n/a	492.78960874999996	2	n/a	n/a	n/a	n/a	n/a	n/a	n/a	n/a	n/a	n/a	n/a	n/a	intervals/encoding_table	50	493.708796	502.141678
493.708796	0.000000	98742	ttl	1	70	n/a	n/a	n/a	n/a	n/a	n/a	n/a	n/a	n/a	n/a	n/a	n/a	n/a	n/a	n/a	n/a	n/a	n/a	n/a	n/a	n/a	493.708796	n/a
502.141678	0.000000	100428	ttl	2	70	n/a	n/a	n/a	n/a	n/a	n/a	n/a	n/a	n/a	n/a	n/a	n/a	n/a	n/a	n/a	n/a	n/a	n/a	n/a	n/a	n/a	502.141678	n/a
502.156423	0.000000	100431	ttl	11	70	n/a	n/a	n/a	n/a	n/a	n/a	n/a	n/a	n/a	n/a	n/a	n/a	n/a	n/a	n/a	n/a	n/a	n/a	n/a	n/a	n/a	502.156423	n/a
503.213815	8.232361	100643	encoding	n/a	n/a	SB_29.mp4	70.0	505.13914774999995	507.33194775	509.0413125	502.15642275	1	n/a	n/a	n/a	n/a	n/a	n/a	n/a	n/a	n/a	n/a	n/a	n/a	intervals/encoding_table	51	503.213815	511.446176
503.213815	0.000000	100643	ttl	1	70	n/a	n/a	n/a	n/a	n/a	n/a	n/a	n/a	n/a	n/a	n/a	n/a	n/a	n/a	n/a	n/a	n/a	n/a	n/a	n/a	n/a	503.213815	n/a
511.446176	0.000000	102289	ttl	2	70	n/a	n/a	n/a	n/a	n/a	n/a	n/a	n/a	n/a	n/a	n/a	n/a	n/a	n/a	n/a	n/a	n/a	n/a	n/a	n/a	n/a	511.446176	n/a
511.460948	0.000000	102292	ttl	11	70	n/a	n/a	n/a	n/a	n/a	n/a	n/a	n/a	n/a	n/a	n/a	n/a	n/a	n/a	n/a	n/a	n/a	n/a	n/a	n/a	n/a	511.460948	n/a
512.471666	8.033321	102494	encoding	n/a	n/a	HB_9.mp4	70.0	516.47166625	514.9348357499999	518.34631325	511.46094775	2	n/a	n/a	n/a	n/a	n/a	n/a	n/a	n/a	n/a	n/a	n/a	n/a	intervals/encoding_table	52	512.471666	520.504988
512.471666	0.000000	102494	ttl	1	70	n/a	n/a	n/a	n/a	n/a	n/a	n/a	n/a	n/a	n/a	n/a	n/a	n/a	n/a	n/a	n/a	n/a	n/a	n/a	n/a	n/a	512.471666	n/a
520.504988	0.000000	104101	ttl	2	70	n/a	n/a	n/a	n/a	n/a	n/a	n/a	n/a	n/a	n/a	n/a	n/a	n/a	n/a	n/a	n/a	n/a	n/a	n/a	n/a	n/a	520.504988	n/a
520.519674	0.000000	104104	ttl	11	70	n/a	n/a	n/a	n/a	n/a	n/a	n/a	n/a	n/a	n/a	n/a	n/a	n/a	n/a	n/a	n/a	n/a	n/a	n/a	n/a	n/a	520.519674	n/a
521.563578	7.996109	104313	encoding	n/a	n/a	NB_19.mp4	70.0	525.5635777499999	n/a	n/a	520.5196737499999	0	n/a	n/a	n/a	n/a	n/a	n/a	n/a	n/a	n/a	n/a	n/a	n/a	intervals/encoding_table	53	521.563578	529.559687
521.563578	0.000000	104313	ttl	1	70	n/a	n/a	n/a	n/a	n/a	n/a	n/a	n/a	n/a	n/a	n/a	n/a	n/a	n/a	n/a	n/a	n/a	n/a	n/a	n/a	n/a	521.563578	n/a
529.559687	0.000000	105912	ttl	2	70	n/a	n/a	n/a	n/a	n/a	n/a	n/a	n/a	n/a	n/a	n/a	n/a	n/a	n/a	n/a	n/a	n/a	n/a	n/a	n/a	n/a	529.559687	n/a
529.575491	0.000000	105915	ttl	11	70	n/a	n/a	n/a	n/a	n/a	n/a	n/a	n/a	n/a	n/a	n/a	n/a	n/a	n/a	n/a	n/a	n/a	n/a	n/a	n/a	n/a	529.575491	n/a
530.521187	8.163070	106104	encoding	n/a	n/a	NB_7.mp4	70.0	534.52118725	n/a	n/a	529.5754915	0	n/a	n/a	n/a	n/a	n/a	n/a	n/a	n/a	n/a	n/a	n/a	n/a	intervals/encoding_table	54	530.521187	538.684257
530.521187	0.000000	106104	ttl	1	70	n/a	n/a	n/a	n/a	n/a	n/a	n/a	n/a	n/a	n/a	n/a	n/a	n/a	n/a	n/a	n/a	n/a	n/a	n/a	n/a	n/a	530.521187	n/a
538.684257	0.000000	107737	ttl	2	70	n/a	n/a	n/a	n/a	n/a	n/a	n/a	n/a	n/a	n/a	n/a	n/a	n/a	n/a	n/a	n/a	n/a	n/a	n/a	n/a	n/a	538.684257	n/a
544.331746	0.000000	108866	ttl	11	70	n/a	n/a	n/a	n/a	n/a	n/a	n/a	n/a	n/a	n/a	n/a	n/a	n/a	n/a	n/a	n/a	n/a	n/a	n/a	n/a	n/a	544.331746	n/a
545.234284	8.433394	109047	encoding	n/a	n/a	SB_25.mp4	70.0	547.5917539999999	548.7860175	n/a	544.3317455	1	n/a	n/a	n/a	n/a	n/a	n/a	n/a	n/a	n/a	n/a	n/a	n/a	intervals/encoding_table	55	545.234284	553.667677
545.234284	0.000000	109047	ttl	1	70	n/a	n/a	n/a	n/a	n/a	n/a	n/a	n/a	n/a	n/a	n/a	n/a	n/a	n/a	n/a	n/a	n/a	n/a	n/a	n/a	n/a	545.234284	n/a
553.667677	0.000000	110734	ttl	2	70	n/a	n/a	n/a	n/a	n/a	n/a	n/a	n/a	n/a	n/a	n/a	n/a	n/a	n/a	n/a	n/a	n/a	n/a	n/a	n/a	n/a	553.667677	n/a
553.682683	0.000000	110737	ttl	11	70	n/a	n/a	n/a	n/a	n/a	n/a	n/a	n/a	n/a	n/a	n/a	n/a	n/a	n/a	n/a	n/a	n/a	n/a	n/a	n/a	n/a	553.682683	n/a
554.606728	8.066316	110921	encoding	n/a	n/a	HB_20.mp4	70.0	558.606728	n/a	n/a	553.68268325	2	n/a	n/a	n/a	n/a	n/a	n/a	n/a	n/a	n/a	n/a	n/a	n/a	intervals/encoding_table	56	554.606728	562.673044
554.606728	0.000000	110921	ttl	1	70	n/a	n/a	n/a	n/a	n/a	n/a	n/a	n/a	n/a	n/a	n/a	n/a	n/a	n/a	n/a	n/a	n/a	n/a	n/a	n/a	n/a	554.606728	n/a
562.673044	0.000000	112535	ttl	2	70	n/a	n/a	n/a	n/a	n/a	n/a	n/a	n/a	n/a	n/a	n/a	n/a	n/a	n/a	n/a	n/a	n/a	n/a	n/a	n/a	n/a	562.673044	n/a
562.687759	0.000000	112538	ttl	11	70	n/a	n/a	n/a	n/a	n/a	n/a	n/a	n/a	n/a	n/a	n/a	n/a	n/a	n/a	n/a	n/a	n/a	n/a	n/a	n/a	n/a	562.687759	n/a
563.714355	7.530918	112743	encoding	n/a	n/a	NB_15.mp4	70.0	567.7143545	n/a	n/a	562.68775875	0	n/a	n/a	n/a	n/a	n/a	n/a	n/a	n/a	n/a	n/a	n/a	n/a	intervals/encoding_table	57	563.714355	571.245273
563.714355	0.000000	112743	ttl	1	70	n/a	n/a	n/a	n/a	n/a	n/a	n/a	n/a	n/a	n/a	n/a	n/a	n/a	n/a	n/a	n/a	n/a	n/a	n/a	n/a	n/a	563.714355	n/a
571.245273	0.000000	114249	ttl	2	70	n/a	n/a	n/a	n/a	n/a	n/a	n/a	n/a	n/a	n/a	n/a	n/a	n/a	n/a	n/a	n/a	n/a	n/a	n/a	n/a	n/a	571.245273	n/a
571.259868	0.000000	114252	ttl	11	70	n/a	n/a	n/a	n/a	n/a	n/a	n/a	n/a	n/a	n/a	n/a	n/a	n/a	n/a	n/a	n/a	n/a	n/a	n/a	n/a	n/a	571.259868	n/a
572.162910	8.062697	114433	encoding	n/a	n/a	SB_5.mp4	70.0	576.32470625	n/a	n/a	571.25986775	1	n/a	n/a	n/a	n/a	n/a	n/a	n/a	n/a	n/a	n/a	n/a	n/a	intervals/encoding_table	58	572.162910	580.225607
572.162910	0.000000	114433	ttl	1	70	n/a	n/a	n/a	n/a	n/a	n/a	n/a	n/a	n/a	n/a	n/a	n/a	n/a	n/a	n/a	n/a	n/a	n/a	n/a	n/a	n/a	572.162910	n/a
580.225607	0.000000	116045	ttl	2	70	n/a	n/a	n/a	n/a	n/a	n/a	n/a	n/a	n/a	n/a	n/a	n/a	n/a	n/a	n/a	n/a	n/a	n/a	n/a	n/a	n/a	580.225607	n/a
580.240334	0.000000	116048	ttl	11	70	n/a	n/a	n/a	n/a	n/a	n/a	n/a	n/a	n/a	n/a	n/a	n/a	n/a	n/a	n/a	n/a	n/a	n/a	n/a	n/a	n/a	580.240334	n/a
581.328386	7.113589	116266	encoding	n/a	n/a	NB_25.mp4	70.0	585.3283865	n/a	n/a	580.2403335	0	n/a	n/a	n/a	n/a	n/a	n/a	n/a	n/a	n/a	n/a	n/a	n/a	intervals/encoding_table	59	581.328386	588.441975
581.328386	0.000000	116266	ttl	1	70	n/a	n/a	n/a	n/a	n/a	n/a	n/a	n/a	n/a	n/a	n/a	n/a	n/a	n/a	n/a	n/a	n/a	n/a	n/a	n/a	n/a	581.328386	n/a
588.441975	0.000000	117688	ttl	2	70	n/a	n/a	n/a	n/a	n/a	n/a	n/a	n/a	n/a	n/a	n/a	n/a	n/a	n/a	n/a	n/a	n/a	n/a	n/a	n/a	n/a	588.441975	n/a
588.456597	0.000000	117691	ttl	11	70	n/a	n/a	n/a	n/a	n/a	n/a	n/a	n/a	n/a	n/a	n/a	n/a	n/a	n/a	n/a	n/a	n/a	n/a	n/a	n/a	n/a	588.456597	n/a
589.556510	7.980225	117911	encoding	n/a	n/a	HB_5.mp4	70.0	593.5565097499999	595.6160085	n/a	588.45659675	2	n/a	n/a	n/a	n/a	n/a	n/a	n/a	n/a	n/a	n/a	n/a	n/a	intervals/encoding_table	60	589.556510	597.536735
589.556510	0.000000	117911	ttl	1	70	n/a	n/a	n/a	n/a	n/a	n/a	n/a	n/a	n/a	n/a	n/a	n/a	n/a	n/a	n/a	n/a	n/a	n/a	n/a	n/a	n/a	589.556510	n/a
597.536735	0.000000	119507	ttl	2	70	n/a	n/a	n/a	n/a	n/a	n/a	n/a	n/a	n/a	n/a	n/a	n/a	n/a	n/a	n/a	n/a	n/a	n/a	n/a	n/a	n/a	597.536735	n/a
620.029214	0.000000	124006	ttl	11	70	n/a	n/a	n/a	n/a	n/a	n/a	n/a	n/a	n/a	n/a	n/a	n/a	n/a	n/a	n/a	n/a	n/a	n/a	n/a	n/a	n/a	620.029214	n/a
621.004858	8.028684	124201	encoding	n/a	n/a	HB_28.mp4	70.0	625.0048577499999	n/a	n/a	620.029214	2	n/a	n/a	n/a	n/a	n/a	n/a	n/a	n/a	n/a	n/a	n/a	n/a	intervals/encoding_table	61	621.004858	629.033541
621.004858	0.000000	124201	ttl	1	70	n/a	n/a	n/a	n/a	n/a	n/a	n/a	n/a	n/a	n/a	n/a	n/a	n/a	n/a	n/a	n/a	n/a	n/a	n/a	n/a	n/a	621.004858	n/a
629.033541	0.000000	125807	ttl	2	70	n/a	n/a	n/a	n/a	n/a	n/a	n/a	n/a	n/a	n/a	n/a	n/a	n/a	n/a	n/a	n/a	n/a	n/a	n/a	n/a	n/a	629.033541	n/a
629.048267	0.000000	125810	ttl	11	70	n/a	n/a	n/a	n/a	n/a	n/a	n/a	n/a	n/a	n/a	n/a	n/a	n/a	n/a	n/a	n/a	n/a	n/a	n/a	n/a	n/a	629.048267	n/a
630.127309	8.099815	126025	encoding	n/a	n/a	NB_5.mp4	70.0	634.12730875	n/a	n/a	629.0482675	0	n/a	n/a	n/a	n/a	n/a	n/a	n/a	n/a	n/a	n/a	n/a	n/a	intervals/encoding_table	62	630.127309	638.227124
630.127309	0.000000	126025	ttl	1	70	n/a	n/a	n/a	n/a	n/a	n/a	n/a	n/a	n/a	n/a	n/a	n/a	n/a	n/a	n/a	n/a	n/a	n/a	n/a	n/a	n/a	630.127309	n/a
638.227124	0.000000	127645	ttl	2	70	n/a	n/a	n/a	n/a	n/a	n/a	n/a	n/a	n/a	n/a	n/a	n/a	n/a	n/a	n/a	n/a	n/a	n/a	n/a	n/a	n/a	638.227124	n/a
638.241904	0.000000	127648	ttl	11	70	n/a	n/a	n/a	n/a	n/a	n/a	n/a	n/a	n/a	n/a	n/a	n/a	n/a	n/a	n/a	n/a	n/a	n/a	n/a	n/a	n/a	638.241904	n/a
639.259914	8.064830	127852	encoding	n/a	n/a	NB_22.mp4	70.0	643.2599144999999	n/a	n/a	638.2419044999999	0	n/a	n/a	n/a	n/a	n/a	n/a	n/a	n/a	n/a	n/a	n/a	n/a	intervals/encoding_table	63	639.259914	647.324744
639.259914	0.000000	127852	ttl	1	70	n/a	n/a	n/a	n/a	n/a	n/a	n/a	n/a	n/a	n/a	n/a	n/a	n/a	n/a	n/a	n/a	n/a	n/a	n/a	n/a	n/a	639.259914	n/a
647.324744	0.000000	129465	ttl	2	70	n/a	n/a	n/a	n/a	n/a	n/a	n/a	n/a	n/a	n/a	n/a	n/a	n/a	n/a	n/a	n/a	n/a	n/a	n/a	n/a	n/a	647.324744	n/a
647.340225	0.000000	129468	ttl	11	70	n/a	n/a	n/a	n/a	n/a	n/a	n/a	n/a	n/a	n/a	n/a	n/a	n/a	n/a	n/a	n/a	n/a	n/a	n/a	n/a	n/a	647.340225	n/a
648.407236	7.530962	129681	encoding	n/a	n/a	SB_3.mp4	70.0	650.04217025	n/a	n/a	647.3402249999999	1	n/a	n/a	n/a	n/a	n/a	n/a	n/a	n/a	n/a	n/a	n/a	n/a	intervals/encoding_table	64	648.407236	655.938198
648.407236	0.000000	129681	ttl	1	70	n/a	n/a	n/a	n/a	n/a	n/a	n/a	n/a	n/a	n/a	n/a	n/a	n/a	n/a	n/a	n/a	n/a	n/a	n/a	n/a	n/a	648.407236	n/a
655.938198	0.000000	131188	ttl	2	70	n/a	n/a	n/a	n/a	n/a	n/a	n/a	n/a	n/a	n/a	n/a	n/a	n/a	n/a	n/a	n/a	n/a	n/a	n/a	n/a	n/a	655.938198	n/a
655.952924	0.000000	131191	ttl	11	70	n/a	n/a	n/a	n/a	n/a	n/a	n/a	n/a	n/a	n/a	n/a	n/a	n/a	n/a	n/a	n/a	n/a	n/a	n/a	n/a	n/a	655.952924	n/a
656.949393	8.065747	131390	encoding	n/a	n/a	HB_15.mp4	70.0	660.94939325	660.1766514999999	663.214025	655.9529239999999	2	n/a	n/a	n/a	n/a	n/a	n/a	n/a	n/a	n/a	n/a	n/a	n/a	intervals/encoding_table	65	656.949393	665.015140
656.949393	0.000000	131390	ttl	1	70	n/a	n/a	n/a	n/a	n/a	n/a	n/a	n/a	n/a	n/a	n/a	n/a	n/a	n/a	n/a	n/a	n/a	n/a	n/a	n/a	n/a	656.949393	n/a
665.015140	0.000000	133003	ttl	2	70	n/a	n/a	n/a	n/a	n/a	n/a	n/a	n/a	n/a	n/a	n/a	n/a	n/a	n/a	n/a	n/a	n/a	n/a	n/a	n/a	n/a	665.015140	n/a
665.029719	0.000000	133006	ttl	11	70	n/a	n/a	n/a	n/a	n/a	n/a	n/a	n/a	n/a	n/a	n/a	n/a	n/a	n/a	n/a	n/a	n/a	n/a	n/a	n/a	n/a	665.029719	n/a
665.941608	7.933830	133188	encoding	n/a	n/a	SB_1.mp4	70.0	671.01522625	n/a	n/a	665.0297194999999	1	n/a	n/a	n/a	n/a	n/a	n/a	n/a	n/a	n/a	n/a	n/a	n/a	intervals/encoding_table	66	665.941608	673.875438
665.941608	0.000000	133188	ttl	1	70	n/a	n/a	n/a	n/a	n/a	n/a	n/a	n/a	n/a	n/a	n/a	n/a	n/a	n/a	n/a	n/a	n/a	n/a	n/a	n/a	n/a	665.941608	n/a
673.875438	0.000000	134775	ttl	2	70	n/a	n/a	n/a	n/a	n/a	n/a	n/a	n/a	n/a	n/a	n/a	n/a	n/a	n/a	n/a	n/a	n/a	n/a	n/a	n/a	n/a	673.875438	n/a
673.890271	0.000000	134778	ttl	11	70	n/a	n/a	n/a	n/a	n/a	n/a	n/a	n/a	n/a	n/a	n/a	n/a	n/a	n/a	n/a	n/a	n/a	n/a	n/a	n/a	n/a	673.890271	n/a
674.882338	7.895964	134976	encoding	n/a	n/a	HB_30.mp4	70.0	678.8823385	n/a	n/a	673.89027125	2	n/a	n/a	n/a	n/a	n/a	n/a	n/a	n/a	n/a	n/a	n/a	n/a	intervals/encoding_table	67	674.882338	682.778302
674.882338	0.000000	134976	ttl	1	70	n/a	n/a	n/a	n/a	n/a	n/a	n/a	n/a	n/a	n/a	n/a	n/a	n/a	n/a	n/a	n/a	n/a	n/a	n/a	n/a	n/a	674.882338	n/a
682.778302	0.000000	136556	ttl	2	70	n/a	n/a	n/a	n/a	n/a	n/a	n/a	n/a	n/a	n/a	n/a	n/a	n/a	n/a	n/a	n/a	n/a	n/a	n/a	n/a	n/a	682.778302	n/a
688.624327	0.000000	137725	ttl	11	70	n/a	n/a	n/a	n/a	n/a	n/a	n/a	n/a	n/a	n/a	n/a	n/a	n/a	n/a	n/a	n/a	n/a	n/a	n/a	n/a	n/a	688.624327	n/a
689.588069	8.064696	137918	encoding	n/a	n/a	HB_18.mp4	70.0	693.588069	n/a	n/a	688.624327	2	n/a	n/a	n/a	n/a	n/a	n/a	n/a	n/a	n/a	n/a	n/a	n/a	intervals/encoding_table	68	689.588069	697.652765
689.588069	0.000000	137918	ttl	1	70	n/a	n/a	n/a	n/a	n/a	n/a	n/a	n/a	n/a	n/a	n/a	n/a	n/a	n/a	n/a	n/a	n/a	n/a	n/a	n/a	n/a	689.588069	n/a
697.652765	0.000000	139531	ttl	2	70	n/a	n/a	n/a	n/a	n/a	n/a	n/a	n/a	n/a	n/a	n/a	n/a	n/a	n/a	n/a	n/a	n/a	n/a	n/a	n/a	n/a	697.652765	n/a
697.667294	0.000000	139533	ttl	11	70	n/a	n/a	n/a	n/a	n/a	n/a	n/a	n/a	n/a	n/a	n/a	n/a	n/a	n/a	n/a	n/a	n/a	n/a	n/a	n/a	n/a	697.667294	n/a
698.749326	7.983272	139750	encoding	n/a	n/a	NB_11.mp4	70.0	702.7493257499999	n/a	n/a	697.66729375	0	n/a	n/a	n/a	n/a	n/a	n/a	n/a	n/a	n/a	n/a	n/a	n/a	intervals/encoding_table	69	698.749326	706.732598
698.749326	0.000000	139750	ttl	1	70	n/a	n/a	n/a	n/a	n/a	n/a	n/a	n/a	n/a	n/a	n/a	n/a	n/a	n/a	n/a	n/a	n/a	n/a	n/a	n/a	n/a	698.749326	n/a
706.732598	0.000000	141347	ttl	2	70	n/a	n/a	n/a	n/a	n/a	n/a	n/a	n/a	n/a	n/a	n/a	n/a	n/a	n/a	n/a	n/a	n/a	n/a	n/a	n/a	n/a	706.732598	n/a
706.747455	0.000000	141349	ttl	11	70	n/a	n/a	n/a	n/a	n/a	n/a	n/a	n/a	n/a	n/a	n/a	n/a	n/a	n/a	n/a	n/a	n/a	n/a	n/a	n/a	n/a	706.747455	n/a
707.827027	8.026347	141565	encoding	n/a	n/a	HB_4.mp4	70.0	711.8270269999999	713.90833275	n/a	706.74745475	2	n/a	n/a	n/a	n/a	n/a	n/a	n/a	n/a	n/a	n/a	n/a	n/a	intervals/encoding_table	70	707.827027	715.853374
707.827027	0.000000	141565	ttl	1	70	n/a	n/a	n/a	n/a	n/a	n/a	n/a	n/a	n/a	n/a	n/a	n/a	n/a	n/a	n/a	n/a	n/a	n/a	n/a	n/a	n/a	707.827027	n/a
715.853374	0.000000	143171	ttl	2	70	n/a	n/a	n/a	n/a	n/a	n/a	n/a	n/a	n/a	n/a	n/a	n/a	n/a	n/a	n/a	n/a	n/a	n/a	n/a	n/a	n/a	715.853374	n/a
715.868166	0.000000	143174	ttl	11	70	n/a	n/a	n/a	n/a	n/a	n/a	n/a	n/a	n/a	n/a	n/a	n/a	n/a	n/a	n/a	n/a	n/a	n/a	n/a	n/a	n/a	715.868166	n/a
716.898399	8.265128	143380	encoding	n/a	n/a	HB_27.mp4	70.0	720.8983995	n/a	n/a	715.868166	2	n/a	n/a	n/a	n/a	n/a	n/a	n/a	n/a	n/a	n/a	n/a	n/a	intervals/encoding_table	71	716.898399	725.163528
716.898399	0.000000	143380	ttl	1	70	n/a	n/a	n/a	n/a	n/a	n/a	n/a	n/a	n/a	n/a	n/a	n/a	n/a	n/a	n/a	n/a	n/a	n/a	n/a	n/a	n/a	716.898399	n/a
725.163528	0.000000	145033	ttl	2	70	n/a	n/a	n/a	n/a	n/a	n/a	n/a	n/a	n/a	n/a	n/a	n/a	n/a	n/a	n/a	n/a	n/a	n/a	n/a	n/a	n/a	725.163528	n/a
725.178256	0.000000	145036	ttl	11	70	n/a	n/a	n/a	n/a	n/a	n/a	n/a	n/a	n/a	n/a	n/a	n/a	n/a	n/a	n/a	n/a	n/a	n/a	n/a	n/a	n/a	725.178256	n/a
726.127467	8.664400	145225	encoding	n/a	n/a	SB_20.mp4	70.0	729.04645175	730.38882525	n/a	725.17825625	1	n/a	n/a	n/a	n/a	n/a	n/a	n/a	n/a	n/a	n/a	n/a	n/a	intervals/encoding_table	72	726.127467	734.791866
726.127467	0.000000	145225	ttl	1	70	n/a	n/a	n/a	n/a	n/a	n/a	n/a	n/a	n/a	n/a	n/a	n/a	n/a	n/a	n/a	n/a	n/a	n/a	n/a	n/a	n/a	726.127467	n/a
734.791866	0.000000	146958	ttl	2	70	n/a	n/a	n/a	n/a	n/a	n/a	n/a	n/a	n/a	n/a	n/a	n/a	n/a	n/a	n/a	n/a	n/a	n/a	n/a	n/a	n/a	734.791866	n/a
738.172643	0.000000	147635	ttl	11	70	n/a	n/a	n/a	n/a	n/a	n/a	n/a	n/a	n/a	n/a	n/a	n/a	n/a	n/a	n/a	n/a	n/a	n/a	n/a	n/a	n/a	738.172643	n/a
739.119448	8.062028	147824	encoding	n/a	n/a	SB_12.mp4	70.0	744.9724122499999	n/a	n/a	738.17264325	1	n/a	n/a	n/a	n/a	n/a	n/a	n/a	n/a	n/a	n/a	n/a	n/a	intervals/encoding_table	73	739.119448	747.181476
739.119448	0.000000	147824	ttl	1	70	n/a	n/a	n/a	n/a	n/a	n/a	n/a	n/a	n/a	n/a	n/a	n/a	n/a	n/a	n/a	n/a	n/a	n/a	n/a	n/a	n/a	739.119448	n/a
747.181476	0.000000	149436	ttl	2	70	n/a	n/a	n/a	n/a	n/a	n/a	n/a	n/a	n/a	n/a	n/a	n/a	n/a	n/a	n/a	n/a	n/a	n/a	n/a	n/a	n/a	747.181476	n/a
747.196300	0.000000	149439	ttl	11	70	n/a	n/a	n/a	n/a	n/a	n/a	n/a	n/a	n/a	n/a	n/a	n/a	n/a	n/a	n/a	n/a	n/a	n/a	n/a	n/a	n/a	747.196300	n/a
748.205987	8.030431	149641	encoding	n/a	n/a	HB_17.mp4	70.0	752.20598725	n/a	n/a	747.1963002499999	2	n/a	n/a	n/a	n/a	n/a	n/a	n/a	n/a	n/a	n/a	n/a	n/a	intervals/encoding_table	74	748.205987	756.236419
748.205987	0.000000	149641	ttl	1	70	n/a	n/a	n/a	n/a	n/a	n/a	n/a	n/a	n/a	n/a	n/a	n/a	n/a	n/a	n/a	n/a	n/a	n/a	n/a	n/a	n/a	748.205987	n/a
756.236419	0.000000	151247	ttl	2	70	n/a	n/a	n/a	n/a	n/a	n/a	n/a	n/a	n/a	n/a	n/a	n/a	n/a	n/a	n/a	n/a	n/a	n/a	n/a	n/a	n/a	756.236419	n/a
756.251148	0.000000	151250	ttl	11	70	n/a	n/a	n/a	n/a	n/a	n/a	n/a	n/a	n/a	n/a	n/a	n/a	n/a	n/a	n/a	n/a	n/a	n/a	n/a	n/a	n/a	756.251148	n/a
757.229713	8.097941	151446	encoding	n/a	n/a	HB_25.mp4	70.0	761.22971275	n/a	n/a	756.251148	2	n/a	n/a	n/a	n/a	n/a	n/a	n/a	n/a	n/a	n/a	n/a	n/a	intervals/encoding_table	75	757.229713	765.327654
757.229713	0.000000	151446	ttl	1	70	n/a	n/a	n/a	n/a	n/a	n/a	n/a	n/a	n/a	n/a	n/a	n/a	n/a	n/a	n/a	n/a	n/a	n/a	n/a	n/a	n/a	757.229713	n/a
765.327654	0.000000	153066	ttl	2	70	n/a	n/a	n/a	n/a	n/a	n/a	n/a	n/a	n/a	n/a	n/a	n/a	n/a	n/a	n/a	n/a	n/a	n/a	n/a	n/a	n/a	765.327654	n/a
765.342444	0.000000	153068	ttl	11	70	n/a	n/a	n/a	n/a	n/a	n/a	n/a	n/a	n/a	n/a	n/a	n/a	n/a	n/a	n/a	n/a	n/a	n/a	n/a	n/a	n/a	765.342444	n/a
766.393403	8.097790	153279	encoding	n/a	n/a	SB_10.mp4	70.0	772.2178455	n/a	n/a	765.3424437499999	1	n/a	n/a	n/a	n/a	n/a	n/a	n/a	n/a	n/a	n/a	n/a	n/a	intervals/encoding_table	76	766.393403	774.491193
766.393403	0.000000	153279	ttl	1	70	n/a	n/a	n/a	n/a	n/a	n/a	n/a	n/a	n/a	n/a	n/a	n/a	n/a	n/a	n/a	n/a	n/a	n/a	n/a	n/a	n/a	766.393403	n/a
774.491193	0.000000	154898	ttl	2	70	n/a	n/a	n/a	n/a	n/a	n/a	n/a	n/a	n/a	n/a	n/a	n/a	n/a	n/a	n/a	n/a	n/a	n/a	n/a	n/a	n/a	774.491193	n/a
774.505999	0.000000	154901	ttl	11	70	n/a	n/a	n/a	n/a	n/a	n/a	n/a	n/a	n/a	n/a	n/a	n/a	n/a	n/a	n/a	n/a	n/a	n/a	n/a	n/a	n/a	774.505999	n/a
775.484513	6.871070	155097	encoding	n/a	n/a	NB_4.mp4	70.0	779.4845134999999	n/a	n/a	774.505999	0	n/a	n/a	n/a	n/a	n/a	n/a	n/a	n/a	n/a	n/a	n/a	n/a	intervals/encoding_table	77	775.484513	782.355584
775.484513	0.000000	155097	ttl	1	70	n/a	n/a	n/a	n/a	n/a	n/a	n/a	n/a	n/a	n/a	n/a	n/a	n/a	n/a	n/a	n/a	n/a	n/a	n/a	n/a	n/a	775.484513	n/a
782.355584	0.000000	156471	ttl	2	70	n/a	n/a	n/a	n/a	n/a	n/a	n/a	n/a	n/a	n/a	n/a	n/a	n/a	n/a	n/a	n/a	n/a	n/a	n/a	n/a	n/a	782.355584	n/a
782.370218	0.000000	156474	ttl	11	70	n/a	n/a	n/a	n/a	n/a	n/a	n/a	n/a	n/a	n/a	n/a	n/a	n/a	n/a	n/a	n/a	n/a	n/a	n/a	n/a	n/a	782.370218	n/a
783.323302	8.104575	156665	encoding	n/a	n/a	SB_30.mp4	70.0	783.8749712499999	785.1552802499999	786.9099669999999	782.37021825	1	n/a	n/a	n/a	n/a	n/a	n/a	n/a	n/a	n/a	n/a	n/a	n/a	intervals/encoding_table	78	783.323302	791.427877
783.323302	0.000000	156665	ttl	1	70	n/a	n/a	n/a	n/a	n/a	n/a	n/a	n/a	n/a	n/a	n/a	n/a	n/a	n/a	n/a	n/a	n/a	n/a	n/a	n/a	n/a	783.323302	n/a
791.427877	0.000000	158286	ttl	2	70	n/a	n/a	n/a	n/a	n/a	n/a	n/a	n/a	n/a	n/a	n/a	n/a	n/a	n/a	n/a	n/a	n/a	n/a	n/a	n/a	n/a	791.427877	n/a
795.190875	0.000000	159038	ttl	11	70	n/a	n/a	n/a	n/a	n/a	n/a	n/a	n/a	n/a	n/a	n/a	n/a	n/a	n/a	n/a	n/a	n/a	n/a	n/a	n/a	n/a	795.190875	n/a
796.160254	7.298875	159232	encoding	n/a	n/a	SB_8.mp4	70.0	799.89466125	n/a	n/a	795.1908755	1	n/a	n/a	n/a	n/a	n/a	n/a	n/a	n/a	n/a	n/a	n/a	n/a	intervals/encoding_table	79	796.160254	803.459129
796.160254	0.000000	159232	ttl	1	70	n/a	n/a	n/a	n/a	n/a	n/a	n/a	n/a	n/a	n/a	n/a	n/a	n/a	n/a	n/a	n/a	n/a	n/a	n/a	n/a	n/a	796.160254	n/a
803.459129	0.000000	160692	ttl	2	70	n/a	n/a	n/a	n/a	n/a	n/a	n/a	n/a	n/a	n/a	n/a	n/a	n/a	n/a	n/a	n/a	n/a	n/a	n/a	n/a	n/a	803.459129	n/a
803.473841	0.000000	160695	ttl	11	70	n/a	n/a	n/a	n/a	n/a	n/a	n/a	n/a	n/a	n/a	n/a	n/a	n/a	n/a	n/a	n/a	n/a	n/a	n/a	n/a	n/a	803.473841	n/a
804.560693	8.145238	160912	encoding	n/a	n/a	SB_14.mp4	70.0	807.9875715	n/a	n/a	803.4738407499999	1	n/a	n/a	n/a	n/a	n/a	n/a	n/a	n/a	n/a	n/a	n/a	n/a	intervals/encoding_table	80	804.560693	812.705931
804.560693	0.000000	160912	ttl	1	70	n/a	n/a	n/a	n/a	n/a	n/a	n/a	n/a	n/a	n/a	n/a	n/a	n/a	n/a	n/a	n/a	n/a	n/a	n/a	n/a	n/a	804.560693	n/a
812.705931	0.000000	162541	ttl	2	70	n/a	n/a	n/a	n/a	n/a	n/a	n/a	n/a	n/a	n/a	n/a	n/a	n/a	n/a	n/a	n/a	n/a	n/a	n/a	n/a	n/a	812.705931	n/a
812.720826	0.000000	162544	ttl	11	70	n/a	n/a	n/a	n/a	n/a	n/a	n/a	n/a	n/a	n/a	n/a	n/a	n/a	n/a	n/a	n/a	n/a	n/a	n/a	n/a	n/a	812.720826	n/a
813.695597	8.232906	162739	encoding	n/a	n/a	SB_19.mp4	70.0	816.28001175	818.5909674999999	n/a	812.7208264999999	1	n/a	n/a	n/a	n/a	n/a	n/a	n/a	n/a	n/a	n/a	n/a	n/a	intervals/encoding_table	81	813.695597	821.928503
813.695597	0.000000	162739	ttl	1	70	n/a	n/a	n/a	n/a	n/a	n/a	n/a	n/a	n/a	n/a	n/a	n/a	n/a	n/a	n/a	n/a	n/a	n/a	n/a	n/a	n/a	813.695597	n/a
821.928503	0.000000	164386	ttl	2	70	n/a	n/a	n/a	n/a	n/a	n/a	n/a	n/a	n/a	n/a	n/a	n/a	n/a	n/a	n/a	n/a	n/a	n/a	n/a	n/a	n/a	821.928503	n/a
821.943247	0.000000	164389	ttl	11	70	n/a	n/a	n/a	n/a	n/a	n/a	n/a	n/a	n/a	n/a	n/a	n/a	n/a	n/a	n/a	n/a	n/a	n/a	n/a	n/a	n/a	821.943247	n/a
822.939752	8.229759	164588	encoding	n/a	n/a	NB_26.mp4	70.0	826.93975225	n/a	n/a	821.9432469999999	0	n/a	n/a	n/a	n/a	n/a	n/a	n/a	n/a	n/a	n/a	n/a	n/a	intervals/encoding_table	82	822.939752	831.169511
822.939752	0.000000	164588	ttl	1	70	n/a	n/a	n/a	n/a	n/a	n/a	n/a	n/a	n/a	n/a	n/a	n/a	n/a	n/a	n/a	n/a	n/a	n/a	n/a	n/a	n/a	822.939752	n/a
831.169511	0.000000	166234	ttl	2	70	n/a	n/a	n/a	n/a	n/a	n/a	n/a	n/a	n/a	n/a	n/a	n/a	n/a	n/a	n/a	n/a	n/a	n/a	n/a	n/a	n/a	831.169511	n/a
831.184222	0.000000	166237	ttl	11	70	n/a	n/a	n/a	n/a	n/a	n/a	n/a	n/a	n/a	n/a	n/a	n/a	n/a	n/a	n/a	n/a	n/a	n/a	n/a	n/a	n/a	831.184222	n/a
832.131866	8.031005	166426	encoding	n/a	n/a	HB_21.mp4	70.0	836.1318655	n/a	n/a	831.1842224999999	2	n/a	n/a	n/a	n/a	n/a	n/a	n/a	n/a	n/a	n/a	n/a	n/a	intervals/encoding_table	83	832.131866	840.162871
832.131866	0.000000	166426	ttl	1	70	n/a	n/a	n/a	n/a	n/a	n/a	n/a	n/a	n/a	n/a	n/a	n/a	n/a	n/a	n/a	n/a	n/a	n/a	n/a	n/a	n/a	832.131866	n/a
840.162871	0.000000	168033	ttl	2	70	n/a	n/a	n/a	n/a	n/a	n/a	n/a	n/a	n/a	n/a	n/a	n/a	n/a	n/a	n/a	n/a	n/a	n/a	n/a	n/a	n/a	840.162871	n/a
842.875950	0.000000	168575	ttl	11	70	n/a	n/a	n/a	n/a	n/a	n/a	n/a	n/a	n/a	n/a	n/a	n/a	n/a	n/a	n/a	n/a	n/a	n/a	n/a	n/a	n/a	842.875950	n/a
843.882200	7.966479	168776	encoding	n/a	n/a	SB_7.mp4	70.0	846.27469075	n/a	n/a	842.87595	1	n/a	n/a	n/a	n/a	n/a	n/a	n/a	n/a	n/a	n/a	n/a	n/a	intervals/encoding_table	84	843.882200	851.848679
843.882200	0.000000	168776	ttl	1	70	n/a	n/a	n/a	n/a	n/a	n/a	n/a	n/a	n/a	n/a	n/a	n/a	n/a	n/a	n/a	n/a	n/a	n/a	n/a	n/a	n/a	843.882200	n/a
851.848679	0.000000	170370	ttl	2	70	n/a	n/a	n/a	n/a	n/a	n/a	n/a	n/a	n/a	n/a	n/a	n/a	n/a	n/a	n/a	n/a	n/a	n/a	n/a	n/a	n/a	851.848679	n/a
851.862935	0.000000	170373	ttl	11	70	n/a	n/a	n/a	n/a	n/a	n/a	n/a	n/a	n/a	n/a	n/a	n/a	n/a	n/a	n/a	n/a	n/a	n/a	n/a	n/a	n/a	851.862935	n/a
852.804959	8.366701	170561	encoding	n/a	n/a	NB_29.mp4	70.0	856.8049595	n/a	n/a	851.86293525	0	n/a	n/a	n/a	n/a	n/a	n/a	n/a	n/a	n/a	n/a	n/a	n/a	intervals/encoding_table	85	852.804959	861.171660
852.804959	0.000000	170561	ttl	1	70	n/a	n/a	n/a	n/a	n/a	n/a	n/a	n/a	n/a	n/a	n/a	n/a	n/a	n/a	n/a	n/a	n/a	n/a	n/a	n/a	n/a	852.804959	n/a
861.171660	0.000000	172234	ttl	2	70	n/a	n/a	n/a	n/a	n/a	n/a	n/a	n/a	n/a	n/a	n/a	n/a	n/a	n/a	n/a	n/a	n/a	n/a	n/a	n/a	n/a	861.171660	n/a
861.186244	0.000000	172237	ttl	11	70	n/a	n/a	n/a	n/a	n/a	n/a	n/a	n/a	n/a	n/a	n/a	n/a	n/a	n/a	n/a	n/a	n/a	n/a	n/a	n/a	n/a	861.186244	n/a
862.145286	8.966253	172429	encoding	n/a	n/a	HB_7.mp4	70.0	866.1452859999999	865.544646	868.21889375	861.1862444999999	2	n/a	n/a	n/a	n/a	n/a	n/a	n/a	n/a	n/a	n/a	n/a	n/a	intervals/encoding_table	86	862.145286	871.111539
862.145286	0.000000	172429	ttl	1	70	n/a	n/a	n/a	n/a	n/a	n/a	n/a	n/a	n/a	n/a	n/a	n/a	n/a	n/a	n/a	n/a	n/a	n/a	n/a	n/a	n/a	862.145286	n/a
871.111539	0.000000	174222	ttl	2	70	n/a	n/a	n/a	n/a	n/a	n/a	n/a	n/a	n/a	n/a	n/a	n/a	n/a	n/a	n/a	n/a	n/a	n/a	n/a	n/a	n/a	871.111539	n/a
871.126230	0.000000	174225	ttl	11	70	n/a	n/a	n/a	n/a	n/a	n/a	n/a	n/a	n/a	n/a	n/a	n/a	n/a	n/a	n/a	n/a	n/a	n/a	n/a	n/a	n/a	871.126230	n/a
872.132628	7.965894	174427	encoding	n/a	n/a	SB_27.mp4	70.0	873.67487075	875.24720825	876.6927945	871.1262304999999	1	n/a	n/a	n/a	n/a	n/a	n/a	n/a	n/a	n/a	n/a	n/a	n/a	intervals/encoding_table	87	872.132628	880.098522
872.132628	0.000000	174427	ttl	1	70	n/a	n/a	n/a	n/a	n/a	n/a	n/a	n/a	n/a	n/a	n/a	n/a	n/a	n/a	n/a	n/a	n/a	n/a	n/a	n/a	n/a	872.132628	n/a
880.098522	0.000000	176020	ttl	2	70	n/a	n/a	n/a	n/a	n/a	n/a	n/a	n/a	n/a	n/a	n/a	n/a	n/a	n/a	n/a	n/a	n/a	n/a	n/a	n/a	n/a	880.098522	n/a
880.113218	0.000000	176023	ttl	11	70	n/a	n/a	n/a	n/a	n/a	n/a	n/a	n/a	n/a	n/a	n/a	n/a	n/a	n/a	n/a	n/a	n/a	n/a	n/a	n/a	n/a	880.113218	n/a
881.114735	8.332490	176223	encoding	n/a	n/a	HB_26.mp4	70.0	885.1147347499999	n/a	n/a	880.11321775	2	n/a	n/a	n/a	n/a	n/a	n/a	n/a	n/a	n/a	n/a	n/a	n/a	intervals/encoding_table	88	881.114735	889.447224
881.114735	0.000000	176223	ttl	1	70	n/a	n/a	n/a	n/a	n/a	n/a	n/a	n/a	n/a	n/a	n/a	n/a	n/a	n/a	n/a	n/a	n/a	n/a	n/a	n/a	n/a	881.114735	n/a
889.447224	0.000000	177889	ttl	2	70	n/a	n/a	n/a	n/a	n/a	n/a	n/a	n/a	n/a	n/a	n/a	n/a	n/a	n/a	n/a	n/a	n/a	n/a	n/a	n/a	n/a	889.447224	n/a
890.392851	0.000000	178079	ttl	11	70	n/a	n/a	n/a	n/a	n/a	n/a	n/a	n/a	n/a	n/a	n/a	n/a	n/a	n/a	n/a	n/a	n/a	n/a	n/a	n/a	n/a	890.392851	n/a
891.392675	8.165859	178279	encoding	n/a	n/a	SB_2.mp4	70.0	896.9216349999999	n/a	n/a	890.392851	1	n/a	n/a	n/a	n/a	n/a	n/a	n/a	n/a	n/a	n/a	n/a	n/a	intervals/encoding_table	89	891.392675	899.558534
891.392675	0.000000	178279	ttl	1	70	n/a	n/a	n/a	n/a	n/a	n/a	n/a	n/a	n/a	n/a	n/a	n/a	n/a	n/a	n/a	n/a	n/a	n/a	n/a	n/a	n/a	891.392675	n/a
899.558534	0.000000	179912	ttl	2	70	n/a	n/a	n/a	n/a	n/a	n/a	n/a	n/a	n/a	n/a	n/a	n/a	n/a	n/a	n/a	n/a	n/a	n/a	n/a	n/a	n/a	899.558534	n/a
899.609537	0.000000	179922	ttl	60	70	n/a	n/a	n/a	n/a	n/a	n/a	n/a	n/a	n/a	n/a	n/a	n/a	n/a	n/a	n/a	n/a	n/a	n/a	n/a	n/a	n/a	899.609537	n/a
1134.142401	0.000000	226828	ttl	61	71	n/a	n/a	n/a	n/a	n/a	n/a	n/a	n/a	n/a	n/a	n/a	n/a	n/a	n/a	n/a	n/a	n/a	n/a	n/a	n/a	n/a	1134.142401	n/a
1134.202236	0.000000	226840	ttl	11	71	n/a	n/a	n/a	n/a	n/a	n/a	n/a	n/a	n/a	n/a	n/a	n/a	n/a	n/a	n/a	n/a	n/a	n/a	n/a	n/a	n/a	1134.202236	n/a
1134.752117	1.561222	226950	scene_recognition	n/a	n/a	n/a	71.0	n/a	n/a	n/a	1134.20223575	n/a	1.3505551034031669	2	1	2	NB_19_frameB.png	2	3	1137.66389325	1	1	n/a	n/a	intervals/recognition_table	0	1134.752117	1136.313338
1134.752117	0.000000	226950	ttl	1	71	n/a	n/a	n/a	n/a	n/a	n/a	n/a	n/a	n/a	n/a	n/a	n/a	n/a	n/a	n/a	n/a	n/a	n/a	n/a	n/a	n/a	1134.752117	n/a
1136.313338	0.000000	227263	ttl	2	71	n/a	n/a	n/a	n/a	n/a	n/a	n/a	n/a	n/a	n/a	n/a	n/a	n/a	n/a	n/a	n/a	n/a	n/a	n/a	n/a	n/a	1136.313338	n/a
1137.663893	0.000000	227533	ttl	4	71	n/a	n/a	n/a	n/a	n/a	n/a	n/a	n/a	n/a	n/a	n/a	n/a	n/a	n/a	n/a	n/a	n/a	n/a	n/a	n/a	n/a	1137.663893	n/a
1137.684662	0.000000	227537	ttl	11	71	n/a	n/a	n/a	n/a	n/a	n/a	n/a	n/a	n/a	n/a	n/a	n/a	n/a	n/a	n/a	n/a	n/a	n/a	n/a	n/a	n/a	1137.684662	n/a
1138.234545	1.534322	227647	scene_recognition	n/a	n/a	n/a	71.0	n/a	n/a	n/a	1137.68466175	n/a	1.8678986939194147	2	2	3	SB_1_frameB.png	2	2	1141.6367665	1	2	n/a	n/a	intervals/recognition_table	1	1138.234545	1139.768868
1138.234545	0.000000	227647	ttl	1	71	n/a	n/a	n/a	n/a	n/a	n/a	n/a	n/a	n/a	n/a	n/a	n/a	n/a	n/a	n/a	n/a	n/a	n/a	n/a	n/a	n/a	1138.234545	n/a
1139.768868	0.000000	227954	ttl	2	71	n/a	n/a	n/a	n/a	n/a	n/a	n/a	n/a	n/a	n/a	n/a	n/a	n/a	n/a	n/a	n/a	n/a	n/a	n/a	n/a	n/a	1139.768868	n/a
1141.636767	0.000000	228327	ttl	4	71	n/a	n/a	n/a	n/a	n/a	n/a	n/a	n/a	n/a	n/a	n/a	n/a	n/a	n/a	n/a	n/a	n/a	n/a	n/a	n/a	n/a	1141.636767	n/a
1141.731949	0.000000	228346	ttl	11	71	n/a	n/a	n/a	n/a	n/a	n/a	n/a	n/a	n/a	n/a	n/a	n/a	n/a	n/a	n/a	n/a	n/a	n/a	n/a	n/a	n/a	1141.731949	n/a
1142.248513	1.533488	228450	scene_recognition	n/a	n/a	n/a	71.0	n/a	n/a	n/a	1141.73194875	n/a	1.3545836040866561	2	1	2	NB_7_frameB.png	2	3	1145.1365847499999	1	3	n/a	n/a	intervals/recognition_table	2	1142.248513	1143.782001
1142.248513	0.000000	228450	ttl	1	71	n/a	n/a	n/a	n/a	n/a	n/a	n/a	n/a	n/a	n/a	n/a	n/a	n/a	n/a	n/a	n/a	n/a	n/a	n/a	n/a	n/a	1142.248513	n/a
1143.782001	0.000000	228756	ttl	2	71	n/a	n/a	n/a	n/a	n/a	n/a	n/a	n/a	n/a	n/a	n/a	n/a	n/a	n/a	n/a	n/a	n/a	n/a	n/a	n/a	n/a	1143.782001	n/a
1145.136585	0.000000	229027	ttl	4	71	n/a	n/a	n/a	n/a	n/a	n/a	n/a	n/a	n/a	n/a	n/a	n/a	n/a	n/a	n/a	n/a	n/a	n/a	n/a	n/a	n/a	1145.136585	n/a
1145.152008	0.000000	229030	ttl	11	71	n/a	n/a	n/a	n/a	n/a	n/a	n/a	n/a	n/a	n/a	n/a	n/a	n/a	n/a	n/a	n/a	n/a	n/a	n/a	n/a	n/a	1145.152008	n/a
1145.618571	1.535270	229124	scene_recognition	n/a	n/a	n/a	71.0	n/a	n/a	n/a	1145.1520085	n/a	1.3528489803720731	2	1	2	NB_24_frameA.png	2	3	1148.5066897499999	1	4	n/a	n/a	intervals/recognition_table	3	1145.618571	1147.153841
1145.618571	0.000000	229124	ttl	1	71	n/a	n/a	n/a	n/a	n/a	n/a	n/a	n/a	n/a	n/a	n/a	n/a	n/a	n/a	n/a	n/a	n/a	n/a	n/a	n/a	n/a	1145.618571	n/a
1147.153841	0.000000	229431	ttl	2	71	n/a	n/a	n/a	n/a	n/a	n/a	n/a	n/a	n/a	n/a	n/a	n/a	n/a	n/a	n/a	n/a	n/a	n/a	n/a	n/a	n/a	1147.153841	n/a
1148.506690	0.000000	229701	ttl	4	71	n/a	n/a	n/a	n/a	n/a	n/a	n/a	n/a	n/a	n/a	n/a	n/a	n/a	n/a	n/a	n/a	n/a	n/a	n/a	n/a	n/a	1148.506690	n/a
1148.583899	0.000000	229717	ttl	11	71	n/a	n/a	n/a	n/a	n/a	n/a	n/a	n/a	n/a	n/a	n/a	n/a	n/a	n/a	n/a	n/a	n/a	n/a	n/a	n/a	n/a	1148.583899	n/a
1149.117107	1.555759	229823	scene_recognition	n/a	n/a	n/a	71.0	n/a	n/a	n/a	1148.5838985	n/a	2.027900085056899	2	2	2	SB_2_frameB_foil.png	1	6	1152.70076625	0	5	n/a	n/a	intervals/recognition_table	4	1149.117107	1150.672866
1149.117107	0.000000	229823	ttl	1	71	n/a	n/a	n/a	n/a	n/a	n/a	n/a	n/a	n/a	n/a	n/a	n/a	n/a	n/a	n/a	n/a	n/a	n/a	n/a	n/a	n/a	1149.117107	n/a
1150.672866	0.000000	230135	ttl	2	71	n/a	n/a	n/a	n/a	n/a	n/a	n/a	n/a	n/a	n/a	n/a	n/a	n/a	n/a	n/a	n/a	n/a	n/a	n/a	n/a	n/a	1150.672866	n/a
1152.700766	0.000000	230540	ttl	4	71	n/a	n/a	n/a	n/a	n/a	n/a	n/a	n/a	n/a	n/a	n/a	n/a	n/a	n/a	n/a	n/a	n/a	n/a	n/a	n/a	n/a	1152.700766	n/a
1152.844118	0.000000	230569	ttl	11	71	n/a	n/a	n/a	n/a	n/a	n/a	n/a	n/a	n/a	n/a	n/a	n/a	n/a	n/a	n/a	n/a	n/a	n/a	n/a	n/a	n/a	1152.844118	n/a
1153.360669	1.535129	230672	scene_recognition	n/a	n/a	n/a	71.0	n/a	n/a	n/a	1152.84411775	n/a	1.3526597693999065	2	1	3	NB_15_frameA_foil.png	1	7	1156.24845725	0	6	n/a	n/a	intervals/recognition_table	5	1153.360669	1154.895797
1153.360669	0.000000	230672	ttl	1	71	n/a	n/a	n/a	n/a	n/a	n/a	n/a	n/a	n/a	n/a	n/a	n/a	n/a	n/a	n/a	n/a	n/a	n/a	n/a	n/a	n/a	1153.360669	n/a
1154.895797	0.000000	230979	ttl	2	71	n/a	n/a	n/a	n/a	n/a	n/a	n/a	n/a	n/a	n/a	n/a	n/a	n/a	n/a	n/a	n/a	n/a	n/a	n/a	n/a	n/a	1154.895797	n/a
1156.248457	0.000000	231250	ttl	4	71	n/a	n/a	n/a	n/a	n/a	n/a	n/a	n/a	n/a	n/a	n/a	n/a	n/a	n/a	n/a	n/a	n/a	n/a	n/a	n/a	n/a	1156.248457	n/a
1156.262174	0.000000	231252	ttl	11	71	n/a	n/a	n/a	n/a	n/a	n/a	n/a	n/a	n/a	n/a	n/a	n/a	n/a	n/a	n/a	n/a	n/a	n/a	n/a	n/a	n/a	1156.262174	n/a
1156.812051	1.534433	231362	scene_recognition	n/a	n/a	n/a	71.0	n/a	n/a	n/a	1156.262174	n/a	1.762917021434987	1	3	3	HB_9_frameB_foil.png	2	2	1160.1094007499998	0	7	n/a	n/a	intervals/recognition_table	6	1156.812051	1158.346484
1156.812051	0.000000	231362	ttl	1	71	n/a	n/a	n/a	n/a	n/a	n/a	n/a	n/a	n/a	n/a	n/a	n/a	n/a	n/a	n/a	n/a	n/a	n/a	n/a	n/a	n/a	1156.812051	n/a
1158.346484	0.000000	231669	ttl	2	71	n/a	n/a	n/a	n/a	n/a	n/a	n/a	n/a	n/a	n/a	n/a	n/a	n/a	n/a	n/a	n/a	n/a	n/a	n/a	n/a	n/a	1158.346484	n/a
1160.109401	0.000000	232022	ttl	4	71	n/a	n/a	n/a	n/a	n/a	n/a	n/a	n/a	n/a	n/a	n/a	n/a	n/a	n/a	n/a	n/a	n/a	n/a	n/a	n/a	n/a	1160.109401	n/a
1160.282383	0.000000	232056	ttl	11	71	n/a	n/a	n/a	n/a	n/a	n/a	n/a	n/a	n/a	n/a	n/a	n/a	n/a	n/a	n/a	n/a	n/a	n/a	n/a	n/a	n/a	1160.282383	n/a
1160.848941	1.534030	232170	scene_recognition	n/a	n/a	n/a	71.0	n/a	n/a	n/a	1160.2823832499998	n/a	1.0561047807859723	2	3	3	HB_2_frameA.png	2	2	1163.43907625	1	8	n/a	n/a	intervals/recognition_table	7	1160.848941	1162.382971
1160.848941	0.000000	232170	ttl	1	71	n/a	n/a	n/a	n/a	n/a	n/a	n/a	n/a	n/a	n/a	n/a	n/a	n/a	n/a	n/a	n/a	n/a	n/a	n/a	n/a	n/a	1160.848941	n/a
1162.382971	0.000000	232477	ttl	2	71	n/a	n/a	n/a	n/a	n/a	n/a	n/a	n/a	n/a	n/a	n/a	n/a	n/a	n/a	n/a	n/a	n/a	n/a	n/a	n/a	n/a	1162.382971	n/a
1163.439076	0.000000	232688	ttl	4	71	n/a	n/a	n/a	n/a	n/a	n/a	n/a	n/a	n/a	n/a	n/a	n/a	n/a	n/a	n/a	n/a	n/a	n/a	n/a	n/a	n/a	1163.439076	n/a
1163.642972	0.000000	232729	ttl	11	71	n/a	n/a	n/a	n/a	n/a	n/a	n/a	n/a	n/a	n/a	n/a	n/a	n/a	n/a	n/a	n/a	n/a	n/a	n/a	n/a	n/a	1163.642972	n/a
1164.142867	1.534568	232829	scene_recognition	n/a	n/a	n/a	71.0	n/a	n/a	n/a	1163.64297175	n/a	2.061230791878188	2	3	3	HB_1_frameA_foil.png	1	7	1167.7386655	0	9	n/a	n/a	intervals/recognition_table	8	1164.142867	1165.677435
1164.142867	0.000000	232829	ttl	1	71	n/a	n/a	n/a	n/a	n/a	n/a	n/a	n/a	n/a	n/a	n/a	n/a	n/a	n/a	n/a	n/a	n/a	n/a	n/a	n/a	n/a	1164.142867	n/a
1165.677435	0.000000	233135	ttl	2	71	n/a	n/a	n/a	n/a	n/a	n/a	n/a	n/a	n/a	n/a	n/a	n/a	n/a	n/a	n/a	n/a	n/a	n/a	n/a	n/a	n/a	1165.677435	n/a
1167.738666	0.000000	233548	ttl	4	71	n/a	n/a	n/a	n/a	n/a	n/a	n/a	n/a	n/a	n/a	n/a	n/a	n/a	n/a	n/a	n/a	n/a	n/a	n/a	n/a	n/a	1167.738666	n/a
1167.752716	0.000000	233551	ttl	11	71	n/a	n/a	n/a	n/a	n/a	n/a	n/a	n/a	n/a	n/a	n/a	n/a	n/a	n/a	n/a	n/a	n/a	n/a	n/a	n/a	n/a	1167.752716	n/a
1168.252620	1.534266	233651	scene_recognition	n/a	n/a	n/a	71.0	n/a	n/a	n/a	1167.7527157499999	n/a	1.7245967583585298	2	2	3	SB_5_frameB_foil.png	1	7	1171.511483	0	10	n/a	n/a	intervals/recognition_table	9	1168.252620	1169.786886
1168.252620	0.000000	233651	ttl	1	71	n/a	n/a	n/a	n/a	n/a	n/a	n/a	n/a	n/a	n/a	n/a	n/a	n/a	n/a	n/a	n/a	n/a	n/a	n/a	n/a	n/a	1168.252620	n/a
1169.786886	0.000000	233957	ttl	2	71	n/a	n/a	n/a	n/a	n/a	n/a	n/a	n/a	n/a	n/a	n/a	n/a	n/a	n/a	n/a	n/a	n/a	n/a	n/a	n/a	n/a	1169.786886	n/a
1171.511483	0.000000	234302	ttl	4	71	n/a	n/a	n/a	n/a	n/a	n/a	n/a	n/a	n/a	n/a	n/a	n/a	n/a	n/a	n/a	n/a	n/a	n/a	n/a	n/a	n/a	1171.511483	n/a
1171.559064	0.000000	234312	ttl	11	71	n/a	n/a	n/a	n/a	n/a	n/a	n/a	n/a	n/a	n/a	n/a	n/a	n/a	n/a	n/a	n/a	n/a	n/a	n/a	n/a	n/a	1171.559064	n/a
1172.125610	1.535742	234425	scene_recognition	n/a	n/a	n/a	71.0	n/a	n/a	n/a	1171.559064	n/a	1.3532516089180717	2	1	3	NB_18_frameA.png	2	2	1175.01460325	1	11	n/a	n/a	intervals/recognition_table	10	1172.125610	1173.661352
1172.125610	0.000000	234425	ttl	1	71	n/a	n/a	n/a	n/a	n/a	n/a	n/a	n/a	n/a	n/a	n/a	n/a	n/a	n/a	n/a	n/a	n/a	n/a	n/a	n/a	n/a	1172.125610	n/a
1173.661352	0.000000	234732	ttl	2	71	n/a	n/a	n/a	n/a	n/a	n/a	n/a	n/a	n/a	n/a	n/a	n/a	n/a	n/a	n/a	n/a	n/a	n/a	n/a	n/a	n/a	1173.661352	n/a
1175.014603	0.000000	235003	ttl	4	71	n/a	n/a	n/a	n/a	n/a	n/a	n/a	n/a	n/a	n/a	n/a	n/a	n/a	n/a	n/a	n/a	n/a	n/a	n/a	n/a	n/a	1175.014603	n/a
1175.027951	0.000000	235006	ttl	11	71	n/a	n/a	n/a	n/a	n/a	n/a	n/a	n/a	n/a	n/a	n/a	n/a	n/a	n/a	n/a	n/a	n/a	n/a	n/a	n/a	n/a	1175.027951	n/a
1175.494530	1.534923	235099	scene_recognition	n/a	n/a	n/a	71.0	n/a	n/a	n/a	1175.02795075	n/a	1.528567383036716	2	2	3	SB_4_frameB_foil.png	1	7	1178.55802125	0	12	n/a	n/a	intervals/recognition_table	11	1175.494530	1177.029454
1175.494530	0.000000	235099	ttl	1	71	n/a	n/a	n/a	n/a	n/a	n/a	n/a	n/a	n/a	n/a	n/a	n/a	n/a	n/a	n/a	n/a	n/a	n/a	n/a	n/a	n/a	1175.494530	n/a
1177.029454	0.000000	235406	ttl	2	71	n/a	n/a	n/a	n/a	n/a	n/a	n/a	n/a	n/a	n/a	n/a	n/a	n/a	n/a	n/a	n/a	n/a	n/a	n/a	n/a	n/a	1177.029454	n/a
1178.558021	0.000000	235712	ttl	4	71	n/a	n/a	n/a	n/a	n/a	n/a	n/a	n/a	n/a	n/a	n/a	n/a	n/a	n/a	n/a	n/a	n/a	n/a	n/a	n/a	n/a	1178.558021	n/a
1178.620457	0.000000	235724	ttl	11	71	n/a	n/a	n/a	n/a	n/a	n/a	n/a	n/a	n/a	n/a	n/a	n/a	n/a	n/a	n/a	n/a	n/a	n/a	n/a	n/a	n/a	1178.620457	n/a
1179.103652	1.533837	235821	scene_recognition	n/a	n/a	n/a	71.0	n/a	n/a	n/a	1178.6204565	n/a	1.3511733606865164	2	1	3	NB_19_frameA_foil.png	1	7	1181.98866275	0	13	n/a	n/a	intervals/recognition_table	12	1179.103652	1180.637489
1179.103652	0.000000	235821	ttl	1	71	n/a	n/a	n/a	n/a	n/a	n/a	n/a	n/a	n/a	n/a	n/a	n/a	n/a	n/a	n/a	n/a	n/a	n/a	n/a	n/a	n/a	1179.103652	n/a
1180.637489	0.000000	236127	ttl	2	71	n/a	n/a	n/a	n/a	n/a	n/a	n/a	n/a	n/a	n/a	n/a	n/a	n/a	n/a	n/a	n/a	n/a	n/a	n/a	n/a	n/a	1180.637489	n/a
1181.988663	0.000000	236398	ttl	4	71	n/a	n/a	n/a	n/a	n/a	n/a	n/a	n/a	n/a	n/a	n/a	n/a	n/a	n/a	n/a	n/a	n/a	n/a	n/a	n/a	n/a	1181.988663	n/a
1182.003780	0.000000	236401	ttl	11	71	n/a	n/a	n/a	n/a	n/a	n/a	n/a	n/a	n/a	n/a	n/a	n/a	n/a	n/a	n/a	n/a	n/a	n/a	n/a	n/a	n/a	1182.003780	n/a
1182.520351	1.533579	236504	scene_recognition	n/a	n/a	n/a	71.0	n/a	n/a	n/a	1182.0037802499999	n/a	1.3585599708312657	1	3	2	HB_1_frameB.png	1	6	1185.41249025	1	14	n/a	n/a	intervals/recognition_table	13	1182.520351	1184.053930
1182.520351	0.000000	236504	ttl	1	71	n/a	n/a	n/a	n/a	n/a	n/a	n/a	n/a	n/a	n/a	n/a	n/a	n/a	n/a	n/a	n/a	n/a	n/a	n/a	n/a	n/a	1182.520351	n/a
1184.053930	0.000000	236811	ttl	2	71	n/a	n/a	n/a	n/a	n/a	n/a	n/a	n/a	n/a	n/a	n/a	n/a	n/a	n/a	n/a	n/a	n/a	n/a	n/a	n/a	n/a	1184.053930	n/a
1185.412490	0.000000	237082	ttl	4	71	n/a	n/a	n/a	n/a	n/a	n/a	n/a	n/a	n/a	n/a	n/a	n/a	n/a	n/a	n/a	n/a	n/a	n/a	n/a	n/a	n/a	1185.412490	n/a
1185.556360	0.000000	237111	ttl	11	71	n/a	n/a	n/a	n/a	n/a	n/a	n/a	n/a	n/a	n/a	n/a	n/a	n/a	n/a	n/a	n/a	n/a	n/a	n/a	n/a	n/a	1185.556360	n/a
1186.156240	1.533940	237231	scene_recognition	n/a	n/a	n/a	71.0	n/a	n/a	n/a	1185.5563605	n/a	2.0308910301391734	2	2	3	SB_3_frameA.png	2	2	1189.721071	1	15	n/a	n/a	intervals/recognition_table	14	1186.156240	1187.690180
1186.156240	0.000000	237231	ttl	1	71	n/a	n/a	n/a	n/a	n/a	n/a	n/a	n/a	n/a	n/a	n/a	n/a	n/a	n/a	n/a	n/a	n/a	n/a	n/a	n/a	n/a	1186.156240	n/a
1187.690180	0.000000	237538	ttl	2	71	n/a	n/a	n/a	n/a	n/a	n/a	n/a	n/a	n/a	n/a	n/a	n/a	n/a	n/a	n/a	n/a	n/a	n/a	n/a	n/a	n/a	1187.690180	n/a
1189.721071	0.000000	237944	ttl	4	71	n/a	n/a	n/a	n/a	n/a	n/a	n/a	n/a	n/a	n/a	n/a	n/a	n/a	n/a	n/a	n/a	n/a	n/a	n/a	n/a	n/a	1189.721071	n/a
1189.736432	0.000000	237947	ttl	11	71	n/a	n/a	n/a	n/a	n/a	n/a	n/a	n/a	n/a	n/a	n/a	n/a	n/a	n/a	n/a	n/a	n/a	n/a	n/a	n/a	n/a	1189.736432	n/a
1190.252998	1.534637	238051	scene_recognition	n/a	n/a	n/a	71.0	n/a	n/a	n/a	1189.7364317499998	n/a	0.9272246495966101	2	2	3	SB_2_frameA.png	2	2	1192.7148605	1	16	n/a	n/a	intervals/recognition_table	15	1190.252998	1191.787636
1190.252998	0.000000	238051	ttl	1	71	n/a	n/a	n/a	n/a	n/a	n/a	n/a	n/a	n/a	n/a	n/a	n/a	n/a	n/a	n/a	n/a	n/a	n/a	n/a	n/a	n/a	1190.252998	n/a
1191.787636	0.000000	238358	ttl	2	71	n/a	n/a	n/a	n/a	n/a	n/a	n/a	n/a	n/a	n/a	n/a	n/a	n/a	n/a	n/a	n/a	n/a	n/a	n/a	n/a	n/a	1191.787636	n/a
1192.714860	0.000000	238543	ttl	4	71	n/a	n/a	n/a	n/a	n/a	n/a	n/a	n/a	n/a	n/a	n/a	n/a	n/a	n/a	n/a	n/a	n/a	n/a	n/a	n/a	n/a	1192.714860	n/a
1192.870158	0.000000	238574	ttl	11	71	n/a	n/a	n/a	n/a	n/a	n/a	n/a	n/a	n/a	n/a	n/a	n/a	n/a	n/a	n/a	n/a	n/a	n/a	n/a	n/a	n/a	1192.870158	n/a
1193.420045	1.533873	238684	scene_recognition	n/a	n/a	n/a	71.0	n/a	n/a	n/a	1192.8701577499999	n/a	1.9986115794890793	2	2	3	SB_6_frameB.png	2	2	1196.9525302499999	1	17	n/a	n/a	intervals/recognition_table	16	1193.420045	1194.953918
1193.420045	0.000000	238684	ttl	1	71	n/a	n/a	n/a	n/a	n/a	n/a	n/a	n/a	n/a	n/a	n/a	n/a	n/a	n/a	n/a	n/a	n/a	n/a	n/a	n/a	n/a	1193.420045	n/a
1194.953918	0.000000	238991	ttl	2	71	n/a	n/a	n/a	n/a	n/a	n/a	n/a	n/a	n/a	n/a	n/a	n/a	n/a	n/a	n/a	n/a	n/a	n/a	n/a	n/a	n/a	1194.953918	n/a
1196.952530	0.000000	239391	ttl	4	71	n/a	n/a	n/a	n/a	n/a	n/a	n/a	n/a	n/a	n/a	n/a	n/a	n/a	n/a	n/a	n/a	n/a	n/a	n/a	n/a	n/a	1196.952530	n/a
1196.967352	0.000000	239393	ttl	11	71	n/a	n/a	n/a	n/a	n/a	n/a	n/a	n/a	n/a	n/a	n/a	n/a	n/a	n/a	n/a	n/a	n/a	n/a	n/a	n/a	n/a	1196.967352	n/a
1197.500568	1.533770	239500	scene_recognition	n/a	n/a	n/a	71.0	n/a	n/a	n/a	1196.96735175	n/a	0.5595051444252022	2	2	3	SB_2_frameB_foil.png	1	7	1199.59384325	0	18	n/a	n/a	intervals/recognition_table	17	1197.500568	1199.034338
1197.500568	0.000000	239500	ttl	1	71	n/a	n/a	n/a	n/a	n/a	n/a	n/a	n/a	n/a	n/a	n/a	n/a	n/a	n/a	n/a	n/a	n/a	n/a	n/a	n/a	n/a	1197.500568	n/a
1199.034338	0.000000	239807	ttl	2	71	n/a	n/a	n/a	n/a	n/a	n/a	n/a	n/a	n/a	n/a	n/a	n/a	n/a	n/a	n/a	n/a	n/a	n/a	n/a	n/a	n/a	1199.034338	n/a
1199.593843	0.000000	239919	ttl	4	71	n/a	n/a	n/a	n/a	n/a	n/a	n/a	n/a	n/a	n/a	n/a	n/a	n/a	n/a	n/a	n/a	n/a	n/a	n/a	n/a	n/a	1199.593843	n/a
1199.729889	0.000000	239946	ttl	11	71	n/a	n/a	n/a	n/a	n/a	n/a	n/a	n/a	n/a	n/a	n/a	n/a	n/a	n/a	n/a	n/a	n/a	n/a	n/a	n/a	n/a	1199.729889	n/a
1200.213138	1.534861	240043	scene_recognition	n/a	n/a	n/a	71.0	n/a	n/a	n/a	1199.7298895	n/a	0.925034258456435	2	2	2	SB_3_frameB_foil.png	1	6	1202.6730335	0	19	n/a	n/a	intervals/recognition_table	18	1200.213138	1201.747999
1200.213138	0.000000	240043	ttl	1	71	n/a	n/a	n/a	n/a	n/a	n/a	n/a	n/a	n/a	n/a	n/a	n/a	n/a	n/a	n/a	n/a	n/a	n/a	n/a	n/a	n/a	1200.213138	n/a
1201.747999	0.000000	240350	ttl	2	71	n/a	n/a	n/a	n/a	n/a	n/a	n/a	n/a	n/a	n/a	n/a	n/a	n/a	n/a	n/a	n/a	n/a	n/a	n/a	n/a	n/a	1201.747999	n/a
1202.673033	0.000000	240535	ttl	4	71	n/a	n/a	n/a	n/a	n/a	n/a	n/a	n/a	n/a	n/a	n/a	n/a	n/a	n/a	n/a	n/a	n/a	n/a	n/a	n/a	n/a	1202.673033	n/a
1202.744017	0.000000	240549	ttl	11	71	n/a	n/a	n/a	n/a	n/a	n/a	n/a	n/a	n/a	n/a	n/a	n/a	n/a	n/a	n/a	n/a	n/a	n/a	n/a	n/a	n/a	1202.744017	n/a
1203.327229	1.534187	240665	scene_recognition	n/a	n/a	n/a	71.0	n/a	n/a	n/a	1202.744017	n/a	1.251039325055899	2	3	3	HB_2_frameB_foil.png	1	7	1206.11245575	0	20	n/a	n/a	intervals/recognition_table	19	1203.327229	1204.861416
1203.327229	0.000000	240665	ttl	1	71	n/a	n/a	n/a	n/a	n/a	n/a	n/a	n/a	n/a	n/a	n/a	n/a	n/a	n/a	n/a	n/a	n/a	n/a	n/a	n/a	n/a	1203.327229	n/a
1204.861416	0.000000	240972	ttl	2	71	n/a	n/a	n/a	n/a	n/a	n/a	n/a	n/a	n/a	n/a	n/a	n/a	n/a	n/a	n/a	n/a	n/a	n/a	n/a	n/a	n/a	1204.861416	n/a
1206.112456	0.000000	241222	ttl	4	71	n/a	n/a	n/a	n/a	n/a	n/a	n/a	n/a	n/a	n/a	n/a	n/a	n/a	n/a	n/a	n/a	n/a	n/a	n/a	n/a	n/a	1206.112456	n/a
1206.162457	0.000000	241232	ttl	11	71	n/a	n/a	n/a	n/a	n/a	n/a	n/a	n/a	n/a	n/a	n/a	n/a	n/a	n/a	n/a	n/a	n/a	n/a	n/a	n/a	n/a	1206.162457	n/a
1206.745692	1.534786	241349	scene_recognition	n/a	n/a	n/a	71.0	n/a	n/a	n/a	1206.162457	n/a	1.3517052778042853	2	1	3	NB_6_frameA.png	2	2	1209.63218325	1	21	n/a	n/a	intervals/recognition_table	20	1206.745692	1208.280478
1206.745692	0.000000	241349	ttl	1	71	n/a	n/a	n/a	n/a	n/a	n/a	n/a	n/a	n/a	n/a	n/a	n/a	n/a	n/a	n/a	n/a	n/a	n/a	n/a	n/a	n/a	1206.745692	n/a
1208.280478	0.000000	241656	ttl	2	71	n/a	n/a	n/a	n/a	n/a	n/a	n/a	n/a	n/a	n/a	n/a	n/a	n/a	n/a	n/a	n/a	n/a	n/a	n/a	n/a	n/a	1208.280478	n/a
1209.632183	0.000000	241926	ttl	4	71	n/a	n/a	n/a	n/a	n/a	n/a	n/a	n/a	n/a	n/a	n/a	n/a	n/a	n/a	n/a	n/a	n/a	n/a	n/a	n/a	n/a	1209.632183	n/a
1209.755330	0.000000	241951	ttl	11	71	n/a	n/a	n/a	n/a	n/a	n/a	n/a	n/a	n/a	n/a	n/a	n/a	n/a	n/a	n/a	n/a	n/a	n/a	n/a	n/a	n/a	1209.755330	n/a
1210.321873	1.533726	242064	scene_recognition	n/a	n/a	n/a	71.0	n/a	n/a	n/a	1209.7553297499999	n/a	1.3532579362217803	2	1	2	NB_25_frameB.png	2	3	1213.2088575	1	22	n/a	n/a	intervals/recognition_table	21	1210.321873	1211.855599
1210.321873	0.000000	242064	ttl	1	71	n/a	n/a	n/a	n/a	n/a	n/a	n/a	n/a	n/a	n/a	n/a	n/a	n/a	n/a	n/a	n/a	n/a	n/a	n/a	n/a	n/a	1210.321873	n/a
1211.855599	0.000000	242371	ttl	2	71	n/a	n/a	n/a	n/a	n/a	n/a	n/a	n/a	n/a	n/a	n/a	n/a	n/a	n/a	n/a	n/a	n/a	n/a	n/a	n/a	n/a	1211.855599	n/a
1213.208858	0.000000	242642	ttl	4	71	n/a	n/a	n/a	n/a	n/a	n/a	n/a	n/a	n/a	n/a	n/a	n/a	n/a	n/a	n/a	n/a	n/a	n/a	n/a	n/a	n/a	1213.208858	n/a
1213.261406	0.000000	242652	ttl	11	71	n/a	n/a	n/a	n/a	n/a	n/a	n/a	n/a	n/a	n/a	n/a	n/a	n/a	n/a	n/a	n/a	n/a	n/a	n/a	n/a	n/a	1213.261406	n/a
1213.827951	1.533690	242766	scene_recognition	n/a	n/a	n/a	71.0	n/a	n/a	n/a	1213.26140625	n/a	1.027985170352622	2	3	3	HB_4_frameB.png	2	2	1216.3896255	1	23	n/a	n/a	intervals/recognition_table	22	1213.827951	1215.361641
1213.827951	0.000000	242766	ttl	1	71	n/a	n/a	n/a	n/a	n/a	n/a	n/a	n/a	n/a	n/a	n/a	n/a	n/a	n/a	n/a	n/a	n/a	n/a	n/a	n/a	n/a	1213.827951	n/a
1215.361641	0.000000	243072	ttl	2	71	n/a	n/a	n/a	n/a	n/a	n/a	n/a	n/a	n/a	n/a	n/a	n/a	n/a	n/a	n/a	n/a	n/a	n/a	n/a	n/a	n/a	1215.361641	n/a
1216.389625	0.000000	243278	ttl	4	71	n/a	n/a	n/a	n/a	n/a	n/a	n/a	n/a	n/a	n/a	n/a	n/a	n/a	n/a	n/a	n/a	n/a	n/a	n/a	n/a	n/a	1216.389625	n/a
1216.459302	0.000000	243292	ttl	11	71	n/a	n/a	n/a	n/a	n/a	n/a	n/a	n/a	n/a	n/a	n/a	n/a	n/a	n/a	n/a	n/a	n/a	n/a	n/a	n/a	n/a	1216.459302	n/a
1216.992527	1.534209	243399	scene_recognition	n/a	n/a	n/a	71.0	n/a	n/a	n/a	1216.4593025	n/a	1.052921146620065	1	3	2	HB_1_frameA_foil.png	2	3	1219.5796572499999	0	24	n/a	n/a	intervals/recognition_table	23	1216.992527	1218.526736
1216.992527	0.000000	243399	ttl	1	71	n/a	n/a	n/a	n/a	n/a	n/a	n/a	n/a	n/a	n/a	n/a	n/a	n/a	n/a	n/a	n/a	n/a	n/a	n/a	n/a	n/a	1216.992527	n/a
1218.526736	0.000000	243705	ttl	2	71	n/a	n/a	n/a	n/a	n/a	n/a	n/a	n/a	n/a	n/a	n/a	n/a	n/a	n/a	n/a	n/a	n/a	n/a	n/a	n/a	n/a	1218.526736	n/a
1219.579657	0.000000	243916	ttl	4	71	n/a	n/a	n/a	n/a	n/a	n/a	n/a	n/a	n/a	n/a	n/a	n/a	n/a	n/a	n/a	n/a	n/a	n/a	n/a	n/a	n/a	1219.579657	n/a
1219.683284	0.000000	243937	ttl	11	71	n/a	n/a	n/a	n/a	n/a	n/a	n/a	n/a	n/a	n/a	n/a	n/a	n/a	n/a	n/a	n/a	n/a	n/a	n/a	n/a	n/a	1219.683284	n/a
1220.249836	1.534798	244050	scene_recognition	n/a	n/a	n/a	71.0	n/a	n/a	n/a	1219.6832837499999	n/a	0.6645681832160335	2	3	2	HB_8_frameA_foil.png	1	6	1222.4492022499999	0	25	n/a	n/a	intervals/recognition_table	24	1220.249836	1221.784634
1220.249836	0.000000	244050	ttl	1	71	n/a	n/a	n/a	n/a	n/a	n/a	n/a	n/a	n/a	n/a	n/a	n/a	n/a	n/a	n/a	n/a	n/a	n/a	n/a	n/a	n/a	1220.249836	n/a
1221.784634	0.000000	244357	ttl	2	71	n/a	n/a	n/a	n/a	n/a	n/a	n/a	n/a	n/a	n/a	n/a	n/a	n/a	n/a	n/a	n/a	n/a	n/a	n/a	n/a	n/a	1221.784634	n/a
1222.449202	0.000000	244490	ttl	4	71	n/a	n/a	n/a	n/a	n/a	n/a	n/a	n/a	n/a	n/a	n/a	n/a	n/a	n/a	n/a	n/a	n/a	n/a	n/a	n/a	n/a	1222.449202	n/a
1222.502401	0.000000	244500	ttl	11	71	n/a	n/a	n/a	n/a	n/a	n/a	n/a	n/a	n/a	n/a	n/a	n/a	n/a	n/a	n/a	n/a	n/a	n/a	n/a	n/a	n/a	1222.502401	n/a
1223.035637	1.533766	244607	scene_recognition	n/a	n/a	n/a	71.0	n/a	n/a	n/a	1222.5024007499999	n/a	1.6329252854047809	1	3	3	HB_4_frameB.png	1	7	1226.2023275	1	26	n/a	n/a	intervals/recognition_table	25	1223.035637	1224.569402
1223.035637	0.000000	244607	ttl	1	71	n/a	n/a	n/a	n/a	n/a	n/a	n/a	n/a	n/a	n/a	n/a	n/a	n/a	n/a	n/a	n/a	n/a	n/a	n/a	n/a	n/a	1223.035637	n/a
1224.569402	0.000000	244914	ttl	2	71	n/a	n/a	n/a	n/a	n/a	n/a	n/a	n/a	n/a	n/a	n/a	n/a	n/a	n/a	n/a	n/a	n/a	n/a	n/a	n/a	n/a	1224.569402	n/a
1226.202327	0.000000	245240	ttl	4	71	n/a	n/a	n/a	n/a	n/a	n/a	n/a	n/a	n/a	n/a	n/a	n/a	n/a	n/a	n/a	n/a	n/a	n/a	n/a	n/a	n/a	1226.202327	n/a
1226.263556	0.000000	245253	ttl	11	71	n/a	n/a	n/a	n/a	n/a	n/a	n/a	n/a	n/a	n/a	n/a	n/a	n/a	n/a	n/a	n/a	n/a	n/a	n/a	n/a	n/a	1226.263556	n/a
1226.830107	1.533686	245366	scene_recognition	n/a	n/a	n/a	71.0	n/a	n/a	n/a	1226.26355575	n/a	1.1026169375545578	2	3	3	HB_2_frameA_foil.png	1	7	1229.4664105	0	27	n/a	n/a	intervals/recognition_table	26	1226.830107	1228.363793
1226.830107	0.000000	245366	ttl	1	71	n/a	n/a	n/a	n/a	n/a	n/a	n/a	n/a	n/a	n/a	n/a	n/a	n/a	n/a	n/a	n/a	n/a	n/a	n/a	n/a	n/a	1226.830107	n/a
1228.363793	0.000000	245673	ttl	2	71	n/a	n/a	n/a	n/a	n/a	n/a	n/a	n/a	n/a	n/a	n/a	n/a	n/a	n/a	n/a	n/a	n/a	n/a	n/a	n/a	n/a	1228.363793	n/a
1229.466410	0.000000	245893	ttl	4	71	n/a	n/a	n/a	n/a	n/a	n/a	n/a	n/a	n/a	n/a	n/a	n/a	n/a	n/a	n/a	n/a	n/a	n/a	n/a	n/a	n/a	1229.466410	n/a
1229.640789	0.000000	245928	ttl	11	71	n/a	n/a	n/a	n/a	n/a	n/a	n/a	n/a	n/a	n/a	n/a	n/a	n/a	n/a	n/a	n/a	n/a	n/a	n/a	n/a	n/a	1229.640789	n/a
1230.157352	1.534927	246031	scene_recognition	n/a	n/a	n/a	71.0	n/a	n/a	n/a	1229.6407895	n/a	1.6534510787168983	2	3	3	HB_1_frameB.png	2	2	1233.34572975	1	28	n/a	n/a	intervals/recognition_table	27	1230.157352	1231.692279
1230.157352	0.000000	246031	ttl	1	71	n/a	n/a	n/a	n/a	n/a	n/a	n/a	n/a	n/a	n/a	n/a	n/a	n/a	n/a	n/a	n/a	n/a	n/a	n/a	n/a	n/a	1230.157352	n/a
1231.692279	0.000000	246338	ttl	2	71	n/a	n/a	n/a	n/a	n/a	n/a	n/a	n/a	n/a	n/a	n/a	n/a	n/a	n/a	n/a	n/a	n/a	n/a	n/a	n/a	n/a	1231.692279	n/a
1233.345730	0.000000	246669	ttl	4	71	n/a	n/a	n/a	n/a	n/a	n/a	n/a	n/a	n/a	n/a	n/a	n/a	n/a	n/a	n/a	n/a	n/a	n/a	n/a	n/a	n/a	1233.345730	n/a
1233.423945	0.000000	246685	ttl	11	71	n/a	n/a	n/a	n/a	n/a	n/a	n/a	n/a	n/a	n/a	n/a	n/a	n/a	n/a	n/a	n/a	n/a	n/a	n/a	n/a	n/a	1233.423945	n/a
1233.973812	1.550589	246795	scene_recognition	n/a	n/a	n/a	71.0	n/a	n/a	n/a	1233.42394475	n/a	1.288215636915993	2	2	3	SB_1_frameA_foil.png	1	7	1236.81261725	0	29	n/a	n/a	intervals/recognition_table	28	1233.973812	1235.524402
1233.973812	0.000000	246795	ttl	1	71	n/a	n/a	n/a	n/a	n/a	n/a	n/a	n/a	n/a	n/a	n/a	n/a	n/a	n/a	n/a	n/a	n/a	n/a	n/a	n/a	n/a	1233.973812	n/a
1235.524402	0.000000	247105	ttl	2	71	n/a	n/a	n/a	n/a	n/a	n/a	n/a	n/a	n/a	n/a	n/a	n/a	n/a	n/a	n/a	n/a	n/a	n/a	n/a	n/a	n/a	1235.524402	n/a
1236.812617	0.000000	247363	ttl	4	71	n/a	n/a	n/a	n/a	n/a	n/a	n/a	n/a	n/a	n/a	n/a	n/a	n/a	n/a	n/a	n/a	n/a	n/a	n/a	n/a	n/a	1236.812617	n/a
1236.827675	0.000000	247366	ttl	11	71	n/a	n/a	n/a	n/a	n/a	n/a	n/a	n/a	n/a	n/a	n/a	n/a	n/a	n/a	n/a	n/a	n/a	n/a	n/a	n/a	n/a	1236.827675	n/a
1237.294229	1.533345	247459	scene_recognition	n/a	n/a	n/a	71.0	n/a	n/a	n/a	1236.8276755	n/a	0.44215245588566177	1	3	3	HB_1_frameB.png	1	7	1239.26972675	1	30	n/a	n/a	intervals/recognition_table	29	1237.294229	1238.827574
1237.294229	0.000000	247459	ttl	1	71	n/a	n/a	n/a	n/a	n/a	n/a	n/a	n/a	n/a	n/a	n/a	n/a	n/a	n/a	n/a	n/a	n/a	n/a	n/a	n/a	n/a	1237.294229	n/a
1238.827574	0.000000	247766	ttl	2	71	n/a	n/a	n/a	n/a	n/a	n/a	n/a	n/a	n/a	n/a	n/a	n/a	n/a	n/a	n/a	n/a	n/a	n/a	n/a	n/a	n/a	1238.827574	n/a
1239.269727	0.000000	247854	ttl	4	71	n/a	n/a	n/a	n/a	n/a	n/a	n/a	n/a	n/a	n/a	n/a	n/a	n/a	n/a	n/a	n/a	n/a	n/a	n/a	n/a	n/a	1239.269727	n/a
1239.426899	0.000000	247885	ttl	11	71	n/a	n/a	n/a	n/a	n/a	n/a	n/a	n/a	n/a	n/a	n/a	n/a	n/a	n/a	n/a	n/a	n/a	n/a	n/a	n/a	n/a	1239.426899	n/a
1239.943478	1.533990	247989	scene_recognition	n/a	n/a	n/a	71.0	n/a	n/a	n/a	1239.4268995	n/a	1.436886099370895	2	2	3	SB_7_frameB_foil.png	1	7	1242.9143545	0	31	n/a	n/a	intervals/recognition_table	30	1239.943478	1241.477468
1239.943478	0.000000	247989	ttl	1	71	n/a	n/a	n/a	n/a	n/a	n/a	n/a	n/a	n/a	n/a	n/a	n/a	n/a	n/a	n/a	n/a	n/a	n/a	n/a	n/a	n/a	1239.943478	n/a
1241.477468	0.000000	248295	ttl	2	71	n/a	n/a	n/a	n/a	n/a	n/a	n/a	n/a	n/a	n/a	n/a	n/a	n/a	n/a	n/a	n/a	n/a	n/a	n/a	n/a	n/a	1241.477468	n/a
1242.914354	0.000000	248583	ttl	4	71	n/a	n/a	n/a	n/a	n/a	n/a	n/a	n/a	n/a	n/a	n/a	n/a	n/a	n/a	n/a	n/a	n/a	n/a	n/a	n/a	n/a	1242.914354	n/a
1242.974860	0.000000	248595	ttl	11	71	n/a	n/a	n/a	n/a	n/a	n/a	n/a	n/a	n/a	n/a	n/a	n/a	n/a	n/a	n/a	n/a	n/a	n/a	n/a	n/a	n/a	1242.974860	n/a
1243.574739	1.534267	248715	scene_recognition	n/a	n/a	n/a	71.0	n/a	n/a	n/a	1242.97486	n/a	0.7655355049064383	2	2	3	SB_4_frameA_foil.png	1	7	1245.87454125	0	32	n/a	n/a	intervals/recognition_table	31	1243.574739	1245.109006
1243.574739	0.000000	248715	ttl	1	71	n/a	n/a	n/a	n/a	n/a	n/a	n/a	n/a	n/a	n/a	n/a	n/a	n/a	n/a	n/a	n/a	n/a	n/a	n/a	n/a	n/a	1243.574739	n/a
1245.109006	0.000000	249022	ttl	2	71	n/a	n/a	n/a	n/a	n/a	n/a	n/a	n/a	n/a	n/a	n/a	n/a	n/a	n/a	n/a	n/a	n/a	n/a	n/a	n/a	n/a	1245.109006	n/a
1245.874541	0.000000	249175	ttl	4	71	n/a	n/a	n/a	n/a	n/a	n/a	n/a	n/a	n/a	n/a	n/a	n/a	n/a	n/a	n/a	n/a	n/a	n/a	n/a	n/a	n/a	1245.874541	n/a
1246.010186	0.000000	249202	ttl	11	71	n/a	n/a	n/a	n/a	n/a	n/a	n/a	n/a	n/a	n/a	n/a	n/a	n/a	n/a	n/a	n/a	n/a	n/a	n/a	n/a	n/a	1246.010186	n/a
1246.510054	1.533756	249302	scene_recognition	n/a	n/a	n/a	71.0	n/a	n/a	n/a	1246.010186	n/a	1.5000939463061513	1	3	3	HB_1_frameA.png	1	7	1249.54390425	1	33	n/a	n/a	intervals/recognition_table	32	1246.510054	1248.043810
1246.510054	0.000000	249302	ttl	1	71	n/a	n/a	n/a	n/a	n/a	n/a	n/a	n/a	n/a	n/a	n/a	n/a	n/a	n/a	n/a	n/a	n/a	n/a	n/a	n/a	n/a	1246.510054	n/a
1248.043810	0.000000	249609	ttl	2	71	n/a	n/a	n/a	n/a	n/a	n/a	n/a	n/a	n/a	n/a	n/a	n/a	n/a	n/a	n/a	n/a	n/a	n/a	n/a	n/a	n/a	1248.043810	n/a
1249.543904	0.000000	249909	ttl	4	71	n/a	n/a	n/a	n/a	n/a	n/a	n/a	n/a	n/a	n/a	n/a	n/a	n/a	n/a	n/a	n/a	n/a	n/a	n/a	n/a	n/a	1249.543904	n/a
1249.584560	0.000000	249917	ttl	11	71	n/a	n/a	n/a	n/a	n/a	n/a	n/a	n/a	n/a	n/a	n/a	n/a	n/a	n/a	n/a	n/a	n/a	n/a	n/a	n/a	n/a	1249.584560	n/a
1250.201117	1.534845	250040	scene_recognition	n/a	n/a	n/a	71.0	n/a	n/a	n/a	1249.58456	n/a	1.3525484294077614	2	1	3	NB_1_frameB.png	2	2	1253.08850975	1	34	n/a	n/a	intervals/recognition_table	33	1250.201117	1251.735962
1250.201117	0.000000	250040	ttl	1	71	n/a	n/a	n/a	n/a	n/a	n/a	n/a	n/a	n/a	n/a	n/a	n/a	n/a	n/a	n/a	n/a	n/a	n/a	n/a	n/a	n/a	1250.201117	n/a
1251.735962	0.000000	250347	ttl	2	71	n/a	n/a	n/a	n/a	n/a	n/a	n/a	n/a	n/a	n/a	n/a	n/a	n/a	n/a	n/a	n/a	n/a	n/a	n/a	n/a	n/a	1251.735962	n/a
1253.088510	0.000000	250618	ttl	4	71	n/a	n/a	n/a	n/a	n/a	n/a	n/a	n/a	n/a	n/a	n/a	n/a	n/a	n/a	n/a	n/a	n/a	n/a	n/a	n/a	n/a	1253.088510	n/a
1253.102388	0.000000	250620	ttl	11	71	n/a	n/a	n/a	n/a	n/a	n/a	n/a	n/a	n/a	n/a	n/a	n/a	n/a	n/a	n/a	n/a	n/a	n/a	n/a	n/a	n/a	1253.102388	n/a
1253.668939	1.535100	250734	scene_recognition	n/a	n/a	n/a	71.0	n/a	n/a	n/a	1253.10238775	n/a	1.3501103307498852	2	1	3	NB_13_frameB.png	2	2	1256.5541495	1	35	n/a	n/a	intervals/recognition_table	34	1253.668939	1255.204039
1253.668939	0.000000	250734	ttl	1	71	n/a	n/a	n/a	n/a	n/a	n/a	n/a	n/a	n/a	n/a	n/a	n/a	n/a	n/a	n/a	n/a	n/a	n/a	n/a	n/a	n/a	1253.668939	n/a
1255.204039	0.000000	251041	ttl	2	71	n/a	n/a	n/a	n/a	n/a	n/a	n/a	n/a	n/a	n/a	n/a	n/a	n/a	n/a	n/a	n/a	n/a	n/a	n/a	n/a	n/a	1255.204039	n/a
1256.554149	0.000000	251311	ttl	4	71	n/a	n/a	n/a	n/a	n/a	n/a	n/a	n/a	n/a	n/a	n/a	n/a	n/a	n/a	n/a	n/a	n/a	n/a	n/a	n/a	n/a	1256.554149	n/a
1256.683134	0.000000	251337	ttl	11	71	n/a	n/a	n/a	n/a	n/a	n/a	n/a	n/a	n/a	n/a	n/a	n/a	n/a	n/a	n/a	n/a	n/a	n/a	n/a	n/a	n/a	1256.683134	n/a
1257.233025	1.534686	251447	scene_recognition	n/a	n/a	n/a	71.0	n/a	n/a	n/a	1256.68313425	n/a	1.35191526755807	2	1	2	NB_23_frameA_foil.png	1	6	1260.1196264999999	0	36	n/a	n/a	intervals/recognition_table	35	1257.233025	1258.767711
1257.233025	0.000000	251447	ttl	1	71	n/a	n/a	n/a	n/a	n/a	n/a	n/a	n/a	n/a	n/a	n/a	n/a	n/a	n/a	n/a	n/a	n/a	n/a	n/a	n/a	n/a	1257.233025	n/a
1258.767711	0.000000	251754	ttl	2	71	n/a	n/a	n/a	n/a	n/a	n/a	n/a	n/a	n/a	n/a	n/a	n/a	n/a	n/a	n/a	n/a	n/a	n/a	n/a	n/a	n/a	1258.767711	n/a
1260.119626	0.000000	252024	ttl	4	71	n/a	n/a	n/a	n/a	n/a	n/a	n/a	n/a	n/a	n/a	n/a	n/a	n/a	n/a	n/a	n/a	n/a	n/a	n/a	n/a	n/a	1260.119626	n/a
1260.133610	0.000000	252027	ttl	11	71	n/a	n/a	n/a	n/a	n/a	n/a	n/a	n/a	n/a	n/a	n/a	n/a	n/a	n/a	n/a	n/a	n/a	n/a	n/a	n/a	n/a	1260.133610	n/a
1260.683493	1.534674	252137	scene_recognition	n/a	n/a	n/a	71.0	n/a	n/a	n/a	1260.13361025	n/a	1.8114157441450516	2	2	3	SB_2_frameB.png	2	2	1264.0295832499999	1	37	n/a	n/a	intervals/recognition_table	36	1260.683493	1262.218167
1260.683493	0.000000	252137	ttl	1	71	n/a	n/a	n/a	n/a	n/a	n/a	n/a	n/a	n/a	n/a	n/a	n/a	n/a	n/a	n/a	n/a	n/a	n/a	n/a	n/a	n/a	1260.683493	n/a
1262.218167	0.000000	252444	ttl	2	71	n/a	n/a	n/a	n/a	n/a	n/a	n/a	n/a	n/a	n/a	n/a	n/a	n/a	n/a	n/a	n/a	n/a	n/a	n/a	n/a	n/a	1262.218167	n/a
1264.029583	0.000000	252806	ttl	4	71	n/a	n/a	n/a	n/a	n/a	n/a	n/a	n/a	n/a	n/a	n/a	n/a	n/a	n/a	n/a	n/a	n/a	n/a	n/a	n/a	n/a	1264.029583	n/a
1264.182476	0.000000	252836	ttl	11	71	n/a	n/a	n/a	n/a	n/a	n/a	n/a	n/a	n/a	n/a	n/a	n/a	n/a	n/a	n/a	n/a	n/a	n/a	n/a	n/a	n/a	1264.182476	n/a
1264.749040	1.534949	252950	scene_recognition	n/a	n/a	n/a	71.0	n/a	n/a	n/a	1264.1824755	n/a	1.3533717676909873	2	1	3	NB_4_frameB_foil.png	1	7	1267.63736025	0	38	n/a	n/a	intervals/recognition_table	37	1264.749040	1266.283988
1264.749040	0.000000	252950	ttl	1	71	n/a	n/a	n/a	n/a	n/a	n/a	n/a	n/a	n/a	n/a	n/a	n/a	n/a	n/a	n/a	n/a	n/a	n/a	n/a	n/a	n/a	1264.749040	n/a
1266.283988	0.000000	253257	ttl	2	71	n/a	n/a	n/a	n/a	n/a	n/a	n/a	n/a	n/a	n/a	n/a	n/a	n/a	n/a	n/a	n/a	n/a	n/a	n/a	n/a	n/a	1266.283988	n/a
1267.637360	0.000000	253527	ttl	4	71	n/a	n/a	n/a	n/a	n/a	n/a	n/a	n/a	n/a	n/a	n/a	n/a	n/a	n/a	n/a	n/a	n/a	n/a	n/a	n/a	n/a	1267.637360	n/a
1267.651068	0.000000	253530	ttl	11	71	n/a	n/a	n/a	n/a	n/a	n/a	n/a	n/a	n/a	n/a	n/a	n/a	n/a	n/a	n/a	n/a	n/a	n/a	n/a	n/a	n/a	1267.651068	n/a
1268.167629	1.534844	253634	scene_recognition	n/a	n/a	n/a	71.0	n/a	n/a	n/a	1267.651068	n/a	0.8457572273327969	2	3	3	HB_2_frameB_foil.png	1	7	1270.548231	0	39	n/a	n/a	intervals/recognition_table	38	1268.167629	1269.702474
1268.167629	0.000000	253634	ttl	1	71	n/a	n/a	n/a	n/a	n/a	n/a	n/a	n/a	n/a	n/a	n/a	n/a	n/a	n/a	n/a	n/a	n/a	n/a	n/a	n/a	n/a	1268.167629	n/a
1269.702474	0.000000	253940	ttl	2	71	n/a	n/a	n/a	n/a	n/a	n/a	n/a	n/a	n/a	n/a	n/a	n/a	n/a	n/a	n/a	n/a	n/a	n/a	n/a	n/a	n/a	1269.702474	n/a
1270.548231	0.000000	254110	ttl	4	71	n/a	n/a	n/a	n/a	n/a	n/a	n/a	n/a	n/a	n/a	n/a	n/a	n/a	n/a	n/a	n/a	n/a	n/a	n/a	n/a	n/a	1270.548231	n/a
1270.616390	0.000000	254123	ttl	11	71	n/a	n/a	n/a	n/a	n/a	n/a	n/a	n/a	n/a	n/a	n/a	n/a	n/a	n/a	n/a	n/a	n/a	n/a	n/a	n/a	n/a	1270.616390	n/a
1271.066308	1.534536	254213	scene_recognition	n/a	n/a	n/a	71.0	n/a	n/a	n/a	1270.61638975	n/a	0.5078392907889793	2	3	3	HB_3_frameA.png	2	2	1273.10868325	1	40	n/a	n/a	intervals/recognition_table	39	1271.066308	1272.600844
1271.066308	0.000000	254213	ttl	1	71	n/a	n/a	n/a	n/a	n/a	n/a	n/a	n/a	n/a	n/a	n/a	n/a	n/a	n/a	n/a	n/a	n/a	n/a	n/a	n/a	n/a	1271.066308	n/a
1272.600844	0.000000	254520	ttl	2	71	n/a	n/a	n/a	n/a	n/a	n/a	n/a	n/a	n/a	n/a	n/a	n/a	n/a	n/a	n/a	n/a	n/a	n/a	n/a	n/a	n/a	1272.600844	n/a
1273.108683	0.000000	254622	ttl	4	71	n/a	n/a	n/a	n/a	n/a	n/a	n/a	n/a	n/a	n/a	n/a	n/a	n/a	n/a	n/a	n/a	n/a	n/a	n/a	n/a	n/a	1273.108683	n/a
1273.123245	0.000000	254625	ttl	11	71	n/a	n/a	n/a	n/a	n/a	n/a	n/a	n/a	n/a	n/a	n/a	n/a	n/a	n/a	n/a	n/a	n/a	n/a	n/a	n/a	n/a	1273.123245	n/a
1273.656479	1.534294	254731	scene_recognition	n/a	n/a	n/a	71.0	n/a	n/a	n/a	1273.1232455	n/a	1.4408589431259315	2	2	3	SB_1_frameB_foil.png	1	7	1276.63163125	0	41	n/a	n/a	intervals/recognition_table	40	1273.656479	1275.190772
1273.656479	0.000000	254731	ttl	1	71	n/a	n/a	n/a	n/a	n/a	n/a	n/a	n/a	n/a	n/a	n/a	n/a	n/a	n/a	n/a	n/a	n/a	n/a	n/a	n/a	n/a	1273.656479	n/a
1275.190772	0.000000	255038	ttl	2	71	n/a	n/a	n/a	n/a	n/a	n/a	n/a	n/a	n/a	n/a	n/a	n/a	n/a	n/a	n/a	n/a	n/a	n/a	n/a	n/a	n/a	1275.190772	n/a
1276.631631	0.000000	255326	ttl	4	71	n/a	n/a	n/a	n/a	n/a	n/a	n/a	n/a	n/a	n/a	n/a	n/a	n/a	n/a	n/a	n/a	n/a	n/a	n/a	n/a	n/a	1276.631631	n/a
1276.700428	0.000000	255340	ttl	11	71	n/a	n/a	n/a	n/a	n/a	n/a	n/a	n/a	n/a	n/a	n/a	n/a	n/a	n/a	n/a	n/a	n/a	n/a	n/a	n/a	n/a	1276.700428	n/a
1277.233667	1.533680	255447	scene_recognition	n/a	n/a	n/a	71.0	n/a	n/a	n/a	1276.7004279999999	n/a	1.3545045775390463	2	1	3	NB_25_frameA_foil.png	1	7	1280.1218522499998	0	42	n/a	n/a	intervals/recognition_table	41	1277.233667	1278.767348
1277.233667	0.000000	255447	ttl	1	71	n/a	n/a	n/a	n/a	n/a	n/a	n/a	n/a	n/a	n/a	n/a	n/a	n/a	n/a	n/a	n/a	n/a	n/a	n/a	n/a	n/a	1277.233667	n/a
1278.767348	0.000000	255753	ttl	2	71	n/a	n/a	n/a	n/a	n/a	n/a	n/a	n/a	n/a	n/a	n/a	n/a	n/a	n/a	n/a	n/a	n/a	n/a	n/a	n/a	n/a	1278.767348	n/a
1280.121852	0.000000	256024	ttl	4	71	n/a	n/a	n/a	n/a	n/a	n/a	n/a	n/a	n/a	n/a	n/a	n/a	n/a	n/a	n/a	n/a	n/a	n/a	n/a	n/a	n/a	1280.121852	n/a
1280.136994	0.000000	256027	ttl	11	71	n/a	n/a	n/a	n/a	n/a	n/a	n/a	n/a	n/a	n/a	n/a	n/a	n/a	n/a	n/a	n/a	n/a	n/a	n/a	n/a	n/a	1280.136994	n/a
1280.720221	1.534979	256144	scene_recognition	n/a	n/a	n/a	71.0	n/a	n/a	n/a	1280.13699425	n/a	0.997713326025405	2	2	3	SB_5_frameB.png	2	2	1283.252913	1	43	n/a	n/a	intervals/recognition_table	42	1280.720221	1282.255200
1280.720221	0.000000	256144	ttl	1	71	n/a	n/a	n/a	n/a	n/a	n/a	n/a	n/a	n/a	n/a	n/a	n/a	n/a	n/a	n/a	n/a	n/a	n/a	n/a	n/a	n/a	1280.720221	n/a
1282.255200	0.000000	256451	ttl	2	71	n/a	n/a	n/a	n/a	n/a	n/a	n/a	n/a	n/a	n/a	n/a	n/a	n/a	n/a	n/a	n/a	n/a	n/a	n/a	n/a	n/a	1282.255200	n/a
1283.252913	0.000000	256651	ttl	4	71	n/a	n/a	n/a	n/a	n/a	n/a	n/a	n/a	n/a	n/a	n/a	n/a	n/a	n/a	n/a	n/a	n/a	n/a	n/a	n/a	n/a	1283.252913	n/a
1283.266659	0.000000	256653	ttl	11	71	n/a	n/a	n/a	n/a	n/a	n/a	n/a	n/a	n/a	n/a	n/a	n/a	n/a	n/a	n/a	n/a	n/a	n/a	n/a	n/a	n/a	1283.266659	n/a
1283.766556	1.534032	256753	scene_recognition	n/a	n/a	n/a	71.0	n/a	n/a	n/a	1283.26665875	n/a	1.198844998900313	2	3	2	HB_8_frameB.png	2	3	1286.49943325	1	44	n/a	n/a	intervals/recognition_table	43	1283.766556	1285.300588
1283.766556	0.000000	256753	ttl	1	71	n/a	n/a	n/a	n/a	n/a	n/a	n/a	n/a	n/a	n/a	n/a	n/a	n/a	n/a	n/a	n/a	n/a	n/a	n/a	n/a	n/a	1283.766556	n/a
1285.300588	0.000000	257060	ttl	2	71	n/a	n/a	n/a	n/a	n/a	n/a	n/a	n/a	n/a	n/a	n/a	n/a	n/a	n/a	n/a	n/a	n/a	n/a	n/a	n/a	n/a	1285.300588	n/a
1286.499433	0.000000	257300	ttl	4	71	n/a	n/a	n/a	n/a	n/a	n/a	n/a	n/a	n/a	n/a	n/a	n/a	n/a	n/a	n/a	n/a	n/a	n/a	n/a	n/a	n/a	1286.499433	n/a
1286.554826	0.000000	257311	ttl	11	71	n/a	n/a	n/a	n/a	n/a	n/a	n/a	n/a	n/a	n/a	n/a	n/a	n/a	n/a	n/a	n/a	n/a	n/a	n/a	n/a	n/a	1286.554826	n/a
1287.038090	1.534175	257408	scene_recognition	n/a	n/a	n/a	71.0	n/a	n/a	n/a	1286.5548265	n/a	1.6410263402358396	2	3	3	HB_5_frameA.png	2	2	1290.21329075	1	45	n/a	n/a	intervals/recognition_table	44	1287.038090	1288.572264
1287.038090	0.000000	257408	ttl	1	71	n/a	n/a	n/a	n/a	n/a	n/a	n/a	n/a	n/a	n/a	n/a	n/a	n/a	n/a	n/a	n/a	n/a	n/a	n/a	n/a	n/a	1287.038090	n/a
1288.572264	0.000000	257714	ttl	2	71	n/a	n/a	n/a	n/a	n/a	n/a	n/a	n/a	n/a	n/a	n/a	n/a	n/a	n/a	n/a	n/a	n/a	n/a	n/a	n/a	n/a	1288.572264	n/a
1290.213291	0.000000	258043	ttl	4	71	n/a	n/a	n/a	n/a	n/a	n/a	n/a	n/a	n/a	n/a	n/a	n/a	n/a	n/a	n/a	n/a	n/a	n/a	n/a	n/a	n/a	1290.213291	n/a
1290.227840	0.000000	258046	ttl	11	71	n/a	n/a	n/a	n/a	n/a	n/a	n/a	n/a	n/a	n/a	n/a	n/a	n/a	n/a	n/a	n/a	n/a	n/a	n/a	n/a	n/a	1290.227840	n/a
1290.777727	1.533663	258156	scene_recognition	n/a	n/a	n/a	71.0	n/a	n/a	n/a	1290.22784	n/a	1.8573278027033666	2	3	2	HB_9_frameA.png	2	3	1294.16871775	1	46	n/a	n/a	intervals/recognition_table	45	1290.777727	1292.311390
1290.777727	0.000000	258156	ttl	1	71	n/a	n/a	n/a	n/a	n/a	n/a	n/a	n/a	n/a	n/a	n/a	n/a	n/a	n/a	n/a	n/a	n/a	n/a	n/a	n/a	n/a	1290.777727	n/a
1292.311390	0.000000	258462	ttl	2	71	n/a	n/a	n/a	n/a	n/a	n/a	n/a	n/a	n/a	n/a	n/a	n/a	n/a	n/a	n/a	n/a	n/a	n/a	n/a	n/a	n/a	1292.311390	n/a
1294.168718	0.000000	258834	ttl	4	71	n/a	n/a	n/a	n/a	n/a	n/a	n/a	n/a	n/a	n/a	n/a	n/a	n/a	n/a	n/a	n/a	n/a	n/a	n/a	n/a	n/a	1294.168718	n/a
1294.224156	0.000000	258845	ttl	11	71	n/a	n/a	n/a	n/a	n/a	n/a	n/a	n/a	n/a	n/a	n/a	n/a	n/a	n/a	n/a	n/a	n/a	n/a	n/a	n/a	n/a	1294.224156	n/a
1294.774041	1.533711	258955	scene_recognition	n/a	n/a	n/a	71.0	n/a	n/a	n/a	1294.2241555	n/a	0.956352597771911	2	2	2	SB_4_frameB.png	2	3	1297.2641052499998	1	47	n/a	n/a	intervals/recognition_table	46	1294.774041	1296.307752
1294.774041	0.000000	258955	ttl	1	71	n/a	n/a	n/a	n/a	n/a	n/a	n/a	n/a	n/a	n/a	n/a	n/a	n/a	n/a	n/a	n/a	n/a	n/a	n/a	n/a	n/a	1294.774041	n/a
1296.307752	0.000000	259262	ttl	2	71	n/a	n/a	n/a	n/a	n/a	n/a	n/a	n/a	n/a	n/a	n/a	n/a	n/a	n/a	n/a	n/a	n/a	n/a	n/a	n/a	n/a	1296.307752	n/a
1297.264105	0.000000	259453	ttl	4	71	n/a	n/a	n/a	n/a	n/a	n/a	n/a	n/a	n/a	n/a	n/a	n/a	n/a	n/a	n/a	n/a	n/a	n/a	n/a	n/a	n/a	1297.264105	n/a
1297.328417	0.000000	259466	ttl	11	71	n/a	n/a	n/a	n/a	n/a	n/a	n/a	n/a	n/a	n/a	n/a	n/a	n/a	n/a	n/a	n/a	n/a	n/a	n/a	n/a	n/a	1297.328417	n/a
1297.861636	1.534312	259572	scene_recognition	n/a	n/a	n/a	71.0	n/a	n/a	n/a	1297.32841725	n/a	1.353124297253089	2	1	3	NB_22_frameB_foil.png	1	7	1300.7490719999998	0	48	n/a	n/a	intervals/recognition_table	47	1297.861636	1299.395948
1297.861636	0.000000	259572	ttl	1	71	n/a	n/a	n/a	n/a	n/a	n/a	n/a	n/a	n/a	n/a	n/a	n/a	n/a	n/a	n/a	n/a	n/a	n/a	n/a	n/a	n/a	1297.861636	n/a
1299.395948	0.000000	259879	ttl	2	71	n/a	n/a	n/a	n/a	n/a	n/a	n/a	n/a	n/a	n/a	n/a	n/a	n/a	n/a	n/a	n/a	n/a	n/a	n/a	n/a	n/a	1299.395948	n/a
1300.749072	0.000000	260150	ttl	4	71	n/a	n/a	n/a	n/a	n/a	n/a	n/a	n/a	n/a	n/a	n/a	n/a	n/a	n/a	n/a	n/a	n/a	n/a	n/a	n/a	n/a	1300.749072	n/a
1300.804776	0.000000	260161	ttl	11	71	n/a	n/a	n/a	n/a	n/a	n/a	n/a	n/a	n/a	n/a	n/a	n/a	n/a	n/a	n/a	n/a	n/a	n/a	n/a	n/a	n/a	1300.804776	n/a
1301.271292	1.533895	260254	scene_recognition	n/a	n/a	n/a	71.0	n/a	n/a	n/a	1300.8047765	n/a	1.0564852307434194	2	2	2	SB_2_frameB.png	2	3	1303.8616729999999	1	49	n/a	n/a	intervals/recognition_table	48	1301.271292	1302.805188
1301.271292	0.000000	260254	ttl	1	71	n/a	n/a	n/a	n/a	n/a	n/a	n/a	n/a	n/a	n/a	n/a	n/a	n/a	n/a	n/a	n/a	n/a	n/a	n/a	n/a	n/a	1301.271292	n/a
1302.805188	0.000000	260561	ttl	2	71	n/a	n/a	n/a	n/a	n/a	n/a	n/a	n/a	n/a	n/a	n/a	n/a	n/a	n/a	n/a	n/a	n/a	n/a	n/a	n/a	n/a	1302.805188	n/a
1303.861673	0.000000	260772	ttl	4	71	n/a	n/a	n/a	n/a	n/a	n/a	n/a	n/a	n/a	n/a	n/a	n/a	n/a	n/a	n/a	n/a	n/a	n/a	n/a	n/a	n/a	1303.861673	n/a
1303.922928	0.000000	260785	ttl	11	71	n/a	n/a	n/a	n/a	n/a	n/a	n/a	n/a	n/a	n/a	n/a	n/a	n/a	n/a	n/a	n/a	n/a	n/a	n/a	n/a	n/a	1303.922928	n/a
1304.456121	1.533648	260891	scene_recognition	n/a	n/a	n/a	71.0	n/a	n/a	n/a	1303.9229275	n/a	1.9618132770701777	2	3	2	HB_8_frameA_foil.png	1	6	1307.95158225	0	50	n/a	n/a	intervals/recognition_table	49	1304.456121	1305.989769
1304.456121	0.000000	260891	ttl	1	71	n/a	n/a	n/a	n/a	n/a	n/a	n/a	n/a	n/a	n/a	n/a	n/a	n/a	n/a	n/a	n/a	n/a	n/a	n/a	n/a	n/a	1304.456121	n/a
1305.989769	0.000000	261198	ttl	2	71	n/a	n/a	n/a	n/a	n/a	n/a	n/a	n/a	n/a	n/a	n/a	n/a	n/a	n/a	n/a	n/a	n/a	n/a	n/a	n/a	n/a	1305.989769	n/a
1307.951582	0.000000	261590	ttl	4	71	n/a	n/a	n/a	n/a	n/a	n/a	n/a	n/a	n/a	n/a	n/a	n/a	n/a	n/a	n/a	n/a	n/a	n/a	n/a	n/a	n/a	1307.951582	n/a
1307.966606	0.000000	261593	ttl	11	71	n/a	n/a	n/a	n/a	n/a	n/a	n/a	n/a	n/a	n/a	n/a	n/a	n/a	n/a	n/a	n/a	n/a	n/a	n/a	n/a	n/a	1307.966606	n/a
1308.466516	1.533590	261693	scene_recognition	n/a	n/a	n/a	71.0	n/a	n/a	n/a	1307.9666065	n/a	1.3532038170960732	2	1	3	NB_30_frameA.png	2	2	1311.35330925	1	51	n/a	n/a	intervals/recognition_table	50	1308.466516	1310.000106
1308.466516	0.000000	261693	ttl	1	71	n/a	n/a	n/a	n/a	n/a	n/a	n/a	n/a	n/a	n/a	n/a	n/a	n/a	n/a	n/a	n/a	n/a	n/a	n/a	n/a	n/a	1308.466516	n/a
1310.000106	0.000000	262000	ttl	2	71	n/a	n/a	n/a	n/a	n/a	n/a	n/a	n/a	n/a	n/a	n/a	n/a	n/a	n/a	n/a	n/a	n/a	n/a	n/a	n/a	n/a	1310.000106	n/a
1311.353309	0.000000	262271	ttl	4	71	n/a	n/a	n/a	n/a	n/a	n/a	n/a	n/a	n/a	n/a	n/a	n/a	n/a	n/a	n/a	n/a	n/a	n/a	n/a	n/a	n/a	1311.353309	n/a
1311.410181	0.000000	262282	ttl	11	71	n/a	n/a	n/a	n/a	n/a	n/a	n/a	n/a	n/a	n/a	n/a	n/a	n/a	n/a	n/a	n/a	n/a	n/a	n/a	n/a	n/a	1311.410181	n/a
1311.893353	1.533784	262379	scene_recognition	n/a	n/a	n/a	71.0	n/a	n/a	n/a	1311.4101805	n/a	1.1243444624415133	1	3	1	HB_1_frameB_foil.png	2	4	1314.55148175	0	52	n/a	n/a	intervals/recognition_table	51	1311.893353	1313.427137
1311.893353	0.000000	262379	ttl	1	71	n/a	n/a	n/a	n/a	n/a	n/a	n/a	n/a	n/a	n/a	n/a	n/a	n/a	n/a	n/a	n/a	n/a	n/a	n/a	n/a	n/a	1311.893353	n/a
1313.427137	0.000000	262685	ttl	2	71	n/a	n/a	n/a	n/a	n/a	n/a	n/a	n/a	n/a	n/a	n/a	n/a	n/a	n/a	n/a	n/a	n/a	n/a	n/a	n/a	n/a	1313.427137	n/a
1314.551482	0.000000	262910	ttl	4	71	n/a	n/a	n/a	n/a	n/a	n/a	n/a	n/a	n/a	n/a	n/a	n/a	n/a	n/a	n/a	n/a	n/a	n/a	n/a	n/a	n/a	1314.551482	n/a
1314.603423	0.000000	262921	ttl	11	71	n/a	n/a	n/a	n/a	n/a	n/a	n/a	n/a	n/a	n/a	n/a	n/a	n/a	n/a	n/a	n/a	n/a	n/a	n/a	n/a	n/a	1314.603423	n/a
1315.069999	1.534083	263014	scene_recognition	n/a	n/a	n/a	71.0	n/a	n/a	n/a	1314.6034235	n/a	1.1106069092347752	2	2	3	SB_8_frameA_foil.png	1	7	1317.7146885	0	53	n/a	n/a	intervals/recognition_table	52	1315.069999	1316.604082
1315.069999	0.000000	263014	ttl	1	71	n/a	n/a	n/a	n/a	n/a	n/a	n/a	n/a	n/a	n/a	n/a	n/a	n/a	n/a	n/a	n/a	n/a	n/a	n/a	n/a	n/a	1315.069999	n/a
1316.604082	0.000000	263321	ttl	2	71	n/a	n/a	n/a	n/a	n/a	n/a	n/a	n/a	n/a	n/a	n/a	n/a	n/a	n/a	n/a	n/a	n/a	n/a	n/a	n/a	n/a	1316.604082	n/a
1317.714688	0.000000	263543	ttl	4	71	n/a	n/a	n/a	n/a	n/a	n/a	n/a	n/a	n/a	n/a	n/a	n/a	n/a	n/a	n/a	n/a	n/a	n/a	n/a	n/a	n/a	1317.714688	n/a
1317.765035	0.000000	263553	ttl	11	71	n/a	n/a	n/a	n/a	n/a	n/a	n/a	n/a	n/a	n/a	n/a	n/a	n/a	n/a	n/a	n/a	n/a	n/a	n/a	n/a	n/a	1317.765035	n/a
1318.281589	1.533848	263656	scene_recognition	n/a	n/a	n/a	71.0	n/a	n/a	n/a	1317.7650354999998	n/a	0.822488789955969	2	3	2	HB_5_frameA.png	2	3	1320.63792625	1	54	n/a	n/a	intervals/recognition_table	53	1318.281589	1319.815437
1318.281589	0.000000	263656	ttl	1	71	n/a	n/a	n/a	n/a	n/a	n/a	n/a	n/a	n/a	n/a	n/a	n/a	n/a	n/a	n/a	n/a	n/a	n/a	n/a	n/a	n/a	1318.281589	n/a
1319.815437	0.000000	263963	ttl	2	71	n/a	n/a	n/a	n/a	n/a	n/a	n/a	n/a	n/a	n/a	n/a	n/a	n/a	n/a	n/a	n/a	n/a	n/a	n/a	n/a	n/a	1319.815437	n/a
1320.637926	0.000000	264128	ttl	4	71	n/a	n/a	n/a	n/a	n/a	n/a	n/a	n/a	n/a	n/a	n/a	n/a	n/a	n/a	n/a	n/a	n/a	n/a	n/a	n/a	n/a	1320.637926	n/a
1320.652935	0.000000	264131	ttl	11	71	n/a	n/a	n/a	n/a	n/a	n/a	n/a	n/a	n/a	n/a	n/a	n/a	n/a	n/a	n/a	n/a	n/a	n/a	n/a	n/a	n/a	1320.652935	n/a
1321.186161	1.534873	264237	scene_recognition	n/a	n/a	n/a	71.0	n/a	n/a	n/a	1320.65293475	n/a	1.3523254321189597	2	1	3	NB_29_frameA_foil.png	1	7	1324.0733592499998	0	55	n/a	n/a	intervals/recognition_table	54	1321.186161	1322.721034
1321.186161	0.000000	264237	ttl	1	71	n/a	n/a	n/a	n/a	n/a	n/a	n/a	n/a	n/a	n/a	n/a	n/a	n/a	n/a	n/a	n/a	n/a	n/a	n/a	n/a	n/a	1321.186161	n/a
1322.721034	0.000000	264544	ttl	2	71	n/a	n/a	n/a	n/a	n/a	n/a	n/a	n/a	n/a	n/a	n/a	n/a	n/a	n/a	n/a	n/a	n/a	n/a	n/a	n/a	n/a	1322.721034	n/a
1324.073359	0.000000	264815	ttl	4	71	n/a	n/a	n/a	n/a	n/a	n/a	n/a	n/a	n/a	n/a	n/a	n/a	n/a	n/a	n/a	n/a	n/a	n/a	n/a	n/a	n/a	1324.073359	n/a
1324.200010	0.000000	264840	ttl	11	71	n/a	n/a	n/a	n/a	n/a	n/a	n/a	n/a	n/a	n/a	n/a	n/a	n/a	n/a	n/a	n/a	n/a	n/a	n/a	n/a	n/a	1324.200010	n/a
1324.733231	1.551734	264947	scene_recognition	n/a	n/a	n/a	71.0	n/a	n/a	n/a	1324.20000975	n/a	1.3532949572545476	2	1	3	NB_12_frameA.png	2	2	1327.6382605	1	56	n/a	n/a	intervals/recognition_table	55	1324.733231	1326.284966
1324.733231	0.000000	264947	ttl	1	71	n/a	n/a	n/a	n/a	n/a	n/a	n/a	n/a	n/a	n/a	n/a	n/a	n/a	n/a	n/a	n/a	n/a	n/a	n/a	n/a	n/a	1324.733231	n/a
1326.284966	0.000000	265257	ttl	2	71	n/a	n/a	n/a	n/a	n/a	n/a	n/a	n/a	n/a	n/a	n/a	n/a	n/a	n/a	n/a	n/a	n/a	n/a	n/a	n/a	n/a	1326.284966	n/a
1327.638260	0.000000	265528	ttl	4	71	n/a	n/a	n/a	n/a	n/a	n/a	n/a	n/a	n/a	n/a	n/a	n/a	n/a	n/a	n/a	n/a	n/a	n/a	n/a	n/a	n/a	1327.638260	n/a
1327.786075	0.000000	265557	ttl	11	71	n/a	n/a	n/a	n/a	n/a	n/a	n/a	n/a	n/a	n/a	n/a	n/a	n/a	n/a	n/a	n/a	n/a	n/a	n/a	n/a	n/a	1327.786075	n/a
1328.335962	1.533953	265667	scene_recognition	n/a	n/a	n/a	71.0	n/a	n/a	n/a	1327.7860755	n/a	1.3537619212002028	2	1	2	NB_21_frameA_foil.png	1	6	1331.223677	0	57	n/a	n/a	intervals/recognition_table	56	1328.335962	1329.869915
1328.335962	0.000000	265667	ttl	1	71	n/a	n/a	n/a	n/a	n/a	n/a	n/a	n/a	n/a	n/a	n/a	n/a	n/a	n/a	n/a	n/a	n/a	n/a	n/a	n/a	n/a	1328.335962	n/a
1329.869915	0.000000	265974	ttl	2	71	n/a	n/a	n/a	n/a	n/a	n/a	n/a	n/a	n/a	n/a	n/a	n/a	n/a	n/a	n/a	n/a	n/a	n/a	n/a	n/a	n/a	1329.869915	n/a
1331.223677	0.000000	266245	ttl	4	71	n/a	n/a	n/a	n/a	n/a	n/a	n/a	n/a	n/a	n/a	n/a	n/a	n/a	n/a	n/a	n/a	n/a	n/a	n/a	n/a	n/a	1331.223677	n/a
1331.282047	0.000000	266256	ttl	11	71	n/a	n/a	n/a	n/a	n/a	n/a	n/a	n/a	n/a	n/a	n/a	n/a	n/a	n/a	n/a	n/a	n/a	n/a	n/a	n/a	n/a	1331.282047	n/a
1331.831949	1.533963	266366	scene_recognition	n/a	n/a	n/a	71.0	n/a	n/a	n/a	1331.2820474999999	n/a	2.897111147380201	1	3	1	HB_9_frameA_foil.png	2	4	1336.26302275	0	58	n/a	n/a	intervals/recognition_table	57	1331.831949	1333.365912
1331.831949	0.000000	266366	ttl	1	71	n/a	n/a	n/a	n/a	n/a	n/a	n/a	n/a	n/a	n/a	n/a	n/a	n/a	n/a	n/a	n/a	n/a	n/a	n/a	n/a	n/a	1331.831949	n/a
1333.365912	0.000000	266673	ttl	2	71	n/a	n/a	n/a	n/a	n/a	n/a	n/a	n/a	n/a	n/a	n/a	n/a	n/a	n/a	n/a	n/a	n/a	n/a	n/a	n/a	n/a	1333.365912	n/a
1336.263023	0.000000	267253	ttl	4	71	n/a	n/a	n/a	n/a	n/a	n/a	n/a	n/a	n/a	n/a	n/a	n/a	n/a	n/a	n/a	n/a	n/a	n/a	n/a	n/a	n/a	1336.263023	n/a
1336.277919	0.000000	267256	ttl	11	71	n/a	n/a	n/a	n/a	n/a	n/a	n/a	n/a	n/a	n/a	n/a	n/a	n/a	n/a	n/a	n/a	n/a	n/a	n/a	n/a	n/a	1336.277919	n/a
1336.761141	1.534195	267352	scene_recognition	n/a	n/a	n/a	71.0	n/a	n/a	n/a	1336.27791925	n/a	1.3517313297634246	2	1	2	NB_5_frameB.png	2	3	1339.64706725	1	59	n/a	n/a	intervals/recognition_table	58	1336.761141	1338.295336
1336.761141	0.000000	267352	ttl	1	71	n/a	n/a	n/a	n/a	n/a	n/a	n/a	n/a	n/a	n/a	n/a	n/a	n/a	n/a	n/a	n/a	n/a	n/a	n/a	n/a	n/a	1336.761141	n/a
1338.295336	0.000000	267659	ttl	2	71	n/a	n/a	n/a	n/a	n/a	n/a	n/a	n/a	n/a	n/a	n/a	n/a	n/a	n/a	n/a	n/a	n/a	n/a	n/a	n/a	n/a	1338.295336	n/a
1339.647067	0.000000	267929	ttl	4	71	n/a	n/a	n/a	n/a	n/a	n/a	n/a	n/a	n/a	n/a	n/a	n/a	n/a	n/a	n/a	n/a	n/a	n/a	n/a	n/a	n/a	1339.647067	n/a
1339.698385	0.000000	267940	ttl	11	71	n/a	n/a	n/a	n/a	n/a	n/a	n/a	n/a	n/a	n/a	n/a	n/a	n/a	n/a	n/a	n/a	n/a	n/a	n/a	n/a	n/a	1339.698385	n/a
1340.198273	1.534719	268040	scene_recognition	n/a	n/a	n/a	71.0	n/a	n/a	n/a	1339.698385	n/a	1.354479560162872	2	1	3	NB_5_frameA_foil.png	1	7	1343.0874715	0	60	n/a	n/a	intervals/recognition_table	59	1340.198273	1341.732992
1340.198273	0.000000	268040	ttl	1	71	n/a	n/a	n/a	n/a	n/a	n/a	n/a	n/a	n/a	n/a	n/a	n/a	n/a	n/a	n/a	n/a	n/a	n/a	n/a	n/a	n/a	1340.198273	n/a
1341.732992	0.000000	268347	ttl	2	71	n/a	n/a	n/a	n/a	n/a	n/a	n/a	n/a	n/a	n/a	n/a	n/a	n/a	n/a	n/a	n/a	n/a	n/a	n/a	n/a	n/a	1341.732992	n/a
1343.087471	0.000000	268617	ttl	4	71	n/a	n/a	n/a	n/a	n/a	n/a	n/a	n/a	n/a	n/a	n/a	n/a	n/a	n/a	n/a	n/a	n/a	n/a	n/a	n/a	n/a	1343.087471	n/a
1343.190468	0.000000	268638	ttl	11	71	n/a	n/a	n/a	n/a	n/a	n/a	n/a	n/a	n/a	n/a	n/a	n/a	n/a	n/a	n/a	n/a	n/a	n/a	n/a	n/a	n/a	1343.190468	n/a
1343.773674	1.535202	268755	scene_recognition	n/a	n/a	n/a	71.0	n/a	n/a	n/a	1343.1904685	n/a	1.3506650154449744	2	1	2	NB_8_frameA.png	2	3	1346.65954075	1	61	n/a	n/a	intervals/recognition_table	60	1343.773674	1345.308876
1343.773674	0.000000	268755	ttl	1	71	n/a	n/a	n/a	n/a	n/a	n/a	n/a	n/a	n/a	n/a	n/a	n/a	n/a	n/a	n/a	n/a	n/a	n/a	n/a	n/a	n/a	1343.773674	n/a
1345.308876	0.000000	269062	ttl	2	71	n/a	n/a	n/a	n/a	n/a	n/a	n/a	n/a	n/a	n/a	n/a	n/a	n/a	n/a	n/a	n/a	n/a	n/a	n/a	n/a	n/a	1345.308876	n/a
1346.659541	0.000000	269332	ttl	4	71	n/a	n/a	n/a	n/a	n/a	n/a	n/a	n/a	n/a	n/a	n/a	n/a	n/a	n/a	n/a	n/a	n/a	n/a	n/a	n/a	n/a	1346.659541	n/a
1346.738337	0.000000	269348	ttl	11	71	n/a	n/a	n/a	n/a	n/a	n/a	n/a	n/a	n/a	n/a	n/a	n/a	n/a	n/a	n/a	n/a	n/a	n/a	n/a	n/a	n/a	1346.738337	n/a
1347.204920	1.534784	269441	scene_recognition	n/a	n/a	n/a	71.0	n/a	n/a	n/a	1346.738337	n/a	1.4190105702728033	2	2	3	SB_6_frameA.png	2	2	1350.15871475	1	62	n/a	n/a	intervals/recognition_table	61	1347.204920	1348.739704
1347.204920	0.000000	269441	ttl	1	71	n/a	n/a	n/a	n/a	n/a	n/a	n/a	n/a	n/a	n/a	n/a	n/a	n/a	n/a	n/a	n/a	n/a	n/a	n/a	n/a	n/a	1347.204920	n/a
1348.739704	0.000000	269748	ttl	2	71	n/a	n/a	n/a	n/a	n/a	n/a	n/a	n/a	n/a	n/a	n/a	n/a	n/a	n/a	n/a	n/a	n/a	n/a	n/a	n/a	n/a	1348.739704	n/a
1350.158715	0.000000	270032	ttl	4	71	n/a	n/a	n/a	n/a	n/a	n/a	n/a	n/a	n/a	n/a	n/a	n/a	n/a	n/a	n/a	n/a	n/a	n/a	n/a	n/a	n/a	1350.158715	n/a
1350.216938	0.000000	270043	ttl	11	71	n/a	n/a	n/a	n/a	n/a	n/a	n/a	n/a	n/a	n/a	n/a	n/a	n/a	n/a	n/a	n/a	n/a	n/a	n/a	n/a	n/a	1350.216938	n/a
1350.733493	1.534340	270147	scene_recognition	n/a	n/a	n/a	71.0	n/a	n/a	n/a	1350.2169385	n/a	1.450500427163206	2	2	2	SB_5_frameA.png	2	3	1353.71833425	1	63	n/a	n/a	intervals/recognition_table	62	1350.733493	1352.267834
1350.733493	0.000000	270147	ttl	1	71	n/a	n/a	n/a	n/a	n/a	n/a	n/a	n/a	n/a	n/a	n/a	n/a	n/a	n/a	n/a	n/a	n/a	n/a	n/a	n/a	n/a	1350.733493	n/a
1352.267834	0.000000	270454	ttl	2	71	n/a	n/a	n/a	n/a	n/a	n/a	n/a	n/a	n/a	n/a	n/a	n/a	n/a	n/a	n/a	n/a	n/a	n/a	n/a	n/a	n/a	1352.267834	n/a
1353.718334	0.000000	270744	ttl	4	71	n/a	n/a	n/a	n/a	n/a	n/a	n/a	n/a	n/a	n/a	n/a	n/a	n/a	n/a	n/a	n/a	n/a	n/a	n/a	n/a	n/a	1353.718334	n/a
1353.761926	0.000000	270752	ttl	11	71	n/a	n/a	n/a	n/a	n/a	n/a	n/a	n/a	n/a	n/a	n/a	n/a	n/a	n/a	n/a	n/a	n/a	n/a	n/a	n/a	n/a	1353.761926	n/a
1354.261823	1.534700	270852	scene_recognition	n/a	n/a	n/a	71.0	n/a	n/a	n/a	1353.76192625	n/a	1.0354766776727047	2	3	2	HB_7_frameA_foil.png	1	6	1356.83199975	0	64	n/a	n/a	intervals/recognition_table	63	1354.261823	1355.796523
1354.261823	0.000000	270852	ttl	1	71	n/a	n/a	n/a	n/a	n/a	n/a	n/a	n/a	n/a	n/a	n/a	n/a	n/a	n/a	n/a	n/a	n/a	n/a	n/a	n/a	n/a	1354.261823	n/a
1355.796523	0.000000	271159	ttl	2	71	n/a	n/a	n/a	n/a	n/a	n/a	n/a	n/a	n/a	n/a	n/a	n/a	n/a	n/a	n/a	n/a	n/a	n/a	n/a	n/a	n/a	1355.796523	n/a
1356.832000	0.000000	271366	ttl	4	71	n/a	n/a	n/a	n/a	n/a	n/a	n/a	n/a	n/a	n/a	n/a	n/a	n/a	n/a	n/a	n/a	n/a	n/a	n/a	n/a	n/a	1356.832000	n/a
1356.931822	0.000000	271386	ttl	11	71	n/a	n/a	n/a	n/a	n/a	n/a	n/a	n/a	n/a	n/a	n/a	n/a	n/a	n/a	n/a	n/a	n/a	n/a	n/a	n/a	n/a	1356.931822	n/a
1357.465058	1.534701	271493	scene_recognition	n/a	n/a	n/a	71.0	n/a	n/a	n/a	1356.9318225	n/a	1.3529356043436565	2	1	2	NB_26_frameA.png	2	3	1360.3526944999999	1	65	n/a	n/a	intervals/recognition_table	64	1357.465058	1358.999759
1357.465058	0.000000	271493	ttl	1	71	n/a	n/a	n/a	n/a	n/a	n/a	n/a	n/a	n/a	n/a	n/a	n/a	n/a	n/a	n/a	n/a	n/a	n/a	n/a	n/a	n/a	1357.465058	n/a
1358.999759	0.000000	271800	ttl	2	71	n/a	n/a	n/a	n/a	n/a	n/a	n/a	n/a	n/a	n/a	n/a	n/a	n/a	n/a	n/a	n/a	n/a	n/a	n/a	n/a	n/a	1358.999759	n/a
1360.352694	0.000000	272071	ttl	4	71	n/a	n/a	n/a	n/a	n/a	n/a	n/a	n/a	n/a	n/a	n/a	n/a	n/a	n/a	n/a	n/a	n/a	n/a	n/a	n/a	n/a	1360.352694	n/a
1360.451155	0.000000	272090	ttl	11	71	n/a	n/a	n/a	n/a	n/a	n/a	n/a	n/a	n/a	n/a	n/a	n/a	n/a	n/a	n/a	n/a	n/a	n/a	n/a	n/a	n/a	1360.451155	n/a
1360.934380	1.534044	272187	scene_recognition	n/a	n/a	n/a	71.0	n/a	n/a	n/a	1360.4511545	n/a	1.2193806852737907	2	2	3	SB_2_frameA.png	2	2	1363.687804	1	66	n/a	n/a	intervals/recognition_table	65	1360.934380	1362.468423
1360.934380	0.000000	272187	ttl	1	71	n/a	n/a	n/a	n/a	n/a	n/a	n/a	n/a	n/a	n/a	n/a	n/a	n/a	n/a	n/a	n/a	n/a	n/a	n/a	n/a	n/a	1360.934380	n/a
1362.468423	0.000000	272494	ttl	2	71	n/a	n/a	n/a	n/a	n/a	n/a	n/a	n/a	n/a	n/a	n/a	n/a	n/a	n/a	n/a	n/a	n/a	n/a	n/a	n/a	n/a	1362.468423	n/a
1363.687804	0.000000	272738	ttl	4	71	n/a	n/a	n/a	n/a	n/a	n/a	n/a	n/a	n/a	n/a	n/a	n/a	n/a	n/a	n/a	n/a	n/a	n/a	n/a	n/a	n/a	1363.687804	n/a
1363.702551	0.000000	272741	ttl	11	71	n/a	n/a	n/a	n/a	n/a	n/a	n/a	n/a	n/a	n/a	n/a	n/a	n/a	n/a	n/a	n/a	n/a	n/a	n/a	n/a	n/a	1363.702551	n/a
1364.169131	1.534128	272834	scene_recognition	n/a	n/a	n/a	71.0	n/a	n/a	n/a	1363.7025509999999	n/a	1.3526748703443445	2	1	2	NB_10_frameB_foil.png	1	6	1367.0559342499998	0	67	n/a	n/a	intervals/recognition_table	66	1364.169131	1365.703259
1364.169131	0.000000	272834	ttl	1	71	n/a	n/a	n/a	n/a	n/a	n/a	n/a	n/a	n/a	n/a	n/a	n/a	n/a	n/a	n/a	n/a	n/a	n/a	n/a	n/a	n/a	1364.169131	n/a
1365.703259	0.000000	273141	ttl	2	71	n/a	n/a	n/a	n/a	n/a	n/a	n/a	n/a	n/a	n/a	n/a	n/a	n/a	n/a	n/a	n/a	n/a	n/a	n/a	n/a	n/a	1365.703259	n/a
1367.055934	0.000000	273411	ttl	4	71	n/a	n/a	n/a	n/a	n/a	n/a	n/a	n/a	n/a	n/a	n/a	n/a	n/a	n/a	n/a	n/a	n/a	n/a	n/a	n/a	n/a	1367.055934	n/a
1367.190102	0.000000	273438	ttl	11	71	n/a	n/a	n/a	n/a	n/a	n/a	n/a	n/a	n/a	n/a	n/a	n/a	n/a	n/a	n/a	n/a	n/a	n/a	n/a	n/a	n/a	1367.190102	n/a
1367.673348	1.533835	273535	scene_recognition	n/a	n/a	n/a	71.0	n/a	n/a	n/a	1367.1901025	n/a	1.4372169832204236	1	2	3	SB_1_frameB_foil.png	2	2	1370.6444	0	68	n/a	n/a	intervals/recognition_table	67	1367.673348	1369.207183
1367.673348	0.000000	273535	ttl	1	71	n/a	n/a	n/a	n/a	n/a	n/a	n/a	n/a	n/a	n/a	n/a	n/a	n/a	n/a	n/a	n/a	n/a	n/a	n/a	n/a	n/a	1367.673348	n/a
1369.207183	0.000000	273841	ttl	2	71	n/a	n/a	n/a	n/a	n/a	n/a	n/a	n/a	n/a	n/a	n/a	n/a	n/a	n/a	n/a	n/a	n/a	n/a	n/a	n/a	n/a	1369.207183	n/a
1370.644400	0.000000	274129	ttl	4	71	n/a	n/a	n/a	n/a	n/a	n/a	n/a	n/a	n/a	n/a	n/a	n/a	n/a	n/a	n/a	n/a	n/a	n/a	n/a	n/a	n/a	1370.644400	n/a
1370.783281	0.000000	274157	ttl	11	71	n/a	n/a	n/a	n/a	n/a	n/a	n/a	n/a	n/a	n/a	n/a	n/a	n/a	n/a	n/a	n/a	n/a	n/a	n/a	n/a	n/a	1370.783281	n/a
1371.316512	1.534836	274263	scene_recognition	n/a	n/a	n/a	71.0	n/a	n/a	n/a	1370.783281	n/a	1.1925684216694208	1	2	2	SB_1_frameA_foil.png	2	3	1374.0439165	0	69	n/a	n/a	intervals/recognition_table	68	1371.316512	1372.851348
1371.316512	0.000000	274263	ttl	1	71	n/a	n/a	n/a	n/a	n/a	n/a	n/a	n/a	n/a	n/a	n/a	n/a	n/a	n/a	n/a	n/a	n/a	n/a	n/a	n/a	n/a	1371.316512	n/a
1372.851348	0.000000	274570	ttl	2	71	n/a	n/a	n/a	n/a	n/a	n/a	n/a	n/a	n/a	n/a	n/a	n/a	n/a	n/a	n/a	n/a	n/a	n/a	n/a	n/a	n/a	1372.851348	n/a
1374.043917	0.000000	274809	ttl	4	71	n/a	n/a	n/a	n/a	n/a	n/a	n/a	n/a	n/a	n/a	n/a	n/a	n/a	n/a	n/a	n/a	n/a	n/a	n/a	n/a	n/a	1374.043917	n/a
1374.166475	0.000000	274833	ttl	11	71	n/a	n/a	n/a	n/a	n/a	n/a	n/a	n/a	n/a	n/a	n/a	n/a	n/a	n/a	n/a	n/a	n/a	n/a	n/a	n/a	n/a	1374.166475	n/a
1374.666375	1.533962	274933	scene_recognition	n/a	n/a	n/a	71.0	n/a	n/a	n/a	1374.166475	n/a	1.355314868123969	2	1	3	NB_10_frameA.png	2	2	1377.5556514999998	1	70	n/a	n/a	intervals/recognition_table	69	1374.666375	1376.200337
1374.666375	0.000000	274933	ttl	1	71	n/a	n/a	n/a	n/a	n/a	n/a	n/a	n/a	n/a	n/a	n/a	n/a	n/a	n/a	n/a	n/a	n/a	n/a	n/a	n/a	n/a	1374.666375	n/a
1376.200337	0.000000	275240	ttl	2	71	n/a	n/a	n/a	n/a	n/a	n/a	n/a	n/a	n/a	n/a	n/a	n/a	n/a	n/a	n/a	n/a	n/a	n/a	n/a	n/a	n/a	1376.200337	n/a
1377.555651	0.000000	275511	ttl	4	71	n/a	n/a	n/a	n/a	n/a	n/a	n/a	n/a	n/a	n/a	n/a	n/a	n/a	n/a	n/a	n/a	n/a	n/a	n/a	n/a	n/a	1377.555651	n/a
1377.626252	0.000000	275525	ttl	11	71	n/a	n/a	n/a	n/a	n/a	n/a	n/a	n/a	n/a	n/a	n/a	n/a	n/a	n/a	n/a	n/a	n/a	n/a	n/a	n/a	n/a	1377.626252	n/a
1378.226136	1.534223	275645	scene_recognition	n/a	n/a	n/a	71.0	n/a	n/a	n/a	1377.6262522499999	n/a	0.9549349951848853	2	3	1	HB_1_frameA.png	2	4	1380.71529425	1	71	n/a	n/a	intervals/recognition_table	70	1378.226136	1379.760359
1378.226136	0.000000	275645	ttl	1	71	n/a	n/a	n/a	n/a	n/a	n/a	n/a	n/a	n/a	n/a	n/a	n/a	n/a	n/a	n/a	n/a	n/a	n/a	n/a	n/a	n/a	1378.226136	n/a
1379.760359	0.000000	275952	ttl	2	71	n/a	n/a	n/a	n/a	n/a	n/a	n/a	n/a	n/a	n/a	n/a	n/a	n/a	n/a	n/a	n/a	n/a	n/a	n/a	n/a	n/a	1379.760359	n/a
1380.715294	0.000000	276143	ttl	4	71	n/a	n/a	n/a	n/a	n/a	n/a	n/a	n/a	n/a	n/a	n/a	n/a	n/a	n/a	n/a	n/a	n/a	n/a	n/a	n/a	n/a	1380.715294	n/a
1380.760440	0.000000	276152	ttl	11	71	n/a	n/a	n/a	n/a	n/a	n/a	n/a	n/a	n/a	n/a	n/a	n/a	n/a	n/a	n/a	n/a	n/a	n/a	n/a	n/a	n/a	1380.760440	n/a
1381.293639	1.534716	276259	scene_recognition	n/a	n/a	n/a	71.0	n/a	n/a	n/a	1380.76044	n/a	1.352560046085273	1	1	3	NB_2_frameB_foil.png	2	2	1384.18091525	0	72	n/a	n/a	intervals/recognition_table	71	1381.293639	1382.828355
1381.293639	0.000000	276259	ttl	1	71	n/a	n/a	n/a	n/a	n/a	n/a	n/a	n/a	n/a	n/a	n/a	n/a	n/a	n/a	n/a	n/a	n/a	n/a	n/a	n/a	n/a	1381.293639	n/a
1382.828355	0.000000	276566	ttl	2	71	n/a	n/a	n/a	n/a	n/a	n/a	n/a	n/a	n/a	n/a	n/a	n/a	n/a	n/a	n/a	n/a	n/a	n/a	n/a	n/a	n/a	1382.828355	n/a
1384.180915	0.000000	276836	ttl	4	71	n/a	n/a	n/a	n/a	n/a	n/a	n/a	n/a	n/a	n/a	n/a	n/a	n/a	n/a	n/a	n/a	n/a	n/a	n/a	n/a	n/a	1384.180915	n/a
1384.241657	0.000000	276848	ttl	11	71	n/a	n/a	n/a	n/a	n/a	n/a	n/a	n/a	n/a	n/a	n/a	n/a	n/a	n/a	n/a	n/a	n/a	n/a	n/a	n/a	n/a	1384.241657	n/a
1384.808202	1.535051	276962	scene_recognition	n/a	n/a	n/a	71.0	n/a	n/a	n/a	1384.2416575	n/a	1.357541624995065	1	1	2	NB_22_frameA.png	1	6	1387.70079475	1	73	n/a	n/a	intervals/recognition_table	72	1384.808202	1386.343253
1384.808202	0.000000	276962	ttl	1	71	n/a	n/a	n/a	n/a	n/a	n/a	n/a	n/a	n/a	n/a	n/a	n/a	n/a	n/a	n/a	n/a	n/a	n/a	n/a	n/a	n/a	1384.808202	n/a
1386.343253	0.000000	277269	ttl	2	71	n/a	n/a	n/a	n/a	n/a	n/a	n/a	n/a	n/a	n/a	n/a	n/a	n/a	n/a	n/a	n/a	n/a	n/a	n/a	n/a	n/a	1386.343253	n/a
1387.700795	0.000000	277540	ttl	4	71	n/a	n/a	n/a	n/a	n/a	n/a	n/a	n/a	n/a	n/a	n/a	n/a	n/a	n/a	n/a	n/a	n/a	n/a	n/a	n/a	n/a	1387.700795	n/a
1387.827911	0.000000	277566	ttl	11	71	n/a	n/a	n/a	n/a	n/a	n/a	n/a	n/a	n/a	n/a	n/a	n/a	n/a	n/a	n/a	n/a	n/a	n/a	n/a	n/a	n/a	1387.827911	n/a
1388.344470	1.534025	277669	scene_recognition	n/a	n/a	n/a	71.0	n/a	n/a	n/a	1387.82791125	n/a	1.3526157826709095	1	1	2	NB_3_frameA_foil.png	2	3	1391.23111125	0	74	n/a	n/a	intervals/recognition_table	73	1388.344470	1389.878495
1388.344470	0.000000	277669	ttl	1	71	n/a	n/a	n/a	n/a	n/a	n/a	n/a	n/a	n/a	n/a	n/a	n/a	n/a	n/a	n/a	n/a	n/a	n/a	n/a	n/a	n/a	1388.344470	n/a
1389.878495	0.000000	277976	ttl	2	71	n/a	n/a	n/a	n/a	n/a	n/a	n/a	n/a	n/a	n/a	n/a	n/a	n/a	n/a	n/a	n/a	n/a	n/a	n/a	n/a	n/a	1389.878495	n/a
1391.231111	0.000000	278246	ttl	4	71	n/a	n/a	n/a	n/a	n/a	n/a	n/a	n/a	n/a	n/a	n/a	n/a	n/a	n/a	n/a	n/a	n/a	n/a	n/a	n/a	n/a	1391.231111	n/a
1391.246527	0.000000	278249	ttl	11	71	n/a	n/a	n/a	n/a	n/a	n/a	n/a	n/a	n/a	n/a	n/a	n/a	n/a	n/a	n/a	n/a	n/a	n/a	n/a	n/a	n/a	1391.246527	n/a
1391.746437	1.533746	278349	scene_recognition	n/a	n/a	n/a	71.0	n/a	n/a	n/a	1391.2465275	n/a	1.5507652959349798	1	2	3	SB_7_frameB.png	1	7	1394.8309487499998	1	75	n/a	n/a	intervals/recognition_table	74	1391.746437	1393.280183
1391.746437	0.000000	278349	ttl	1	71	n/a	n/a	n/a	n/a	n/a	n/a	n/a	n/a	n/a	n/a	n/a	n/a	n/a	n/a	n/a	n/a	n/a	n/a	n/a	n/a	n/a	1391.746437	n/a
1393.280183	0.000000	278656	ttl	2	71	n/a	n/a	n/a	n/a	n/a	n/a	n/a	n/a	n/a	n/a	n/a	n/a	n/a	n/a	n/a	n/a	n/a	n/a	n/a	n/a	n/a	1393.280183	n/a
1394.830949	0.000000	278966	ttl	4	71	n/a	n/a	n/a	n/a	n/a	n/a	n/a	n/a	n/a	n/a	n/a	n/a	n/a	n/a	n/a	n/a	n/a	n/a	n/a	n/a	n/a	1394.830949	n/a
1394.922280	0.000000	278984	ttl	11	71	n/a	n/a	n/a	n/a	n/a	n/a	n/a	n/a	n/a	n/a	n/a	n/a	n/a	n/a	n/a	n/a	n/a	n/a	n/a	n/a	n/a	1394.922280	n/a
1395.388861	1.533741	279078	scene_recognition	n/a	n/a	n/a	71.0	n/a	n/a	n/a	1394.9222802499999	n/a	2.146789317819639	2	2	2	SB_1_frameA.png	2	3	1399.069391	1	76	n/a	n/a	intervals/recognition_table	75	1395.388861	1396.922602
1395.388861	0.000000	279078	ttl	1	71	n/a	n/a	n/a	n/a	n/a	n/a	n/a	n/a	n/a	n/a	n/a	n/a	n/a	n/a	n/a	n/a	n/a	n/a	n/a	n/a	n/a	1395.388861	n/a
1396.922602	0.000000	279385	ttl	2	71	n/a	n/a	n/a	n/a	n/a	n/a	n/a	n/a	n/a	n/a	n/a	n/a	n/a	n/a	n/a	n/a	n/a	n/a	n/a	n/a	n/a	1396.922602	n/a
1399.069391	0.000000	279814	ttl	4	71	n/a	n/a	n/a	n/a	n/a	n/a	n/a	n/a	n/a	n/a	n/a	n/a	n/a	n/a	n/a	n/a	n/a	n/a	n/a	n/a	n/a	1399.069391	n/a
1399.085141	0.000000	279817	ttl	11	71	n/a	n/a	n/a	n/a	n/a	n/a	n/a	n/a	n/a	n/a	n/a	n/a	n/a	n/a	n/a	n/a	n/a	n/a	n/a	n/a	n/a	1399.085141	n/a
1399.601704	1.534125	279920	scene_recognition	n/a	n/a	n/a	71.0	n/a	n/a	n/a	1399.0851412499999	n/a	1.8481054968287935	1	2	3	SB_4_frameB.png	1	7	1402.98393425	1	77	n/a	n/a	intervals/recognition_table	76	1399.601704	1401.135829
1399.601704	0.000000	279920	ttl	1	71	n/a	n/a	n/a	n/a	n/a	n/a	n/a	n/a	n/a	n/a	n/a	n/a	n/a	n/a	n/a	n/a	n/a	n/a	n/a	n/a	n/a	1399.601704	n/a
1401.135829	0.000000	280227	ttl	2	71	n/a	n/a	n/a	n/a	n/a	n/a	n/a	n/a	n/a	n/a	n/a	n/a	n/a	n/a	n/a	n/a	n/a	n/a	n/a	n/a	n/a	1401.135829	n/a
1402.983934	0.000000	280597	ttl	4	71	n/a	n/a	n/a	n/a	n/a	n/a	n/a	n/a	n/a	n/a	n/a	n/a	n/a	n/a	n/a	n/a	n/a	n/a	n/a	n/a	n/a	1402.983934	n/a
1402.998829	0.000000	280600	ttl	11	71	n/a	n/a	n/a	n/a	n/a	n/a	n/a	n/a	n/a	n/a	n/a	n/a	n/a	n/a	n/a	n/a	n/a	n/a	n/a	n/a	n/a	1402.998829	n/a
1403.532049	1.535069	280706	scene_recognition	n/a	n/a	n/a	71.0	n/a	n/a	n/a	1402.9988294999998	n/a	1.2962234376173	2	2	2	SB_7_frameA_foil.png	1	6	1406.363341	0	78	n/a	n/a	intervals/recognition_table	77	1403.532049	1405.067117
1403.532049	0.000000	280706	ttl	1	71	n/a	n/a	n/a	n/a	n/a	n/a	n/a	n/a	n/a	n/a	n/a	n/a	n/a	n/a	n/a	n/a	n/a	n/a	n/a	n/a	n/a	1403.532049	n/a
1405.067117	0.000000	281013	ttl	2	71	n/a	n/a	n/a	n/a	n/a	n/a	n/a	n/a	n/a	n/a	n/a	n/a	n/a	n/a	n/a	n/a	n/a	n/a	n/a	n/a	n/a	1405.067117	n/a
1406.363341	0.000000	281273	ttl	4	71	n/a	n/a	n/a	n/a	n/a	n/a	n/a	n/a	n/a	n/a	n/a	n/a	n/a	n/a	n/a	n/a	n/a	n/a	n/a	n/a	n/a	1406.363341	n/a
1406.377138	0.000000	281275	ttl	11	71	n/a	n/a	n/a	n/a	n/a	n/a	n/a	n/a	n/a	n/a	n/a	n/a	n/a	n/a	n/a	n/a	n/a	n/a	n/a	n/a	n/a	1406.377138	n/a
1406.893705	1.533985	281379	scene_recognition	n/a	n/a	n/a	71.0	n/a	n/a	n/a	1406.3771379999998	n/a	1.5372109333693516	2	2	2	SB_2_frameB_foil.png	1	6	1409.9649017499999	0	79	n/a	n/a	intervals/recognition_table	78	1406.893705	1408.427691
1406.893705	0.000000	281379	ttl	1	71	n/a	n/a	n/a	n/a	n/a	n/a	n/a	n/a	n/a	n/a	n/a	n/a	n/a	n/a	n/a	n/a	n/a	n/a	n/a	n/a	n/a	1406.893705	n/a
1408.427691	0.000000	281686	ttl	2	71	n/a	n/a	n/a	n/a	n/a	n/a	n/a	n/a	n/a	n/a	n/a	n/a	n/a	n/a	n/a	n/a	n/a	n/a	n/a	n/a	n/a	1408.427691	n/a
1409.964902	0.000000	281993	ttl	4	71	n/a	n/a	n/a	n/a	n/a	n/a	n/a	n/a	n/a	n/a	n/a	n/a	n/a	n/a	n/a	n/a	n/a	n/a	n/a	n/a	n/a	1409.964902	n/a
1409.979614	0.000000	281996	ttl	11	71	n/a	n/a	n/a	n/a	n/a	n/a	n/a	n/a	n/a	n/a	n/a	n/a	n/a	n/a	n/a	n/a	n/a	n/a	n/a	n/a	n/a	1409.979614	n/a
1410.496178	1.534560	282099	scene_recognition	n/a	n/a	n/a	71.0	n/a	n/a	n/a	1409.97961375	n/a	1.4046317118045408	2	2	3	SB_6_frameA_foil.png	1	7	1413.43537025	0	80	n/a	n/a	intervals/recognition_table	79	1410.496178	1412.030738
1410.496178	0.000000	282099	ttl	1	71	n/a	n/a	n/a	n/a	n/a	n/a	n/a	n/a	n/a	n/a	n/a	n/a	n/a	n/a	n/a	n/a	n/a	n/a	n/a	n/a	n/a	1410.496178	n/a
1412.030738	0.000000	282406	ttl	2	71	n/a	n/a	n/a	n/a	n/a	n/a	n/a	n/a	n/a	n/a	n/a	n/a	n/a	n/a	n/a	n/a	n/a	n/a	n/a	n/a	n/a	1412.030738	n/a
1413.435370	0.000000	282687	ttl	4	71	n/a	n/a	n/a	n/a	n/a	n/a	n/a	n/a	n/a	n/a	n/a	n/a	n/a	n/a	n/a	n/a	n/a	n/a	n/a	n/a	n/a	1413.435370	n/a
1413.493674	0.000000	282699	ttl	11	71	n/a	n/a	n/a	n/a	n/a	n/a	n/a	n/a	n/a	n/a	n/a	n/a	n/a	n/a	n/a	n/a	n/a	n/a	n/a	n/a	n/a	1413.493674	n/a
1413.960228	1.534564	282792	scene_recognition	n/a	n/a	n/a	71.0	n/a	n/a	n/a	1413.4936739999998	n/a	1.2884021335921716	1	2	2	SB_3_frameB.png	1	6	1416.78319425	1	81	n/a	n/a	intervals/recognition_table	80	1413.960228	1415.494792
1413.960228	0.000000	282792	ttl	1	71	n/a	n/a	n/a	n/a	n/a	n/a	n/a	n/a	n/a	n/a	n/a	n/a	n/a	n/a	n/a	n/a	n/a	n/a	n/a	n/a	n/a	1413.960228	n/a
1415.494792	0.000000	283099	ttl	2	71	n/a	n/a	n/a	n/a	n/a	n/a	n/a	n/a	n/a	n/a	n/a	n/a	n/a	n/a	n/a	n/a	n/a	n/a	n/a	n/a	n/a	1415.494792	n/a
1416.783194	0.000000	283357	ttl	4	71	n/a	n/a	n/a	n/a	n/a	n/a	n/a	n/a	n/a	n/a	n/a	n/a	n/a	n/a	n/a	n/a	n/a	n/a	n/a	n/a	n/a	1416.783194	n/a
1416.836236	0.000000	283367	ttl	11	71	n/a	n/a	n/a	n/a	n/a	n/a	n/a	n/a	n/a	n/a	n/a	n/a	n/a	n/a	n/a	n/a	n/a	n/a	n/a	n/a	n/a	1416.836236	n/a
1417.369492	1.534179	283474	scene_recognition	n/a	n/a	n/a	71.0	n/a	n/a	n/a	1416.83623575	n/a	1.3377614751225337	1	2	3	SB_8_frameB.png	1	7	1420.2414327499998	1	82	n/a	n/a	intervals/recognition_table	81	1417.369492	1418.903671
1417.369492	0.000000	283474	ttl	1	71	n/a	n/a	n/a	n/a	n/a	n/a	n/a	n/a	n/a	n/a	n/a	n/a	n/a	n/a	n/a	n/a	n/a	n/a	n/a	n/a	n/a	1417.369492	n/a
1418.903671	0.000000	283781	ttl	2	71	n/a	n/a	n/a	n/a	n/a	n/a	n/a	n/a	n/a	n/a	n/a	n/a	n/a	n/a	n/a	n/a	n/a	n/a	n/a	n/a	n/a	1418.903671	n/a
1420.241433	0.000000	284048	ttl	4	71	n/a	n/a	n/a	n/a	n/a	n/a	n/a	n/a	n/a	n/a	n/a	n/a	n/a	n/a	n/a	n/a	n/a	n/a	n/a	n/a	n/a	1420.241433	n/a
1420.256178	0.000000	284051	ttl	11	71	n/a	n/a	n/a	n/a	n/a	n/a	n/a	n/a	n/a	n/a	n/a	n/a	n/a	n/a	n/a	n/a	n/a	n/a	n/a	n/a	n/a	1420.256178	n/a
1420.789398	1.535210	284158	scene_recognition	n/a	n/a	n/a	71.0	n/a	n/a	n/a	1420.2561779999999	n/a	1.9568614683812484	2	2	2	SB_2_frameA_foil.png	1	6	1424.2814695	0	83	n/a	n/a	intervals/recognition_table	82	1420.789398	1422.324608
1420.789398	0.000000	284158	ttl	1	71	n/a	n/a	n/a	n/a	n/a	n/a	n/a	n/a	n/a	n/a	n/a	n/a	n/a	n/a	n/a	n/a	n/a	n/a	n/a	n/a	n/a	1420.789398	n/a
1422.324608	0.000000	284465	ttl	2	71	n/a	n/a	n/a	n/a	n/a	n/a	n/a	n/a	n/a	n/a	n/a	n/a	n/a	n/a	n/a	n/a	n/a	n/a	n/a	n/a	n/a	1422.324608	n/a
1424.281469	0.000000	284856	ttl	4	71	n/a	n/a	n/a	n/a	n/a	n/a	n/a	n/a	n/a	n/a	n/a	n/a	n/a	n/a	n/a	n/a	n/a	n/a	n/a	n/a	n/a	1424.281469	n/a
1424.394907	0.000000	284879	ttl	11	71	n/a	n/a	n/a	n/a	n/a	n/a	n/a	n/a	n/a	n/a	n/a	n/a	n/a	n/a	n/a	n/a	n/a	n/a	n/a	n/a	n/a	1424.394907	n/a
1424.878156	1.534398	284976	scene_recognition	n/a	n/a	n/a	71.0	n/a	n/a	n/a	1424.39490725	n/a	1.5675592272309586	1	3	1	HB_8_frameB.png	1	5	1427.98011275	1	84	n/a	n/a	intervals/recognition_table	83	1424.878156	1426.412553
1424.878156	0.000000	284976	ttl	1	71	n/a	n/a	n/a	n/a	n/a	n/a	n/a	n/a	n/a	n/a	n/a	n/a	n/a	n/a	n/a	n/a	n/a	n/a	n/a	n/a	n/a	1424.878156	n/a
1426.412553	0.000000	285283	ttl	2	71	n/a	n/a	n/a	n/a	n/a	n/a	n/a	n/a	n/a	n/a	n/a	n/a	n/a	n/a	n/a	n/a	n/a	n/a	n/a	n/a	n/a	1426.412553	n/a
1427.980113	0.000000	285596	ttl	4	71	n/a	n/a	n/a	n/a	n/a	n/a	n/a	n/a	n/a	n/a	n/a	n/a	n/a	n/a	n/a	n/a	n/a	n/a	n/a	n/a	n/a	1427.980113	n/a
1428.045297	0.000000	285609	ttl	11	71	n/a	n/a	n/a	n/a	n/a	n/a	n/a	n/a	n/a	n/a	n/a	n/a	n/a	n/a	n/a	n/a	n/a	n/a	n/a	n/a	n/a	1428.045297	n/a
1428.561860	1.534665	285712	scene_recognition	n/a	n/a	n/a	71.0	n/a	n/a	n/a	1428.04529675	n/a	0.7630758160812547	2	3	3	HB_6_frameA_foil.png	1	7	1430.85960075	0	85	n/a	n/a	intervals/recognition_table	84	1428.561860	1430.096525
1428.561860	0.000000	285712	ttl	1	71	n/a	n/a	n/a	n/a	n/a	n/a	n/a	n/a	n/a	n/a	n/a	n/a	n/a	n/a	n/a	n/a	n/a	n/a	n/a	n/a	n/a	1428.561860	n/a
1430.096525	0.000000	286019	ttl	2	71	n/a	n/a	n/a	n/a	n/a	n/a	n/a	n/a	n/a	n/a	n/a	n/a	n/a	n/a	n/a	n/a	n/a	n/a	n/a	n/a	n/a	1430.096525	n/a
1430.859601	0.000000	286172	ttl	4	71	n/a	n/a	n/a	n/a	n/a	n/a	n/a	n/a	n/a	n/a	n/a	n/a	n/a	n/a	n/a	n/a	n/a	n/a	n/a	n/a	n/a	1430.859601	n/a
1430.918173	0.000000	286184	ttl	11	71	n/a	n/a	n/a	n/a	n/a	n/a	n/a	n/a	n/a	n/a	n/a	n/a	n/a	n/a	n/a	n/a	n/a	n/a	n/a	n/a	n/a	1430.918173	n/a
1431.384746	1.534403	286277	scene_recognition	n/a	n/a	n/a	71.0	n/a	n/a	n/a	1430.9181732499999	n/a	0.9748271516727982	2	3	3	HB_2_frameB.png	2	2	1433.89397625	1	86	n/a	n/a	intervals/recognition_table	85	1431.384746	1432.919149
1431.384746	0.000000	286277	ttl	1	71	n/a	n/a	n/a	n/a	n/a	n/a	n/a	n/a	n/a	n/a	n/a	n/a	n/a	n/a	n/a	n/a	n/a	n/a	n/a	n/a	n/a	1431.384746	n/a
1432.919149	0.000000	286584	ttl	2	71	n/a	n/a	n/a	n/a	n/a	n/a	n/a	n/a	n/a	n/a	n/a	n/a	n/a	n/a	n/a	n/a	n/a	n/a	n/a	n/a	n/a	1432.919149	n/a
1433.893976	0.000000	286779	ttl	4	71	n/a	n/a	n/a	n/a	n/a	n/a	n/a	n/a	n/a	n/a	n/a	n/a	n/a	n/a	n/a	n/a	n/a	n/a	n/a	n/a	n/a	1433.893976	n/a
1433.979023	0.000000	286796	ttl	11	71	n/a	n/a	n/a	n/a	n/a	n/a	n/a	n/a	n/a	n/a	n/a	n/a	n/a	n/a	n/a	n/a	n/a	n/a	n/a	n/a	n/a	1433.979023	n/a
1434.478917	1.533816	286896	scene_recognition	n/a	n/a	n/a	71.0	n/a	n/a	n/a	1433.97902275	n/a	1.3519925284053897	2	1	3	NB_4_frameA.png	2	2	1437.364725	1	87	n/a	n/a	intervals/recognition_table	86	1434.478917	1436.012732
1434.478917	0.000000	286896	ttl	1	71	n/a	n/a	n/a	n/a	n/a	n/a	n/a	n/a	n/a	n/a	n/a	n/a	n/a	n/a	n/a	n/a	n/a	n/a	n/a	n/a	n/a	1434.478917	n/a
1436.012732	0.000000	287203	ttl	2	71	n/a	n/a	n/a	n/a	n/a	n/a	n/a	n/a	n/a	n/a	n/a	n/a	n/a	n/a	n/a	n/a	n/a	n/a	n/a	n/a	n/a	1436.012732	n/a
1437.364725	0.000000	287473	ttl	4	71	n/a	n/a	n/a	n/a	n/a	n/a	n/a	n/a	n/a	n/a	n/a	n/a	n/a	n/a	n/a	n/a	n/a	n/a	n/a	n/a	n/a	1437.364725	n/a
1437.497392	0.000000	287499	ttl	11	71	n/a	n/a	n/a	n/a	n/a	n/a	n/a	n/a	n/a	n/a	n/a	n/a	n/a	n/a	n/a	n/a	n/a	n/a	n/a	n/a	n/a	1437.497392	n/a
1437.947305	1.533517	287589	scene_recognition	n/a	n/a	n/a	71.0	n/a	n/a	n/a	1437.497392	n/a	0.5284745597600704	2	3	2	HB_3_frameA.png	2	3	1440.0092957499999	1	88	n/a	n/a	intervals/recognition_table	87	1437.947305	1439.480821
1437.947305	0.000000	287589	ttl	1	71	n/a	n/a	n/a	n/a	n/a	n/a	n/a	n/a	n/a	n/a	n/a	n/a	n/a	n/a	n/a	n/a	n/a	n/a	n/a	n/a	n/a	1437.947305	n/a
1439.480821	0.000000	287896	ttl	2	71	n/a	n/a	n/a	n/a	n/a	n/a	n/a	n/a	n/a	n/a	n/a	n/a	n/a	n/a	n/a	n/a	n/a	n/a	n/a	n/a	n/a	1439.480821	n/a
1440.009296	0.000000	288002	ttl	4	71	n/a	n/a	n/a	n/a	n/a	n/a	n/a	n/a	n/a	n/a	n/a	n/a	n/a	n/a	n/a	n/a	n/a	n/a	n/a	n/a	n/a	1440.009296	n/a
1440.124569	0.000000	288025	ttl	11	71	n/a	n/a	n/a	n/a	n/a	n/a	n/a	n/a	n/a	n/a	n/a	n/a	n/a	n/a	n/a	n/a	n/a	n/a	n/a	n/a	n/a	1440.124569	n/a
1440.657798	1.534369	288132	scene_recognition	n/a	n/a	n/a	71.0	n/a	n/a	n/a	1440.12456925	n/a	1.3562754210142884	2	1	3	NB_9_frameA_foil.png	1	7	1443.548443	0	89	n/a	n/a	intervals/recognition_table	88	1440.657798	1442.192168
1440.657798	0.000000	288132	ttl	1	71	n/a	n/a	n/a	n/a	n/a	n/a	n/a	n/a	n/a	n/a	n/a	n/a	n/a	n/a	n/a	n/a	n/a	n/a	n/a	n/a	n/a	1440.657798	n/a
1442.192168	0.000000	288438	ttl	2	71	n/a	n/a	n/a	n/a	n/a	n/a	n/a	n/a	n/a	n/a	n/a	n/a	n/a	n/a	n/a	n/a	n/a	n/a	n/a	n/a	n/a	1442.192168	n/a
1443.548443	0.000000	288710	ttl	4	71	n/a	n/a	n/a	n/a	n/a	n/a	n/a	n/a	n/a	n/a	n/a	n/a	n/a	n/a	n/a	n/a	n/a	n/a	n/a	n/a	n/a	1443.548443	n/a
1443.562829	0.000000	288713	ttl	11	71	n/a	n/a	n/a	n/a	n/a	n/a	n/a	n/a	n/a	n/a	n/a	n/a	n/a	n/a	n/a	n/a	n/a	n/a	n/a	n/a	n/a	1443.562829	n/a
1444.146045	1.533859	288829	scene_recognition	n/a	n/a	n/a	71.0	n/a	n/a	n/a	1443.5628285	n/a	1.352973997767549	1	1	2	NB_11_frameA_foil.png	2	3	1447.03287775	0	90	n/a	n/a	intervals/recognition_table	89	1444.146045	1445.679904
1444.146045	0.000000	288829	ttl	1	71	n/a	n/a	n/a	n/a	n/a	n/a	n/a	n/a	n/a	n/a	n/a	n/a	n/a	n/a	n/a	n/a	n/a	n/a	n/a	n/a	n/a	1444.146045	n/a
1445.679904	0.000000	289136	ttl	2	71	n/a	n/a	n/a	n/a	n/a	n/a	n/a	n/a	n/a	n/a	n/a	n/a	n/a	n/a	n/a	n/a	n/a	n/a	n/a	n/a	n/a	1445.679904	n/a
1447.032878	0.000000	289407	ttl	4	71	n/a	n/a	n/a	n/a	n/a	n/a	n/a	n/a	n/a	n/a	n/a	n/a	n/a	n/a	n/a	n/a	n/a	n/a	n/a	n/a	n/a	1447.032878	n/a
1447.047861	0.000000	289410	ttl	11	71	n/a	n/a	n/a	n/a	n/a	n/a	n/a	n/a	n/a	n/a	n/a	n/a	n/a	n/a	n/a	n/a	n/a	n/a	n/a	n/a	n/a	1447.047861	n/a
1447.547759	1.534773	289510	scene_recognition	n/a	n/a	n/a	71.0	n/a	n/a	n/a	1447.04786075	n/a	1.217406638112152	2	3	1	HB_7_frameB.png	2	4	1450.299939	1	91	n/a	n/a	intervals/recognition_table	90	1447.547759	1449.082532
1447.547759	0.000000	289510	ttl	1	71	n/a	n/a	n/a	n/a	n/a	n/a	n/a	n/a	n/a	n/a	n/a	n/a	n/a	n/a	n/a	n/a	n/a	n/a	n/a	n/a	n/a	1447.547759	n/a
1449.082532	0.000000	289817	ttl	2	71	n/a	n/a	n/a	n/a	n/a	n/a	n/a	n/a	n/a	n/a	n/a	n/a	n/a	n/a	n/a	n/a	n/a	n/a	n/a	n/a	n/a	1449.082532	n/a
1450.299939	0.000000	290060	ttl	4	71	n/a	n/a	n/a	n/a	n/a	n/a	n/a	n/a	n/a	n/a	n/a	n/a	n/a	n/a	n/a	n/a	n/a	n/a	n/a	n/a	n/a	1450.299939	n/a
1450.391516	0.000000	290078	ttl	11	71	n/a	n/a	n/a	n/a	n/a	n/a	n/a	n/a	n/a	n/a	n/a	n/a	n/a	n/a	n/a	n/a	n/a	n/a	n/a	n/a	n/a	1450.391516	n/a
1450.958073	1.534111	290192	scene_recognition	n/a	n/a	n/a	71.0	n/a	n/a	n/a	1450.391516	n/a	1.3526397039822768	2	1	3	NB_14_frameA.png	2	2	1453.8448242499999	1	92	n/a	n/a	intervals/recognition_table	91	1450.958073	1452.492184
1450.958073	0.000000	290192	ttl	1	71	n/a	n/a	n/a	n/a	n/a	n/a	n/a	n/a	n/a	n/a	n/a	n/a	n/a	n/a	n/a	n/a	n/a	n/a	n/a	n/a	n/a	1450.958073	n/a
1452.492184	0.000000	290498	ttl	2	71	n/a	n/a	n/a	n/a	n/a	n/a	n/a	n/a	n/a	n/a	n/a	n/a	n/a	n/a	n/a	n/a	n/a	n/a	n/a	n/a	n/a	1452.492184	n/a
1453.844824	0.000000	290769	ttl	4	71	n/a	n/a	n/a	n/a	n/a	n/a	n/a	n/a	n/a	n/a	n/a	n/a	n/a	n/a	n/a	n/a	n/a	n/a	n/a	n/a	n/a	1453.844824	n/a
1453.859537	0.000000	290772	ttl	11	71	n/a	n/a	n/a	n/a	n/a	n/a	n/a	n/a	n/a	n/a	n/a	n/a	n/a	n/a	n/a	n/a	n/a	n/a	n/a	n/a	n/a	1453.859537	n/a
1454.359401	1.534809	290872	scene_recognition	n/a	n/a	n/a	71.0	n/a	n/a	n/a	1453.85953675	n/a	1.3532048817141913	2	1	3	NB_16_frameB_foil.png	1	7	1457.247415	0	93	n/a	n/a	intervals/recognition_table	92	1454.359401	1455.894210
1454.359401	0.000000	290872	ttl	1	71	n/a	n/a	n/a	n/a	n/a	n/a	n/a	n/a	n/a	n/a	n/a	n/a	n/a	n/a	n/a	n/a	n/a	n/a	n/a	n/a	n/a	1454.359401	n/a
1455.894210	0.000000	291179	ttl	2	71	n/a	n/a	n/a	n/a	n/a	n/a	n/a	n/a	n/a	n/a	n/a	n/a	n/a	n/a	n/a	n/a	n/a	n/a	n/a	n/a	n/a	1455.894210	n/a
1457.247415	0.000000	291449	ttl	4	71	n/a	n/a	n/a	n/a	n/a	n/a	n/a	n/a	n/a	n/a	n/a	n/a	n/a	n/a	n/a	n/a	n/a	n/a	n/a	n/a	n/a	1457.247415	n/a
1457.368052	0.000000	291474	ttl	11	71	n/a	n/a	n/a	n/a	n/a	n/a	n/a	n/a	n/a	n/a	n/a	n/a	n/a	n/a	n/a	n/a	n/a	n/a	n/a	n/a	n/a	1457.368052	n/a
1457.834546	1.534792	291567	scene_recognition	n/a	n/a	n/a	71.0	n/a	n/a	n/a	1457.36805225	n/a	1.3515907087130472	1	1	2	NB_20_frameB_foil.png	2	3	1460.7209295	0	94	n/a	n/a	intervals/recognition_table	93	1457.834546	1459.369339
1457.834546	0.000000	291567	ttl	1	71	n/a	n/a	n/a	n/a	n/a	n/a	n/a	n/a	n/a	n/a	n/a	n/a	n/a	n/a	n/a	n/a	n/a	n/a	n/a	n/a	n/a	1457.834546	n/a
1459.369339	0.000000	291874	ttl	2	71	n/a	n/a	n/a	n/a	n/a	n/a	n/a	n/a	n/a	n/a	n/a	n/a	n/a	n/a	n/a	n/a	n/a	n/a	n/a	n/a	n/a	1459.369339	n/a
1460.720930	0.000000	292144	ttl	4	71	n/a	n/a	n/a	n/a	n/a	n/a	n/a	n/a	n/a	n/a	n/a	n/a	n/a	n/a	n/a	n/a	n/a	n/a	n/a	n/a	n/a	1460.720930	n/a
1460.825775	0.000000	292165	ttl	11	71	n/a	n/a	n/a	n/a	n/a	n/a	n/a	n/a	n/a	n/a	n/a	n/a	n/a	n/a	n/a	n/a	n/a	n/a	n/a	n/a	n/a	1460.825775	n/a
1461.325676	1.534824	292265	scene_recognition	n/a	n/a	n/a	71.0	n/a	n/a	n/a	1460.8257755	n/a	1.3509467716648942	2	1	3	NB_15_frameB.png	2	2	1464.2114467499998	1	95	n/a	n/a	intervals/recognition_table	94	1461.325676	1462.860500
1461.325676	0.000000	292265	ttl	1	71	n/a	n/a	n/a	n/a	n/a	n/a	n/a	n/a	n/a	n/a	n/a	n/a	n/a	n/a	n/a	n/a	n/a	n/a	n/a	n/a	n/a	1461.325676	n/a
1462.860500	0.000000	292572	ttl	2	71	n/a	n/a	n/a	n/a	n/a	n/a	n/a	n/a	n/a	n/a	n/a	n/a	n/a	n/a	n/a	n/a	n/a	n/a	n/a	n/a	n/a	1462.860500	n/a
1464.211447	0.000000	292842	ttl	4	71	n/a	n/a	n/a	n/a	n/a	n/a	n/a	n/a	n/a	n/a	n/a	n/a	n/a	n/a	n/a	n/a	n/a	n/a	n/a	n/a	n/a	1464.211447	n/a
1464.264101	0.000000	292853	ttl	11	71	n/a	n/a	n/a	n/a	n/a	n/a	n/a	n/a	n/a	n/a	n/a	n/a	n/a	n/a	n/a	n/a	n/a	n/a	n/a	n/a	n/a	1464.264101	n/a
1464.880638	1.534643	292976	scene_recognition	n/a	n/a	n/a	71.0	n/a	n/a	n/a	1464.2641012499998	n/a	0.7368069928052137	2	3	1	HB_9_frameB.png	2	4	1467.15208775	1	96	n/a	n/a	intervals/recognition_table	95	1464.880638	1466.415281
1464.880638	0.000000	292976	ttl	1	71	n/a	n/a	n/a	n/a	n/a	n/a	n/a	n/a	n/a	n/a	n/a	n/a	n/a	n/a	n/a	n/a	n/a	n/a	n/a	n/a	n/a	1464.880638	n/a
1466.415281	0.000000	293283	ttl	2	71	n/a	n/a	n/a	n/a	n/a	n/a	n/a	n/a	n/a	n/a	n/a	n/a	n/a	n/a	n/a	n/a	n/a	n/a	n/a	n/a	n/a	1466.415281	n/a
1467.152088	0.000000	293430	ttl	4	71	n/a	n/a	n/a	n/a	n/a	n/a	n/a	n/a	n/a	n/a	n/a	n/a	n/a	n/a	n/a	n/a	n/a	n/a	n/a	n/a	n/a	1467.152088	n/a
1467.166818	0.000000	293433	ttl	11	71	n/a	n/a	n/a	n/a	n/a	n/a	n/a	n/a	n/a	n/a	n/a	n/a	n/a	n/a	n/a	n/a	n/a	n/a	n/a	n/a	n/a	1467.166818	n/a
1467.750031	1.534780	293550	scene_recognition	n/a	n/a	n/a	71.0	n/a	n/a	n/a	1467.1668184999999	n/a	1.5227291465562303	1	3	1	HB_7_frameA.png	1	5	1470.8075405	1	97	n/a	n/a	intervals/recognition_table	96	1467.750031	1469.284811
1467.750031	0.000000	293550	ttl	1	71	n/a	n/a	n/a	n/a	n/a	n/a	n/a	n/a	n/a	n/a	n/a	n/a	n/a	n/a	n/a	n/a	n/a	n/a	n/a	n/a	n/a	1467.750031	n/a
1469.284811	0.000000	293857	ttl	2	71	n/a	n/a	n/a	n/a	n/a	n/a	n/a	n/a	n/a	n/a	n/a	n/a	n/a	n/a	n/a	n/a	n/a	n/a	n/a	n/a	n/a	1469.284811	n/a
1470.807540	0.000000	294162	ttl	4	71	n/a	n/a	n/a	n/a	n/a	n/a	n/a	n/a	n/a	n/a	n/a	n/a	n/a	n/a	n/a	n/a	n/a	n/a	n/a	n/a	n/a	1470.807540	n/a
1470.868249	0.000000	294174	ttl	11	71	n/a	n/a	n/a	n/a	n/a	n/a	n/a	n/a	n/a	n/a	n/a	n/a	n/a	n/a	n/a	n/a	n/a	n/a	n/a	n/a	n/a	1470.868249	n/a
1471.434806	1.533727	294287	scene_recognition	n/a	n/a	n/a	71.0	n/a	n/a	n/a	1470.8682494999998	n/a	1.418825601809658	2	3	1	HB_6_frameA.png	2	4	1474.3873585	1	98	n/a	n/a	intervals/recognition_table	97	1471.434806	1472.968533
1471.434806	0.000000	294287	ttl	1	71	n/a	n/a	n/a	n/a	n/a	n/a	n/a	n/a	n/a	n/a	n/a	n/a	n/a	n/a	n/a	n/a	n/a	n/a	n/a	n/a	n/a	1471.434806	n/a
1472.968533	0.000000	294594	ttl	2	71	n/a	n/a	n/a	n/a	n/a	n/a	n/a	n/a	n/a	n/a	n/a	n/a	n/a	n/a	n/a	n/a	n/a	n/a	n/a	n/a	n/a	1472.968533	n/a
1474.387358	0.000000	294877	ttl	4	71	n/a	n/a	n/a	n/a	n/a	n/a	n/a	n/a	n/a	n/a	n/a	n/a	n/a	n/a	n/a	n/a	n/a	n/a	n/a	n/a	n/a	1474.387358	n/a
1474.457970	0.000000	294892	ttl	11	71	n/a	n/a	n/a	n/a	n/a	n/a	n/a	n/a	n/a	n/a	n/a	n/a	n/a	n/a	n/a	n/a	n/a	n/a	n/a	n/a	n/a	1474.457970	n/a
1474.974524	1.534086	294995	scene_recognition	n/a	n/a	n/a	71.0	n/a	n/a	n/a	1474.45797025	n/a	1.3520935711858328	2	1	2	NB_12_frameB_foil.png	1	6	1477.860704	0	99	n/a	n/a	intervals/recognition_table	98	1474.974524	1476.508610
1474.974524	0.000000	294995	ttl	1	71	n/a	n/a	n/a	n/a	n/a	n/a	n/a	n/a	n/a	n/a	n/a	n/a	n/a	n/a	n/a	n/a	n/a	n/a	n/a	n/a	n/a	1474.974524	n/a
1476.508610	0.000000	295302	ttl	2	71	n/a	n/a	n/a	n/a	n/a	n/a	n/a	n/a	n/a	n/a	n/a	n/a	n/a	n/a	n/a	n/a	n/a	n/a	n/a	n/a	n/a	1476.508610	n/a
1477.860704	0.000000	295572	ttl	4	71	n/a	n/a	n/a	n/a	n/a	n/a	n/a	n/a	n/a	n/a	n/a	n/a	n/a	n/a	n/a	n/a	n/a	n/a	n/a	n/a	n/a	1477.860704	n/a
1478.024640	0.000000	295605	ttl	11	71	n/a	n/a	n/a	n/a	n/a	n/a	n/a	n/a	n/a	n/a	n/a	n/a	n/a	n/a	n/a	n/a	n/a	n/a	n/a	n/a	n/a	1478.024640	n/a
1478.557870	1.534432	295712	scene_recognition	n/a	n/a	n/a	71.0	n/a	n/a	n/a	1478.02463975	n/a	0.9480765909393085	1	3	2	HB_6_frameB_foil.png	2	3	1481.04037875	0	100	n/a	n/a	intervals/recognition_table	99	1478.557870	1480.092302
1478.557870	0.000000	295712	ttl	1	71	n/a	n/a	n/a	n/a	n/a	n/a	n/a	n/a	n/a	n/a	n/a	n/a	n/a	n/a	n/a	n/a	n/a	n/a	n/a	n/a	n/a	1478.557870	n/a
1480.092302	0.000000	296018	ttl	2	71	n/a	n/a	n/a	n/a	n/a	n/a	n/a	n/a	n/a	n/a	n/a	n/a	n/a	n/a	n/a	n/a	n/a	n/a	n/a	n/a	n/a	1480.092302	n/a
1481.040379	0.000000	296208	ttl	4	71	n/a	n/a	n/a	n/a	n/a	n/a	n/a	n/a	n/a	n/a	n/a	n/a	n/a	n/a	n/a	n/a	n/a	n/a	n/a	n/a	n/a	1481.040379	n/a
1481.168303	0.000000	296234	ttl	11	71	n/a	n/a	n/a	n/a	n/a	n/a	n/a	n/a	n/a	n/a	n/a	n/a	n/a	n/a	n/a	n/a	n/a	n/a	n/a	n/a	n/a	1481.168303	n/a
1481.701536	1.533851	296340	scene_recognition	n/a	n/a	n/a	71.0	n/a	n/a	n/a	1481.1683027499998	n/a	1.2369504514645087	2	2	2	SB_8_frameA.png	2	3	1484.47233775	1	101	n/a	n/a	intervals/recognition_table	100	1481.701536	1483.235387
1481.701536	0.000000	296340	ttl	1	71	n/a	n/a	n/a	n/a	n/a	n/a	n/a	n/a	n/a	n/a	n/a	n/a	n/a	n/a	n/a	n/a	n/a	n/a	n/a	n/a	n/a	1481.701536	n/a
1483.235387	0.000000	296647	ttl	2	71	n/a	n/a	n/a	n/a	n/a	n/a	n/a	n/a	n/a	n/a	n/a	n/a	n/a	n/a	n/a	n/a	n/a	n/a	n/a	n/a	n/a	1483.235387	n/a
1484.472338	0.000000	296894	ttl	4	71	n/a	n/a	n/a	n/a	n/a	n/a	n/a	n/a	n/a	n/a	n/a	n/a	n/a	n/a	n/a	n/a	n/a	n/a	n/a	n/a	n/a	1484.472338	n/a
1484.487165	0.000000	296897	ttl	11	71	n/a	n/a	n/a	n/a	n/a	n/a	n/a	n/a	n/a	n/a	n/a	n/a	n/a	n/a	n/a	n/a	n/a	n/a	n/a	n/a	n/a	1484.487165	n/a
1485.020364	1.533817	297004	scene_recognition	n/a	n/a	n/a	71.0	n/a	n/a	n/a	1484.4871655	n/a	1.556670065925573	2	2	2	SB_1_frameB.png	2	3	1488.110851	1	102	n/a	n/a	intervals/recognition_table	101	1485.020364	1486.554181
1485.020364	0.000000	297004	ttl	1	71	n/a	n/a	n/a	n/a	n/a	n/a	n/a	n/a	n/a	n/a	n/a	n/a	n/a	n/a	n/a	n/a	n/a	n/a	n/a	n/a	n/a	1485.020364	n/a
1486.554181	0.000000	297311	ttl	2	71	n/a	n/a	n/a	n/a	n/a	n/a	n/a	n/a	n/a	n/a	n/a	n/a	n/a	n/a	n/a	n/a	n/a	n/a	n/a	n/a	n/a	1486.554181	n/a
1488.110851	0.000000	297622	ttl	4	71	n/a	n/a	n/a	n/a	n/a	n/a	n/a	n/a	n/a	n/a	n/a	n/a	n/a	n/a	n/a	n/a	n/a	n/a	n/a	n/a	n/a	1488.110851	n/a
1488.272256	0.000000	297654	ttl	11	71	n/a	n/a	n/a	n/a	n/a	n/a	n/a	n/a	n/a	n/a	n/a	n/a	n/a	n/a	n/a	n/a	n/a	n/a	n/a	n/a	n/a	1488.272256	n/a
1488.805479	1.533892	297761	scene_recognition	n/a	n/a	n/a	71.0	n/a	n/a	n/a	1488.2722557499999	n/a	1.1219478563580196	2	3	3	HB_4_frameA_foil.png	1	7	1491.461319	0	103	n/a	n/a	intervals/recognition_table	102	1488.805479	1490.339371
1488.805479	0.000000	297761	ttl	1	71	n/a	n/a	n/a	n/a	n/a	n/a	n/a	n/a	n/a	n/a	n/a	n/a	n/a	n/a	n/a	n/a	n/a	n/a	n/a	n/a	n/a	1488.805479	n/a
1490.339371	0.000000	298068	ttl	2	71	n/a	n/a	n/a	n/a	n/a	n/a	n/a	n/a	n/a	n/a	n/a	n/a	n/a	n/a	n/a	n/a	n/a	n/a	n/a	n/a	n/a	1490.339371	n/a
1491.461319	0.000000	298292	ttl	4	71	n/a	n/a	n/a	n/a	n/a	n/a	n/a	n/a	n/a	n/a	n/a	n/a	n/a	n/a	n/a	n/a	n/a	n/a	n/a	n/a	n/a	1491.461319	n/a
1491.612983	0.000000	298323	ttl	11	71	n/a	n/a	n/a	n/a	n/a	n/a	n/a	n/a	n/a	n/a	n/a	n/a	n/a	n/a	n/a	n/a	n/a	n/a	n/a	n/a	n/a	1491.612983	n/a
1492.162861	1.534824	298433	scene_recognition	n/a	n/a	n/a	71.0	n/a	n/a	n/a	1491.6129825	n/a	1.3530985007382696	2	1	2	NB_13_frameA_foil.png	1	6	1495.05078325	0	104	n/a	n/a	intervals/recognition_table	103	1492.162861	1493.697685
1492.162861	0.000000	298433	ttl	1	71	n/a	n/a	n/a	n/a	n/a	n/a	n/a	n/a	n/a	n/a	n/a	n/a	n/a	n/a	n/a	n/a	n/a	n/a	n/a	n/a	n/a	1492.162861	n/a
1493.697685	0.000000	298740	ttl	2	71	n/a	n/a	n/a	n/a	n/a	n/a	n/a	n/a	n/a	n/a	n/a	n/a	n/a	n/a	n/a	n/a	n/a	n/a	n/a	n/a	n/a	1493.697685	n/a
1495.050783	0.000000	299010	ttl	4	71	n/a	n/a	n/a	n/a	n/a	n/a	n/a	n/a	n/a	n/a	n/a	n/a	n/a	n/a	n/a	n/a	n/a	n/a	n/a	n/a	n/a	1495.050783	n/a
1495.212756	0.000000	299043	ttl	11	71	n/a	n/a	n/a	n/a	n/a	n/a	n/a	n/a	n/a	n/a	n/a	n/a	n/a	n/a	n/a	n/a	n/a	n/a	n/a	n/a	n/a	1495.212756	n/a
1495.712644	1.533868	299143	scene_recognition	n/a	n/a	n/a	71.0	n/a	n/a	n/a	1495.21275575	n/a	1.7416700895264512	2	2	3	SB_6_frameB.png	2	2	1498.9881825	1	105	n/a	n/a	intervals/recognition_table	104	1495.712644	1497.246512
1495.712644	0.000000	299143	ttl	1	71	n/a	n/a	n/a	n/a	n/a	n/a	n/a	n/a	n/a	n/a	n/a	n/a	n/a	n/a	n/a	n/a	n/a	n/a	n/a	n/a	n/a	1495.712644	n/a
1497.246512	0.000000	299449	ttl	2	71	n/a	n/a	n/a	n/a	n/a	n/a	n/a	n/a	n/a	n/a	n/a	n/a	n/a	n/a	n/a	n/a	n/a	n/a	n/a	n/a	n/a	1497.246512	n/a
1498.988182	0.000000	299798	ttl	4	71	n/a	n/a	n/a	n/a	n/a	n/a	n/a	n/a	n/a	n/a	n/a	n/a	n/a	n/a	n/a	n/a	n/a	n/a	n/a	n/a	n/a	1498.988182	n/a
1499.002978	0.000000	299801	ttl	11	71	n/a	n/a	n/a	n/a	n/a	n/a	n/a	n/a	n/a	n/a	n/a	n/a	n/a	n/a	n/a	n/a	n/a	n/a	n/a	n/a	n/a	1499.002978	n/a
1499.552883	1.534958	299911	scene_recognition	n/a	n/a	n/a	71.0	n/a	n/a	n/a	1499.0029775	n/a	1.354607066285098	2	1	2	NB_27_frameA_foil.png	1	6	1502.4424482499999	0	106	n/a	n/a	intervals/recognition_table	105	1499.552883	1501.087841
1499.552883	0.000000	299911	ttl	1	71	n/a	n/a	n/a	n/a	n/a	n/a	n/a	n/a	n/a	n/a	n/a	n/a	n/a	n/a	n/a	n/a	n/a	n/a	n/a	n/a	n/a	1499.552883	n/a
1501.087841	0.000000	300218	ttl	2	71	n/a	n/a	n/a	n/a	n/a	n/a	n/a	n/a	n/a	n/a	n/a	n/a	n/a	n/a	n/a	n/a	n/a	n/a	n/a	n/a	n/a	1501.087841	n/a
1502.442448	0.000000	300488	ttl	4	71	n/a	n/a	n/a	n/a	n/a	n/a	n/a	n/a	n/a	n/a	n/a	n/a	n/a	n/a	n/a	n/a	n/a	n/a	n/a	n/a	n/a	1502.442448	n/a
1502.607831	0.000000	300522	ttl	11	71	n/a	n/a	n/a	n/a	n/a	n/a	n/a	n/a	n/a	n/a	n/a	n/a	n/a	n/a	n/a	n/a	n/a	n/a	n/a	n/a	n/a	1502.607831	n/a
1503.124395	1.534371	300625	scene_recognition	n/a	n/a	n/a	71.0	n/a	n/a	n/a	1502.60783075	n/a	1.3547054321679752	2	1	3	NB_2_frameA.png	2	2	1506.0134715	1	107	n/a	n/a	intervals/recognition_table	106	1503.124395	1504.658766
1503.124395	0.000000	300625	ttl	1	71	n/a	n/a	n/a	n/a	n/a	n/a	n/a	n/a	n/a	n/a	n/a	n/a	n/a	n/a	n/a	n/a	n/a	n/a	n/a	n/a	n/a	1503.124395	n/a
1504.658766	0.000000	300932	ttl	2	71	n/a	n/a	n/a	n/a	n/a	n/a	n/a	n/a	n/a	n/a	n/a	n/a	n/a	n/a	n/a	n/a	n/a	n/a	n/a	n/a	n/a	1504.658766	n/a
1506.013471	0.000000	301203	ttl	4	71	n/a	n/a	n/a	n/a	n/a	n/a	n/a	n/a	n/a	n/a	n/a	n/a	n/a	n/a	n/a	n/a	n/a	n/a	n/a	n/a	n/a	1506.013471	n/a
1506.071419	0.000000	301214	ttl	11	71	n/a	n/a	n/a	n/a	n/a	n/a	n/a	n/a	n/a	n/a	n/a	n/a	n/a	n/a	n/a	n/a	n/a	n/a	n/a	n/a	n/a	1506.071419	n/a
1506.621318	1.534692	301324	scene_recognition	n/a	n/a	n/a	71.0	n/a	n/a	n/a	1506.07141875	n/a	1.0247478116943967	2	3	2	HB_6_frameB_foil.png	1	6	1509.180758	0	108	n/a	n/a	intervals/recognition_table	107	1506.621318	1508.156010
1506.621318	0.000000	301324	ttl	1	71	n/a	n/a	n/a	n/a	n/a	n/a	n/a	n/a	n/a	n/a	n/a	n/a	n/a	n/a	n/a	n/a	n/a	n/a	n/a	n/a	n/a	1506.621318	n/a
1508.156010	0.000000	301631	ttl	2	71	n/a	n/a	n/a	n/a	n/a	n/a	n/a	n/a	n/a	n/a	n/a	n/a	n/a	n/a	n/a	n/a	n/a	n/a	n/a	n/a	n/a	1508.156010	n/a
1509.180758	0.000000	301836	ttl	4	71	n/a	n/a	n/a	n/a	n/a	n/a	n/a	n/a	n/a	n/a	n/a	n/a	n/a	n/a	n/a	n/a	n/a	n/a	n/a	n/a	n/a	1509.180758	n/a
1509.344399	0.000000	301869	ttl	11	71	n/a	n/a	n/a	n/a	n/a	n/a	n/a	n/a	n/a	n/a	n/a	n/a	n/a	n/a	n/a	n/a	n/a	n/a	n/a	n/a	n/a	1509.344399	n/a
1509.877636	1.535209	301976	scene_recognition	n/a	n/a	n/a	71.0	n/a	n/a	n/a	1509.34439925	n/a	1.3536783743911656	1	1	3	NB_11_frameB.png	1	7	1512.76652375	1	109	n/a	n/a	intervals/recognition_table	108	1509.877636	1511.412846
1509.877636	0.000000	301976	ttl	1	71	n/a	n/a	n/a	n/a	n/a	n/a	n/a	n/a	n/a	n/a	n/a	n/a	n/a	n/a	n/a	n/a	n/a	n/a	n/a	n/a	n/a	1509.877636	n/a
1511.412846	0.000000	302283	ttl	2	71	n/a	n/a	n/a	n/a	n/a	n/a	n/a	n/a	n/a	n/a	n/a	n/a	n/a	n/a	n/a	n/a	n/a	n/a	n/a	n/a	n/a	1511.412846	n/a
1512.766524	0.000000	302553	ttl	4	71	n/a	n/a	n/a	n/a	n/a	n/a	n/a	n/a	n/a	n/a	n/a	n/a	n/a	n/a	n/a	n/a	n/a	n/a	n/a	n/a	n/a	1512.766524	n/a
1512.900787	0.000000	302580	ttl	11	71	n/a	n/a	n/a	n/a	n/a	n/a	n/a	n/a	n/a	n/a	n/a	n/a	n/a	n/a	n/a	n/a	n/a	n/a	n/a	n/a	n/a	1512.900787	n/a
1513.417343	1.534533	302683	scene_recognition	n/a	n/a	n/a	71.0	n/a	n/a	n/a	1512.90078675	n/a	1.025191301916493	1	2	3	SB_1_frameA.png	1	7	1515.97706725	1	110	n/a	n/a	intervals/recognition_table	109	1513.417343	1514.951876
1513.417343	0.000000	302683	ttl	1	71	n/a	n/a	n/a	n/a	n/a	n/a	n/a	n/a	n/a	n/a	n/a	n/a	n/a	n/a	n/a	n/a	n/a	n/a	n/a	n/a	n/a	1513.417343	n/a
1514.951876	0.000000	302990	ttl	2	71	n/a	n/a	n/a	n/a	n/a	n/a	n/a	n/a	n/a	n/a	n/a	n/a	n/a	n/a	n/a	n/a	n/a	n/a	n/a	n/a	n/a	1514.951876	n/a
1515.977067	0.000000	303195	ttl	4	71	n/a	n/a	n/a	n/a	n/a	n/a	n/a	n/a	n/a	n/a	n/a	n/a	n/a	n/a	n/a	n/a	n/a	n/a	n/a	n/a	n/a	1515.977067	n/a
1515.991200	0.000000	303198	ttl	11	71	n/a	n/a	n/a	n/a	n/a	n/a	n/a	n/a	n/a	n/a	n/a	n/a	n/a	n/a	n/a	n/a	n/a	n/a	n/a	n/a	n/a	1515.991200	n/a
1516.491091	1.533794	303298	scene_recognition	n/a	n/a	n/a	71.0	n/a	n/a	n/a	1515.9912	n/a	1.408533891008119	2	3	2	HB_1_frameB.png	2	3	1519.4334187499999	1	111	n/a	n/a	intervals/recognition_table	110	1516.491091	1518.024885
1516.491091	0.000000	303298	ttl	1	71	n/a	n/a	n/a	n/a	n/a	n/a	n/a	n/a	n/a	n/a	n/a	n/a	n/a	n/a	n/a	n/a	n/a	n/a	n/a	n/a	n/a	1516.491091	n/a
1518.024885	0.000000	303605	ttl	2	71	n/a	n/a	n/a	n/a	n/a	n/a	n/a	n/a	n/a	n/a	n/a	n/a	n/a	n/a	n/a	n/a	n/a	n/a	n/a	n/a	n/a	1518.024885	n/a
1519.433419	0.000000	303887	ttl	4	71	n/a	n/a	n/a	n/a	n/a	n/a	n/a	n/a	n/a	n/a	n/a	n/a	n/a	n/a	n/a	n/a	n/a	n/a	n/a	n/a	n/a	1519.433419	n/a
1519.502388	0.000000	303900	ttl	11	71	n/a	n/a	n/a	n/a	n/a	n/a	n/a	n/a	n/a	n/a	n/a	n/a	n/a	n/a	n/a	n/a	n/a	n/a	n/a	n/a	n/a	1519.502388	n/a
1520.002191	1.535023	304000	scene_recognition	n/a	n/a	n/a	71.0	n/a	n/a	n/a	1519.5023884999998	n/a	0.8196422079781769	2	2	3	SB_9_frameA.png	2	2	1522.35685625	1	112	n/a	n/a	intervals/recognition_table	111	1520.002191	1521.537214
1520.002191	0.000000	304000	ttl	1	71	n/a	n/a	n/a	n/a	n/a	n/a	n/a	n/a	n/a	n/a	n/a	n/a	n/a	n/a	n/a	n/a	n/a	n/a	n/a	n/a	n/a	1520.002191	n/a
1521.537214	0.000000	304307	ttl	2	71	n/a	n/a	n/a	n/a	n/a	n/a	n/a	n/a	n/a	n/a	n/a	n/a	n/a	n/a	n/a	n/a	n/a	n/a	n/a	n/a	n/a	1521.537214	n/a
1522.356856	0.000000	304471	ttl	4	71	n/a	n/a	n/a	n/a	n/a	n/a	n/a	n/a	n/a	n/a	n/a	n/a	n/a	n/a	n/a	n/a	n/a	n/a	n/a	n/a	n/a	1522.356856	n/a
1522.370808	0.000000	304474	ttl	11	71	n/a	n/a	n/a	n/a	n/a	n/a	n/a	n/a	n/a	n/a	n/a	n/a	n/a	n/a	n/a	n/a	n/a	n/a	n/a	n/a	n/a	1522.370808	n/a
1522.920711	1.534645	304584	scene_recognition	n/a	n/a	n/a	71.0	n/a	n/a	n/a	1522.37080775	n/a	1.354687233149889	2	1	3	NB_17_frameA_foil.png	1	7	1525.810043	0	113	n/a	n/a	intervals/recognition_table	112	1522.920711	1524.455356
1522.920711	0.000000	304584	ttl	1	71	n/a	n/a	n/a	n/a	n/a	n/a	n/a	n/a	n/a	n/a	n/a	n/a	n/a	n/a	n/a	n/a	n/a	n/a	n/a	n/a	n/a	1522.920711	n/a
1524.455356	0.000000	304891	ttl	2	71	n/a	n/a	n/a	n/a	n/a	n/a	n/a	n/a	n/a	n/a	n/a	n/a	n/a	n/a	n/a	n/a	n/a	n/a	n/a	n/a	n/a	1524.455356	n/a
1525.810043	0.000000	305162	ttl	4	71	n/a	n/a	n/a	n/a	n/a	n/a	n/a	n/a	n/a	n/a	n/a	n/a	n/a	n/a	n/a	n/a	n/a	n/a	n/a	n/a	n/a	1525.810043	n/a
1525.927117	0.000000	305185	ttl	11	71	n/a	n/a	n/a	n/a	n/a	n/a	n/a	n/a	n/a	n/a	n/a	n/a	n/a	n/a	n/a	n/a	n/a	n/a	n/a	n/a	n/a	1525.927117	n/a
1526.493671	1.534636	305299	scene_recognition	n/a	n/a	n/a	71.0	n/a	n/a	n/a	1525.9271167499999	n/a	0.9811138677614508	1	3	1	HB_4_frameA_foil.png	2	4	1529.009421	0	114	n/a	n/a	intervals/recognition_table	113	1526.493671	1528.028307
1526.493671	0.000000	305299	ttl	1	71	n/a	n/a	n/a	n/a	n/a	n/a	n/a	n/a	n/a	n/a	n/a	n/a	n/a	n/a	n/a	n/a	n/a	n/a	n/a	n/a	n/a	1526.493671	n/a
1528.028307	0.000000	305606	ttl	2	71	n/a	n/a	n/a	n/a	n/a	n/a	n/a	n/a	n/a	n/a	n/a	n/a	n/a	n/a	n/a	n/a	n/a	n/a	n/a	n/a	n/a	1528.028307	n/a
1529.009421	0.000000	305802	ttl	4	71	n/a	n/a	n/a	n/a	n/a	n/a	n/a	n/a	n/a	n/a	n/a	n/a	n/a	n/a	n/a	n/a	n/a	n/a	n/a	n/a	n/a	1529.009421	n/a
1529.128418	0.000000	305826	ttl	11	71	n/a	n/a	n/a	n/a	n/a	n/a	n/a	n/a	n/a	n/a	n/a	n/a	n/a	n/a	n/a	n/a	n/a	n/a	n/a	n/a	n/a	1529.128418	n/a
1529.661640	1.534264	305932	scene_recognition	n/a	n/a	n/a	71.0	n/a	n/a	n/a	1529.12841775	n/a	1.4616414984775474	2	3	1	HB_2_frameA.png	2	4	1532.6575457499998	1	115	n/a	n/a	intervals/recognition_table	114	1529.661640	1531.195904
1529.661640	0.000000	305932	ttl	1	71	n/a	n/a	n/a	n/a	n/a	n/a	n/a	n/a	n/a	n/a	n/a	n/a	n/a	n/a	n/a	n/a	n/a	n/a	n/a	n/a	n/a	1529.661640	n/a
1531.195904	0.000000	306239	ttl	2	71	n/a	n/a	n/a	n/a	n/a	n/a	n/a	n/a	n/a	n/a	n/a	n/a	n/a	n/a	n/a	n/a	n/a	n/a	n/a	n/a	n/a	1531.195904	n/a
1532.657546	0.000000	306532	ttl	4	71	n/a	n/a	n/a	n/a	n/a	n/a	n/a	n/a	n/a	n/a	n/a	n/a	n/a	n/a	n/a	n/a	n/a	n/a	n/a	n/a	n/a	1532.657546	n/a
1532.782963	0.000000	306557	ttl	11	71	n/a	n/a	n/a	n/a	n/a	n/a	n/a	n/a	n/a	n/a	n/a	n/a	n/a	n/a	n/a	n/a	n/a	n/a	n/a	n/a	n/a	1532.782963	n/a
1533.299513	1.533842	306660	scene_recognition	n/a	n/a	n/a	71.0	n/a	n/a	n/a	1532.78296275	n/a	1.8085334519273601	1	2	3	SB_3_frameB_foil.png	2	2	1536.6418884999998	0	116	n/a	n/a	intervals/recognition_table	115	1533.299513	1534.833355
1533.299513	0.000000	306660	ttl	1	71	n/a	n/a	n/a	n/a	n/a	n/a	n/a	n/a	n/a	n/a	n/a	n/a	n/a	n/a	n/a	n/a	n/a	n/a	n/a	n/a	n/a	1533.299513	n/a
1534.833355	0.000000	306967	ttl	2	71	n/a	n/a	n/a	n/a	n/a	n/a	n/a	n/a	n/a	n/a	n/a	n/a	n/a	n/a	n/a	n/a	n/a	n/a	n/a	n/a	n/a	1534.833355	n/a
1536.641888	0.000000	307328	ttl	4	71	n/a	n/a	n/a	n/a	n/a	n/a	n/a	n/a	n/a	n/a	n/a	n/a	n/a	n/a	n/a	n/a	n/a	n/a	n/a	n/a	n/a	1536.641888	n/a
1536.708881	0.000000	307342	ttl	11	71	n/a	n/a	n/a	n/a	n/a	n/a	n/a	n/a	n/a	n/a	n/a	n/a	n/a	n/a	n/a	n/a	n/a	n/a	n/a	n/a	n/a	1536.708881	n/a
1537.208764	1.534608	307442	scene_recognition	n/a	n/a	n/a	71.0	n/a	n/a	n/a	1536.708881	n/a	1.3566928287764313	1	1	2	NB_28_frameA.png	1	6	1540.1000649999999	1	117	n/a	n/a	intervals/recognition_table	116	1537.208764	1538.743372
1537.208764	0.000000	307442	ttl	1	71	n/a	n/a	n/a	n/a	n/a	n/a	n/a	n/a	n/a	n/a	n/a	n/a	n/a	n/a	n/a	n/a	n/a	n/a	n/a	n/a	n/a	1537.208764	n/a
1538.743372	0.000000	307749	ttl	2	71	n/a	n/a	n/a	n/a	n/a	n/a	n/a	n/a	n/a	n/a	n/a	n/a	n/a	n/a	n/a	n/a	n/a	n/a	n/a	n/a	n/a	1538.743372	n/a
1540.100065	0.000000	308020	ttl	4	71	n/a	n/a	n/a	n/a	n/a	n/a	n/a	n/a	n/a	n/a	n/a	n/a	n/a	n/a	n/a	n/a	n/a	n/a	n/a	n/a	n/a	1540.100065	n/a
1540.238919	0.000000	308048	ttl	11	71	n/a	n/a	n/a	n/a	n/a	n/a	n/a	n/a	n/a	n/a	n/a	n/a	n/a	n/a	n/a	n/a	n/a	n/a	n/a	n/a	n/a	1540.238919	n/a
1540.705496	1.534801	308141	scene_recognition	n/a	n/a	n/a	71.0	n/a	n/a	n/a	1540.23891925	n/a	0.8811758876545355	1	3	2	HB_3_frameB.png	1	6	1543.12147325	1	118	n/a	n/a	intervals/recognition_table	117	1540.705496	1542.240297
1540.705496	0.000000	308141	ttl	1	71	n/a	n/a	n/a	n/a	n/a	n/a	n/a	n/a	n/a	n/a	n/a	n/a	n/a	n/a	n/a	n/a	n/a	n/a	n/a	n/a	n/a	1540.705496	n/a
1542.240297	0.000000	308448	ttl	2	71	n/a	n/a	n/a	n/a	n/a	n/a	n/a	n/a	n/a	n/a	n/a	n/a	n/a	n/a	n/a	n/a	n/a	n/a	n/a	n/a	n/a	1542.240297	n/a
1543.121473	0.000000	308624	ttl	4	71	n/a	n/a	n/a	n/a	n/a	n/a	n/a	n/a	n/a	n/a	n/a	n/a	n/a	n/a	n/a	n/a	n/a	n/a	n/a	n/a	n/a	1543.121473	n/a
1543.190369	0.000000	308638	ttl	11	71	n/a	n/a	n/a	n/a	n/a	n/a	n/a	n/a	n/a	n/a	n/a	n/a	n/a	n/a	n/a	n/a	n/a	n/a	n/a	n/a	n/a	1543.190369	n/a
1543.790247	1.533906	308758	scene_recognition	n/a	n/a	n/a	71.0	n/a	n/a	n/a	1543.19036925	n/a	1.353917584332521	2	1	2	NB_17_frameB.png	2	3	1546.6780709999998	1	119	n/a	n/a	intervals/recognition_table	118	1543.790247	1545.324153
1543.790247	0.000000	308758	ttl	1	71	n/a	n/a	n/a	n/a	n/a	n/a	n/a	n/a	n/a	n/a	n/a	n/a	n/a	n/a	n/a	n/a	n/a	n/a	n/a	n/a	n/a	1543.790247	n/a
1545.324153	0.000000	309065	ttl	2	71	n/a	n/a	n/a	n/a	n/a	n/a	n/a	n/a	n/a	n/a	n/a	n/a	n/a	n/a	n/a	n/a	n/a	n/a	n/a	n/a	n/a	1545.324153	n/a
1546.678071	0.000000	309336	ttl	4	71	n/a	n/a	n/a	n/a	n/a	n/a	n/a	n/a	n/a	n/a	n/a	n/a	n/a	n/a	n/a	n/a	n/a	n/a	n/a	n/a	n/a	1546.678071	n/a
1546.743771	0.000000	309349	ttl	11	71	n/a	n/a	n/a	n/a	n/a	n/a	n/a	n/a	n/a	n/a	n/a	n/a	n/a	n/a	n/a	n/a	n/a	n/a	n/a	n/a	n/a	1546.743771	n/a
1547.210347	1.534761	309442	scene_recognition	n/a	n/a	n/a	71.0	n/a	n/a	n/a	1546.743771	n/a	1.6251371998368995	2	3	3	HB_2_frameB_foil.png	1	7	1550.37024425	0	120	n/a	n/a	intervals/recognition_table	119	1547.210347	1548.745107
1547.210347	0.000000	309442	ttl	1	71	n/a	n/a	n/a	n/a	n/a	n/a	n/a	n/a	n/a	n/a	n/a	n/a	n/a	n/a	n/a	n/a	n/a	n/a	n/a	n/a	n/a	1547.210347	n/a
1548.745107	0.000000	309749	ttl	2	71	n/a	n/a	n/a	n/a	n/a	n/a	n/a	n/a	n/a	n/a	n/a	n/a	n/a	n/a	n/a	n/a	n/a	n/a	n/a	n/a	n/a	1548.745107	n/a
1550.370244	0.000000	310074	ttl	4	71	n/a	n/a	n/a	n/a	n/a	n/a	n/a	n/a	n/a	n/a	n/a	n/a	n/a	n/a	n/a	n/a	n/a	n/a	n/a	n/a	n/a	1550.370244	n/a
1550.449653	0.000000	310090	ttl	11	71	n/a	n/a	n/a	n/a	n/a	n/a	n/a	n/a	n/a	n/a	n/a	n/a	n/a	n/a	n/a	n/a	n/a	n/a	n/a	n/a	n/a	1550.449653	n/a
1550.999547	1.533893	310200	scene_recognition	n/a	n/a	n/a	71.0	n/a	n/a	n/a	1550.44965325	n/a	1.6415944028703962	2	2	3	SB_1_frameB_foil.png	1	7	1554.1750352499998	0	121	n/a	n/a	intervals/recognition_table	120	1550.999547	1552.533441
1550.999547	0.000000	310200	ttl	1	71	n/a	n/a	n/a	n/a	n/a	n/a	n/a	n/a	n/a	n/a	n/a	n/a	n/a	n/a	n/a	n/a	n/a	n/a	n/a	n/a	n/a	1550.999547	n/a
1552.533441	0.000000	310507	ttl	2	71	n/a	n/a	n/a	n/a	n/a	n/a	n/a	n/a	n/a	n/a	n/a	n/a	n/a	n/a	n/a	n/a	n/a	n/a	n/a	n/a	n/a	1552.533441	n/a
1554.175035	0.000000	310835	ttl	4	71	n/a	n/a	n/a	n/a	n/a	n/a	n/a	n/a	n/a	n/a	n/a	n/a	n/a	n/a	n/a	n/a	n/a	n/a	n/a	n/a	n/a	1554.175035	n/a
1554.298617	0.000000	310860	ttl	11	71	n/a	n/a	n/a	n/a	n/a	n/a	n/a	n/a	n/a	n/a	n/a	n/a	n/a	n/a	n/a	n/a	n/a	n/a	n/a	n/a	n/a	1554.298617	n/a
1554.815176	1.535218	310963	scene_recognition	n/a	n/a	n/a	71.0	n/a	n/a	n/a	1554.2986174999999	n/a	1.2353201524092583	2	3	2	HB_6_frameB.png	2	3	1557.5857134999999	1	122	n/a	n/a	intervals/recognition_table	121	1554.815176	1556.350393
1554.815176	0.000000	310963	ttl	1	71	n/a	n/a	n/a	n/a	n/a	n/a	n/a	n/a	n/a	n/a	n/a	n/a	n/a	n/a	n/a	n/a	n/a	n/a	n/a	n/a	n/a	1554.815176	n/a
1556.350393	0.000000	311270	ttl	2	71	n/a	n/a	n/a	n/a	n/a	n/a	n/a	n/a	n/a	n/a	n/a	n/a	n/a	n/a	n/a	n/a	n/a	n/a	n/a	n/a	n/a	1556.350393	n/a
1557.585713	0.000000	311517	ttl	4	71	n/a	n/a	n/a	n/a	n/a	n/a	n/a	n/a	n/a	n/a	n/a	n/a	n/a	n/a	n/a	n/a	n/a	n/a	n/a	n/a	n/a	1557.585713	n/a
1557.675855	0.000000	311535	ttl	11	71	n/a	n/a	n/a	n/a	n/a	n/a	n/a	n/a	n/a	n/a	n/a	n/a	n/a	n/a	n/a	n/a	n/a	n/a	n/a	n/a	n/a	1557.675855	n/a
1558.159099	1.534777	311632	scene_recognition	n/a	n/a	n/a	71.0	n/a	n/a	n/a	1557.6758547499999	n/a	1.3543573107453994	1	1	3	NB_18_frameB_foil.png	2	2	1561.04823275	0	123	n/a	n/a	intervals/recognition_table	122	1558.159099	1559.693875
1558.159099	0.000000	311632	ttl	1	71	n/a	n/a	n/a	n/a	n/a	n/a	n/a	n/a	n/a	n/a	n/a	n/a	n/a	n/a	n/a	n/a	n/a	n/a	n/a	n/a	n/a	1558.159099	n/a
1559.693875	0.000000	311939	ttl	2	71	n/a	n/a	n/a	n/a	n/a	n/a	n/a	n/a	n/a	n/a	n/a	n/a	n/a	n/a	n/a	n/a	n/a	n/a	n/a	n/a	n/a	1559.693875	n/a
1561.048233	0.000000	312210	ttl	4	71	n/a	n/a	n/a	n/a	n/a	n/a	n/a	n/a	n/a	n/a	n/a	n/a	n/a	n/a	n/a	n/a	n/a	n/a	n/a	n/a	n/a	1561.048233	n/a
1561.132925	0.000000	312227	ttl	11	71	n/a	n/a	n/a	n/a	n/a	n/a	n/a	n/a	n/a	n/a	n/a	n/a	n/a	n/a	n/a	n/a	n/a	n/a	n/a	n/a	n/a	1561.132925	n/a
1561.616155	1.534250	312323	scene_recognition	n/a	n/a	n/a	71.0	n/a	n/a	n/a	1561.13292525	n/a	1.2421279925329145	2	2	3	SB_6_frameB_foil.png	1	7	1564.3925327499999	0	124	n/a	n/a	intervals/recognition_table	123	1561.616155	1563.150405
1561.616155	0.000000	312323	ttl	1	71	n/a	n/a	n/a	n/a	n/a	n/a	n/a	n/a	n/a	n/a	n/a	n/a	n/a	n/a	n/a	n/a	n/a	n/a	n/a	n/a	n/a	1561.616155	n/a
1563.150405	0.000000	312630	ttl	2	71	n/a	n/a	n/a	n/a	n/a	n/a	n/a	n/a	n/a	n/a	n/a	n/a	n/a	n/a	n/a	n/a	n/a	n/a	n/a	n/a	n/a	1563.150405	n/a
1564.392533	0.000000	312879	ttl	4	71	n/a	n/a	n/a	n/a	n/a	n/a	n/a	n/a	n/a	n/a	n/a	n/a	n/a	n/a	n/a	n/a	n/a	n/a	n/a	n/a	n/a	1564.392533	n/a
1564.578429	0.000000	312916	ttl	11	71	n/a	n/a	n/a	n/a	n/a	n/a	n/a	n/a	n/a	n/a	n/a	n/a	n/a	n/a	n/a	n/a	n/a	n/a	n/a	n/a	n/a	1564.578429	n/a
1565.028303	1.551724	313006	scene_recognition	n/a	n/a	n/a	71.0	n/a	n/a	n/a	1564.5784294999999	n/a	1.9648288302414585	1	2	3	SB_5_frameA.png	1	7	1568.5448562499998	1	125	n/a	n/a	intervals/recognition_table	124	1565.028303	1566.580027
1565.028303	0.000000	313006	ttl	1	71	n/a	n/a	n/a	n/a	n/a	n/a	n/a	n/a	n/a	n/a	n/a	n/a	n/a	n/a	n/a	n/a	n/a	n/a	n/a	n/a	n/a	1565.028303	n/a
1566.580027	0.000000	313316	ttl	2	71	n/a	n/a	n/a	n/a	n/a	n/a	n/a	n/a	n/a	n/a	n/a	n/a	n/a	n/a	n/a	n/a	n/a	n/a	n/a	n/a	n/a	1566.580027	n/a
1568.544856	0.000000	313709	ttl	4	71	n/a	n/a	n/a	n/a	n/a	n/a	n/a	n/a	n/a	n/a	n/a	n/a	n/a	n/a	n/a	n/a	n/a	n/a	n/a	n/a	n/a	1568.544856	n/a
1568.599677	0.000000	313720	ttl	11	71	n/a	n/a	n/a	n/a	n/a	n/a	n/a	n/a	n/a	n/a	n/a	n/a	n/a	n/a	n/a	n/a	n/a	n/a	n/a	n/a	n/a	1568.599677	n/a
1569.082907	1.534721	313817	scene_recognition	n/a	n/a	n/a	71.0	n/a	n/a	n/a	1568.59967725	n/a	1.352576403558487	2	1	2	NB_7_frameA_foil.png	1	6	1571.9702045	0	126	n/a	n/a	intervals/recognition_table	125	1569.082907	1570.617628
1569.082907	0.000000	313817	ttl	1	71	n/a	n/a	n/a	n/a	n/a	n/a	n/a	n/a	n/a	n/a	n/a	n/a	n/a	n/a	n/a	n/a	n/a	n/a	n/a	n/a	n/a	1569.082907	n/a
1570.617628	0.000000	314124	ttl	2	71	n/a	n/a	n/a	n/a	n/a	n/a	n/a	n/a	n/a	n/a	n/a	n/a	n/a	n/a	n/a	n/a	n/a	n/a	n/a	n/a	n/a	1570.617628	n/a
1571.970204	0.000000	314394	ttl	4	71	n/a	n/a	n/a	n/a	n/a	n/a	n/a	n/a	n/a	n/a	n/a	n/a	n/a	n/a	n/a	n/a	n/a	n/a	n/a	n/a	n/a	1571.970204	n/a
1572.088621	0.000000	314418	ttl	11	71	n/a	n/a	n/a	n/a	n/a	n/a	n/a	n/a	n/a	n/a	n/a	n/a	n/a	n/a	n/a	n/a	n/a	n/a	n/a	n/a	n/a	1572.088621	n/a
1572.638512	1.534755	314528	scene_recognition	n/a	n/a	n/a	71.0	n/a	n/a	n/a	1572.08862075	n/a	1.354688690713374	2	1	3	NB_6_frameB_foil.png	1	7	1575.52795625	0	127	n/a	n/a	intervals/recognition_table	126	1572.638512	1574.173267
1572.638512	0.000000	314528	ttl	1	71	n/a	n/a	n/a	n/a	n/a	n/a	n/a	n/a	n/a	n/a	n/a	n/a	n/a	n/a	n/a	n/a	n/a	n/a	n/a	n/a	n/a	1572.638512	n/a
1574.173267	0.000000	314835	ttl	2	71	n/a	n/a	n/a	n/a	n/a	n/a	n/a	n/a	n/a	n/a	n/a	n/a	n/a	n/a	n/a	n/a	n/a	n/a	n/a	n/a	n/a	1574.173267	n/a
1575.527956	0.000000	315106	ttl	4	71	n/a	n/a	n/a	n/a	n/a	n/a	n/a	n/a	n/a	n/a	n/a	n/a	n/a	n/a	n/a	n/a	n/a	n/a	n/a	n/a	n/a	1575.527956	n/a
1575.641016	0.000000	315128	ttl	11	71	n/a	n/a	n/a	n/a	n/a	n/a	n/a	n/a	n/a	n/a	n/a	n/a	n/a	n/a	n/a	n/a	n/a	n/a	n/a	n/a	n/a	1575.641016	n/a
1576.174250	1.533767	315235	scene_recognition	n/a	n/a	n/a	71.0	n/a	n/a	n/a	1575.641016	n/a	0.25948573820642196	2	3	1	HB_5_frameB_foil.png	1	5	1577.9675025	0	128	n/a	n/a	intervals/recognition_table	127	1576.174250	1577.708017
1576.174250	0.000000	315235	ttl	1	71	n/a	n/a	n/a	n/a	n/a	n/a	n/a	n/a	n/a	n/a	n/a	n/a	n/a	n/a	n/a	n/a	n/a	n/a	n/a	n/a	n/a	1576.174250	n/a
1577.708017	0.000000	315542	ttl	2	71	n/a	n/a	n/a	n/a	n/a	n/a	n/a	n/a	n/a	n/a	n/a	n/a	n/a	n/a	n/a	n/a	n/a	n/a	n/a	n/a	n/a	1577.708017	n/a
1577.967502	0.000000	315594	ttl	4	71	n/a	n/a	n/a	n/a	n/a	n/a	n/a	n/a	n/a	n/a	n/a	n/a	n/a	n/a	n/a	n/a	n/a	n/a	n/a	n/a	n/a	1577.967502	n/a
1578.015896	0.000000	315603	ttl	11	71	n/a	n/a	n/a	n/a	n/a	n/a	n/a	n/a	n/a	n/a	n/a	n/a	n/a	n/a	n/a	n/a	n/a	n/a	n/a	n/a	n/a	1578.015896	n/a
1578.599105	1.534350	315720	scene_recognition	n/a	n/a	n/a	71.0	n/a	n/a	n/a	1578.0158964999998	n/a	1.419900618304382	2	3	1	HB_3_frameA_foil.png	1	5	1581.55335625	0	129	n/a	n/a	intervals/recognition_table	128	1578.599105	1580.133456
1578.599105	0.000000	315720	ttl	1	71	n/a	n/a	n/a	n/a	n/a	n/a	n/a	n/a	n/a	n/a	n/a	n/a	n/a	n/a	n/a	n/a	n/a	n/a	n/a	n/a	n/a	1578.599105	n/a
1580.133456	0.000000	316027	ttl	2	71	n/a	n/a	n/a	n/a	n/a	n/a	n/a	n/a	n/a	n/a	n/a	n/a	n/a	n/a	n/a	n/a	n/a	n/a	n/a	n/a	n/a	1580.133456	n/a
1581.553356	0.000000	316311	ttl	4	71	n/a	n/a	n/a	n/a	n/a	n/a	n/a	n/a	n/a	n/a	n/a	n/a	n/a	n/a	n/a	n/a	n/a	n/a	n/a	n/a	n/a	1581.553356	n/a
1581.568139	0.000000	316314	ttl	11	71	n/a	n/a	n/a	n/a	n/a	n/a	n/a	n/a	n/a	n/a	n/a	n/a	n/a	n/a	n/a	n/a	n/a	n/a	n/a	n/a	n/a	1581.568139	n/a
1582.151357	1.533687	316430	scene_recognition	n/a	n/a	n/a	71.0	n/a	n/a	n/a	1581.568139	n/a	1.6115828483743826	1	2	2	SB_2_frameA.png	1	6	1585.296627	1	130	n/a	n/a	intervals/recognition_table	129	1582.151357	1583.685044
1582.151357	0.000000	316430	ttl	1	71	n/a	n/a	n/a	n/a	n/a	n/a	n/a	n/a	n/a	n/a	n/a	n/a	n/a	n/a	n/a	n/a	n/a	n/a	n/a	n/a	n/a	1582.151357	n/a
1583.685044	0.000000	316737	ttl	2	71	n/a	n/a	n/a	n/a	n/a	n/a	n/a	n/a	n/a	n/a	n/a	n/a	n/a	n/a	n/a	n/a	n/a	n/a	n/a	n/a	n/a	1583.685044	n/a
1585.296627	0.000000	317059	ttl	4	71	n/a	n/a	n/a	n/a	n/a	n/a	n/a	n/a	n/a	n/a	n/a	n/a	n/a	n/a	n/a	n/a	n/a	n/a	n/a	n/a	n/a	1585.296627	n/a
1585.311585	0.000000	317062	ttl	11	71	n/a	n/a	n/a	n/a	n/a	n/a	n/a	n/a	n/a	n/a	n/a	n/a	n/a	n/a	n/a	n/a	n/a	n/a	n/a	n/a	n/a	1585.311585	n/a
1585.828164	1.533857	317166	scene_recognition	n/a	n/a	n/a	71.0	n/a	n/a	n/a	1585.3115847499998	n/a	1.8108549642493017	1	3	3	HB_3_frameB_foil.png	2	2	1589.17287625	0	131	n/a	n/a	intervals/recognition_table	130	1585.828164	1587.362021
1585.828164	0.000000	317166	ttl	1	71	n/a	n/a	n/a	n/a	n/a	n/a	n/a	n/a	n/a	n/a	n/a	n/a	n/a	n/a	n/a	n/a	n/a	n/a	n/a	n/a	n/a	1585.828164	n/a
1587.362021	0.000000	317472	ttl	2	71	n/a	n/a	n/a	n/a	n/a	n/a	n/a	n/a	n/a	n/a	n/a	n/a	n/a	n/a	n/a	n/a	n/a	n/a	n/a	n/a	n/a	1587.362021	n/a
1589.172876	0.000000	317835	ttl	4	71	n/a	n/a	n/a	n/a	n/a	n/a	n/a	n/a	n/a	n/a	n/a	n/a	n/a	n/a	n/a	n/a	n/a	n/a	n/a	n/a	n/a	1589.172876	n/a
1589.234960	0.000000	317847	ttl	11	71	n/a	n/a	n/a	n/a	n/a	n/a	n/a	n/a	n/a	n/a	n/a	n/a	n/a	n/a	n/a	n/a	n/a	n/a	n/a	n/a	n/a	1589.234960	n/a
1589.751523	1.534370	317950	scene_recognition	n/a	n/a	n/a	71.0	n/a	n/a	n/a	1589.23495975	n/a	1.976260111478041	1	3	1	HB_2_frameB_foil.png	2	4	1593.2621534999998	0	132	n/a	n/a	intervals/recognition_table	131	1589.751523	1591.285893
1589.751523	0.000000	317950	ttl	1	71	n/a	n/a	n/a	n/a	n/a	n/a	n/a	n/a	n/a	n/a	n/a	n/a	n/a	n/a	n/a	n/a	n/a	n/a	n/a	n/a	n/a	1589.751523	n/a
1591.285893	0.000000	318257	ttl	2	71	n/a	n/a	n/a	n/a	n/a	n/a	n/a	n/a	n/a	n/a	n/a	n/a	n/a	n/a	n/a	n/a	n/a	n/a	n/a	n/a	n/a	1591.285893	n/a
1593.262153	0.000000	318652	ttl	4	71	n/a	n/a	n/a	n/a	n/a	n/a	n/a	n/a	n/a	n/a	n/a	n/a	n/a	n/a	n/a	n/a	n/a	n/a	n/a	n/a	n/a	1593.262153	n/a
1593.399674	0.000000	318680	ttl	11	71	n/a	n/a	n/a	n/a	n/a	n/a	n/a	n/a	n/a	n/a	n/a	n/a	n/a	n/a	n/a	n/a	n/a	n/a	n/a	n/a	n/a	1593.399674	n/a
1593.949527	1.533766	318790	scene_recognition	n/a	n/a	n/a	71.0	n/a	n/a	n/a	1593.3996745	n/a	1.2970738756266655	2	2	2	SB_9_frameB_foil.png	1	6	1596.78036725	0	133	n/a	n/a	intervals/recognition_table	132	1593.949527	1595.483293
1593.949527	0.000000	318790	ttl	1	71	n/a	n/a	n/a	n/a	n/a	n/a	n/a	n/a	n/a	n/a	n/a	n/a	n/a	n/a	n/a	n/a	n/a	n/a	n/a	n/a	n/a	1593.949527	n/a
1595.483293	0.000000	319097	ttl	2	71	n/a	n/a	n/a	n/a	n/a	n/a	n/a	n/a	n/a	n/a	n/a	n/a	n/a	n/a	n/a	n/a	n/a	n/a	n/a	n/a	n/a	1595.483293	n/a
1596.780367	0.000000	319356	ttl	4	71	n/a	n/a	n/a	n/a	n/a	n/a	n/a	n/a	n/a	n/a	n/a	n/a	n/a	n/a	n/a	n/a	n/a	n/a	n/a	n/a	n/a	1596.780367	n/a
1596.795393	0.000000	319359	ttl	11	71	n/a	n/a	n/a	n/a	n/a	n/a	n/a	n/a	n/a	n/a	n/a	n/a	n/a	n/a	n/a	n/a	n/a	n/a	n/a	n/a	n/a	1596.795393	n/a
1597.361934	1.534392	319472	scene_recognition	n/a	n/a	n/a	71.0	n/a	n/a	n/a	1596.79539325	n/a	1.2824501032446278	1	2	3	SB_5_frameB_foil.png	2	2	1600.178776	0	134	n/a	n/a	intervals/recognition_table	133	1597.361934	1598.896326
1597.361934	0.000000	319472	ttl	1	71	n/a	n/a	n/a	n/a	n/a	n/a	n/a	n/a	n/a	n/a	n/a	n/a	n/a	n/a	n/a	n/a	n/a	n/a	n/a	n/a	n/a	1597.361934	n/a
1598.896326	0.000000	319779	ttl	2	71	n/a	n/a	n/a	n/a	n/a	n/a	n/a	n/a	n/a	n/a	n/a	n/a	n/a	n/a	n/a	n/a	n/a	n/a	n/a	n/a	n/a	1598.896326	n/a
1600.178776	0.000000	320036	ttl	4	71	n/a	n/a	n/a	n/a	n/a	n/a	n/a	n/a	n/a	n/a	n/a	n/a	n/a	n/a	n/a	n/a	n/a	n/a	n/a	n/a	n/a	1600.178776	n/a
1600.241681	0.000000	320048	ttl	11	71	n/a	n/a	n/a	n/a	n/a	n/a	n/a	n/a	n/a	n/a	n/a	n/a	n/a	n/a	n/a	n/a	n/a	n/a	n/a	n/a	n/a	1600.241681	n/a
1600.791579	1.533864	320158	scene_recognition	n/a	n/a	n/a	71.0	n/a	n/a	n/a	1600.24168075	n/a	1.4398127253953135	1	3	1	HB_3_frameB_foil.png	2	4	1603.7652557499998	0	135	n/a	n/a	intervals/recognition_table	134	1600.791579	1602.325443
1600.791579	0.000000	320158	ttl	1	71	n/a	n/a	n/a	n/a	n/a	n/a	n/a	n/a	n/a	n/a	n/a	n/a	n/a	n/a	n/a	n/a	n/a	n/a	n/a	n/a	n/a	1600.791579	n/a
1602.325443	0.000000	320465	ttl	2	71	n/a	n/a	n/a	n/a	n/a	n/a	n/a	n/a	n/a	n/a	n/a	n/a	n/a	n/a	n/a	n/a	n/a	n/a	n/a	n/a	n/a	1602.325443	n/a
1603.765256	0.000000	320753	ttl	4	71	n/a	n/a	n/a	n/a	n/a	n/a	n/a	n/a	n/a	n/a	n/a	n/a	n/a	n/a	n/a	n/a	n/a	n/a	n/a	n/a	n/a	1603.765256	n/a
1603.927667	0.000000	320786	ttl	11	71	n/a	n/a	n/a	n/a	n/a	n/a	n/a	n/a	n/a	n/a	n/a	n/a	n/a	n/a	n/a	n/a	n/a	n/a	n/a	n/a	n/a	1603.927667	n/a
1604.477561	1.534557	320896	scene_recognition	n/a	n/a	n/a	71.0	n/a	n/a	n/a	1603.9276667499998	n/a	1.2560645778576145	1	2	3	SB_1_frameA.png	1	7	1607.268183	1	136	n/a	n/a	intervals/recognition_table	135	1604.477561	1606.012118
1604.477561	0.000000	320896	ttl	1	71	n/a	n/a	n/a	n/a	n/a	n/a	n/a	n/a	n/a	n/a	n/a	n/a	n/a	n/a	n/a	n/a	n/a	n/a	n/a	n/a	n/a	1604.477561	n/a
1606.012118	0.000000	321202	ttl	2	71	n/a	n/a	n/a	n/a	n/a	n/a	n/a	n/a	n/a	n/a	n/a	n/a	n/a	n/a	n/a	n/a	n/a	n/a	n/a	n/a	n/a	1606.012118	n/a
1607.268183	0.000000	321454	ttl	4	71	n/a	n/a	n/a	n/a	n/a	n/a	n/a	n/a	n/a	n/a	n/a	n/a	n/a	n/a	n/a	n/a	n/a	n/a	n/a	n/a	n/a	1607.268183	n/a
1607.317404	0.000000	321463	ttl	11	71	n/a	n/a	n/a	n/a	n/a	n/a	n/a	n/a	n/a	n/a	n/a	n/a	n/a	n/a	n/a	n/a	n/a	n/a	n/a	n/a	n/a	1607.317404	n/a
1607.850622	1.535021	321570	scene_recognition	n/a	n/a	n/a	71.0	n/a	n/a	n/a	1607.31740425	n/a	0.9990161426103441	2	2	3	SB_4_frameA_foil.png	1	7	1610.38466	0	137	n/a	n/a	intervals/recognition_table	136	1607.850622	1609.385644
1607.850622	0.000000	321570	ttl	1	71	n/a	n/a	n/a	n/a	n/a	n/a	n/a	n/a	n/a	n/a	n/a	n/a	n/a	n/a	n/a	n/a	n/a	n/a	n/a	n/a	n/a	1607.850622	n/a
1609.385644	0.000000	321877	ttl	2	71	n/a	n/a	n/a	n/a	n/a	n/a	n/a	n/a	n/a	n/a	n/a	n/a	n/a	n/a	n/a	n/a	n/a	n/a	n/a	n/a	n/a	1609.385644	n/a
1610.384660	0.000000	322077	ttl	4	71	n/a	n/a	n/a	n/a	n/a	n/a	n/a	n/a	n/a	n/a	n/a	n/a	n/a	n/a	n/a	n/a	n/a	n/a	n/a	n/a	n/a	1610.384660	n/a
1610.452177	0.000000	322090	ttl	11	71	n/a	n/a	n/a	n/a	n/a	n/a	n/a	n/a	n/a	n/a	n/a	n/a	n/a	n/a	n/a	n/a	n/a	n/a	n/a	n/a	n/a	1610.452177	n/a
1610.952073	1.534890	322190	scene_recognition	n/a	n/a	n/a	71.0	n/a	n/a	n/a	1610.45217725	n/a	2.659855308040278	2	2	3	SB_9_frameA_foil.png	1	7	1615.14681825	0	138	n/a	n/a	intervals/recognition_table	137	1610.952073	1612.486963
1610.952073	0.000000	322190	ttl	1	71	n/a	n/a	n/a	n/a	n/a	n/a	n/a	n/a	n/a	n/a	n/a	n/a	n/a	n/a	n/a	n/a	n/a	n/a	n/a	n/a	n/a	1610.952073	n/a
1612.486963	0.000000	322497	ttl	2	71	n/a	n/a	n/a	n/a	n/a	n/a	n/a	n/a	n/a	n/a	n/a	n/a	n/a	n/a	n/a	n/a	n/a	n/a	n/a	n/a	n/a	1612.486963	n/a
1615.146818	0.000000	323029	ttl	4	71	n/a	n/a	n/a	n/a	n/a	n/a	n/a	n/a	n/a	n/a	n/a	n/a	n/a	n/a	n/a	n/a	n/a	n/a	n/a	n/a	n/a	1615.146818	n/a
1615.322870	0.000000	323065	ttl	11	71	n/a	n/a	n/a	n/a	n/a	n/a	n/a	n/a	n/a	n/a	n/a	n/a	n/a	n/a	n/a	n/a	n/a	n/a	n/a	n/a	n/a	1615.322870	n/a
1615.839428	1.534155	323168	scene_recognition	n/a	n/a	n/a	71.0	n/a	n/a	n/a	1615.3228695	n/a	2.0870762720151106	1	3	3	HB_7_frameB_foil.png	2	2	1619.46065925	0	139	n/a	n/a	intervals/recognition_table	138	1615.839428	1617.373583
1615.839428	0.000000	323168	ttl	1	71	n/a	n/a	n/a	n/a	n/a	n/a	n/a	n/a	n/a	n/a	n/a	n/a	n/a	n/a	n/a	n/a	n/a	n/a	n/a	n/a	n/a	1615.839428	n/a
1617.373583	0.000000	323475	ttl	2	71	n/a	n/a	n/a	n/a	n/a	n/a	n/a	n/a	n/a	n/a	n/a	n/a	n/a	n/a	n/a	n/a	n/a	n/a	n/a	n/a	n/a	1617.373583	n/a
1619.460659	0.000000	323892	ttl	4	71	n/a	n/a	n/a	n/a	n/a	n/a	n/a	n/a	n/a	n/a	n/a	n/a	n/a	n/a	n/a	n/a	n/a	n/a	n/a	n/a	n/a	1619.460659	n/a
1619.475298	0.000000	323895	ttl	11	71	n/a	n/a	n/a	n/a	n/a	n/a	n/a	n/a	n/a	n/a	n/a	n/a	n/a	n/a	n/a	n/a	n/a	n/a	n/a	n/a	n/a	1619.475298	n/a
1619.975199	1.534281	323995	scene_recognition	n/a	n/a	n/a	71.0	n/a	n/a	n/a	1619.47529775	n/a	0.48738448703079484	1	2	3	SB_1_frameA_foil.png	2	2	1621.9968642499998	0	140	n/a	n/a	intervals/recognition_table	139	1619.975199	1621.509480
1619.975199	0.000000	323995	ttl	1	71	n/a	n/a	n/a	n/a	n/a	n/a	n/a	n/a	n/a	n/a	n/a	n/a	n/a	n/a	n/a	n/a	n/a	n/a	n/a	n/a	n/a	1619.975199	n/a
1621.509480	0.000000	324302	ttl	2	71	n/a	n/a	n/a	n/a	n/a	n/a	n/a	n/a	n/a	n/a	n/a	n/a	n/a	n/a	n/a	n/a	n/a	n/a	n/a	n/a	n/a	1621.509480	n/a
1621.996864	0.000000	324399	ttl	4	71	n/a	n/a	n/a	n/a	n/a	n/a	n/a	n/a	n/a	n/a	n/a	n/a	n/a	n/a	n/a	n/a	n/a	n/a	n/a	n/a	n/a	1621.996864	n/a
1622.141914	0.000000	324428	ttl	11	71	n/a	n/a	n/a	n/a	n/a	n/a	n/a	n/a	n/a	n/a	n/a	n/a	n/a	n/a	n/a	n/a	n/a	n/a	n/a	n/a	n/a	1622.141914	n/a
1622.691801	1.534099	324538	scene_recognition	n/a	n/a	n/a	71.0	n/a	n/a	n/a	1622.1419145	n/a	1.592602186705335	1	2	2	SB_5_frameA_foil.png	2	3	1625.8185027499999	0	141	n/a	n/a	intervals/recognition_table	140	1622.691801	1624.225900
1622.691801	0.000000	324538	ttl	1	71	n/a	n/a	n/a	n/a	n/a	n/a	n/a	n/a	n/a	n/a	n/a	n/a	n/a	n/a	n/a	n/a	n/a	n/a	n/a	n/a	n/a	1622.691801	n/a
1624.225900	0.000000	324845	ttl	2	71	n/a	n/a	n/a	n/a	n/a	n/a	n/a	n/a	n/a	n/a	n/a	n/a	n/a	n/a	n/a	n/a	n/a	n/a	n/a	n/a	n/a	1624.225900	n/a
1625.818503	0.000000	325164	ttl	4	71	n/a	n/a	n/a	n/a	n/a	n/a	n/a	n/a	n/a	n/a	n/a	n/a	n/a	n/a	n/a	n/a	n/a	n/a	n/a	n/a	n/a	1625.818503	n/a
1625.833120	0.000000	325167	ttl	11	71	n/a	n/a	n/a	n/a	n/a	n/a	n/a	n/a	n/a	n/a	n/a	n/a	n/a	n/a	n/a	n/a	n/a	n/a	n/a	n/a	n/a	1625.833120	n/a
1626.316314	1.533846	325263	scene_recognition	n/a	n/a	n/a	71.0	n/a	n/a	n/a	1625.8331202499999	n/a	1.4764547079976182	1	2	2	SB_9_frameB.png	1	6	1629.3266147499999	1	142	n/a	n/a	intervals/recognition_table	141	1626.316314	1627.850160
1626.316314	0.000000	325263	ttl	1	71	n/a	n/a	n/a	n/a	n/a	n/a	n/a	n/a	n/a	n/a	n/a	n/a	n/a	n/a	n/a	n/a	n/a	n/a	n/a	n/a	n/a	1626.316314	n/a
1627.850160	0.000000	325570	ttl	2	71	n/a	n/a	n/a	n/a	n/a	n/a	n/a	n/a	n/a	n/a	n/a	n/a	n/a	n/a	n/a	n/a	n/a	n/a	n/a	n/a	n/a	1627.850160	n/a
1629.326615	0.000000	325865	ttl	4	71	n/a	n/a	n/a	n/a	n/a	n/a	n/a	n/a	n/a	n/a	n/a	n/a	n/a	n/a	n/a	n/a	n/a	n/a	n/a	n/a	n/a	1629.326615	n/a
1629.431467	0.000000	325886	ttl	11	71	n/a	n/a	n/a	n/a	n/a	n/a	n/a	n/a	n/a	n/a	n/a	n/a	n/a	n/a	n/a	n/a	n/a	n/a	n/a	n/a	n/a	1629.431467	n/a
1629.914771	1.534556	325983	scene_recognition	n/a	n/a	n/a	71.0	n/a	n/a	n/a	1629.4314674999998	n/a	1.3514133127755485	2	1	3	NB_1_frameA_foil.png	1	7	1632.80074025	0	143	n/a	n/a	intervals/recognition_table	142	1629.914771	1631.449327
1629.914771	0.000000	325983	ttl	1	71	n/a	n/a	n/a	n/a	n/a	n/a	n/a	n/a	n/a	n/a	n/a	n/a	n/a	n/a	n/a	n/a	n/a	n/a	n/a	n/a	n/a	1629.914771	n/a
1631.449327	0.000000	326290	ttl	2	71	n/a	n/a	n/a	n/a	n/a	n/a	n/a	n/a	n/a	n/a	n/a	n/a	n/a	n/a	n/a	n/a	n/a	n/a	n/a	n/a	n/a	1631.449327	n/a
1632.800740	0.000000	326560	ttl	4	71	n/a	n/a	n/a	n/a	n/a	n/a	n/a	n/a	n/a	n/a	n/a	n/a	n/a	n/a	n/a	n/a	n/a	n/a	n/a	n/a	n/a	1632.800740	n/a
1632.906035	0.000000	326581	ttl	11	71	n/a	n/a	n/a	n/a	n/a	n/a	n/a	n/a	n/a	n/a	n/a	n/a	n/a	n/a	n/a	n/a	n/a	n/a	n/a	n/a	n/a	1632.906035	n/a
1633.439277	1.534729	326688	scene_recognition	n/a	n/a	n/a	71.0	n/a	n/a	n/a	1632.90603475	n/a	1.6793183308036532	1	3	3	HB_4_frameA.png	1	7	1636.65332425	1	144	n/a	n/a	intervals/recognition_table	143	1633.439277	1634.974006
1633.439277	0.000000	326688	ttl	1	71	n/a	n/a	n/a	n/a	n/a	n/a	n/a	n/a	n/a	n/a	n/a	n/a	n/a	n/a	n/a	n/a	n/a	n/a	n/a	n/a	n/a	1633.439277	n/a
1634.974006	0.000000	326995	ttl	2	71	n/a	n/a	n/a	n/a	n/a	n/a	n/a	n/a	n/a	n/a	n/a	n/a	n/a	n/a	n/a	n/a	n/a	n/a	n/a	n/a	n/a	1634.974006	n/a
1636.653324	0.000000	327331	ttl	4	71	n/a	n/a	n/a	n/a	n/a	n/a	n/a	n/a	n/a	n/a	n/a	n/a	n/a	n/a	n/a	n/a	n/a	n/a	n/a	n/a	n/a	1636.653324	n/a
1636.667389	0.000000	327333	ttl	11	71	n/a	n/a	n/a	n/a	n/a	n/a	n/a	n/a	n/a	n/a	n/a	n/a	n/a	n/a	n/a	n/a	n/a	n/a	n/a	n/a	n/a	1636.667389	n/a
1637.167317	1.534130	327433	scene_recognition	n/a	n/a	n/a	71.0	n/a	n/a	n/a	1636.6673895	n/a	1.3525344256340759	1	1	3	NB_28_frameB_foil.png	2	2	1640.053981	0	145	n/a	n/a	intervals/recognition_table	144	1637.167317	1638.701446
1637.167317	0.000000	327433	ttl	1	71	n/a	n/a	n/a	n/a	n/a	n/a	n/a	n/a	n/a	n/a	n/a	n/a	n/a	n/a	n/a	n/a	n/a	n/a	n/a	n/a	n/a	1637.167317	n/a
1638.701446	0.000000	327740	ttl	2	71	n/a	n/a	n/a	n/a	n/a	n/a	n/a	n/a	n/a	n/a	n/a	n/a	n/a	n/a	n/a	n/a	n/a	n/a	n/a	n/a	n/a	1638.701446	n/a
1640.053981	0.000000	328011	ttl	4	71	n/a	n/a	n/a	n/a	n/a	n/a	n/a	n/a	n/a	n/a	n/a	n/a	n/a	n/a	n/a	n/a	n/a	n/a	n/a	n/a	n/a	1640.053981	n/a
1640.117163	0.000000	328023	ttl	11	71	n/a	n/a	n/a	n/a	n/a	n/a	n/a	n/a	n/a	n/a	n/a	n/a	n/a	n/a	n/a	n/a	n/a	n/a	n/a	n/a	n/a	1640.117163	n/a
1640.633726	1.533729	328127	scene_recognition	n/a	n/a	n/a	71.0	n/a	n/a	n/a	1640.11716275	n/a	2.4115656561334617	2	3	2	HB_5_frameB_foil.png	1	6	1644.57902075	0	146	n/a	n/a	intervals/recognition_table	145	1640.633726	1642.167455
1640.633726	0.000000	328127	ttl	1	71	n/a	n/a	n/a	n/a	n/a	n/a	n/a	n/a	n/a	n/a	n/a	n/a	n/a	n/a	n/a	n/a	n/a	n/a	n/a	n/a	n/a	1640.633726	n/a
1642.167455	0.000000	328433	ttl	2	71	n/a	n/a	n/a	n/a	n/a	n/a	n/a	n/a	n/a	n/a	n/a	n/a	n/a	n/a	n/a	n/a	n/a	n/a	n/a	n/a	n/a	1642.167455	n/a
1644.579021	0.000000	328916	ttl	4	71	n/a	n/a	n/a	n/a	n/a	n/a	n/a	n/a	n/a	n/a	n/a	n/a	n/a	n/a	n/a	n/a	n/a	n/a	n/a	n/a	n/a	1644.579021	n/a
1644.636674	0.000000	328927	ttl	11	71	n/a	n/a	n/a	n/a	n/a	n/a	n/a	n/a	n/a	n/a	n/a	n/a	n/a	n/a	n/a	n/a	n/a	n/a	n/a	n/a	n/a	1644.636674	n/a
1645.136547	1.534844	329027	scene_recognition	n/a	n/a	n/a	71.0	n/a	n/a	n/a	1644.6366739999999	n/a	1.4586900869617239	2	3	3	HB_1_frameB_foil.png	1	7	1648.130081	0	147	n/a	n/a	intervals/recognition_table	146	1645.136547	1646.671391
1645.136547	0.000000	329027	ttl	1	71	n/a	n/a	n/a	n/a	n/a	n/a	n/a	n/a	n/a	n/a	n/a	n/a	n/a	n/a	n/a	n/a	n/a	n/a	n/a	n/a	n/a	1645.136547	n/a
1646.671391	0.000000	329334	ttl	2	71	n/a	n/a	n/a	n/a	n/a	n/a	n/a	n/a	n/a	n/a	n/a	n/a	n/a	n/a	n/a	n/a	n/a	n/a	n/a	n/a	n/a	1646.671391	n/a
1648.130081	0.000000	329626	ttl	4	71	n/a	n/a	n/a	n/a	n/a	n/a	n/a	n/a	n/a	n/a	n/a	n/a	n/a	n/a	n/a	n/a	n/a	n/a	n/a	n/a	n/a	1648.130081	n/a
1648.144246	0.000000	329629	ttl	11	71	n/a	n/a	n/a	n/a	n/a	n/a	n/a	n/a	n/a	n/a	n/a	n/a	n/a	n/a	n/a	n/a	n/a	n/a	n/a	n/a	n/a	1648.144246	n/a
1648.677485	1.534607	329735	scene_recognition	n/a	n/a	n/a	71.0	n/a	n/a	n/a	1648.14424575	n/a	0.9176616375771118	2	2	3	SB_6_frameA_foil.png	1	7	1651.12975325	0	148	n/a	n/a	intervals/recognition_table	147	1648.677485	1650.212092
1648.677485	0.000000	329735	ttl	1	71	n/a	n/a	n/a	n/a	n/a	n/a	n/a	n/a	n/a	n/a	n/a	n/a	n/a	n/a	n/a	n/a	n/a	n/a	n/a	n/a	n/a	1648.677485	n/a
1650.212092	0.000000	330042	ttl	2	71	n/a	n/a	n/a	n/a	n/a	n/a	n/a	n/a	n/a	n/a	n/a	n/a	n/a	n/a	n/a	n/a	n/a	n/a	n/a	n/a	n/a	1650.212092	n/a
1651.129753	0.000000	330226	ttl	4	71	n/a	n/a	n/a	n/a	n/a	n/a	n/a	n/a	n/a	n/a	n/a	n/a	n/a	n/a	n/a	n/a	n/a	n/a	n/a	n/a	n/a	1651.129753	n/a
1651.143965	0.000000	330229	ttl	11	71	n/a	n/a	n/a	n/a	n/a	n/a	n/a	n/a	n/a	n/a	n/a	n/a	n/a	n/a	n/a	n/a	n/a	n/a	n/a	n/a	n/a	1651.143965	n/a
1651.660528	1.533772	330332	scene_recognition	n/a	n/a	n/a	71.0	n/a	n/a	n/a	1651.1439655	n/a	1.5693706235324498	2	3	1	HB_4_frameB_foil.png	1	5	1654.7636707499998	0	149	n/a	n/a	intervals/recognition_table	148	1651.660528	1653.194300
1651.660528	0.000000	330332	ttl	1	71	n/a	n/a	n/a	n/a	n/a	n/a	n/a	n/a	n/a	n/a	n/a	n/a	n/a	n/a	n/a	n/a	n/a	n/a	n/a	n/a	n/a	1651.660528	n/a
1653.194300	0.000000	330639	ttl	2	71	n/a	n/a	n/a	n/a	n/a	n/a	n/a	n/a	n/a	n/a	n/a	n/a	n/a	n/a	n/a	n/a	n/a	n/a	n/a	n/a	n/a	1653.194300	n/a
1654.763671	0.000000	330953	ttl	4	71	n/a	n/a	n/a	n/a	n/a	n/a	n/a	n/a	n/a	n/a	n/a	n/a	n/a	n/a	n/a	n/a	n/a	n/a	n/a	n/a	n/a	1654.763671	n/a
1654.778660	0.000000	330956	ttl	11	71	n/a	n/a	n/a	n/a	n/a	n/a	n/a	n/a	n/a	n/a	n/a	n/a	n/a	n/a	n/a	n/a	n/a	n/a	n/a	n/a	n/a	1654.778660	n/a
1655.345215	1.533661	331069	scene_recognition	n/a	n/a	n/a	71.0	n/a	n/a	n/a	1654.7786605	n/a	1.5467463298409712	2	3	3	HB_1_frameA_foil.png	1	7	1658.42562275	0	150	n/a	n/a	intervals/recognition_table	149	1655.345215	1656.878876
1655.345215	0.000000	331069	ttl	1	71	n/a	n/a	n/a	n/a	n/a	n/a	n/a	n/a	n/a	n/a	n/a	n/a	n/a	n/a	n/a	n/a	n/a	n/a	n/a	n/a	n/a	1655.345215	n/a
1656.878876	0.000000	331376	ttl	2	71	n/a	n/a	n/a	n/a	n/a	n/a	n/a	n/a	n/a	n/a	n/a	n/a	n/a	n/a	n/a	n/a	n/a	n/a	n/a	n/a	n/a	1656.878876	n/a
1658.425623	0.000000	331685	ttl	4	71	n/a	n/a	n/a	n/a	n/a	n/a	n/a	n/a	n/a	n/a	n/a	n/a	n/a	n/a	n/a	n/a	n/a	n/a	n/a	n/a	n/a	1658.425623	n/a
1658.529153	0.000000	331706	ttl	11	71	n/a	n/a	n/a	n/a	n/a	n/a	n/a	n/a	n/a	n/a	n/a	n/a	n/a	n/a	n/a	n/a	n/a	n/a	n/a	n/a	n/a	1658.529153	n/a
1659.029048	1.534344	331806	scene_recognition	n/a	n/a	n/a	71.0	n/a	n/a	n/a	1658.5291527499999	n/a	1.3517909125803271	1	1	3	NB_24_frameB_foil.png	2	2	1661.91518325	0	151	n/a	n/a	intervals/recognition_table	150	1659.029048	1660.563392
1659.029048	0.000000	331806	ttl	1	71	n/a	n/a	n/a	n/a	n/a	n/a	n/a	n/a	n/a	n/a	n/a	n/a	n/a	n/a	n/a	n/a	n/a	n/a	n/a	n/a	n/a	1659.029048	n/a
1660.563392	0.000000	332113	ttl	2	71	n/a	n/a	n/a	n/a	n/a	n/a	n/a	n/a	n/a	n/a	n/a	n/a	n/a	n/a	n/a	n/a	n/a	n/a	n/a	n/a	n/a	1660.563392	n/a
1661.915183	0.000000	332383	ttl	4	71	n/a	n/a	n/a	n/a	n/a	n/a	n/a	n/a	n/a	n/a	n/a	n/a	n/a	n/a	n/a	n/a	n/a	n/a	n/a	n/a	n/a	1661.915183	n/a
1662.049903	0.000000	332410	ttl	11	71	n/a	n/a	n/a	n/a	n/a	n/a	n/a	n/a	n/a	n/a	n/a	n/a	n/a	n/a	n/a	n/a	n/a	n/a	n/a	n/a	n/a	1662.049903	n/a
1662.566466	1.534469	332513	scene_recognition	n/a	n/a	n/a	71.0	n/a	n/a	n/a	1662.04990275	n/a	1.609738255821867	1	3	2	HB_5_frameB.png	1	6	1665.7106724999999	1	152	n/a	n/a	intervals/recognition_table	151	1662.566466	1664.100934
1662.566466	0.000000	332513	ttl	1	71	n/a	n/a	n/a	n/a	n/a	n/a	n/a	n/a	n/a	n/a	n/a	n/a	n/a	n/a	n/a	n/a	n/a	n/a	n/a	n/a	n/a	1662.566466	n/a
1664.100934	0.000000	332820	ttl	2	71	n/a	n/a	n/a	n/a	n/a	n/a	n/a	n/a	n/a	n/a	n/a	n/a	n/a	n/a	n/a	n/a	n/a	n/a	n/a	n/a	n/a	1664.100934	n/a
1665.710672	0.000000	333142	ttl	4	71	n/a	n/a	n/a	n/a	n/a	n/a	n/a	n/a	n/a	n/a	n/a	n/a	n/a	n/a	n/a	n/a	n/a	n/a	n/a	n/a	n/a	1665.710672	n/a
1665.725113	0.000000	333145	ttl	11	71	n/a	n/a	n/a	n/a	n/a	n/a	n/a	n/a	n/a	n/a	n/a	n/a	n/a	n/a	n/a	n/a	n/a	n/a	n/a	n/a	n/a	1665.725113	n/a
1666.208354	1.534237	333242	scene_recognition	n/a	n/a	n/a	71.0	n/a	n/a	n/a	1665.725113	n/a	1.352213716643746	1	1	3	NB_27_frameB.png	1	7	1669.0948045	1	153	n/a	n/a	intervals/recognition_table	152	1666.208354	1667.742591
1666.208354	0.000000	333242	ttl	1	71	n/a	n/a	n/a	n/a	n/a	n/a	n/a	n/a	n/a	n/a	n/a	n/a	n/a	n/a	n/a	n/a	n/a	n/a	n/a	n/a	n/a	1666.208354	n/a
1667.742591	0.000000	333549	ttl	2	71	n/a	n/a	n/a	n/a	n/a	n/a	n/a	n/a	n/a	n/a	n/a	n/a	n/a	n/a	n/a	n/a	n/a	n/a	n/a	n/a	n/a	1667.742591	n/a
1669.094805	0.000000	333819	ttl	4	71	n/a	n/a	n/a	n/a	n/a	n/a	n/a	n/a	n/a	n/a	n/a	n/a	n/a	n/a	n/a	n/a	n/a	n/a	n/a	n/a	n/a	1669.094805	n/a
1669.109222	0.000000	333822	ttl	11	71	n/a	n/a	n/a	n/a	n/a	n/a	n/a	n/a	n/a	n/a	n/a	n/a	n/a	n/a	n/a	n/a	n/a	n/a	n/a	n/a	n/a	1669.109222	n/a
1669.575799	1.534776	333915	scene_recognition	n/a	n/a	n/a	71.0	n/a	n/a	n/a	1669.10922175	n/a	1.3558055881876498	1	1	3	NB_14_frameB_foil.png	2	2	1672.4663812499998	0	154	n/a	n/a	intervals/recognition_table	153	1669.575799	1671.110576
1669.575799	0.000000	333915	ttl	1	71	n/a	n/a	n/a	n/a	n/a	n/a	n/a	n/a	n/a	n/a	n/a	n/a	n/a	n/a	n/a	n/a	n/a	n/a	n/a	n/a	n/a	1669.575799	n/a
1671.110576	0.000000	334222	ttl	2	71	n/a	n/a	n/a	n/a	n/a	n/a	n/a	n/a	n/a	n/a	n/a	n/a	n/a	n/a	n/a	n/a	n/a	n/a	n/a	n/a	n/a	1671.110576	n/a
1672.466381	0.000000	334493	ttl	4	71	n/a	n/a	n/a	n/a	n/a	n/a	n/a	n/a	n/a	n/a	n/a	n/a	n/a	n/a	n/a	n/a	n/a	n/a	n/a	n/a	n/a	1672.466381	n/a
1672.576330	0.000000	334515	ttl	11	71	n/a	n/a	n/a	n/a	n/a	n/a	n/a	n/a	n/a	n/a	n/a	n/a	n/a	n/a	n/a	n/a	n/a	n/a	n/a	n/a	n/a	1672.576330	n/a
1673.042904	1.533861	334609	scene_recognition	n/a	n/a	n/a	71.0	n/a	n/a	n/a	1672.5763304999998	n/a	1.4107358765322715	2	2	3	SB_4_frameA.png	2	2	1675.9875015	1	155	n/a	n/a	intervals/recognition_table	154	1673.042904	1674.576765
1673.042904	0.000000	334609	ttl	1	71	n/a	n/a	n/a	n/a	n/a	n/a	n/a	n/a	n/a	n/a	n/a	n/a	n/a	n/a	n/a	n/a	n/a	n/a	n/a	n/a	n/a	1673.042904	n/a
1674.576765	0.000000	334915	ttl	2	71	n/a	n/a	n/a	n/a	n/a	n/a	n/a	n/a	n/a	n/a	n/a	n/a	n/a	n/a	n/a	n/a	n/a	n/a	n/a	n/a	n/a	1674.576765	n/a
1675.987502	0.000000	335198	ttl	4	71	n/a	n/a	n/a	n/a	n/a	n/a	n/a	n/a	n/a	n/a	n/a	n/a	n/a	n/a	n/a	n/a	n/a	n/a	n/a	n/a	n/a	1675.987502	n/a
1676.002411	0.000000	335200	ttl	11	71	n/a	n/a	n/a	n/a	n/a	n/a	n/a	n/a	n/a	n/a	n/a	n/a	n/a	n/a	n/a	n/a	n/a	n/a	n/a	n/a	n/a	1676.002411	n/a
1676.502305	1.533957	335300	scene_recognition	n/a	n/a	n/a	71.0	n/a	n/a	n/a	1676.00241125	n/a	1.7516133344324771	2	3	1	HB_1_frameA_foil.png	1	5	1679.78787575	0	156	n/a	n/a	intervals/recognition_table	155	1676.502305	1678.036263
1676.502305	0.000000	335300	ttl	1	71	n/a	n/a	n/a	n/a	n/a	n/a	n/a	n/a	n/a	n/a	n/a	n/a	n/a	n/a	n/a	n/a	n/a	n/a	n/a	n/a	n/a	1676.502305	n/a
1678.036263	0.000000	335607	ttl	2	71	n/a	n/a	n/a	n/a	n/a	n/a	n/a	n/a	n/a	n/a	n/a	n/a	n/a	n/a	n/a	n/a	n/a	n/a	n/a	n/a	n/a	1678.036263	n/a
1679.787876	0.000000	335958	ttl	4	71	n/a	n/a	n/a	n/a	n/a	n/a	n/a	n/a	n/a	n/a	n/a	n/a	n/a	n/a	n/a	n/a	n/a	n/a	n/a	n/a	n/a	1679.787876	n/a
1679.928316	0.000000	335986	ttl	11	71	n/a	n/a	n/a	n/a	n/a	n/a	n/a	n/a	n/a	n/a	n/a	n/a	n/a	n/a	n/a	n/a	n/a	n/a	n/a	n/a	n/a	1679.928316	n/a
1680.478219	1.534301	336096	scene_recognition	n/a	n/a	n/a	71.0	n/a	n/a	n/a	1679.92831575	n/a	1.6432911407755455	2	2	2	SB_3_frameA_foil.png	1	6	1683.6558109999999	0	157	n/a	n/a	intervals/recognition_table	156	1680.478219	1682.012520
1680.478219	0.000000	336096	ttl	1	71	n/a	n/a	n/a	n/a	n/a	n/a	n/a	n/a	n/a	n/a	n/a	n/a	n/a	n/a	n/a	n/a	n/a	n/a	n/a	n/a	n/a	1680.478219	n/a
1682.012520	0.000000	336403	ttl	2	71	n/a	n/a	n/a	n/a	n/a	n/a	n/a	n/a	n/a	n/a	n/a	n/a	n/a	n/a	n/a	n/a	n/a	n/a	n/a	n/a	n/a	1682.012520	n/a
1683.655811	0.000000	336731	ttl	4	71	n/a	n/a	n/a	n/a	n/a	n/a	n/a	n/a	n/a	n/a	n/a	n/a	n/a	n/a	n/a	n/a	n/a	n/a	n/a	n/a	n/a	1683.655811	n/a
1683.670817	0.000000	336734	ttl	11	71	n/a	n/a	n/a	n/a	n/a	n/a	n/a	n/a	n/a	n/a	n/a	n/a	n/a	n/a	n/a	n/a	n/a	n/a	n/a	n/a	n/a	1683.670817	n/a
1684.170706	1.534635	336834	scene_recognition	n/a	n/a	n/a	71.0	n/a	n/a	n/a	1683.67081725	n/a	1.872730363465962	2	3	1	HB_5_frameA_foil.png	1	5	1687.57807125	0	158	n/a	n/a	intervals/recognition_table	157	1684.170706	1685.705341
1684.170706	0.000000	336834	ttl	1	71	n/a	n/a	n/a	n/a	n/a	n/a	n/a	n/a	n/a	n/a	n/a	n/a	n/a	n/a	n/a	n/a	n/a	n/a	n/a	n/a	n/a	1684.170706	n/a
1685.705341	0.000000	337141	ttl	2	71	n/a	n/a	n/a	n/a	n/a	n/a	n/a	n/a	n/a	n/a	n/a	n/a	n/a	n/a	n/a	n/a	n/a	n/a	n/a	n/a	n/a	1685.705341	n/a
1687.578071	0.000000	337516	ttl	4	71	n/a	n/a	n/a	n/a	n/a	n/a	n/a	n/a	n/a	n/a	n/a	n/a	n/a	n/a	n/a	n/a	n/a	n/a	n/a	n/a	n/a	1687.578071	n/a
1687.728256	0.000000	337546	ttl	11	71	n/a	n/a	n/a	n/a	n/a	n/a	n/a	n/a	n/a	n/a	n/a	n/a	n/a	n/a	n/a	n/a	n/a	n/a	n/a	n/a	n/a	1687.728256	n/a
1688.278148	1.533923	337656	scene_recognition	n/a	n/a	n/a	71.0	n/a	n/a	n/a	1687.7282559999999	n/a	1.9195835714344867	1	2	1	SB_2_frameA_foil.png	2	4	1691.7316549999998	0	159	n/a	n/a	intervals/recognition_table	158	1688.278148	1689.812072
1688.278148	0.000000	337656	ttl	1	71	n/a	n/a	n/a	n/a	n/a	n/a	n/a	n/a	n/a	n/a	n/a	n/a	n/a	n/a	n/a	n/a	n/a	n/a	n/a	n/a	n/a	1688.278148	n/a
1689.812072	0.000000	337962	ttl	2	71	n/a	n/a	n/a	n/a	n/a	n/a	n/a	n/a	n/a	n/a	n/a	n/a	n/a	n/a	n/a	n/a	n/a	n/a	n/a	n/a	n/a	1689.812072	n/a
1691.731655	0.000000	338346	ttl	4	71	n/a	n/a	n/a	n/a	n/a	n/a	n/a	n/a	n/a	n/a	n/a	n/a	n/a	n/a	n/a	n/a	n/a	n/a	n/a	n/a	n/a	1691.731655	n/a
1691.811422	0.000000	338362	ttl	11	71	n/a	n/a	n/a	n/a	n/a	n/a	n/a	n/a	n/a	n/a	n/a	n/a	n/a	n/a	n/a	n/a	n/a	n/a	n/a	n/a	n/a	1691.811422	n/a
1692.377971	1.534470	338476	scene_recognition	n/a	n/a	n/a	71.0	n/a	n/a	n/a	1691.8114225	n/a	1.3527118016063469	1	1	2	NB_9_frameB.png	1	6	1695.26515275	1	160	n/a	n/a	intervals/recognition_table	159	1692.377971	1693.912441
1692.377971	0.000000	338476	ttl	1	71	n/a	n/a	n/a	n/a	n/a	n/a	n/a	n/a	n/a	n/a	n/a	n/a	n/a	n/a	n/a	n/a	n/a	n/a	n/a	n/a	n/a	1692.377971	n/a
1693.912441	0.000000	338782	ttl	2	71	n/a	n/a	n/a	n/a	n/a	n/a	n/a	n/a	n/a	n/a	n/a	n/a	n/a	n/a	n/a	n/a	n/a	n/a	n/a	n/a	n/a	1693.912441	n/a
1695.265153	0.000000	339053	ttl	4	71	n/a	n/a	n/a	n/a	n/a	n/a	n/a	n/a	n/a	n/a	n/a	n/a	n/a	n/a	n/a	n/a	n/a	n/a	n/a	n/a	n/a	1695.265153	n/a
1695.279603	0.000000	339056	ttl	11	71	n/a	n/a	n/a	n/a	n/a	n/a	n/a	n/a	n/a	n/a	n/a	n/a	n/a	n/a	n/a	n/a	n/a	n/a	n/a	n/a	n/a	1695.279603	n/a
1695.829498	1.533712	339166	scene_recognition	n/a	n/a	n/a	71.0	n/a	n/a	n/a	1695.27960325	n/a	1.5229621237376705	2	2	3	SB_1_frameB.png	2	2	1698.886172	1	161	n/a	n/a	intervals/recognition_table	160	1695.829498	1697.363210
1695.829498	0.000000	339166	ttl	1	71	n/a	n/a	n/a	n/a	n/a	n/a	n/a	n/a	n/a	n/a	n/a	n/a	n/a	n/a	n/a	n/a	n/a	n/a	n/a	n/a	n/a	1695.829498	n/a
1697.363210	0.000000	339473	ttl	2	71	n/a	n/a	n/a	n/a	n/a	n/a	n/a	n/a	n/a	n/a	n/a	n/a	n/a	n/a	n/a	n/a	n/a	n/a	n/a	n/a	n/a	1697.363210	n/a
1698.886172	0.000000	339777	ttl	4	71	n/a	n/a	n/a	n/a	n/a	n/a	n/a	n/a	n/a	n/a	n/a	n/a	n/a	n/a	n/a	n/a	n/a	n/a	n/a	n/a	n/a	1698.886172	n/a
1698.942477	0.000000	339788	ttl	11	71	n/a	n/a	n/a	n/a	n/a	n/a	n/a	n/a	n/a	n/a	n/a	n/a	n/a	n/a	n/a	n/a	n/a	n/a	n/a	n/a	n/a	1698.942477	n/a
1699.425715	1.534141	339885	scene_recognition	n/a	n/a	n/a	71.0	n/a	n/a	n/a	1698.94247675	n/a	1.3523999876051676	2	1	2	NB_23_frameB.png	2	3	1702.3122555	1	162	n/a	n/a	intervals/recognition_table	161	1699.425715	1700.959856
1699.425715	0.000000	339885	ttl	1	71	n/a	n/a	n/a	n/a	n/a	n/a	n/a	n/a	n/a	n/a	n/a	n/a	n/a	n/a	n/a	n/a	n/a	n/a	n/a	n/a	n/a	1699.425715	n/a
1700.959856	0.000000	340192	ttl	2	71	n/a	n/a	n/a	n/a	n/a	n/a	n/a	n/a	n/a	n/a	n/a	n/a	n/a	n/a	n/a	n/a	n/a	n/a	n/a	n/a	n/a	1700.959856	n/a
1702.312255	0.000000	340462	ttl	4	71	n/a	n/a	n/a	n/a	n/a	n/a	n/a	n/a	n/a	n/a	n/a	n/a	n/a	n/a	n/a	n/a	n/a	n/a	n/a	n/a	n/a	1702.312255	n/a
1702.387035	0.000000	340477	ttl	11	71	n/a	n/a	n/a	n/a	n/a	n/a	n/a	n/a	n/a	n/a	n/a	n/a	n/a	n/a	n/a	n/a	n/a	n/a	n/a	n/a	n/a	1702.387035	n/a
1702.920259	1.533669	340584	scene_recognition	n/a	n/a	n/a	71.0	n/a	n/a	n/a	1702.3870355	n/a	0.8107515492738457	2	3	1	HB_2_frameA.png	2	4	1705.26468	1	163	n/a	n/a	intervals/recognition_table	162	1702.920259	1704.453928
1702.920259	0.000000	340584	ttl	1	71	n/a	n/a	n/a	n/a	n/a	n/a	n/a	n/a	n/a	n/a	n/a	n/a	n/a	n/a	n/a	n/a	n/a	n/a	n/a	n/a	n/a	1702.920259	n/a
1704.453928	0.000000	340891	ttl	2	71	n/a	n/a	n/a	n/a	n/a	n/a	n/a	n/a	n/a	n/a	n/a	n/a	n/a	n/a	n/a	n/a	n/a	n/a	n/a	n/a	n/a	1704.453928	n/a
1705.264680	0.000000	341053	ttl	4	71	n/a	n/a	n/a	n/a	n/a	n/a	n/a	n/a	n/a	n/a	n/a	n/a	n/a	n/a	n/a	n/a	n/a	n/a	n/a	n/a	n/a	1705.264680	n/a
1705.280707	0.000000	341056	ttl	11	71	n/a	n/a	n/a	n/a	n/a	n/a	n/a	n/a	n/a	n/a	n/a	n/a	n/a	n/a	n/a	n/a	n/a	n/a	n/a	n/a	n/a	1705.280707	n/a
1705.780604	1.534744	341156	scene_recognition	n/a	n/a	n/a	71.0	n/a	n/a	n/a	1705.280707	n/a	1.3544572676182725	1	1	3	NB_26_frameB_foil.png	2	2	1708.66980475	0	164	n/a	n/a	intervals/recognition_table	163	1705.780604	1707.315347
1705.780604	0.000000	341156	ttl	1	71	n/a	n/a	n/a	n/a	n/a	n/a	n/a	n/a	n/a	n/a	n/a	n/a	n/a	n/a	n/a	n/a	n/a	n/a	n/a	n/a	n/a	1705.780604	n/a
1707.315347	0.000000	341463	ttl	2	71	n/a	n/a	n/a	n/a	n/a	n/a	n/a	n/a	n/a	n/a	n/a	n/a	n/a	n/a	n/a	n/a	n/a	n/a	n/a	n/a	n/a	1707.315347	n/a
1708.669805	0.000000	341734	ttl	4	71	n/a	n/a	n/a	n/a	n/a	n/a	n/a	n/a	n/a	n/a	n/a	n/a	n/a	n/a	n/a	n/a	n/a	n/a	n/a	n/a	n/a	1708.669805	n/a
1708.684262	0.000000	341737	ttl	11	71	n/a	n/a	n/a	n/a	n/a	n/a	n/a	n/a	n/a	n/a	n/a	n/a	n/a	n/a	n/a	n/a	n/a	n/a	n/a	n/a	n/a	1708.684262	n/a
1709.217482	1.533872	341843	scene_recognition	n/a	n/a	n/a	71.0	n/a	n/a	n/a	1708.684262	n/a	1.7264047557546292	2	2	2	SB_7_frameA.png	2	3	1712.47775875	1	165	n/a	n/a	intervals/recognition_table	164	1709.217482	1710.751354
1709.217482	0.000000	341843	ttl	1	71	n/a	n/a	n/a	n/a	n/a	n/a	n/a	n/a	n/a	n/a	n/a	n/a	n/a	n/a	n/a	n/a	n/a	n/a	n/a	n/a	n/a	1709.217482	n/a
1710.751354	0.000000	342150	ttl	2	71	n/a	n/a	n/a	n/a	n/a	n/a	n/a	n/a	n/a	n/a	n/a	n/a	n/a	n/a	n/a	n/a	n/a	n/a	n/a	n/a	n/a	1710.751354	n/a
1712.477759	0.000000	342496	ttl	4	71	n/a	n/a	n/a	n/a	n/a	n/a	n/a	n/a	n/a	n/a	n/a	n/a	n/a	n/a	n/a	n/a	n/a	n/a	n/a	n/a	n/a	1712.477759	n/a
1712.492601	0.000000	342499	ttl	11	71	n/a	n/a	n/a	n/a	n/a	n/a	n/a	n/a	n/a	n/a	n/a	n/a	n/a	n/a	n/a	n/a	n/a	n/a	n/a	n/a	n/a	1712.492601	n/a
1713.025831	1.534637	342605	scene_recognition	n/a	n/a	n/a	71.0	n/a	n/a	n/a	1712.49260125	n/a	2.2343131275993073	2	2	2	SB_8_frameB_foil.png	1	6	1716.7947817499999	0	166	n/a	n/a	intervals/recognition_table	165	1713.025831	1714.560468
1713.025831	0.000000	342605	ttl	1	71	n/a	n/a	n/a	n/a	n/a	n/a	n/a	n/a	n/a	n/a	n/a	n/a	n/a	n/a	n/a	n/a	n/a	n/a	n/a	n/a	n/a	1713.025831	n/a
1714.560468	0.000000	342912	ttl	2	71	n/a	n/a	n/a	n/a	n/a	n/a	n/a	n/a	n/a	n/a	n/a	n/a	n/a	n/a	n/a	n/a	n/a	n/a	n/a	n/a	n/a	1714.560468	n/a
1716.794782	0.000000	343359	ttl	4	71	n/a	n/a	n/a	n/a	n/a	n/a	n/a	n/a	n/a	n/a	n/a	n/a	n/a	n/a	n/a	n/a	n/a	n/a	n/a	n/a	n/a	1716.794782	n/a
1716.893958	0.000000	343379	ttl	11	71	n/a	n/a	n/a	n/a	n/a	n/a	n/a	n/a	n/a	n/a	n/a	n/a	n/a	n/a	n/a	n/a	n/a	n/a	n/a	n/a	n/a	1716.893958	n/a
1717.427192	1.534847	343485	scene_recognition	n/a	n/a	n/a	71.0	n/a	n/a	n/a	1716.8939584999998	n/a	1.352555921766907	1	1	3	NB_3_frameB.png	1	7	1720.3145955	1	167	n/a	n/a	intervals/recognition_table	166	1717.427192	1718.962040
1717.427192	0.000000	343485	ttl	1	71	n/a	n/a	n/a	n/a	n/a	n/a	n/a	n/a	n/a	n/a	n/a	n/a	n/a	n/a	n/a	n/a	n/a	n/a	n/a	n/a	n/a	1717.427192	n/a
1718.962040	0.000000	343792	ttl	2	71	n/a	n/a	n/a	n/a	n/a	n/a	n/a	n/a	n/a	n/a	n/a	n/a	n/a	n/a	n/a	n/a	n/a	n/a	n/a	n/a	n/a	1718.962040	n/a
1720.314595	0.000000	344063	ttl	4	71	n/a	n/a	n/a	n/a	n/a	n/a	n/a	n/a	n/a	n/a	n/a	n/a	n/a	n/a	n/a	n/a	n/a	n/a	n/a	n/a	n/a	1720.314595	n/a
1720.328734	0.000000	344066	ttl	11	71	n/a	n/a	n/a	n/a	n/a	n/a	n/a	n/a	n/a	n/a	n/a	n/a	n/a	n/a	n/a	n/a	n/a	n/a	n/a	n/a	n/a	1720.328734	n/a
1720.878621	1.534627	344176	scene_recognition	n/a	n/a	n/a	71.0	n/a	n/a	n/a	1720.328734	n/a	1.3534524199785665	1	1	2	NB_8_frameB_foil.png	2	3	1723.76670025	0	168	n/a	n/a	intervals/recognition_table	167	1720.878621	1722.413248
1720.878621	0.000000	344176	ttl	1	71	n/a	n/a	n/a	n/a	n/a	n/a	n/a	n/a	n/a	n/a	n/a	n/a	n/a	n/a	n/a	n/a	n/a	n/a	n/a	n/a	n/a	1720.878621	n/a
1722.413248	0.000000	344483	ttl	2	71	n/a	n/a	n/a	n/a	n/a	n/a	n/a	n/a	n/a	n/a	n/a	n/a	n/a	n/a	n/a	n/a	n/a	n/a	n/a	n/a	n/a	1722.413248	n/a
1723.766700	0.000000	344753	ttl	4	71	n/a	n/a	n/a	n/a	n/a	n/a	n/a	n/a	n/a	n/a	n/a	n/a	n/a	n/a	n/a	n/a	n/a	n/a	n/a	n/a	n/a	1723.766700	n/a
1723.781207	0.000000	344756	ttl	11	71	n/a	n/a	n/a	n/a	n/a	n/a	n/a	n/a	n/a	n/a	n/a	n/a	n/a	n/a	n/a	n/a	n/a	n/a	n/a	n/a	n/a	1723.781207	n/a
1724.314424	1.534113	344863	scene_recognition	n/a	n/a	n/a	71.0	n/a	n/a	n/a	1723.7812072499999	n/a	0.6513010094931815	1	3	2	HB_6_frameA.png	1	6	1726.49983875	1	169	n/a	n/a	intervals/recognition_table	168	1724.314424	1725.848538
1724.314424	0.000000	344863	ttl	1	71	n/a	n/a	n/a	n/a	n/a	n/a	n/a	n/a	n/a	n/a	n/a	n/a	n/a	n/a	n/a	n/a	n/a	n/a	n/a	n/a	n/a	1724.314424	n/a
1725.848538	0.000000	345170	ttl	2	71	n/a	n/a	n/a	n/a	n/a	n/a	n/a	n/a	n/a	n/a	n/a	n/a	n/a	n/a	n/a	n/a	n/a	n/a	n/a	n/a	n/a	1725.848538	n/a
1726.499839	0.000000	345300	ttl	4	71	n/a	n/a	n/a	n/a	n/a	n/a	n/a	n/a	n/a	n/a	n/a	n/a	n/a	n/a	n/a	n/a	n/a	n/a	n/a	n/a	n/a	1726.499839	n/a
1726.613006	0.000000	345323	ttl	11	71	n/a	n/a	n/a	n/a	n/a	n/a	n/a	n/a	n/a	n/a	n/a	n/a	n/a	n/a	n/a	n/a	n/a	n/a	n/a	n/a	n/a	1726.613006	n/a
1727.129574	1.533618	345426	scene_recognition	n/a	n/a	n/a	71.0	n/a	n/a	n/a	1726.61300625	n/a	1.3537790051632328	1	1	2	NB_16_frameA.png	1	6	1730.0169715	1	170	n/a	n/a	intervals/recognition_table	169	1727.129574	1728.663192
1727.129574	0.000000	345426	ttl	1	71	n/a	n/a	n/a	n/a	n/a	n/a	n/a	n/a	n/a	n/a	n/a	n/a	n/a	n/a	n/a	n/a	n/a	n/a	n/a	n/a	n/a	1727.129574	n/a
1728.663192	0.000000	345733	ttl	2	71	n/a	n/a	n/a	n/a	n/a	n/a	n/a	n/a	n/a	n/a	n/a	n/a	n/a	n/a	n/a	n/a	n/a	n/a	n/a	n/a	n/a	1728.663192	n/a
1730.016971	0.000000	346003	ttl	4	71	n/a	n/a	n/a	n/a	n/a	n/a	n/a	n/a	n/a	n/a	n/a	n/a	n/a	n/a	n/a	n/a	n/a	n/a	n/a	n/a	n/a	1730.016971	n/a
1730.032014	0.000000	346006	ttl	11	71	n/a	n/a	n/a	n/a	n/a	n/a	n/a	n/a	n/a	n/a	n/a	n/a	n/a	n/a	n/a	n/a	n/a	n/a	n/a	n/a	n/a	1730.032014	n/a
1730.565230	1.534418	346113	scene_recognition	n/a	n/a	n/a	71.0	n/a	n/a	n/a	1730.03201425	n/a	1.351778863245272	2	1	3	NB_20_frameA.png	2	2	1733.451427	1	171	n/a	n/a	intervals/recognition_table	170	1730.565230	1732.099648
1730.565230	0.000000	346113	ttl	1	71	n/a	n/a	n/a	n/a	n/a	n/a	n/a	n/a	n/a	n/a	n/a	n/a	n/a	n/a	n/a	n/a	n/a	n/a	n/a	n/a	n/a	1730.565230	n/a
1732.099648	0.000000	346420	ttl	2	71	n/a	n/a	n/a	n/a	n/a	n/a	n/a	n/a	n/a	n/a	n/a	n/a	n/a	n/a	n/a	n/a	n/a	n/a	n/a	n/a	n/a	1732.099648	n/a
1733.451427	0.000000	346690	ttl	4	71	n/a	n/a	n/a	n/a	n/a	n/a	n/a	n/a	n/a	n/a	n/a	n/a	n/a	n/a	n/a	n/a	n/a	n/a	n/a	n/a	n/a	1733.451427	n/a
1733.483440	0.000000	346697	ttl	11	71	n/a	n/a	n/a	n/a	n/a	n/a	n/a	n/a	n/a	n/a	n/a	n/a	n/a	n/a	n/a	n/a	n/a	n/a	n/a	n/a	n/a	1733.483440	n/a
1734.000008	1.534474	346800	scene_recognition	n/a	n/a	n/a	71.0	n/a	n/a	n/a	1733.4834395	n/a	1.3525009034347022	1	1	3	NB_29_frameB.png	1	7	1736.8869825	1	172	n/a	n/a	intervals/recognition_table	171	1734.000008	1735.534481
1734.000008	0.000000	346800	ttl	1	71	n/a	n/a	n/a	n/a	n/a	n/a	n/a	n/a	n/a	n/a	n/a	n/a	n/a	n/a	n/a	n/a	n/a	n/a	n/a	n/a	n/a	1734.000008	n/a
1735.534481	0.000000	347107	ttl	2	71	n/a	n/a	n/a	n/a	n/a	n/a	n/a	n/a	n/a	n/a	n/a	n/a	n/a	n/a	n/a	n/a	n/a	n/a	n/a	n/a	n/a	1735.534481	n/a
1736.886982	0.000000	347377	ttl	4	71	n/a	n/a	n/a	n/a	n/a	n/a	n/a	n/a	n/a	n/a	n/a	n/a	n/a	n/a	n/a	n/a	n/a	n/a	n/a	n/a	n/a	1736.886982	n/a
1736.901223	0.000000	347380	ttl	11	71	n/a	n/a	n/a	n/a	n/a	n/a	n/a	n/a	n/a	n/a	n/a	n/a	n/a	n/a	n/a	n/a	n/a	n/a	n/a	n/a	n/a	1736.901223	n/a
1737.484444	1.534148	347497	scene_recognition	n/a	n/a	n/a	71.0	n/a	n/a	n/a	1736.90122275	n/a	2.012487725209212	2	3	1	HB_2_frameA.png	2	4	1741.0310795	1	173	n/a	n/a	intervals/recognition_table	172	1737.484444	1739.018592
1737.484444	0.000000	347497	ttl	1	71	n/a	n/a	n/a	n/a	n/a	n/a	n/a	n/a	n/a	n/a	n/a	n/a	n/a	n/a	n/a	n/a	n/a	n/a	n/a	n/a	n/a	1737.484444	n/a
1739.018592	0.000000	347804	ttl	2	71	n/a	n/a	n/a	n/a	n/a	n/a	n/a	n/a	n/a	n/a	n/a	n/a	n/a	n/a	n/a	n/a	n/a	n/a	n/a	n/a	n/a	1739.018592	n/a
1741.031080	0.000000	348206	ttl	4	71	n/a	n/a	n/a	n/a	n/a	n/a	n/a	n/a	n/a	n/a	n/a	n/a	n/a	n/a	n/a	n/a	n/a	n/a	n/a	n/a	n/a	1741.031080	n/a
1741.227199	0.000000	348245	ttl	11	71	n/a	n/a	n/a	n/a	n/a	n/a	n/a	n/a	n/a	n/a	n/a	n/a	n/a	n/a	n/a	n/a	n/a	n/a	n/a	n/a	n/a	1741.227199	n/a
1741.710390	1.534562	348342	scene_recognition	n/a	n/a	n/a	71.0	n/a	n/a	n/a	1741.2271994999999	n/a	1.355708838236751	2	1	3	NB_30_frameB_foil.png	1	7	1744.6006607499999	0	174	n/a	n/a	intervals/recognition_table	173	1741.710390	1743.244952
1741.710390	0.000000	348342	ttl	1	71	n/a	n/a	n/a	n/a	n/a	n/a	n/a	n/a	n/a	n/a	n/a	n/a	n/a	n/a	n/a	n/a	n/a	n/a	n/a	n/a	n/a	1741.710390	n/a
1743.244952	0.000000	348649	ttl	2	71	n/a	n/a	n/a	n/a	n/a	n/a	n/a	n/a	n/a	n/a	n/a	n/a	n/a	n/a	n/a	n/a	n/a	n/a	n/a	n/a	n/a	1743.244952	n/a
1744.600661	0.000000	348920	ttl	4	71	n/a	n/a	n/a	n/a	n/a	n/a	n/a	n/a	n/a	n/a	n/a	n/a	n/a	n/a	n/a	n/a	n/a	n/a	n/a	n/a	n/a	1744.600661	n/a
1744.651121	0.000000	348930	ttl	11	71	n/a	n/a	n/a	n/a	n/a	n/a	n/a	n/a	n/a	n/a	n/a	n/a	n/a	n/a	n/a	n/a	n/a	n/a	n/a	n/a	n/a	1744.651121	n/a
1745.151027	1.534137	349030	scene_recognition	n/a	n/a	n/a	71.0	n/a	n/a	n/a	1744.65112075	n/a	1.4267447974270908	2	2	3	SB_3_frameA.png	2	2	1748.1119087499999	1	175	n/a	n/a	intervals/recognition_table	174	1745.151027	1746.685164
1745.151027	0.000000	349030	ttl	1	71	n/a	n/a	n/a	n/a	n/a	n/a	n/a	n/a	n/a	n/a	n/a	n/a	n/a	n/a	n/a	n/a	n/a	n/a	n/a	n/a	n/a	1745.151027	n/a
1746.685164	0.000000	349337	ttl	2	71	n/a	n/a	n/a	n/a	n/a	n/a	n/a	n/a	n/a	n/a	n/a	n/a	n/a	n/a	n/a	n/a	n/a	n/a	n/a	n/a	n/a	1746.685164	n/a
1748.111909	0.000000	349622	ttl	4	71	n/a	n/a	n/a	n/a	n/a	n/a	n/a	n/a	n/a	n/a	n/a	n/a	n/a	n/a	n/a	n/a	n/a	n/a	n/a	n/a	n/a	1748.111909	n/a
1748.126653	0.000000	349625	ttl	11	71	n/a	n/a	n/a	n/a	n/a	n/a	n/a	n/a	n/a	n/a	n/a	n/a	n/a	n/a	n/a	n/a	n/a	n/a	n/a	n/a	n/a	1748.126653	n/a
1748.609892	1.534687	349722	scene_recognition	n/a	n/a	n/a	71.0	n/a	n/a	n/a	1748.12665275	n/a	1.353193500006455	1	1	3	NB_21_frameB.png	1	7	1751.49777225	1	176	n/a	n/a	intervals/recognition_table	175	1748.609892	1750.144579
1748.609892	0.000000	349722	ttl	1	71	n/a	n/a	n/a	n/a	n/a	n/a	n/a	n/a	n/a	n/a	n/a	n/a	n/a	n/a	n/a	n/a	n/a	n/a	n/a	n/a	n/a	1748.609892	n/a
1750.144579	0.000000	350029	ttl	2	71	n/a	n/a	n/a	n/a	n/a	n/a	n/a	n/a	n/a	n/a	n/a	n/a	n/a	n/a	n/a	n/a	n/a	n/a	n/a	n/a	n/a	1750.144579	n/a
1751.497772	0.000000	350300	ttl	4	71	n/a	n/a	n/a	n/a	n/a	n/a	n/a	n/a	n/a	n/a	n/a	n/a	n/a	n/a	n/a	n/a	n/a	n/a	n/a	n/a	n/a	1751.497772	n/a
1751.539128	0.000000	350308	ttl	11	71	n/a	n/a	n/a	n/a	n/a	n/a	n/a	n/a	n/a	n/a	n/a	n/a	n/a	n/a	n/a	n/a	n/a	n/a	n/a	n/a	n/a	1751.539128	n/a
1752.088203	1.497566	350418	scene_recognition	n/a	n/a	n/a	71.0	n/a	n/a	n/a	1751.53912775	n/a	1.2253672742663184	2	2	1	SB_30_frameA.png	2	4	1754.8111365	1	177	n/a	n/a	intervals/recognition_table	176	1752.088203	1753.585769
1752.088203	0.000000	350418	ttl	1	71	n/a	n/a	n/a	n/a	n/a	n/a	n/a	n/a	n/a	n/a	n/a	n/a	n/a	n/a	n/a	n/a	n/a	n/a	n/a	n/a	n/a	1752.088203	n/a
1753.585769	0.000000	350717	ttl	2	71	n/a	n/a	n/a	n/a	n/a	n/a	n/a	n/a	n/a	n/a	n/a	n/a	n/a	n/a	n/a	n/a	n/a	n/a	n/a	n/a	n/a	1753.585769	n/a
1754.811136	0.000000	350962	ttl	4	71	n/a	n/a	n/a	n/a	n/a	n/a	n/a	n/a	n/a	n/a	n/a	n/a	n/a	n/a	n/a	n/a	n/a	n/a	n/a	n/a	n/a	1754.811136	n/a
1754.889691	0.000000	350978	ttl	11	71	n/a	n/a	n/a	n/a	n/a	n/a	n/a	n/a	n/a	n/a	n/a	n/a	n/a	n/a	n/a	n/a	n/a	n/a	n/a	n/a	n/a	1754.889691	n/a
1755.498899	1.539062	351100	scene_recognition	n/a	n/a	n/a	71.0	n/a	n/a	n/a	1754.88969125	n/a	0.8538374693162041	1	2	3	SB_30_frameB_foil.png	2	2	1757.891799	0	178	n/a	n/a	intervals/recognition_table	177	1755.498899	1757.037961
1755.498899	0.000000	351100	ttl	1	71	n/a	n/a	n/a	n/a	n/a	n/a	n/a	n/a	n/a	n/a	n/a	n/a	n/a	n/a	n/a	n/a	n/a	n/a	n/a	n/a	n/a	1755.498899	n/a
1757.037961	0.000000	351408	ttl	2	71	n/a	n/a	n/a	n/a	n/a	n/a	n/a	n/a	n/a	n/a	n/a	n/a	n/a	n/a	n/a	n/a	n/a	n/a	n/a	n/a	n/a	1757.037961	n/a
1757.891799	0.000000	351578	ttl	4	71	n/a	n/a	n/a	n/a	n/a	n/a	n/a	n/a	n/a	n/a	n/a	n/a	n/a	n/a	n/a	n/a	n/a	n/a	n/a	n/a	n/a	1757.891799	n/a
1757.967800	0.000000	351594	ttl	11	71	n/a	n/a	n/a	n/a	n/a	n/a	n/a	n/a	n/a	n/a	n/a	n/a	n/a	n/a	n/a	n/a	n/a	n/a	n/a	n/a	n/a	1757.967800	n/a
1758.514219	1.505867	351703	scene_recognition	n/a	n/a	n/a	71.0	n/a	n/a	n/a	1757.9678004999998	n/a	1.821238095712033	1	3	1	HB_30_frameB.png	1	5	1761.8413234999998	1	179	n/a	n/a	intervals/recognition_table	178	1758.514219	1760.020085
1758.514219	0.000000	351703	ttl	1	71	n/a	n/a	n/a	n/a	n/a	n/a	n/a	n/a	n/a	n/a	n/a	n/a	n/a	n/a	n/a	n/a	n/a	n/a	n/a	n/a	n/a	1758.514219	n/a
1760.020085	0.000000	352004	ttl	2	71	n/a	n/a	n/a	n/a	n/a	n/a	n/a	n/a	n/a	n/a	n/a	n/a	n/a	n/a	n/a	n/a	n/a	n/a	n/a	n/a	n/a	1760.020085	n/a
1761.841323	0.000000	352368	ttl	4	71	n/a	n/a	n/a	n/a	n/a	n/a	n/a	n/a	n/a	n/a	n/a	n/a	n/a	n/a	n/a	n/a	n/a	n/a	n/a	n/a	n/a	1761.841323	n/a
1761.880431	0.000000	352376	ttl	11	71	n/a	n/a	n/a	n/a	n/a	n/a	n/a	n/a	n/a	n/a	n/a	n/a	n/a	n/a	n/a	n/a	n/a	n/a	n/a	n/a	n/a	1761.880431	n/a
1762.429197	1.559393	352486	scene_recognition	n/a	n/a	n/a	71.0	n/a	n/a	n/a	1761.8804315	n/a	0.8831095706991618	1	3	3	HB_30_frameA_foil.png	2	2	1764.8717004999999	0	180	n/a	n/a	intervals/recognition_table	179	1762.429197	1763.988591
1762.429197	0.000000	352486	ttl	1	71	n/a	n/a	n/a	n/a	n/a	n/a	n/a	n/a	n/a	n/a	n/a	n/a	n/a	n/a	n/a	n/a	n/a	n/a	n/a	n/a	n/a	1762.429197	n/a
1763.988591	0.000000	352798	ttl	2	71	n/a	n/a	n/a	n/a	n/a	n/a	n/a	n/a	n/a	n/a	n/a	n/a	n/a	n/a	n/a	n/a	n/a	n/a	n/a	n/a	n/a	1763.988591	n/a
1764.871700	0.000000	352974	ttl	4	71	n/a	n/a	n/a	n/a	n/a	n/a	n/a	n/a	n/a	n/a	n/a	n/a	n/a	n/a	n/a	n/a	n/a	n/a	n/a	n/a	n/a	1764.871700	n/a
1764.922478	0.000000	352984	ttl	60	71	n/a	n/a	n/a	n/a	n/a	n/a	n/a	n/a	n/a	n/a	n/a	n/a	n/a	n/a	n/a	n/a	n/a	n/a	n/a	n/a	n/a	1764.922478	n/a
1992.176262	0.000000	398435	ttl	61	72	n/a	n/a	n/a	n/a	n/a	n/a	n/a	n/a	n/a	n/a	n/a	n/a	n/a	n/a	n/a	n/a	n/a	n/a	n/a	n/a	n/a	1992.176262	n/a
1992.229891	0.000000	398446	ttl	11	72	n/a	n/a	n/a	n/a	n/a	n/a	n/a	n/a	n/a	n/a	n/a	n/a	n/a	n/a	n/a	n/a	n/a	n/a	n/a	n/a	n/a	1992.229891	n/a
1992.796451	2.034812	398559	time_discrimination	n/a	n/a	n/a	72.0	n/a	n/a	n/a	1992.2298905	n/a	1.7817440449725837	2.0	3	3.0	HB_14_ShortA.png	n/a	7	1996.613007	n/a	1	2	2	intervals/timediscrimination_table	0	1992.796451	1994.831263
1992.796451	0.000000	398559	ttl	1	72	n/a	n/a	n/a	n/a	n/a	n/a	n/a	n/a	n/a	n/a	n/a	n/a	n/a	n/a	n/a	n/a	n/a	n/a	n/a	n/a	n/a	1992.796451	n/a
1994.831263	0.000000	398966	ttl	2	72	n/a	n/a	n/a	n/a	n/a	n/a	n/a	n/a	n/a	n/a	n/a	n/a	n/a	n/a	n/a	n/a	n/a	n/a	n/a	n/a	n/a	1994.831263	n/a
1996.613007	0.000000	399323	ttl	4	72	n/a	n/a	n/a	n/a	n/a	n/a	n/a	n/a	n/a	n/a	n/a	n/a	n/a	n/a	n/a	n/a	n/a	n/a	n/a	n/a	n/a	1996.613007	n/a
1996.627962	0.000000	399326	ttl	11	72	n/a	n/a	n/a	n/a	n/a	n/a	n/a	n/a	n/a	n/a	n/a	n/a	n/a	n/a	n/a	n/a	n/a	n/a	n/a	n/a	n/a	1996.627962	n/a
1997.227840	2.034025	399446	time_discrimination	n/a	n/a	n/a	72.0	n/a	n/a	n/a	1996.6279619999998	n/a	1.7820820962951984	2.0	3	3.0	HB_45_ShortA.png	n/a	7	2001.043947	n/a	2	2	2	intervals/timediscrimination_table	1	1997.227840	1999.261865
1997.227840	0.000000	399446	ttl	1	72	n/a	n/a	n/a	n/a	n/a	n/a	n/a	n/a	n/a	n/a	n/a	n/a	n/a	n/a	n/a	n/a	n/a	n/a	n/a	n/a	n/a	1997.227840	n/a
1999.261865	0.000000	399852	ttl	2	72	n/a	n/a	n/a	n/a	n/a	n/a	n/a	n/a	n/a	n/a	n/a	n/a	n/a	n/a	n/a	n/a	n/a	n/a	n/a	n/a	n/a	1999.261865	n/a
2001.043947	0.000000	400209	ttl	4	72	n/a	n/a	n/a	n/a	n/a	n/a	n/a	n/a	n/a	n/a	n/a	n/a	n/a	n/a	n/a	n/a	n/a	n/a	n/a	n/a	n/a	2001.043947	n/a
2001.176609	0.000000	400235	ttl	11	72	n/a	n/a	n/a	n/a	n/a	n/a	n/a	n/a	n/a	n/a	n/a	n/a	n/a	n/a	n/a	n/a	n/a	n/a	n/a	n/a	n/a	2001.176609	n/a
2001.793158	2.052073	400359	time_discrimination	n/a	n/a	n/a	72.0	n/a	n/a	n/a	2001.17660925	n/a	1.6828268109966302	2.0	1	3.0	NB_26_ShortA.png	n/a	7	2005.52805775	n/a	3	2	2	intervals/timediscrimination_table	2	2001.793158	2003.845231
2001.793158	0.000000	400359	ttl	1	72	n/a	n/a	n/a	n/a	n/a	n/a	n/a	n/a	n/a	n/a	n/a	n/a	n/a	n/a	n/a	n/a	n/a	n/a	n/a	n/a	n/a	2001.793158	n/a
2003.845231	0.000000	400769	ttl	2	72	n/a	n/a	n/a	n/a	n/a	n/a	n/a	n/a	n/a	n/a	n/a	n/a	n/a	n/a	n/a	n/a	n/a	n/a	n/a	n/a	n/a	2003.845231	n/a
2005.528058	0.000000	401106	ttl	4	72	n/a	n/a	n/a	n/a	n/a	n/a	n/a	n/a	n/a	n/a	n/a	n/a	n/a	n/a	n/a	n/a	n/a	n/a	n/a	n/a	n/a	2005.528058	n/a
2005.581079	0.000000	401116	ttl	11	72	n/a	n/a	n/a	n/a	n/a	n/a	n/a	n/a	n/a	n/a	n/a	n/a	n/a	n/a	n/a	n/a	n/a	n/a	n/a	n/a	n/a	2005.581079	n/a
2006.214281	2.033526	401243	time_discrimination	n/a	n/a	n/a	72.0	n/a	n/a	n/a	2005.58107925	n/a	1.6831186663621338	2.0	1	3.0	NB_25_LongA.png	n/a	2	2009.930926	n/a	4	1	1	intervals/timediscrimination_table	3	2006.214281	2008.247807
2006.214281	0.000000	401243	ttl	1	72	n/a	n/a	n/a	n/a	n/a	n/a	n/a	n/a	n/a	n/a	n/a	n/a	n/a	n/a	n/a	n/a	n/a	n/a	n/a	n/a	n/a	2006.214281	n/a
2008.247807	0.000000	401650	ttl	2	72	n/a	n/a	n/a	n/a	n/a	n/a	n/a	n/a	n/a	n/a	n/a	n/a	n/a	n/a	n/a	n/a	n/a	n/a	n/a	n/a	n/a	2008.247807	n/a
2009.930926	0.000000	401986	ttl	4	72	n/a	n/a	n/a	n/a	n/a	n/a	n/a	n/a	n/a	n/a	n/a	n/a	n/a	n/a	n/a	n/a	n/a	n/a	n/a	n/a	n/a	2009.930926	n/a
2010.080946	0.000000	402016	ttl	11	72	n/a	n/a	n/a	n/a	n/a	n/a	n/a	n/a	n/a	n/a	n/a	n/a	n/a	n/a	n/a	n/a	n/a	n/a	n/a	n/a	n/a	2010.080946	n/a
2010.797477	2.035187	402159	time_discrimination	n/a	n/a	n/a	72.0	n/a	n/a	n/a	2010.08094575	n/a	1.6817010433151154	2.0	1	2.0	NB_3_LongA.png	n/a	6	2014.5143644999998	n/a	5	2	2	intervals/timediscrimination_table	4	2010.797477	2012.832663
2010.797477	0.000000	402159	ttl	1	72	n/a	n/a	n/a	n/a	n/a	n/a	n/a	n/a	n/a	n/a	n/a	n/a	n/a	n/a	n/a	n/a	n/a	n/a	n/a	n/a	n/a	2010.797477	n/a
2012.832663	0.000000	402567	ttl	2	72	n/a	n/a	n/a	n/a	n/a	n/a	n/a	n/a	n/a	n/a	n/a	n/a	n/a	n/a	n/a	n/a	n/a	n/a	n/a	n/a	n/a	2012.832663	n/a
2014.514364	0.000000	402903	ttl	4	72	n/a	n/a	n/a	n/a	n/a	n/a	n/a	n/a	n/a	n/a	n/a	n/a	n/a	n/a	n/a	n/a	n/a	n/a	n/a	n/a	n/a	2014.514364	n/a
2014.636912	0.000000	402927	ttl	11	72	n/a	n/a	n/a	n/a	n/a	n/a	n/a	n/a	n/a	n/a	n/a	n/a	n/a	n/a	n/a	n/a	n/a	n/a	n/a	n/a	n/a	2014.636912	n/a
2015.220118	2.033940	403044	time_discrimination	n/a	n/a	n/a	72.0	n/a	n/a	n/a	2014.6369117499999	n/a	1.6812888213753467	2.0	1	3.0	NB_16_ShortA.png	n/a	2	2018.93534675	n/a	6	1	1	intervals/timediscrimination_table	5	2015.220118	2017.254058
2015.220118	0.000000	403044	ttl	1	72	n/a	n/a	n/a	n/a	n/a	n/a	n/a	n/a	n/a	n/a	n/a	n/a	n/a	n/a	n/a	n/a	n/a	n/a	n/a	n/a	n/a	2015.220118	n/a
2017.254058	0.000000	403451	ttl	2	72	n/a	n/a	n/a	n/a	n/a	n/a	n/a	n/a	n/a	n/a	n/a	n/a	n/a	n/a	n/a	n/a	n/a	n/a	n/a	n/a	n/a	2017.254058	n/a
2018.935347	0.000000	403787	ttl	4	72	n/a	n/a	n/a	n/a	n/a	n/a	n/a	n/a	n/a	n/a	n/a	n/a	n/a	n/a	n/a	n/a	n/a	n/a	n/a	n/a	n/a	2018.935347	n/a
2019.011089	0.000000	403802	ttl	11	72	n/a	n/a	n/a	n/a	n/a	n/a	n/a	n/a	n/a	n/a	n/a	n/a	n/a	n/a	n/a	n/a	n/a	n/a	n/a	n/a	n/a	2019.011089	n/a
2019.560974	2.034112	403912	time_discrimination	n/a	n/a	n/a	72.0	n/a	n/a	n/a	2019.0110894999998	n/a	1.1066239442152437	2.0	2	2.0	SB_34_LongA.png	n/a	6	2022.7017107499998	n/a	7	2	2	intervals/timediscrimination_table	6	2019.560974	2021.595087
2019.560974	0.000000	403912	ttl	1	72	n/a	n/a	n/a	n/a	n/a	n/a	n/a	n/a	n/a	n/a	n/a	n/a	n/a	n/a	n/a	n/a	n/a	n/a	n/a	n/a	n/a	2019.560974	n/a
2021.595087	0.000000	404319	ttl	2	72	n/a	n/a	n/a	n/a	n/a	n/a	n/a	n/a	n/a	n/a	n/a	n/a	n/a	n/a	n/a	n/a	n/a	n/a	n/a	n/a	n/a	2021.595087	n/a
2022.701711	0.000000	404540	ttl	4	72	n/a	n/a	n/a	n/a	n/a	n/a	n/a	n/a	n/a	n/a	n/a	n/a	n/a	n/a	n/a	n/a	n/a	n/a	n/a	n/a	n/a	2022.701711	n/a
2022.781084	0.000000	404556	ttl	11	72	n/a	n/a	n/a	n/a	n/a	n/a	n/a	n/a	n/a	n/a	n/a	n/a	n/a	n/a	n/a	n/a	n/a	n/a	n/a	n/a	n/a	2022.781084	n/a
2023.330972	2.033634	404666	time_discrimination	n/a	n/a	n/a	72.0	n/a	n/a	n/a	2022.7810845	n/a	1.6828161822486436	2.0	1	3.0	NB_19_ShortA.png	n/a	7	2027.0474219999999	n/a	8	2	2	intervals/timediscrimination_table	7	2023.330972	2025.364606
2023.330972	0.000000	404666	ttl	1	72	n/a	n/a	n/a	n/a	n/a	n/a	n/a	n/a	n/a	n/a	n/a	n/a	n/a	n/a	n/a	n/a	n/a	n/a	n/a	n/a	n/a	2023.330972	n/a
2025.364606	0.000000	405073	ttl	2	72	n/a	n/a	n/a	n/a	n/a	n/a	n/a	n/a	n/a	n/a	n/a	n/a	n/a	n/a	n/a	n/a	n/a	n/a	n/a	n/a	n/a	2025.364606	n/a
2027.047422	0.000000	405409	ttl	4	72	n/a	n/a	n/a	n/a	n/a	n/a	n/a	n/a	n/a	n/a	n/a	n/a	n/a	n/a	n/a	n/a	n/a	n/a	n/a	n/a	n/a	2027.047422	n/a
2027.112459	0.000000	405422	ttl	11	72	n/a	n/a	n/a	n/a	n/a	n/a	n/a	n/a	n/a	n/a	n/a	n/a	n/a	n/a	n/a	n/a	n/a	n/a	n/a	n/a	n/a	2027.112459	n/a
2027.745662	2.034482	405549	time_discrimination	n/a	n/a	n/a	72.0	n/a	n/a	n/a	2027.1124592499998	n/a	1.783379493674147	2.0	3	2.0	HB_39_LongA.png	n/a	6	2031.5635235	n/a	9	2	2	intervals/timediscrimination_table	8	2027.745662	2029.780144
2027.745662	0.000000	405549	ttl	1	72	n/a	n/a	n/a	n/a	n/a	n/a	n/a	n/a	n/a	n/a	n/a	n/a	n/a	n/a	n/a	n/a	n/a	n/a	n/a	n/a	n/a	2027.745662	n/a
2029.780144	0.000000	405956	ttl	2	72	n/a	n/a	n/a	n/a	n/a	n/a	n/a	n/a	n/a	n/a	n/a	n/a	n/a	n/a	n/a	n/a	n/a	n/a	n/a	n/a	n/a	2029.780144	n/a
2031.563523	0.000000	406313	ttl	4	72	n/a	n/a	n/a	n/a	n/a	n/a	n/a	n/a	n/a	n/a	n/a	n/a	n/a	n/a	n/a	n/a	n/a	n/a	n/a	n/a	n/a	2031.563523	n/a
2031.577851	0.000000	406316	ttl	11	72	n/a	n/a	n/a	n/a	n/a	n/a	n/a	n/a	n/a	n/a	n/a	n/a	n/a	n/a	n/a	n/a	n/a	n/a	n/a	n/a	n/a	2031.577851	n/a
2032.127742	2.034261	406426	time_discrimination	n/a	n/a	n/a	72.0	n/a	n/a	n/a	2031.5778512499999	n/a	1.1510997912409948	2.0	2	3.0	SB_40_LongA.png	n/a	7	2035.3131027499999	n/a	10	2	2	intervals/timediscrimination_table	9	2032.127742	2034.162003
2032.127742	0.000000	406426	ttl	1	72	n/a	n/a	n/a	n/a	n/a	n/a	n/a	n/a	n/a	n/a	n/a	n/a	n/a	n/a	n/a	n/a	n/a	n/a	n/a	n/a	n/a	2032.127742	n/a
2034.162003	0.000000	406832	ttl	2	72	n/a	n/a	n/a	n/a	n/a	n/a	n/a	n/a	n/a	n/a	n/a	n/a	n/a	n/a	n/a	n/a	n/a	n/a	n/a	n/a	n/a	2034.162003	n/a
2035.313103	0.000000	407063	ttl	4	72	n/a	n/a	n/a	n/a	n/a	n/a	n/a	n/a	n/a	n/a	n/a	n/a	n/a	n/a	n/a	n/a	n/a	n/a	n/a	n/a	n/a	2035.313103	n/a
2035.327448	0.000000	407065	ttl	11	72	n/a	n/a	n/a	n/a	n/a	n/a	n/a	n/a	n/a	n/a	n/a	n/a	n/a	n/a	n/a	n/a	n/a	n/a	n/a	n/a	n/a	2035.327448	n/a
2035.827357	2.034579	407165	time_discrimination	n/a	n/a	n/a	72.0	n/a	n/a	n/a	2035.32744775	n/a	1.7822963345388416	2.0	3	3.0	HB_24_ShortA.png	n/a	7	2039.6442319999999	n/a	11	2	2	intervals/timediscrimination_table	10	2035.827357	2037.861936
2035.827357	0.000000	407165	ttl	1	72	n/a	n/a	n/a	n/a	n/a	n/a	n/a	n/a	n/a	n/a	n/a	n/a	n/a	n/a	n/a	n/a	n/a	n/a	n/a	n/a	n/a	2035.827357	n/a
2037.861936	0.000000	407572	ttl	2	72	n/a	n/a	n/a	n/a	n/a	n/a	n/a	n/a	n/a	n/a	n/a	n/a	n/a	n/a	n/a	n/a	n/a	n/a	n/a	n/a	n/a	2037.861936	n/a
2039.644232	0.000000	407929	ttl	4	72	n/a	n/a	n/a	n/a	n/a	n/a	n/a	n/a	n/a	n/a	n/a	n/a	n/a	n/a	n/a	n/a	n/a	n/a	n/a	n/a	n/a	2039.644232	n/a
2039.712602	0.000000	407943	ttl	11	72	n/a	n/a	n/a	n/a	n/a	n/a	n/a	n/a	n/a	n/a	n/a	n/a	n/a	n/a	n/a	n/a	n/a	n/a	n/a	n/a	n/a	2039.712602	n/a
2040.295824	2.033637	408059	time_discrimination	n/a	n/a	n/a	72.0	n/a	n/a	n/a	2039.71260175	n/a	1.6836586024437565	2.0	1	3.0	NB_7_LongA.png	n/a	7	2044.0131192499998	n/a	12	2	2	intervals/timediscrimination_table	11	2040.295824	2042.329461
2040.295824	0.000000	408059	ttl	1	72	n/a	n/a	n/a	n/a	n/a	n/a	n/a	n/a	n/a	n/a	n/a	n/a	n/a	n/a	n/a	n/a	n/a	n/a	n/a	n/a	n/a	2040.295824	n/a
2042.329461	0.000000	408466	ttl	2	72	n/a	n/a	n/a	n/a	n/a	n/a	n/a	n/a	n/a	n/a	n/a	n/a	n/a	n/a	n/a	n/a	n/a	n/a	n/a	n/a	n/a	2042.329461	n/a
2044.013119	0.000000	408803	ttl	4	72	n/a	n/a	n/a	n/a	n/a	n/a	n/a	n/a	n/a	n/a	n/a	n/a	n/a	n/a	n/a	n/a	n/a	n/a	n/a	n/a	n/a	2044.013119	n/a
2044.146137	0.000000	408829	ttl	11	72	n/a	n/a	n/a	n/a	n/a	n/a	n/a	n/a	n/a	n/a	n/a	n/a	n/a	n/a	n/a	n/a	n/a	n/a	n/a	n/a	n/a	2044.146137	n/a
2044.645987	2.033553	408929	time_discrimination	n/a	n/a	n/a	72.0	n/a	n/a	n/a	2044.146137	n/a	0.9188100441097049	2.0	2	3.0	SB_47_ShortA.png	n/a	2	2047.59835	n/a	13	1	1	intervals/timediscrimination_table	12	2044.645987	2046.679540
2044.645987	0.000000	408929	ttl	1	72	n/a	n/a	n/a	n/a	n/a	n/a	n/a	n/a	n/a	n/a	n/a	n/a	n/a	n/a	n/a	n/a	n/a	n/a	n/a	n/a	n/a	2044.645987	n/a
2046.679540	0.000000	409336	ttl	2	72	n/a	n/a	n/a	n/a	n/a	n/a	n/a	n/a	n/a	n/a	n/a	n/a	n/a	n/a	n/a	n/a	n/a	n/a	n/a	n/a	n/a	2046.679540	n/a
2047.598350	0.000000	409520	ttl	4	72	n/a	n/a	n/a	n/a	n/a	n/a	n/a	n/a	n/a	n/a	n/a	n/a	n/a	n/a	n/a	n/a	n/a	n/a	n/a	n/a	n/a	2047.598350	n/a
2047.630109	0.000000	409526	ttl	11	72	n/a	n/a	n/a	n/a	n/a	n/a	n/a	n/a	n/a	n/a	n/a	n/a	n/a	n/a	n/a	n/a	n/a	n/a	n/a	n/a	n/a	2047.630109	n/a
2048.130000	2.033682	409626	time_discrimination	n/a	n/a	n/a	72.0	n/a	n/a	n/a	2047.630109	n/a	1.6818381471530301	2.0	1	2.0	NB_11_ShortA.png	n/a	3	2051.84552	n/a	14	1	1	intervals/timediscrimination_table	13	2048.130000	2050.163682
2048.130000	0.000000	409626	ttl	1	72	n/a	n/a	n/a	n/a	n/a	n/a	n/a	n/a	n/a	n/a	n/a	n/a	n/a	n/a	n/a	n/a	n/a	n/a	n/a	n/a	n/a	2048.130000	n/a
2050.163682	0.000000	410033	ttl	2	72	n/a	n/a	n/a	n/a	n/a	n/a	n/a	n/a	n/a	n/a	n/a	n/a	n/a	n/a	n/a	n/a	n/a	n/a	n/a	n/a	n/a	2050.163682	n/a
2051.845520	0.000000	410369	ttl	4	72	n/a	n/a	n/a	n/a	n/a	n/a	n/a	n/a	n/a	n/a	n/a	n/a	n/a	n/a	n/a	n/a	n/a	n/a	n/a	n/a	n/a	2051.845520	n/a
2051.862700	0.000000	410373	ttl	11	72	n/a	n/a	n/a	n/a	n/a	n/a	n/a	n/a	n/a	n/a	n/a	n/a	n/a	n/a	n/a	n/a	n/a	n/a	n/a	n/a	n/a	2051.862700	n/a
2052.412598	2.034698	410483	time_discrimination	n/a	n/a	n/a	72.0	n/a	n/a	n/a	2051.8627005	n/a	1.7811971482005902	2.0	3	3.0	HB_40_LongA.png	n/a	7	2056.22849375	n/a	15	2	2	intervals/timediscrimination_table	14	2052.412598	2054.447296
2052.412598	0.000000	410483	ttl	1	72	n/a	n/a	n/a	n/a	n/a	n/a	n/a	n/a	n/a	n/a	n/a	n/a	n/a	n/a	n/a	n/a	n/a	n/a	n/a	n/a	n/a	2052.412598	n/a
2054.447296	0.000000	410889	ttl	2	72	n/a	n/a	n/a	n/a	n/a	n/a	n/a	n/a	n/a	n/a	n/a	n/a	n/a	n/a	n/a	n/a	n/a	n/a	n/a	n/a	n/a	2054.447296	n/a
2056.228494	0.000000	411246	ttl	4	72	n/a	n/a	n/a	n/a	n/a	n/a	n/a	n/a	n/a	n/a	n/a	n/a	n/a	n/a	n/a	n/a	n/a	n/a	n/a	n/a	n/a	2056.228494	n/a
2056.342943	0.000000	411269	ttl	11	72	n/a	n/a	n/a	n/a	n/a	n/a	n/a	n/a	n/a	n/a	n/a	n/a	n/a	n/a	n/a	n/a	n/a	n/a	n/a	n/a	n/a	2056.342943	n/a
2056.926152	2.034191	411385	time_discrimination	n/a	n/a	n/a	72.0	n/a	n/a	n/a	2056.3429432499997	n/a	1.6814397795969853	2.0	1	3.0	NB_16_LongA.png	n/a	2	2060.641783	n/a	16	1	1	intervals/timediscrimination_table	15	2056.926152	2058.960343
2056.926152	0.000000	411385	ttl	1	72	n/a	n/a	n/a	n/a	n/a	n/a	n/a	n/a	n/a	n/a	n/a	n/a	n/a	n/a	n/a	n/a	n/a	n/a	n/a	n/a	n/a	2056.926152	n/a
2058.960343	0.000000	411792	ttl	2	72	n/a	n/a	n/a	n/a	n/a	n/a	n/a	n/a	n/a	n/a	n/a	n/a	n/a	n/a	n/a	n/a	n/a	n/a	n/a	n/a	n/a	2058.960343	n/a
2060.641783	0.000000	412128	ttl	4	72	n/a	n/a	n/a	n/a	n/a	n/a	n/a	n/a	n/a	n/a	n/a	n/a	n/a	n/a	n/a	n/a	n/a	n/a	n/a	n/a	n/a	2060.641783	n/a
2060.727020	0.000000	412145	ttl	11	72	n/a	n/a	n/a	n/a	n/a	n/a	n/a	n/a	n/a	n/a	n/a	n/a	n/a	n/a	n/a	n/a	n/a	n/a	n/a	n/a	n/a	2060.727020	n/a
2061.310238	2.034807	412262	time_discrimination	n/a	n/a	n/a	72.0	n/a	n/a	n/a	2060.72702025	n/a	0.6857136666658334	2.0	2	3.0	SB_7_ShortA.png	n/a	2	2064.03075875	n/a	17	1	1	intervals/timediscrimination_table	16	2061.310238	2063.345045
2061.310238	0.000000	412262	ttl	1	72	n/a	n/a	n/a	n/a	n/a	n/a	n/a	n/a	n/a	n/a	n/a	n/a	n/a	n/a	n/a	n/a	n/a	n/a	n/a	n/a	n/a	2061.310238	n/a
2063.345045	0.000000	412669	ttl	2	72	n/a	n/a	n/a	n/a	n/a	n/a	n/a	n/a	n/a	n/a	n/a	n/a	n/a	n/a	n/a	n/a	n/a	n/a	n/a	n/a	n/a	2063.345045	n/a
2064.030759	0.000000	412806	ttl	4	72	n/a	n/a	n/a	n/a	n/a	n/a	n/a	n/a	n/a	n/a	n/a	n/a	n/a	n/a	n/a	n/a	n/a	n/a	n/a	n/a	n/a	2064.030759	n/a
2064.084882	0.000000	412817	ttl	11	72	n/a	n/a	n/a	n/a	n/a	n/a	n/a	n/a	n/a	n/a	n/a	n/a	n/a	n/a	n/a	n/a	n/a	n/a	n/a	n/a	n/a	2064.084882	n/a
2064.684766	2.034301	412937	time_discrimination	n/a	n/a	n/a	72.0	n/a	n/a	n/a	2064.08488175	n/a	1.6822462063719286	2.0	1	2.0	NB_4_ShortA.png	n/a	6	2068.4013139999997	n/a	18	2	2	intervals/timediscrimination_table	17	2064.684766	2066.719068
2064.684766	0.000000	412937	ttl	1	72	n/a	n/a	n/a	n/a	n/a	n/a	n/a	n/a	n/a	n/a	n/a	n/a	n/a	n/a	n/a	n/a	n/a	n/a	n/a	n/a	n/a	2064.684766	n/a
2066.719068	0.000000	413344	ttl	2	72	n/a	n/a	n/a	n/a	n/a	n/a	n/a	n/a	n/a	n/a	n/a	n/a	n/a	n/a	n/a	n/a	n/a	n/a	n/a	n/a	n/a	2066.719068	n/a
2068.401314	0.000000	413680	ttl	4	72	n/a	n/a	n/a	n/a	n/a	n/a	n/a	n/a	n/a	n/a	n/a	n/a	n/a	n/a	n/a	n/a	n/a	n/a	n/a	n/a	n/a	2068.401314	n/a
2068.548281	0.000000	413710	ttl	11	72	n/a	n/a	n/a	n/a	n/a	n/a	n/a	n/a	n/a	n/a	n/a	n/a	n/a	n/a	n/a	n/a	n/a	n/a	n/a	n/a	n/a	2068.548281	n/a
2069.164822	2.034107	413833	time_discrimination	n/a	n/a	n/a	72.0	n/a	n/a	n/a	2068.54828075	n/a	1.7840778392273933	2.0	3	2.0	HB_22_LongA.png	n/a	3	2072.983007	n/a	19	1	1	intervals/timediscrimination_table	18	2069.164822	2071.198929
2069.164822	0.000000	413833	ttl	1	72	n/a	n/a	n/a	n/a	n/a	n/a	n/a	n/a	n/a	n/a	n/a	n/a	n/a	n/a	n/a	n/a	n/a	n/a	n/a	n/a	n/a	2069.164822	n/a
2071.198929	0.000000	414240	ttl	2	72	n/a	n/a	n/a	n/a	n/a	n/a	n/a	n/a	n/a	n/a	n/a	n/a	n/a	n/a	n/a	n/a	n/a	n/a	n/a	n/a	n/a	2071.198929	n/a
2072.983007	0.000000	414597	ttl	4	72	n/a	n/a	n/a	n/a	n/a	n/a	n/a	n/a	n/a	n/a	n/a	n/a	n/a	n/a	n/a	n/a	n/a	n/a	n/a	n/a	n/a	2072.983007	n/a
2072.998476	0.000000	414600	ttl	11	72	n/a	n/a	n/a	n/a	n/a	n/a	n/a	n/a	n/a	n/a	n/a	n/a	n/a	n/a	n/a	n/a	n/a	n/a	n/a	n/a	n/a	2072.998476	n/a
2073.531691	2.034345	414706	time_discrimination	n/a	n/a	n/a	72.0	n/a	n/a	n/a	2072.9984765	n/a	1.6813050551863853	2.0	1	3.0	NB_15_ShortA.png	n/a	2	2077.2473415	n/a	20	1	1	intervals/timediscrimination_table	19	2073.531691	2075.566036
2073.531691	0.000000	414706	ttl	1	72	n/a	n/a	n/a	n/a	n/a	n/a	n/a	n/a	n/a	n/a	n/a	n/a	n/a	n/a	n/a	n/a	n/a	n/a	n/a	n/a	n/a	2073.531691	n/a
2075.566036	0.000000	415113	ttl	2	72	n/a	n/a	n/a	n/a	n/a	n/a	n/a	n/a	n/a	n/a	n/a	n/a	n/a	n/a	n/a	n/a	n/a	n/a	n/a	n/a	n/a	2075.566036	n/a
2077.247341	0.000000	415449	ttl	4	72	n/a	n/a	n/a	n/a	n/a	n/a	n/a	n/a	n/a	n/a	n/a	n/a	n/a	n/a	n/a	n/a	n/a	n/a	n/a	n/a	n/a	2077.247341	n/a
2077.261905	0.000000	415452	ttl	11	72	n/a	n/a	n/a	n/a	n/a	n/a	n/a	n/a	n/a	n/a	n/a	n/a	n/a	n/a	n/a	n/a	n/a	n/a	n/a	n/a	n/a	2077.261905	n/a
2077.845124	2.034598	415569	time_discrimination	n/a	n/a	n/a	72.0	n/a	n/a	n/a	2077.261905	n/a	1.5218000513123116	2.0	2	2.0	SB_36_ShortA.png	n/a	3	2081.401522	n/a	21	1	1	intervals/timediscrimination_table	20	2077.845124	2079.879722
2077.845124	0.000000	415569	ttl	1	72	n/a	n/a	n/a	n/a	n/a	n/a	n/a	n/a	n/a	n/a	n/a	n/a	n/a	n/a	n/a	n/a	n/a	n/a	n/a	n/a	n/a	2077.845124	n/a
2079.879722	0.000000	415976	ttl	2	72	n/a	n/a	n/a	n/a	n/a	n/a	n/a	n/a	n/a	n/a	n/a	n/a	n/a	n/a	n/a	n/a	n/a	n/a	n/a	n/a	n/a	2079.879722	n/a
2081.401522	0.000000	416280	ttl	4	72	n/a	n/a	n/a	n/a	n/a	n/a	n/a	n/a	n/a	n/a	n/a	n/a	n/a	n/a	n/a	n/a	n/a	n/a	n/a	n/a	n/a	2081.401522	n/a
2081.480995	0.000000	416296	ttl	11	72	n/a	n/a	n/a	n/a	n/a	n/a	n/a	n/a	n/a	n/a	n/a	n/a	n/a	n/a	n/a	n/a	n/a	n/a	n/a	n/a	n/a	2081.480995	n/a
2082.047540	2.033544	416410	time_discrimination	n/a	n/a	n/a	72.0	n/a	n/a	n/a	2081.48099525	n/a	1.8176815870247083	2.0	2	3.0	SB_12_ShortA.png	n/a	2	2085.89876525	n/a	22	1	1	intervals/timediscrimination_table	21	2082.047540	2084.081084
2082.047540	0.000000	416410	ttl	1	72	n/a	n/a	n/a	n/a	n/a	n/a	n/a	n/a	n/a	n/a	n/a	n/a	n/a	n/a	n/a	n/a	n/a	n/a	n/a	n/a	n/a	2082.047540	n/a
2084.081084	0.000000	416816	ttl	2	72	n/a	n/a	n/a	n/a	n/a	n/a	n/a	n/a	n/a	n/a	n/a	n/a	n/a	n/a	n/a	n/a	n/a	n/a	n/a	n/a	n/a	2084.081084	n/a
2085.898765	0.000000	417180	ttl	4	72	n/a	n/a	n/a	n/a	n/a	n/a	n/a	n/a	n/a	n/a	n/a	n/a	n/a	n/a	n/a	n/a	n/a	n/a	n/a	n/a	n/a	2085.898765	n/a
2085.983053	0.000000	417197	ttl	11	72	n/a	n/a	n/a	n/a	n/a	n/a	n/a	n/a	n/a	n/a	n/a	n/a	n/a	n/a	n/a	n/a	n/a	n/a	n/a	n/a	n/a	2085.983053	n/a
2086.566263	2.033720	417313	time_discrimination	n/a	n/a	n/a	72.0	n/a	n/a	n/a	2085.98305275	n/a	1.781351067169453	2.0	3	3.0	HB_20_ShortA.png	n/a	7	2090.38133425	n/a	23	2	2	intervals/timediscrimination_table	22	2086.566263	2088.599983
2086.566263	0.000000	417313	ttl	1	72	n/a	n/a	n/a	n/a	n/a	n/a	n/a	n/a	n/a	n/a	n/a	n/a	n/a	n/a	n/a	n/a	n/a	n/a	n/a	n/a	n/a	2086.566263	n/a
2088.599983	0.000000	417720	ttl	2	72	n/a	n/a	n/a	n/a	n/a	n/a	n/a	n/a	n/a	n/a	n/a	n/a	n/a	n/a	n/a	n/a	n/a	n/a	n/a	n/a	n/a	2088.599983	n/a
2090.381334	0.000000	418076	ttl	4	72	n/a	n/a	n/a	n/a	n/a	n/a	n/a	n/a	n/a	n/a	n/a	n/a	n/a	n/a	n/a	n/a	n/a	n/a	n/a	n/a	n/a	2090.381334	n/a
2090.396520	0.000000	418079	ttl	11	72	n/a	n/a	n/a	n/a	n/a	n/a	n/a	n/a	n/a	n/a	n/a	n/a	n/a	n/a	n/a	n/a	n/a	n/a	n/a	n/a	n/a	2090.396520	n/a
2091.013076	2.035071	418203	time_discrimination	n/a	n/a	n/a	72.0	n/a	n/a	n/a	2090.3965205	n/a	1.4058608570194338	2.0	2	3.0	SB_53_ShortA.png	n/a	7	2094.454009	n/a	24	2	2	intervals/timediscrimination_table	23	2091.013076	2093.048148
2091.013076	0.000000	418203	ttl	1	72	n/a	n/a	n/a	n/a	n/a	n/a	n/a	n/a	n/a	n/a	n/a	n/a	n/a	n/a	n/a	n/a	n/a	n/a	n/a	n/a	n/a	2091.013076	n/a
2093.048148	0.000000	418610	ttl	2	72	n/a	n/a	n/a	n/a	n/a	n/a	n/a	n/a	n/a	n/a	n/a	n/a	n/a	n/a	n/a	n/a	n/a	n/a	n/a	n/a	n/a	2093.048148	n/a
2094.454009	0.000000	418891	ttl	4	72	n/a	n/a	n/a	n/a	n/a	n/a	n/a	n/a	n/a	n/a	n/a	n/a	n/a	n/a	n/a	n/a	n/a	n/a	n/a	n/a	n/a	2094.454009	n/a
2094.518892	0.000000	418904	ttl	11	72	n/a	n/a	n/a	n/a	n/a	n/a	n/a	n/a	n/a	n/a	n/a	n/a	n/a	n/a	n/a	n/a	n/a	n/a	n/a	n/a	n/a	2094.518892	n/a
2095.035452	2.034235	419007	time_discrimination	n/a	n/a	n/a	72.0	n/a	n/a	n/a	2094.51889175	n/a	1.7815253599255811	2.0	3	3.0	HB_1_LongA.png	n/a	2	2098.8512124999997	n/a	25	1	1	intervals/timediscrimination_table	24	2095.035452	2097.069687
2095.035452	0.000000	419007	ttl	1	72	n/a	n/a	n/a	n/a	n/a	n/a	n/a	n/a	n/a	n/a	n/a	n/a	n/a	n/a	n/a	n/a	n/a	n/a	n/a	n/a	n/a	2095.035452	n/a
2097.069687	0.000000	419414	ttl	2	72	n/a	n/a	n/a	n/a	n/a	n/a	n/a	n/a	n/a	n/a	n/a	n/a	n/a	n/a	n/a	n/a	n/a	n/a	n/a	n/a	n/a	2097.069687	n/a
2098.851212	0.000000	419770	ttl	4	72	n/a	n/a	n/a	n/a	n/a	n/a	n/a	n/a	n/a	n/a	n/a	n/a	n/a	n/a	n/a	n/a	n/a	n/a	n/a	n/a	n/a	2098.851212	n/a
2098.865770	0.000000	419773	ttl	11	72	n/a	n/a	n/a	n/a	n/a	n/a	n/a	n/a	n/a	n/a	n/a	n/a	n/a	n/a	n/a	n/a	n/a	n/a	n/a	n/a	n/a	2098.865770	n/a
2099.382323	2.034350	419876	time_discrimination	n/a	n/a	n/a	72.0	n/a	n/a	n/a	2098.86577025	n/a	1.7825364087620983	2.0	3	3.0	HB_46_ShortA.png	n/a	2	2103.19920875	n/a	26	1	1	intervals/timediscrimination_table	25	2099.382323	2101.416672
2099.382323	0.000000	419876	ttl	1	72	n/a	n/a	n/a	n/a	n/a	n/a	n/a	n/a	n/a	n/a	n/a	n/a	n/a	n/a	n/a	n/a	n/a	n/a	n/a	n/a	n/a	2099.382323	n/a
2101.416672	0.000000	420283	ttl	2	72	n/a	n/a	n/a	n/a	n/a	n/a	n/a	n/a	n/a	n/a	n/a	n/a	n/a	n/a	n/a	n/a	n/a	n/a	n/a	n/a	n/a	2101.416672	n/a
2103.199209	0.000000	420640	ttl	4	72	n/a	n/a	n/a	n/a	n/a	n/a	n/a	n/a	n/a	n/a	n/a	n/a	n/a	n/a	n/a	n/a	n/a	n/a	n/a	n/a	n/a	2103.199209	n/a
2103.256863	0.000000	420651	ttl	11	72	n/a	n/a	n/a	n/a	n/a	n/a	n/a	n/a	n/a	n/a	n/a	n/a	n/a	n/a	n/a	n/a	n/a	n/a	n/a	n/a	n/a	2103.256863	n/a
2103.856751	2.034261	420771	time_discrimination	n/a	n/a	n/a	72.0	n/a	n/a	n/a	2103.2568635	n/a	1.0515477372100577	2.0	2	2.0	SB_58_ShortA.png	n/a	6	2106.9425592499997	n/a	27	2	2	intervals/timediscrimination_table	26	2103.856751	2105.891011
2103.856751	0.000000	420771	ttl	1	72	n/a	n/a	n/a	n/a	n/a	n/a	n/a	n/a	n/a	n/a	n/a	n/a	n/a	n/a	n/a	n/a	n/a	n/a	n/a	n/a	n/a	2103.856751	n/a
2105.891011	0.000000	421178	ttl	2	72	n/a	n/a	n/a	n/a	n/a	n/a	n/a	n/a	n/a	n/a	n/a	n/a	n/a	n/a	n/a	n/a	n/a	n/a	n/a	n/a	n/a	2105.891011	n/a
2106.942559	0.000000	421389	ttl	4	72	n/a	n/a	n/a	n/a	n/a	n/a	n/a	n/a	n/a	n/a	n/a	n/a	n/a	n/a	n/a	n/a	n/a	n/a	n/a	n/a	n/a	2106.942559	n/a
2107.001032	0.000000	421400	ttl	11	72	n/a	n/a	n/a	n/a	n/a	n/a	n/a	n/a	n/a	n/a	n/a	n/a	n/a	n/a	n/a	n/a	n/a	n/a	n/a	n/a	n/a	2107.001032	n/a
2107.517596	2.033387	421504	time_discrimination	n/a	n/a	n/a	72.0	n/a	n/a	n/a	2107.0010322499998	n/a	1.7806773147458443	2.0	3	2.0	HB_27_LongA.png	n/a	3	2111.33166	n/a	28	1	1	intervals/timediscrimination_table	27	2107.517596	2109.550983
2107.517596	0.000000	421504	ttl	1	72	n/a	n/a	n/a	n/a	n/a	n/a	n/a	n/a	n/a	n/a	n/a	n/a	n/a	n/a	n/a	n/a	n/a	n/a	n/a	n/a	n/a	2107.517596	n/a
2109.550983	0.000000	421910	ttl	2	72	n/a	n/a	n/a	n/a	n/a	n/a	n/a	n/a	n/a	n/a	n/a	n/a	n/a	n/a	n/a	n/a	n/a	n/a	n/a	n/a	n/a	2109.550983	n/a
2111.331660	0.000000	422266	ttl	4	72	n/a	n/a	n/a	n/a	n/a	n/a	n/a	n/a	n/a	n/a	n/a	n/a	n/a	n/a	n/a	n/a	n/a	n/a	n/a	n/a	n/a	2111.331660	n/a
2111.382643	0.000000	422277	ttl	11	72	n/a	n/a	n/a	n/a	n/a	n/a	n/a	n/a	n/a	n/a	n/a	n/a	n/a	n/a	n/a	n/a	n/a	n/a	n/a	n/a	n/a	2111.382643	n/a
2111.932528	2.034470	422387	time_discrimination	n/a	n/a	n/a	72.0	n/a	n/a	n/a	2111.382643	n/a	0.8394274338788819	2.0	2	3.0	SB_59_LongA.png	n/a	2	2114.8064249999998	n/a	29	1	1	intervals/timediscrimination_table	28	2111.932528	2113.966997
2111.932528	0.000000	422387	ttl	1	72	n/a	n/a	n/a	n/a	n/a	n/a	n/a	n/a	n/a	n/a	n/a	n/a	n/a	n/a	n/a	n/a	n/a	n/a	n/a	n/a	n/a	2111.932528	n/a
2113.966997	0.000000	422793	ttl	2	72	n/a	n/a	n/a	n/a	n/a	n/a	n/a	n/a	n/a	n/a	n/a	n/a	n/a	n/a	n/a	n/a	n/a	n/a	n/a	n/a	n/a	2113.966997	n/a
2114.806425	0.000000	422961	ttl	4	72	n/a	n/a	n/a	n/a	n/a	n/a	n/a	n/a	n/a	n/a	n/a	n/a	n/a	n/a	n/a	n/a	n/a	n/a	n/a	n/a	n/a	2114.806425	n/a
2114.891869	0.000000	422978	ttl	11	72	n/a	n/a	n/a	n/a	n/a	n/a	n/a	n/a	n/a	n/a	n/a	n/a	n/a	n/a	n/a	n/a	n/a	n/a	n/a	n/a	n/a	2114.891869	n/a
2115.425094	2.034069	423085	time_discrimination	n/a	n/a	n/a	72.0	n/a	n/a	n/a	2114.8918694999998	n/a	1.6814259536040481	2.0	1	3.0	NB_24_ShortA.png	n/a	2	2119.14058975	n/a	30	1	1	intervals/timediscrimination_table	29	2115.425094	2117.459164
2115.425094	0.000000	423085	ttl	1	72	n/a	n/a	n/a	n/a	n/a	n/a	n/a	n/a	n/a	n/a	n/a	n/a	n/a	n/a	n/a	n/a	n/a	n/a	n/a	n/a	n/a	2115.425094	n/a
2117.459164	0.000000	423492	ttl	2	72	n/a	n/a	n/a	n/a	n/a	n/a	n/a	n/a	n/a	n/a	n/a	n/a	n/a	n/a	n/a	n/a	n/a	n/a	n/a	n/a	n/a	2117.459164	n/a
2119.140590	0.000000	423828	ttl	4	72	n/a	n/a	n/a	n/a	n/a	n/a	n/a	n/a	n/a	n/a	n/a	n/a	n/a	n/a	n/a	n/a	n/a	n/a	n/a	n/a	n/a	2119.140590	n/a
2119.155227	0.000000	423831	ttl	11	72	n/a	n/a	n/a	n/a	n/a	n/a	n/a	n/a	n/a	n/a	n/a	n/a	n/a	n/a	n/a	n/a	n/a	n/a	n/a	n/a	n/a	2119.155227	n/a
2119.721788	2.033776	423944	time_discrimination	n/a	n/a	n/a	72.0	n/a	n/a	n/a	2119.15522725	n/a	1.7821358045766829	2.0	3	3.0	HB_50_LongA.png	n/a	2	2123.53770025	n/a	31	1	1	intervals/timediscrimination_table	30	2119.721788	2121.755564
2119.721788	0.000000	423944	ttl	1	72	n/a	n/a	n/a	n/a	n/a	n/a	n/a	n/a	n/a	n/a	n/a	n/a	n/a	n/a	n/a	n/a	n/a	n/a	n/a	n/a	n/a	2119.721788	n/a
2121.755564	0.000000	424351	ttl	2	72	n/a	n/a	n/a	n/a	n/a	n/a	n/a	n/a	n/a	n/a	n/a	n/a	n/a	n/a	n/a	n/a	n/a	n/a	n/a	n/a	n/a	2121.755564	n/a
2123.537700	0.000000	424708	ttl	4	72	n/a	n/a	n/a	n/a	n/a	n/a	n/a	n/a	n/a	n/a	n/a	n/a	n/a	n/a	n/a	n/a	n/a	n/a	n/a	n/a	n/a	2123.537700	n/a
2123.552704	0.000000	424711	ttl	11	72	n/a	n/a	n/a	n/a	n/a	n/a	n/a	n/a	n/a	n/a	n/a	n/a	n/a	n/a	n/a	n/a	n/a	n/a	n/a	n/a	n/a	2123.552704	n/a
2124.102590	2.034662	424821	time_discrimination	n/a	n/a	n/a	72.0	n/a	n/a	n/a	2123.55270425	n/a	1.7819617263739929	2.0	3	2.0	HB_26_ShortA.png	n/a	3	2127.919214	n/a	32	1	1	intervals/timediscrimination_table	31	2124.102590	2126.137252
2124.102590	0.000000	424821	ttl	1	72	n/a	n/a	n/a	n/a	n/a	n/a	n/a	n/a	n/a	n/a	n/a	n/a	n/a	n/a	n/a	n/a	n/a	n/a	n/a	n/a	n/a	2124.102590	n/a
2126.137252	0.000000	425227	ttl	2	72	n/a	n/a	n/a	n/a	n/a	n/a	n/a	n/a	n/a	n/a	n/a	n/a	n/a	n/a	n/a	n/a	n/a	n/a	n/a	n/a	n/a	2126.137252	n/a
2127.919214	0.000000	425584	ttl	4	72	n/a	n/a	n/a	n/a	n/a	n/a	n/a	n/a	n/a	n/a	n/a	n/a	n/a	n/a	n/a	n/a	n/a	n/a	n/a	n/a	n/a	2127.919214	n/a
2128.073819	0.000000	425615	ttl	11	72	n/a	n/a	n/a	n/a	n/a	n/a	n/a	n/a	n/a	n/a	n/a	n/a	n/a	n/a	n/a	n/a	n/a	n/a	n/a	n/a	n/a	2128.073819	n/a
2128.607038	2.034492	425721	time_discrimination	n/a	n/a	n/a	72.0	n/a	n/a	n/a	2128.07381875	n/a	1.6824993939953856	2.0	1	2.0	NB_14_LongA.png	n/a	3	2132.3240295	n/a	33	1	1	intervals/timediscrimination_table	32	2128.607038	2130.641530
2128.607038	0.000000	425721	ttl	1	72	n/a	n/a	n/a	n/a	n/a	n/a	n/a	n/a	n/a	n/a	n/a	n/a	n/a	n/a	n/a	n/a	n/a	n/a	n/a	n/a	n/a	2128.607038	n/a
2130.641530	0.000000	426128	ttl	2	72	n/a	n/a	n/a	n/a	n/a	n/a	n/a	n/a	n/a	n/a	n/a	n/a	n/a	n/a	n/a	n/a	n/a	n/a	n/a	n/a	n/a	2130.641530	n/a
2132.324030	0.000000	426465	ttl	4	72	n/a	n/a	n/a	n/a	n/a	n/a	n/a	n/a	n/a	n/a	n/a	n/a	n/a	n/a	n/a	n/a	n/a	n/a	n/a	n/a	n/a	2132.324030	n/a
2132.379570	0.000000	426476	ttl	11	72	n/a	n/a	n/a	n/a	n/a	n/a	n/a	n/a	n/a	n/a	n/a	n/a	n/a	n/a	n/a	n/a	n/a	n/a	n/a	n/a	n/a	2132.379570	n/a
2132.912794	2.033981	426583	time_discrimination	n/a	n/a	n/a	72.0	n/a	n/a	n/a	2132.37957	n/a	1.783996295169345	2.0	3	2.0	HB_10_ShortA.png	n/a	3	2136.73077075	n/a	34	1	1	intervals/timediscrimination_table	33	2132.912794	2134.946774
2132.912794	0.000000	426583	ttl	1	72	n/a	n/a	n/a	n/a	n/a	n/a	n/a	n/a	n/a	n/a	n/a	n/a	n/a	n/a	n/a	n/a	n/a	n/a	n/a	n/a	n/a	2132.912794	n/a
2134.946774	0.000000	426989	ttl	2	72	n/a	n/a	n/a	n/a	n/a	n/a	n/a	n/a	n/a	n/a	n/a	n/a	n/a	n/a	n/a	n/a	n/a	n/a	n/a	n/a	n/a	2134.946774	n/a
2136.730771	0.000000	427346	ttl	4	72	n/a	n/a	n/a	n/a	n/a	n/a	n/a	n/a	n/a	n/a	n/a	n/a	n/a	n/a	n/a	n/a	n/a	n/a	n/a	n/a	n/a	2136.730771	n/a
2136.783328	0.000000	427357	ttl	11	72	n/a	n/a	n/a	n/a	n/a	n/a	n/a	n/a	n/a	n/a	n/a	n/a	n/a	n/a	n/a	n/a	n/a	n/a	n/a	n/a	n/a	2136.783328	n/a
2137.266558	2.034788	427453	time_discrimination	n/a	n/a	n/a	72.0	n/a	n/a	n/a	2136.78332775	n/a	0.9125784369098255	2.0	2	3.0	SB_18_LongA.png	n/a	2	2140.2139245	n/a	35	1	1	intervals/timediscrimination_table	34	2137.266558	2139.301346
2137.266558	0.000000	427453	ttl	1	72	n/a	n/a	n/a	n/a	n/a	n/a	n/a	n/a	n/a	n/a	n/a	n/a	n/a	n/a	n/a	n/a	n/a	n/a	n/a	n/a	n/a	2137.266558	n/a
2139.301346	0.000000	427860	ttl	2	72	n/a	n/a	n/a	n/a	n/a	n/a	n/a	n/a	n/a	n/a	n/a	n/a	n/a	n/a	n/a	n/a	n/a	n/a	n/a	n/a	n/a	2139.301346	n/a
2140.213924	0.000000	428043	ttl	4	72	n/a	n/a	n/a	n/a	n/a	n/a	n/a	n/a	n/a	n/a	n/a	n/a	n/a	n/a	n/a	n/a	n/a	n/a	n/a	n/a	n/a	2140.213924	n/a
2140.227780	0.000000	428046	ttl	11	72	n/a	n/a	n/a	n/a	n/a	n/a	n/a	n/a	n/a	n/a	n/a	n/a	n/a	n/a	n/a	n/a	n/a	n/a	n/a	n/a	n/a	2140.227780	n/a
2140.844323	2.034605	428169	time_discrimination	n/a	n/a	n/a	72.0	n/a	n/a	n/a	2140.22778025	n/a	1.6818380876793526	2.0	1	3.0	NB_28_LongA.png	n/a	7	2144.560766	n/a	36	2	2	intervals/timediscrimination_table	35	2140.844323	2142.878928
2140.844323	0.000000	428169	ttl	1	72	n/a	n/a	n/a	n/a	n/a	n/a	n/a	n/a	n/a	n/a	n/a	n/a	n/a	n/a	n/a	n/a	n/a	n/a	n/a	n/a	n/a	2140.844323	n/a
2142.878928	0.000000	428576	ttl	2	72	n/a	n/a	n/a	n/a	n/a	n/a	n/a	n/a	n/a	n/a	n/a	n/a	n/a	n/a	n/a	n/a	n/a	n/a	n/a	n/a	n/a	2142.878928	n/a
2144.560766	0.000000	428912	ttl	4	72	n/a	n/a	n/a	n/a	n/a	n/a	n/a	n/a	n/a	n/a	n/a	n/a	n/a	n/a	n/a	n/a	n/a	n/a	n/a	n/a	n/a	2144.560766	n/a
2144.624294	0.000000	428925	ttl	11	72	n/a	n/a	n/a	n/a	n/a	n/a	n/a	n/a	n/a	n/a	n/a	n/a	n/a	n/a	n/a	n/a	n/a	n/a	n/a	n/a	n/a	2144.624294	n/a
2145.257503	2.033486	429052	time_discrimination	n/a	n/a	n/a	72.0	n/a	n/a	n/a	2144.62429425	n/a	2.1087581355532166	2.0	2	2.0	SB_27_LongA.png	n/a	3	2149.39974725	n/a	37	1	1	intervals/timediscrimination_table	36	2145.257503	2147.290989
2145.257503	0.000000	429052	ttl	1	72	n/a	n/a	n/a	n/a	n/a	n/a	n/a	n/a	n/a	n/a	n/a	n/a	n/a	n/a	n/a	n/a	n/a	n/a	n/a	n/a	n/a	2145.257503	n/a
2147.290989	0.000000	429458	ttl	2	72	n/a	n/a	n/a	n/a	n/a	n/a	n/a	n/a	n/a	n/a	n/a	n/a	n/a	n/a	n/a	n/a	n/a	n/a	n/a	n/a	n/a	2147.290989	n/a
2149.399747	0.000000	429880	ttl	4	72	n/a	n/a	n/a	n/a	n/a	n/a	n/a	n/a	n/a	n/a	n/a	n/a	n/a	n/a	n/a	n/a	n/a	n/a	n/a	n/a	n/a	2149.399747	n/a
2149.525090	0.000000	429905	ttl	11	72	n/a	n/a	n/a	n/a	n/a	n/a	n/a	n/a	n/a	n/a	n/a	n/a	n/a	n/a	n/a	n/a	n/a	n/a	n/a	n/a	n/a	2149.525090	n/a
2150.158288	2.033832	430032	time_discrimination	n/a	n/a	n/a	72.0	n/a	n/a	n/a	2149.52508975	n/a	1.3799377484974684	2.0	2	2.0	SB_52_LongA.png	n/a	3	2153.57205725	n/a	38	1	1	intervals/timediscrimination_table	37	2150.158288	2152.192119
2150.158288	0.000000	430032	ttl	1	72	n/a	n/a	n/a	n/a	n/a	n/a	n/a	n/a	n/a	n/a	n/a	n/a	n/a	n/a	n/a	n/a	n/a	n/a	n/a	n/a	n/a	2150.158288	n/a
2152.192119	0.000000	430438	ttl	2	72	n/a	n/a	n/a	n/a	n/a	n/a	n/a	n/a	n/a	n/a	n/a	n/a	n/a	n/a	n/a	n/a	n/a	n/a	n/a	n/a	n/a	2152.192119	n/a
2153.572057	0.000000	430714	ttl	4	72	n/a	n/a	n/a	n/a	n/a	n/a	n/a	n/a	n/a	n/a	n/a	n/a	n/a	n/a	n/a	n/a	n/a	n/a	n/a	n/a	n/a	2153.572057	n/a
2153.658872	0.000000	430732	ttl	11	72	n/a	n/a	n/a	n/a	n/a	n/a	n/a	n/a	n/a	n/a	n/a	n/a	n/a	n/a	n/a	n/a	n/a	n/a	n/a	n/a	n/a	2153.658872	n/a
2154.225428	2.033708	430845	time_discrimination	n/a	n/a	n/a	72.0	n/a	n/a	n/a	2153.658872	n/a	1.7832113483309513	2.0	3	3.0	HB_30_LongA.png	n/a	7	2158.0423472499997	n/a	39	2	2	intervals/timediscrimination_table	38	2154.225428	2156.259136
2154.225428	0.000000	430845	ttl	1	72	n/a	n/a	n/a	n/a	n/a	n/a	n/a	n/a	n/a	n/a	n/a	n/a	n/a	n/a	n/a	n/a	n/a	n/a	n/a	n/a	n/a	2154.225428	n/a
2156.259136	0.000000	431252	ttl	2	72	n/a	n/a	n/a	n/a	n/a	n/a	n/a	n/a	n/a	n/a	n/a	n/a	n/a	n/a	n/a	n/a	n/a	n/a	n/a	n/a	n/a	2156.259136	n/a
2158.042347	0.000000	431608	ttl	4	72	n/a	n/a	n/a	n/a	n/a	n/a	n/a	n/a	n/a	n/a	n/a	n/a	n/a	n/a	n/a	n/a	n/a	n/a	n/a	n/a	n/a	2158.042347	n/a
2158.057442	0.000000	431611	ttl	11	72	n/a	n/a	n/a	n/a	n/a	n/a	n/a	n/a	n/a	n/a	n/a	n/a	n/a	n/a	n/a	n/a	n/a	n/a	n/a	n/a	n/a	2158.057442	n/a
2158.540664	2.034185	431708	time_discrimination	n/a	n/a	n/a	72.0	n/a	n/a	n/a	2158.0574425	n/a	1.7823829786648275	2.0	3	3.0	HB_29_LongA.png	n/a	2	2162.3572317499998	n/a	40	1	1	intervals/timediscrimination_table	39	2158.540664	2160.574849
2158.540664	0.000000	431708	ttl	1	72	n/a	n/a	n/a	n/a	n/a	n/a	n/a	n/a	n/a	n/a	n/a	n/a	n/a	n/a	n/a	n/a	n/a	n/a	n/a	n/a	n/a	2158.540664	n/a
2160.574849	0.000000	432115	ttl	2	72	n/a	n/a	n/a	n/a	n/a	n/a	n/a	n/a	n/a	n/a	n/a	n/a	n/a	n/a	n/a	n/a	n/a	n/a	n/a	n/a	n/a	2160.574849	n/a
2162.357232	0.000000	432471	ttl	4	72	n/a	n/a	n/a	n/a	n/a	n/a	n/a	n/a	n/a	n/a	n/a	n/a	n/a	n/a	n/a	n/a	n/a	n/a	n/a	n/a	n/a	2162.357232	n/a
2162.371863	0.000000	432474	ttl	11	72	n/a	n/a	n/a	n/a	n/a	n/a	n/a	n/a	n/a	n/a	n/a	n/a	n/a	n/a	n/a	n/a	n/a	n/a	n/a	n/a	n/a	2162.371863	n/a
2162.938425	2.034891	432588	time_discrimination	n/a	n/a	n/a	72.0	n/a	n/a	n/a	2162.37186325	n/a	1.7809479359275429	2.0	3	3.0	HB_60_ShortA.png	n/a	7	2166.7542635	n/a	41	2	2	intervals/timediscrimination_table	40	2162.938425	2164.973316
2162.938425	0.000000	432588	ttl	1	72	n/a	n/a	n/a	n/a	n/a	n/a	n/a	n/a	n/a	n/a	n/a	n/a	n/a	n/a	n/a	n/a	n/a	n/a	n/a	n/a	n/a	2162.938425	n/a
2164.973316	0.000000	432995	ttl	2	72	n/a	n/a	n/a	n/a	n/a	n/a	n/a	n/a	n/a	n/a	n/a	n/a	n/a	n/a	n/a	n/a	n/a	n/a	n/a	n/a	n/a	2164.973316	n/a
2166.754263	0.000000	433351	ttl	4	72	n/a	n/a	n/a	n/a	n/a	n/a	n/a	n/a	n/a	n/a	n/a	n/a	n/a	n/a	n/a	n/a	n/a	n/a	n/a	n/a	n/a	2166.754263	n/a
2166.874414	0.000000	433375	ttl	11	72	n/a	n/a	n/a	n/a	n/a	n/a	n/a	n/a	n/a	n/a	n/a	n/a	n/a	n/a	n/a	n/a	n/a	n/a	n/a	n/a	n/a	2166.874414	n/a
2167.474305	2.033428	433495	time_discrimination	n/a	n/a	n/a	72.0	n/a	n/a	n/a	2166.87441425	n/a	0.8674878779129358	2.0	2	3.0	SB_17_LongA.png	n/a	7	2170.3752205	n/a	42	2	2	intervals/timediscrimination_table	41	2167.474305	2169.507733
2167.474305	0.000000	433495	ttl	1	72	n/a	n/a	n/a	n/a	n/a	n/a	n/a	n/a	n/a	n/a	n/a	n/a	n/a	n/a	n/a	n/a	n/a	n/a	n/a	n/a	n/a	2167.474305	n/a
2169.507733	0.000000	433902	ttl	2	72	n/a	n/a	n/a	n/a	n/a	n/a	n/a	n/a	n/a	n/a	n/a	n/a	n/a	n/a	n/a	n/a	n/a	n/a	n/a	n/a	n/a	2169.507733	n/a
2170.375221	0.000000	434075	ttl	4	72	n/a	n/a	n/a	n/a	n/a	n/a	n/a	n/a	n/a	n/a	n/a	n/a	n/a	n/a	n/a	n/a	n/a	n/a	n/a	n/a	n/a	2170.375221	n/a
2170.470479	0.000000	434094	ttl	11	72	n/a	n/a	n/a	n/a	n/a	n/a	n/a	n/a	n/a	n/a	n/a	n/a	n/a	n/a	n/a	n/a	n/a	n/a	n/a	n/a	n/a	2170.470479	n/a
2171.053687	2.033586	434211	time_discrimination	n/a	n/a	n/a	72.0	n/a	n/a	n/a	2170.4704792499997	n/a	1.7825038576993393	1.0	3	2.0	HB_35_LongA.png	n/a	3	2174.86977675	n/a	43	1	2	intervals/timediscrimination_table	42	2171.053687	2173.087273
2171.053687	0.000000	434211	ttl	1	72	n/a	n/a	n/a	n/a	n/a	n/a	n/a	n/a	n/a	n/a	n/a	n/a	n/a	n/a	n/a	n/a	n/a	n/a	n/a	n/a	n/a	2171.053687	n/a
2173.087273	0.000000	434617	ttl	2	72	n/a	n/a	n/a	n/a	n/a	n/a	n/a	n/a	n/a	n/a	n/a	n/a	n/a	n/a	n/a	n/a	n/a	n/a	n/a	n/a	n/a	2173.087273	n/a
2174.869777	0.000000	434974	ttl	4	72	n/a	n/a	n/a	n/a	n/a	n/a	n/a	n/a	n/a	n/a	n/a	n/a	n/a	n/a	n/a	n/a	n/a	n/a	n/a	n/a	n/a	2174.869777	n/a
2174.933056	0.000000	434987	ttl	11	72	n/a	n/a	n/a	n/a	n/a	n/a	n/a	n/a	n/a	n/a	n/a	n/a	n/a	n/a	n/a	n/a	n/a	n/a	n/a	n/a	n/a	2174.933056	n/a
2175.516266	2.033781	435103	time_discrimination	n/a	n/a	n/a	72.0	n/a	n/a	n/a	2174.933056	n/a	1.7816548836417496	1.0	3	3.0	HB_41_LongA.png	n/a	2	2179.3317015	n/a	44	1	2	intervals/timediscrimination_table	43	2175.516266	2177.550047
2175.516266	0.000000	435103	ttl	1	72	n/a	n/a	n/a	n/a	n/a	n/a	n/a	n/a	n/a	n/a	n/a	n/a	n/a	n/a	n/a	n/a	n/a	n/a	n/a	n/a	n/a	2175.516266	n/a
2177.550047	0.000000	435510	ttl	2	72	n/a	n/a	n/a	n/a	n/a	n/a	n/a	n/a	n/a	n/a	n/a	n/a	n/a	n/a	n/a	n/a	n/a	n/a	n/a	n/a	n/a	2177.550047	n/a
2179.331701	0.000000	435866	ttl	4	72	n/a	n/a	n/a	n/a	n/a	n/a	n/a	n/a	n/a	n/a	n/a	n/a	n/a	n/a	n/a	n/a	n/a	n/a	n/a	n/a	n/a	2179.331701	n/a
2179.346440	0.000000	435869	ttl	11	72	n/a	n/a	n/a	n/a	n/a	n/a	n/a	n/a	n/a	n/a	n/a	n/a	n/a	n/a	n/a	n/a	n/a	n/a	n/a	n/a	n/a	2179.346440	n/a
2179.829677	2.033886	435966	time_discrimination	n/a	n/a	n/a	72.0	n/a	n/a	n/a	2179.3464405	n/a	1.781490692475927	2.0	3	2.0	HB_52_ShortA.png	n/a	3	2183.64505375	n/a	45	1	1	intervals/timediscrimination_table	44	2179.829677	2181.863563
2179.829677	0.000000	435966	ttl	1	72	n/a	n/a	n/a	n/a	n/a	n/a	n/a	n/a	n/a	n/a	n/a	n/a	n/a	n/a	n/a	n/a	n/a	n/a	n/a	n/a	n/a	2179.829677	n/a
2181.863563	0.000000	436373	ttl	2	72	n/a	n/a	n/a	n/a	n/a	n/a	n/a	n/a	n/a	n/a	n/a	n/a	n/a	n/a	n/a	n/a	n/a	n/a	n/a	n/a	n/a	2181.863563	n/a
2183.645054	0.000000	436729	ttl	4	72	n/a	n/a	n/a	n/a	n/a	n/a	n/a	n/a	n/a	n/a	n/a	n/a	n/a	n/a	n/a	n/a	n/a	n/a	n/a	n/a	n/a	2183.645054	n/a
2183.659781	0.000000	436732	ttl	11	72	n/a	n/a	n/a	n/a	n/a	n/a	n/a	n/a	n/a	n/a	n/a	n/a	n/a	n/a	n/a	n/a	n/a	n/a	n/a	n/a	n/a	2183.659781	n/a
2184.226337	2.034167	436845	time_discrimination	n/a	n/a	n/a	72.0	n/a	n/a	n/a	2183.6597807499998	n/a	1.682389128851355	2.0	1	3.0	NB_5_ShortA.png	n/a	7	2187.9428937499997	n/a	46	2	2	intervals/timediscrimination_table	45	2184.226337	2186.260505
2184.226337	0.000000	436845	ttl	1	72	n/a	n/a	n/a	n/a	n/a	n/a	n/a	n/a	n/a	n/a	n/a	n/a	n/a	n/a	n/a	n/a	n/a	n/a	n/a	n/a	n/a	2184.226337	n/a
2186.260505	0.000000	437252	ttl	2	72	n/a	n/a	n/a	n/a	n/a	n/a	n/a	n/a	n/a	n/a	n/a	n/a	n/a	n/a	n/a	n/a	n/a	n/a	n/a	n/a	n/a	2186.260505	n/a
2187.942894	0.000000	437589	ttl	4	72	n/a	n/a	n/a	n/a	n/a	n/a	n/a	n/a	n/a	n/a	n/a	n/a	n/a	n/a	n/a	n/a	n/a	n/a	n/a	n/a	n/a	2187.942894	n/a
2188.110929	0.000000	437622	ttl	11	72	n/a	n/a	n/a	n/a	n/a	n/a	n/a	n/a	n/a	n/a	n/a	n/a	n/a	n/a	n/a	n/a	n/a	n/a	n/a	n/a	n/a	2188.110929	n/a
2188.627501	2.034319	437726	time_discrimination	n/a	n/a	n/a	72.0	n/a	n/a	n/a	2188.11092925	n/a	1.7802003755205078	1.0	3	3.0	HB_7_LongA.png	n/a	7	2192.44202025	n/a	47	2	1	intervals/timediscrimination_table	46	2188.627501	2190.661820
2188.627501	0.000000	437726	ttl	1	72	n/a	n/a	n/a	n/a	n/a	n/a	n/a	n/a	n/a	n/a	n/a	n/a	n/a	n/a	n/a	n/a	n/a	n/a	n/a	n/a	n/a	2188.627501	n/a
2190.661820	0.000000	438132	ttl	2	72	n/a	n/a	n/a	n/a	n/a	n/a	n/a	n/a	n/a	n/a	n/a	n/a	n/a	n/a	n/a	n/a	n/a	n/a	n/a	n/a	n/a	2190.661820	n/a
2192.442020	0.000000	438488	ttl	4	72	n/a	n/a	n/a	n/a	n/a	n/a	n/a	n/a	n/a	n/a	n/a	n/a	n/a	n/a	n/a	n/a	n/a	n/a	n/a	n/a	n/a	2192.442020	n/a
2192.552511	0.000000	438511	ttl	11	72	n/a	n/a	n/a	n/a	n/a	n/a	n/a	n/a	n/a	n/a	n/a	n/a	n/a	n/a	n/a	n/a	n/a	n/a	n/a	n/a	n/a	2192.552511	n/a
2193.219037	2.034036	438644	time_discrimination	n/a	n/a	n/a	72.0	n/a	n/a	n/a	2192.552511	n/a	1.681629156024428	2.0	1	3.0	NB_28_ShortA.png	n/a	2	2196.93470275	n/a	48	1	1	intervals/timediscrimination_table	47	2193.219037	2195.253074
2193.219037	0.000000	438644	ttl	1	72	n/a	n/a	n/a	n/a	n/a	n/a	n/a	n/a	n/a	n/a	n/a	n/a	n/a	n/a	n/a	n/a	n/a	n/a	n/a	n/a	n/a	2193.219037	n/a
2195.253074	0.000000	439051	ttl	2	72	n/a	n/a	n/a	n/a	n/a	n/a	n/a	n/a	n/a	n/a	n/a	n/a	n/a	n/a	n/a	n/a	n/a	n/a	n/a	n/a	n/a	2195.253074	n/a
2196.934703	0.000000	439387	ttl	4	72	n/a	n/a	n/a	n/a	n/a	n/a	n/a	n/a	n/a	n/a	n/a	n/a	n/a	n/a	n/a	n/a	n/a	n/a	n/a	n/a	n/a	2196.934703	n/a
2197.046092	0.000000	439409	ttl	11	72	n/a	n/a	n/a	n/a	n/a	n/a	n/a	n/a	n/a	n/a	n/a	n/a	n/a	n/a	n/a	n/a	n/a	n/a	n/a	n/a	n/a	2197.046092	n/a
2197.712632	2.034713	439543	time_discrimination	n/a	n/a	n/a	72.0	n/a	n/a	n/a	2197.0460924999998	n/a	0.850532497453969	2.0	2	3.0	SB_15_ShortA.png	n/a	7	2200.59787775	n/a	49	2	2	intervals/timediscrimination_table	48	2197.712632	2199.747345
2197.712632	0.000000	439543	ttl	1	72	n/a	n/a	n/a	n/a	n/a	n/a	n/a	n/a	n/a	n/a	n/a	n/a	n/a	n/a	n/a	n/a	n/a	n/a	n/a	n/a	n/a	2197.712632	n/a
2199.747345	0.000000	439949	ttl	2	72	n/a	n/a	n/a	n/a	n/a	n/a	n/a	n/a	n/a	n/a	n/a	n/a	n/a	n/a	n/a	n/a	n/a	n/a	n/a	n/a	n/a	2199.747345	n/a
2200.597878	0.000000	440120	ttl	4	72	n/a	n/a	n/a	n/a	n/a	n/a	n/a	n/a	n/a	n/a	n/a	n/a	n/a	n/a	n/a	n/a	n/a	n/a	n/a	n/a	n/a	2200.597878	n/a
2200.656747	0.000000	440131	ttl	11	72	n/a	n/a	n/a	n/a	n/a	n/a	n/a	n/a	n/a	n/a	n/a	n/a	n/a	n/a	n/a	n/a	n/a	n/a	n/a	n/a	n/a	2200.656747	n/a
2201.140013	2.033817	440228	time_discrimination	n/a	n/a	n/a	72.0	n/a	n/a	n/a	2200.6567474999997	n/a	1.6824323890614323	2.0	1	3.0	NB_10_ShortA.png	n/a	2	2204.8562615	n/a	50	1	1	intervals/timediscrimination_table	49	2201.140013	2203.173829
2201.140013	0.000000	440228	ttl	1	72	n/a	n/a	n/a	n/a	n/a	n/a	n/a	n/a	n/a	n/a	n/a	n/a	n/a	n/a	n/a	n/a	n/a	n/a	n/a	n/a	n/a	2201.140013	n/a
2203.173829	0.000000	440635	ttl	2	72	n/a	n/a	n/a	n/a	n/a	n/a	n/a	n/a	n/a	n/a	n/a	n/a	n/a	n/a	n/a	n/a	n/a	n/a	n/a	n/a	n/a	2203.173829	n/a
2204.856262	0.000000	440971	ttl	4	72	n/a	n/a	n/a	n/a	n/a	n/a	n/a	n/a	n/a	n/a	n/a	n/a	n/a	n/a	n/a	n/a	n/a	n/a	n/a	n/a	n/a	2204.856262	n/a
2204.920339	0.000000	440984	ttl	11	72	n/a	n/a	n/a	n/a	n/a	n/a	n/a	n/a	n/a	n/a	n/a	n/a	n/a	n/a	n/a	n/a	n/a	n/a	n/a	n/a	n/a	2204.920339	n/a
2205.420238	2.034746	441084	time_discrimination	n/a	n/a	n/a	72.0	n/a	n/a	n/a	2204.920339	n/a	1.0130901689553866	2.0	2	3.0	SB_13_LongA.png	n/a	7	2208.4680745	n/a	51	2	2	intervals/timediscrimination_table	50	2205.420238	2207.454984
2205.420238	0.000000	441084	ttl	1	72	n/a	n/a	n/a	n/a	n/a	n/a	n/a	n/a	n/a	n/a	n/a	n/a	n/a	n/a	n/a	n/a	n/a	n/a	n/a	n/a	n/a	2205.420238	n/a
2207.454984	0.000000	441491	ttl	2	72	n/a	n/a	n/a	n/a	n/a	n/a	n/a	n/a	n/a	n/a	n/a	n/a	n/a	n/a	n/a	n/a	n/a	n/a	n/a	n/a	n/a	2207.454984	n/a
2208.468075	0.000000	441694	ttl	4	72	n/a	n/a	n/a	n/a	n/a	n/a	n/a	n/a	n/a	n/a	n/a	n/a	n/a	n/a	n/a	n/a	n/a	n/a	n/a	n/a	n/a	2208.468075	n/a
2208.481925	0.000000	441696	ttl	11	72	n/a	n/a	n/a	n/a	n/a	n/a	n/a	n/a	n/a	n/a	n/a	n/a	n/a	n/a	n/a	n/a	n/a	n/a	n/a	n/a	n/a	2208.481925	n/a
2209.081795	2.034934	441816	time_discrimination	n/a	n/a	n/a	72.0	n/a	n/a	n/a	2208.4819254999998	n/a	1.7797831817588303	2.0	3	3.0	HB_44_LongA.png	n/a	7	2212.89651275	n/a	52	2	2	intervals/timediscrimination_table	51	2209.081795	2211.116730
2209.081795	0.000000	441816	ttl	1	72	n/a	n/a	n/a	n/a	n/a	n/a	n/a	n/a	n/a	n/a	n/a	n/a	n/a	n/a	n/a	n/a	n/a	n/a	n/a	n/a	n/a	2209.081795	n/a
2211.116730	0.000000	442223	ttl	2	72	n/a	n/a	n/a	n/a	n/a	n/a	n/a	n/a	n/a	n/a	n/a	n/a	n/a	n/a	n/a	n/a	n/a	n/a	n/a	n/a	n/a	2211.116730	n/a
2212.896513	0.000000	442579	ttl	4	72	n/a	n/a	n/a	n/a	n/a	n/a	n/a	n/a	n/a	n/a	n/a	n/a	n/a	n/a	n/a	n/a	n/a	n/a	n/a	n/a	n/a	2212.896513	n/a
2213.030503	0.000000	442606	ttl	11	72	n/a	n/a	n/a	n/a	n/a	n/a	n/a	n/a	n/a	n/a	n/a	n/a	n/a	n/a	n/a	n/a	n/a	n/a	n/a	n/a	n/a	2213.030503	n/a
2213.597047	2.035011	442719	time_discrimination	n/a	n/a	n/a	72.0	n/a	n/a	n/a	2213.030503	n/a	1.682253249673522	2.0	1	2.0	NB_22_ShortA.png	n/a	6	2217.3143115	n/a	53	2	2	intervals/timediscrimination_table	52	2213.597047	2215.632058
2213.597047	0.000000	442719	ttl	1	72	n/a	n/a	n/a	n/a	n/a	n/a	n/a	n/a	n/a	n/a	n/a	n/a	n/a	n/a	n/a	n/a	n/a	n/a	n/a	n/a	n/a	2213.597047	n/a
2215.632058	0.000000	443126	ttl	2	72	n/a	n/a	n/a	n/a	n/a	n/a	n/a	n/a	n/a	n/a	n/a	n/a	n/a	n/a	n/a	n/a	n/a	n/a	n/a	n/a	n/a	2215.632058	n/a
2217.314311	0.000000	443463	ttl	4	72	n/a	n/a	n/a	n/a	n/a	n/a	n/a	n/a	n/a	n/a	n/a	n/a	n/a	n/a	n/a	n/a	n/a	n/a	n/a	n/a	n/a	2217.314311	n/a
2217.383885	0.000000	443477	ttl	11	72	n/a	n/a	n/a	n/a	n/a	n/a	n/a	n/a	n/a	n/a	n/a	n/a	n/a	n/a	n/a	n/a	n/a	n/a	n/a	n/a	n/a	2217.383885	n/a
2217.950415	2.033842	443590	time_discrimination	n/a	n/a	n/a	72.0	n/a	n/a	n/a	2217.3838845	n/a	1.7823358960595215	1.0	3	2.0	HB_2_ShortA.png	n/a	6	2221.766593	n/a	54	2	1	intervals/timediscrimination_table	53	2217.950415	2219.984257
2217.950415	0.000000	443590	ttl	1	72	n/a	n/a	n/a	n/a	n/a	n/a	n/a	n/a	n/a	n/a	n/a	n/a	n/a	n/a	n/a	n/a	n/a	n/a	n/a	n/a	n/a	2217.950415	n/a
2219.984257	0.000000	443997	ttl	2	72	n/a	n/a	n/a	n/a	n/a	n/a	n/a	n/a	n/a	n/a	n/a	n/a	n/a	n/a	n/a	n/a	n/a	n/a	n/a	n/a	n/a	2219.984257	n/a
2221.766593	0.000000	444353	ttl	4	72	n/a	n/a	n/a	n/a	n/a	n/a	n/a	n/a	n/a	n/a	n/a	n/a	n/a	n/a	n/a	n/a	n/a	n/a	n/a	n/a	n/a	2221.766593	n/a
2221.781387	0.000000	444356	ttl	11	72	n/a	n/a	n/a	n/a	n/a	n/a	n/a	n/a	n/a	n/a	n/a	n/a	n/a	n/a	n/a	n/a	n/a	n/a	n/a	n/a	n/a	2221.781387	n/a
2222.314621	2.034427	444463	time_discrimination	n/a	n/a	n/a	72.0	n/a	n/a	n/a	2221.7813874999997	n/a	1.6823824346502079	2.0	1	2.0	NB_17_LongA.png	n/a	6	2226.03143075	n/a	55	2	2	intervals/timediscrimination_table	54	2222.314621	2224.349048
2222.314621	0.000000	444463	ttl	1	72	n/a	n/a	n/a	n/a	n/a	n/a	n/a	n/a	n/a	n/a	n/a	n/a	n/a	n/a	n/a	n/a	n/a	n/a	n/a	n/a	n/a	2222.314621	n/a
2224.349048	0.000000	444870	ttl	2	72	n/a	n/a	n/a	n/a	n/a	n/a	n/a	n/a	n/a	n/a	n/a	n/a	n/a	n/a	n/a	n/a	n/a	n/a	n/a	n/a	n/a	2224.349048	n/a
2226.031431	0.000000	445206	ttl	4	72	n/a	n/a	n/a	n/a	n/a	n/a	n/a	n/a	n/a	n/a	n/a	n/a	n/a	n/a	n/a	n/a	n/a	n/a	n/a	n/a	n/a	2226.031431	n/a
2226.087896	0.000000	445218	ttl	11	72	n/a	n/a	n/a	n/a	n/a	n/a	n/a	n/a	n/a	n/a	n/a	n/a	n/a	n/a	n/a	n/a	n/a	n/a	n/a	n/a	n/a	2226.087896	n/a
2226.587796	2.033776	445318	time_discrimination	n/a	n/a	n/a	72.0	n/a	n/a	n/a	2226.08789575	n/a	1.7824358101497637	1.0	3	3.0	HB_9_LongA.png	n/a	2	2230.404007	n/a	56	1	2	intervals/timediscrimination_table	55	2226.587796	2228.621571
2226.587796	0.000000	445318	ttl	1	72	n/a	n/a	n/a	n/a	n/a	n/a	n/a	n/a	n/a	n/a	n/a	n/a	n/a	n/a	n/a	n/a	n/a	n/a	n/a	n/a	n/a	2226.587796	n/a
2228.621571	0.000000	445724	ttl	2	72	n/a	n/a	n/a	n/a	n/a	n/a	n/a	n/a	n/a	n/a	n/a	n/a	n/a	n/a	n/a	n/a	n/a	n/a	n/a	n/a	n/a	2228.621571	n/a
2230.404007	0.000000	446081	ttl	4	72	n/a	n/a	n/a	n/a	n/a	n/a	n/a	n/a	n/a	n/a	n/a	n/a	n/a	n/a	n/a	n/a	n/a	n/a	n/a	n/a	n/a	2230.404007	n/a
2230.471209	0.000000	446094	ttl	11	72	n/a	n/a	n/a	n/a	n/a	n/a	n/a	n/a	n/a	n/a	n/a	n/a	n/a	n/a	n/a	n/a	n/a	n/a	n/a	n/a	n/a	2230.471209	n/a
2231.021105	2.033506	446204	time_discrimination	n/a	n/a	n/a	72.0	n/a	n/a	n/a	2230.47120925	n/a	1.6828665151406312	2.0	1	3.0	NB_19_LongA.png	n/a	7	2234.7374769999997	n/a	57	2	2	intervals/timediscrimination_table	56	2231.021105	2233.054610
2231.021105	0.000000	446204	ttl	1	72	n/a	n/a	n/a	n/a	n/a	n/a	n/a	n/a	n/a	n/a	n/a	n/a	n/a	n/a	n/a	n/a	n/a	n/a	n/a	n/a	n/a	2231.021105	n/a
2233.054610	0.000000	446611	ttl	2	72	n/a	n/a	n/a	n/a	n/a	n/a	n/a	n/a	n/a	n/a	n/a	n/a	n/a	n/a	n/a	n/a	n/a	n/a	n/a	n/a	n/a	2233.054610	n/a
2234.737477	0.000000	446947	ttl	4	72	n/a	n/a	n/a	n/a	n/a	n/a	n/a	n/a	n/a	n/a	n/a	n/a	n/a	n/a	n/a	n/a	n/a	n/a	n/a	n/a	n/a	2234.737477	n/a
2234.798755	0.000000	446960	ttl	11	72	n/a	n/a	n/a	n/a	n/a	n/a	n/a	n/a	n/a	n/a	n/a	n/a	n/a	n/a	n/a	n/a	n/a	n/a	n/a	n/a	n/a	2234.798755	n/a
2235.365307	2.034762	447073	time_discrimination	n/a	n/a	n/a	72.0	n/a	n/a	n/a	2234.7987555	n/a	1.7816341544385068	1.0	3	3.0	HB_25_ShortA.png	n/a	2	2239.1817029999997	n/a	58	1	2	intervals/timediscrimination_table	57	2235.365307	2237.400069
2235.365307	0.000000	447073	ttl	1	72	n/a	n/a	n/a	n/a	n/a	n/a	n/a	n/a	n/a	n/a	n/a	n/a	n/a	n/a	n/a	n/a	n/a	n/a	n/a	n/a	n/a	2235.365307	n/a
2237.400069	0.000000	447480	ttl	2	72	n/a	n/a	n/a	n/a	n/a	n/a	n/a	n/a	n/a	n/a	n/a	n/a	n/a	n/a	n/a	n/a	n/a	n/a	n/a	n/a	n/a	2237.400069	n/a
2239.181703	0.000000	447836	ttl	4	72	n/a	n/a	n/a	n/a	n/a	n/a	n/a	n/a	n/a	n/a	n/a	n/a	n/a	n/a	n/a	n/a	n/a	n/a	n/a	n/a	n/a	2239.181703	n/a
2239.196114	0.000000	447839	ttl	11	72	n/a	n/a	n/a	n/a	n/a	n/a	n/a	n/a	n/a	n/a	n/a	n/a	n/a	n/a	n/a	n/a	n/a	n/a	n/a	n/a	n/a	2239.196114	n/a
2239.762658	2.033472	447953	time_discrimination	n/a	n/a	n/a	72.0	n/a	n/a	n/a	2239.196114	n/a	1.782614439202007	2.0	3	3.0	HB_56_ShortA.png	n/a	7	2243.5787447499997	n/a	59	2	2	intervals/timediscrimination_table	58	2239.762658	2241.796130
2239.762658	0.000000	447953	ttl	1	72	n/a	n/a	n/a	n/a	n/a	n/a	n/a	n/a	n/a	n/a	n/a	n/a	n/a	n/a	n/a	n/a	n/a	n/a	n/a	n/a	n/a	2239.762658	n/a
2241.796130	0.000000	448359	ttl	2	72	n/a	n/a	n/a	n/a	n/a	n/a	n/a	n/a	n/a	n/a	n/a	n/a	n/a	n/a	n/a	n/a	n/a	n/a	n/a	n/a	n/a	2241.796130	n/a
2243.578745	0.000000	448716	ttl	4	72	n/a	n/a	n/a	n/a	n/a	n/a	n/a	n/a	n/a	n/a	n/a	n/a	n/a	n/a	n/a	n/a	n/a	n/a	n/a	n/a	n/a	2243.578745	n/a
2243.688668	0.000000	448738	ttl	11	72	n/a	n/a	n/a	n/a	n/a	n/a	n/a	n/a	n/a	n/a	n/a	n/a	n/a	n/a	n/a	n/a	n/a	n/a	n/a	n/a	n/a	2243.688668	n/a
2244.321866	2.033547	448864	time_discrimination	n/a	n/a	n/a	72.0	n/a	n/a	n/a	2243.6886677499997	n/a	1.2419395006727427	2.0	2	3.0	SB_48_ShortA.png	n/a	2	2247.59735275	n/a	60	1	1	intervals/timediscrimination_table	59	2244.321866	2246.355413
2244.321866	0.000000	448864	ttl	1	72	n/a	n/a	n/a	n/a	n/a	n/a	n/a	n/a	n/a	n/a	n/a	n/a	n/a	n/a	n/a	n/a	n/a	n/a	n/a	n/a	n/a	2244.321866	n/a
2246.355413	0.000000	449271	ttl	2	72	n/a	n/a	n/a	n/a	n/a	n/a	n/a	n/a	n/a	n/a	n/a	n/a	n/a	n/a	n/a	n/a	n/a	n/a	n/a	n/a	n/a	2246.355413	n/a
2247.597353	0.000000	449519	ttl	4	72	n/a	n/a	n/a	n/a	n/a	n/a	n/a	n/a	n/a	n/a	n/a	n/a	n/a	n/a	n/a	n/a	n/a	n/a	n/a	n/a	n/a	2247.597353	n/a
2247.705902	0.000000	449541	ttl	11	72	n/a	n/a	n/a	n/a	n/a	n/a	n/a	n/a	n/a	n/a	n/a	n/a	n/a	n/a	n/a	n/a	n/a	n/a	n/a	n/a	n/a	2247.705902	n/a
2248.322449	2.033677	449664	time_discrimination	n/a	n/a	n/a	72.0	n/a	n/a	n/a	2247.70590225	n/a	1.6826442318997579	2.0	1	3.0	NB_27_ShortA.png	n/a	2	2252.0387705	n/a	61	1	1	intervals/timediscrimination_table	60	2248.322449	2250.356126
2248.322449	0.000000	449664	ttl	1	72	n/a	n/a	n/a	n/a	n/a	n/a	n/a	n/a	n/a	n/a	n/a	n/a	n/a	n/a	n/a	n/a	n/a	n/a	n/a	n/a	n/a	2248.322449	n/a
2250.356126	0.000000	450071	ttl	2	72	n/a	n/a	n/a	n/a	n/a	n/a	n/a	n/a	n/a	n/a	n/a	n/a	n/a	n/a	n/a	n/a	n/a	n/a	n/a	n/a	n/a	2250.356126	n/a
2252.038770	0.000000	450408	ttl	4	72	n/a	n/a	n/a	n/a	n/a	n/a	n/a	n/a	n/a	n/a	n/a	n/a	n/a	n/a	n/a	n/a	n/a	n/a	n/a	n/a	n/a	2252.038770	n/a
2252.104584	0.000000	450421	ttl	11	72	n/a	n/a	n/a	n/a	n/a	n/a	n/a	n/a	n/a	n/a	n/a	n/a	n/a	n/a	n/a	n/a	n/a	n/a	n/a	n/a	n/a	2252.104584	n/a
2252.704470	2.033834	450541	time_discrimination	n/a	n/a	n/a	72.0	n/a	n/a	n/a	2252.1045845	n/a	2.2174003179825377	2.0	2	2.0	SB_10_ShortA.png	n/a	6	2256.9557047499998	n/a	62	2	2	intervals/timediscrimination_table	61	2252.704470	2254.738304
2252.704470	0.000000	450541	ttl	1	72	n/a	n/a	n/a	n/a	n/a	n/a	n/a	n/a	n/a	n/a	n/a	n/a	n/a	n/a	n/a	n/a	n/a	n/a	n/a	n/a	n/a	2252.704470	n/a
2254.738304	0.000000	450948	ttl	2	72	n/a	n/a	n/a	n/a	n/a	n/a	n/a	n/a	n/a	n/a	n/a	n/a	n/a	n/a	n/a	n/a	n/a	n/a	n/a	n/a	n/a	2254.738304	n/a
2256.955705	0.000000	451391	ttl	4	72	n/a	n/a	n/a	n/a	n/a	n/a	n/a	n/a	n/a	n/a	n/a	n/a	n/a	n/a	n/a	n/a	n/a	n/a	n/a	n/a	n/a	2256.955705	n/a
2256.970507	0.000000	451394	ttl	11	72	n/a	n/a	n/a	n/a	n/a	n/a	n/a	n/a	n/a	n/a	n/a	n/a	n/a	n/a	n/a	n/a	n/a	n/a	n/a	n/a	n/a	2256.970507	n/a
2257.553680	2.033536	451511	time_discrimination	n/a	n/a	n/a	72.0	n/a	n/a	n/a	2256.970507	n/a	1.7823065299598966	2.0	3	2.0	HB_43_LongA.png	n/a	3	2261.3695224999997	n/a	63	1	1	intervals/timediscrimination_table	62	2257.553680	2259.587216
2257.553680	0.000000	451511	ttl	1	72	n/a	n/a	n/a	n/a	n/a	n/a	n/a	n/a	n/a	n/a	n/a	n/a	n/a	n/a	n/a	n/a	n/a	n/a	n/a	n/a	n/a	2257.553680	n/a
2259.587216	0.000000	451917	ttl	2	72	n/a	n/a	n/a	n/a	n/a	n/a	n/a	n/a	n/a	n/a	n/a	n/a	n/a	n/a	n/a	n/a	n/a	n/a	n/a	n/a	n/a	2259.587216	n/a
2261.369522	0.000000	452274	ttl	4	72	n/a	n/a	n/a	n/a	n/a	n/a	n/a	n/a	n/a	n/a	n/a	n/a	n/a	n/a	n/a	n/a	n/a	n/a	n/a	n/a	n/a	2261.369522	n/a
2261.384757	0.000000	452277	ttl	11	72	n/a	n/a	n/a	n/a	n/a	n/a	n/a	n/a	n/a	n/a	n/a	n/a	n/a	n/a	n/a	n/a	n/a	n/a	n/a	n/a	n/a	2261.384757	n/a
2261.934633	2.033702	452387	time_discrimination	n/a	n/a	n/a	72.0	n/a	n/a	n/a	2261.3847575	n/a	1.7806580955948448	1.0	3	3.0	HB_34_LongA.png	n/a	7	2265.748994	n/a	64	2	1	intervals/timediscrimination_table	63	2261.934633	2263.968336
2261.934633	0.000000	452387	ttl	1	72	n/a	n/a	n/a	n/a	n/a	n/a	n/a	n/a	n/a	n/a	n/a	n/a	n/a	n/a	n/a	n/a	n/a	n/a	n/a	n/a	n/a	2261.934633	n/a
2263.968336	0.000000	452794	ttl	2	72	n/a	n/a	n/a	n/a	n/a	n/a	n/a	n/a	n/a	n/a	n/a	n/a	n/a	n/a	n/a	n/a	n/a	n/a	n/a	n/a	n/a	2263.968336	n/a
2265.748994	0.000000	453150	ttl	4	72	n/a	n/a	n/a	n/a	n/a	n/a	n/a	n/a	n/a	n/a	n/a	n/a	n/a	n/a	n/a	n/a	n/a	n/a	n/a	n/a	n/a	2265.748994	n/a
2265.858696	0.000000	453172	ttl	11	72	n/a	n/a	n/a	n/a	n/a	n/a	n/a	n/a	n/a	n/a	n/a	n/a	n/a	n/a	n/a	n/a	n/a	n/a	n/a	n/a	n/a	2265.858696	n/a
2266.541896	2.034524	453308	time_discrimination	n/a	n/a	n/a	72.0	n/a	n/a	n/a	2265.8586957499997	n/a	1.7808110762562137	1.0	3	3.0	HB_18_ShortA.png	n/a	7	2270.3572305	n/a	65	2	1	intervals/timediscrimination_table	64	2266.541896	2268.576419
2266.541896	0.000000	453308	ttl	1	72	n/a	n/a	n/a	n/a	n/a	n/a	n/a	n/a	n/a	n/a	n/a	n/a	n/a	n/a	n/a	n/a	n/a	n/a	n/a	n/a	n/a	2266.541896	n/a
2268.576419	0.000000	453715	ttl	2	72	n/a	n/a	n/a	n/a	n/a	n/a	n/a	n/a	n/a	n/a	n/a	n/a	n/a	n/a	n/a	n/a	n/a	n/a	n/a	n/a	n/a	2268.576419	n/a
2270.357230	0.000000	454071	ttl	4	72	n/a	n/a	n/a	n/a	n/a	n/a	n/a	n/a	n/a	n/a	n/a	n/a	n/a	n/a	n/a	n/a	n/a	n/a	n/a	n/a	n/a	2270.357230	n/a
2270.371243	0.000000	454074	ttl	11	72	n/a	n/a	n/a	n/a	n/a	n/a	n/a	n/a	n/a	n/a	n/a	n/a	n/a	n/a	n/a	n/a	n/a	n/a	n/a	n/a	n/a	2270.371243	n/a
2270.954469	2.034998	454191	time_discrimination	n/a	n/a	n/a	72.0	n/a	n/a	n/a	2270.37124275	n/a	1.355075039085932	2.0	2	2.0	SB_30_LongA.png	n/a	3	2274.34454125	n/a	66	1	1	intervals/timediscrimination_table	65	2270.954469	2272.989466
2270.954469	0.000000	454191	ttl	1	72	n/a	n/a	n/a	n/a	n/a	n/a	n/a	n/a	n/a	n/a	n/a	n/a	n/a	n/a	n/a	n/a	n/a	n/a	n/a	n/a	n/a	2270.954469	n/a
2272.989466	0.000000	454598	ttl	2	72	n/a	n/a	n/a	n/a	n/a	n/a	n/a	n/a	n/a	n/a	n/a	n/a	n/a	n/a	n/a	n/a	n/a	n/a	n/a	n/a	n/a	2272.989466	n/a
2274.344541	0.000000	454869	ttl	4	72	n/a	n/a	n/a	n/a	n/a	n/a	n/a	n/a	n/a	n/a	n/a	n/a	n/a	n/a	n/a	n/a	n/a	n/a	n/a	n/a	n/a	2274.344541	n/a
2274.402626	0.000000	454881	ttl	11	72	n/a	n/a	n/a	n/a	n/a	n/a	n/a	n/a	n/a	n/a	n/a	n/a	n/a	n/a	n/a	n/a	n/a	n/a	n/a	n/a	n/a	2274.402626	n/a
2274.952507	2.033846	454991	time_discrimination	n/a	n/a	n/a	72.0	n/a	n/a	n/a	2274.402626	n/a	1.7831393720261985	2.0	3	3.0	HB_48_ShortA.png	n/a	2	2278.76949225	n/a	67	1	1	intervals/timediscrimination_table	66	2274.952507	2276.986353
2274.952507	0.000000	454991	ttl	1	72	n/a	n/a	n/a	n/a	n/a	n/a	n/a	n/a	n/a	n/a	n/a	n/a	n/a	n/a	n/a	n/a	n/a	n/a	n/a	n/a	n/a	2274.952507	n/a
2276.986353	0.000000	455397	ttl	2	72	n/a	n/a	n/a	n/a	n/a	n/a	n/a	n/a	n/a	n/a	n/a	n/a	n/a	n/a	n/a	n/a	n/a	n/a	n/a	n/a	n/a	2276.986353	n/a
2278.769492	0.000000	455754	ttl	4	72	n/a	n/a	n/a	n/a	n/a	n/a	n/a	n/a	n/a	n/a	n/a	n/a	n/a	n/a	n/a	n/a	n/a	n/a	n/a	n/a	n/a	2278.769492	n/a
2278.784453	0.000000	455757	ttl	11	72	n/a	n/a	n/a	n/a	n/a	n/a	n/a	n/a	n/a	n/a	n/a	n/a	n/a	n/a	n/a	n/a	n/a	n/a	n/a	n/a	n/a	2278.784453	n/a
2279.301015	2.034232	455860	time_discrimination	n/a	n/a	n/a	72.0	n/a	n/a	n/a	2278.7844525	n/a	0.7954787449125433	2.0	2	2.0	SB_42_LongA.png	n/a	3	2282.13072575	n/a	68	1	1	intervals/timediscrimination_table	67	2279.301015	2281.335247
2279.301015	0.000000	455860	ttl	1	72	n/a	n/a	n/a	n/a	n/a	n/a	n/a	n/a	n/a	n/a	n/a	n/a	n/a	n/a	n/a	n/a	n/a	n/a	n/a	n/a	n/a	2279.301015	n/a
2281.335247	0.000000	456267	ttl	2	72	n/a	n/a	n/a	n/a	n/a	n/a	n/a	n/a	n/a	n/a	n/a	n/a	n/a	n/a	n/a	n/a	n/a	n/a	n/a	n/a	n/a	2281.335247	n/a
2282.130726	0.000000	456426	ttl	4	72	n/a	n/a	n/a	n/a	n/a	n/a	n/a	n/a	n/a	n/a	n/a	n/a	n/a	n/a	n/a	n/a	n/a	n/a	n/a	n/a	n/a	2282.130726	n/a
2282.235777	0.000000	456447	ttl	11	72	n/a	n/a	n/a	n/a	n/a	n/a	n/a	n/a	n/a	n/a	n/a	n/a	n/a	n/a	n/a	n/a	n/a	n/a	n/a	n/a	n/a	2282.235777	n/a
2282.818995	2.034857	456564	time_discrimination	n/a	n/a	n/a	72.0	n/a	n/a	n/a	2282.23577725	n/a	1.782443394724396	1.0	3	2.0	HB_33_LongA.png	n/a	3	2286.6362955	n/a	69	1	2	intervals/timediscrimination_table	68	2282.818995	2284.853852
2282.818995	0.000000	456564	ttl	1	72	n/a	n/a	n/a	n/a	n/a	n/a	n/a	n/a	n/a	n/a	n/a	n/a	n/a	n/a	n/a	n/a	n/a	n/a	n/a	n/a	n/a	2282.818995	n/a
2284.853852	0.000000	456971	ttl	2	72	n/a	n/a	n/a	n/a	n/a	n/a	n/a	n/a	n/a	n/a	n/a	n/a	n/a	n/a	n/a	n/a	n/a	n/a	n/a	n/a	n/a	2284.853852	n/a
2286.636295	0.000000	457327	ttl	4	72	n/a	n/a	n/a	n/a	n/a	n/a	n/a	n/a	n/a	n/a	n/a	n/a	n/a	n/a	n/a	n/a	n/a	n/a	n/a	n/a	n/a	2286.636295	n/a
2286.785161	0.000000	457357	ttl	11	72	n/a	n/a	n/a	n/a	n/a	n/a	n/a	n/a	n/a	n/a	n/a	n/a	n/a	n/a	n/a	n/a	n/a	n/a	n/a	n/a	n/a	2286.785161	n/a
2287.385041	2.033563	457477	time_discrimination	n/a	n/a	n/a	72.0	n/a	n/a	n/a	2286.785161	n/a	1.6808634512854042	1.0	1	3.0	NB_9_ShortA.png	n/a	2	2291.099468	n/a	70	1	2	intervals/timediscrimination_table	69	2287.385041	2289.418604
2287.385041	0.000000	457477	ttl	1	72	n/a	n/a	n/a	n/a	n/a	n/a	n/a	n/a	n/a	n/a	n/a	n/a	n/a	n/a	n/a	n/a	n/a	n/a	n/a	n/a	n/a	2287.385041	n/a
2289.418604	0.000000	457884	ttl	2	72	n/a	n/a	n/a	n/a	n/a	n/a	n/a	n/a	n/a	n/a	n/a	n/a	n/a	n/a	n/a	n/a	n/a	n/a	n/a	n/a	n/a	2289.418604	n/a
2291.099468	0.000000	458220	ttl	4	72	n/a	n/a	n/a	n/a	n/a	n/a	n/a	n/a	n/a	n/a	n/a	n/a	n/a	n/a	n/a	n/a	n/a	n/a	n/a	n/a	n/a	2291.099468	n/a
2291.114825	0.000000	458223	ttl	11	72	n/a	n/a	n/a	n/a	n/a	n/a	n/a	n/a	n/a	n/a	n/a	n/a	n/a	n/a	n/a	n/a	n/a	n/a	n/a	n/a	n/a	2291.114825	n/a
2291.614726	2.034261	458323	time_discrimination	n/a	n/a	n/a	72.0	n/a	n/a	n/a	2291.11482475	n/a	1.6833461817586794	2.0	1	3.0	NB_30_LongA.png	n/a	2	2295.33233325	n/a	71	1	1	intervals/timediscrimination_table	70	2291.614726	2293.648987
2291.614726	0.000000	458323	ttl	1	72	n/a	n/a	n/a	n/a	n/a	n/a	n/a	n/a	n/a	n/a	n/a	n/a	n/a	n/a	n/a	n/a	n/a	n/a	n/a	n/a	n/a	2291.614726	n/a
2293.648987	0.000000	458730	ttl	2	72	n/a	n/a	n/a	n/a	n/a	n/a	n/a	n/a	n/a	n/a	n/a	n/a	n/a	n/a	n/a	n/a	n/a	n/a	n/a	n/a	n/a	2293.648987	n/a
2295.332333	0.000000	459066	ttl	4	72	n/a	n/a	n/a	n/a	n/a	n/a	n/a	n/a	n/a	n/a	n/a	n/a	n/a	n/a	n/a	n/a	n/a	n/a	n/a	n/a	n/a	2295.332333	n/a
2295.393580	0.000000	459079	ttl	11	72	n/a	n/a	n/a	n/a	n/a	n/a	n/a	n/a	n/a	n/a	n/a	n/a	n/a	n/a	n/a	n/a	n/a	n/a	n/a	n/a	n/a	2295.393580	n/a
2295.960130	2.034313	459192	time_discrimination	n/a	n/a	n/a	72.0	n/a	n/a	n/a	2295.39358025	n/a	1.6810833281779196	1.0	1	3.0	NB_27_LongA.png	n/a	2	2299.6755264999997	n/a	72	1	2	intervals/timediscrimination_table	71	2295.960130	2297.994443
2295.960130	0.000000	459192	ttl	1	72	n/a	n/a	n/a	n/a	n/a	n/a	n/a	n/a	n/a	n/a	n/a	n/a	n/a	n/a	n/a	n/a	n/a	n/a	n/a	n/a	n/a	2295.960130	n/a
2297.994443	0.000000	459599	ttl	2	72	n/a	n/a	n/a	n/a	n/a	n/a	n/a	n/a	n/a	n/a	n/a	n/a	n/a	n/a	n/a	n/a	n/a	n/a	n/a	n/a	n/a	2297.994443	n/a
2299.675526	0.000000	459935	ttl	4	72	n/a	n/a	n/a	n/a	n/a	n/a	n/a	n/a	n/a	n/a	n/a	n/a	n/a	n/a	n/a	n/a	n/a	n/a	n/a	n/a	n/a	2299.675526	n/a
2299.689770	0.000000	459938	ttl	11	72	n/a	n/a	n/a	n/a	n/a	n/a	n/a	n/a	n/a	n/a	n/a	n/a	n/a	n/a	n/a	n/a	n/a	n/a	n/a	n/a	n/a	2299.689770	n/a
2300.273025	2.033405	460055	time_discrimination	n/a	n/a	n/a	72.0	n/a	n/a	n/a	2299.68977025	n/a	1.6806985932198586	2.0	1	3.0	NB_17_ShortA.png	n/a	7	2303.98712825	n/a	73	2	2	intervals/timediscrimination_table	72	2300.273025	2302.306430
2300.273025	0.000000	460055	ttl	1	72	n/a	n/a	n/a	n/a	n/a	n/a	n/a	n/a	n/a	n/a	n/a	n/a	n/a	n/a	n/a	n/a	n/a	n/a	n/a	n/a	n/a	2300.273025	n/a
2302.306430	0.000000	460461	ttl	2	72	n/a	n/a	n/a	n/a	n/a	n/a	n/a	n/a	n/a	n/a	n/a	n/a	n/a	n/a	n/a	n/a	n/a	n/a	n/a	n/a	n/a	2302.306430	n/a
2303.987128	0.000000	460797	ttl	4	72	n/a	n/a	n/a	n/a	n/a	n/a	n/a	n/a	n/a	n/a	n/a	n/a	n/a	n/a	n/a	n/a	n/a	n/a	n/a	n/a	n/a	2303.987128	n/a
2304.182904	0.000000	460837	ttl	11	72	n/a	n/a	n/a	n/a	n/a	n/a	n/a	n/a	n/a	n/a	n/a	n/a	n/a	n/a	n/a	n/a	n/a	n/a	n/a	n/a	n/a	2304.182904	n/a
2304.749476	2.034273	460950	time_discrimination	n/a	n/a	n/a	72.0	n/a	n/a	n/a	2304.1829045	n/a	1.6827060251234798	2.0	1	3.0	NB_20_LongA.png	n/a	2	2308.4664555	n/a	74	1	1	intervals/timediscrimination_table	73	2304.749476	2306.783749
2304.749476	0.000000	460950	ttl	1	72	n/a	n/a	n/a	n/a	n/a	n/a	n/a	n/a	n/a	n/a	n/a	n/a	n/a	n/a	n/a	n/a	n/a	n/a	n/a	n/a	n/a	2304.749476	n/a
2306.783749	0.000000	461357	ttl	2	72	n/a	n/a	n/a	n/a	n/a	n/a	n/a	n/a	n/a	n/a	n/a	n/a	n/a	n/a	n/a	n/a	n/a	n/a	n/a	n/a	n/a	2306.783749	n/a
2308.466455	0.000000	461693	ttl	4	72	n/a	n/a	n/a	n/a	n/a	n/a	n/a	n/a	n/a	n/a	n/a	n/a	n/a	n/a	n/a	n/a	n/a	n/a	n/a	n/a	n/a	2308.466455	n/a
2308.520099	0.000000	461704	ttl	11	72	n/a	n/a	n/a	n/a	n/a	n/a	n/a	n/a	n/a	n/a	n/a	n/a	n/a	n/a	n/a	n/a	n/a	n/a	n/a	n/a	n/a	2308.520099	n/a
2309.103310	2.034797	461821	time_discrimination	n/a	n/a	n/a	72.0	n/a	n/a	n/a	2308.52009925	n/a	1.6814238870865665	2.0	1	3.0	NB_14_ShortA.png	n/a	2	2312.81953175	n/a	75	1	1	intervals/timediscrimination_table	74	2309.103310	2311.138108
2309.103310	0.000000	461821	ttl	1	72	n/a	n/a	n/a	n/a	n/a	n/a	n/a	n/a	n/a	n/a	n/a	n/a	n/a	n/a	n/a	n/a	n/a	n/a	n/a	n/a	n/a	2309.103310	n/a
2311.138108	0.000000	462228	ttl	2	72	n/a	n/a	n/a	n/a	n/a	n/a	n/a	n/a	n/a	n/a	n/a	n/a	n/a	n/a	n/a	n/a	n/a	n/a	n/a	n/a	n/a	2311.138108	n/a
2312.819532	0.000000	462564	ttl	4	72	n/a	n/a	n/a	n/a	n/a	n/a	n/a	n/a	n/a	n/a	n/a	n/a	n/a	n/a	n/a	n/a	n/a	n/a	n/a	n/a	n/a	2312.819532	n/a
2312.833857	0.000000	462567	ttl	11	72	n/a	n/a	n/a	n/a	n/a	n/a	n/a	n/a	n/a	n/a	n/a	n/a	n/a	n/a	n/a	n/a	n/a	n/a	n/a	n/a	n/a	2312.833857	n/a
2313.450405	2.034525	462690	time_discrimination	n/a	n/a	n/a	72.0	n/a	n/a	n/a	2312.8338575	n/a	1.7816921277262736	2.0	3	3.0	HB_5_LongA.png	n/a	2	2317.2666222499997	n/a	76	1	1	intervals/timediscrimination_table	75	2313.450405	2315.484930
2313.450405	0.000000	462690	ttl	1	72	n/a	n/a	n/a	n/a	n/a	n/a	n/a	n/a	n/a	n/a	n/a	n/a	n/a	n/a	n/a	n/a	n/a	n/a	n/a	n/a	n/a	2313.450405	n/a
2315.484930	0.000000	463097	ttl	2	72	n/a	n/a	n/a	n/a	n/a	n/a	n/a	n/a	n/a	n/a	n/a	n/a	n/a	n/a	n/a	n/a	n/a	n/a	n/a	n/a	n/a	2315.484930	n/a
2317.266622	0.000000	463453	ttl	4	72	n/a	n/a	n/a	n/a	n/a	n/a	n/a	n/a	n/a	n/a	n/a	n/a	n/a	n/a	n/a	n/a	n/a	n/a	n/a	n/a	n/a	2317.266622	n/a
2317.316562	0.000000	463463	ttl	11	72	n/a	n/a	n/a	n/a	n/a	n/a	n/a	n/a	n/a	n/a	n/a	n/a	n/a	n/a	n/a	n/a	n/a	n/a	n/a	n/a	n/a	2317.316562	n/a
2317.966436	2.033726	463593	time_discrimination	n/a	n/a	n/a	72.0	n/a	n/a	n/a	2317.316562	n/a	1.780987797639682	1.0	3	3.0	HB_19_ShortA.png	n/a	2	2321.78114925	n/a	77	1	2	intervals/timediscrimination_table	76	2317.966436	2320.000162
2317.966436	0.000000	463593	ttl	1	72	n/a	n/a	n/a	n/a	n/a	n/a	n/a	n/a	n/a	n/a	n/a	n/a	n/a	n/a	n/a	n/a	n/a	n/a	n/a	n/a	n/a	2317.966436	n/a
2320.000162	0.000000	464000	ttl	2	72	n/a	n/a	n/a	n/a	n/a	n/a	n/a	n/a	n/a	n/a	n/a	n/a	n/a	n/a	n/a	n/a	n/a	n/a	n/a	n/a	n/a	2320.000162	n/a
2321.781149	0.000000	464356	ttl	4	72	n/a	n/a	n/a	n/a	n/a	n/a	n/a	n/a	n/a	n/a	n/a	n/a	n/a	n/a	n/a	n/a	n/a	n/a	n/a	n/a	n/a	2321.781149	n/a
2321.935347	0.000000	464387	ttl	11	72	n/a	n/a	n/a	n/a	n/a	n/a	n/a	n/a	n/a	n/a	n/a	n/a	n/a	n/a	n/a	n/a	n/a	n/a	n/a	n/a	n/a	2321.935347	n/a
2322.485237	2.033447	464497	time_discrimination	n/a	n/a	n/a	72.0	n/a	n/a	n/a	2321.9353475	n/a	1.680601898158784	2.0	1	2.0	NB_30_ShortA.png	n/a	3	2326.199286	n/a	78	1	1	intervals/timediscrimination_table	77	2322.485237	2324.518684
2322.485237	0.000000	464497	ttl	1	72	n/a	n/a	n/a	n/a	n/a	n/a	n/a	n/a	n/a	n/a	n/a	n/a	n/a	n/a	n/a	n/a	n/a	n/a	n/a	n/a	n/a	2322.485237	n/a
2324.518684	0.000000	464904	ttl	2	72	n/a	n/a	n/a	n/a	n/a	n/a	n/a	n/a	n/a	n/a	n/a	n/a	n/a	n/a	n/a	n/a	n/a	n/a	n/a	n/a	n/a	2324.518684	n/a
2326.199286	0.000000	465240	ttl	4	72	n/a	n/a	n/a	n/a	n/a	n/a	n/a	n/a	n/a	n/a	n/a	n/a	n/a	n/a	n/a	n/a	n/a	n/a	n/a	n/a	n/a	2326.199286	n/a
2326.251955	0.000000	465250	ttl	11	72	n/a	n/a	n/a	n/a	n/a	n/a	n/a	n/a	n/a	n/a	n/a	n/a	n/a	n/a	n/a	n/a	n/a	n/a	n/a	n/a	n/a	2326.251955	n/a
2326.768504	2.033630	465354	time_discrimination	n/a	n/a	n/a	72.0	n/a	n/a	n/a	2326.25195475	n/a	1.6819681415654486	1.0	1	3.0	NB_26_LongA.png	n/a	7	2330.4841025	n/a	79	2	1	intervals/timediscrimination_table	78	2326.768504	2328.802134
2326.768504	0.000000	465354	ttl	1	72	n/a	n/a	n/a	n/a	n/a	n/a	n/a	n/a	n/a	n/a	n/a	n/a	n/a	n/a	n/a	n/a	n/a	n/a	n/a	n/a	n/a	2326.768504	n/a
2328.802134	0.000000	465760	ttl	2	72	n/a	n/a	n/a	n/a	n/a	n/a	n/a	n/a	n/a	n/a	n/a	n/a	n/a	n/a	n/a	n/a	n/a	n/a	n/a	n/a	n/a	2328.802134	n/a
2330.484103	0.000000	466097	ttl	4	72	n/a	n/a	n/a	n/a	n/a	n/a	n/a	n/a	n/a	n/a	n/a	n/a	n/a	n/a	n/a	n/a	n/a	n/a	n/a	n/a	n/a	2330.484103	n/a
2330.557734	0.000000	466112	ttl	11	72	n/a	n/a	n/a	n/a	n/a	n/a	n/a	n/a	n/a	n/a	n/a	n/a	n/a	n/a	n/a	n/a	n/a	n/a	n/a	n/a	n/a	2330.557734	n/a
2331.107614	2.034626	466222	time_discrimination	n/a	n/a	n/a	72.0	n/a	n/a	n/a	2330.557734	n/a	1.7822503774950746	2.0	3	2.0	HB_42_ShortA.png	n/a	3	2334.92449025	n/a	80	1	1	intervals/timediscrimination_table	79	2331.107614	2333.142240
2331.107614	0.000000	466222	ttl	1	72	n/a	n/a	n/a	n/a	n/a	n/a	n/a	n/a	n/a	n/a	n/a	n/a	n/a	n/a	n/a	n/a	n/a	n/a	n/a	n/a	n/a	2331.107614	n/a
2333.142240	0.000000	466628	ttl	2	72	n/a	n/a	n/a	n/a	n/a	n/a	n/a	n/a	n/a	n/a	n/a	n/a	n/a	n/a	n/a	n/a	n/a	n/a	n/a	n/a	n/a	2333.142240	n/a
2334.924490	0.000000	466985	ttl	4	72	n/a	n/a	n/a	n/a	n/a	n/a	n/a	n/a	n/a	n/a	n/a	n/a	n/a	n/a	n/a	n/a	n/a	n/a	n/a	n/a	n/a	2334.924490	n/a
2334.939047	0.000000	466988	ttl	11	72	n/a	n/a	n/a	n/a	n/a	n/a	n/a	n/a	n/a	n/a	n/a	n/a	n/a	n/a	n/a	n/a	n/a	n/a	n/a	n/a	n/a	2334.939047	n/a
2335.472272	2.033504	467094	time_discrimination	n/a	n/a	n/a	72.0	n/a	n/a	n/a	2334.939047	n/a	1.7822376628027996	1.0	3	2.0	HB_6_ShortA.png	n/a	6	2339.28801425	n/a	81	2	1	intervals/timediscrimination_table	80	2335.472272	2337.505777
2335.472272	0.000000	467094	ttl	1	72	n/a	n/a	n/a	n/a	n/a	n/a	n/a	n/a	n/a	n/a	n/a	n/a	n/a	n/a	n/a	n/a	n/a	n/a	n/a	n/a	n/a	2335.472272	n/a
2337.505777	0.000000	467501	ttl	2	72	n/a	n/a	n/a	n/a	n/a	n/a	n/a	n/a	n/a	n/a	n/a	n/a	n/a	n/a	n/a	n/a	n/a	n/a	n/a	n/a	n/a	2337.505777	n/a
2339.288014	0.000000	467858	ttl	4	72	n/a	n/a	n/a	n/a	n/a	n/a	n/a	n/a	n/a	n/a	n/a	n/a	n/a	n/a	n/a	n/a	n/a	n/a	n/a	n/a	n/a	2339.288014	n/a
2339.378430	0.000000	467876	ttl	11	72	n/a	n/a	n/a	n/a	n/a	n/a	n/a	n/a	n/a	n/a	n/a	n/a	n/a	n/a	n/a	n/a	n/a	n/a	n/a	n/a	n/a	2339.378430	n/a
2339.994973	2.034159	467999	time_discrimination	n/a	n/a	n/a	72.0	n/a	n/a	n/a	2339.3784299999998	n/a	1.0209668260940816	2.0	2	3.0	SB_1_ShortA.png	n/a	2	2343.05009875	n/a	82	1	1	intervals/timediscrimination_table	81	2339.994973	2342.029132
2339.994973	0.000000	467999	ttl	1	72	n/a	n/a	n/a	n/a	n/a	n/a	n/a	n/a	n/a	n/a	n/a	n/a	n/a	n/a	n/a	n/a	n/a	n/a	n/a	n/a	n/a	2339.994973	n/a
2342.029132	0.000000	468406	ttl	2	72	n/a	n/a	n/a	n/a	n/a	n/a	n/a	n/a	n/a	n/a	n/a	n/a	n/a	n/a	n/a	n/a	n/a	n/a	n/a	n/a	n/a	2342.029132	n/a
2343.050099	0.000000	468610	ttl	4	72	n/a	n/a	n/a	n/a	n/a	n/a	n/a	n/a	n/a	n/a	n/a	n/a	n/a	n/a	n/a	n/a	n/a	n/a	n/a	n/a	n/a	2343.050099	n/a
2343.098920	0.000000	468620	ttl	11	72	n/a	n/a	n/a	n/a	n/a	n/a	n/a	n/a	n/a	n/a	n/a	n/a	n/a	n/a	n/a	n/a	n/a	n/a	n/a	n/a	n/a	2343.098920	n/a
2343.682139	2.033871	468736	time_discrimination	n/a	n/a	n/a	72.0	n/a	n/a	n/a	2343.09892025	n/a	1.7802075277431868	2.0	3	3.0	HB_21_LongA.png	n/a	7	2347.4962175	n/a	83	2	2	intervals/timediscrimination_table	82	2343.682139	2345.716010
2343.682139	0.000000	468736	ttl	1	72	n/a	n/a	n/a	n/a	n/a	n/a	n/a	n/a	n/a	n/a	n/a	n/a	n/a	n/a	n/a	n/a	n/a	n/a	n/a	n/a	n/a	2343.682139	n/a
2345.716010	0.000000	469143	ttl	2	72	n/a	n/a	n/a	n/a	n/a	n/a	n/a	n/a	n/a	n/a	n/a	n/a	n/a	n/a	n/a	n/a	n/a	n/a	n/a	n/a	n/a	2345.716010	n/a
2347.496218	0.000000	469499	ttl	4	72	n/a	n/a	n/a	n/a	n/a	n/a	n/a	n/a	n/a	n/a	n/a	n/a	n/a	n/a	n/a	n/a	n/a	n/a	n/a	n/a	n/a	2347.496218	n/a
2347.510951	0.000000	469502	ttl	11	72	n/a	n/a	n/a	n/a	n/a	n/a	n/a	n/a	n/a	n/a	n/a	n/a	n/a	n/a	n/a	n/a	n/a	n/a	n/a	n/a	n/a	2347.510951	n/a
2348.027513	2.033463	469606	time_discrimination	n/a	n/a	n/a	72.0	n/a	n/a	n/a	2347.51095075	n/a	1.6833569592417916	2.0	1	3.0	NB_22_LongA.png	n/a	2	2351.7443332499997	n/a	84	1	1	intervals/timediscrimination_table	83	2348.027513	2350.060976
2348.027513	0.000000	469606	ttl	1	72	n/a	n/a	n/a	n/a	n/a	n/a	n/a	n/a	n/a	n/a	n/a	n/a	n/a	n/a	n/a	n/a	n/a	n/a	n/a	n/a	n/a	2348.027513	n/a
2350.060976	0.000000	470012	ttl	2	72	n/a	n/a	n/a	n/a	n/a	n/a	n/a	n/a	n/a	n/a	n/a	n/a	n/a	n/a	n/a	n/a	n/a	n/a	n/a	n/a	n/a	2350.060976	n/a
2351.744333	0.000000	470349	ttl	4	72	n/a	n/a	n/a	n/a	n/a	n/a	n/a	n/a	n/a	n/a	n/a	n/a	n/a	n/a	n/a	n/a	n/a	n/a	n/a	n/a	n/a	2351.744333	n/a
2351.760412	0.000000	470352	ttl	11	72	n/a	n/a	n/a	n/a	n/a	n/a	n/a	n/a	n/a	n/a	n/a	n/a	n/a	n/a	n/a	n/a	n/a	n/a	n/a	n/a	n/a	2351.760412	n/a
2352.293642	2.034995	470459	time_discrimination	n/a	n/a	n/a	72.0	n/a	n/a	n/a	2351.7604125	n/a	1.7829126417491352	2.0	3	2.0	HB_57_LongA.png	n/a	6	2356.1115489999997	n/a	85	2	2	intervals/timediscrimination_table	84	2352.293642	2354.328636
2352.293642	0.000000	470459	ttl	1	72	n/a	n/a	n/a	n/a	n/a	n/a	n/a	n/a	n/a	n/a	n/a	n/a	n/a	n/a	n/a	n/a	n/a	n/a	n/a	n/a	n/a	2352.293642	n/a
2354.328636	0.000000	470866	ttl	2	72	n/a	n/a	n/a	n/a	n/a	n/a	n/a	n/a	n/a	n/a	n/a	n/a	n/a	n/a	n/a	n/a	n/a	n/a	n/a	n/a	n/a	2354.328636	n/a
2356.111549	0.000000	471222	ttl	4	72	n/a	n/a	n/a	n/a	n/a	n/a	n/a	n/a	n/a	n/a	n/a	n/a	n/a	n/a	n/a	n/a	n/a	n/a	n/a	n/a	n/a	2356.111549	n/a
2356.125057	0.000000	471225	ttl	11	72	n/a	n/a	n/a	n/a	n/a	n/a	n/a	n/a	n/a	n/a	n/a	n/a	n/a	n/a	n/a	n/a	n/a	n/a	n/a	n/a	n/a	2356.125057	n/a
2356.641615	2.033385	471328	time_discrimination	n/a	n/a	n/a	72.0	n/a	n/a	n/a	2356.12505725	n/a	1.7820591387717286	2.0	3	2.0	HB_8_ShortA.png	n/a	6	2360.4570587499998	n/a	86	2	2	intervals/timediscrimination_table	85	2356.641615	2358.675000
2356.641615	0.000000	471328	ttl	1	72	n/a	n/a	n/a	n/a	n/a	n/a	n/a	n/a	n/a	n/a	n/a	n/a	n/a	n/a	n/a	n/a	n/a	n/a	n/a	n/a	n/a	2356.641615	n/a
2358.675000	0.000000	471735	ttl	2	72	n/a	n/a	n/a	n/a	n/a	n/a	n/a	n/a	n/a	n/a	n/a	n/a	n/a	n/a	n/a	n/a	n/a	n/a	n/a	n/a	n/a	2358.675000	n/a
2360.457059	0.000000	472091	ttl	4	72	n/a	n/a	n/a	n/a	n/a	n/a	n/a	n/a	n/a	n/a	n/a	n/a	n/a	n/a	n/a	n/a	n/a	n/a	n/a	n/a	n/a	2360.457059	n/a
2360.512607	0.000000	472103	ttl	11	72	n/a	n/a	n/a	n/a	n/a	n/a	n/a	n/a	n/a	n/a	n/a	n/a	n/a	n/a	n/a	n/a	n/a	n/a	n/a	n/a	n/a	2360.512607	n/a
2361.095821	2.034649	472219	time_discrimination	n/a	n/a	n/a	72.0	n/a	n/a	n/a	2360.512607	n/a	1.7823236479889601	1.0	3	3.0	HB_13_LongA.png	n/a	7	2364.9127934999997	n/a	87	2	1	intervals/timediscrimination_table	86	2361.095821	2363.130470
2361.095821	0.000000	472219	ttl	1	72	n/a	n/a	n/a	n/a	n/a	n/a	n/a	n/a	n/a	n/a	n/a	n/a	n/a	n/a	n/a	n/a	n/a	n/a	n/a	n/a	n/a	2361.095821	n/a
2363.130470	0.000000	472626	ttl	2	72	n/a	n/a	n/a	n/a	n/a	n/a	n/a	n/a	n/a	n/a	n/a	n/a	n/a	n/a	n/a	n/a	n/a	n/a	n/a	n/a	n/a	2363.130470	n/a
2364.912793	0.000000	472983	ttl	4	72	n/a	n/a	n/a	n/a	n/a	n/a	n/a	n/a	n/a	n/a	n/a	n/a	n/a	n/a	n/a	n/a	n/a	n/a	n/a	n/a	n/a	2364.912793	n/a
2364.995083	0.000000	472999	ttl	11	72	n/a	n/a	n/a	n/a	n/a	n/a	n/a	n/a	n/a	n/a	n/a	n/a	n/a	n/a	n/a	n/a	n/a	n/a	n/a	n/a	n/a	2364.995083	n/a
2365.511641	2.033621	473102	time_discrimination	n/a	n/a	n/a	72.0	n/a	n/a	n/a	2364.9950825	n/a	0.9081586298852926	2.0	2	2.0	SB_37_ShortA.png	n/a	6	2368.4534205	n/a	88	2	2	intervals/timediscrimination_table	87	2365.511641	2367.545262
2365.511641	0.000000	473102	ttl	1	72	n/a	n/a	n/a	n/a	n/a	n/a	n/a	n/a	n/a	n/a	n/a	n/a	n/a	n/a	n/a	n/a	n/a	n/a	n/a	n/a	n/a	2365.511641	n/a
2367.545262	0.000000	473509	ttl	2	72	n/a	n/a	n/a	n/a	n/a	n/a	n/a	n/a	n/a	n/a	n/a	n/a	n/a	n/a	n/a	n/a	n/a	n/a	n/a	n/a	n/a	2367.545262	n/a
2368.453420	0.000000	473691	ttl	4	72	n/a	n/a	n/a	n/a	n/a	n/a	n/a	n/a	n/a	n/a	n/a	n/a	n/a	n/a	n/a	n/a	n/a	n/a	n/a	n/a	n/a	2368.453420	n/a
2368.570561	0.000000	473714	ttl	11	72	n/a	n/a	n/a	n/a	n/a	n/a	n/a	n/a	n/a	n/a	n/a	n/a	n/a	n/a	n/a	n/a	n/a	n/a	n/a	n/a	n/a	2368.570561	n/a
2369.137128	2.033862	473827	time_discrimination	n/a	n/a	n/a	72.0	n/a	n/a	n/a	2368.5705614999997	n/a	1.9223817694874015	1.0	2	3.0	SB_4_ShortA.png	n/a	7	2373.09337225	n/a	89	2	1	intervals/timediscrimination_table	88	2369.137128	2371.170990
2369.137128	0.000000	473827	ttl	1	72	n/a	n/a	n/a	n/a	n/a	n/a	n/a	n/a	n/a	n/a	n/a	n/a	n/a	n/a	n/a	n/a	n/a	n/a	n/a	n/a	n/a	2369.137128	n/a
2371.170990	0.000000	474234	ttl	2	72	n/a	n/a	n/a	n/a	n/a	n/a	n/a	n/a	n/a	n/a	n/a	n/a	n/a	n/a	n/a	n/a	n/a	n/a	n/a	n/a	n/a	2371.170990	n/a
2373.093372	0.000000	474619	ttl	4	72	n/a	n/a	n/a	n/a	n/a	n/a	n/a	n/a	n/a	n/a	n/a	n/a	n/a	n/a	n/a	n/a	n/a	n/a	n/a	n/a	n/a	2373.093372	n/a
2373.108299	0.000000	474622	ttl	11	72	n/a	n/a	n/a	n/a	n/a	n/a	n/a	n/a	n/a	n/a	n/a	n/a	n/a	n/a	n/a	n/a	n/a	n/a	n/a	n/a	n/a	2373.108299	n/a
2373.758160	2.033495	474752	time_discrimination	n/a	n/a	n/a	72.0	n/a	n/a	n/a	2373.10829875	n/a	2.214134279609425	1.0	2	3.0	SB_16_ShortA.png	n/a	2	2378.0057895	n/a	90	1	2	intervals/timediscrimination_table	89	2373.758160	2375.791655
2373.758160	0.000000	474752	ttl	1	72	n/a	n/a	n/a	n/a	n/a	n/a	n/a	n/a	n/a	n/a	n/a	n/a	n/a	n/a	n/a	n/a	n/a	n/a	n/a	n/a	n/a	2373.758160	n/a
2375.791655	0.000000	475158	ttl	2	72	n/a	n/a	n/a	n/a	n/a	n/a	n/a	n/a	n/a	n/a	n/a	n/a	n/a	n/a	n/a	n/a	n/a	n/a	n/a	n/a	n/a	2375.791655	n/a
2378.005789	0.000000	475601	ttl	4	72	n/a	n/a	n/a	n/a	n/a	n/a	n/a	n/a	n/a	n/a	n/a	n/a	n/a	n/a	n/a	n/a	n/a	n/a	n/a	n/a	n/a	2378.005789	n/a
2378.021135	0.000000	475604	ttl	11	72	n/a	n/a	n/a	n/a	n/a	n/a	n/a	n/a	n/a	n/a	n/a	n/a	n/a	n/a	n/a	n/a	n/a	n/a	n/a	n/a	n/a	2378.021135	n/a
2378.537652	2.033753	475708	time_discrimination	n/a	n/a	n/a	72.0	n/a	n/a	n/a	2378.021135	n/a	2.0099325151822995	2.0	2	2.0	SB_8_LongA.png	n/a	6	2382.581338	n/a	91	2	2	intervals/timediscrimination_table	90	2378.537652	2380.571405
2378.537652	0.000000	475708	ttl	1	72	n/a	n/a	n/a	n/a	n/a	n/a	n/a	n/a	n/a	n/a	n/a	n/a	n/a	n/a	n/a	n/a	n/a	n/a	n/a	n/a	n/a	2378.537652	n/a
2380.571405	0.000000	476114	ttl	2	72	n/a	n/a	n/a	n/a	n/a	n/a	n/a	n/a	n/a	n/a	n/a	n/a	n/a	n/a	n/a	n/a	n/a	n/a	n/a	n/a	n/a	2380.571405	n/a
2382.581338	0.000000	476516	ttl	4	72	n/a	n/a	n/a	n/a	n/a	n/a	n/a	n/a	n/a	n/a	n/a	n/a	n/a	n/a	n/a	n/a	n/a	n/a	n/a	n/a	n/a	2382.581338	n/a
2382.694680	0.000000	476539	ttl	11	72	n/a	n/a	n/a	n/a	n/a	n/a	n/a	n/a	n/a	n/a	n/a	n/a	n/a	n/a	n/a	n/a	n/a	n/a	n/a	n/a	n/a	2382.694680	n/a
2383.227906	2.033527	476646	time_discrimination	n/a	n/a	n/a	72.0	n/a	n/a	n/a	2382.69467975	n/a	1.682660821301397	2.0	1	3.0	NB_2_LongA.png	n/a	2	2386.9440932499997	n/a	92	1	1	intervals/timediscrimination_table	91	2383.227906	2385.261432
2383.227906	0.000000	476646	ttl	1	72	n/a	n/a	n/a	n/a	n/a	n/a	n/a	n/a	n/a	n/a	n/a	n/a	n/a	n/a	n/a	n/a	n/a	n/a	n/a	n/a	n/a	2383.227906	n/a
2385.261432	0.000000	477052	ttl	2	72	n/a	n/a	n/a	n/a	n/a	n/a	n/a	n/a	n/a	n/a	n/a	n/a	n/a	n/a	n/a	n/a	n/a	n/a	n/a	n/a	n/a	2385.261432	n/a
2386.944093	0.000000	477389	ttl	4	72	n/a	n/a	n/a	n/a	n/a	n/a	n/a	n/a	n/a	n/a	n/a	n/a	n/a	n/a	n/a	n/a	n/a	n/a	n/a	n/a	n/a	2386.944093	n/a
2386.959578	0.000000	477392	ttl	11	72	n/a	n/a	n/a	n/a	n/a	n/a	n/a	n/a	n/a	n/a	n/a	n/a	n/a	n/a	n/a	n/a	n/a	n/a	n/a	n/a	n/a	2386.959578	n/a
2387.559445	2.033712	477512	time_discrimination	n/a	n/a	n/a	72.0	n/a	n/a	n/a	2386.9595784999997	n/a	1.7807216121145757	1.0	3	3.0	HB_31_ShortA.png	n/a	7	2391.3738787499997	n/a	93	2	1	intervals/timediscrimination_table	92	2387.559445	2389.593157
2387.559445	0.000000	477512	ttl	1	72	n/a	n/a	n/a	n/a	n/a	n/a	n/a	n/a	n/a	n/a	n/a	n/a	n/a	n/a	n/a	n/a	n/a	n/a	n/a	n/a	n/a	2387.559445	n/a
2389.593157	0.000000	477919	ttl	2	72	n/a	n/a	n/a	n/a	n/a	n/a	n/a	n/a	n/a	n/a	n/a	n/a	n/a	n/a	n/a	n/a	n/a	n/a	n/a	n/a	n/a	2389.593157	n/a
2391.373879	0.000000	478275	ttl	4	72	n/a	n/a	n/a	n/a	n/a	n/a	n/a	n/a	n/a	n/a	n/a	n/a	n/a	n/a	n/a	n/a	n/a	n/a	n/a	n/a	n/a	2391.373879	n/a
2391.455919	0.000000	478291	ttl	11	72	n/a	n/a	n/a	n/a	n/a	n/a	n/a	n/a	n/a	n/a	n/a	n/a	n/a	n/a	n/a	n/a	n/a	n/a	n/a	n/a	n/a	2391.455919	n/a
2391.972546	2.033296	478395	time_discrimination	n/a	n/a	n/a	72.0	n/a	n/a	n/a	2391.45591925	n/a	1.1877669213281479	1.0	2	3.0	SB_50_LongA.png	n/a	7	2395.1936084999998	n/a	94	2	1	intervals/timediscrimination_table	93	2391.972546	2394.005842
2391.972546	0.000000	478395	ttl	1	72	n/a	n/a	n/a	n/a	n/a	n/a	n/a	n/a	n/a	n/a	n/a	n/a	n/a	n/a	n/a	n/a	n/a	n/a	n/a	n/a	n/a	2391.972546	n/a
2394.005842	0.000000	478801	ttl	2	72	n/a	n/a	n/a	n/a	n/a	n/a	n/a	n/a	n/a	n/a	n/a	n/a	n/a	n/a	n/a	n/a	n/a	n/a	n/a	n/a	n/a	2394.005842	n/a
2395.193608	0.000000	479039	ttl	4	72	n/a	n/a	n/a	n/a	n/a	n/a	n/a	n/a	n/a	n/a	n/a	n/a	n/a	n/a	n/a	n/a	n/a	n/a	n/a	n/a	n/a	2395.193608	n/a
2395.209090	0.000000	479042	ttl	11	72	n/a	n/a	n/a	n/a	n/a	n/a	n/a	n/a	n/a	n/a	n/a	n/a	n/a	n/a	n/a	n/a	n/a	n/a	n/a	n/a	n/a	2395.209090	n/a
2395.808957	2.033520	479162	time_discrimination	n/a	n/a	n/a	72.0	n/a	n/a	n/a	2395.2090897499997	n/a	1.8644858746411046	2.0	2	2.0	SB_57_LongA.png	n/a	3	2399.70696275	n/a	95	1	1	intervals/timediscrimination_table	94	2395.808957	2397.842477
2395.808957	0.000000	479162	ttl	1	72	n/a	n/a	n/a	n/a	n/a	n/a	n/a	n/a	n/a	n/a	n/a	n/a	n/a	n/a	n/a	n/a	n/a	n/a	n/a	n/a	n/a	2395.808957	n/a
2397.842477	0.000000	479568	ttl	2	72	n/a	n/a	n/a	n/a	n/a	n/a	n/a	n/a	n/a	n/a	n/a	n/a	n/a	n/a	n/a	n/a	n/a	n/a	n/a	n/a	n/a	2397.842477	n/a
2399.706963	0.000000	479941	ttl	4	72	n/a	n/a	n/a	n/a	n/a	n/a	n/a	n/a	n/a	n/a	n/a	n/a	n/a	n/a	n/a	n/a	n/a	n/a	n/a	n/a	n/a	2399.706963	n/a
2399.722078	0.000000	479944	ttl	11	72	n/a	n/a	n/a	n/a	n/a	n/a	n/a	n/a	n/a	n/a	n/a	n/a	n/a	n/a	n/a	n/a	n/a	n/a	n/a	n/a	n/a	2399.722078	n/a
2400.321960	2.033518	480064	time_discrimination	n/a	n/a	n/a	72.0	n/a	n/a	n/a	2399.7220777499997	n/a	1.7835941891389666	1.0	3	3.0	HB_59_LongA.png	n/a	2	2404.13907225	n/a	96	1	2	intervals/timediscrimination_table	95	2400.321960	2402.355478
2400.321960	0.000000	480064	ttl	1	72	n/a	n/a	n/a	n/a	n/a	n/a	n/a	n/a	n/a	n/a	n/a	n/a	n/a	n/a	n/a	n/a	n/a	n/a	n/a	n/a	n/a	2400.321960	n/a
2402.355478	0.000000	480471	ttl	2	72	n/a	n/a	n/a	n/a	n/a	n/a	n/a	n/a	n/a	n/a	n/a	n/a	n/a	n/a	n/a	n/a	n/a	n/a	n/a	n/a	n/a	2402.355478	n/a
2404.139072	0.000000	480828	ttl	4	72	n/a	n/a	n/a	n/a	n/a	n/a	n/a	n/a	n/a	n/a	n/a	n/a	n/a	n/a	n/a	n/a	n/a	n/a	n/a	n/a	n/a	2404.139072	n/a
2404.154492	0.000000	480831	ttl	11	72	n/a	n/a	n/a	n/a	n/a	n/a	n/a	n/a	n/a	n/a	n/a	n/a	n/a	n/a	n/a	n/a	n/a	n/a	n/a	n/a	n/a	2404.154492	n/a
2404.854345	2.033790	480971	time_discrimination	n/a	n/a	n/a	72.0	n/a	n/a	n/a	2404.154492	n/a	1.6825115762912901	2.0	1	3.0	NB_15_LongA.png	n/a	2	2408.570647	n/a	97	1	1	intervals/timediscrimination_table	96	2404.854345	2406.888135
2404.854345	0.000000	480971	ttl	1	72	n/a	n/a	n/a	n/a	n/a	n/a	n/a	n/a	n/a	n/a	n/a	n/a	n/a	n/a	n/a	n/a	n/a	n/a	n/a	n/a	n/a	2404.854345	n/a
2406.888135	0.000000	481378	ttl	2	72	n/a	n/a	n/a	n/a	n/a	n/a	n/a	n/a	n/a	n/a	n/a	n/a	n/a	n/a	n/a	n/a	n/a	n/a	n/a	n/a	n/a	2406.888135	n/a
2408.570647	0.000000	481714	ttl	4	72	n/a	n/a	n/a	n/a	n/a	n/a	n/a	n/a	n/a	n/a	n/a	n/a	n/a	n/a	n/a	n/a	n/a	n/a	n/a	n/a	n/a	2408.570647	n/a
2408.646098	0.000000	481729	ttl	11	72	n/a	n/a	n/a	n/a	n/a	n/a	n/a	n/a	n/a	n/a	n/a	n/a	n/a	n/a	n/a	n/a	n/a	n/a	n/a	n/a	n/a	2408.646098	n/a
2409.212654	2.034732	481843	time_discrimination	n/a	n/a	n/a	72.0	n/a	n/a	n/a	2408.64609825	n/a	1.3177943298505852	2.0	2	3.0	SB_54_LongA.png	n/a	2	2412.56518075	n/a	98	1	1	intervals/timediscrimination_table	97	2409.212654	2411.247386
2409.212654	0.000000	481843	ttl	1	72	n/a	n/a	n/a	n/a	n/a	n/a	n/a	n/a	n/a	n/a	n/a	n/a	n/a	n/a	n/a	n/a	n/a	n/a	n/a	n/a	n/a	2409.212654	n/a
2411.247386	0.000000	482249	ttl	2	72	n/a	n/a	n/a	n/a	n/a	n/a	n/a	n/a	n/a	n/a	n/a	n/a	n/a	n/a	n/a	n/a	n/a	n/a	n/a	n/a	n/a	2411.247386	n/a
2412.565181	0.000000	482513	ttl	4	72	n/a	n/a	n/a	n/a	n/a	n/a	n/a	n/a	n/a	n/a	n/a	n/a	n/a	n/a	n/a	n/a	n/a	n/a	n/a	n/a	n/a	2412.565181	n/a
2412.690084	0.000000	482538	ttl	11	72	n/a	n/a	n/a	n/a	n/a	n/a	n/a	n/a	n/a	n/a	n/a	n/a	n/a	n/a	n/a	n/a	n/a	n/a	n/a	n/a	n/a	2412.690084	n/a
2413.189972	2.034551	482638	time_discrimination	n/a	n/a	n/a	72.0	n/a	n/a	n/a	2412.69008425	n/a	1.782809025287861	1.0	3	2.0	HB_12_LongA.png	n/a	6	2417.0073319999997	n/a	99	2	1	intervals/timediscrimination_table	98	2413.189972	2415.224523
2413.189972	0.000000	482638	ttl	1	72	n/a	n/a	n/a	n/a	n/a	n/a	n/a	n/a	n/a	n/a	n/a	n/a	n/a	n/a	n/a	n/a	n/a	n/a	n/a	n/a	n/a	2413.189972	n/a
2415.224523	0.000000	483045	ttl	2	72	n/a	n/a	n/a	n/a	n/a	n/a	n/a	n/a	n/a	n/a	n/a	n/a	n/a	n/a	n/a	n/a	n/a	n/a	n/a	n/a	n/a	2415.224523	n/a
2417.007332	0.000000	483401	ttl	4	72	n/a	n/a	n/a	n/a	n/a	n/a	n/a	n/a	n/a	n/a	n/a	n/a	n/a	n/a	n/a	n/a	n/a	n/a	n/a	n/a	n/a	2417.007332	n/a
2417.021483	0.000000	483404	ttl	11	72	n/a	n/a	n/a	n/a	n/a	n/a	n/a	n/a	n/a	n/a	n/a	n/a	n/a	n/a	n/a	n/a	n/a	n/a	n/a	n/a	n/a	2417.021483	n/a
2417.604692	2.034217	483521	time_discrimination	n/a	n/a	n/a	72.0	n/a	n/a	n/a	2417.0214834999997	n/a	1.2805382311053108	1.0	2	2.0	SB_51_ShortA.png	n/a	6	2420.91944725	n/a	100	2	1	intervals/timediscrimination_table	99	2417.604692	2419.638909
2417.604692	0.000000	483521	ttl	1	72	n/a	n/a	n/a	n/a	n/a	n/a	n/a	n/a	n/a	n/a	n/a	n/a	n/a	n/a	n/a	n/a	n/a	n/a	n/a	n/a	n/a	2417.604692	n/a
2419.638909	0.000000	483928	ttl	2	72	n/a	n/a	n/a	n/a	n/a	n/a	n/a	n/a	n/a	n/a	n/a	n/a	n/a	n/a	n/a	n/a	n/a	n/a	n/a	n/a	n/a	2419.638909	n/a
2420.919447	0.000000	484184	ttl	4	72	n/a	n/a	n/a	n/a	n/a	n/a	n/a	n/a	n/a	n/a	n/a	n/a	n/a	n/a	n/a	n/a	n/a	n/a	n/a	n/a	n/a	2420.919447	n/a
2420.933936	0.000000	484187	ttl	11	72	n/a	n/a	n/a	n/a	n/a	n/a	n/a	n/a	n/a	n/a	n/a	n/a	n/a	n/a	n/a	n/a	n/a	n/a	n/a	n/a	n/a	2420.933936	n/a
2421.450506	2.033356	484290	time_discrimination	n/a	n/a	n/a	72.0	n/a	n/a	n/a	2420.933936	n/a	1.781200595694827	1.0	3	3.0	HB_37_LongA.png	n/a	2	2425.2650625	n/a	101	1	2	intervals/timediscrimination_table	100	2421.450506	2423.483862
2421.450506	0.000000	484290	ttl	1	72	n/a	n/a	n/a	n/a	n/a	n/a	n/a	n/a	n/a	n/a	n/a	n/a	n/a	n/a	n/a	n/a	n/a	n/a	n/a	n/a	n/a	2421.450506	n/a
2423.483862	0.000000	484697	ttl	2	72	n/a	n/a	n/a	n/a	n/a	n/a	n/a	n/a	n/a	n/a	n/a	n/a	n/a	n/a	n/a	n/a	n/a	n/a	n/a	n/a	n/a	2423.483862	n/a
2425.265063	0.000000	485053	ttl	4	72	n/a	n/a	n/a	n/a	n/a	n/a	n/a	n/a	n/a	n/a	n/a	n/a	n/a	n/a	n/a	n/a	n/a	n/a	n/a	n/a	n/a	2425.265063	n/a
2425.305821	0.000000	485061	ttl	11	72	n/a	n/a	n/a	n/a	n/a	n/a	n/a	n/a	n/a	n/a	n/a	n/a	n/a	n/a	n/a	n/a	n/a	n/a	n/a	n/a	n/a	2425.305821	n/a
2425.872384	2.034019	485174	time_discrimination	n/a	n/a	n/a	72.0	n/a	n/a	n/a	2425.30582075	n/a	1.6812120105169015	1.0	1	3.0	NB_6_ShortA.png	n/a	2	2429.5876155	n/a	102	1	2	intervals/timediscrimination_table	101	2425.872384	2427.906403
2425.872384	0.000000	485174	ttl	1	72	n/a	n/a	n/a	n/a	n/a	n/a	n/a	n/a	n/a	n/a	n/a	n/a	n/a	n/a	n/a	n/a	n/a	n/a	n/a	n/a	n/a	2425.872384	n/a
2427.906403	0.000000	485581	ttl	2	72	n/a	n/a	n/a	n/a	n/a	n/a	n/a	n/a	n/a	n/a	n/a	n/a	n/a	n/a	n/a	n/a	n/a	n/a	n/a	n/a	n/a	2427.906403	n/a
2429.587616	0.000000	485918	ttl	4	72	n/a	n/a	n/a	n/a	n/a	n/a	n/a	n/a	n/a	n/a	n/a	n/a	n/a	n/a	n/a	n/a	n/a	n/a	n/a	n/a	n/a	2429.587616	n/a
2429.602323	0.000000	485920	ttl	11	72	n/a	n/a	n/a	n/a	n/a	n/a	n/a	n/a	n/a	n/a	n/a	n/a	n/a	n/a	n/a	n/a	n/a	n/a	n/a	n/a	n/a	2429.602323	n/a
2430.168871	2.034651	486034	time_discrimination	n/a	n/a	n/a	72.0	n/a	n/a	n/a	2429.60232275	n/a	1.7818024836451514	1.0	3	3.0	HB_38_ShortA.png	n/a	7	2433.98532425	n/a	103	2	1	intervals/timediscrimination_table	102	2430.168871	2432.203522
2430.168871	0.000000	486034	ttl	1	72	n/a	n/a	n/a	n/a	n/a	n/a	n/a	n/a	n/a	n/a	n/a	n/a	n/a	n/a	n/a	n/a	n/a	n/a	n/a	n/a	n/a	2430.168871	n/a
2432.203522	0.000000	486441	ttl	2	72	n/a	n/a	n/a	n/a	n/a	n/a	n/a	n/a	n/a	n/a	n/a	n/a	n/a	n/a	n/a	n/a	n/a	n/a	n/a	n/a	n/a	2432.203522	n/a
2433.985324	0.000000	486797	ttl	4	72	n/a	n/a	n/a	n/a	n/a	n/a	n/a	n/a	n/a	n/a	n/a	n/a	n/a	n/a	n/a	n/a	n/a	n/a	n/a	n/a	n/a	2433.985324	n/a
2434.036516	0.000000	486807	ttl	11	72	n/a	n/a	n/a	n/a	n/a	n/a	n/a	n/a	n/a	n/a	n/a	n/a	n/a	n/a	n/a	n/a	n/a	n/a	n/a	n/a	n/a	2434.036516	n/a
2434.553097	2.033708	486911	time_discrimination	n/a	n/a	n/a	72.0	n/a	n/a	n/a	2434.0365165	n/a	1.6814053040725412	2.0	1	3.0	NB_11_LongA.png	n/a	7	2438.26821025	n/a	104	2	2	intervals/timediscrimination_table	103	2434.553097	2436.586805
2434.553097	0.000000	486911	ttl	1	72	n/a	n/a	n/a	n/a	n/a	n/a	n/a	n/a	n/a	n/a	n/a	n/a	n/a	n/a	n/a	n/a	n/a	n/a	n/a	n/a	n/a	2434.553097	n/a
2436.586805	0.000000	487317	ttl	2	72	n/a	n/a	n/a	n/a	n/a	n/a	n/a	n/a	n/a	n/a	n/a	n/a	n/a	n/a	n/a	n/a	n/a	n/a	n/a	n/a	n/a	2436.586805	n/a
2438.268210	0.000000	487654	ttl	4	72	n/a	n/a	n/a	n/a	n/a	n/a	n/a	n/a	n/a	n/a	n/a	n/a	n/a	n/a	n/a	n/a	n/a	n/a	n/a	n/a	n/a	2438.268210	n/a
2438.338588	0.000000	487668	ttl	11	72	n/a	n/a	n/a	n/a	n/a	n/a	n/a	n/a	n/a	n/a	n/a	n/a	n/a	n/a	n/a	n/a	n/a	n/a	n/a	n/a	n/a	2438.338588	n/a
2438.838493	2.033440	487768	time_discrimination	n/a	n/a	n/a	72.0	n/a	n/a	n/a	2438.338588	n/a	1.6826805807795608	2.0	1	3.0	NB_6_LongA.png	n/a	2	2442.55461375	n/a	105	1	1	intervals/timediscrimination_table	104	2438.838493	2440.871933
2438.838493	0.000000	487768	ttl	1	72	n/a	n/a	n/a	n/a	n/a	n/a	n/a	n/a	n/a	n/a	n/a	n/a	n/a	n/a	n/a	n/a	n/a	n/a	n/a	n/a	n/a	2438.838493	n/a
2440.871933	0.000000	488174	ttl	2	72	n/a	n/a	n/a	n/a	n/a	n/a	n/a	n/a	n/a	n/a	n/a	n/a	n/a	n/a	n/a	n/a	n/a	n/a	n/a	n/a	n/a	2440.871933	n/a
2442.554614	0.000000	488511	ttl	4	72	n/a	n/a	n/a	n/a	n/a	n/a	n/a	n/a	n/a	n/a	n/a	n/a	n/a	n/a	n/a	n/a	n/a	n/a	n/a	n/a	n/a	2442.554614	n/a
2442.569949	0.000000	488514	ttl	11	72	n/a	n/a	n/a	n/a	n/a	n/a	n/a	n/a	n/a	n/a	n/a	n/a	n/a	n/a	n/a	n/a	n/a	n/a	n/a	n/a	n/a	2442.569949	n/a
2443.119844	2.033709	488624	time_discrimination	n/a	n/a	n/a	72.0	n/a	n/a	n/a	2442.5699489999997	n/a	1.6829784354631556	1.0	1	3.0	NB_7_ShortA.png	n/a	7	2446.836531	n/a	106	2	1	intervals/timediscrimination_table	105	2443.119844	2445.153552
2443.119844	0.000000	488624	ttl	1	72	n/a	n/a	n/a	n/a	n/a	n/a	n/a	n/a	n/a	n/a	n/a	n/a	n/a	n/a	n/a	n/a	n/a	n/a	n/a	n/a	n/a	2443.119844	n/a
2445.153552	0.000000	489031	ttl	2	72	n/a	n/a	n/a	n/a	n/a	n/a	n/a	n/a	n/a	n/a	n/a	n/a	n/a	n/a	n/a	n/a	n/a	n/a	n/a	n/a	n/a	2445.153552	n/a
2446.836531	0.000000	489367	ttl	4	72	n/a	n/a	n/a	n/a	n/a	n/a	n/a	n/a	n/a	n/a	n/a	n/a	n/a	n/a	n/a	n/a	n/a	n/a	n/a	n/a	n/a	2446.836531	n/a
2446.947128	0.000000	489389	ttl	11	72	n/a	n/a	n/a	n/a	n/a	n/a	n/a	n/a	n/a	n/a	n/a	n/a	n/a	n/a	n/a	n/a	n/a	n/a	n/a	n/a	n/a	2446.947128	n/a
2447.447016	2.034475	489489	time_discrimination	n/a	n/a	n/a	72.0	n/a	n/a	n/a	2446.9471275	n/a	1.6828215613495559	1.0	1	2.0	NB_8_ShortA.png	n/a	3	2451.16431325	n/a	107	1	2	intervals/timediscrimination_table	106	2447.447016	2449.481491
2447.447016	0.000000	489489	ttl	1	72	n/a	n/a	n/a	n/a	n/a	n/a	n/a	n/a	n/a	n/a	n/a	n/a	n/a	n/a	n/a	n/a	n/a	n/a	n/a	n/a	n/a	2447.447016	n/a
2449.481491	0.000000	489896	ttl	2	72	n/a	n/a	n/a	n/a	n/a	n/a	n/a	n/a	n/a	n/a	n/a	n/a	n/a	n/a	n/a	n/a	n/a	n/a	n/a	n/a	n/a	2449.481491	n/a
2451.164313	0.000000	490233	ttl	4	72	n/a	n/a	n/a	n/a	n/a	n/a	n/a	n/a	n/a	n/a	n/a	n/a	n/a	n/a	n/a	n/a	n/a	n/a	n/a	n/a	n/a	2451.164313	n/a
2451.295132	0.000000	490259	ttl	11	72	n/a	n/a	n/a	n/a	n/a	n/a	n/a	n/a	n/a	n/a	n/a	n/a	n/a	n/a	n/a	n/a	n/a	n/a	n/a	n/a	n/a	2451.295132	n/a
2451.828357	2.034094	490366	time_discrimination	n/a	n/a	n/a	72.0	n/a	n/a	n/a	2451.29513175	n/a	0.8657859212544281	2.0	2	3.0	SB_2_LongA.png	n/a	2	2454.72823775	n/a	108	1	1	intervals/timediscrimination_table	107	2451.828357	2453.862452
2451.828357	0.000000	490366	ttl	1	72	n/a	n/a	n/a	n/a	n/a	n/a	n/a	n/a	n/a	n/a	n/a	n/a	n/a	n/a	n/a	n/a	n/a	n/a	n/a	n/a	n/a	2451.828357	n/a
2453.862452	0.000000	490772	ttl	2	72	n/a	n/a	n/a	n/a	n/a	n/a	n/a	n/a	n/a	n/a	n/a	n/a	n/a	n/a	n/a	n/a	n/a	n/a	n/a	n/a	n/a	2453.862452	n/a
2454.728238	0.000000	490946	ttl	4	72	n/a	n/a	n/a	n/a	n/a	n/a	n/a	n/a	n/a	n/a	n/a	n/a	n/a	n/a	n/a	n/a	n/a	n/a	n/a	n/a	n/a	2454.728238	n/a
2454.864453	0.000000	490973	ttl	11	72	n/a	n/a	n/a	n/a	n/a	n/a	n/a	n/a	n/a	n/a	n/a	n/a	n/a	n/a	n/a	n/a	n/a	n/a	n/a	n/a	n/a	2454.864453	n/a
2455.464352	2.033444	491093	time_discrimination	n/a	n/a	n/a	72.0	n/a	n/a	n/a	2454.8644529999997	n/a	1.7814037015923532	1.0	3	2.0	HB_55_LongA.png	n/a	6	2459.27919975	n/a	109	2	1	intervals/timediscrimination_table	108	2455.464352	2457.497796
2455.464352	0.000000	491093	ttl	1	72	n/a	n/a	n/a	n/a	n/a	n/a	n/a	n/a	n/a	n/a	n/a	n/a	n/a	n/a	n/a	n/a	n/a	n/a	n/a	n/a	n/a	2455.464352	n/a
2457.497796	0.000000	491500	ttl	2	72	n/a	n/a	n/a	n/a	n/a	n/a	n/a	n/a	n/a	n/a	n/a	n/a	n/a	n/a	n/a	n/a	n/a	n/a	n/a	n/a	n/a	2457.497796	n/a
2459.279200	0.000000	491856	ttl	4	72	n/a	n/a	n/a	n/a	n/a	n/a	n/a	n/a	n/a	n/a	n/a	n/a	n/a	n/a	n/a	n/a	n/a	n/a	n/a	n/a	n/a	2459.279200	n/a
2459.331869	0.000000	491866	ttl	11	72	n/a	n/a	n/a	n/a	n/a	n/a	n/a	n/a	n/a	n/a	n/a	n/a	n/a	n/a	n/a	n/a	n/a	n/a	n/a	n/a	n/a	2459.331869	n/a
2459.981710	2.033661	491996	time_discrimination	n/a	n/a	n/a	72.0	n/a	n/a	n/a	2459.33186875	n/a	1.2296487574640196	2.0	2	3.0	SB_29_ShortA.png	n/a	2	2463.24502	n/a	110	1	1	intervals/timediscrimination_table	109	2459.981710	2462.015371
2459.981710	0.000000	491996	ttl	1	72	n/a	n/a	n/a	n/a	n/a	n/a	n/a	n/a	n/a	n/a	n/a	n/a	n/a	n/a	n/a	n/a	n/a	n/a	n/a	n/a	n/a	2459.981710	n/a
2462.015371	0.000000	492403	ttl	2	72	n/a	n/a	n/a	n/a	n/a	n/a	n/a	n/a	n/a	n/a	n/a	n/a	n/a	n/a	n/a	n/a	n/a	n/a	n/a	n/a	n/a	2462.015371	n/a
2463.245020	0.000000	492649	ttl	4	72	n/a	n/a	n/a	n/a	n/a	n/a	n/a	n/a	n/a	n/a	n/a	n/a	n/a	n/a	n/a	n/a	n/a	n/a	n/a	n/a	n/a	2463.245020	n/a
2463.316944	0.000000	492663	ttl	11	72	n/a	n/a	n/a	n/a	n/a	n/a	n/a	n/a	n/a	n/a	n/a	n/a	n/a	n/a	n/a	n/a	n/a	n/a	n/a	n/a	n/a	2463.316944	n/a
2463.916829	2.034484	492783	time_discrimination	n/a	n/a	n/a	72.0	n/a	n/a	n/a	2463.3169439999997	n/a	0.9984132389799925	1.0	2	3.0	SB_28_LongA.png	n/a	7	2466.94972625	n/a	111	2	1	intervals/timediscrimination_table	110	2463.916829	2465.951313
2463.916829	0.000000	492783	ttl	1	72	n/a	n/a	n/a	n/a	n/a	n/a	n/a	n/a	n/a	n/a	n/a	n/a	n/a	n/a	n/a	n/a	n/a	n/a	n/a	n/a	n/a	2463.916829	n/a
2465.951313	0.000000	493190	ttl	2	72	n/a	n/a	n/a	n/a	n/a	n/a	n/a	n/a	n/a	n/a	n/a	n/a	n/a	n/a	n/a	n/a	n/a	n/a	n/a	n/a	n/a	2465.951313	n/a
2466.949726	0.000000	493390	ttl	4	72	n/a	n/a	n/a	n/a	n/a	n/a	n/a	n/a	n/a	n/a	n/a	n/a	n/a	n/a	n/a	n/a	n/a	n/a	n/a	n/a	n/a	2466.949726	n/a
2466.964181	0.000000	493393	ttl	11	72	n/a	n/a	n/a	n/a	n/a	n/a	n/a	n/a	n/a	n/a	n/a	n/a	n/a	n/a	n/a	n/a	n/a	n/a	n/a	n/a	n/a	2466.964181	n/a
2467.547402	2.033501	493509	time_discrimination	n/a	n/a	n/a	72.0	n/a	n/a	n/a	2466.96418125	n/a	1.6824105309060542	1.0	1	3.0	NB_9_LongA.png	n/a	2	2471.26331325	n/a	112	1	2	intervals/timediscrimination_table	111	2467.547402	2469.580903
2467.547402	0.000000	493509	ttl	1	72	n/a	n/a	n/a	n/a	n/a	n/a	n/a	n/a	n/a	n/a	n/a	n/a	n/a	n/a	n/a	n/a	n/a	n/a	n/a	n/a	n/a	2467.547402	n/a
2469.580903	0.000000	493916	ttl	2	72	n/a	n/a	n/a	n/a	n/a	n/a	n/a	n/a	n/a	n/a	n/a	n/a	n/a	n/a	n/a	n/a	n/a	n/a	n/a	n/a	n/a	2469.580903	n/a
2471.263313	0.000000	494253	ttl	4	72	n/a	n/a	n/a	n/a	n/a	n/a	n/a	n/a	n/a	n/a	n/a	n/a	n/a	n/a	n/a	n/a	n/a	n/a	n/a	n/a	n/a	2471.263313	n/a
2471.387603	0.000000	494278	ttl	11	72	n/a	n/a	n/a	n/a	n/a	n/a	n/a	n/a	n/a	n/a	n/a	n/a	n/a	n/a	n/a	n/a	n/a	n/a	n/a	n/a	n/a	2471.387603	n/a
2471.870832	2.033459	494374	time_discrimination	n/a	n/a	n/a	72.0	n/a	n/a	n/a	2471.38760275	n/a	1.681247431813972	2.0	1	3.0	NB_12_ShortA.png	n/a	7	2475.5855389999997	n/a	113	2	2	intervals/timediscrimination_table	112	2471.870832	2473.904291
2471.870832	0.000000	494374	ttl	1	72	n/a	n/a	n/a	n/a	n/a	n/a	n/a	n/a	n/a	n/a	n/a	n/a	n/a	n/a	n/a	n/a	n/a	n/a	n/a	n/a	n/a	2471.870832	n/a
2473.904291	0.000000	494781	ttl	2	72	n/a	n/a	n/a	n/a	n/a	n/a	n/a	n/a	n/a	n/a	n/a	n/a	n/a	n/a	n/a	n/a	n/a	n/a	n/a	n/a	n/a	2473.904291	n/a
2475.585539	0.000000	495117	ttl	4	72	n/a	n/a	n/a	n/a	n/a	n/a	n/a	n/a	n/a	n/a	n/a	n/a	n/a	n/a	n/a	n/a	n/a	n/a	n/a	n/a	n/a	2475.585539	n/a
2475.650116	0.000000	495130	ttl	11	72	n/a	n/a	n/a	n/a	n/a	n/a	n/a	n/a	n/a	n/a	n/a	n/a	n/a	n/a	n/a	n/a	n/a	n/a	n/a	n/a	n/a	2475.650116	n/a
2476.200018	2.034675	495240	time_discrimination	n/a	n/a	n/a	72.0	n/a	n/a	n/a	2475.6501155	n/a	1.6818635189265478	2.0	1	3.0	NB_1_ShortA.png	n/a	7	2479.91655675	n/a	114	2	2	intervals/timediscrimination_table	113	2476.200018	2478.234693
2476.200018	0.000000	495240	ttl	1	72	n/a	n/a	n/a	n/a	n/a	n/a	n/a	n/a	n/a	n/a	n/a	n/a	n/a	n/a	n/a	n/a	n/a	n/a	n/a	n/a	n/a	2476.200018	n/a
2478.234693	0.000000	495647	ttl	2	72	n/a	n/a	n/a	n/a	n/a	n/a	n/a	n/a	n/a	n/a	n/a	n/a	n/a	n/a	n/a	n/a	n/a	n/a	n/a	n/a	n/a	2478.234693	n/a
2479.916557	0.000000	495983	ttl	4	72	n/a	n/a	n/a	n/a	n/a	n/a	n/a	n/a	n/a	n/a	n/a	n/a	n/a	n/a	n/a	n/a	n/a	n/a	n/a	n/a	n/a	2479.916557	n/a
2479.981350	0.000000	495996	ttl	11	72	n/a	n/a	n/a	n/a	n/a	n/a	n/a	n/a	n/a	n/a	n/a	n/a	n/a	n/a	n/a	n/a	n/a	n/a	n/a	n/a	n/a	2479.981350	n/a
2480.481254	2.033417	496096	time_discrimination	n/a	n/a	n/a	72.0	n/a	n/a	n/a	2479.98134975	n/a	1.2362826653552474	2.0	2	2.0	SB_21_ShortA.png	n/a	3	2483.7509542499997	n/a	115	1	1	intervals/timediscrimination_table	114	2480.481254	2482.514672
2480.481254	0.000000	496096	ttl	1	72	n/a	n/a	n/a	n/a	n/a	n/a	n/a	n/a	n/a	n/a	n/a	n/a	n/a	n/a	n/a	n/a	n/a	n/a	n/a	n/a	n/a	2480.481254	n/a
2482.514672	0.000000	496503	ttl	2	72	n/a	n/a	n/a	n/a	n/a	n/a	n/a	n/a	n/a	n/a	n/a	n/a	n/a	n/a	n/a	n/a	n/a	n/a	n/a	n/a	n/a	2482.514672	n/a
2483.750954	0.000000	496750	ttl	4	72	n/a	n/a	n/a	n/a	n/a	n/a	n/a	n/a	n/a	n/a	n/a	n/a	n/a	n/a	n/a	n/a	n/a	n/a	n/a	n/a	n/a	2483.750954	n/a
2483.766113	0.000000	496753	ttl	11	72	n/a	n/a	n/a	n/a	n/a	n/a	n/a	n/a	n/a	n/a	n/a	n/a	n/a	n/a	n/a	n/a	n/a	n/a	n/a	n/a	n/a	2483.766113	n/a
2484.332663	2.034077	496867	time_discrimination	n/a	n/a	n/a	72.0	n/a	n/a	n/a	2483.7661132499998	n/a	1.782402864395408	1.0	3	3.0	HB_54_ShortA.png	n/a	7	2488.14914375	n/a	116	2	1	intervals/timediscrimination_table	115	2484.332663	2486.366741
2484.332663	0.000000	496867	ttl	1	72	n/a	n/a	n/a	n/a	n/a	n/a	n/a	n/a	n/a	n/a	n/a	n/a	n/a	n/a	n/a	n/a	n/a	n/a	n/a	n/a	n/a	2484.332663	n/a
2486.366741	0.000000	497273	ttl	2	72	n/a	n/a	n/a	n/a	n/a	n/a	n/a	n/a	n/a	n/a	n/a	n/a	n/a	n/a	n/a	n/a	n/a	n/a	n/a	n/a	n/a	2486.366741	n/a
2488.149144	0.000000	497630	ttl	4	72	n/a	n/a	n/a	n/a	n/a	n/a	n/a	n/a	n/a	n/a	n/a	n/a	n/a	n/a	n/a	n/a	n/a	n/a	n/a	n/a	n/a	2488.149144	n/a
2488.203106	0.000000	497641	ttl	11	72	n/a	n/a	n/a	n/a	n/a	n/a	n/a	n/a	n/a	n/a	n/a	n/a	n/a	n/a	n/a	n/a	n/a	n/a	n/a	n/a	n/a	2488.203106	n/a
2488.736326	2.033542	497747	time_discrimination	n/a	n/a	n/a	72.0	n/a	n/a	n/a	2488.20310625	n/a	1.7827811910829041	2.0	3	2.0	HB_4_LongA.png	n/a	3	2492.55264975	n/a	117	1	1	intervals/timediscrimination_table	116	2488.736326	2490.769869
2488.736326	0.000000	497747	ttl	1	72	n/a	n/a	n/a	n/a	n/a	n/a	n/a	n/a	n/a	n/a	n/a	n/a	n/a	n/a	n/a	n/a	n/a	n/a	n/a	n/a	n/a	2488.736326	n/a
2490.769869	0.000000	498154	ttl	2	72	n/a	n/a	n/a	n/a	n/a	n/a	n/a	n/a	n/a	n/a	n/a	n/a	n/a	n/a	n/a	n/a	n/a	n/a	n/a	n/a	n/a	2490.769869	n/a
2492.552650	0.000000	498511	ttl	4	72	n/a	n/a	n/a	n/a	n/a	n/a	n/a	n/a	n/a	n/a	n/a	n/a	n/a	n/a	n/a	n/a	n/a	n/a	n/a	n/a	n/a	2492.552650	n/a
2492.630592	0.000000	498526	ttl	11	72	n/a	n/a	n/a	n/a	n/a	n/a	n/a	n/a	n/a	n/a	n/a	n/a	n/a	n/a	n/a	n/a	n/a	n/a	n/a	n/a	n/a	2492.630592	n/a
2493.163820	2.034422	498633	time_discrimination	n/a	n/a	n/a	72.0	n/a	n/a	n/a	2492.630592	n/a	1.0606824937422061	2.0	2	3.0	SB_43_ShortA.png	n/a	2	2496.25892425	n/a	118	1	1	intervals/timediscrimination_table	117	2493.163820	2495.198242
2493.163820	0.000000	498633	ttl	1	72	n/a	n/a	n/a	n/a	n/a	n/a	n/a	n/a	n/a	n/a	n/a	n/a	n/a	n/a	n/a	n/a	n/a	n/a	n/a	n/a	n/a	2493.163820	n/a
2495.198242	0.000000	499040	ttl	2	72	n/a	n/a	n/a	n/a	n/a	n/a	n/a	n/a	n/a	n/a	n/a	n/a	n/a	n/a	n/a	n/a	n/a	n/a	n/a	n/a	n/a	2495.198242	n/a
2496.258924	0.000000	499252	ttl	4	72	n/a	n/a	n/a	n/a	n/a	n/a	n/a	n/a	n/a	n/a	n/a	n/a	n/a	n/a	n/a	n/a	n/a	n/a	n/a	n/a	n/a	2496.258924	n/a
2496.390788	0.000000	499278	ttl	11	72	n/a	n/a	n/a	n/a	n/a	n/a	n/a	n/a	n/a	n/a	n/a	n/a	n/a	n/a	n/a	n/a	n/a	n/a	n/a	n/a	n/a	2496.390788	n/a
2496.990667	2.033340	499398	time_discrimination	n/a	n/a	n/a	72.0	n/a	n/a	n/a	2496.39078825	n/a	1.782356685900595	1.0	3	3.0	HB_3_ShortA.png	n/a	2	2500.806364	n/a	119	1	2	intervals/timediscrimination_table	118	2496.990667	2499.024007
2496.990667	0.000000	499398	ttl	1	72	n/a	n/a	n/a	n/a	n/a	n/a	n/a	n/a	n/a	n/a	n/a	n/a	n/a	n/a	n/a	n/a	n/a	n/a	n/a	n/a	n/a	2496.990667	n/a
2499.024007	0.000000	499805	ttl	2	72	n/a	n/a	n/a	n/a	n/a	n/a	n/a	n/a	n/a	n/a	n/a	n/a	n/a	n/a	n/a	n/a	n/a	n/a	n/a	n/a	n/a	2499.024007	n/a
2500.806364	0.000000	500161	ttl	4	72	n/a	n/a	n/a	n/a	n/a	n/a	n/a	n/a	n/a	n/a	n/a	n/a	n/a	n/a	n/a	n/a	n/a	n/a	n/a	n/a	n/a	2500.806364	n/a
2500.873567	0.000000	500175	ttl	11	72	n/a	n/a	n/a	n/a	n/a	n/a	n/a	n/a	n/a	n/a	n/a	n/a	n/a	n/a	n/a	n/a	n/a	n/a	n/a	n/a	n/a	2500.873567	n/a
2501.473465	2.033556	500295	time_discrimination	n/a	n/a	n/a	72.0	n/a	n/a	n/a	2500.87356675	n/a	1.7824579184816685	1.0	3	3.0	HB_36_ShortA.png	n/a	7	2505.28947925	n/a	120	2	1	intervals/timediscrimination_table	119	2501.473465	2503.507021
2501.473465	0.000000	500295	ttl	1	72	n/a	n/a	n/a	n/a	n/a	n/a	n/a	n/a	n/a	n/a	n/a	n/a	n/a	n/a	n/a	n/a	n/a	n/a	n/a	n/a	n/a	2501.473465	n/a
2503.507021	0.000000	500701	ttl	2	72	n/a	n/a	n/a	n/a	n/a	n/a	n/a	n/a	n/a	n/a	n/a	n/a	n/a	n/a	n/a	n/a	n/a	n/a	n/a	n/a	n/a	2503.507021	n/a
2505.289479	0.000000	501058	ttl	4	72	n/a	n/a	n/a	n/a	n/a	n/a	n/a	n/a	n/a	n/a	n/a	n/a	n/a	n/a	n/a	n/a	n/a	n/a	n/a	n/a	n/a	2505.289479	n/a
2505.305084	0.000000	501061	ttl	11	72	n/a	n/a	n/a	n/a	n/a	n/a	n/a	n/a	n/a	n/a	n/a	n/a	n/a	n/a	n/a	n/a	n/a	n/a	n/a	n/a	n/a	2505.305084	n/a
2505.854942	2.033466	501171	time_discrimination	n/a	n/a	n/a	72.0	n/a	n/a	n/a	2505.3050842499997	n/a	1.191468023651396	2.0	2	2.0	SB_31_LongA.png	n/a	3	2509.0798755	n/a	121	1	1	intervals/timediscrimination_table	120	2505.854942	2507.888408
2505.854942	0.000000	501171	ttl	1	72	n/a	n/a	n/a	n/a	n/a	n/a	n/a	n/a	n/a	n/a	n/a	n/a	n/a	n/a	n/a	n/a	n/a	n/a	n/a	n/a	n/a	2505.854942	n/a
2507.888408	0.000000	501578	ttl	2	72	n/a	n/a	n/a	n/a	n/a	n/a	n/a	n/a	n/a	n/a	n/a	n/a	n/a	n/a	n/a	n/a	n/a	n/a	n/a	n/a	n/a	2507.888408	n/a
2509.079876	0.000000	501816	ttl	4	72	n/a	n/a	n/a	n/a	n/a	n/a	n/a	n/a	n/a	n/a	n/a	n/a	n/a	n/a	n/a	n/a	n/a	n/a	n/a	n/a	n/a	2509.079876	n/a
2509.163427	0.000000	501833	ttl	11	72	n/a	n/a	n/a	n/a	n/a	n/a	n/a	n/a	n/a	n/a	n/a	n/a	n/a	n/a	n/a	n/a	n/a	n/a	n/a	n/a	n/a	2509.163427	n/a
2509.713292	2.033895	501943	time_discrimination	n/a	n/a	n/a	72.0	n/a	n/a	n/a	2509.163427	n/a	1.6829087982478086	2.0	1	3.0	NB_12_LongA.png	n/a	2	2513.43009575	n/a	122	1	1	intervals/timediscrimination_table	121	2509.713292	2511.747187
2509.713292	0.000000	501943	ttl	1	72	n/a	n/a	n/a	n/a	n/a	n/a	n/a	n/a	n/a	n/a	n/a	n/a	n/a	n/a	n/a	n/a	n/a	n/a	n/a	n/a	n/a	2509.713292	n/a
2511.747187	0.000000	502349	ttl	2	72	n/a	n/a	n/a	n/a	n/a	n/a	n/a	n/a	n/a	n/a	n/a	n/a	n/a	n/a	n/a	n/a	n/a	n/a	n/a	n/a	n/a	2511.747187	n/a
2513.430096	0.000000	502686	ttl	4	72	n/a	n/a	n/a	n/a	n/a	n/a	n/a	n/a	n/a	n/a	n/a	n/a	n/a	n/a	n/a	n/a	n/a	n/a	n/a	n/a	n/a	2513.430096	n/a
2513.530577	0.000000	502706	ttl	11	72	n/a	n/a	n/a	n/a	n/a	n/a	n/a	n/a	n/a	n/a	n/a	n/a	n/a	n/a	n/a	n/a	n/a	n/a	n/a	n/a	n/a	2513.530577	n/a
2514.080471	2.034704	502816	time_discrimination	n/a	n/a	n/a	72.0	n/a	n/a	n/a	2513.530577	n/a	1.683042286997079	1.0	1	2.0	NB_5_LongA.png	n/a	6	2517.798218	n/a	123	2	1	intervals/timediscrimination_table	122	2514.080471	2516.115176
2514.080471	0.000000	502816	ttl	1	72	n/a	n/a	n/a	n/a	n/a	n/a	n/a	n/a	n/a	n/a	n/a	n/a	n/a	n/a	n/a	n/a	n/a	n/a	n/a	n/a	n/a	2514.080471	n/a
2516.115176	0.000000	503223	ttl	2	72	n/a	n/a	n/a	n/a	n/a	n/a	n/a	n/a	n/a	n/a	n/a	n/a	n/a	n/a	n/a	n/a	n/a	n/a	n/a	n/a	n/a	2516.115176	n/a
2517.798218	0.000000	503560	ttl	4	72	n/a	n/a	n/a	n/a	n/a	n/a	n/a	n/a	n/a	n/a	n/a	n/a	n/a	n/a	n/a	n/a	n/a	n/a	n/a	n/a	n/a	2517.798218	n/a
2517.905170	0.000000	503581	ttl	11	72	n/a	n/a	n/a	n/a	n/a	n/a	n/a	n/a	n/a	n/a	n/a	n/a	n/a	n/a	n/a	n/a	n/a	n/a	n/a	n/a	n/a	2517.905170	n/a
2518.471731	2.033645	503694	time_discrimination	n/a	n/a	n/a	72.0	n/a	n/a	n/a	2517.90517	n/a	1.6822976924449904	1.0	1	3.0	NB_24_LongA.png	n/a	2	2522.187674	n/a	124	1	2	intervals/timediscrimination_table	123	2518.471731	2520.505376
2518.471731	0.000000	503694	ttl	1	72	n/a	n/a	n/a	n/a	n/a	n/a	n/a	n/a	n/a	n/a	n/a	n/a	n/a	n/a	n/a	n/a	n/a	n/a	n/a	n/a	n/a	2518.471731	n/a
2520.505376	0.000000	504101	ttl	2	72	n/a	n/a	n/a	n/a	n/a	n/a	n/a	n/a	n/a	n/a	n/a	n/a	n/a	n/a	n/a	n/a	n/a	n/a	n/a	n/a	n/a	2520.505376	n/a
2522.187674	0.000000	504438	ttl	4	72	n/a	n/a	n/a	n/a	n/a	n/a	n/a	n/a	n/a	n/a	n/a	n/a	n/a	n/a	n/a	n/a	n/a	n/a	n/a	n/a	n/a	2522.187674	n/a
2522.312430	0.000000	504462	ttl	11	72	n/a	n/a	n/a	n/a	n/a	n/a	n/a	n/a	n/a	n/a	n/a	n/a	n/a	n/a	n/a	n/a	n/a	n/a	n/a	n/a	n/a	2522.312430	n/a
2522.912308	2.033591	504582	time_discrimination	n/a	n/a	n/a	72.0	n/a	n/a	n/a	2522.31243	n/a	1.6820839097781572	1.0	1	3.0	NB_2_ShortA.png	n/a	2	2526.62798225	n/a	125	1	2	intervals/timediscrimination_table	124	2522.912308	2524.945898
2522.912308	0.000000	504582	ttl	1	72	n/a	n/a	n/a	n/a	n/a	n/a	n/a	n/a	n/a	n/a	n/a	n/a	n/a	n/a	n/a	n/a	n/a	n/a	n/a	n/a	n/a	2522.912308	n/a
2524.945898	0.000000	504989	ttl	2	72	n/a	n/a	n/a	n/a	n/a	n/a	n/a	n/a	n/a	n/a	n/a	n/a	n/a	n/a	n/a	n/a	n/a	n/a	n/a	n/a	n/a	2524.945898	n/a
2526.627982	0.000000	505326	ttl	4	72	n/a	n/a	n/a	n/a	n/a	n/a	n/a	n/a	n/a	n/a	n/a	n/a	n/a	n/a	n/a	n/a	n/a	n/a	n/a	n/a	n/a	2526.627982	n/a
2526.643020	0.000000	505329	ttl	11	72	n/a	n/a	n/a	n/a	n/a	n/a	n/a	n/a	n/a	n/a	n/a	n/a	n/a	n/a	n/a	n/a	n/a	n/a	n/a	n/a	n/a	2526.643020	n/a
2527.276237	2.034335	505455	time_discrimination	n/a	n/a	n/a	72.0	n/a	n/a	n/a	2526.64301975	n/a	0.6510199219774222	1.0	2	3.0	SB_35_ShortA.png	n/a	2	2529.961592	n/a	126	1	2	intervals/timediscrimination_table	125	2527.276237	2529.310572
2527.276237	0.000000	505455	ttl	1	72	n/a	n/a	n/a	n/a	n/a	n/a	n/a	n/a	n/a	n/a	n/a	n/a	n/a	n/a	n/a	n/a	n/a	n/a	n/a	n/a	n/a	2527.276237	n/a
2529.310572	0.000000	505862	ttl	2	72	n/a	n/a	n/a	n/a	n/a	n/a	n/a	n/a	n/a	n/a	n/a	n/a	n/a	n/a	n/a	n/a	n/a	n/a	n/a	n/a	n/a	2529.310572	n/a
2529.961592	0.000000	505992	ttl	4	72	n/a	n/a	n/a	n/a	n/a	n/a	n/a	n/a	n/a	n/a	n/a	n/a	n/a	n/a	n/a	n/a	n/a	n/a	n/a	n/a	n/a	2529.961592	n/a
2529.975815	0.000000	505995	ttl	11	72	n/a	n/a	n/a	n/a	n/a	n/a	n/a	n/a	n/a	n/a	n/a	n/a	n/a	n/a	n/a	n/a	n/a	n/a	n/a	n/a	n/a	2529.975815	n/a
2530.609012	2.034528	506122	time_discrimination	n/a	n/a	n/a	72.0	n/a	n/a	n/a	2529.9758147499997	n/a	1.5674229702271987	1.0	2	3.0	SB_56_ShortA.png	n/a	2	2534.21096275	n/a	127	1	2	intervals/timediscrimination_table	126	2530.609012	2532.643540
2530.609012	0.000000	506122	ttl	1	72	n/a	n/a	n/a	n/a	n/a	n/a	n/a	n/a	n/a	n/a	n/a	n/a	n/a	n/a	n/a	n/a	n/a	n/a	n/a	n/a	n/a	2530.609012	n/a
2532.643540	0.000000	506529	ttl	2	72	n/a	n/a	n/a	n/a	n/a	n/a	n/a	n/a	n/a	n/a	n/a	n/a	n/a	n/a	n/a	n/a	n/a	n/a	n/a	n/a	n/a	2532.643540	n/a
2534.210963	0.000000	506842	ttl	4	72	n/a	n/a	n/a	n/a	n/a	n/a	n/a	n/a	n/a	n/a	n/a	n/a	n/a	n/a	n/a	n/a	n/a	n/a	n/a	n/a	n/a	2534.210963	n/a
2534.225090	0.000000	506845	ttl	11	72	n/a	n/a	n/a	n/a	n/a	n/a	n/a	n/a	n/a	n/a	n/a	n/a	n/a	n/a	n/a	n/a	n/a	n/a	n/a	n/a	n/a	2534.225090	n/a
2534.874959	2.033437	506975	time_discrimination	n/a	n/a	n/a	72.0	n/a	n/a	n/a	2534.22509	n/a	1.6822586684138514	2.0	1	3.0	NB_21_LongA.png	n/a	7	2538.59065475	n/a	128	2	2	intervals/timediscrimination_table	127	2534.874959	2536.908396
2534.874959	0.000000	506975	ttl	1	72	n/a	n/a	n/a	n/a	n/a	n/a	n/a	n/a	n/a	n/a	n/a	n/a	n/a	n/a	n/a	n/a	n/a	n/a	n/a	n/a	n/a	2534.874959	n/a
2536.908396	0.000000	507382	ttl	2	72	n/a	n/a	n/a	n/a	n/a	n/a	n/a	n/a	n/a	n/a	n/a	n/a	n/a	n/a	n/a	n/a	n/a	n/a	n/a	n/a	n/a	2536.908396	n/a
2538.590655	0.000000	507718	ttl	4	72	n/a	n/a	n/a	n/a	n/a	n/a	n/a	n/a	n/a	n/a	n/a	n/a	n/a	n/a	n/a	n/a	n/a	n/a	n/a	n/a	n/a	2538.590655	n/a
2538.748339	0.000000	507750	ttl	11	72	n/a	n/a	n/a	n/a	n/a	n/a	n/a	n/a	n/a	n/a	n/a	n/a	n/a	n/a	n/a	n/a	n/a	n/a	n/a	n/a	n/a	2538.748339	n/a
2539.364875	2.033582	507873	time_discrimination	n/a	n/a	n/a	72.0	n/a	n/a	n/a	2538.7483395	n/a	0.7824499988637399	1.0	2	2.0	SB_22_ShortA.png	n/a	6	2542.180907	n/a	129	2	1	intervals/timediscrimination_table	128	2539.364875	2541.398457
2539.364875	0.000000	507873	ttl	1	72	n/a	n/a	n/a	n/a	n/a	n/a	n/a	n/a	n/a	n/a	n/a	n/a	n/a	n/a	n/a	n/a	n/a	n/a	n/a	n/a	n/a	2539.364875	n/a
2541.398457	0.000000	508280	ttl	2	72	n/a	n/a	n/a	n/a	n/a	n/a	n/a	n/a	n/a	n/a	n/a	n/a	n/a	n/a	n/a	n/a	n/a	n/a	n/a	n/a	n/a	2541.398457	n/a
2542.180907	0.000000	508436	ttl	4	72	n/a	n/a	n/a	n/a	n/a	n/a	n/a	n/a	n/a	n/a	n/a	n/a	n/a	n/a	n/a	n/a	n/a	n/a	n/a	n/a	n/a	2542.180907	n/a
2542.312502	0.000000	508463	ttl	11	72	n/a	n/a	n/a	n/a	n/a	n/a	n/a	n/a	n/a	n/a	n/a	n/a	n/a	n/a	n/a	n/a	n/a	n/a	n/a	n/a	n/a	2542.312502	n/a
2542.845732	2.033812	508569	time_discrimination	n/a	n/a	n/a	72.0	n/a	n/a	n/a	2542.3125017499997	n/a	1.7825185714027612	1.0	3	2.0	HB_51_ShortA.png	n/a	6	2546.6620627499997	n/a	130	2	1	intervals/timediscrimination_table	129	2542.845732	2544.879544
2542.845732	0.000000	508569	ttl	1	72	n/a	n/a	n/a	n/a	n/a	n/a	n/a	n/a	n/a	n/a	n/a	n/a	n/a	n/a	n/a	n/a	n/a	n/a	n/a	n/a	n/a	2542.845732	n/a
2544.879544	0.000000	508976	ttl	2	72	n/a	n/a	n/a	n/a	n/a	n/a	n/a	n/a	n/a	n/a	n/a	n/a	n/a	n/a	n/a	n/a	n/a	n/a	n/a	n/a	n/a	2544.879544	n/a
2546.662063	0.000000	509332	ttl	4	72	n/a	n/a	n/a	n/a	n/a	n/a	n/a	n/a	n/a	n/a	n/a	n/a	n/a	n/a	n/a	n/a	n/a	n/a	n/a	n/a	n/a	2546.662063	n/a
2546.788213	0.000000	509358	ttl	11	72	n/a	n/a	n/a	n/a	n/a	n/a	n/a	n/a	n/a	n/a	n/a	n/a	n/a	n/a	n/a	n/a	n/a	n/a	n/a	n/a	n/a	2546.788213	n/a
2547.371431	2.033633	509474	time_discrimination	n/a	n/a	n/a	72.0	n/a	n/a	n/a	2546.7882135	n/a	1.7809542597387917	2.0	3	2.0	HB_17_ShortA.png	n/a	3	2551.18601825	n/a	131	1	1	intervals/timediscrimination_table	130	2547.371431	2549.405064
2547.371431	0.000000	509474	ttl	1	72	n/a	n/a	n/a	n/a	n/a	n/a	n/a	n/a	n/a	n/a	n/a	n/a	n/a	n/a	n/a	n/a	n/a	n/a	n/a	n/a	n/a	2547.371431	n/a
2549.405064	0.000000	509881	ttl	2	72	n/a	n/a	n/a	n/a	n/a	n/a	n/a	n/a	n/a	n/a	n/a	n/a	n/a	n/a	n/a	n/a	n/a	n/a	n/a	n/a	n/a	2549.405064	n/a
2551.186018	0.000000	510237	ttl	4	72	n/a	n/a	n/a	n/a	n/a	n/a	n/a	n/a	n/a	n/a	n/a	n/a	n/a	n/a	n/a	n/a	n/a	n/a	n/a	n/a	n/a	2551.186018	n/a
2551.242724	0.000000	510249	ttl	11	72	n/a	n/a	n/a	n/a	n/a	n/a	n/a	n/a	n/a	n/a	n/a	n/a	n/a	n/a	n/a	n/a	n/a	n/a	n/a	n/a	n/a	2551.242724	n/a
2551.725966	2.034307	510345	time_discrimination	n/a	n/a	n/a	72.0	n/a	n/a	n/a	2551.24272425	n/a	1.483134411915671	1.0	2	3.0	SB_24_ShortA.png	n/a	2	2555.2434077499997	n/a	132	1	2	intervals/timediscrimination_table	131	2551.725966	2553.760273
2551.725966	0.000000	510345	ttl	1	72	n/a	n/a	n/a	n/a	n/a	n/a	n/a	n/a	n/a	n/a	n/a	n/a	n/a	n/a	n/a	n/a	n/a	n/a	n/a	n/a	n/a	2551.725966	n/a
2553.760273	0.000000	510752	ttl	2	72	n/a	n/a	n/a	n/a	n/a	n/a	n/a	n/a	n/a	n/a	n/a	n/a	n/a	n/a	n/a	n/a	n/a	n/a	n/a	n/a	n/a	2553.760273	n/a
2555.243408	0.000000	511049	ttl	4	72	n/a	n/a	n/a	n/a	n/a	n/a	n/a	n/a	n/a	n/a	n/a	n/a	n/a	n/a	n/a	n/a	n/a	n/a	n/a	n/a	n/a	2555.243408	n/a
2555.342915	0.000000	511069	ttl	11	72	n/a	n/a	n/a	n/a	n/a	n/a	n/a	n/a	n/a	n/a	n/a	n/a	n/a	n/a	n/a	n/a	n/a	n/a	n/a	n/a	n/a	2555.342915	n/a
2555.876148	2.033726	511175	time_discrimination	n/a	n/a	n/a	72.0	n/a	n/a	n/a	2555.34291475	n/a	1.0666689262725413	2.0	2	2.0	SB_5_ShortA.png	n/a	3	2558.976544	n/a	133	1	1	intervals/timediscrimination_table	132	2555.876148	2557.909875
2555.876148	0.000000	511175	ttl	1	72	n/a	n/a	n/a	n/a	n/a	n/a	n/a	n/a	n/a	n/a	n/a	n/a	n/a	n/a	n/a	n/a	n/a	n/a	n/a	n/a	n/a	2555.876148	n/a
2557.909875	0.000000	511582	ttl	2	72	n/a	n/a	n/a	n/a	n/a	n/a	n/a	n/a	n/a	n/a	n/a	n/a	n/a	n/a	n/a	n/a	n/a	n/a	n/a	n/a	n/a	2557.909875	n/a
2558.976544	0.000000	511795	ttl	4	72	n/a	n/a	n/a	n/a	n/a	n/a	n/a	n/a	n/a	n/a	n/a	n/a	n/a	n/a	n/a	n/a	n/a	n/a	n/a	n/a	n/a	2558.976544	n/a
2559.075949	0.000000	511815	ttl	11	72	n/a	n/a	n/a	n/a	n/a	n/a	n/a	n/a	n/a	n/a	n/a	n/a	n/a	n/a	n/a	n/a	n/a	n/a	n/a	n/a	n/a	2559.075949	n/a
2559.542531	2.033460	511909	time_discrimination	n/a	n/a	n/a	72.0	n/a	n/a	n/a	2559.0759494999998	n/a	0.9701638614351396	1.0	2	3.0	SB_3_LongA.png	n/a	7	2562.5461545	n/a	134	2	1	intervals/timediscrimination_table	133	2559.542531	2561.575991
2559.542531	0.000000	511909	ttl	1	72	n/a	n/a	n/a	n/a	n/a	n/a	n/a	n/a	n/a	n/a	n/a	n/a	n/a	n/a	n/a	n/a	n/a	n/a	n/a	n/a	n/a	2559.542531	n/a
2561.575991	0.000000	512315	ttl	2	72	n/a	n/a	n/a	n/a	n/a	n/a	n/a	n/a	n/a	n/a	n/a	n/a	n/a	n/a	n/a	n/a	n/a	n/a	n/a	n/a	n/a	2561.575991	n/a
2562.546154	0.000000	512509	ttl	4	72	n/a	n/a	n/a	n/a	n/a	n/a	n/a	n/a	n/a	n/a	n/a	n/a	n/a	n/a	n/a	n/a	n/a	n/a	n/a	n/a	n/a	2562.546154	n/a
2562.621664	0.000000	512524	ttl	11	72	n/a	n/a	n/a	n/a	n/a	n/a	n/a	n/a	n/a	n/a	n/a	n/a	n/a	n/a	n/a	n/a	n/a	n/a	n/a	n/a	n/a	2562.621664	n/a
2563.221538	2.034473	512644	time_discrimination	n/a	n/a	n/a	72.0	n/a	n/a	n/a	2562.6216637499997	n/a	1.6816551518713823	2.0	1	3.0	NB_18_LongA.png	n/a	7	2566.937666	n/a	135	2	2	intervals/timediscrimination_table	134	2563.221538	2565.256011
2563.221538	0.000000	512644	ttl	1	72	n/a	n/a	n/a	n/a	n/a	n/a	n/a	n/a	n/a	n/a	n/a	n/a	n/a	n/a	n/a	n/a	n/a	n/a	n/a	n/a	n/a	2563.221538	n/a
2565.256011	0.000000	513051	ttl	2	72	n/a	n/a	n/a	n/a	n/a	n/a	n/a	n/a	n/a	n/a	n/a	n/a	n/a	n/a	n/a	n/a	n/a	n/a	n/a	n/a	n/a	2565.256011	n/a
2566.937666	0.000000	513388	ttl	4	72	n/a	n/a	n/a	n/a	n/a	n/a	n/a	n/a	n/a	n/a	n/a	n/a	n/a	n/a	n/a	n/a	n/a	n/a	n/a	n/a	n/a	2566.937666	n/a
2567.047012	0.000000	513409	ttl	11	72	n/a	n/a	n/a	n/a	n/a	n/a	n/a	n/a	n/a	n/a	n/a	n/a	n/a	n/a	n/a	n/a	n/a	n/a	n/a	n/a	n/a	2567.047012	n/a
2567.580260	2.033443	513516	time_discrimination	n/a	n/a	n/a	72.0	n/a	n/a	n/a	2567.0470124999997	n/a	1.6826375126693165	1.0	1	2.0	NB_4_LongA.png	n/a	3	2571.2963409999998	n/a	136	1	2	intervals/timediscrimination_table	135	2567.580260	2569.613703
2567.580260	0.000000	513516	ttl	1	72	n/a	n/a	n/a	n/a	n/a	n/a	n/a	n/a	n/a	n/a	n/a	n/a	n/a	n/a	n/a	n/a	n/a	n/a	n/a	n/a	n/a	2567.580260	n/a
2569.613703	0.000000	513923	ttl	2	72	n/a	n/a	n/a	n/a	n/a	n/a	n/a	n/a	n/a	n/a	n/a	n/a	n/a	n/a	n/a	n/a	n/a	n/a	n/a	n/a	n/a	2569.613703	n/a
2571.296341	0.000000	514259	ttl	4	72	n/a	n/a	n/a	n/a	n/a	n/a	n/a	n/a	n/a	n/a	n/a	n/a	n/a	n/a	n/a	n/a	n/a	n/a	n/a	n/a	n/a	2571.296341	n/a
2571.412685	0.000000	514283	ttl	11	72	n/a	n/a	n/a	n/a	n/a	n/a	n/a	n/a	n/a	n/a	n/a	n/a	n/a	n/a	n/a	n/a	n/a	n/a	n/a	n/a	n/a	2571.412685	n/a
2571.929235	2.034133	514386	time_discrimination	n/a	n/a	n/a	72.0	n/a	n/a	n/a	2571.4126855	n/a	0.5329699431167683	1.0	2	3.0	SB_46_LongA.png	n/a	2	2574.4963374999998	n/a	137	1	2	intervals/timediscrimination_table	136	2571.929235	2573.963368
2571.929235	0.000000	514386	ttl	1	72	n/a	n/a	n/a	n/a	n/a	n/a	n/a	n/a	n/a	n/a	n/a	n/a	n/a	n/a	n/a	n/a	n/a	n/a	n/a	n/a	n/a	2571.929235	n/a
2573.963368	0.000000	514793	ttl	2	72	n/a	n/a	n/a	n/a	n/a	n/a	n/a	n/a	n/a	n/a	n/a	n/a	n/a	n/a	n/a	n/a	n/a	n/a	n/a	n/a	n/a	2573.963368	n/a
2574.496337	0.000000	514899	ttl	4	72	n/a	n/a	n/a	n/a	n/a	n/a	n/a	n/a	n/a	n/a	n/a	n/a	n/a	n/a	n/a	n/a	n/a	n/a	n/a	n/a	n/a	2574.496337	n/a
2574.610913	0.000000	514922	ttl	11	72	n/a	n/a	n/a	n/a	n/a	n/a	n/a	n/a	n/a	n/a	n/a	n/a	n/a	n/a	n/a	n/a	n/a	n/a	n/a	n/a	n/a	2574.610913	n/a
2575.227449	2.033597	515045	time_discrimination	n/a	n/a	n/a	72.0	n/a	n/a	n/a	2574.61091275	n/a	1.7826898942294065	2.0	3	3.0	HB_16_LongA.png	n/a	2	2579.04373675	n/a	138	1	1	intervals/timediscrimination_table	137	2575.227449	2577.261047
2575.227449	0.000000	515045	ttl	1	72	n/a	n/a	n/a	n/a	n/a	n/a	n/a	n/a	n/a	n/a	n/a	n/a	n/a	n/a	n/a	n/a	n/a	n/a	n/a	n/a	n/a	2575.227449	n/a
2577.261047	0.000000	515452	ttl	2	72	n/a	n/a	n/a	n/a	n/a	n/a	n/a	n/a	n/a	n/a	n/a	n/a	n/a	n/a	n/a	n/a	n/a	n/a	n/a	n/a	n/a	2577.261047	n/a
2579.043737	0.000000	515809	ttl	4	72	n/a	n/a	n/a	n/a	n/a	n/a	n/a	n/a	n/a	n/a	n/a	n/a	n/a	n/a	n/a	n/a	n/a	n/a	n/a	n/a	n/a	2579.043737	n/a
2579.111031	0.000000	515822	ttl	11	72	n/a	n/a	n/a	n/a	n/a	n/a	n/a	n/a	n/a	n/a	n/a	n/a	n/a	n/a	n/a	n/a	n/a	n/a	n/a	n/a	n/a	2579.111031	n/a
2579.710891	2.034375	515942	time_discrimination	n/a	n/a	n/a	72.0	n/a	n/a	n/a	2579.11103125	n/a	1.6821734483237378	2.0	1	3.0	NB_13_LongA.png	n/a	7	2583.42744025	n/a	139	2	2	intervals/timediscrimination_table	138	2579.710891	2581.745267
2579.710891	0.000000	515942	ttl	1	72	n/a	n/a	n/a	n/a	n/a	n/a	n/a	n/a	n/a	n/a	n/a	n/a	n/a	n/a	n/a	n/a	n/a	n/a	n/a	n/a	n/a	2579.710891	n/a
2581.745267	0.000000	516349	ttl	2	72	n/a	n/a	n/a	n/a	n/a	n/a	n/a	n/a	n/a	n/a	n/a	n/a	n/a	n/a	n/a	n/a	n/a	n/a	n/a	n/a	n/a	2581.745267	n/a
2583.427440	0.000000	516685	ttl	4	72	n/a	n/a	n/a	n/a	n/a	n/a	n/a	n/a	n/a	n/a	n/a	n/a	n/a	n/a	n/a	n/a	n/a	n/a	n/a	n/a	n/a	2583.427440	n/a
2583.496586	0.000000	516699	ttl	11	72	n/a	n/a	n/a	n/a	n/a	n/a	n/a	n/a	n/a	n/a	n/a	n/a	n/a	n/a	n/a	n/a	n/a	n/a	n/a	n/a	n/a	2583.496586	n/a
2583.996418	2.034117	516799	time_discrimination	n/a	n/a	n/a	72.0	n/a	n/a	n/a	2583.4965865	n/a	1.7811563185387058	2.0	3	3.0	HB_11_ShortA.png	n/a	2	2587.8116917499997	n/a	140	1	1	intervals/timediscrimination_table	139	2583.996418	2586.030535
2583.996418	0.000000	516799	ttl	1	72	n/a	n/a	n/a	n/a	n/a	n/a	n/a	n/a	n/a	n/a	n/a	n/a	n/a	n/a	n/a	n/a	n/a	n/a	n/a	n/a	n/a	2583.996418	n/a
2586.030535	0.000000	517206	ttl	2	72	n/a	n/a	n/a	n/a	n/a	n/a	n/a	n/a	n/a	n/a	n/a	n/a	n/a	n/a	n/a	n/a	n/a	n/a	n/a	n/a	n/a	2586.030535	n/a
2587.811692	0.000000	517562	ttl	4	72	n/a	n/a	n/a	n/a	n/a	n/a	n/a	n/a	n/a	n/a	n/a	n/a	n/a	n/a	n/a	n/a	n/a	n/a	n/a	n/a	n/a	2587.811692	n/a
2587.826536	0.000000	517565	ttl	11	72	n/a	n/a	n/a	n/a	n/a	n/a	n/a	n/a	n/a	n/a	n/a	n/a	n/a	n/a	n/a	n/a	n/a	n/a	n/a	n/a	n/a	2587.826536	n/a
2588.476408	2.034592	517695	time_discrimination	n/a	n/a	n/a	72.0	n/a	n/a	n/a	2587.8265364999997	n/a	1.2043803925917018	2.0	2	3.0	SB_41_shortA.png	n/a	7	2591.715381	n/a	141	2	2	intervals/timediscrimination_table	140	2588.476408	2590.511001
2588.476408	0.000000	517695	ttl	1	72	n/a	n/a	n/a	n/a	n/a	n/a	n/a	n/a	n/a	n/a	n/a	n/a	n/a	n/a	n/a	n/a	n/a	n/a	n/a	n/a	n/a	2588.476408	n/a
2590.511001	0.000000	518102	ttl	2	72	n/a	n/a	n/a	n/a	n/a	n/a	n/a	n/a	n/a	n/a	n/a	n/a	n/a	n/a	n/a	n/a	n/a	n/a	n/a	n/a	n/a	2590.511001	n/a
2591.715381	0.000000	518343	ttl	4	72	n/a	n/a	n/a	n/a	n/a	n/a	n/a	n/a	n/a	n/a	n/a	n/a	n/a	n/a	n/a	n/a	n/a	n/a	n/a	n/a	n/a	2591.715381	n/a
2591.833717	0.000000	518367	ttl	11	72	n/a	n/a	n/a	n/a	n/a	n/a	n/a	n/a	n/a	n/a	n/a	n/a	n/a	n/a	n/a	n/a	n/a	n/a	n/a	n/a	n/a	2591.833717	n/a
2592.316960	2.034505	518463	time_discrimination	n/a	n/a	n/a	72.0	n/a	n/a	n/a	2591.83371675	n/a	1.6823547764361138	1.0	1	2.0	NB_8_LongA.png	n/a	3	2596.0338205	n/a	142	1	2	intervals/timediscrimination_table	141	2592.316960	2594.351466
2592.316960	0.000000	518463	ttl	1	72	n/a	n/a	n/a	n/a	n/a	n/a	n/a	n/a	n/a	n/a	n/a	n/a	n/a	n/a	n/a	n/a	n/a	n/a	n/a	n/a	n/a	2592.316960	n/a
2594.351466	0.000000	518870	ttl	2	72	n/a	n/a	n/a	n/a	n/a	n/a	n/a	n/a	n/a	n/a	n/a	n/a	n/a	n/a	n/a	n/a	n/a	n/a	n/a	n/a	n/a	2594.351466	n/a
2596.033820	0.000000	519207	ttl	4	72	n/a	n/a	n/a	n/a	n/a	n/a	n/a	n/a	n/a	n/a	n/a	n/a	n/a	n/a	n/a	n/a	n/a	n/a	n/a	n/a	n/a	2596.033820	n/a
2596.048065	0.000000	519210	ttl	11	72	n/a	n/a	n/a	n/a	n/a	n/a	n/a	n/a	n/a	n/a	n/a	n/a	n/a	n/a	n/a	n/a	n/a	n/a	n/a	n/a	n/a	2596.048065	n/a
2596.531291	2.033519	519306	time_discrimination	n/a	n/a	n/a	72.0	n/a	n/a	n/a	2596.04806525	n/a	1.782595547105302	1.0	3	3.0	HB_49_LongA.png	n/a	2	2600.3474054999997	n/a	143	1	2	intervals/timediscrimination_table	142	2596.531291	2598.564810
2596.531291	0.000000	519306	ttl	1	72	n/a	n/a	n/a	n/a	n/a	n/a	n/a	n/a	n/a	n/a	n/a	n/a	n/a	n/a	n/a	n/a	n/a	n/a	n/a	n/a	n/a	2596.531291	n/a
2598.564810	0.000000	519713	ttl	2	72	n/a	n/a	n/a	n/a	n/a	n/a	n/a	n/a	n/a	n/a	n/a	n/a	n/a	n/a	n/a	n/a	n/a	n/a	n/a	n/a	n/a	2598.564810	n/a
2600.347405	0.000000	520069	ttl	4	72	n/a	n/a	n/a	n/a	n/a	n/a	n/a	n/a	n/a	n/a	n/a	n/a	n/a	n/a	n/a	n/a	n/a	n/a	n/a	n/a	n/a	2600.347405	n/a
2600.420834	0.000000	520084	ttl	11	72	n/a	n/a	n/a	n/a	n/a	n/a	n/a	n/a	n/a	n/a	n/a	n/a	n/a	n/a	n/a	n/a	n/a	n/a	n/a	n/a	n/a	2600.420834	n/a
2600.970729	2.034469	520194	time_discrimination	n/a	n/a	n/a	72.0	n/a	n/a	n/a	2600.420834	n/a	1.780940889613703	2.0	3	3.0	HB_15_LongA.png	n/a	2	2604.7861395	n/a	144	1	1	intervals/timediscrimination_table	143	2600.970729	2603.005199
2600.970729	0.000000	520194	ttl	1	72	n/a	n/a	n/a	n/a	n/a	n/a	n/a	n/a	n/a	n/a	n/a	n/a	n/a	n/a	n/a	n/a	n/a	n/a	n/a	n/a	n/a	2600.970729	n/a
2603.005199	0.000000	520601	ttl	2	72	n/a	n/a	n/a	n/a	n/a	n/a	n/a	n/a	n/a	n/a	n/a	n/a	n/a	n/a	n/a	n/a	n/a	n/a	n/a	n/a	n/a	2603.005199	n/a
2604.786139	0.000000	520957	ttl	4	72	n/a	n/a	n/a	n/a	n/a	n/a	n/a	n/a	n/a	n/a	n/a	n/a	n/a	n/a	n/a	n/a	n/a	n/a	n/a	n/a	n/a	2604.786139	n/a
2604.858802	0.000000	520972	ttl	11	72	n/a	n/a	n/a	n/a	n/a	n/a	n/a	n/a	n/a	n/a	n/a	n/a	n/a	n/a	n/a	n/a	n/a	n/a	n/a	n/a	n/a	2604.858802	n/a
2605.408690	2.034389	521082	time_discrimination	n/a	n/a	n/a	72.0	n/a	n/a	n/a	2604.8588019999997	n/a	1.6818978469673311	1.0	1	3.0	NB_20_ShortA.png	n/a	7	2609.1249765	n/a	145	2	1	intervals/timediscrimination_table	144	2605.408690	2607.443078
2605.408690	0.000000	521082	ttl	1	72	n/a	n/a	n/a	n/a	n/a	n/a	n/a	n/a	n/a	n/a	n/a	n/a	n/a	n/a	n/a	n/a	n/a	n/a	n/a	n/a	n/a	2605.408690	n/a
2607.443078	0.000000	521489	ttl	2	72	n/a	n/a	n/a	n/a	n/a	n/a	n/a	n/a	n/a	n/a	n/a	n/a	n/a	n/a	n/a	n/a	n/a	n/a	n/a	n/a	n/a	2607.443078	n/a
2609.124976	0.000000	521825	ttl	4	72	n/a	n/a	n/a	n/a	n/a	n/a	n/a	n/a	n/a	n/a	n/a	n/a	n/a	n/a	n/a	n/a	n/a	n/a	n/a	n/a	n/a	2609.124976	n/a
2609.245903	0.000000	521849	ttl	11	72	n/a	n/a	n/a	n/a	n/a	n/a	n/a	n/a	n/a	n/a	n/a	n/a	n/a	n/a	n/a	n/a	n/a	n/a	n/a	n/a	n/a	2609.245903	n/a
2609.779140	2.033451	521956	time_discrimination	n/a	n/a	n/a	72.0	n/a	n/a	n/a	2609.24590325	n/a	1.6822431239124853	1.0	1	3.0	NB_13_ShortA.png	n/a	2	2613.4948342499997	n/a	146	1	2	intervals/timediscrimination_table	145	2609.779140	2611.812591
2609.779140	0.000000	521956	ttl	1	72	n/a	n/a	n/a	n/a	n/a	n/a	n/a	n/a	n/a	n/a	n/a	n/a	n/a	n/a	n/a	n/a	n/a	n/a	n/a	n/a	n/a	2609.779140	n/a
2611.812591	0.000000	522363	ttl	2	72	n/a	n/a	n/a	n/a	n/a	n/a	n/a	n/a	n/a	n/a	n/a	n/a	n/a	n/a	n/a	n/a	n/a	n/a	n/a	n/a	n/a	2611.812591	n/a
2613.494834	0.000000	522699	ttl	4	72	n/a	n/a	n/a	n/a	n/a	n/a	n/a	n/a	n/a	n/a	n/a	n/a	n/a	n/a	n/a	n/a	n/a	n/a	n/a	n/a	n/a	2613.494834	n/a
2613.586917	0.000000	522717	ttl	11	72	n/a	n/a	n/a	n/a	n/a	n/a	n/a	n/a	n/a	n/a	n/a	n/a	n/a	n/a	n/a	n/a	n/a	n/a	n/a	n/a	n/a	2613.586917	n/a
2614.220126	2.034171	522844	time_discrimination	n/a	n/a	n/a	72.0	n/a	n/a	n/a	2613.586917	n/a	1.7830644909554394	2.0	3	3.0	HB_47_ShortA.png	n/a	2	2618.0373615	n/a	147	1	1	intervals/timediscrimination_table	146	2614.220126	2616.254297
2614.220126	0.000000	522844	ttl	1	72	n/a	n/a	n/a	n/a	n/a	n/a	n/a	n/a	n/a	n/a	n/a	n/a	n/a	n/a	n/a	n/a	n/a	n/a	n/a	n/a	n/a	2614.220126	n/a
2616.254297	0.000000	523251	ttl	2	72	n/a	n/a	n/a	n/a	n/a	n/a	n/a	n/a	n/a	n/a	n/a	n/a	n/a	n/a	n/a	n/a	n/a	n/a	n/a	n/a	n/a	2616.254297	n/a
2618.037361	0.000000	523607	ttl	4	72	n/a	n/a	n/a	n/a	n/a	n/a	n/a	n/a	n/a	n/a	n/a	n/a	n/a	n/a	n/a	n/a	n/a	n/a	n/a	n/a	n/a	2618.037361	n/a
2618.100818	0.000000	523620	ttl	11	72	n/a	n/a	n/a	n/a	n/a	n/a	n/a	n/a	n/a	n/a	n/a	n/a	n/a	n/a	n/a	n/a	n/a	n/a	n/a	n/a	n/a	2618.100818	n/a
2618.717359	2.034666	523743	time_discrimination	n/a	n/a	n/a	72.0	n/a	n/a	n/a	2618.100818	n/a	1.782406646234449	2.0	3	3.0	HB_58_ShortA.png	n/a	2	2622.53443175	n/a	148	1	1	intervals/timediscrimination_table	147	2618.717359	2620.752025
2618.717359	0.000000	523743	ttl	1	72	n/a	n/a	n/a	n/a	n/a	n/a	n/a	n/a	n/a	n/a	n/a	n/a	n/a	n/a	n/a	n/a	n/a	n/a	n/a	n/a	n/a	2618.717359	n/a
2620.752025	0.000000	524150	ttl	2	72	n/a	n/a	n/a	n/a	n/a	n/a	n/a	n/a	n/a	n/a	n/a	n/a	n/a	n/a	n/a	n/a	n/a	n/a	n/a	n/a	n/a	2620.752025	n/a
2622.534432	0.000000	524507	ttl	4	72	n/a	n/a	n/a	n/a	n/a	n/a	n/a	n/a	n/a	n/a	n/a	n/a	n/a	n/a	n/a	n/a	n/a	n/a	n/a	n/a	n/a	2622.534432	n/a
2622.722372	0.000000	524544	ttl	11	72	n/a	n/a	n/a	n/a	n/a	n/a	n/a	n/a	n/a	n/a	n/a	n/a	n/a	n/a	n/a	n/a	n/a	n/a	n/a	n/a	n/a	2622.722372	n/a
2623.272265	2.034199	524654	time_discrimination	n/a	n/a	n/a	72.0	n/a	n/a	n/a	2622.7223719999997	n/a	1.6815511750319274	1.0	1	3.0	NB_3_ShortA.png	n/a	2	2626.9880155	n/a	149	1	2	intervals/timediscrimination_table	148	2623.272265	2625.306464
2623.272265	0.000000	524654	ttl	1	72	n/a	n/a	n/a	n/a	n/a	n/a	n/a	n/a	n/a	n/a	n/a	n/a	n/a	n/a	n/a	n/a	n/a	n/a	n/a	n/a	n/a	2623.272265	n/a
2625.306464	0.000000	525061	ttl	2	72	n/a	n/a	n/a	n/a	n/a	n/a	n/a	n/a	n/a	n/a	n/a	n/a	n/a	n/a	n/a	n/a	n/a	n/a	n/a	n/a	n/a	2625.306464	n/a
2626.988016	0.000000	525398	ttl	4	72	n/a	n/a	n/a	n/a	n/a	n/a	n/a	n/a	n/a	n/a	n/a	n/a	n/a	n/a	n/a	n/a	n/a	n/a	n/a	n/a	n/a	2626.988016	n/a
2627.002461	0.000000	525400	ttl	11	72	n/a	n/a	n/a	n/a	n/a	n/a	n/a	n/a	n/a	n/a	n/a	n/a	n/a	n/a	n/a	n/a	n/a	n/a	n/a	n/a	n/a	2627.002461	n/a
2627.552359	2.033602	525510	time_discrimination	n/a	n/a	n/a	72.0	n/a	n/a	n/a	2627.00246075	n/a	1.7326748350897105	1.0	2	2.0	SB_38_ShortA.png	n/a	3	2631.31863575	n/a	150	1	2	intervals/timediscrimination_table	149	2627.552359	2629.585961
2627.552359	0.000000	525510	ttl	1	72	n/a	n/a	n/a	n/a	n/a	n/a	n/a	n/a	n/a	n/a	n/a	n/a	n/a	n/a	n/a	n/a	n/a	n/a	n/a	n/a	n/a	2627.552359	n/a
2629.585961	0.000000	525917	ttl	2	72	n/a	n/a	n/a	n/a	n/a	n/a	n/a	n/a	n/a	n/a	n/a	n/a	n/a	n/a	n/a	n/a	n/a	n/a	n/a	n/a	n/a	2629.585961	n/a
2631.318636	0.000000	526264	ttl	4	72	n/a	n/a	n/a	n/a	n/a	n/a	n/a	n/a	n/a	n/a	n/a	n/a	n/a	n/a	n/a	n/a	n/a	n/a	n/a	n/a	n/a	2631.318636	n/a
2631.383960	0.000000	526277	ttl	11	72	n/a	n/a	n/a	n/a	n/a	n/a	n/a	n/a	n/a	n/a	n/a	n/a	n/a	n/a	n/a	n/a	n/a	n/a	n/a	n/a	n/a	2631.383960	n/a
2631.933833	2.033590	526387	time_discrimination	n/a	n/a	n/a	72.0	n/a	n/a	n/a	2631.3839599999997	n/a	1.7827669577527558	1.0	3	2.0	HB_32_ShortA.png	n/a	6	2635.7501895	n/a	151	2	1	intervals/timediscrimination_table	150	2631.933833	2633.967422
2631.933833	0.000000	526387	ttl	1	72	n/a	n/a	n/a	n/a	n/a	n/a	n/a	n/a	n/a	n/a	n/a	n/a	n/a	n/a	n/a	n/a	n/a	n/a	n/a	n/a	n/a	2631.933833	n/a
2633.967422	0.000000	526793	ttl	2	72	n/a	n/a	n/a	n/a	n/a	n/a	n/a	n/a	n/a	n/a	n/a	n/a	n/a	n/a	n/a	n/a	n/a	n/a	n/a	n/a	n/a	2633.967422	n/a
2635.750190	0.000000	527150	ttl	4	72	n/a	n/a	n/a	n/a	n/a	n/a	n/a	n/a	n/a	n/a	n/a	n/a	n/a	n/a	n/a	n/a	n/a	n/a	n/a	n/a	n/a	2635.750190	n/a
2635.823145	0.000000	527165	ttl	11	72	n/a	n/a	n/a	n/a	n/a	n/a	n/a	n/a	n/a	n/a	n/a	n/a	n/a	n/a	n/a	n/a	n/a	n/a	n/a	n/a	n/a	2635.823145	n/a
2636.323045	2.033797	527265	time_discrimination	n/a	n/a	n/a	72.0	n/a	n/a	n/a	2635.8231447499998	n/a	2.063154844712699	2.0	2	2.0	SB_44_ShortA.png	n/a	3	2640.419997	n/a	152	1	1	intervals/timediscrimination_table	151	2636.323045	2638.356842
2636.323045	0.000000	527265	ttl	1	72	n/a	n/a	n/a	n/a	n/a	n/a	n/a	n/a	n/a	n/a	n/a	n/a	n/a	n/a	n/a	n/a	n/a	n/a	n/a	n/a	n/a	2636.323045	n/a
2638.356842	0.000000	527671	ttl	2	72	n/a	n/a	n/a	n/a	n/a	n/a	n/a	n/a	n/a	n/a	n/a	n/a	n/a	n/a	n/a	n/a	n/a	n/a	n/a	n/a	n/a	2638.356842	n/a
2640.419997	0.000000	528084	ttl	4	72	n/a	n/a	n/a	n/a	n/a	n/a	n/a	n/a	n/a	n/a	n/a	n/a	n/a	n/a	n/a	n/a	n/a	n/a	n/a	n/a	n/a	2640.419997	n/a
2640.434802	0.000000	528087	ttl	11	72	n/a	n/a	n/a	n/a	n/a	n/a	n/a	n/a	n/a	n/a	n/a	n/a	n/a	n/a	n/a	n/a	n/a	n/a	n/a	n/a	n/a	2640.434802	n/a
2641.068011	2.034518	528214	time_discrimination	n/a	n/a	n/a	72.0	n/a	n/a	n/a	2640.4348017499997	n/a	1.5699118029151578	1.0	2	3.0	SB_33_LongA.png	n/a	7	2644.67244025	n/a	153	2	1	intervals/timediscrimination_table	152	2641.068011	2643.102529
2641.068011	0.000000	528214	ttl	1	72	n/a	n/a	n/a	n/a	n/a	n/a	n/a	n/a	n/a	n/a	n/a	n/a	n/a	n/a	n/a	n/a	n/a	n/a	n/a	n/a	n/a	2641.068011	n/a
2643.102529	0.000000	528621	ttl	2	72	n/a	n/a	n/a	n/a	n/a	n/a	n/a	n/a	n/a	n/a	n/a	n/a	n/a	n/a	n/a	n/a	n/a	n/a	n/a	n/a	n/a	2643.102529	n/a
2644.672440	0.000000	528934	ttl	4	72	n/a	n/a	n/a	n/a	n/a	n/a	n/a	n/a	n/a	n/a	n/a	n/a	n/a	n/a	n/a	n/a	n/a	n/a	n/a	n/a	n/a	2644.672440	n/a
2644.740168	0.000000	528948	ttl	11	72	n/a	n/a	n/a	n/a	n/a	n/a	n/a	n/a	n/a	n/a	n/a	n/a	n/a	n/a	n/a	n/a	n/a	n/a	n/a	n/a	n/a	2644.740168	n/a
2645.373379	2.033866	529075	time_discrimination	n/a	n/a	n/a	72.0	n/a	n/a	n/a	2644.7401675	n/a	1.6831959974078927	1.0	1	3.0	NB_29_ShortA.png	n/a	7	2649.090441	n/a	154	2	1	intervals/timediscrimination_table	153	2645.373379	2647.407245
2645.373379	0.000000	529075	ttl	1	72	n/a	n/a	n/a	n/a	n/a	n/a	n/a	n/a	n/a	n/a	n/a	n/a	n/a	n/a	n/a	n/a	n/a	n/a	n/a	n/a	n/a	2645.373379	n/a
2647.407245	0.000000	529481	ttl	2	72	n/a	n/a	n/a	n/a	n/a	n/a	n/a	n/a	n/a	n/a	n/a	n/a	n/a	n/a	n/a	n/a	n/a	n/a	n/a	n/a	n/a	2647.407245	n/a
2649.090441	0.000000	529818	ttl	4	72	n/a	n/a	n/a	n/a	n/a	n/a	n/a	n/a	n/a	n/a	n/a	n/a	n/a	n/a	n/a	n/a	n/a	n/a	n/a	n/a	n/a	2649.090441	n/a
2649.175722	0.000000	529835	ttl	11	72	n/a	n/a	n/a	n/a	n/a	n/a	n/a	n/a	n/a	n/a	n/a	n/a	n/a	n/a	n/a	n/a	n/a	n/a	n/a	n/a	n/a	2649.175722	n/a
2649.742294	2.034572	529948	time_discrimination	n/a	n/a	n/a	72.0	n/a	n/a	n/a	2649.1757224999997	n/a	1.6818021667422727	2.0	1	3.0	NB_18_ShortA.png	n/a	2	2653.4586679999998	n/a	155	1	1	intervals/timediscrimination_table	154	2649.742294	2651.776866
2649.742294	0.000000	529948	ttl	1	72	n/a	n/a	n/a	n/a	n/a	n/a	n/a	n/a	n/a	n/a	n/a	n/a	n/a	n/a	n/a	n/a	n/a	n/a	n/a	n/a	n/a	2649.742294	n/a
2651.776866	0.000000	530355	ttl	2	72	n/a	n/a	n/a	n/a	n/a	n/a	n/a	n/a	n/a	n/a	n/a	n/a	n/a	n/a	n/a	n/a	n/a	n/a	n/a	n/a	n/a	2651.776866	n/a
2653.458668	0.000000	530692	ttl	4	72	n/a	n/a	n/a	n/a	n/a	n/a	n/a	n/a	n/a	n/a	n/a	n/a	n/a	n/a	n/a	n/a	n/a	n/a	n/a	n/a	n/a	2653.458668	n/a
2653.538395	0.000000	530708	ttl	11	72	n/a	n/a	n/a	n/a	n/a	n/a	n/a	n/a	n/a	n/a	n/a	n/a	n/a	n/a	n/a	n/a	n/a	n/a	n/a	n/a	n/a	2653.538395	n/a
2654.071623	2.033680	530814	time_discrimination	n/a	n/a	n/a	72.0	n/a	n/a	n/a	2653.5383952499997	n/a	0.7856743623415241	2.0	2	3.0	SB_32_LongA.png	n/a	7	2656.89097675	n/a	156	2	2	intervals/timediscrimination_table	155	2654.071623	2656.105302
2654.071623	0.000000	530814	ttl	1	72	n/a	n/a	n/a	n/a	n/a	n/a	n/a	n/a	n/a	n/a	n/a	n/a	n/a	n/a	n/a	n/a	n/a	n/a	n/a	n/a	n/a	2654.071623	n/a
2656.105302	0.000000	531221	ttl	2	72	n/a	n/a	n/a	n/a	n/a	n/a	n/a	n/a	n/a	n/a	n/a	n/a	n/a	n/a	n/a	n/a	n/a	n/a	n/a	n/a	n/a	2656.105302	n/a
2656.890977	0.000000	531378	ttl	4	72	n/a	n/a	n/a	n/a	n/a	n/a	n/a	n/a	n/a	n/a	n/a	n/a	n/a	n/a	n/a	n/a	n/a	n/a	n/a	n/a	n/a	2656.890977	n/a
2656.934394	0.000000	531387	ttl	11	72	n/a	n/a	n/a	n/a	n/a	n/a	n/a	n/a	n/a	n/a	n/a	n/a	n/a	n/a	n/a	n/a	n/a	n/a	n/a	n/a	n/a	2656.934394	n/a
2657.467619	2.034116	531494	time_discrimination	n/a	n/a	n/a	72.0	n/a	n/a	n/a	2656.93439425	n/a	1.242271287017502	1.0	2	3.0	SB_26_LongA.png	n/a	2	2660.74400625	n/a	157	1	2	intervals/timediscrimination_table	156	2657.467619	2659.501735
2657.467619	0.000000	531494	ttl	1	72	n/a	n/a	n/a	n/a	n/a	n/a	n/a	n/a	n/a	n/a	n/a	n/a	n/a	n/a	n/a	n/a	n/a	n/a	n/a	n/a	n/a	2657.467619	n/a
2659.501735	0.000000	531900	ttl	2	72	n/a	n/a	n/a	n/a	n/a	n/a	n/a	n/a	n/a	n/a	n/a	n/a	n/a	n/a	n/a	n/a	n/a	n/a	n/a	n/a	n/a	2659.501735	n/a
2660.744006	0.000000	532149	ttl	4	72	n/a	n/a	n/a	n/a	n/a	n/a	n/a	n/a	n/a	n/a	n/a	n/a	n/a	n/a	n/a	n/a	n/a	n/a	n/a	n/a	n/a	2660.744006	n/a
2660.801243	0.000000	532160	ttl	11	72	n/a	n/a	n/a	n/a	n/a	n/a	n/a	n/a	n/a	n/a	n/a	n/a	n/a	n/a	n/a	n/a	n/a	n/a	n/a	n/a	n/a	2660.801243	n/a
2661.401113	2.034585	532280	time_discrimination	n/a	n/a	n/a	72.0	n/a	n/a	n/a	2660.801243	n/a	1.8134132819832303	1.0	2	2.0	SB_23_LongA.png	n/a	6	2665.2491112499997	n/a	158	2	1	intervals/timediscrimination_table	157	2661.401113	2663.435698
2661.401113	0.000000	532280	ttl	1	72	n/a	n/a	n/a	n/a	n/a	n/a	n/a	n/a	n/a	n/a	n/a	n/a	n/a	n/a	n/a	n/a	n/a	n/a	n/a	n/a	n/a	2661.401113	n/a
2663.435698	0.000000	532687	ttl	2	72	n/a	n/a	n/a	n/a	n/a	n/a	n/a	n/a	n/a	n/a	n/a	n/a	n/a	n/a	n/a	n/a	n/a	n/a	n/a	n/a	n/a	2663.435698	n/a
2665.249111	0.000000	533050	ttl	4	72	n/a	n/a	n/a	n/a	n/a	n/a	n/a	n/a	n/a	n/a	n/a	n/a	n/a	n/a	n/a	n/a	n/a	n/a	n/a	n/a	n/a	2665.249111	n/a
2665.280069	0.000000	533056	ttl	11	72	n/a	n/a	n/a	n/a	n/a	n/a	n/a	n/a	n/a	n/a	n/a	n/a	n/a	n/a	n/a	n/a	n/a	n/a	n/a	n/a	n/a	2665.280069	n/a
2665.863283	2.050996	533173	time_discrimination	n/a	n/a	n/a	72.0	n/a	n/a	n/a	2665.28006925	n/a	1.5544879898952786	1.0	2	2.0	SB_55_LongA.png	n/a	3	2669.46876725	n/a	159	1	2	intervals/timediscrimination_table	158	2665.863283	2667.914279
2665.863283	0.000000	533173	ttl	1	72	n/a	n/a	n/a	n/a	n/a	n/a	n/a	n/a	n/a	n/a	n/a	n/a	n/a	n/a	n/a	n/a	n/a	n/a	n/a	n/a	n/a	2665.863283	n/a
2667.914279	0.000000	533583	ttl	2	72	n/a	n/a	n/a	n/a	n/a	n/a	n/a	n/a	n/a	n/a	n/a	n/a	n/a	n/a	n/a	n/a	n/a	n/a	n/a	n/a	n/a	2667.914279	n/a
2669.468767	0.000000	533894	ttl	4	72	n/a	n/a	n/a	n/a	n/a	n/a	n/a	n/a	n/a	n/a	n/a	n/a	n/a	n/a	n/a	n/a	n/a	n/a	n/a	n/a	n/a	2669.468767	n/a
2669.561122	0.000000	533912	ttl	11	72	n/a	n/a	n/a	n/a	n/a	n/a	n/a	n/a	n/a	n/a	n/a	n/a	n/a	n/a	n/a	n/a	n/a	n/a	n/a	n/a	n/a	2669.561122	n/a
2670.111000	2.034267	534022	time_discrimination	n/a	n/a	n/a	72.0	n/a	n/a	n/a	2669.5611225	n/a	1.0665673502953723	1.0	2	2.0	SB_25_LongA.png	n/a	6	2673.2118345	n/a	160	2	1	intervals/timediscrimination_table	159	2670.111000	2672.145267
2670.111000	0.000000	534022	ttl	1	72	n/a	n/a	n/a	n/a	n/a	n/a	n/a	n/a	n/a	n/a	n/a	n/a	n/a	n/a	n/a	n/a	n/a	n/a	n/a	n/a	n/a	2670.111000	n/a
2672.145267	0.000000	534429	ttl	2	72	n/a	n/a	n/a	n/a	n/a	n/a	n/a	n/a	n/a	n/a	n/a	n/a	n/a	n/a	n/a	n/a	n/a	n/a	n/a	n/a	n/a	2672.145267	n/a
2673.211834	0.000000	534642	ttl	4	72	n/a	n/a	n/a	n/a	n/a	n/a	n/a	n/a	n/a	n/a	n/a	n/a	n/a	n/a	n/a	n/a	n/a	n/a	n/a	n/a	n/a	2673.211834	n/a
2673.226207	0.000000	534645	ttl	11	72	n/a	n/a	n/a	n/a	n/a	n/a	n/a	n/a	n/a	n/a	n/a	n/a	n/a	n/a	n/a	n/a	n/a	n/a	n/a	n/a	n/a	2673.226207	n/a
2673.776030	2.034060	534755	time_discrimination	n/a	n/a	n/a	72.0	n/a	n/a	n/a	2673.22620725	n/a	1.4352650560176698	1.0	2	3.0	SB_19_LongA.png	n/a	2	2677.245355	n/a	161	1	2	intervals/timediscrimination_table	160	2673.776030	2675.810090
2673.776030	0.000000	534755	ttl	1	72	n/a	n/a	n/a	n/a	n/a	n/a	n/a	n/a	n/a	n/a	n/a	n/a	n/a	n/a	n/a	n/a	n/a	n/a	n/a	n/a	n/a	2673.776030	n/a
2675.810090	0.000000	535162	ttl	2	72	n/a	n/a	n/a	n/a	n/a	n/a	n/a	n/a	n/a	n/a	n/a	n/a	n/a	n/a	n/a	n/a	n/a	n/a	n/a	n/a	n/a	2675.810090	n/a
2677.245355	0.000000	535449	ttl	4	72	n/a	n/a	n/a	n/a	n/a	n/a	n/a	n/a	n/a	n/a	n/a	n/a	n/a	n/a	n/a	n/a	n/a	n/a	n/a	n/a	n/a	2677.245355	n/a
2677.376185	0.000000	535475	ttl	11	72	n/a	n/a	n/a	n/a	n/a	n/a	n/a	n/a	n/a	n/a	n/a	n/a	n/a	n/a	n/a	n/a	n/a	n/a	n/a	n/a	n/a	2677.376185	n/a
2677.976058	2.034475	535595	time_discrimination	n/a	n/a	n/a	72.0	n/a	n/a	n/a	2677.376185	n/a	1.6825295758899301	2.0	1	3.0	NB_1_LongA.png	n/a	7	2681.6930617499997	n/a	162	2	2	intervals/timediscrimination_table	161	2677.976058	2680.010532
2677.976058	0.000000	535595	ttl	1	72	n/a	n/a	n/a	n/a	n/a	n/a	n/a	n/a	n/a	n/a	n/a	n/a	n/a	n/a	n/a	n/a	n/a	n/a	n/a	n/a	n/a	2677.976058	n/a
2680.010532	0.000000	536002	ttl	2	72	n/a	n/a	n/a	n/a	n/a	n/a	n/a	n/a	n/a	n/a	n/a	n/a	n/a	n/a	n/a	n/a	n/a	n/a	n/a	n/a	n/a	2680.010532	n/a
2681.693062	0.000000	536339	ttl	4	72	n/a	n/a	n/a	n/a	n/a	n/a	n/a	n/a	n/a	n/a	n/a	n/a	n/a	n/a	n/a	n/a	n/a	n/a	n/a	n/a	n/a	2681.693062	n/a
2681.708309	0.000000	536342	ttl	11	72	n/a	n/a	n/a	n/a	n/a	n/a	n/a	n/a	n/a	n/a	n/a	n/a	n/a	n/a	n/a	n/a	n/a	n/a	n/a	n/a	n/a	2681.708309	n/a
2682.224870	2.033931	536445	time_discrimination	n/a	n/a	n/a	72.0	n/a	n/a	n/a	2681.7083095	n/a	1.7264713771437528	2.0	2	3.0	SB_45_ShortA.png	n/a	2	2685.9852725	n/a	163	1	1	intervals/timediscrimination_table	162	2682.224870	2684.258801
2682.224870	0.000000	536445	ttl	1	72	n/a	n/a	n/a	n/a	n/a	n/a	n/a	n/a	n/a	n/a	n/a	n/a	n/a	n/a	n/a	n/a	n/a	n/a	n/a	n/a	n/a	2682.224870	n/a
2684.258801	0.000000	536852	ttl	2	72	n/a	n/a	n/a	n/a	n/a	n/a	n/a	n/a	n/a	n/a	n/a	n/a	n/a	n/a	n/a	n/a	n/a	n/a	n/a	n/a	n/a	2684.258801	n/a
2685.985273	0.000000	537197	ttl	4	72	n/a	n/a	n/a	n/a	n/a	n/a	n/a	n/a	n/a	n/a	n/a	n/a	n/a	n/a	n/a	n/a	n/a	n/a	n/a	n/a	n/a	2685.985273	n/a
2685.999980	0.000000	537200	ttl	11	72	n/a	n/a	n/a	n/a	n/a	n/a	n/a	n/a	n/a	n/a	n/a	n/a	n/a	n/a	n/a	n/a	n/a	n/a	n/a	n/a	n/a	2685.999980	n/a
2686.633175	2.033697	537327	time_discrimination	n/a	n/a	n/a	72.0	n/a	n/a	n/a	2685.99997975	n/a	1.680569510703208	1.0	1	3.0	NB_23_ShortA.png	n/a	7	2690.3474417499997	n/a	164	2	1	intervals/timediscrimination_table	163	2686.633175	2688.666872
2686.633175	0.000000	537327	ttl	1	72	n/a	n/a	n/a	n/a	n/a	n/a	n/a	n/a	n/a	n/a	n/a	n/a	n/a	n/a	n/a	n/a	n/a	n/a	n/a	n/a	n/a	2686.633175	n/a
2688.666872	0.000000	537733	ttl	2	72	n/a	n/a	n/a	n/a	n/a	n/a	n/a	n/a	n/a	n/a	n/a	n/a	n/a	n/a	n/a	n/a	n/a	n/a	n/a	n/a	n/a	2688.666872	n/a
2690.347442	0.000000	538069	ttl	4	72	n/a	n/a	n/a	n/a	n/a	n/a	n/a	n/a	n/a	n/a	n/a	n/a	n/a	n/a	n/a	n/a	n/a	n/a	n/a	n/a	n/a	2690.347442	n/a
2690.438516	0.000000	538088	ttl	11	72	n/a	n/a	n/a	n/a	n/a	n/a	n/a	n/a	n/a	n/a	n/a	n/a	n/a	n/a	n/a	n/a	n/a	n/a	n/a	n/a	n/a	2690.438516	n/a
2691.071722	2.033776	538214	time_discrimination	n/a	n/a	n/a	72.0	n/a	n/a	n/a	2690.4385165	n/a	1.6827422595961252	1.0	1	3.0	NB_21_ShortA.png	n/a	2	2694.7882405	n/a	165	1	2	intervals/timediscrimination_table	164	2691.071722	2693.105498
2691.071722	0.000000	538214	ttl	1	72	n/a	n/a	n/a	n/a	n/a	n/a	n/a	n/a	n/a	n/a	n/a	n/a	n/a	n/a	n/a	n/a	n/a	n/a	n/a	n/a	n/a	2691.071722	n/a
2693.105498	0.000000	538621	ttl	2	72	n/a	n/a	n/a	n/a	n/a	n/a	n/a	n/a	n/a	n/a	n/a	n/a	n/a	n/a	n/a	n/a	n/a	n/a	n/a	n/a	n/a	2693.105498	n/a
2694.788241	0.000000	538958	ttl	4	72	n/a	n/a	n/a	n/a	n/a	n/a	n/a	n/a	n/a	n/a	n/a	n/a	n/a	n/a	n/a	n/a	n/a	n/a	n/a	n/a	n/a	2694.788241	n/a
2694.930470	0.000000	538986	ttl	11	72	n/a	n/a	n/a	n/a	n/a	n/a	n/a	n/a	n/a	n/a	n/a	n/a	n/a	n/a	n/a	n/a	n/a	n/a	n/a	n/a	n/a	2694.930470	n/a
2695.447037	2.033917	539089	time_discrimination	n/a	n/a	n/a	72.0	n/a	n/a	n/a	2694.93047	n/a	1.1693121158168651	2.0	2	3.0	SB_6_LongA.png	n/a	2	2698.65026575	n/a	166	1	1	intervals/timediscrimination_table	165	2695.447037	2697.480954
2695.447037	0.000000	539089	ttl	1	72	n/a	n/a	n/a	n/a	n/a	n/a	n/a	n/a	n/a	n/a	n/a	n/a	n/a	n/a	n/a	n/a	n/a	n/a	n/a	n/a	n/a	2695.447037	n/a
2697.480954	0.000000	539496	ttl	2	72	n/a	n/a	n/a	n/a	n/a	n/a	n/a	n/a	n/a	n/a	n/a	n/a	n/a	n/a	n/a	n/a	n/a	n/a	n/a	n/a	n/a	2697.480954	n/a
2698.650266	0.000000	539730	ttl	4	72	n/a	n/a	n/a	n/a	n/a	n/a	n/a	n/a	n/a	n/a	n/a	n/a	n/a	n/a	n/a	n/a	n/a	n/a	n/a	n/a	n/a	2698.650266	n/a
2698.665175	0.000000	539733	ttl	11	72	n/a	n/a	n/a	n/a	n/a	n/a	n/a	n/a	n/a	n/a	n/a	n/a	n/a	n/a	n/a	n/a	n/a	n/a	n/a	n/a	n/a	2698.665175	n/a
2699.215042	2.034602	539843	time_discrimination	n/a	n/a	n/a	72.0	n/a	n/a	n/a	2698.66517475	n/a	1.7813466938823694	1.0	3	3.0	HB_53_LongA.png	n/a	2	2703.03099075	n/a	167	1	2	intervals/timediscrimination_table	166	2699.215042	2701.249644
2699.215042	0.000000	539843	ttl	1	72	n/a	n/a	n/a	n/a	n/a	n/a	n/a	n/a	n/a	n/a	n/a	n/a	n/a	n/a	n/a	n/a	n/a	n/a	n/a	n/a	n/a	2699.215042	n/a
2701.249644	0.000000	540250	ttl	2	72	n/a	n/a	n/a	n/a	n/a	n/a	n/a	n/a	n/a	n/a	n/a	n/a	n/a	n/a	n/a	n/a	n/a	n/a	n/a	n/a	n/a	2701.249644	n/a
2703.030991	0.000000	540606	ttl	4	72	n/a	n/a	n/a	n/a	n/a	n/a	n/a	n/a	n/a	n/a	n/a	n/a	n/a	n/a	n/a	n/a	n/a	n/a	n/a	n/a	n/a	2703.030991	n/a
2703.094261	0.000000	540619	ttl	11	72	n/a	n/a	n/a	n/a	n/a	n/a	n/a	n/a	n/a	n/a	n/a	n/a	n/a	n/a	n/a	n/a	n/a	n/a	n/a	n/a	n/a	2703.094261	n/a
2703.610823	2.034361	540722	time_discrimination	n/a	n/a	n/a	72.0	n/a	n/a	n/a	2703.09426075	n/a	1.0115920217940584	2.0	2	3.0	SB_39_LongA.png	n/a	2	2706.6567765	n/a	168	1	1	intervals/timediscrimination_table	167	2703.610823	2705.645184
2703.610823	0.000000	540722	ttl	1	72	n/a	n/a	n/a	n/a	n/a	n/a	n/a	n/a	n/a	n/a	n/a	n/a	n/a	n/a	n/a	n/a	n/a	n/a	n/a	n/a	n/a	2703.610823	n/a
2705.645184	0.000000	541129	ttl	2	72	n/a	n/a	n/a	n/a	n/a	n/a	n/a	n/a	n/a	n/a	n/a	n/a	n/a	n/a	n/a	n/a	n/a	n/a	n/a	n/a	n/a	2705.645184	n/a
2706.656776	0.000000	541331	ttl	4	72	n/a	n/a	n/a	n/a	n/a	n/a	n/a	n/a	n/a	n/a	n/a	n/a	n/a	n/a	n/a	n/a	n/a	n/a	n/a	n/a	n/a	2706.656776	n/a
2706.793899	0.000000	541359	ttl	11	72	n/a	n/a	n/a	n/a	n/a	n/a	n/a	n/a	n/a	n/a	n/a	n/a	n/a	n/a	n/a	n/a	n/a	n/a	n/a	n/a	n/a	2706.793899	n/a
2707.360453	2.034203	541472	time_discrimination	n/a	n/a	n/a	72.0	n/a	n/a	n/a	2706.7938985	n/a	1.6817376986291492	1.0	1	3.0	NB_10_LongA.png	n/a	2	2711.0763935	n/a	169	1	2	intervals/timediscrimination_table	168	2707.360453	2709.394656
2707.360453	0.000000	541472	ttl	1	72	n/a	n/a	n/a	n/a	n/a	n/a	n/a	n/a	n/a	n/a	n/a	n/a	n/a	n/a	n/a	n/a	n/a	n/a	n/a	n/a	n/a	2707.360453	n/a
2709.394656	0.000000	541879	ttl	2	72	n/a	n/a	n/a	n/a	n/a	n/a	n/a	n/a	n/a	n/a	n/a	n/a	n/a	n/a	n/a	n/a	n/a	n/a	n/a	n/a	n/a	2709.394656	n/a
2711.076393	0.000000	542215	ttl	4	72	n/a	n/a	n/a	n/a	n/a	n/a	n/a	n/a	n/a	n/a	n/a	n/a	n/a	n/a	n/a	n/a	n/a	n/a	n/a	n/a	n/a	2711.076393	n/a
2711.214808	0.000000	542243	ttl	11	72	n/a	n/a	n/a	n/a	n/a	n/a	n/a	n/a	n/a	n/a	n/a	n/a	n/a	n/a	n/a	n/a	n/a	n/a	n/a	n/a	n/a	2711.214808	n/a
2711.814688	2.033645	542363	time_discrimination	n/a	n/a	n/a	72.0	n/a	n/a	n/a	2711.2148079999997	n/a	0.9866606458672322	1.0	2	3.0	SB_9_ShortA.png	n/a	2	2714.8349945	n/a	170	1	2	intervals/timediscrimination_table	169	2711.814688	2713.848334
2711.814688	0.000000	542363	ttl	1	72	n/a	n/a	n/a	n/a	n/a	n/a	n/a	n/a	n/a	n/a	n/a	n/a	n/a	n/a	n/a	n/a	n/a	n/a	n/a	n/a	n/a	2711.814688	n/a
2713.848334	0.000000	542770	ttl	2	72	n/a	n/a	n/a	n/a	n/a	n/a	n/a	n/a	n/a	n/a	n/a	n/a	n/a	n/a	n/a	n/a	n/a	n/a	n/a	n/a	n/a	2713.848334	n/a
2714.834994	0.000000	542967	ttl	4	72	n/a	n/a	n/a	n/a	n/a	n/a	n/a	n/a	n/a	n/a	n/a	n/a	n/a	n/a	n/a	n/a	n/a	n/a	n/a	n/a	n/a	2714.834994	n/a
2714.960259	0.000000	542992	ttl	11	72	n/a	n/a	n/a	n/a	n/a	n/a	n/a	n/a	n/a	n/a	n/a	n/a	n/a	n/a	n/a	n/a	n/a	n/a	n/a	n/a	n/a	2714.960259	n/a
2715.543456	2.034597	543109	time_discrimination	n/a	n/a	n/a	72.0	n/a	n/a	n/a	2714.96025875	n/a	1.5592317205155268	2.0	2	2.0	SB_49_ShortA.png	n/a	6	2719.1372845	n/a	171	2	2	intervals/timediscrimination_table	170	2715.543456	2717.578053
2715.543456	0.000000	543109	ttl	1	72	n/a	n/a	n/a	n/a	n/a	n/a	n/a	n/a	n/a	n/a	n/a	n/a	n/a	n/a	n/a	n/a	n/a	n/a	n/a	n/a	n/a	2715.543456	n/a
2717.578053	0.000000	543516	ttl	2	72	n/a	n/a	n/a	n/a	n/a	n/a	n/a	n/a	n/a	n/a	n/a	n/a	n/a	n/a	n/a	n/a	n/a	n/a	n/a	n/a	n/a	2717.578053	n/a
2719.137285	0.000000	543827	ttl	4	72	n/a	n/a	n/a	n/a	n/a	n/a	n/a	n/a	n/a	n/a	n/a	n/a	n/a	n/a	n/a	n/a	n/a	n/a	n/a	n/a	n/a	2719.137285	n/a
2719.151455	0.000000	543830	ttl	11	72	n/a	n/a	n/a	n/a	n/a	n/a	n/a	n/a	n/a	n/a	n/a	n/a	n/a	n/a	n/a	n/a	n/a	n/a	n/a	n/a	n/a	2719.151455	n/a
2719.751324	2.033357	543950	time_discrimination	n/a	n/a	n/a	72.0	n/a	n/a	n/a	2719.1514555	n/a	1.7827594579284778	1.0	3	3.0	HB_28_LongA.png	n/a	2	2723.56744075	n/a	172	1	2	intervals/timediscrimination_table	171	2719.751324	2721.784681
2719.751324	0.000000	543950	ttl	1	72	n/a	n/a	n/a	n/a	n/a	n/a	n/a	n/a	n/a	n/a	n/a	n/a	n/a	n/a	n/a	n/a	n/a	n/a	n/a	n/a	n/a	2719.751324	n/a
2721.784681	0.000000	544357	ttl	2	72	n/a	n/a	n/a	n/a	n/a	n/a	n/a	n/a	n/a	n/a	n/a	n/a	n/a	n/a	n/a	n/a	n/a	n/a	n/a	n/a	n/a	2721.784681	n/a
2723.567441	0.000000	544713	ttl	4	72	n/a	n/a	n/a	n/a	n/a	n/a	n/a	n/a	n/a	n/a	n/a	n/a	n/a	n/a	n/a	n/a	n/a	n/a	n/a	n/a	n/a	2723.567441	n/a
2723.626305	0.000000	544725	ttl	11	72	n/a	n/a	n/a	n/a	n/a	n/a	n/a	n/a	n/a	n/a	n/a	n/a	n/a	n/a	n/a	n/a	n/a	n/a	n/a	n/a	n/a	2723.626305	n/a
2724.109528	2.033787	544822	time_discrimination	n/a	n/a	n/a	72.0	n/a	n/a	n/a	2723.6263045	n/a	1.6824662061408162	2.0	1	3.0	NB_29_LongA.png	n/a	7	2727.825781	n/a	173	2	2	intervals/timediscrimination_table	172	2724.109528	2726.143315
2724.109528	0.000000	544822	ttl	1	72	n/a	n/a	n/a	n/a	n/a	n/a	n/a	n/a	n/a	n/a	n/a	n/a	n/a	n/a	n/a	n/a	n/a	n/a	n/a	n/a	n/a	2724.109528	n/a
2726.143315	0.000000	545229	ttl	2	72	n/a	n/a	n/a	n/a	n/a	n/a	n/a	n/a	n/a	n/a	n/a	n/a	n/a	n/a	n/a	n/a	n/a	n/a	n/a	n/a	n/a	2726.143315	n/a
2727.825781	0.000000	545565	ttl	4	72	n/a	n/a	n/a	n/a	n/a	n/a	n/a	n/a	n/a	n/a	n/a	n/a	n/a	n/a	n/a	n/a	n/a	n/a	n/a	n/a	n/a	2727.825781	n/a
2727.899889	0.000000	545580	ttl	11	72	n/a	n/a	n/a	n/a	n/a	n/a	n/a	n/a	n/a	n/a	n/a	n/a	n/a	n/a	n/a	n/a	n/a	n/a	n/a	n/a	n/a	2727.899889	n/a
2728.433116	2.033705	545687	time_discrimination	n/a	n/a	n/a	72.0	n/a	n/a	n/a	2727.8998895	n/a	1.5496432605868904	1.0	2	2.0	SB_20_LongA.png	n/a	6	2732.016464	n/a	174	2	1	intervals/timediscrimination_table	173	2728.433116	2730.466821
2728.433116	0.000000	545687	ttl	1	72	n/a	n/a	n/a	n/a	n/a	n/a	n/a	n/a	n/a	n/a	n/a	n/a	n/a	n/a	n/a	n/a	n/a	n/a	n/a	n/a	n/a	2728.433116	n/a
2730.466821	0.000000	546093	ttl	2	72	n/a	n/a	n/a	n/a	n/a	n/a	n/a	n/a	n/a	n/a	n/a	n/a	n/a	n/a	n/a	n/a	n/a	n/a	n/a	n/a	n/a	2730.466821	n/a
2732.016464	0.000000	546403	ttl	4	72	n/a	n/a	n/a	n/a	n/a	n/a	n/a	n/a	n/a	n/a	n/a	n/a	n/a	n/a	n/a	n/a	n/a	n/a	n/a	n/a	n/a	2732.016464	n/a
2732.066417	0.000000	546413	ttl	11	72	n/a	n/a	n/a	n/a	n/a	n/a	n/a	n/a	n/a	n/a	n/a	n/a	n/a	n/a	n/a	n/a	n/a	n/a	n/a	n/a	n/a	2732.066417	n/a
2732.699669	2.033885	546540	time_discrimination	n/a	n/a	n/a	72.0	n/a	n/a	n/a	2732.06641675	n/a	1.781271676547476	2.0	3	3.0	HB_23_ShortA.png	n/a	7	2736.51482575	n/a	175	2	2	intervals/timediscrimination_table	174	2732.699669	2734.733554
2732.699669	0.000000	546540	ttl	1	72	n/a	n/a	n/a	n/a	n/a	n/a	n/a	n/a	n/a	n/a	n/a	n/a	n/a	n/a	n/a	n/a	n/a	n/a	n/a	n/a	n/a	2732.699669	n/a
2734.733554	0.000000	546947	ttl	2	72	n/a	n/a	n/a	n/a	n/a	n/a	n/a	n/a	n/a	n/a	n/a	n/a	n/a	n/a	n/a	n/a	n/a	n/a	n/a	n/a	n/a	2734.733554	n/a
2736.514826	0.000000	547303	ttl	4	72	n/a	n/a	n/a	n/a	n/a	n/a	n/a	n/a	n/a	n/a	n/a	n/a	n/a	n/a	n/a	n/a	n/a	n/a	n/a	n/a	n/a	2736.514826	n/a
2736.529930	0.000000	547306	ttl	11	72	n/a	n/a	n/a	n/a	n/a	n/a	n/a	n/a	n/a	n/a	n/a	n/a	n/a	n/a	n/a	n/a	n/a	n/a	n/a	n/a	n/a	2736.529930	n/a
2737.013171	2.033847	547403	time_discrimination	n/a	n/a	n/a	72.0	n/a	n/a	n/a	2736.52992975	n/a	1.6816938252741238	2.0	1	3.0	NB_23_LongA.png	n/a	2	2740.7287115	n/a	176	1	1	intervals/timediscrimination_table	175	2737.013171	2739.047018
2737.013171	0.000000	547403	ttl	1	72	n/a	n/a	n/a	n/a	n/a	n/a	n/a	n/a	n/a	n/a	n/a	n/a	n/a	n/a	n/a	n/a	n/a	n/a	n/a	n/a	n/a	2737.013171	n/a
2739.047018	0.000000	547809	ttl	2	72	n/a	n/a	n/a	n/a	n/a	n/a	n/a	n/a	n/a	n/a	n/a	n/a	n/a	n/a	n/a	n/a	n/a	n/a	n/a	n/a	n/a	2739.047018	n/a
2740.728711	0.000000	548146	ttl	4	72	n/a	n/a	n/a	n/a	n/a	n/a	n/a	n/a	n/a	n/a	n/a	n/a	n/a	n/a	n/a	n/a	n/a	n/a	n/a	n/a	n/a	2740.728711	n/a
2740.805875	0.000000	548161	ttl	11	72	n/a	n/a	n/a	n/a	n/a	n/a	n/a	n/a	n/a	n/a	n/a	n/a	n/a	n/a	n/a	n/a	n/a	n/a	n/a	n/a	n/a	2740.805875	n/a
2741.439079	2.034576	548288	time_discrimination	n/a	n/a	n/a	72.0	n/a	n/a	n/a	2740.80587525	n/a	1.1246224661299493	1.0	2	3.0	SB_11_ShortA.png	n/a	2	2744.5982784999997	n/a	177	1	2	intervals/timediscrimination_table	176	2741.439079	2743.473656
2741.439079	0.000000	548288	ttl	1	72	n/a	n/a	n/a	n/a	n/a	n/a	n/a	n/a	n/a	n/a	n/a	n/a	n/a	n/a	n/a	n/a	n/a	n/a	n/a	n/a	n/a	2741.439079	n/a
2743.473656	0.000000	548695	ttl	2	72	n/a	n/a	n/a	n/a	n/a	n/a	n/a	n/a	n/a	n/a	n/a	n/a	n/a	n/a	n/a	n/a	n/a	n/a	n/a	n/a	n/a	2743.473656	n/a
2744.598278	0.000000	548920	ttl	4	72	n/a	n/a	n/a	n/a	n/a	n/a	n/a	n/a	n/a	n/a	n/a	n/a	n/a	n/a	n/a	n/a	n/a	n/a	n/a	n/a	n/a	2744.598278	n/a
2744.612384	0.000000	548922	ttl	11	72	n/a	n/a	n/a	n/a	n/a	n/a	n/a	n/a	n/a	n/a	n/a	n/a	n/a	n/a	n/a	n/a	n/a	n/a	n/a	n/a	n/a	2744.612384	n/a
2745.195604	2.033784	549039	time_discrimination	n/a	n/a	n/a	72.0	n/a	n/a	n/a	2744.6123844999997	n/a	1.6825120074063307	1.0	1	3.0	NB_25_ShortA.png	n/a	2	2748.9119	n/a	178	1	2	intervals/timediscrimination_table	177	2745.195604	2747.229388
2745.195604	0.000000	549039	ttl	1	72	n/a	n/a	n/a	n/a	n/a	n/a	n/a	n/a	n/a	n/a	n/a	n/a	n/a	n/a	n/a	n/a	n/a	n/a	n/a	n/a	n/a	2745.195604	n/a
2747.229388	0.000000	549446	ttl	2	72	n/a	n/a	n/a	n/a	n/a	n/a	n/a	n/a	n/a	n/a	n/a	n/a	n/a	n/a	n/a	n/a	n/a	n/a	n/a	n/a	n/a	2747.229388	n/a
2748.911900	0.000000	549782	ttl	4	72	n/a	n/a	n/a	n/a	n/a	n/a	n/a	n/a	n/a	n/a	n/a	n/a	n/a	n/a	n/a	n/a	n/a	n/a	n/a	n/a	n/a	2748.911900	n/a
2748.961176	0.000000	549792	ttl	11	72	n/a	n/a	n/a	n/a	n/a	n/a	n/a	n/a	n/a	n/a	n/a	n/a	n/a	n/a	n/a	n/a	n/a	n/a	n/a	n/a	n/a	2748.961176	n/a
2749.586575	2.039895	549917	time_discrimination	n/a	n/a	n/a	72.0	n/a	n/a	n/a	2748.9611755	n/a	0.6797139270493062	2.0	2	3.0	SB_30_ShortA.png	n/a	2	2752.30618325	n/a	179	1	1	intervals/timediscrimination_table	178	2749.586575	2751.626469
2749.586575	0.000000	549917	ttl	1	72	n/a	n/a	n/a	n/a	n/a	n/a	n/a	n/a	n/a	n/a	n/a	n/a	n/a	n/a	n/a	n/a	n/a	n/a	n/a	n/a	n/a	2749.586575	n/a
2751.626469	0.000000	550325	ttl	2	72	n/a	n/a	n/a	n/a	n/a	n/a	n/a	n/a	n/a	n/a	n/a	n/a	n/a	n/a	n/a	n/a	n/a	n/a	n/a	n/a	n/a	2751.626469	n/a
2752.306183	0.000000	550461	ttl	4	72	n/a	n/a	n/a	n/a	n/a	n/a	n/a	n/a	n/a	n/a	n/a	n/a	n/a	n/a	n/a	n/a	n/a	n/a	n/a	n/a	n/a	2752.306183	n/a
2752.323981	0.000000	550465	ttl	11	72	n/a	n/a	n/a	n/a	n/a	n/a	n/a	n/a	n/a	n/a	n/a	n/a	n/a	n/a	n/a	n/a	n/a	n/a	n/a	n/a	n/a	2752.323981	n/a
2752.905446	2.079790	550581	time_discrimination	n/a	n/a	n/a	72.0	n/a	n/a	n/a	2752.323981	n/a	1.3822032704338199	2.0	2	3.0	SB_30_LongA.png	n/a	7	2756.36743825	n/a	180	2	2	intervals/timediscrimination_table	179	2752.905446	2754.985235
2752.905446	0.000000	550581	ttl	1	72	n/a	n/a	n/a	n/a	n/a	n/a	n/a	n/a	n/a	n/a	n/a	n/a	n/a	n/a	n/a	n/a	n/a	n/a	n/a	n/a	n/a	2752.905446	n/a
2754.985235	0.000000	550997	ttl	2	72	n/a	n/a	n/a	n/a	n/a	n/a	n/a	n/a	n/a	n/a	n/a	n/a	n/a	n/a	n/a	n/a	n/a	n/a	n/a	n/a	n/a	2754.985235	n/a
2756.367438	0.000000	551273	ttl	4	72	n/a	n/a	n/a	n/a	n/a	n/a	n/a	n/a	n/a	n/a	n/a	n/a	n/a	n/a	n/a	n/a	n/a	n/a	n/a	n/a	n/a	2756.367438	n/a
2756.423872	0.000000	551285	ttl	60	72	n/a	n/a	n/a	n/a	n/a	n/a	n/a	n/a	n/a	n/a	n/a	n/a	n/a	n/a	n/a	n/a	n/a	n/a	n/a	n/a	n/a	2756.423872	n/a
