onset	duration	sample	trial_type	value	experiment_id	Clip_name	ExperimentID	boundary1_time	boundary2_time	boundary3_time	fixcross_time	stimCategory	RT	accuracy	boundary_type	confidence	frameName	old_new	resp_value	source_response_time	stimuli_type	trial_num	leftright	resp_key	source_table	source_row_id	source_start_time	source_stop_time
0.000000	0.000000	0	ttl	61	70	n/a	n/a	n/a	n/a	n/a	n/a	n/a	n/a	n/a	n/a	n/a	n/a	n/a	n/a	n/a	n/a	n/a	n/a	n/a	n/a	n/a	0.000000	n/a
0.056555	0.000000	11	ttl	11	70	n/a	n/a	n/a	n/a	n/a	n/a	n/a	n/a	n/a	n/a	n/a	n/a	n/a	n/a	n/a	n/a	n/a	n/a	n/a	n/a	n/a	0.056555	n/a
1.068463	8.032867	214	encoding	n/a	n/a	NB_24.mp4	70.0	5.06846275	n/a	n/a	0.05655475	0	n/a	n/a	n/a	n/a	n/a	n/a	n/a	n/a	n/a	n/a	n/a	n/a	intervals/encoding_table	0	1.068463	9.101330
1.068463	0.000000	214	ttl	1	70	n/a	n/a	n/a	n/a	n/a	n/a	n/a	n/a	n/a	n/a	n/a	n/a	n/a	n/a	n/a	n/a	n/a	n/a	n/a	n/a	n/a	1.068463	n/a
9.101330	0.000000	1820	ttl	2	70	n/a	n/a	n/a	n/a	n/a	n/a	n/a	n/a	n/a	n/a	n/a	n/a	n/a	n/a	n/a	n/a	n/a	n/a	n/a	n/a	n/a	9.101330	n/a
9.116686	0.000000	1823	ttl	11	70	n/a	n/a	n/a	n/a	n/a	n/a	n/a	n/a	n/a	n/a	n/a	n/a	n/a	n/a	n/a	n/a	n/a	n/a	n/a	n/a	n/a	9.116686	n/a
10.182342	7.932216	2036	encoding	n/a	n/a	SB_23.mp4	70.0	12.88060075	14.43444675	n/a	9.116686249999999	1	n/a	n/a	n/a	n/a	n/a	n/a	n/a	n/a	n/a	n/a	n/a	n/a	intervals/encoding_table	1	10.182342	18.114558
10.182342	0.000000	2036	ttl	1	70	n/a	n/a	n/a	n/a	n/a	n/a	n/a	n/a	n/a	n/a	n/a	n/a	n/a	n/a	n/a	n/a	n/a	n/a	n/a	n/a	n/a	10.182342	n/a
18.114558	0.000000	3623	ttl	2	70	n/a	n/a	n/a	n/a	n/a	n/a	n/a	n/a	n/a	n/a	n/a	n/a	n/a	n/a	n/a	n/a	n/a	n/a	n/a	n/a	n/a	18.114558	n/a
18.130498	0.000000	3626	ttl	11	70	n/a	n/a	n/a	n/a	n/a	n/a	n/a	n/a	n/a	n/a	n/a	n/a	n/a	n/a	n/a	n/a	n/a	n/a	n/a	n/a	n/a	18.130498	n/a
19.071072	8.066316	3814	encoding	n/a	n/a	HB_20.mp4	70.0	23.071071999999997	n/a	n/a	18.13049825	2	n/a	n/a	n/a	n/a	n/a	n/a	n/a	n/a	n/a	n/a	n/a	n/a	intervals/encoding_table	2	19.071072	27.137388
19.071072	0.000000	3814	ttl	1	70	n/a	n/a	n/a	n/a	n/a	n/a	n/a	n/a	n/a	n/a	n/a	n/a	n/a	n/a	n/a	n/a	n/a	n/a	n/a	n/a	n/a	19.071072	n/a
27.137388	0.000000	5427	ttl	2	70	n/a	n/a	n/a	n/a	n/a	n/a	n/a	n/a	n/a	n/a	n/a	n/a	n/a	n/a	n/a	n/a	n/a	n/a	n/a	n/a	n/a	27.137388	n/a
27.154926	0.000000	5431	ttl	11	70	n/a	n/a	n/a	n/a	n/a	n/a	n/a	n/a	n/a	n/a	n/a	n/a	n/a	n/a	n/a	n/a	n/a	n/a	n/a	n/a	n/a	27.154926	n/a
28.160476	8.229758	5632	encoding	n/a	n/a	NB_26.mp4	70.0	32.1604755	n/a	n/a	27.15492625	0	n/a	n/a	n/a	n/a	n/a	n/a	n/a	n/a	n/a	n/a	n/a	n/a	intervals/encoding_table	3	28.160476	36.390234
28.160476	0.000000	5632	ttl	1	70	n/a	n/a	n/a	n/a	n/a	n/a	n/a	n/a	n/a	n/a	n/a	n/a	n/a	n/a	n/a	n/a	n/a	n/a	n/a	n/a	n/a	28.160476	n/a
36.390234	0.000000	7278	ttl	2	70	n/a	n/a	n/a	n/a	n/a	n/a	n/a	n/a	n/a	n/a	n/a	n/a	n/a	n/a	n/a	n/a	n/a	n/a	n/a	n/a	n/a	36.390234	n/a
36.409347	0.000000	7282	ttl	11	70	n/a	n/a	n/a	n/a	n/a	n/a	n/a	n/a	n/a	n/a	n/a	n/a	n/a	n/a	n/a	n/a	n/a	n/a	n/a	n/a	n/a	36.409347	n/a
37.470909	7.113588	7494	encoding	n/a	n/a	NB_25.mp4	70.0	41.470909	n/a	n/a	36.40934675	0	n/a	n/a	n/a	n/a	n/a	n/a	n/a	n/a	n/a	n/a	n/a	n/a	intervals/encoding_table	4	37.470909	44.584497
37.470909	0.000000	7494	ttl	1	70	n/a	n/a	n/a	n/a	n/a	n/a	n/a	n/a	n/a	n/a	n/a	n/a	n/a	n/a	n/a	n/a	n/a	n/a	n/a	n/a	n/a	37.470909	n/a
44.584497	0.000000	8917	ttl	2	70	n/a	n/a	n/a	n/a	n/a	n/a	n/a	n/a	n/a	n/a	n/a	n/a	n/a	n/a	n/a	n/a	n/a	n/a	n/a	n/a	n/a	44.584497	n/a
44.603685	0.000000	8921	ttl	11	70	n/a	n/a	n/a	n/a	n/a	n/a	n/a	n/a	n/a	n/a	n/a	n/a	n/a	n/a	n/a	n/a	n/a	n/a	n/a	n/a	n/a	44.603685	n/a
45.574706	7.983272	9115	encoding	n/a	n/a	NB_11.mp4	70.0	49.5747065	n/a	n/a	44.6036855	0	n/a	n/a	n/a	n/a	n/a	n/a	n/a	n/a	n/a	n/a	n/a	n/a	intervals/encoding_table	5	45.574706	53.557978
45.574706	0.000000	9115	ttl	1	70	n/a	n/a	n/a	n/a	n/a	n/a	n/a	n/a	n/a	n/a	n/a	n/a	n/a	n/a	n/a	n/a	n/a	n/a	n/a	n/a	n/a	45.574706	n/a
53.557978	0.000000	10712	ttl	2	70	n/a	n/a	n/a	n/a	n/a	n/a	n/a	n/a	n/a	n/a	n/a	n/a	n/a	n/a	n/a	n/a	n/a	n/a	n/a	n/a	n/a	53.557978	n/a
53.577170	0.000000	10715	ttl	11	70	n/a	n/a	n/a	n/a	n/a	n/a	n/a	n/a	n/a	n/a	n/a	n/a	n/a	n/a	n/a	n/a	n/a	n/a	n/a	n/a	n/a	53.577170	n/a
54.586721	8.197424	10917	encoding	n/a	n/a	SB_6.mp4	70.0	56.074423249999995	n/a	n/a	53.577170249999995	1	n/a	n/a	n/a	n/a	n/a	n/a	n/a	n/a	n/a	n/a	n/a	n/a	intervals/encoding_table	6	54.586721	62.784145
54.586721	0.000000	10917	ttl	1	70	n/a	n/a	n/a	n/a	n/a	n/a	n/a	n/a	n/a	n/a	n/a	n/a	n/a	n/a	n/a	n/a	n/a	n/a	n/a	n/a	n/a	54.586721	n/a
62.784145	0.000000	12557	ttl	2	70	n/a	n/a	n/a	n/a	n/a	n/a	n/a	n/a	n/a	n/a	n/a	n/a	n/a	n/a	n/a	n/a	n/a	n/a	n/a	n/a	n/a	62.784145	n/a
67.760379	0.000000	13552	ttl	11	70	n/a	n/a	n/a	n/a	n/a	n/a	n/a	n/a	n/a	n/a	n/a	n/a	n/a	n/a	n/a	n/a	n/a	n/a	n/a	n/a	n/a	67.760379	n/a
68.803867	8.366701	13761	encoding	n/a	n/a	NB_29.mp4	70.0	72.803867	n/a	n/a	67.7603795	0	n/a	n/a	n/a	n/a	n/a	n/a	n/a	n/a	n/a	n/a	n/a	n/a	intervals/encoding_table	7	68.803867	77.170568
68.803867	0.000000	13761	ttl	1	70	n/a	n/a	n/a	n/a	n/a	n/a	n/a	n/a	n/a	n/a	n/a	n/a	n/a	n/a	n/a	n/a	n/a	n/a	n/a	n/a	n/a	68.803867	n/a
77.170568	0.000000	15434	ttl	2	70	n/a	n/a	n/a	n/a	n/a	n/a	n/a	n/a	n/a	n/a	n/a	n/a	n/a	n/a	n/a	n/a	n/a	n/a	n/a	n/a	n/a	77.170568	n/a
77.189490	0.000000	15438	ttl	11	70	n/a	n/a	n/a	n/a	n/a	n/a	n/a	n/a	n/a	n/a	n/a	n/a	n/a	n/a	n/a	n/a	n/a	n/a	n/a	n/a	n/a	77.189490	n/a
78.129993	8.031820	15626	encoding	n/a	n/a	HB_11.mp4	70.0	82.1299925	81.00816025	84.35035125	77.18949024999999	2	n/a	n/a	n/a	n/a	n/a	n/a	n/a	n/a	n/a	n/a	n/a	n/a	intervals/encoding_table	8	78.129993	86.161812
78.129993	0.000000	15626	ttl	1	70	n/a	n/a	n/a	n/a	n/a	n/a	n/a	n/a	n/a	n/a	n/a	n/a	n/a	n/a	n/a	n/a	n/a	n/a	n/a	n/a	n/a	78.129993	n/a
86.161812	0.000000	17232	ttl	2	70	n/a	n/a	n/a	n/a	n/a	n/a	n/a	n/a	n/a	n/a	n/a	n/a	n/a	n/a	n/a	n/a	n/a	n/a	n/a	n/a	n/a	86.161812	n/a
86.181042	0.000000	17236	ttl	11	70	n/a	n/a	n/a	n/a	n/a	n/a	n/a	n/a	n/a	n/a	n/a	n/a	n/a	n/a	n/a	n/a	n/a	n/a	n/a	n/a	n/a	86.181042	n/a
87.209793	7.863858	17442	encoding	n/a	n/a	SB_4.mp4	70.0	92.77667274999999	n/a	n/a	86.18104199999999	1	n/a	n/a	n/a	n/a	n/a	n/a	n/a	n/a	n/a	n/a	n/a	n/a	intervals/encoding_table	9	87.209793	95.073651
87.209793	0.000000	17442	ttl	1	70	n/a	n/a	n/a	n/a	n/a	n/a	n/a	n/a	n/a	n/a	n/a	n/a	n/a	n/a	n/a	n/a	n/a	n/a	n/a	n/a	n/a	87.209793	n/a
95.073651	0.000000	19015	ttl	2	70	n/a	n/a	n/a	n/a	n/a	n/a	n/a	n/a	n/a	n/a	n/a	n/a	n/a	n/a	n/a	n/a	n/a	n/a	n/a	n/a	n/a	95.073651	n/a
95.092567	0.000000	19019	ttl	11	70	n/a	n/a	n/a	n/a	n/a	n/a	n/a	n/a	n/a	n/a	n/a	n/a	n/a	n/a	n/a	n/a	n/a	n/a	n/a	n/a	n/a	95.092567	n/a
95.992584	8.064234	19199	encoding	n/a	n/a	HB_16.mp4	70.0	99.99258449999999	n/a	n/a	95.09256674999999	2	n/a	n/a	n/a	n/a	n/a	n/a	n/a	n/a	n/a	n/a	n/a	n/a	intervals/encoding_table	10	95.992584	104.056818
95.992584	0.000000	19199	ttl	1	70	n/a	n/a	n/a	n/a	n/a	n/a	n/a	n/a	n/a	n/a	n/a	n/a	n/a	n/a	n/a	n/a	n/a	n/a	n/a	n/a	n/a	95.992584	n/a
104.056818	0.000000	20811	ttl	2	70	n/a	n/a	n/a	n/a	n/a	n/a	n/a	n/a	n/a	n/a	n/a	n/a	n/a	n/a	n/a	n/a	n/a	n/a	n/a	n/a	n/a	104.056818	n/a
104.076096	0.000000	20815	ttl	11	70	n/a	n/a	n/a	n/a	n/a	n/a	n/a	n/a	n/a	n/a	n/a	n/a	n/a	n/a	n/a	n/a	n/a	n/a	n/a	n/a	n/a	104.076096	n/a
105.078731	7.965875	21016	encoding	n/a	n/a	NB_8.mp4	70.0	109.07873149999999	n/a	n/a	104.07609624999999	0	n/a	n/a	n/a	n/a	n/a	n/a	n/a	n/a	n/a	n/a	n/a	n/a	intervals/encoding_table	11	105.078731	113.044606
105.078731	0.000000	21016	ttl	1	70	n/a	n/a	n/a	n/a	n/a	n/a	n/a	n/a	n/a	n/a	n/a	n/a	n/a	n/a	n/a	n/a	n/a	n/a	n/a	n/a	n/a	105.078731	n/a
113.044606	0.000000	22609	ttl	2	70	n/a	n/a	n/a	n/a	n/a	n/a	n/a	n/a	n/a	n/a	n/a	n/a	n/a	n/a	n/a	n/a	n/a	n/a	n/a	n/a	n/a	113.044606	n/a
113.063891	0.000000	22613	ttl	11	70	n/a	n/a	n/a	n/a	n/a	n/a	n/a	n/a	n/a	n/a	n/a	n/a	n/a	n/a	n/a	n/a	n/a	n/a	n/a	n/a	n/a	113.063891	n/a
114.077857	8.064696	22816	encoding	n/a	n/a	HB_18.mp4	70.0	118.0778575	n/a	n/a	113.0638915	2	n/a	n/a	n/a	n/a	n/a	n/a	n/a	n/a	n/a	n/a	n/a	n/a	intervals/encoding_table	12	114.077857	122.142554
114.077857	0.000000	22816	ttl	1	70	n/a	n/a	n/a	n/a	n/a	n/a	n/a	n/a	n/a	n/a	n/a	n/a	n/a	n/a	n/a	n/a	n/a	n/a	n/a	n/a	n/a	114.077857	n/a
122.142554	0.000000	24429	ttl	2	70	n/a	n/a	n/a	n/a	n/a	n/a	n/a	n/a	n/a	n/a	n/a	n/a	n/a	n/a	n/a	n/a	n/a	n/a	n/a	n/a	n/a	122.142554	n/a
128.222951	0.000000	25645	ttl	11	70	n/a	n/a	n/a	n/a	n/a	n/a	n/a	n/a	n/a	n/a	n/a	n/a	n/a	n/a	n/a	n/a	n/a	n/a	n/a	n/a	n/a	128.222951	n/a
129.124358	7.299609	25825	encoding	n/a	n/a	NB_28.mp4	70.0	133.12435825	n/a	n/a	128.222951	0	n/a	n/a	n/a	n/a	n/a	n/a	n/a	n/a	n/a	n/a	n/a	n/a	intervals/encoding_table	13	129.124358	136.423967
129.124358	0.000000	25825	ttl	1	70	n/a	n/a	n/a	n/a	n/a	n/a	n/a	n/a	n/a	n/a	n/a	n/a	n/a	n/a	n/a	n/a	n/a	n/a	n/a	n/a	n/a	129.124358	n/a
136.423967	0.000000	27285	ttl	2	70	n/a	n/a	n/a	n/a	n/a	n/a	n/a	n/a	n/a	n/a	n/a	n/a	n/a	n/a	n/a	n/a	n/a	n/a	n/a	n/a	n/a	136.423967	n/a
136.442898	0.000000	27289	ttl	11	70	n/a	n/a	n/a	n/a	n/a	n/a	n/a	n/a	n/a	n/a	n/a	n/a	n/a	n/a	n/a	n/a	n/a	n/a	n/a	n/a	n/a	136.442898	n/a
137.521393	8.145238	27504	encoding	n/a	n/a	SB_14.mp4	70.0	140.94827125	n/a	n/a	136.44289849999998	1	n/a	n/a	n/a	n/a	n/a	n/a	n/a	n/a	n/a	n/a	n/a	n/a	intervals/encoding_table	14	137.521393	145.666630
137.521393	0.000000	27504	ttl	1	70	n/a	n/a	n/a	n/a	n/a	n/a	n/a	n/a	n/a	n/a	n/a	n/a	n/a	n/a	n/a	n/a	n/a	n/a	n/a	n/a	n/a	137.521393	n/a
145.666630	0.000000	29133	ttl	2	70	n/a	n/a	n/a	n/a	n/a	n/a	n/a	n/a	n/a	n/a	n/a	n/a	n/a	n/a	n/a	n/a	n/a	n/a	n/a	n/a	n/a	145.666630	n/a
145.685597	0.000000	29137	ttl	11	70	n/a	n/a	n/a	n/a	n/a	n/a	n/a	n/a	n/a	n/a	n/a	n/a	n/a	n/a	n/a	n/a	n/a	n/a	n/a	n/a	n/a	145.685597	n/a
146.752235	9.165865	29350	encoding	n/a	n/a	SB_22.mp4	70.0	147.8236585	148.88732425	n/a	145.6855965	1	n/a	n/a	n/a	n/a	n/a	n/a	n/a	n/a	n/a	n/a	n/a	n/a	intervals/encoding_table	15	146.752235	155.918100
146.752235	0.000000	29350	ttl	1	70	n/a	n/a	n/a	n/a	n/a	n/a	n/a	n/a	n/a	n/a	n/a	n/a	n/a	n/a	n/a	n/a	n/a	n/a	n/a	n/a	n/a	146.752235	n/a
155.918100	0.000000	31184	ttl	2	70	n/a	n/a	n/a	n/a	n/a	n/a	n/a	n/a	n/a	n/a	n/a	n/a	n/a	n/a	n/a	n/a	n/a	n/a	n/a	n/a	n/a	155.918100	n/a
155.937296	0.000000	31187	ttl	11	70	n/a	n/a	n/a	n/a	n/a	n/a	n/a	n/a	n/a	n/a	n/a	n/a	n/a	n/a	n/a	n/a	n/a	n/a	n/a	n/a	n/a	155.937296	n/a
156.992328	7.298875	31398	encoding	n/a	n/a	SB_8.mp4	70.0	160.726736	n/a	n/a	155.9372955	1	n/a	n/a	n/a	n/a	n/a	n/a	n/a	n/a	n/a	n/a	n/a	n/a	intervals/encoding_table	16	156.992328	164.291204
156.992328	0.000000	31398	ttl	1	70	n/a	n/a	n/a	n/a	n/a	n/a	n/a	n/a	n/a	n/a	n/a	n/a	n/a	n/a	n/a	n/a	n/a	n/a	n/a	n/a	n/a	156.992328	n/a
164.291204	0.000000	32858	ttl	2	70	n/a	n/a	n/a	n/a	n/a	n/a	n/a	n/a	n/a	n/a	n/a	n/a	n/a	n/a	n/a	n/a	n/a	n/a	n/a	n/a	n/a	164.291204	n/a
164.310523	0.000000	32862	ttl	11	70	n/a	n/a	n/a	n/a	n/a	n/a	n/a	n/a	n/a	n/a	n/a	n/a	n/a	n/a	n/a	n/a	n/a	n/a	n/a	n/a	n/a	164.310523	n/a
165.368150	7.933830	33074	encoding	n/a	n/a	SB_1.mp4	70.0	170.441769	n/a	n/a	164.31052325	1	n/a	n/a	n/a	n/a	n/a	n/a	n/a	n/a	n/a	n/a	n/a	n/a	intervals/encoding_table	17	165.368150	173.301980
165.368150	0.000000	33074	ttl	1	70	n/a	n/a	n/a	n/a	n/a	n/a	n/a	n/a	n/a	n/a	n/a	n/a	n/a	n/a	n/a	n/a	n/a	n/a	n/a	n/a	n/a	165.368150	n/a
173.301980	0.000000	34660	ttl	2	70	n/a	n/a	n/a	n/a	n/a	n/a	n/a	n/a	n/a	n/a	n/a	n/a	n/a	n/a	n/a	n/a	n/a	n/a	n/a	n/a	n/a	173.301980	n/a
178.317900	0.000000	35664	ttl	11	70	n/a	n/a	n/a	n/a	n/a	n/a	n/a	n/a	n/a	n/a	n/a	n/a	n/a	n/a	n/a	n/a	n/a	n/a	n/a	n/a	n/a	178.317900	n/a
179.292626	6.871071	35859	encoding	n/a	n/a	NB_4.mp4	70.0	183.29262574999998	n/a	n/a	178.31789974999998	0	n/a	n/a	n/a	n/a	n/a	n/a	n/a	n/a	n/a	n/a	n/a	n/a	intervals/encoding_table	18	179.292626	186.163696
179.292626	0.000000	35859	ttl	1	70	n/a	n/a	n/a	n/a	n/a	n/a	n/a	n/a	n/a	n/a	n/a	n/a	n/a	n/a	n/a	n/a	n/a	n/a	n/a	n/a	n/a	179.292626	n/a
186.163696	0.000000	37233	ttl	2	70	n/a	n/a	n/a	n/a	n/a	n/a	n/a	n/a	n/a	n/a	n/a	n/a	n/a	n/a	n/a	n/a	n/a	n/a	n/a	n/a	n/a	186.163696	n/a
186.182809	0.000000	37237	ttl	11	70	n/a	n/a	n/a	n/a	n/a	n/a	n/a	n/a	n/a	n/a	n/a	n/a	n/a	n/a	n/a	n/a	n/a	n/a	n/a	n/a	n/a	186.182809	n/a
187.113272	7.530918	37423	encoding	n/a	n/a	NB_15.mp4	70.0	191.11327175	n/a	n/a	186.1828095	0	n/a	n/a	n/a	n/a	n/a	n/a	n/a	n/a	n/a	n/a	n/a	n/a	intervals/encoding_table	19	187.113272	194.644190
187.113272	0.000000	37423	ttl	1	70	n/a	n/a	n/a	n/a	n/a	n/a	n/a	n/a	n/a	n/a	n/a	n/a	n/a	n/a	n/a	n/a	n/a	n/a	n/a	n/a	n/a	187.113272	n/a
194.644190	0.000000	38929	ttl	2	70	n/a	n/a	n/a	n/a	n/a	n/a	n/a	n/a	n/a	n/a	n/a	n/a	n/a	n/a	n/a	n/a	n/a	n/a	n/a	n/a	n/a	194.644190	n/a
194.663372	0.000000	38933	ttl	11	70	n/a	n/a	n/a	n/a	n/a	n/a	n/a	n/a	n/a	n/a	n/a	n/a	n/a	n/a	n/a	n/a	n/a	n/a	n/a	n/a	n/a	194.663372	n/a
195.633824	7.832155	39127	encoding	n/a	n/a	HB_29.mp4	70.0	199.63382425	n/a	n/a	194.66337224999998	2	n/a	n/a	n/a	n/a	n/a	n/a	n/a	n/a	n/a	n/a	n/a	n/a	intervals/encoding_table	20	195.633824	203.465980
195.633824	0.000000	39127	ttl	1	70	n/a	n/a	n/a	n/a	n/a	n/a	n/a	n/a	n/a	n/a	n/a	n/a	n/a	n/a	n/a	n/a	n/a	n/a	n/a	n/a	n/a	195.633824	n/a
203.465980	0.000000	40693	ttl	2	70	n/a	n/a	n/a	n/a	n/a	n/a	n/a	n/a	n/a	n/a	n/a	n/a	n/a	n/a	n/a	n/a	n/a	n/a	n/a	n/a	n/a	203.465980	n/a
203.485223	0.000000	40697	ttl	11	70	n/a	n/a	n/a	n/a	n/a	n/a	n/a	n/a	n/a	n/a	n/a	n/a	n/a	n/a	n/a	n/a	n/a	n/a	n/a	n/a	n/a	203.485223	n/a
204.514242	7.998757	40903	encoding	n/a	n/a	NB_14.mp4	70.0	208.5142425	n/a	n/a	203.485223	0	n/a	n/a	n/a	n/a	n/a	n/a	n/a	n/a	n/a	n/a	n/a	n/a	intervals/encoding_table	21	204.514242	212.512999
204.514242	0.000000	40903	ttl	1	70	n/a	n/a	n/a	n/a	n/a	n/a	n/a	n/a	n/a	n/a	n/a	n/a	n/a	n/a	n/a	n/a	n/a	n/a	n/a	n/a	n/a	204.514242	n/a
212.512999	0.000000	42503	ttl	2	70	n/a	n/a	n/a	n/a	n/a	n/a	n/a	n/a	n/a	n/a	n/a	n/a	n/a	n/a	n/a	n/a	n/a	n/a	n/a	n/a	n/a	212.512999	n/a
212.532242	0.000000	42506	ttl	11	70	n/a	n/a	n/a	n/a	n/a	n/a	n/a	n/a	n/a	n/a	n/a	n/a	n/a	n/a	n/a	n/a	n/a	n/a	n/a	n/a	n/a	212.532242	n/a
213.618629	7.929910	42724	encoding	n/a	n/a	NB_3.mp4	70.0	217.6186295	n/a	n/a	212.532242	0	n/a	n/a	n/a	n/a	n/a	n/a	n/a	n/a	n/a	n/a	n/a	n/a	intervals/encoding_table	22	213.618629	221.548540
213.618629	0.000000	42724	ttl	1	70	n/a	n/a	n/a	n/a	n/a	n/a	n/a	n/a	n/a	n/a	n/a	n/a	n/a	n/a	n/a	n/a	n/a	n/a	n/a	n/a	n/a	213.618629	n/a
221.548540	0.000000	44310	ttl	2	70	n/a	n/a	n/a	n/a	n/a	n/a	n/a	n/a	n/a	n/a	n/a	n/a	n/a	n/a	n/a	n/a	n/a	n/a	n/a	n/a	n/a	221.548540	n/a
227.708214	0.000000	45542	ttl	11	70	n/a	n/a	n/a	n/a	n/a	n/a	n/a	n/a	n/a	n/a	n/a	n/a	n/a	n/a	n/a	n/a	n/a	n/a	n/a	n/a	n/a	227.708214	n/a
228.626878	8.033321	45725	encoding	n/a	n/a	HB_9.mp4	70.0	232.62687824999998	231.09004775	234.50152525	227.708214	2	n/a	n/a	n/a	n/a	n/a	n/a	n/a	n/a	n/a	n/a	n/a	n/a	intervals/encoding_table	23	228.626878	236.660199
228.626878	0.000000	45725	ttl	1	70	n/a	n/a	n/a	n/a	n/a	n/a	n/a	n/a	n/a	n/a	n/a	n/a	n/a	n/a	n/a	n/a	n/a	n/a	n/a	n/a	n/a	228.626878	n/a
236.660199	0.000000	47332	ttl	2	70	n/a	n/a	n/a	n/a	n/a	n/a	n/a	n/a	n/a	n/a	n/a	n/a	n/a	n/a	n/a	n/a	n/a	n/a	n/a	n/a	n/a	236.660199	n/a
236.679281	0.000000	47336	ttl	11	70	n/a	n/a	n/a	n/a	n/a	n/a	n/a	n/a	n/a	n/a	n/a	n/a	n/a	n/a	n/a	n/a	n/a	n/a	n/a	n/a	n/a	236.679281	n/a
237.727036	7.764466	47545	encoding	n/a	n/a	NB_23.mp4	70.0	241.7270365	n/a	n/a	236.679281	0	n/a	n/a	n/a	n/a	n/a	n/a	n/a	n/a	n/a	n/a	n/a	n/a	intervals/encoding_table	24	237.727036	245.491503
237.727036	0.000000	47545	ttl	1	70	n/a	n/a	n/a	n/a	n/a	n/a	n/a	n/a	n/a	n/a	n/a	n/a	n/a	n/a	n/a	n/a	n/a	n/a	n/a	n/a	n/a	237.727036	n/a
245.491503	0.000000	49098	ttl	2	70	n/a	n/a	n/a	n/a	n/a	n/a	n/a	n/a	n/a	n/a	n/a	n/a	n/a	n/a	n/a	n/a	n/a	n/a	n/a	n/a	n/a	245.491503	n/a
245.510428	0.000000	49102	ttl	11	70	n/a	n/a	n/a	n/a	n/a	n/a	n/a	n/a	n/a	n/a	n/a	n/a	n/a	n/a	n/a	n/a	n/a	n/a	n/a	n/a	n/a	245.510428	n/a
246.421481	8.062696	49284	encoding	n/a	n/a	SB_5.mp4	70.0	250.58327774999998	n/a	n/a	245.510428	1	n/a	n/a	n/a	n/a	n/a	n/a	n/a	n/a	n/a	n/a	n/a	n/a	intervals/encoding_table	25	246.421481	254.484178
246.421481	0.000000	49284	ttl	1	70	n/a	n/a	n/a	n/a	n/a	n/a	n/a	n/a	n/a	n/a	n/a	n/a	n/a	n/a	n/a	n/a	n/a	n/a	n/a	n/a	n/a	246.421481	n/a
254.484178	0.000000	50897	ttl	2	70	n/a	n/a	n/a	n/a	n/a	n/a	n/a	n/a	n/a	n/a	n/a	n/a	n/a	n/a	n/a	n/a	n/a	n/a	n/a	n/a	n/a	254.484178	n/a
254.503083	0.000000	50901	ttl	11	70	n/a	n/a	n/a	n/a	n/a	n/a	n/a	n/a	n/a	n/a	n/a	n/a	n/a	n/a	n/a	n/a	n/a	n/a	n/a	n/a	n/a	254.503083	n/a
255.554514	8.099932	51111	encoding	n/a	n/a	NB_17.mp4	70.0	259.5545145	n/a	n/a	254.50308299999998	0	n/a	n/a	n/a	n/a	n/a	n/a	n/a	n/a	n/a	n/a	n/a	n/a	intervals/encoding_table	26	255.554514	263.654446
255.554514	0.000000	51111	ttl	1	70	n/a	n/a	n/a	n/a	n/a	n/a	n/a	n/a	n/a	n/a	n/a	n/a	n/a	n/a	n/a	n/a	n/a	n/a	n/a	n/a	n/a	255.554514	n/a
263.654446	0.000000	52731	ttl	2	70	n/a	n/a	n/a	n/a	n/a	n/a	n/a	n/a	n/a	n/a	n/a	n/a	n/a	n/a	n/a	n/a	n/a	n/a	n/a	n/a	n/a	263.654446	n/a
263.673407	0.000000	52735	ttl	11	70	n/a	n/a	n/a	n/a	n/a	n/a	n/a	n/a	n/a	n/a	n/a	n/a	n/a	n/a	n/a	n/a	n/a	n/a	n/a	n/a	n/a	263.673407	n/a
264.666104	8.432882	52933	encoding	n/a	n/a	HB_22.mp4	70.0	268.66610449999996	n/a	n/a	263.67340674999997	2	n/a	n/a	n/a	n/a	n/a	n/a	n/a	n/a	n/a	n/a	n/a	n/a	intervals/encoding_table	27	264.666104	273.098986
264.666104	0.000000	52933	ttl	1	70	n/a	n/a	n/a	n/a	n/a	n/a	n/a	n/a	n/a	n/a	n/a	n/a	n/a	n/a	n/a	n/a	n/a	n/a	n/a	n/a	n/a	264.666104	n/a
273.098986	0.000000	54620	ttl	2	70	n/a	n/a	n/a	n/a	n/a	n/a	n/a	n/a	n/a	n/a	n/a	n/a	n/a	n/a	n/a	n/a	n/a	n/a	n/a	n/a	n/a	273.098986	n/a
273.117901	0.000000	54624	ttl	11	70	n/a	n/a	n/a	n/a	n/a	n/a	n/a	n/a	n/a	n/a	n/a	n/a	n/a	n/a	n/a	n/a	n/a	n/a	n/a	n/a	n/a	273.117901	n/a
274.026902	7.930957	54805	encoding	n/a	n/a	NB_16.mp4	70.0	278.026902	n/a	n/a	273.11790125	0	n/a	n/a	n/a	n/a	n/a	n/a	n/a	n/a	n/a	n/a	n/a	n/a	intervals/encoding_table	28	274.026902	281.957859
274.026902	0.000000	54805	ttl	1	70	n/a	n/a	n/a	n/a	n/a	n/a	n/a	n/a	n/a	n/a	n/a	n/a	n/a	n/a	n/a	n/a	n/a	n/a	n/a	n/a	n/a	274.026902	n/a
281.957859	0.000000	56392	ttl	2	70	n/a	n/a	n/a	n/a	n/a	n/a	n/a	n/a	n/a	n/a	n/a	n/a	n/a	n/a	n/a	n/a	n/a	n/a	n/a	n/a	n/a	281.957859	n/a
281.976773	0.000000	56395	ttl	11	70	n/a	n/a	n/a	n/a	n/a	n/a	n/a	n/a	n/a	n/a	n/a	n/a	n/a	n/a	n/a	n/a	n/a	n/a	n/a	n/a	n/a	281.976773	n/a
283.045179	8.064830	56609	encoding	n/a	n/a	NB_22.mp4	70.0	287.04517875	n/a	n/a	281.97677275	0	n/a	n/a	n/a	n/a	n/a	n/a	n/a	n/a	n/a	n/a	n/a	n/a	intervals/encoding_table	29	283.045179	291.110008
283.045179	0.000000	56609	ttl	1	70	n/a	n/a	n/a	n/a	n/a	n/a	n/a	n/a	n/a	n/a	n/a	n/a	n/a	n/a	n/a	n/a	n/a	n/a	n/a	n/a	n/a	283.045179	n/a
291.110008	0.000000	58222	ttl	2	70	n/a	n/a	n/a	n/a	n/a	n/a	n/a	n/a	n/a	n/a	n/a	n/a	n/a	n/a	n/a	n/a	n/a	n/a	n/a	n/a	n/a	291.110008	n/a
296.309726	0.000000	59262	ttl	11	70	n/a	n/a	n/a	n/a	n/a	n/a	n/a	n/a	n/a	n/a	n/a	n/a	n/a	n/a	n/a	n/a	n/a	n/a	n/a	n/a	n/a	296.309726	n/a
297.242668	8.026347	59449	encoding	n/a	n/a	HB_4.mp4	70.0	301.2426685	303.32397425	n/a	296.30972625	2	n/a	n/a	n/a	n/a	n/a	n/a	n/a	n/a	n/a	n/a	n/a	n/a	intervals/encoding_table	30	297.242668	305.269015
297.242668	0.000000	59449	ttl	1	70	n/a	n/a	n/a	n/a	n/a	n/a	n/a	n/a	n/a	n/a	n/a	n/a	n/a	n/a	n/a	n/a	n/a	n/a	n/a	n/a	n/a	297.242668	n/a
305.269015	0.000000	61054	ttl	2	70	n/a	n/a	n/a	n/a	n/a	n/a	n/a	n/a	n/a	n/a	n/a	n/a	n/a	n/a	n/a	n/a	n/a	n/a	n/a	n/a	n/a	305.269015	n/a
305.287919	0.000000	61058	ttl	11	70	n/a	n/a	n/a	n/a	n/a	n/a	n/a	n/a	n/a	n/a	n/a	n/a	n/a	n/a	n/a	n/a	n/a	n/a	n/a	n/a	n/a	305.287919	n/a
306.210934	7.997698	61242	encoding	n/a	n/a	NB_30.mp4	70.0	310.21093375	n/a	n/a	305.287919	0	n/a	n/a	n/a	n/a	n/a	n/a	n/a	n/a	n/a	n/a	n/a	n/a	intervals/encoding_table	31	306.210934	314.208631
306.210934	0.000000	61242	ttl	1	70	n/a	n/a	n/a	n/a	n/a	n/a	n/a	n/a	n/a	n/a	n/a	n/a	n/a	n/a	n/a	n/a	n/a	n/a	n/a	n/a	n/a	306.210934	n/a
314.208631	0.000000	62842	ttl	2	70	n/a	n/a	n/a	n/a	n/a	n/a	n/a	n/a	n/a	n/a	n/a	n/a	n/a	n/a	n/a	n/a	n/a	n/a	n/a	n/a	n/a	314.208631	n/a
314.227909	0.000000	62846	ttl	11	70	n/a	n/a	n/a	n/a	n/a	n/a	n/a	n/a	n/a	n/a	n/a	n/a	n/a	n/a	n/a	n/a	n/a	n/a	n/a	n/a	n/a	314.227909	n/a
315.182221	7.966349	63036	encoding	n/a	n/a	NB_27.mp4	70.0	319.18222149999997	n/a	n/a	314.22790925	0	n/a	n/a	n/a	n/a	n/a	n/a	n/a	n/a	n/a	n/a	n/a	n/a	intervals/encoding_table	32	315.182221	323.148571
315.182221	0.000000	63036	ttl	1	70	n/a	n/a	n/a	n/a	n/a	n/a	n/a	n/a	n/a	n/a	n/a	n/a	n/a	n/a	n/a	n/a	n/a	n/a	n/a	n/a	n/a	315.182221	n/a
323.148571	0.000000	64630	ttl	2	70	n/a	n/a	n/a	n/a	n/a	n/a	n/a	n/a	n/a	n/a	n/a	n/a	n/a	n/a	n/a	n/a	n/a	n/a	n/a	n/a	n/a	323.148571	n/a
323.167494	0.000000	64633	ttl	11	70	n/a	n/a	n/a	n/a	n/a	n/a	n/a	n/a	n/a	n/a	n/a	n/a	n/a	n/a	n/a	n/a	n/a	n/a	n/a	n/a	n/a	323.167494	n/a
324.130372	7.996710	64826	encoding	n/a	n/a	NB_2.mp4	70.0	328.13037175	n/a	n/a	323.1674945	0	n/a	n/a	n/a	n/a	n/a	n/a	n/a	n/a	n/a	n/a	n/a	n/a	intervals/encoding_table	33	324.130372	332.127082
324.130372	0.000000	64826	ttl	1	70	n/a	n/a	n/a	n/a	n/a	n/a	n/a	n/a	n/a	n/a	n/a	n/a	n/a	n/a	n/a	n/a	n/a	n/a	n/a	n/a	n/a	324.130372	n/a
332.127082	0.000000	66425	ttl	2	70	n/a	n/a	n/a	n/a	n/a	n/a	n/a	n/a	n/a	n/a	n/a	n/a	n/a	n/a	n/a	n/a	n/a	n/a	n/a	n/a	n/a	332.127082	n/a
332.146301	0.000000	66429	ttl	11	70	n/a	n/a	n/a	n/a	n/a	n/a	n/a	n/a	n/a	n/a	n/a	n/a	n/a	n/a	n/a	n/a	n/a	n/a	n/a	n/a	n/a	332.146301	n/a
333.167519	7.996109	66634	encoding	n/a	n/a	NB_19.mp4	70.0	337.16751875	n/a	n/a	332.14630074999997	0	n/a	n/a	n/a	n/a	n/a	n/a	n/a	n/a	n/a	n/a	n/a	n/a	intervals/encoding_table	34	333.167519	341.163628
333.167519	0.000000	66634	ttl	1	70	n/a	n/a	n/a	n/a	n/a	n/a	n/a	n/a	n/a	n/a	n/a	n/a	n/a	n/a	n/a	n/a	n/a	n/a	n/a	n/a	n/a	333.167519	n/a
341.163628	0.000000	68233	ttl	2	70	n/a	n/a	n/a	n/a	n/a	n/a	n/a	n/a	n/a	n/a	n/a	n/a	n/a	n/a	n/a	n/a	n/a	n/a	n/a	n/a	n/a	341.163628	n/a
358.701511	0.000000	71740	ttl	11	70	n/a	n/a	n/a	n/a	n/a	n/a	n/a	n/a	n/a	n/a	n/a	n/a	n/a	n/a	n/a	n/a	n/a	n/a	n/a	n/a	n/a	358.701511	n/a
359.737004	7.931877	71947	encoding	n/a	n/a	HB_13.mp4	70.0	363.73700399999996	362.00189674999996	365.9441465	358.70151075	2	n/a	n/a	n/a	n/a	n/a	n/a	n/a	n/a	n/a	n/a	n/a	n/a	intervals/encoding_table	35	359.737004	367.668881
359.737004	0.000000	71947	ttl	1	70	n/a	n/a	n/a	n/a	n/a	n/a	n/a	n/a	n/a	n/a	n/a	n/a	n/a	n/a	n/a	n/a	n/a	n/a	n/a	n/a	n/a	359.737004	n/a
367.668881	0.000000	73534	ttl	2	70	n/a	n/a	n/a	n/a	n/a	n/a	n/a	n/a	n/a	n/a	n/a	n/a	n/a	n/a	n/a	n/a	n/a	n/a	n/a	n/a	n/a	367.668881	n/a
367.688134	0.000000	73538	ttl	11	70	n/a	n/a	n/a	n/a	n/a	n/a	n/a	n/a	n/a	n/a	n/a	n/a	n/a	n/a	n/a	n/a	n/a	n/a	n/a	n/a	n/a	367.688134	n/a
368.785663	7.964255	73757	encoding	n/a	n/a	HB_24.mp4	70.0	372.785663	n/a	n/a	367.6881345	2	n/a	n/a	n/a	n/a	n/a	n/a	n/a	n/a	n/a	n/a	n/a	n/a	intervals/encoding_table	36	368.785663	376.749918
368.785663	0.000000	73757	ttl	1	70	n/a	n/a	n/a	n/a	n/a	n/a	n/a	n/a	n/a	n/a	n/a	n/a	n/a	n/a	n/a	n/a	n/a	n/a	n/a	n/a	n/a	368.785663	n/a
376.749918	0.000000	75350	ttl	2	70	n/a	n/a	n/a	n/a	n/a	n/a	n/a	n/a	n/a	n/a	n/a	n/a	n/a	n/a	n/a	n/a	n/a	n/a	n/a	n/a	n/a	376.749918	n/a
376.768844	0.000000	75354	ttl	11	70	n/a	n/a	n/a	n/a	n/a	n/a	n/a	n/a	n/a	n/a	n/a	n/a	n/a	n/a	n/a	n/a	n/a	n/a	n/a	n/a	n/a	376.768844	n/a
377.867496	8.332490	75573	encoding	n/a	n/a	HB_26.mp4	70.0	381.86749625	n/a	n/a	376.768844	2	n/a	n/a	n/a	n/a	n/a	n/a	n/a	n/a	n/a	n/a	n/a	n/a	intervals/encoding_table	37	377.867496	386.199986
377.867496	0.000000	75573	ttl	1	70	n/a	n/a	n/a	n/a	n/a	n/a	n/a	n/a	n/a	n/a	n/a	n/a	n/a	n/a	n/a	n/a	n/a	n/a	n/a	n/a	n/a	377.867496	n/a
386.199986	0.000000	77240	ttl	2	70	n/a	n/a	n/a	n/a	n/a	n/a	n/a	n/a	n/a	n/a	n/a	n/a	n/a	n/a	n/a	n/a	n/a	n/a	n/a	n/a	n/a	386.199986	n/a
386.218901	0.000000	77244	ttl	11	70	n/a	n/a	n/a	n/a	n/a	n/a	n/a	n/a	n/a	n/a	n/a	n/a	n/a	n/a	n/a	n/a	n/a	n/a	n/a	n/a	n/a	386.218901	n/a
387.270408	8.263464	77454	encoding	n/a	n/a	NB_10.mp4	70.0	391.2704085	n/a	n/a	386.21890125	0	n/a	n/a	n/a	n/a	n/a	n/a	n/a	n/a	n/a	n/a	n/a	n/a	intervals/encoding_table	38	387.270408	395.533873
387.270408	0.000000	77454	ttl	1	70	n/a	n/a	n/a	n/a	n/a	n/a	n/a	n/a	n/a	n/a	n/a	n/a	n/a	n/a	n/a	n/a	n/a	n/a	n/a	n/a	n/a	387.270408	n/a
395.533873	0.000000	79107	ttl	2	70	n/a	n/a	n/a	n/a	n/a	n/a	n/a	n/a	n/a	n/a	n/a	n/a	n/a	n/a	n/a	n/a	n/a	n/a	n/a	n/a	n/a	395.533873	n/a
395.552788	0.000000	79111	ttl	11	70	n/a	n/a	n/a	n/a	n/a	n/a	n/a	n/a	n/a	n/a	n/a	n/a	n/a	n/a	n/a	n/a	n/a	n/a	n/a	n/a	n/a	395.552788	n/a
396.507799	8.034107	79302	encoding	n/a	n/a	NB_12.mp4	70.0	400.5077995	n/a	n/a	395.55278775	0	n/a	n/a	n/a	n/a	n/a	n/a	n/a	n/a	n/a	n/a	n/a	n/a	intervals/encoding_table	39	396.507799	404.541906
396.507799	0.000000	79302	ttl	1	70	n/a	n/a	n/a	n/a	n/a	n/a	n/a	n/a	n/a	n/a	n/a	n/a	n/a	n/a	n/a	n/a	n/a	n/a	n/a	n/a	n/a	396.507799	n/a
404.541906	0.000000	80908	ttl	2	70	n/a	n/a	n/a	n/a	n/a	n/a	n/a	n/a	n/a	n/a	n/a	n/a	n/a	n/a	n/a	n/a	n/a	n/a	n/a	n/a	n/a	404.541906	n/a
404.560868	0.000000	80912	ttl	11	70	n/a	n/a	n/a	n/a	n/a	n/a	n/a	n/a	n/a	n/a	n/a	n/a	n/a	n/a	n/a	n/a	n/a	n/a	n/a	n/a	n/a	404.560868	n/a
405.651671	7.530962	81130	encoding	n/a	n/a	SB_3.mp4	70.0	407.28660475	n/a	n/a	404.56086799999997	1	n/a	n/a	n/a	n/a	n/a	n/a	n/a	n/a	n/a	n/a	n/a	n/a	intervals/encoding_table	40	405.651671	413.182632
405.651671	0.000000	81130	ttl	1	70	n/a	n/a	n/a	n/a	n/a	n/a	n/a	n/a	n/a	n/a	n/a	n/a	n/a	n/a	n/a	n/a	n/a	n/a	n/a	n/a	n/a	405.651671	n/a
413.182632	0.000000	82637	ttl	2	70	n/a	n/a	n/a	n/a	n/a	n/a	n/a	n/a	n/a	n/a	n/a	n/a	n/a	n/a	n/a	n/a	n/a	n/a	n/a	n/a	n/a	413.182632	n/a
413.201547	0.000000	82640	ttl	11	70	n/a	n/a	n/a	n/a	n/a	n/a	n/a	n/a	n/a	n/a	n/a	n/a	n/a	n/a	n/a	n/a	n/a	n/a	n/a	n/a	n/a	413.201547	n/a
414.183763	8.032343	82837	encoding	n/a	n/a	SB_17.mp4	70.0	416.0272855	418.5135505	n/a	413.2015465	1	n/a	n/a	n/a	n/a	n/a	n/a	n/a	n/a	n/a	n/a	n/a	n/a	intervals/encoding_table	41	414.183763	422.216106
414.183763	0.000000	82837	ttl	1	70	n/a	n/a	n/a	n/a	n/a	n/a	n/a	n/a	n/a	n/a	n/a	n/a	n/a	n/a	n/a	n/a	n/a	n/a	n/a	n/a	n/a	414.183763	n/a
422.216106	0.000000	84443	ttl	2	70	n/a	n/a	n/a	n/a	n/a	n/a	n/a	n/a	n/a	n/a	n/a	n/a	n/a	n/a	n/a	n/a	n/a	n/a	n/a	n/a	n/a	422.216106	n/a
425.847558	0.000000	85170	ttl	11	70	n/a	n/a	n/a	n/a	n/a	n/a	n/a	n/a	n/a	n/a	n/a	n/a	n/a	n/a	n/a	n/a	n/a	n/a	n/a	n/a	n/a	425.847558	n/a
426.790883	8.064111	85358	encoding	n/a	n/a	SB_15.mp4	70.0	431.792285	n/a	n/a	425.847558	1	n/a	n/a	n/a	n/a	n/a	n/a	n/a	n/a	n/a	n/a	n/a	n/a	intervals/encoding_table	42	426.790883	434.854994
426.790883	0.000000	85358	ttl	1	70	n/a	n/a	n/a	n/a	n/a	n/a	n/a	n/a	n/a	n/a	n/a	n/a	n/a	n/a	n/a	n/a	n/a	n/a	n/a	n/a	n/a	426.790883	n/a
434.854994	0.000000	86971	ttl	2	70	n/a	n/a	n/a	n/a	n/a	n/a	n/a	n/a	n/a	n/a	n/a	n/a	n/a	n/a	n/a	n/a	n/a	n/a	n/a	n/a	n/a	434.854994	n/a
434.873939	0.000000	86975	ttl	11	70	n/a	n/a	n/a	n/a	n/a	n/a	n/a	n/a	n/a	n/a	n/a	n/a	n/a	n/a	n/a	n/a	n/a	n/a	n/a	n/a	n/a	434.873939	n/a
435.899765	8.062028	87180	encoding	n/a	n/a	SB_12.mp4	70.0	441.75272874999996	n/a	n/a	434.87393875	1	n/a	n/a	n/a	n/a	n/a	n/a	n/a	n/a	n/a	n/a	n/a	n/a	intervals/encoding_table	43	435.899765	443.961793
435.899765	0.000000	87180	ttl	1	70	n/a	n/a	n/a	n/a	n/a	n/a	n/a	n/a	n/a	n/a	n/a	n/a	n/a	n/a	n/a	n/a	n/a	n/a	n/a	n/a	n/a	435.899765	n/a
443.961793	0.000000	88792	ttl	2	70	n/a	n/a	n/a	n/a	n/a	n/a	n/a	n/a	n/a	n/a	n/a	n/a	n/a	n/a	n/a	n/a	n/a	n/a	n/a	n/a	n/a	443.961793	n/a
443.981038	0.000000	88796	ttl	11	70	n/a	n/a	n/a	n/a	n/a	n/a	n/a	n/a	n/a	n/a	n/a	n/a	n/a	n/a	n/a	n/a	n/a	n/a	n/a	n/a	n/a	443.981038	n/a
444.884012	7.166065	88977	encoding	n/a	n/a	NB_20.mp4	70.0	448.88401174999996	n/a	n/a	443.98103799999996	0	n/a	n/a	n/a	n/a	n/a	n/a	n/a	n/a	n/a	n/a	n/a	n/a	intervals/encoding_table	44	444.884012	452.050077
444.884012	0.000000	88977	ttl	1	70	n/a	n/a	n/a	n/a	n/a	n/a	n/a	n/a	n/a	n/a	n/a	n/a	n/a	n/a	n/a	n/a	n/a	n/a	n/a	n/a	n/a	444.884012	n/a
452.050077	0.000000	90410	ttl	2	70	n/a	n/a	n/a	n/a	n/a	n/a	n/a	n/a	n/a	n/a	n/a	n/a	n/a	n/a	n/a	n/a	n/a	n/a	n/a	n/a	n/a	452.050077	n/a
452.069003	0.000000	90414	ttl	11	70	n/a	n/a	n/a	n/a	n/a	n/a	n/a	n/a	n/a	n/a	n/a	n/a	n/a	n/a	n/a	n/a	n/a	n/a	n/a	n/a	n/a	452.069003	n/a
452.977663	8.030660	90596	encoding	n/a	n/a	HB_8.mp4	70.0	456.97766275	454.828627	458.846975	452.06900275	2	n/a	n/a	n/a	n/a	n/a	n/a	n/a	n/a	n/a	n/a	n/a	n/a	intervals/encoding_table	45	452.977663	461.008323
452.977663	0.000000	90596	ttl	1	70	n/a	n/a	n/a	n/a	n/a	n/a	n/a	n/a	n/a	n/a	n/a	n/a	n/a	n/a	n/a	n/a	n/a	n/a	n/a	n/a	n/a	452.977663	n/a
461.008323	0.000000	92202	ttl	2	70	n/a	n/a	n/a	n/a	n/a	n/a	n/a	n/a	n/a	n/a	n/a	n/a	n/a	n/a	n/a	n/a	n/a	n/a	n/a	n/a	n/a	461.008323	n/a
461.027259	0.000000	92205	ttl	11	70	n/a	n/a	n/a	n/a	n/a	n/a	n/a	n/a	n/a	n/a	n/a	n/a	n/a	n/a	n/a	n/a	n/a	n/a	n/a	n/a	n/a	461.027259	n/a
461.963312	8.232361	92393	encoding	n/a	n/a	SB_29.mp4	70.0	463.88864474999997	466.08144475	467.79080949999997	461.02725925	1	n/a	n/a	n/a	n/a	n/a	n/a	n/a	n/a	n/a	n/a	n/a	n/a	intervals/encoding_table	46	461.963312	470.195673
461.963312	0.000000	92393	ttl	1	70	n/a	n/a	n/a	n/a	n/a	n/a	n/a	n/a	n/a	n/a	n/a	n/a	n/a	n/a	n/a	n/a	n/a	n/a	n/a	n/a	n/a	461.963312	n/a
470.195673	0.000000	94039	ttl	2	70	n/a	n/a	n/a	n/a	n/a	n/a	n/a	n/a	n/a	n/a	n/a	n/a	n/a	n/a	n/a	n/a	n/a	n/a	n/a	n/a	n/a	470.195673	n/a
470.214609	0.000000	94043	ttl	11	70	n/a	n/a	n/a	n/a	n/a	n/a	n/a	n/a	n/a	n/a	n/a	n/a	n/a	n/a	n/a	n/a	n/a	n/a	n/a	n/a	n/a	470.214609	n/a
471.154702	7.596189	94231	encoding	n/a	n/a	SB_28.mp4	70.0	472.13035175	474.278627	475.92494	470.2146095	1	n/a	n/a	n/a	n/a	n/a	n/a	n/a	n/a	n/a	n/a	n/a	n/a	intervals/encoding_table	47	471.154702	478.750892
471.154702	0.000000	94231	ttl	1	70	n/a	n/a	n/a	n/a	n/a	n/a	n/a	n/a	n/a	n/a	n/a	n/a	n/a	n/a	n/a	n/a	n/a	n/a	n/a	n/a	n/a	471.154702	n/a
478.750892	0.000000	95750	ttl	2	70	n/a	n/a	n/a	n/a	n/a	n/a	n/a	n/a	n/a	n/a	n/a	n/a	n/a	n/a	n/a	n/a	n/a	n/a	n/a	n/a	n/a	478.750892	n/a
485.491976	0.000000	97098	ttl	11	70	n/a	n/a	n/a	n/a	n/a	n/a	n/a	n/a	n/a	n/a	n/a	n/a	n/a	n/a	n/a	n/a	n/a	n/a	n/a	n/a	n/a	485.491976	n/a
486.535848	8.163070	97307	encoding	n/a	n/a	NB_7.mp4	70.0	490.53584774999996	n/a	n/a	485.49197625	0	n/a	n/a	n/a	n/a	n/a	n/a	n/a	n/a	n/a	n/a	n/a	n/a	intervals/encoding_table	48	486.535848	494.698917
486.535848	0.000000	97307	ttl	1	70	n/a	n/a	n/a	n/a	n/a	n/a	n/a	n/a	n/a	n/a	n/a	n/a	n/a	n/a	n/a	n/a	n/a	n/a	n/a	n/a	n/a	486.535848	n/a
494.698917	0.000000	98940	ttl	2	70	n/a	n/a	n/a	n/a	n/a	n/a	n/a	n/a	n/a	n/a	n/a	n/a	n/a	n/a	n/a	n/a	n/a	n/a	n/a	n/a	n/a	494.698917	n/a
494.717889	0.000000	98944	ttl	11	70	n/a	n/a	n/a	n/a	n/a	n/a	n/a	n/a	n/a	n/a	n/a	n/a	n/a	n/a	n/a	n/a	n/a	n/a	n/a	n/a	n/a	494.717889	n/a
495.706462	8.065747	99141	encoding	n/a	n/a	HB_15.mp4	70.0	499.7064625	498.93372074999996	501.97109424999996	494.71788899999996	2	n/a	n/a	n/a	n/a	n/a	n/a	n/a	n/a	n/a	n/a	n/a	n/a	intervals/encoding_table	49	495.706462	503.772209
495.706462	0.000000	99141	ttl	1	70	n/a	n/a	n/a	n/a	n/a	n/a	n/a	n/a	n/a	n/a	n/a	n/a	n/a	n/a	n/a	n/a	n/a	n/a	n/a	n/a	n/a	495.706462	n/a
503.772209	0.000000	100754	ttl	2	70	n/a	n/a	n/a	n/a	n/a	n/a	n/a	n/a	n/a	n/a	n/a	n/a	n/a	n/a	n/a	n/a	n/a	n/a	n/a	n/a	n/a	503.772209	n/a
503.791180	0.000000	100758	ttl	11	70	n/a	n/a	n/a	n/a	n/a	n/a	n/a	n/a	n/a	n/a	n/a	n/a	n/a	n/a	n/a	n/a	n/a	n/a	n/a	n/a	n/a	503.791180	n/a
504.860278	8.930501	100972	encoding	n/a	n/a	SB_18.mp4	70.0	507.69174949999996	509.4762035	n/a	503.79118	1	n/a	n/a	n/a	n/a	n/a	n/a	n/a	n/a	n/a	n/a	n/a	n/a	intervals/encoding_table	50	504.860278	513.790780
504.860278	0.000000	100972	ttl	1	70	n/a	n/a	n/a	n/a	n/a	n/a	n/a	n/a	n/a	n/a	n/a	n/a	n/a	n/a	n/a	n/a	n/a	n/a	n/a	n/a	n/a	504.860278	n/a
513.790780	0.000000	102758	ttl	2	70	n/a	n/a	n/a	n/a	n/a	n/a	n/a	n/a	n/a	n/a	n/a	n/a	n/a	n/a	n/a	n/a	n/a	n/a	n/a	n/a	n/a	513.790780	n/a
513.809980	0.000000	102762	ttl	11	70	n/a	n/a	n/a	n/a	n/a	n/a	n/a	n/a	n/a	n/a	n/a	n/a	n/a	n/a	n/a	n/a	n/a	n/a	n/a	n/a	n/a	513.809980	n/a
514.787938	8.265986	102958	encoding	n/a	n/a	NB_21.mp4	70.0	518.78793775	n/a	n/a	513.80997975	0	n/a	n/a	n/a	n/a	n/a	n/a	n/a	n/a	n/a	n/a	n/a	n/a	intervals/encoding_table	51	514.787938	523.053924
514.787938	0.000000	102958	ttl	1	70	n/a	n/a	n/a	n/a	n/a	n/a	n/a	n/a	n/a	n/a	n/a	n/a	n/a	n/a	n/a	n/a	n/a	n/a	n/a	n/a	n/a	514.787938	n/a
523.053924	0.000000	104611	ttl	2	70	n/a	n/a	n/a	n/a	n/a	n/a	n/a	n/a	n/a	n/a	n/a	n/a	n/a	n/a	n/a	n/a	n/a	n/a	n/a	n/a	n/a	523.053924	n/a
523.073164	0.000000	104615	ttl	11	70	n/a	n/a	n/a	n/a	n/a	n/a	n/a	n/a	n/a	n/a	n/a	n/a	n/a	n/a	n/a	n/a	n/a	n/a	n/a	n/a	n/a	523.073164	n/a
524.140675	7.931666	104828	encoding	n/a	n/a	HB_23.mp4	70.0	528.140675	n/a	n/a	523.0731645	2	n/a	n/a	n/a	n/a	n/a	n/a	n/a	n/a	n/a	n/a	n/a	n/a	intervals/encoding_table	52	524.140675	532.072341
524.140675	0.000000	104828	ttl	1	70	n/a	n/a	n/a	n/a	n/a	n/a	n/a	n/a	n/a	n/a	n/a	n/a	n/a	n/a	n/a	n/a	n/a	n/a	n/a	n/a	n/a	524.140675	n/a
532.072341	0.000000	106414	ttl	2	70	n/a	n/a	n/a	n/a	n/a	n/a	n/a	n/a	n/a	n/a	n/a	n/a	n/a	n/a	n/a	n/a	n/a	n/a	n/a	n/a	n/a	532.072341	n/a
532.091550	0.000000	106418	ttl	11	70	n/a	n/a	n/a	n/a	n/a	n/a	n/a	n/a	n/a	n/a	n/a	n/a	n/a	n/a	n/a	n/a	n/a	n/a	n/a	n/a	n/a	532.091550	n/a
533.141233	8.033506	106628	encoding	n/a	n/a	HB_12.mp4	70.0	537.1412335	534.7789712499999	539.0683745	532.09154975	2	n/a	n/a	n/a	n/a	n/a	n/a	n/a	n/a	n/a	n/a	n/a	n/a	intervals/encoding_table	53	533.141233	541.174740
533.141233	0.000000	106628	ttl	1	70	n/a	n/a	n/a	n/a	n/a	n/a	n/a	n/a	n/a	n/a	n/a	n/a	n/a	n/a	n/a	n/a	n/a	n/a	n/a	n/a	n/a	533.141233	n/a
541.174740	0.000000	108235	ttl	2	70	n/a	n/a	n/a	n/a	n/a	n/a	n/a	n/a	n/a	n/a	n/a	n/a	n/a	n/a	n/a	n/a	n/a	n/a	n/a	n/a	n/a	541.174740	n/a
547.494869	0.000000	109499	ttl	11	70	n/a	n/a	n/a	n/a	n/a	n/a	n/a	n/a	n/a	n/a	n/a	n/a	n/a	n/a	n/a	n/a	n/a	n/a	n/a	n/a	n/a	547.494869	n/a
548.511641	8.966253	109702	encoding	n/a	n/a	HB_7.mp4	70.0	552.5116415	551.9110015	554.58524925	547.49486925	2	n/a	n/a	n/a	n/a	n/a	n/a	n/a	n/a	n/a	n/a	n/a	n/a	intervals/encoding_table	54	548.511641	557.477894
548.511641	0.000000	109702	ttl	1	70	n/a	n/a	n/a	n/a	n/a	n/a	n/a	n/a	n/a	n/a	n/a	n/a	n/a	n/a	n/a	n/a	n/a	n/a	n/a	n/a	n/a	548.511641	n/a
557.477894	0.000000	111496	ttl	2	70	n/a	n/a	n/a	n/a	n/a	n/a	n/a	n/a	n/a	n/a	n/a	n/a	n/a	n/a	n/a	n/a	n/a	n/a	n/a	n/a	n/a	557.477894	n/a
557.496685	0.000000	111499	ttl	11	70	n/a	n/a	n/a	n/a	n/a	n/a	n/a	n/a	n/a	n/a	n/a	n/a	n/a	n/a	n/a	n/a	n/a	n/a	n/a	n/a	n/a	557.496685	n/a
558.428799	8.198643	111686	encoding	n/a	n/a	NB_13.mp4	70.0	562.4287995	n/a	n/a	557.49668475	0	n/a	n/a	n/a	n/a	n/a	n/a	n/a	n/a	n/a	n/a	n/a	n/a	intervals/encoding_table	55	558.428799	566.627442
558.428799	0.000000	111686	ttl	1	70	n/a	n/a	n/a	n/a	n/a	n/a	n/a	n/a	n/a	n/a	n/a	n/a	n/a	n/a	n/a	n/a	n/a	n/a	n/a	n/a	n/a	558.428799	n/a
566.627442	0.000000	113325	ttl	2	70	n/a	n/a	n/a	n/a	n/a	n/a	n/a	n/a	n/a	n/a	n/a	n/a	n/a	n/a	n/a	n/a	n/a	n/a	n/a	n/a	n/a	566.627442	n/a
566.646293	0.000000	113329	ttl	11	70	n/a	n/a	n/a	n/a	n/a	n/a	n/a	n/a	n/a	n/a	n/a	n/a	n/a	n/a	n/a	n/a	n/a	n/a	n/a	n/a	n/a	566.646293	n/a
567.652061	8.333005	113530	encoding	n/a	n/a	SB_11.mp4	70.0	569.4401262499999	n/a	n/a	566.6462927499999	1	n/a	n/a	n/a	n/a	n/a	n/a	n/a	n/a	n/a	n/a	n/a	n/a	intervals/encoding_table	56	567.652061	575.985065
567.652061	0.000000	113530	ttl	1	70	n/a	n/a	n/a	n/a	n/a	n/a	n/a	n/a	n/a	n/a	n/a	n/a	n/a	n/a	n/a	n/a	n/a	n/a	n/a	n/a	n/a	567.652061	n/a
575.985065	0.000000	115197	ttl	2	70	n/a	n/a	n/a	n/a	n/a	n/a	n/a	n/a	n/a	n/a	n/a	n/a	n/a	n/a	n/a	n/a	n/a	n/a	n/a	n/a	n/a	575.985065	n/a
576.003959	0.000000	115201	ttl	11	70	n/a	n/a	n/a	n/a	n/a	n/a	n/a	n/a	n/a	n/a	n/a	n/a	n/a	n/a	n/a	n/a	n/a	n/a	n/a	n/a	n/a	576.003959	n/a
576.996493	8.197017	115399	encoding	n/a	n/a	NB_18.mp4	70.0	580.99649325	n/a	n/a	576.00395925	0	n/a	n/a	n/a	n/a	n/a	n/a	n/a	n/a	n/a	n/a	n/a	n/a	intervals/encoding_table	57	576.996493	585.193510
576.996493	0.000000	115399	ttl	1	70	n/a	n/a	n/a	n/a	n/a	n/a	n/a	n/a	n/a	n/a	n/a	n/a	n/a	n/a	n/a	n/a	n/a	n/a	n/a	n/a	n/a	576.996493	n/a
585.193510	0.000000	117039	ttl	2	70	n/a	n/a	n/a	n/a	n/a	n/a	n/a	n/a	n/a	n/a	n/a	n/a	n/a	n/a	n/a	n/a	n/a	n/a	n/a	n/a	n/a	585.193510	n/a
585.212473	0.000000	117042	ttl	11	70	n/a	n/a	n/a	n/a	n/a	n/a	n/a	n/a	n/a	n/a	n/a	n/a	n/a	n/a	n/a	n/a	n/a	n/a	n/a	n/a	n/a	585.212473	n/a
586.188382	8.034264	117238	encoding	n/a	n/a	SB_13.mp4	70.0	591.974217	n/a	n/a	585.2124735	1	n/a	n/a	n/a	n/a	n/a	n/a	n/a	n/a	n/a	n/a	n/a	n/a	intervals/encoding_table	58	586.188382	594.222646
586.188382	0.000000	117238	ttl	1	70	n/a	n/a	n/a	n/a	n/a	n/a	n/a	n/a	n/a	n/a	n/a	n/a	n/a	n/a	n/a	n/a	n/a	n/a	n/a	n/a	n/a	586.188382	n/a
594.222646	0.000000	118845	ttl	2	70	n/a	n/a	n/a	n/a	n/a	n/a	n/a	n/a	n/a	n/a	n/a	n/a	n/a	n/a	n/a	n/a	n/a	n/a	n/a	n/a	n/a	594.222646	n/a
594.241569	0.000000	118848	ttl	11	70	n/a	n/a	n/a	n/a	n/a	n/a	n/a	n/a	n/a	n/a	n/a	n/a	n/a	n/a	n/a	n/a	n/a	n/a	n/a	n/a	n/a	594.241569	n/a
595.160215	8.232906	119032	encoding	n/a	n/a	SB_19.mp4	70.0	597.74463025	600.055586	n/a	594.2415695	1	n/a	n/a	n/a	n/a	n/a	n/a	n/a	n/a	n/a	n/a	n/a	n/a	intervals/encoding_table	59	595.160215	603.393122
595.160215	0.000000	119032	ttl	1	70	n/a	n/a	n/a	n/a	n/a	n/a	n/a	n/a	n/a	n/a	n/a	n/a	n/a	n/a	n/a	n/a	n/a	n/a	n/a	n/a	n/a	595.160215	n/a
603.393122	0.000000	120679	ttl	2	70	n/a	n/a	n/a	n/a	n/a	n/a	n/a	n/a	n/a	n/a	n/a	n/a	n/a	n/a	n/a	n/a	n/a	n/a	n/a	n/a	n/a	603.393122	n/a
603.412036	0.000000	120682	ttl	11	70	n/a	n/a	n/a	n/a	n/a	n/a	n/a	n/a	n/a	n/a	n/a	n/a	n/a	n/a	n/a	n/a	n/a	n/a	n/a	n/a	n/a	603.412036	n/a
604.363865	8.030431	120873	encoding	n/a	n/a	HB_17.mp4	70.0	608.3638655	n/a	n/a	603.41203625	2	n/a	n/a	n/a	n/a	n/a	n/a	n/a	n/a	n/a	n/a	n/a	n/a	intervals/encoding_table	60	604.363865	612.394296
604.363865	0.000000	120873	ttl	1	70	n/a	n/a	n/a	n/a	n/a	n/a	n/a	n/a	n/a	n/a	n/a	n/a	n/a	n/a	n/a	n/a	n/a	n/a	n/a	n/a	n/a	604.363865	n/a
612.394296	0.000000	122479	ttl	2	70	n/a	n/a	n/a	n/a	n/a	n/a	n/a	n/a	n/a	n/a	n/a	n/a	n/a	n/a	n/a	n/a	n/a	n/a	n/a	n/a	n/a	612.394296	n/a
619.476724	0.000000	123895	ttl	11	70	n/a	n/a	n/a	n/a	n/a	n/a	n/a	n/a	n/a	n/a	n/a	n/a	n/a	n/a	n/a	n/a	n/a	n/a	n/a	n/a	n/a	619.476724	n/a
620.443891	7.980225	124089	encoding	n/a	n/a	HB_5.mp4	70.0	624.44389125	626.50339	n/a	619.476724	2	n/a	n/a	n/a	n/a	n/a	n/a	n/a	n/a	n/a	n/a	n/a	n/a	intervals/encoding_table	61	620.443891	628.424116
620.443891	0.000000	124089	ttl	1	70	n/a	n/a	n/a	n/a	n/a	n/a	n/a	n/a	n/a	n/a	n/a	n/a	n/a	n/a	n/a	n/a	n/a	n/a	n/a	n/a	n/a	620.443891	n/a
628.424116	0.000000	125685	ttl	2	70	n/a	n/a	n/a	n/a	n/a	n/a	n/a	n/a	n/a	n/a	n/a	n/a	n/a	n/a	n/a	n/a	n/a	n/a	n/a	n/a	n/a	628.424116	n/a
628.442506	0.000000	125689	ttl	11	70	n/a	n/a	n/a	n/a	n/a	n/a	n/a	n/a	n/a	n/a	n/a	n/a	n/a	n/a	n/a	n/a	n/a	n/a	n/a	n/a	n/a	628.442506	n/a
629.417529	8.031266	125884	encoding	n/a	n/a	NB_1.mp4	70.0	633.4175285	n/a	n/a	628.44250625	0	n/a	n/a	n/a	n/a	n/a	n/a	n/a	n/a	n/a	n/a	n/a	n/a	intervals/encoding_table	62	629.417529	637.448795
629.417529	0.000000	125884	ttl	1	70	n/a	n/a	n/a	n/a	n/a	n/a	n/a	n/a	n/a	n/a	n/a	n/a	n/a	n/a	n/a	n/a	n/a	n/a	n/a	n/a	n/a	629.417529	n/a
637.448795	0.000000	127490	ttl	2	70	n/a	n/a	n/a	n/a	n/a	n/a	n/a	n/a	n/a	n/a	n/a	n/a	n/a	n/a	n/a	n/a	n/a	n/a	n/a	n/a	n/a	637.448795	n/a
637.467718	0.000000	127494	ttl	11	70	n/a	n/a	n/a	n/a	n/a	n/a	n/a	n/a	n/a	n/a	n/a	n/a	n/a	n/a	n/a	n/a	n/a	n/a	n/a	n/a	n/a	637.467718	n/a
638.396969	8.397275	127679	encoding	n/a	n/a	HB_3.mp4	70.0	642.3969695	640.7071655	n/a	637.46771775	2	n/a	n/a	n/a	n/a	n/a	n/a	n/a	n/a	n/a	n/a	n/a	n/a	intervals/encoding_table	63	638.396969	646.794245
638.396969	0.000000	127679	ttl	1	70	n/a	n/a	n/a	n/a	n/a	n/a	n/a	n/a	n/a	n/a	n/a	n/a	n/a	n/a	n/a	n/a	n/a	n/a	n/a	n/a	n/a	638.396969	n/a
646.794245	0.000000	129359	ttl	2	70	n/a	n/a	n/a	n/a	n/a	n/a	n/a	n/a	n/a	n/a	n/a	n/a	n/a	n/a	n/a	n/a	n/a	n/a	n/a	n/a	n/a	646.794245	n/a
646.813612	0.000000	129363	ttl	11	70	n/a	n/a	n/a	n/a	n/a	n/a	n/a	n/a	n/a	n/a	n/a	n/a	n/a	n/a	n/a	n/a	n/a	n/a	n/a	n/a	n/a	646.813612	n/a
647.776966	7.947296	129555	encoding	n/a	n/a	HB_2.mp4	70.0	651.776966	650.13637125	n/a	646.8136119999999	2	n/a	n/a	n/a	n/a	n/a	n/a	n/a	n/a	n/a	n/a	n/a	n/a	intervals/encoding_table	64	647.776966	655.724263
647.776966	0.000000	129555	ttl	1	70	n/a	n/a	n/a	n/a	n/a	n/a	n/a	n/a	n/a	n/a	n/a	n/a	n/a	n/a	n/a	n/a	n/a	n/a	n/a	n/a	n/a	647.776966	n/a
655.724263	0.000000	131145	ttl	2	70	n/a	n/a	n/a	n/a	n/a	n/a	n/a	n/a	n/a	n/a	n/a	n/a	n/a	n/a	n/a	n/a	n/a	n/a	n/a	n/a	n/a	655.724263	n/a
655.743529	0.000000	131149	ttl	11	70	n/a	n/a	n/a	n/a	n/a	n/a	n/a	n/a	n/a	n/a	n/a	n/a	n/a	n/a	n/a	n/a	n/a	n/a	n/a	n/a	n/a	655.743529	n/a
656.699774	7.895964	131340	encoding	n/a	n/a	HB_30.mp4	70.0	660.6997739999999	n/a	n/a	655.743529	2	n/a	n/a	n/a	n/a	n/a	n/a	n/a	n/a	n/a	n/a	n/a	n/a	intervals/encoding_table	65	656.699774	664.595738
656.699774	0.000000	131340	ttl	1	70	n/a	n/a	n/a	n/a	n/a	n/a	n/a	n/a	n/a	n/a	n/a	n/a	n/a	n/a	n/a	n/a	n/a	n/a	n/a	n/a	n/a	656.699774	n/a
664.595738	0.000000	132919	ttl	2	70	n/a	n/a	n/a	n/a	n/a	n/a	n/a	n/a	n/a	n/a	n/a	n/a	n/a	n/a	n/a	n/a	n/a	n/a	n/a	n/a	n/a	664.595738	n/a
670.092429	0.000000	134018	ttl	11	70	n/a	n/a	n/a	n/a	n/a	n/a	n/a	n/a	n/a	n/a	n/a	n/a	n/a	n/a	n/a	n/a	n/a	n/a	n/a	n/a	n/a	670.092429	n/a
671.156454	7.932586	134231	encoding	n/a	n/a	SB_9.mp4	70.0	676.9439884999999	n/a	n/a	670.0924295	1	n/a	n/a	n/a	n/a	n/a	n/a	n/a	n/a	n/a	n/a	n/a	n/a	intervals/encoding_table	66	671.156454	679.089040
671.156454	0.000000	134231	ttl	1	70	n/a	n/a	n/a	n/a	n/a	n/a	n/a	n/a	n/a	n/a	n/a	n/a	n/a	n/a	n/a	n/a	n/a	n/a	n/a	n/a	n/a	671.156454	n/a
679.089040	0.000000	135818	ttl	2	70	n/a	n/a	n/a	n/a	n/a	n/a	n/a	n/a	n/a	n/a	n/a	n/a	n/a	n/a	n/a	n/a	n/a	n/a	n/a	n/a	n/a	679.089040	n/a
679.108056	0.000000	135822	ttl	11	70	n/a	n/a	n/a	n/a	n/a	n/a	n/a	n/a	n/a	n/a	n/a	n/a	n/a	n/a	n/a	n/a	n/a	n/a	n/a	n/a	n/a	679.108056	n/a
680.076474	7.629768	136015	encoding	n/a	n/a	SB_16.mp4	70.0	681.3602465	683.87572675	n/a	679.10805575	1	n/a	n/a	n/a	n/a	n/a	n/a	n/a	n/a	n/a	n/a	n/a	n/a	intervals/encoding_table	67	680.076474	687.706241
680.076474	0.000000	136015	ttl	1	70	n/a	n/a	n/a	n/a	n/a	n/a	n/a	n/a	n/a	n/a	n/a	n/a	n/a	n/a	n/a	n/a	n/a	n/a	n/a	n/a	n/a	680.076474	n/a
687.706241	0.000000	137541	ttl	2	70	n/a	n/a	n/a	n/a	n/a	n/a	n/a	n/a	n/a	n/a	n/a	n/a	n/a	n/a	n/a	n/a	n/a	n/a	n/a	n/a	n/a	687.706241	n/a
687.725478	0.000000	137545	ttl	11	70	n/a	n/a	n/a	n/a	n/a	n/a	n/a	n/a	n/a	n/a	n/a	n/a	n/a	n/a	n/a	n/a	n/a	n/a	n/a	n/a	n/a	687.725478	n/a
688.799878	8.031005	137760	encoding	n/a	n/a	HB_21.mp4	70.0	692.7998779999999	n/a	n/a	687.7254775	2	n/a	n/a	n/a	n/a	n/a	n/a	n/a	n/a	n/a	n/a	n/a	n/a	intervals/encoding_table	68	688.799878	696.830883
688.799878	0.000000	137760	ttl	1	70	n/a	n/a	n/a	n/a	n/a	n/a	n/a	n/a	n/a	n/a	n/a	n/a	n/a	n/a	n/a	n/a	n/a	n/a	n/a	n/a	n/a	688.799878	n/a
696.830883	0.000000	139366	ttl	2	70	n/a	n/a	n/a	n/a	n/a	n/a	n/a	n/a	n/a	n/a	n/a	n/a	n/a	n/a	n/a	n/a	n/a	n/a	n/a	n/a	n/a	696.830883	n/a
696.849819	0.000000	139370	ttl	11	70	n/a	n/a	n/a	n/a	n/a	n/a	n/a	n/a	n/a	n/a	n/a	n/a	n/a	n/a	n/a	n/a	n/a	n/a	n/a	n/a	n/a	696.849819	n/a
697.803425	8.464249	139561	encoding	n/a	n/a	SB_26.mp4	70.0	699.53861175	701.19672825	702.68649275	696.849819	1	n/a	n/a	n/a	n/a	n/a	n/a	n/a	n/a	n/a	n/a	n/a	n/a	intervals/encoding_table	69	697.803425	706.267674
697.803425	0.000000	139561	ttl	1	70	n/a	n/a	n/a	n/a	n/a	n/a	n/a	n/a	n/a	n/a	n/a	n/a	n/a	n/a	n/a	n/a	n/a	n/a	n/a	n/a	n/a	697.803425	n/a
706.267674	0.000000	141254	ttl	2	70	n/a	n/a	n/a	n/a	n/a	n/a	n/a	n/a	n/a	n/a	n/a	n/a	n/a	n/a	n/a	n/a	n/a	n/a	n/a	n/a	n/a	706.267674	n/a
706.286602	0.000000	141257	ttl	11	70	n/a	n/a	n/a	n/a	n/a	n/a	n/a	n/a	n/a	n/a	n/a	n/a	n/a	n/a	n/a	n/a	n/a	n/a	n/a	n/a	n/a	706.286602	n/a
707.341688	8.099815	141468	encoding	n/a	n/a	NB_5.mp4	70.0	711.341688	n/a	n/a	706.2866017499999	0	n/a	n/a	n/a	n/a	n/a	n/a	n/a	n/a	n/a	n/a	n/a	n/a	intervals/encoding_table	70	707.341688	715.441503
707.341688	0.000000	141468	ttl	1	70	n/a	n/a	n/a	n/a	n/a	n/a	n/a	n/a	n/a	n/a	n/a	n/a	n/a	n/a	n/a	n/a	n/a	n/a	n/a	n/a	n/a	707.341688	n/a
715.441503	0.000000	143088	ttl	2	70	n/a	n/a	n/a	n/a	n/a	n/a	n/a	n/a	n/a	n/a	n/a	n/a	n/a	n/a	n/a	n/a	n/a	n/a	n/a	n/a	n/a	715.441503	n/a
715.460085	0.000000	143092	ttl	11	70	n/a	n/a	n/a	n/a	n/a	n/a	n/a	n/a	n/a	n/a	n/a	n/a	n/a	n/a	n/a	n/a	n/a	n/a	n/a	n/a	n/a	715.460085	n/a
716.481927	8.033364	143296	encoding	n/a	n/a	HB_14.mp4	70.0	720.4819275	719.2296192499999	722.40369	715.4600855	2	n/a	n/a	n/a	n/a	n/a	n/a	n/a	n/a	n/a	n/a	n/a	n/a	intervals/encoding_table	71	716.481927	724.515292
716.481927	0.000000	143296	ttl	1	70	n/a	n/a	n/a	n/a	n/a	n/a	n/a	n/a	n/a	n/a	n/a	n/a	n/a	n/a	n/a	n/a	n/a	n/a	n/a	n/a	n/a	716.481927	n/a
724.515292	0.000000	144903	ttl	2	70	n/a	n/a	n/a	n/a	n/a	n/a	n/a	n/a	n/a	n/a	n/a	n/a	n/a	n/a	n/a	n/a	n/a	n/a	n/a	n/a	n/a	724.515292	n/a
724.534228	0.000000	144907	ttl	11	70	n/a	n/a	n/a	n/a	n/a	n/a	n/a	n/a	n/a	n/a	n/a	n/a	n/a	n/a	n/a	n/a	n/a	n/a	n/a	n/a	n/a	724.534228	n/a
725.437822	8.028683	145088	encoding	n/a	n/a	HB_28.mp4	70.0	729.43782175	n/a	n/a	724.534228	2	n/a	n/a	n/a	n/a	n/a	n/a	n/a	n/a	n/a	n/a	n/a	n/a	intervals/encoding_table	72	725.437822	733.466505
725.437822	0.000000	145088	ttl	1	70	n/a	n/a	n/a	n/a	n/a	n/a	n/a	n/a	n/a	n/a	n/a	n/a	n/a	n/a	n/a	n/a	n/a	n/a	n/a	n/a	n/a	725.437822	n/a
733.466505	0.000000	146693	ttl	2	70	n/a	n/a	n/a	n/a	n/a	n/a	n/a	n/a	n/a	n/a	n/a	n/a	n/a	n/a	n/a	n/a	n/a	n/a	n/a	n/a	n/a	733.466505	n/a
766.134869	0.000000	153227	ttl	11	70	n/a	n/a	n/a	n/a	n/a	n/a	n/a	n/a	n/a	n/a	n/a	n/a	n/a	n/a	n/a	n/a	n/a	n/a	n/a	n/a	n/a	766.134869	n/a
767.175171	8.097790	153435	encoding	n/a	n/a	SB_10.mp4	70.0	772.9996142499999	n/a	n/a	766.13486925	1	n/a	n/a	n/a	n/a	n/a	n/a	n/a	n/a	n/a	n/a	n/a	n/a	intervals/encoding_table	73	767.175171	775.272962
767.175171	0.000000	153435	ttl	1	70	n/a	n/a	n/a	n/a	n/a	n/a	n/a	n/a	n/a	n/a	n/a	n/a	n/a	n/a	n/a	n/a	n/a	n/a	n/a	n/a	n/a	767.175171	n/a
775.272962	0.000000	155055	ttl	2	70	n/a	n/a	n/a	n/a	n/a	n/a	n/a	n/a	n/a	n/a	n/a	n/a	n/a	n/a	n/a	n/a	n/a	n/a	n/a	n/a	n/a	775.272962	n/a
775.291756	0.000000	155058	ttl	11	70	n/a	n/a	n/a	n/a	n/a	n/a	n/a	n/a	n/a	n/a	n/a	n/a	n/a	n/a	n/a	n/a	n/a	n/a	n/a	n/a	n/a	775.291756	n/a
776.194906	7.998744	155239	encoding	n/a	n/a	NB_9.mp4	70.0	780.1949062499999	n/a	n/a	775.29175575	0	n/a	n/a	n/a	n/a	n/a	n/a	n/a	n/a	n/a	n/a	n/a	n/a	intervals/encoding_table	74	776.194906	784.193650
776.194906	0.000000	155239	ttl	1	70	n/a	n/a	n/a	n/a	n/a	n/a	n/a	n/a	n/a	n/a	n/a	n/a	n/a	n/a	n/a	n/a	n/a	n/a	n/a	n/a	n/a	776.194906	n/a
784.193650	0.000000	156839	ttl	2	70	n/a	n/a	n/a	n/a	n/a	n/a	n/a	n/a	n/a	n/a	n/a	n/a	n/a	n/a	n/a	n/a	n/a	n/a	n/a	n/a	n/a	784.193650	n/a
784.212739	0.000000	156843	ttl	11	70	n/a	n/a	n/a	n/a	n/a	n/a	n/a	n/a	n/a	n/a	n/a	n/a	n/a	n/a	n/a	n/a	n/a	n/a	n/a	n/a	n/a	784.212739	n/a
785.249518	7.998689	157050	encoding	n/a	n/a	SB_24.mp4	70.0	788.1175045	789.2098472499999	n/a	784.2127392499999	1	n/a	n/a	n/a	n/a	n/a	n/a	n/a	n/a	n/a	n/a	n/a	n/a	intervals/encoding_table	75	785.249518	793.248207
785.249518	0.000000	157050	ttl	1	70	n/a	n/a	n/a	n/a	n/a	n/a	n/a	n/a	n/a	n/a	n/a	n/a	n/a	n/a	n/a	n/a	n/a	n/a	n/a	n/a	n/a	785.249518	n/a
793.248207	0.000000	158650	ttl	2	70	n/a	n/a	n/a	n/a	n/a	n/a	n/a	n/a	n/a	n/a	n/a	n/a	n/a	n/a	n/a	n/a	n/a	n/a	n/a	n/a	n/a	793.248207	n/a
793.267065	0.000000	158653	ttl	11	70	n/a	n/a	n/a	n/a	n/a	n/a	n/a	n/a	n/a	n/a	n/a	n/a	n/a	n/a	n/a	n/a	n/a	n/a	n/a	n/a	n/a	793.267065	n/a
794.342645	8.197238	158869	encoding	n/a	n/a	HB_19.mp4	70.0	798.3426452499999	n/a	n/a	793.2670647499999	2	n/a	n/a	n/a	n/a	n/a	n/a	n/a	n/a	n/a	n/a	n/a	n/a	intervals/encoding_table	76	794.342645	802.539883
794.342645	0.000000	158869	ttl	1	70	n/a	n/a	n/a	n/a	n/a	n/a	n/a	n/a	n/a	n/a	n/a	n/a	n/a	n/a	n/a	n/a	n/a	n/a	n/a	n/a	n/a	794.342645	n/a
802.539883	0.000000	160508	ttl	2	70	n/a	n/a	n/a	n/a	n/a	n/a	n/a	n/a	n/a	n/a	n/a	n/a	n/a	n/a	n/a	n/a	n/a	n/a	n/a	n/a	n/a	802.539883	n/a
802.558829	0.000000	160512	ttl	11	70	n/a	n/a	n/a	n/a	n/a	n/a	n/a	n/a	n/a	n/a	n/a	n/a	n/a	n/a	n/a	n/a	n/a	n/a	n/a	n/a	n/a	802.558829	n/a
803.545190	8.667447	160709	encoding	n/a	n/a	NB_6.mp4	70.0	807.5451899999999	n/a	n/a	802.55882875	0	n/a	n/a	n/a	n/a	n/a	n/a	n/a	n/a	n/a	n/a	n/a	n/a	intervals/encoding_table	77	803.545190	812.212637
803.545190	0.000000	160709	ttl	1	70	n/a	n/a	n/a	n/a	n/a	n/a	n/a	n/a	n/a	n/a	n/a	n/a	n/a	n/a	n/a	n/a	n/a	n/a	n/a	n/a	n/a	803.545190	n/a
812.212637	0.000000	162443	ttl	2	70	n/a	n/a	n/a	n/a	n/a	n/a	n/a	n/a	n/a	n/a	n/a	n/a	n/a	n/a	n/a	n/a	n/a	n/a	n/a	n/a	n/a	812.212637	n/a
812.231545	0.000000	162446	ttl	11	70	n/a	n/a	n/a	n/a	n/a	n/a	n/a	n/a	n/a	n/a	n/a	n/a	n/a	n/a	n/a	n/a	n/a	n/a	n/a	n/a	n/a	812.231545	n/a
813.257814	8.050063	162652	encoding	n/a	n/a	HB_1.mp4	70.0	817.25781375	814.809864	n/a	812.231545	2	n/a	n/a	n/a	n/a	n/a	n/a	n/a	n/a	n/a	n/a	n/a	n/a	intervals/encoding_table	78	813.257814	821.307877
813.257814	0.000000	162652	ttl	1	70	n/a	n/a	n/a	n/a	n/a	n/a	n/a	n/a	n/a	n/a	n/a	n/a	n/a	n/a	n/a	n/a	n/a	n/a	n/a	n/a	n/a	813.257814	n/a
821.307877	0.000000	164262	ttl	2	70	n/a	n/a	n/a	n/a	n/a	n/a	n/a	n/a	n/a	n/a	n/a	n/a	n/a	n/a	n/a	n/a	n/a	n/a	n/a	n/a	n/a	821.307877	n/a
830.156439	0.000000	166031	ttl	11	70	n/a	n/a	n/a	n/a	n/a	n/a	n/a	n/a	n/a	n/a	n/a	n/a	n/a	n/a	n/a	n/a	n/a	n/a	n/a	n/a	n/a	830.156439	n/a
831.173648	8.097941	166235	encoding	n/a	n/a	HB_25.mp4	70.0	835.1736475	n/a	n/a	830.15643925	2	n/a	n/a	n/a	n/a	n/a	n/a	n/a	n/a	n/a	n/a	n/a	n/a	intervals/encoding_table	79	831.173648	839.271589
831.173648	0.000000	166235	ttl	1	70	n/a	n/a	n/a	n/a	n/a	n/a	n/a	n/a	n/a	n/a	n/a	n/a	n/a	n/a	n/a	n/a	n/a	n/a	n/a	n/a	n/a	831.173648	n/a
839.271589	0.000000	167854	ttl	2	70	n/a	n/a	n/a	n/a	n/a	n/a	n/a	n/a	n/a	n/a	n/a	n/a	n/a	n/a	n/a	n/a	n/a	n/a	n/a	n/a	n/a	839.271589	n/a
839.290638	0.000000	167858	ttl	11	70	n/a	n/a	n/a	n/a	n/a	n/a	n/a	n/a	n/a	n/a	n/a	n/a	n/a	n/a	n/a	n/a	n/a	n/a	n/a	n/a	n/a	839.290638	n/a
840.236120	8.064875	168047	encoding	n/a	n/a	SB_21.mp4	70.0	842.54760125	844.95969325	n/a	839.2906375	1	n/a	n/a	n/a	n/a	n/a	n/a	n/a	n/a	n/a	n/a	n/a	n/a	intervals/encoding_table	80	840.236120	848.300995
840.236120	0.000000	168047	ttl	1	70	n/a	n/a	n/a	n/a	n/a	n/a	n/a	n/a	n/a	n/a	n/a	n/a	n/a	n/a	n/a	n/a	n/a	n/a	n/a	n/a	n/a	840.236120	n/a
848.300995	0.000000	169660	ttl	2	70	n/a	n/a	n/a	n/a	n/a	n/a	n/a	n/a	n/a	n/a	n/a	n/a	n/a	n/a	n/a	n/a	n/a	n/a	n/a	n/a	n/a	848.300995	n/a
848.319075	0.000000	169664	ttl	11	70	n/a	n/a	n/a	n/a	n/a	n/a	n/a	n/a	n/a	n/a	n/a	n/a	n/a	n/a	n/a	n/a	n/a	n/a	n/a	n/a	n/a	848.319075	n/a
849.376006	8.664400	169875	encoding	n/a	n/a	SB_20.mp4	70.0	852.294991	853.6373645	n/a	848.3190754999999	1	n/a	n/a	n/a	n/a	n/a	n/a	n/a	n/a	n/a	n/a	n/a	n/a	intervals/encoding_table	81	849.376006	858.040406
849.376006	0.000000	169875	ttl	1	70	n/a	n/a	n/a	n/a	n/a	n/a	n/a	n/a	n/a	n/a	n/a	n/a	n/a	n/a	n/a	n/a	n/a	n/a	n/a	n/a	n/a	849.376006	n/a
858.040406	0.000000	171608	ttl	2	70	n/a	n/a	n/a	n/a	n/a	n/a	n/a	n/a	n/a	n/a	n/a	n/a	n/a	n/a	n/a	n/a	n/a	n/a	n/a	n/a	n/a	858.040406	n/a
858.059229	0.000000	171612	ttl	11	70	n/a	n/a	n/a	n/a	n/a	n/a	n/a	n/a	n/a	n/a	n/a	n/a	n/a	n/a	n/a	n/a	n/a	n/a	n/a	n/a	n/a	858.059229	n/a
859.016756	7.966479	171803	encoding	n/a	n/a	SB_7.mp4	70.0	861.4092472499999	n/a	n/a	858.059229	1	n/a	n/a	n/a	n/a	n/a	n/a	n/a	n/a	n/a	n/a	n/a	n/a	intervals/encoding_table	82	859.016756	866.983236
859.016756	0.000000	171803	ttl	1	70	n/a	n/a	n/a	n/a	n/a	n/a	n/a	n/a	n/a	n/a	n/a	n/a	n/a	n/a	n/a	n/a	n/a	n/a	n/a	n/a	n/a	859.016756	n/a
866.983236	0.000000	173397	ttl	2	70	n/a	n/a	n/a	n/a	n/a	n/a	n/a	n/a	n/a	n/a	n/a	n/a	n/a	n/a	n/a	n/a	n/a	n/a	n/a	n/a	n/a	866.983236	n/a
867.002190	0.000000	173400	ttl	11	70	n/a	n/a	n/a	n/a	n/a	n/a	n/a	n/a	n/a	n/a	n/a	n/a	n/a	n/a	n/a	n/a	n/a	n/a	n/a	n/a	n/a	867.002190	n/a
868.087065	8.104574	173617	encoding	n/a	n/a	SB_30.mp4	70.0	868.63873425	869.91904325	871.67373	867.00219025	1	n/a	n/a	n/a	n/a	n/a	n/a	n/a	n/a	n/a	n/a	n/a	n/a	intervals/encoding_table	83	868.087065	876.191639
868.087065	0.000000	173617	ttl	1	70	n/a	n/a	n/a	n/a	n/a	n/a	n/a	n/a	n/a	n/a	n/a	n/a	n/a	n/a	n/a	n/a	n/a	n/a	n/a	n/a	n/a	868.087065	n/a
876.191639	0.000000	175238	ttl	2	70	n/a	n/a	n/a	n/a	n/a	n/a	n/a	n/a	n/a	n/a	n/a	n/a	n/a	n/a	n/a	n/a	n/a	n/a	n/a	n/a	n/a	876.191639	n/a
882.972828	0.000000	176595	ttl	11	70	n/a	n/a	n/a	n/a	n/a	n/a	n/a	n/a	n/a	n/a	n/a	n/a	n/a	n/a	n/a	n/a	n/a	n/a	n/a	n/a	n/a	882.972828	n/a
883.932523	7.796445	176787	encoding	n/a	n/a	HB_6.mp4	70.0	887.9325232499999	886.1784335	890.2121689999999	882.9728282499999	2	n/a	n/a	n/a	n/a	n/a	n/a	n/a	n/a	n/a	n/a	n/a	n/a	intervals/encoding_table	84	883.932523	891.728968
883.932523	0.000000	176787	ttl	1	70	n/a	n/a	n/a	n/a	n/a	n/a	n/a	n/a	n/a	n/a	n/a	n/a	n/a	n/a	n/a	n/a	n/a	n/a	n/a	n/a	n/a	883.932523	n/a
891.728968	0.000000	178346	ttl	2	70	n/a	n/a	n/a	n/a	n/a	n/a	n/a	n/a	n/a	n/a	n/a	n/a	n/a	n/a	n/a	n/a	n/a	n/a	n/a	n/a	n/a	891.728968	n/a
891.747973	0.000000	178350	ttl	11	70	n/a	n/a	n/a	n/a	n/a	n/a	n/a	n/a	n/a	n/a	n/a	n/a	n/a	n/a	n/a	n/a	n/a	n/a	n/a	n/a	n/a	891.747973	n/a
892.755233	8.165859	178551	encoding	n/a	n/a	SB_2.mp4	70.0	898.284193	n/a	n/a	891.7479727499999	1	n/a	n/a	n/a	n/a	n/a	n/a	n/a	n/a	n/a	n/a	n/a	n/a	intervals/encoding_table	85	892.755233	900.921092
892.755233	0.000000	178551	ttl	1	70	n/a	n/a	n/a	n/a	n/a	n/a	n/a	n/a	n/a	n/a	n/a	n/a	n/a	n/a	n/a	n/a	n/a	n/a	n/a	n/a	n/a	892.755233	n/a
900.921092	0.000000	180184	ttl	2	70	n/a	n/a	n/a	n/a	n/a	n/a	n/a	n/a	n/a	n/a	n/a	n/a	n/a	n/a	n/a	n/a	n/a	n/a	n/a	n/a	n/a	900.921092	n/a
900.940121	0.000000	180188	ttl	11	70	n/a	n/a	n/a	n/a	n/a	n/a	n/a	n/a	n/a	n/a	n/a	n/a	n/a	n/a	n/a	n/a	n/a	n/a	n/a	n/a	n/a	900.940121	n/a
901.906850	8.265128	180381	encoding	n/a	n/a	HB_27.mp4	70.0	905.9068504999999	n/a	n/a	900.940121	2	n/a	n/a	n/a	n/a	n/a	n/a	n/a	n/a	n/a	n/a	n/a	n/a	intervals/encoding_table	86	901.906850	910.171979
901.906850	0.000000	180381	ttl	1	70	n/a	n/a	n/a	n/a	n/a	n/a	n/a	n/a	n/a	n/a	n/a	n/a	n/a	n/a	n/a	n/a	n/a	n/a	n/a	n/a	n/a	901.906850	n/a
910.171979	0.000000	182034	ttl	2	70	n/a	n/a	n/a	n/a	n/a	n/a	n/a	n/a	n/a	n/a	n/a	n/a	n/a	n/a	n/a	n/a	n/a	n/a	n/a	n/a	n/a	910.171979	n/a
910.190938	0.000000	182038	ttl	11	70	n/a	n/a	n/a	n/a	n/a	n/a	n/a	n/a	n/a	n/a	n/a	n/a	n/a	n/a	n/a	n/a	n/a	n/a	n/a	n/a	n/a	910.190938	n/a
911.138396	8.197553	182228	encoding	n/a	n/a	HB_10.mp4	70.0	915.1383965	912.6979262499999	917.06715075	910.19093775	2	n/a	n/a	n/a	n/a	n/a	n/a	n/a	n/a	n/a	n/a	n/a	n/a	intervals/encoding_table	87	911.138396	919.335950
911.138396	0.000000	182228	ttl	1	70	n/a	n/a	n/a	n/a	n/a	n/a	n/a	n/a	n/a	n/a	n/a	n/a	n/a	n/a	n/a	n/a	n/a	n/a	n/a	n/a	n/a	911.138396	n/a
919.335950	0.000000	183867	ttl	2	70	n/a	n/a	n/a	n/a	n/a	n/a	n/a	n/a	n/a	n/a	n/a	n/a	n/a	n/a	n/a	n/a	n/a	n/a	n/a	n/a	n/a	919.335950	n/a
919.354902	0.000000	183871	ttl	11	70	n/a	n/a	n/a	n/a	n/a	n/a	n/a	n/a	n/a	n/a	n/a	n/a	n/a	n/a	n/a	n/a	n/a	n/a	n/a	n/a	n/a	919.354902	n/a
920.363950	7.965895	184073	encoding	n/a	n/a	SB_27.mp4	70.0	921.90619325	923.47853075	924.9241169999999	919.3549025	1	n/a	n/a	n/a	n/a	n/a	n/a	n/a	n/a	n/a	n/a	n/a	n/a	intervals/encoding_table	88	920.363950	928.329845
920.363950	0.000000	184073	ttl	1	70	n/a	n/a	n/a	n/a	n/a	n/a	n/a	n/a	n/a	n/a	n/a	n/a	n/a	n/a	n/a	n/a	n/a	n/a	n/a	n/a	n/a	920.363950	n/a
928.329845	0.000000	185666	ttl	2	70	n/a	n/a	n/a	n/a	n/a	n/a	n/a	n/a	n/a	n/a	n/a	n/a	n/a	n/a	n/a	n/a	n/a	n/a	n/a	n/a	n/a	928.329845	n/a
929.718098	0.000000	185944	ttl	11	70	n/a	n/a	n/a	n/a	n/a	n/a	n/a	n/a	n/a	n/a	n/a	n/a	n/a	n/a	n/a	n/a	n/a	n/a	n/a	n/a	n/a	929.718098	n/a
930.639635	8.433394	186128	encoding	n/a	n/a	SB_25.mp4	70.0	932.99710575	934.19136925	n/a	929.7180985	1	n/a	n/a	n/a	n/a	n/a	n/a	n/a	n/a	n/a	n/a	n/a	n/a	intervals/encoding_table	89	930.639635	939.073029
930.639635	0.000000	186128	ttl	1	70	n/a	n/a	n/a	n/a	n/a	n/a	n/a	n/a	n/a	n/a	n/a	n/a	n/a	n/a	n/a	n/a	n/a	n/a	n/a	n/a	n/a	930.639635	n/a
939.073029	0.000000	187815	ttl	2	70	n/a	n/a	n/a	n/a	n/a	n/a	n/a	n/a	n/a	n/a	n/a	n/a	n/a	n/a	n/a	n/a	n/a	n/a	n/a	n/a	n/a	939.073029	n/a
939.124741	0.000000	187825	ttl	60	70	n/a	n/a	n/a	n/a	n/a	n/a	n/a	n/a	n/a	n/a	n/a	n/a	n/a	n/a	n/a	n/a	n/a	n/a	n/a	n/a	n/a	939.124741	n/a
1246.213037	0.000000	249243	ttl	61	71	n/a	n/a	n/a	n/a	n/a	n/a	n/a	n/a	n/a	n/a	n/a	n/a	n/a	n/a	n/a	n/a	n/a	n/a	n/a	n/a	n/a	1246.213037	n/a
1246.263355	0.000000	249253	ttl	11	71	n/a	n/a	n/a	n/a	n/a	n/a	n/a	n/a	n/a	n/a	n/a	n/a	n/a	n/a	n/a	n/a	n/a	n/a	n/a	n/a	n/a	1246.263355	n/a
1246.845262	1.559323	249369	scene_recognition	n/a	n/a	n/a	71.0	n/a	n/a	n/a	1246.263355	n/a	0.0	1	2	0	SB_5_frameB_foil.png	0	1	1248.405585	0	1	n/a	n/a	intervals/recognition_table	0	1246.845262	1248.404585
1246.845262	0.000000	249369	ttl	1	71	n/a	n/a	n/a	n/a	n/a	n/a	n/a	n/a	n/a	n/a	n/a	n/a	n/a	n/a	n/a	n/a	n/a	n/a	n/a	n/a	n/a	1246.845262	n/a
1248.404585	0.000000	249681	ttl	2	71	n/a	n/a	n/a	n/a	n/a	n/a	n/a	n/a	n/a	n/a	n/a	n/a	n/a	n/a	n/a	n/a	n/a	n/a	n/a	n/a	n/a	1248.404585	n/a
1250.292749	0.000000	250059	ttl	11	71	n/a	n/a	n/a	n/a	n/a	n/a	n/a	n/a	n/a	n/a	n/a	n/a	n/a	n/a	n/a	n/a	n/a	n/a	n/a	n/a	n/a	1250.292749	n/a
1250.894786	1.528342	250179	scene_recognition	n/a	n/a	n/a	71.0	n/a	n/a	n/a	1250.2927495	n/a	0.0	1	3	0	HB_2_frameB_foil.png	0	1	1252.4241279999999	0	2	n/a	n/a	intervals/recognition_table	1	1250.894786	1252.423128
1250.894786	0.000000	250179	ttl	1	71	n/a	n/a	n/a	n/a	n/a	n/a	n/a	n/a	n/a	n/a	n/a	n/a	n/a	n/a	n/a	n/a	n/a	n/a	n/a	n/a	n/a	1250.894786	n/a
1252.423128	0.000000	250485	ttl	2	71	n/a	n/a	n/a	n/a	n/a	n/a	n/a	n/a	n/a	n/a	n/a	n/a	n/a	n/a	n/a	n/a	n/a	n/a	n/a	n/a	n/a	1252.423128	n/a
1253.315295	0.000000	250663	ttl	11	71	n/a	n/a	n/a	n/a	n/a	n/a	n/a	n/a	n/a	n/a	n/a	n/a	n/a	n/a	n/a	n/a	n/a	n/a	n/a	n/a	n/a	1253.315295	n/a
1253.917355	1.529012	250783	scene_recognition	n/a	n/a	n/a	71.0	n/a	n/a	n/a	1253.3152949999999	n/a	0.0	1	3	0	HB_5_frameB_foil.png	0	1	1255.4473672499998	0	3	n/a	n/a	intervals/recognition_table	2	1253.917355	1255.446367
1253.917355	0.000000	250783	ttl	1	71	n/a	n/a	n/a	n/a	n/a	n/a	n/a	n/a	n/a	n/a	n/a	n/a	n/a	n/a	n/a	n/a	n/a	n/a	n/a	n/a	n/a	1253.917355	n/a
1255.446367	0.000000	251089	ttl	2	71	n/a	n/a	n/a	n/a	n/a	n/a	n/a	n/a	n/a	n/a	n/a	n/a	n/a	n/a	n/a	n/a	n/a	n/a	n/a	n/a	n/a	1255.446367	n/a
1257.006520	0.000000	251401	ttl	11	71	n/a	n/a	n/a	n/a	n/a	n/a	n/a	n/a	n/a	n/a	n/a	n/a	n/a	n/a	n/a	n/a	n/a	n/a	n/a	n/a	n/a	1257.006520	n/a
1257.608554	1.528423	251522	scene_recognition	n/a	n/a	n/a	71.0	n/a	n/a	n/a	1257.0065204999999	n/a	0.503599290488637	2	1	2	NB_25_frameA_foil.png	1	6	1259.6405762499999	0	4	n/a	n/a	intervals/recognition_table	3	1257.608554	1259.136977
1257.608554	0.000000	251522	ttl	1	71	n/a	n/a	n/a	n/a	n/a	n/a	n/a	n/a	n/a	n/a	n/a	n/a	n/a	n/a	n/a	n/a	n/a	n/a	n/a	n/a	n/a	1257.608554	n/a
1259.136977	0.000000	251827	ttl	2	71	n/a	n/a	n/a	n/a	n/a	n/a	n/a	n/a	n/a	n/a	n/a	n/a	n/a	n/a	n/a	n/a	n/a	n/a	n/a	n/a	n/a	1259.136977	n/a
1259.640576	0.000000	251928	ttl	4	71	n/a	n/a	n/a	n/a	n/a	n/a	n/a	n/a	n/a	n/a	n/a	n/a	n/a	n/a	n/a	n/a	n/a	n/a	n/a	n/a	n/a	1259.640576	n/a
1259.670144	0.000000	251934	ttl	11	71	n/a	n/a	n/a	n/a	n/a	n/a	n/a	n/a	n/a	n/a	n/a	n/a	n/a	n/a	n/a	n/a	n/a	n/a	n/a	n/a	n/a	1259.670144	n/a
1260.232234	1.551357	252046	scene_recognition	n/a	n/a	n/a	71.0	n/a	n/a	n/a	1259.670144	n/a	0.0	1	3	0	HB_1_frameB.png	0	1	1261.7845909999999	1	5	n/a	n/a	intervals/recognition_table	4	1260.232234	1261.783591
1260.232234	0.000000	252046	ttl	1	71	n/a	n/a	n/a	n/a	n/a	n/a	n/a	n/a	n/a	n/a	n/a	n/a	n/a	n/a	n/a	n/a	n/a	n/a	n/a	n/a	n/a	1260.232234	n/a
1261.783591	0.000000	252357	ttl	2	71	n/a	n/a	n/a	n/a	n/a	n/a	n/a	n/a	n/a	n/a	n/a	n/a	n/a	n/a	n/a	n/a	n/a	n/a	n/a	n/a	n/a	1261.783591	n/a
1262.577697	0.000000	252516	ttl	11	71	n/a	n/a	n/a	n/a	n/a	n/a	n/a	n/a	n/a	n/a	n/a	n/a	n/a	n/a	n/a	n/a	n/a	n/a	n/a	n/a	n/a	1262.577697	n/a
1263.139909	1.528293	252628	scene_recognition	n/a	n/a	n/a	71.0	n/a	n/a	n/a	1262.5776967499999	n/a	0.3477377030358184	2	1	1	NB_1_frameB.png	2	4	1265.0159394999998	1	6	n/a	n/a	intervals/recognition_table	5	1263.139909	1264.668202
1263.139909	0.000000	252628	ttl	1	71	n/a	n/a	n/a	n/a	n/a	n/a	n/a	n/a	n/a	n/a	n/a	n/a	n/a	n/a	n/a	n/a	n/a	n/a	n/a	n/a	n/a	1263.139909	n/a
1264.668202	0.000000	252934	ttl	2	71	n/a	n/a	n/a	n/a	n/a	n/a	n/a	n/a	n/a	n/a	n/a	n/a	n/a	n/a	n/a	n/a	n/a	n/a	n/a	n/a	n/a	1264.668202	n/a
1265.015939	0.000000	253003	ttl	4	71	n/a	n/a	n/a	n/a	n/a	n/a	n/a	n/a	n/a	n/a	n/a	n/a	n/a	n/a	n/a	n/a	n/a	n/a	n/a	n/a	n/a	1265.015939	n/a
1265.028524	0.000000	253006	ttl	11	71	n/a	n/a	n/a	n/a	n/a	n/a	n/a	n/a	n/a	n/a	n/a	n/a	n/a	n/a	n/a	n/a	n/a	n/a	n/a	n/a	n/a	1265.028524	n/a
1265.630574	1.527852	253126	scene_recognition	n/a	n/a	n/a	71.0	n/a	n/a	n/a	1265.0285239999998	n/a	0.7574944085645257	2	1	1	NB_21_frameA_foil.png	1	5	1267.9159204999999	0	7	n/a	n/a	intervals/recognition_table	6	1265.630574	1267.158426
1265.630574	0.000000	253126	ttl	1	71	n/a	n/a	n/a	n/a	n/a	n/a	n/a	n/a	n/a	n/a	n/a	n/a	n/a	n/a	n/a	n/a	n/a	n/a	n/a	n/a	n/a	1265.630574	n/a
1267.158426	0.000000	253432	ttl	2	71	n/a	n/a	n/a	n/a	n/a	n/a	n/a	n/a	n/a	n/a	n/a	n/a	n/a	n/a	n/a	n/a	n/a	n/a	n/a	n/a	n/a	1267.158426	n/a
1267.915920	0.000000	253583	ttl	4	71	n/a	n/a	n/a	n/a	n/a	n/a	n/a	n/a	n/a	n/a	n/a	n/a	n/a	n/a	n/a	n/a	n/a	n/a	n/a	n/a	n/a	1267.915920	n/a
1267.923449	0.000000	253585	ttl	11	71	n/a	n/a	n/a	n/a	n/a	n/a	n/a	n/a	n/a	n/a	n/a	n/a	n/a	n/a	n/a	n/a	n/a	n/a	n/a	n/a	n/a	1267.923449	n/a
1268.525623	1.528041	253705	scene_recognition	n/a	n/a	n/a	71.0	n/a	n/a	n/a	1267.9234494999998	n/a	0.5689532156393398	2	3	1	HB_2_frameA.png	2	4	1270.6226172499998	1	8	n/a	n/a	intervals/recognition_table	7	1268.525623	1270.053664
1268.525623	0.000000	253705	ttl	1	71	n/a	n/a	n/a	n/a	n/a	n/a	n/a	n/a	n/a	n/a	n/a	n/a	n/a	n/a	n/a	n/a	n/a	n/a	n/a	n/a	n/a	1268.525623	n/a
1270.053664	0.000000	254011	ttl	2	71	n/a	n/a	n/a	n/a	n/a	n/a	n/a	n/a	n/a	n/a	n/a	n/a	n/a	n/a	n/a	n/a	n/a	n/a	n/a	n/a	n/a	1270.053664	n/a
1270.622617	0.000000	254125	ttl	4	71	n/a	n/a	n/a	n/a	n/a	n/a	n/a	n/a	n/a	n/a	n/a	n/a	n/a	n/a	n/a	n/a	n/a	n/a	n/a	n/a	n/a	1270.622617	n/a
1270.635077	0.000000	254127	ttl	11	71	n/a	n/a	n/a	n/a	n/a	n/a	n/a	n/a	n/a	n/a	n/a	n/a	n/a	n/a	n/a	n/a	n/a	n/a	n/a	n/a	n/a	1270.635077	n/a
1271.216849	1.528091	254243	scene_recognition	n/a	n/a	n/a	71.0	n/a	n/a	n/a	1270.63507675	n/a	2.07243588269921	2	3	1	HB_1_frameA_foil.png	1	5	1274.8173757499999	0	9	n/a	n/a	intervals/recognition_table	8	1271.216849	1272.744940
1271.216849	0.000000	254243	ttl	1	71	n/a	n/a	n/a	n/a	n/a	n/a	n/a	n/a	n/a	n/a	n/a	n/a	n/a	n/a	n/a	n/a	n/a	n/a	n/a	n/a	n/a	1271.216849	n/a
1272.744940	0.000000	254549	ttl	2	71	n/a	n/a	n/a	n/a	n/a	n/a	n/a	n/a	n/a	n/a	n/a	n/a	n/a	n/a	n/a	n/a	n/a	n/a	n/a	n/a	n/a	1272.744940	n/a
1274.817376	0.000000	254963	ttl	4	71	n/a	n/a	n/a	n/a	n/a	n/a	n/a	n/a	n/a	n/a	n/a	n/a	n/a	n/a	n/a	n/a	n/a	n/a	n/a	n/a	n/a	1274.817376	n/a
1274.870388	0.000000	254974	ttl	11	71	n/a	n/a	n/a	n/a	n/a	n/a	n/a	n/a	n/a	n/a	n/a	n/a	n/a	n/a	n/a	n/a	n/a	n/a	n/a	n/a	n/a	1274.870388	n/a
1275.452336	1.528175	255090	scene_recognition	n/a	n/a	n/a	71.0	n/a	n/a	n/a	1274.87038825	n/a	1.9353814404894365	2	1	1	NB_4_frameB_foil.png	1	5	1278.9158922499998	0	10	n/a	n/a	intervals/recognition_table	9	1275.452336	1276.980511
1275.452336	0.000000	255090	ttl	1	71	n/a	n/a	n/a	n/a	n/a	n/a	n/a	n/a	n/a	n/a	n/a	n/a	n/a	n/a	n/a	n/a	n/a	n/a	n/a	n/a	n/a	1275.452336	n/a
1276.980511	0.000000	255396	ttl	2	71	n/a	n/a	n/a	n/a	n/a	n/a	n/a	n/a	n/a	n/a	n/a	n/a	n/a	n/a	n/a	n/a	n/a	n/a	n/a	n/a	n/a	1276.980511	n/a
1278.915892	0.000000	255783	ttl	4	71	n/a	n/a	n/a	n/a	n/a	n/a	n/a	n/a	n/a	n/a	n/a	n/a	n/a	n/a	n/a	n/a	n/a	n/a	n/a	n/a	n/a	1278.915892	n/a
1278.943125	0.000000	255789	ttl	11	71	n/a	n/a	n/a	n/a	n/a	n/a	n/a	n/a	n/a	n/a	n/a	n/a	n/a	n/a	n/a	n/a	n/a	n/a	n/a	n/a	n/a	1278.943125	n/a
1279.565180	1.528045	255913	scene_recognition	n/a	n/a	n/a	71.0	n/a	n/a	n/a	1278.94312475	n/a	1.9939294171635993	2	3	1	HB_3_frameA.png	2	4	1283.0871547499999	1	11	n/a	n/a	intervals/recognition_table	10	1279.565180	1281.093225
1279.565180	0.000000	255913	ttl	1	71	n/a	n/a	n/a	n/a	n/a	n/a	n/a	n/a	n/a	n/a	n/a	n/a	n/a	n/a	n/a	n/a	n/a	n/a	n/a	n/a	n/a	1279.565180	n/a
1281.093225	0.000000	256219	ttl	2	71	n/a	n/a	n/a	n/a	n/a	n/a	n/a	n/a	n/a	n/a	n/a	n/a	n/a	n/a	n/a	n/a	n/a	n/a	n/a	n/a	n/a	1281.093225	n/a
1283.087155	0.000000	256617	ttl	4	71	n/a	n/a	n/a	n/a	n/a	n/a	n/a	n/a	n/a	n/a	n/a	n/a	n/a	n/a	n/a	n/a	n/a	n/a	n/a	n/a	n/a	1283.087155	n/a
1283.106259	0.000000	256621	ttl	11	71	n/a	n/a	n/a	n/a	n/a	n/a	n/a	n/a	n/a	n/a	n/a	n/a	n/a	n/a	n/a	n/a	n/a	n/a	n/a	n/a	n/a	1283.106259	n/a
1283.688425	1.527921	256738	scene_recognition	n/a	n/a	n/a	71.0	n/a	n/a	n/a	1283.1062594999999	n/a	1.0222276723507093	2	2	2	SB_9_frameB.png	2	3	1286.2385735	1	12	n/a	n/a	intervals/recognition_table	11	1283.688425	1285.216346
1283.688425	0.000000	256738	ttl	1	71	n/a	n/a	n/a	n/a	n/a	n/a	n/a	n/a	n/a	n/a	n/a	n/a	n/a	n/a	n/a	n/a	n/a	n/a	n/a	n/a	n/a	1283.688425	n/a
1285.216346	0.000000	257043	ttl	2	71	n/a	n/a	n/a	n/a	n/a	n/a	n/a	n/a	n/a	n/a	n/a	n/a	n/a	n/a	n/a	n/a	n/a	n/a	n/a	n/a	n/a	1285.216346	n/a
1286.238574	0.000000	257248	ttl	4	71	n/a	n/a	n/a	n/a	n/a	n/a	n/a	n/a	n/a	n/a	n/a	n/a	n/a	n/a	n/a	n/a	n/a	n/a	n/a	n/a	n/a	1286.238574	n/a
1286.247849	0.000000	257250	ttl	11	71	n/a	n/a	n/a	n/a	n/a	n/a	n/a	n/a	n/a	n/a	n/a	n/a	n/a	n/a	n/a	n/a	n/a	n/a	n/a	n/a	n/a	1286.247849	n/a
1286.809658	1.527968	257362	scene_recognition	n/a	n/a	n/a	71.0	n/a	n/a	n/a	1286.24784925	n/a	0.06258995641837828	2	2	2	SB_2_frameB_foil.png	1	6	1288.4002162499999	0	13	n/a	n/a	intervals/recognition_table	12	1286.809658	1288.337626
1286.809658	0.000000	257362	ttl	1	71	n/a	n/a	n/a	n/a	n/a	n/a	n/a	n/a	n/a	n/a	n/a	n/a	n/a	n/a	n/a	n/a	n/a	n/a	n/a	n/a	n/a	1286.809658	n/a
1288.337626	0.000000	257668	ttl	2	71	n/a	n/a	n/a	n/a	n/a	n/a	n/a	n/a	n/a	n/a	n/a	n/a	n/a	n/a	n/a	n/a	n/a	n/a	n/a	n/a	n/a	1288.337626	n/a
1288.400216	0.000000	257680	ttl	4	71	n/a	n/a	n/a	n/a	n/a	n/a	n/a	n/a	n/a	n/a	n/a	n/a	n/a	n/a	n/a	n/a	n/a	n/a	n/a	n/a	n/a	1288.400216	n/a
1288.413677	0.000000	257683	ttl	11	71	n/a	n/a	n/a	n/a	n/a	n/a	n/a	n/a	n/a	n/a	n/a	n/a	n/a	n/a	n/a	n/a	n/a	n/a	n/a	n/a	n/a	1288.413677	n/a
1288.975771	1.528358	257795	scene_recognition	n/a	n/a	n/a	71.0	n/a	n/a	n/a	1288.413677	n/a	2.264420162915485	2	1	1	NB_11_frameB.png	2	4	1292.7685485	1	14	n/a	n/a	intervals/recognition_table	13	1288.975771	1290.504128
1288.975771	0.000000	257795	ttl	1	71	n/a	n/a	n/a	n/a	n/a	n/a	n/a	n/a	n/a	n/a	n/a	n/a	n/a	n/a	n/a	n/a	n/a	n/a	n/a	n/a	n/a	1288.975771	n/a
1290.504128	0.000000	258101	ttl	2	71	n/a	n/a	n/a	n/a	n/a	n/a	n/a	n/a	n/a	n/a	n/a	n/a	n/a	n/a	n/a	n/a	n/a	n/a	n/a	n/a	n/a	1290.504128	n/a
1292.768548	0.000000	258554	ttl	4	71	n/a	n/a	n/a	n/a	n/a	n/a	n/a	n/a	n/a	n/a	n/a	n/a	n/a	n/a	n/a	n/a	n/a	n/a	n/a	n/a	n/a	1292.768548	n/a
1292.779298	0.000000	258556	ttl	11	71	n/a	n/a	n/a	n/a	n/a	n/a	n/a	n/a	n/a	n/a	n/a	n/a	n/a	n/a	n/a	n/a	n/a	n/a	n/a	n/a	n/a	1292.779298	n/a
1293.321117	1.527976	258664	scene_recognition	n/a	n/a	n/a	71.0	n/a	n/a	n/a	1292.779298	n/a	1.7336082489637192	2	2	2	SB_2_frameB.png	2	3	1296.58270125	1	15	n/a	n/a	intervals/recognition_table	14	1293.321117	1294.849093
1293.321117	0.000000	258664	ttl	1	71	n/a	n/a	n/a	n/a	n/a	n/a	n/a	n/a	n/a	n/a	n/a	n/a	n/a	n/a	n/a	n/a	n/a	n/a	n/a	n/a	n/a	1293.321117	n/a
1294.849093	0.000000	258970	ttl	2	71	n/a	n/a	n/a	n/a	n/a	n/a	n/a	n/a	n/a	n/a	n/a	n/a	n/a	n/a	n/a	n/a	n/a	n/a	n/a	n/a	n/a	1294.849093	n/a
1296.582701	0.000000	259317	ttl	4	71	n/a	n/a	n/a	n/a	n/a	n/a	n/a	n/a	n/a	n/a	n/a	n/a	n/a	n/a	n/a	n/a	n/a	n/a	n/a	n/a	n/a	1296.582701	n/a
1296.603600	0.000000	259321	ttl	11	71	n/a	n/a	n/a	n/a	n/a	n/a	n/a	n/a	n/a	n/a	n/a	n/a	n/a	n/a	n/a	n/a	n/a	n/a	n/a	n/a	n/a	1296.603600	n/a
1297.125335	1.528012	259425	scene_recognition	n/a	n/a	n/a	71.0	n/a	n/a	n/a	1296.6036	n/a	0.257278579621925	2	3	2	HB_8_frameA_foil.png	1	6	1298.910625	0	16	n/a	n/a	intervals/recognition_table	15	1297.125335	1298.653346
1297.125335	0.000000	259425	ttl	1	71	n/a	n/a	n/a	n/a	n/a	n/a	n/a	n/a	n/a	n/a	n/a	n/a	n/a	n/a	n/a	n/a	n/a	n/a	n/a	n/a	n/a	1297.125335	n/a
1298.653346	0.000000	259731	ttl	2	71	n/a	n/a	n/a	n/a	n/a	n/a	n/a	n/a	n/a	n/a	n/a	n/a	n/a	n/a	n/a	n/a	n/a	n/a	n/a	n/a	n/a	1298.653346	n/a
1298.910625	0.000000	259782	ttl	4	71	n/a	n/a	n/a	n/a	n/a	n/a	n/a	n/a	n/a	n/a	n/a	n/a	n/a	n/a	n/a	n/a	n/a	n/a	n/a	n/a	n/a	1298.910625	n/a
1298.931454	0.000000	259786	ttl	11	71	n/a	n/a	n/a	n/a	n/a	n/a	n/a	n/a	n/a	n/a	n/a	n/a	n/a	n/a	n/a	n/a	n/a	n/a	n/a	n/a	n/a	1298.931454	n/a
1299.473266	1.528212	259895	scene_recognition	n/a	n/a	n/a	71.0	n/a	n/a	n/a	1298.93145375	n/a	1.2377781569230137	2	1	2	NB_9_frameA_foil.png	1	6	1302.2392559999998	0	17	n/a	n/a	intervals/recognition_table	16	1299.473266	1301.001478
1299.473266	0.000000	259895	ttl	1	71	n/a	n/a	n/a	n/a	n/a	n/a	n/a	n/a	n/a	n/a	n/a	n/a	n/a	n/a	n/a	n/a	n/a	n/a	n/a	n/a	n/a	1299.473266	n/a
1301.001478	0.000000	260200	ttl	2	71	n/a	n/a	n/a	n/a	n/a	n/a	n/a	n/a	n/a	n/a	n/a	n/a	n/a	n/a	n/a	n/a	n/a	n/a	n/a	n/a	n/a	1301.001478	n/a
1302.239256	0.000000	260448	ttl	4	71	n/a	n/a	n/a	n/a	n/a	n/a	n/a	n/a	n/a	n/a	n/a	n/a	n/a	n/a	n/a	n/a	n/a	n/a	n/a	n/a	n/a	1302.239256	n/a
1302.244467	0.000000	260449	ttl	11	71	n/a	n/a	n/a	n/a	n/a	n/a	n/a	n/a	n/a	n/a	n/a	n/a	n/a	n/a	n/a	n/a	n/a	n/a	n/a	n/a	n/a	1302.244467	n/a
1302.826524	1.528301	260565	scene_recognition	n/a	n/a	n/a	71.0	n/a	n/a	n/a	1302.2444665	n/a	2.026656201836886	2	3	1	HB_4_frameB.png	2	4	1306.3814814999998	1	18	n/a	n/a	intervals/recognition_table	17	1302.826524	1304.354825
1302.826524	0.000000	260565	ttl	1	71	n/a	n/a	n/a	n/a	n/a	n/a	n/a	n/a	n/a	n/a	n/a	n/a	n/a	n/a	n/a	n/a	n/a	n/a	n/a	n/a	n/a	1302.826524	n/a
1304.354825	0.000000	260871	ttl	2	71	n/a	n/a	n/a	n/a	n/a	n/a	n/a	n/a	n/a	n/a	n/a	n/a	n/a	n/a	n/a	n/a	n/a	n/a	n/a	n/a	n/a	1304.354825	n/a
1306.381481	0.000000	261276	ttl	4	71	n/a	n/a	n/a	n/a	n/a	n/a	n/a	n/a	n/a	n/a	n/a	n/a	n/a	n/a	n/a	n/a	n/a	n/a	n/a	n/a	n/a	1306.381481	n/a
1306.399416	0.000000	261280	ttl	11	71	n/a	n/a	n/a	n/a	n/a	n/a	n/a	n/a	n/a	n/a	n/a	n/a	n/a	n/a	n/a	n/a	n/a	n/a	n/a	n/a	n/a	1306.399416	n/a
1306.901302	1.527913	261380	scene_recognition	n/a	n/a	n/a	71.0	n/a	n/a	n/a	1306.3994155	n/a	1.5278890655026771	2	2	2	SB_2_frameA.png	2	3	1309.9571047499999	1	19	n/a	n/a	intervals/recognition_table	18	1306.901302	1308.429216
1306.901302	0.000000	261380	ttl	1	71	n/a	n/a	n/a	n/a	n/a	n/a	n/a	n/a	n/a	n/a	n/a	n/a	n/a	n/a	n/a	n/a	n/a	n/a	n/a	n/a	n/a	1306.901302	n/a
1308.429216	0.000000	261686	ttl	2	71	n/a	n/a	n/a	n/a	n/a	n/a	n/a	n/a	n/a	n/a	n/a	n/a	n/a	n/a	n/a	n/a	n/a	n/a	n/a	n/a	n/a	1308.429216	n/a
1309.957105	0.000000	261991	ttl	4	71	n/a	n/a	n/a	n/a	n/a	n/a	n/a	n/a	n/a	n/a	n/a	n/a	n/a	n/a	n/a	n/a	n/a	n/a	n/a	n/a	n/a	1309.957105	n/a
1309.968372	0.000000	261994	ttl	11	71	n/a	n/a	n/a	n/a	n/a	n/a	n/a	n/a	n/a	n/a	n/a	n/a	n/a	n/a	n/a	n/a	n/a	n/a	n/a	n/a	n/a	1309.968372	n/a
1310.490151	1.528041	262098	scene_recognition	n/a	n/a	n/a	71.0	n/a	n/a	n/a	1309.96837225	n/a	0.9149199154926464	2	2	2	SB_1_frameB_foil.png	1	6	1312.933112	0	20	n/a	n/a	intervals/recognition_table	19	1310.490151	1312.018192
1310.490151	0.000000	262098	ttl	1	71	n/a	n/a	n/a	n/a	n/a	n/a	n/a	n/a	n/a	n/a	n/a	n/a	n/a	n/a	n/a	n/a	n/a	n/a	n/a	n/a	n/a	1310.490151	n/a
1312.018192	0.000000	262404	ttl	2	71	n/a	n/a	n/a	n/a	n/a	n/a	n/a	n/a	n/a	n/a	n/a	n/a	n/a	n/a	n/a	n/a	n/a	n/a	n/a	n/a	n/a	1312.018192	n/a
1312.933112	0.000000	262587	ttl	4	71	n/a	n/a	n/a	n/a	n/a	n/a	n/a	n/a	n/a	n/a	n/a	n/a	n/a	n/a	n/a	n/a	n/a	n/a	n/a	n/a	n/a	1312.933112	n/a
1312.951038	0.000000	262590	ttl	11	71	n/a	n/a	n/a	n/a	n/a	n/a	n/a	n/a	n/a	n/a	n/a	n/a	n/a	n/a	n/a	n/a	n/a	n/a	n/a	n/a	n/a	1312.951038	n/a
1313.472818	1.527988	262695	scene_recognition	n/a	n/a	n/a	71.0	n/a	n/a	n/a	1312.951038	n/a	1.0770439648040337	2	2	2	SB_7_frameA.png	2	3	1316.07785075	1	21	n/a	n/a	intervals/recognition_table	20	1313.472818	1315.000807
1313.472818	0.000000	262695	ttl	1	71	n/a	n/a	n/a	n/a	n/a	n/a	n/a	n/a	n/a	n/a	n/a	n/a	n/a	n/a	n/a	n/a	n/a	n/a	n/a	n/a	n/a	1313.472818	n/a
1315.000807	0.000000	263000	ttl	2	71	n/a	n/a	n/a	n/a	n/a	n/a	n/a	n/a	n/a	n/a	n/a	n/a	n/a	n/a	n/a	n/a	n/a	n/a	n/a	n/a	n/a	1315.000807	n/a
1316.077851	0.000000	263216	ttl	4	71	n/a	n/a	n/a	n/a	n/a	n/a	n/a	n/a	n/a	n/a	n/a	n/a	n/a	n/a	n/a	n/a	n/a	n/a	n/a	n/a	n/a	1316.077851	n/a
1316.094369	0.000000	263219	ttl	11	71	n/a	n/a	n/a	n/a	n/a	n/a	n/a	n/a	n/a	n/a	n/a	n/a	n/a	n/a	n/a	n/a	n/a	n/a	n/a	n/a	n/a	1316.094369	n/a
1316.676376	1.528085	263335	scene_recognition	n/a	n/a	n/a	71.0	n/a	n/a	n/a	1316.09436925	n/a	1.7277610447927145	2	3	2	HB_1_frameB.png	2	3	1319.9322224999999	1	22	n/a	n/a	intervals/recognition_table	21	1316.676376	1318.204461
1316.676376	0.000000	263335	ttl	1	71	n/a	n/a	n/a	n/a	n/a	n/a	n/a	n/a	n/a	n/a	n/a	n/a	n/a	n/a	n/a	n/a	n/a	n/a	n/a	n/a	n/a	1316.676376	n/a
1318.204461	0.000000	263641	ttl	2	71	n/a	n/a	n/a	n/a	n/a	n/a	n/a	n/a	n/a	n/a	n/a	n/a	n/a	n/a	n/a	n/a	n/a	n/a	n/a	n/a	n/a	1318.204461	n/a
1319.932222	0.000000	263986	ttl	4	71	n/a	n/a	n/a	n/a	n/a	n/a	n/a	n/a	n/a	n/a	n/a	n/a	n/a	n/a	n/a	n/a	n/a	n/a	n/a	n/a	n/a	1319.932222	n/a
1319.938928	0.000000	263988	ttl	11	71	n/a	n/a	n/a	n/a	n/a	n/a	n/a	n/a	n/a	n/a	n/a	n/a	n/a	n/a	n/a	n/a	n/a	n/a	n/a	n/a	n/a	1319.938928	n/a
1320.520876	1.527950	264104	scene_recognition	n/a	n/a	n/a	71.0	n/a	n/a	n/a	1319.93892825	n/a	2.5382187165378127	2	3	1	HB_2_frameB.png	2	4	1324.587045	1	23	n/a	n/a	intervals/recognition_table	22	1320.520876	1322.048826
1320.520876	0.000000	264104	ttl	1	71	n/a	n/a	n/a	n/a	n/a	n/a	n/a	n/a	n/a	n/a	n/a	n/a	n/a	n/a	n/a	n/a	n/a	n/a	n/a	n/a	n/a	1320.520876	n/a
1322.048826	0.000000	264410	ttl	2	71	n/a	n/a	n/a	n/a	n/a	n/a	n/a	n/a	n/a	n/a	n/a	n/a	n/a	n/a	n/a	n/a	n/a	n/a	n/a	n/a	n/a	1322.048826	n/a
1324.587045	0.000000	264917	ttl	4	71	n/a	n/a	n/a	n/a	n/a	n/a	n/a	n/a	n/a	n/a	n/a	n/a	n/a	n/a	n/a	n/a	n/a	n/a	n/a	n/a	n/a	1324.587045	n/a
1324.610958	0.000000	264922	ttl	11	71	n/a	n/a	n/a	n/a	n/a	n/a	n/a	n/a	n/a	n/a	n/a	n/a	n/a	n/a	n/a	n/a	n/a	n/a	n/a	n/a	n/a	1324.610958	n/a
1325.152799	1.527937	265031	scene_recognition	n/a	n/a	n/a	71.0	n/a	n/a	n/a	1324.61095775	n/a	1.3225558314588852	2	1	2	NB_12_frameA.png	2	3	1328.00329175	1	24	n/a	n/a	intervals/recognition_table	23	1325.152799	1326.680736
1325.152799	0.000000	265031	ttl	1	71	n/a	n/a	n/a	n/a	n/a	n/a	n/a	n/a	n/a	n/a	n/a	n/a	n/a	n/a	n/a	n/a	n/a	n/a	n/a	n/a	n/a	1325.152799	n/a
1326.680736	0.000000	265336	ttl	2	71	n/a	n/a	n/a	n/a	n/a	n/a	n/a	n/a	n/a	n/a	n/a	n/a	n/a	n/a	n/a	n/a	n/a	n/a	n/a	n/a	n/a	1326.680736	n/a
1328.003292	0.000000	265601	ttl	4	71	n/a	n/a	n/a	n/a	n/a	n/a	n/a	n/a	n/a	n/a	n/a	n/a	n/a	n/a	n/a	n/a	n/a	n/a	n/a	n/a	n/a	1328.003292	n/a
1328.024220	0.000000	265605	ttl	11	71	n/a	n/a	n/a	n/a	n/a	n/a	n/a	n/a	n/a	n/a	n/a	n/a	n/a	n/a	n/a	n/a	n/a	n/a	n/a	n/a	n/a	1328.024220	n/a
1328.546304	1.527746	265709	scene_recognition	n/a	n/a	n/a	71.0	n/a	n/a	n/a	1328.02422	n/a	0.9013434500084259	2	2	2	SB_1_frameA_foil.png	1	6	1330.9753945	0	25	n/a	n/a	intervals/recognition_table	24	1328.546304	1330.074051
1328.546304	0.000000	265709	ttl	1	71	n/a	n/a	n/a	n/a	n/a	n/a	n/a	n/a	n/a	n/a	n/a	n/a	n/a	n/a	n/a	n/a	n/a	n/a	n/a	n/a	n/a	1328.546304	n/a
1330.074051	0.000000	266015	ttl	2	71	n/a	n/a	n/a	n/a	n/a	n/a	n/a	n/a	n/a	n/a	n/a	n/a	n/a	n/a	n/a	n/a	n/a	n/a	n/a	n/a	n/a	1330.074051	n/a
1330.975394	0.000000	266195	ttl	4	71	n/a	n/a	n/a	n/a	n/a	n/a	n/a	n/a	n/a	n/a	n/a	n/a	n/a	n/a	n/a	n/a	n/a	n/a	n/a	n/a	n/a	1330.975394	n/a
1330.993445	0.000000	266199	ttl	11	71	n/a	n/a	n/a	n/a	n/a	n/a	n/a	n/a	n/a	n/a	n/a	n/a	n/a	n/a	n/a	n/a	n/a	n/a	n/a	n/a	n/a	1330.993445	n/a
1331.535213	1.528017	266307	scene_recognition	n/a	n/a	n/a	71.0	n/a	n/a	n/a	1330.99344525	n/a	1.72696506549255	2	3	2	HB_9_frameA.png	2	3	1334.7901944999999	1	26	n/a	n/a	intervals/recognition_table	25	1331.535213	1333.063230
1331.535213	0.000000	266307	ttl	1	71	n/a	n/a	n/a	n/a	n/a	n/a	n/a	n/a	n/a	n/a	n/a	n/a	n/a	n/a	n/a	n/a	n/a	n/a	n/a	n/a	n/a	1331.535213	n/a
1333.063230	0.000000	266613	ttl	2	71	n/a	n/a	n/a	n/a	n/a	n/a	n/a	n/a	n/a	n/a	n/a	n/a	n/a	n/a	n/a	n/a	n/a	n/a	n/a	n/a	n/a	1333.063230	n/a
1334.790194	0.000000	266958	ttl	4	71	n/a	n/a	n/a	n/a	n/a	n/a	n/a	n/a	n/a	n/a	n/a	n/a	n/a	n/a	n/a	n/a	n/a	n/a	n/a	n/a	n/a	1334.790194	n/a
1334.800094	0.000000	266960	ttl	11	71	n/a	n/a	n/a	n/a	n/a	n/a	n/a	n/a	n/a	n/a	n/a	n/a	n/a	n/a	n/a	n/a	n/a	n/a	n/a	n/a	n/a	1334.800094	n/a
1335.301779	1.527834	267060	scene_recognition	n/a	n/a	n/a	71.0	n/a	n/a	n/a	1334.800094	n/a	1.8964109891967382	2	2	2	SB_1_frameB.png	2	3	1338.72602375	1	27	n/a	n/a	intervals/recognition_table	26	1335.301779	1336.829613
1335.301779	0.000000	267060	ttl	1	71	n/a	n/a	n/a	n/a	n/a	n/a	n/a	n/a	n/a	n/a	n/a	n/a	n/a	n/a	n/a	n/a	n/a	n/a	n/a	n/a	n/a	1335.301779	n/a
1336.829613	0.000000	267366	ttl	2	71	n/a	n/a	n/a	n/a	n/a	n/a	n/a	n/a	n/a	n/a	n/a	n/a	n/a	n/a	n/a	n/a	n/a	n/a	n/a	n/a	n/a	1336.829613	n/a
1338.726024	0.000000	267745	ttl	4	71	n/a	n/a	n/a	n/a	n/a	n/a	n/a	n/a	n/a	n/a	n/a	n/a	n/a	n/a	n/a	n/a	n/a	n/a	n/a	n/a	n/a	1338.726024	n/a
1338.737723	0.000000	267748	ttl	11	71	n/a	n/a	n/a	n/a	n/a	n/a	n/a	n/a	n/a	n/a	n/a	n/a	n/a	n/a	n/a	n/a	n/a	n/a	n/a	n/a	n/a	1338.737723	n/a
1339.319725	1.527891	267864	scene_recognition	n/a	n/a	n/a	71.0	n/a	n/a	n/a	1338.7377227499999	n/a	0.6300678658735706	2	3	1	HB_3_frameA_foil.png	1	5	1341.477684	0	28	n/a	n/a	intervals/recognition_table	27	1339.319725	1340.847616
1339.319725	0.000000	267864	ttl	1	71	n/a	n/a	n/a	n/a	n/a	n/a	n/a	n/a	n/a	n/a	n/a	n/a	n/a	n/a	n/a	n/a	n/a	n/a	n/a	n/a	n/a	1339.319725	n/a
1340.847616	0.000000	268170	ttl	2	71	n/a	n/a	n/a	n/a	n/a	n/a	n/a	n/a	n/a	n/a	n/a	n/a	n/a	n/a	n/a	n/a	n/a	n/a	n/a	n/a	n/a	1340.847616	n/a
1341.477684	0.000000	268296	ttl	4	71	n/a	n/a	n/a	n/a	n/a	n/a	n/a	n/a	n/a	n/a	n/a	n/a	n/a	n/a	n/a	n/a	n/a	n/a	n/a	n/a	n/a	1341.477684	n/a
1341.486190	0.000000	268297	ttl	11	71	n/a	n/a	n/a	n/a	n/a	n/a	n/a	n/a	n/a	n/a	n/a	n/a	n/a	n/a	n/a	n/a	n/a	n/a	n/a	n/a	n/a	1341.486190	n/a
1342.028029	1.527845	268406	scene_recognition	n/a	n/a	n/a	71.0	n/a	n/a	n/a	1341.4861899999999	n/a	0.7012739901838358	2	2	2	SB_6_frameA_foil.png	1	6	1344.257148	0	29	n/a	n/a	intervals/recognition_table	28	1342.028029	1343.555874
1342.028029	0.000000	268406	ttl	1	71	n/a	n/a	n/a	n/a	n/a	n/a	n/a	n/a	n/a	n/a	n/a	n/a	n/a	n/a	n/a	n/a	n/a	n/a	n/a	n/a	n/a	1342.028029	n/a
1343.555874	0.000000	268711	ttl	2	71	n/a	n/a	n/a	n/a	n/a	n/a	n/a	n/a	n/a	n/a	n/a	n/a	n/a	n/a	n/a	n/a	n/a	n/a	n/a	n/a	n/a	1343.555874	n/a
1344.257148	0.000000	268851	ttl	4	71	n/a	n/a	n/a	n/a	n/a	n/a	n/a	n/a	n/a	n/a	n/a	n/a	n/a	n/a	n/a	n/a	n/a	n/a	n/a	n/a	n/a	1344.257148	n/a
1344.264587	0.000000	268853	ttl	11	71	n/a	n/a	n/a	n/a	n/a	n/a	n/a	n/a	n/a	n/a	n/a	n/a	n/a	n/a	n/a	n/a	n/a	n/a	n/a	n/a	n/a	1344.264587	n/a
1344.786312	1.528037	268957	scene_recognition	n/a	n/a	n/a	71.0	n/a	n/a	n/a	1344.26458675	n/a	0.6740910939406604	2	3	2	HB_6_frameA.png	2	3	1346.9884407499999	1	30	n/a	n/a	intervals/recognition_table	29	1344.786312	1346.314349
1344.786312	0.000000	268957	ttl	1	71	n/a	n/a	n/a	n/a	n/a	n/a	n/a	n/a	n/a	n/a	n/a	n/a	n/a	n/a	n/a	n/a	n/a	n/a	n/a	n/a	n/a	1344.786312	n/a
1346.314349	0.000000	269263	ttl	2	71	n/a	n/a	n/a	n/a	n/a	n/a	n/a	n/a	n/a	n/a	n/a	n/a	n/a	n/a	n/a	n/a	n/a	n/a	n/a	n/a	n/a	1346.314349	n/a
1346.988441	0.000000	269398	ttl	4	71	n/a	n/a	n/a	n/a	n/a	n/a	n/a	n/a	n/a	n/a	n/a	n/a	n/a	n/a	n/a	n/a	n/a	n/a	n/a	n/a	n/a	1346.988441	n/a
1346.998671	0.000000	269400	ttl	11	71	n/a	n/a	n/a	n/a	n/a	n/a	n/a	n/a	n/a	n/a	n/a	n/a	n/a	n/a	n/a	n/a	n/a	n/a	n/a	n/a	n/a	1346.998671	n/a
1347.580657	1.527845	269516	scene_recognition	n/a	n/a	n/a	71.0	n/a	n/a	n/a	1346.99867075	n/a	0.3470410744776018	2	3	1	HB_5_frameB_foil.png	1	5	1349.455543	0	31	n/a	n/a	intervals/recognition_table	30	1347.580657	1349.108502
1347.580657	0.000000	269516	ttl	1	71	n/a	n/a	n/a	n/a	n/a	n/a	n/a	n/a	n/a	n/a	n/a	n/a	n/a	n/a	n/a	n/a	n/a	n/a	n/a	n/a	n/a	1347.580657	n/a
1349.108502	0.000000	269822	ttl	2	71	n/a	n/a	n/a	n/a	n/a	n/a	n/a	n/a	n/a	n/a	n/a	n/a	n/a	n/a	n/a	n/a	n/a	n/a	n/a	n/a	n/a	1349.108502	n/a
1349.455543	0.000000	269891	ttl	4	71	n/a	n/a	n/a	n/a	n/a	n/a	n/a	n/a	n/a	n/a	n/a	n/a	n/a	n/a	n/a	n/a	n/a	n/a	n/a	n/a	n/a	1349.455543	n/a
1349.472653	0.000000	269895	ttl	11	71	n/a	n/a	n/a	n/a	n/a	n/a	n/a	n/a	n/a	n/a	n/a	n/a	n/a	n/a	n/a	n/a	n/a	n/a	n/a	n/a	n/a	1349.472653	n/a
1350.074693	1.527870	270015	scene_recognition	n/a	n/a	n/a	71.0	n/a	n/a	n/a	1349.4726535	n/a	1.60886175216001	2	1	2	NB_6_frameB_foil.png	1	6	1353.21142425	0	32	n/a	n/a	intervals/recognition_table	31	1350.074693	1351.602562
1350.074693	0.000000	270015	ttl	1	71	n/a	n/a	n/a	n/a	n/a	n/a	n/a	n/a	n/a	n/a	n/a	n/a	n/a	n/a	n/a	n/a	n/a	n/a	n/a	n/a	n/a	1350.074693	n/a
1351.602562	0.000000	270321	ttl	2	71	n/a	n/a	n/a	n/a	n/a	n/a	n/a	n/a	n/a	n/a	n/a	n/a	n/a	n/a	n/a	n/a	n/a	n/a	n/a	n/a	n/a	1351.602562	n/a
1353.211424	0.000000	270642	ttl	4	71	n/a	n/a	n/a	n/a	n/a	n/a	n/a	n/a	n/a	n/a	n/a	n/a	n/a	n/a	n/a	n/a	n/a	n/a	n/a	n/a	n/a	1353.211424	n/a
1353.235798	0.000000	270647	ttl	11	71	n/a	n/a	n/a	n/a	n/a	n/a	n/a	n/a	n/a	n/a	n/a	n/a	n/a	n/a	n/a	n/a	n/a	n/a	n/a	n/a	n/a	1353.235798	n/a
1353.737651	1.528014	270748	scene_recognition	n/a	n/a	n/a	71.0	n/a	n/a	n/a	1353.235798	n/a	1.7640544809983112	2	3	2	HB_1_frameA.png	2	3	1357.0297202499999	1	33	n/a	n/a	intervals/recognition_table	32	1353.737651	1355.265666
1353.737651	0.000000	270748	ttl	1	71	n/a	n/a	n/a	n/a	n/a	n/a	n/a	n/a	n/a	n/a	n/a	n/a	n/a	n/a	n/a	n/a	n/a	n/a	n/a	n/a	n/a	1353.737651	n/a
1355.265666	0.000000	271053	ttl	2	71	n/a	n/a	n/a	n/a	n/a	n/a	n/a	n/a	n/a	n/a	n/a	n/a	n/a	n/a	n/a	n/a	n/a	n/a	n/a	n/a	n/a	1355.265666	n/a
1357.029720	0.000000	271406	ttl	4	71	n/a	n/a	n/a	n/a	n/a	n/a	n/a	n/a	n/a	n/a	n/a	n/a	n/a	n/a	n/a	n/a	n/a	n/a	n/a	n/a	n/a	1357.029720	n/a
1357.038162	0.000000	271408	ttl	11	71	n/a	n/a	n/a	n/a	n/a	n/a	n/a	n/a	n/a	n/a	n/a	n/a	n/a	n/a	n/a	n/a	n/a	n/a	n/a	n/a	n/a	1357.038162	n/a
1357.559955	1.527783	271512	scene_recognition	n/a	n/a	n/a	71.0	n/a	n/a	n/a	1357.03816175	n/a	1.9510685189452488	2	2	1	SB_7_frameA_foil.png	1	5	1361.03880675	0	34	n/a	n/a	intervals/recognition_table	33	1357.559955	1359.087738
1357.559955	0.000000	271512	ttl	1	71	n/a	n/a	n/a	n/a	n/a	n/a	n/a	n/a	n/a	n/a	n/a	n/a	n/a	n/a	n/a	n/a	n/a	n/a	n/a	n/a	n/a	1357.559955	n/a
1359.087738	0.000000	271818	ttl	2	71	n/a	n/a	n/a	n/a	n/a	n/a	n/a	n/a	n/a	n/a	n/a	n/a	n/a	n/a	n/a	n/a	n/a	n/a	n/a	n/a	n/a	1359.087738	n/a
1361.038807	0.000000	272208	ttl	4	71	n/a	n/a	n/a	n/a	n/a	n/a	n/a	n/a	n/a	n/a	n/a	n/a	n/a	n/a	n/a	n/a	n/a	n/a	n/a	n/a	n/a	1361.038807	n/a
1361.062979	0.000000	272213	ttl	11	71	n/a	n/a	n/a	n/a	n/a	n/a	n/a	n/a	n/a	n/a	n/a	n/a	n/a	n/a	n/a	n/a	n/a	n/a	n/a	n/a	n/a	1361.062979	n/a
1361.584937	1.527981	272317	scene_recognition	n/a	n/a	n/a	71.0	n/a	n/a	n/a	1361.06297925	n/a	1.274775487559964	2	2	2	SB_5_frameA.png	2	3	1364.38769275	1	35	n/a	n/a	intervals/recognition_table	34	1361.584937	1363.112917
1361.584937	0.000000	272317	ttl	1	71	n/a	n/a	n/a	n/a	n/a	n/a	n/a	n/a	n/a	n/a	n/a	n/a	n/a	n/a	n/a	n/a	n/a	n/a	n/a	n/a	n/a	1361.584937	n/a
1363.112917	0.000000	272623	ttl	2	71	n/a	n/a	n/a	n/a	n/a	n/a	n/a	n/a	n/a	n/a	n/a	n/a	n/a	n/a	n/a	n/a	n/a	n/a	n/a	n/a	n/a	1363.112917	n/a
1364.387693	0.000000	272878	ttl	4	71	n/a	n/a	n/a	n/a	n/a	n/a	n/a	n/a	n/a	n/a	n/a	n/a	n/a	n/a	n/a	n/a	n/a	n/a	n/a	n/a	n/a	1364.387693	n/a
1364.407923	0.000000	272882	ttl	11	71	n/a	n/a	n/a	n/a	n/a	n/a	n/a	n/a	n/a	n/a	n/a	n/a	n/a	n/a	n/a	n/a	n/a	n/a	n/a	n/a	n/a	1364.407923	n/a
1364.909611	1.528012	272982	scene_recognition	n/a	n/a	n/a	71.0	n/a	n/a	n/a	1364.4079235	n/a	1.898560224493849	2	1	2	NB_4_frameA.png	2	3	1368.3361825	1	36	n/a	n/a	intervals/recognition_table	35	1364.909611	1366.437622
1364.909611	0.000000	272982	ttl	1	71	n/a	n/a	n/a	n/a	n/a	n/a	n/a	n/a	n/a	n/a	n/a	n/a	n/a	n/a	n/a	n/a	n/a	n/a	n/a	n/a	n/a	1364.909611	n/a
1366.437622	0.000000	273288	ttl	2	71	n/a	n/a	n/a	n/a	n/a	n/a	n/a	n/a	n/a	n/a	n/a	n/a	n/a	n/a	n/a	n/a	n/a	n/a	n/a	n/a	n/a	1366.437622	n/a
1368.336182	0.000000	273667	ttl	4	71	n/a	n/a	n/a	n/a	n/a	n/a	n/a	n/a	n/a	n/a	n/a	n/a	n/a	n/a	n/a	n/a	n/a	n/a	n/a	n/a	n/a	1368.336182	n/a
1368.357674	0.000000	273672	ttl	11	71	n/a	n/a	n/a	n/a	n/a	n/a	n/a	n/a	n/a	n/a	n/a	n/a	n/a	n/a	n/a	n/a	n/a	n/a	n/a	n/a	n/a	1368.357674	n/a
1368.919529	1.528032	273784	scene_recognition	n/a	n/a	n/a	71.0	n/a	n/a	n/a	1368.35767425	n/a	2.346870492969174	2	3	1	HB_1_frameA.png	2	4	1372.7944315	1	37	n/a	n/a	intervals/recognition_table	36	1368.919529	1370.447561
1368.919529	0.000000	273784	ttl	1	71	n/a	n/a	n/a	n/a	n/a	n/a	n/a	n/a	n/a	n/a	n/a	n/a	n/a	n/a	n/a	n/a	n/a	n/a	n/a	n/a	n/a	1368.919529	n/a
1370.447561	0.000000	274090	ttl	2	71	n/a	n/a	n/a	n/a	n/a	n/a	n/a	n/a	n/a	n/a	n/a	n/a	n/a	n/a	n/a	n/a	n/a	n/a	n/a	n/a	n/a	1370.447561	n/a
1372.794431	0.000000	274559	ttl	4	71	n/a	n/a	n/a	n/a	n/a	n/a	n/a	n/a	n/a	n/a	n/a	n/a	n/a	n/a	n/a	n/a	n/a	n/a	n/a	n/a	n/a	1372.794431	n/a
1372.805750	0.000000	274561	ttl	11	71	n/a	n/a	n/a	n/a	n/a	n/a	n/a	n/a	n/a	n/a	n/a	n/a	n/a	n/a	n/a	n/a	n/a	n/a	n/a	n/a	n/a	1372.805750	n/a
1373.367665	1.527813	274674	scene_recognition	n/a	n/a	n/a	71.0	n/a	n/a	n/a	1372.80574975	n/a	1.317205643572379	2	2	2	SB_6_frameB.png	2	3	1376.21268425	1	38	n/a	n/a	intervals/recognition_table	37	1373.367665	1374.895478
1373.367665	0.000000	274674	ttl	1	71	n/a	n/a	n/a	n/a	n/a	n/a	n/a	n/a	n/a	n/a	n/a	n/a	n/a	n/a	n/a	n/a	n/a	n/a	n/a	n/a	n/a	1373.367665	n/a
1374.895478	0.000000	274979	ttl	2	71	n/a	n/a	n/a	n/a	n/a	n/a	n/a	n/a	n/a	n/a	n/a	n/a	n/a	n/a	n/a	n/a	n/a	n/a	n/a	n/a	n/a	1374.895478	n/a
1376.212684	0.000000	275243	ttl	4	71	n/a	n/a	n/a	n/a	n/a	n/a	n/a	n/a	n/a	n/a	n/a	n/a	n/a	n/a	n/a	n/a	n/a	n/a	n/a	n/a	n/a	1376.212684	n/a
1376.221335	0.000000	275244	ttl	11	71	n/a	n/a	n/a	n/a	n/a	n/a	n/a	n/a	n/a	n/a	n/a	n/a	n/a	n/a	n/a	n/a	n/a	n/a	n/a	n/a	n/a	1376.221335	n/a
1376.803379	1.528500	275361	scene_recognition	n/a	n/a	n/a	71.0	n/a	n/a	n/a	1376.22133525	n/a	1.1266067317628767	2	3	1	HB_5_frameA.png	2	4	1379.4584865	1	39	n/a	n/a	intervals/recognition_table	38	1376.803379	1378.331880
1376.803379	0.000000	275361	ttl	1	71	n/a	n/a	n/a	n/a	n/a	n/a	n/a	n/a	n/a	n/a	n/a	n/a	n/a	n/a	n/a	n/a	n/a	n/a	n/a	n/a	n/a	1376.803379	n/a
1378.331880	0.000000	275666	ttl	2	71	n/a	n/a	n/a	n/a	n/a	n/a	n/a	n/a	n/a	n/a	n/a	n/a	n/a	n/a	n/a	n/a	n/a	n/a	n/a	n/a	n/a	1378.331880	n/a
1379.458486	0.000000	275892	ttl	4	71	n/a	n/a	n/a	n/a	n/a	n/a	n/a	n/a	n/a	n/a	n/a	n/a	n/a	n/a	n/a	n/a	n/a	n/a	n/a	n/a	n/a	1379.458486	n/a
1379.477535	0.000000	275896	ttl	11	71	n/a	n/a	n/a	n/a	n/a	n/a	n/a	n/a	n/a	n/a	n/a	n/a	n/a	n/a	n/a	n/a	n/a	n/a	n/a	n/a	n/a	1379.477535	n/a
1380.079741	1.527900	276016	scene_recognition	n/a	n/a	n/a	71.0	n/a	n/a	n/a	1379.47753475	n/a	0.8268316001922358	2	2	2	SB_8_frameA.png	2	3	1382.4344724999999	1	40	n/a	n/a	intervals/recognition_table	39	1380.079741	1381.607641
1380.079741	0.000000	276016	ttl	1	71	n/a	n/a	n/a	n/a	n/a	n/a	n/a	n/a	n/a	n/a	n/a	n/a	n/a	n/a	n/a	n/a	n/a	n/a	n/a	n/a	n/a	1380.079741	n/a
1381.607641	0.000000	276322	ttl	2	71	n/a	n/a	n/a	n/a	n/a	n/a	n/a	n/a	n/a	n/a	n/a	n/a	n/a	n/a	n/a	n/a	n/a	n/a	n/a	n/a	n/a	1381.607641	n/a
1382.434472	0.000000	276487	ttl	4	71	n/a	n/a	n/a	n/a	n/a	n/a	n/a	n/a	n/a	n/a	n/a	n/a	n/a	n/a	n/a	n/a	n/a	n/a	n/a	n/a	n/a	1382.434472	n/a
1382.455895	0.000000	276491	ttl	11	71	n/a	n/a	n/a	n/a	n/a	n/a	n/a	n/a	n/a	n/a	n/a	n/a	n/a	n/a	n/a	n/a	n/a	n/a	n/a	n/a	n/a	1382.455895	n/a
1382.997764	1.527803	276600	scene_recognition	n/a	n/a	n/a	71.0	n/a	n/a	n/a	1382.45589525	n/a	1.928300867541111	2	1	1	NB_23_frameA_foil.png	1	5	1386.45386825	0	41	n/a	n/a	intervals/recognition_table	40	1382.997764	1384.525567
1382.997764	0.000000	276600	ttl	1	71	n/a	n/a	n/a	n/a	n/a	n/a	n/a	n/a	n/a	n/a	n/a	n/a	n/a	n/a	n/a	n/a	n/a	n/a	n/a	n/a	n/a	1382.997764	n/a
1384.525567	0.000000	276905	ttl	2	71	n/a	n/a	n/a	n/a	n/a	n/a	n/a	n/a	n/a	n/a	n/a	n/a	n/a	n/a	n/a	n/a	n/a	n/a	n/a	n/a	n/a	1384.525567	n/a
1386.453868	0.000000	277291	ttl	4	71	n/a	n/a	n/a	n/a	n/a	n/a	n/a	n/a	n/a	n/a	n/a	n/a	n/a	n/a	n/a	n/a	n/a	n/a	n/a	n/a	n/a	1386.453868	n/a
1386.468803	0.000000	277294	ttl	11	71	n/a	n/a	n/a	n/a	n/a	n/a	n/a	n/a	n/a	n/a	n/a	n/a	n/a	n/a	n/a	n/a	n/a	n/a	n/a	n/a	n/a	1386.468803	n/a
1387.010658	1.527895	277402	scene_recognition	n/a	n/a	n/a	71.0	n/a	n/a	n/a	1386.4688025	n/a	1.2243313215876697	2	3	2	HB_3_frameB_foil.png	1	6	1389.7628849999999	0	42	n/a	n/a	intervals/recognition_table	41	1387.010658	1388.538554
1387.010658	0.000000	277402	ttl	1	71	n/a	n/a	n/a	n/a	n/a	n/a	n/a	n/a	n/a	n/a	n/a	n/a	n/a	n/a	n/a	n/a	n/a	n/a	n/a	n/a	n/a	1387.010658	n/a
1388.538554	0.000000	277708	ttl	2	71	n/a	n/a	n/a	n/a	n/a	n/a	n/a	n/a	n/a	n/a	n/a	n/a	n/a	n/a	n/a	n/a	n/a	n/a	n/a	n/a	n/a	1388.538554	n/a
1389.762885	0.000000	277953	ttl	4	71	n/a	n/a	n/a	n/a	n/a	n/a	n/a	n/a	n/a	n/a	n/a	n/a	n/a	n/a	n/a	n/a	n/a	n/a	n/a	n/a	n/a	1389.762885	n/a
1389.771502	0.000000	277954	ttl	11	71	n/a	n/a	n/a	n/a	n/a	n/a	n/a	n/a	n/a	n/a	n/a	n/a	n/a	n/a	n/a	n/a	n/a	n/a	n/a	n/a	n/a	1389.771502	n/a
1390.313564	1.527895	278063	scene_recognition	n/a	n/a	n/a	71.0	n/a	n/a	n/a	1389.7715019999998	n/a	0.8574227582575986	2	2	2	SB_5_frameB_foil.png	1	6	1392.69888225	0	43	n/a	n/a	intervals/recognition_table	42	1390.313564	1391.841459
1390.313564	0.000000	278063	ttl	1	71	n/a	n/a	n/a	n/a	n/a	n/a	n/a	n/a	n/a	n/a	n/a	n/a	n/a	n/a	n/a	n/a	n/a	n/a	n/a	n/a	n/a	1390.313564	n/a
1391.841459	0.000000	278368	ttl	2	71	n/a	n/a	n/a	n/a	n/a	n/a	n/a	n/a	n/a	n/a	n/a	n/a	n/a	n/a	n/a	n/a	n/a	n/a	n/a	n/a	n/a	1391.841459	n/a
1392.698882	0.000000	278540	ttl	4	71	n/a	n/a	n/a	n/a	n/a	n/a	n/a	n/a	n/a	n/a	n/a	n/a	n/a	n/a	n/a	n/a	n/a	n/a	n/a	n/a	n/a	1392.698882	n/a
1392.716371	0.000000	278543	ttl	11	71	n/a	n/a	n/a	n/a	n/a	n/a	n/a	n/a	n/a	n/a	n/a	n/a	n/a	n/a	n/a	n/a	n/a	n/a	n/a	n/a	n/a	1392.716371	n/a
1393.218126	1.528210	278644	scene_recognition	n/a	n/a	n/a	71.0	n/a	n/a	n/a	1392.7163715	n/a	1.008258046611445	2	3	2	HB_1_frameB.png	2	3	1395.7545942499999	1	44	n/a	n/a	intervals/recognition_table	43	1393.218126	1394.746336
1393.218126	0.000000	278644	ttl	1	71	n/a	n/a	n/a	n/a	n/a	n/a	n/a	n/a	n/a	n/a	n/a	n/a	n/a	n/a	n/a	n/a	n/a	n/a	n/a	n/a	n/a	1393.218126	n/a
1394.746336	0.000000	278949	ttl	2	71	n/a	n/a	n/a	n/a	n/a	n/a	n/a	n/a	n/a	n/a	n/a	n/a	n/a	n/a	n/a	n/a	n/a	n/a	n/a	n/a	n/a	1394.746336	n/a
1395.754594	0.000000	279151	ttl	4	71	n/a	n/a	n/a	n/a	n/a	n/a	n/a	n/a	n/a	n/a	n/a	n/a	n/a	n/a	n/a	n/a	n/a	n/a	n/a	n/a	n/a	1395.754594	n/a
1395.775126	0.000000	279155	ttl	11	71	n/a	n/a	n/a	n/a	n/a	n/a	n/a	n/a	n/a	n/a	n/a	n/a	n/a	n/a	n/a	n/a	n/a	n/a	n/a	n/a	n/a	1395.775126	n/a
1396.276817	1.527997	279255	scene_recognition	n/a	n/a	n/a	71.0	n/a	n/a	n/a	1395.7751265	n/a	2.6681395111663733	2	1	1	NB_20_frameA.png	2	4	1400.4729539999998	1	45	n/a	n/a	intervals/recognition_table	44	1396.276817	1397.804815
1396.276817	0.000000	279255	ttl	1	71	n/a	n/a	n/a	n/a	n/a	n/a	n/a	n/a	n/a	n/a	n/a	n/a	n/a	n/a	n/a	n/a	n/a	n/a	n/a	n/a	n/a	1396.276817	n/a
1397.804815	0.000000	279561	ttl	2	71	n/a	n/a	n/a	n/a	n/a	n/a	n/a	n/a	n/a	n/a	n/a	n/a	n/a	n/a	n/a	n/a	n/a	n/a	n/a	n/a	n/a	1397.804815	n/a
1400.472954	0.000000	280095	ttl	4	71	n/a	n/a	n/a	n/a	n/a	n/a	n/a	n/a	n/a	n/a	n/a	n/a	n/a	n/a	n/a	n/a	n/a	n/a	n/a	n/a	n/a	1400.472954	n/a
1400.487936	0.000000	280098	ttl	11	71	n/a	n/a	n/a	n/a	n/a	n/a	n/a	n/a	n/a	n/a	n/a	n/a	n/a	n/a	n/a	n/a	n/a	n/a	n/a	n/a	n/a	1400.487936	n/a
1401.009919	1.527932	280202	scene_recognition	n/a	n/a	n/a	71.0	n/a	n/a	n/a	1400.4879362499998	n/a	0.9828645480884006	2	2	2	SB_7_frameB.png	2	3	1403.5207149999999	1	46	n/a	n/a	intervals/recognition_table	45	1401.009919	1402.537850
1401.009919	0.000000	280202	ttl	1	71	n/a	n/a	n/a	n/a	n/a	n/a	n/a	n/a	n/a	n/a	n/a	n/a	n/a	n/a	n/a	n/a	n/a	n/a	n/a	n/a	n/a	1401.009919	n/a
1402.537850	0.000000	280508	ttl	2	71	n/a	n/a	n/a	n/a	n/a	n/a	n/a	n/a	n/a	n/a	n/a	n/a	n/a	n/a	n/a	n/a	n/a	n/a	n/a	n/a	n/a	1402.537850	n/a
1403.520715	0.000000	280704	ttl	4	71	n/a	n/a	n/a	n/a	n/a	n/a	n/a	n/a	n/a	n/a	n/a	n/a	n/a	n/a	n/a	n/a	n/a	n/a	n/a	n/a	n/a	1403.520715	n/a
1403.539706	0.000000	280708	ttl	11	71	n/a	n/a	n/a	n/a	n/a	n/a	n/a	n/a	n/a	n/a	n/a	n/a	n/a	n/a	n/a	n/a	n/a	n/a	n/a	n/a	n/a	1403.539706	n/a
1404.141744	1.528141	280828	scene_recognition	n/a	n/a	n/a	71.0	n/a	n/a	n/a	1403.539706	n/a	0.7939796514256159	2	2	2	SB_1_frameB_foil.png	1	6	1406.4638645	0	47	n/a	n/a	intervals/recognition_table	46	1404.141744	1405.669885
1404.141744	0.000000	280828	ttl	1	71	n/a	n/a	n/a	n/a	n/a	n/a	n/a	n/a	n/a	n/a	n/a	n/a	n/a	n/a	n/a	n/a	n/a	n/a	n/a	n/a	n/a	1404.141744	n/a
1405.669885	0.000000	281134	ttl	2	71	n/a	n/a	n/a	n/a	n/a	n/a	n/a	n/a	n/a	n/a	n/a	n/a	n/a	n/a	n/a	n/a	n/a	n/a	n/a	n/a	n/a	1405.669885	n/a
1406.463864	0.000000	281293	ttl	4	71	n/a	n/a	n/a	n/a	n/a	n/a	n/a	n/a	n/a	n/a	n/a	n/a	n/a	n/a	n/a	n/a	n/a	n/a	n/a	n/a	n/a	1406.463864	n/a
1406.477572	0.000000	281296	ttl	11	71	n/a	n/a	n/a	n/a	n/a	n/a	n/a	n/a	n/a	n/a	n/a	n/a	n/a	n/a	n/a	n/a	n/a	n/a	n/a	n/a	n/a	1406.477572	n/a
1406.979336	1.527873	281396	scene_recognition	n/a	n/a	n/a	71.0	n/a	n/a	n/a	1406.47757175	n/a	1.743104936394957	2	1	1	NB_22_frameA.png	2	4	1410.250314	1	48	n/a	n/a	intervals/recognition_table	47	1406.979336	1408.507209
1406.979336	0.000000	281396	ttl	1	71	n/a	n/a	n/a	n/a	n/a	n/a	n/a	n/a	n/a	n/a	n/a	n/a	n/a	n/a	n/a	n/a	n/a	n/a	n/a	n/a	n/a	1406.979336	n/a
1408.507209	0.000000	281701	ttl	2	71	n/a	n/a	n/a	n/a	n/a	n/a	n/a	n/a	n/a	n/a	n/a	n/a	n/a	n/a	n/a	n/a	n/a	n/a	n/a	n/a	n/a	1408.507209	n/a
1410.250314	0.000000	282050	ttl	4	71	n/a	n/a	n/a	n/a	n/a	n/a	n/a	n/a	n/a	n/a	n/a	n/a	n/a	n/a	n/a	n/a	n/a	n/a	n/a	n/a	n/a	1410.250314	n/a
1410.259745	0.000000	282052	ttl	11	71	n/a	n/a	n/a	n/a	n/a	n/a	n/a	n/a	n/a	n/a	n/a	n/a	n/a	n/a	n/a	n/a	n/a	n/a	n/a	n/a	n/a	1410.259745	n/a
1410.801734	1.527828	282160	scene_recognition	n/a	n/a	n/a	71.0	n/a	n/a	n/a	1410.25974475	n/a	0.9966019391140435	2	1	2	NB_30_frameB_foil.png	1	6	1413.3261639999998	0	49	n/a	n/a	intervals/recognition_table	48	1410.801734	1412.329562
1410.801734	0.000000	282160	ttl	1	71	n/a	n/a	n/a	n/a	n/a	n/a	n/a	n/a	n/a	n/a	n/a	n/a	n/a	n/a	n/a	n/a	n/a	n/a	n/a	n/a	n/a	1410.801734	n/a
1412.329562	0.000000	282466	ttl	2	71	n/a	n/a	n/a	n/a	n/a	n/a	n/a	n/a	n/a	n/a	n/a	n/a	n/a	n/a	n/a	n/a	n/a	n/a	n/a	n/a	n/a	1412.329562	n/a
1413.326164	0.000000	282665	ttl	4	71	n/a	n/a	n/a	n/a	n/a	n/a	n/a	n/a	n/a	n/a	n/a	n/a	n/a	n/a	n/a	n/a	n/a	n/a	n/a	n/a	n/a	1413.326164	n/a
1413.335705	0.000000	282667	ttl	11	71	n/a	n/a	n/a	n/a	n/a	n/a	n/a	n/a	n/a	n/a	n/a	n/a	n/a	n/a	n/a	n/a	n/a	n/a	n/a	n/a	n/a	1413.335705	n/a
1413.857465	1.527852	282771	scene_recognition	n/a	n/a	n/a	71.0	n/a	n/a	n/a	1413.3357055	n/a	0.5775303513073595	2	3	2	HB_5_frameB.png	2	3	1415.96284775	1	50	n/a	n/a	intervals/recognition_table	49	1413.857465	1415.385317
1413.857465	0.000000	282771	ttl	1	71	n/a	n/a	n/a	n/a	n/a	n/a	n/a	n/a	n/a	n/a	n/a	n/a	n/a	n/a	n/a	n/a	n/a	n/a	n/a	n/a	n/a	1413.857465	n/a
1415.385317	0.000000	283077	ttl	2	71	n/a	n/a	n/a	n/a	n/a	n/a	n/a	n/a	n/a	n/a	n/a	n/a	n/a	n/a	n/a	n/a	n/a	n/a	n/a	n/a	n/a	1415.385317	n/a
1415.962848	0.000000	283193	ttl	4	71	n/a	n/a	n/a	n/a	n/a	n/a	n/a	n/a	n/a	n/a	n/a	n/a	n/a	n/a	n/a	n/a	n/a	n/a	n/a	n/a	n/a	1415.962848	n/a
1415.968926	0.000000	283194	ttl	11	71	n/a	n/a	n/a	n/a	n/a	n/a	n/a	n/a	n/a	n/a	n/a	n/a	n/a	n/a	n/a	n/a	n/a	n/a	n/a	n/a	n/a	1415.968926	n/a
1416.530795	1.527934	283306	scene_recognition	n/a	n/a	n/a	71.0	n/a	n/a	n/a	1415.9689262499999	n/a	2.5829182778688846	2	1	1	NB_16_frameA.png	2	4	1420.6416474999999	1	51	n/a	n/a	intervals/recognition_table	50	1416.530795	1418.058729
1416.530795	0.000000	283306	ttl	1	71	n/a	n/a	n/a	n/a	n/a	n/a	n/a	n/a	n/a	n/a	n/a	n/a	n/a	n/a	n/a	n/a	n/a	n/a	n/a	n/a	n/a	1416.530795	n/a
1418.058729	0.000000	283612	ttl	2	71	n/a	n/a	n/a	n/a	n/a	n/a	n/a	n/a	n/a	n/a	n/a	n/a	n/a	n/a	n/a	n/a	n/a	n/a	n/a	n/a	n/a	1418.058729	n/a
1420.641647	0.000000	284128	ttl	4	71	n/a	n/a	n/a	n/a	n/a	n/a	n/a	n/a	n/a	n/a	n/a	n/a	n/a	n/a	n/a	n/a	n/a	n/a	n/a	n/a	n/a	1420.641647	n/a
1420.657620	0.000000	284132	ttl	11	71	n/a	n/a	n/a	n/a	n/a	n/a	n/a	n/a	n/a	n/a	n/a	n/a	n/a	n/a	n/a	n/a	n/a	n/a	n/a	n/a	n/a	1420.657620	n/a
1421.259642	1.527897	284252	scene_recognition	n/a	n/a	n/a	71.0	n/a	n/a	n/a	1420.6576195	n/a	0.9572387789667118	2	2	2	SB_3_frameB.png	2	3	1423.74477725	1	52	n/a	n/a	intervals/recognition_table	51	1421.259642	1422.787538
1421.259642	0.000000	284252	ttl	1	71	n/a	n/a	n/a	n/a	n/a	n/a	n/a	n/a	n/a	n/a	n/a	n/a	n/a	n/a	n/a	n/a	n/a	n/a	n/a	n/a	n/a	1421.259642	n/a
1422.787538	0.000000	284558	ttl	2	71	n/a	n/a	n/a	n/a	n/a	n/a	n/a	n/a	n/a	n/a	n/a	n/a	n/a	n/a	n/a	n/a	n/a	n/a	n/a	n/a	n/a	1422.787538	n/a
1423.744777	0.000000	284749	ttl	4	71	n/a	n/a	n/a	n/a	n/a	n/a	n/a	n/a	n/a	n/a	n/a	n/a	n/a	n/a	n/a	n/a	n/a	n/a	n/a	n/a	n/a	1423.744777	n/a
1423.760306	0.000000	284752	ttl	11	71	n/a	n/a	n/a	n/a	n/a	n/a	n/a	n/a	n/a	n/a	n/a	n/a	n/a	n/a	n/a	n/a	n/a	n/a	n/a	n/a	n/a	1423.760306	n/a
1424.302059	1.528205	284860	scene_recognition	n/a	n/a	n/a	71.0	n/a	n/a	n/a	1423.76030625	n/a	0.3223313785420032	2	3	1	HB_9_frameB.png	2	4	1426.15259475	1	53	n/a	n/a	intervals/recognition_table	52	1424.302059	1425.830264
1424.302059	0.000000	284860	ttl	1	71	n/a	n/a	n/a	n/a	n/a	n/a	n/a	n/a	n/a	n/a	n/a	n/a	n/a	n/a	n/a	n/a	n/a	n/a	n/a	n/a	n/a	1424.302059	n/a
1425.830264	0.000000	285166	ttl	2	71	n/a	n/a	n/a	n/a	n/a	n/a	n/a	n/a	n/a	n/a	n/a	n/a	n/a	n/a	n/a	n/a	n/a	n/a	n/a	n/a	n/a	1425.830264	n/a
1426.152595	0.000000	285231	ttl	4	71	n/a	n/a	n/a	n/a	n/a	n/a	n/a	n/a	n/a	n/a	n/a	n/a	n/a	n/a	n/a	n/a	n/a	n/a	n/a	n/a	n/a	1426.152595	n/a
1426.176299	0.000000	285235	ttl	11	71	n/a	n/a	n/a	n/a	n/a	n/a	n/a	n/a	n/a	n/a	n/a	n/a	n/a	n/a	n/a	n/a	n/a	n/a	n/a	n/a	n/a	1426.176299	n/a
1426.718269	1.527953	285344	scene_recognition	n/a	n/a	n/a	71.0	n/a	n/a	n/a	1426.1762992499998	n/a	1.0740037078066962	2	1	2	NB_13_frameA_foil.png	1	6	1429.3202254999999	0	54	n/a	n/a	intervals/recognition_table	53	1426.718269	1428.246222
1426.718269	0.000000	285344	ttl	1	71	n/a	n/a	n/a	n/a	n/a	n/a	n/a	n/a	n/a	n/a	n/a	n/a	n/a	n/a	n/a	n/a	n/a	n/a	n/a	n/a	n/a	1426.718269	n/a
1428.246222	0.000000	285649	ttl	2	71	n/a	n/a	n/a	n/a	n/a	n/a	n/a	n/a	n/a	n/a	n/a	n/a	n/a	n/a	n/a	n/a	n/a	n/a	n/a	n/a	n/a	1428.246222	n/a
1429.320225	0.000000	285864	ttl	4	71	n/a	n/a	n/a	n/a	n/a	n/a	n/a	n/a	n/a	n/a	n/a	n/a	n/a	n/a	n/a	n/a	n/a	n/a	n/a	n/a	n/a	1429.320225	n/a
1429.331263	0.000000	285866	ttl	11	71	n/a	n/a	n/a	n/a	n/a	n/a	n/a	n/a	n/a	n/a	n/a	n/a	n/a	n/a	n/a	n/a	n/a	n/a	n/a	n/a	n/a	1429.331263	n/a
1429.853077	1.528009	285971	scene_recognition	n/a	n/a	n/a	71.0	n/a	n/a	n/a	1429.33126275	n/a	1.1352582054241793	2	3	2	HB_4_frameB.png	2	3	1432.51634425	1	55	n/a	n/a	intervals/recognition_table	54	1429.853077	1431.381086
1429.853077	0.000000	285971	ttl	1	71	n/a	n/a	n/a	n/a	n/a	n/a	n/a	n/a	n/a	n/a	n/a	n/a	n/a	n/a	n/a	n/a	n/a	n/a	n/a	n/a	n/a	1429.853077	n/a
1431.381086	0.000000	286276	ttl	2	71	n/a	n/a	n/a	n/a	n/a	n/a	n/a	n/a	n/a	n/a	n/a	n/a	n/a	n/a	n/a	n/a	n/a	n/a	n/a	n/a	n/a	1431.381086	n/a
1432.516344	0.000000	286503	ttl	4	71	n/a	n/a	n/a	n/a	n/a	n/a	n/a	n/a	n/a	n/a	n/a	n/a	n/a	n/a	n/a	n/a	n/a	n/a	n/a	n/a	n/a	1432.516344	n/a
1432.532468	0.000000	286506	ttl	11	71	n/a	n/a	n/a	n/a	n/a	n/a	n/a	n/a	n/a	n/a	n/a	n/a	n/a	n/a	n/a	n/a	n/a	n/a	n/a	n/a	n/a	1432.532468	n/a
1433.094341	1.527895	286619	scene_recognition	n/a	n/a	n/a	71.0	n/a	n/a	n/a	1432.5324684999998	n/a	1.2072509952558903	2	1	2	NB_7_frameA_foil.png	1	6	1435.829487	0	56	n/a	n/a	intervals/recognition_table	55	1433.094341	1434.622236
1433.094341	0.000000	286619	ttl	1	71	n/a	n/a	n/a	n/a	n/a	n/a	n/a	n/a	n/a	n/a	n/a	n/a	n/a	n/a	n/a	n/a	n/a	n/a	n/a	n/a	n/a	1433.094341	n/a
1434.622236	0.000000	286924	ttl	2	71	n/a	n/a	n/a	n/a	n/a	n/a	n/a	n/a	n/a	n/a	n/a	n/a	n/a	n/a	n/a	n/a	n/a	n/a	n/a	n/a	n/a	1434.622236	n/a
1435.829487	0.000000	287166	ttl	4	71	n/a	n/a	n/a	n/a	n/a	n/a	n/a	n/a	n/a	n/a	n/a	n/a	n/a	n/a	n/a	n/a	n/a	n/a	n/a	n/a	n/a	1435.829487	n/a
1435.841140	0.000000	287168	ttl	11	71	n/a	n/a	n/a	n/a	n/a	n/a	n/a	n/a	n/a	n/a	n/a	n/a	n/a	n/a	n/a	n/a	n/a	n/a	n/a	n/a	n/a	1435.841140	n/a
1436.423097	1.527925	287285	scene_recognition	n/a	n/a	n/a	71.0	n/a	n/a	n/a	1435.8411402499999	n/a	1.9407335638825316	2	1	2	NB_11_frameA_foil.png	1	6	1439.89175575	0	57	n/a	n/a	intervals/recognition_table	56	1436.423097	1437.951022
1436.423097	0.000000	287285	ttl	1	71	n/a	n/a	n/a	n/a	n/a	n/a	n/a	n/a	n/a	n/a	n/a	n/a	n/a	n/a	n/a	n/a	n/a	n/a	n/a	n/a	n/a	1436.423097	n/a
1437.951022	0.000000	287590	ttl	2	71	n/a	n/a	n/a	n/a	n/a	n/a	n/a	n/a	n/a	n/a	n/a	n/a	n/a	n/a	n/a	n/a	n/a	n/a	n/a	n/a	n/a	1437.951022	n/a
1439.891756	0.000000	287978	ttl	4	71	n/a	n/a	n/a	n/a	n/a	n/a	n/a	n/a	n/a	n/a	n/a	n/a	n/a	n/a	n/a	n/a	n/a	n/a	n/a	n/a	n/a	1439.891756	n/a
1439.905863	0.000000	287981	ttl	11	71	n/a	n/a	n/a	n/a	n/a	n/a	n/a	n/a	n/a	n/a	n/a	n/a	n/a	n/a	n/a	n/a	n/a	n/a	n/a	n/a	n/a	1439.905863	n/a
1440.467724	1.527838	288094	scene_recognition	n/a	n/a	n/a	71.0	n/a	n/a	n/a	1439.9058627499999	n/a	1.6078645211237017	2	1	2	NB_23_frameB.png	2	3	1443.60342575	1	58	n/a	n/a	intervals/recognition_table	57	1440.467724	1441.995561
1440.467724	0.000000	288094	ttl	1	71	n/a	n/a	n/a	n/a	n/a	n/a	n/a	n/a	n/a	n/a	n/a	n/a	n/a	n/a	n/a	n/a	n/a	n/a	n/a	n/a	n/a	1440.467724	n/a
1441.995561	0.000000	288399	ttl	2	71	n/a	n/a	n/a	n/a	n/a	n/a	n/a	n/a	n/a	n/a	n/a	n/a	n/a	n/a	n/a	n/a	n/a	n/a	n/a	n/a	n/a	1441.995561	n/a
1443.603426	0.000000	288721	ttl	4	71	n/a	n/a	n/a	n/a	n/a	n/a	n/a	n/a	n/a	n/a	n/a	n/a	n/a	n/a	n/a	n/a	n/a	n/a	n/a	n/a	n/a	1443.603426	n/a
1443.608352	0.000000	288722	ttl	11	71	n/a	n/a	n/a	n/a	n/a	n/a	n/a	n/a	n/a	n/a	n/a	n/a	n/a	n/a	n/a	n/a	n/a	n/a	n/a	n/a	n/a	1443.608352	n/a
1444.150340	1.527764	288830	scene_recognition	n/a	n/a	n/a	71.0	n/a	n/a	n/a	1443.608352	n/a	1.006513200889458	2	2	2	SB_1_frameA.png	2	3	1446.684617	1	59	n/a	n/a	intervals/recognition_table	58	1444.150340	1445.678104
1444.150340	0.000000	288830	ttl	1	71	n/a	n/a	n/a	n/a	n/a	n/a	n/a	n/a	n/a	n/a	n/a	n/a	n/a	n/a	n/a	n/a	n/a	n/a	n/a	n/a	n/a	1444.150340	n/a
1445.678104	0.000000	289136	ttl	2	71	n/a	n/a	n/a	n/a	n/a	n/a	n/a	n/a	n/a	n/a	n/a	n/a	n/a	n/a	n/a	n/a	n/a	n/a	n/a	n/a	n/a	1445.678104	n/a
1446.684617	0.000000	289337	ttl	4	71	n/a	n/a	n/a	n/a	n/a	n/a	n/a	n/a	n/a	n/a	n/a	n/a	n/a	n/a	n/a	n/a	n/a	n/a	n/a	n/a	n/a	1446.684617	n/a
1446.705276	0.000000	289341	ttl	11	71	n/a	n/a	n/a	n/a	n/a	n/a	n/a	n/a	n/a	n/a	n/a	n/a	n/a	n/a	n/a	n/a	n/a	n/a	n/a	n/a	n/a	1446.705276	n/a
1447.307484	1.528035	289461	scene_recognition	n/a	n/a	n/a	71.0	n/a	n/a	n/a	1446.7052764999999	n/a	1.5590492037299555	2	1	2	NB_28_frameA.png	2	3	1450.3945675	1	60	n/a	n/a	intervals/recognition_table	59	1447.307484	1448.835518
1447.307484	0.000000	289461	ttl	1	71	n/a	n/a	n/a	n/a	n/a	n/a	n/a	n/a	n/a	n/a	n/a	n/a	n/a	n/a	n/a	n/a	n/a	n/a	n/a	n/a	n/a	1447.307484	n/a
1448.835518	0.000000	289767	ttl	2	71	n/a	n/a	n/a	n/a	n/a	n/a	n/a	n/a	n/a	n/a	n/a	n/a	n/a	n/a	n/a	n/a	n/a	n/a	n/a	n/a	n/a	1448.835518	n/a
1450.394567	0.000000	290079	ttl	4	71	n/a	n/a	n/a	n/a	n/a	n/a	n/a	n/a	n/a	n/a	n/a	n/a	n/a	n/a	n/a	n/a	n/a	n/a	n/a	n/a	n/a	1450.394567	n/a
1450.410508	0.000000	290082	ttl	11	71	n/a	n/a	n/a	n/a	n/a	n/a	n/a	n/a	n/a	n/a	n/a	n/a	n/a	n/a	n/a	n/a	n/a	n/a	n/a	n/a	n/a	1450.410508	n/a
1450.992466	1.528083	290198	scene_recognition	n/a	n/a	n/a	71.0	n/a	n/a	n/a	1450.410508	n/a	1.5306917238922324	2	1	2	NB_2_frameB_foil.png	1	6	1454.05124075	0	61	n/a	n/a	intervals/recognition_table	60	1450.992466	1452.520549
1450.992466	0.000000	290198	ttl	1	71	n/a	n/a	n/a	n/a	n/a	n/a	n/a	n/a	n/a	n/a	n/a	n/a	n/a	n/a	n/a	n/a	n/a	n/a	n/a	n/a	n/a	1450.992466	n/a
1452.520549	0.000000	290504	ttl	2	71	n/a	n/a	n/a	n/a	n/a	n/a	n/a	n/a	n/a	n/a	n/a	n/a	n/a	n/a	n/a	n/a	n/a	n/a	n/a	n/a	n/a	1452.520549	n/a
1454.051241	0.000000	290810	ttl	4	71	n/a	n/a	n/a	n/a	n/a	n/a	n/a	n/a	n/a	n/a	n/a	n/a	n/a	n/a	n/a	n/a	n/a	n/a	n/a	n/a	n/a	1454.051241	n/a
1454.062080	0.000000	290812	ttl	11	71	n/a	n/a	n/a	n/a	n/a	n/a	n/a	n/a	n/a	n/a	n/a	n/a	n/a	n/a	n/a	n/a	n/a	n/a	n/a	n/a	n/a	1454.062080	n/a
1454.583837	1.528067	290917	scene_recognition	n/a	n/a	n/a	71.0	n/a	n/a	n/a	1454.06208025	n/a	0.9185308494488709	2	1	3	NB_18_frameA.png	2	2	1457.030435	1	62	n/a	n/a	intervals/recognition_table	61	1454.583837	1456.111904
1454.583837	0.000000	290917	ttl	1	71	n/a	n/a	n/a	n/a	n/a	n/a	n/a	n/a	n/a	n/a	n/a	n/a	n/a	n/a	n/a	n/a	n/a	n/a	n/a	n/a	n/a	1454.583837	n/a
1456.111904	0.000000	291222	ttl	2	71	n/a	n/a	n/a	n/a	n/a	n/a	n/a	n/a	n/a	n/a	n/a	n/a	n/a	n/a	n/a	n/a	n/a	n/a	n/a	n/a	n/a	1456.111904	n/a
1457.030435	0.000000	291406	ttl	4	71	n/a	n/a	n/a	n/a	n/a	n/a	n/a	n/a	n/a	n/a	n/a	n/a	n/a	n/a	n/a	n/a	n/a	n/a	n/a	n/a	n/a	1457.030435	n/a
1457.037989	0.000000	291408	ttl	11	71	n/a	n/a	n/a	n/a	n/a	n/a	n/a	n/a	n/a	n/a	n/a	n/a	n/a	n/a	n/a	n/a	n/a	n/a	n/a	n/a	n/a	1457.037989	n/a
1457.619923	1.527900	291524	scene_recognition	n/a	n/a	n/a	71.0	n/a	n/a	n/a	1457.0379887499998	n/a	0.9431568178697489	2	1	2	NB_21_frameB.png	2	3	1460.09098025	1	63	n/a	n/a	intervals/recognition_table	62	1457.619923	1459.147823
1457.619923	0.000000	291524	ttl	1	71	n/a	n/a	n/a	n/a	n/a	n/a	n/a	n/a	n/a	n/a	n/a	n/a	n/a	n/a	n/a	n/a	n/a	n/a	n/a	n/a	n/a	1457.619923	n/a
1459.147823	0.000000	291830	ttl	2	71	n/a	n/a	n/a	n/a	n/a	n/a	n/a	n/a	n/a	n/a	n/a	n/a	n/a	n/a	n/a	n/a	n/a	n/a	n/a	n/a	n/a	1459.147823	n/a
1460.090980	0.000000	292018	ttl	4	71	n/a	n/a	n/a	n/a	n/a	n/a	n/a	n/a	n/a	n/a	n/a	n/a	n/a	n/a	n/a	n/a	n/a	n/a	n/a	n/a	n/a	1460.090980	n/a
1460.111984	0.000000	292022	ttl	11	71	n/a	n/a	n/a	n/a	n/a	n/a	n/a	n/a	n/a	n/a	n/a	n/a	n/a	n/a	n/a	n/a	n/a	n/a	n/a	n/a	n/a	1460.111984	n/a
1460.653807	1.527870	292131	scene_recognition	n/a	n/a	n/a	71.0	n/a	n/a	n/a	1460.11198375	n/a	1.8487979711935623	2	3	2	HB_4_frameA.png	2	3	1464.030475	1	64	n/a	n/a	intervals/recognition_table	63	1460.653807	1462.181677
1460.653807	0.000000	292131	ttl	1	71	n/a	n/a	n/a	n/a	n/a	n/a	n/a	n/a	n/a	n/a	n/a	n/a	n/a	n/a	n/a	n/a	n/a	n/a	n/a	n/a	n/a	1460.653807	n/a
1462.181677	0.000000	292436	ttl	2	71	n/a	n/a	n/a	n/a	n/a	n/a	n/a	n/a	n/a	n/a	n/a	n/a	n/a	n/a	n/a	n/a	n/a	n/a	n/a	n/a	n/a	1462.181677	n/a
1464.030475	0.000000	292806	ttl	4	71	n/a	n/a	n/a	n/a	n/a	n/a	n/a	n/a	n/a	n/a	n/a	n/a	n/a	n/a	n/a	n/a	n/a	n/a	n/a	n/a	n/a	1464.030475	n/a
1464.046544	0.000000	292809	ttl	11	71	n/a	n/a	n/a	n/a	n/a	n/a	n/a	n/a	n/a	n/a	n/a	n/a	n/a	n/a	n/a	n/a	n/a	n/a	n/a	n/a	n/a	1464.046544	n/a
1464.628501	1.527912	292926	scene_recognition	n/a	n/a	n/a	71.0	n/a	n/a	n/a	1464.04654425	n/a	0.7246546146343462	2	3	2	HB_2_frameA.png	2	3	1466.8810677499998	1	65	n/a	n/a	intervals/recognition_table	64	1464.628501	1466.156413
1464.628501	0.000000	292926	ttl	1	71	n/a	n/a	n/a	n/a	n/a	n/a	n/a	n/a	n/a	n/a	n/a	n/a	n/a	n/a	n/a	n/a	n/a	n/a	n/a	n/a	n/a	1464.628501	n/a
1466.156413	0.000000	293231	ttl	2	71	n/a	n/a	n/a	n/a	n/a	n/a	n/a	n/a	n/a	n/a	n/a	n/a	n/a	n/a	n/a	n/a	n/a	n/a	n/a	n/a	n/a	1466.156413	n/a
1466.881068	0.000000	293376	ttl	4	71	n/a	n/a	n/a	n/a	n/a	n/a	n/a	n/a	n/a	n/a	n/a	n/a	n/a	n/a	n/a	n/a	n/a	n/a	n/a	n/a	n/a	1466.881068	n/a
1466.900500	0.000000	293380	ttl	11	71	n/a	n/a	n/a	n/a	n/a	n/a	n/a	n/a	n/a	n/a	n/a	n/a	n/a	n/a	n/a	n/a	n/a	n/a	n/a	n/a	n/a	1466.900500	n/a
1467.482614	1.527840	293497	scene_recognition	n/a	n/a	n/a	71.0	n/a	n/a	n/a	1466.9004995	n/a	0.7652302542119287	2	1	2	NB_15_frameB.png	2	3	1469.7756845	1	66	n/a	n/a	intervals/recognition_table	65	1467.482614	1469.010454
1467.482614	0.000000	293497	ttl	1	71	n/a	n/a	n/a	n/a	n/a	n/a	n/a	n/a	n/a	n/a	n/a	n/a	n/a	n/a	n/a	n/a	n/a	n/a	n/a	n/a	n/a	1467.482614	n/a
1469.010454	0.000000	293802	ttl	2	71	n/a	n/a	n/a	n/a	n/a	n/a	n/a	n/a	n/a	n/a	n/a	n/a	n/a	n/a	n/a	n/a	n/a	n/a	n/a	n/a	n/a	1469.010454	n/a
1469.775684	0.000000	293955	ttl	4	71	n/a	n/a	n/a	n/a	n/a	n/a	n/a	n/a	n/a	n/a	n/a	n/a	n/a	n/a	n/a	n/a	n/a	n/a	n/a	n/a	n/a	1469.775684	n/a
1469.798005	0.000000	293960	ttl	11	71	n/a	n/a	n/a	n/a	n/a	n/a	n/a	n/a	n/a	n/a	n/a	n/a	n/a	n/a	n/a	n/a	n/a	n/a	n/a	n/a	n/a	1469.798005	n/a
1470.320006	1.527907	294064	scene_recognition	n/a	n/a	n/a	71.0	n/a	n/a	n/a	1469.79800475	n/a	1.8718982037098613	2	1	3	NB_17_frameB.png	2	2	1473.7198114999999	1	67	n/a	n/a	intervals/recognition_table	66	1470.320006	1471.847913
1470.320006	0.000000	294064	ttl	1	71	n/a	n/a	n/a	n/a	n/a	n/a	n/a	n/a	n/a	n/a	n/a	n/a	n/a	n/a	n/a	n/a	n/a	n/a	n/a	n/a	n/a	1470.320006	n/a
1471.847913	0.000000	294370	ttl	2	71	n/a	n/a	n/a	n/a	n/a	n/a	n/a	n/a	n/a	n/a	n/a	n/a	n/a	n/a	n/a	n/a	n/a	n/a	n/a	n/a	n/a	1471.847913	n/a
1473.719811	0.000000	294744	ttl	4	71	n/a	n/a	n/a	n/a	n/a	n/a	n/a	n/a	n/a	n/a	n/a	n/a	n/a	n/a	n/a	n/a	n/a	n/a	n/a	n/a	n/a	1473.719811	n/a
1473.730906	0.000000	294746	ttl	11	71	n/a	n/a	n/a	n/a	n/a	n/a	n/a	n/a	n/a	n/a	n/a	n/a	n/a	n/a	n/a	n/a	n/a	n/a	n/a	n/a	n/a	1473.730906	n/a
1474.312877	1.528302	294863	scene_recognition	n/a	n/a	n/a	71.0	n/a	n/a	n/a	1473.730906	n/a	1.1204509330564179	2	1	3	NB_20_frameB_foil.png	1	7	1476.96163	0	68	n/a	n/a	intervals/recognition_table	67	1474.312877	1475.841179
1474.312877	0.000000	294863	ttl	1	71	n/a	n/a	n/a	n/a	n/a	n/a	n/a	n/a	n/a	n/a	n/a	n/a	n/a	n/a	n/a	n/a	n/a	n/a	n/a	n/a	n/a	1474.312877	n/a
1475.841179	0.000000	295168	ttl	2	71	n/a	n/a	n/a	n/a	n/a	n/a	n/a	n/a	n/a	n/a	n/a	n/a	n/a	n/a	n/a	n/a	n/a	n/a	n/a	n/a	n/a	1475.841179	n/a
1476.961630	0.000000	295392	ttl	4	71	n/a	n/a	n/a	n/a	n/a	n/a	n/a	n/a	n/a	n/a	n/a	n/a	n/a	n/a	n/a	n/a	n/a	n/a	n/a	n/a	n/a	1476.961630	n/a
1476.967283	0.000000	295393	ttl	11	71	n/a	n/a	n/a	n/a	n/a	n/a	n/a	n/a	n/a	n/a	n/a	n/a	n/a	n/a	n/a	n/a	n/a	n/a	n/a	n/a	n/a	1476.967283	n/a
1477.529455	1.527948	295506	scene_recognition	n/a	n/a	n/a	71.0	n/a	n/a	n/a	1476.9672827499999	n/a	0.3346510678966297	2	2	2	SB_2_frameA.png	2	3	1479.39205475	1	69	n/a	n/a	intervals/recognition_table	68	1477.529455	1479.057404
1477.529455	0.000000	295506	ttl	1	71	n/a	n/a	n/a	n/a	n/a	n/a	n/a	n/a	n/a	n/a	n/a	n/a	n/a	n/a	n/a	n/a	n/a	n/a	n/a	n/a	n/a	1477.529455	n/a
1479.057404	0.000000	295811	ttl	2	71	n/a	n/a	n/a	n/a	n/a	n/a	n/a	n/a	n/a	n/a	n/a	n/a	n/a	n/a	n/a	n/a	n/a	n/a	n/a	n/a	n/a	1479.057404	n/a
1479.392055	0.000000	295878	ttl	4	71	n/a	n/a	n/a	n/a	n/a	n/a	n/a	n/a	n/a	n/a	n/a	n/a	n/a	n/a	n/a	n/a	n/a	n/a	n/a	n/a	n/a	1479.392055	n/a
1479.397111	0.000000	295879	ttl	11	71	n/a	n/a	n/a	n/a	n/a	n/a	n/a	n/a	n/a	n/a	n/a	n/a	n/a	n/a	n/a	n/a	n/a	n/a	n/a	n/a	n/a	1479.397111	n/a
1479.919080	1.527922	295984	scene_recognition	n/a	n/a	n/a	71.0	n/a	n/a	n/a	1479.3971115	n/a	0.7387883380870335	2	1	2	NB_7_frameB.png	2	3	1482.18579	1	70	n/a	n/a	intervals/recognition_table	69	1479.919080	1481.447002
1479.919080	0.000000	295984	ttl	1	71	n/a	n/a	n/a	n/a	n/a	n/a	n/a	n/a	n/a	n/a	n/a	n/a	n/a	n/a	n/a	n/a	n/a	n/a	n/a	n/a	n/a	1479.919080	n/a
1481.447002	0.000000	296289	ttl	2	71	n/a	n/a	n/a	n/a	n/a	n/a	n/a	n/a	n/a	n/a	n/a	n/a	n/a	n/a	n/a	n/a	n/a	n/a	n/a	n/a	n/a	1481.447002	n/a
1482.185790	0.000000	296437	ttl	4	71	n/a	n/a	n/a	n/a	n/a	n/a	n/a	n/a	n/a	n/a	n/a	n/a	n/a	n/a	n/a	n/a	n/a	n/a	n/a	n/a	n/a	1482.185790	n/a
1482.203997	0.000000	296441	ttl	11	71	n/a	n/a	n/a	n/a	n/a	n/a	n/a	n/a	n/a	n/a	n/a	n/a	n/a	n/a	n/a	n/a	n/a	n/a	n/a	n/a	n/a	1482.203997	n/a
1482.765891	1.528635	296553	scene_recognition	n/a	n/a	n/a	71.0	n/a	n/a	n/a	1482.20399725	n/a	0.16191281950159464	2	2	2	SB_4_frameB.png	2	3	1484.45643925	1	71	n/a	n/a	intervals/recognition_table	70	1482.765891	1484.294526
1482.765891	0.000000	296553	ttl	1	71	n/a	n/a	n/a	n/a	n/a	n/a	n/a	n/a	n/a	n/a	n/a	n/a	n/a	n/a	n/a	n/a	n/a	n/a	n/a	n/a	n/a	1482.765891	n/a
1484.294526	0.000000	296859	ttl	2	71	n/a	n/a	n/a	n/a	n/a	n/a	n/a	n/a	n/a	n/a	n/a	n/a	n/a	n/a	n/a	n/a	n/a	n/a	n/a	n/a	n/a	1484.294526	n/a
1484.456439	0.000000	296891	ttl	4	71	n/a	n/a	n/a	n/a	n/a	n/a	n/a	n/a	n/a	n/a	n/a	n/a	n/a	n/a	n/a	n/a	n/a	n/a	n/a	n/a	n/a	1484.456439	n/a
1484.478369	0.000000	296896	ttl	11	71	n/a	n/a	n/a	n/a	n/a	n/a	n/a	n/a	n/a	n/a	n/a	n/a	n/a	n/a	n/a	n/a	n/a	n/a	n/a	n/a	n/a	1484.478369	n/a
1485.000114	1.527863	297000	scene_recognition	n/a	n/a	n/a	71.0	n/a	n/a	n/a	1484.4783694999999	n/a	0.36928136479400564	2	3	2	HB_1_frameB_foil.png	1	6	1486.8972595	0	72	n/a	n/a	intervals/recognition_table	71	1485.000114	1486.527978
1485.000114	0.000000	297000	ttl	1	71	n/a	n/a	n/a	n/a	n/a	n/a	n/a	n/a	n/a	n/a	n/a	n/a	n/a	n/a	n/a	n/a	n/a	n/a	n/a	n/a	n/a	1485.000114	n/a
1486.527978	0.000000	297306	ttl	2	71	n/a	n/a	n/a	n/a	n/a	n/a	n/a	n/a	n/a	n/a	n/a	n/a	n/a	n/a	n/a	n/a	n/a	n/a	n/a	n/a	n/a	1486.527978	n/a
1486.897260	0.000000	297379	ttl	4	71	n/a	n/a	n/a	n/a	n/a	n/a	n/a	n/a	n/a	n/a	n/a	n/a	n/a	n/a	n/a	n/a	n/a	n/a	n/a	n/a	n/a	1486.897260	n/a
1486.910949	0.000000	297382	ttl	11	71	n/a	n/a	n/a	n/a	n/a	n/a	n/a	n/a	n/a	n/a	n/a	n/a	n/a	n/a	n/a	n/a	n/a	n/a	n/a	n/a	n/a	1486.910949	n/a
1487.452712	1.528023	297491	scene_recognition	n/a	n/a	n/a	71.0	n/a	n/a	n/a	1486.91094875	n/a	1.7448166322574252	2	1	3	NB_5_frameA_foil.png	1	7	1490.72555175	0	73	n/a	n/a	intervals/recognition_table	72	1487.452712	1488.980735
1487.452712	0.000000	297491	ttl	1	71	n/a	n/a	n/a	n/a	n/a	n/a	n/a	n/a	n/a	n/a	n/a	n/a	n/a	n/a	n/a	n/a	n/a	n/a	n/a	n/a	n/a	1487.452712	n/a
1488.980735	0.000000	297796	ttl	2	71	n/a	n/a	n/a	n/a	n/a	n/a	n/a	n/a	n/a	n/a	n/a	n/a	n/a	n/a	n/a	n/a	n/a	n/a	n/a	n/a	n/a	1488.980735	n/a
1490.725552	0.000000	298145	ttl	4	71	n/a	n/a	n/a	n/a	n/a	n/a	n/a	n/a	n/a	n/a	n/a	n/a	n/a	n/a	n/a	n/a	n/a	n/a	n/a	n/a	n/a	1490.725552	n/a
1490.734752	0.000000	298147	ttl	11	71	n/a	n/a	n/a	n/a	n/a	n/a	n/a	n/a	n/a	n/a	n/a	n/a	n/a	n/a	n/a	n/a	n/a	n/a	n/a	n/a	n/a	1490.734752	n/a
1491.316793	1.527963	298263	scene_recognition	n/a	n/a	n/a	71.0	n/a	n/a	n/a	1490.73475225	n/a	0.8971568210690748	2	2	2	SB_3_frameA_foil.png	1	6	1493.74191225	0	74	n/a	n/a	intervals/recognition_table	73	1491.316793	1492.844756
1491.316793	0.000000	298263	ttl	1	71	n/a	n/a	n/a	n/a	n/a	n/a	n/a	n/a	n/a	n/a	n/a	n/a	n/a	n/a	n/a	n/a	n/a	n/a	n/a	n/a	n/a	1491.316793	n/a
1492.844756	0.000000	298569	ttl	2	71	n/a	n/a	n/a	n/a	n/a	n/a	n/a	n/a	n/a	n/a	n/a	n/a	n/a	n/a	n/a	n/a	n/a	n/a	n/a	n/a	n/a	1492.844756	n/a
1493.741912	0.000000	298748	ttl	4	71	n/a	n/a	n/a	n/a	n/a	n/a	n/a	n/a	n/a	n/a	n/a	n/a	n/a	n/a	n/a	n/a	n/a	n/a	n/a	n/a	n/a	1493.741912	n/a
1493.759126	0.000000	298752	ttl	11	71	n/a	n/a	n/a	n/a	n/a	n/a	n/a	n/a	n/a	n/a	n/a	n/a	n/a	n/a	n/a	n/a	n/a	n/a	n/a	n/a	n/a	1493.759126	n/a
1494.321012	1.527911	298864	scene_recognition	n/a	n/a	n/a	71.0	n/a	n/a	n/a	1493.7591264999999	n/a	0.4730157262965804	2	3	2	HB_2_frameB_foil.png	1	6	1496.321939	0	75	n/a	n/a	intervals/recognition_table	74	1494.321012	1495.848923
1494.321012	0.000000	298864	ttl	1	71	n/a	n/a	n/a	n/a	n/a	n/a	n/a	n/a	n/a	n/a	n/a	n/a	n/a	n/a	n/a	n/a	n/a	n/a	n/a	n/a	n/a	1494.321012	n/a
1495.848923	0.000000	299170	ttl	2	71	n/a	n/a	n/a	n/a	n/a	n/a	n/a	n/a	n/a	n/a	n/a	n/a	n/a	n/a	n/a	n/a	n/a	n/a	n/a	n/a	n/a	1495.848923	n/a
1496.321939	0.000000	299264	ttl	4	71	n/a	n/a	n/a	n/a	n/a	n/a	n/a	n/a	n/a	n/a	n/a	n/a	n/a	n/a	n/a	n/a	n/a	n/a	n/a	n/a	n/a	1496.321939	n/a
1496.339737	0.000000	299268	ttl	11	71	n/a	n/a	n/a	n/a	n/a	n/a	n/a	n/a	n/a	n/a	n/a	n/a	n/a	n/a	n/a	n/a	n/a	n/a	n/a	n/a	n/a	1496.339737	n/a
1496.901643	1.527806	299380	scene_recognition	n/a	n/a	n/a	71.0	n/a	n/a	n/a	1496.3397372499999	n/a	1.915720404140302	2	2	3	SB_5_frameA_foil.png	1	7	1500.345169	0	76	n/a	n/a	intervals/recognition_table	75	1496.901643	1498.429449
1496.901643	0.000000	299380	ttl	1	71	n/a	n/a	n/a	n/a	n/a	n/a	n/a	n/a	n/a	n/a	n/a	n/a	n/a	n/a	n/a	n/a	n/a	n/a	n/a	n/a	n/a	1496.901643	n/a
1498.429449	0.000000	299686	ttl	2	71	n/a	n/a	n/a	n/a	n/a	n/a	n/a	n/a	n/a	n/a	n/a	n/a	n/a	n/a	n/a	n/a	n/a	n/a	n/a	n/a	n/a	1498.429449	n/a
1500.345169	0.000000	300069	ttl	4	71	n/a	n/a	n/a	n/a	n/a	n/a	n/a	n/a	n/a	n/a	n/a	n/a	n/a	n/a	n/a	n/a	n/a	n/a	n/a	n/a	n/a	1500.345169	n/a
1500.362668	0.000000	300073	ttl	11	71	n/a	n/a	n/a	n/a	n/a	n/a	n/a	n/a	n/a	n/a	n/a	n/a	n/a	n/a	n/a	n/a	n/a	n/a	n/a	n/a	n/a	1500.362668	n/a
1500.884585	1.527930	300177	scene_recognition	n/a	n/a	n/a	71.0	n/a	n/a	n/a	1500.3626675	n/a	1.4124511436966714	2	1	3	NB_9_frameB.png	2	2	1503.82496675	1	77	n/a	n/a	intervals/recognition_table	76	1500.884585	1502.412516
1500.884585	0.000000	300177	ttl	1	71	n/a	n/a	n/a	n/a	n/a	n/a	n/a	n/a	n/a	n/a	n/a	n/a	n/a	n/a	n/a	n/a	n/a	n/a	n/a	n/a	n/a	1500.884585	n/a
1502.412516	0.000000	300483	ttl	2	71	n/a	n/a	n/a	n/a	n/a	n/a	n/a	n/a	n/a	n/a	n/a	n/a	n/a	n/a	n/a	n/a	n/a	n/a	n/a	n/a	n/a	1502.412516	n/a
1503.824967	0.000000	300765	ttl	4	71	n/a	n/a	n/a	n/a	n/a	n/a	n/a	n/a	n/a	n/a	n/a	n/a	n/a	n/a	n/a	n/a	n/a	n/a	n/a	n/a	n/a	1503.824967	n/a
1503.845098	0.000000	300769	ttl	11	71	n/a	n/a	n/a	n/a	n/a	n/a	n/a	n/a	n/a	n/a	n/a	n/a	n/a	n/a	n/a	n/a	n/a	n/a	n/a	n/a	n/a	1503.845098	n/a
1504.407074	1.527983	300881	scene_recognition	n/a	n/a	n/a	71.0	n/a	n/a	n/a	1503.8450982499999	n/a	0.9351011278631631	2	1	3	NB_29_frameA_foil.png	1	7	1506.870158	0	78	n/a	n/a	intervals/recognition_table	77	1504.407074	1505.935057
1504.407074	0.000000	300881	ttl	1	71	n/a	n/a	n/a	n/a	n/a	n/a	n/a	n/a	n/a	n/a	n/a	n/a	n/a	n/a	n/a	n/a	n/a	n/a	n/a	n/a	n/a	1504.407074	n/a
1505.935057	0.000000	301187	ttl	2	71	n/a	n/a	n/a	n/a	n/a	n/a	n/a	n/a	n/a	n/a	n/a	n/a	n/a	n/a	n/a	n/a	n/a	n/a	n/a	n/a	n/a	1505.935057	n/a
1506.870158	0.000000	301374	ttl	4	71	n/a	n/a	n/a	n/a	n/a	n/a	n/a	n/a	n/a	n/a	n/a	n/a	n/a	n/a	n/a	n/a	n/a	n/a	n/a	n/a	n/a	1506.870158	n/a
1506.878241	0.000000	301376	ttl	11	71	n/a	n/a	n/a	n/a	n/a	n/a	n/a	n/a	n/a	n/a	n/a	n/a	n/a	n/a	n/a	n/a	n/a	n/a	n/a	n/a	n/a	1506.878241	n/a
1507.420061	1.527804	301484	scene_recognition	n/a	n/a	n/a	71.0	n/a	n/a	n/a	1506.87824075	n/a	1.6600601288955659	2	1	3	NB_2_frameA.png	2	2	1510.6079257499998	1	79	n/a	n/a	intervals/recognition_table	78	1507.420061	1508.947866
1507.420061	0.000000	301484	ttl	1	71	n/a	n/a	n/a	n/a	n/a	n/a	n/a	n/a	n/a	n/a	n/a	n/a	n/a	n/a	n/a	n/a	n/a	n/a	n/a	n/a	n/a	1507.420061	n/a
1508.947866	0.000000	301790	ttl	2	71	n/a	n/a	n/a	n/a	n/a	n/a	n/a	n/a	n/a	n/a	n/a	n/a	n/a	n/a	n/a	n/a	n/a	n/a	n/a	n/a	n/a	1508.947866	n/a
1510.607926	0.000000	302122	ttl	4	71	n/a	n/a	n/a	n/a	n/a	n/a	n/a	n/a	n/a	n/a	n/a	n/a	n/a	n/a	n/a	n/a	n/a	n/a	n/a	n/a	n/a	1510.607926	n/a
1510.627941	0.000000	302126	ttl	11	71	n/a	n/a	n/a	n/a	n/a	n/a	n/a	n/a	n/a	n/a	n/a	n/a	n/a	n/a	n/a	n/a	n/a	n/a	n/a	n/a	n/a	1510.627941	n/a
1511.230190	1.527943	302246	scene_recognition	n/a	n/a	n/a	71.0	n/a	n/a	n/a	1510.6279412499998	n/a	1.7280342227750225	2	1	3	NB_10_frameA.png	2	2	1514.4861664999999	1	80	n/a	n/a	intervals/recognition_table	79	1511.230190	1512.758132
1511.230190	0.000000	302246	ttl	1	71	n/a	n/a	n/a	n/a	n/a	n/a	n/a	n/a	n/a	n/a	n/a	n/a	n/a	n/a	n/a	n/a	n/a	n/a	n/a	n/a	n/a	1511.230190	n/a
1512.758132	0.000000	302552	ttl	2	71	n/a	n/a	n/a	n/a	n/a	n/a	n/a	n/a	n/a	n/a	n/a	n/a	n/a	n/a	n/a	n/a	n/a	n/a	n/a	n/a	n/a	1512.758132	n/a
1514.486166	0.000000	302897	ttl	4	71	n/a	n/a	n/a	n/a	n/a	n/a	n/a	n/a	n/a	n/a	n/a	n/a	n/a	n/a	n/a	n/a	n/a	n/a	n/a	n/a	n/a	1514.486166	n/a
1514.510458	0.000000	302902	ttl	11	71	n/a	n/a	n/a	n/a	n/a	n/a	n/a	n/a	n/a	n/a	n/a	n/a	n/a	n/a	n/a	n/a	n/a	n/a	n/a	n/a	n/a	1514.510458	n/a
1515.032306	1.528077	303006	scene_recognition	n/a	n/a	n/a	71.0	n/a	n/a	n/a	1514.51045775	n/a	2.299863017280586	2	3	2	HB_1_frameA_foil.png	1	6	1518.8602457499999	0	81	n/a	n/a	intervals/recognition_table	80	1515.032306	1516.560383
1515.032306	0.000000	303006	ttl	1	71	n/a	n/a	n/a	n/a	n/a	n/a	n/a	n/a	n/a	n/a	n/a	n/a	n/a	n/a	n/a	n/a	n/a	n/a	n/a	n/a	n/a	1515.032306	n/a
1516.560383	0.000000	303312	ttl	2	71	n/a	n/a	n/a	n/a	n/a	n/a	n/a	n/a	n/a	n/a	n/a	n/a	n/a	n/a	n/a	n/a	n/a	n/a	n/a	n/a	n/a	1516.560383	n/a
1518.860246	0.000000	303772	ttl	4	71	n/a	n/a	n/a	n/a	n/a	n/a	n/a	n/a	n/a	n/a	n/a	n/a	n/a	n/a	n/a	n/a	n/a	n/a	n/a	n/a	n/a	1518.860246	n/a
1518.868201	0.000000	303774	ttl	11	71	n/a	n/a	n/a	n/a	n/a	n/a	n/a	n/a	n/a	n/a	n/a	n/a	n/a	n/a	n/a	n/a	n/a	n/a	n/a	n/a	n/a	1518.868201	n/a
1519.369915	1.527997	303874	scene_recognition	n/a	n/a	n/a	71.0	n/a	n/a	n/a	1518.8682015	n/a	0.7518525077757658	2	2	3	SB_9_frameA.png	2	2	1521.6497642499999	1	82	n/a	n/a	intervals/recognition_table	81	1519.369915	1520.897912
1519.369915	0.000000	303874	ttl	1	71	n/a	n/a	n/a	n/a	n/a	n/a	n/a	n/a	n/a	n/a	n/a	n/a	n/a	n/a	n/a	n/a	n/a	n/a	n/a	n/a	n/a	1519.369915	n/a
1520.897912	0.000000	304180	ttl	2	71	n/a	n/a	n/a	n/a	n/a	n/a	n/a	n/a	n/a	n/a	n/a	n/a	n/a	n/a	n/a	n/a	n/a	n/a	n/a	n/a	n/a	1520.897912	n/a
1521.649764	0.000000	304330	ttl	4	71	n/a	n/a	n/a	n/a	n/a	n/a	n/a	n/a	n/a	n/a	n/a	n/a	n/a	n/a	n/a	n/a	n/a	n/a	n/a	n/a	n/a	1521.649764	n/a
1521.655239	0.000000	304331	ttl	11	71	n/a	n/a	n/a	n/a	n/a	n/a	n/a	n/a	n/a	n/a	n/a	n/a	n/a	n/a	n/a	n/a	n/a	n/a	n/a	n/a	n/a	1521.655239	n/a
1522.237310	1.528089	304447	scene_recognition	n/a	n/a	n/a	71.0	n/a	n/a	n/a	1521.6552387499999	n/a	1.6671818001777865	2	2	3	SB_2_frameB_foil.png	1	7	1525.43258075	0	83	n/a	n/a	intervals/recognition_table	82	1522.237310	1523.765399
1522.237310	0.000000	304447	ttl	1	71	n/a	n/a	n/a	n/a	n/a	n/a	n/a	n/a	n/a	n/a	n/a	n/a	n/a	n/a	n/a	n/a	n/a	n/a	n/a	n/a	n/a	1522.237310	n/a
1523.765399	0.000000	304753	ttl	2	71	n/a	n/a	n/a	n/a	n/a	n/a	n/a	n/a	n/a	n/a	n/a	n/a	n/a	n/a	n/a	n/a	n/a	n/a	n/a	n/a	n/a	1523.765399	n/a
1525.432581	0.000000	305087	ttl	4	71	n/a	n/a	n/a	n/a	n/a	n/a	n/a	n/a	n/a	n/a	n/a	n/a	n/a	n/a	n/a	n/a	n/a	n/a	n/a	n/a	n/a	1525.432581	n/a
1525.444207	0.000000	305089	ttl	11	71	n/a	n/a	n/a	n/a	n/a	n/a	n/a	n/a	n/a	n/a	n/a	n/a	n/a	n/a	n/a	n/a	n/a	n/a	n/a	n/a	n/a	1525.444207	n/a
1525.966224	1.527978	305193	scene_recognition	n/a	n/a	n/a	71.0	n/a	n/a	n/a	1525.4442072499999	n/a	1.7570294413162628	2	1	3	NB_25_frameB.png	2	2	1529.2512319999998	1	84	n/a	n/a	intervals/recognition_table	83	1525.966224	1527.494203
1525.966224	0.000000	305193	ttl	1	71	n/a	n/a	n/a	n/a	n/a	n/a	n/a	n/a	n/a	n/a	n/a	n/a	n/a	n/a	n/a	n/a	n/a	n/a	n/a	n/a	n/a	1525.966224	n/a
1527.494203	0.000000	305499	ttl	2	71	n/a	n/a	n/a	n/a	n/a	n/a	n/a	n/a	n/a	n/a	n/a	n/a	n/a	n/a	n/a	n/a	n/a	n/a	n/a	n/a	n/a	1527.494203	n/a
1529.251232	0.000000	305850	ttl	4	71	n/a	n/a	n/a	n/a	n/a	n/a	n/a	n/a	n/a	n/a	n/a	n/a	n/a	n/a	n/a	n/a	n/a	n/a	n/a	n/a	n/a	1529.251232	n/a
1529.257719	0.000000	305852	ttl	11	71	n/a	n/a	n/a	n/a	n/a	n/a	n/a	n/a	n/a	n/a	n/a	n/a	n/a	n/a	n/a	n/a	n/a	n/a	n/a	n/a	n/a	1529.257719	n/a
1529.819634	1.527664	305964	scene_recognition	n/a	n/a	n/a	71.0	n/a	n/a	n/a	1529.2577187499999	n/a	1.8012709868635284	2	3	2	HB_3_frameB_foil.png	1	6	1533.14856975	0	85	n/a	n/a	intervals/recognition_table	84	1529.819634	1531.347299
1529.819634	0.000000	305964	ttl	1	71	n/a	n/a	n/a	n/a	n/a	n/a	n/a	n/a	n/a	n/a	n/a	n/a	n/a	n/a	n/a	n/a	n/a	n/a	n/a	n/a	n/a	1529.819634	n/a
1531.347299	0.000000	306269	ttl	2	71	n/a	n/a	n/a	n/a	n/a	n/a	n/a	n/a	n/a	n/a	n/a	n/a	n/a	n/a	n/a	n/a	n/a	n/a	n/a	n/a	n/a	1531.347299	n/a
1533.148570	0.000000	306630	ttl	4	71	n/a	n/a	n/a	n/a	n/a	n/a	n/a	n/a	n/a	n/a	n/a	n/a	n/a	n/a	n/a	n/a	n/a	n/a	n/a	n/a	n/a	1533.148570	n/a
1533.162873	0.000000	306633	ttl	11	71	n/a	n/a	n/a	n/a	n/a	n/a	n/a	n/a	n/a	n/a	n/a	n/a	n/a	n/a	n/a	n/a	n/a	n/a	n/a	n/a	n/a	1533.162873	n/a
1533.664587	1.527748	306733	scene_recognition	n/a	n/a	n/a	71.0	n/a	n/a	n/a	1533.16287275	n/a	1.672816369740758	2	3	1	HB_3_frameA.png	2	4	1536.8651515	1	86	n/a	n/a	intervals/recognition_table	85	1533.664587	1535.192335
1533.664587	0.000000	306733	ttl	1	71	n/a	n/a	n/a	n/a	n/a	n/a	n/a	n/a	n/a	n/a	n/a	n/a	n/a	n/a	n/a	n/a	n/a	n/a	n/a	n/a	n/a	1533.664587	n/a
1535.192335	0.000000	307038	ttl	2	71	n/a	n/a	n/a	n/a	n/a	n/a	n/a	n/a	n/a	n/a	n/a	n/a	n/a	n/a	n/a	n/a	n/a	n/a	n/a	n/a	n/a	1535.192335	n/a
1536.865151	0.000000	307373	ttl	4	71	n/a	n/a	n/a	n/a	n/a	n/a	n/a	n/a	n/a	n/a	n/a	n/a	n/a	n/a	n/a	n/a	n/a	n/a	n/a	n/a	n/a	1536.865151	n/a
1536.886078	0.000000	307377	ttl	11	71	n/a	n/a	n/a	n/a	n/a	n/a	n/a	n/a	n/a	n/a	n/a	n/a	n/a	n/a	n/a	n/a	n/a	n/a	n/a	n/a	n/a	1536.886078	n/a
1537.407885	1.527806	307482	scene_recognition	n/a	n/a	n/a	71.0	n/a	n/a	n/a	1536.886078	n/a	1.1962263187160715	2	2	3	SB_1_frameB.png	2	2	1540.1319174999999	1	87	n/a	n/a	intervals/recognition_table	86	1537.407885	1538.935691
1537.407885	0.000000	307482	ttl	1	71	n/a	n/a	n/a	n/a	n/a	n/a	n/a	n/a	n/a	n/a	n/a	n/a	n/a	n/a	n/a	n/a	n/a	n/a	n/a	n/a	n/a	1537.407885	n/a
1538.935691	0.000000	307787	ttl	2	71	n/a	n/a	n/a	n/a	n/a	n/a	n/a	n/a	n/a	n/a	n/a	n/a	n/a	n/a	n/a	n/a	n/a	n/a	n/a	n/a	n/a	1538.935691	n/a
1540.131917	0.000000	308026	ttl	4	71	n/a	n/a	n/a	n/a	n/a	n/a	n/a	n/a	n/a	n/a	n/a	n/a	n/a	n/a	n/a	n/a	n/a	n/a	n/a	n/a	n/a	1540.131917	n/a
1540.137927	0.000000	308028	ttl	11	71	n/a	n/a	n/a	n/a	n/a	n/a	n/a	n/a	n/a	n/a	n/a	n/a	n/a	n/a	n/a	n/a	n/a	n/a	n/a	n/a	n/a	1540.137927	n/a
1540.739684	1.528106	308148	scene_recognition	n/a	n/a	n/a	71.0	n/a	n/a	n/a	1540.13792675	n/a	2.284220298490254	2	3	2	HB_8_frameA_foil.png	1	6	1544.5520099999999	0	88	n/a	n/a	intervals/recognition_table	87	1540.739684	1542.267790
1540.739684	0.000000	308148	ttl	1	71	n/a	n/a	n/a	n/a	n/a	n/a	n/a	n/a	n/a	n/a	n/a	n/a	n/a	n/a	n/a	n/a	n/a	n/a	n/a	n/a	n/a	1540.739684	n/a
1542.267790	0.000000	308454	ttl	2	71	n/a	n/a	n/a	n/a	n/a	n/a	n/a	n/a	n/a	n/a	n/a	n/a	n/a	n/a	n/a	n/a	n/a	n/a	n/a	n/a	n/a	1542.267790	n/a
1544.552010	0.000000	308910	ttl	4	71	n/a	n/a	n/a	n/a	n/a	n/a	n/a	n/a	n/a	n/a	n/a	n/a	n/a	n/a	n/a	n/a	n/a	n/a	n/a	n/a	n/a	1544.552010	n/a
1544.557347	0.000000	308911	ttl	11	71	n/a	n/a	n/a	n/a	n/a	n/a	n/a	n/a	n/a	n/a	n/a	n/a	n/a	n/a	n/a	n/a	n/a	n/a	n/a	n/a	n/a	1544.557347	n/a
1545.059252	1.527933	309012	scene_recognition	n/a	n/a	n/a	71.0	n/a	n/a	n/a	1544.55734725	n/a	1.2504403151251609	2	1	2	NB_8_frameA.png	2	3	1547.837625	1	89	n/a	n/a	intervals/recognition_table	88	1545.059252	1546.587185
1545.059252	0.000000	309012	ttl	1	71	n/a	n/a	n/a	n/a	n/a	n/a	n/a	n/a	n/a	n/a	n/a	n/a	n/a	n/a	n/a	n/a	n/a	n/a	n/a	n/a	n/a	1545.059252	n/a
1546.587185	0.000000	309317	ttl	2	71	n/a	n/a	n/a	n/a	n/a	n/a	n/a	n/a	n/a	n/a	n/a	n/a	n/a	n/a	n/a	n/a	n/a	n/a	n/a	n/a	n/a	1546.587185	n/a
1547.837625	0.000000	309568	ttl	4	71	n/a	n/a	n/a	n/a	n/a	n/a	n/a	n/a	n/a	n/a	n/a	n/a	n/a	n/a	n/a	n/a	n/a	n/a	n/a	n/a	n/a	1547.837625	n/a
1547.860639	0.000000	309572	ttl	11	71	n/a	n/a	n/a	n/a	n/a	n/a	n/a	n/a	n/a	n/a	n/a	n/a	n/a	n/a	n/a	n/a	n/a	n/a	n/a	n/a	n/a	1547.860639	n/a
1548.402489	1.527798	309680	scene_recognition	n/a	n/a	n/a	71.0	n/a	n/a	n/a	1547.860639	n/a	2.358182281284826	2	3	2	HB_7_frameB.png	2	3	1552.28846925	1	90	n/a	n/a	intervals/recognition_table	89	1548.402489	1549.930287
1548.402489	0.000000	309680	ttl	1	71	n/a	n/a	n/a	n/a	n/a	n/a	n/a	n/a	n/a	n/a	n/a	n/a	n/a	n/a	n/a	n/a	n/a	n/a	n/a	n/a	n/a	1548.402489	n/a
1549.930287	0.000000	309986	ttl	2	71	n/a	n/a	n/a	n/a	n/a	n/a	n/a	n/a	n/a	n/a	n/a	n/a	n/a	n/a	n/a	n/a	n/a	n/a	n/a	n/a	n/a	1549.930287	n/a
1552.288469	0.000000	310458	ttl	4	71	n/a	n/a	n/a	n/a	n/a	n/a	n/a	n/a	n/a	n/a	n/a	n/a	n/a	n/a	n/a	n/a	n/a	n/a	n/a	n/a	n/a	1552.288469	n/a
1552.297776	0.000000	310460	ttl	11	71	n/a	n/a	n/a	n/a	n/a	n/a	n/a	n/a	n/a	n/a	n/a	n/a	n/a	n/a	n/a	n/a	n/a	n/a	n/a	n/a	n/a	1552.297776	n/a
1552.879735	1.527900	310576	scene_recognition	n/a	n/a	n/a	71.0	n/a	n/a	n/a	1552.2977764999998	n/a	1.3669691390969092	2	1	3	NB_16_frameB_foil.png	1	7	1555.77460475	0	91	n/a	n/a	intervals/recognition_table	90	1552.879735	1554.407635
1552.879735	0.000000	310576	ttl	1	71	n/a	n/a	n/a	n/a	n/a	n/a	n/a	n/a	n/a	n/a	n/a	n/a	n/a	n/a	n/a	n/a	n/a	n/a	n/a	n/a	n/a	1552.879735	n/a
1554.407635	0.000000	310882	ttl	2	71	n/a	n/a	n/a	n/a	n/a	n/a	n/a	n/a	n/a	n/a	n/a	n/a	n/a	n/a	n/a	n/a	n/a	n/a	n/a	n/a	n/a	1554.407635	n/a
1555.774605	0.000000	311155	ttl	4	71	n/a	n/a	n/a	n/a	n/a	n/a	n/a	n/a	n/a	n/a	n/a	n/a	n/a	n/a	n/a	n/a	n/a	n/a	n/a	n/a	n/a	1555.774605	n/a
1555.786234	0.000000	311157	ttl	11	71	n/a	n/a	n/a	n/a	n/a	n/a	n/a	n/a	n/a	n/a	n/a	n/a	n/a	n/a	n/a	n/a	n/a	n/a	n/a	n/a	n/a	1555.786234	n/a
1556.328054	1.527725	311266	scene_recognition	n/a	n/a	n/a	71.0	n/a	n/a	n/a	1555.78623425	n/a	1.331407071556896	2	1	3	NB_3_frameB.png	2	2	1559.18718575	1	92	n/a	n/a	intervals/recognition_table	91	1556.328054	1557.855779
1556.328054	0.000000	311266	ttl	1	71	n/a	n/a	n/a	n/a	n/a	n/a	n/a	n/a	n/a	n/a	n/a	n/a	n/a	n/a	n/a	n/a	n/a	n/a	n/a	n/a	n/a	1556.328054	n/a
1557.855779	0.000000	311571	ttl	2	71	n/a	n/a	n/a	n/a	n/a	n/a	n/a	n/a	n/a	n/a	n/a	n/a	n/a	n/a	n/a	n/a	n/a	n/a	n/a	n/a	n/a	1557.855779	n/a
1559.187186	0.000000	311837	ttl	4	71	n/a	n/a	n/a	n/a	n/a	n/a	n/a	n/a	n/a	n/a	n/a	n/a	n/a	n/a	n/a	n/a	n/a	n/a	n/a	n/a	n/a	1559.187186	n/a
1559.199216	0.000000	311840	ttl	11	71	n/a	n/a	n/a	n/a	n/a	n/a	n/a	n/a	n/a	n/a	n/a	n/a	n/a	n/a	n/a	n/a	n/a	n/a	n/a	n/a	n/a	1559.199216	n/a
1559.781169	1.527808	311956	scene_recognition	n/a	n/a	n/a	71.0	n/a	n/a	n/a	1559.1992155	n/a	2.1393616511195432	2	2	3	SB_3_frameA.png	2	2	1563.448338	1	93	n/a	n/a	intervals/recognition_table	92	1559.781169	1561.308976
1559.781169	0.000000	311956	ttl	1	71	n/a	n/a	n/a	n/a	n/a	n/a	n/a	n/a	n/a	n/a	n/a	n/a	n/a	n/a	n/a	n/a	n/a	n/a	n/a	n/a	n/a	1559.781169	n/a
1561.308976	0.000000	312262	ttl	2	71	n/a	n/a	n/a	n/a	n/a	n/a	n/a	n/a	n/a	n/a	n/a	n/a	n/a	n/a	n/a	n/a	n/a	n/a	n/a	n/a	n/a	1561.308976	n/a
1563.448338	0.000000	312690	ttl	4	71	n/a	n/a	n/a	n/a	n/a	n/a	n/a	n/a	n/a	n/a	n/a	n/a	n/a	n/a	n/a	n/a	n/a	n/a	n/a	n/a	n/a	1563.448338	n/a
1563.461949	0.000000	312692	ttl	11	71	n/a	n/a	n/a	n/a	n/a	n/a	n/a	n/a	n/a	n/a	n/a	n/a	n/a	n/a	n/a	n/a	n/a	n/a	n/a	n/a	n/a	1563.461949	n/a
1563.963822	1.527983	312793	scene_recognition	n/a	n/a	n/a	71.0	n/a	n/a	n/a	1563.461949	n/a	1.602833102166187	2	1	2	NB_30_frameA.png	2	3	1567.0946387499998	1	94	n/a	n/a	intervals/recognition_table	93	1563.963822	1565.491806
1563.963822	0.000000	312793	ttl	1	71	n/a	n/a	n/a	n/a	n/a	n/a	n/a	n/a	n/a	n/a	n/a	n/a	n/a	n/a	n/a	n/a	n/a	n/a	n/a	n/a	n/a	1563.963822	n/a
1565.491806	0.000000	313098	ttl	2	71	n/a	n/a	n/a	n/a	n/a	n/a	n/a	n/a	n/a	n/a	n/a	n/a	n/a	n/a	n/a	n/a	n/a	n/a	n/a	n/a	n/a	1565.491806	n/a
1567.094639	0.000000	313419	ttl	4	71	n/a	n/a	n/a	n/a	n/a	n/a	n/a	n/a	n/a	n/a	n/a	n/a	n/a	n/a	n/a	n/a	n/a	n/a	n/a	n/a	n/a	1567.094639	n/a
1567.106688	0.000000	313421	ttl	11	71	n/a	n/a	n/a	n/a	n/a	n/a	n/a	n/a	n/a	n/a	n/a	n/a	n/a	n/a	n/a	n/a	n/a	n/a	n/a	n/a	n/a	1567.106688	n/a
1567.708969	1.527795	313542	scene_recognition	n/a	n/a	n/a	71.0	n/a	n/a	n/a	1567.10668775	n/a	1.7602614475326845	2	1	3	NB_29_frameB.png	2	2	1570.99702575	1	95	n/a	n/a	intervals/recognition_table	94	1567.708969	1569.236764
1567.708969	0.000000	313542	ttl	1	71	n/a	n/a	n/a	n/a	n/a	n/a	n/a	n/a	n/a	n/a	n/a	n/a	n/a	n/a	n/a	n/a	n/a	n/a	n/a	n/a	n/a	1567.708969	n/a
1569.236764	0.000000	313847	ttl	2	71	n/a	n/a	n/a	n/a	n/a	n/a	n/a	n/a	n/a	n/a	n/a	n/a	n/a	n/a	n/a	n/a	n/a	n/a	n/a	n/a	n/a	1569.236764	n/a
1570.997026	0.000000	314199	ttl	4	71	n/a	n/a	n/a	n/a	n/a	n/a	n/a	n/a	n/a	n/a	n/a	n/a	n/a	n/a	n/a	n/a	n/a	n/a	n/a	n/a	n/a	1570.997026	n/a
1571.021335	0.000000	314204	ttl	11	71	n/a	n/a	n/a	n/a	n/a	n/a	n/a	n/a	n/a	n/a	n/a	n/a	n/a	n/a	n/a	n/a	n/a	n/a	n/a	n/a	n/a	1571.021335	n/a
1571.563143	1.527885	314313	scene_recognition	n/a	n/a	n/a	71.0	n/a	n/a	n/a	1571.021335	n/a	1.7884313656541053	2	2	3	SB_9_frameA_foil.png	1	7	1574.879459	0	96	n/a	n/a	intervals/recognition_table	95	1571.563143	1573.091027
1571.563143	0.000000	314313	ttl	1	71	n/a	n/a	n/a	n/a	n/a	n/a	n/a	n/a	n/a	n/a	n/a	n/a	n/a	n/a	n/a	n/a	n/a	n/a	n/a	n/a	n/a	1571.563143	n/a
1573.091027	0.000000	314618	ttl	2	71	n/a	n/a	n/a	n/a	n/a	n/a	n/a	n/a	n/a	n/a	n/a	n/a	n/a	n/a	n/a	n/a	n/a	n/a	n/a	n/a	n/a	1573.091027	n/a
1574.879459	0.000000	314976	ttl	4	71	n/a	n/a	n/a	n/a	n/a	n/a	n/a	n/a	n/a	n/a	n/a	n/a	n/a	n/a	n/a	n/a	n/a	n/a	n/a	n/a	n/a	1574.879459	n/a
1574.890025	0.000000	314978	ttl	11	71	n/a	n/a	n/a	n/a	n/a	n/a	n/a	n/a	n/a	n/a	n/a	n/a	n/a	n/a	n/a	n/a	n/a	n/a	n/a	n/a	n/a	1574.890025	n/a
1575.412009	1.527847	315082	scene_recognition	n/a	n/a	n/a	71.0	n/a	n/a	n/a	1574.890025	n/a	2.2754090804373845	2	1	3	NB_19_frameB.png	2	2	1579.2152655	1	97	n/a	n/a	intervals/recognition_table	96	1575.412009	1576.939856
1575.412009	0.000000	315082	ttl	1	71	n/a	n/a	n/a	n/a	n/a	n/a	n/a	n/a	n/a	n/a	n/a	n/a	n/a	n/a	n/a	n/a	n/a	n/a	n/a	n/a	n/a	1575.412009	n/a
1576.939856	0.000000	315388	ttl	2	71	n/a	n/a	n/a	n/a	n/a	n/a	n/a	n/a	n/a	n/a	n/a	n/a	n/a	n/a	n/a	n/a	n/a	n/a	n/a	n/a	n/a	1576.939856	n/a
1579.215265	0.000000	315843	ttl	4	71	n/a	n/a	n/a	n/a	n/a	n/a	n/a	n/a	n/a	n/a	n/a	n/a	n/a	n/a	n/a	n/a	n/a	n/a	n/a	n/a	n/a	1579.215265	n/a
1579.234836	0.000000	315847	ttl	11	71	n/a	n/a	n/a	n/a	n/a	n/a	n/a	n/a	n/a	n/a	n/a	n/a	n/a	n/a	n/a	n/a	n/a	n/a	n/a	n/a	n/a	1579.234836	n/a
1579.756800	1.527874	315951	scene_recognition	n/a	n/a	n/a	71.0	n/a	n/a	n/a	1579.23483625	n/a	2.6306224335421575	2	2	3	SB_3_frameB_foil.png	1	7	1583.91529675	0	98	n/a	n/a	intervals/recognition_table	97	1579.756800	1581.284674
1579.756800	0.000000	315951	ttl	1	71	n/a	n/a	n/a	n/a	n/a	n/a	n/a	n/a	n/a	n/a	n/a	n/a	n/a	n/a	n/a	n/a	n/a	n/a	n/a	n/a	n/a	1579.756800	n/a
1581.284674	0.000000	316257	ttl	2	71	n/a	n/a	n/a	n/a	n/a	n/a	n/a	n/a	n/a	n/a	n/a	n/a	n/a	n/a	n/a	n/a	n/a	n/a	n/a	n/a	n/a	1581.284674	n/a
1583.915297	0.000000	316783	ttl	4	71	n/a	n/a	n/a	n/a	n/a	n/a	n/a	n/a	n/a	n/a	n/a	n/a	n/a	n/a	n/a	n/a	n/a	n/a	n/a	n/a	n/a	1583.915297	n/a
1583.926772	0.000000	316785	ttl	11	71	n/a	n/a	n/a	n/a	n/a	n/a	n/a	n/a	n/a	n/a	n/a	n/a	n/a	n/a	n/a	n/a	n/a	n/a	n/a	n/a	n/a	1583.926772	n/a
1584.448758	1.527844	316890	scene_recognition	n/a	n/a	n/a	71.0	n/a	n/a	n/a	1583.926772	n/a	1.6803213023813441	2	2	2	SB_7_frameB_foil.png	1	6	1587.6569235	0	99	n/a	n/a	intervals/recognition_table	98	1584.448758	1585.976602
1584.448758	0.000000	316890	ttl	1	71	n/a	n/a	n/a	n/a	n/a	n/a	n/a	n/a	n/a	n/a	n/a	n/a	n/a	n/a	n/a	n/a	n/a	n/a	n/a	n/a	n/a	1584.448758	n/a
1585.976602	0.000000	317195	ttl	2	71	n/a	n/a	n/a	n/a	n/a	n/a	n/a	n/a	n/a	n/a	n/a	n/a	n/a	n/a	n/a	n/a	n/a	n/a	n/a	n/a	n/a	1585.976602	n/a
1587.656923	0.000000	317531	ttl	4	71	n/a	n/a	n/a	n/a	n/a	n/a	n/a	n/a	n/a	n/a	n/a	n/a	n/a	n/a	n/a	n/a	n/a	n/a	n/a	n/a	n/a	1587.656923	n/a
1587.667565	0.000000	317534	ttl	11	71	n/a	n/a	n/a	n/a	n/a	n/a	n/a	n/a	n/a	n/a	n/a	n/a	n/a	n/a	n/a	n/a	n/a	n/a	n/a	n/a	n/a	1587.667565	n/a
1588.209425	1.527861	317642	scene_recognition	n/a	n/a	n/a	71.0	n/a	n/a	n/a	1587.6675647499999	n/a	1.9105877130641602	2	2	2	SB_6_frameA_foil.png	1	6	1591.6478742499999	0	100	n/a	n/a	intervals/recognition_table	99	1588.209425	1589.737286
1588.209425	0.000000	317642	ttl	1	71	n/a	n/a	n/a	n/a	n/a	n/a	n/a	n/a	n/a	n/a	n/a	n/a	n/a	n/a	n/a	n/a	n/a	n/a	n/a	n/a	n/a	1588.209425	n/a
1589.737286	0.000000	317947	ttl	2	71	n/a	n/a	n/a	n/a	n/a	n/a	n/a	n/a	n/a	n/a	n/a	n/a	n/a	n/a	n/a	n/a	n/a	n/a	n/a	n/a	n/a	1589.737286	n/a
1591.647874	0.000000	318330	ttl	4	71	n/a	n/a	n/a	n/a	n/a	n/a	n/a	n/a	n/a	n/a	n/a	n/a	n/a	n/a	n/a	n/a	n/a	n/a	n/a	n/a	n/a	1591.647874	n/a
1591.666583	0.000000	318333	ttl	11	71	n/a	n/a	n/a	n/a	n/a	n/a	n/a	n/a	n/a	n/a	n/a	n/a	n/a	n/a	n/a	n/a	n/a	n/a	n/a	n/a	n/a	1591.666583	n/a
1592.188321	1.528036	318438	scene_recognition	n/a	n/a	n/a	71.0	n/a	n/a	n/a	1591.6665835	n/a	1.2481353341281647	2	1	3	NB_26_frameA.png	2	2	1594.96449225	1	101	n/a	n/a	intervals/recognition_table	100	1592.188321	1593.716357
1592.188321	0.000000	318438	ttl	1	71	n/a	n/a	n/a	n/a	n/a	n/a	n/a	n/a	n/a	n/a	n/a	n/a	n/a	n/a	n/a	n/a	n/a	n/a	n/a	n/a	n/a	1592.188321	n/a
1593.716357	0.000000	318743	ttl	2	71	n/a	n/a	n/a	n/a	n/a	n/a	n/a	n/a	n/a	n/a	n/a	n/a	n/a	n/a	n/a	n/a	n/a	n/a	n/a	n/a	n/a	1593.716357	n/a
1594.964492	0.000000	318993	ttl	4	71	n/a	n/a	n/a	n/a	n/a	n/a	n/a	n/a	n/a	n/a	n/a	n/a	n/a	n/a	n/a	n/a	n/a	n/a	n/a	n/a	n/a	1594.964492	n/a
1594.975053	0.000000	318995	ttl	11	71	n/a	n/a	n/a	n/a	n/a	n/a	n/a	n/a	n/a	n/a	n/a	n/a	n/a	n/a	n/a	n/a	n/a	n/a	n/a	n/a	n/a	1594.975053	n/a
1595.516865	1.528056	319103	scene_recognition	n/a	n/a	n/a	71.0	n/a	n/a	n/a	1594.97505275	n/a	1.2080844548036112	2	2	3	SB_4_frameA_foil.png	1	7	1598.25300625	0	102	n/a	n/a	intervals/recognition_table	101	1595.516865	1597.044922
1595.516865	0.000000	319103	ttl	1	71	n/a	n/a	n/a	n/a	n/a	n/a	n/a	n/a	n/a	n/a	n/a	n/a	n/a	n/a	n/a	n/a	n/a	n/a	n/a	n/a	n/a	1595.516865	n/a
1597.044922	0.000000	319409	ttl	2	71	n/a	n/a	n/a	n/a	n/a	n/a	n/a	n/a	n/a	n/a	n/a	n/a	n/a	n/a	n/a	n/a	n/a	n/a	n/a	n/a	n/a	1597.044922	n/a
1598.253006	0.000000	319651	ttl	4	71	n/a	n/a	n/a	n/a	n/a	n/a	n/a	n/a	n/a	n/a	n/a	n/a	n/a	n/a	n/a	n/a	n/a	n/a	n/a	n/a	n/a	1598.253006	n/a
1598.270344	0.000000	319654	ttl	11	71	n/a	n/a	n/a	n/a	n/a	n/a	n/a	n/a	n/a	n/a	n/a	n/a	n/a	n/a	n/a	n/a	n/a	n/a	n/a	n/a	n/a	1598.270344	n/a
1598.832243	1.527776	319766	scene_recognition	n/a	n/a	n/a	71.0	n/a	n/a	n/a	1598.2703445	n/a	0.7978210544388276	2	2	3	SB_1_frameA.png	2	2	1601.15784025	1	103	n/a	n/a	intervals/recognition_table	102	1598.832243	1600.360019
1598.832243	0.000000	319766	ttl	1	71	n/a	n/a	n/a	n/a	n/a	n/a	n/a	n/a	n/a	n/a	n/a	n/a	n/a	n/a	n/a	n/a	n/a	n/a	n/a	n/a	n/a	1598.832243	n/a
1600.360019	0.000000	320072	ttl	2	71	n/a	n/a	n/a	n/a	n/a	n/a	n/a	n/a	n/a	n/a	n/a	n/a	n/a	n/a	n/a	n/a	n/a	n/a	n/a	n/a	n/a	1600.360019	n/a
1601.157840	0.000000	320232	ttl	4	71	n/a	n/a	n/a	n/a	n/a	n/a	n/a	n/a	n/a	n/a	n/a	n/a	n/a	n/a	n/a	n/a	n/a	n/a	n/a	n/a	n/a	1601.157840	n/a
1601.171332	0.000000	320234	ttl	11	71	n/a	n/a	n/a	n/a	n/a	n/a	n/a	n/a	n/a	n/a	n/a	n/a	n/a	n/a	n/a	n/a	n/a	n/a	n/a	n/a	n/a	1601.171332	n/a
1601.733223	1.527940	320347	scene_recognition	n/a	n/a	n/a	71.0	n/a	n/a	n/a	1601.1713324999998	n/a	1.2419726252264809	2	1	3	NB_10_frameB_foil.png	1	7	1604.50313625	0	104	n/a	n/a	intervals/recognition_table	103	1601.733223	1603.261163
1601.733223	0.000000	320347	ttl	1	71	n/a	n/a	n/a	n/a	n/a	n/a	n/a	n/a	n/a	n/a	n/a	n/a	n/a	n/a	n/a	n/a	n/a	n/a	n/a	n/a	n/a	1601.733223	n/a
1603.261163	0.000000	320652	ttl	2	71	n/a	n/a	n/a	n/a	n/a	n/a	n/a	n/a	n/a	n/a	n/a	n/a	n/a	n/a	n/a	n/a	n/a	n/a	n/a	n/a	n/a	1603.261163	n/a
1604.503136	0.000000	320901	ttl	4	71	n/a	n/a	n/a	n/a	n/a	n/a	n/a	n/a	n/a	n/a	n/a	n/a	n/a	n/a	n/a	n/a	n/a	n/a	n/a	n/a	n/a	1604.503136	n/a
1604.518573	0.000000	320904	ttl	11	71	n/a	n/a	n/a	n/a	n/a	n/a	n/a	n/a	n/a	n/a	n/a	n/a	n/a	n/a	n/a	n/a	n/a	n/a	n/a	n/a	n/a	1604.518573	n/a
1605.100759	1.527868	321020	scene_recognition	n/a	n/a	n/a	71.0	n/a	n/a	n/a	1604.51857325	n/a	1.4476712306786794	2	1	3	NB_1_frameA_foil.png	1	7	1608.0762989999998	0	105	n/a	n/a	intervals/recognition_table	104	1605.100759	1606.628628
1605.100759	0.000000	321020	ttl	1	71	n/a	n/a	n/a	n/a	n/a	n/a	n/a	n/a	n/a	n/a	n/a	n/a	n/a	n/a	n/a	n/a	n/a	n/a	n/a	n/a	n/a	1605.100759	n/a
1606.628628	0.000000	321326	ttl	2	71	n/a	n/a	n/a	n/a	n/a	n/a	n/a	n/a	n/a	n/a	n/a	n/a	n/a	n/a	n/a	n/a	n/a	n/a	n/a	n/a	n/a	1606.628628	n/a
1608.076299	0.000000	321615	ttl	4	71	n/a	n/a	n/a	n/a	n/a	n/a	n/a	n/a	n/a	n/a	n/a	n/a	n/a	n/a	n/a	n/a	n/a	n/a	n/a	n/a	n/a	1608.076299	n/a
1608.099124	0.000000	321620	ttl	11	71	n/a	n/a	n/a	n/a	n/a	n/a	n/a	n/a	n/a	n/a	n/a	n/a	n/a	n/a	n/a	n/a	n/a	n/a	n/a	n/a	n/a	1608.099124	n/a
1608.641023	1.528045	321728	scene_recognition	n/a	n/a	n/a	71.0	n/a	n/a	n/a	1608.09912375	n/a	0.9343593282246729	2	3	1	HB_2_frameA_foil.png	1	5	1611.1034272499999	0	106	n/a	n/a	intervals/recognition_table	105	1608.641023	1610.169068
1608.641023	0.000000	321728	ttl	1	71	n/a	n/a	n/a	n/a	n/a	n/a	n/a	n/a	n/a	n/a	n/a	n/a	n/a	n/a	n/a	n/a	n/a	n/a	n/a	n/a	n/a	1608.641023	n/a
1610.169068	0.000000	322034	ttl	2	71	n/a	n/a	n/a	n/a	n/a	n/a	n/a	n/a	n/a	n/a	n/a	n/a	n/a	n/a	n/a	n/a	n/a	n/a	n/a	n/a	n/a	1610.169068	n/a
1611.103427	0.000000	322221	ttl	4	71	n/a	n/a	n/a	n/a	n/a	n/a	n/a	n/a	n/a	n/a	n/a	n/a	n/a	n/a	n/a	n/a	n/a	n/a	n/a	n/a	n/a	1611.103427	n/a
1611.123014	0.000000	322225	ttl	11	71	n/a	n/a	n/a	n/a	n/a	n/a	n/a	n/a	n/a	n/a	n/a	n/a	n/a	n/a	n/a	n/a	n/a	n/a	n/a	n/a	n/a	1611.123014	n/a
1611.665104	1.527890	322333	scene_recognition	n/a	n/a	n/a	71.0	n/a	n/a	n/a	1611.1230145	n/a	2.0563372252945555	2	1	3	NB_12_frameB_foil.png	1	7	1615.2493319999999	0	107	n/a	n/a	intervals/recognition_table	106	1611.665104	1613.192995
1611.665104	0.000000	322333	ttl	1	71	n/a	n/a	n/a	n/a	n/a	n/a	n/a	n/a	n/a	n/a	n/a	n/a	n/a	n/a	n/a	n/a	n/a	n/a	n/a	n/a	n/a	1611.665104	n/a
1613.192995	0.000000	322639	ttl	2	71	n/a	n/a	n/a	n/a	n/a	n/a	n/a	n/a	n/a	n/a	n/a	n/a	n/a	n/a	n/a	n/a	n/a	n/a	n/a	n/a	n/a	1613.192995	n/a
1615.249332	0.000000	323050	ttl	4	71	n/a	n/a	n/a	n/a	n/a	n/a	n/a	n/a	n/a	n/a	n/a	n/a	n/a	n/a	n/a	n/a	n/a	n/a	n/a	n/a	n/a	1615.249332	n/a
1615.272890	0.000000	323055	ttl	11	71	n/a	n/a	n/a	n/a	n/a	n/a	n/a	n/a	n/a	n/a	n/a	n/a	n/a	n/a	n/a	n/a	n/a	n/a	n/a	n/a	n/a	1615.272890	n/a
1615.834993	1.527879	323167	scene_recognition	n/a	n/a	n/a	71.0	n/a	n/a	n/a	1615.2728895	n/a	1.3467084802832687	2	1	3	NB_18_frameB_foil.png	1	7	1618.70958	0	108	n/a	n/a	intervals/recognition_table	107	1615.834993	1617.362871
1615.834993	0.000000	323167	ttl	1	71	n/a	n/a	n/a	n/a	n/a	n/a	n/a	n/a	n/a	n/a	n/a	n/a	n/a	n/a	n/a	n/a	n/a	n/a	n/a	n/a	n/a	1615.834993	n/a
1617.362871	0.000000	323473	ttl	2	71	n/a	n/a	n/a	n/a	n/a	n/a	n/a	n/a	n/a	n/a	n/a	n/a	n/a	n/a	n/a	n/a	n/a	n/a	n/a	n/a	n/a	1617.362871	n/a
1618.709580	0.000000	323742	ttl	4	71	n/a	n/a	n/a	n/a	n/a	n/a	n/a	n/a	n/a	n/a	n/a	n/a	n/a	n/a	n/a	n/a	n/a	n/a	n/a	n/a	n/a	1618.709580	n/a
1618.730292	0.000000	323746	ttl	11	71	n/a	n/a	n/a	n/a	n/a	n/a	n/a	n/a	n/a	n/a	n/a	n/a	n/a	n/a	n/a	n/a	n/a	n/a	n/a	n/a	n/a	1618.730292	n/a
1619.312247	1.527916	323862	scene_recognition	n/a	n/a	n/a	71.0	n/a	n/a	n/a	1618.7302925	n/a	0.11904919137305114	2	3	2	HB_7_frameB_foil.png	1	6	1620.959212	0	109	n/a	n/a	intervals/recognition_table	108	1619.312247	1620.840163
1619.312247	0.000000	323862	ttl	1	71	n/a	n/a	n/a	n/a	n/a	n/a	n/a	n/a	n/a	n/a	n/a	n/a	n/a	n/a	n/a	n/a	n/a	n/a	n/a	n/a	n/a	1619.312247	n/a
1620.840163	0.000000	324168	ttl	2	71	n/a	n/a	n/a	n/a	n/a	n/a	n/a	n/a	n/a	n/a	n/a	n/a	n/a	n/a	n/a	n/a	n/a	n/a	n/a	n/a	n/a	1620.840163	n/a
1620.959212	0.000000	324192	ttl	4	71	n/a	n/a	n/a	n/a	n/a	n/a	n/a	n/a	n/a	n/a	n/a	n/a	n/a	n/a	n/a	n/a	n/a	n/a	n/a	n/a	n/a	1620.959212	n/a
1620.968810	0.000000	324194	ttl	11	71	n/a	n/a	n/a	n/a	n/a	n/a	n/a	n/a	n/a	n/a	n/a	n/a	n/a	n/a	n/a	n/a	n/a	n/a	n/a	n/a	n/a	1620.968810	n/a
1621.470527	1.527876	324294	scene_recognition	n/a	n/a	n/a	71.0	n/a	n/a	n/a	1620.9688099999998	n/a	0.1354059392469935	2	3	1	HB_1_frameB.png	2	4	1623.13380975	1	110	n/a	n/a	intervals/recognition_table	109	1621.470527	1622.998404
1621.470527	0.000000	324294	ttl	1	71	n/a	n/a	n/a	n/a	n/a	n/a	n/a	n/a	n/a	n/a	n/a	n/a	n/a	n/a	n/a	n/a	n/a	n/a	n/a	n/a	n/a	1621.470527	n/a
1622.998404	0.000000	324600	ttl	2	71	n/a	n/a	n/a	n/a	n/a	n/a	n/a	n/a	n/a	n/a	n/a	n/a	n/a	n/a	n/a	n/a	n/a	n/a	n/a	n/a	n/a	1622.998404	n/a
1623.133810	0.000000	324627	ttl	4	71	n/a	n/a	n/a	n/a	n/a	n/a	n/a	n/a	n/a	n/a	n/a	n/a	n/a	n/a	n/a	n/a	n/a	n/a	n/a	n/a	n/a	1623.133810	n/a
1623.139204	0.000000	324628	ttl	11	71	n/a	n/a	n/a	n/a	n/a	n/a	n/a	n/a	n/a	n/a	n/a	n/a	n/a	n/a	n/a	n/a	n/a	n/a	n/a	n/a	n/a	1623.139204	n/a
1623.721378	1.527883	324744	scene_recognition	n/a	n/a	n/a	71.0	n/a	n/a	n/a	1623.1392039999998	n/a	2.399832010938553	2	3	1	HB_3_frameB.png	2	4	1627.64909275	1	111	n/a	n/a	intervals/recognition_table	110	1623.721378	1625.249261
1623.721378	0.000000	324744	ttl	1	71	n/a	n/a	n/a	n/a	n/a	n/a	n/a	n/a	n/a	n/a	n/a	n/a	n/a	n/a	n/a	n/a	n/a	n/a	n/a	n/a	n/a	1623.721378	n/a
1625.249261	0.000000	325050	ttl	2	71	n/a	n/a	n/a	n/a	n/a	n/a	n/a	n/a	n/a	n/a	n/a	n/a	n/a	n/a	n/a	n/a	n/a	n/a	n/a	n/a	n/a	1625.249261	n/a
1627.649093	0.000000	325530	ttl	4	71	n/a	n/a	n/a	n/a	n/a	n/a	n/a	n/a	n/a	n/a	n/a	n/a	n/a	n/a	n/a	n/a	n/a	n/a	n/a	n/a	n/a	1627.649093	n/a
1627.660181	0.000000	325532	ttl	11	71	n/a	n/a	n/a	n/a	n/a	n/a	n/a	n/a	n/a	n/a	n/a	n/a	n/a	n/a	n/a	n/a	n/a	n/a	n/a	n/a	n/a	1627.660181	n/a
1628.181934	1.528062	325636	scene_recognition	n/a	n/a	n/a	71.0	n/a	n/a	n/a	1627.6601815	n/a	0.17811723666090984	2	2	3	SB_1_frameA_foil.png	1	7	1629.8881125	0	112	n/a	n/a	intervals/recognition_table	111	1628.181934	1629.709995
1628.181934	0.000000	325636	ttl	1	71	n/a	n/a	n/a	n/a	n/a	n/a	n/a	n/a	n/a	n/a	n/a	n/a	n/a	n/a	n/a	n/a	n/a	n/a	n/a	n/a	n/a	1628.181934	n/a
1629.709995	0.000000	325942	ttl	2	71	n/a	n/a	n/a	n/a	n/a	n/a	n/a	n/a	n/a	n/a	n/a	n/a	n/a	n/a	n/a	n/a	n/a	n/a	n/a	n/a	n/a	1629.709995	n/a
1629.888113	0.000000	325978	ttl	4	71	n/a	n/a	n/a	n/a	n/a	n/a	n/a	n/a	n/a	n/a	n/a	n/a	n/a	n/a	n/a	n/a	n/a	n/a	n/a	n/a	n/a	1629.888113	n/a
1629.896354	0.000000	325979	ttl	11	71	n/a	n/a	n/a	n/a	n/a	n/a	n/a	n/a	n/a	n/a	n/a	n/a	n/a	n/a	n/a	n/a	n/a	n/a	n/a	n/a	n/a	1629.896354	n/a
1630.478377	1.527977	326096	scene_recognition	n/a	n/a	n/a	71.0	n/a	n/a	n/a	1629.8963535	n/a	1.9870015040796716	2	3	2	HB_7_frameA_foil.png	1	6	1633.99335625	0	113	n/a	n/a	intervals/recognition_table	112	1630.478377	1632.006355
1630.478377	0.000000	326096	ttl	1	71	n/a	n/a	n/a	n/a	n/a	n/a	n/a	n/a	n/a	n/a	n/a	n/a	n/a	n/a	n/a	n/a	n/a	n/a	n/a	n/a	n/a	1630.478377	n/a
1632.006355	0.000000	326401	ttl	2	71	n/a	n/a	n/a	n/a	n/a	n/a	n/a	n/a	n/a	n/a	n/a	n/a	n/a	n/a	n/a	n/a	n/a	n/a	n/a	n/a	n/a	1632.006355	n/a
1633.993356	0.000000	326799	ttl	4	71	n/a	n/a	n/a	n/a	n/a	n/a	n/a	n/a	n/a	n/a	n/a	n/a	n/a	n/a	n/a	n/a	n/a	n/a	n/a	n/a	n/a	1633.993356	n/a
1634.006308	0.000000	326801	ttl	11	71	n/a	n/a	n/a	n/a	n/a	n/a	n/a	n/a	n/a	n/a	n/a	n/a	n/a	n/a	n/a	n/a	n/a	n/a	n/a	n/a	n/a	1634.006308	n/a
1634.588289	1.527896	326918	scene_recognition	n/a	n/a	n/a	71.0	n/a	n/a	n/a	1634.006308	n/a	1.9503749082796276	2	1	3	NB_19_frameA_foil.png	1	7	1638.0665602499998	0	114	n/a	n/a	intervals/recognition_table	113	1634.588289	1636.116186
1634.588289	0.000000	326918	ttl	1	71	n/a	n/a	n/a	n/a	n/a	n/a	n/a	n/a	n/a	n/a	n/a	n/a	n/a	n/a	n/a	n/a	n/a	n/a	n/a	n/a	n/a	1634.588289	n/a
1636.116186	0.000000	327223	ttl	2	71	n/a	n/a	n/a	n/a	n/a	n/a	n/a	n/a	n/a	n/a	n/a	n/a	n/a	n/a	n/a	n/a	n/a	n/a	n/a	n/a	n/a	1636.116186	n/a
1638.066560	0.000000	327613	ttl	4	71	n/a	n/a	n/a	n/a	n/a	n/a	n/a	n/a	n/a	n/a	n/a	n/a	n/a	n/a	n/a	n/a	n/a	n/a	n/a	n/a	n/a	1638.066560	n/a
1638.087880	0.000000	327618	ttl	11	71	n/a	n/a	n/a	n/a	n/a	n/a	n/a	n/a	n/a	n/a	n/a	n/a	n/a	n/a	n/a	n/a	n/a	n/a	n/a	n/a	n/a	1638.087880	n/a
1638.589563	1.527967	327718	scene_recognition	n/a	n/a	n/a	71.0	n/a	n/a	n/a	1638.08788025	n/a	0.448314029010362	2	2	3	SB_5_frameA.png	2	2	1640.5658442499998	1	115	n/a	n/a	intervals/recognition_table	114	1638.589563	1640.117530
1638.589563	0.000000	327718	ttl	1	71	n/a	n/a	n/a	n/a	n/a	n/a	n/a	n/a	n/a	n/a	n/a	n/a	n/a	n/a	n/a	n/a	n/a	n/a	n/a	n/a	n/a	1638.589563	n/a
1640.117530	0.000000	328024	ttl	2	71	n/a	n/a	n/a	n/a	n/a	n/a	n/a	n/a	n/a	n/a	n/a	n/a	n/a	n/a	n/a	n/a	n/a	n/a	n/a	n/a	n/a	1640.117530	n/a
1640.565844	0.000000	328113	ttl	4	71	n/a	n/a	n/a	n/a	n/a	n/a	n/a	n/a	n/a	n/a	n/a	n/a	n/a	n/a	n/a	n/a	n/a	n/a	n/a	n/a	n/a	1640.565844	n/a
1640.578998	0.000000	328116	ttl	11	71	n/a	n/a	n/a	n/a	n/a	n/a	n/a	n/a	n/a	n/a	n/a	n/a	n/a	n/a	n/a	n/a	n/a	n/a	n/a	n/a	n/a	1640.578998	n/a
1641.100763	1.527887	328220	scene_recognition	n/a	n/a	n/a	71.0	n/a	n/a	n/a	1640.5789982499998	n/a	0.19707594277861062	2	3	2	HB_4_frameB_foil.png	1	6	1642.82572525	0	116	n/a	n/a	intervals/recognition_table	115	1641.100763	1642.628649
1641.100763	0.000000	328220	ttl	1	71	n/a	n/a	n/a	n/a	n/a	n/a	n/a	n/a	n/a	n/a	n/a	n/a	n/a	n/a	n/a	n/a	n/a	n/a	n/a	n/a	n/a	1641.100763	n/a
1642.628649	0.000000	328526	ttl	2	71	n/a	n/a	n/a	n/a	n/a	n/a	n/a	n/a	n/a	n/a	n/a	n/a	n/a	n/a	n/a	n/a	n/a	n/a	n/a	n/a	n/a	1642.628649	n/a
1642.825725	0.000000	328565	ttl	4	71	n/a	n/a	n/a	n/a	n/a	n/a	n/a	n/a	n/a	n/a	n/a	n/a	n/a	n/a	n/a	n/a	n/a	n/a	n/a	n/a	n/a	1642.825725	n/a
1642.842801	0.000000	328569	ttl	11	71	n/a	n/a	n/a	n/a	n/a	n/a	n/a	n/a	n/a	n/a	n/a	n/a	n/a	n/a	n/a	n/a	n/a	n/a	n/a	n/a	n/a	1642.842801	n/a
1643.404696	1.527804	328681	scene_recognition	n/a	n/a	n/a	71.0	n/a	n/a	n/a	1642.84280075	n/a	1.1368991365161492	2	3	3	HB_5_frameA.png	2	2	1646.069399	1	117	n/a	n/a	intervals/recognition_table	116	1643.404696	1644.932500
1643.404696	0.000000	328681	ttl	1	71	n/a	n/a	n/a	n/a	n/a	n/a	n/a	n/a	n/a	n/a	n/a	n/a	n/a	n/a	n/a	n/a	n/a	n/a	n/a	n/a	n/a	1643.404696	n/a
1644.932500	0.000000	328986	ttl	2	71	n/a	n/a	n/a	n/a	n/a	n/a	n/a	n/a	n/a	n/a	n/a	n/a	n/a	n/a	n/a	n/a	n/a	n/a	n/a	n/a	n/a	1644.932500	n/a
1646.069399	0.000000	329214	ttl	4	71	n/a	n/a	n/a	n/a	n/a	n/a	n/a	n/a	n/a	n/a	n/a	n/a	n/a	n/a	n/a	n/a	n/a	n/a	n/a	n/a	n/a	1646.069399	n/a
1646.074178	0.000000	329215	ttl	11	71	n/a	n/a	n/a	n/a	n/a	n/a	n/a	n/a	n/a	n/a	n/a	n/a	n/a	n/a	n/a	n/a	n/a	n/a	n/a	n/a	n/a	1646.074178	n/a
1646.616184	1.527429	329323	scene_recognition	n/a	n/a	n/a	71.0	n/a	n/a	n/a	1646.0741779999998	n/a	1.4735086820001015	2	3	2	HB_1_frameB_foil.png	1	6	1649.6171212499999	0	118	n/a	n/a	intervals/recognition_table	117	1646.616184	1648.143613
1646.616184	0.000000	329323	ttl	1	71	n/a	n/a	n/a	n/a	n/a	n/a	n/a	n/a	n/a	n/a	n/a	n/a	n/a	n/a	n/a	n/a	n/a	n/a	n/a	n/a	n/a	1646.616184	n/a
1648.143613	0.000000	329629	ttl	2	71	n/a	n/a	n/a	n/a	n/a	n/a	n/a	n/a	n/a	n/a	n/a	n/a	n/a	n/a	n/a	n/a	n/a	n/a	n/a	n/a	n/a	1648.143613	n/a
1649.617121	0.000000	329923	ttl	4	71	n/a	n/a	n/a	n/a	n/a	n/a	n/a	n/a	n/a	n/a	n/a	n/a	n/a	n/a	n/a	n/a	n/a	n/a	n/a	n/a	n/a	1649.617121	n/a
1649.634116	0.000000	329927	ttl	11	71	n/a	n/a	n/a	n/a	n/a	n/a	n/a	n/a	n/a	n/a	n/a	n/a	n/a	n/a	n/a	n/a	n/a	n/a	n/a	n/a	n/a	1649.634116	n/a
1650.176109	1.527791	330035	scene_recognition	n/a	n/a	n/a	71.0	n/a	n/a	n/a	1649.6341165	n/a	2.845837003114866	2	2	3	SB_2_frameB_foil.png	1	7	1654.5497369999998	0	119	n/a	n/a	intervals/recognition_table	118	1650.176109	1651.703900
1650.176109	0.000000	330035	ttl	1	71	n/a	n/a	n/a	n/a	n/a	n/a	n/a	n/a	n/a	n/a	n/a	n/a	n/a	n/a	n/a	n/a	n/a	n/a	n/a	n/a	n/a	1650.176109	n/a
1651.703900	0.000000	330341	ttl	2	71	n/a	n/a	n/a	n/a	n/a	n/a	n/a	n/a	n/a	n/a	n/a	n/a	n/a	n/a	n/a	n/a	n/a	n/a	n/a	n/a	n/a	1651.703900	n/a
1654.549737	0.000000	330910	ttl	4	71	n/a	n/a	n/a	n/a	n/a	n/a	n/a	n/a	n/a	n/a	n/a	n/a	n/a	n/a	n/a	n/a	n/a	n/a	n/a	n/a	n/a	1654.549737	n/a
1654.556988	0.000000	330911	ttl	11	71	n/a	n/a	n/a	n/a	n/a	n/a	n/a	n/a	n/a	n/a	n/a	n/a	n/a	n/a	n/a	n/a	n/a	n/a	n/a	n/a	n/a	1654.556988	n/a
1655.138938	1.527903	331028	scene_recognition	n/a	n/a	n/a	71.0	n/a	n/a	n/a	1654.55698775	n/a	0.5042013476340799	2	2	3	SB_5_frameB.png	2	2	1657.1710417499999	1	120	n/a	n/a	intervals/recognition_table	119	1655.138938	1656.666841
1655.138938	0.000000	331028	ttl	1	71	n/a	n/a	n/a	n/a	n/a	n/a	n/a	n/a	n/a	n/a	n/a	n/a	n/a	n/a	n/a	n/a	n/a	n/a	n/a	n/a	n/a	1655.138938	n/a
1656.666841	0.000000	331333	ttl	2	71	n/a	n/a	n/a	n/a	n/a	n/a	n/a	n/a	n/a	n/a	n/a	n/a	n/a	n/a	n/a	n/a	n/a	n/a	n/a	n/a	n/a	1656.666841	n/a
1657.171042	0.000000	331434	ttl	4	71	n/a	n/a	n/a	n/a	n/a	n/a	n/a	n/a	n/a	n/a	n/a	n/a	n/a	n/a	n/a	n/a	n/a	n/a	n/a	n/a	n/a	1657.171042	n/a
1657.176830	0.000000	331435	ttl	11	71	n/a	n/a	n/a	n/a	n/a	n/a	n/a	n/a	n/a	n/a	n/a	n/a	n/a	n/a	n/a	n/a	n/a	n/a	n/a	n/a	n/a	1657.176830	n/a
1657.718676	1.527859	331544	scene_recognition	n/a	n/a	n/a	71.0	n/a	n/a	n/a	1657.17683025	n/a	1.6483065954525955	2	3	3	HB_1_frameA_foil.png	1	7	1660.894842	0	121	n/a	n/a	intervals/recognition_table	120	1657.718676	1659.246535
1657.718676	0.000000	331544	ttl	1	71	n/a	n/a	n/a	n/a	n/a	n/a	n/a	n/a	n/a	n/a	n/a	n/a	n/a	n/a	n/a	n/a	n/a	n/a	n/a	n/a	n/a	1657.718676	n/a
1659.246535	0.000000	331849	ttl	2	71	n/a	n/a	n/a	n/a	n/a	n/a	n/a	n/a	n/a	n/a	n/a	n/a	n/a	n/a	n/a	n/a	n/a	n/a	n/a	n/a	n/a	1659.246535	n/a
1660.894842	0.000000	332179	ttl	4	71	n/a	n/a	n/a	n/a	n/a	n/a	n/a	n/a	n/a	n/a	n/a	n/a	n/a	n/a	n/a	n/a	n/a	n/a	n/a	n/a	n/a	1660.894842	n/a
1660.901468	0.000000	332180	ttl	11	71	n/a	n/a	n/a	n/a	n/a	n/a	n/a	n/a	n/a	n/a	n/a	n/a	n/a	n/a	n/a	n/a	n/a	n/a	n/a	n/a	n/a	1660.901468	n/a
1661.483514	1.527938	332297	scene_recognition	n/a	n/a	n/a	71.0	n/a	n/a	n/a	1660.901468	n/a	1.889949568110751	2	2	2	SB_2_frameA_foil.png	1	6	1664.90140125	0	122	n/a	n/a	intervals/recognition_table	121	1661.483514	1663.011452
1661.483514	0.000000	332297	ttl	1	71	n/a	n/a	n/a	n/a	n/a	n/a	n/a	n/a	n/a	n/a	n/a	n/a	n/a	n/a	n/a	n/a	n/a	n/a	n/a	n/a	n/a	1661.483514	n/a
1663.011452	0.000000	332602	ttl	2	71	n/a	n/a	n/a	n/a	n/a	n/a	n/a	n/a	n/a	n/a	n/a	n/a	n/a	n/a	n/a	n/a	n/a	n/a	n/a	n/a	n/a	1663.011452	n/a
1664.901401	0.000000	332980	ttl	4	71	n/a	n/a	n/a	n/a	n/a	n/a	n/a	n/a	n/a	n/a	n/a	n/a	n/a	n/a	n/a	n/a	n/a	n/a	n/a	n/a	n/a	1664.901401	n/a
1664.915890	0.000000	332983	ttl	11	71	n/a	n/a	n/a	n/a	n/a	n/a	n/a	n/a	n/a	n/a	n/a	n/a	n/a	n/a	n/a	n/a	n/a	n/a	n/a	n/a	n/a	1664.915890	n/a
1665.517934	1.527949	333104	scene_recognition	n/a	n/a	n/a	71.0	n/a	n/a	n/a	1664.9158905	n/a	1.5502510684309527	2	2	3	SB_3_frameA.png	2	2	1668.5961335	1	123	n/a	n/a	intervals/recognition_table	122	1665.517934	1667.045882
1665.517934	0.000000	333104	ttl	1	71	n/a	n/a	n/a	n/a	n/a	n/a	n/a	n/a	n/a	n/a	n/a	n/a	n/a	n/a	n/a	n/a	n/a	n/a	n/a	n/a	n/a	1665.517934	n/a
1667.045882	0.000000	333409	ttl	2	71	n/a	n/a	n/a	n/a	n/a	n/a	n/a	n/a	n/a	n/a	n/a	n/a	n/a	n/a	n/a	n/a	n/a	n/a	n/a	n/a	n/a	1667.045882	n/a
1668.596133	0.000000	333719	ttl	4	71	n/a	n/a	n/a	n/a	n/a	n/a	n/a	n/a	n/a	n/a	n/a	n/a	n/a	n/a	n/a	n/a	n/a	n/a	n/a	n/a	n/a	1668.596133	n/a
1668.613202	0.000000	333723	ttl	11	71	n/a	n/a	n/a	n/a	n/a	n/a	n/a	n/a	n/a	n/a	n/a	n/a	n/a	n/a	n/a	n/a	n/a	n/a	n/a	n/a	n/a	1668.613202	n/a
1669.195441	1.527971	333839	scene_recognition	n/a	n/a	n/a	71.0	n/a	n/a	n/a	1668.61320175	n/a	1.1933112084661843	2	1	3	NB_15_frameA_foil.png	1	7	1671.9167235	0	124	n/a	n/a	intervals/recognition_table	123	1669.195441	1670.723412
1669.195441	0.000000	333839	ttl	1	71	n/a	n/a	n/a	n/a	n/a	n/a	n/a	n/a	n/a	n/a	n/a	n/a	n/a	n/a	n/a	n/a	n/a	n/a	n/a	n/a	n/a	1669.195441	n/a
1670.723412	0.000000	334145	ttl	2	71	n/a	n/a	n/a	n/a	n/a	n/a	n/a	n/a	n/a	n/a	n/a	n/a	n/a	n/a	n/a	n/a	n/a	n/a	n/a	n/a	n/a	1670.723412	n/a
1671.916723	0.000000	334383	ttl	4	71	n/a	n/a	n/a	n/a	n/a	n/a	n/a	n/a	n/a	n/a	n/a	n/a	n/a	n/a	n/a	n/a	n/a	n/a	n/a	n/a	n/a	1671.916723	n/a
1671.938852	0.000000	334388	ttl	11	71	n/a	n/a	n/a	n/a	n/a	n/a	n/a	n/a	n/a	n/a	n/a	n/a	n/a	n/a	n/a	n/a	n/a	n/a	n/a	n/a	n/a	1671.938852	n/a
1672.521069	1.527803	334504	scene_recognition	n/a	n/a	n/a	71.0	n/a	n/a	n/a	1671.9388522499999	n/a	1.4762897933105705	2	3	3	HB_4_frameA_foil.png	1	7	1675.5251624999999	0	125	n/a	n/a	intervals/recognition_table	124	1672.521069	1674.048873
1672.521069	0.000000	334504	ttl	1	71	n/a	n/a	n/a	n/a	n/a	n/a	n/a	n/a	n/a	n/a	n/a	n/a	n/a	n/a	n/a	n/a	n/a	n/a	n/a	n/a	n/a	1672.521069	n/a
1674.048873	0.000000	334810	ttl	2	71	n/a	n/a	n/a	n/a	n/a	n/a	n/a	n/a	n/a	n/a	n/a	n/a	n/a	n/a	n/a	n/a	n/a	n/a	n/a	n/a	n/a	1674.048873	n/a
1675.525162	0.000000	335105	ttl	4	71	n/a	n/a	n/a	n/a	n/a	n/a	n/a	n/a	n/a	n/a	n/a	n/a	n/a	n/a	n/a	n/a	n/a	n/a	n/a	n/a	n/a	1675.525162	n/a
1675.542704	0.000000	335109	ttl	11	71	n/a	n/a	n/a	n/a	n/a	n/a	n/a	n/a	n/a	n/a	n/a	n/a	n/a	n/a	n/a	n/a	n/a	n/a	n/a	n/a	n/a	1675.542704	n/a
1676.084559	1.527800	335217	scene_recognition	n/a	n/a	n/a	71.0	n/a	n/a	n/a	1675.5427042499998	n/a	0.7371802790148649	2	3	3	HB_9_frameA_foil.png	1	7	1678.34953925	0	126	n/a	n/a	intervals/recognition_table	125	1676.084559	1677.612359
1676.084559	0.000000	335217	ttl	1	71	n/a	n/a	n/a	n/a	n/a	n/a	n/a	n/a	n/a	n/a	n/a	n/a	n/a	n/a	n/a	n/a	n/a	n/a	n/a	n/a	n/a	1676.084559	n/a
1677.612359	0.000000	335522	ttl	2	71	n/a	n/a	n/a	n/a	n/a	n/a	n/a	n/a	n/a	n/a	n/a	n/a	n/a	n/a	n/a	n/a	n/a	n/a	n/a	n/a	n/a	1677.612359	n/a
1678.349539	0.000000	335670	ttl	4	71	n/a	n/a	n/a	n/a	n/a	n/a	n/a	n/a	n/a	n/a	n/a	n/a	n/a	n/a	n/a	n/a	n/a	n/a	n/a	n/a	n/a	1678.349539	n/a
1678.364194	0.000000	335673	ttl	11	71	n/a	n/a	n/a	n/a	n/a	n/a	n/a	n/a	n/a	n/a	n/a	n/a	n/a	n/a	n/a	n/a	n/a	n/a	n/a	n/a	n/a	1678.364194	n/a
1678.946109	1.528087	335789	scene_recognition	n/a	n/a	n/a	71.0	n/a	n/a	n/a	1678.3641942499999	n/a	2.0257496496051317	2	2	3	SB_6_frameB_foil.png	1	7	1682.4999452499999	0	127	n/a	n/a	intervals/recognition_table	126	1678.946109	1680.474196
1678.946109	0.000000	335789	ttl	1	71	n/a	n/a	n/a	n/a	n/a	n/a	n/a	n/a	n/a	n/a	n/a	n/a	n/a	n/a	n/a	n/a	n/a	n/a	n/a	n/a	n/a	1678.946109	n/a
1680.474196	0.000000	336095	ttl	2	71	n/a	n/a	n/a	n/a	n/a	n/a	n/a	n/a	n/a	n/a	n/a	n/a	n/a	n/a	n/a	n/a	n/a	n/a	n/a	n/a	n/a	1680.474196	n/a
1682.499945	0.000000	336500	ttl	4	71	n/a	n/a	n/a	n/a	n/a	n/a	n/a	n/a	n/a	n/a	n/a	n/a	n/a	n/a	n/a	n/a	n/a	n/a	n/a	n/a	n/a	1682.499945	n/a
1682.514989	0.000000	336503	ttl	11	71	n/a	n/a	n/a	n/a	n/a	n/a	n/a	n/a	n/a	n/a	n/a	n/a	n/a	n/a	n/a	n/a	n/a	n/a	n/a	n/a	n/a	1682.514989	n/a
1683.016737	1.528082	336603	scene_recognition	n/a	n/a	n/a	71.0	n/a	n/a	n/a	1682.514989	n/a	1.138547069786	2	1	2	NB_24_frameB_foil.png	1	6	1685.6833669999999	0	128	n/a	n/a	intervals/recognition_table	127	1683.016737	1684.544820
1683.016737	0.000000	336603	ttl	1	71	n/a	n/a	n/a	n/a	n/a	n/a	n/a	n/a	n/a	n/a	n/a	n/a	n/a	n/a	n/a	n/a	n/a	n/a	n/a	n/a	n/a	1683.016737	n/a
1684.544820	0.000000	336909	ttl	2	71	n/a	n/a	n/a	n/a	n/a	n/a	n/a	n/a	n/a	n/a	n/a	n/a	n/a	n/a	n/a	n/a	n/a	n/a	n/a	n/a	n/a	1684.544820	n/a
1685.683367	0.000000	337137	ttl	4	71	n/a	n/a	n/a	n/a	n/a	n/a	n/a	n/a	n/a	n/a	n/a	n/a	n/a	n/a	n/a	n/a	n/a	n/a	n/a	n/a	n/a	1685.683367	n/a
1685.692912	0.000000	337139	ttl	11	71	n/a	n/a	n/a	n/a	n/a	n/a	n/a	n/a	n/a	n/a	n/a	n/a	n/a	n/a	n/a	n/a	n/a	n/a	n/a	n/a	n/a	1685.692912	n/a
1686.275032	1.527850	337255	scene_recognition	n/a	n/a	n/a	71.0	n/a	n/a	n/a	1685.692912	n/a	2.3529132998519344	2	1	3	NB_14_frameA.png	2	2	1690.1557962499999	1	129	n/a	n/a	intervals/recognition_table	128	1686.275032	1687.802883
1686.275032	0.000000	337255	ttl	1	71	n/a	n/a	n/a	n/a	n/a	n/a	n/a	n/a	n/a	n/a	n/a	n/a	n/a	n/a	n/a	n/a	n/a	n/a	n/a	n/a	n/a	1686.275032	n/a
1687.802883	0.000000	337561	ttl	2	71	n/a	n/a	n/a	n/a	n/a	n/a	n/a	n/a	n/a	n/a	n/a	n/a	n/a	n/a	n/a	n/a	n/a	n/a	n/a	n/a	n/a	1687.802883	n/a
1690.155796	0.000000	338031	ttl	4	71	n/a	n/a	n/a	n/a	n/a	n/a	n/a	n/a	n/a	n/a	n/a	n/a	n/a	n/a	n/a	n/a	n/a	n/a	n/a	n/a	n/a	1690.155796	n/a
1690.167645	0.000000	338034	ttl	11	71	n/a	n/a	n/a	n/a	n/a	n/a	n/a	n/a	n/a	n/a	n/a	n/a	n/a	n/a	n/a	n/a	n/a	n/a	n/a	n/a	n/a	1690.167645	n/a
1690.749852	1.527794	338150	scene_recognition	n/a	n/a	n/a	71.0	n/a	n/a	n/a	1690.16764475	n/a	2.5944373673264636	2	3	2	HB_6_frameB_foil.png	1	6	1694.8720839999999	0	130	n/a	n/a	intervals/recognition_table	129	1690.749852	1692.277646
1690.749852	0.000000	338150	ttl	1	71	n/a	n/a	n/a	n/a	n/a	n/a	n/a	n/a	n/a	n/a	n/a	n/a	n/a	n/a	n/a	n/a	n/a	n/a	n/a	n/a	n/a	1690.749852	n/a
1692.277646	0.000000	338456	ttl	2	71	n/a	n/a	n/a	n/a	n/a	n/a	n/a	n/a	n/a	n/a	n/a	n/a	n/a	n/a	n/a	n/a	n/a	n/a	n/a	n/a	n/a	1692.277646	n/a
1694.872084	0.000000	338974	ttl	4	71	n/a	n/a	n/a	n/a	n/a	n/a	n/a	n/a	n/a	n/a	n/a	n/a	n/a	n/a	n/a	n/a	n/a	n/a	n/a	n/a	n/a	1694.872084	n/a
1694.888693	0.000000	338978	ttl	11	71	n/a	n/a	n/a	n/a	n/a	n/a	n/a	n/a	n/a	n/a	n/a	n/a	n/a	n/a	n/a	n/a	n/a	n/a	n/a	n/a	n/a	1694.888693	n/a
1695.450809	1.527752	339090	scene_recognition	n/a	n/a	n/a	71.0	n/a	n/a	n/a	1694.88869325	n/a	1.0550954531063326	2	3	2	HB_6_frameB.png	2	3	1698.03365575	1	131	n/a	n/a	intervals/recognition_table	130	1695.450809	1696.978560
1695.450809	0.000000	339090	ttl	1	71	n/a	n/a	n/a	n/a	n/a	n/a	n/a	n/a	n/a	n/a	n/a	n/a	n/a	n/a	n/a	n/a	n/a	n/a	n/a	n/a	n/a	1695.450809	n/a
1696.978560	0.000000	339396	ttl	2	71	n/a	n/a	n/a	n/a	n/a	n/a	n/a	n/a	n/a	n/a	n/a	n/a	n/a	n/a	n/a	n/a	n/a	n/a	n/a	n/a	n/a	1696.978560	n/a
1698.033656	0.000000	339607	ttl	4	71	n/a	n/a	n/a	n/a	n/a	n/a	n/a	n/a	n/a	n/a	n/a	n/a	n/a	n/a	n/a	n/a	n/a	n/a	n/a	n/a	n/a	1698.033656	n/a
1698.046608	0.000000	339609	ttl	11	71	n/a	n/a	n/a	n/a	n/a	n/a	n/a	n/a	n/a	n/a	n/a	n/a	n/a	n/a	n/a	n/a	n/a	n/a	n/a	n/a	n/a	1698.046608	n/a
1698.548368	1.527957	339710	scene_recognition	n/a	n/a	n/a	71.0	n/a	n/a	n/a	1698.0466084999998	n/a	1.3266973217687337	2	2	3	SB_1_frameA_foil.png	1	7	1701.4030222499998	0	132	n/a	n/a	intervals/recognition_table	131	1698.548368	1700.076325
1698.548368	0.000000	339710	ttl	1	71	n/a	n/a	n/a	n/a	n/a	n/a	n/a	n/a	n/a	n/a	n/a	n/a	n/a	n/a	n/a	n/a	n/a	n/a	n/a	n/a	n/a	1698.548368	n/a
1700.076325	0.000000	340015	ttl	2	71	n/a	n/a	n/a	n/a	n/a	n/a	n/a	n/a	n/a	n/a	n/a	n/a	n/a	n/a	n/a	n/a	n/a	n/a	n/a	n/a	n/a	1700.076325	n/a
1701.403022	0.000000	340281	ttl	4	71	n/a	n/a	n/a	n/a	n/a	n/a	n/a	n/a	n/a	n/a	n/a	n/a	n/a	n/a	n/a	n/a	n/a	n/a	n/a	n/a	n/a	1701.403022	n/a
1701.420267	0.000000	340284	ttl	11	71	n/a	n/a	n/a	n/a	n/a	n/a	n/a	n/a	n/a	n/a	n/a	n/a	n/a	n/a	n/a	n/a	n/a	n/a	n/a	n/a	n/a	1701.420267	n/a
1701.942044	1.527895	340388	scene_recognition	n/a	n/a	n/a	71.0	n/a	n/a	n/a	1701.4202667499999	n/a	0.6234920243150555	2	3	3	HB_2_frameA.png	2	2	1704.093431	1	133	n/a	n/a	intervals/recognition_table	132	1701.942044	1703.469939
1701.942044	0.000000	340388	ttl	1	71	n/a	n/a	n/a	n/a	n/a	n/a	n/a	n/a	n/a	n/a	n/a	n/a	n/a	n/a	n/a	n/a	n/a	n/a	n/a	n/a	n/a	1701.942044	n/a
1703.469939	0.000000	340694	ttl	2	71	n/a	n/a	n/a	n/a	n/a	n/a	n/a	n/a	n/a	n/a	n/a	n/a	n/a	n/a	n/a	n/a	n/a	n/a	n/a	n/a	n/a	1703.469939	n/a
1704.093431	0.000000	340819	ttl	4	71	n/a	n/a	n/a	n/a	n/a	n/a	n/a	n/a	n/a	n/a	n/a	n/a	n/a	n/a	n/a	n/a	n/a	n/a	n/a	n/a	n/a	1704.093431	n/a
1704.099230	0.000000	340820	ttl	11	71	n/a	n/a	n/a	n/a	n/a	n/a	n/a	n/a	n/a	n/a	n/a	n/a	n/a	n/a	n/a	n/a	n/a	n/a	n/a	n/a	n/a	1704.099230	n/a
1704.620806	1.527919	340924	scene_recognition	n/a	n/a	n/a	71.0	n/a	n/a	n/a	1704.09922975	n/a	0.34790002269437537	2	3	2	HB_2_frameB_foil.png	1	6	1706.49662575	0	134	n/a	n/a	intervals/recognition_table	133	1704.620806	1706.148726
1704.620806	0.000000	340924	ttl	1	71	n/a	n/a	n/a	n/a	n/a	n/a	n/a	n/a	n/a	n/a	n/a	n/a	n/a	n/a	n/a	n/a	n/a	n/a	n/a	n/a	n/a	1704.620806	n/a
1706.148726	0.000000	341230	ttl	2	71	n/a	n/a	n/a	n/a	n/a	n/a	n/a	n/a	n/a	n/a	n/a	n/a	n/a	n/a	n/a	n/a	n/a	n/a	n/a	n/a	n/a	1706.148726	n/a
1706.496626	0.000000	341299	ttl	4	71	n/a	n/a	n/a	n/a	n/a	n/a	n/a	n/a	n/a	n/a	n/a	n/a	n/a	n/a	n/a	n/a	n/a	n/a	n/a	n/a	n/a	1706.496626	n/a
1706.505656	0.000000	341301	ttl	11	71	n/a	n/a	n/a	n/a	n/a	n/a	n/a	n/a	n/a	n/a	n/a	n/a	n/a	n/a	n/a	n/a	n/a	n/a	n/a	n/a	n/a	1706.505656	n/a
1707.047657	1.527801	341410	scene_recognition	n/a	n/a	n/a	71.0	n/a	n/a	n/a	1706.50565575	n/a	1.2884615257644327	2	2	3	SB_6_frameA.png	2	2	1709.863919	1	135	n/a	n/a	intervals/recognition_table	134	1707.047657	1708.575457
1707.047657	0.000000	341410	ttl	1	71	n/a	n/a	n/a	n/a	n/a	n/a	n/a	n/a	n/a	n/a	n/a	n/a	n/a	n/a	n/a	n/a	n/a	n/a	n/a	n/a	n/a	1707.047657	n/a
1708.575457	0.000000	341715	ttl	2	71	n/a	n/a	n/a	n/a	n/a	n/a	n/a	n/a	n/a	n/a	n/a	n/a	n/a	n/a	n/a	n/a	n/a	n/a	n/a	n/a	n/a	1708.575457	n/a
1709.863919	0.000000	341973	ttl	4	71	n/a	n/a	n/a	n/a	n/a	n/a	n/a	n/a	n/a	n/a	n/a	n/a	n/a	n/a	n/a	n/a	n/a	n/a	n/a	n/a	n/a	1709.863919	n/a
1709.880911	0.000000	341976	ttl	11	71	n/a	n/a	n/a	n/a	n/a	n/a	n/a	n/a	n/a	n/a	n/a	n/a	n/a	n/a	n/a	n/a	n/a	n/a	n/a	n/a	n/a	1709.880911	n/a
1710.442862	1.527875	342089	scene_recognition	n/a	n/a	n/a	71.0	n/a	n/a	n/a	1709.8809115	n/a	0.3103130618255818	2	3	3	HB_4_frameA_foil.png	1	7	1712.2810499999998	0	136	n/a	n/a	intervals/recognition_table	135	1710.442862	1711.970737
1710.442862	0.000000	342089	ttl	1	71	n/a	n/a	n/a	n/a	n/a	n/a	n/a	n/a	n/a	n/a	n/a	n/a	n/a	n/a	n/a	n/a	n/a	n/a	n/a	n/a	n/a	1710.442862	n/a
1711.970737	0.000000	342394	ttl	2	71	n/a	n/a	n/a	n/a	n/a	n/a	n/a	n/a	n/a	n/a	n/a	n/a	n/a	n/a	n/a	n/a	n/a	n/a	n/a	n/a	n/a	1711.970737	n/a
1712.281050	0.000000	342456	ttl	4	71	n/a	n/a	n/a	n/a	n/a	n/a	n/a	n/a	n/a	n/a	n/a	n/a	n/a	n/a	n/a	n/a	n/a	n/a	n/a	n/a	n/a	1712.281050	n/a
1712.297831	0.000000	342460	ttl	11	71	n/a	n/a	n/a	n/a	n/a	n/a	n/a	n/a	n/a	n/a	n/a	n/a	n/a	n/a	n/a	n/a	n/a	n/a	n/a	n/a	n/a	1712.297831	n/a
1712.839724	1.527994	342568	scene_recognition	n/a	n/a	n/a	71.0	n/a	n/a	n/a	1712.2978309999999	n/a	1.9803010358591564	2	2	3	SB_1_frameB_foil.png	1	7	1716.34802	0	137	n/a	n/a	intervals/recognition_table	136	1712.839724	1714.367719
1712.839724	0.000000	342568	ttl	1	71	n/a	n/a	n/a	n/a	n/a	n/a	n/a	n/a	n/a	n/a	n/a	n/a	n/a	n/a	n/a	n/a	n/a	n/a	n/a	n/a	n/a	1712.839724	n/a
1714.367719	0.000000	342874	ttl	2	71	n/a	n/a	n/a	n/a	n/a	n/a	n/a	n/a	n/a	n/a	n/a	n/a	n/a	n/a	n/a	n/a	n/a	n/a	n/a	n/a	n/a	1714.367719	n/a
1716.348020	0.000000	343270	ttl	4	71	n/a	n/a	n/a	n/a	n/a	n/a	n/a	n/a	n/a	n/a	n/a	n/a	n/a	n/a	n/a	n/a	n/a	n/a	n/a	n/a	n/a	1716.348020	n/a
1716.359710	0.000000	343272	ttl	11	71	n/a	n/a	n/a	n/a	n/a	n/a	n/a	n/a	n/a	n/a	n/a	n/a	n/a	n/a	n/a	n/a	n/a	n/a	n/a	n/a	n/a	1716.359710	n/a
1716.861654	1.527952	343372	scene_recognition	n/a	n/a	n/a	71.0	n/a	n/a	n/a	1716.3597095	n/a	1.2555436945694964	2	2	3	SB_2_frameB.png	2	2	1719.64515025	1	138	n/a	n/a	intervals/recognition_table	137	1716.861654	1718.389606
1716.861654	0.000000	343372	ttl	1	71	n/a	n/a	n/a	n/a	n/a	n/a	n/a	n/a	n/a	n/a	n/a	n/a	n/a	n/a	n/a	n/a	n/a	n/a	n/a	n/a	n/a	1716.861654	n/a
1718.389606	0.000000	343678	ttl	2	71	n/a	n/a	n/a	n/a	n/a	n/a	n/a	n/a	n/a	n/a	n/a	n/a	n/a	n/a	n/a	n/a	n/a	n/a	n/a	n/a	n/a	1718.389606	n/a
1719.645150	0.000000	343929	ttl	4	71	n/a	n/a	n/a	n/a	n/a	n/a	n/a	n/a	n/a	n/a	n/a	n/a	n/a	n/a	n/a	n/a	n/a	n/a	n/a	n/a	n/a	1719.645150	n/a
1719.665855	0.000000	343933	ttl	11	71	n/a	n/a	n/a	n/a	n/a	n/a	n/a	n/a	n/a	n/a	n/a	n/a	n/a	n/a	n/a	n/a	n/a	n/a	n/a	n/a	n/a	1719.665855	n/a
1720.207715	1.528090	344042	scene_recognition	n/a	n/a	n/a	71.0	n/a	n/a	n/a	1719.665855	n/a	4.181413287340547	2	3	3	HB_6_frameA.png	2	2	1725.91721825	1	139	n/a	n/a	intervals/recognition_table	138	1720.207715	1721.735805
1720.207715	0.000000	344042	ttl	1	71	n/a	n/a	n/a	n/a	n/a	n/a	n/a	n/a	n/a	n/a	n/a	n/a	n/a	n/a	n/a	n/a	n/a	n/a	n/a	n/a	n/a	1720.207715	n/a
1721.735805	0.000000	344347	ttl	2	71	n/a	n/a	n/a	n/a	n/a	n/a	n/a	n/a	n/a	n/a	n/a	n/a	n/a	n/a	n/a	n/a	n/a	n/a	n/a	n/a	n/a	1721.735805	n/a
1725.917218	0.000000	345183	ttl	4	71	n/a	n/a	n/a	n/a	n/a	n/a	n/a	n/a	n/a	n/a	n/a	n/a	n/a	n/a	n/a	n/a	n/a	n/a	n/a	n/a	n/a	1725.917218	n/a
1725.925605	0.000000	345185	ttl	11	71	n/a	n/a	n/a	n/a	n/a	n/a	n/a	n/a	n/a	n/a	n/a	n/a	n/a	n/a	n/a	n/a	n/a	n/a	n/a	n/a	n/a	1725.925605	n/a
1726.487377	1.527915	345297	scene_recognition	n/a	n/a	n/a	71.0	n/a	n/a	n/a	1725.925605	n/a	0.9616244394565001	1	3	2	HB_6_frameA_foil.png	2	3	1728.9769165	0	140	n/a	n/a	intervals/recognition_table	139	1726.487377	1728.015292
1726.487377	0.000000	345297	ttl	1	71	n/a	n/a	n/a	n/a	n/a	n/a	n/a	n/a	n/a	n/a	n/a	n/a	n/a	n/a	n/a	n/a	n/a	n/a	n/a	n/a	n/a	1726.487377	n/a
1728.015292	0.000000	345603	ttl	2	71	n/a	n/a	n/a	n/a	n/a	n/a	n/a	n/a	n/a	n/a	n/a	n/a	n/a	n/a	n/a	n/a	n/a	n/a	n/a	n/a	n/a	1728.015292	n/a
1728.976917	0.000000	345795	ttl	4	71	n/a	n/a	n/a	n/a	n/a	n/a	n/a	n/a	n/a	n/a	n/a	n/a	n/a	n/a	n/a	n/a	n/a	n/a	n/a	n/a	n/a	1728.976917	n/a
1728.984133	0.000000	345797	ttl	11	71	n/a	n/a	n/a	n/a	n/a	n/a	n/a	n/a	n/a	n/a	n/a	n/a	n/a	n/a	n/a	n/a	n/a	n/a	n/a	n/a	n/a	1728.984133	n/a
1729.586072	1.527934	345917	scene_recognition	n/a	n/a	n/a	71.0	n/a	n/a	n/a	1728.9841334999999	n/a	1.9194343813578598	2	1	3	NB_13_frameB.png	2	2	1733.03344075	1	141	n/a	n/a	intervals/recognition_table	140	1729.586072	1731.114006
1729.586072	0.000000	345917	ttl	1	71	n/a	n/a	n/a	n/a	n/a	n/a	n/a	n/a	n/a	n/a	n/a	n/a	n/a	n/a	n/a	n/a	n/a	n/a	n/a	n/a	n/a	1729.586072	n/a
1731.114006	0.000000	346223	ttl	2	71	n/a	n/a	n/a	n/a	n/a	n/a	n/a	n/a	n/a	n/a	n/a	n/a	n/a	n/a	n/a	n/a	n/a	n/a	n/a	n/a	n/a	1731.114006	n/a
1733.033441	0.000000	346607	ttl	4	71	n/a	n/a	n/a	n/a	n/a	n/a	n/a	n/a	n/a	n/a	n/a	n/a	n/a	n/a	n/a	n/a	n/a	n/a	n/a	n/a	n/a	1733.033441	n/a
1733.054430	0.000000	346611	ttl	11	71	n/a	n/a	n/a	n/a	n/a	n/a	n/a	n/a	n/a	n/a	n/a	n/a	n/a	n/a	n/a	n/a	n/a	n/a	n/a	n/a	n/a	1733.054430	n/a
1733.596404	1.528083	346719	scene_recognition	n/a	n/a	n/a	71.0	n/a	n/a	n/a	1733.0544297499998	n/a	1.6829833179654088	2	2	2	SB_3_frameB_foil.png	1	6	1736.8074697499999	0	142	n/a	n/a	intervals/recognition_table	141	1733.596404	1735.124486
1733.596404	0.000000	346719	ttl	1	71	n/a	n/a	n/a	n/a	n/a	n/a	n/a	n/a	n/a	n/a	n/a	n/a	n/a	n/a	n/a	n/a	n/a	n/a	n/a	n/a	n/a	1733.596404	n/a
1735.124486	0.000000	347025	ttl	2	71	n/a	n/a	n/a	n/a	n/a	n/a	n/a	n/a	n/a	n/a	n/a	n/a	n/a	n/a	n/a	n/a	n/a	n/a	n/a	n/a	n/a	1735.124486	n/a
1736.807470	0.000000	347361	ttl	4	71	n/a	n/a	n/a	n/a	n/a	n/a	n/a	n/a	n/a	n/a	n/a	n/a	n/a	n/a	n/a	n/a	n/a	n/a	n/a	n/a	n/a	1736.807470	n/a
1736.824216	0.000000	347365	ttl	11	71	n/a	n/a	n/a	n/a	n/a	n/a	n/a	n/a	n/a	n/a	n/a	n/a	n/a	n/a	n/a	n/a	n/a	n/a	n/a	n/a	n/a	1736.824216	n/a
1737.365899	1.527985	347473	scene_recognition	n/a	n/a	n/a	71.0	n/a	n/a	n/a	1736.824216	n/a	1.7863437231717398	2	1	2	NB_24_frameA.png	2	3	1740.680228	1	143	n/a	n/a	intervals/recognition_table	142	1737.365899	1738.893884
1737.365899	0.000000	347473	ttl	1	71	n/a	n/a	n/a	n/a	n/a	n/a	n/a	n/a	n/a	n/a	n/a	n/a	n/a	n/a	n/a	n/a	n/a	n/a	n/a	n/a	n/a	1737.365899	n/a
1738.893884	0.000000	347779	ttl	2	71	n/a	n/a	n/a	n/a	n/a	n/a	n/a	n/a	n/a	n/a	n/a	n/a	n/a	n/a	n/a	n/a	n/a	n/a	n/a	n/a	n/a	1738.893884	n/a
1740.680228	0.000000	348136	ttl	4	71	n/a	n/a	n/a	n/a	n/a	n/a	n/a	n/a	n/a	n/a	n/a	n/a	n/a	n/a	n/a	n/a	n/a	n/a	n/a	n/a	n/a	1740.680228	n/a
1740.696135	0.000000	348139	ttl	11	71	n/a	n/a	n/a	n/a	n/a	n/a	n/a	n/a	n/a	n/a	n/a	n/a	n/a	n/a	n/a	n/a	n/a	n/a	n/a	n/a	n/a	1740.696135	n/a
1741.217925	1.527915	348244	scene_recognition	n/a	n/a	n/a	71.0	n/a	n/a	n/a	1740.69613525	n/a	1.5310218347003683	2	1	3	NB_14_frameB_foil.png	1	7	1744.27686225	0	144	n/a	n/a	intervals/recognition_table	143	1741.217925	1742.745840
1741.217925	0.000000	348244	ttl	1	71	n/a	n/a	n/a	n/a	n/a	n/a	n/a	n/a	n/a	n/a	n/a	n/a	n/a	n/a	n/a	n/a	n/a	n/a	n/a	n/a	n/a	1741.217925	n/a
1742.745840	0.000000	348549	ttl	2	71	n/a	n/a	n/a	n/a	n/a	n/a	n/a	n/a	n/a	n/a	n/a	n/a	n/a	n/a	n/a	n/a	n/a	n/a	n/a	n/a	n/a	1742.745840	n/a
1744.276862	0.000000	348855	ttl	4	71	n/a	n/a	n/a	n/a	n/a	n/a	n/a	n/a	n/a	n/a	n/a	n/a	n/a	n/a	n/a	n/a	n/a	n/a	n/a	n/a	n/a	1744.276862	n/a
1744.301579	0.000000	348860	ttl	11	71	n/a	n/a	n/a	n/a	n/a	n/a	n/a	n/a	n/a	n/a	n/a	n/a	n/a	n/a	n/a	n/a	n/a	n/a	n/a	n/a	n/a	1744.301579	n/a
1744.823360	1.527899	348965	scene_recognition	n/a	n/a	n/a	71.0	n/a	n/a	n/a	1744.3015785	n/a	2.582603760645725	2	2	3	SB_4_frameA.png	2	2	1748.93386275	1	145	n/a	n/a	intervals/recognition_table	144	1744.823360	1746.351259
1744.823360	0.000000	348965	ttl	1	71	n/a	n/a	n/a	n/a	n/a	n/a	n/a	n/a	n/a	n/a	n/a	n/a	n/a	n/a	n/a	n/a	n/a	n/a	n/a	n/a	n/a	1744.823360	n/a
1746.351259	0.000000	349270	ttl	2	71	n/a	n/a	n/a	n/a	n/a	n/a	n/a	n/a	n/a	n/a	n/a	n/a	n/a	n/a	n/a	n/a	n/a	n/a	n/a	n/a	n/a	1746.351259	n/a
1748.933863	0.000000	349787	ttl	4	71	n/a	n/a	n/a	n/a	n/a	n/a	n/a	n/a	n/a	n/a	n/a	n/a	n/a	n/a	n/a	n/a	n/a	n/a	n/a	n/a	n/a	1748.933863	n/a
1748.948226	0.000000	349790	ttl	11	71	n/a	n/a	n/a	n/a	n/a	n/a	n/a	n/a	n/a	n/a	n/a	n/a	n/a	n/a	n/a	n/a	n/a	n/a	n/a	n/a	n/a	1748.948226	n/a
1749.510395	1.527886	349902	scene_recognition	n/a	n/a	n/a	71.0	n/a	n/a	n/a	1748.9482262499998	n/a	1.9719092291634297	1	2	2	SB_4_frameB.png	1	6	1753.0101905	1	146	n/a	n/a	intervals/recognition_table	145	1749.510395	1751.038281
1749.510395	0.000000	349902	ttl	1	71	n/a	n/a	n/a	n/a	n/a	n/a	n/a	n/a	n/a	n/a	n/a	n/a	n/a	n/a	n/a	n/a	n/a	n/a	n/a	n/a	n/a	1749.510395	n/a
1751.038281	0.000000	350208	ttl	2	71	n/a	n/a	n/a	n/a	n/a	n/a	n/a	n/a	n/a	n/a	n/a	n/a	n/a	n/a	n/a	n/a	n/a	n/a	n/a	n/a	n/a	1751.038281	n/a
1753.010190	0.000000	350602	ttl	4	71	n/a	n/a	n/a	n/a	n/a	n/a	n/a	n/a	n/a	n/a	n/a	n/a	n/a	n/a	n/a	n/a	n/a	n/a	n/a	n/a	n/a	1753.010190	n/a
1753.032568	0.000000	350607	ttl	11	71	n/a	n/a	n/a	n/a	n/a	n/a	n/a	n/a	n/a	n/a	n/a	n/a	n/a	n/a	n/a	n/a	n/a	n/a	n/a	n/a	n/a	1753.032568	n/a
1753.534434	1.527844	350707	scene_recognition	n/a	n/a	n/a	71.0	n/a	n/a	n/a	1753.0325679999999	n/a	1.2551142351003364	2	1	3	NB_8_frameB_foil.png	1	7	1756.317392	0	147	n/a	n/a	intervals/recognition_table	146	1753.534434	1755.062278
1753.534434	0.000000	350707	ttl	1	71	n/a	n/a	n/a	n/a	n/a	n/a	n/a	n/a	n/a	n/a	n/a	n/a	n/a	n/a	n/a	n/a	n/a	n/a	n/a	n/a	n/a	1753.534434	n/a
1755.062278	0.000000	351012	ttl	2	71	n/a	n/a	n/a	n/a	n/a	n/a	n/a	n/a	n/a	n/a	n/a	n/a	n/a	n/a	n/a	n/a	n/a	n/a	n/a	n/a	n/a	1755.062278	n/a
1756.317392	0.000000	351263	ttl	4	71	n/a	n/a	n/a	n/a	n/a	n/a	n/a	n/a	n/a	n/a	n/a	n/a	n/a	n/a	n/a	n/a	n/a	n/a	n/a	n/a	n/a	1756.317392	n/a
1756.338003	0.000000	351268	ttl	11	71	n/a	n/a	n/a	n/a	n/a	n/a	n/a	n/a	n/a	n/a	n/a	n/a	n/a	n/a	n/a	n/a	n/a	n/a	n/a	n/a	n/a	1756.338003	n/a
1756.859726	1.527881	351372	scene_recognition	n/a	n/a	n/a	71.0	n/a	n/a	n/a	1756.33800275	n/a	2.9592654549633153	2	3	2	HB_1_frameA_foil.png	1	6	1761.3468719999998	0	148	n/a	n/a	intervals/recognition_table	147	1756.859726	1758.387607
1756.859726	0.000000	351372	ttl	1	71	n/a	n/a	n/a	n/a	n/a	n/a	n/a	n/a	n/a	n/a	n/a	n/a	n/a	n/a	n/a	n/a	n/a	n/a	n/a	n/a	n/a	1756.859726	n/a
1758.387607	0.000000	351678	ttl	2	71	n/a	n/a	n/a	n/a	n/a	n/a	n/a	n/a	n/a	n/a	n/a	n/a	n/a	n/a	n/a	n/a	n/a	n/a	n/a	n/a	n/a	1758.387607	n/a
1761.346872	0.000000	352269	ttl	4	71	n/a	n/a	n/a	n/a	n/a	n/a	n/a	n/a	n/a	n/a	n/a	n/a	n/a	n/a	n/a	n/a	n/a	n/a	n/a	n/a	n/a	1761.346872	n/a
1761.358873	0.000000	352272	ttl	11	71	n/a	n/a	n/a	n/a	n/a	n/a	n/a	n/a	n/a	n/a	n/a	n/a	n/a	n/a	n/a	n/a	n/a	n/a	n/a	n/a	n/a	1761.358873	n/a
1761.960892	1.527782	352392	scene_recognition	n/a	n/a	n/a	71.0	n/a	n/a	n/a	1761.358873	n/a	2.0626963659888133	2	1	3	NB_28_frameB_foil.png	1	7	1765.55137075	0	149	n/a	n/a	intervals/recognition_table	148	1761.960892	1763.488674
1761.960892	0.000000	352392	ttl	1	71	n/a	n/a	n/a	n/a	n/a	n/a	n/a	n/a	n/a	n/a	n/a	n/a	n/a	n/a	n/a	n/a	n/a	n/a	n/a	n/a	n/a	1761.960892	n/a
1763.488674	0.000000	352698	ttl	2	71	n/a	n/a	n/a	n/a	n/a	n/a	n/a	n/a	n/a	n/a	n/a	n/a	n/a	n/a	n/a	n/a	n/a	n/a	n/a	n/a	n/a	1763.488674	n/a
1765.551371	0.000000	353110	ttl	4	71	n/a	n/a	n/a	n/a	n/a	n/a	n/a	n/a	n/a	n/a	n/a	n/a	n/a	n/a	n/a	n/a	n/a	n/a	n/a	n/a	n/a	1765.551371	n/a
1765.558298	0.000000	353112	ttl	11	71	n/a	n/a	n/a	n/a	n/a	n/a	n/a	n/a	n/a	n/a	n/a	n/a	n/a	n/a	n/a	n/a	n/a	n/a	n/a	n/a	n/a	1765.558298	n/a
1766.140270	1.527909	353228	scene_recognition	n/a	n/a	n/a	71.0	n/a	n/a	n/a	1765.5582977499998	n/a	1.0427227912441595	2	2	3	SB_2_frameA.png	2	2	1768.71090175	1	150	n/a	n/a	intervals/recognition_table	149	1766.140270	1767.668179
1766.140270	0.000000	353228	ttl	1	71	n/a	n/a	n/a	n/a	n/a	n/a	n/a	n/a	n/a	n/a	n/a	n/a	n/a	n/a	n/a	n/a	n/a	n/a	n/a	n/a	n/a	1766.140270	n/a
1767.668179	0.000000	353534	ttl	2	71	n/a	n/a	n/a	n/a	n/a	n/a	n/a	n/a	n/a	n/a	n/a	n/a	n/a	n/a	n/a	n/a	n/a	n/a	n/a	n/a	n/a	1767.668179	n/a
1768.710902	0.000000	353742	ttl	4	71	n/a	n/a	n/a	n/a	n/a	n/a	n/a	n/a	n/a	n/a	n/a	n/a	n/a	n/a	n/a	n/a	n/a	n/a	n/a	n/a	n/a	1768.710902	n/a
1768.719002	0.000000	353744	ttl	11	71	n/a	n/a	n/a	n/a	n/a	n/a	n/a	n/a	n/a	n/a	n/a	n/a	n/a	n/a	n/a	n/a	n/a	n/a	n/a	n/a	n/a	1768.719002	n/a
1769.321102	1.528180	353864	scene_recognition	n/a	n/a	n/a	71.0	n/a	n/a	n/a	1768.7190019999998	n/a	1.2865641473035794	2	2	3	SB_2_frameA_foil.png	1	7	1772.13584675	0	151	n/a	n/a	intervals/recognition_table	150	1769.321102	1770.849282
1769.321102	0.000000	353864	ttl	1	71	n/a	n/a	n/a	n/a	n/a	n/a	n/a	n/a	n/a	n/a	n/a	n/a	n/a	n/a	n/a	n/a	n/a	n/a	n/a	n/a	n/a	1769.321102	n/a
1770.849282	0.000000	354170	ttl	2	71	n/a	n/a	n/a	n/a	n/a	n/a	n/a	n/a	n/a	n/a	n/a	n/a	n/a	n/a	n/a	n/a	n/a	n/a	n/a	n/a	n/a	1770.849282	n/a
1772.135847	0.000000	354427	ttl	4	71	n/a	n/a	n/a	n/a	n/a	n/a	n/a	n/a	n/a	n/a	n/a	n/a	n/a	n/a	n/a	n/a	n/a	n/a	n/a	n/a	n/a	1772.135847	n/a
1772.150288	0.000000	354430	ttl	11	71	n/a	n/a	n/a	n/a	n/a	n/a	n/a	n/a	n/a	n/a	n/a	n/a	n/a	n/a	n/a	n/a	n/a	n/a	n/a	n/a	n/a	1772.150288	n/a
1772.712196	1.527820	354542	scene_recognition	n/a	n/a	n/a	71.0	n/a	n/a	n/a	1772.15028775	n/a	2.042688873349107	2	1	3	NB_26_frameB_foil.png	1	7	1776.2827049999999	0	152	n/a	n/a	intervals/recognition_table	151	1772.712196	1774.240016
1772.712196	0.000000	354542	ttl	1	71	n/a	n/a	n/a	n/a	n/a	n/a	n/a	n/a	n/a	n/a	n/a	n/a	n/a	n/a	n/a	n/a	n/a	n/a	n/a	n/a	n/a	1772.712196	n/a
1774.240016	0.000000	354848	ttl	2	71	n/a	n/a	n/a	n/a	n/a	n/a	n/a	n/a	n/a	n/a	n/a	n/a	n/a	n/a	n/a	n/a	n/a	n/a	n/a	n/a	n/a	1774.240016	n/a
1776.282705	0.000000	355257	ttl	4	71	n/a	n/a	n/a	n/a	n/a	n/a	n/a	n/a	n/a	n/a	n/a	n/a	n/a	n/a	n/a	n/a	n/a	n/a	n/a	n/a	n/a	1776.282705	n/a
1776.304999	0.000000	355261	ttl	11	71	n/a	n/a	n/a	n/a	n/a	n/a	n/a	n/a	n/a	n/a	n/a	n/a	n/a	n/a	n/a	n/a	n/a	n/a	n/a	n/a	n/a	1776.304999	n/a
1776.886984	1.527759	355377	scene_recognition	n/a	n/a	n/a	71.0	n/a	n/a	n/a	1776.3049992499998	n/a	2.582397848571418	1	2	3	SB_9_frameB_foil.png	2	2	1780.99714075	0	153	n/a	n/a	intervals/recognition_table	152	1776.886984	1778.414743
1776.886984	0.000000	355377	ttl	1	71	n/a	n/a	n/a	n/a	n/a	n/a	n/a	n/a	n/a	n/a	n/a	n/a	n/a	n/a	n/a	n/a	n/a	n/a	n/a	n/a	n/a	1776.886984	n/a
1778.414743	0.000000	355683	ttl	2	71	n/a	n/a	n/a	n/a	n/a	n/a	n/a	n/a	n/a	n/a	n/a	n/a	n/a	n/a	n/a	n/a	n/a	n/a	n/a	n/a	n/a	1778.414743	n/a
1780.997141	0.000000	356199	ttl	4	71	n/a	n/a	n/a	n/a	n/a	n/a	n/a	n/a	n/a	n/a	n/a	n/a	n/a	n/a	n/a	n/a	n/a	n/a	n/a	n/a	n/a	1780.997141	n/a
1781.010363	0.000000	356202	ttl	11	71	n/a	n/a	n/a	n/a	n/a	n/a	n/a	n/a	n/a	n/a	n/a	n/a	n/a	n/a	n/a	n/a	n/a	n/a	n/a	n/a	n/a	1781.010363	n/a
1781.572050	1.528073	356314	scene_recognition	n/a	n/a	n/a	71.0	n/a	n/a	n/a	1781.0103629999999	n/a	0.132026957362541	2	2	2	SB_8_frameA_foil.png	1	6	1783.23214925	0	154	n/a	n/a	intervals/recognition_table	153	1781.572050	1783.100122
1781.572050	0.000000	356314	ttl	1	71	n/a	n/a	n/a	n/a	n/a	n/a	n/a	n/a	n/a	n/a	n/a	n/a	n/a	n/a	n/a	n/a	n/a	n/a	n/a	n/a	n/a	1781.572050	n/a
1783.100122	0.000000	356620	ttl	2	71	n/a	n/a	n/a	n/a	n/a	n/a	n/a	n/a	n/a	n/a	n/a	n/a	n/a	n/a	n/a	n/a	n/a	n/a	n/a	n/a	n/a	1783.100122	n/a
1783.232149	0.000000	356646	ttl	4	71	n/a	n/a	n/a	n/a	n/a	n/a	n/a	n/a	n/a	n/a	n/a	n/a	n/a	n/a	n/a	n/a	n/a	n/a	n/a	n/a	n/a	1783.232149	n/a
1783.246493	0.000000	356649	ttl	11	71	n/a	n/a	n/a	n/a	n/a	n/a	n/a	n/a	n/a	n/a	n/a	n/a	n/a	n/a	n/a	n/a	n/a	n/a	n/a	n/a	n/a	1783.246493	n/a
1783.828593	1.528391	356766	scene_recognition	n/a	n/a	n/a	71.0	n/a	n/a	n/a	1783.24649325	n/a	1.7416274153802078	2	2	2	SB_8_frameB_foil.png	1	6	1787.09861125	0	155	n/a	n/a	intervals/recognition_table	154	1783.828593	1785.356984
1783.828593	0.000000	356766	ttl	1	71	n/a	n/a	n/a	n/a	n/a	n/a	n/a	n/a	n/a	n/a	n/a	n/a	n/a	n/a	n/a	n/a	n/a	n/a	n/a	n/a	n/a	1783.828593	n/a
1785.356984	0.000000	357071	ttl	2	71	n/a	n/a	n/a	n/a	n/a	n/a	n/a	n/a	n/a	n/a	n/a	n/a	n/a	n/a	n/a	n/a	n/a	n/a	n/a	n/a	n/a	1785.356984	n/a
1787.098611	0.000000	357420	ttl	4	71	n/a	n/a	n/a	n/a	n/a	n/a	n/a	n/a	n/a	n/a	n/a	n/a	n/a	n/a	n/a	n/a	n/a	n/a	n/a	n/a	n/a	1787.098611	n/a
1787.122739	0.000000	357425	ttl	11	71	n/a	n/a	n/a	n/a	n/a	n/a	n/a	n/a	n/a	n/a	n/a	n/a	n/a	n/a	n/a	n/a	n/a	n/a	n/a	n/a	n/a	1787.122739	n/a
1787.644488	1.527911	357529	scene_recognition	n/a	n/a	n/a	71.0	n/a	n/a	n/a	1787.1227387499998	n/a	0.7263793424936011	2	1	3	NB_27_frameA_foil.png	1	7	1789.8987785	0	156	n/a	n/a	intervals/recognition_table	155	1787.644488	1789.172399
1787.644488	0.000000	357529	ttl	1	71	n/a	n/a	n/a	n/a	n/a	n/a	n/a	n/a	n/a	n/a	n/a	n/a	n/a	n/a	n/a	n/a	n/a	n/a	n/a	n/a	n/a	1787.644488	n/a
1789.172399	0.000000	357834	ttl	2	71	n/a	n/a	n/a	n/a	n/a	n/a	n/a	n/a	n/a	n/a	n/a	n/a	n/a	n/a	n/a	n/a	n/a	n/a	n/a	n/a	n/a	1789.172399	n/a
1789.898778	0.000000	357980	ttl	4	71	n/a	n/a	n/a	n/a	n/a	n/a	n/a	n/a	n/a	n/a	n/a	n/a	n/a	n/a	n/a	n/a	n/a	n/a	n/a	n/a	n/a	1789.898778	n/a
1789.915443	0.000000	357983	ttl	11	71	n/a	n/a	n/a	n/a	n/a	n/a	n/a	n/a	n/a	n/a	n/a	n/a	n/a	n/a	n/a	n/a	n/a	n/a	n/a	n/a	n/a	1789.915443	n/a
1790.477150	1.528004	358095	scene_recognition	n/a	n/a	n/a	71.0	n/a	n/a	n/a	1789.9154434999998	n/a	2.6820481898612343	2	2	2	SB_4_frameA_foil.png	1	6	1794.68720225	0	157	n/a	n/a	intervals/recognition_table	156	1790.477150	1792.005154
1790.477150	0.000000	358095	ttl	1	71	n/a	n/a	n/a	n/a	n/a	n/a	n/a	n/a	n/a	n/a	n/a	n/a	n/a	n/a	n/a	n/a	n/a	n/a	n/a	n/a	n/a	1790.477150	n/a
1792.005154	0.000000	358401	ttl	2	71	n/a	n/a	n/a	n/a	n/a	n/a	n/a	n/a	n/a	n/a	n/a	n/a	n/a	n/a	n/a	n/a	n/a	n/a	n/a	n/a	n/a	1792.005154	n/a
1794.687202	0.000000	358937	ttl	4	71	n/a	n/a	n/a	n/a	n/a	n/a	n/a	n/a	n/a	n/a	n/a	n/a	n/a	n/a	n/a	n/a	n/a	n/a	n/a	n/a	n/a	1794.687202	n/a
1794.707451	0.000000	358941	ttl	11	71	n/a	n/a	n/a	n/a	n/a	n/a	n/a	n/a	n/a	n/a	n/a	n/a	n/a	n/a	n/a	n/a	n/a	n/a	n/a	n/a	n/a	1794.707451	n/a
1795.249094	1.527955	359050	scene_recognition	n/a	n/a	n/a	71.0	n/a	n/a	n/a	1794.7074512499998	n/a	1.035088444914436	1	3	3	HB_6_frameB_foil.png	2	2	1797.812137	0	158	n/a	n/a	intervals/recognition_table	157	1795.249094	1796.777048
1795.249094	0.000000	359050	ttl	1	71	n/a	n/a	n/a	n/a	n/a	n/a	n/a	n/a	n/a	n/a	n/a	n/a	n/a	n/a	n/a	n/a	n/a	n/a	n/a	n/a	n/a	1795.249094	n/a
1796.777048	0.000000	359355	ttl	2	71	n/a	n/a	n/a	n/a	n/a	n/a	n/a	n/a	n/a	n/a	n/a	n/a	n/a	n/a	n/a	n/a	n/a	n/a	n/a	n/a	n/a	1796.777048	n/a
1797.812137	0.000000	359562	ttl	4	71	n/a	n/a	n/a	n/a	n/a	n/a	n/a	n/a	n/a	n/a	n/a	n/a	n/a	n/a	n/a	n/a	n/a	n/a	n/a	n/a	n/a	1797.812137	n/a
1797.820068	0.000000	359564	ttl	11	71	n/a	n/a	n/a	n/a	n/a	n/a	n/a	n/a	n/a	n/a	n/a	n/a	n/a	n/a	n/a	n/a	n/a	n/a	n/a	n/a	n/a	1797.820068	n/a
1798.402037	1.528074	359680	scene_recognition	n/a	n/a	n/a	71.0	n/a	n/a	n/a	1797.820068	n/a	1.003947735982365	1	1	3	NB_5_frameB.png	1	7	1800.9340587499998	1	159	n/a	n/a	intervals/recognition_table	158	1798.402037	1799.930111
1798.402037	0.000000	359680	ttl	1	71	n/a	n/a	n/a	n/a	n/a	n/a	n/a	n/a	n/a	n/a	n/a	n/a	n/a	n/a	n/a	n/a	n/a	n/a	n/a	n/a	n/a	1798.402037	n/a
1799.930111	0.000000	359986	ttl	2	71	n/a	n/a	n/a	n/a	n/a	n/a	n/a	n/a	n/a	n/a	n/a	n/a	n/a	n/a	n/a	n/a	n/a	n/a	n/a	n/a	n/a	1799.930111	n/a
1800.934059	0.000000	360187	ttl	4	71	n/a	n/a	n/a	n/a	n/a	n/a	n/a	n/a	n/a	n/a	n/a	n/a	n/a	n/a	n/a	n/a	n/a	n/a	n/a	n/a	n/a	1800.934059	n/a
1800.956286	0.000000	360191	ttl	11	71	n/a	n/a	n/a	n/a	n/a	n/a	n/a	n/a	n/a	n/a	n/a	n/a	n/a	n/a	n/a	n/a	n/a	n/a	n/a	n/a	n/a	1800.956286	n/a
1801.498091	1.527823	360300	scene_recognition	n/a	n/a	n/a	71.0	n/a	n/a	n/a	1800.9562859999999	n/a	2.516154905082658	2	3	3	HB_7_frameA.png	2	2	1805.5420689999999	1	160	n/a	n/a	intervals/recognition_table	159	1801.498091	1803.025914
1801.498091	0.000000	360300	ttl	1	71	n/a	n/a	n/a	n/a	n/a	n/a	n/a	n/a	n/a	n/a	n/a	n/a	n/a	n/a	n/a	n/a	n/a	n/a	n/a	n/a	n/a	1801.498091	n/a
1803.025914	0.000000	360605	ttl	2	71	n/a	n/a	n/a	n/a	n/a	n/a	n/a	n/a	n/a	n/a	n/a	n/a	n/a	n/a	n/a	n/a	n/a	n/a	n/a	n/a	n/a	1803.025914	n/a
1805.542069	0.000000	361108	ttl	4	71	n/a	n/a	n/a	n/a	n/a	n/a	n/a	n/a	n/a	n/a	n/a	n/a	n/a	n/a	n/a	n/a	n/a	n/a	n/a	n/a	n/a	1805.542069	n/a
1805.558723	0.000000	361112	ttl	11	71	n/a	n/a	n/a	n/a	n/a	n/a	n/a	n/a	n/a	n/a	n/a	n/a	n/a	n/a	n/a	n/a	n/a	n/a	n/a	n/a	n/a	1805.558723	n/a
1806.140884	1.527766	361228	scene_recognition	n/a	n/a	n/a	71.0	n/a	n/a	n/a	1805.5587234999998	n/a	0.9644088932254817	2	3	3	HB_2_frameA.png	2	2	1808.6330584999998	1	161	n/a	n/a	intervals/recognition_table	160	1806.140884	1807.668649
1806.140884	0.000000	361228	ttl	1	71	n/a	n/a	n/a	n/a	n/a	n/a	n/a	n/a	n/a	n/a	n/a	n/a	n/a	n/a	n/a	n/a	n/a	n/a	n/a	n/a	n/a	1806.140884	n/a
1807.668649	0.000000	361534	ttl	2	71	n/a	n/a	n/a	n/a	n/a	n/a	n/a	n/a	n/a	n/a	n/a	n/a	n/a	n/a	n/a	n/a	n/a	n/a	n/a	n/a	n/a	1807.668649	n/a
1808.633058	0.000000	361727	ttl	4	71	n/a	n/a	n/a	n/a	n/a	n/a	n/a	n/a	n/a	n/a	n/a	n/a	n/a	n/a	n/a	n/a	n/a	n/a	n/a	n/a	n/a	1808.633058	n/a
1808.656603	0.000000	361731	ttl	11	71	n/a	n/a	n/a	n/a	n/a	n/a	n/a	n/a	n/a	n/a	n/a	n/a	n/a	n/a	n/a	n/a	n/a	n/a	n/a	n/a	n/a	1808.656603	n/a
1809.178354	1.528063	361836	scene_recognition	n/a	n/a	n/a	71.0	n/a	n/a	n/a	1808.6566027499998	n/a	1.3604372732079355	2	1	3	NB_6_frameA.png	2	2	1812.0668549999998	1	162	n/a	n/a	intervals/recognition_table	161	1809.178354	1810.706418
1809.178354	0.000000	361836	ttl	1	71	n/a	n/a	n/a	n/a	n/a	n/a	n/a	n/a	n/a	n/a	n/a	n/a	n/a	n/a	n/a	n/a	n/a	n/a	n/a	n/a	n/a	1809.178354	n/a
1810.706418	0.000000	362141	ttl	2	71	n/a	n/a	n/a	n/a	n/a	n/a	n/a	n/a	n/a	n/a	n/a	n/a	n/a	n/a	n/a	n/a	n/a	n/a	n/a	n/a	n/a	1810.706418	n/a
1812.066855	0.000000	362413	ttl	4	71	n/a	n/a	n/a	n/a	n/a	n/a	n/a	n/a	n/a	n/a	n/a	n/a	n/a	n/a	n/a	n/a	n/a	n/a	n/a	n/a	n/a	1812.066855	n/a
1812.091646	0.000000	362418	ttl	11	71	n/a	n/a	n/a	n/a	n/a	n/a	n/a	n/a	n/a	n/a	n/a	n/a	n/a	n/a	n/a	n/a	n/a	n/a	n/a	n/a	n/a	1812.091646	n/a
1812.633372	1.527949	362527	scene_recognition	n/a	n/a	n/a	71.0	n/a	n/a	n/a	1812.0916459999999	n/a	0.8523932845564559	1	3	3	HB_9_frameB_foil.png	2	2	1815.01371525	0	163	n/a	n/a	intervals/recognition_table	162	1812.633372	1814.161322
1812.633372	0.000000	362527	ttl	1	71	n/a	n/a	n/a	n/a	n/a	n/a	n/a	n/a	n/a	n/a	n/a	n/a	n/a	n/a	n/a	n/a	n/a	n/a	n/a	n/a	n/a	1812.633372	n/a
1814.161322	0.000000	362832	ttl	2	71	n/a	n/a	n/a	n/a	n/a	n/a	n/a	n/a	n/a	n/a	n/a	n/a	n/a	n/a	n/a	n/a	n/a	n/a	n/a	n/a	n/a	1814.161322	n/a
1815.013715	0.000000	363003	ttl	4	71	n/a	n/a	n/a	n/a	n/a	n/a	n/a	n/a	n/a	n/a	n/a	n/a	n/a	n/a	n/a	n/a	n/a	n/a	n/a	n/a	n/a	1815.013715	n/a
1815.036573	0.000000	363007	ttl	11	71	n/a	n/a	n/a	n/a	n/a	n/a	n/a	n/a	n/a	n/a	n/a	n/a	n/a	n/a	n/a	n/a	n/a	n/a	n/a	n/a	n/a	1815.036573	n/a
1815.618706	1.528008	363124	scene_recognition	n/a	n/a	n/a	71.0	n/a	n/a	n/a	1815.0365729999999	n/a	2.20324011327466	1	1	2	NB_3_frameA_foil.png	2	3	1819.349954	0	164	n/a	n/a	intervals/recognition_table	163	1815.618706	1817.146714
1815.618706	0.000000	363124	ttl	1	71	n/a	n/a	n/a	n/a	n/a	n/a	n/a	n/a	n/a	n/a	n/a	n/a	n/a	n/a	n/a	n/a	n/a	n/a	n/a	n/a	n/a	1815.618706	n/a
1817.146714	0.000000	363429	ttl	2	71	n/a	n/a	n/a	n/a	n/a	n/a	n/a	n/a	n/a	n/a	n/a	n/a	n/a	n/a	n/a	n/a	n/a	n/a	n/a	n/a	n/a	1817.146714	n/a
1819.349954	0.000000	363870	ttl	4	71	n/a	n/a	n/a	n/a	n/a	n/a	n/a	n/a	n/a	n/a	n/a	n/a	n/a	n/a	n/a	n/a	n/a	n/a	n/a	n/a	n/a	1819.349954	n/a
1819.356816	0.000000	363871	ttl	11	71	n/a	n/a	n/a	n/a	n/a	n/a	n/a	n/a	n/a	n/a	n/a	n/a	n/a	n/a	n/a	n/a	n/a	n/a	n/a	n/a	n/a	1819.356816	n/a
1819.878504	1.527912	363976	scene_recognition	n/a	n/a	n/a	71.0	n/a	n/a	n/a	1819.3568165	n/a	1.875402534060413	2	3	2	HB_5_frameA_foil.png	1	6	1823.28181875	0	165	n/a	n/a	intervals/recognition_table	164	1819.878504	1821.406416
1819.878504	0.000000	363976	ttl	1	71	n/a	n/a	n/a	n/a	n/a	n/a	n/a	n/a	n/a	n/a	n/a	n/a	n/a	n/a	n/a	n/a	n/a	n/a	n/a	n/a	n/a	1819.878504	n/a
1821.406416	0.000000	364281	ttl	2	71	n/a	n/a	n/a	n/a	n/a	n/a	n/a	n/a	n/a	n/a	n/a	n/a	n/a	n/a	n/a	n/a	n/a	n/a	n/a	n/a	n/a	1821.406416	n/a
1823.281819	0.000000	364656	ttl	4	71	n/a	n/a	n/a	n/a	n/a	n/a	n/a	n/a	n/a	n/a	n/a	n/a	n/a	n/a	n/a	n/a	n/a	n/a	n/a	n/a	n/a	1823.281819	n/a
1823.294455	0.000000	364659	ttl	11	71	n/a	n/a	n/a	n/a	n/a	n/a	n/a	n/a	n/a	n/a	n/a	n/a	n/a	n/a	n/a	n/a	n/a	n/a	n/a	n/a	n/a	1823.294455	n/a
1823.876438	1.527909	364775	scene_recognition	n/a	n/a	n/a	71.0	n/a	n/a	n/a	1823.2944552499998	n/a	1.7059376920660725	2	1	3	NB_27_frameB.png	2	2	1827.11028475	1	166	n/a	n/a	intervals/recognition_table	165	1823.876438	1825.404347
1823.876438	0.000000	364775	ttl	1	71	n/a	n/a	n/a	n/a	n/a	n/a	n/a	n/a	n/a	n/a	n/a	n/a	n/a	n/a	n/a	n/a	n/a	n/a	n/a	n/a	n/a	1823.876438	n/a
1825.404347	0.000000	365081	ttl	2	71	n/a	n/a	n/a	n/a	n/a	n/a	n/a	n/a	n/a	n/a	n/a	n/a	n/a	n/a	n/a	n/a	n/a	n/a	n/a	n/a	n/a	1825.404347	n/a
1827.110285	0.000000	365422	ttl	4	71	n/a	n/a	n/a	n/a	n/a	n/a	n/a	n/a	n/a	n/a	n/a	n/a	n/a	n/a	n/a	n/a	n/a	n/a	n/a	n/a	n/a	1827.110285	n/a
1827.118900	0.000000	365424	ttl	11	71	n/a	n/a	n/a	n/a	n/a	n/a	n/a	n/a	n/a	n/a	n/a	n/a	n/a	n/a	n/a	n/a	n/a	n/a	n/a	n/a	n/a	1827.118900	n/a
1827.660758	1.527855	365532	scene_recognition	n/a	n/a	n/a	71.0	n/a	n/a	n/a	1827.1189004999999	n/a	1.5067148484667996	1	2	3	SB_4_frameB_foil.png	2	2	1830.695329	0	167	n/a	n/a	intervals/recognition_table	166	1827.660758	1829.188614
1827.660758	0.000000	365532	ttl	1	71	n/a	n/a	n/a	n/a	n/a	n/a	n/a	n/a	n/a	n/a	n/a	n/a	n/a	n/a	n/a	n/a	n/a	n/a	n/a	n/a	n/a	1827.660758	n/a
1829.188614	0.000000	365838	ttl	2	71	n/a	n/a	n/a	n/a	n/a	n/a	n/a	n/a	n/a	n/a	n/a	n/a	n/a	n/a	n/a	n/a	n/a	n/a	n/a	n/a	n/a	1829.188614	n/a
1830.695329	0.000000	366139	ttl	4	71	n/a	n/a	n/a	n/a	n/a	n/a	n/a	n/a	n/a	n/a	n/a	n/a	n/a	n/a	n/a	n/a	n/a	n/a	n/a	n/a	n/a	1830.695329	n/a
1830.708077	0.000000	366142	ttl	11	71	n/a	n/a	n/a	n/a	n/a	n/a	n/a	n/a	n/a	n/a	n/a	n/a	n/a	n/a	n/a	n/a	n/a	n/a	n/a	n/a	n/a	1830.708077	n/a
1831.209775	1.527914	366242	scene_recognition	n/a	n/a	n/a	71.0	n/a	n/a	n/a	1830.7080772499999	n/a	2.1229444603814045	1	1	2	NB_22_frameB_foil.png	2	3	1834.860634	0	168	n/a	n/a	intervals/recognition_table	167	1831.209775	1832.737689
1831.209775	0.000000	366242	ttl	1	71	n/a	n/a	n/a	n/a	n/a	n/a	n/a	n/a	n/a	n/a	n/a	n/a	n/a	n/a	n/a	n/a	n/a	n/a	n/a	n/a	n/a	1831.209775	n/a
1832.737689	0.000000	366548	ttl	2	71	n/a	n/a	n/a	n/a	n/a	n/a	n/a	n/a	n/a	n/a	n/a	n/a	n/a	n/a	n/a	n/a	n/a	n/a	n/a	n/a	n/a	1832.737689	n/a
1834.860634	0.000000	366972	ttl	4	71	n/a	n/a	n/a	n/a	n/a	n/a	n/a	n/a	n/a	n/a	n/a	n/a	n/a	n/a	n/a	n/a	n/a	n/a	n/a	n/a	n/a	1834.860634	n/a
1834.884519	0.000000	366977	ttl	11	71	n/a	n/a	n/a	n/a	n/a	n/a	n/a	n/a	n/a	n/a	n/a	n/a	n/a	n/a	n/a	n/a	n/a	n/a	n/a	n/a	n/a	1834.884519	n/a
1835.466685	1.527907	367093	scene_recognition	n/a	n/a	n/a	71.0	n/a	n/a	n/a	1834.8845185	n/a	1.6501640973729081	1	2	3	SB_6_frameB.png	1	7	1838.6447557499998	1	169	n/a	n/a	intervals/recognition_table	168	1835.466685	1836.994591
1835.466685	0.000000	367093	ttl	1	71	n/a	n/a	n/a	n/a	n/a	n/a	n/a	n/a	n/a	n/a	n/a	n/a	n/a	n/a	n/a	n/a	n/a	n/a	n/a	n/a	n/a	1835.466685	n/a
1836.994591	0.000000	367399	ttl	2	71	n/a	n/a	n/a	n/a	n/a	n/a	n/a	n/a	n/a	n/a	n/a	n/a	n/a	n/a	n/a	n/a	n/a	n/a	n/a	n/a	n/a	1836.994591	n/a
1838.644756	0.000000	367729	ttl	4	71	n/a	n/a	n/a	n/a	n/a	n/a	n/a	n/a	n/a	n/a	n/a	n/a	n/a	n/a	n/a	n/a	n/a	n/a	n/a	n/a	n/a	1838.644756	n/a
1838.664290	0.000000	367733	ttl	11	71	n/a	n/a	n/a	n/a	n/a	n/a	n/a	n/a	n/a	n/a	n/a	n/a	n/a	n/a	n/a	n/a	n/a	n/a	n/a	n/a	n/a	1838.664290	n/a
1839.206220	1.528100	367841	scene_recognition	n/a	n/a	n/a	71.0	n/a	n/a	n/a	1838.6642897499999	n/a	1.6881812053907197	2	3	3	HB_8_frameB.png	2	2	1842.4225012499999	1	170	n/a	n/a	intervals/recognition_table	169	1839.206220	1840.734320
1839.206220	0.000000	367841	ttl	1	71	n/a	n/a	n/a	n/a	n/a	n/a	n/a	n/a	n/a	n/a	n/a	n/a	n/a	n/a	n/a	n/a	n/a	n/a	n/a	n/a	n/a	1839.206220	n/a
1840.734320	0.000000	368147	ttl	2	71	n/a	n/a	n/a	n/a	n/a	n/a	n/a	n/a	n/a	n/a	n/a	n/a	n/a	n/a	n/a	n/a	n/a	n/a	n/a	n/a	n/a	1840.734320	n/a
1842.422501	0.000000	368485	ttl	4	71	n/a	n/a	n/a	n/a	n/a	n/a	n/a	n/a	n/a	n/a	n/a	n/a	n/a	n/a	n/a	n/a	n/a	n/a	n/a	n/a	n/a	1842.422501	n/a
1842.436275	0.000000	368487	ttl	11	71	n/a	n/a	n/a	n/a	n/a	n/a	n/a	n/a	n/a	n/a	n/a	n/a	n/a	n/a	n/a	n/a	n/a	n/a	n/a	n/a	n/a	1842.436275	n/a
1842.958039	1.527844	368592	scene_recognition	n/a	n/a	n/a	71.0	n/a	n/a	n/a	1842.436275	n/a	2.2375537232292118	1	2	2	SB_1_frameB.png	1	6	1846.72343675	1	171	n/a	n/a	intervals/recognition_table	170	1842.958039	1844.485883
1842.958039	0.000000	368592	ttl	1	71	n/a	n/a	n/a	n/a	n/a	n/a	n/a	n/a	n/a	n/a	n/a	n/a	n/a	n/a	n/a	n/a	n/a	n/a	n/a	n/a	n/a	1842.958039	n/a
1844.485883	0.000000	368897	ttl	2	71	n/a	n/a	n/a	n/a	n/a	n/a	n/a	n/a	n/a	n/a	n/a	n/a	n/a	n/a	n/a	n/a	n/a	n/a	n/a	n/a	n/a	1844.485883	n/a
1846.723437	0.000000	369345	ttl	4	71	n/a	n/a	n/a	n/a	n/a	n/a	n/a	n/a	n/a	n/a	n/a	n/a	n/a	n/a	n/a	n/a	n/a	n/a	n/a	n/a	n/a	1846.723437	n/a
1846.744598	0.000000	369349	ttl	11	71	n/a	n/a	n/a	n/a	n/a	n/a	n/a	n/a	n/a	n/a	n/a	n/a	n/a	n/a	n/a	n/a	n/a	n/a	n/a	n/a	n/a	1846.744598	n/a
1847.246363	1.528189	369449	scene_recognition	n/a	n/a	n/a	71.0	n/a	n/a	n/a	1846.7445982499999	n/a	2.2016267907456495	2	3	2	HB_8_frameB.png	2	3	1850.9761784999998	1	172	n/a	n/a	intervals/recognition_table	171	1847.246363	1848.774552
1847.246363	0.000000	369449	ttl	1	71	n/a	n/a	n/a	n/a	n/a	n/a	n/a	n/a	n/a	n/a	n/a	n/a	n/a	n/a	n/a	n/a	n/a	n/a	n/a	n/a	n/a	1847.246363	n/a
1848.774552	0.000000	369755	ttl	2	71	n/a	n/a	n/a	n/a	n/a	n/a	n/a	n/a	n/a	n/a	n/a	n/a	n/a	n/a	n/a	n/a	n/a	n/a	n/a	n/a	n/a	1848.774552	n/a
1850.976178	0.000000	370195	ttl	4	71	n/a	n/a	n/a	n/a	n/a	n/a	n/a	n/a	n/a	n/a	n/a	n/a	n/a	n/a	n/a	n/a	n/a	n/a	n/a	n/a	n/a	1850.976178	n/a
1850.991066	0.000000	370198	ttl	11	71	n/a	n/a	n/a	n/a	n/a	n/a	n/a	n/a	n/a	n/a	n/a	n/a	n/a	n/a	n/a	n/a	n/a	n/a	n/a	n/a	n/a	1850.991066	n/a
1851.512828	1.527832	370303	scene_recognition	n/a	n/a	n/a	71.0	n/a	n/a	n/a	1850.99106575	n/a	3.264526365455822	2	2	3	SB_8_frameB.png	2	2	1856.30518575	1	173	n/a	n/a	intervals/recognition_table	172	1851.512828	1853.040659
1851.512828	0.000000	370303	ttl	1	71	n/a	n/a	n/a	n/a	n/a	n/a	n/a	n/a	n/a	n/a	n/a	n/a	n/a	n/a	n/a	n/a	n/a	n/a	n/a	n/a	n/a	1851.512828	n/a
1853.040659	0.000000	370608	ttl	2	71	n/a	n/a	n/a	n/a	n/a	n/a	n/a	n/a	n/a	n/a	n/a	n/a	n/a	n/a	n/a	n/a	n/a	n/a	n/a	n/a	n/a	1853.040659	n/a
1856.305186	0.000000	371261	ttl	4	71	n/a	n/a	n/a	n/a	n/a	n/a	n/a	n/a	n/a	n/a	n/a	n/a	n/a	n/a	n/a	n/a	n/a	n/a	n/a	n/a	n/a	1856.305186	n/a
1856.328345	0.000000	371266	ttl	11	71	n/a	n/a	n/a	n/a	n/a	n/a	n/a	n/a	n/a	n/a	n/a	n/a	n/a	n/a	n/a	n/a	n/a	n/a	n/a	n/a	n/a	1856.328345	n/a
1856.850106	1.527869	371370	scene_recognition	n/a	n/a	n/a	71.0	n/a	n/a	n/a	1856.3283447499998	n/a	2.229174618172692	2	2	3	SB_1_frameA.png	2	2	1860.60714975	1	174	n/a	n/a	intervals/recognition_table	173	1856.850106	1858.377975
1856.850106	0.000000	371370	ttl	1	71	n/a	n/a	n/a	n/a	n/a	n/a	n/a	n/a	n/a	n/a	n/a	n/a	n/a	n/a	n/a	n/a	n/a	n/a	n/a	n/a	n/a	1856.850106	n/a
1858.377975	0.000000	371676	ttl	2	71	n/a	n/a	n/a	n/a	n/a	n/a	n/a	n/a	n/a	n/a	n/a	n/a	n/a	n/a	n/a	n/a	n/a	n/a	n/a	n/a	n/a	1858.377975	n/a
1860.607150	0.000000	372121	ttl	4	71	n/a	n/a	n/a	n/a	n/a	n/a	n/a	n/a	n/a	n/a	n/a	n/a	n/a	n/a	n/a	n/a	n/a	n/a	n/a	n/a	n/a	1860.607150	n/a
1860.623317	0.000000	372125	ttl	11	71	n/a	n/a	n/a	n/a	n/a	n/a	n/a	n/a	n/a	n/a	n/a	n/a	n/a	n/a	n/a	n/a	n/a	n/a	n/a	n/a	n/a	1860.623317	n/a
1861.165141	1.527859	372233	scene_recognition	n/a	n/a	n/a	71.0	n/a	n/a	n/a	1860.62331675	n/a	1.2654003559000557	2	1	2	NB_17_frameA_foil.png	1	6	1863.95839975	0	175	n/a	n/a	intervals/recognition_table	174	1861.165141	1862.692999
1861.165141	0.000000	372233	ttl	1	71	n/a	n/a	n/a	n/a	n/a	n/a	n/a	n/a	n/a	n/a	n/a	n/a	n/a	n/a	n/a	n/a	n/a	n/a	n/a	n/a	n/a	1861.165141	n/a
1862.692999	0.000000	372539	ttl	2	71	n/a	n/a	n/a	n/a	n/a	n/a	n/a	n/a	n/a	n/a	n/a	n/a	n/a	n/a	n/a	n/a	n/a	n/a	n/a	n/a	n/a	1862.692999	n/a
1863.958400	0.000000	372792	ttl	4	71	n/a	n/a	n/a	n/a	n/a	n/a	n/a	n/a	n/a	n/a	n/a	n/a	n/a	n/a	n/a	n/a	n/a	n/a	n/a	n/a	n/a	1863.958400	n/a
1863.967470	0.000000	372793	ttl	11	71	n/a	n/a	n/a	n/a	n/a	n/a	n/a	n/a	n/a	n/a	n/a	n/a	n/a	n/a	n/a	n/a	n/a	n/a	n/a	n/a	n/a	1863.967470	n/a
1864.489247	1.527783	372898	scene_recognition	n/a	n/a	n/a	71.0	n/a	n/a	n/a	1863.9674699999998	n/a	1.0505637156165903	1	3	3	HB_2_frameB_foil.png	2	2	1867.06759375	0	176	n/a	n/a	intervals/recognition_table	175	1864.489247	1866.017030
1864.489247	0.000000	372898	ttl	1	71	n/a	n/a	n/a	n/a	n/a	n/a	n/a	n/a	n/a	n/a	n/a	n/a	n/a	n/a	n/a	n/a	n/a	n/a	n/a	n/a	n/a	1864.489247	n/a
1866.017030	0.000000	373203	ttl	2	71	n/a	n/a	n/a	n/a	n/a	n/a	n/a	n/a	n/a	n/a	n/a	n/a	n/a	n/a	n/a	n/a	n/a	n/a	n/a	n/a	n/a	1866.017030	n/a
1867.067594	0.000000	373414	ttl	4	71	n/a	n/a	n/a	n/a	n/a	n/a	n/a	n/a	n/a	n/a	n/a	n/a	n/a	n/a	n/a	n/a	n/a	n/a	n/a	n/a	n/a	1867.067594	n/a
1867.113543	0.000000	373423	ttl	11	71	n/a	n/a	n/a	n/a	n/a	n/a	n/a	n/a	n/a	n/a	n/a	n/a	n/a	n/a	n/a	n/a	n/a	n/a	n/a	n/a	n/a	1867.113543	n/a
1867.687048	1.545357	373537	scene_recognition	n/a	n/a	n/a	71.0	n/a	n/a	n/a	1867.1135427499999	n/a	1.064899378150585	2	2	2	SB_30_frameA.png	2	3	1870.2973044999999	1	177	n/a	n/a	intervals/recognition_table	176	1867.687048	1869.232405
1867.687048	0.000000	373537	ttl	1	71	n/a	n/a	n/a	n/a	n/a	n/a	n/a	n/a	n/a	n/a	n/a	n/a	n/a	n/a	n/a	n/a	n/a	n/a	n/a	n/a	n/a	1867.687048	n/a
1869.232405	0.000000	373846	ttl	2	71	n/a	n/a	n/a	n/a	n/a	n/a	n/a	n/a	n/a	n/a	n/a	n/a	n/a	n/a	n/a	n/a	n/a	n/a	n/a	n/a	n/a	1869.232405	n/a
1870.297304	0.000000	374059	ttl	4	71	n/a	n/a	n/a	n/a	n/a	n/a	n/a	n/a	n/a	n/a	n/a	n/a	n/a	n/a	n/a	n/a	n/a	n/a	n/a	n/a	n/a	1870.297304	n/a
1870.332015	0.000000	374066	ttl	11	71	n/a	n/a	n/a	n/a	n/a	n/a	n/a	n/a	n/a	n/a	n/a	n/a	n/a	n/a	n/a	n/a	n/a	n/a	n/a	n/a	n/a	1870.332015	n/a
1870.902684	1.535187	374181	scene_recognition	n/a	n/a	n/a	71.0	n/a	n/a	n/a	1870.332015	n/a	1.5023201637231978	2	2	1	SB_30_frameB_foil.png	1	5	1873.94019125	0	178	n/a	n/a	intervals/recognition_table	177	1870.902684	1872.437871
1870.902684	0.000000	374181	ttl	1	71	n/a	n/a	n/a	n/a	n/a	n/a	n/a	n/a	n/a	n/a	n/a	n/a	n/a	n/a	n/a	n/a	n/a	n/a	n/a	n/a	n/a	1870.902684	n/a
1872.437871	0.000000	374488	ttl	2	71	n/a	n/a	n/a	n/a	n/a	n/a	n/a	n/a	n/a	n/a	n/a	n/a	n/a	n/a	n/a	n/a	n/a	n/a	n/a	n/a	n/a	1872.437871	n/a
1873.940191	0.000000	374788	ttl	4	71	n/a	n/a	n/a	n/a	n/a	n/a	n/a	n/a	n/a	n/a	n/a	n/a	n/a	n/a	n/a	n/a	n/a	n/a	n/a	n/a	n/a	1873.940191	n/a
1873.974238	0.000000	374795	ttl	11	71	n/a	n/a	n/a	n/a	n/a	n/a	n/a	n/a	n/a	n/a	n/a	n/a	n/a	n/a	n/a	n/a	n/a	n/a	n/a	n/a	n/a	1873.974238	n/a
1874.470709	1.514992	374894	scene_recognition	n/a	n/a	n/a	71.0	n/a	n/a	n/a	1873.974238	n/a	2.0710726400866406	2	3	3	HB_30_frameB.png	2	2	1878.0567737499998	1	179	n/a	n/a	intervals/recognition_table	178	1874.470709	1875.985701
1874.470709	0.000000	374894	ttl	1	71	n/a	n/a	n/a	n/a	n/a	n/a	n/a	n/a	n/a	n/a	n/a	n/a	n/a	n/a	n/a	n/a	n/a	n/a	n/a	n/a	n/a	1874.470709	n/a
1875.985701	0.000000	375197	ttl	2	71	n/a	n/a	n/a	n/a	n/a	n/a	n/a	n/a	n/a	n/a	n/a	n/a	n/a	n/a	n/a	n/a	n/a	n/a	n/a	n/a	n/a	1875.985701	n/a
1878.056774	0.000000	375611	ttl	4	71	n/a	n/a	n/a	n/a	n/a	n/a	n/a	n/a	n/a	n/a	n/a	n/a	n/a	n/a	n/a	n/a	n/a	n/a	n/a	n/a	n/a	1878.056774	n/a
1878.086107	0.000000	375617	ttl	11	71	n/a	n/a	n/a	n/a	n/a	n/a	n/a	n/a	n/a	n/a	n/a	n/a	n/a	n/a	n/a	n/a	n/a	n/a	n/a	n/a	n/a	1878.086107	n/a
1878.676363	1.525302	375735	scene_recognition	n/a	n/a	n/a	71.0	n/a	n/a	n/a	1878.08610675	n/a	0.8631616961938562	1	3	1	HB_30_frameA_foil.png	2	4	1881.0648259999998	0	180	n/a	n/a	intervals/recognition_table	179	1878.676363	1880.201664
1878.676363	0.000000	375735	ttl	1	71	n/a	n/a	n/a	n/a	n/a	n/a	n/a	n/a	n/a	n/a	n/a	n/a	n/a	n/a	n/a	n/a	n/a	n/a	n/a	n/a	n/a	1878.676363	n/a
1880.201664	0.000000	376040	ttl	2	71	n/a	n/a	n/a	n/a	n/a	n/a	n/a	n/a	n/a	n/a	n/a	n/a	n/a	n/a	n/a	n/a	n/a	n/a	n/a	n/a	n/a	1880.201664	n/a
1881.064826	0.000000	376213	ttl	4	71	n/a	n/a	n/a	n/a	n/a	n/a	n/a	n/a	n/a	n/a	n/a	n/a	n/a	n/a	n/a	n/a	n/a	n/a	n/a	n/a	n/a	1881.064826	n/a
1881.117595	0.000000	376224	ttl	60	71	n/a	n/a	n/a	n/a	n/a	n/a	n/a	n/a	n/a	n/a	n/a	n/a	n/a	n/a	n/a	n/a	n/a	n/a	n/a	n/a	n/a	1881.117595	n/a
2063.956962	0.000000	412791	ttl	61	72	n/a	n/a	n/a	n/a	n/a	n/a	n/a	n/a	n/a	n/a	n/a	n/a	n/a	n/a	n/a	n/a	n/a	n/a	n/a	n/a	n/a	2063.956962	n/a
2064.007933	0.000000	412802	ttl	11	72	n/a	n/a	n/a	n/a	n/a	n/a	n/a	n/a	n/a	n/a	n/a	n/a	n/a	n/a	n/a	n/a	n/a	n/a	n/a	n/a	n/a	2064.007933	n/a
2064.650078	2.054065	412930	time_discrimination	n/a	n/a	n/a	72.0	n/a	n/a	n/a	2064.00793275	n/a	2.171617862477433	1.0	3	2.0	HB_7_ShortA.png	n/a	3	2068.8757607499997	n/a	1	1	2	intervals/timediscrimination_table	0	2064.650078	2066.704143
2064.650078	0.000000	412930	ttl	1	72	n/a	n/a	n/a	n/a	n/a	n/a	n/a	n/a	n/a	n/a	n/a	n/a	n/a	n/a	n/a	n/a	n/a	n/a	n/a	n/a	n/a	2064.650078	n/a
2066.704143	0.000000	413341	ttl	2	72	n/a	n/a	n/a	n/a	n/a	n/a	n/a	n/a	n/a	n/a	n/a	n/a	n/a	n/a	n/a	n/a	n/a	n/a	n/a	n/a	n/a	2066.704143	n/a
2068.875761	0.000000	413775	ttl	4	72	n/a	n/a	n/a	n/a	n/a	n/a	n/a	n/a	n/a	n/a	n/a	n/a	n/a	n/a	n/a	n/a	n/a	n/a	n/a	n/a	n/a	2068.875761	n/a
2068.905173	0.000000	413781	ttl	11	72	n/a	n/a	n/a	n/a	n/a	n/a	n/a	n/a	n/a	n/a	n/a	n/a	n/a	n/a	n/a	n/a	n/a	n/a	n/a	n/a	n/a	2068.905173	n/a
2069.467077	2.031191	413893	time_discrimination	n/a	n/a	n/a	72.0	n/a	n/a	n/a	2068.9051735	n/a	2.1704792989767157	2.0	2	2.0	SB_41_LongA.png	n/a	3	2073.6687482499997	n/a	2	1	1	intervals/timediscrimination_table	1	2069.467077	2071.498269
2069.467077	0.000000	413893	ttl	1	72	n/a	n/a	n/a	n/a	n/a	n/a	n/a	n/a	n/a	n/a	n/a	n/a	n/a	n/a	n/a	n/a	n/a	n/a	n/a	n/a	n/a	2069.467077	n/a
2071.498269	0.000000	414300	ttl	2	72	n/a	n/a	n/a	n/a	n/a	n/a	n/a	n/a	n/a	n/a	n/a	n/a	n/a	n/a	n/a	n/a	n/a	n/a	n/a	n/a	n/a	2071.498269	n/a
2073.668748	0.000000	414734	ttl	4	72	n/a	n/a	n/a	n/a	n/a	n/a	n/a	n/a	n/a	n/a	n/a	n/a	n/a	n/a	n/a	n/a	n/a	n/a	n/a	n/a	n/a	2073.668748	n/a
2073.691002	0.000000	414738	ttl	11	72	n/a	n/a	n/a	n/a	n/a	n/a	n/a	n/a	n/a	n/a	n/a	n/a	n/a	n/a	n/a	n/a	n/a	n/a	n/a	n/a	n/a	2073.691002	n/a
2074.293004	2.031757	414859	time_discrimination	n/a	n/a	n/a	72.0	n/a	n/a	n/a	2073.69100175	n/a	0.8586393989535281	2.0	1	2.0	NB_23_LongA.png	n/a	6	2077.1834005	n/a	3	2	2	intervals/timediscrimination_table	2	2074.293004	2076.324761
2074.293004	0.000000	414859	ttl	1	72	n/a	n/a	n/a	n/a	n/a	n/a	n/a	n/a	n/a	n/a	n/a	n/a	n/a	n/a	n/a	n/a	n/a	n/a	n/a	n/a	n/a	2074.293004	n/a
2076.324761	0.000000	415265	ttl	2	72	n/a	n/a	n/a	n/a	n/a	n/a	n/a	n/a	n/a	n/a	n/a	n/a	n/a	n/a	n/a	n/a	n/a	n/a	n/a	n/a	n/a	2076.324761	n/a
2077.183401	0.000000	415437	ttl	4	72	n/a	n/a	n/a	n/a	n/a	n/a	n/a	n/a	n/a	n/a	n/a	n/a	n/a	n/a	n/a	n/a	n/a	n/a	n/a	n/a	n/a	2077.183401	n/a
2077.204015	0.000000	415441	ttl	11	72	n/a	n/a	n/a	n/a	n/a	n/a	n/a	n/a	n/a	n/a	n/a	n/a	n/a	n/a	n/a	n/a	n/a	n/a	n/a	n/a	n/a	2077.204015	n/a
2077.785887	2.031451	415557	time_discrimination	n/a	n/a	n/a	72.0	n/a	n/a	n/a	2077.2040145	n/a	3.0202348631137284	1.0	3	2.0	HB_58_LongA.png	n/a	6	2082.837573	n/a	4	2	1	intervals/timediscrimination_table	3	2077.785887	2079.817338
2077.785887	0.000000	415557	ttl	1	72	n/a	n/a	n/a	n/a	n/a	n/a	n/a	n/a	n/a	n/a	n/a	n/a	n/a	n/a	n/a	n/a	n/a	n/a	n/a	n/a	n/a	2077.785887	n/a
2079.817338	0.000000	415963	ttl	2	72	n/a	n/a	n/a	n/a	n/a	n/a	n/a	n/a	n/a	n/a	n/a	n/a	n/a	n/a	n/a	n/a	n/a	n/a	n/a	n/a	n/a	2079.817338	n/a
2082.837573	0.000000	416568	ttl	4	72	n/a	n/a	n/a	n/a	n/a	n/a	n/a	n/a	n/a	n/a	n/a	n/a	n/a	n/a	n/a	n/a	n/a	n/a	n/a	n/a	n/a	2082.837573	n/a
2082.847001	0.000000	416569	ttl	11	72	n/a	n/a	n/a	n/a	n/a	n/a	n/a	n/a	n/a	n/a	n/a	n/a	n/a	n/a	n/a	n/a	n/a	n/a	n/a	n/a	n/a	2082.847001	n/a
2083.429202	2.054891	416686	time_discrimination	n/a	n/a	n/a	72.0	n/a	n/a	n/a	2082.847001	n/a	0.370971687239944	1.0	3	1.0	HB_51_LongA.png	n/a	5	2085.85506425	n/a	5	2	1	intervals/timediscrimination_table	4	2083.429202	2085.484092
2083.429202	0.000000	416686	ttl	1	72	n/a	n/a	n/a	n/a	n/a	n/a	n/a	n/a	n/a	n/a	n/a	n/a	n/a	n/a	n/a	n/a	n/a	n/a	n/a	n/a	n/a	2083.429202	n/a
2085.484092	0.000000	417097	ttl	2	72	n/a	n/a	n/a	n/a	n/a	n/a	n/a	n/a	n/a	n/a	n/a	n/a	n/a	n/a	n/a	n/a	n/a	n/a	n/a	n/a	n/a	2085.484092	n/a
2085.855064	0.000000	417171	ttl	4	72	n/a	n/a	n/a	n/a	n/a	n/a	n/a	n/a	n/a	n/a	n/a	n/a	n/a	n/a	n/a	n/a	n/a	n/a	n/a	n/a	n/a	2085.855064	n/a
2085.892789	0.000000	417179	ttl	11	72	n/a	n/a	n/a	n/a	n/a	n/a	n/a	n/a	n/a	n/a	n/a	n/a	n/a	n/a	n/a	n/a	n/a	n/a	n/a	n/a	n/a	2085.892789	n/a
2086.514816	2.030904	417303	time_discrimination	n/a	n/a	n/a	72.0	n/a	n/a	n/a	2085.892789	n/a	2.353904881354538	1.0	3	1.0	HB_13_ShortA.png	n/a	4	2090.8996242499998	n/a	6	1	2	intervals/timediscrimination_table	5	2086.514816	2088.545719
2086.514816	0.000000	417303	ttl	1	72	n/a	n/a	n/a	n/a	n/a	n/a	n/a	n/a	n/a	n/a	n/a	n/a	n/a	n/a	n/a	n/a	n/a	n/a	n/a	n/a	n/a	2086.514816	n/a
2088.545719	0.000000	417709	ttl	2	72	n/a	n/a	n/a	n/a	n/a	n/a	n/a	n/a	n/a	n/a	n/a	n/a	n/a	n/a	n/a	n/a	n/a	n/a	n/a	n/a	n/a	2088.545719	n/a
2090.899624	0.000000	418180	ttl	4	72	n/a	n/a	n/a	n/a	n/a	n/a	n/a	n/a	n/a	n/a	n/a	n/a	n/a	n/a	n/a	n/a	n/a	n/a	n/a	n/a	n/a	2090.899624	n/a
2090.922845	0.000000	418185	ttl	11	72	n/a	n/a	n/a	n/a	n/a	n/a	n/a	n/a	n/a	n/a	n/a	n/a	n/a	n/a	n/a	n/a	n/a	n/a	n/a	n/a	n/a	2090.922845	n/a
2091.524934	2.031506	418305	time_discrimination	n/a	n/a	n/a	72.0	n/a	n/a	n/a	2090.9228452499997	n/a	2.3178272195509635	1.0	3	2.0	HB_46_LongA.png	n/a	3	2095.8742669999997	n/a	7	1	2	intervals/timediscrimination_table	6	2091.524934	2093.556440
2091.524934	0.000000	418305	ttl	1	72	n/a	n/a	n/a	n/a	n/a	n/a	n/a	n/a	n/a	n/a	n/a	n/a	n/a	n/a	n/a	n/a	n/a	n/a	n/a	n/a	n/a	2091.524934	n/a
2093.556440	0.000000	418711	ttl	2	72	n/a	n/a	n/a	n/a	n/a	n/a	n/a	n/a	n/a	n/a	n/a	n/a	n/a	n/a	n/a	n/a	n/a	n/a	n/a	n/a	n/a	2093.556440	n/a
2095.874267	0.000000	419175	ttl	4	72	n/a	n/a	n/a	n/a	n/a	n/a	n/a	n/a	n/a	n/a	n/a	n/a	n/a	n/a	n/a	n/a	n/a	n/a	n/a	n/a	n/a	2095.874267	n/a
2095.898377	0.000000	419180	ttl	11	72	n/a	n/a	n/a	n/a	n/a	n/a	n/a	n/a	n/a	n/a	n/a	n/a	n/a	n/a	n/a	n/a	n/a	n/a	n/a	n/a	n/a	2095.898377	n/a
2096.460067	2.031499	419292	time_discrimination	n/a	n/a	n/a	72.0	n/a	n/a	n/a	2095.89837725	n/a	1.0024014304653974	2.0	2	2.0	SB_39_LongA.png	n/a	6	2099.4939675	n/a	8	2	2	intervals/timediscrimination_table	7	2096.460067	2098.491566
2096.460067	0.000000	419292	ttl	1	72	n/a	n/a	n/a	n/a	n/a	n/a	n/a	n/a	n/a	n/a	n/a	n/a	n/a	n/a	n/a	n/a	n/a	n/a	n/a	n/a	n/a	2096.460067	n/a
2098.491566	0.000000	419698	ttl	2	72	n/a	n/a	n/a	n/a	n/a	n/a	n/a	n/a	n/a	n/a	n/a	n/a	n/a	n/a	n/a	n/a	n/a	n/a	n/a	n/a	n/a	2098.491566	n/a
2099.493968	0.000000	419899	ttl	4	72	n/a	n/a	n/a	n/a	n/a	n/a	n/a	n/a	n/a	n/a	n/a	n/a	n/a	n/a	n/a	n/a	n/a	n/a	n/a	n/a	n/a	2099.493968	n/a
2099.506700	0.000000	419901	ttl	11	72	n/a	n/a	n/a	n/a	n/a	n/a	n/a	n/a	n/a	n/a	n/a	n/a	n/a	n/a	n/a	n/a	n/a	n/a	n/a	n/a	n/a	2099.506700	n/a
2100.128493	2.031504	420026	time_discrimination	n/a	n/a	n/a	72.0	n/a	n/a	n/a	2099.50669975	n/a	0.5563854671490844	2.0	2	2.0	SB_37_ShortA.png	n/a	6	2102.7163825	n/a	9	2	2	intervals/timediscrimination_table	8	2100.128493	2102.159997
2100.128493	0.000000	420026	ttl	1	72	n/a	n/a	n/a	n/a	n/a	n/a	n/a	n/a	n/a	n/a	n/a	n/a	n/a	n/a	n/a	n/a	n/a	n/a	n/a	n/a	n/a	2100.128493	n/a
2102.159997	0.000000	420432	ttl	2	72	n/a	n/a	n/a	n/a	n/a	n/a	n/a	n/a	n/a	n/a	n/a	n/a	n/a	n/a	n/a	n/a	n/a	n/a	n/a	n/a	n/a	2102.159997	n/a
2102.716382	0.000000	420543	ttl	4	72	n/a	n/a	n/a	n/a	n/a	n/a	n/a	n/a	n/a	n/a	n/a	n/a	n/a	n/a	n/a	n/a	n/a	n/a	n/a	n/a	n/a	2102.716382	n/a
2102.724139	0.000000	420545	ttl	11	72	n/a	n/a	n/a	n/a	n/a	n/a	n/a	n/a	n/a	n/a	n/a	n/a	n/a	n/a	n/a	n/a	n/a	n/a	n/a	n/a	n/a	2102.724139	n/a
2103.366292	2.030696	420673	time_discrimination	n/a	n/a	n/a	72.0	n/a	n/a	n/a	2102.72413875	n/a	0.7754667113331379	2.0	2	2.0	SB_15_ShortA.png	n/a	6	2106.1724555	n/a	10	2	2	intervals/timediscrimination_table	9	2103.366292	2105.396989
2103.366292	0.000000	420673	ttl	1	72	n/a	n/a	n/a	n/a	n/a	n/a	n/a	n/a	n/a	n/a	n/a	n/a	n/a	n/a	n/a	n/a	n/a	n/a	n/a	n/a	n/a	2103.366292	n/a
2105.396989	0.000000	421079	ttl	2	72	n/a	n/a	n/a	n/a	n/a	n/a	n/a	n/a	n/a	n/a	n/a	n/a	n/a	n/a	n/a	n/a	n/a	n/a	n/a	n/a	n/a	2105.396989	n/a
2106.172456	0.000000	421234	ttl	4	72	n/a	n/a	n/a	n/a	n/a	n/a	n/a	n/a	n/a	n/a	n/a	n/a	n/a	n/a	n/a	n/a	n/a	n/a	n/a	n/a	n/a	2106.172456	n/a
2106.195539	0.000000	421239	ttl	11	72	n/a	n/a	n/a	n/a	n/a	n/a	n/a	n/a	n/a	n/a	n/a	n/a	n/a	n/a	n/a	n/a	n/a	n/a	n/a	n/a	n/a	2106.195539	n/a
2106.797450	2.031687	421359	time_discrimination	n/a	n/a	n/a	72.0	n/a	n/a	n/a	2106.1955387499997	n/a	2.881350084746373	1.0	3	2.0	HB_5_LongA.png	n/a	3	2111.71048725	n/a	11	1	2	intervals/timediscrimination_table	10	2106.797450	2108.829137
2106.797450	0.000000	421359	ttl	1	72	n/a	n/a	n/a	n/a	n/a	n/a	n/a	n/a	n/a	n/a	n/a	n/a	n/a	n/a	n/a	n/a	n/a	n/a	n/a	n/a	n/a	2106.797450	n/a
2108.829137	0.000000	421766	ttl	2	72	n/a	n/a	n/a	n/a	n/a	n/a	n/a	n/a	n/a	n/a	n/a	n/a	n/a	n/a	n/a	n/a	n/a	n/a	n/a	n/a	n/a	2108.829137	n/a
2111.710487	0.000000	422342	ttl	4	72	n/a	n/a	n/a	n/a	n/a	n/a	n/a	n/a	n/a	n/a	n/a	n/a	n/a	n/a	n/a	n/a	n/a	n/a	n/a	n/a	n/a	2111.710487	n/a
2111.719348	0.000000	422344	ttl	11	72	n/a	n/a	n/a	n/a	n/a	n/a	n/a	n/a	n/a	n/a	n/a	n/a	n/a	n/a	n/a	n/a	n/a	n/a	n/a	n/a	n/a	2111.719348	n/a
2112.321193	2.031492	422464	time_discrimination	n/a	n/a	n/a	72.0	n/a	n/a	n/a	2111.719348	n/a	2.033137304155389	2.0	1	1.0	NB_30_ShortA.png	n/a	5	2116.3858232499997	n/a	12	2	2	intervals/timediscrimination_table	11	2112.321193	2114.352686
2112.321193	0.000000	422464	ttl	1	72	n/a	n/a	n/a	n/a	n/a	n/a	n/a	n/a	n/a	n/a	n/a	n/a	n/a	n/a	n/a	n/a	n/a	n/a	n/a	n/a	n/a	2112.321193	n/a
2114.352686	0.000000	422871	ttl	2	72	n/a	n/a	n/a	n/a	n/a	n/a	n/a	n/a	n/a	n/a	n/a	n/a	n/a	n/a	n/a	n/a	n/a	n/a	n/a	n/a	n/a	2114.352686	n/a
2116.385823	0.000000	423277	ttl	4	72	n/a	n/a	n/a	n/a	n/a	n/a	n/a	n/a	n/a	n/a	n/a	n/a	n/a	n/a	n/a	n/a	n/a	n/a	n/a	n/a	n/a	2116.385823	n/a
2116.390816	0.000000	423278	ttl	11	72	n/a	n/a	n/a	n/a	n/a	n/a	n/a	n/a	n/a	n/a	n/a	n/a	n/a	n/a	n/a	n/a	n/a	n/a	n/a	n/a	n/a	2116.390816	n/a
2116.972788	2.031488	423395	time_discrimination	n/a	n/a	n/a	72.0	n/a	n/a	n/a	2116.39081575	n/a	2.7921912148885895	2.0	1	2.0	NB_12_ShortA.png	n/a	3	2121.7964672499998	n/a	13	1	1	intervals/timediscrimination_table	12	2116.972788	2119.004276
2116.972788	0.000000	423395	ttl	1	72	n/a	n/a	n/a	n/a	n/a	n/a	n/a	n/a	n/a	n/a	n/a	n/a	n/a	n/a	n/a	n/a	n/a	n/a	n/a	n/a	n/a	2116.972788	n/a
2119.004276	0.000000	423801	ttl	2	72	n/a	n/a	n/a	n/a	n/a	n/a	n/a	n/a	n/a	n/a	n/a	n/a	n/a	n/a	n/a	n/a	n/a	n/a	n/a	n/a	n/a	2119.004276	n/a
2121.796467	0.000000	424359	ttl	4	72	n/a	n/a	n/a	n/a	n/a	n/a	n/a	n/a	n/a	n/a	n/a	n/a	n/a	n/a	n/a	n/a	n/a	n/a	n/a	n/a	n/a	2121.796467	n/a
2121.815504	0.000000	424363	ttl	11	72	n/a	n/a	n/a	n/a	n/a	n/a	n/a	n/a	n/a	n/a	n/a	n/a	n/a	n/a	n/a	n/a	n/a	n/a	n/a	n/a	n/a	2121.815504	n/a
2122.417718	2.030744	424484	time_discrimination	n/a	n/a	n/a	72.0	n/a	n/a	n/a	2121.81550425	n/a	1.4726551198982634	2.0	2	2.0	SB_31_LongA.png	n/a	6	2125.92111675	n/a	14	2	2	intervals/timediscrimination_table	13	2122.417718	2124.448462
2122.417718	0.000000	424484	ttl	1	72	n/a	n/a	n/a	n/a	n/a	n/a	n/a	n/a	n/a	n/a	n/a	n/a	n/a	n/a	n/a	n/a	n/a	n/a	n/a	n/a	n/a	2122.417718	n/a
2124.448462	0.000000	424890	ttl	2	72	n/a	n/a	n/a	n/a	n/a	n/a	n/a	n/a	n/a	n/a	n/a	n/a	n/a	n/a	n/a	n/a	n/a	n/a	n/a	n/a	n/a	2124.448462	n/a
2125.921117	0.000000	425184	ttl	4	72	n/a	n/a	n/a	n/a	n/a	n/a	n/a	n/a	n/a	n/a	n/a	n/a	n/a	n/a	n/a	n/a	n/a	n/a	n/a	n/a	n/a	2125.921117	n/a
2125.941357	0.000000	425188	ttl	11	72	n/a	n/a	n/a	n/a	n/a	n/a	n/a	n/a	n/a	n/a	n/a	n/a	n/a	n/a	n/a	n/a	n/a	n/a	n/a	n/a	n/a	2125.941357	n/a
2126.543375	2.030691	425309	time_discrimination	n/a	n/a	n/a	72.0	n/a	n/a	n/a	2125.9413569999997	n/a	0.4959305872907862	2.0	2	2.0	SB_55_LongA.png	n/a	6	2129.06999675	n/a	15	2	2	intervals/timediscrimination_table	14	2126.543375	2128.574066
2126.543375	0.000000	425309	ttl	1	72	n/a	n/a	n/a	n/a	n/a	n/a	n/a	n/a	n/a	n/a	n/a	n/a	n/a	n/a	n/a	n/a	n/a	n/a	n/a	n/a	n/a	2126.543375	n/a
2128.574066	0.000000	425715	ttl	2	72	n/a	n/a	n/a	n/a	n/a	n/a	n/a	n/a	n/a	n/a	n/a	n/a	n/a	n/a	n/a	n/a	n/a	n/a	n/a	n/a	n/a	2128.574066	n/a
2129.069997	0.000000	425814	ttl	4	72	n/a	n/a	n/a	n/a	n/a	n/a	n/a	n/a	n/a	n/a	n/a	n/a	n/a	n/a	n/a	n/a	n/a	n/a	n/a	n/a	n/a	2129.069997	n/a
2129.090504	0.000000	425818	ttl	11	72	n/a	n/a	n/a	n/a	n/a	n/a	n/a	n/a	n/a	n/a	n/a	n/a	n/a	n/a	n/a	n/a	n/a	n/a	n/a	n/a	n/a	2129.090504	n/a
2129.712410	2.031369	425942	time_discrimination	n/a	n/a	n/a	72.0	n/a	n/a	n/a	2129.09050425	n/a	1.3176104080921505	2.0	1	2.0	NB_11_ShortA.png	n/a	3	2133.06139025	n/a	16	1	1	intervals/timediscrimination_table	15	2129.712410	2131.743780
2129.712410	0.000000	425942	ttl	1	72	n/a	n/a	n/a	n/a	n/a	n/a	n/a	n/a	n/a	n/a	n/a	n/a	n/a	n/a	n/a	n/a	n/a	n/a	n/a	n/a	n/a	2129.712410	n/a
2131.743780	0.000000	426349	ttl	2	72	n/a	n/a	n/a	n/a	n/a	n/a	n/a	n/a	n/a	n/a	n/a	n/a	n/a	n/a	n/a	n/a	n/a	n/a	n/a	n/a	n/a	2131.743780	n/a
2133.061390	0.000000	426612	ttl	4	72	n/a	n/a	n/a	n/a	n/a	n/a	n/a	n/a	n/a	n/a	n/a	n/a	n/a	n/a	n/a	n/a	n/a	n/a	n/a	n/a	n/a	2133.061390	n/a
2133.069880	0.000000	426614	ttl	11	72	n/a	n/a	n/a	n/a	n/a	n/a	n/a	n/a	n/a	n/a	n/a	n/a	n/a	n/a	n/a	n/a	n/a	n/a	n/a	n/a	n/a	2133.069880	n/a
2133.671738	2.031487	426734	time_discrimination	n/a	n/a	n/a	72.0	n/a	n/a	n/a	2133.0698804999997	n/a	1.0675376198632875	2.0	1	2.0	NB_21_LongA.png	n/a	6	2136.77076325	n/a	17	2	2	intervals/timediscrimination_table	16	2133.671738	2135.703226
2133.671738	0.000000	426734	ttl	1	72	n/a	n/a	n/a	n/a	n/a	n/a	n/a	n/a	n/a	n/a	n/a	n/a	n/a	n/a	n/a	n/a	n/a	n/a	n/a	n/a	n/a	2133.671738	n/a
2135.703226	0.000000	427141	ttl	2	72	n/a	n/a	n/a	n/a	n/a	n/a	n/a	n/a	n/a	n/a	n/a	n/a	n/a	n/a	n/a	n/a	n/a	n/a	n/a	n/a	n/a	2135.703226	n/a
2136.770763	0.000000	427354	ttl	4	72	n/a	n/a	n/a	n/a	n/a	n/a	n/a	n/a	n/a	n/a	n/a	n/a	n/a	n/a	n/a	n/a	n/a	n/a	n/a	n/a	n/a	2136.770763	n/a
2136.785887	0.000000	427357	ttl	11	72	n/a	n/a	n/a	n/a	n/a	n/a	n/a	n/a	n/a	n/a	n/a	n/a	n/a	n/a	n/a	n/a	n/a	n/a	n/a	n/a	n/a	2136.785887	n/a
2137.407817	2.031440	427482	time_discrimination	n/a	n/a	n/a	72.0	n/a	n/a	n/a	2136.785887	n/a	1.0591169190593064	2.0	1	1.0	NB_20_ShortA.png	n/a	4	2140.49837425	n/a	18	1	1	intervals/timediscrimination_table	17	2137.407817	2139.439257
2137.407817	0.000000	427482	ttl	1	72	n/a	n/a	n/a	n/a	n/a	n/a	n/a	n/a	n/a	n/a	n/a	n/a	n/a	n/a	n/a	n/a	n/a	n/a	n/a	n/a	n/a	2137.407817	n/a
2139.439257	0.000000	427888	ttl	2	72	n/a	n/a	n/a	n/a	n/a	n/a	n/a	n/a	n/a	n/a	n/a	n/a	n/a	n/a	n/a	n/a	n/a	n/a	n/a	n/a	n/a	2139.439257	n/a
2140.498374	0.000000	428100	ttl	4	72	n/a	n/a	n/a	n/a	n/a	n/a	n/a	n/a	n/a	n/a	n/a	n/a	n/a	n/a	n/a	n/a	n/a	n/a	n/a	n/a	n/a	2140.498374	n/a
2140.514802	0.000000	428103	ttl	11	72	n/a	n/a	n/a	n/a	n/a	n/a	n/a	n/a	n/a	n/a	n/a	n/a	n/a	n/a	n/a	n/a	n/a	n/a	n/a	n/a	n/a	2140.514802	n/a
2141.136927	2.031315	428227	time_discrimination	n/a	n/a	n/a	72.0	n/a	n/a	n/a	2140.5148025	n/a	1.5965405387396459	1.0	3	2.0	HB_26_LongA.png	n/a	6	2144.7647825	n/a	19	2	1	intervals/timediscrimination_table	18	2141.136927	2143.168242
2141.136927	0.000000	428227	ttl	1	72	n/a	n/a	n/a	n/a	n/a	n/a	n/a	n/a	n/a	n/a	n/a	n/a	n/a	n/a	n/a	n/a	n/a	n/a	n/a	n/a	n/a	2141.136927	n/a
2143.168242	0.000000	428634	ttl	2	72	n/a	n/a	n/a	n/a	n/a	n/a	n/a	n/a	n/a	n/a	n/a	n/a	n/a	n/a	n/a	n/a	n/a	n/a	n/a	n/a	n/a	2143.168242	n/a
2144.764782	0.000000	428953	ttl	4	72	n/a	n/a	n/a	n/a	n/a	n/a	n/a	n/a	n/a	n/a	n/a	n/a	n/a	n/a	n/a	n/a	n/a	n/a	n/a	n/a	n/a	2144.764782	n/a
2144.788411	0.000000	428958	ttl	11	72	n/a	n/a	n/a	n/a	n/a	n/a	n/a	n/a	n/a	n/a	n/a	n/a	n/a	n/a	n/a	n/a	n/a	n/a	n/a	n/a	n/a	2144.788411	n/a
2145.430756	2.031306	429086	time_discrimination	n/a	n/a	n/a	72.0	n/a	n/a	n/a	2144.78841075	n/a	0.7187524683977244	1.0	3	2.0	HB_45_LongA.png	n/a	6	2148.180814	n/a	20	2	1	intervals/timediscrimination_table	19	2145.430756	2147.462062
2145.430756	0.000000	429086	ttl	1	72	n/a	n/a	n/a	n/a	n/a	n/a	n/a	n/a	n/a	n/a	n/a	n/a	n/a	n/a	n/a	n/a	n/a	n/a	n/a	n/a	n/a	2145.430756	n/a
2147.462062	0.000000	429492	ttl	2	72	n/a	n/a	n/a	n/a	n/a	n/a	n/a	n/a	n/a	n/a	n/a	n/a	n/a	n/a	n/a	n/a	n/a	n/a	n/a	n/a	n/a	2147.462062	n/a
2148.180814	0.000000	429636	ttl	4	72	n/a	n/a	n/a	n/a	n/a	n/a	n/a	n/a	n/a	n/a	n/a	n/a	n/a	n/a	n/a	n/a	n/a	n/a	n/a	n/a	n/a	2148.180814	n/a
2148.202672	0.000000	429641	ttl	11	72	n/a	n/a	n/a	n/a	n/a	n/a	n/a	n/a	n/a	n/a	n/a	n/a	n/a	n/a	n/a	n/a	n/a	n/a	n/a	n/a	n/a	2148.202672	n/a
2148.864902	2.030715	429773	time_discrimination	n/a	n/a	n/a	72.0	n/a	n/a	n/a	2148.202672	n/a	0.3035327895049704	2.0	2	2.0	SB_29_ShortA.png	n/a	6	2151.19915	n/a	21	2	2	intervals/timediscrimination_table	20	2148.864902	2150.895617
2148.864902	0.000000	429773	ttl	1	72	n/a	n/a	n/a	n/a	n/a	n/a	n/a	n/a	n/a	n/a	n/a	n/a	n/a	n/a	n/a	n/a	n/a	n/a	n/a	n/a	n/a	2148.864902	n/a
2150.895617	0.000000	430179	ttl	2	72	n/a	n/a	n/a	n/a	n/a	n/a	n/a	n/a	n/a	n/a	n/a	n/a	n/a	n/a	n/a	n/a	n/a	n/a	n/a	n/a	n/a	2150.895617	n/a
2151.199150	0.000000	430240	ttl	4	72	n/a	n/a	n/a	n/a	n/a	n/a	n/a	n/a	n/a	n/a	n/a	n/a	n/a	n/a	n/a	n/a	n/a	n/a	n/a	n/a	n/a	2151.199150	n/a
2151.211671	0.000000	430242	ttl	11	72	n/a	n/a	n/a	n/a	n/a	n/a	n/a	n/a	n/a	n/a	n/a	n/a	n/a	n/a	n/a	n/a	n/a	n/a	n/a	n/a	n/a	2151.211671	n/a
2151.833763	2.031479	430367	time_discrimination	n/a	n/a	n/a	72.0	n/a	n/a	n/a	2151.21167125	n/a	0.0644291420612717	2.0	1	2.0	NB_4_ShortA.png	n/a	3	2153.92967175	n/a	22	1	1	intervals/timediscrimination_table	21	2151.833763	2153.865243
2151.833763	0.000000	430367	ttl	1	72	n/a	n/a	n/a	n/a	n/a	n/a	n/a	n/a	n/a	n/a	n/a	n/a	n/a	n/a	n/a	n/a	n/a	n/a	n/a	n/a	n/a	2151.833763	n/a
2153.865243	0.000000	430773	ttl	2	72	n/a	n/a	n/a	n/a	n/a	n/a	n/a	n/a	n/a	n/a	n/a	n/a	n/a	n/a	n/a	n/a	n/a	n/a	n/a	n/a	n/a	2153.865243	n/a
2153.929672	0.000000	430786	ttl	4	72	n/a	n/a	n/a	n/a	n/a	n/a	n/a	n/a	n/a	n/a	n/a	n/a	n/a	n/a	n/a	n/a	n/a	n/a	n/a	n/a	n/a	2153.929672	n/a
2153.946968	0.000000	430789	ttl	11	72	n/a	n/a	n/a	n/a	n/a	n/a	n/a	n/a	n/a	n/a	n/a	n/a	n/a	n/a	n/a	n/a	n/a	n/a	n/a	n/a	n/a	2153.946968	n/a
2154.528888	2.031373	430906	time_discrimination	n/a	n/a	n/a	72.0	n/a	n/a	n/a	2153.9469675	n/a	0.335091853630729	2.0	2	2.0	SB_26_ShortA.png	n/a	3	2156.89535275	n/a	23	1	1	intervals/timediscrimination_table	22	2154.528888	2156.560261
2154.528888	0.000000	430906	ttl	1	72	n/a	n/a	n/a	n/a	n/a	n/a	n/a	n/a	n/a	n/a	n/a	n/a	n/a	n/a	n/a	n/a	n/a	n/a	n/a	n/a	n/a	2154.528888	n/a
2156.560261	0.000000	431312	ttl	2	72	n/a	n/a	n/a	n/a	n/a	n/a	n/a	n/a	n/a	n/a	n/a	n/a	n/a	n/a	n/a	n/a	n/a	n/a	n/a	n/a	n/a	2156.560261	n/a
2156.895353	0.000000	431379	ttl	4	72	n/a	n/a	n/a	n/a	n/a	n/a	n/a	n/a	n/a	n/a	n/a	n/a	n/a	n/a	n/a	n/a	n/a	n/a	n/a	n/a	n/a	2156.895353	n/a
2156.901180	0.000000	431380	ttl	11	72	n/a	n/a	n/a	n/a	n/a	n/a	n/a	n/a	n/a	n/a	n/a	n/a	n/a	n/a	n/a	n/a	n/a	n/a	n/a	n/a	n/a	2156.901180	n/a
2157.543264	2.031537	431509	time_discrimination	n/a	n/a	n/a	72.0	n/a	n/a	n/a	2156.9011797499998	n/a	1.953304037990165	2.0	1	2.0	NB_29_ShortA.png	n/a	6	2161.52810475	n/a	24	2	2	intervals/timediscrimination_table	23	2157.543264	2159.574801
2157.543264	0.000000	431509	ttl	1	72	n/a	n/a	n/a	n/a	n/a	n/a	n/a	n/a	n/a	n/a	n/a	n/a	n/a	n/a	n/a	n/a	n/a	n/a	n/a	n/a	n/a	2157.543264	n/a
2159.574801	0.000000	431915	ttl	2	72	n/a	n/a	n/a	n/a	n/a	n/a	n/a	n/a	n/a	n/a	n/a	n/a	n/a	n/a	n/a	n/a	n/a	n/a	n/a	n/a	n/a	2159.574801	n/a
2161.528105	0.000000	432306	ttl	4	72	n/a	n/a	n/a	n/a	n/a	n/a	n/a	n/a	n/a	n/a	n/a	n/a	n/a	n/a	n/a	n/a	n/a	n/a	n/a	n/a	n/a	2161.528105	n/a
2161.548729	0.000000	432310	ttl	11	72	n/a	n/a	n/a	n/a	n/a	n/a	n/a	n/a	n/a	n/a	n/a	n/a	n/a	n/a	n/a	n/a	n/a	n/a	n/a	n/a	n/a	2161.548729	n/a
2162.191002	2.030905	432438	time_discrimination	n/a	n/a	n/a	72.0	n/a	n/a	n/a	2161.548729	n/a	1.278231909571332	1.0	3	2.0	HB_55_ShortA.png	n/a	6	2165.5001389999998	n/a	25	2	1	intervals/timediscrimination_table	24	2162.191002	2164.221907
2162.191002	0.000000	432438	ttl	1	72	n/a	n/a	n/a	n/a	n/a	n/a	n/a	n/a	n/a	n/a	n/a	n/a	n/a	n/a	n/a	n/a	n/a	n/a	n/a	n/a	n/a	2162.191002	n/a
2164.221907	0.000000	432844	ttl	2	72	n/a	n/a	n/a	n/a	n/a	n/a	n/a	n/a	n/a	n/a	n/a	n/a	n/a	n/a	n/a	n/a	n/a	n/a	n/a	n/a	n/a	2164.221907	n/a
2165.500139	0.000000	433100	ttl	4	72	n/a	n/a	n/a	n/a	n/a	n/a	n/a	n/a	n/a	n/a	n/a	n/a	n/a	n/a	n/a	n/a	n/a	n/a	n/a	n/a	n/a	2165.500139	n/a
2165.516499	0.000000	433103	ttl	11	72	n/a	n/a	n/a	n/a	n/a	n/a	n/a	n/a	n/a	n/a	n/a	n/a	n/a	n/a	n/a	n/a	n/a	n/a	n/a	n/a	n/a	2165.516499	n/a
2166.138664	2.031274	433228	time_discrimination	n/a	n/a	n/a	72.0	n/a	n/a	n/a	2165.51649925	n/a	1.4431763684697216	1.0	3	2.0	HB_37_ShortA.png	n/a	3	2169.61311425	n/a	26	1	2	intervals/timediscrimination_table	25	2166.138664	2168.169938
2166.138664	0.000000	433228	ttl	1	72	n/a	n/a	n/a	n/a	n/a	n/a	n/a	n/a	n/a	n/a	n/a	n/a	n/a	n/a	n/a	n/a	n/a	n/a	n/a	n/a	n/a	2166.138664	n/a
2168.169938	0.000000	433634	ttl	2	72	n/a	n/a	n/a	n/a	n/a	n/a	n/a	n/a	n/a	n/a	n/a	n/a	n/a	n/a	n/a	n/a	n/a	n/a	n/a	n/a	n/a	2168.169938	n/a
2169.613114	0.000000	433923	ttl	4	72	n/a	n/a	n/a	n/a	n/a	n/a	n/a	n/a	n/a	n/a	n/a	n/a	n/a	n/a	n/a	n/a	n/a	n/a	n/a	n/a	n/a	2169.613114	n/a
2169.630399	0.000000	433926	ttl	11	72	n/a	n/a	n/a	n/a	n/a	n/a	n/a	n/a	n/a	n/a	n/a	n/a	n/a	n/a	n/a	n/a	n/a	n/a	n/a	n/a	n/a	2169.630399	n/a
2170.232280	2.031551	434046	time_discrimination	n/a	n/a	n/a	72.0	n/a	n/a	n/a	2169.630399	n/a	1.2582969924405916	2.0	1	2.0	NB_11_LongA.png	n/a	6	2173.5221282499997	n/a	27	2	2	intervals/timediscrimination_table	26	2170.232280	2172.263831
2170.232280	0.000000	434046	ttl	1	72	n/a	n/a	n/a	n/a	n/a	n/a	n/a	n/a	n/a	n/a	n/a	n/a	n/a	n/a	n/a	n/a	n/a	n/a	n/a	n/a	n/a	2170.232280	n/a
2172.263831	0.000000	434453	ttl	2	72	n/a	n/a	n/a	n/a	n/a	n/a	n/a	n/a	n/a	n/a	n/a	n/a	n/a	n/a	n/a	n/a	n/a	n/a	n/a	n/a	n/a	2172.263831	n/a
2173.522128	0.000000	434704	ttl	4	72	n/a	n/a	n/a	n/a	n/a	n/a	n/a	n/a	n/a	n/a	n/a	n/a	n/a	n/a	n/a	n/a	n/a	n/a	n/a	n/a	n/a	2173.522128	n/a
2173.541804	0.000000	434708	ttl	11	72	n/a	n/a	n/a	n/a	n/a	n/a	n/a	n/a	n/a	n/a	n/a	n/a	n/a	n/a	n/a	n/a	n/a	n/a	n/a	n/a	n/a	2173.541804	n/a
2174.123586	2.031485	434825	time_discrimination	n/a	n/a	n/a	72.0	n/a	n/a	n/a	2173.54180425	n/a	1.6174566421250347	1.0	3	2.0	HB_21_ShortA.png	n/a	3	2177.77252775	n/a	28	1	2	intervals/timediscrimination_table	27	2174.123586	2176.155071
2174.123586	0.000000	434825	ttl	1	72	n/a	n/a	n/a	n/a	n/a	n/a	n/a	n/a	n/a	n/a	n/a	n/a	n/a	n/a	n/a	n/a	n/a	n/a	n/a	n/a	n/a	2174.123586	n/a
2176.155071	0.000000	435231	ttl	2	72	n/a	n/a	n/a	n/a	n/a	n/a	n/a	n/a	n/a	n/a	n/a	n/a	n/a	n/a	n/a	n/a	n/a	n/a	n/a	n/a	n/a	2176.155071	n/a
2177.772528	0.000000	435555	ttl	4	72	n/a	n/a	n/a	n/a	n/a	n/a	n/a	n/a	n/a	n/a	n/a	n/a	n/a	n/a	n/a	n/a	n/a	n/a	n/a	n/a	n/a	2177.772528	n/a
2177.788218	0.000000	435558	ttl	11	72	n/a	n/a	n/a	n/a	n/a	n/a	n/a	n/a	n/a	n/a	n/a	n/a	n/a	n/a	n/a	n/a	n/a	n/a	n/a	n/a	n/a	2177.788218	n/a
2178.370196	2.030733	435674	time_discrimination	n/a	n/a	n/a	72.0	n/a	n/a	n/a	2177.7882182499998	n/a	1.7125862981192768	2.0	3	2.0	HB_22_ShortA.png	n/a	6	2182.11351575	n/a	29	2	2	intervals/timediscrimination_table	28	2178.370196	2180.400930
2178.370196	0.000000	435674	ttl	1	72	n/a	n/a	n/a	n/a	n/a	n/a	n/a	n/a	n/a	n/a	n/a	n/a	n/a	n/a	n/a	n/a	n/a	n/a	n/a	n/a	n/a	2178.370196	n/a
2180.400930	0.000000	436080	ttl	2	72	n/a	n/a	n/a	n/a	n/a	n/a	n/a	n/a	n/a	n/a	n/a	n/a	n/a	n/a	n/a	n/a	n/a	n/a	n/a	n/a	n/a	2180.400930	n/a
2182.113516	0.000000	436423	ttl	4	72	n/a	n/a	n/a	n/a	n/a	n/a	n/a	n/a	n/a	n/a	n/a	n/a	n/a	n/a	n/a	n/a	n/a	n/a	n/a	n/a	n/a	2182.113516	n/a
2182.133188	0.000000	436427	ttl	11	72	n/a	n/a	n/a	n/a	n/a	n/a	n/a	n/a	n/a	n/a	n/a	n/a	n/a	n/a	n/a	n/a	n/a	n/a	n/a	n/a	n/a	2182.133188	n/a
2182.755299	2.031433	436551	time_discrimination	n/a	n/a	n/a	72.0	n/a	n/a	n/a	2182.13318825	n/a	2.418825805594679	2.0	1	2.0	NB_23_ShortA.png	n/a	3	2187.20555725	n/a	30	1	1	intervals/timediscrimination_table	29	2182.755299	2184.786731
2182.755299	0.000000	436551	ttl	1	72	n/a	n/a	n/a	n/a	n/a	n/a	n/a	n/a	n/a	n/a	n/a	n/a	n/a	n/a	n/a	n/a	n/a	n/a	n/a	n/a	n/a	2182.755299	n/a
2184.786731	0.000000	436957	ttl	2	72	n/a	n/a	n/a	n/a	n/a	n/a	n/a	n/a	n/a	n/a	n/a	n/a	n/a	n/a	n/a	n/a	n/a	n/a	n/a	n/a	n/a	2184.786731	n/a
2187.205557	0.000000	437441	ttl	4	72	n/a	n/a	n/a	n/a	n/a	n/a	n/a	n/a	n/a	n/a	n/a	n/a	n/a	n/a	n/a	n/a	n/a	n/a	n/a	n/a	n/a	2187.205557	n/a
2187.218611	0.000000	437444	ttl	11	72	n/a	n/a	n/a	n/a	n/a	n/a	n/a	n/a	n/a	n/a	n/a	n/a	n/a	n/a	n/a	n/a	n/a	n/a	n/a	n/a	n/a	2187.218611	n/a
2187.860762	2.030889	437572	time_discrimination	n/a	n/a	n/a	72.0	n/a	n/a	n/a	2187.218611	n/a	1.7579806657304289	2.0	2	2.0	SB_9_LongA.png	n/a	3	2191.649632	n/a	31	1	1	intervals/timediscrimination_table	30	2187.860762	2189.891651
2187.860762	0.000000	437572	ttl	1	72	n/a	n/a	n/a	n/a	n/a	n/a	n/a	n/a	n/a	n/a	n/a	n/a	n/a	n/a	n/a	n/a	n/a	n/a	n/a	n/a	n/a	2187.860762	n/a
2189.891651	0.000000	437978	ttl	2	72	n/a	n/a	n/a	n/a	n/a	n/a	n/a	n/a	n/a	n/a	n/a	n/a	n/a	n/a	n/a	n/a	n/a	n/a	n/a	n/a	n/a	2189.891651	n/a
2191.649632	0.000000	438330	ttl	4	72	n/a	n/a	n/a	n/a	n/a	n/a	n/a	n/a	n/a	n/a	n/a	n/a	n/a	n/a	n/a	n/a	n/a	n/a	n/a	n/a	n/a	2191.649632	n/a
2191.661355	0.000000	438332	ttl	11	72	n/a	n/a	n/a	n/a	n/a	n/a	n/a	n/a	n/a	n/a	n/a	n/a	n/a	n/a	n/a	n/a	n/a	n/a	n/a	n/a	n/a	2191.661355	n/a
2192.283460	2.030689	438457	time_discrimination	n/a	n/a	n/a	72.0	n/a	n/a	n/a	2191.66135475	n/a	0.051945864368462935	2.0	2	2.0	SB_38_ShortA.png	n/a	6	2194.366095	n/a	32	2	2	intervals/timediscrimination_table	31	2192.283460	2194.314149
2192.283460	0.000000	438457	ttl	1	72	n/a	n/a	n/a	n/a	n/a	n/a	n/a	n/a	n/a	n/a	n/a	n/a	n/a	n/a	n/a	n/a	n/a	n/a	n/a	n/a	n/a	2192.283460	n/a
2194.314149	0.000000	438863	ttl	2	72	n/a	n/a	n/a	n/a	n/a	n/a	n/a	n/a	n/a	n/a	n/a	n/a	n/a	n/a	n/a	n/a	n/a	n/a	n/a	n/a	n/a	2194.314149	n/a
2194.366095	0.000000	438873	ttl	4	72	n/a	n/a	n/a	n/a	n/a	n/a	n/a	n/a	n/a	n/a	n/a	n/a	n/a	n/a	n/a	n/a	n/a	n/a	n/a	n/a	n/a	2194.366095	n/a
2194.385216	0.000000	438877	ttl	11	72	n/a	n/a	n/a	n/a	n/a	n/a	n/a	n/a	n/a	n/a	n/a	n/a	n/a	n/a	n/a	n/a	n/a	n/a	n/a	n/a	n/a	2194.385216	n/a
2195.027354	2.031347	439005	time_discrimination	n/a	n/a	n/a	72.0	n/a	n/a	n/a	2194.38521575	n/a	0.34957748840679415	2.0	1	2.0	NB_13_LongA.png	n/a	3	2197.40827825	n/a	33	1	1	intervals/timediscrimination_table	32	2195.027354	2197.058701
2195.027354	0.000000	439005	ttl	1	72	n/a	n/a	n/a	n/a	n/a	n/a	n/a	n/a	n/a	n/a	n/a	n/a	n/a	n/a	n/a	n/a	n/a	n/a	n/a	n/a	n/a	2195.027354	n/a
2197.058701	0.000000	439412	ttl	2	72	n/a	n/a	n/a	n/a	n/a	n/a	n/a	n/a	n/a	n/a	n/a	n/a	n/a	n/a	n/a	n/a	n/a	n/a	n/a	n/a	n/a	2197.058701	n/a
2197.408278	0.000000	439482	ttl	4	72	n/a	n/a	n/a	n/a	n/a	n/a	n/a	n/a	n/a	n/a	n/a	n/a	n/a	n/a	n/a	n/a	n/a	n/a	n/a	n/a	n/a	2197.408278	n/a
2197.417488	0.000000	439483	ttl	11	72	n/a	n/a	n/a	n/a	n/a	n/a	n/a	n/a	n/a	n/a	n/a	n/a	n/a	n/a	n/a	n/a	n/a	n/a	n/a	n/a	n/a	2197.417488	n/a
2197.999457	2.031321	439600	time_discrimination	n/a	n/a	n/a	72.0	n/a	n/a	n/a	2197.41748775	n/a	2.5235616698191734	2.0	1	2.0	NB_16_ShortA.png	n/a	6	2202.5543395	n/a	34	2	2	intervals/timediscrimination_table	33	2197.999457	2200.030778
2197.999457	0.000000	439600	ttl	1	72	n/a	n/a	n/a	n/a	n/a	n/a	n/a	n/a	n/a	n/a	n/a	n/a	n/a	n/a	n/a	n/a	n/a	n/a	n/a	n/a	n/a	2197.999457	n/a
2200.030778	0.000000	440006	ttl	2	72	n/a	n/a	n/a	n/a	n/a	n/a	n/a	n/a	n/a	n/a	n/a	n/a	n/a	n/a	n/a	n/a	n/a	n/a	n/a	n/a	n/a	2200.030778	n/a
2202.554339	0.000000	440511	ttl	4	72	n/a	n/a	n/a	n/a	n/a	n/a	n/a	n/a	n/a	n/a	n/a	n/a	n/a	n/a	n/a	n/a	n/a	n/a	n/a	n/a	n/a	2202.554339	n/a
2202.570638	0.000000	440514	ttl	11	72	n/a	n/a	n/a	n/a	n/a	n/a	n/a	n/a	n/a	n/a	n/a	n/a	n/a	n/a	n/a	n/a	n/a	n/a	n/a	n/a	n/a	2202.570638	n/a
2203.192547	2.031494	440639	time_discrimination	n/a	n/a	n/a	72.0	n/a	n/a	n/a	2202.57063825	n/a	0.20170074825000484	2.0	1	2.0	NB_10_ShortA.png	n/a	3	2205.42574175	n/a	35	1	1	intervals/timediscrimination_table	34	2203.192547	2205.224041
2203.192547	0.000000	440639	ttl	1	72	n/a	n/a	n/a	n/a	n/a	n/a	n/a	n/a	n/a	n/a	n/a	n/a	n/a	n/a	n/a	n/a	n/a	n/a	n/a	n/a	n/a	2203.192547	n/a
2205.224041	0.000000	441045	ttl	2	72	n/a	n/a	n/a	n/a	n/a	n/a	n/a	n/a	n/a	n/a	n/a	n/a	n/a	n/a	n/a	n/a	n/a	n/a	n/a	n/a	n/a	2205.224041	n/a
2205.425742	0.000000	441085	ttl	4	72	n/a	n/a	n/a	n/a	n/a	n/a	n/a	n/a	n/a	n/a	n/a	n/a	n/a	n/a	n/a	n/a	n/a	n/a	n/a	n/a	n/a	2205.425742	n/a
2205.448124	0.000000	441090	ttl	11	72	n/a	n/a	n/a	n/a	n/a	n/a	n/a	n/a	n/a	n/a	n/a	n/a	n/a	n/a	n/a	n/a	n/a	n/a	n/a	n/a	n/a	2205.448124	n/a
2206.029922	2.031407	441206	time_discrimination	n/a	n/a	n/a	72.0	n/a	n/a	n/a	2205.44812375	n/a	2.114591845922405	1.0	3	2.0	HB_60_ShortA.png	n/a	6	2210.175921	n/a	36	2	1	intervals/timediscrimination_table	35	2206.029922	2208.061329
2206.029922	0.000000	441206	ttl	1	72	n/a	n/a	n/a	n/a	n/a	n/a	n/a	n/a	n/a	n/a	n/a	n/a	n/a	n/a	n/a	n/a	n/a	n/a	n/a	n/a	n/a	2206.029922	n/a
2208.061329	0.000000	441612	ttl	2	72	n/a	n/a	n/a	n/a	n/a	n/a	n/a	n/a	n/a	n/a	n/a	n/a	n/a	n/a	n/a	n/a	n/a	n/a	n/a	n/a	n/a	2208.061329	n/a
2210.175921	0.000000	442035	ttl	4	72	n/a	n/a	n/a	n/a	n/a	n/a	n/a	n/a	n/a	n/a	n/a	n/a	n/a	n/a	n/a	n/a	n/a	n/a	n/a	n/a	n/a	2210.175921	n/a
2210.200667	0.000000	442040	ttl	11	72	n/a	n/a	n/a	n/a	n/a	n/a	n/a	n/a	n/a	n/a	n/a	n/a	n/a	n/a	n/a	n/a	n/a	n/a	n/a	n/a	n/a	2210.200667	n/a
2210.802689	2.031481	442161	time_discrimination	n/a	n/a	n/a	72.0	n/a	n/a	n/a	2210.2006672499997	n/a	3.7052579862211132	1.0	3	2.0	HB_12_LongA.png	n/a	3	2216.539428	n/a	37	1	2	intervals/timediscrimination_table	36	2210.802689	2212.834170
2210.802689	0.000000	442161	ttl	1	72	n/a	n/a	n/a	n/a	n/a	n/a	n/a	n/a	n/a	n/a	n/a	n/a	n/a	n/a	n/a	n/a	n/a	n/a	n/a	n/a	n/a	2210.802689	n/a
2212.834170	0.000000	442567	ttl	2	72	n/a	n/a	n/a	n/a	n/a	n/a	n/a	n/a	n/a	n/a	n/a	n/a	n/a	n/a	n/a	n/a	n/a	n/a	n/a	n/a	n/a	2212.834170	n/a
2216.539428	0.000000	443308	ttl	4	72	n/a	n/a	n/a	n/a	n/a	n/a	n/a	n/a	n/a	n/a	n/a	n/a	n/a	n/a	n/a	n/a	n/a	n/a	n/a	n/a	n/a	2216.539428	n/a
2216.547683	0.000000	443310	ttl	11	72	n/a	n/a	n/a	n/a	n/a	n/a	n/a	n/a	n/a	n/a	n/a	n/a	n/a	n/a	n/a	n/a	n/a	n/a	n/a	n/a	n/a	2216.547683	n/a
2217.129623	2.031492	443426	time_discrimination	n/a	n/a	n/a	72.0	n/a	n/a	n/a	2216.5476825	n/a	1.7885992547235219	2.0	2	2.0	SB_60_LongA.png	n/a	3	2220.94971425	n/a	38	1	1	intervals/timediscrimination_table	37	2217.129623	2219.161115
2217.129623	0.000000	443426	ttl	1	72	n/a	n/a	n/a	n/a	n/a	n/a	n/a	n/a	n/a	n/a	n/a	n/a	n/a	n/a	n/a	n/a	n/a	n/a	n/a	n/a	n/a	2217.129623	n/a
2219.161115	0.000000	443832	ttl	2	72	n/a	n/a	n/a	n/a	n/a	n/a	n/a	n/a	n/a	n/a	n/a	n/a	n/a	n/a	n/a	n/a	n/a	n/a	n/a	n/a	n/a	2219.161115	n/a
2220.949714	0.000000	444190	ttl	4	72	n/a	n/a	n/a	n/a	n/a	n/a	n/a	n/a	n/a	n/a	n/a	n/a	n/a	n/a	n/a	n/a	n/a	n/a	n/a	n/a	n/a	2220.949714	n/a
2220.961610	0.000000	444192	ttl	11	72	n/a	n/a	n/a	n/a	n/a	n/a	n/a	n/a	n/a	n/a	n/a	n/a	n/a	n/a	n/a	n/a	n/a	n/a	n/a	n/a	n/a	2220.961610	n/a
2221.603634	2.030826	444321	time_discrimination	n/a	n/a	n/a	72.0	n/a	n/a	n/a	2220.9616097499998	n/a	2.884059277799679	2.0	1	2.0	NB_4_LongA.png	n/a	3	2226.5185195	n/a	39	1	1	intervals/timediscrimination_table	38	2221.603634	2223.634460
2221.603634	0.000000	444321	ttl	1	72	n/a	n/a	n/a	n/a	n/a	n/a	n/a	n/a	n/a	n/a	n/a	n/a	n/a	n/a	n/a	n/a	n/a	n/a	n/a	n/a	n/a	2221.603634	n/a
2223.634460	0.000000	444727	ttl	2	72	n/a	n/a	n/a	n/a	n/a	n/a	n/a	n/a	n/a	n/a	n/a	n/a	n/a	n/a	n/a	n/a	n/a	n/a	n/a	n/a	n/a	2223.634460	n/a
2226.518519	0.000000	445304	ttl	4	72	n/a	n/a	n/a	n/a	n/a	n/a	n/a	n/a	n/a	n/a	n/a	n/a	n/a	n/a	n/a	n/a	n/a	n/a	n/a	n/a	n/a	2226.518519	n/a
2226.534322	0.000000	445307	ttl	11	72	n/a	n/a	n/a	n/a	n/a	n/a	n/a	n/a	n/a	n/a	n/a	n/a	n/a	n/a	n/a	n/a	n/a	n/a	n/a	n/a	n/a	2226.534322	n/a
2227.156773	2.030536	445431	time_discrimination	n/a	n/a	n/a	72.0	n/a	n/a	n/a	2226.5343224999997	n/a	1.5471500671555987	2.0	1	1.0	NB_7_ShortA.png	n/a	4	2230.73445825	n/a	40	1	1	intervals/timediscrimination_table	39	2227.156773	2229.187308
2227.156773	0.000000	445431	ttl	1	72	n/a	n/a	n/a	n/a	n/a	n/a	n/a	n/a	n/a	n/a	n/a	n/a	n/a	n/a	n/a	n/a	n/a	n/a	n/a	n/a	n/a	2227.156773	n/a
2229.187308	0.000000	445837	ttl	2	72	n/a	n/a	n/a	n/a	n/a	n/a	n/a	n/a	n/a	n/a	n/a	n/a	n/a	n/a	n/a	n/a	n/a	n/a	n/a	n/a	n/a	2229.187308	n/a
2230.734458	0.000000	446147	ttl	4	72	n/a	n/a	n/a	n/a	n/a	n/a	n/a	n/a	n/a	n/a	n/a	n/a	n/a	n/a	n/a	n/a	n/a	n/a	n/a	n/a	n/a	2230.734458	n/a
2230.756328	0.000000	446151	ttl	11	72	n/a	n/a	n/a	n/a	n/a	n/a	n/a	n/a	n/a	n/a	n/a	n/a	n/a	n/a	n/a	n/a	n/a	n/a	n/a	n/a	n/a	2230.756328	n/a
2231.378255	2.031495	446276	time_discrimination	n/a	n/a	n/a	72.0	n/a	n/a	n/a	2230.75632775	n/a	1.7386514339013956	2.0	2	2.0	SB_7_LongA.png	n/a	6	2235.148402	n/a	41	2	2	intervals/timediscrimination_table	40	2231.378255	2233.409750
2231.378255	0.000000	446276	ttl	1	72	n/a	n/a	n/a	n/a	n/a	n/a	n/a	n/a	n/a	n/a	n/a	n/a	n/a	n/a	n/a	n/a	n/a	n/a	n/a	n/a	n/a	2231.378255	n/a
2233.409750	0.000000	446682	ttl	2	72	n/a	n/a	n/a	n/a	n/a	n/a	n/a	n/a	n/a	n/a	n/a	n/a	n/a	n/a	n/a	n/a	n/a	n/a	n/a	n/a	n/a	2233.409750	n/a
2235.148402	0.000000	447030	ttl	4	72	n/a	n/a	n/a	n/a	n/a	n/a	n/a	n/a	n/a	n/a	n/a	n/a	n/a	n/a	n/a	n/a	n/a	n/a	n/a	n/a	n/a	2235.148402	n/a
2235.162282	0.000000	447032	ttl	11	72	n/a	n/a	n/a	n/a	n/a	n/a	n/a	n/a	n/a	n/a	n/a	n/a	n/a	n/a	n/a	n/a	n/a	n/a	n/a	n/a	n/a	2235.162282	n/a
2235.784347	2.031358	447157	time_discrimination	n/a	n/a	n/a	72.0	n/a	n/a	n/a	2235.1622825	n/a	1.1763012478477322	2.0	3	2.0	HB_47_LongA.png	n/a	3	2238.99200725	n/a	42	1	1	intervals/timediscrimination_table	41	2235.784347	2237.815706
2235.784347	0.000000	447157	ttl	1	72	n/a	n/a	n/a	n/a	n/a	n/a	n/a	n/a	n/a	n/a	n/a	n/a	n/a	n/a	n/a	n/a	n/a	n/a	n/a	n/a	n/a	2235.784347	n/a
2237.815706	0.000000	447563	ttl	2	72	n/a	n/a	n/a	n/a	n/a	n/a	n/a	n/a	n/a	n/a	n/a	n/a	n/a	n/a	n/a	n/a	n/a	n/a	n/a	n/a	n/a	2237.815706	n/a
2238.992007	0.000000	447798	ttl	4	72	n/a	n/a	n/a	n/a	n/a	n/a	n/a	n/a	n/a	n/a	n/a	n/a	n/a	n/a	n/a	n/a	n/a	n/a	n/a	n/a	n/a	2238.992007	n/a
2239.012264	0.000000	447802	ttl	11	72	n/a	n/a	n/a	n/a	n/a	n/a	n/a	n/a	n/a	n/a	n/a	n/a	n/a	n/a	n/a	n/a	n/a	n/a	n/a	n/a	n/a	2239.012264	n/a
2239.594240	2.031258	447919	time_discrimination	n/a	n/a	n/a	72.0	n/a	n/a	n/a	2239.012264	n/a	0.6633890840312233	2.0	2	2.0	SB_24_LongA.png	n/a	6	2242.28888725	n/a	43	2	2	intervals/timediscrimination_table	42	2239.594240	2241.625498
2239.594240	0.000000	447919	ttl	1	72	n/a	n/a	n/a	n/a	n/a	n/a	n/a	n/a	n/a	n/a	n/a	n/a	n/a	n/a	n/a	n/a	n/a	n/a	n/a	n/a	n/a	2239.594240	n/a
2241.625498	0.000000	448325	ttl	2	72	n/a	n/a	n/a	n/a	n/a	n/a	n/a	n/a	n/a	n/a	n/a	n/a	n/a	n/a	n/a	n/a	n/a	n/a	n/a	n/a	n/a	2241.625498	n/a
2242.288887	0.000000	448458	ttl	4	72	n/a	n/a	n/a	n/a	n/a	n/a	n/a	n/a	n/a	n/a	n/a	n/a	n/a	n/a	n/a	n/a	n/a	n/a	n/a	n/a	n/a	2242.288887	n/a
2242.302567	0.000000	448461	ttl	11	72	n/a	n/a	n/a	n/a	n/a	n/a	n/a	n/a	n/a	n/a	n/a	n/a	n/a	n/a	n/a	n/a	n/a	n/a	n/a	n/a	n/a	2242.302567	n/a
2242.944909	2.031480	448589	time_discrimination	n/a	n/a	n/a	72.0	n/a	n/a	n/a	2242.30256675	n/a	0.7433106416719966	2.0	2	2.0	SB_22_LongA.png	n/a	3	2245.7196995	n/a	44	1	1	intervals/timediscrimination_table	43	2242.944909	2244.976389
2242.944909	0.000000	448589	ttl	1	72	n/a	n/a	n/a	n/a	n/a	n/a	n/a	n/a	n/a	n/a	n/a	n/a	n/a	n/a	n/a	n/a	n/a	n/a	n/a	n/a	n/a	2242.944909	n/a
2244.976389	0.000000	448995	ttl	2	72	n/a	n/a	n/a	n/a	n/a	n/a	n/a	n/a	n/a	n/a	n/a	n/a	n/a	n/a	n/a	n/a	n/a	n/a	n/a	n/a	n/a	2244.976389	n/a
2245.719699	0.000000	449144	ttl	4	72	n/a	n/a	n/a	n/a	n/a	n/a	n/a	n/a	n/a	n/a	n/a	n/a	n/a	n/a	n/a	n/a	n/a	n/a	n/a	n/a	n/a	2245.719699	n/a
2245.729685	0.000000	449146	ttl	11	72	n/a	n/a	n/a	n/a	n/a	n/a	n/a	n/a	n/a	n/a	n/a	n/a	n/a	n/a	n/a	n/a	n/a	n/a	n/a	n/a	n/a	2245.729685	n/a
2246.351923	2.030601	449270	time_discrimination	n/a	n/a	n/a	72.0	n/a	n/a	n/a	2245.7296845	n/a	1.3214767202734947	2.0	3	1.0	HB_28_LongA.png	n/a	4	2249.70400025	n/a	45	1	1	intervals/timediscrimination_table	44	2246.351923	2248.382524
2246.351923	0.000000	449270	ttl	1	72	n/a	n/a	n/a	n/a	n/a	n/a	n/a	n/a	n/a	n/a	n/a	n/a	n/a	n/a	n/a	n/a	n/a	n/a	n/a	n/a	n/a	2246.351923	n/a
2248.382524	0.000000	449677	ttl	2	72	n/a	n/a	n/a	n/a	n/a	n/a	n/a	n/a	n/a	n/a	n/a	n/a	n/a	n/a	n/a	n/a	n/a	n/a	n/a	n/a	n/a	2248.382524	n/a
2249.704000	0.000000	449941	ttl	4	72	n/a	n/a	n/a	n/a	n/a	n/a	n/a	n/a	n/a	n/a	n/a	n/a	n/a	n/a	n/a	n/a	n/a	n/a	n/a	n/a	n/a	2249.704000	n/a
2249.725056	0.000000	449945	ttl	11	72	n/a	n/a	n/a	n/a	n/a	n/a	n/a	n/a	n/a	n/a	n/a	n/a	n/a	n/a	n/a	n/a	n/a	n/a	n/a	n/a	n/a	2249.725056	n/a
2250.387137	2.031472	450077	time_discrimination	n/a	n/a	n/a	72.0	n/a	n/a	n/a	2249.7250565	n/a	2.5633263647468993	2.0	1	2.0	NB_1_ShortA.png	n/a	6	2254.9819362499998	n/a	46	2	2	intervals/timediscrimination_table	45	2250.387137	2252.418610
2250.387137	0.000000	450077	ttl	1	72	n/a	n/a	n/a	n/a	n/a	n/a	n/a	n/a	n/a	n/a	n/a	n/a	n/a	n/a	n/a	n/a	n/a	n/a	n/a	n/a	n/a	2250.387137	n/a
2252.418610	0.000000	450484	ttl	2	72	n/a	n/a	n/a	n/a	n/a	n/a	n/a	n/a	n/a	n/a	n/a	n/a	n/a	n/a	n/a	n/a	n/a	n/a	n/a	n/a	n/a	2252.418610	n/a
2254.981936	0.000000	450996	ttl	4	72	n/a	n/a	n/a	n/a	n/a	n/a	n/a	n/a	n/a	n/a	n/a	n/a	n/a	n/a	n/a	n/a	n/a	n/a	n/a	n/a	n/a	2254.981936	n/a
2255.002426	0.000000	451000	ttl	11	72	n/a	n/a	n/a	n/a	n/a	n/a	n/a	n/a	n/a	n/a	n/a	n/a	n/a	n/a	n/a	n/a	n/a	n/a	n/a	n/a	n/a	2255.002426	n/a
2255.604313	2.030900	451121	time_discrimination	n/a	n/a	n/a	72.0	n/a	n/a	n/a	2255.002426	n/a	1.0101849403145025	2.0	2	2.0	SB_51_ShortA.png	n/a	3	2258.64539775	n/a	47	1	1	intervals/timediscrimination_table	46	2255.604313	2257.635213
2255.604313	0.000000	451121	ttl	1	72	n/a	n/a	n/a	n/a	n/a	n/a	n/a	n/a	n/a	n/a	n/a	n/a	n/a	n/a	n/a	n/a	n/a	n/a	n/a	n/a	n/a	2255.604313	n/a
2257.635213	0.000000	451527	ttl	2	72	n/a	n/a	n/a	n/a	n/a	n/a	n/a	n/a	n/a	n/a	n/a	n/a	n/a	n/a	n/a	n/a	n/a	n/a	n/a	n/a	n/a	2257.635213	n/a
2258.645398	0.000000	451729	ttl	4	72	n/a	n/a	n/a	n/a	n/a	n/a	n/a	n/a	n/a	n/a	n/a	n/a	n/a	n/a	n/a	n/a	n/a	n/a	n/a	n/a	n/a	2258.645398	n/a
2258.658519	0.000000	451732	ttl	11	72	n/a	n/a	n/a	n/a	n/a	n/a	n/a	n/a	n/a	n/a	n/a	n/a	n/a	n/a	n/a	n/a	n/a	n/a	n/a	n/a	n/a	2258.658519	n/a
2259.220267	2.031471	451844	time_discrimination	n/a	n/a	n/a	72.0	n/a	n/a	n/a	2258.6585192499997	n/a	0.06408670777454972	2.0	1	2.0	NB_10_LongA.png	n/a	6	2261.31582475	n/a	48	2	2	intervals/timediscrimination_table	47	2259.220267	2261.251738
2259.220267	0.000000	451844	ttl	1	72	n/a	n/a	n/a	n/a	n/a	n/a	n/a	n/a	n/a	n/a	n/a	n/a	n/a	n/a	n/a	n/a	n/a	n/a	n/a	n/a	n/a	2259.220267	n/a
2261.251738	0.000000	452250	ttl	2	72	n/a	n/a	n/a	n/a	n/a	n/a	n/a	n/a	n/a	n/a	n/a	n/a	n/a	n/a	n/a	n/a	n/a	n/a	n/a	n/a	n/a	2261.251738	n/a
2261.315825	0.000000	452263	ttl	4	72	n/a	n/a	n/a	n/a	n/a	n/a	n/a	n/a	n/a	n/a	n/a	n/a	n/a	n/a	n/a	n/a	n/a	n/a	n/a	n/a	n/a	2261.315825	n/a
2261.336243	0.000000	452267	ttl	11	72	n/a	n/a	n/a	n/a	n/a	n/a	n/a	n/a	n/a	n/a	n/a	n/a	n/a	n/a	n/a	n/a	n/a	n/a	n/a	n/a	n/a	2261.336243	n/a
2261.978378	2.030755	452396	time_discrimination	n/a	n/a	n/a	72.0	n/a	n/a	n/a	2261.33624325	n/a	3.4049378893105313	1.0	3	2.0	HB_6_ShortA.png	n/a	6	2267.41407125	n/a	49	2	1	intervals/timediscrimination_table	48	2261.978378	2264.009133
2261.978378	0.000000	452396	ttl	1	72	n/a	n/a	n/a	n/a	n/a	n/a	n/a	n/a	n/a	n/a	n/a	n/a	n/a	n/a	n/a	n/a	n/a	n/a	n/a	n/a	n/a	2261.978378	n/a
2264.009133	0.000000	452802	ttl	2	72	n/a	n/a	n/a	n/a	n/a	n/a	n/a	n/a	n/a	n/a	n/a	n/a	n/a	n/a	n/a	n/a	n/a	n/a	n/a	n/a	n/a	2264.009133	n/a
2267.414071	0.000000	453483	ttl	4	72	n/a	n/a	n/a	n/a	n/a	n/a	n/a	n/a	n/a	n/a	n/a	n/a	n/a	n/a	n/a	n/a	n/a	n/a	n/a	n/a	n/a	2267.414071	n/a
2267.437936	0.000000	453488	ttl	11	72	n/a	n/a	n/a	n/a	n/a	n/a	n/a	n/a	n/a	n/a	n/a	n/a	n/a	n/a	n/a	n/a	n/a	n/a	n/a	n/a	n/a	2267.437936	n/a
2268.059866	2.030884	453612	time_discrimination	n/a	n/a	n/a	72.0	n/a	n/a	n/a	2267.43793625	n/a	0.9674514058424393	2.0	2	1.0	SB_17_ShortA.png	n/a	5	2271.0582019999997	n/a	50	2	2	intervals/timediscrimination_table	49	2268.059866	2270.090751
2268.059866	0.000000	453612	ttl	1	72	n/a	n/a	n/a	n/a	n/a	n/a	n/a	n/a	n/a	n/a	n/a	n/a	n/a	n/a	n/a	n/a	n/a	n/a	n/a	n/a	n/a	2268.059866	n/a
2270.090751	0.000000	454018	ttl	2	72	n/a	n/a	n/a	n/a	n/a	n/a	n/a	n/a	n/a	n/a	n/a	n/a	n/a	n/a	n/a	n/a	n/a	n/a	n/a	n/a	n/a	2270.090751	n/a
2271.058202	0.000000	454212	ttl	4	72	n/a	n/a	n/a	n/a	n/a	n/a	n/a	n/a	n/a	n/a	n/a	n/a	n/a	n/a	n/a	n/a	n/a	n/a	n/a	n/a	n/a	2271.058202	n/a
2271.074857	0.000000	454215	ttl	11	72	n/a	n/a	n/a	n/a	n/a	n/a	n/a	n/a	n/a	n/a	n/a	n/a	n/a	n/a	n/a	n/a	n/a	n/a	n/a	n/a	n/a	2271.074857	n/a
2271.677021	2.031171	454335	time_discrimination	n/a	n/a	n/a	72.0	n/a	n/a	n/a	2271.074857	n/a	2.0467143415589817	2.0	2	2.0	SB_3_ShortA.png	n/a	3	2275.7549062499997	n/a	51	1	1	intervals/timediscrimination_table	50	2271.677021	2273.708192
2271.677021	0.000000	454335	ttl	1	72	n/a	n/a	n/a	n/a	n/a	n/a	n/a	n/a	n/a	n/a	n/a	n/a	n/a	n/a	n/a	n/a	n/a	n/a	n/a	n/a	n/a	2271.677021	n/a
2273.708192	0.000000	454742	ttl	2	72	n/a	n/a	n/a	n/a	n/a	n/a	n/a	n/a	n/a	n/a	n/a	n/a	n/a	n/a	n/a	n/a	n/a	n/a	n/a	n/a	n/a	2273.708192	n/a
2275.754906	0.000000	455151	ttl	4	72	n/a	n/a	n/a	n/a	n/a	n/a	n/a	n/a	n/a	n/a	n/a	n/a	n/a	n/a	n/a	n/a	n/a	n/a	n/a	n/a	n/a	2275.754906	n/a
2275.777175	0.000000	455155	ttl	11	72	n/a	n/a	n/a	n/a	n/a	n/a	n/a	n/a	n/a	n/a	n/a	n/a	n/a	n/a	n/a	n/a	n/a	n/a	n/a	n/a	n/a	2275.777175	n/a
2276.419343	2.030728	455284	time_discrimination	n/a	n/a	n/a	72.0	n/a	n/a	n/a	2275.77717525	n/a	1.3267032283183653	2.0	2	2.0	SB_35_shortA.png	n/a	3	2279.77677375	n/a	52	1	1	intervals/timediscrimination_table	51	2276.419343	2278.450071
2276.419343	0.000000	455284	ttl	1	72	n/a	n/a	n/a	n/a	n/a	n/a	n/a	n/a	n/a	n/a	n/a	n/a	n/a	n/a	n/a	n/a	n/a	n/a	n/a	n/a	n/a	2276.419343	n/a
2278.450071	0.000000	455690	ttl	2	72	n/a	n/a	n/a	n/a	n/a	n/a	n/a	n/a	n/a	n/a	n/a	n/a	n/a	n/a	n/a	n/a	n/a	n/a	n/a	n/a	n/a	2278.450071	n/a
2279.776774	0.000000	455955	ttl	4	72	n/a	n/a	n/a	n/a	n/a	n/a	n/a	n/a	n/a	n/a	n/a	n/a	n/a	n/a	n/a	n/a	n/a	n/a	n/a	n/a	n/a	2279.776774	n/a
2279.786300	0.000000	455957	ttl	11	72	n/a	n/a	n/a	n/a	n/a	n/a	n/a	n/a	n/a	n/a	n/a	n/a	n/a	n/a	n/a	n/a	n/a	n/a	n/a	n/a	n/a	2279.786300	n/a
2280.388170	2.030798	456078	time_discrimination	n/a	n/a	n/a	72.0	n/a	n/a	n/a	2279.7862995	n/a	2.232783734842087	2.0	1	2.0	NB_28_LongA.png	n/a	6	2284.6517515	n/a	53	2	2	intervals/timediscrimination_table	52	2280.388170	2282.418968
2280.388170	0.000000	456078	ttl	1	72	n/a	n/a	n/a	n/a	n/a	n/a	n/a	n/a	n/a	n/a	n/a	n/a	n/a	n/a	n/a	n/a	n/a	n/a	n/a	n/a	n/a	2280.388170	n/a
2282.418968	0.000000	456484	ttl	2	72	n/a	n/a	n/a	n/a	n/a	n/a	n/a	n/a	n/a	n/a	n/a	n/a	n/a	n/a	n/a	n/a	n/a	n/a	n/a	n/a	n/a	2282.418968	n/a
2284.651752	0.000000	456930	ttl	4	72	n/a	n/a	n/a	n/a	n/a	n/a	n/a	n/a	n/a	n/a	n/a	n/a	n/a	n/a	n/a	n/a	n/a	n/a	n/a	n/a	n/a	2284.651752	n/a
2284.669316	0.000000	456934	ttl	11	72	n/a	n/a	n/a	n/a	n/a	n/a	n/a	n/a	n/a	n/a	n/a	n/a	n/a	n/a	n/a	n/a	n/a	n/a	n/a	n/a	n/a	2284.669316	n/a
2285.251167	2.031572	457050	time_discrimination	n/a	n/a	n/a	72.0	n/a	n/a	n/a	2284.6693164999997	n/a	0.7711369031458162	2.0	1	2.0	NB_28_ShortA.png	n/a	6	2288.05387575	n/a	54	2	2	intervals/timediscrimination_table	53	2285.251167	2287.282739
2285.251167	0.000000	457050	ttl	1	72	n/a	n/a	n/a	n/a	n/a	n/a	n/a	n/a	n/a	n/a	n/a	n/a	n/a	n/a	n/a	n/a	n/a	n/a	n/a	n/a	n/a	2285.251167	n/a
2287.282739	0.000000	457457	ttl	2	72	n/a	n/a	n/a	n/a	n/a	n/a	n/a	n/a	n/a	n/a	n/a	n/a	n/a	n/a	n/a	n/a	n/a	n/a	n/a	n/a	n/a	2287.282739	n/a
2288.053876	0.000000	457611	ttl	4	72	n/a	n/a	n/a	n/a	n/a	n/a	n/a	n/a	n/a	n/a	n/a	n/a	n/a	n/a	n/a	n/a	n/a	n/a	n/a	n/a	n/a	2288.053876	n/a
2288.070684	0.000000	457614	ttl	11	72	n/a	n/a	n/a	n/a	n/a	n/a	n/a	n/a	n/a	n/a	n/a	n/a	n/a	n/a	n/a	n/a	n/a	n/a	n/a	n/a	n/a	2288.070684	n/a
2288.712633	2.030885	457743	time_discrimination	n/a	n/a	n/a	72.0	n/a	n/a	n/a	2288.0706845	n/a	0.17579802454565652	2.0	1	2.0	NB_17_ShortA.png	n/a	6	2290.91931625	n/a	55	2	2	intervals/timediscrimination_table	54	2288.712633	2290.743518
2288.712633	0.000000	457743	ttl	1	72	n/a	n/a	n/a	n/a	n/a	n/a	n/a	n/a	n/a	n/a	n/a	n/a	n/a	n/a	n/a	n/a	n/a	n/a	n/a	n/a	n/a	2288.712633	n/a
2290.743518	0.000000	458149	ttl	2	72	n/a	n/a	n/a	n/a	n/a	n/a	n/a	n/a	n/a	n/a	n/a	n/a	n/a	n/a	n/a	n/a	n/a	n/a	n/a	n/a	n/a	2290.743518	n/a
2290.919316	0.000000	458184	ttl	4	72	n/a	n/a	n/a	n/a	n/a	n/a	n/a	n/a	n/a	n/a	n/a	n/a	n/a	n/a	n/a	n/a	n/a	n/a	n/a	n/a	n/a	2290.919316	n/a
2290.943814	0.000000	458189	ttl	11	72	n/a	n/a	n/a	n/a	n/a	n/a	n/a	n/a	n/a	n/a	n/a	n/a	n/a	n/a	n/a	n/a	n/a	n/a	n/a	n/a	n/a	2290.943814	n/a
2291.525763	2.030703	458305	time_discrimination	n/a	n/a	n/a	72.0	n/a	n/a	n/a	2290.9438139999997	n/a	4.018825962484698	2.0	3	1.0	HB_40_LongA.png	n/a	5	2297.575292	n/a	56	2	2	intervals/timediscrimination_table	55	2291.525763	2293.556466
2291.525763	0.000000	458305	ttl	1	72	n/a	n/a	n/a	n/a	n/a	n/a	n/a	n/a	n/a	n/a	n/a	n/a	n/a	n/a	n/a	n/a	n/a	n/a	n/a	n/a	n/a	2291.525763	n/a
2293.556466	0.000000	458711	ttl	2	72	n/a	n/a	n/a	n/a	n/a	n/a	n/a	n/a	n/a	n/a	n/a	n/a	n/a	n/a	n/a	n/a	n/a	n/a	n/a	n/a	n/a	2293.556466	n/a
2297.575292	0.000000	459515	ttl	4	72	n/a	n/a	n/a	n/a	n/a	n/a	n/a	n/a	n/a	n/a	n/a	n/a	n/a	n/a	n/a	n/a	n/a	n/a	n/a	n/a	n/a	2297.575292	n/a
2297.584051	0.000000	459517	ttl	11	72	n/a	n/a	n/a	n/a	n/a	n/a	n/a	n/a	n/a	n/a	n/a	n/a	n/a	n/a	n/a	n/a	n/a	n/a	n/a	n/a	n/a	2297.584051	n/a
2298.186196	2.031486	459637	time_discrimination	n/a	n/a	n/a	72.0	n/a	n/a	n/a	2297.584051	n/a	0.8119867882778635	2.0	2	2.0	SB_20_LongA.png	n/a	6	2301.0296682499998	n/a	57	2	2	intervals/timediscrimination_table	56	2298.186196	2300.217681
2298.186196	0.000000	459637	ttl	1	72	n/a	n/a	n/a	n/a	n/a	n/a	n/a	n/a	n/a	n/a	n/a	n/a	n/a	n/a	n/a	n/a	n/a	n/a	n/a	n/a	n/a	2298.186196	n/a
2300.217681	0.000000	460044	ttl	2	72	n/a	n/a	n/a	n/a	n/a	n/a	n/a	n/a	n/a	n/a	n/a	n/a	n/a	n/a	n/a	n/a	n/a	n/a	n/a	n/a	n/a	2300.217681	n/a
2301.029668	0.000000	460206	ttl	4	72	n/a	n/a	n/a	n/a	n/a	n/a	n/a	n/a	n/a	n/a	n/a	n/a	n/a	n/a	n/a	n/a	n/a	n/a	n/a	n/a	n/a	2301.029668	n/a
2301.053298	0.000000	460211	ttl	11	72	n/a	n/a	n/a	n/a	n/a	n/a	n/a	n/a	n/a	n/a	n/a	n/a	n/a	n/a	n/a	n/a	n/a	n/a	n/a	n/a	n/a	2301.053298	n/a
2301.715521	2.031302	460343	time_discrimination	n/a	n/a	n/a	72.0	n/a	n/a	n/a	2301.0532985	n/a	2.6323658837063704	2.0	1	2.0	NB_14_ShortA.png	n/a	3	2306.3791889999998	n/a	58	1	1	intervals/timediscrimination_table	57	2301.715521	2303.746823
2301.715521	0.000000	460343	ttl	1	72	n/a	n/a	n/a	n/a	n/a	n/a	n/a	n/a	n/a	n/a	n/a	n/a	n/a	n/a	n/a	n/a	n/a	n/a	n/a	n/a	n/a	2301.715521	n/a
2303.746823	0.000000	460749	ttl	2	72	n/a	n/a	n/a	n/a	n/a	n/a	n/a	n/a	n/a	n/a	n/a	n/a	n/a	n/a	n/a	n/a	n/a	n/a	n/a	n/a	n/a	2303.746823	n/a
2306.379189	0.000000	461276	ttl	4	72	n/a	n/a	n/a	n/a	n/a	n/a	n/a	n/a	n/a	n/a	n/a	n/a	n/a	n/a	n/a	n/a	n/a	n/a	n/a	n/a	n/a	2306.379189	n/a
2306.395581	0.000000	461279	ttl	11	72	n/a	n/a	n/a	n/a	n/a	n/a	n/a	n/a	n/a	n/a	n/a	n/a	n/a	n/a	n/a	n/a	n/a	n/a	n/a	n/a	n/a	2306.395581	n/a
2306.997476	2.031487	461399	time_discrimination	n/a	n/a	n/a	72.0	n/a	n/a	n/a	2306.3955805	n/a	1.7789026106329402	2.0	1	3.0	NB_21_ShortA.png	n/a	2	2310.807866	n/a	59	1	1	intervals/timediscrimination_table	58	2306.997476	2309.028963
2306.997476	0.000000	461399	ttl	1	72	n/a	n/a	n/a	n/a	n/a	n/a	n/a	n/a	n/a	n/a	n/a	n/a	n/a	n/a	n/a	n/a	n/a	n/a	n/a	n/a	n/a	2306.997476	n/a
2309.028963	0.000000	461806	ttl	2	72	n/a	n/a	n/a	n/a	n/a	n/a	n/a	n/a	n/a	n/a	n/a	n/a	n/a	n/a	n/a	n/a	n/a	n/a	n/a	n/a	n/a	2309.028963	n/a
2310.807866	0.000000	462162	ttl	4	72	n/a	n/a	n/a	n/a	n/a	n/a	n/a	n/a	n/a	n/a	n/a	n/a	n/a	n/a	n/a	n/a	n/a	n/a	n/a	n/a	n/a	2310.807866	n/a
2310.831501	0.000000	462166	ttl	11	72	n/a	n/a	n/a	n/a	n/a	n/a	n/a	n/a	n/a	n/a	n/a	n/a	n/a	n/a	n/a	n/a	n/a	n/a	n/a	n/a	n/a	2310.831501	n/a
2311.494010	2.030955	462299	time_discrimination	n/a	n/a	n/a	72.0	n/a	n/a	n/a	2310.831501	n/a	1.7976114187040366	2.0	2	2.0	SB_11_LongA.png	n/a	6	2315.32257625	n/a	60	2	2	intervals/timediscrimination_table	59	2311.494010	2313.524965
2311.494010	0.000000	462299	ttl	1	72	n/a	n/a	n/a	n/a	n/a	n/a	n/a	n/a	n/a	n/a	n/a	n/a	n/a	n/a	n/a	n/a	n/a	n/a	n/a	n/a	n/a	2311.494010	n/a
2313.524965	0.000000	462705	ttl	2	72	n/a	n/a	n/a	n/a	n/a	n/a	n/a	n/a	n/a	n/a	n/a	n/a	n/a	n/a	n/a	n/a	n/a	n/a	n/a	n/a	n/a	2313.524965	n/a
2315.322576	0.000000	463065	ttl	4	72	n/a	n/a	n/a	n/a	n/a	n/a	n/a	n/a	n/a	n/a	n/a	n/a	n/a	n/a	n/a	n/a	n/a	n/a	n/a	n/a	n/a	2315.322576	n/a
2315.344079	0.000000	463069	ttl	11	72	n/a	n/a	n/a	n/a	n/a	n/a	n/a	n/a	n/a	n/a	n/a	n/a	n/a	n/a	n/a	n/a	n/a	n/a	n/a	n/a	n/a	2315.344079	n/a
2315.946305	2.031314	463189	time_discrimination	n/a	n/a	n/a	72.0	n/a	n/a	n/a	2315.34407875	n/a	1.265383854333777	1.0	3	2.0	HB_49_ShortA.png	n/a	3	2319.24300225	n/a	61	1	2	intervals/timediscrimination_table	60	2315.946305	2317.977619
2315.946305	0.000000	463189	ttl	1	72	n/a	n/a	n/a	n/a	n/a	n/a	n/a	n/a	n/a	n/a	n/a	n/a	n/a	n/a	n/a	n/a	n/a	n/a	n/a	n/a	n/a	2315.946305	n/a
2317.977619	0.000000	463596	ttl	2	72	n/a	n/a	n/a	n/a	n/a	n/a	n/a	n/a	n/a	n/a	n/a	n/a	n/a	n/a	n/a	n/a	n/a	n/a	n/a	n/a	n/a	2317.977619	n/a
2319.243002	0.000000	463849	ttl	4	72	n/a	n/a	n/a	n/a	n/a	n/a	n/a	n/a	n/a	n/a	n/a	n/a	n/a	n/a	n/a	n/a	n/a	n/a	n/a	n/a	n/a	2319.243002	n/a
2319.249100	0.000000	463850	ttl	11	72	n/a	n/a	n/a	n/a	n/a	n/a	n/a	n/a	n/a	n/a	n/a	n/a	n/a	n/a	n/a	n/a	n/a	n/a	n/a	n/a	n/a	2319.249100	n/a
2319.830881	2.031017	463966	time_discrimination	n/a	n/a	n/a	72.0	n/a	n/a	n/a	2319.24910025	n/a	1.2085782156937057	2.0	1	3.0	NB_15_ShortA.png	n/a	2	2323.070476	n/a	62	1	1	intervals/timediscrimination_table	61	2319.830881	2321.861898
2319.830881	0.000000	463966	ttl	1	72	n/a	n/a	n/a	n/a	n/a	n/a	n/a	n/a	n/a	n/a	n/a	n/a	n/a	n/a	n/a	n/a	n/a	n/a	n/a	n/a	n/a	2319.830881	n/a
2321.861898	0.000000	464372	ttl	2	72	n/a	n/a	n/a	n/a	n/a	n/a	n/a	n/a	n/a	n/a	n/a	n/a	n/a	n/a	n/a	n/a	n/a	n/a	n/a	n/a	n/a	2321.861898	n/a
2323.070476	0.000000	464614	ttl	4	72	n/a	n/a	n/a	n/a	n/a	n/a	n/a	n/a	n/a	n/a	n/a	n/a	n/a	n/a	n/a	n/a	n/a	n/a	n/a	n/a	n/a	2323.070476	n/a
2323.077087	0.000000	464615	ttl	11	72	n/a	n/a	n/a	n/a	n/a	n/a	n/a	n/a	n/a	n/a	n/a	n/a	n/a	n/a	n/a	n/a	n/a	n/a	n/a	n/a	n/a	2323.077087	n/a
2323.739138	2.031473	464748	time_discrimination	n/a	n/a	n/a	72.0	n/a	n/a	n/a	2323.0770872499997	n/a	1.5958049771434162	2.0	1	3.0	NB_15_LongA.png	n/a	2	2327.366416	n/a	63	1	1	intervals/timediscrimination_table	62	2323.739138	2325.770611
2323.739138	0.000000	464748	ttl	1	72	n/a	n/a	n/a	n/a	n/a	n/a	n/a	n/a	n/a	n/a	n/a	n/a	n/a	n/a	n/a	n/a	n/a	n/a	n/a	n/a	n/a	2323.739138	n/a
2325.770611	0.000000	465154	ttl	2	72	n/a	n/a	n/a	n/a	n/a	n/a	n/a	n/a	n/a	n/a	n/a	n/a	n/a	n/a	n/a	n/a	n/a	n/a	n/a	n/a	n/a	2325.770611	n/a
2327.366416	0.000000	465473	ttl	4	72	n/a	n/a	n/a	n/a	n/a	n/a	n/a	n/a	n/a	n/a	n/a	n/a	n/a	n/a	n/a	n/a	n/a	n/a	n/a	n/a	n/a	2327.366416	n/a
2327.373122	0.000000	465475	ttl	11	72	n/a	n/a	n/a	n/a	n/a	n/a	n/a	n/a	n/a	n/a	n/a	n/a	n/a	n/a	n/a	n/a	n/a	n/a	n/a	n/a	n/a	2327.373122	n/a
2327.995526	2.030569	465599	time_discrimination	n/a	n/a	n/a	72.0	n/a	n/a	n/a	2327.37312175	n/a	2.143481337989215	2.0	2	2.0	SB_5_ShortA.png	n/a	6	2332.16957675	n/a	64	2	2	intervals/timediscrimination_table	63	2327.995526	2330.026095
2327.995526	0.000000	465599	ttl	1	72	n/a	n/a	n/a	n/a	n/a	n/a	n/a	n/a	n/a	n/a	n/a	n/a	n/a	n/a	n/a	n/a	n/a	n/a	n/a	n/a	n/a	2327.995526	n/a
2330.026095	0.000000	466005	ttl	2	72	n/a	n/a	n/a	n/a	n/a	n/a	n/a	n/a	n/a	n/a	n/a	n/a	n/a	n/a	n/a	n/a	n/a	n/a	n/a	n/a	n/a	2330.026095	n/a
2332.169577	0.000000	466434	ttl	4	72	n/a	n/a	n/a	n/a	n/a	n/a	n/a	n/a	n/a	n/a	n/a	n/a	n/a	n/a	n/a	n/a	n/a	n/a	n/a	n/a	n/a	2332.169577	n/a
2332.188252	0.000000	466438	ttl	11	72	n/a	n/a	n/a	n/a	n/a	n/a	n/a	n/a	n/a	n/a	n/a	n/a	n/a	n/a	n/a	n/a	n/a	n/a	n/a	n/a	n/a	2332.188252	n/a
2332.770222	2.031266	466554	time_discrimination	n/a	n/a	n/a	72.0	n/a	n/a	n/a	2332.188252	n/a	0.17645330593222752	2.0	2	2.0	SB_36_ShortA.png	n/a	6	2334.97794225	n/a	65	2	2	intervals/timediscrimination_table	64	2332.770222	2334.801489
2332.770222	0.000000	466554	ttl	1	72	n/a	n/a	n/a	n/a	n/a	n/a	n/a	n/a	n/a	n/a	n/a	n/a	n/a	n/a	n/a	n/a	n/a	n/a	n/a	n/a	n/a	2332.770222	n/a
2334.801489	0.000000	466960	ttl	2	72	n/a	n/a	n/a	n/a	n/a	n/a	n/a	n/a	n/a	n/a	n/a	n/a	n/a	n/a	n/a	n/a	n/a	n/a	n/a	n/a	n/a	2334.801489	n/a
2334.977942	0.000000	466996	ttl	4	72	n/a	n/a	n/a	n/a	n/a	n/a	n/a	n/a	n/a	n/a	n/a	n/a	n/a	n/a	n/a	n/a	n/a	n/a	n/a	n/a	n/a	2334.977942	n/a
2334.983802	0.000000	466997	ttl	11	72	n/a	n/a	n/a	n/a	n/a	n/a	n/a	n/a	n/a	n/a	n/a	n/a	n/a	n/a	n/a	n/a	n/a	n/a	n/a	n/a	n/a	2334.983802	n/a
2335.545665	2.031437	467109	time_discrimination	n/a	n/a	n/a	72.0	n/a	n/a	n/a	2334.98380175	n/a	2.3062032615271164	2.0	2	2.0	SB_8_LongA.png	n/a	6	2339.88330575	n/a	66	2	2	intervals/timediscrimination_table	65	2335.545665	2337.577102
2335.545665	0.000000	467109	ttl	1	72	n/a	n/a	n/a	n/a	n/a	n/a	n/a	n/a	n/a	n/a	n/a	n/a	n/a	n/a	n/a	n/a	n/a	n/a	n/a	n/a	n/a	2335.545665	n/a
2337.577102	0.000000	467515	ttl	2	72	n/a	n/a	n/a	n/a	n/a	n/a	n/a	n/a	n/a	n/a	n/a	n/a	n/a	n/a	n/a	n/a	n/a	n/a	n/a	n/a	n/a	2337.577102	n/a
2339.883306	0.000000	467977	ttl	4	72	n/a	n/a	n/a	n/a	n/a	n/a	n/a	n/a	n/a	n/a	n/a	n/a	n/a	n/a	n/a	n/a	n/a	n/a	n/a	n/a	n/a	2339.883306	n/a
2339.896250	0.000000	467979	ttl	11	72	n/a	n/a	n/a	n/a	n/a	n/a	n/a	n/a	n/a	n/a	n/a	n/a	n/a	n/a	n/a	n/a	n/a	n/a	n/a	n/a	n/a	2339.896250	n/a
2340.458225	2.030814	468092	time_discrimination	n/a	n/a	n/a	72.0	n/a	n/a	n/a	2339.89625025	n/a	0.6824092822935199	2.0	2	3.0	SB_42_ShortA.png	n/a	7	2343.1714482499997	n/a	67	2	2	intervals/timediscrimination_table	66	2340.458225	2342.489039
2340.458225	0.000000	468092	ttl	1	72	n/a	n/a	n/a	n/a	n/a	n/a	n/a	n/a	n/a	n/a	n/a	n/a	n/a	n/a	n/a	n/a	n/a	n/a	n/a	n/a	n/a	2340.458225	n/a
2342.489039	0.000000	468498	ttl	2	72	n/a	n/a	n/a	n/a	n/a	n/a	n/a	n/a	n/a	n/a	n/a	n/a	n/a	n/a	n/a	n/a	n/a	n/a	n/a	n/a	n/a	2342.489039	n/a
2343.171448	0.000000	468634	ttl	4	72	n/a	n/a	n/a	n/a	n/a	n/a	n/a	n/a	n/a	n/a	n/a	n/a	n/a	n/a	n/a	n/a	n/a	n/a	n/a	n/a	n/a	2343.171448	n/a
2343.192030	0.000000	468638	ttl	11	72	n/a	n/a	n/a	n/a	n/a	n/a	n/a	n/a	n/a	n/a	n/a	n/a	n/a	n/a	n/a	n/a	n/a	n/a	n/a	n/a	n/a	2343.192030	n/a
2343.773994	2.031482	468755	time_discrimination	n/a	n/a	n/a	72.0	n/a	n/a	n/a	2343.1920305	n/a	0.24903358105802909	2.0	3	2.0	HB_39_LongA.png	n/a	6	2346.0545094999998	n/a	68	2	2	intervals/timediscrimination_table	67	2343.773994	2345.805476
2343.773994	0.000000	468755	ttl	1	72	n/a	n/a	n/a	n/a	n/a	n/a	n/a	n/a	n/a	n/a	n/a	n/a	n/a	n/a	n/a	n/a	n/a	n/a	n/a	n/a	n/a	2343.773994	n/a
2345.805476	0.000000	469161	ttl	2	72	n/a	n/a	n/a	n/a	n/a	n/a	n/a	n/a	n/a	n/a	n/a	n/a	n/a	n/a	n/a	n/a	n/a	n/a	n/a	n/a	n/a	2345.805476	n/a
2346.054509	0.000000	469211	ttl	4	72	n/a	n/a	n/a	n/a	n/a	n/a	n/a	n/a	n/a	n/a	n/a	n/a	n/a	n/a	n/a	n/a	n/a	n/a	n/a	n/a	n/a	2346.054509	n/a
2346.061927	0.000000	469212	ttl	11	72	n/a	n/a	n/a	n/a	n/a	n/a	n/a	n/a	n/a	n/a	n/a	n/a	n/a	n/a	n/a	n/a	n/a	n/a	n/a	n/a	n/a	2346.061927	n/a
2346.683840	2.031542	469337	time_discrimination	n/a	n/a	n/a	72.0	n/a	n/a	n/a	2346.06192675	n/a	0.017224429961061105	2.0	2	3.0	SB_30_ShortA.png	n/a	2	2348.732606	n/a	69	1	1	intervals/timediscrimination_table	68	2346.683840	2348.715381
2346.683840	0.000000	469337	ttl	1	72	n/a	n/a	n/a	n/a	n/a	n/a	n/a	n/a	n/a	n/a	n/a	n/a	n/a	n/a	n/a	n/a	n/a	n/a	n/a	n/a	n/a	2346.683840	n/a
2348.715381	0.000000	469743	ttl	2	72	n/a	n/a	n/a	n/a	n/a	n/a	n/a	n/a	n/a	n/a	n/a	n/a	n/a	n/a	n/a	n/a	n/a	n/a	n/a	n/a	n/a	2348.715381	n/a
2348.732606	0.000000	469747	ttl	4	72	n/a	n/a	n/a	n/a	n/a	n/a	n/a	n/a	n/a	n/a	n/a	n/a	n/a	n/a	n/a	n/a	n/a	n/a	n/a	n/a	n/a	2348.732606	n/a
2348.739266	0.000000	469748	ttl	11	72	n/a	n/a	n/a	n/a	n/a	n/a	n/a	n/a	n/a	n/a	n/a	n/a	n/a	n/a	n/a	n/a	n/a	n/a	n/a	n/a	n/a	2348.739266	n/a
2349.401306	2.031519	469880	time_discrimination	n/a	n/a	n/a	72.0	n/a	n/a	n/a	2348.7392662499997	n/a	1.4854114005865995	2.0	2	3.0	SB_44_ShortA.png	n/a	7	2352.918237	n/a	70	2	2	intervals/timediscrimination_table	69	2349.401306	2351.432826
2349.401306	0.000000	469880	ttl	1	72	n/a	n/a	n/a	n/a	n/a	n/a	n/a	n/a	n/a	n/a	n/a	n/a	n/a	n/a	n/a	n/a	n/a	n/a	n/a	n/a	n/a	2349.401306	n/a
2351.432826	0.000000	470287	ttl	2	72	n/a	n/a	n/a	n/a	n/a	n/a	n/a	n/a	n/a	n/a	n/a	n/a	n/a	n/a	n/a	n/a	n/a	n/a	n/a	n/a	n/a	2351.432826	n/a
2352.918237	0.000000	470584	ttl	4	72	n/a	n/a	n/a	n/a	n/a	n/a	n/a	n/a	n/a	n/a	n/a	n/a	n/a	n/a	n/a	n/a	n/a	n/a	n/a	n/a	n/a	2352.918237	n/a
2352.940882	0.000000	470588	ttl	11	72	n/a	n/a	n/a	n/a	n/a	n/a	n/a	n/a	n/a	n/a	n/a	n/a	n/a	n/a	n/a	n/a	n/a	n/a	n/a	n/a	n/a	2352.940882	n/a
2353.563054	2.031473	470713	time_discrimination	n/a	n/a	n/a	72.0	n/a	n/a	n/a	2352.94088175	n/a	0.8815505720849615	2.0	1	3.0	NB_18_ShortA.png	n/a	2	2356.4760779999997	n/a	71	1	1	intervals/timediscrimination_table	70	2353.563054	2355.594527
2353.563054	0.000000	470713	ttl	1	72	n/a	n/a	n/a	n/a	n/a	n/a	n/a	n/a	n/a	n/a	n/a	n/a	n/a	n/a	n/a	n/a	n/a	n/a	n/a	n/a	n/a	2353.563054	n/a
2355.594527	0.000000	471119	ttl	2	72	n/a	n/a	n/a	n/a	n/a	n/a	n/a	n/a	n/a	n/a	n/a	n/a	n/a	n/a	n/a	n/a	n/a	n/a	n/a	n/a	n/a	2355.594527	n/a
2356.476078	0.000000	471295	ttl	4	72	n/a	n/a	n/a	n/a	n/a	n/a	n/a	n/a	n/a	n/a	n/a	n/a	n/a	n/a	n/a	n/a	n/a	n/a	n/a	n/a	n/a	2356.476078	n/a
2356.488013	0.000000	471298	ttl	11	72	n/a	n/a	n/a	n/a	n/a	n/a	n/a	n/a	n/a	n/a	n/a	n/a	n/a	n/a	n/a	n/a	n/a	n/a	n/a	n/a	n/a	2356.488013	n/a
2357.130369	2.030721	471426	time_discrimination	n/a	n/a	n/a	72.0	n/a	n/a	n/a	2356.4880135	n/a	2.25312345995917	2.0	2	3.0	SB_10_LongA.png	n/a	2	2361.41421425	n/a	72	1	1	intervals/timediscrimination_table	71	2357.130369	2359.161091
2357.130369	0.000000	471426	ttl	1	72	n/a	n/a	n/a	n/a	n/a	n/a	n/a	n/a	n/a	n/a	n/a	n/a	n/a	n/a	n/a	n/a	n/a	n/a	n/a	n/a	n/a	2357.130369	n/a
2359.161091	0.000000	471832	ttl	2	72	n/a	n/a	n/a	n/a	n/a	n/a	n/a	n/a	n/a	n/a	n/a	n/a	n/a	n/a	n/a	n/a	n/a	n/a	n/a	n/a	n/a	2359.161091	n/a
2361.414214	0.000000	472283	ttl	4	72	n/a	n/a	n/a	n/a	n/a	n/a	n/a	n/a	n/a	n/a	n/a	n/a	n/a	n/a	n/a	n/a	n/a	n/a	n/a	n/a	n/a	2361.414214	n/a
2361.437772	0.000000	472288	ttl	11	72	n/a	n/a	n/a	n/a	n/a	n/a	n/a	n/a	n/a	n/a	n/a	n/a	n/a	n/a	n/a	n/a	n/a	n/a	n/a	n/a	n/a	2361.437772	n/a
2362.019729	2.030777	472404	time_discrimination	n/a	n/a	n/a	72.0	n/a	n/a	n/a	2361.4377725	n/a	0.0017281834880122915	2.0	1	3.0	NB_18_LongA.png	n/a	7	2364.05223475	n/a	73	2	2	intervals/timediscrimination_table	72	2362.019729	2364.050506
2362.019729	0.000000	472404	ttl	1	72	n/a	n/a	n/a	n/a	n/a	n/a	n/a	n/a	n/a	n/a	n/a	n/a	n/a	n/a	n/a	n/a	n/a	n/a	n/a	n/a	n/a	2362.019729	n/a
2364.050506	0.000000	472810	ttl	2	72	n/a	n/a	n/a	n/a	n/a	n/a	n/a	n/a	n/a	n/a	n/a	n/a	n/a	n/a	n/a	n/a	n/a	n/a	n/a	n/a	n/a	2364.050506	n/a
2364.052235	0.000000	472810	ttl	4	72	n/a	n/a	n/a	n/a	n/a	n/a	n/a	n/a	n/a	n/a	n/a	n/a	n/a	n/a	n/a	n/a	n/a	n/a	n/a	n/a	n/a	2364.052235	n/a
2364.071746	0.000000	472814	ttl	11	72	n/a	n/a	n/a	n/a	n/a	n/a	n/a	n/a	n/a	n/a	n/a	n/a	n/a	n/a	n/a	n/a	n/a	n/a	n/a	n/a	n/a	2364.071746	n/a
2364.633629	2.030878	472927	time_discrimination	n/a	n/a	n/a	72.0	n/a	n/a	n/a	2364.0717465	n/a	2.3226383483415702	1.0	3	2.0	HB_14_LongA.png	n/a	3	2368.9871454999998	n/a	74	1	2	intervals/timediscrimination_table	73	2364.633629	2366.664507
2364.633629	0.000000	472927	ttl	1	72	n/a	n/a	n/a	n/a	n/a	n/a	n/a	n/a	n/a	n/a	n/a	n/a	n/a	n/a	n/a	n/a	n/a	n/a	n/a	n/a	n/a	2364.633629	n/a
2366.664507	0.000000	473333	ttl	2	72	n/a	n/a	n/a	n/a	n/a	n/a	n/a	n/a	n/a	n/a	n/a	n/a	n/a	n/a	n/a	n/a	n/a	n/a	n/a	n/a	n/a	2366.664507	n/a
2368.987145	0.000000	473797	ttl	4	72	n/a	n/a	n/a	n/a	n/a	n/a	n/a	n/a	n/a	n/a	n/a	n/a	n/a	n/a	n/a	n/a	n/a	n/a	n/a	n/a	n/a	2368.987145	n/a
2369.010843	0.000000	473802	ttl	11	72	n/a	n/a	n/a	n/a	n/a	n/a	n/a	n/a	n/a	n/a	n/a	n/a	n/a	n/a	n/a	n/a	n/a	n/a	n/a	n/a	n/a	2369.010843	n/a
2369.652779	2.030911	473931	time_discrimination	n/a	n/a	n/a	72.0	n/a	n/a	n/a	2369.010843	n/a	2.3206920045486186	2.0	2	3.0	SB_45_LongA.png	n/a	7	2374.0043822499997	n/a	75	2	2	intervals/timediscrimination_table	74	2369.652779	2371.683690
2369.652779	0.000000	473931	ttl	1	72	n/a	n/a	n/a	n/a	n/a	n/a	n/a	n/a	n/a	n/a	n/a	n/a	n/a	n/a	n/a	n/a	n/a	n/a	n/a	n/a	n/a	2369.652779	n/a
2371.683690	0.000000	474337	ttl	2	72	n/a	n/a	n/a	n/a	n/a	n/a	n/a	n/a	n/a	n/a	n/a	n/a	n/a	n/a	n/a	n/a	n/a	n/a	n/a	n/a	n/a	2371.683690	n/a
2374.004382	0.000000	474801	ttl	4	72	n/a	n/a	n/a	n/a	n/a	n/a	n/a	n/a	n/a	n/a	n/a	n/a	n/a	n/a	n/a	n/a	n/a	n/a	n/a	n/a	n/a	2374.004382	n/a
2374.009247	0.000000	474802	ttl	11	72	n/a	n/a	n/a	n/a	n/a	n/a	n/a	n/a	n/a	n/a	n/a	n/a	n/a	n/a	n/a	n/a	n/a	n/a	n/a	n/a	n/a	2374.009247	n/a
2374.671517	2.031483	474934	time_discrimination	n/a	n/a	n/a	72.0	n/a	n/a	n/a	2374.009247	n/a	1.290016382568865	1.0	3	2.0	HB_25_ShortA.png	n/a	6	2377.993016	n/a	76	2	1	intervals/timediscrimination_table	75	2374.671517	2376.702999
2374.671517	0.000000	474934	ttl	1	72	n/a	n/a	n/a	n/a	n/a	n/a	n/a	n/a	n/a	n/a	n/a	n/a	n/a	n/a	n/a	n/a	n/a	n/a	n/a	n/a	n/a	2374.671517	n/a
2376.702999	0.000000	475341	ttl	2	72	n/a	n/a	n/a	n/a	n/a	n/a	n/a	n/a	n/a	n/a	n/a	n/a	n/a	n/a	n/a	n/a	n/a	n/a	n/a	n/a	n/a	2376.702999	n/a
2377.993016	0.000000	475599	ttl	4	72	n/a	n/a	n/a	n/a	n/a	n/a	n/a	n/a	n/a	n/a	n/a	n/a	n/a	n/a	n/a	n/a	n/a	n/a	n/a	n/a	n/a	2377.993016	n/a
2378.001035	0.000000	475600	ttl	11	72	n/a	n/a	n/a	n/a	n/a	n/a	n/a	n/a	n/a	n/a	n/a	n/a	n/a	n/a	n/a	n/a	n/a	n/a	n/a	n/a	n/a	2378.001035	n/a
2378.583023	2.030701	475717	time_discrimination	n/a	n/a	n/a	72.0	n/a	n/a	n/a	2378.0010347499997	n/a	1.1452123625495005	2.0	2	3.0	SB_33_LongA.png	n/a	2	2381.75893575	n/a	77	1	1	intervals/timediscrimination_table	76	2378.583023	2380.613724
2378.583023	0.000000	475717	ttl	1	72	n/a	n/a	n/a	n/a	n/a	n/a	n/a	n/a	n/a	n/a	n/a	n/a	n/a	n/a	n/a	n/a	n/a	n/a	n/a	n/a	n/a	2378.583023	n/a
2380.613724	0.000000	476123	ttl	2	72	n/a	n/a	n/a	n/a	n/a	n/a	n/a	n/a	n/a	n/a	n/a	n/a	n/a	n/a	n/a	n/a	n/a	n/a	n/a	n/a	n/a	2380.613724	n/a
2381.758936	0.000000	476352	ttl	4	72	n/a	n/a	n/a	n/a	n/a	n/a	n/a	n/a	n/a	n/a	n/a	n/a	n/a	n/a	n/a	n/a	n/a	n/a	n/a	n/a	n/a	2381.758936	n/a
2381.770821	0.000000	476354	ttl	11	72	n/a	n/a	n/a	n/a	n/a	n/a	n/a	n/a	n/a	n/a	n/a	n/a	n/a	n/a	n/a	n/a	n/a	n/a	n/a	n/a	n/a	2381.770821	n/a
2382.412986	2.031501	476483	time_discrimination	n/a	n/a	n/a	72.0	n/a	n/a	n/a	2381.7708215	n/a	0.7505531601345865	2.0	1	3.0	NB_3_LongA.png	n/a	2	2385.1950402499997	n/a	78	1	1	intervals/timediscrimination_table	77	2382.412986	2384.444487
2382.412986	0.000000	476483	ttl	1	72	n/a	n/a	n/a	n/a	n/a	n/a	n/a	n/a	n/a	n/a	n/a	n/a	n/a	n/a	n/a	n/a	n/a	n/a	n/a	n/a	n/a	2382.412986	n/a
2384.444487	0.000000	476889	ttl	2	72	n/a	n/a	n/a	n/a	n/a	n/a	n/a	n/a	n/a	n/a	n/a	n/a	n/a	n/a	n/a	n/a	n/a	n/a	n/a	n/a	n/a	2384.444487	n/a
2385.195040	0.000000	477039	ttl	4	72	n/a	n/a	n/a	n/a	n/a	n/a	n/a	n/a	n/a	n/a	n/a	n/a	n/a	n/a	n/a	n/a	n/a	n/a	n/a	n/a	n/a	2385.195040	n/a
2385.208814	0.000000	477042	ttl	11	72	n/a	n/a	n/a	n/a	n/a	n/a	n/a	n/a	n/a	n/a	n/a	n/a	n/a	n/a	n/a	n/a	n/a	n/a	n/a	n/a	n/a	2385.208814	n/a
2385.810005	2.031369	477162	time_discrimination	n/a	n/a	n/a	72.0	n/a	n/a	n/a	2385.208814	n/a	0.3539508806570666	2.0	1	3.0	NB_22_ShortA.png	n/a	7	2388.1953245	n/a	79	2	2	intervals/timediscrimination_table	78	2385.810005	2387.841374
2385.810005	0.000000	477162	ttl	1	72	n/a	n/a	n/a	n/a	n/a	n/a	n/a	n/a	n/a	n/a	n/a	n/a	n/a	n/a	n/a	n/a	n/a	n/a	n/a	n/a	n/a	2385.810005	n/a
2387.841374	0.000000	477568	ttl	2	72	n/a	n/a	n/a	n/a	n/a	n/a	n/a	n/a	n/a	n/a	n/a	n/a	n/a	n/a	n/a	n/a	n/a	n/a	n/a	n/a	n/a	2387.841374	n/a
2388.195324	0.000000	477639	ttl	4	72	n/a	n/a	n/a	n/a	n/a	n/a	n/a	n/a	n/a	n/a	n/a	n/a	n/a	n/a	n/a	n/a	n/a	n/a	n/a	n/a	n/a	2388.195324	n/a
2388.219134	0.000000	477644	ttl	11	72	n/a	n/a	n/a	n/a	n/a	n/a	n/a	n/a	n/a	n/a	n/a	n/a	n/a	n/a	n/a	n/a	n/a	n/a	n/a	n/a	n/a	2388.219134	n/a
2388.821024	2.031322	477764	time_discrimination	n/a	n/a	n/a	72.0	n/a	n/a	n/a	2388.219134	n/a	1.829496398975607	1.0	3	2.0	HB_18_LongA.png	n/a	6	2392.68184225	n/a	80	2	1	intervals/timediscrimination_table	79	2388.821024	2390.852346
2388.821024	0.000000	477764	ttl	1	72	n/a	n/a	n/a	n/a	n/a	n/a	n/a	n/a	n/a	n/a	n/a	n/a	n/a	n/a	n/a	n/a	n/a	n/a	n/a	n/a	n/a	2388.821024	n/a
2390.852346	0.000000	478170	ttl	2	72	n/a	n/a	n/a	n/a	n/a	n/a	n/a	n/a	n/a	n/a	n/a	n/a	n/a	n/a	n/a	n/a	n/a	n/a	n/a	n/a	n/a	2390.852346	n/a
2392.681842	0.000000	478536	ttl	4	72	n/a	n/a	n/a	n/a	n/a	n/a	n/a	n/a	n/a	n/a	n/a	n/a	n/a	n/a	n/a	n/a	n/a	n/a	n/a	n/a	n/a	2392.681842	n/a
2392.695225	0.000000	478539	ttl	11	72	n/a	n/a	n/a	n/a	n/a	n/a	n/a	n/a	n/a	n/a	n/a	n/a	n/a	n/a	n/a	n/a	n/a	n/a	n/a	n/a	n/a	2392.695225	n/a
2393.277248	2.030908	478655	time_discrimination	n/a	n/a	n/a	72.0	n/a	n/a	n/a	2392.69522475	n/a	0.8962370669760276	2.0	1	3.0	NB_14_LongA.png	n/a	2	2396.20439325	n/a	81	1	1	intervals/timediscrimination_table	80	2393.277248	2395.308156
2393.277248	0.000000	478655	ttl	1	72	n/a	n/a	n/a	n/a	n/a	n/a	n/a	n/a	n/a	n/a	n/a	n/a	n/a	n/a	n/a	n/a	n/a	n/a	n/a	n/a	n/a	2393.277248	n/a
2395.308156	0.000000	479062	ttl	2	72	n/a	n/a	n/a	n/a	n/a	n/a	n/a	n/a	n/a	n/a	n/a	n/a	n/a	n/a	n/a	n/a	n/a	n/a	n/a	n/a	n/a	2395.308156	n/a
2396.204393	0.000000	479241	ttl	4	72	n/a	n/a	n/a	n/a	n/a	n/a	n/a	n/a	n/a	n/a	n/a	n/a	n/a	n/a	n/a	n/a	n/a	n/a	n/a	n/a	n/a	2396.204393	n/a
2396.226981	0.000000	479245	ttl	11	72	n/a	n/a	n/a	n/a	n/a	n/a	n/a	n/a	n/a	n/a	n/a	n/a	n/a	n/a	n/a	n/a	n/a	n/a	n/a	n/a	n/a	2396.226981	n/a
2396.848916	2.030801	479370	time_discrimination	n/a	n/a	n/a	72.0	n/a	n/a	n/a	2396.2269805	n/a	2.040933952841442	2.0	1	3.0	NB_12_LongA.png	n/a	2	2400.920651	n/a	82	1	1	intervals/timediscrimination_table	81	2396.848916	2398.879717
2396.848916	0.000000	479370	ttl	1	72	n/a	n/a	n/a	n/a	n/a	n/a	n/a	n/a	n/a	n/a	n/a	n/a	n/a	n/a	n/a	n/a	n/a	n/a	n/a	n/a	n/a	2396.848916	n/a
2398.879717	0.000000	479776	ttl	2	72	n/a	n/a	n/a	n/a	n/a	n/a	n/a	n/a	n/a	n/a	n/a	n/a	n/a	n/a	n/a	n/a	n/a	n/a	n/a	n/a	n/a	2398.879717	n/a
2400.920651	0.000000	480184	ttl	4	72	n/a	n/a	n/a	n/a	n/a	n/a	n/a	n/a	n/a	n/a	n/a	n/a	n/a	n/a	n/a	n/a	n/a	n/a	n/a	n/a	n/a	2400.920651	n/a
2400.933039	0.000000	480187	ttl	11	72	n/a	n/a	n/a	n/a	n/a	n/a	n/a	n/a	n/a	n/a	n/a	n/a	n/a	n/a	n/a	n/a	n/a	n/a	n/a	n/a	n/a	2400.933039	n/a
2401.515275	2.031328	480303	time_discrimination	n/a	n/a	n/a	72.0	n/a	n/a	n/a	2400.933039	n/a	1.9323219253856223	2.0	2	3.0	SB_2_LongA.png	n/a	2	2405.4789244999997	n/a	83	1	1	intervals/timediscrimination_table	82	2401.515275	2403.546603
2401.515275	0.000000	480303	ttl	1	72	n/a	n/a	n/a	n/a	n/a	n/a	n/a	n/a	n/a	n/a	n/a	n/a	n/a	n/a	n/a	n/a	n/a	n/a	n/a	n/a	n/a	2401.515275	n/a
2403.546603	0.000000	480709	ttl	2	72	n/a	n/a	n/a	n/a	n/a	n/a	n/a	n/a	n/a	n/a	n/a	n/a	n/a	n/a	n/a	n/a	n/a	n/a	n/a	n/a	n/a	2403.546603	n/a
2405.478924	0.000000	481096	ttl	4	72	n/a	n/a	n/a	n/a	n/a	n/a	n/a	n/a	n/a	n/a	n/a	n/a	n/a	n/a	n/a	n/a	n/a	n/a	n/a	n/a	n/a	2405.478924	n/a
2405.488739	0.000000	481098	ttl	11	72	n/a	n/a	n/a	n/a	n/a	n/a	n/a	n/a	n/a	n/a	n/a	n/a	n/a	n/a	n/a	n/a	n/a	n/a	n/a	n/a	n/a	2405.488739	n/a
2406.130893	2.031487	481226	time_discrimination	n/a	n/a	n/a	72.0	n/a	n/a	n/a	2405.48873925	n/a	1.3408399125473807	1.0	2	3.0	SB_13_ShortA.png	n/a	7	2409.50321975	n/a	84	2	1	intervals/timediscrimination_table	83	2406.130893	2408.162380
2406.130893	0.000000	481226	ttl	1	72	n/a	n/a	n/a	n/a	n/a	n/a	n/a	n/a	n/a	n/a	n/a	n/a	n/a	n/a	n/a	n/a	n/a	n/a	n/a	n/a	n/a	2406.130893	n/a
2408.162380	0.000000	481632	ttl	2	72	n/a	n/a	n/a	n/a	n/a	n/a	n/a	n/a	n/a	n/a	n/a	n/a	n/a	n/a	n/a	n/a	n/a	n/a	n/a	n/a	n/a	2408.162380	n/a
2409.503220	0.000000	481901	ttl	4	72	n/a	n/a	n/a	n/a	n/a	n/a	n/a	n/a	n/a	n/a	n/a	n/a	n/a	n/a	n/a	n/a	n/a	n/a	n/a	n/a	n/a	2409.503220	n/a
2409.527315	0.000000	481905	ttl	11	72	n/a	n/a	n/a	n/a	n/a	n/a	n/a	n/a	n/a	n/a	n/a	n/a	n/a	n/a	n/a	n/a	n/a	n/a	n/a	n/a	n/a	2409.527315	n/a
2410.149409	2.031484	482030	time_discrimination	n/a	n/a	n/a	72.0	n/a	n/a	n/a	2409.5273147499997	n/a	1.261743710419978	2.0	1	3.0	NB_5_LongA.png	n/a	2	2413.442637	n/a	85	1	1	intervals/timediscrimination_table	84	2410.149409	2412.180893
2410.149409	0.000000	482030	ttl	1	72	n/a	n/a	n/a	n/a	n/a	n/a	n/a	n/a	n/a	n/a	n/a	n/a	n/a	n/a	n/a	n/a	n/a	n/a	n/a	n/a	n/a	2410.149409	n/a
2412.180893	0.000000	482436	ttl	2	72	n/a	n/a	n/a	n/a	n/a	n/a	n/a	n/a	n/a	n/a	n/a	n/a	n/a	n/a	n/a	n/a	n/a	n/a	n/a	n/a	n/a	2412.180893	n/a
2413.442637	0.000000	482689	ttl	4	72	n/a	n/a	n/a	n/a	n/a	n/a	n/a	n/a	n/a	n/a	n/a	n/a	n/a	n/a	n/a	n/a	n/a	n/a	n/a	n/a	n/a	2413.442637	n/a
2413.464253	0.000000	482693	ttl	11	72	n/a	n/a	n/a	n/a	n/a	n/a	n/a	n/a	n/a	n/a	n/a	n/a	n/a	n/a	n/a	n/a	n/a	n/a	n/a	n/a	n/a	2413.464253	n/a
2414.025394	2.030837	482805	time_discrimination	n/a	n/a	n/a	72.0	n/a	n/a	n/a	2413.464253	n/a	1.2914599337382242	2.0	2	3.0	SB_27_LongA.png	n/a	7	2417.347692	n/a	86	2	2	intervals/timediscrimination_table	85	2414.025394	2416.056232
2414.025394	0.000000	482805	ttl	1	72	n/a	n/a	n/a	n/a	n/a	n/a	n/a	n/a	n/a	n/a	n/a	n/a	n/a	n/a	n/a	n/a	n/a	n/a	n/a	n/a	n/a	2414.025394	n/a
2416.056232	0.000000	483211	ttl	2	72	n/a	n/a	n/a	n/a	n/a	n/a	n/a	n/a	n/a	n/a	n/a	n/a	n/a	n/a	n/a	n/a	n/a	n/a	n/a	n/a	n/a	2416.056232	n/a
2417.347692	0.000000	483470	ttl	4	72	n/a	n/a	n/a	n/a	n/a	n/a	n/a	n/a	n/a	n/a	n/a	n/a	n/a	n/a	n/a	n/a	n/a	n/a	n/a	n/a	n/a	2417.347692	n/a
2417.361005	0.000000	483472	ttl	11	72	n/a	n/a	n/a	n/a	n/a	n/a	n/a	n/a	n/a	n/a	n/a	n/a	n/a	n/a	n/a	n/a	n/a	n/a	n/a	n/a	n/a	2417.361005	n/a
2417.962964	2.031561	483593	time_discrimination	n/a	n/a	n/a	72.0	n/a	n/a	n/a	2417.3610055	n/a	1.8100694649619982	2.0	3	2.0	HB_41_ShortA.png	n/a	3	2421.8045955	n/a	87	1	1	intervals/timediscrimination_table	86	2417.962964	2419.994526
2417.962964	0.000000	483593	ttl	1	72	n/a	n/a	n/a	n/a	n/a	n/a	n/a	n/a	n/a	n/a	n/a	n/a	n/a	n/a	n/a	n/a	n/a	n/a	n/a	n/a	n/a	2417.962964	n/a
2419.994526	0.000000	483999	ttl	2	72	n/a	n/a	n/a	n/a	n/a	n/a	n/a	n/a	n/a	n/a	n/a	n/a	n/a	n/a	n/a	n/a	n/a	n/a	n/a	n/a	n/a	2419.994526	n/a
2421.804595	0.000000	484361	ttl	4	72	n/a	n/a	n/a	n/a	n/a	n/a	n/a	n/a	n/a	n/a	n/a	n/a	n/a	n/a	n/a	n/a	n/a	n/a	n/a	n/a	n/a	2421.804595	n/a
2421.824184	0.000000	484365	ttl	11	72	n/a	n/a	n/a	n/a	n/a	n/a	n/a	n/a	n/a	n/a	n/a	n/a	n/a	n/a	n/a	n/a	n/a	n/a	n/a	n/a	n/a	2421.824184	n/a
2422.405960	2.030889	484481	time_discrimination	n/a	n/a	n/a	72.0	n/a	n/a	n/a	2421.8241845	n/a	2.26731438114075	2.0	2	3.0	SB_14_ShortA.png	n/a	7	2426.7041637499997	n/a	88	2	2	intervals/timediscrimination_table	87	2422.405960	2424.436849
2422.405960	0.000000	484481	ttl	1	72	n/a	n/a	n/a	n/a	n/a	n/a	n/a	n/a	n/a	n/a	n/a	n/a	n/a	n/a	n/a	n/a	n/a	n/a	n/a	n/a	n/a	2422.405960	n/a
2424.436849	0.000000	484887	ttl	2	72	n/a	n/a	n/a	n/a	n/a	n/a	n/a	n/a	n/a	n/a	n/a	n/a	n/a	n/a	n/a	n/a	n/a	n/a	n/a	n/a	n/a	2424.436849	n/a
2426.704164	0.000000	485341	ttl	4	72	n/a	n/a	n/a	n/a	n/a	n/a	n/a	n/a	n/a	n/a	n/a	n/a	n/a	n/a	n/a	n/a	n/a	n/a	n/a	n/a	n/a	2426.704164	n/a
2426.716773	0.000000	485343	ttl	11	72	n/a	n/a	n/a	n/a	n/a	n/a	n/a	n/a	n/a	n/a	n/a	n/a	n/a	n/a	n/a	n/a	n/a	n/a	n/a	n/a	n/a	2426.716773	n/a
2427.338841	2.031480	485468	time_discrimination	n/a	n/a	n/a	72.0	n/a	n/a	n/a	2426.7167735	n/a	1.6045248392329086	2.0	2	3.0	SB_40_ShortA.png	n/a	2	2430.9748462499997	n/a	89	1	1	intervals/timediscrimination_table	88	2427.338841	2429.370322
2427.338841	0.000000	485468	ttl	1	72	n/a	n/a	n/a	n/a	n/a	n/a	n/a	n/a	n/a	n/a	n/a	n/a	n/a	n/a	n/a	n/a	n/a	n/a	n/a	n/a	n/a	2427.338841	n/a
2429.370322	0.000000	485874	ttl	2	72	n/a	n/a	n/a	n/a	n/a	n/a	n/a	n/a	n/a	n/a	n/a	n/a	n/a	n/a	n/a	n/a	n/a	n/a	n/a	n/a	n/a	2429.370322	n/a
2430.974846	0.000000	486195	ttl	4	72	n/a	n/a	n/a	n/a	n/a	n/a	n/a	n/a	n/a	n/a	n/a	n/a	n/a	n/a	n/a	n/a	n/a	n/a	n/a	n/a	n/a	2430.974846	n/a
2430.995859	0.000000	486199	ttl	11	72	n/a	n/a	n/a	n/a	n/a	n/a	n/a	n/a	n/a	n/a	n/a	n/a	n/a	n/a	n/a	n/a	n/a	n/a	n/a	n/a	n/a	2430.995859	n/a
2431.637821	2.030908	486328	time_discrimination	n/a	n/a	n/a	72.0	n/a	n/a	n/a	2430.995859	n/a	1.5016708467155695	2.0	1	3.0	NB_29_LongA.png	n/a	7	2435.1704007499998	n/a	90	2	2	intervals/timediscrimination_table	89	2431.637821	2433.668730
2431.637821	0.000000	486328	ttl	1	72	n/a	n/a	n/a	n/a	n/a	n/a	n/a	n/a	n/a	n/a	n/a	n/a	n/a	n/a	n/a	n/a	n/a	n/a	n/a	n/a	n/a	2431.637821	n/a
2433.668730	0.000000	486734	ttl	2	72	n/a	n/a	n/a	n/a	n/a	n/a	n/a	n/a	n/a	n/a	n/a	n/a	n/a	n/a	n/a	n/a	n/a	n/a	n/a	n/a	n/a	2433.668730	n/a
2435.170401	0.000000	487034	ttl	4	72	n/a	n/a	n/a	n/a	n/a	n/a	n/a	n/a	n/a	n/a	n/a	n/a	n/a	n/a	n/a	n/a	n/a	n/a	n/a	n/a	n/a	2435.170401	n/a
2435.185343	0.000000	487037	ttl	11	72	n/a	n/a	n/a	n/a	n/a	n/a	n/a	n/a	n/a	n/a	n/a	n/a	n/a	n/a	n/a	n/a	n/a	n/a	n/a	n/a	n/a	2435.185343	n/a
2435.767298	2.031787	487153	time_discrimination	n/a	n/a	n/a	72.0	n/a	n/a	n/a	2435.1853432499997	n/a	2.1734403378650313	1.0	3	2.0	HB_36_LongA.png	n/a	3	2439.9725255	n/a	91	1	2	intervals/timediscrimination_table	90	2435.767298	2437.799085
2435.767298	0.000000	487153	ttl	1	72	n/a	n/a	n/a	n/a	n/a	n/a	n/a	n/a	n/a	n/a	n/a	n/a	n/a	n/a	n/a	n/a	n/a	n/a	n/a	n/a	n/a	2435.767298	n/a
2437.799085	0.000000	487560	ttl	2	72	n/a	n/a	n/a	n/a	n/a	n/a	n/a	n/a	n/a	n/a	n/a	n/a	n/a	n/a	n/a	n/a	n/a	n/a	n/a	n/a	n/a	2437.799085	n/a
2439.972525	0.000000	487995	ttl	4	72	n/a	n/a	n/a	n/a	n/a	n/a	n/a	n/a	n/a	n/a	n/a	n/a	n/a	n/a	n/a	n/a	n/a	n/a	n/a	n/a	n/a	2439.972525	n/a
2439.984292	0.000000	487997	ttl	11	72	n/a	n/a	n/a	n/a	n/a	n/a	n/a	n/a	n/a	n/a	n/a	n/a	n/a	n/a	n/a	n/a	n/a	n/a	n/a	n/a	n/a	2439.984292	n/a
2440.626481	2.031600	488125	time_discrimination	n/a	n/a	n/a	72.0	n/a	n/a	n/a	2439.9842922499997	n/a	0.9112360555445775	1.0	1	3.0	NB_9_LongA.png	n/a	7	2443.5693162499997	n/a	92	2	1	intervals/timediscrimination_table	91	2440.626481	2442.658080
2440.626481	0.000000	488125	ttl	1	72	n/a	n/a	n/a	n/a	n/a	n/a	n/a	n/a	n/a	n/a	n/a	n/a	n/a	n/a	n/a	n/a	n/a	n/a	n/a	n/a	n/a	2440.626481	n/a
2442.658080	0.000000	488532	ttl	2	72	n/a	n/a	n/a	n/a	n/a	n/a	n/a	n/a	n/a	n/a	n/a	n/a	n/a	n/a	n/a	n/a	n/a	n/a	n/a	n/a	n/a	2442.658080	n/a
2443.569316	0.000000	488714	ttl	4	72	n/a	n/a	n/a	n/a	n/a	n/a	n/a	n/a	n/a	n/a	n/a	n/a	n/a	n/a	n/a	n/a	n/a	n/a	n/a	n/a	n/a	2443.569316	n/a
2443.589354	0.000000	488718	ttl	11	72	n/a	n/a	n/a	n/a	n/a	n/a	n/a	n/a	n/a	n/a	n/a	n/a	n/a	n/a	n/a	n/a	n/a	n/a	n/a	n/a	n/a	2443.589354	n/a
2444.251610	2.031448	488850	time_discrimination	n/a	n/a	n/a	72.0	n/a	n/a	n/a	2443.58935375	n/a	1.6805110771820182	1.0	1	2.0	NB_8_ShortA.png	n/a	3	2447.9635685	n/a	93	1	2	intervals/timediscrimination_table	92	2444.251610	2446.283057
2444.251610	0.000000	488850	ttl	1	72	n/a	n/a	n/a	n/a	n/a	n/a	n/a	n/a	n/a	n/a	n/a	n/a	n/a	n/a	n/a	n/a	n/a	n/a	n/a	n/a	n/a	2444.251610	n/a
2446.283057	0.000000	489257	ttl	2	72	n/a	n/a	n/a	n/a	n/a	n/a	n/a	n/a	n/a	n/a	n/a	n/a	n/a	n/a	n/a	n/a	n/a	n/a	n/a	n/a	n/a	2446.283057	n/a
2447.963568	0.000000	489593	ttl	4	72	n/a	n/a	n/a	n/a	n/a	n/a	n/a	n/a	n/a	n/a	n/a	n/a	n/a	n/a	n/a	n/a	n/a	n/a	n/a	n/a	n/a	2447.963568	n/a
2447.973896	0.000000	489595	ttl	11	72	n/a	n/a	n/a	n/a	n/a	n/a	n/a	n/a	n/a	n/a	n/a	n/a	n/a	n/a	n/a	n/a	n/a	n/a	n/a	n/a	n/a	2447.973896	n/a
2448.555862	2.030888	489711	time_discrimination	n/a	n/a	n/a	72.0	n/a	n/a	n/a	2447.97389625	n/a	2.130084365737275	1.0	2	3.0	SB_46_ShortA.png	n/a	2	2452.7168345	n/a	94	1	2	intervals/timediscrimination_table	93	2448.555862	2450.586750
2448.555862	0.000000	489711	ttl	1	72	n/a	n/a	n/a	n/a	n/a	n/a	n/a	n/a	n/a	n/a	n/a	n/a	n/a	n/a	n/a	n/a	n/a	n/a	n/a	n/a	n/a	2448.555862	n/a
2450.586750	0.000000	490117	ttl	2	72	n/a	n/a	n/a	n/a	n/a	n/a	n/a	n/a	n/a	n/a	n/a	n/a	n/a	n/a	n/a	n/a	n/a	n/a	n/a	n/a	n/a	2450.586750	n/a
2452.716835	0.000000	490543	ttl	4	72	n/a	n/a	n/a	n/a	n/a	n/a	n/a	n/a	n/a	n/a	n/a	n/a	n/a	n/a	n/a	n/a	n/a	n/a	n/a	n/a	n/a	2452.716835	n/a
2452.732528	0.000000	490547	ttl	11	72	n/a	n/a	n/a	n/a	n/a	n/a	n/a	n/a	n/a	n/a	n/a	n/a	n/a	n/a	n/a	n/a	n/a	n/a	n/a	n/a	n/a	2452.732528	n/a
2453.394539	2.030876	490679	time_discrimination	n/a	n/a	n/a	72.0	n/a	n/a	n/a	2452.7325284999997	n/a	0.7701623502071016	1.0	3	2.0	HB_42_ShortA.png	n/a	6	2456.19557725	n/a	95	2	1	intervals/timediscrimination_table	94	2453.394539	2455.425415
2453.394539	0.000000	490679	ttl	1	72	n/a	n/a	n/a	n/a	n/a	n/a	n/a	n/a	n/a	n/a	n/a	n/a	n/a	n/a	n/a	n/a	n/a	n/a	n/a	n/a	n/a	2453.394539	n/a
2455.425415	0.000000	491085	ttl	2	72	n/a	n/a	n/a	n/a	n/a	n/a	n/a	n/a	n/a	n/a	n/a	n/a	n/a	n/a	n/a	n/a	n/a	n/a	n/a	n/a	n/a	2455.425415	n/a
2456.195577	0.000000	491239	ttl	4	72	n/a	n/a	n/a	n/a	n/a	n/a	n/a	n/a	n/a	n/a	n/a	n/a	n/a	n/a	n/a	n/a	n/a	n/a	n/a	n/a	n/a	2456.195577	n/a
2456.209897	0.000000	491242	ttl	11	72	n/a	n/a	n/a	n/a	n/a	n/a	n/a	n/a	n/a	n/a	n/a	n/a	n/a	n/a	n/a	n/a	n/a	n/a	n/a	n/a	n/a	2456.209897	n/a
2456.831952	2.031236	491366	time_discrimination	n/a	n/a	n/a	72.0	n/a	n/a	n/a	2456.20989675	n/a	1.7870773949252907	1.0	2	3.0	SB_23_LongA.png	n/a	7	2460.6502655	n/a	96	2	1	intervals/timediscrimination_table	95	2456.831952	2458.863188
2456.831952	0.000000	491366	ttl	1	72	n/a	n/a	n/a	n/a	n/a	n/a	n/a	n/a	n/a	n/a	n/a	n/a	n/a	n/a	n/a	n/a	n/a	n/a	n/a	n/a	n/a	2456.831952	n/a
2458.863188	0.000000	491773	ttl	2	72	n/a	n/a	n/a	n/a	n/a	n/a	n/a	n/a	n/a	n/a	n/a	n/a	n/a	n/a	n/a	n/a	n/a	n/a	n/a	n/a	n/a	2458.863188	n/a
2460.650265	0.000000	492130	ttl	4	72	n/a	n/a	n/a	n/a	n/a	n/a	n/a	n/a	n/a	n/a	n/a	n/a	n/a	n/a	n/a	n/a	n/a	n/a	n/a	n/a	n/a	2460.650265	n/a
2460.655082	0.000000	492131	ttl	11	72	n/a	n/a	n/a	n/a	n/a	n/a	n/a	n/a	n/a	n/a	n/a	n/a	n/a	n/a	n/a	n/a	n/a	n/a	n/a	n/a	n/a	2460.655082	n/a
2461.317323	2.031437	492263	time_discrimination	n/a	n/a	n/a	72.0	n/a	n/a	n/a	2460.6550815	n/a	0.9622703278437257	2.0	2	3.0	SB_1_LongA.png	n/a	7	2464.3110305	n/a	97	2	2	intervals/timediscrimination_table	96	2461.317323	2463.348760
2461.317323	0.000000	492263	ttl	1	72	n/a	n/a	n/a	n/a	n/a	n/a	n/a	n/a	n/a	n/a	n/a	n/a	n/a	n/a	n/a	n/a	n/a	n/a	n/a	n/a	n/a	2461.317323	n/a
2463.348760	0.000000	492670	ttl	2	72	n/a	n/a	n/a	n/a	n/a	n/a	n/a	n/a	n/a	n/a	n/a	n/a	n/a	n/a	n/a	n/a	n/a	n/a	n/a	n/a	n/a	2463.348760	n/a
2464.311031	0.000000	492862	ttl	4	72	n/a	n/a	n/a	n/a	n/a	n/a	n/a	n/a	n/a	n/a	n/a	n/a	n/a	n/a	n/a	n/a	n/a	n/a	n/a	n/a	n/a	2464.311031	n/a
2464.325303	0.000000	492865	ttl	11	72	n/a	n/a	n/a	n/a	n/a	n/a	n/a	n/a	n/a	n/a	n/a	n/a	n/a	n/a	n/a	n/a	n/a	n/a	n/a	n/a	n/a	2464.325303	n/a
2464.987524	2.031105	492998	time_discrimination	n/a	n/a	n/a	72.0	n/a	n/a	n/a	2464.3253032499997	n/a	2.1000551373435883	2.0	3	1.0	HB_11_ShortA.png	n/a	4	2469.118684	n/a	98	1	1	intervals/timediscrimination_table	97	2464.987524	2467.018629
2464.987524	0.000000	492998	ttl	1	72	n/a	n/a	n/a	n/a	n/a	n/a	n/a	n/a	n/a	n/a	n/a	n/a	n/a	n/a	n/a	n/a	n/a	n/a	n/a	n/a	n/a	2464.987524	n/a
2467.018629	0.000000	493404	ttl	2	72	n/a	n/a	n/a	n/a	n/a	n/a	n/a	n/a	n/a	n/a	n/a	n/a	n/a	n/a	n/a	n/a	n/a	n/a	n/a	n/a	n/a	2467.018629	n/a
2469.118684	0.000000	493824	ttl	4	72	n/a	n/a	n/a	n/a	n/a	n/a	n/a	n/a	n/a	n/a	n/a	n/a	n/a	n/a	n/a	n/a	n/a	n/a	n/a	n/a	n/a	2469.118684	n/a
2469.137512	0.000000	493828	ttl	11	72	n/a	n/a	n/a	n/a	n/a	n/a	n/a	n/a	n/a	n/a	n/a	n/a	n/a	n/a	n/a	n/a	n/a	n/a	n/a	n/a	n/a	2469.137512	n/a
2469.719646	2.031362	493944	time_discrimination	n/a	n/a	n/a	72.0	n/a	n/a	n/a	2469.13751225	n/a	1.5368226839636918	2.0	3	2.0	HB_29_ShortA.png	n/a	3	2473.28783025	n/a	99	1	1	intervals/timediscrimination_table	98	2469.719646	2471.751008
2469.719646	0.000000	493944	ttl	1	72	n/a	n/a	n/a	n/a	n/a	n/a	n/a	n/a	n/a	n/a	n/a	n/a	n/a	n/a	n/a	n/a	n/a	n/a	n/a	n/a	n/a	2469.719646	n/a
2471.751008	0.000000	494350	ttl	2	72	n/a	n/a	n/a	n/a	n/a	n/a	n/a	n/a	n/a	n/a	n/a	n/a	n/a	n/a	n/a	n/a	n/a	n/a	n/a	n/a	n/a	2471.751008	n/a
2473.287830	0.000000	494658	ttl	4	72	n/a	n/a	n/a	n/a	n/a	n/a	n/a	n/a	n/a	n/a	n/a	n/a	n/a	n/a	n/a	n/a	n/a	n/a	n/a	n/a	n/a	2473.287830	n/a
2473.295440	0.000000	494659	ttl	11	72	n/a	n/a	n/a	n/a	n/a	n/a	n/a	n/a	n/a	n/a	n/a	n/a	n/a	n/a	n/a	n/a	n/a	n/a	n/a	n/a	n/a	2473.295440	n/a
2473.957553	2.031156	494792	time_discrimination	n/a	n/a	n/a	72.0	n/a	n/a	n/a	2473.29544025	n/a	1.8314775013714097	1.0	2	3.0	SB_57_ShortA.png	n/a	7	2477.820186	n/a	100	2	1	intervals/timediscrimination_table	99	2473.957553	2475.988709
2473.957553	0.000000	494792	ttl	1	72	n/a	n/a	n/a	n/a	n/a	n/a	n/a	n/a	n/a	n/a	n/a	n/a	n/a	n/a	n/a	n/a	n/a	n/a	n/a	n/a	n/a	2473.957553	n/a
2475.988709	0.000000	495198	ttl	2	72	n/a	n/a	n/a	n/a	n/a	n/a	n/a	n/a	n/a	n/a	n/a	n/a	n/a	n/a	n/a	n/a	n/a	n/a	n/a	n/a	n/a	2475.988709	n/a
2477.820186	0.000000	495564	ttl	4	72	n/a	n/a	n/a	n/a	n/a	n/a	n/a	n/a	n/a	n/a	n/a	n/a	n/a	n/a	n/a	n/a	n/a	n/a	n/a	n/a	n/a	2477.820186	n/a
2477.845026	0.000000	495569	ttl	11	72	n/a	n/a	n/a	n/a	n/a	n/a	n/a	n/a	n/a	n/a	n/a	n/a	n/a	n/a	n/a	n/a	n/a	n/a	n/a	n/a	n/a	2477.845026	n/a
2478.487008	2.031500	495697	time_discrimination	n/a	n/a	n/a	72.0	n/a	n/a	n/a	2477.845026	n/a	2.18335464145639	2.0	1	3.0	NB_1_LongA.png	n/a	7	2482.7018625	n/a	101	2	2	intervals/timediscrimination_table	100	2478.487008	2480.518508
2478.487008	0.000000	495697	ttl	1	72	n/a	n/a	n/a	n/a	n/a	n/a	n/a	n/a	n/a	n/a	n/a	n/a	n/a	n/a	n/a	n/a	n/a	n/a	n/a	n/a	n/a	2478.487008	n/a
2480.518508	0.000000	496104	ttl	2	72	n/a	n/a	n/a	n/a	n/a	n/a	n/a	n/a	n/a	n/a	n/a	n/a	n/a	n/a	n/a	n/a	n/a	n/a	n/a	n/a	n/a	2480.518508	n/a
2482.701863	0.000000	496540	ttl	4	72	n/a	n/a	n/a	n/a	n/a	n/a	n/a	n/a	n/a	n/a	n/a	n/a	n/a	n/a	n/a	n/a	n/a	n/a	n/a	n/a	n/a	2482.701863	n/a
2482.725279	0.000000	496545	ttl	11	72	n/a	n/a	n/a	n/a	n/a	n/a	n/a	n/a	n/a	n/a	n/a	n/a	n/a	n/a	n/a	n/a	n/a	n/a	n/a	n/a	n/a	2482.725279	n/a
2483.387559	2.031279	496678	time_discrimination	n/a	n/a	n/a	72.0	n/a	n/a	n/a	2482.7252795	n/a	0.6140449644299224	2.0	3	2.0	HB_2_LongA.png	n/a	6	2486.0328824999997	n/a	102	2	2	intervals/timediscrimination_table	101	2483.387559	2485.418837
2483.387559	0.000000	496678	ttl	1	72	n/a	n/a	n/a	n/a	n/a	n/a	n/a	n/a	n/a	n/a	n/a	n/a	n/a	n/a	n/a	n/a	n/a	n/a	n/a	n/a	n/a	2483.387559	n/a
2485.418837	0.000000	497084	ttl	2	72	n/a	n/a	n/a	n/a	n/a	n/a	n/a	n/a	n/a	n/a	n/a	n/a	n/a	n/a	n/a	n/a	n/a	n/a	n/a	n/a	n/a	2485.418837	n/a
2486.032882	0.000000	497207	ttl	4	72	n/a	n/a	n/a	n/a	n/a	n/a	n/a	n/a	n/a	n/a	n/a	n/a	n/a	n/a	n/a	n/a	n/a	n/a	n/a	n/a	n/a	2486.032882	n/a
2486.044527	0.000000	497209	ttl	11	72	n/a	n/a	n/a	n/a	n/a	n/a	n/a	n/a	n/a	n/a	n/a	n/a	n/a	n/a	n/a	n/a	n/a	n/a	n/a	n/a	n/a	2486.044527	n/a
2486.646560	2.030889	497329	time_discrimination	n/a	n/a	n/a	72.0	n/a	n/a	n/a	2486.04452725	n/a	1.3188304042560048	1.0	2	3.0	SB_49_ShortA.png	n/a	7	2489.9962794999997	n/a	103	2	1	intervals/timediscrimination_table	102	2486.646560	2488.677449
2486.646560	0.000000	497329	ttl	1	72	n/a	n/a	n/a	n/a	n/a	n/a	n/a	n/a	n/a	n/a	n/a	n/a	n/a	n/a	n/a	n/a	n/a	n/a	n/a	n/a	n/a	2486.646560	n/a
2488.677449	0.000000	497735	ttl	2	72	n/a	n/a	n/a	n/a	n/a	n/a	n/a	n/a	n/a	n/a	n/a	n/a	n/a	n/a	n/a	n/a	n/a	n/a	n/a	n/a	n/a	2488.677449	n/a
2489.996279	0.000000	497999	ttl	4	72	n/a	n/a	n/a	n/a	n/a	n/a	n/a	n/a	n/a	n/a	n/a	n/a	n/a	n/a	n/a	n/a	n/a	n/a	n/a	n/a	n/a	2489.996279	n/a
2490.018198	0.000000	498004	ttl	11	72	n/a	n/a	n/a	n/a	n/a	n/a	n/a	n/a	n/a	n/a	n/a	n/a	n/a	n/a	n/a	n/a	n/a	n/a	n/a	n/a	n/a	2490.018198	n/a
2490.640283	2.031146	498128	time_discrimination	n/a	n/a	n/a	72.0	n/a	n/a	n/a	2490.01819825	n/a	1.7738858986995183	1.0	3	1.0	HB_48_LongA.png	n/a	4	2494.445315	n/a	104	1	2	intervals/timediscrimination_table	103	2490.640283	2492.671429
2490.640283	0.000000	498128	ttl	1	72	n/a	n/a	n/a	n/a	n/a	n/a	n/a	n/a	n/a	n/a	n/a	n/a	n/a	n/a	n/a	n/a	n/a	n/a	n/a	n/a	n/a	2490.640283	n/a
2492.671429	0.000000	498534	ttl	2	72	n/a	n/a	n/a	n/a	n/a	n/a	n/a	n/a	n/a	n/a	n/a	n/a	n/a	n/a	n/a	n/a	n/a	n/a	n/a	n/a	n/a	2492.671429	n/a
2494.445315	0.000000	498889	ttl	4	72	n/a	n/a	n/a	n/a	n/a	n/a	n/a	n/a	n/a	n/a	n/a	n/a	n/a	n/a	n/a	n/a	n/a	n/a	n/a	n/a	n/a	2494.445315	n/a
2494.461321	0.000000	498892	ttl	11	72	n/a	n/a	n/a	n/a	n/a	n/a	n/a	n/a	n/a	n/a	n/a	n/a	n/a	n/a	n/a	n/a	n/a	n/a	n/a	n/a	n/a	2494.461321	n/a
2495.043250	2.031298	499009	time_discrimination	n/a	n/a	n/a	72.0	n/a	n/a	n/a	2494.4613205	n/a	0.9959583659947384	2.0	3	2.0	HB_30_LongA.png	n/a	3	2498.07050575	n/a	105	1	1	intervals/timediscrimination_table	104	2495.043250	2497.074547
2495.043250	0.000000	499009	ttl	1	72	n/a	n/a	n/a	n/a	n/a	n/a	n/a	n/a	n/a	n/a	n/a	n/a	n/a	n/a	n/a	n/a	n/a	n/a	n/a	n/a	n/a	2495.043250	n/a
2497.074547	0.000000	499415	ttl	2	72	n/a	n/a	n/a	n/a	n/a	n/a	n/a	n/a	n/a	n/a	n/a	n/a	n/a	n/a	n/a	n/a	n/a	n/a	n/a	n/a	n/a	2497.074547	n/a
2498.070506	0.000000	499614	ttl	4	72	n/a	n/a	n/a	n/a	n/a	n/a	n/a	n/a	n/a	n/a	n/a	n/a	n/a	n/a	n/a	n/a	n/a	n/a	n/a	n/a	n/a	2498.070506	n/a
2498.093044	0.000000	499619	ttl	11	72	n/a	n/a	n/a	n/a	n/a	n/a	n/a	n/a	n/a	n/a	n/a	n/a	n/a	n/a	n/a	n/a	n/a	n/a	n/a	n/a	n/a	2498.093044	n/a
2498.695138	2.031466	499739	time_discrimination	n/a	n/a	n/a	72.0	n/a	n/a	n/a	2498.09304425	n/a	4.360491914034355	1.0	3	2.0	HB_3_ShortA.png	n/a	6	2505.0870955	n/a	106	2	1	intervals/timediscrimination_table	105	2498.695138	2500.726604
2498.695138	0.000000	499739	ttl	1	72	n/a	n/a	n/a	n/a	n/a	n/a	n/a	n/a	n/a	n/a	n/a	n/a	n/a	n/a	n/a	n/a	n/a	n/a	n/a	n/a	n/a	2498.695138	n/a
2500.726604	0.000000	500145	ttl	2	72	n/a	n/a	n/a	n/a	n/a	n/a	n/a	n/a	n/a	n/a	n/a	n/a	n/a	n/a	n/a	n/a	n/a	n/a	n/a	n/a	n/a	2500.726604	n/a
2505.087096	0.000000	501017	ttl	4	72	n/a	n/a	n/a	n/a	n/a	n/a	n/a	n/a	n/a	n/a	n/a	n/a	n/a	n/a	n/a	n/a	n/a	n/a	n/a	n/a	n/a	2505.087096	n/a
2505.094241	0.000000	501019	ttl	11	72	n/a	n/a	n/a	n/a	n/a	n/a	n/a	n/a	n/a	n/a	n/a	n/a	n/a	n/a	n/a	n/a	n/a	n/a	n/a	n/a	n/a	2505.094241	n/a
2505.655919	2.030887	501131	time_discrimination	n/a	n/a	n/a	72.0	n/a	n/a	n/a	2505.0942405	n/a	0.540417434531264	1.0	2	3.0	SB_25_LongA.png	n/a	2	2508.227223	n/a	107	1	2	intervals/timediscrimination_table	106	2505.655919	2507.686805
2505.655919	0.000000	501131	ttl	1	72	n/a	n/a	n/a	n/a	n/a	n/a	n/a	n/a	n/a	n/a	n/a	n/a	n/a	n/a	n/a	n/a	n/a	n/a	n/a	n/a	n/a	2505.655919	n/a
2507.686805	0.000000	501537	ttl	2	72	n/a	n/a	n/a	n/a	n/a	n/a	n/a	n/a	n/a	n/a	n/a	n/a	n/a	n/a	n/a	n/a	n/a	n/a	n/a	n/a	n/a	2507.686805	n/a
2508.227223	0.000000	501645	ttl	4	72	n/a	n/a	n/a	n/a	n/a	n/a	n/a	n/a	n/a	n/a	n/a	n/a	n/a	n/a	n/a	n/a	n/a	n/a	n/a	n/a	n/a	2508.227223	n/a
2508.240937	0.000000	501648	ttl	11	72	n/a	n/a	n/a	n/a	n/a	n/a	n/a	n/a	n/a	n/a	n/a	n/a	n/a	n/a	n/a	n/a	n/a	n/a	n/a	n/a	n/a	2508.240937	n/a
2508.822876	2.031342	501765	time_discrimination	n/a	n/a	n/a	72.0	n/a	n/a	n/a	2508.2409374999997	n/a	0.6197936894168379	1.0	1	3.0	NB_7_LongA.png	n/a	7	2511.4740125	n/a	108	2	1	intervals/timediscrimination_table	107	2508.822876	2510.854219
2508.822876	0.000000	501765	ttl	1	72	n/a	n/a	n/a	n/a	n/a	n/a	n/a	n/a	n/a	n/a	n/a	n/a	n/a	n/a	n/a	n/a	n/a	n/a	n/a	n/a	n/a	2508.822876	n/a
2510.854219	0.000000	502171	ttl	2	72	n/a	n/a	n/a	n/a	n/a	n/a	n/a	n/a	n/a	n/a	n/a	n/a	n/a	n/a	n/a	n/a	n/a	n/a	n/a	n/a	n/a	2510.854219	n/a
2511.474012	0.000000	502295	ttl	4	72	n/a	n/a	n/a	n/a	n/a	n/a	n/a	n/a	n/a	n/a	n/a	n/a	n/a	n/a	n/a	n/a	n/a	n/a	n/a	n/a	n/a	2511.474012	n/a
2511.496657	0.000000	502299	ttl	11	72	n/a	n/a	n/a	n/a	n/a	n/a	n/a	n/a	n/a	n/a	n/a	n/a	n/a	n/a	n/a	n/a	n/a	n/a	n/a	n/a	n/a	2511.496657	n/a
2512.078669	2.031481	502416	time_discrimination	n/a	n/a	n/a	72.0	n/a	n/a	n/a	2511.4966572499998	n/a	1.9392004018591251	1.0	3	2.0	HB_57_LongA.png	n/a	3	2516.0493512499997	n/a	109	1	2	intervals/timediscrimination_table	108	2512.078669	2514.110151
2512.078669	0.000000	502416	ttl	1	72	n/a	n/a	n/a	n/a	n/a	n/a	n/a	n/a	n/a	n/a	n/a	n/a	n/a	n/a	n/a	n/a	n/a	n/a	n/a	n/a	n/a	2512.078669	n/a
2514.110151	0.000000	502822	ttl	2	72	n/a	n/a	n/a	n/a	n/a	n/a	n/a	n/a	n/a	n/a	n/a	n/a	n/a	n/a	n/a	n/a	n/a	n/a	n/a	n/a	n/a	2514.110151	n/a
2516.049351	0.000000	503210	ttl	4	72	n/a	n/a	n/a	n/a	n/a	n/a	n/a	n/a	n/a	n/a	n/a	n/a	n/a	n/a	n/a	n/a	n/a	n/a	n/a	n/a	n/a	2516.049351	n/a
2516.061944	0.000000	503212	ttl	11	72	n/a	n/a	n/a	n/a	n/a	n/a	n/a	n/a	n/a	n/a	n/a	n/a	n/a	n/a	n/a	n/a	n/a	n/a	n/a	n/a	n/a	2516.061944	n/a
2516.724357	2.031366	503345	time_discrimination	n/a	n/a	n/a	72.0	n/a	n/a	n/a	2516.06194375	n/a	1.8111735721759032	1.0	3	2.0	HB_54_LongA.png	n/a	6	2520.56689625	n/a	110	2	1	intervals/timediscrimination_table	109	2516.724357	2518.755723
2516.724357	0.000000	503345	ttl	1	72	n/a	n/a	n/a	n/a	n/a	n/a	n/a	n/a	n/a	n/a	n/a	n/a	n/a	n/a	n/a	n/a	n/a	n/a	n/a	n/a	n/a	2516.724357	n/a
2518.755723	0.000000	503751	ttl	2	72	n/a	n/a	n/a	n/a	n/a	n/a	n/a	n/a	n/a	n/a	n/a	n/a	n/a	n/a	n/a	n/a	n/a	n/a	n/a	n/a	n/a	2518.755723	n/a
2520.566896	0.000000	504113	ttl	4	72	n/a	n/a	n/a	n/a	n/a	n/a	n/a	n/a	n/a	n/a	n/a	n/a	n/a	n/a	n/a	n/a	n/a	n/a	n/a	n/a	n/a	2520.566896	n/a
2520.577218	0.000000	504115	ttl	11	72	n/a	n/a	n/a	n/a	n/a	n/a	n/a	n/a	n/a	n/a	n/a	n/a	n/a	n/a	n/a	n/a	n/a	n/a	n/a	n/a	n/a	2520.577218	n/a
2521.239448	2.031525	504248	time_discrimination	n/a	n/a	n/a	72.0	n/a	n/a	n/a	2520.57721825	n/a	1.5796133965923218	1.0	2	3.0	SB_12_ShortA.png	n/a	2	2524.850586	n/a	111	1	2	intervals/timediscrimination_table	110	2521.239448	2523.270972
2521.239448	0.000000	504248	ttl	1	72	n/a	n/a	n/a	n/a	n/a	n/a	n/a	n/a	n/a	n/a	n/a	n/a	n/a	n/a	n/a	n/a	n/a	n/a	n/a	n/a	n/a	2521.239448	n/a
2523.270972	0.000000	504654	ttl	2	72	n/a	n/a	n/a	n/a	n/a	n/a	n/a	n/a	n/a	n/a	n/a	n/a	n/a	n/a	n/a	n/a	n/a	n/a	n/a	n/a	n/a	2523.270972	n/a
2524.850586	0.000000	504970	ttl	4	72	n/a	n/a	n/a	n/a	n/a	n/a	n/a	n/a	n/a	n/a	n/a	n/a	n/a	n/a	n/a	n/a	n/a	n/a	n/a	n/a	n/a	2524.850586	n/a
2524.868962	0.000000	504974	ttl	11	72	n/a	n/a	n/a	n/a	n/a	n/a	n/a	n/a	n/a	n/a	n/a	n/a	n/a	n/a	n/a	n/a	n/a	n/a	n/a	n/a	n/a	2524.868962	n/a
2525.450830	2.031300	505090	time_discrimination	n/a	n/a	n/a	72.0	n/a	n/a	n/a	2524.86896175	n/a	1.6979903846950037	2.0	3	2.0	HB_43_ShortA.png	n/a	6	2529.18011975	n/a	112	2	2	intervals/timediscrimination_table	111	2525.450830	2527.482129
2525.450830	0.000000	505090	ttl	1	72	n/a	n/a	n/a	n/a	n/a	n/a	n/a	n/a	n/a	n/a	n/a	n/a	n/a	n/a	n/a	n/a	n/a	n/a	n/a	n/a	n/a	2525.450830	n/a
2527.482129	0.000000	505496	ttl	2	72	n/a	n/a	n/a	n/a	n/a	n/a	n/a	n/a	n/a	n/a	n/a	n/a	n/a	n/a	n/a	n/a	n/a	n/a	n/a	n/a	n/a	2527.482129	n/a
2529.180120	0.000000	505836	ttl	4	72	n/a	n/a	n/a	n/a	n/a	n/a	n/a	n/a	n/a	n/a	n/a	n/a	n/a	n/a	n/a	n/a	n/a	n/a	n/a	n/a	n/a	2529.180120	n/a
2529.200071	0.000000	505840	ttl	11	72	n/a	n/a	n/a	n/a	n/a	n/a	n/a	n/a	n/a	n/a	n/a	n/a	n/a	n/a	n/a	n/a	n/a	n/a	n/a	n/a	n/a	2529.200071	n/a
2529.822024	2.031605	505964	time_discrimination	n/a	n/a	n/a	72.0	n/a	n/a	n/a	2529.2000707499997	n/a	1.7946787060791394	1.0	3	2.0	HB_53_LongA.png	n/a	6	2533.648308	n/a	113	2	1	intervals/timediscrimination_table	112	2529.822024	2531.853629
2529.822024	0.000000	505964	ttl	1	72	n/a	n/a	n/a	n/a	n/a	n/a	n/a	n/a	n/a	n/a	n/a	n/a	n/a	n/a	n/a	n/a	n/a	n/a	n/a	n/a	n/a	2529.822024	n/a
2531.853629	0.000000	506371	ttl	2	72	n/a	n/a	n/a	n/a	n/a	n/a	n/a	n/a	n/a	n/a	n/a	n/a	n/a	n/a	n/a	n/a	n/a	n/a	n/a	n/a	n/a	2531.853629	n/a
2533.648308	0.000000	506730	ttl	4	72	n/a	n/a	n/a	n/a	n/a	n/a	n/a	n/a	n/a	n/a	n/a	n/a	n/a	n/a	n/a	n/a	n/a	n/a	n/a	n/a	n/a	2533.648308	n/a
2533.664995	0.000000	506733	ttl	11	72	n/a	n/a	n/a	n/a	n/a	n/a	n/a	n/a	n/a	n/a	n/a	n/a	n/a	n/a	n/a	n/a	n/a	n/a	n/a	n/a	n/a	2533.664995	n/a
2534.266846	2.031467	506853	time_discrimination	n/a	n/a	n/a	72.0	n/a	n/a	n/a	2533.6649952499997	n/a	0.09617418487323448	1.0	1	3.0	NB_30_LongA.png	n/a	2	2536.39448775	n/a	114	1	2	intervals/timediscrimination_table	113	2534.266846	2536.298313
2534.266846	0.000000	506853	ttl	1	72	n/a	n/a	n/a	n/a	n/a	n/a	n/a	n/a	n/a	n/a	n/a	n/a	n/a	n/a	n/a	n/a	n/a	n/a	n/a	n/a	n/a	2534.266846	n/a
2536.298313	0.000000	507260	ttl	2	72	n/a	n/a	n/a	n/a	n/a	n/a	n/a	n/a	n/a	n/a	n/a	n/a	n/a	n/a	n/a	n/a	n/a	n/a	n/a	n/a	n/a	2536.298313	n/a
2536.394488	0.000000	507279	ttl	4	72	n/a	n/a	n/a	n/a	n/a	n/a	n/a	n/a	n/a	n/a	n/a	n/a	n/a	n/a	n/a	n/a	n/a	n/a	n/a	n/a	n/a	2536.394488	n/a
2536.409481	0.000000	507282	ttl	11	72	n/a	n/a	n/a	n/a	n/a	n/a	n/a	n/a	n/a	n/a	n/a	n/a	n/a	n/a	n/a	n/a	n/a	n/a	n/a	n/a	n/a	2536.409481	n/a
2537.011651	2.030717	507402	time_discrimination	n/a	n/a	n/a	72.0	n/a	n/a	n/a	2536.4094812499998	n/a	1.4256095206510508	2.0	2	3.0	SB_34_ShortA.png	n/a	2	2540.4679785	n/a	115	1	1	intervals/timediscrimination_table	114	2537.011651	2539.042369
2537.011651	0.000000	507402	ttl	1	72	n/a	n/a	n/a	n/a	n/a	n/a	n/a	n/a	n/a	n/a	n/a	n/a	n/a	n/a	n/a	n/a	n/a	n/a	n/a	n/a	n/a	2537.011651	n/a
2539.042369	0.000000	507808	ttl	2	72	n/a	n/a	n/a	n/a	n/a	n/a	n/a	n/a	n/a	n/a	n/a	n/a	n/a	n/a	n/a	n/a	n/a	n/a	n/a	n/a	n/a	2539.042369	n/a
2540.467978	0.000000	508094	ttl	4	72	n/a	n/a	n/a	n/a	n/a	n/a	n/a	n/a	n/a	n/a	n/a	n/a	n/a	n/a	n/a	n/a	n/a	n/a	n/a	n/a	n/a	2540.467978	n/a
2540.475927	0.000000	508095	ttl	11	72	n/a	n/a	n/a	n/a	n/a	n/a	n/a	n/a	n/a	n/a	n/a	n/a	n/a	n/a	n/a	n/a	n/a	n/a	n/a	n/a	n/a	2540.475927	n/a
2541.078125	2.031272	508216	time_discrimination	n/a	n/a	n/a	72.0	n/a	n/a	n/a	2540.47592725	n/a	1.0499410704360344	1.0	2	3.0	SB_54_ShortA.png	n/a	7	2544.15933825	n/a	116	2	1	intervals/timediscrimination_table	115	2541.078125	2543.109397
2541.078125	0.000000	508216	ttl	1	72	n/a	n/a	n/a	n/a	n/a	n/a	n/a	n/a	n/a	n/a	n/a	n/a	n/a	n/a	n/a	n/a	n/a	n/a	n/a	n/a	n/a	2541.078125	n/a
2543.109397	0.000000	508622	ttl	2	72	n/a	n/a	n/a	n/a	n/a	n/a	n/a	n/a	n/a	n/a	n/a	n/a	n/a	n/a	n/a	n/a	n/a	n/a	n/a	n/a	n/a	2543.109397	n/a
2544.159338	0.000000	508832	ttl	4	72	n/a	n/a	n/a	n/a	n/a	n/a	n/a	n/a	n/a	n/a	n/a	n/a	n/a	n/a	n/a	n/a	n/a	n/a	n/a	n/a	n/a	2544.159338	n/a
2544.182661	0.000000	508837	ttl	11	72	n/a	n/a	n/a	n/a	n/a	n/a	n/a	n/a	n/a	n/a	n/a	n/a	n/a	n/a	n/a	n/a	n/a	n/a	n/a	n/a	n/a	2544.182661	n/a
2544.764430	2.031493	508953	time_discrimination	n/a	n/a	n/a	72.0	n/a	n/a	n/a	2544.1826605	n/a	1.5169455396389822	1.0	2	3.0	SB_56_LongA.png	n/a	2	2548.31286875	n/a	117	1	2	intervals/timediscrimination_table	116	2544.764430	2546.795923
2544.764430	0.000000	508953	ttl	1	72	n/a	n/a	n/a	n/a	n/a	n/a	n/a	n/a	n/a	n/a	n/a	n/a	n/a	n/a	n/a	n/a	n/a	n/a	n/a	n/a	n/a	2544.764430	n/a
2546.795923	0.000000	509359	ttl	2	72	n/a	n/a	n/a	n/a	n/a	n/a	n/a	n/a	n/a	n/a	n/a	n/a	n/a	n/a	n/a	n/a	n/a	n/a	n/a	n/a	n/a	2546.795923	n/a
2548.312869	0.000000	509663	ttl	4	72	n/a	n/a	n/a	n/a	n/a	n/a	n/a	n/a	n/a	n/a	n/a	n/a	n/a	n/a	n/a	n/a	n/a	n/a	n/a	n/a	n/a	2548.312869	n/a
2548.326369	0.000000	509665	ttl	11	72	n/a	n/a	n/a	n/a	n/a	n/a	n/a	n/a	n/a	n/a	n/a	n/a	n/a	n/a	n/a	n/a	n/a	n/a	n/a	n/a	n/a	2548.326369	n/a
2548.948436	2.030905	509790	time_discrimination	n/a	n/a	n/a	72.0	n/a	n/a	n/a	2548.32636925	n/a	0.0	2.0	1	0.0	NB_2_LongA.png	n/a	1	2550.980341	n/a	118	1	1	intervals/timediscrimination_table	117	2548.948436	2550.979341
2548.948436	0.000000	509790	ttl	1	72	n/a	n/a	n/a	n/a	n/a	n/a	n/a	n/a	n/a	n/a	n/a	n/a	n/a	n/a	n/a	n/a	n/a	n/a	n/a	n/a	n/a	2548.948436	n/a
2550.979341	0.000000	510196	ttl	2	72	n/a	n/a	n/a	n/a	n/a	n/a	n/a	n/a	n/a	n/a	n/a	n/a	n/a	n/a	n/a	n/a	n/a	n/a	n/a	n/a	n/a	2550.979341	n/a
2552.908381	0.000000	510582	ttl	11	72	n/a	n/a	n/a	n/a	n/a	n/a	n/a	n/a	n/a	n/a	n/a	n/a	n/a	n/a	n/a	n/a	n/a	n/a	n/a	n/a	n/a	2552.908381	n/a
2553.530330	2.031476	510706	time_discrimination	n/a	n/a	n/a	72.0	n/a	n/a	n/a	2552.9083815	n/a	0.7210535424819682	2.0	1	3.0	NB_27_ShortA.png	n/a	7	2556.2828597499997	n/a	119	2	2	intervals/timediscrimination_table	118	2553.530330	2555.561806
2553.530330	0.000000	510706	ttl	1	72	n/a	n/a	n/a	n/a	n/a	n/a	n/a	n/a	n/a	n/a	n/a	n/a	n/a	n/a	n/a	n/a	n/a	n/a	n/a	n/a	n/a	2553.530330	n/a
2555.561806	0.000000	511112	ttl	2	72	n/a	n/a	n/a	n/a	n/a	n/a	n/a	n/a	n/a	n/a	n/a	n/a	n/a	n/a	n/a	n/a	n/a	n/a	n/a	n/a	n/a	2555.561806	n/a
2556.282860	0.000000	511257	ttl	4	72	n/a	n/a	n/a	n/a	n/a	n/a	n/a	n/a	n/a	n/a	n/a	n/a	n/a	n/a	n/a	n/a	n/a	n/a	n/a	n/a	n/a	2556.282860	n/a
2556.304130	0.000000	511261	ttl	11	72	n/a	n/a	n/a	n/a	n/a	n/a	n/a	n/a	n/a	n/a	n/a	n/a	n/a	n/a	n/a	n/a	n/a	n/a	n/a	n/a	n/a	2556.304130	n/a
2556.886039	2.031359	511377	time_discrimination	n/a	n/a	n/a	72.0	n/a	n/a	n/a	2556.3041304999997	n/a	0.8149340784875676	2.0	2	3.0	SB_58_LongA.png	n/a	2	2559.7323322499997	n/a	120	1	1	intervals/timediscrimination_table	119	2556.886039	2558.917398
2556.886039	0.000000	511377	ttl	1	72	n/a	n/a	n/a	n/a	n/a	n/a	n/a	n/a	n/a	n/a	n/a	n/a	n/a	n/a	n/a	n/a	n/a	n/a	n/a	n/a	n/a	2556.886039	n/a
2558.917398	0.000000	511783	ttl	2	72	n/a	n/a	n/a	n/a	n/a	n/a	n/a	n/a	n/a	n/a	n/a	n/a	n/a	n/a	n/a	n/a	n/a	n/a	n/a	n/a	n/a	2558.917398	n/a
2559.732332	0.000000	511946	ttl	4	72	n/a	n/a	n/a	n/a	n/a	n/a	n/a	n/a	n/a	n/a	n/a	n/a	n/a	n/a	n/a	n/a	n/a	n/a	n/a	n/a	n/a	2559.732332	n/a
2559.741521	0.000000	511948	ttl	11	72	n/a	n/a	n/a	n/a	n/a	n/a	n/a	n/a	n/a	n/a	n/a	n/a	n/a	n/a	n/a	n/a	n/a	n/a	n/a	n/a	n/a	2559.741521	n/a
2560.363642	2.030745	512073	time_discrimination	n/a	n/a	n/a	72.0	n/a	n/a	n/a	2559.74152075	n/a	2.814064854173921	2.0	2	3.0	SB_16_LongA.png	n/a	7	2565.2084517499998	n/a	121	2	2	intervals/timediscrimination_table	120	2560.363642	2562.394387
2560.363642	0.000000	512073	ttl	1	72	n/a	n/a	n/a	n/a	n/a	n/a	n/a	n/a	n/a	n/a	n/a	n/a	n/a	n/a	n/a	n/a	n/a	n/a	n/a	n/a	n/a	2560.363642	n/a
2562.394387	0.000000	512479	ttl	2	72	n/a	n/a	n/a	n/a	n/a	n/a	n/a	n/a	n/a	n/a	n/a	n/a	n/a	n/a	n/a	n/a	n/a	n/a	n/a	n/a	n/a	2562.394387	n/a
2565.208452	0.000000	513042	ttl	4	72	n/a	n/a	n/a	n/a	n/a	n/a	n/a	n/a	n/a	n/a	n/a	n/a	n/a	n/a	n/a	n/a	n/a	n/a	n/a	n/a	n/a	2565.208452	n/a
2565.225773	0.000000	513045	ttl	11	72	n/a	n/a	n/a	n/a	n/a	n/a	n/a	n/a	n/a	n/a	n/a	n/a	n/a	n/a	n/a	n/a	n/a	n/a	n/a	n/a	n/a	2565.225773	n/a
2565.847703	2.030900	513170	time_discrimination	n/a	n/a	n/a	72.0	n/a	n/a	n/a	2565.2257735	n/a	2.943280903098639	2.0	3	2.0	HB_38_ShortA.png	n/a	6	2570.821884	n/a	122	2	2	intervals/timediscrimination_table	121	2565.847703	2567.878603
2565.847703	0.000000	513170	ttl	1	72	n/a	n/a	n/a	n/a	n/a	n/a	n/a	n/a	n/a	n/a	n/a	n/a	n/a	n/a	n/a	n/a	n/a	n/a	n/a	n/a	n/a	2565.847703	n/a
2567.878603	0.000000	513576	ttl	2	72	n/a	n/a	n/a	n/a	n/a	n/a	n/a	n/a	n/a	n/a	n/a	n/a	n/a	n/a	n/a	n/a	n/a	n/a	n/a	n/a	n/a	2567.878603	n/a
2570.821884	0.000000	514164	ttl	4	72	n/a	n/a	n/a	n/a	n/a	n/a	n/a	n/a	n/a	n/a	n/a	n/a	n/a	n/a	n/a	n/a	n/a	n/a	n/a	n/a	n/a	2570.821884	n/a
2570.845591	0.000000	514169	ttl	11	72	n/a	n/a	n/a	n/a	n/a	n/a	n/a	n/a	n/a	n/a	n/a	n/a	n/a	n/a	n/a	n/a	n/a	n/a	n/a	n/a	n/a	2570.845591	n/a
2571.487949	2.030716	514298	time_discrimination	n/a	n/a	n/a	72.0	n/a	n/a	n/a	2570.845591	n/a	0.271292948993505	2.0	2	3.0	SB_32_ShortA.png	n/a	2	2573.789958	n/a	123	1	1	intervals/timediscrimination_table	122	2571.487949	2573.518665
2571.487949	0.000000	514298	ttl	1	72	n/a	n/a	n/a	n/a	n/a	n/a	n/a	n/a	n/a	n/a	n/a	n/a	n/a	n/a	n/a	n/a	n/a	n/a	n/a	n/a	n/a	2571.487949	n/a
2573.518665	0.000000	514704	ttl	2	72	n/a	n/a	n/a	n/a	n/a	n/a	n/a	n/a	n/a	n/a	n/a	n/a	n/a	n/a	n/a	n/a	n/a	n/a	n/a	n/a	n/a	2573.518665	n/a
2573.789958	0.000000	514758	ttl	4	72	n/a	n/a	n/a	n/a	n/a	n/a	n/a	n/a	n/a	n/a	n/a	n/a	n/a	n/a	n/a	n/a	n/a	n/a	n/a	n/a	n/a	2573.789958	n/a
2573.797033	0.000000	514759	ttl	11	72	n/a	n/a	n/a	n/a	n/a	n/a	n/a	n/a	n/a	n/a	n/a	n/a	n/a	n/a	n/a	n/a	n/a	n/a	n/a	n/a	n/a	2573.797033	n/a
2574.439055	2.030892	514888	time_discrimination	n/a	n/a	n/a	72.0	n/a	n/a	n/a	2573.7970327499997	n/a	0.31125522396177985	2.0	2	3.0	SB_52_ShortA.png	n/a	2	2576.78120275	n/a	124	1	1	intervals/timediscrimination_table	123	2574.439055	2576.469947
2574.439055	0.000000	514888	ttl	1	72	n/a	n/a	n/a	n/a	n/a	n/a	n/a	n/a	n/a	n/a	n/a	n/a	n/a	n/a	n/a	n/a	n/a	n/a	n/a	n/a	n/a	2574.439055	n/a
2576.469947	0.000000	515294	ttl	2	72	n/a	n/a	n/a	n/a	n/a	n/a	n/a	n/a	n/a	n/a	n/a	n/a	n/a	n/a	n/a	n/a	n/a	n/a	n/a	n/a	n/a	2576.469947	n/a
2576.781203	0.000000	515356	ttl	4	72	n/a	n/a	n/a	n/a	n/a	n/a	n/a	n/a	n/a	n/a	n/a	n/a	n/a	n/a	n/a	n/a	n/a	n/a	n/a	n/a	n/a	2576.781203	n/a
2576.789260	0.000000	515358	ttl	11	72	n/a	n/a	n/a	n/a	n/a	n/a	n/a	n/a	n/a	n/a	n/a	n/a	n/a	n/a	n/a	n/a	n/a	n/a	n/a	n/a	n/a	2576.789260	n/a
2577.411144	2.031505	515482	time_discrimination	n/a	n/a	n/a	72.0	n/a	n/a	n/a	2576.78926	n/a	2.1951993337424938	2.0	2	3.0	SB_21_ShortA.png	n/a	7	2581.637848	n/a	125	2	2	intervals/timediscrimination_table	124	2577.411144	2579.442648
2577.411144	0.000000	515482	ttl	1	72	n/a	n/a	n/a	n/a	n/a	n/a	n/a	n/a	n/a	n/a	n/a	n/a	n/a	n/a	n/a	n/a	n/a	n/a	n/a	n/a	n/a	2577.411144	n/a
2579.442648	0.000000	515889	ttl	2	72	n/a	n/a	n/a	n/a	n/a	n/a	n/a	n/a	n/a	n/a	n/a	n/a	n/a	n/a	n/a	n/a	n/a	n/a	n/a	n/a	n/a	2579.442648	n/a
2581.637848	0.000000	516328	ttl	4	72	n/a	n/a	n/a	n/a	n/a	n/a	n/a	n/a	n/a	n/a	n/a	n/a	n/a	n/a	n/a	n/a	n/a	n/a	n/a	n/a	n/a	2581.637848	n/a
2581.661267	0.000000	516332	ttl	11	72	n/a	n/a	n/a	n/a	n/a	n/a	n/a	n/a	n/a	n/a	n/a	n/a	n/a	n/a	n/a	n/a	n/a	n/a	n/a	n/a	n/a	2581.661267	n/a
2582.283232	2.031598	516457	time_discrimination	n/a	n/a	n/a	72.0	n/a	n/a	n/a	2581.66126725	n/a	0.8532553327095229	1.0	1	3.0	NB_27_LongA.png	n/a	7	2585.16808525	n/a	126	2	1	intervals/timediscrimination_table	125	2582.283232	2584.314830
2582.283232	0.000000	516457	ttl	1	72	n/a	n/a	n/a	n/a	n/a	n/a	n/a	n/a	n/a	n/a	n/a	n/a	n/a	n/a	n/a	n/a	n/a	n/a	n/a	n/a	n/a	2582.283232	n/a
2584.314830	0.000000	516863	ttl	2	72	n/a	n/a	n/a	n/a	n/a	n/a	n/a	n/a	n/a	n/a	n/a	n/a	n/a	n/a	n/a	n/a	n/a	n/a	n/a	n/a	n/a	2584.314830	n/a
2585.168085	0.000000	517034	ttl	4	72	n/a	n/a	n/a	n/a	n/a	n/a	n/a	n/a	n/a	n/a	n/a	n/a	n/a	n/a	n/a	n/a	n/a	n/a	n/a	n/a	n/a	2585.168085	n/a
2585.188828	0.000000	517038	ttl	11	72	n/a	n/a	n/a	n/a	n/a	n/a	n/a	n/a	n/a	n/a	n/a	n/a	n/a	n/a	n/a	n/a	n/a	n/a	n/a	n/a	n/a	2585.188828	n/a
2585.810883	2.031335	517162	time_discrimination	n/a	n/a	n/a	72.0	n/a	n/a	n/a	2585.1888277499997	n/a	0.7028671285515884	2.0	3	2.0	HB_32_LongA.png	n/a	3	2588.545086	n/a	127	1	1	intervals/timediscrimination_table	126	2585.810883	2587.842219
2585.810883	0.000000	517162	ttl	1	72	n/a	n/a	n/a	n/a	n/a	n/a	n/a	n/a	n/a	n/a	n/a	n/a	n/a	n/a	n/a	n/a	n/a	n/a	n/a	n/a	n/a	2585.810883	n/a
2587.842219	0.000000	517568	ttl	2	72	n/a	n/a	n/a	n/a	n/a	n/a	n/a	n/a	n/a	n/a	n/a	n/a	n/a	n/a	n/a	n/a	n/a	n/a	n/a	n/a	n/a	2587.842219	n/a
2588.545086	0.000000	517709	ttl	4	72	n/a	n/a	n/a	n/a	n/a	n/a	n/a	n/a	n/a	n/a	n/a	n/a	n/a	n/a	n/a	n/a	n/a	n/a	n/a	n/a	n/a	2588.545086	n/a
2588.565734	0.000000	517713	ttl	11	72	n/a	n/a	n/a	n/a	n/a	n/a	n/a	n/a	n/a	n/a	n/a	n/a	n/a	n/a	n/a	n/a	n/a	n/a	n/a	n/a	n/a	2588.565734	n/a
2589.207854	2.031332	517842	time_discrimination	n/a	n/a	n/a	72.0	n/a	n/a	n/a	2588.5657337499997	n/a	1.6140845307381824	1.0	1	3.0	NB_16_LongA.png	n/a	7	2592.8532702499997	n/a	128	2	1	intervals/timediscrimination_table	127	2589.207854	2591.239186
2589.207854	0.000000	517842	ttl	1	72	n/a	n/a	n/a	n/a	n/a	n/a	n/a	n/a	n/a	n/a	n/a	n/a	n/a	n/a	n/a	n/a	n/a	n/a	n/a	n/a	n/a	2589.207854	n/a
2591.239186	0.000000	518248	ttl	2	72	n/a	n/a	n/a	n/a	n/a	n/a	n/a	n/a	n/a	n/a	n/a	n/a	n/a	n/a	n/a	n/a	n/a	n/a	n/a	n/a	n/a	2591.239186	n/a
2592.853270	0.000000	518571	ttl	4	72	n/a	n/a	n/a	n/a	n/a	n/a	n/a	n/a	n/a	n/a	n/a	n/a	n/a	n/a	n/a	n/a	n/a	n/a	n/a	n/a	n/a	2592.853270	n/a
2592.864466	0.000000	518573	ttl	11	72	n/a	n/a	n/a	n/a	n/a	n/a	n/a	n/a	n/a	n/a	n/a	n/a	n/a	n/a	n/a	n/a	n/a	n/a	n/a	n/a	n/a	2592.864466	n/a
2593.446578	2.031170	518689	time_discrimination	n/a	n/a	n/a	72.0	n/a	n/a	n/a	2592.864466	n/a	1.235301849534153	1.0	3	2.0	HB_44_ShortA.png	n/a	3	2596.7130494999997	n/a	129	1	2	intervals/timediscrimination_table	128	2593.446578	2595.477748
2593.446578	0.000000	518689	ttl	1	72	n/a	n/a	n/a	n/a	n/a	n/a	n/a	n/a	n/a	n/a	n/a	n/a	n/a	n/a	n/a	n/a	n/a	n/a	n/a	n/a	n/a	2593.446578	n/a
2595.477748	0.000000	519096	ttl	2	72	n/a	n/a	n/a	n/a	n/a	n/a	n/a	n/a	n/a	n/a	n/a	n/a	n/a	n/a	n/a	n/a	n/a	n/a	n/a	n/a	n/a	2595.477748	n/a
2596.713049	0.000000	519343	ttl	4	72	n/a	n/a	n/a	n/a	n/a	n/a	n/a	n/a	n/a	n/a	n/a	n/a	n/a	n/a	n/a	n/a	n/a	n/a	n/a	n/a	n/a	2596.713049	n/a
2596.730765	0.000000	519346	ttl	11	72	n/a	n/a	n/a	n/a	n/a	n/a	n/a	n/a	n/a	n/a	n/a	n/a	n/a	n/a	n/a	n/a	n/a	n/a	n/a	n/a	n/a	2596.730765	n/a
2597.352973	2.031630	519471	time_discrimination	n/a	n/a	n/a	72.0	n/a	n/a	n/a	2596.73076525	n/a	1.9666885668120813	1.0	1	3.0	NB_8_LongA.png	n/a	7	2601.35129225	n/a	130	2	1	intervals/timediscrimination_table	129	2597.352973	2599.384604
2597.352973	0.000000	519471	ttl	1	72	n/a	n/a	n/a	n/a	n/a	n/a	n/a	n/a	n/a	n/a	n/a	n/a	n/a	n/a	n/a	n/a	n/a	n/a	n/a	n/a	n/a	2597.352973	n/a
2599.384604	0.000000	519877	ttl	2	72	n/a	n/a	n/a	n/a	n/a	n/a	n/a	n/a	n/a	n/a	n/a	n/a	n/a	n/a	n/a	n/a	n/a	n/a	n/a	n/a	n/a	2599.384604	n/a
2601.351292	0.000000	520270	ttl	4	72	n/a	n/a	n/a	n/a	n/a	n/a	n/a	n/a	n/a	n/a	n/a	n/a	n/a	n/a	n/a	n/a	n/a	n/a	n/a	n/a	n/a	2601.351292	n/a
2601.362727	0.000000	520273	ttl	11	72	n/a	n/a	n/a	n/a	n/a	n/a	n/a	n/a	n/a	n/a	n/a	n/a	n/a	n/a	n/a	n/a	n/a	n/a	n/a	n/a	n/a	2601.362727	n/a
2601.984685	2.031465	520397	time_discrimination	n/a	n/a	n/a	72.0	n/a	n/a	n/a	2601.36272675	n/a	2.7676885401451727	1.0	3	2.0	HB_4_ShortA.png	n/a	3	2606.783838	n/a	131	1	2	intervals/timediscrimination_table	130	2601.984685	2604.016149
2601.984685	0.000000	520397	ttl	1	72	n/a	n/a	n/a	n/a	n/a	n/a	n/a	n/a	n/a	n/a	n/a	n/a	n/a	n/a	n/a	n/a	n/a	n/a	n/a	n/a	n/a	2601.984685	n/a
2604.016149	0.000000	520803	ttl	2	72	n/a	n/a	n/a	n/a	n/a	n/a	n/a	n/a	n/a	n/a	n/a	n/a	n/a	n/a	n/a	n/a	n/a	n/a	n/a	n/a	n/a	2604.016149	n/a
2606.783838	0.000000	521357	ttl	4	72	n/a	n/a	n/a	n/a	n/a	n/a	n/a	n/a	n/a	n/a	n/a	n/a	n/a	n/a	n/a	n/a	n/a	n/a	n/a	n/a	n/a	2606.783838	n/a
2606.805625	0.000000	521361	ttl	11	72	n/a	n/a	n/a	n/a	n/a	n/a	n/a	n/a	n/a	n/a	n/a	n/a	n/a	n/a	n/a	n/a	n/a	n/a	n/a	n/a	n/a	2606.805625	n/a
2607.467696	2.031425	521494	time_discrimination	n/a	n/a	n/a	72.0	n/a	n/a	n/a	2606.80562475	n/a	2.0721040671051014	1.0	1	3.0	NB_13_ShortA.png	n/a	7	2611.5712255	n/a	132	2	1	intervals/timediscrimination_table	131	2607.467696	2609.499121
2607.467696	0.000000	521494	ttl	1	72	n/a	n/a	n/a	n/a	n/a	n/a	n/a	n/a	n/a	n/a	n/a	n/a	n/a	n/a	n/a	n/a	n/a	n/a	n/a	n/a	n/a	2607.467696	n/a
2609.499121	0.000000	521900	ttl	2	72	n/a	n/a	n/a	n/a	n/a	n/a	n/a	n/a	n/a	n/a	n/a	n/a	n/a	n/a	n/a	n/a	n/a	n/a	n/a	n/a	n/a	2609.499121	n/a
2611.571225	0.000000	522314	ttl	4	72	n/a	n/a	n/a	n/a	n/a	n/a	n/a	n/a	n/a	n/a	n/a	n/a	n/a	n/a	n/a	n/a	n/a	n/a	n/a	n/a	n/a	2611.571225	n/a
2611.586974	0.000000	522317	ttl	11	72	n/a	n/a	n/a	n/a	n/a	n/a	n/a	n/a	n/a	n/a	n/a	n/a	n/a	n/a	n/a	n/a	n/a	n/a	n/a	n/a	n/a	2611.586974	n/a
2612.188993	2.031376	522438	time_discrimination	n/a	n/a	n/a	72.0	n/a	n/a	n/a	2611.5869745	n/a	2.300495699295425	2.0	3	2.0	HB_16_ShortA.png	n/a	3	2616.5208645	n/a	133	1	1	intervals/timediscrimination_table	132	2612.188993	2614.220369
2612.188993	0.000000	522438	ttl	1	72	n/a	n/a	n/a	n/a	n/a	n/a	n/a	n/a	n/a	n/a	n/a	n/a	n/a	n/a	n/a	n/a	n/a	n/a	n/a	n/a	n/a	2612.188993	n/a
2614.220369	0.000000	522844	ttl	2	72	n/a	n/a	n/a	n/a	n/a	n/a	n/a	n/a	n/a	n/a	n/a	n/a	n/a	n/a	n/a	n/a	n/a	n/a	n/a	n/a	n/a	2614.220369	n/a
2616.520864	0.000000	523304	ttl	4	72	n/a	n/a	n/a	n/a	n/a	n/a	n/a	n/a	n/a	n/a	n/a	n/a	n/a	n/a	n/a	n/a	n/a	n/a	n/a	n/a	n/a	2616.520864	n/a
2616.533872	0.000000	523307	ttl	11	72	n/a	n/a	n/a	n/a	n/a	n/a	n/a	n/a	n/a	n/a	n/a	n/a	n/a	n/a	n/a	n/a	n/a	n/a	n/a	n/a	n/a	2616.533872	n/a
2617.155776	2.031490	523431	time_discrimination	n/a	n/a	n/a	72.0	n/a	n/a	n/a	2616.53387225	n/a	1.729874732438475	1.0	3	2.0	HB_59_ShortA.png	n/a	6	2620.917141	n/a	134	2	1	intervals/timediscrimination_table	133	2617.155776	2619.187266
2617.155776	0.000000	523431	ttl	1	72	n/a	n/a	n/a	n/a	n/a	n/a	n/a	n/a	n/a	n/a	n/a	n/a	n/a	n/a	n/a	n/a	n/a	n/a	n/a	n/a	n/a	2617.155776	n/a
2619.187266	0.000000	523837	ttl	2	72	n/a	n/a	n/a	n/a	n/a	n/a	n/a	n/a	n/a	n/a	n/a	n/a	n/a	n/a	n/a	n/a	n/a	n/a	n/a	n/a	n/a	2619.187266	n/a
2620.917141	0.000000	524183	ttl	4	72	n/a	n/a	n/a	n/a	n/a	n/a	n/a	n/a	n/a	n/a	n/a	n/a	n/a	n/a	n/a	n/a	n/a	n/a	n/a	n/a	n/a	2620.917141	n/a
2620.926499	0.000000	524185	ttl	11	72	n/a	n/a	n/a	n/a	n/a	n/a	n/a	n/a	n/a	n/a	n/a	n/a	n/a	n/a	n/a	n/a	n/a	n/a	n/a	n/a	n/a	2620.926499	n/a
2621.528538	2.031478	524306	time_discrimination	n/a	n/a	n/a	72.0	n/a	n/a	n/a	2620.9264989999997	n/a	1.7387241612450453	2.0	1	3.0	NB_25_ShortA.png	n/a	2	2625.2987395	n/a	135	1	1	intervals/timediscrimination_table	134	2621.528538	2623.560015
2621.528538	0.000000	524306	ttl	1	72	n/a	n/a	n/a	n/a	n/a	n/a	n/a	n/a	n/a	n/a	n/a	n/a	n/a	n/a	n/a	n/a	n/a	n/a	n/a	n/a	n/a	2621.528538	n/a
2623.560015	0.000000	524712	ttl	2	72	n/a	n/a	n/a	n/a	n/a	n/a	n/a	n/a	n/a	n/a	n/a	n/a	n/a	n/a	n/a	n/a	n/a	n/a	n/a	n/a	n/a	2623.560015	n/a
2625.298740	0.000000	525060	ttl	4	72	n/a	n/a	n/a	n/a	n/a	n/a	n/a	n/a	n/a	n/a	n/a	n/a	n/a	n/a	n/a	n/a	n/a	n/a	n/a	n/a	n/a	2625.298740	n/a
2625.318318	0.000000	525064	ttl	11	72	n/a	n/a	n/a	n/a	n/a	n/a	n/a	n/a	n/a	n/a	n/a	n/a	n/a	n/a	n/a	n/a	n/a	n/a	n/a	n/a	n/a	2625.318318	n/a
2625.960304	2.031426	525192	time_discrimination	n/a	n/a	n/a	72.0	n/a	n/a	n/a	2625.31831775	n/a	1.2874791642534547	1.0	1	3.0	NB_24_ShortA.png	n/a	2	2629.279209	n/a	136	1	2	intervals/timediscrimination_table	135	2625.960304	2627.991730
2625.960304	0.000000	525192	ttl	1	72	n/a	n/a	n/a	n/a	n/a	n/a	n/a	n/a	n/a	n/a	n/a	n/a	n/a	n/a	n/a	n/a	n/a	n/a	n/a	n/a	n/a	2625.960304	n/a
2627.991730	0.000000	525598	ttl	2	72	n/a	n/a	n/a	n/a	n/a	n/a	n/a	n/a	n/a	n/a	n/a	n/a	n/a	n/a	n/a	n/a	n/a	n/a	n/a	n/a	n/a	2627.991730	n/a
2629.279209	0.000000	525856	ttl	4	72	n/a	n/a	n/a	n/a	n/a	n/a	n/a	n/a	n/a	n/a	n/a	n/a	n/a	n/a	n/a	n/a	n/a	n/a	n/a	n/a	n/a	2629.279209	n/a
2629.299155	0.000000	525860	ttl	11	72	n/a	n/a	n/a	n/a	n/a	n/a	n/a	n/a	n/a	n/a	n/a	n/a	n/a	n/a	n/a	n/a	n/a	n/a	n/a	n/a	n/a	2629.299155	n/a
2629.881113	2.030785	525976	time_discrimination	n/a	n/a	n/a	72.0	n/a	n/a	n/a	2629.29915525	n/a	3.0606342575047165	2.0	3	1.0	HB_31_ShortA.png	n/a	5	2634.9725315	n/a	137	2	2	intervals/timediscrimination_table	136	2629.881113	2631.911897
2629.881113	0.000000	525976	ttl	1	72	n/a	n/a	n/a	n/a	n/a	n/a	n/a	n/a	n/a	n/a	n/a	n/a	n/a	n/a	n/a	n/a	n/a	n/a	n/a	n/a	n/a	2629.881113	n/a
2631.911897	0.000000	526382	ttl	2	72	n/a	n/a	n/a	n/a	n/a	n/a	n/a	n/a	n/a	n/a	n/a	n/a	n/a	n/a	n/a	n/a	n/a	n/a	n/a	n/a	n/a	2631.911897	n/a
2634.972532	0.000000	526995	ttl	4	72	n/a	n/a	n/a	n/a	n/a	n/a	n/a	n/a	n/a	n/a	n/a	n/a	n/a	n/a	n/a	n/a	n/a	n/a	n/a	n/a	n/a	2634.972532	n/a
2634.989628	0.000000	526998	ttl	11	72	n/a	n/a	n/a	n/a	n/a	n/a	n/a	n/a	n/a	n/a	n/a	n/a	n/a	n/a	n/a	n/a	n/a	n/a	n/a	n/a	n/a	2634.989628	n/a
2635.651685	2.030931	527130	time_discrimination	n/a	n/a	n/a	72.0	n/a	n/a	n/a	2634.9896285	n/a	0.8731174991989974	2.0	2	3.0	SB_43_LongA.png	n/a	2	2638.5557329999997	n/a	138	1	1	intervals/timediscrimination_table	137	2635.651685	2637.682615
2635.651685	0.000000	527130	ttl	1	72	n/a	n/a	n/a	n/a	n/a	n/a	n/a	n/a	n/a	n/a	n/a	n/a	n/a	n/a	n/a	n/a	n/a	n/a	n/a	n/a	n/a	2635.651685	n/a
2637.682615	0.000000	527537	ttl	2	72	n/a	n/a	n/a	n/a	n/a	n/a	n/a	n/a	n/a	n/a	n/a	n/a	n/a	n/a	n/a	n/a	n/a	n/a	n/a	n/a	n/a	2637.682615	n/a
2638.555733	0.000000	527711	ttl	4	72	n/a	n/a	n/a	n/a	n/a	n/a	n/a	n/a	n/a	n/a	n/a	n/a	n/a	n/a	n/a	n/a	n/a	n/a	n/a	n/a	n/a	2638.555733	n/a
2638.566201	0.000000	527713	ttl	11	72	n/a	n/a	n/a	n/a	n/a	n/a	n/a	n/a	n/a	n/a	n/a	n/a	n/a	n/a	n/a	n/a	n/a	n/a	n/a	n/a	n/a	2638.566201	n/a
2639.188054	2.030998	527838	time_discrimination	n/a	n/a	n/a	72.0	n/a	n/a	n/a	2638.566201	n/a	1.49072003258334	2.0	1	3.0	NB_17_LongA.png	n/a	7	2642.7097715	n/a	139	2	2	intervals/timediscrimination_table	138	2639.188054	2641.219051
2639.188054	0.000000	527838	ttl	1	72	n/a	n/a	n/a	n/a	n/a	n/a	n/a	n/a	n/a	n/a	n/a	n/a	n/a	n/a	n/a	n/a	n/a	n/a	n/a	n/a	n/a	2639.188054	n/a
2641.219051	0.000000	528244	ttl	2	72	n/a	n/a	n/a	n/a	n/a	n/a	n/a	n/a	n/a	n/a	n/a	n/a	n/a	n/a	n/a	n/a	n/a	n/a	n/a	n/a	n/a	2641.219051	n/a
2642.709771	0.000000	528542	ttl	4	72	n/a	n/a	n/a	n/a	n/a	n/a	n/a	n/a	n/a	n/a	n/a	n/a	n/a	n/a	n/a	n/a	n/a	n/a	n/a	n/a	n/a	2642.709771	n/a
2642.724735	0.000000	528545	ttl	11	72	n/a	n/a	n/a	n/a	n/a	n/a	n/a	n/a	n/a	n/a	n/a	n/a	n/a	n/a	n/a	n/a	n/a	n/a	n/a	n/a	n/a	2642.724735	n/a
2643.306521	2.031476	528661	time_discrimination	n/a	n/a	n/a	72.0	n/a	n/a	n/a	2642.7247355	n/a	1.810040325653972	2.0	3	2.0	HB_20_ShortA.png	n/a	6	2647.148038	n/a	140	2	2	intervals/timediscrimination_table	139	2643.306521	2645.337997
2643.306521	0.000000	528661	ttl	1	72	n/a	n/a	n/a	n/a	n/a	n/a	n/a	n/a	n/a	n/a	n/a	n/a	n/a	n/a	n/a	n/a	n/a	n/a	n/a	n/a	n/a	2643.306521	n/a
2645.337997	0.000000	529068	ttl	2	72	n/a	n/a	n/a	n/a	n/a	n/a	n/a	n/a	n/a	n/a	n/a	n/a	n/a	n/a	n/a	n/a	n/a	n/a	n/a	n/a	n/a	2645.337997	n/a
2647.148038	0.000000	529430	ttl	4	72	n/a	n/a	n/a	n/a	n/a	n/a	n/a	n/a	n/a	n/a	n/a	n/a	n/a	n/a	n/a	n/a	n/a	n/a	n/a	n/a	n/a	2647.148038	n/a
2647.169606	0.000000	529434	ttl	11	72	n/a	n/a	n/a	n/a	n/a	n/a	n/a	n/a	n/a	n/a	n/a	n/a	n/a	n/a	n/a	n/a	n/a	n/a	n/a	n/a	n/a	2647.169606	n/a
2647.811597	2.030895	529562	time_discrimination	n/a	n/a	n/a	72.0	n/a	n/a	n/a	2647.169606	n/a	3.3075842350372113	1.0	1	2.0	NB_26_ShortA.png	n/a	6	2653.15007575	n/a	141	2	1	intervals/timediscrimination_table	140	2647.811597	2649.842492
2647.811597	0.000000	529562	ttl	1	72	n/a	n/a	n/a	n/a	n/a	n/a	n/a	n/a	n/a	n/a	n/a	n/a	n/a	n/a	n/a	n/a	n/a	n/a	n/a	n/a	n/a	2647.811597	n/a
2649.842492	0.000000	529968	ttl	2	72	n/a	n/a	n/a	n/a	n/a	n/a	n/a	n/a	n/a	n/a	n/a	n/a	n/a	n/a	n/a	n/a	n/a	n/a	n/a	n/a	n/a	2649.842492	n/a
2653.150076	0.000000	530630	ttl	4	72	n/a	n/a	n/a	n/a	n/a	n/a	n/a	n/a	n/a	n/a	n/a	n/a	n/a	n/a	n/a	n/a	n/a	n/a	n/a	n/a	n/a	2653.150076	n/a
2653.169055	0.000000	530634	ttl	11	72	n/a	n/a	n/a	n/a	n/a	n/a	n/a	n/a	n/a	n/a	n/a	n/a	n/a	n/a	n/a	n/a	n/a	n/a	n/a	n/a	n/a	2653.169055	n/a
2653.790947	2.031633	530758	time_discrimination	n/a	n/a	n/a	72.0	n/a	n/a	n/a	2653.1690547499998	n/a	2.712694768473739	1.0	3	2.0	HB_23_ShortA.png	n/a	3	2658.53527525	n/a	142	1	2	intervals/timediscrimination_table	141	2653.790947	2655.822580
2653.790947	0.000000	530758	ttl	1	72	n/a	n/a	n/a	n/a	n/a	n/a	n/a	n/a	n/a	n/a	n/a	n/a	n/a	n/a	n/a	n/a	n/a	n/a	n/a	n/a	n/a	2653.790947	n/a
2655.822580	0.000000	531165	ttl	2	72	n/a	n/a	n/a	n/a	n/a	n/a	n/a	n/a	n/a	n/a	n/a	n/a	n/a	n/a	n/a	n/a	n/a	n/a	n/a	n/a	n/a	2655.822580	n/a
2658.535275	0.000000	531707	ttl	4	72	n/a	n/a	n/a	n/a	n/a	n/a	n/a	n/a	n/a	n/a	n/a	n/a	n/a	n/a	n/a	n/a	n/a	n/a	n/a	n/a	n/a	2658.535275	n/a
2658.543004	0.000000	531709	ttl	11	72	n/a	n/a	n/a	n/a	n/a	n/a	n/a	n/a	n/a	n/a	n/a	n/a	n/a	n/a	n/a	n/a	n/a	n/a	n/a	n/a	n/a	2658.543004	n/a
2659.225353	2.031012	531845	time_discrimination	n/a	n/a	n/a	72.0	n/a	n/a	n/a	2658.5430045	n/a	0.9660963564965641	2.0	2	3.0	SB_47_LongA.png	n/a	7	2662.2224615	n/a	143	2	2	intervals/timediscrimination_table	142	2659.225353	2661.256365
2659.225353	0.000000	531845	ttl	1	72	n/a	n/a	n/a	n/a	n/a	n/a	n/a	n/a	n/a	n/a	n/a	n/a	n/a	n/a	n/a	n/a	n/a	n/a	n/a	n/a	n/a	2659.225353	n/a
2661.256365	0.000000	532251	ttl	2	72	n/a	n/a	n/a	n/a	n/a	n/a	n/a	n/a	n/a	n/a	n/a	n/a	n/a	n/a	n/a	n/a	n/a	n/a	n/a	n/a	n/a	2661.256365	n/a
2662.222462	0.000000	532444	ttl	4	72	n/a	n/a	n/a	n/a	n/a	n/a	n/a	n/a	n/a	n/a	n/a	n/a	n/a	n/a	n/a	n/a	n/a	n/a	n/a	n/a	n/a	2662.222462	n/a
2662.242743	0.000000	532449	ttl	11	72	n/a	n/a	n/a	n/a	n/a	n/a	n/a	n/a	n/a	n/a	n/a	n/a	n/a	n/a	n/a	n/a	n/a	n/a	n/a	n/a	n/a	2662.242743	n/a
2662.824537	2.031530	532565	time_discrimination	n/a	n/a	n/a	72.0	n/a	n/a	n/a	2662.242743	n/a	0.0	1.0	2	0.0	SB_28_ShortA.png	n/a	1	2664.85706675	n/a	144	1	2	intervals/timediscrimination_table	143	2662.824537	2664.856067
2662.824537	0.000000	532565	ttl	1	72	n/a	n/a	n/a	n/a	n/a	n/a	n/a	n/a	n/a	n/a	n/a	n/a	n/a	n/a	n/a	n/a	n/a	n/a	n/a	n/a	n/a	2662.824537	n/a
2664.856067	0.000000	532971	ttl	2	72	n/a	n/a	n/a	n/a	n/a	n/a	n/a	n/a	n/a	n/a	n/a	n/a	n/a	n/a	n/a	n/a	n/a	n/a	n/a	n/a	n/a	2664.856067	n/a
2665.839178	0.000000	533168	ttl	11	72	n/a	n/a	n/a	n/a	n/a	n/a	n/a	n/a	n/a	n/a	n/a	n/a	n/a	n/a	n/a	n/a	n/a	n/a	n/a	n/a	n/a	2665.839178	n/a
2666.461132	2.031439	533292	time_discrimination	n/a	n/a	n/a	72.0	n/a	n/a	n/a	2665.83917825	n/a	2.083160263253376	2.0	2	3.0	SB_50_LongA.png	n/a	2	2670.57573125	n/a	145	1	1	intervals/timediscrimination_table	144	2666.461132	2668.492571
2666.461132	0.000000	533292	ttl	1	72	n/a	n/a	n/a	n/a	n/a	n/a	n/a	n/a	n/a	n/a	n/a	n/a	n/a	n/a	n/a	n/a	n/a	n/a	n/a	n/a	n/a	2666.461132	n/a
2668.492571	0.000000	533699	ttl	2	72	n/a	n/a	n/a	n/a	n/a	n/a	n/a	n/a	n/a	n/a	n/a	n/a	n/a	n/a	n/a	n/a	n/a	n/a	n/a	n/a	n/a	2668.492571	n/a
2670.575731	0.000000	534115	ttl	4	72	n/a	n/a	n/a	n/a	n/a	n/a	n/a	n/a	n/a	n/a	n/a	n/a	n/a	n/a	n/a	n/a	n/a	n/a	n/a	n/a	n/a	2670.575731	n/a
2670.594660	0.000000	534119	ttl	11	72	n/a	n/a	n/a	n/a	n/a	n/a	n/a	n/a	n/a	n/a	n/a	n/a	n/a	n/a	n/a	n/a	n/a	n/a	n/a	n/a	n/a	2670.594660	n/a
2671.256820	2.031424	534251	time_discrimination	n/a	n/a	n/a	72.0	n/a	n/a	n/a	2670.5946595	n/a	1.4133885391493095	1.0	1	3.0	NB_3_ShortA.png	n/a	7	2674.7016317499997	n/a	146	2	1	intervals/timediscrimination_table	145	2671.256820	2673.288243
2671.256820	0.000000	534251	ttl	1	72	n/a	n/a	n/a	n/a	n/a	n/a	n/a	n/a	n/a	n/a	n/a	n/a	n/a	n/a	n/a	n/a	n/a	n/a	n/a	n/a	n/a	2671.256820	n/a
2673.288243	0.000000	534658	ttl	2	72	n/a	n/a	n/a	n/a	n/a	n/a	n/a	n/a	n/a	n/a	n/a	n/a	n/a	n/a	n/a	n/a	n/a	n/a	n/a	n/a	n/a	2673.288243	n/a
2674.701632	0.000000	534940	ttl	4	72	n/a	n/a	n/a	n/a	n/a	n/a	n/a	n/a	n/a	n/a	n/a	n/a	n/a	n/a	n/a	n/a	n/a	n/a	n/a	n/a	n/a	2674.701632	n/a
2674.725315	0.000000	534945	ttl	11	72	n/a	n/a	n/a	n/a	n/a	n/a	n/a	n/a	n/a	n/a	n/a	n/a	n/a	n/a	n/a	n/a	n/a	n/a	n/a	n/a	n/a	2674.725315	n/a
2675.387263	2.031471	535077	time_discrimination	n/a	n/a	n/a	72.0	n/a	n/a	n/a	2674.72531475	n/a	1.893288202569238	1.0	3	1.0	HB_24_LongA.png	n/a	5	2679.312022	n/a	147	2	1	intervals/timediscrimination_table	146	2675.387263	2677.418734
2675.387263	0.000000	535077	ttl	1	72	n/a	n/a	n/a	n/a	n/a	n/a	n/a	n/a	n/a	n/a	n/a	n/a	n/a	n/a	n/a	n/a	n/a	n/a	n/a	n/a	n/a	2675.387263	n/a
2677.418734	0.000000	535484	ttl	2	72	n/a	n/a	n/a	n/a	n/a	n/a	n/a	n/a	n/a	n/a	n/a	n/a	n/a	n/a	n/a	n/a	n/a	n/a	n/a	n/a	n/a	2677.418734	n/a
2679.312022	0.000000	535862	ttl	4	72	n/a	n/a	n/a	n/a	n/a	n/a	n/a	n/a	n/a	n/a	n/a	n/a	n/a	n/a	n/a	n/a	n/a	n/a	n/a	n/a	n/a	2679.312022	n/a
2679.317285	0.000000	535863	ttl	11	72	n/a	n/a	n/a	n/a	n/a	n/a	n/a	n/a	n/a	n/a	n/a	n/a	n/a	n/a	n/a	n/a	n/a	n/a	n/a	n/a	n/a	2679.317285	n/a
2679.959447	2.031360	535992	time_discrimination	n/a	n/a	n/a	72.0	n/a	n/a	n/a	2679.317285	n/a	3.436300470275455	2.0	3	2.0	HB_50_LongA.png	n/a	6	2685.427107	n/a	148	2	2	intervals/timediscrimination_table	147	2679.959447	2681.990807
2679.959447	0.000000	535992	ttl	1	72	n/a	n/a	n/a	n/a	n/a	n/a	n/a	n/a	n/a	n/a	n/a	n/a	n/a	n/a	n/a	n/a	n/a	n/a	n/a	n/a	n/a	2679.959447	n/a
2681.990807	0.000000	536398	ttl	2	72	n/a	n/a	n/a	n/a	n/a	n/a	n/a	n/a	n/a	n/a	n/a	n/a	n/a	n/a	n/a	n/a	n/a	n/a	n/a	n/a	n/a	2681.990807	n/a
2685.427107	0.000000	537085	ttl	4	72	n/a	n/a	n/a	n/a	n/a	n/a	n/a	n/a	n/a	n/a	n/a	n/a	n/a	n/a	n/a	n/a	n/a	n/a	n/a	n/a	n/a	2685.427107	n/a
2685.448062	0.000000	537090	ttl	11	72	n/a	n/a	n/a	n/a	n/a	n/a	n/a	n/a	n/a	n/a	n/a	n/a	n/a	n/a	n/a	n/a	n/a	n/a	n/a	n/a	n/a	2685.448062	n/a
2686.090123	2.030985	537218	time_discrimination	n/a	n/a	n/a	72.0	n/a	n/a	n/a	2685.448062	n/a	1.5172497963503702	1.0	2	3.0	SB_19_ShortA.png	n/a	2	2689.6383579999997	n/a	149	1	2	intervals/timediscrimination_table	148	2686.090123	2688.121108
2686.090123	0.000000	537218	ttl	1	72	n/a	n/a	n/a	n/a	n/a	n/a	n/a	n/a	n/a	n/a	n/a	n/a	n/a	n/a	n/a	n/a	n/a	n/a	n/a	n/a	n/a	2686.090123	n/a
2688.121108	0.000000	537624	ttl	2	72	n/a	n/a	n/a	n/a	n/a	n/a	n/a	n/a	n/a	n/a	n/a	n/a	n/a	n/a	n/a	n/a	n/a	n/a	n/a	n/a	n/a	2688.121108	n/a
2689.638358	0.000000	537928	ttl	4	72	n/a	n/a	n/a	n/a	n/a	n/a	n/a	n/a	n/a	n/a	n/a	n/a	n/a	n/a	n/a	n/a	n/a	n/a	n/a	n/a	n/a	2689.638358	n/a
2689.649209	0.000000	537930	ttl	11	72	n/a	n/a	n/a	n/a	n/a	n/a	n/a	n/a	n/a	n/a	n/a	n/a	n/a	n/a	n/a	n/a	n/a	n/a	n/a	n/a	n/a	2689.649209	n/a
2690.271371	2.031431	538054	time_discrimination	n/a	n/a	n/a	72.0	n/a	n/a	n/a	2689.6492089999997	n/a	2.6092409909324488	2.0	3	2.0	HB_9_ShortA.png	n/a	6	2694.9120425	n/a	150	2	2	intervals/timediscrimination_table	149	2690.271371	2692.302801
2690.271371	0.000000	538054	ttl	1	72	n/a	n/a	n/a	n/a	n/a	n/a	n/a	n/a	n/a	n/a	n/a	n/a	n/a	n/a	n/a	n/a	n/a	n/a	n/a	n/a	n/a	2690.271371	n/a
2692.302801	0.000000	538461	ttl	2	72	n/a	n/a	n/a	n/a	n/a	n/a	n/a	n/a	n/a	n/a	n/a	n/a	n/a	n/a	n/a	n/a	n/a	n/a	n/a	n/a	n/a	2692.302801	n/a
2694.912043	0.000000	538982	ttl	4	72	n/a	n/a	n/a	n/a	n/a	n/a	n/a	n/a	n/a	n/a	n/a	n/a	n/a	n/a	n/a	n/a	n/a	n/a	n/a	n/a	n/a	2694.912043	n/a
2694.924961	0.000000	538985	ttl	11	72	n/a	n/a	n/a	n/a	n/a	n/a	n/a	n/a	n/a	n/a	n/a	n/a	n/a	n/a	n/a	n/a	n/a	n/a	n/a	n/a	n/a	2694.924961	n/a
2695.547065	2.030979	539109	time_discrimination	n/a	n/a	n/a	72.0	n/a	n/a	n/a	2694.92496075	n/a	2.4567194391420344	2.0	3	2.0	HB_33_LongA.png	n/a	6	2700.0347632499997	n/a	151	2	2	intervals/timediscrimination_table	150	2695.547065	2697.578044
2695.547065	0.000000	539109	ttl	1	72	n/a	n/a	n/a	n/a	n/a	n/a	n/a	n/a	n/a	n/a	n/a	n/a	n/a	n/a	n/a	n/a	n/a	n/a	n/a	n/a	n/a	2695.547065	n/a
2697.578044	0.000000	539516	ttl	2	72	n/a	n/a	n/a	n/a	n/a	n/a	n/a	n/a	n/a	n/a	n/a	n/a	n/a	n/a	n/a	n/a	n/a	n/a	n/a	n/a	n/a	2697.578044	n/a
2700.034763	0.000000	540007	ttl	4	72	n/a	n/a	n/a	n/a	n/a	n/a	n/a	n/a	n/a	n/a	n/a	n/a	n/a	n/a	n/a	n/a	n/a	n/a	n/a	n/a	n/a	2700.034763	n/a
2700.049027	0.000000	540010	ttl	11	72	n/a	n/a	n/a	n/a	n/a	n/a	n/a	n/a	n/a	n/a	n/a	n/a	n/a	n/a	n/a	n/a	n/a	n/a	n/a	n/a	n/a	2700.049027	n/a
2700.651087	2.030862	540130	time_discrimination	n/a	n/a	n/a	72.0	n/a	n/a	n/a	2700.0490272499997	n/a	1.1595556584070437	2.0	3	2.0	HB_27_LongA.png	n/a	6	2703.8415044999997	n/a	152	2	2	intervals/timediscrimination_table	151	2700.651087	2702.681949
2700.651087	0.000000	540130	ttl	1	72	n/a	n/a	n/a	n/a	n/a	n/a	n/a	n/a	n/a	n/a	n/a	n/a	n/a	n/a	n/a	n/a	n/a	n/a	n/a	n/a	n/a	2700.651087	n/a
2702.681949	0.000000	540536	ttl	2	72	n/a	n/a	n/a	n/a	n/a	n/a	n/a	n/a	n/a	n/a	n/a	n/a	n/a	n/a	n/a	n/a	n/a	n/a	n/a	n/a	n/a	2702.681949	n/a
2703.841504	0.000000	540768	ttl	4	72	n/a	n/a	n/a	n/a	n/a	n/a	n/a	n/a	n/a	n/a	n/a	n/a	n/a	n/a	n/a	n/a	n/a	n/a	n/a	n/a	n/a	2703.841504	n/a
2703.850638	0.000000	540770	ttl	11	72	n/a	n/a	n/a	n/a	n/a	n/a	n/a	n/a	n/a	n/a	n/a	n/a	n/a	n/a	n/a	n/a	n/a	n/a	n/a	n/a	n/a	2703.850638	n/a
2704.432597	2.031076	540887	time_discrimination	n/a	n/a	n/a	72.0	n/a	n/a	n/a	2703.85063825	n/a	1.5170622973964782	2.0	3	2.0	HB_19_LongA.png	n/a	3	2707.9807355	n/a	153	1	1	intervals/timediscrimination_table	152	2704.432597	2706.463673
2704.432597	0.000000	540887	ttl	1	72	n/a	n/a	n/a	n/a	n/a	n/a	n/a	n/a	n/a	n/a	n/a	n/a	n/a	n/a	n/a	n/a	n/a	n/a	n/a	n/a	n/a	2704.432597	n/a
2706.463673	0.000000	541293	ttl	2	72	n/a	n/a	n/a	n/a	n/a	n/a	n/a	n/a	n/a	n/a	n/a	n/a	n/a	n/a	n/a	n/a	n/a	n/a	n/a	n/a	n/a	2706.463673	n/a
2707.980735	0.000000	541596	ttl	4	72	n/a	n/a	n/a	n/a	n/a	n/a	n/a	n/a	n/a	n/a	n/a	n/a	n/a	n/a	n/a	n/a	n/a	n/a	n/a	n/a	n/a	2707.980735	n/a
2708.005326	0.000000	541601	ttl	11	72	n/a	n/a	n/a	n/a	n/a	n/a	n/a	n/a	n/a	n/a	n/a	n/a	n/a	n/a	n/a	n/a	n/a	n/a	n/a	n/a	n/a	2708.005326	n/a
2708.607363	2.030980	541721	time_discrimination	n/a	n/a	n/a	72.0	n/a	n/a	n/a	2708.00532625	n/a	2.2271018849278335	2.0	3	1.0	HB_52_ShortA.png	n/a	4	2712.8654455	n/a	154	1	1	intervals/timediscrimination_table	153	2708.607363	2710.638343
2708.607363	0.000000	541721	ttl	1	72	n/a	n/a	n/a	n/a	n/a	n/a	n/a	n/a	n/a	n/a	n/a	n/a	n/a	n/a	n/a	n/a	n/a	n/a	n/a	n/a	n/a	2708.607363	n/a
2710.638343	0.000000	542128	ttl	2	72	n/a	n/a	n/a	n/a	n/a	n/a	n/a	n/a	n/a	n/a	n/a	n/a	n/a	n/a	n/a	n/a	n/a	n/a	n/a	n/a	n/a	2710.638343	n/a
2712.865446	0.000000	542573	ttl	4	72	n/a	n/a	n/a	n/a	n/a	n/a	n/a	n/a	n/a	n/a	n/a	n/a	n/a	n/a	n/a	n/a	n/a	n/a	n/a	n/a	n/a	2712.865446	n/a
2712.878113	0.000000	542576	ttl	11	72	n/a	n/a	n/a	n/a	n/a	n/a	n/a	n/a	n/a	n/a	n/a	n/a	n/a	n/a	n/a	n/a	n/a	n/a	n/a	n/a	n/a	2712.878113	n/a
2713.500037	2.030994	542700	time_discrimination	n/a	n/a	n/a	72.0	n/a	n/a	n/a	2712.8781127499997	n/a	2.1447614065400558	2.0	3	2.0	HB_17_LongA.png	n/a	6	2717.675793	n/a	155	2	2	intervals/timediscrimination_table	154	2713.500037	2715.531031
2713.500037	0.000000	542700	ttl	1	72	n/a	n/a	n/a	n/a	n/a	n/a	n/a	n/a	n/a	n/a	n/a	n/a	n/a	n/a	n/a	n/a	n/a	n/a	n/a	n/a	n/a	2713.500037	n/a
2715.531031	0.000000	543106	ttl	2	72	n/a	n/a	n/a	n/a	n/a	n/a	n/a	n/a	n/a	n/a	n/a	n/a	n/a	n/a	n/a	n/a	n/a	n/a	n/a	n/a	n/a	2715.531031	n/a
2717.675793	0.000000	543535	ttl	4	72	n/a	n/a	n/a	n/a	n/a	n/a	n/a	n/a	n/a	n/a	n/a	n/a	n/a	n/a	n/a	n/a	n/a	n/a	n/a	n/a	n/a	2717.675793	n/a
2717.688612	0.000000	543538	ttl	11	72	n/a	n/a	n/a	n/a	n/a	n/a	n/a	n/a	n/a	n/a	n/a	n/a	n/a	n/a	n/a	n/a	n/a	n/a	n/a	n/a	n/a	2717.688612	n/a
2718.290651	2.031555	543658	time_discrimination	n/a	n/a	n/a	72.0	n/a	n/a	n/a	2717.68861175	n/a	1.0145158683153568	1.0	1	3.0	NB_20_LongA.png	n/a	7	2721.3367224999997	n/a	156	2	1	intervals/timediscrimination_table	155	2718.290651	2720.322206
2718.290651	0.000000	543658	ttl	1	72	n/a	n/a	n/a	n/a	n/a	n/a	n/a	n/a	n/a	n/a	n/a	n/a	n/a	n/a	n/a	n/a	n/a	n/a	n/a	n/a	n/a	2718.290651	n/a
2720.322206	0.000000	544064	ttl	2	72	n/a	n/a	n/a	n/a	n/a	n/a	n/a	n/a	n/a	n/a	n/a	n/a	n/a	n/a	n/a	n/a	n/a	n/a	n/a	n/a	n/a	2720.322206	n/a
2721.336722	0.000000	544267	ttl	4	72	n/a	n/a	n/a	n/a	n/a	n/a	n/a	n/a	n/a	n/a	n/a	n/a	n/a	n/a	n/a	n/a	n/a	n/a	n/a	n/a	n/a	2721.336722	n/a
2721.350537	0.000000	544270	ttl	11	72	n/a	n/a	n/a	n/a	n/a	n/a	n/a	n/a	n/a	n/a	n/a	n/a	n/a	n/a	n/a	n/a	n/a	n/a	n/a	n/a	n/a	2721.350537	n/a
2721.992690	2.031456	544399	time_discrimination	n/a	n/a	n/a	72.0	n/a	n/a	n/a	2721.3505375	n/a	0.668477061248268	2.0	3	2.0	HB_1_LongA.png	n/a	6	2724.69262325	n/a	157	2	2	intervals/timediscrimination_table	156	2721.992690	2724.024146
2721.992690	0.000000	544399	ttl	1	72	n/a	n/a	n/a	n/a	n/a	n/a	n/a	n/a	n/a	n/a	n/a	n/a	n/a	n/a	n/a	n/a	n/a	n/a	n/a	n/a	n/a	2721.992690	n/a
2724.024146	0.000000	544805	ttl	2	72	n/a	n/a	n/a	n/a	n/a	n/a	n/a	n/a	n/a	n/a	n/a	n/a	n/a	n/a	n/a	n/a	n/a	n/a	n/a	n/a	n/a	2724.024146	n/a
2724.692623	0.000000	544939	ttl	4	72	n/a	n/a	n/a	n/a	n/a	n/a	n/a	n/a	n/a	n/a	n/a	n/a	n/a	n/a	n/a	n/a	n/a	n/a	n/a	n/a	n/a	2724.692623	n/a
2724.714868	0.000000	544943	ttl	11	72	n/a	n/a	n/a	n/a	n/a	n/a	n/a	n/a	n/a	n/a	n/a	n/a	n/a	n/a	n/a	n/a	n/a	n/a	n/a	n/a	n/a	2724.714868	n/a
2725.317014	2.030990	545063	time_discrimination	n/a	n/a	n/a	72.0	n/a	n/a	n/a	2724.7148682499997	n/a	1.7923088166426169	1.0	2	2.0	SB_59_ShortA.png	n/a	3	2729.14031225	n/a	158	1	2	intervals/timediscrimination_table	157	2725.317014	2727.348003
2725.317014	0.000000	545063	ttl	1	72	n/a	n/a	n/a	n/a	n/a	n/a	n/a	n/a	n/a	n/a	n/a	n/a	n/a	n/a	n/a	n/a	n/a	n/a	n/a	n/a	n/a	2725.317014	n/a
2727.348003	0.000000	545470	ttl	2	72	n/a	n/a	n/a	n/a	n/a	n/a	n/a	n/a	n/a	n/a	n/a	n/a	n/a	n/a	n/a	n/a	n/a	n/a	n/a	n/a	n/a	2727.348003	n/a
2729.140312	0.000000	545828	ttl	4	72	n/a	n/a	n/a	n/a	n/a	n/a	n/a	n/a	n/a	n/a	n/a	n/a	n/a	n/a	n/a	n/a	n/a	n/a	n/a	n/a	n/a	2729.140312	n/a
2729.155047	0.000000	545831	ttl	11	72	n/a	n/a	n/a	n/a	n/a	n/a	n/a	n/a	n/a	n/a	n/a	n/a	n/a	n/a	n/a	n/a	n/a	n/a	n/a	n/a	n/a	2729.155047	n/a
2729.797063	2.031459	545959	time_discrimination	n/a	n/a	n/a	72.0	n/a	n/a	n/a	2729.1550469999997	n/a	2.762575289263623	1.0	1	3.0	NB_19_ShortA.png	n/a	7	2734.59109825	n/a	159	2	1	intervals/timediscrimination_table	158	2729.797063	2731.828523
2729.797063	0.000000	545959	ttl	1	72	n/a	n/a	n/a	n/a	n/a	n/a	n/a	n/a	n/a	n/a	n/a	n/a	n/a	n/a	n/a	n/a	n/a	n/a	n/a	n/a	n/a	2729.797063	n/a
2731.828523	0.000000	546366	ttl	2	72	n/a	n/a	n/a	n/a	n/a	n/a	n/a	n/a	n/a	n/a	n/a	n/a	n/a	n/a	n/a	n/a	n/a	n/a	n/a	n/a	n/a	2731.828523	n/a
2734.591098	0.000000	546918	ttl	4	72	n/a	n/a	n/a	n/a	n/a	n/a	n/a	n/a	n/a	n/a	n/a	n/a	n/a	n/a	n/a	n/a	n/a	n/a	n/a	n/a	n/a	2734.591098	n/a
2734.596103	0.000000	546919	ttl	11	72	n/a	n/a	n/a	n/a	n/a	n/a	n/a	n/a	n/a	n/a	n/a	n/a	n/a	n/a	n/a	n/a	n/a	n/a	n/a	n/a	n/a	2734.596103	n/a
2735.157963	2.031097	547032	time_discrimination	n/a	n/a	n/a	72.0	n/a	n/a	n/a	2734.596103	n/a	0.07887867372483015	2.0	2	3.0	SB_48_LongA.png	n/a	2	2737.2679384999997	n/a	160	1	1	intervals/timediscrimination_table	159	2735.157963	2737.189060
2735.157963	0.000000	547032	ttl	1	72	n/a	n/a	n/a	n/a	n/a	n/a	n/a	n/a	n/a	n/a	n/a	n/a	n/a	n/a	n/a	n/a	n/a	n/a	n/a	n/a	n/a	2735.157963	n/a
2737.189060	0.000000	547438	ttl	2	72	n/a	n/a	n/a	n/a	n/a	n/a	n/a	n/a	n/a	n/a	n/a	n/a	n/a	n/a	n/a	n/a	n/a	n/a	n/a	n/a	n/a	2737.189060	n/a
2737.267938	0.000000	547454	ttl	4	72	n/a	n/a	n/a	n/a	n/a	n/a	n/a	n/a	n/a	n/a	n/a	n/a	n/a	n/a	n/a	n/a	n/a	n/a	n/a	n/a	n/a	2737.267938	n/a
2737.289119	0.000000	547458	ttl	11	72	n/a	n/a	n/a	n/a	n/a	n/a	n/a	n/a	n/a	n/a	n/a	n/a	n/a	n/a	n/a	n/a	n/a	n/a	n/a	n/a	n/a	2737.289119	n/a
2737.871078	2.031375	547574	time_discrimination	n/a	n/a	n/a	72.0	n/a	n/a	n/a	2737.2891194999997	n/a	2.134187920251861	2.0	3	2.0	HB_35_ShortA.png	n/a	3	2742.03664075	n/a	161	1	1	intervals/timediscrimination_table	160	2737.871078	2739.902453
2737.871078	0.000000	547574	ttl	1	72	n/a	n/a	n/a	n/a	n/a	n/a	n/a	n/a	n/a	n/a	n/a	n/a	n/a	n/a	n/a	n/a	n/a	n/a	n/a	n/a	n/a	2737.871078	n/a
2739.902453	0.000000	547980	ttl	2	72	n/a	n/a	n/a	n/a	n/a	n/a	n/a	n/a	n/a	n/a	n/a	n/a	n/a	n/a	n/a	n/a	n/a	n/a	n/a	n/a	n/a	2739.902453	n/a
2742.036641	0.000000	548407	ttl	4	72	n/a	n/a	n/a	n/a	n/a	n/a	n/a	n/a	n/a	n/a	n/a	n/a	n/a	n/a	n/a	n/a	n/a	n/a	n/a	n/a	n/a	2742.036641	n/a
2742.056570	0.000000	548411	ttl	11	72	n/a	n/a	n/a	n/a	n/a	n/a	n/a	n/a	n/a	n/a	n/a	n/a	n/a	n/a	n/a	n/a	n/a	n/a	n/a	n/a	n/a	2742.056570	n/a
2742.678810	2.031417	548536	time_discrimination	n/a	n/a	n/a	72.0	n/a	n/a	n/a	2742.0565699999997	n/a	2.527303940762067	2.0	1	3.0	NB_9_ShortA.png	n/a	7	2747.23753175	n/a	162	2	2	intervals/timediscrimination_table	161	2742.678810	2744.710228
2742.678810	0.000000	548536	ttl	1	72	n/a	n/a	n/a	n/a	n/a	n/a	n/a	n/a	n/a	n/a	n/a	n/a	n/a	n/a	n/a	n/a	n/a	n/a	n/a	n/a	n/a	2742.678810	n/a
2744.710228	0.000000	548942	ttl	2	72	n/a	n/a	n/a	n/a	n/a	n/a	n/a	n/a	n/a	n/a	n/a	n/a	n/a	n/a	n/a	n/a	n/a	n/a	n/a	n/a	n/a	2744.710228	n/a
2747.237532	0.000000	549448	ttl	4	72	n/a	n/a	n/a	n/a	n/a	n/a	n/a	n/a	n/a	n/a	n/a	n/a	n/a	n/a	n/a	n/a	n/a	n/a	n/a	n/a	n/a	2747.237532	n/a
2747.251307	0.000000	549450	ttl	11	72	n/a	n/a	n/a	n/a	n/a	n/a	n/a	n/a	n/a	n/a	n/a	n/a	n/a	n/a	n/a	n/a	n/a	n/a	n/a	n/a	n/a	2747.251307	n/a
2747.893315	2.031558	549579	time_discrimination	n/a	n/a	n/a	72.0	n/a	n/a	n/a	2747.25130725	n/a	3.079674009757582	2.0	1	3.0	NB_6_ShortA.png	n/a	7	2753.004547	n/a	163	2	2	intervals/timediscrimination_table	162	2747.893315	2749.924873
2747.893315	0.000000	549579	ttl	1	72	n/a	n/a	n/a	n/a	n/a	n/a	n/a	n/a	n/a	n/a	n/a	n/a	n/a	n/a	n/a	n/a	n/a	n/a	n/a	n/a	n/a	2747.893315	n/a
2749.924873	0.000000	549985	ttl	2	72	n/a	n/a	n/a	n/a	n/a	n/a	n/a	n/a	n/a	n/a	n/a	n/a	n/a	n/a	n/a	n/a	n/a	n/a	n/a	n/a	n/a	2749.924873	n/a
2753.004547	0.000000	550601	ttl	4	72	n/a	n/a	n/a	n/a	n/a	n/a	n/a	n/a	n/a	n/a	n/a	n/a	n/a	n/a	n/a	n/a	n/a	n/a	n/a	n/a	n/a	2753.004547	n/a
2753.029349	0.000000	550606	ttl	11	72	n/a	n/a	n/a	n/a	n/a	n/a	n/a	n/a	n/a	n/a	n/a	n/a	n/a	n/a	n/a	n/a	n/a	n/a	n/a	n/a	n/a	2753.029349	n/a
2753.611012	2.031477	550722	time_discrimination	n/a	n/a	n/a	72.0	n/a	n/a	n/a	2753.02934925	n/a	2.33501191646792	2.0	1	3.0	NB_25_LongA.png	n/a	7	2757.97750025	n/a	164	2	2	intervals/timediscrimination_table	163	2753.611012	2755.642488
2753.611012	0.000000	550722	ttl	1	72	n/a	n/a	n/a	n/a	n/a	n/a	n/a	n/a	n/a	n/a	n/a	n/a	n/a	n/a	n/a	n/a	n/a	n/a	n/a	n/a	n/a	2753.611012	n/a
2755.642488	0.000000	551128	ttl	2	72	n/a	n/a	n/a	n/a	n/a	n/a	n/a	n/a	n/a	n/a	n/a	n/a	n/a	n/a	n/a	n/a	n/a	n/a	n/a	n/a	n/a	2755.642488	n/a
2757.977500	0.000000	551596	ttl	4	72	n/a	n/a	n/a	n/a	n/a	n/a	n/a	n/a	n/a	n/a	n/a	n/a	n/a	n/a	n/a	n/a	n/a	n/a	n/a	n/a	n/a	2757.977500	n/a
2757.991968	0.000000	551598	ttl	11	72	n/a	n/a	n/a	n/a	n/a	n/a	n/a	n/a	n/a	n/a	n/a	n/a	n/a	n/a	n/a	n/a	n/a	n/a	n/a	n/a	n/a	2757.991968	n/a
2758.614053	2.031072	551723	time_discrimination	n/a	n/a	n/a	72.0	n/a	n/a	n/a	2757.9919677499997	n/a	2.200297287432477	1.0	3	2.0	HB_8_ShortA.png	n/a	3	2762.8454225	n/a	165	1	2	intervals/timediscrimination_table	164	2758.614053	2760.645125
2758.614053	0.000000	551723	ttl	1	72	n/a	n/a	n/a	n/a	n/a	n/a	n/a	n/a	n/a	n/a	n/a	n/a	n/a	n/a	n/a	n/a	n/a	n/a	n/a	n/a	n/a	2758.614053	n/a
2760.645125	0.000000	552129	ttl	2	72	n/a	n/a	n/a	n/a	n/a	n/a	n/a	n/a	n/a	n/a	n/a	n/a	n/a	n/a	n/a	n/a	n/a	n/a	n/a	n/a	n/a	2760.645125	n/a
2762.845423	0.000000	552569	ttl	4	72	n/a	n/a	n/a	n/a	n/a	n/a	n/a	n/a	n/a	n/a	n/a	n/a	n/a	n/a	n/a	n/a	n/a	n/a	n/a	n/a	n/a	2762.845423	n/a
2762.858385	0.000000	552572	ttl	11	72	n/a	n/a	n/a	n/a	n/a	n/a	n/a	n/a	n/a	n/a	n/a	n/a	n/a	n/a	n/a	n/a	n/a	n/a	n/a	n/a	n/a	2762.858385	n/a
2763.440179	2.031483	552688	time_discrimination	n/a	n/a	n/a	72.0	n/a	n/a	n/a	2762.85838525	n/a	0.3760516293841647	1.0	3	2.0	HB_10_ShortA.png	n/a	3	2765.84771375	n/a	166	1	2	intervals/timediscrimination_table	165	2763.440179	2765.471662
2763.440179	0.000000	552688	ttl	1	72	n/a	n/a	n/a	n/a	n/a	n/a	n/a	n/a	n/a	n/a	n/a	n/a	n/a	n/a	n/a	n/a	n/a	n/a	n/a	n/a	n/a	2763.440179	n/a
2765.471662	0.000000	553094	ttl	2	72	n/a	n/a	n/a	n/a	n/a	n/a	n/a	n/a	n/a	n/a	n/a	n/a	n/a	n/a	n/a	n/a	n/a	n/a	n/a	n/a	n/a	2765.471662	n/a
2765.847714	0.000000	553170	ttl	4	72	n/a	n/a	n/a	n/a	n/a	n/a	n/a	n/a	n/a	n/a	n/a	n/a	n/a	n/a	n/a	n/a	n/a	n/a	n/a	n/a	n/a	2765.847714	n/a
2765.854690	0.000000	553171	ttl	11	72	n/a	n/a	n/a	n/a	n/a	n/a	n/a	n/a	n/a	n/a	n/a	n/a	n/a	n/a	n/a	n/a	n/a	n/a	n/a	n/a	n/a	2765.854690	n/a
2766.496686	2.030917	553299	time_discrimination	n/a	n/a	n/a	72.0	n/a	n/a	n/a	2765.8546902499997	n/a	1.9270996668637963	2.0	1	3.0	NB_19_LongA.png	n/a	7	2770.4547024999997	n/a	167	2	2	intervals/timediscrimination_table	166	2766.496686	2768.527603
2766.496686	0.000000	553299	ttl	1	72	n/a	n/a	n/a	n/a	n/a	n/a	n/a	n/a	n/a	n/a	n/a	n/a	n/a	n/a	n/a	n/a	n/a	n/a	n/a	n/a	n/a	2766.496686	n/a
2768.527603	0.000000	553706	ttl	2	72	n/a	n/a	n/a	n/a	n/a	n/a	n/a	n/a	n/a	n/a	n/a	n/a	n/a	n/a	n/a	n/a	n/a	n/a	n/a	n/a	n/a	2768.527603	n/a
2770.454702	0.000000	554091	ttl	4	72	n/a	n/a	n/a	n/a	n/a	n/a	n/a	n/a	n/a	n/a	n/a	n/a	n/a	n/a	n/a	n/a	n/a	n/a	n/a	n/a	n/a	2770.454702	n/a
2770.476147	0.000000	554095	ttl	11	72	n/a	n/a	n/a	n/a	n/a	n/a	n/a	n/a	n/a	n/a	n/a	n/a	n/a	n/a	n/a	n/a	n/a	n/a	n/a	n/a	n/a	2770.476147	n/a
2771.158291	2.031439	554232	time_discrimination	n/a	n/a	n/a	72.0	n/a	n/a	n/a	2770.47614725	n/a	2.760923465291853	1.0	1	3.0	NB_6_LongA.png	n/a	7	2775.95065275	n/a	168	2	1	intervals/timediscrimination_table	167	2771.158291	2773.189729
2771.158291	0.000000	554232	ttl	1	72	n/a	n/a	n/a	n/a	n/a	n/a	n/a	n/a	n/a	n/a	n/a	n/a	n/a	n/a	n/a	n/a	n/a	n/a	n/a	n/a	n/a	2771.158291	n/a
2773.189729	0.000000	554638	ttl	2	72	n/a	n/a	n/a	n/a	n/a	n/a	n/a	n/a	n/a	n/a	n/a	n/a	n/a	n/a	n/a	n/a	n/a	n/a	n/a	n/a	n/a	2773.189729	n/a
2775.950653	0.000000	555190	ttl	4	72	n/a	n/a	n/a	n/a	n/a	n/a	n/a	n/a	n/a	n/a	n/a	n/a	n/a	n/a	n/a	n/a	n/a	n/a	n/a	n/a	n/a	2775.950653	n/a
2775.971674	0.000000	555194	ttl	11	72	n/a	n/a	n/a	n/a	n/a	n/a	n/a	n/a	n/a	n/a	n/a	n/a	n/a	n/a	n/a	n/a	n/a	n/a	n/a	n/a	n/a	2775.971674	n/a
2776.573696	2.031298	555315	time_discrimination	n/a	n/a	n/a	72.0	n/a	n/a	n/a	2775.97167375	n/a	1.200759111205116	2.0	1	2.0	NB_26_LongA.png	n/a	6	2779.8057532499997	n/a	169	2	2	intervals/timediscrimination_table	168	2776.573696	2778.604994
2776.573696	0.000000	555315	ttl	1	72	n/a	n/a	n/a	n/a	n/a	n/a	n/a	n/a	n/a	n/a	n/a	n/a	n/a	n/a	n/a	n/a	n/a	n/a	n/a	n/a	n/a	2776.573696	n/a
2778.604994	0.000000	555721	ttl	2	72	n/a	n/a	n/a	n/a	n/a	n/a	n/a	n/a	n/a	n/a	n/a	n/a	n/a	n/a	n/a	n/a	n/a	n/a	n/a	n/a	n/a	2778.604994	n/a
2779.805753	0.000000	555961	ttl	4	72	n/a	n/a	n/a	n/a	n/a	n/a	n/a	n/a	n/a	n/a	n/a	n/a	n/a	n/a	n/a	n/a	n/a	n/a	n/a	n/a	n/a	2779.805753	n/a
2779.823573	0.000000	555965	ttl	11	72	n/a	n/a	n/a	n/a	n/a	n/a	n/a	n/a	n/a	n/a	n/a	n/a	n/a	n/a	n/a	n/a	n/a	n/a	n/a	n/a	n/a	2779.823573	n/a
2780.425598	2.031286	556085	time_discrimination	n/a	n/a	n/a	72.0	n/a	n/a	n/a	2779.82357275	n/a	0.9053814731305465	2.0	3	3.0	HB_56_ShortA.png	n/a	2	2783.3622649999998	n/a	170	1	1	intervals/timediscrimination_table	169	2780.425598	2782.456884
2780.425598	0.000000	556085	ttl	1	72	n/a	n/a	n/a	n/a	n/a	n/a	n/a	n/a	n/a	n/a	n/a	n/a	n/a	n/a	n/a	n/a	n/a	n/a	n/a	n/a	n/a	2780.425598	n/a
2782.456884	0.000000	556491	ttl	2	72	n/a	n/a	n/a	n/a	n/a	n/a	n/a	n/a	n/a	n/a	n/a	n/a	n/a	n/a	n/a	n/a	n/a	n/a	n/a	n/a	n/a	2782.456884	n/a
2783.362265	0.000000	556672	ttl	4	72	n/a	n/a	n/a	n/a	n/a	n/a	n/a	n/a	n/a	n/a	n/a	n/a	n/a	n/a	n/a	n/a	n/a	n/a	n/a	n/a	n/a	2783.362265	n/a
2783.381832	0.000000	556676	ttl	11	72	n/a	n/a	n/a	n/a	n/a	n/a	n/a	n/a	n/a	n/a	n/a	n/a	n/a	n/a	n/a	n/a	n/a	n/a	n/a	n/a	n/a	2783.381832	n/a
2783.983686	2.030909	556797	time_discrimination	n/a	n/a	n/a	72.0	n/a	n/a	n/a	2783.3818322499997	n/a	3.153436493157642	2.0	3	3.0	HB_15_LongA.png	n/a	2	2789.16803175	n/a	171	1	1	intervals/timediscrimination_table	170	2783.983686	2786.014595
2783.983686	0.000000	556797	ttl	1	72	n/a	n/a	n/a	n/a	n/a	n/a	n/a	n/a	n/a	n/a	n/a	n/a	n/a	n/a	n/a	n/a	n/a	n/a	n/a	n/a	n/a	2783.983686	n/a
2786.014595	0.000000	557203	ttl	2	72	n/a	n/a	n/a	n/a	n/a	n/a	n/a	n/a	n/a	n/a	n/a	n/a	n/a	n/a	n/a	n/a	n/a	n/a	n/a	n/a	n/a	2786.014595	n/a
2789.168032	0.000000	557834	ttl	4	72	n/a	n/a	n/a	n/a	n/a	n/a	n/a	n/a	n/a	n/a	n/a	n/a	n/a	n/a	n/a	n/a	n/a	n/a	n/a	n/a	n/a	2789.168032	n/a
2789.189472	0.000000	557838	ttl	11	72	n/a	n/a	n/a	n/a	n/a	n/a	n/a	n/a	n/a	n/a	n/a	n/a	n/a	n/a	n/a	n/a	n/a	n/a	n/a	n/a	n/a	2789.189472	n/a
2789.831659	2.031315	557966	time_discrimination	n/a	n/a	n/a	72.0	n/a	n/a	n/a	2789.1894722499997	n/a	1.0755763351626229	2.0	1	3.0	NB_22_LongA.png	n/a	7	2792.9385509999997	n/a	172	2	2	intervals/timediscrimination_table	171	2789.831659	2791.862975
2789.831659	0.000000	557966	ttl	1	72	n/a	n/a	n/a	n/a	n/a	n/a	n/a	n/a	n/a	n/a	n/a	n/a	n/a	n/a	n/a	n/a	n/a	n/a	n/a	n/a	n/a	2789.831659	n/a
2791.862975	0.000000	558373	ttl	2	72	n/a	n/a	n/a	n/a	n/a	n/a	n/a	n/a	n/a	n/a	n/a	n/a	n/a	n/a	n/a	n/a	n/a	n/a	n/a	n/a	n/a	2791.862975	n/a
2792.938551	0.000000	558588	ttl	4	72	n/a	n/a	n/a	n/a	n/a	n/a	n/a	n/a	n/a	n/a	n/a	n/a	n/a	n/a	n/a	n/a	n/a	n/a	n/a	n/a	n/a	2792.938551	n/a
2792.946039	0.000000	558589	ttl	11	72	n/a	n/a	n/a	n/a	n/a	n/a	n/a	n/a	n/a	n/a	n/a	n/a	n/a	n/a	n/a	n/a	n/a	n/a	n/a	n/a	n/a	2792.946039	n/a
2793.588021	2.031475	558718	time_discrimination	n/a	n/a	n/a	72.0	n/a	n/a	n/a	2792.94603925	n/a	0.5592305716709234	2.0	1	2.0	NB_24_LongA.png	n/a	6	2796.1787274999997	n/a	173	2	2	intervals/timediscrimination_table	172	2793.588021	2795.619497
2793.588021	0.000000	558718	ttl	1	72	n/a	n/a	n/a	n/a	n/a	n/a	n/a	n/a	n/a	n/a	n/a	n/a	n/a	n/a	n/a	n/a	n/a	n/a	n/a	n/a	n/a	2793.588021	n/a
2795.619497	0.000000	559124	ttl	2	72	n/a	n/a	n/a	n/a	n/a	n/a	n/a	n/a	n/a	n/a	n/a	n/a	n/a	n/a	n/a	n/a	n/a	n/a	n/a	n/a	n/a	2795.619497	n/a
2796.178727	0.000000	559236	ttl	4	72	n/a	n/a	n/a	n/a	n/a	n/a	n/a	n/a	n/a	n/a	n/a	n/a	n/a	n/a	n/a	n/a	n/a	n/a	n/a	n/a	n/a	2796.178727	n/a
2796.190771	0.000000	559238	ttl	11	72	n/a	n/a	n/a	n/a	n/a	n/a	n/a	n/a	n/a	n/a	n/a	n/a	n/a	n/a	n/a	n/a	n/a	n/a	n/a	n/a	n/a	2796.190771	n/a
2796.792650	2.031460	559359	time_discrimination	n/a	n/a	n/a	72.0	n/a	n/a	n/a	2796.190771	n/a	3.105867549951654	1.0	1	3.0	NB_2_ShortA.png	n/a	7	2801.9299775	n/a	174	2	1	intervals/timediscrimination_table	173	2796.792650	2798.824110
2796.792650	0.000000	559359	ttl	1	72	n/a	n/a	n/a	n/a	n/a	n/a	n/a	n/a	n/a	n/a	n/a	n/a	n/a	n/a	n/a	n/a	n/a	n/a	n/a	n/a	n/a	2796.792650	n/a
2798.824110	0.000000	559765	ttl	2	72	n/a	n/a	n/a	n/a	n/a	n/a	n/a	n/a	n/a	n/a	n/a	n/a	n/a	n/a	n/a	n/a	n/a	n/a	n/a	n/a	n/a	2798.824110	n/a
2801.929977	0.000000	560386	ttl	4	72	n/a	n/a	n/a	n/a	n/a	n/a	n/a	n/a	n/a	n/a	n/a	n/a	n/a	n/a	n/a	n/a	n/a	n/a	n/a	n/a	n/a	2801.929977	n/a
2801.952998	0.000000	560391	ttl	11	72	n/a	n/a	n/a	n/a	n/a	n/a	n/a	n/a	n/a	n/a	n/a	n/a	n/a	n/a	n/a	n/a	n/a	n/a	n/a	n/a	n/a	2801.952998	n/a
2802.574917	2.031433	560515	time_discrimination	n/a	n/a	n/a	72.0	n/a	n/a	n/a	2801.9529985	n/a	0.13560646705445834	2.0	2	3.0	SB_6_LongA.png	n/a	2	2804.74195675	n/a	175	1	1	intervals/timediscrimination_table	174	2802.574917	2804.606350
2802.574917	0.000000	560515	ttl	1	72	n/a	n/a	n/a	n/a	n/a	n/a	n/a	n/a	n/a	n/a	n/a	n/a	n/a	n/a	n/a	n/a	n/a	n/a	n/a	n/a	n/a	2802.574917	n/a
2804.606350	0.000000	560921	ttl	2	72	n/a	n/a	n/a	n/a	n/a	n/a	n/a	n/a	n/a	n/a	n/a	n/a	n/a	n/a	n/a	n/a	n/a	n/a	n/a	n/a	n/a	2804.606350	n/a
2804.741957	0.000000	560948	ttl	4	72	n/a	n/a	n/a	n/a	n/a	n/a	n/a	n/a	n/a	n/a	n/a	n/a	n/a	n/a	n/a	n/a	n/a	n/a	n/a	n/a	n/a	2804.741957	n/a
2804.753082	0.000000	560951	ttl	11	72	n/a	n/a	n/a	n/a	n/a	n/a	n/a	n/a	n/a	n/a	n/a	n/a	n/a	n/a	n/a	n/a	n/a	n/a	n/a	n/a	n/a	2804.753082	n/a
2805.375038	2.031364	561075	time_discrimination	n/a	n/a	n/a	72.0	n/a	n/a	n/a	2804.75308225	n/a	3.721831856673816	1.0	1	2.0	NB_5_ShortA.png	n/a	3	2811.128234	n/a	176	1	2	intervals/timediscrimination_table	175	2805.375038	2807.406402
2805.375038	0.000000	561075	ttl	1	72	n/a	n/a	n/a	n/a	n/a	n/a	n/a	n/a	n/a	n/a	n/a	n/a	n/a	n/a	n/a	n/a	n/a	n/a	n/a	n/a	n/a	2805.375038	n/a
2807.406402	0.000000	561481	ttl	2	72	n/a	n/a	n/a	n/a	n/a	n/a	n/a	n/a	n/a	n/a	n/a	n/a	n/a	n/a	n/a	n/a	n/a	n/a	n/a	n/a	n/a	2807.406402	n/a
2811.128234	0.000000	562226	ttl	4	72	n/a	n/a	n/a	n/a	n/a	n/a	n/a	n/a	n/a	n/a	n/a	n/a	n/a	n/a	n/a	n/a	n/a	n/a	n/a	n/a	n/a	2811.128234	n/a
2811.140837	0.000000	562228	ttl	11	72	n/a	n/a	n/a	n/a	n/a	n/a	n/a	n/a	n/a	n/a	n/a	n/a	n/a	n/a	n/a	n/a	n/a	n/a	n/a	n/a	n/a	2811.140837	n/a
2811.722822	2.031483	562345	time_discrimination	n/a	n/a	n/a	72.0	n/a	n/a	n/a	2811.14083725	n/a	1.5899918791255914	1.0	2	3.0	SB_4_LongA.png	n/a	7	2815.34429675	n/a	177	2	1	intervals/timediscrimination_table	176	2811.722822	2813.754305
2811.722822	0.000000	562345	ttl	1	72	n/a	n/a	n/a	n/a	n/a	n/a	n/a	n/a	n/a	n/a	n/a	n/a	n/a	n/a	n/a	n/a	n/a	n/a	n/a	n/a	n/a	2811.722822	n/a
2813.754305	0.000000	562751	ttl	2	72	n/a	n/a	n/a	n/a	n/a	n/a	n/a	n/a	n/a	n/a	n/a	n/a	n/a	n/a	n/a	n/a	n/a	n/a	n/a	n/a	n/a	2813.754305	n/a
2815.344297	0.000000	563069	ttl	4	72	n/a	n/a	n/a	n/a	n/a	n/a	n/a	n/a	n/a	n/a	n/a	n/a	n/a	n/a	n/a	n/a	n/a	n/a	n/a	n/a	n/a	2815.344297	n/a
2815.352443	0.000000	563070	ttl	11	72	n/a	n/a	n/a	n/a	n/a	n/a	n/a	n/a	n/a	n/a	n/a	n/a	n/a	n/a	n/a	n/a	n/a	n/a	n/a	n/a	n/a	2815.352443	n/a
2815.934210	2.031006	563187	time_discrimination	n/a	n/a	n/a	72.0	n/a	n/a	n/a	2815.35244325	n/a	1.4277250118611846	2.0	3	3.0	HB_34_LongA.png	n/a	2	2819.39294175	n/a	178	1	1	intervals/timediscrimination_table	177	2815.934210	2817.965216
2815.934210	0.000000	563187	ttl	1	72	n/a	n/a	n/a	n/a	n/a	n/a	n/a	n/a	n/a	n/a	n/a	n/a	n/a	n/a	n/a	n/a	n/a	n/a	n/a	n/a	n/a	2815.934210	n/a
2817.965216	0.000000	563593	ttl	2	72	n/a	n/a	n/a	n/a	n/a	n/a	n/a	n/a	n/a	n/a	n/a	n/a	n/a	n/a	n/a	n/a	n/a	n/a	n/a	n/a	n/a	2817.965216	n/a
2819.392942	0.000000	563879	ttl	4	72	n/a	n/a	n/a	n/a	n/a	n/a	n/a	n/a	n/a	n/a	n/a	n/a	n/a	n/a	n/a	n/a	n/a	n/a	n/a	n/a	n/a	2819.392942	n/a
2819.470043	0.000000	563894	ttl	11	72	n/a	n/a	n/a	n/a	n/a	n/a	n/a	n/a	n/a	n/a	n/a	n/a	n/a	n/a	n/a	n/a	n/a	n/a	n/a	n/a	n/a	2819.470043	n/a
2820.065447	2.041925	564013	time_discrimination	n/a	n/a	n/a	72.0	n/a	n/a	n/a	2819.47004325	n/a	0.06401811605610419	1.0	2	2.0	SB_30_LongA.png	n/a	3	2822.17139025	n/a	179	1	2	intervals/timediscrimination_table	178	2820.065447	2822.107372
2820.065447	0.000000	564013	ttl	1	72	n/a	n/a	n/a	n/a	n/a	n/a	n/a	n/a	n/a	n/a	n/a	n/a	n/a	n/a	n/a	n/a	n/a	n/a	n/a	n/a	n/a	2820.065447	n/a
2822.107372	0.000000	564421	ttl	2	72	n/a	n/a	n/a	n/a	n/a	n/a	n/a	n/a	n/a	n/a	n/a	n/a	n/a	n/a	n/a	n/a	n/a	n/a	n/a	n/a	n/a	2822.107372	n/a
2822.171390	0.000000	564434	ttl	4	72	n/a	n/a	n/a	n/a	n/a	n/a	n/a	n/a	n/a	n/a	n/a	n/a	n/a	n/a	n/a	n/a	n/a	n/a	n/a	n/a	n/a	2822.171390	n/a
2822.200080	0.000000	564440	ttl	11	72	n/a	n/a	n/a	n/a	n/a	n/a	n/a	n/a	n/a	n/a	n/a	n/a	n/a	n/a	n/a	n/a	n/a	n/a	n/a	n/a	n/a	2822.200080	n/a
2822.775872	2.062636	564555	time_discrimination	n/a	n/a	n/a	72.0	n/a	n/a	n/a	2822.20007975	n/a	2.812427394586848	1.0	2	3.0	SB_30_ShortA.png	n/a	7	2827.6509364999997	n/a	180	2	1	intervals/timediscrimination_table	179	2822.775872	2824.838509
2822.775872	0.000000	564555	ttl	1	72	n/a	n/a	n/a	n/a	n/a	n/a	n/a	n/a	n/a	n/a	n/a	n/a	n/a	n/a	n/a	n/a	n/a	n/a	n/a	n/a	n/a	2822.775872	n/a
2824.838509	0.000000	564968	ttl	2	72	n/a	n/a	n/a	n/a	n/a	n/a	n/a	n/a	n/a	n/a	n/a	n/a	n/a	n/a	n/a	n/a	n/a	n/a	n/a	n/a	n/a	2824.838509	n/a
2827.650936	0.000000	565530	ttl	4	72	n/a	n/a	n/a	n/a	n/a	n/a	n/a	n/a	n/a	n/a	n/a	n/a	n/a	n/a	n/a	n/a	n/a	n/a	n/a	n/a	n/a	2827.650936	n/a
2827.709171	0.000000	565542	ttl	60	72	n/a	n/a	n/a	n/a	n/a	n/a	n/a	n/a	n/a	n/a	n/a	n/a	n/a	n/a	n/a	n/a	n/a	n/a	n/a	n/a	n/a	2827.709171	n/a
